{
	"format_version": "1.12.0",
	"minecraft:geometry": [
		{
			"description": {
				"identifier": "geometry.lochtrier",
				"texture_width": 512,
				"texture_height": 512,
				"visible_bounds_width": 14,
				"visible_bounds_height": 8,
				"visible_bounds_offset": [0, 3, 0]
			},
			"bones": [
				{
					"name": "root",
					"pivot": [0, 0, 0]
				},
				{
					"name": "lochtrier",
					"parent": "root",
					"pivot": [0, 0, -18],
					"rotation": [-12, 0, 0]
				},
				{
					"name": "legs2",
					"parent": "lochtrier",
					"pivot": [-1.9, 39.3, -6.3],
					"rotation": [15, 0, 0]
				},
				{
					"name": "leg_b_left",
					"parent": "legs2",
					"pivot": [8.3, 29.4, 12.1]
				},
				{
					"name": "leg_b_left_thigh",
					"parent": "leg_b_left",
					"pivot": [12.2, 39.8, 9.7],
					"cubes": [
						{"origin": [5.2, 20.69194, 10.37938], "size": [7, 16, 9], "inflate": -0.2, "pivot": [11.6, 27.6, 12.1], "rotation": [29, 0, 0], "uv": [185, 188]}
					]
				},
				{
					"name": "leg_b_left_upper",
					"parent": "leg_b_left_thigh",
					"pivot": [8.7, 23.27356, 16.07174],
					"cubes": [
						{"origin": [5.2, 13.00043, 12.42443], "size": [7, 15, 7], "inflate": -0.7, "pivot": [11.5, 18.7, 13.4], "rotation": [-5, 0, 0], "uv": [128, 223]}
					]
				},
				{
					"name": "leg_b_hoof",
					"parent": "leg_b_left_upper",
					"pivot": [10.4, 10.7, 56.9],
					"rotation": [-7.5, 0, 0],
					"cubes": [
						{"origin": [5.2, -1.08844, 12.31189], "size": [7, 11, 7], "inflate": -1.07, "pivot": [12.2, 15, 15], "rotation": [-3, 0, 0], "uv": [120, 246]},
						{"origin": [5.2, -3.98844, 10.41189], "size": [7, 13, 6], "inflate": -1.1, "pivot": [8.7, -0.58844, 15.11189], "rotation": [-11, 0, 0], "uv": [253, 12]},
						{"origin": [5.2, -4.28844, 10.01189], "size": [7, 9, 6], "inflate": -1.1, "pivot": [8.7, -0.58844, 15.11189], "rotation": [-18.5, 0, 0], "uv": [261, 96]},
						{"origin": [5.2, -4.38844, 11.41189], "size": [7, 7, 5], "inflate": -1, "pivot": [8.7, -0.58844, 15.11189], "rotation": [4, 0, 0], "uv": [280, 22]},
						{"origin": [5.26, -4.41618, 11.66042], "size": [7, 5, 5], "inflate": -1.06, "pivot": [8.76, -3.41618, 15.56042], "rotation": [-31, 0, 0], "uv": [167, 286]},
						{"origin": [5.26, -1.91618, 13.86042], "size": [7, 4, 4], "inflate": -1.06, "pivot": [8.76, -3.41618, 15.56042], "rotation": [-6, 0, 0], "uv": [25, 291]},
						{"origin": [5.2, -4.38844, 9.41189], "size": [7, 4, 7], "inflate": -1, "pivot": [8.7, -0.58844, 15.11189], "rotation": [4, 0, 0], "uv": [232, 266]}
					]
				},
				{
					"name": "bottom13",
					"parent": "leg_b_left_thigh",
					"pivot": [9.58836, 30.96366, 16.89756],
					"rotation": [-12.62929, -0.37388, 12.54047]
				},
				{
					"name": "topleaf13",
					"parent": "bottom13",
					"pivot": [11.12335, 29.04661, 17.15972],
					"cubes": [
						{"origin": [8.48615, 26.91309, 11.85974], "size": [13, 0, 10], "pivot": [12.87042, 27.91638, 17.15972], "rotation": [6.99551, -10.46219, 54.31741], "uv": [65, 436]}
					]
				},
				{
					"name": "bottomleaf15",
					"parent": "bottom13",
					"pivot": [17.24451, 20.58716, 18.55936],
					"rotation": [-1.60022, -4.39954, 19.50414],
					"cubes": [
						{"origin": [21.50583, 26.85942, 11.8667], "size": [11, 0, 10], "pivot": [12.91775, 27.88644, 17.16602], "rotation": [6.99551, -10.46219, 54.31741], "uv": [65, 426]}
					]
				},
				{
					"name": "leg_b_left3",
					"parent": "leg_b_left",
					"pivot": [8.3, 29.4, 12.1]
				},
				{
					"name": "leg_b_left_thigh2",
					"parent": "leg_b_left3",
					"pivot": [12.2, 39.8, 9.7],
					"cubes": [
						{"origin": [4.2, 29.76042, 9.71103], "size": [8, 17, 9], "inflate": -0.01, "pivot": [12.2, 39.8, 9.7], "rotation": [30.5, 0, 0], "uv": [179, 106]},
						{"origin": [4.2, 29.76042, 5.71103], "size": [8, 20, 10], "pivot": [12.2, 39.8, 9.7], "rotation": [8, 0, 0], "uv": [125, 157]}
					]
				},
				{
					"name": "leg_f_left",
					"parent": "legs2",
					"pivot": [13.3, 13, -26.4]
				},
				{
					"name": "leg_f_left_thigh",
					"parent": "leg_f_left",
					"pivot": [13.3, 18.6, -28.9],
					"cubes": [
						{"origin": [6.3, 32.06042, -30.78897], "size": [7, 13, 8], "inflate": -0.01, "pivot": [9.8, 48.06042, -30.78897], "rotation": [20, 0, 0], "uv": [0, 217]},
						{"origin": [6.3, 31.96042, -31.28897], "size": [7, 16, 9], "uv": [152, 188]},
						{"origin": [13.3, 40.96042, -30.08897], "size": [0, 6, 11], "pivot": [13.3, 43.96042, -28.28897], "rotation": [17.5, 12.5, 0], "uv": [267, 156]},
						{"origin": [-13.3, 40.96042, -30.08897], "size": [0, 6, 11], "pivot": [-13.3, 43.96042, -28.28897], "rotation": [17.5, -12.5, 0], "uv": [267, 156], "mirror": true},
						{"origin": [12.4, 37.96042, -27.08897], "size": [0, 6, 11], "pivot": [13.3, 43.96042, -28.28897], "rotation": [17.5, 12.5, 0], "uv": [172, 268]},
						{"origin": [-12.4, 37.96042, -27.08897], "size": [0, 6, 11], "pivot": [-13.3, 43.96042, -28.28897], "rotation": [17.5, -12.5, 0], "uv": [172, 268], "mirror": true}
					]
				},
				{
					"name": "leg_f_left_lower",
					"parent": "leg_f_left_thigh",
					"pivot": [13.3, 34.1, -27.9],
					"cubes": [
						{"origin": [6.3, 24.26042, -28.88897], "size": [7, 14, 7], "inflate": -0.2, "pivot": [13.3, 32.3, -30.9], "rotation": [-15, 0, 0], "uv": [217, 227]}
					]
				},
				{
					"name": "left_f_foot",
					"parent": "leg_f_left_lower",
					"pivot": [13.3, 17.5, -29.8],
					"rotation": [-7, 0, 0],
					"cubes": [
						{"origin": [6.3, 14.91156, -31.88811], "size": [7, 14, 7], "inflate": -1, "pivot": [13.3, 23, -28.5], "rotation": [2, 0, 0], "uv": [228, 73]},
						{"origin": [7.3, 14.91887, -28.69314], "size": [5, 5, 5], "inflate": -1, "pivot": [9.8, 17.41887, -26.19314], "rotation": [-90, -45, 90], "uv": [290, 57]}
					]
				},
				{
					"name": "bone42",
					"parent": "left_f_foot",
					"pivot": [-9.8, 12.41887, -26.19314]
				},
				{
					"name": "left_f_hoof",
					"parent": "left_f_foot",
					"pivot": [9.8, 7.41156, -28.38811]
				},
				{
					"name": "leftlegfrill",
					"parent": "left_f_hoof",
					"pivot": [7.95, 12.38358, -28.24338],
					"cubes": [
						{"origin": [4.3, 8.91887, -32.69314], "size": [11, 6, 5], "inflate": -1, "pivot": [9.8, 12.41887, -30.19314], "rotation": [-90, 15, 90], "uv": [257, 64]}
					]
				},
				{
					"name": "left_f_hoof2",
					"parent": "left_f_hoof",
					"pivot": [9.8, 7.41156, -28.38811],
					"cubes": [
						{"origin": [6.3, 6.91156, -31.18811], "size": [7, 11, 7], "inflate": -1.07, "pivot": [13.3, 23, -28.5], "rotation": [-3, 0, 0], "uv": [91, 242]},
						{"origin": [6.3, 4.01156, -33.08811], "size": [7, 13, 6], "inflate": -1.1, "pivot": [9.8, 7.41156, -28.38811], "rotation": [-11, 0, 0], "uv": [205, 249]},
						{"origin": [6.3, 3.71156, -33.48811], "size": [7, 9, 6], "inflate": -1.1, "pivot": [9.8, 7.41156, -28.38811], "rotation": [-18.5, 0, 0], "uv": [87, 261]},
						{"origin": [6.3, 3.61156, -32.08811], "size": [7, 7, 5], "inflate": -1, "pivot": [9.8, 7.41156, -28.38811], "rotation": [4, 0, 0], "uv": [272, 278]},
						{"origin": [6.36, 3.58382, -31.83958], "size": [7, 5, 5], "inflate": -1.06, "pivot": [9.86, 4.58382, -27.93958], "rotation": [-31, 0, 0], "uv": [0, 285]},
						{"origin": [6.3, 3.61156, -34.08811], "size": [7, 4, 7], "inflate": -1, "pivot": [9.8, 7.41156, -28.38811], "rotation": [4, 0, 0], "uv": [143, 265]}
					]
				},
				{
					"name": "leftlegfrill2",
					"parent": "left_f_hoof2",
					"pivot": [7.95, 12.38358, -28.24338],
					"cubes": [
						{"origin": [9.6, 6.88358, -31.74338], "size": [3.7, 11, 3.75662], "pivot": [11.45, 12.38358, -28.24338], "rotation": [-3, 0, -10], "uv": [70, 309]},
						{"origin": [9.6, 6.88358, -27.98676], "size": [3.7, 11, 3.24338], "pivot": [11.45, 12.38358, -28.24338], "rotation": [1.92442, 0.86717, -9.96271], "uv": [83, 309]},
						{"origin": [7.3, 9.91887, -28.69314], "size": [8, 5, 5], "inflate": -1, "pivot": [9.8, 12.41887, -26.19314], "rotation": [-90, -17.5, 90], "uv": [280, 11]},
						{"origin": [6.3, 6.88358, -28.98676], "size": [3.3, 11, 4.24338], "pivot": [7.95, 12.38358, -28.24338], "rotation": [4.38733, -1.29876, 9.91615], "uv": [63, 293]},
						{"origin": [6.3, 6.88358, -31.74338], "size": [3.3, 11, 2.75662], "pivot": [7.95, 12.38358, -28.24338], "rotation": [-3, 0, 10], "uv": [122, 311]}
					]
				},
				{
					"name": "leg_f_right",
					"parent": "legs2",
					"pivot": [-13.3, 13, -26.4]
				},
				{
					"name": "leg_f_right_thigh",
					"parent": "leg_f_right",
					"pivot": [-13.3, 18.6, -28.9],
					"cubes": [
						{"origin": [-13.3, 32.06042, -30.78897], "size": [7, 13, 8], "inflate": -0.01, "pivot": [-9.8, 48.06042, -30.78897], "rotation": [20, 0, 0], "uv": [31, 218]},
						{"origin": [-13.3, 31.96042, -31.28897], "size": [7, 16, 9], "uv": [189, 55]}
					]
				},
				{
					"name": "leg_f_right_lower",
					"parent": "leg_f_right_thigh",
					"pivot": [-13.3, 34.1, -21.9],
					"cubes": [
						{"origin": [-13.3, 24.26042, -28.88897], "size": [7, 14, 7], "inflate": -0.2, "pivot": [-13.3, 32.3, -30.9], "rotation": [-15, 0, 0], "uv": [229, 205]}
					]
				},
				{
					"name": "right_f_foot",
					"parent": "leg_f_right_lower",
					"pivot": [-13.3, 17.5, -29.8],
					"rotation": [-7, 0, 0],
					"cubes": [
						{"origin": [-13.3, 14.91156, -31.88811], "size": [7, 14, 7], "inflate": -1, "pivot": [-13.3, 23, -28.5], "rotation": [2, 0, 0], "uv": [232, 133]},
						{"origin": [-12.3, 14.91887, -28.69314], "size": [5, 5, 5], "inflate": -1, "pivot": [-9.8, 17.41887, -26.19314], "rotation": [-90, 45, -90], "uv": [290, 156]}
					]
				},
				{
					"name": "right_f_hoof",
					"parent": "right_f_foot",
					"pivot": [-9.8, 7.41156, -28.38811],
					"cubes": [
						{"origin": [-13.3, 6.91156, -31.18811], "size": [7, 11, 7], "inflate": -1.07, "pivot": [-13.3, 23, -28.5], "rotation": [-3, 0, 0], "uv": [62, 242]},
						{"origin": [-13.3, 4.01156, -33.08811], "size": [7, 13, 6], "inflate": -1.1, "pivot": [-9.8, 7.41156, -28.38811], "rotation": [-11, 0, 0], "uv": [178, 248]},
						{"origin": [-13.3, 3.71156, -33.48811], "size": [7, 9, 6], "inflate": -1.1, "pivot": [-9.8, 7.41156, -28.38811], "rotation": [-18.5, 0, 0], "uv": [60, 261]},
						{"origin": [-13.3, 3.61156, -32.08811], "size": [7, 7, 5], "inflate": -1, "pivot": [-9.8, 7.41156, -28.38811], "rotation": [4, 0, 0], "uv": [247, 278]},
						{"origin": [-13.36, 3.58382, -31.83958], "size": [7, 5, 5], "inflate": -1.06, "pivot": [-9.86, 4.58382, -27.93958], "rotation": [-31, 0, 0], "uv": [283, 198]},
						{"origin": [-13.36, 6.08382, -29.63958], "size": [7, 4, 4], "inflate": -1.06, "pivot": [-9.86, 4.58382, -27.93958], "rotation": [-6, 0, 0], "uv": [192, 290]},
						{"origin": [-13.3, 3.61156, -34.08811], "size": [7, 4, 7], "inflate": -1, "pivot": [-9.8, 7.41156, -28.38811], "rotation": [4, 0, 0], "uv": [114, 265]}
					]
				},
				{
					"name": "rightlegfrill",
					"parent": "right_f_hoof",
					"pivot": [-7.95, 12.38358, -28.24338],
					"cubes": [
						{"origin": [-15.3, 8.91887, -32.69314], "size": [11, 6, 5], "inflate": -1, "pivot": [-9.8, 12.41887, -30.19314], "rotation": [-90, -15, -90], "uv": [0, 257]},
						{"origin": [-13.3, 6.88358, -31.74338], "size": [3.7, 11, 3.75662], "pivot": [-11.45, 12.38358, -28.24338], "rotation": [-3, 0, 10], "uv": [44, 309]},
						{"origin": [-13.3, 6.88358, -27.98676], "size": [3.7, 11, 3.24338], "pivot": [-11.45, 12.38358, -28.24338], "rotation": [1.92442, -0.86717, 9.96271], "uv": [57, 309]},
						{"origin": [-15.3, 9.91887, -28.69314], "size": [8, 5, 5], "inflate": -1, "pivot": [-9.8, 12.41887, -26.19314], "rotation": [-90, 17.5, -90], "uv": [220, 278]},
						{"origin": [-9.6, 6.88358, -28.98676], "size": [3.3, 11, 4.24338], "pivot": [-7.95, 12.38358, -28.24338], "rotation": [4.38733, 1.29876, -9.91615], "uv": [48, 293]},
						{"origin": [-9.6, 6.88358, -31.74338], "size": [3.3, 11, 2.75662], "pivot": [-7.95, 12.38358, -28.24338], "rotation": [-3, 0, -10], "uv": [309, 113]}
					]
				},
				{
					"name": "leg_b_right",
					"parent": "legs2",
					"pivot": [-7.7, 29.4, 12.1]
				},
				{
					"name": "leg_b_left_thigh3",
					"parent": "leg_b_right",
					"pivot": [-3.8, 39.8, 9.7],
					"cubes": [
						{"origin": [-11.8, 29.76042, 9.71103], "size": [8, 17, 9], "inflate": -0.01, "pivot": [-3.8, 39.8, 9.7], "rotation": [30.5, 0, 0], "uv": [82, 182]},
						{"origin": [-11.8, 29.76042, 5.71103], "size": [8, 20, 10], "pivot": [-3.8, 39.8, 9.7], "rotation": [8, 0, 0], "uv": [45, 152]}
					]
				},
				{
					"name": "leg_b_left_upper3",
					"parent": "leg_b_left_thigh3",
					"pivot": [-5.5, 18.7, 13.4],
					"cubes": [
						{"origin": [-11.8, 20.69194, 10.37938], "size": [7, 16, 9], "inflate": -0.2, "pivot": [-5.4, 27.6, 12.1], "rotation": [29, 0, 0], "uv": [199, 133]},
						{"origin": [-11.8, 13.00043, 12.42443], "size": [7, 15, 7], "inflate": -0.7, "pivot": [-5.5, 18.7, 13.4], "rotation": [-5, 0, 0], "uv": [224, 20]}
					]
				},
				{
					"name": "leg_b_hoof3",
					"parent": "leg_b_left_upper3",
					"pivot": [-6.6, 10.7, 56.9],
					"rotation": [-7.5, 0, 0],
					"cubes": [
						{"origin": [-11.8, -1.08844, 12.31189], "size": [7, 11, 7], "inflate": -1.07, "pivot": [-4.8, 15, 15], "rotation": [-3, 0, 0], "uv": [246, 227]},
						{"origin": [-11.8, -3.98844, 10.41189], "size": [7, 13, 6], "inflate": -1.1, "pivot": [-8.3, -0.58844, 15.11189], "rotation": [-11, 0, 0], "uv": [253, 175]},
						{"origin": [-11.8, -4.28844, 10.01189], "size": [7, 9, 6], "inflate": -1.1, "pivot": [-8.3, -0.58844, 15.11189], "rotation": [-18.5, 0, 0], "uv": [261, 128]},
						{"origin": [-11.8, -4.38844, 11.41189], "size": [7, 7, 5], "inflate": -1, "pivot": [-8.3, -0.58844, 15.11189], "rotation": [4, 0, 0], "uv": [280, 174]},
						{"origin": [-11.74, -4.41618, 11.66042], "size": [7, 5, 5], "inflate": -1.06, "pivot": [-8.24, -3.41618, 15.56042], "rotation": [-31, 0, 0], "uv": [288, 93]},
						{"origin": [-11.74, -1.91618, 13.86042], "size": [7, 4, 4], "inflate": -1.06, "pivot": [-8.24, -3.41618, 15.56042], "rotation": [-6, 0, 0], "uv": [268, 291]},
						{"origin": [-11.8, -4.38844, 9.41189], "size": [7, 4, 7], "inflate": -1, "pivot": [-8.3, -0.58844, 15.11189], "rotation": [4, 0, 0], "uv": [267, 144]}
					]
				},
				{
					"name": "bodymain",
					"parent": "lochtrier",
					"pivot": [-0.5, 38.8, -34.4],
					"rotation": [9, 0, 0]
				},
				{
					"name": "bone26",
					"parent": "bodymain",
					"pivot": [-1.5, 34.8, -5.5],
					"rotation": [5, 0, 0],
					"cubes": [
						{"origin": [-5.2, 37.82149, -10.60154], "size": [13, 7, 15], "inflate": -0.01, "pivot": [-1.5, 33.6, -7.6], "rotation": [-6.21003, 14.91591, -1.60434], "uv": [132, 66]},
						{"origin": [-7.5, 35.01319, 3.18586], "size": [15, 11, 14], "inflate": 1, "pivot": [0, 41.01319, 10.18586], "rotation": [6, 0, 0], "uv": [0, 122]},
						{"origin": [-9.5, 39.26907, 3.85829], "size": [19, 10, 13], "pivot": [0, 50.76907, 6.85829], "rotation": [-11.5, 0, 0], "uv": [0, 98]},
						{"origin": [-0.9, 38.11276, -13.03452], "size": [10, 9, 18], "pivot": [4.5, 42.61276, -4.03452], "rotation": [8.06813, 7.4266, 1.04968], "uv": [122, 101]},
						{"origin": [8.59959, 38.7581, -6.5231], "size": [0, 6, 10], "pivot": [8.79959, 41.7581, -6.5231], "rotation": [21.33426, 19.51722, 4.01549], "uv": [282, 76]},
						{"origin": [-8.59959, 38.7581, -6.5231], "size": [0, 6, 10], "pivot": [-8.79959, 41.7581, -6.5231], "rotation": [21.33426, -19.51722, -4.01549], "uv": [282, 76], "mirror": true},
						{"origin": [6.59959, 34.2419, -10.5231], "size": [0, 6, 10], "pivot": [8.79959, -41.7581, -6.5231], "rotation": [-21.33426, 19.51722, -4.01549], "uv": [282, 76]},
						{"origin": [-6.59959, 34.2419, -10.5231], "size": [0, 6, 10], "pivot": [-8.79959, -41.7581, -6.5231], "rotation": [-21.33426, -19.51722, 4.01549], "uv": [282, 76], "mirror": true}
					]
				},
				{
					"name": "tail",
					"parent": "bone26",
					"pivot": [0, 46.64207, 14.48286],
					"rotation": [-32.5, 0, 0],
					"cubes": [
						{"origin": [-3, 44.01833, 16.66229], "size": [6, 6, 10], "pivot": [0, 45.11833, 25.16229], "rotation": [6, 0, 0], "uv": [0, 240]}
					]
				},
				{
					"name": "bone",
					"parent": "tail",
					"pivot": [0, 48.05557, 24.9303],
					"rotation": [-30, 0, 0],
					"cubes": [
						{"origin": [-3, 44.64926, 24.66122], "size": [6, 6, 11], "inflate": -0.4, "pivot": [0, 45.74926, 24.26122], "rotation": [6, 0, 0], "uv": [218, 187]},
						{"origin": [3.54994, 13.88582, 32.00675], "size": [0, 6, 10], "pivot": [-11.49249, 31.83376, 22.17929], "rotation": [107.88998, 9.45007, -17.60531], "uv": [282, 76], "mirror": true}
					]
				},
				{
					"name": "bone2",
					"parent": "bone",
					"pivot": [0, 49.24629, 33.52453],
					"rotation": [-30, 0, 0],
					"cubes": [
						{"origin": [-3, 45.02606, 33.3086], "size": [6, 6, 11], "inflate": -0.6, "pivot": [0, 46.12606, 23.2086], "rotation": [6, 0, 0], "uv": [222, 55]}
					]
				},
				{
					"name": "bone3",
					"parent": "bone2",
					"pivot": [0, 50.0975, 43.17468],
					"cubes": [
						{"origin": [-3, 45.02606, 41.9086], "size": [6, 6, 12], "inflate": -0.8, "pivot": [0, 46.12606, 23.2086], "rotation": [6, 0, 0], "uv": [199, 159]}
					]
				},
				{
					"name": "bone4",
					"parent": "bone3",
					"pivot": [0, 46.12606, 23.2086],
					"cubes": [
						{"origin": [-7, 48.02606, 38.2086], "size": [14, 0, 24.20859], "pivot": [0, 46.12606, 23.2086], "rotation": [6, 0, 0], "uv": [324, 35]}
					]
				},
				{
					"name": "bone5",
					"parent": "bone4",
					"pivot": [0, 52.0575, 61.83434],
					"rotation": [39.51513, -0.43834, 0.48737],
					"cubes": [
						{"origin": [-7, 48.02606, 62.41719], "size": [14, 0, 11.2086], "pivot": [0, 46.12606, 23.2086], "rotation": [6, 0, 0], "uv": [337, 25]}
					]
				},
				{
					"name": "bone6",
					"parent": "bone5",
					"pivot": [0, 53.12606, 73.2086],
					"rotation": [45, 0, 0],
					"cubes": [
						{"origin": [-7, 48.02606, 73.62579], "size": [14, 0, 12.58281], "pivot": [0, 46.12606, 23.2086], "rotation": [6, 0, 0], "uv": [336, 13]}
					]
				},
				{
					"name": "bone27",
					"parent": "bodymain",
					"pivot": [-0.5, 41.2, -34.4],
					"rotation": [-8, 0, 0]
				},
				{
					"name": "bone28",
					"parent": "bone27",
					"pivot": [-1.5, 32.8, -21.3],
					"cubes": [
						{"origin": [-8.5, 33.03568, -35.07462], "size": [17, 7, 12], "inflate": -0.01, "pivot": [-0.5, 41.2, -34.4], "rotation": [78.5, 0, 0], "uv": [140, 0]},
						{"origin": [-8.5, 42.9865, -31.66355], "size": [17, 20, 13], "pivot": [-0.5, 43.1, -34.7], "rotation": [-63.5, 0, 0], "uv": [73, 32]},
						{"origin": [-7.5, 41.9865, -32.66355], "size": [15, 21, 13], "pivot": [-0.5, 43.1, -34.7], "rotation": [-63.5, 0, 0], "uv": [75, 66]},
						{"origin": [-2.5, 37.15853, -27.83376], "size": [5, 0, 7], "pivot": [0, 35.85853, -32.33376], "rotation": [-78.5, 0, 0], "uv": [288, 127]},
						{"origin": [0.5, 36.15853, -31.83376], "size": [5, 0, 7], "pivot": [0, 35.85853, -32.33376], "rotation": [-78.5, 0, 0], "uv": [288, 135]},
						{"origin": [-8.5, 40.25171, -10.45932], "size": [17, 3, 7], "inflate": -0.02, "pivot": [0, 40.85171, -7.55932], "rotation": [87, 0, 0], "uv": [134, 55]}
					]
				},
				{
					"name": "bone29",
					"parent": "bone27",
					"pivot": [-0.5, 43.7, -25.4],
					"rotation": [45.5, 0, 0],
					"cubes": [
						{"origin": [-6.5, 36.53568, -28.77462], "size": [13, 11, 20.6], "inflate": -0.5, "pivot": [-0.5, 43.7, -28.1], "rotation": [101.5, 0, 0], "uv": [73, 0]},
						{"origin": [-5.5, 37.53568, -29.77462], "size": [11, 11, 17.6], "inflate": -0.01, "pivot": [-0.5, 43.7, -28.1], "rotation": [101.5, 0, 0], "uv": [65, 101]},
						{"origin": [-5.5, 34.53568, -37.07462], "size": [11, 10, 25], "inflate": -0.02, "pivot": [-0.5, 43.7, -25.4], "rotation": [120, 0, 0], "uv": [0, 0]},
						{"origin": [0, 77.97362, -32.43221], "size": [11, 12, 9], "inflate": -0.01, "pivot": [0, 77.97362, -27.93221], "rotation": [90, -52.5, 90], "uv": [5, 330]},
						{"origin": [-11.15208, 78.26833, -32.31893], "size": [11, 12, 9], "inflate": -0.02, "pivot": [0, 78.13844, -27.81893], "rotation": [-90, -75, -90], "uv": [5, 330]},
						{"origin": [1.50363, 72.4116, -27.96736], "size": [12, 12, 9], "inflate": -0.001, "pivot": [0.01, 69.34662, -23.46736], "rotation": [90, -57.5, 90], "uv": [4, 330]},
						{"origin": [0.01, 59.51152, -18.23376], "size": [16, 12, 9], "pivot": [0.01, 59.51152, -13.73376], "rotation": [90, 7.5, 90], "uv": [4, 330]},
						{"origin": [-12.89849, 59.70157, -18.19782], "size": [13, 7, 9], "pivot": [0, 59.62925, -13.69782], "rotation": [90, -25, 90], "uv": [2, 354]}
					]
				},
				{
					"name": "gills",
					"parent": "bone29",
					"pivot": [5.88587, 60.51636, -26.6201],
					"cubes": [
						{"origin": [5.88587, 60.51636, -34.6201], "size": [2, 0, 9], "pivot": [5.88587, 60.51636, -30.1201], "rotation": [0, 0, 35], "uv": [-9, 4]},
						{"origin": [-7.88587, 56.51636, -34.6201], "size": [2, 0, 9], "pivot": [-5.88587, 56.51636, -30.1201], "rotation": [0, 0, -47.5], "uv": [-9, 4], "mirror": true},
						{"origin": [-7.88587, 58.51636, -33.6201], "size": [2, 0, 9], "pivot": [-5.88587, 58.51636, -29.1201], "rotation": [0, 0, -35], "uv": [-9, 4], "mirror": true},
						{"origin": [-7.88587, 60.51636, -34.6201], "size": [2, 0, 9], "pivot": [-5.88587, 60.51636, -30.1201], "rotation": [0, 0, -35], "uv": [-9, 4], "mirror": true},
						{"origin": [5.88587, 58.51636, -33.6201], "size": [2, 0, 9], "pivot": [5.88587, 58.51636, -29.1201], "rotation": [0, 0, 35], "uv": [-9, 4]},
						{"origin": [5.88587, 56.51636, -34.6201], "size": [2, 0, 9], "pivot": [5.88587, 56.51636, -30.1201], "rotation": [0, 0, 47.5], "uv": [-9, 4]}
					]
				},
				{
					"name": "bone30",
					"parent": "bone29",
					"pivot": [-0.5, 58.80233, -35.58171],
					"rotation": [-5, 0, 0],
					"cubes": [
						{"origin": [-6.5, 55.33801, -34.95633], "size": [13, 15, 9], "pivot": [-0.5, 63.50233, -33.28171], "rotation": [94.5, 0, 0], "uv": [0, 148]},
						{"origin": [-5.5, 66.47957, -37.30038], "size": [11, 3, 18], "inflate": -0.03, "pivot": [0, 67.37957, -26.40038], "rotation": [102, 0, 0], "uv": [59, 130]},
						{"origin": [-6.5, 64.25571, -35.63341], "size": [13, 15, 6], "inflate": 0.001, "pivot": [0, 71.35571, -33.23341], "rotation": [109.5, 0, 0], "uv": [199, 0]}
					]
				},
				{
					"name": "eyes",
					"parent": "bone30",
					"pivot": [0, 71.35571, -33.23341],
					"cubes": [
						{"origin": [6.51, 72.65571, -34.63341], "size": [0, 5, 3], "inflate": 0.001, "pivot": [0, 71.35571, -33.23341], "rotation": [109.5, 0, 0], "uv": [218, 205]},
						{"origin": [6.52, 70.65571, -32.63341], "size": [0, 5, 3], "inflate": 0.001, "pivot": [0, 71.35571, -33.23341], "rotation": [109.5, 0, 0], "uv": [218, 212]},
						{"origin": [-6.52, 70.65571, -32.63341], "size": [0, 5, 3], "inflate": 0.001, "pivot": [0, 71.35571, -33.23341], "rotation": [109.5, 0, 0], "uv": [218, 212], "mirror": true},
						{"origin": [-6.51, 72.65571, -34.63341], "size": [0, 5, 3], "inflate": 0.001, "pivot": [0, 71.35571, -33.23341], "rotation": [109.5, 0, 0], "uv": [221, 205]}
					]
				},
				{
					"name": "bone41",
					"parent": "bone30",
					"pivot": [-0.6, 60.40233, -30.88171],
					"rotation": [-7.5, 0, 0],
					"cubes": [
						{"origin": [-4.6, 56.73801, -45.85633], "size": [9, 14, 6], "inflate": 0.001, "pivot": [-0.6, 63.90233, -44.18171], "rotation": [110, 0, 0], "uv": [186, 227]},
						{"origin": [-4.6, 56.73801, -45.05633], "size": [9, 13, 6], "inflate": -0.001, "pivot": [-0.6, 63.90233, -44.18171], "rotation": [120, 0, 0], "uv": [236, 155]},
						{"origin": [-5.6, 62.50354, -42.59136], "size": [11, 3, 3], "inflate": 0.2, "pivot": [0.4, 63.50354, -41.09136], "rotation": [164.5, 0, 0], "uv": [287, 220]}
					]
				},
				{
					"name": "bone7",
					"parent": "bone41",
					"pivot": [-0.6, 62.0215, -40.59656],
					"rotation": [-37.5, 0, 0],
					"cubes": [
						{"origin": [-2.6, 56.348, -40.85561], "size": [5, 14, 2], "inflate": 0.2, "pivot": [-0.6, 62.0215, -40.59656], "rotation": [147, 0, 0], "uv": [4, 393]},
						{"origin": [-3.6, 55.348, -41.25561], "size": [7, 16, 2], "inflate": 0.2, "pivot": [-0.6, 62.0215, -40.59656], "rotation": [147, 0, 0], "uv": [179, 133]}
					]
				},
				{
					"name": "ears",
					"parent": "bone30",
					"pivot": [6.5, 76.45163, -29.62764]
				},
				{
					"name": "leftear",
					"parent": "ears",
					"pivot": [5.75425, 74.67956, -29.35059],
					"rotation": [27.5, 0, 27.5],
					"cubes": [
						{"origin": [5.75425, 74.67956, -29.35059], "size": [0, 4, 11], "inflate": 0.001, "pivot": [5.75425, 74.67956, -29.35059], "rotation": [112.77629, -30.42971, -12.00558], "uv": [56, 277]},
						{"origin": [5.75425, 74.67956, -29.35059], "size": [0, 4, 11], "inflate": 0.001, "pivot": [5.75425, 74.67956, -29.35059], "rotation": [112.77629, 30.42971, 12.00558], "uv": [33, 275]}
					]
				},
				{
					"name": "rightear",
					"parent": "ears",
					"pivot": [-5.75425, 74.67956, -29.35059],
					"rotation": [27.5, 0, -27.5],
					"cubes": [
						{"origin": [-5.75425, 74.67956, -29.35059], "size": [0, 4, 11], "inflate": 0.001, "pivot": [-5.75425, 74.67956, -29.35059], "rotation": [112.77629, 30.42971, 12.00558], "uv": [79, 277]},
						{"origin": [-5.75425, 74.67956, -29.35059], "size": [0, 4, 11], "inflate": 0.001, "pivot": [-5.75425, 74.67956, -29.35059], "rotation": [112.77629, -30.42971, -12.00558], "uv": [102, 277]}
					]
				},
				{
					"name": "headweed",
					"parent": "bone29",
					"pivot": [-36.9, 3.22447, -31.8806],
					"rotation": [-40.51614, 21.68249, 25.87832]
				},
				{
					"name": "weed2",
					"parent": "headweed",
					"pivot": [-38.46151, 68.74166, -76.10445],
					"rotation": [-3.91778, -3.94156, 29.63178],
					"cubes": [
						{"origin": [-42.29935, 74.79406, -81.90641], "size": [6, 0, 10], "pivot": [-36.31579, 74.79011, -77.90627], "rotation": [8.82463, 4.39384, -65.33642], "uv": [65, 396]}
					]
				},
				{
					"name": "top2",
					"parent": "weed2",
					"pivot": [-36.43889, 74.98376, -76.485],
					"rotation": [-2.42588, 0.85582, -40.67332],
					"cubes": [
						{"origin": [-36.4791, 74.90945, -81.91888], "size": [7, 0, 10], "pivot": [-36.4791, 74.90945, -76.91888], "rotation": [10.08319, -7.24272, 34.33502], "uv": [71, 416]}
					]
				},
				{
					"name": "middle2",
					"parent": "top2",
					"pivot": [-30.68396, 70.97375, -76.02582],
					"rotation": [-1.58211, -6.42123, 29.36726],
					"cubes": [
						{"origin": [-30.98598, 68.38982, -80.66159], "size": [13, 0, 10], "pivot": [-26.60172, 69.39311, -75.3616], "rotation": [10.08319, -7.24272, 34.33502], "uv": [65, 406]}
					]
				},
				{
					"name": "bottom2",
					"parent": "middle2",
					"pivot": [-18.16534, 62.39497, -73.5564],
					"rotation": [-0.81811, 4.35916, -19.53806]
				},
				{
					"name": "topleaf2",
					"parent": "bottom2",
					"pivot": [-18.16534, 62.39497, -73.5564],
					"cubes": [
						{"origin": [-20.5496, 60.39168, -78.85638], "size": [13, 0, 10], "pivot": [-16.16534, 61.39497, -73.5564], "rotation": [6.99551, -10.46219, 54.31741], "uv": [65, 436]}
					]
				},
				{
					"name": "bottomleaf2",
					"parent": "bottom2",
					"pivot": [-12.04417, 53.93552, -72.15676],
					"rotation": [-0.03075, -1.11339, 4.87474],
					"cubes": [
						{"origin": [-7.54195, 60.35904, -78.85419], "size": [11, 0, 10], "pivot": [-16.13003, 61.38606, -73.55486], "rotation": [6.99551, -10.46219, 54.31741], "uv": [65, 426]}
					]
				},
				{
					"name": "weed3",
					"parent": "headweed",
					"pivot": [-36.32439, 63.94609, -65.93415],
					"rotation": [166.47586, -15.89946, 81.38639],
					"cubes": [
						{"origin": [-40.16223, 69.99848, -71.7361], "size": [6, 0, 10], "pivot": [-34.17867, 69.99454, -67.73596], "rotation": [8.82463, 4.39384, -65.33642], "uv": [65, 396]}
					]
				},
				{
					"name": "top3",
					"parent": "weed3",
					"pivot": [-34.30176, 70.18819, -66.31469],
					"rotation": [-2.42588, 0.85582, -40.67332],
					"cubes": [
						{"origin": [-34.34198, 70.11388, -71.74857], "size": [7, 0, 10], "pivot": [-34.34198, 70.11388, -66.74857], "rotation": [10.08319, -7.24272, 34.33502], "uv": [71, 416]}
					]
				},
				{
					"name": "middle3",
					"parent": "top3",
					"pivot": [-28.54684, 66.17817, -65.85551],
					"rotation": [-0.72694, -6.57257, 21.82025],
					"cubes": [
						{"origin": [-28.84886, 63.59425, -70.49128], "size": [13, 0, 10], "pivot": [-24.4646, 64.59754, -65.1913], "rotation": [10.08319, -7.24272, 34.33502], "uv": [65, 406]}
					]
				},
				{
					"name": "bottom3",
					"parent": "middle3",
					"pivot": [-16.02821, 57.5994, -63.38609],
					"rotation": [-0.43434, 4.41384, -14.52366]
				},
				{
					"name": "topleaf3",
					"parent": "bottom3",
					"pivot": [-16.02821, 57.5994, -63.38609],
					"cubes": [
						{"origin": [-18.66541, 55.46587, -68.68608], "size": [13, 0, 10], "pivot": [-14.28114, 56.46916, -63.38609], "rotation": [6.99551, -10.46219, 54.31741], "uv": [65, 436]}
					]
				},
				{
					"name": "bottomleaf3",
					"parent": "bottom3",
					"pivot": [-9.90705, 49.13994, -61.98646],
					"rotation": [-0.03075, -1.11339, 4.87474],
					"cubes": [
						{"origin": [-5.64573, 55.41221, -68.67912], "size": [11, 0, 10], "pivot": [-14.23381, 56.43923, -63.37979], "rotation": [6.99551, -10.46219, 54.31741], "uv": [65, 426]}
					]
				},
				{
					"name": "weed4",
					"parent": "headweed",
					"pivot": [-32.69563, 58.76368, -56.55466],
					"rotation": [-167.05643, -27.13519, 76.82562],
					"cubes": [
						{"origin": [-36.53347, 64.81608, -62.35661], "size": [6, 0, 10], "pivot": [-30.54991, 64.81214, -58.35647], "rotation": [8.82463, 4.39384, -65.33642], "uv": [65, 396]}
					]
				},
				{
					"name": "top4",
					"parent": "weed4",
					"pivot": [-30.673, 65.00579, -56.9352],
					"rotation": [-2.42588, 0.85582, -40.67332],
					"cubes": [
						{"origin": [-30.71322, 64.93147, -62.36908], "size": [7, 0, 10], "pivot": [-30.71322, 64.93147, -57.36908], "rotation": [10.08319, -7.24272, 34.33502], "uv": [71, 416]}
					]
				},
				{
					"name": "middle4",
					"parent": "top4",
					"pivot": [-24.91808, 60.99577, -56.47602],
					"rotation": [-0.35777, 0.54077, 8.61025],
					"cubes": [
						{"origin": [-25.2201, 58.41185, -61.11179], "size": [13, 0, 10], "pivot": [-20.83584, 59.41513, -55.81181], "rotation": [10.08319, -7.24272, 34.33502], "uv": [65, 406]}
					]
				},
				{
					"name": "bottom4",
					"parent": "middle4",
					"pivot": [-14.38068, 53.88607, -54.13536],
					"rotation": [-0.43434, 4.41384, -14.52366]
				},
				{
					"name": "topleaf4",
					"parent": "bottom4",
					"pivot": [-12.84569, 51.96902, -53.8732],
					"cubes": [
						{"origin": [-15.48288, 49.8355, -59.17318], "size": [13, 0, 10], "pivot": [-11.09862, 50.83879, -53.8732], "rotation": [6.99551, -10.46219, 54.31741], "uv": [65, 436]}
					]
				},
				{
					"name": "bottomleaf4",
					"parent": "bottom4",
					"pivot": [-6.72452, 43.50957, -52.47356],
					"rotation": [-0.03075, -1.11339, 4.87474],
					"cubes": [
						{"origin": [-2.4632, 49.78183, -59.16622], "size": [11, 0, 10], "pivot": [-11.05129, 50.80885, -53.8669], "rotation": [6.99551, -10.46219, 54.31741], "uv": [65, 426]}
					]
				},
				{
					"name": "weed5",
					"parent": "headweed",
					"pivot": [-31.31938, 84.69334, -66.64222],
					"rotation": [164.40169, -14.60991, 94.20432]
				},
				{
					"name": "top5",
					"parent": "weed5",
					"pivot": [-29.29675, 90.93544, -67.02276],
					"rotation": [-2.42588, 0.85582, -40.67332]
				},
				{
					"name": "middle5",
					"parent": "top5",
					"pivot": [-23.54183, 86.92542, -66.56359],
					"rotation": [-0.35777, 0.54077, 8.61025]
				},
				{
					"name": "bottom5",
					"parent": "middle5",
					"pivot": [-12.62271, 78.677, -64.96965],
					"rotation": [-0.68646, 6.12116, -21.84586]
				},
				{
					"name": "topleaf5",
					"parent": "bottom5",
					"pivot": [-11.08772, 76.75995, -64.70749],
					"cubes": [
						{"origin": [-13.72491, 74.62643, -70.00747], "size": [13, 0, 10], "pivot": [-9.34065, 75.62972, -64.70749], "rotation": [6.99551, -10.46219, 54.31741], "uv": [65, 436]}
					]
				},
				{
					"name": "bottomleaf5",
					"parent": "bottom5",
					"pivot": [-4.96655, 68.3005, -63.30785],
					"rotation": [-1.60022, -4.39954, 19.50414],
					"cubes": [
						{"origin": [-0.70523, 74.57277, -70.00051], "size": [11, 0, 10], "pivot": [-9.29332, 75.59979, -64.70119], "rotation": [6.99551, -10.46219, 54.31741], "uv": [65, 426]}
					]
				},
				{
					"name": "weed6",
					"parent": "headweed",
					"pivot": [-38.8897, 67.60973, -76.99068],
					"rotation": [168.32628, -16.58928, 71.05154],
					"cubes": [
						{"origin": [-42.72754, 73.66213, -82.79263], "size": [6, 0, 10], "pivot": [-36.74398, 73.65819, -78.79249], "rotation": [8.82463, 4.39384, -65.33642], "uv": [65, 396]}
					]
				},
				{
					"name": "top6",
					"parent": "weed6",
					"pivot": [-36.86707, 73.85183, -77.37122],
					"rotation": [-2.50689, -1.86897, -25.92099],
					"cubes": [
						{"origin": [-36.90729, 73.77752, -82.8051], "size": [7, 0, 10], "pivot": [-36.90729, 73.77752, -77.8051], "rotation": [10.08319, -7.24272, 34.33502], "uv": [71, 416]}
					]
				},
				{
					"name": "middle6",
					"parent": "top6",
					"pivot": [-31.11215, 69.84182, -76.91204],
					"rotation": [0.13519, -2.22151, 2.24718],
					"cubes": [
						{"origin": [-31.41417, 67.2579, -81.54781], "size": [13, 0, 10], "pivot": [-27.02991, 68.26118, -76.24783], "rotation": [10.08319, -7.24272, 34.33502], "uv": [65, 406]}
					]
				},
				{
					"name": "bottom6",
					"parent": "middle6",
					"pivot": [-18.59353, 61.26304, -74.44262],
					"rotation": [-0.43434, 4.41384, -14.52366]
				},
				{
					"name": "topleaf6",
					"parent": "bottom6",
					"pivot": [-18.59353, 61.26304, -74.44262],
					"cubes": [
						{"origin": [-21.23072, 59.12952, -79.74261], "size": [13, 0, 10], "pivot": [-16.84646, 60.13281, -74.44262], "rotation": [6.99551, -10.46219, 54.31741], "uv": [65, 436]}
					]
				},
				{
					"name": "bottomleaf6",
					"parent": "bottom6",
					"pivot": [-12.47236, 52.80359, -73.04299],
					"rotation": [-0.14453, 1.01113, -4.89677],
					"cubes": [
						{"origin": [-8.21104, 59.07585, -79.73565], "size": [11, 0, 10], "pivot": [-16.79913, 60.10288, -74.43632], "rotation": [6.99551, -10.46219, 54.31741], "uv": [65, 426]}
					]
				},
				{
					"name": "weed7",
					"parent": "headweed",
					"pivot": [-38.17041, 66.58247, -80.82178],
					"rotation": [126.1538, 3.02556, 77.12745],
					"cubes": [
						{"origin": [-42.00825, 72.63487, -86.62374], "size": [6, 0, 10], "pivot": [-36.02469, 72.63093, -82.62359], "rotation": [8.82463, 4.39384, -65.33642], "uv": [65, 396]}
					]
				},
				{
					"name": "top7",
					"parent": "weed7",
					"pivot": [-36.14778, 72.82458, -81.20233],
					"rotation": [-2.42588, 0.85582, -40.67332],
					"cubes": [
						{"origin": [-36.188, 72.75027, -86.63621], "size": [7, 0, 10], "pivot": [-36.188, 72.75027, -81.63621], "rotation": [10.08319, -7.24272, 34.33502], "uv": [71, 416]}
					]
				},
				{
					"name": "middle7",
					"parent": "top7",
					"pivot": [-30.39286, 68.81456, -80.74315],
					"rotation": [-0.72694, -6.57257, 21.82025],
					"cubes": [
						{"origin": [-30.69488, 66.23064, -85.37891], "size": [13, 0, 10], "pivot": [-26.31062, 67.23393, -80.07893], "rotation": [10.08319, -7.24272, 34.33502], "uv": [65, 406]}
					]
				},
				{
					"name": "bottom7",
					"parent": "middle7",
					"pivot": [-17.87423, 60.23579, -78.27373],
					"rotation": [-0.43434, 4.41384, -14.52366]
				},
				{
					"name": "topleaf7",
					"parent": "bottom7",
					"pivot": [-17.87423, 60.23579, -78.27373],
					"cubes": [
						{"origin": [-20.51143, 58.10226, -83.57371], "size": [13, 0, 10], "pivot": [-16.12716, 59.10555, -78.27373], "rotation": [6.99551, -10.46219, 54.31741], "uv": [65, 436]}
					]
				},
				{
					"name": "bottomleaf7",
					"parent": "bottom7",
					"pivot": [-11.75307, 51.77633, -76.87409],
					"rotation": [-0.03075, -1.11339, 4.87474],
					"cubes": [
						{"origin": [-7.49175, 58.0486, -83.56675], "size": [11, 0, 10], "pivot": [-16.07983, 59.07562, -78.26743], "rotation": [6.99551, -10.46219, 54.31741], "uv": [65, 426]}
					]
				},
				{
					"name": "weed8",
					"parent": "headweed",
					"pivot": [-34.05044, 88.5937, -76.7362],
					"rotation": [164.40169, -14.60991, 94.20432]
				},
				{
					"name": "top8",
					"parent": "weed8",
					"pivot": [-32.02781, 94.8358, -77.11675],
					"rotation": [-2.42588, 0.85582, -40.67332]
				},
				{
					"name": "middle8",
					"parent": "top8",
					"pivot": [-26.27289, 90.82578, -76.65757],
					"rotation": [-0.35777, 0.54077, 8.61025]
				},
				{
					"name": "bottom8",
					"parent": "middle8",
					"pivot": [-15.35377, 82.57736, -75.06363],
					"rotation": [-0.39925, 3.83934, -12.08829]
				},
				{
					"name": "topleaf8",
					"parent": "bottom8",
					"pivot": [-13.81878, 80.66031, -74.80147],
					"cubes": [
						{"origin": [-16.45597, 78.52679, -80.10145], "size": [13, 0, 10], "pivot": [-12.07171, 79.53008, -74.80147], "rotation": [6.99551, -10.46219, 54.31741], "uv": [65, 436]}
					]
				},
				{
					"name": "bottomleaf8",
					"parent": "bottom8",
					"pivot": [-7.69761, 72.20086, -73.40183],
					"rotation": [-1.60022, -4.39954, 19.50414],
					"cubes": [
						{"origin": [-3.43629, 78.47312, -80.0945], "size": [11, 0, 10], "pivot": [-12.02438, 79.50015, -74.79517], "rotation": [6.99551, -10.46219, 54.31741], "uv": [65, 426]}
					]
				},
				{
					"name": "bottom9",
					"parent": "headweed",
					"pivot": [-32.94473, 69.34403, -66.86992],
					"rotation": [0.42942, 7.06212, -29.19286]
				},
				{
					"name": "topleaf9",
					"parent": "bottom9",
					"pivot": [-31.40974, 67.42698, -66.60776],
					"cubes": [
						{"origin": [-34.04693, 65.29346, -71.90774], "size": [13, 0, 10], "pivot": [-29.66267, 66.29675, -66.60776], "rotation": [6.99551, -10.46219, 54.31741], "uv": [65, 436]}
					]
				},
				{
					"name": "bottomleaf9",
					"parent": "bottom9",
					"pivot": [-25.28857, 58.96753, -65.20812],
					"rotation": [-1.60022, -4.39954, 19.50414],
					"cubes": [
						{"origin": [-21.02725, 65.23979, -71.90078], "size": [11, 0, 10], "pivot": [-29.61534, 66.26681, -66.60145], "rotation": [6.99551, -10.46219, 54.31741], "uv": [65, 426]}
					]
				},
				{
					"name": "bottom10",
					"parent": "headweed",
					"pivot": [-37.07025, 68.1797, -83.33167],
					"rotation": [-114.96872, 72.2614, -136.82104]
				},
				{
					"name": "topleaf10",
					"parent": "bottom10",
					"pivot": [-35.53526, 66.26266, -83.06951],
					"rotation": [-0.82111, -2.29887, 9.7147],
					"cubes": [
						{"origin": [-38.66254, 64.67569, -88.34777], "size": [9, 0, 10], "pivot": [-34.05506, 65.67898, -83.04779], "rotation": [6.99551, -10.46219, 54.31741], "uv": [65, 445]}
					]
				},
				{
					"name": "bottomleaf10",
					"parent": "bottom10",
					"pivot": [-29.41409, 57.8032, -81.66987],
					"rotation": [-3.63406, -5.48095, 29.41264],
					"cubes": [
						{"origin": [-26.2385, 62.79752, -87.98801], "size": [11, 0, 10], "pivot": [-34.82659, 63.82454, -82.68869], "rotation": [4.52287, -11.00579, 64.46396], "uv": [65, 426]},
						{"origin": [-31.64936, 62.17684, -87.94188], "size": [4, 0, 10], "pivot": [-36.26509, 63.18013, -82.6419], "rotation": [6.99551, -10.46219, 54.31741], "uv": [73, 436]}
					]
				},
				{
					"name": "bottom11",
					"parent": "headweed",
					"pivot": [-36.65876, 65.93098, -63.48066],
					"rotation": [21.85664, -45.07796, -66.3243]
				},
				{
					"name": "topleaf11",
					"parent": "bottom11",
					"pivot": [-35.12377, 64.01393, -63.2185],
					"cubes": [
						{"origin": [-37.76096, 61.88041, -68.51848], "size": [13, 0, 10], "pivot": [-33.3767, 62.8837, -63.2185], "rotation": [6.99551, -10.46219, 54.31741], "uv": [65, 436]}
					]
				},
				{
					"name": "bottomleaf11",
					"parent": "bottom11",
					"pivot": [-29.0026, 55.55448, -61.81886],
					"rotation": [1.40019, -1.73496, 2.30551],
					"cubes": [
						{"origin": [-24.74128, 61.82674, -68.51152], "size": [11, 0, 10], "pivot": [-33.32937, 62.85376, -63.2122], "rotation": [6.99551, -10.46219, 54.31741], "uv": [65, 426]}
					]
				},
				{
					"name": "bottomleaf13",
					"parent": "headweed",
					"pivot": [-31.52056, 67.51904, -63.1897],
					"rotation": [2.78352, 2.21205, -22.36682],
					"cubes": [
						{"origin": [-27.25924, 73.7913, -69.88236], "size": [11, 0, 10], "pivot": [-35.84732, 74.81832, -64.58304], "rotation": [6.99551, -10.46219, 54.31741], "uv": [65, 426]}
					]
				},
				{
					"name": "bottomleaf14",
					"parent": "headweed",
					"pivot": [-33.9138, 70.93693, -73.1692],
					"rotation": [2.78352, 2.21205, -22.36682],
					"cubes": [
						{"origin": [-29.65248, 77.2092, -79.86186], "size": [11, 0, 10], "pivot": [-38.24056, 78.23622, -74.56253], "rotation": [6.99551, -10.46219, 54.31741], "uv": [65, 426]}
					]
				},
				{
					"name": "weed9",
					"parent": "headweed",
					"pivot": [-37.35126, 67.15605, -80.82178],
					"rotation": [-78.84425, -67.60407, 36.15463],
					"cubes": [
						{"origin": [-41.18909, 73.20845, -86.62374], "size": [6, 0, 10], "pivot": [-35.20554, 73.2045, -82.62359], "rotation": [8.82463, 4.39384, -65.33642], "uv": [65, 396]}
					]
				},
				{
					"name": "top9",
					"parent": "weed9",
					"pivot": [-35.32863, 73.39815, -81.20233],
					"rotation": [-2.48895, 0.4482, -38.20829],
					"cubes": [
						{"origin": [-35.36884, 73.32384, -86.63621], "size": [7, 0, 10], "pivot": [-35.36884, 73.32384, -81.63621], "rotation": [10.08319, -7.24272, 34.33502], "uv": [71, 416]}
					]
				},
				{
					"name": "middle9",
					"parent": "top9",
					"pivot": [-29.57371, 69.38814, -80.74315],
					"rotation": [0.83439, -2.72856, 2.12395],
					"cubes": [
						{"origin": [-29.87573, 66.80421, -85.37891], "size": [13, 0, 10], "pivot": [-25.49146, 67.8075, -80.07893], "rotation": [10.08319, -7.24272, 34.33502], "uv": [65, 406]}
					]
				},
				{
					"name": "bottom12",
					"parent": "middle9",
					"pivot": [-18.9877, 62.09242, -78.51609],
					"rotation": [-0.05766, 2.08105, -2.22681]
				},
				{
					"name": "topleaf12",
					"parent": "bottom12",
					"pivot": [-17.46185, 60.36849, -78.14215],
					"cubes": [
						{"origin": [-20.09905, 58.23496, -83.44213], "size": [13, 0, 10], "pivot": [-15.71478, 59.23825, -78.14215], "rotation": [6.99551, -10.46219, 54.31741], "uv": [65, 436]}
					]
				},
				{
					"name": "bottomleaf12",
					"parent": "bottom12",
					"pivot": [-11.34069, 51.90903, -76.74251],
					"rotation": [-0.24519, 4.57496, -24.59892],
					"cubes": [
						{"origin": [-7.07937, 58.1813, -83.43517], "size": [11, 0, 10], "pivot": [-15.66745, 59.20832, -78.13585], "rotation": [6.99551, -10.46219, 54.31741], "uv": [65, 426]}
					]
				},
				{
					"name": "bone38",
					"parent": "bodymain",
					"pivot": [0.5, 41.2, -34.4],
					"rotation": [-8, 0, 0]
				},
				{
					"name": "bone39",
					"parent": "bone38",
					"pivot": [1.5, 32.8, -21.3],
					"cubes": [
						{"origin": [-8.5, 27.77275, -26.07583], "size": [17, 13, 19], "inflate": -0.01, "pivot": [1.5, 32.8, -21.3], "rotation": [39.5, 0, 0], "uv": [0, 36]},
						{"origin": [-7.5, 43.98773, -29.06422], "size": [15, 6, 22], "inflate": 1.01, "pivot": [1.5, 36.8, -25], "rotation": [-4, 0, 0], "uv": [0, 69]},
						{"origin": [5.5, 45.82788, -27.35828], "size": [2, 6, 6], "inflate": 1, "pivot": [6.5, 48.82788, -24.35828], "rotation": [43.5, 0, 0], "uv": [193, 299]}
					]
				},
				{
					"name": "bone40",
					"parent": "bodymain",
					"pivot": [1.5, 34.8, -5.5],
					"rotation": [5, 0, 0],
					"cubes": [
						{"origin": [-9.1, 38.11276, -13.03452], "size": [10, 9, 18], "pivot": [-4.5, 42.61276, -4.03452], "rotation": [8.06813, -7.4266, -1.04968], "uv": [122, 129]},
						{"origin": [-7.8, 37.82149, -10.60154], "size": [13, 7, 15], "inflate": -0.01, "pivot": [1.5, 33.6, -7.6], "rotation": [-6.21003, -14.91591, 1.60434], "uv": [134, 32]}
					]
				}
			]
		}
	]
}