{
  "type": "minecraft:archaeology",
  "pools": [
    {
      "rolls": 1,
      "entries": [
        {
          "type": "minecraft:item",
          "name": "cobblemon:relic_coin",
          "weight": 1
        },
        {
          "type": "minecraft:item",
          "name": "cobblemon:normal_gem",
          "weight": 1
        },
        {
          "type": "minecraft:item",
          "name": "cobblemon:steel_gem",
          "weight": 1
        },
        {
          "type": "minecraft:item",
          "name": "cobblemon:metal_coat",
          "weight": 1
        }
      ]
    }
  ]
}