{
  "type": "minecraft:archaeology",
  "pools": [
    {
      "rolls": 1,
      "entries": [
        {
          "type": "minecraft:item",
          "name": "cobblemon:dark_gem",
          "weight": 1
        },
        {
          "type": "minecraft:item",
          "name": "cobblemon:ghost_gem",
          "weight": 1
        },
        {
          "type": "minecraft:item",
          "name": "cobblemon:malicious_armor",
          "weight": 2
        },
        {
          "type": "minecraft:item",
          "name": "cobblemon:auspicious_armor",
          "weight": 2
        }
      ]
    }
  ]
}