{
	"format_version": "1.12.0",
	"minecraft:geometry": [
		{
			"description": {
				"identifier": "geometry.clarissie",
				"texture_width": 64,
				"texture_height": 64,
				"visible_bounds_width": 3,
				"visible_bounds_height": 3.5,
				"visible_bounds_offset": [0, 1.25, 0]
			},
			"bones": [
				{
					"name": "clarissie",
					"pivot": [0, 0, 0]
				},
				{
					"name": "body",
					"parent": "clarissie",
					"pivot": [0, 14, 0],
					"rotation": [0, -45, 0],
					"cubes": [
						{"origin": [-1.5, 0, -1.5], "size": [3, 3, 3], "uv": [36, 6]},
						{"origin": [-3, 3, -3], "size": [6, 3, 6], "uv": [22, 40]},
						{"origin": [-6, 9, -6], "size": [12, 9, 12], "uv": [0, 0]},
						{"origin": [-4, 6, -4], "size": [8, 3, 8], "uv": [0, 49]},
						{"origin": [-4, 18, -4], "size": [8, 3, 8], "uv": [32, 49]}
					]
				},
				{
					"name": "waist_fluff_east",
					"parent": "body",
					"pivot": [-4, 20, 0],
					"rotation": [0, 0, -135],
					"cubes": [
						{"origin": [-4, 20, -4], "size": [0, 4, 8], "uv": [0, 52]}
					]
				},
				{
					"name": "waist_fluff_west",
					"parent": "body",
					"pivot": [4, 20, 0],
					"rotation": [0, 0, 135],
					"cubes": [
						{"origin": [4, 20, -4], "size": [0, 4, 8], "uv": [0, 52], "mirror": true}
					]
				},
				{
					"name": "waist_fluff_north",
					"parent": "body",
					"pivot": [0, 20, -4],
					"rotation": [135, 0, 0],
					"cubes": [
						{"origin": [-4, 20, -4], "size": [8, 4, 0], "uv": [0, 60]}
					]
				},
				{
					"name": "waist_fluff_south",
					"parent": "body",
					"pivot": [0, 20, 4],
					"rotation": [-135, 0, 0],
					"cubes": [
						{"origin": [-4, 20, 4], "size": [8, 4, 0], "uv": [0, 60]}
					]
				},
				{
					"name": "torso",
					"parent": "body",
					"pivot": [0, 21, 0],
					"rotation": [0, 45, 0],
					"cubes": [
						{"origin": [-2.5, 21, -2.5], "size": [5, 3, 5], "uv": [35, 32]}
					]
				},
				{
					"name": "torso2",
					"parent": "torso",
					"pivot": [0, 24, 0],
					"cubes": [
						{"origin": [-1.5, 24, -1.5], "size": [3, 3, 3], "uv": [21, 28]},
						{"origin": [-1, 27, -1], "size": [2, 2, 2], "uv": [30, 27]}
					]
				},
				{
					"name": "arm_right",
					"parent": "torso2",
					"pivot": [-1.5, 26, 0],
					"cubes": [
						{"origin": [-4.5, 25.5, -0.5], "size": [3, 1, 1], "uv": [8, 47]}
					]
				},
				{
					"name": "elbow_right",
					"parent": "arm_right",
					"pivot": [-4.5, 26, 0],
					"cubes": [
						{"origin": [-8.5, 25, -1], "size": [4, 2, 2], "uv": [0, 21]}
					]
				},
				{
					"name": "arm_fluff_front_right",
					"parent": "elbow_right",
					"pivot": [-8.5, 26, -1],
					"rotation": [0, -25, 0],
					"cubes": [
						{"origin": [-10.5, 25, -1], "size": [2, 2, 0], "uv": [6, 45]}
					]
				},
				{
					"name": "arm_fluff_back_right",
					"parent": "elbow_right",
					"pivot": [-8.5, 26, 1],
					"rotation": [0, 25, 0],
					"cubes": [
						{"origin": [-10.5, 25, 1], "size": [2, 2, 0], "uv": [6, 45]}
					]
				},
				{
					"name": "arm_fluff_top_right",
					"parent": "elbow_right",
					"pivot": [-8.5, 27, 0],
					"rotation": [0, 0, 25],
					"cubes": [
						{"origin": [-10.5, 27, -1], "size": [2, 0, 2], "uv": [8, 45]}
					]
				},
				{
					"name": "arm_fluff_bottom_right",
					"parent": "elbow_right",
					"pivot": [-8.5, 25, 0],
					"rotation": [0, 0, -25],
					"cubes": [
						{"origin": [-10.5, 25, -1], "size": [2, 0, 2], "uv": [8, 45]}
					]
				},
				{
					"name": "hand_right",
					"parent": "elbow_right",
					"pivot": [-8.5, 26.25, 0],
					"cubes": [
						{"origin": [-10.5, 25.75, -0.5], "size": [2, 1, 1], "uv": [10, 21]}
					]
				},
				{
					"name": "arm_left",
					"parent": "torso2",
					"pivot": [1.5, 26, 0],
					"cubes": [
						{"origin": [1.5, 25.5, -0.5], "size": [3, 1, 1], "uv": [8, 47], "mirror": true}
					]
				},
				{
					"name": "elbow_left",
					"parent": "arm_left",
					"pivot": [4.5, 26, 0],
					"cubes": [
						{"origin": [4.5, 25, -1], "size": [4, 2, 2], "uv": [0, 21], "mirror": true}
					]
				},
				{
					"name": "arm_fluff_front_left",
					"parent": "elbow_left",
					"pivot": [8.5, 26, -1],
					"rotation": [0, 25, 0],
					"cubes": [
						{"origin": [8.5, 25, -1], "size": [2, 2, 0], "uv": [6, 45], "mirror": true}
					]
				},
				{
					"name": "arm_fluff_back_left",
					"parent": "elbow_left",
					"pivot": [8.5, 26, 1],
					"rotation": [0, -25, 0],
					"cubes": [
						{"origin": [8.5, 25, 1], "size": [2, 2, 0], "uv": [6, 45], "mirror": true}
					]
				},
				{
					"name": "arm_fluff_top_left",
					"parent": "elbow_left",
					"pivot": [8.5, 27, 0],
					"rotation": [0, 0, -25],
					"cubes": [
						{"origin": [8.5, 27, -1], "size": [2, 0, 2], "uv": [8, 45], "mirror": true}
					]
				},
				{
					"name": "arm_fluff_bottom_left",
					"parent": "elbow_left",
					"pivot": [8.5, 25, 0],
					"rotation": [0, 0, 25],
					"cubes": [
						{"origin": [8.5, 25, -1], "size": [2, 0, 2], "uv": [8, 45], "mirror": true}
					]
				},
				{
					"name": "hand_left",
					"parent": "elbow_left",
					"pivot": [8.5, 26.25, 0],
					"cubes": [
						{"origin": [8.5, 25.75, -0.5], "size": [2, 1, 1], "uv": [10, 21], "mirror": true}
					]
				},
				{
					"name": "chest_gem",
					"parent": "torso2",
					"pivot": [0, 26, -1.5],
					"rotation": [0, 0, 45],
					"cubes": [
						{"origin": [-1, 25, -2.5], "size": [2, 2, 1], "uv": [6, 5]}
					]
				},
				{
					"name": "neck_fluff_back",
					"parent": "torso2",
					"pivot": [0, 28, 1],
					"rotation": [-45, 0, 0],
					"cubes": [
						{"origin": [-3, 27.98, 1], "size": [6, 0, 5], "uv": [35, 27]}
					]
				},
				{
					"name": "neck_fluff_left",
					"parent": "torso2",
					"pivot": [1, 27.9, 0],
					"rotation": [0, 0, 15],
					"cubes": [
						{"origin": [1, 27.99, -1.5], "size": [4, 0, 3], "uv": [11, 45], "mirror": true}
					]
				},
				{
					"name": "neck_fluff_right",
					"parent": "torso2",
					"pivot": [-1, 27.9, 0],
					"rotation": [0, 0, -15],
					"cubes": [
						{"origin": [-5, 27.99, -1.5], "size": [4, 0, 3], "uv": [11, 45]}
					]
				},
				{
					"name": "head",
					"parent": "torso2",
					"pivot": [0, 30, 0],
					"cubes": [
						{"origin": [-3.5, 28, -3.5], "size": [7, 5, 7], "uv": [0, 33]},
						{"origin": [-2.5, 33, -2.5], "size": [5, 1, 5], "uv": [30, 21]},
						{"origin": [-3.5, 34, 0], "size": [7, 6, 0], "pivot": [0, 35, 0], "rotation": [0, -45, 0], "uv": [21, 34]},
						{"origin": [-3.5, 34, 0], "size": [7, 6, 0], "pivot": [0, 35, 0], "rotation": [0, 45, 0], "uv": [21, 34]}
					]
				},
				{
					"name": "hair_top_back",
					"parent": "head",
					"pivot": [0, 30.9, 2.95],
					"rotation": [19.5, -17, 40],
					"cubes": [
						{"origin": [-3.5, 27.4, 2.95], "size": [7, 7, 2], "uv": [46, 40]}
					]
				},
				{
					"name": "hair_top_right",
					"parent": "head",
					"pivot": [-3.95711, 33.95711, 0.64645],
					"rotation": [0, -45, -45],
					"cubes": [
						{"origin": [-6.45711, 32.95711, -1.85355], "size": [5, 2, 5], "uv": [0, 26]}
					]
				},
				{
					"name": "hair_top_left",
					"parent": "head",
					"pivot": [3.95711, 33.95711, 0.64645],
					"rotation": [0, 45, 45],
					"cubes": [
						{"origin": [1.45711, 32.95711, -1.85355], "size": [5, 2, 5], "uv": [0, 26], "mirror": true}
					]
				},
				{
					"name": "bangs_right",
					"parent": "head",
					"pivot": [-3, 34, -2.75],
					"rotation": [0, 0, 25],
					"cubes": [
						{"origin": [-3.5, 31, -3.75], "size": [1, 3, 2], "uv": [56, 49]},
						{"origin": [-4, 27, -3.75], "size": [2, 4, 2], "uv": [24, 51]},
						{"origin": [-3.5, 26, -3.25], "size": [1, 1, 1], "uv": [24, 49]}
					]
				},
				{
					"name": "bangs_left",
					"parent": "head",
					"pivot": [3, 34, -2.75],
					"rotation": [0, 0, -25],
					"cubes": [
						{"origin": [2.5, 31, -3.75], "size": [1, 3, 2], "uv": [56, 49], "mirror": true},
						{"origin": [2, 27, -3.75], "size": [2, 4, 2], "uv": [24, 51], "mirror": true},
						{"origin": [2.5, 26, -3.25], "size": [1, 1, 1], "uv": [24, 49], "mirror": true}
					]
				},
				{
					"name": "forehead_gem",
					"parent": "head",
					"pivot": [0, 33.5, -3.75],
					"rotation": [-21, 21, 42],
					"cubes": [
						{"origin": [-2, 31.5, -4.75], "size": [4, 4, 2], "uv": [15, 22]}
					]
				},
				{
					"name": "mouth",
					"parent": "head",
					"pivot": [0, 29, -3.5]
				},
				{
					"name": "mouth_closed",
					"parent": "mouth",
					"pivot": [0, 29, -3.5],
					"cubes": [
						{"origin": [-0.5, 28.5, -3.51], "size": [1, 1, 0], "uv": [6, 2]}
					]
				},
				{
					"name": "mouth_open",
					"parent": "mouth",
					"pivot": [0, 29, -3.41],
					"cubes": [
						{"origin": [-1, 28.5, -3.41], "size": [2, 1, 0], "uv": [6, 3]},
						{"origin": [-0.5, 28, -3.42], "size": [1, 1, 0], "uv": [6, 4]}
					]
				},
				{
					"name": "ear_left",
					"parent": "head",
					"pivot": [3.5, 32, 0],
					"rotation": [25, 0, 25],
					"cubes": [
						{"origin": [3.5, 32, -2], "size": [9, 0, 4], "uv": [32, 2]}
					]
				},
				{
					"name": "ear_right",
					"parent": "head",
					"pivot": [-3.5, 32, 0],
					"rotation": [25, 0, -25],
					"cubes": [
						{"origin": [-12.5, 32, -2], "size": [9, 0, 4], "uv": [32, 2], "mirror": true}
					]
				},
				{
					"name": "eyes",
					"parent": "head",
					"pivot": [0, 30, -3.5]
				},
				{
					"name": "eye_left",
					"parent": "eyes",
					"pivot": [2, 30.5, -3.5],
					"rotation": [0, 0, 10],
					"cubes": [
						{"origin": [1, 29.5, -3.501], "size": [2, 2, 0], "uv": [6, 0]}
					]
				},
				{
					"name": "eyelid_left",
					"parent": "eye_left",
					"pivot": [2, 30.5, -3.4],
					"cubes": [
						{"origin": [1, 29.5, -3.401], "size": [2, 2, 1], "inflate": 0.01, "uv": [0, 3]}
					]
				},
				{
					"name": "pupil_left",
					"parent": "eye_left",
					"pivot": [1.75, 30.75, -3.5],
					"cubes": [
						{"origin": [1.25, 30.25, -3.51], "size": [1, 1, 0], "uv": [0, 8]}
					]
				},
				{
					"name": "eye_right",
					"parent": "eyes",
					"pivot": [-2, 30.5, -3.5],
					"rotation": [0, 0, -10],
					"cubes": [
						{"origin": [-3, 29.5, -3.501], "size": [2, 2, 0], "uv": [0, 6]}
					]
				},
				{
					"name": "eyelid_right",
					"parent": "eye_right",
					"pivot": [-2, 30.5, -3.4],
					"cubes": [
						{"origin": [-3, 29.5, -3.401], "size": [2, 2, 1], "inflate": 0.01, "uv": [0, 0]}
					]
				},
				{
					"name": "pupil_right",
					"parent": "eye_right",
					"pivot": [-2, 30.5, -3.5],
					"cubes": [
						{"origin": [-2.25, 30.25, -3.51], "size": [1, 1, 0], "uv": [0, 8]}
					]
				}
			]
		}
	]
}