{
	"format_version": "1.12.0",
	"minecraft:geometry": [
		{
			"description": {
				"identifier": "geometry.echolyte",
				"texture_width": 64,
				"texture_height": 32,
				"visible_bounds_width": 4,
				"visible_bounds_height": 3.5,
				"visible_bounds_offset": [0, 1.25, 0]
			},
			"bones": [
				{
					"name": "echolyte",
					"pivot": [0, 0, 0]
				},
				{
					"name": "body",
					"parent": "echolyte",
					"pivot": [0, 14, 0]
				},
				{
					"name": "core",
					"parent": "body",
					"pivot": [0, 14, 0],
					"cubes": [
						{"origin": [1.5, 11, -1.5], "size": [-3, 6, 3], "uv": [54, 5]},
						{"origin": [-1, 11.5, -1], "size": [2, 5, 2], "uv": [24, 1]},
						{"origin": [1, 17, -1], "size": [-2, 1, 2], "uv": [57, 9]},
						{"origin": [1, 10, -1], "size": [-2, 1, 2], "uv": [59, 8]}
					]
				},
				{
					"name": "rotate_top",
					"parent": "body",
					"pivot": [0, 23, 0],
					"rotation": [0, -45, 0]
				},
				{
					"name": "rock_top_right",
					"parent": "rotate_top",
					"pivot": [-12, 23, 0],
					"cubes": [
						{"origin": [-13.5, 20.5, -1.5], "size": [3, 5, 3], "uv": [0, 17]},
						{"origin": [-13, 25.5, -1], "size": [2, 2, 2], "uv": [0, 25]},
						{"origin": [-13, 18.5, -1], "size": [2, 2, 2], "uv": [0, 25]},
						{"origin": [-12.5, 27.5, -0.5], "size": [1, 1, 1], "uv": [0, 29]},
						{"origin": [-12.5, 17.5, -0.5], "size": [1, 1, 1], "uv": [0, 29]}
					]
				},
				{
					"name": "rock_top_left",
					"parent": "rotate_top",
					"pivot": [12, 23, 0],
					"cubes": [
						{"origin": [10.5, 20.5, -1.5], "size": [3, 5, 3], "uv": [0, 17], "mirror": true},
						{"origin": [11, 25.5, -1], "size": [2, 2, 2], "uv": [0, 25], "mirror": true},
						{"origin": [11, 18.5, -1], "size": [2, 2, 2], "uv": [0, 25], "mirror": true},
						{"origin": [11.5, 27.5, -0.5], "size": [1, 1, 1], "uv": [0, 29], "mirror": true},
						{"origin": [11.5, 17.5, -0.5], "size": [1, 1, 1], "uv": [0, 29], "mirror": true}
					]
				},
				{
					"name": "rotate_middle",
					"parent": "body",
					"pivot": [0, 14, 0]
				},
				{
					"name": "rock_middle_right",
					"parent": "rotate_middle",
					"pivot": [-15, 14, 0],
					"cubes": [
						{"origin": [-16.5, 11.5, -1.5], "size": [3, 5, 3], "uv": [0, 17]},
						{"origin": [-16, 16.5, -1], "size": [2, 2, 2], "uv": [0, 25]},
						{"origin": [-16, 9.5, -1], "size": [2, 2, 2], "uv": [0, 25]},
						{"origin": [-15.5, 18.5, -0.5], "size": [1, 1, 1], "uv": [0, 29]},
						{"origin": [-15.5, 8.5, -0.5], "size": [1, 1, 1], "uv": [0, 29]}
					]
				},
				{
					"name": "rock_middle_left",
					"parent": "rotate_middle",
					"pivot": [15, 14, 0],
					"cubes": [
						{"origin": [13.5, 11.5, -1.5], "size": [3, 5, 3], "uv": [0, 17], "mirror": true},
						{"origin": [14, 16.5, -1], "size": [2, 2, 2], "uv": [0, 25], "mirror": true},
						{"origin": [14, 9.5, -1], "size": [2, 2, 2], "uv": [0, 25], "mirror": true},
						{"origin": [14.5, 18.5, -0.5], "size": [1, 1, 1], "uv": [0, 29], "mirror": true},
						{"origin": [14.5, 8.5, -0.5], "size": [1, 1, 1], "uv": [0, 29], "mirror": true}
					]
				},
				{
					"name": "rotate_bottom",
					"parent": "body",
					"pivot": [0, 5, 0],
					"rotation": [0, -45, 0]
				},
				{
					"name": "rock_bottom_right",
					"parent": "rotate_bottom",
					"pivot": [0, 5, 12],
					"cubes": [
						{"origin": [-1.5, 2.5, 10.5], "size": [3, 5, 3], "uv": [0, 17]},
						{"origin": [-1, 0.5, 11], "size": [2, 2, 2], "uv": [0, 25]},
						{"origin": [-1, 7.5, 11], "size": [2, 2, 2], "uv": [0, 25]},
						{"origin": [-0.5, -0.5, 11.5], "size": [1, 1, 1], "uv": [0, 29]},
						{"origin": [-0.5, 9.5, 11.5], "size": [1, 1, 1], "uv": [0, 29]}
					]
				},
				{
					"name": "rock_bottom_left",
					"parent": "rotate_bottom",
					"pivot": [0, 5, -12],
					"cubes": [
						{"origin": [-1.5, 2.5, -13.5], "size": [3, 5, 3], "uv": [0, 17], "mirror": true},
						{"origin": [-1, 0.5, -13], "size": [2, 2, 2], "uv": [0, 25], "mirror": true},
						{"origin": [-1, 7.5, -13], "size": [2, 2, 2], "uv": [0, 25], "mirror": true},
						{"origin": [-0.5, -0.5, -12.5], "size": [1, 1, 1], "uv": [0, 29], "mirror": true},
						{"origin": [-0.5, 9.5, -12.5], "size": [1, 1, 1], "uv": [0, 29], "mirror": true}
					]
				},
				{
					"name": "shell_top",
					"parent": "body",
					"pivot": [0, 14, 0]
				},
				{
					"name": "shell_southeast_top",
					"parent": "shell_top",
					"pivot": [-1.5, 14, 1.5],
					"cubes": [
						{"origin": [-1, 26, 0], "size": [1, 2, 1], "uv": [9, 0]},
						{"origin": [-2, 24, 0], "size": [2, 2, 2], "uv": [0, 13]},
						{"origin": [-3, 14, 0], "size": [3, 10, 3], "uv": [0, 0]},
						{"origin": [-2.9, 12, 0.9], "size": [2, 2, 2], "uv": [8, 13]},
						{"origin": [-1, 13, 0], "size": [1, 1, 1], "uv": [6, 13]},
						{"origin": [-2, 11, 1], "size": [1, 1, 1], "uv": [6, 13]}
					]
				},
				{
					"name": "shell_southwest_top",
					"parent": "shell_top",
					"pivot": [1.5, 14, 1.5],
					"cubes": [
						{"origin": [0, 14, 0], "size": [3, 10, 3], "uv": [12, 0]},
						{"origin": [0, 24, 0], "size": [2, 2, 2], "uv": [16, 13], "mirror": true},
						{"origin": [0, 26, 0], "size": [1, 2, 1], "uv": [21, 0], "mirror": true},
						{"origin": [0, 12, 0], "size": [2, 2, 2], "uv": [24, 13]},
						{"origin": [1.9, 13, 0], "size": [1, 1, 1], "uv": [14, 13]},
						{"origin": [1, 13, 1.9], "size": [1, 1, 1], "uv": [22, 13]}
					]
				},
				{
					"name": "shell_northeast_top",
					"parent": "shell_top",
					"pivot": [-1.5, 14, -1.5],
					"cubes": [
						{"origin": [-3, 14, -3], "size": [3, 10, 3], "uv": [12, 0], "mirror": true},
						{"origin": [-2, 24, -2], "size": [2, 2, 2], "uv": [16, 13]},
						{"origin": [-1, 26, -1], "size": [1, 2, 1], "uv": [21, 0]},
						{"origin": [-2, 12, -2], "size": [2, 2, 2], "uv": [24, 13], "mirror": true},
						{"origin": [-2.9, 13, -1], "size": [1, 1, 1], "uv": [14, 13], "mirror": true},
						{"origin": [-2, 13, -2.9], "size": [1, 1, 1], "uv": [22, 13], "mirror": true}
					]
				},
				{
					"name": "shell_northwest_top",
					"parent": "shell_top",
					"pivot": [1.5, 14, -1.5],
					"cubes": [
						{"origin": [0, 26, -1], "size": [1, 2, 1], "uv": [9, 0], "mirror": true},
						{"origin": [0, 24, -2], "size": [2, 2, 2], "uv": [0, 13], "mirror": true},
						{"origin": [0, 14, -3], "size": [3, 10, 3], "uv": [0, 0], "mirror": true},
						{"origin": [0.9, 12, -2.9], "size": [2, 2, 2], "uv": [8, 13], "mirror": true},
						{"origin": [0, 13, -1], "size": [1, 1, 1], "uv": [6, 13], "mirror": true},
						{"origin": [1, 11, -2], "size": [1, 1, 1], "uv": [6, 13], "mirror": true}
					]
				},
				{
					"name": "shell_bottom",
					"parent": "body",
					"pivot": [0, 14, 0]
				},
				{
					"name": "shell_southeast_bottom",
					"parent": "shell_bottom",
					"pivot": [-1.5, 14, 1.5],
					"cubes": [
						{"origin": [-1, 0, 0], "size": [1, 2, 1], "uv": [9, 0]},
						{"origin": [-2, 2, 0], "size": [2, 2, 2], "uv": [0, 13]},
						{"origin": [-3, 4, 0], "size": [3, 10, 3], "uv": [0, 0]},
						{"origin": [-2.9, 14, 0.9], "size": [2, 2, 2], "uv": [8, 13]},
						{"origin": [-1, 14, 0], "size": [1, 1, 1], "uv": [6, 13]},
						{"origin": [-2, 16, 1], "size": [1, 1, 1], "uv": [6, 13]}
					]
				},
				{
					"name": "shell_southwest_bottom",
					"parent": "shell_bottom",
					"pivot": [1.5, 14, 1.5],
					"cubes": [
						{"origin": [0, 4, 0], "size": [3, 10, 3], "uv": [12, 0]},
						{"origin": [0, 2, 0], "size": [2, 2, 2], "uv": [16, 13], "mirror": true},
						{"origin": [0, 0, 0], "size": [1, 2, 1], "uv": [21, 0], "mirror": true},
						{"origin": [0, 14, 0], "size": [2, 2, 2], "uv": [24, 13]},
						{"origin": [1.9, 14, 0], "size": [1, 1, 1], "uv": [14, 13]},
						{"origin": [1, 14, 1.9], "size": [1, 1, 1], "uv": [22, 13]}
					]
				},
				{
					"name": "shell_northeast_bottom",
					"parent": "shell_bottom",
					"pivot": [-1.5, 14, -1.5],
					"cubes": [
						{"origin": [-3, 4, -3], "size": [3, 10, 3], "uv": [12, 0], "mirror": true},
						{"origin": [-2, 2, -2], "size": [2, 2, 2], "uv": [16, 13]},
						{"origin": [-1, 0, -1], "size": [1, 2, 1], "uv": [21, 0]},
						{"origin": [-2, 14, -2], "size": [2, 2, 2], "uv": [24, 13], "mirror": true},
						{"origin": [-2.9, 14, -1], "size": [1, 1, 1], "uv": [14, 13], "mirror": true},
						{"origin": [-2, 14, -2.9], "size": [1, 1, 1], "uv": [22, 13], "mirror": true}
					]
				},
				{
					"name": "shell_northwest_bottom",
					"parent": "shell_bottom",
					"pivot": [1.5, 14, -1.5],
					"cubes": [
						{"origin": [0, 0, -1], "size": [1, 2, 1], "uv": [9, 0], "mirror": true},
						{"origin": [0, 2, -2], "size": [2, 2, 2], "uv": [0, 13], "mirror": true},
						{"origin": [0, 4, -3], "size": [3, 10, 3], "uv": [0, 0], "mirror": true},
						{"origin": [0.9, 14, -2.9], "size": [2, 2, 2], "uv": [8, 13], "mirror": true},
						{"origin": [0, 14, -1], "size": [1, 1, 1], "uv": [6, 13], "mirror": true},
						{"origin": [1, 16, -2], "size": [1, 1, 1], "uv": [6, 13], "mirror": true}
					]
				},
				{
					"name": "face",
					"parent": "body",
					"pivot": [0, 13.5, -1.5]
				},
				{
					"name": "eye_right",
					"parent": "face",
					"pivot": [-1.25, 14, -1.4],
					"rotation": [0, 0, -10],
					"cubes": [
						{"origin": [-1.75, 13.5, -1.501], "size": [1, 1, 0], "uv": [0, 13]}
					]
				},
				{
					"name": "eye_left",
					"parent": "face",
					"pivot": [1.25, 14, -1.4],
					"rotation": [0, 0, 10],
					"cubes": [
						{"origin": [0.75, 13.5, -1.501], "size": [1, 1, 0], "uv": [0, 13], "mirror": true}
					]
				},
				{
					"name": "mouth",
					"parent": "face",
					"pivot": [0, 13, -1.5],
					"cubes": [
						{"origin": [-0.5, 12.5, -1.501], "size": [1, 1, 0], "uv": [0, 13]}
					]
				}
			]
		}
	]
}