{
	"format_version": "1.12.0",
	"minecraft:geometry": [
		{
			"description": {
				"identifier": "geometry.golett_copper",
				"texture_width": 128,
				"texture_height": 64,
				"visible_bounds_width": 3,
				"visible_bounds_height": 3.5,
				"visible_bounds_offset": [0, 1.25, 0]
			},
			"bones": [
				{
					"name": "golett",
					"pivot": [0, 0, 0]
				},
				{
					"name": "body",
					"parent": "golett",
					"pivot": [0, 11, 0]
				},
				{
					"name": "torso",
					"parent": "body",
					"pivot": [0, 6, 0],
					"cubes": [
						{"origin": [-5, 5, -5], "size": [10, 10, 10], "inflate": 0.01, "uv": [0, 0]},
						{"origin": [-2.5, 7.5, -6.5], "size": [5, 5, 2], "uv": [82, 0]},
						{"origin": [-2, 8, -6.51], "size": [4, 4, 0], "uv": [30, 25]}
					]
				},
				{
					"name": "torso_glow",
					"parent": "torso",
					"pivot": [0, 10, -5.51],
					"cubes": [
						{"origin": [-2, 8, -5.511], "size": [4, 4, 0], "uv": [30, 29]}
					]
				},
				{
					"name": "arm_left",
					"parent": "torso",
					"pivot": [4, 12, 0],
					"cubes": [
						{"origin": [1, 11, -1], "size": [7, 2, 2], "uv": [48, 8]}
					]
				},
				{
					"name": "hand_left",
					"parent": "arm_left",
					"pivot": [8, 12, 0.5],
					"cubes": [
						{"origin": [10, 8, -2], "size": [1, 5, 4], "uv": [0, 20]},
						{"origin": [7, 7, -2.5], "size": [3, 7, 5], "uv": [62, 9]}
					]
				},
				{
					"name": "finger_left",
					"parent": "hand_left",
					"pivot": [7.5, 7.75, -1.25],
					"cubes": [
						{"origin": [5.5, 7.25, -1.75], "size": [2, 1, 1], "uv": [54, 18]}
					]
				},
				{
					"name": "finger_left2",
					"parent": "hand_left",
					"pivot": [7.5, 7.75, 0],
					"cubes": [
						{"origin": [5.5, 7.25, -0.5], "size": [2, 1, 1], "uv": [95, 6]}
					]
				},
				{
					"name": "finger_left3",
					"parent": "hand_left",
					"pivot": [7.5, 7.75, 1.25],
					"cubes": [
						{"origin": [5.5, 7.25, 0.75], "size": [2, 1, 1], "uv": [54, 28]}
					]
				},
				{
					"name": "arm_right",
					"parent": "torso",
					"pivot": [-4, 12, 0],
					"cubes": [
						{"origin": [-8, 11, -1], "size": [7, 2, 2], "uv": [73, 9]}
					]
				},
				{
					"name": "hand_right",
					"parent": "arm_right",
					"pivot": [-8.25, 12, 0.5],
					"cubes": [
						{"origin": [-11, 8, -2], "size": [1, 5, 4], "uv": [0, 0]},
						{"origin": [-10, 7, -2.5], "size": [3, 7, 5], "uv": [40, 34]}
					]
				},
				{
					"name": "finger_right",
					"parent": "hand_right",
					"pivot": [-7.5, 7.75, -1.25],
					"cubes": [
						{"origin": [-7.5, 7.25, -1.75], "size": [2, 1, 1], "uv": [94, 0]}
					]
				},
				{
					"name": "finger_right2",
					"parent": "hand_right",
					"pivot": [-7.5, 7.75, 0],
					"cubes": [
						{"origin": [-7.5, 7.25, -0.5], "size": [2, 1, 1], "uv": [78, 0]}
					]
				},
				{
					"name": "finger_right3",
					"parent": "hand_right",
					"pivot": [-7.5, 7.75, 1.25],
					"cubes": [
						{"origin": [-7.5, 7.25, 0.75], "size": [2, 1, 1], "uv": [40, 29]}
					]
				},
				{
					"name": "head",
					"parent": "torso",
					"pivot": [0, 13.5, 0],
					"cubes": [
						{"origin": [-3.5, 14.5, -3.5], "size": [7, 5, 7], "uv": [33, 13]}
					]
				},
				{
					"name": "lightning_rod",
					"parent": "head",
					"pivot": [0, 19.5, 0],
					"cubes": [
						{"origin": [-1, 18.5, -1], "size": [2, 4, 2], "uv": [10, 20]},
						{"origin": [-1.5, 22.5, -1.5], "size": [3, 3, 3], "uv": [18, 20]}
					]
				},
				{
					"name": "lightning_rod_glow",
					"parent": "lightning_rod",
					"pivot": [0, 24, 0],
					"cubes": [
						{"origin": [2, 22, -2], "size": [-4, 4, 4], "uv": [116, 54]},
						{"origin": [1.5, 19, -1.5], "size": [-3, 4, 3], "uv": [118, 56]}
					]
				},
				{
					"name": "eye_left",
					"parent": "head",
					"pivot": [1.25, 16.5, -2.76],
					"cubes": [
						{"origin": [1, 15.75, -3.51], "size": [1, 2, 1], "uv": [6, 20]},
						{"origin": [0.5, 15.75, -3.51], "size": [1, 1, 1], "uv": [55, 26]}
					]
				},
				{
					"name": "eyelid_left",
					"parent": "eye_left",
					"pivot": [1.25, 16.5, -2.66],
					"cubes": [
						{"origin": [1, 15.75, -3.41], "size": [1, 2, 1], "inflate": 0.01, "uv": [6, 0]},
						{"origin": [0.5, 15.75, -3.41], "size": [1, 1, 2], "inflate": 0.01, "uv": [40, 10]}
					]
				},
				{
					"name": "eye_right",
					"parent": "head",
					"pivot": [-1.5, 16.75, -3.01],
					"cubes": [
						{"origin": [-2, 15.75, -3.51], "size": [1, 2, 1], "uv": [0, 20]}
					]
				},
				{
					"name": "eyelid_right",
					"parent": "eye_right",
					"pivot": [-1.5, 16.75, -2.91],
					"cubes": [
						{"origin": [-2, 15.75, -3.41], "size": [1, 2, 1], "inflate": 0.01, "uv": [0, 0]}
					]
				},
				{
					"name": "leg_left",
					"parent": "body",
					"pivot": [2.75, 6, 0],
					"cubes": [
						{"origin": [1.75, 3, -1], "size": [2, 4, 2], "uv": [54, 12]}
					]
				},
				{
					"name": "foot_left",
					"parent": "leg_left",
					"pivot": [2.75, 4, 0],
					"cubes": [
						{"origin": [1.25, 0, -2.75], "size": [3, 3, 1], "uv": [51, 34]},
						{"origin": [0.75, 0, -2], "size": [4, 4, 4], "inflate": 0.001, "uv": [50, 0]}
					]
				},
				{
					"name": "leg_right",
					"parent": "body",
					"pivot": [-2.75, 6, 0],
					"cubes": [
						{"origin": [-3.75, 3, -1], "size": [2, 4, 2], "uv": [78, 13]}
					]
				},
				{
					"name": "foot_right",
					"parent": "leg_right",
					"pivot": [-2.75, 4, 0],
					"cubes": [
						{"origin": [-4.25, 0, -2.75], "size": [3, 3, 1], "uv": [38, 25]},
						{"origin": [-4.75, 0, -2], "size": [4, 4, 4], "inflate": 0.001, "uv": [66, 0]}
					]
				}
			]
		}
	]
}