{
	"format_version": "1.12.0",
	"minecraft:geometry": [
		{
			"description": {
				"identifier": "geometry.ireon",
				"texture_width": 64,
				"texture_height": 64,
				"visible_bounds_width": 4,
				"visible_bounds_height": 3.5,
				"visible_bounds_offset": [0, 1.25, 0]
			},
			"bones": [
				{
					"name": "ireon",
					"pivot": [0, 0, 0]
				},
				{
					"name": "body",
					"parent": "ireon",
					"pivot": [0, 9.75, 0]
				},
				{
					"name": "torso",
					"parent": "body",
					"pivot": [0, 9.75, 0],
					"cubes": [
						{"origin": [-3.5, 6.75, -7], "size": [7, 6, 14], "uv": [0, 0]}
					]
				},
				{
					"name": "head",
					"parent": "torso",
					"pivot": [0, 12.25, -5],
					"cubes": [
						{"origin": [-3.5, 10.75, -12], "size": [7, 7, 7], "inflate": 0.01, "uv": [0, 20]},
						{"origin": [-2.5, 10.75, -13], "size": [5, 2, 1], "uv": [40, 0]}
					]
				},
				{
					"name": "helmet",
					"parent": "head",
					"pivot": [0, 17.5, -11.75],
					"cubes": [
						{"origin": [-3.25, 14.96409, -14.5], "size": [6, 4, 6], "pivot": [0, 17.5, -11.75], "rotation": [-13.70277, 44.09145, -10.4527], "uv": [40, 54]}
					]
				},
				{
					"name": "back_helmet",
					"parent": "helmet",
					"pivot": [0, 19.3, -9.875],
					"rotation": [20, 0, 0],
					"cubes": [
						{"origin": [-0.18, 16.425, -11.875], "size": [5, 2, 4], "pivot": [4, 19.3, -10.875], "rotation": [0, 0, 32.5], "uv": [22, 58], "mirror": true},
						{"origin": [-4.81, 16.425, -11.875], "size": [5, 2, 4], "pivot": [-4, 19.3, -10.875], "rotation": [0, 0, -32.5], "uv": [22, 58]},
						{"origin": [-1.81, 16.425, -13.875], "size": [2, 2, 2], "pivot": [-4, 19.3, -12.875], "rotation": [0, 0, -32.5], "uv": [37, 56]},
						{"origin": [-0.18, 16.425, -13.875], "size": [2, 2, 2], "pivot": [4, 19.3, -12.875], "rotation": [0, 0, 32.5], "uv": [37, 56], "mirror": true}
					]
				},
				{
					"name": "back_helmet2",
					"parent": "helmet",
					"pivot": [0, 18.75, -6.3],
					"rotation": [-10, 0, 0],
					"cubes": [
						{"origin": [2.44353, 14.01605, -9.35], "size": [3, 2, 5], "pivot": [4, 16, -6.8], "rotation": [0, 0, 97.5], "uv": [44, 47], "mirror": true},
						{"origin": [-5.44353, 14.01605, -9.35], "size": [3, 2, 5], "pivot": [-4, 16, -6.8], "rotation": [0, 0, -97.5], "uv": [44, 47]},
						{"origin": [-0.18, 15.875, -9.3], "size": [5, 2, 5], "pivot": [4, 18.75, -7.3], "rotation": [0, 0, 32.5], "uv": [44, 47], "mirror": true},
						{"origin": [-4.81, 15.875, -9.3], "size": [5, 2, 5], "pivot": [-4, 18.75, -7.3], "rotation": [0, 0, -32.5], "uv": [44, 47]},
						{"origin": [-3.5, 14.8, -6.325], "size": [7, 3, 2], "pivot": [0, 18.75, -6.3], "rotation": [2.5, 0, 0], "uv": [26, 51]}
					]
				},
				{
					"name": "mouth",
					"parent": "head",
					"pivot": [0, 11.26, -12.91],
					"cubes": [
						{"origin": [-1, 10.76, -12.91], "size": [2, 1, 0], "uv": [60, 8]}
					]
				},
				{
					"name": "eyes",
					"parent": "head",
					"pivot": [0.00001, 13.75273, -11.025]
				},
				{
					"name": "eye_right",
					"parent": "eyes",
					"pivot": [-2.515, 13.75, -11.515],
					"rotation": [-0.4, -0.15, 0],
					"cubes": [
						{"origin": [-3.515, 12.75, -12.015], "size": [2, 2, 1], "uv": [58, 0], "mirror": true}
					]
				},
				{
					"name": "eyelid_right",
					"parent": "eye_right",
					"pivot": [-2.415, 13.75, -11.415],
					"cubes": [
						{"origin": [-3.415, 12.75, -11.915], "size": [2, 2, 1], "inflate": 0.01, "uv": [58, 4], "mirror": true}
					]
				},
				{
					"name": "eye_left",
					"parent": "eyes",
					"pivot": [2.515, 13.75, -11.515],
					"rotation": [-0.4, 0.15, 0],
					"cubes": [
						{"origin": [1.515, 12.75, -12.015], "size": [2, 2, 1], "uv": [58, 0]}
					]
				},
				{
					"name": "eyelid_left",
					"parent": "eye_left",
					"pivot": [2.415, 13.75, -11.415],
					"cubes": [
						{"origin": [1.415, 12.75, -11.915], "size": [2, 2, 1], "inflate": 0.01, "uv": [58, 4]}
					]
				},
				{
					"name": "hair_left",
					"parent": "head",
					"pivot": [3.5, 18.75, -9.5],
					"rotation": [30, -52.5, -45],
					"cubes": [
						{"origin": [0.75, 13, -10], "size": [2, 6, 0], "inflate": 0.01, "uv": [17, 43]}
					]
				},
				{
					"name": "hair_left2",
					"parent": "hair_left",
					"pivot": [2.75, 13, -10],
					"cubes": [
						{"origin": [-1.25, 5, -10], "size": [5, 8, 0], "uv": [14, 50]}
					]
				},
				{
					"name": "hair_right",
					"parent": "head",
					"pivot": [-3.5, 18.75, -9.5],
					"rotation": [30, 52.5, 45],
					"cubes": [
						{"origin": [-2.75, 13, -10], "size": [2, 6, 0], "inflate": 0.01, "uv": [17, 43], "mirror": true}
					]
				},
				{
					"name": "hair_right2",
					"parent": "hair_right",
					"pivot": [-2.75, 13, -10],
					"cubes": [
						{"origin": [-3.75, 5, -10], "size": [5, 8, 0], "uv": [14, 50], "mirror": true}
					]
				},
				{
					"name": "ear_left",
					"parent": "head",
					"pivot": [3, 17, -8.5],
					"rotation": [-20, -15, 40],
					"cubes": [
						{"origin": [0.99118, 16.66963, -8.40767], "size": [5, 10, 0], "uv": [38, 39], "mirror": true}
					]
				},
				{
					"name": "ear_right",
					"parent": "head",
					"pivot": [-3, 17, -8.5],
					"rotation": [-20, 15, -40],
					"cubes": [
						{"origin": [-5.99118, 16.66963, -8.40767], "size": [5, 10, 0], "uv": [38, 39]}
					]
				},
				{
					"name": "tail",
					"parent": "torso",
					"pivot": [0, 12.24167, 6.98333],
					"cubes": [
						{"origin": [-1.5, 12.25, 7], "size": [3, 0, 4], "uv": [27, 10]}
					]
				},
				{
					"name": "tail2",
					"parent": "tail",
					"pivot": [0, 12.25, 11],
					"cubes": [
						{"origin": [-3, 12.25, 11], "size": [6, 0, 5], "uv": [23, 5]}
					]
				},
				{
					"name": "tail3",
					"parent": "tail2",
					"pivot": [0, 12.25, 16],
					"cubes": [
						{"origin": [-3, 12.25, 16], "size": [6, 0, 5], "uv": [23, 0]}
					]
				},
				{
					"name": "leg_front_right",
					"parent": "body",
					"pivot": [-2.5, 9, -4.5],
					"rotation": [7.5, 0, 0],
					"cubes": [
						{"origin": [-4, 4.5, -6], "size": [3, 6, 3], "inflate": 0.01, "uv": [0, 0], "mirror": true}
					]
				},
				{
					"name": "leg_front_right2",
					"parent": "leg_front_right",
					"pivot": [-2.5, 4.5, -3],
					"rotation": [-22.5, 0, 0],
					"cubes": [
						{"origin": [-4, 0.5, -6], "size": [3, 4, 3], "uv": [41, 4], "mirror": true},
						{"origin": [-1.875, -2.35, -6.025], "size": [2, 2, 0], "pivot": [2.5, 2.25, -6.25], "rotation": [0, 0, 45], "uv": [16, 61]}
					]
				},
				{
					"name": "leg_front_right3",
					"parent": "leg_front_right2",
					"pivot": [-2.5, 1, -4.5],
					"rotation": [15, 0, 0],
					"cubes": [
						{"origin": [-4, -0.75, -6.25], "size": [3, 2, 3], "inflate": 0.01, "uv": [46, 14], "mirror": true}
					]
				},
				{
					"name": "leg_front_left",
					"parent": "body",
					"pivot": [2.5, 9, -4.5],
					"rotation": [7.5, 0, 0],
					"cubes": [
						{"origin": [1, 4.5, -6], "size": [3, 6, 3], "inflate": 0.01, "uv": [0, 0]}
					]
				},
				{
					"name": "leg_front_left2",
					"parent": "leg_front_left",
					"pivot": [2.5, 4.5, -3],
					"rotation": [-22.5, 0, 0],
					"cubes": [
						{"origin": [1, 0.5, -6], "size": [3, 4, 3], "uv": [41, 4]},
						{"origin": [1.625, 1.15, -6.025], "size": [2, 2, 0], "pivot": [2.5, 2.25, -6.25], "rotation": [0, 0, 45], "uv": [16, 61]}
					]
				},
				{
					"name": "leg_front_left3",
					"parent": "leg_front_left2",
					"pivot": [2.5, 1, -4.5],
					"rotation": [15, 0, 0],
					"cubes": [
						{"origin": [1, -0.75, -6.25], "size": [3, 2, 3], "inflate": 0.01, "uv": [46, 14]}
					]
				},
				{
					"name": "leg_back_right",
					"parent": "body",
					"pivot": [-2.5, 9, 4.75],
					"rotation": [5, 0, 0],
					"cubes": [
						{"origin": [-4, 4.5, 2.75], "size": [3, 6, 4], "inflate": 0.01, "uv": [0, 34], "mirror": true}
					]
				},
				{
					"name": "leg_back_right2",
					"parent": "leg_back_right",
					"pivot": [-2.5, 4.5, 6.25],
					"rotation": [-12.5, 0, 0],
					"cubes": [
						{"origin": [-4, 0.75, 4.25], "size": [3, 4, 3], "uv": [0, 52], "mirror": true},
						{"origin": [-3.45, 1.325, 4.225], "size": [2, 2, 0], "pivot": [-2.5, 2.25, -6.25], "rotation": [0, 0, -45], "uv": [16, 61], "mirror": true}
					]
				},
				{
					"name": "leg_back_right3",
					"parent": "leg_back_right2",
					"pivot": [-2.5, 1.25, 5.75],
					"rotation": [7.5, 0, 0],
					"cubes": [
						{"origin": [-4, -0.25, 4], "size": [3, 2, 3], "inflate": 0.01, "uv": [0, 59], "mirror": true}
					]
				},
				{
					"name": "leg_back_left",
					"parent": "body",
					"pivot": [2.5, 9, 4.75],
					"rotation": [5, 0, 0],
					"cubes": [
						{"origin": [1, 4.5, 2.75], "size": [3, 6, 4], "inflate": 0.01, "uv": [0, 34]}
					]
				},
				{
					"name": "leg_back_left2",
					"parent": "leg_back_left",
					"pivot": [2.5, 4.5, 6.25],
					"rotation": [-12.5, 0, 0],
					"cubes": [
						{"origin": [1, 0.75, 4.25], "size": [3, 4, 3], "uv": [0, 52]},
						{"origin": [1.45, 1.325, 4.225], "size": [2, 2, 0], "pivot": [2.5, 2.25, -6.25], "rotation": [0, 0, 45], "uv": [16, 61]}
					]
				},
				{
					"name": "leg_back_left3",
					"parent": "leg_back_left2",
					"pivot": [2.5, 1.25, 5.75],
					"rotation": [7.5, 0, 0],
					"cubes": [
						{"origin": [1, -0.25, 4], "size": [3, 2, 3], "inflate": 0.01, "uv": [0, 59]}
					]
				}
			]
		}
	]
}