{
	"format_version": "1.12.0",
	"minecraft:geometry": [
		{
			"description": {
				"identifier": "geometry.norstar",
				"texture_width": 64,
				"texture_height": 64,
				"visible_bounds_width": 3,
				"visible_bounds_height": 2.5,
				"visible_bounds_offset": [0, 0.75, 0]
			},
			"bones": [
				{
					"name": "norstar",
					"pivot": [0, 0.25, 0]
				},
				{
					"name": "body",
					"parent": "norstar",
					"pivot": [0, 10.5, -0.25],
					"cubes": [
						{"origin": [-2.5, 8, -1.75], "size": [5, 5, 3], "uv": [1, 0]},
						{"origin": [-3.5, 7, -2.5], "size": [7, 7, 1], "uv": [0, 9]},
						{"origin": [-2, 8.5, 1.5], "size": [4, 4, 1], "uv": [30, 0]},
						{"origin": [-1.5, 9, -3], "size": [3, 3, 1], "uv": [27, 5]}
					]
				},
				{
					"name": "arm_top",
					"parent": "body",
					"pivot": [0, 12.5, 0],
					"cubes": [
						{"origin": [-2, 12.5, -1.5], "size": [4, 4, 3], "uv": [14, 21]}
					]
				},
				{
					"name": "arm_top2",
					"parent": "arm_top",
					"pivot": [0, 15.5, 0],
					"cubes": [
						{"origin": [-1.5, 15.5, -1], "size": [3, 4, 2], "uv": [27, 13]},
						{"origin": [-0.5, 19.5, -0.5], "size": [1, 2, 1], "uv": [23, 6]}
					]
				},
				{
					"name": "arm_right",
					"parent": "body",
					"pivot": [-1.75, 10.5, 0],
					"cubes": [
						{"origin": [-5.75, 8.5, -1.5], "size": [4, 4, 3], "uv": [0, 18], "mirror": true}
					]
				},
				{
					"name": "arm_right2",
					"parent": "arm_right",
					"pivot": [-4.75, 10.5, 0],
					"cubes": [
						{"origin": [-8.75, 9, -1], "size": [4, 3, 2], "uv": [18, 0], "mirror": true},
						{"origin": [-10.75, 10, -0.5], "size": [2, 1, 1], "uv": [17, 7]}
					]
				},
				{
					"name": "arm_left",
					"parent": "body",
					"pivot": [1.75, 10.5, 0],
					"cubes": [
						{"origin": [1.75, 8.5, -1.5], "size": [4, 4, 3], "uv": [36, 7]}
					]
				},
				{
					"name": "arm_left2",
					"parent": "arm_left",
					"pivot": [4.75, 10.5, 0],
					"cubes": [
						{"origin": [4.75, 9, -1], "size": [4, 3, 2], "uv": [18, 0]},
						{"origin": [8.75, 10, -0.5], "size": [2, 1, 1], "uv": [17, 5]}
					]
				},
				{
					"name": "leg_left",
					"parent": "body",
					"pivot": [0, 9.5, 0],
					"rotation": [0, 0, 90],
					"cubes": [
						{"origin": [0, 7.5, -1.5], "size": [4, 4, 3], "uv": [13, 14]}
					]
				},
				{
					"name": "leg_left2",
					"parent": "leg_left",
					"pivot": [3, 9.5, 0],
					"cubes": [
						{"origin": [3, 8, -1], "size": [4, 3, 2], "uv": [0, 25]},
						{"origin": [7, 9, -0.5], "size": [2, 1, 1], "uv": [17, 9]}
					]
				}
			]
		}
	]
}