{
	"format_version": "1.12.0",
	"minecraft:geometry": [
		{
			"description": {
				"identifier": "geometry.papersol",
				"texture_width": 64,
				"texture_height": 32,
				"visible_bounds_width": 4,
				"visible_bounds_height": 4,
				"visible_bounds_offset": [0, 1, 0]
			},
			"bones": [
				{
					"name": "papersol",
					"pivot": [0, 0, 0]
				},
				{
					"name": "body",
					"parent": "papersol",
					"pivot": [0, 14.5, 0]
				},
				{
					"name": "head",
					"parent": "body",
					"pivot": [0, 4, -0.25],
					"cubes": [
						{"origin": [-4, 4, -4.25], "size": [8, 6, 8], "uv": [0, 0]}
					]
				},
				{
					"name": "eyes",
					"parent": "head",
					"pivot": [0, 6.75, -4.26]
				},
				{
					"name": "eye_left",
					"parent": "eyes",
					"pivot": [2.5, 6.25, -4.26],
					"cubes": [
						{"origin": [1.5, 5.25, -4.26], "size": [1, 2, 0], "uv": [0, 0]}
					]
				},
				{
					"name": "eye_right",
					"parent": "eyes",
					"pivot": [-2, 6.25, -4.26],
					"cubes": [
						{"origin": [-2.5, 5.25, -4.26], "size": [1, 2, 0], "uv": [2, 0], "mirror": true}
					]
				},
				{
					"name": "hat",
					"parent": "head",
					"pivot": [0, 10.5, -0.25],
					"cubes": [
						{"origin": [-1, 9.25, -1.25], "size": [2, 4, 2], "inflate": 0.01, "uv": [0, 47]},
						{"origin": [-1.5, 14.5, -1.75], "size": [3, 1, 3], "uv": [40, 10]},
						{"origin": [-1, 15.5, -1.25], "size": [2, 2, 2], "uv": [24, 0]}
					]
				},
				{
					"name": "umbrella_hat_1",
					"parent": "hat",
					"pivot": [0, 13.5, -0.25],
					"rotation": [0, 0, -35],
					"cubes": [
						{"origin": [-11.5, 14, -0.75], "size": [12, 1, 1], "uv": [12, 14]}
					]
				},
				{
					"name": "umbrella_hat_frill_1",
					"parent": "hat",
					"pivot": [0, 14.5, -0.25],
					"rotation": [24.75455, -20.87385, -46.94985],
					"cubes": [
						{"origin": [-11.5, 15, -1.5], "size": [12, 0.001, 12], "pivot": [-0.5, 15, -0.5], "rotation": [0.01305, -39.88624, 0.14207], "uv": [-12, 18]}
					]
				},
				{
					"name": "umbrella_hat_2",
					"parent": "hat",
					"pivot": [0, 13.5, -0.25],
					"rotation": [55, -40, -55],
					"cubes": [
						{"origin": [-11.5, 14, -0.75], "size": [12, 1, 1], "uv": [12, 14]}
					]
				},
				{
					"name": "umbrella_hat_frill_2",
					"parent": "hat",
					"pivot": [0, 14.5, -0.25],
					"rotation": [95.42644, -43.82668, -96.44315],
					"cubes": [
						{"origin": [-11.5, 15, -1.5], "size": [12, 0.001, 12], "pivot": [-0.5, 15, -0.5], "rotation": [0.01305, -39.88624, 0.14207], "uv": [-12, 18]}
					]
				},
				{
					"name": "umbrella_hat_3",
					"parent": "hat",
					"pivot": [0.5, 13.5, -0.25],
					"rotation": [55, 40, 55],
					"cubes": [
						{"origin": [0, 14, -0.75], "size": [12, 1, 1], "uv": [12, 14], "mirror": true}
					]
				},
				{
					"name": "umbrella_hat_frill_3",
					"parent": "hat",
					"pivot": [-0.25, 14.5, -0.25],
					"rotation": [24.75455, 20.87385, 46.94985],
					"cubes": [
						{"origin": [-0.75, 15, -1.5], "size": [12, 0.001, 12], "pivot": [0.25, 15, -0.5], "rotation": [0.01305, 39.88624, -0.14207], "uv": [-12, 18], "mirror": true}
					]
				},
				{
					"name": "umbrella_hat_4",
					"parent": "hat",
					"pivot": [-0.25, 13.75, -0.25],
					"rotation": [0, 0, 35],
					"cubes": [
						{"origin": [-0.75, 14.25, -0.75], "size": [12, 1, 1], "uv": [12, 14], "mirror": true}
					]
				},
				{
					"name": "umbrella_hat_frill_4",
					"parent": "hat",
					"pivot": [-0.25, 14.5, 0.25],
					"rotation": [-24.75455, -20.87385, 46.94985],
					"cubes": [
						{"origin": [-0.75, 15, -10.5], "size": [12, 0.001, 12], "pivot": [0.25, 15, 0.5], "rotation": [-0.01305, -39.88624, -0.14207], "uv": [12, 18]}
					]
				},
				{
					"name": "umbrella_hat_5",
					"parent": "hat",
					"pivot": [0.5, 13.5, 0.25],
					"rotation": [-55, -40, 55],
					"cubes": [
						{"origin": [0, 14, -0.25], "size": [12, 1, 1], "uv": [12, 14], "mirror": true}
					]
				},
				{
					"name": "umbrella_hat_frill_5",
					"parent": "hat",
					"pivot": [0, 14.5, 0.25],
					"rotation": [-95.42644, 43.82668, -96.44315],
					"cubes": [
						{"origin": [-11.5, 15, -10.5], "size": [12, 0.001, 12], "pivot": [-0.5, 15, 0.5], "rotation": [-0.01305, 39.88624, 0.14207], "uv": [12, 18], "mirror": true}
					]
				},
				{
					"name": "umbrella_hat_6",
					"parent": "hat",
					"pivot": [0, 13.5, 0.25],
					"rotation": [-55, 40, -55],
					"cubes": [
						{"origin": [-11.5, 14, -0.25], "size": [12, 1, 1], "uv": [12, 14]}
					]
				},
				{
					"name": "umbrella_hat_frill_6",
					"parent": "hat",
					"pivot": [0, 14.5, 0.25],
					"rotation": [-24.75455, 20.87385, -46.94985],
					"cubes": [
						{"origin": [-11.5, 15, -10.5], "size": [12, 0.001, 12], "pivot": [-0.5, 15, 0.5], "rotation": [-0.01305, 39.88624, 0.14207], "uv": [12, 18], "mirror": true}
					]
				},
				{
					"name": "legs",
					"parent": "body",
					"pivot": [0, 14.5, 0]
				},
				{
					"name": "leg_left",
					"parent": "legs",
					"pivot": [1.75, 14.5, 0],
					"cubes": [
						{"origin": [0.75, -0.5, -1], "size": [2, 8, 2], "inflate": 0.02, "uv": [32, 4]}
					]
				},
				{
					"name": "leg_right",
					"parent": "legs",
					"pivot": [-1.75, 14.5, 0],
					"cubes": [
						{"origin": [-2.75, -0.5, -1], "size": [2, 8, 2], "inflate": 0.02, "uv": [32, 4], "mirror": true}
					]
				}
			]
		}
	]
}