{
	"format_version": "1.12.0",
	"minecraft:geometry": [
		{
			"description": {
				"identifier": "geometry.pillowisp",
				"texture_width": 64,
				"texture_height": 64,
				"visible_bounds_width": 4,
				"visible_bounds_height": 3,
				"visible_bounds_offset": [0, 0.5, 0]
			},
			"bones": [
				{
					"name": "pillowisp",
					"pivot": [0, 0, 0]
				},
				{
					"name": "body",
					"parent": "pillowisp",
					"pivot": [0, 6, 0]
				},
				{
					"name": "torso",
					"parent": "body",
					"pivot": [0, 6, 0],
					"cubes": [
						{"origin": [-8.5, 1, -5], "size": [17, 12, 8], "uv": [0, 0]}
					]
				},
				{
					"name": "face",
					"parent": "torso",
					"pivot": [0, 7, -5]
				},
				{
					"name": "eye_right",
					"parent": "face",
					"pivot": [-3.5, 7, -5],
					"cubes": [
						{"origin": [-5.5, 6, -5.1], "size": [4, 2, 0.01], "uv": [0, 0]}
					]
				},
				{
					"name": "eye_left",
					"parent": "face",
					"pivot": [3.5, 7, -5],
					"cubes": [
						{"origin": [1.5, 6, -5.1], "size": [4, 2, 0.01], "uv": [0, 0], "mirror": true}
					]
				},
				{
					"name": "eye_right_ouch",
					"parent": "face",
					"pivot": [-3.5, 7, -4],
					"cubes": [
						{"origin": [-5.5, 6, -4.1], "size": [4, 2, 0.01], "uv": [0, 4]}
					]
				},
				{
					"name": "eye_left_ouch",
					"parent": "face",
					"pivot": [3.5, 7, -4],
					"cubes": [
						{"origin": [1.5, 6, -4.1], "size": [4, 2, 0.01], "uv": [0, 4], "mirror": true}
					]
				},
				{
					"name": "eye_right_happy",
					"parent": "face",
					"pivot": [-3.5, 7, -4],
					"cubes": [
						{"origin": [-5.5, 6, -4.1], "size": [4, 2, 0.01], "uv": [0, 2]}
					]
				},
				{
					"name": "eye_left_happy",
					"parent": "face",
					"pivot": [3.5, 7, -4],
					"cubes": [
						{"origin": [1.5, 6, -4.1], "size": [4, 2, 0.01], "uv": [0, 2], "mirror": true}
					]
				},
				{
					"name": "mouth_smile",
					"parent": "face",
					"pivot": [0, 4.5, -5],
					"cubes": [
						{"origin": [-2, 3.5, -5.1], "size": [4, 2, 0.01], "uv": [50, 8], "mirror": true}
					]
				},
				{
					"name": "mouth_ouch",
					"parent": "face",
					"pivot": [0, 4.5, -4],
					"cubes": [
						{"origin": [-2, 3.5, -4.1], "size": [4, 2, 0.01], "uv": [50, 12], "mirror": true}
					]
				},
				{
					"name": "mouth_happy",
					"parent": "face",
					"pivot": [0, 4.5, -4],
					"cubes": [
						{"origin": [-2, 3.5, -4.1], "size": [4, 2, 0.01], "uv": [50, 10], "mirror": true}
					]
				},
				{
					"name": "corner_top_right_1",
					"parent": "torso",
					"pivot": [-7.75, 11.5, -1],
					"rotation": [0, 12.5, 30],
					"cubes": [
						{"origin": [-12.5, 10, -3.5], "size": [6, 5, 5], "uv": [0, 20]}
					]
				},
				{
					"name": "corner_top_right_2",
					"parent": "corner_top_right_1",
					"pivot": [-11.75, 15, -0.5],
					"rotation": [0, 12.5, -17.5],
					"cubes": [
						{"origin": [-16, 13, -2], "size": [6, 4, 2], "uv": [22, 20]}
					]
				},
				{
					"name": "corner_top_right_3",
					"parent": "corner_top_right_2",
					"pivot": [-15, 15.5, -0.5],
					"rotation": [0, 12.5, -22.5],
					"cubes": [
						{"origin": [-21, 15.5, -1], "size": [7, 4, 0.001], "uv": [22, 26]}
					]
				},
				{
					"name": "corner_top_left_1",
					"parent": "torso",
					"pivot": [8.75, 13, -0.5],
					"rotation": [0, -12.5, -30],
					"cubes": [
						{"origin": [7, 11, -2], "size": [6, 4, 2], "uv": [22, 20], "mirror": true}
					]
				},
				{
					"name": "corner_top_left_2",
					"parent": "corner_top_left_1",
					"pivot": [12, 13.5, -0.5],
					"rotation": [0, -12.5, -7.5],
					"cubes": [
						{"origin": [12, 12.5, -1], "size": [6, 4, 0.1], "uv": [37, 26], "mirror": true}
					]
				},
				{
					"name": "corner_bottom_left_1",
					"parent": "torso",
					"pivot": [8.25, 1, -0.5],
					"rotation": [0, -12.5, 42.5],
					"cubes": [
						{"origin": [6.5, -1, -2], "size": [6, 4, 2], "uv": [38, 20], "mirror": true}
					]
				},
				{
					"name": "corner_bottom_left_2",
					"parent": "corner_bottom_left_1",
					"pivot": [11.5, 0.5, -0.5],
					"rotation": [0, -12.5, 75],
					"cubes": [
						{"origin": [10.5, -0.5, -1], "size": [6, 4, 0.1], "uv": [49, 26], "mirror": true}
					]
				},
				{
					"name": "corner_bottom_right_1",
					"parent": "torso",
					"pivot": [-8.25, 1, -0.5],
					"rotation": [0, 12.5, -42.5],
					"cubes": [
						{"origin": [-12.5, -1, -2.5], "size": [6, 4, 3], "uv": [42, 1]}
					]
				},
				{
					"name": "corner_bottom_right_2",
					"parent": "corner_bottom_right_1",
					"pivot": [-11.5, 0.5, -0.5],
					"rotation": [0, 0, 17.5],
					"cubes": [
						{"origin": [-17.5, -2.5, -1], "size": [7, 4, 0.1], "pivot": [-10.5, 1.5, 0], "rotation": [0, 12.5, 0], "uv": [50, 16]}
					]
				},
				{
					"name": "arm_right",
					"parent": "torso",
					"pivot": [-5, 3.5, -5],
					"rotation": [0, 0, 12.5],
					"cubes": [
						{"origin": [-6, 2, -7], "size": [4, 3, 2], "uv": [0, 30]}
					]
				},
				{
					"name": "arm_left",
					"parent": "torso",
					"pivot": [5, 3.5, -5],
					"rotation": [0, 0, -12.5],
					"cubes": [
						{"origin": [2, 2, -7], "size": [4, 3, 2], "uv": [0, 30], "mirror": true}
					]
				}
			]
		}
	]
}