{
	"format_version": "1.12.0",
	"minecraft:geometry": [
		{
			"description": {
				"identifier": "geometry.regisculk",
				"texture_width": 256,
				"texture_height": 256,
				"visible_bounds_width": 5,
				"visible_bounds_height": 4.5,
				"visible_bounds_offset": [0, 1.75, 0]
			},
			"bones": [
				{
					"name": "regisculk",
					"pivot": [0, 0, 0]
				},
				{
					"name": "body",
					"parent": "regisculk",
					"pivot": [0, 22, 0]
				},
				{
					"name": "torso",
					"parent": "body",
					"pivot": [0, 0, 0],
					"cubes": [
						{"origin": [-8, 7, -7], "size": [16, 4, 15], "inflate": 0.01, "uv": [72, 76]}
					]
				},
				{
					"name": "torso2",
					"parent": "torso",
					"pivot": [0, 11, 0],
					"cubes": [
						{"origin": [-6.5, 11, -6], "size": [13, 9, 10], "uv": [50, 109]}
					]
				},
				{
					"name": "lower_spike_left",
					"parent": "torso2",
					"pivot": [3.5, 17.5, 4],
					"rotation": [15, 15, 0],
					"cubes": [
						{"origin": [1.5, 15.5, 4], "size": [4, 4, 6], "uv": [130, 131]}
					]
				},
				{
					"name": "lower_spike_left2",
					"parent": "lower_spike_left",
					"pivot": [3.5, 17, 9],
					"rotation": [25, 0, 0],
					"cubes": [
						{"origin": [2.5, 16, 9], "size": [2, 2, 5], "uv": [134, 76]}
					]
				},
				{
					"name": "lower_spike_right",
					"parent": "torso2",
					"pivot": [-3.5, 17.5, 4],
					"rotation": [15, -15, 0],
					"cubes": [
						{"origin": [-5.5, 15.5, 4], "size": [4, 4, 6], "uv": [130, 131], "mirror": true}
					]
				},
				{
					"name": "lower_spike_right2",
					"parent": "lower_spike_right",
					"pivot": [-3.5, 17, 9],
					"rotation": [25, 0, 0],
					"cubes": [
						{"origin": [-4.5, 16, 9], "size": [2, 2, 5], "uv": [134, 76], "mirror": true}
					]
				},
				{
					"name": "torso3",
					"parent": "torso2",
					"pivot": [0, 20, 0],
					"cubes": [
						{"origin": [-10.5, 23.5, -8.5], "size": [21, 18, 15], "inflate": 0.02, "uv": [0, 58]},
						{"origin": [-9, 20, -7], "size": [18, 4, 13], "inflate": 0.01, "uv": [82, 30]},
						{"origin": [-8, 41.5, -6.5], "size": [16, 3, 11], "inflate": 0.01, "uv": [50, 95]}
					]
				},
				{
					"name": "antenna",
					"parent": "torso3",
					"pivot": [0, 42, -1]
				},
				{
					"name": "antenna_left",
					"parent": "antenna",
					"pivot": [8, 42, -1],
					"cubes": [
						{"origin": [7, 40.5, -1], "size": [13, 15, 0], "uv": [64, 128]}
					]
				},
				{
					"name": "antenna_right",
					"parent": "antenna",
					"pivot": [-8, 42, -1],
					"cubes": [
						{"origin": [-20, 40.5, -1], "size": [13, 15, 0], "uv": [64, 128], "mirror": true}
					]
				},
				{
					"name": "eyes",
					"parent": "torso3",
					"pivot": [0, 32, -8.6]
				},
				{
					"name": "eye_center",
					"parent": "eyes",
					"pivot": [0, 28, -8.61],
					"cubes": [
						{"origin": [-1, 27, -8.61], "size": [2, 2, 0], "uv": [46, 114]}
					]
				},
				{
					"name": "eyelid_center",
					"parent": "eye_center",
					"pivot": [0, 28, -8.51],
					"cubes": [
						{"origin": [-1, 27, -8.51], "size": [2, 2, 1], "inflate": 0.01, "uv": [66, 91]}
					]
				},
				{
					"name": "eye_left",
					"parent": "eyes",
					"pivot": [2, 32, -8.61],
					"cubes": [
						{"origin": [1, 31, -8.61], "size": [2, 2, 0], "uv": [46, 116]}
					]
				},
				{
					"name": "eyelid_left",
					"parent": "eye_left",
					"pivot": [2, 32, -8.51],
					"cubes": [
						{"origin": [1, 31, -8.51], "size": [2, 2, 1], "inflate": 0.01, "uv": [128, 24]}
					]
				},
				{
					"name": "eye_left_top",
					"parent": "eyes",
					"pivot": [3, 35, -8.61],
					"cubes": [
						{"origin": [2, 34, -8.61], "size": [2, 2, 0], "uv": [46, 118]}
					]
				},
				{
					"name": "eyelid_left_top",
					"parent": "eye_left_top",
					"pivot": [3, 35, -8.51],
					"cubes": [
						{"origin": [2, 34, -8.51], "size": [2, 2, 1], "inflate": 0.01, "uv": [128, 27]}
					]
				},
				{
					"name": "eye_left_bottom",
					"parent": "eyes",
					"pivot": [3, 29, -8.61],
					"cubes": [
						{"origin": [2, 28, -8.61], "size": [2, 2, 0], "uv": [120, 28]}
					]
				},
				{
					"name": "eyelid_left_bottom",
					"parent": "eye_left_bottom",
					"pivot": [3, 29, -8.51],
					"cubes": [
						{"origin": [2, 28, -8.51], "size": [2, 2, 1], "inflate": 0.01, "uv": [90, 128]}
					]
				},
				{
					"name": "eye_right",
					"parent": "eyes",
					"pivot": [-2, 32, -8.61],
					"cubes": [
						{"origin": [-3, 31, -8.61], "size": [2, 2, 0], "uv": [46, 120]}
					]
				},
				{
					"name": "eyelid_right",
					"parent": "eye_right",
					"pivot": [-2, 32, -8.51],
					"cubes": [
						{"origin": [-3, 31, -8.51], "size": [2, 2, 1], "inflate": 0.01, "uv": [24, 130]}
					]
				},
				{
					"name": "eye_right_top",
					"parent": "eyes",
					"pivot": [-3, 35, -8.61],
					"cubes": [
						{"origin": [-4, 34, -8.61], "size": [2, 2, 0], "uv": [46, 122]}
					]
				},
				{
					"name": "eyelid_right_top",
					"parent": "eye_right_top",
					"pivot": [-3, 35, -8.51],
					"cubes": [
						{"origin": [-4, 34, -8.51], "size": [2, 2, 1], "inflate": 0.01, "uv": [24, 133]}
					]
				},
				{
					"name": "eye_right_bottom",
					"parent": "eyes",
					"pivot": [-3, 29, -8.61],
					"cubes": [
						{"origin": [-4, 28, -8.61], "size": [2, 2, 0], "uv": [124, 28]}
					]
				},
				{
					"name": "eyelid_right_bottom",
					"parent": "eye_right_bottom",
					"pivot": [-3, 29, -8.51],
					"cubes": [
						{"origin": [-4, 28, -8.51], "size": [2, 2, 1], "inflate": 0.01, "uv": [134, 24]}
					]
				},
				{
					"name": "arms",
					"parent": "torso3",
					"pivot": [0, 33, -0.5]
				},
				{
					"name": "shoulder_left",
					"parent": "arms",
					"pivot": [16, 30.5, -0.5],
					"cubes": [
						{"origin": [10, 26.5, -7.5], "size": [12, 10, 13], "uv": [0, 91]}
					]
				},
				{
					"name": "arm_left",
					"parent": "shoulder_left",
					"pivot": [16, 26.5, -1],
					"cubes": [
						{"origin": [12, 18.5, -5], "size": [8, 8, 8], "uv": [0, 114]}
					]
				},
				{
					"name": "arm_left2",
					"parent": "arm_left",
					"pivot": [16, 17.5, -1],
					"cubes": [
						{"origin": [12, 13.5, -5], "size": [8, 5, 8], "uv": [32, 128]}
					]
				},
				{
					"name": "hand_left",
					"parent": "arm_left2",
					"pivot": [16, 13.5, -1.25],
					"cubes": [
						{"origin": [11, 5.5, -6.25], "size": [10, 8, 10], "uv": [96, 113]},
						{"origin": [10, 0, -7.25], "size": [12, 6, 12], "uv": [104, 95]}
					]
				},
				{
					"name": "left_tendril_east",
					"parent": "hand_left",
					"pivot": [10, 0.1, -0.75],
					"cubes": [
						{"origin": [5, 0.1, -7.25], "size": [5, 0, 12], "uv": [120, 0]}
					]
				},
				{
					"name": "left_tendril_west",
					"parent": "hand_left",
					"pivot": [22, 0.1, -0.75],
					"cubes": [
						{"origin": [22, 0.1, -7.25], "size": [5, 0, 12], "uv": [120, 12]}
					]
				},
				{
					"name": "left_tendril_north",
					"parent": "hand_left",
					"pivot": [16, 0.1, -7.25],
					"cubes": [
						{"origin": [10, 0.1, -12.25], "size": [12, 0, 5], "uv": [118, 47]}
					]
				},
				{
					"name": "left_tendril_south",
					"parent": "hand_left",
					"pivot": [16, 0.1, 4.75],
					"cubes": [
						{"origin": [10, 0.1, 4.75], "size": [12, 0, 5], "uv": [118, 52]}
					]
				},
				{
					"name": "shoulder_right",
					"parent": "arms",
					"pivot": [-16, 30.5, -0.5],
					"cubes": [
						{"origin": [-22, 26.5, -7.5], "size": [12, 10, 13], "uv": [0, 91], "mirror": true}
					]
				},
				{
					"name": "arm_right",
					"parent": "shoulder_right",
					"pivot": [-16, 26.5, -1],
					"cubes": [
						{"origin": [-20, 18.5, -5], "size": [8, 8, 8], "uv": [0, 114], "mirror": true}
					]
				},
				{
					"name": "arm_right2",
					"parent": "arm_right",
					"pivot": [-16, 17.5, -1],
					"cubes": [
						{"origin": [-20, 13.5, -5], "size": [8, 5, 8], "uv": [32, 128], "mirror": true}
					]
				},
				{
					"name": "hand_right",
					"parent": "arm_right2",
					"pivot": [-16, 13.5, -1.25],
					"cubes": [
						{"origin": [-21, 5.5, -6.25], "size": [10, 8, 10], "uv": [96, 113], "mirror": true},
						{"origin": [-22, 0, -7.25], "size": [12, 6, 12], "uv": [104, 95], "mirror": true}
					]
				},
				{
					"name": "right_tendril_east",
					"parent": "hand_right",
					"pivot": [-10, 0.1, -0.75],
					"cubes": [
						{"origin": [-10, 0.1, -7.25], "size": [5, 0, 12], "uv": [120, 0], "mirror": true}
					]
				},
				{
					"name": "right_tendril_west",
					"parent": "hand_right",
					"pivot": [-22, 0.1, -0.75],
					"cubes": [
						{"origin": [-27, 0.1, -7.25], "size": [5, 0, 12], "uv": [120, 12], "mirror": true}
					]
				},
				{
					"name": "right_tendril_north",
					"parent": "hand_right",
					"pivot": [-16, 0.1, -7.25],
					"cubes": [
						{"origin": [-22, 0.1, -12.25], "size": [12, 0, 5], "uv": [118, 47], "mirror": true}
					]
				},
				{
					"name": "right_tendril_south",
					"parent": "hand_right",
					"pivot": [-16, 0.1, 4.75],
					"cubes": [
						{"origin": [-22, 0.1, 4.75], "size": [12, 0, 5], "uv": [118, 52], "mirror": true}
					]
				},
				{
					"name": "upper_spike_left",
					"parent": "torso3",
					"pivot": [5.5, 36.5, 6],
					"rotation": [15, 15, 0],
					"cubes": [
						{"origin": [3.5, 34.5, 6], "size": [4, 4, 6], "uv": [90, 131]}
					]
				},
				{
					"name": "upper_spike_left2",
					"parent": "upper_spike_left",
					"pivot": [5.5, 36, 11],
					"rotation": [25, 0, 0],
					"cubes": [
						{"origin": [4.5, 35, 11], "size": [2, 2, 5], "uv": [32, 114]}
					]
				},
				{
					"name": "upper_spike_right",
					"parent": "torso3",
					"pivot": [-5.5, 36.5, 6],
					"rotation": [15, -15, 0],
					"cubes": [
						{"origin": [-7.5, 34.5, 6], "size": [4, 4, 6], "uv": [90, 131], "mirror": true}
					]
				},
				{
					"name": "upper_spike_right2",
					"parent": "upper_spike_right",
					"pivot": [-5.5, 36, 11],
					"rotation": [25, 0, 0],
					"cubes": [
						{"origin": [-6.5, 35, 11], "size": [2, 2, 5], "uv": [32, 114], "mirror": true}
					]
				},
				{
					"name": "middle_spike_left",
					"parent": "torso3",
					"pivot": [6.5, 26.5, 6],
					"rotation": [15, 15, 0],
					"cubes": [
						{"origin": [4.5, 24.5, 6], "size": [4, 4, 6], "uv": [110, 131]}
					]
				},
				{
					"name": "middle_spike_left2",
					"parent": "middle_spike_left",
					"pivot": [6.5, 26, 11],
					"rotation": [25, 0, 0],
					"cubes": [
						{"origin": [5.5, 25, 11], "size": [2, 2, 5], "uv": [32, 121]}
					]
				},
				{
					"name": "middle_spike_right",
					"parent": "torso3",
					"pivot": [-6.5, 26.5, 6],
					"rotation": [15, -15, 0],
					"cubes": [
						{"origin": [-8.5, 24.5, 6], "size": [4, 4, 6], "uv": [110, 131], "mirror": true}
					]
				},
				{
					"name": "middle_spike_right2",
					"parent": "middle_spike_right",
					"pivot": [-6.5, 26, 11],
					"rotation": [25, 0, 0],
					"cubes": [
						{"origin": [-7.5, 25, 11], "size": [2, 2, 5], "uv": [32, 121], "mirror": true}
					]
				},
				{
					"name": "ribs",
					"parent": "torso3",
					"pivot": [0, 32, -8.8]
				},
				{
					"name": "ribs_right",
					"parent": "ribs",
					"pivot": [-9, 32, -8.6],
					"cubes": [
						{"origin": [-9, 33, -8.6], "size": [4, 2, 0], "uv": [50, 91]},
						{"origin": [-9, 29, -8.6], "size": [4, 2, 0], "uv": [58, 91]}
					]
				},
				{
					"name": "ribs_right2",
					"parent": "ribs",
					"pivot": [-7, 32, -8.6],
					"cubes": [
						{"origin": [-7, 25, -8.6], "size": [4, 2, 0], "uv": [50, 93]},
						{"origin": [-7, 37, -8.6], "size": [4, 2, 0], "uv": [58, 93]}
					]
				},
				{
					"name": "ribs_left",
					"parent": "ribs",
					"pivot": [9, 32, -8.6],
					"cubes": [
						{"origin": [5, 33, -8.6], "size": [4, 2, 0], "uv": [96, 109]},
						{"origin": [5, 29, -8.6], "size": [4, 2, 0], "uv": [96, 111]}
					]
				},
				{
					"name": "ribs_left2",
					"parent": "ribs",
					"pivot": [7, 32, -8.6],
					"cubes": [
						{"origin": [3, 25, -8.6], "size": [4, 2, 0], "uv": [120, 24]},
						{"origin": [3, 37, -8.6], "size": [4, 2, 0], "uv": [120, 26]}
					]
				},
				{
					"name": "tail",
					"parent": "torso",
					"pivot": [0, 7, 0],
					"cubes": [
						{"origin": [-10, 0, -9], "size": [20, 7, 21], "inflate": 0.01, "uv": [0, 30]},
						{"origin": [-15, 0, -15], "size": [30, 0, 30], "uv": [0, 0]}
					]
				},
				{
					"name": "tail2",
					"parent": "tail",
					"pivot": [0, 0, 12],
					"cubes": [
						{"origin": [-6, 0, 12], "size": [12, 4, 6], "uv": [82, 47]},
						{"origin": [-3, 0, 18], "size": [6, 2, 6], "uv": [0, 130]},
						{"origin": [-11, 0, 12], "size": [22, 0, 18], "uv": [72, 58]}
					]
				}
			]
		}
	]
}