{
	"format_version": "1.12.0",
	"minecraft:geometry": [
		{
			"description": {
				"identifier": "geometry.regional_eevee",
				"texture_width": 64,
				"texture_height": 64,
				"visible_bounds_width": 3,
				"visible_bounds_height": 2.5,
				"visible_bounds_offset": [0, 0.75, 0]
			},
			"bones": [
				{
					"name": "body",
					"pivot": [0, 0, -0.4]
				},
				{
					"name": "notlegs",
					"parent": "body",
					"pivot": [0, 7.5, 0]
				},
				{
					"name": "head",
					"parent": "notlegs",
					"pivot": [0, 10.4875, -5.9],
					"cubes": [
						{"origin": [-0.5, 10, -10.675], "size": [1, 1, 0], "uv": [4, 8]},
						{"origin": [-1, 9, -10.675], "size": [2, 1, 0], "uv": [0, 8]},
						{"origin": [-3, 9, -10.65], "size": [6, 2, 1], "uv": [46, 42]},
						{"origin": [-4, 8.25, -10], "size": [8, 8, 7], "uv": [31, 8]}
					]
				},
				{
					"name": "tuft",
					"parent": "head",
					"pivot": [0, 16.25, -7.25],
					"cubes": [
						{"origin": [-3.825, 10.25, -7], "size": [2, 6, 0], "pivot": [-3, 16.25, -6], "rotation": [0.26221, -38.11513, -90.08207], "uv": [25, 15]}
					]
				},
				{
					"name": "earr",
					"parent": "head",
					"pivot": [-3.98951, 16.2446, -5.49081],
					"cubes": [
						{"origin": [-6.3, 15.55, -6], "size": [4, 8, 0], "pivot": [-3, 16.25, -6], "rotation": [-35.13527, 3.9487, -40.5041], "uv": [0, 0]}
					]
				},
				{
					"name": "earl",
					"parent": "head",
					"pivot": [4, 16.25, -5.5],
					"cubes": [
						{"origin": [2.3, 15.55, -6], "size": [4, 8, 0], "pivot": [3, 16.25, -6], "rotation": [-35.13527, -3.9487, 40.5041], "uv": [54, 7]}
					]
				},
				{
					"name": "eyes",
					"parent": "head",
					"pivot": [0, 10.25, -10.675],
					"cubes": [
						{"origin": [1.5, 11, -10.025], "size": [2, 3, 0], "pivot": [2.5, 12.5, -10.025], "rotation": [-1.00001, 0.24996, -0.00436], "uv": [7, 15]},
						{"origin": [-3.5, 11, -10.025], "size": [2, 3, 0], "pivot": [-2.5, 12.5, -10.025], "rotation": [-1, -0.25, -0.0044], "uv": [0, 22]}
					]
				},
				{
					"name": "eyelids",
					"parent": "head",
					"pivot": [0, 10.25, -10.65],
					"cubes": [
						{"origin": [1.5, 11, -10], "size": [2, 1, 0], "pivot": [2.5, 12.5, -10], "rotation": [-1.00001, 0.24996, -0.00436], "uv": [6, 23]},
						{"origin": [-3.5, 11, -10], "size": [2, 1, 0], "pivot": [-2.5, 12.5, -10], "rotation": [-1, -0.25, -0.0044], "uv": [6, 22]}
					]
				},
				{
					"name": "chestfur",
					"parent": "notlegs",
					"pivot": [0, 7, -3.5],
					"cubes": [
						{"origin": [-5, 6, -9], "size": [10, 6, 9], "pivot": [0, 7, -3.5], "rotation": [35, 0, 0], "uv": [0, 0]},
						{"origin": [-1, 4.07447, -10.25707], "size": [2, 3, 2], "pivot": [0, 7.7, -9.475], "rotation": [-5, 0, 0], "uv": [25, 21]},
						{"origin": [-2, 3.34947, -10.40707], "size": [4, 4, 2], "pivot": [0, 7.7, -9.475], "rotation": [12.5, 0, 0], "uv": [34, 42]},
						{"origin": [3.05, 5.75639, -7.97648], "size": [2, 4, 3], "pivot": [5, 9.5, -6.5], "rotation": [34.3569, 7.13136, -10.29284], "uv": [24, 51]},
						{"origin": [-5.05, 5.75639, -7.97648], "size": [2, 4, 3], "pivot": [-5, 9.5, -6.5], "rotation": [34.3569, -7.13136, 10.29284], "uv": [0, 15]}
					]
				},
				{
					"name": "tail",
					"parent": "notlegs",
					"pivot": [0, 10.5, 2.1],
					"cubes": [
						{"origin": [-4, 7.95, -0.175], "size": [8, 10, 7], "inflate": -0.01, "pivot": [0, 7, 5], "rotation": [-30, 0, 0], "uv": [29, 25]},
						{"origin": [-1.5, 8.65, 3.275], "size": [3, 8, 3], "pivot": [0, 7, 5], "rotation": [-44.56145, 7.05302, 7.10708], "uv": [0, 32]},
						{"origin": [-1.5, 9.2, 2.85], "size": [3, 6, 3], "pivot": [0, 7, 5], "rotation": [-56.98387, -5.17577, -5.48806], "uv": [22, 42]}
					]
				},
				{
					"name": "torso",
					"parent": "notlegs",
					"pivot": [0, 7.5, -0.4],
					"cubes": [
						{"origin": [-3.5, 4.5, -5.9], "size": [7, 6, 11], "uv": [0, 15]}
					]
				},
				{
					"name": "fr",
					"parent": "body",
					"pivot": [-2.5, 6.64046, -4.00134]
				},
				{
					"name": "leg1",
					"parent": "fr",
					"pivot": [-2.5, 6.625, -3.925],
					"cubes": [
						{"origin": [-4, 3.66421, -5.19417], "size": [3, 3, 3], "pivot": [-2.5, 4, -3.5], "rotation": [5, 0, 0], "uv": [31, 48]}
					]
				},
				{
					"name": "leg2",
					"parent": "fr",
					"pivot": [-2.5, 4.2, -3.625],
					"cubes": [
						{"origin": [-4, -0.525, -6], "size": [3, 3, 3], "inflate": -0.01, "pivot": [-2.5, 0, 2.5], "rotation": [-15, 0, 0], "uv": [0, 50]}
					]
				},
				{
					"name": "foot",
					"parent": "fr",
					"pivot": [-2.5, 0, -4.5],
					"cubes": [
						{"origin": [-4, 0, -6], "size": [3, 2, 3], "uv": [52, 48]}
					]
				},
				{
					"name": "fl",
					"parent": "body",
					"pivot": [2.5, 6.64046, -4.00134]
				},
				{
					"name": "leg3",
					"parent": "fl",
					"pivot": [2.5, 6.625, -3.925],
					"cubes": [
						{"origin": [1, 3.66421, -5.19417], "size": [3, 3, 3], "pivot": [-2.5, 4, -3.5], "rotation": [5, 0, 0], "uv": [43, 45]}
					]
				},
				{
					"name": "leg4",
					"parent": "fl",
					"pivot": [2.5, 4.2, -3.625],
					"cubes": [
						{"origin": [1, -0.525, -6], "size": [3, 3, 3], "inflate": -0.01, "pivot": [-2.5, 0, 2.5], "rotation": [-15, 0, 0], "uv": [12, 50]}
					]
				},
				{
					"name": "foot2",
					"parent": "fl",
					"pivot": [2.5, 0, -4.5],
					"cubes": [
						{"origin": [1, 0, -6], "size": [3, 2, 3], "uv": [0, 56]}
					]
				},
				{
					"name": "br",
					"parent": "body",
					"pivot": [-2.5, 9.17789, 1.92768]
				},
				{
					"name": "leg5",
					"parent": "br",
					"pivot": [-2.5, 5, 4.75],
					"cubes": [
						{"origin": [-4, 4.78214, 1.17021], "size": [3, 5, 4], "pivot": [-2.5, 5, 4.75], "rotation": [15.75, 0, 0], "uv": [8, 41]}
					]
				},
				{
					"name": "leg6",
					"parent": "br",
					"pivot": [-2.5, 5.1, 4.425],
					"cubes": [
						{"origin": [-4, 1.25, 1.55], "size": [3, 4, 3], "inflate": -0.01, "pivot": [-2.5, 0, 3.25], "rotation": [-15, 0, 0], "uv": [41, 0]}
					]
				},
				{
					"name": "foot3",
					"parent": "br",
					"pivot": [-2.5, 0, 3.25],
					"cubes": [
						{"origin": [-4, 0, 1.75], "size": [3, 2, 3], "uv": [40, 51]}
					]
				},
				{
					"name": "bl",
					"parent": "body",
					"pivot": [2.5, 9.17789, 1.92768]
				},
				{
					"name": "leg7",
					"parent": "bl",
					"pivot": [-2.5, 5, 4.75],
					"cubes": [
						{"origin": [1, 4.78214, 1.17021], "size": [3, 5, 4], "pivot": [-2.5, 5, 4.75], "rotation": [15.75, 0, 0], "uv": [12, 32]}
					]
				},
				{
					"name": "leg8",
					"parent": "bl",
					"pivot": [2.5, 5.09102, 4.42298],
					"cubes": [
						{"origin": [1, 1.19102, 2.39798], "size": [3, 4, 3], "inflate": -0.01, "pivot": [2.5, 3.19102, 3.89798], "rotation": [-15, 0, 0], "uv": [29, 0]}
					]
				},
				{
					"name": "foot4",
					"parent": "bl",
					"pivot": [2.5, 0, 3.25],
					"cubes": [
						{"origin": [1, 0, 1.75], "size": [3, 2, 3], "uv": [52, 23]}
					]
				}
			]
		}
	]
}