{
	"format_version": "1.12.0",
	"minecraft:geometry": [
		{
			"description": {
				"identifier": "geometry.slugrit",
				"texture_width": 64,
				"texture_height": 64,
				"visible_bounds_width": 3,
				"visible_bounds_height": 3.5,
				"visible_bounds_offset": [0, 1.25, 0]
			},
			"bones": [
				{
					"name": "slugrit",
					"pivot": [0, 0, 0]
				},
				{
					"name": "body",
					"parent": "slugrit",
					"pivot": [0, 0, 0]
				},
				{
					"name": "torso",
					"parent": "body",
					"pivot": [0, 0, 0]
				},
				{
					"name": "torso_front",
					"parent": "torso",
					"pivot": [0, 3, -2],
					"cubes": [
						{"origin": [-4, 0, -8], "size": [8, 5, 11], "uv": [0, 0]},
						{"origin": [-6, 0.05, -12.5], "size": [12, 0, 17], "pivot": [0, 0.05, -4], "rotation": [0, -90, 0], "uv": [1, 47]},
						{"origin": [-3, 5, -1], "size": [3, 2, 3], "uv": [27, 6]},
						{"origin": [-2.5, 7, -0.5], "size": [2, 2, 2], "uv": [0, 7]},
						{"origin": [-2, 9, 0], "size": [1, 2, 1], "uv": [6, 6]},
						{"origin": [1.5, 7, -4.5], "size": [1, 2, 1], "uv": [6, 6]},
						{"origin": [1.01, 5, -5], "size": [2, 2, 2], "uv": [0, 7]}
					]
				},
				{
					"name": "torso_back",
					"parent": "torso",
					"pivot": [0, 1, 0],
					"cubes": [
						{"origin": [-6, 0, -6], "size": [12, 3, 13], "uv": [0, 16]},
						{"origin": [-5.5, 0.04, -2], "size": [11, 0, 17], "pivot": [0, 0.05, 6.5], "rotation": [0, -90, 0], "uv": [25, 47]},
						{"origin": [0, 3, 4], "size": [2, 2, 2], "uv": [0, 7]},
						{"origin": [0.5, 5, 4.5], "size": [1, 2, 1], "uv": [6, 6]}
					]
				},
				{
					"name": "neck",
					"parent": "torso",
					"pivot": [0, 2.5, -5.5],
					"rotation": [35, 0, 0],
					"cubes": [
						{"origin": [-3, 2, -8.5], "size": [6, 9, 6], "uv": [40, 0]}
					]
				},
				{
					"name": "head",
					"parent": "neck",
					"pivot": [0, 9, -5.5],
					"rotation": [-37.5, 0, 0],
					"cubes": [
						{"origin": [-4, 9.5, -12.25], "size": [8, 4, 11], "uv": [21, 32]}
					]
				},
				{
					"name": "jaw",
					"parent": "head",
					"pivot": [0, 8.5, -8],
					"cubes": [
						{"origin": [-3, 8.25, -12], "size": [6, 2, 5], "inflate": 0.01, "pivot": [0, 9, -9.5], "rotation": [-20, 0, 0], "uv": [37, 22]}
					]
				},
				{
					"name": "eyes",
					"parent": "head",
					"pivot": [3, 14, -8.5]
				},
				{
					"name": "eye_left",
					"parent": "eyes",
					"pivot": [3, 14, -8.5],
					"cubes": [
						{"origin": [1.65, 12.75, -10], "size": [3, 2, 5], "pivot": [3, 14, -8.5], "rotation": [25, 3, 22], "uv": [48, 36]}
					]
				},
				{
					"name": "eyelid_left",
					"parent": "eye_left",
					"pivot": [3, 14, -8.5],
					"cubes": [
						{"origin": [1.65, 12.75, -10], "size": [3, 1, 5], "inflate": 0.01, "pivot": [3, 14, -8.5], "rotation": [25, 3, 22], "uv": [37, 16]}
					]
				},
				{
					"name": "eye_right",
					"parent": "eyes",
					"pivot": [-3, 14, -8.5],
					"cubes": [
						{"origin": [-4.65, 12.75, -10], "size": [3, 2, 5], "pivot": [-3, 14, -8.5], "rotation": [25, -3, -22], "uv": [48, 29]}
					]
				},
				{
					"name": "eyelid_right",
					"parent": "eye_right",
					"pivot": [-3, 14, -8.5],
					"cubes": [
						{"origin": [-4.65, 12.75, -10], "size": [3, 1, 5], "inflate": 0.01, "pivot": [-3, 14, -8.5], "rotation": [25, -3, -22], "uv": [48, 15], "mirror": true}
					]
				},
				{
					"name": "flame_left",
					"parent": "head",
					"pivot": [1.5, 14.25, -9],
					"rotation": [-82, 32, -18],
					"cubes": [
						{"origin": [-1, 17.5, -10], "size": [8, 0, 14], "pivot": [1.5, 16.75, -3], "rotation": [25, 0.5, 40], "uv": [-14, 50], "mirror": true}
					]
				},
				{
					"name": "flame_right",
					"parent": "head",
					"pivot": [-1.5, 13.25, -9],
					"rotation": [-82, -32, 18],
					"cubes": [
						{"origin": [-7, 17.5, -10], "size": [8, 0, 14], "pivot": [-1.5, 15.75, -3], "rotation": [25, -0.5, -40], "uv": [-14, 36]}
					]
				},
				{
					"name": "droplets",
					"parent": "head",
					"pivot": [0, 10, -10.5]
				},
				{
					"name": "droplet_left",
					"parent": "droplets",
					"pivot": [3.25, 10, -10.5],
					"cubes": [
						{"origin": [2.75, 4.5, -11], "size": [1, 5, 1], "uv": [0, 17]},
						{"origin": [2.25, 6.5, -11.5], "size": [2, 3, 2], "uv": [4, 18]}
					]
				},
				{
					"name": "droplet_right",
					"parent": "droplets",
					"pivot": [-3.25, 10, -10.5],
					"cubes": [
						{"origin": [-3.75, 4.5, -11], "size": [1, 5, 1], "uv": [0, 23]},
						{"origin": [-4.25, 6.5, -11.5], "size": [2, 3, 2], "uv": [4, 24], "mirror": true}
					]
				}
			]
		}
	]
}