{
	"format_version": "1.12.0",
	"minecraft:geometry": [
		{
			"description": {
				"identifier": "geometry.starstellation",
				"texture_width": 64,
				"texture_height": 64,
				"visible_bounds_width": 3,
				"visible_bounds_height": 3.5,
				"visible_bounds_offset": [0, 1.25, 0]
			},
			"bones": [
				{
					"name": "starstellation",
					"pivot": [0, 0, 0]
				},
				{
					"name": "body",
					"parent": "starstellation",
					"pivot": [0, 13.5, -1.25],
					"cubes": [
						{"origin": [-3, 10.25, -3.25], "size": [6, 6, 1], "inflate": 0.01, "uv": [28, 28]},
						{"origin": [-0.5, 16.25, -3.25], "size": [1, 2, 1], "uv": [22, 7]},
						{"origin": [1.75, 15.5, -3.25], "size": [1, 2, 1], "pivot": [2.25, 15.5, -3.25], "rotation": [0, 0, 45], "uv": [20, 0]},
						{"origin": [3, 12.75, -3.25], "size": [2, 1, 1], "uv": [0, 2]},
						{"origin": [1.75, 9, -3.25], "size": [1, 2, 1], "pivot": [2.25, 11, -2.75], "rotation": [0, 0, -45], "uv": [16, 0]},
						{"origin": [-0.5, 8.25, -3.25], "size": [1, 2, 1], "uv": [16, 3]},
						{"origin": [-2.75, 9, -3.25], "size": [1, 2, 1], "pivot": [-2.25, 11, -2.75], "rotation": [0, 0, 45], "uv": [11, 11]},
						{"origin": [-5, 12.75, -3.25], "size": [2, 1, 1], "uv": [0, 0]},
						{"origin": [-2.75, 15.5, -3.25], "size": [1, 2, 1], "pivot": [-2.25, 15.5, -2.75], "rotation": [0, 0, -45], "uv": [11, 18]},
						{"origin": [-2, 11.25, -3.75], "size": [4, 4, 1], "uv": [34, 40]}
					]
				},
				{
					"name": "back",
					"parent": "body",
					"pivot": [0, 13.25, 0.25],
					"cubes": [
						{"origin": [-2.5, 11, -2.5], "size": [5, 5, 6], "uv": [0, 0]},
						{"origin": [-2, 11.5, 3.5], "size": [4, 4, 1], "uv": [42, 16]}
					]
				},
				{
					"name": "leg_back_left",
					"parent": "back",
					"pivot": [1.5, 13.5, 2],
					"rotation": [0, -2.5, 0],
					"cubes": [
						{"origin": [1.5, 12.5, 0.5], "size": [4, 2, 2], "uv": [15, 18]}
					]
				},
				{
					"name": "leg_back_left2",
					"parent": "leg_back_left",
					"pivot": [4.5, 13.5, 2],
					"rotation": [0, -2.5, 0],
					"cubes": [
						{"origin": [5.5, 13, 1], "size": [2, 1, 1], "uv": [37, 36]}
					]
				},
				{
					"name": "leg_back_right",
					"parent": "back",
					"pivot": [-1.5, 13.5, 2],
					"rotation": [0, 2.5, 0],
					"cubes": [
						{"origin": [-5.5, 12.5, 0.5], "size": [4, 2, 2], "uv": [15, 18], "mirror": true}
					]
				},
				{
					"name": "leg_back_right2",
					"parent": "leg_back_right",
					"pivot": [-4.5, 13.5, 2],
					"rotation": [0, 2.5, 0],
					"cubes": [
						{"origin": [-7.5, 13, 1], "size": [2, 1, 1], "uv": [37, 36], "mirror": true}
					]
				},
				{
					"name": "arm_back_right",
					"parent": "back",
					"pivot": [-0.5, 14.25, 2],
					"rotation": [0, 2.5, 60],
					"cubes": [
						{"origin": [-5.5, 13.25, 0.5], "size": [4, 2, 2], "uv": [42, 21]}
					]
				},
				{
					"name": "arm_back_right2",
					"parent": "arm_back_right",
					"pivot": [-3.5, 14.25, 2],
					"rotation": [0, 2.5, 0],
					"cubes": [
						{"origin": [-7.5, 13.75, 1], "size": [2, 1, 1], "uv": [37, 38]}
					]
				},
				{
					"name": "arm_back_bottom_right",
					"parent": "back",
					"pivot": [-0.5, 12.75, 2],
					"rotation": [0, 2.5, -60],
					"cubes": [
						{"origin": [-5.5, 11.75, 0.5], "size": [4, 2, 2], "uv": [42, 21]}
					]
				},
				{
					"name": "arm_back_bottom_right2",
					"parent": "arm_back_bottom_right",
					"pivot": [-3.5, 12.75, 2],
					"rotation": [0, 2.5, 0],
					"cubes": [
						{"origin": [-7.5, 12.25, 1], "size": [2, 1, 1], "uv": [37, 38]}
					]
				},
				{
					"name": "arm_back_bottom_left",
					"parent": "back",
					"pivot": [0.5, 12.75, 2],
					"rotation": [0, -2.5, 60],
					"cubes": [
						{"origin": [1.5, 11.75, 0.5], "size": [4, 2, 2], "uv": [42, 21], "mirror": true}
					]
				},
				{
					"name": "arm_back_bottom_left2",
					"parent": "arm_back_bottom_left",
					"pivot": [3.5, 12.75, 2],
					"rotation": [0, -2.5, 0],
					"cubes": [
						{"origin": [5.5, 12.25, 1], "size": [2, 1, 1], "uv": [37, 38], "mirror": true}
					]
				},
				{
					"name": "arm_back_left",
					"parent": "back",
					"pivot": [0.5, 14.25, 2],
					"rotation": [0, -2.5, -60],
					"cubes": [
						{"origin": [1.5, 13.25, 0.5], "size": [4, 2, 2], "uv": [42, 21], "mirror": true}
					]
				},
				{
					"name": "arm_back_left2",
					"parent": "arm_back_left",
					"pivot": [3.5, 14.25, 2],
					"rotation": [0, -2.5, 0],
					"cubes": [
						{"origin": [5.5, 13.75, 1], "size": [2, 1, 1], "uv": [37, 38], "mirror": true}
					]
				},
				{
					"name": "arm_top",
					"parent": "body",
					"pivot": [0, 15.5, -0.65],
					"cubes": [
						{"origin": [-2, 15.5, -2.15], "size": [4, 4, 3], "uv": [28, 21]}
					]
				},
				{
					"name": "arm_top2",
					"parent": "arm_top",
					"pivot": [0, 18.5, -0.65],
					"cubes": [
						{"origin": [-1.5, 18.5, -1.65], "size": [3, 4, 2], "uv": [24, 40]},
						{"origin": [-0.5, 22.5, -1.15], "size": [1, 2, 1], "uv": [27, 21]}
					]
				},
				{
					"name": "arm_bottom",
					"parent": "body",
					"pivot": [0, 11.5, -0.65],
					"cubes": [
						{"origin": [-2, 7.5, -2.15], "size": [4, 4, 3], "uv": [28, 21]}
					]
				},
				{
					"name": "arm_bottom2",
					"parent": "arm_bottom",
					"pivot": [0, 8.5, -0.65],
					"cubes": [
						{"origin": [-1.5, 4.5, -1.65], "size": [3, 4, 2], "uv": [24, 40]},
						{"origin": [-1, 2.5, -1.15], "size": [2, 2, 1], "uv": [11, 25]},
						{"origin": [-0.5, 0.5, -1.15], "size": [1, 2, 1], "uv": [48, 0]}
					]
				},
				{
					"name": "arm_left",
					"parent": "body",
					"pivot": [1.5, 14.5, -0.25],
					"rotation": [0, 0, -35],
					"cubes": [
						{"origin": [1.5, 12.5, -2.25], "size": [4, 4, 3], "uv": [28, 14]}
					]
				},
				{
					"name": "arm_left2",
					"parent": "arm_left",
					"pivot": [4.5, 14.5, -0.75],
					"cubes": [
						{"origin": [4.5, 13, -1.75], "size": [4, 3, 2], "uv": [12, 38]},
						{"origin": [8.5, 14, -1.25], "size": [2, 1, 1], "uv": [14, 22]}
					]
				},
				{
					"name": "arm_right",
					"parent": "body",
					"pivot": [-1.5, 14.5, -0.25],
					"rotation": [0, 0, 35],
					"cubes": [
						{"origin": [-5.5, 12.5, -2.25], "size": [4, 4, 3], "uv": [14, 25]}
					]
				},
				{
					"name": "arm_right2",
					"parent": "arm_right",
					"pivot": [-4.5, 14.5, -0.75],
					"cubes": [
						{"origin": [-8.5, 13, -1.75], "size": [4, 3, 2], "uv": [0, 37]},
						{"origin": [-10.5, 14, -1.25], "size": [2, 1, 1], "uv": [20, 22]}
					]
				},
				{
					"name": "leg_left",
					"parent": "body",
					"pivot": [1, 12.5, -0.25],
					"rotation": [0, 0, 35],
					"cubes": [
						{"origin": [1, 10.5, -2.25], "size": [4, 4, 3], "uv": [0, 25]}
					]
				},
				{
					"name": "leg_left2",
					"parent": "leg_left",
					"pivot": [5, 12.5, -0.75],
					"cubes": [
						{"origin": [4, 11, -1.75], "size": [4, 3, 2], "uv": [36, 5]},
						{"origin": [8, 12, -1.25], "size": [2, 1, 1], "uv": [14, 22]}
					]
				},
				{
					"name": "leg_right",
					"parent": "body",
					"pivot": [-1, 12.5, -0.25],
					"rotation": [0, 0, -35],
					"cubes": [
						{"origin": [-5, 10.5, -2.25], "size": [4, 4, 3], "uv": [25, 7]}
					]
				},
				{
					"name": "leg_right2",
					"parent": "leg_right",
					"pivot": [-5, 12.5, -0.75],
					"cubes": [
						{"origin": [-8, 11, -1.75], "size": [4, 3, 2], "uv": [36, 0]},
						{"origin": [-10, 12, -1.25], "size": [2, 1, 1], "uv": [20, 22]}
					]
				}
			]
		}
	]
}