{
	"format_version": "1.12.0",
	"minecraft:geometry": [
		{
			"description": {
				"identifier": "geometry.tangela_lush",
				"texture_width": 64,
				"texture_height": 64,
				"visible_bounds_width": 2,
				"visible_bounds_height": 2.5,
				"visible_bounds_offset": [0, 0.75, 0]
			},
			"bones": [
				{
					"name": "tangela",
					"pivot": [0, 0, 0]
				},
				{
					"name": "body",
					"parent": "tangela",
					"pivot": [0, 5, 0],
					"cubes": [
						{"origin": [-5, 1.75, -4], "size": [10, 8, 8], "uv": [0, 0]},
						{"origin": [-5, 1.75, -4], "size": [10, 8, 8], "inflate": 0.25, "uv": [28, 48]},
						{"origin": [-7, 4.25, -5], "size": [14, 0, 10], "uv": [-10, 40]},
						{"origin": [-7, 7, -5], "size": [14, 0, 10], "pivot": [0, 7.5, 0], "rotation": [180, 0, 0], "uv": [-10, 40]},
						{"origin": [-7, 0.75, 1.25], "size": [14, 11, 0], "pivot": [0, 6.25, 1.75], "rotation": [0, 180, 0], "uv": [0, 29]},
						{"origin": [-7, 0.75, -2.25], "size": [14, 11, 0], "uv": [0, 29]},
						{"origin": [-4, 2, -3], "size": [8, 7, 6], "uv": [0, 16]},
						{"origin": [0.5, 3.75, -3.075], "size": [3, 3, 0], "pivot": [1.75, 5.75, -3.075], "rotation": [0, 0, 2.5], "uv": [32, 24]},
						{"origin": [-3.5, 3.75, -3.075], "size": [3, 3, 0], "pivot": [-1.75, 5.75, -3.075], "rotation": [0, 0, -2.5], "uv": [32, 24], "mirror": true}
					]
				},
				{
					"name": "stem",
					"parent": "body",
					"pivot": [-2, 9.75, -1],
					"rotation": [0, -45, 0],
					"cubes": [
						{"origin": [-3.5, 9.75, -1], "size": [3, 6, 0], "uv": [28, 0]},
						{"origin": [-4, 9.75, -0.5], "size": [3, 6, 0], "pivot": [-2, 10.75, -0.5], "rotation": [0, -90, 0], "uv": [28, 0]}
					]
				},
				{
					"name": "leaf",
					"parent": "stem",
					"pivot": [-2, 15.75, -1],
					"rotation": [0.4, 47.5, -21],
					"cubes": [
						{"origin": [-5, 15.75, -4], "size": [4, 0, 4], "uv": [36, 0]},
						{"origin": [-5, 14.75, -4], "size": [4, 1, 0], "uv": [40, 4]},
						{"origin": [-5, 14.75, 0], "size": [4, 1, 0], "uv": [40, 5]},
						{"origin": [-1, 14.75, -4], "size": [0, 1, 4], "uv": [40, 1]},
						{"origin": [-5, 14.75, -4], "size": [0, 1, 4], "uv": [40, 0], "mirror": true}
					]
				},
				{
					"name": "flower_stem",
					"parent": "body",
					"pivot": [2, 9.75, 1.5],
					"cubes": [
						{"origin": [0, 9.75, 1.5], "size": [4, 4, 0], "uv": [48, 3], "mirror": true},
						{"origin": [0, 9.75, 1.5], "size": [4, 4, 0], "pivot": [2, 10.75, 1.5], "rotation": [0, -90, 0], "uv": [48, 3], "mirror": true}
					]
				},
				{
					"name": "eyelids",
					"parent": "body",
					"pivot": [0, 5.23957, -2.325],
					"cubes": [
						{"origin": [0.5, 3.75, -2.825], "size": [3, 3, 1], "pivot": [1.75, 5.75, -2.825], "rotation": [0, 0, 2.5], "uv": [40, 11]},
						{"origin": [-3.5, 3.75, -2.825], "size": [3, 3, 1], "pivot": [-1.75, 5.75, -2.825], "rotation": [0, 0, -2.5], "uv": [40, 11], "mirror": true}
					]
				},
				{
					"name": "leftfoot",
					"parent": "tangela",
					"pivot": [-2.25, 2, 0.5],
					"rotation": [0, 10, 0],
					"cubes": [
						{"origin": [-3.75, 0, -4], "size": [3, 1, 6], "uv": [28, 0]},
						{"origin": [-3.25, 1, -0.5], "size": [2, 1, 2], "uv": [0, 3]}
					]
				},
				{
					"name": "rightfoot",
					"parent": "tangela",
					"pivot": [2.25, 2, 0.5],
					"rotation": [0, -10, 0],
					"cubes": [
						{"origin": [0.75, 0, -4], "size": [3, 1, 6], "uv": [28, 0], "mirror": true},
						{"origin": [1.25, 1, -0.5], "size": [2, 1, 2], "uv": [0, 3], "mirror": true}
					]
				}
			]
		}
	]
}