{
	"format_version": "1.12.0",
	"minecraft:geometry": [
		{
			"description": {
				"identifier": "geometry.trevenant_pale",
				"texture_width": 128,
				"texture_height": 128,
				"visible_bounds_width": 6,
				"visible_bounds_height": 5.5,
				"visible_bounds_offset": [0, 2.25, 0]
			},
			"bones": [
				{
					"name": "trevenant",
					"pivot": [0, 0, 0]
				},
				{
					"name": "body",
					"parent": "trevenant",
					"pivot": [0, 12, 0]
				},
				{
					"name": "torso",
					"parent": "body",
					"pivot": [0, 2, 0],
					"cubes": [
						{"origin": [-3.5, 12.5, 3.5], "size": [7, 3, 0], "uv": [29, 52]},
						{"origin": [-3.5, 12.5, -3.5], "size": [7, 3, 0], "uv": [29, 45]},
						{"origin": [-3.5, 9.5, -3.5], "size": [7, 3, 7], "uv": [0, 48]},
						{"origin": [-5, 1.5, -4.5], "size": [10, 8, 9], "uv": [0, 58]},
						{"origin": [-3.5, 12.5, -3.5], "size": [0, 2, 7], "uv": [29, 41]},
						{"origin": [3.5, 12.5, -3.5], "size": [0, 2, 7], "uv": [29, 43]},
						{"origin": [-3.5, -3, 0], "size": [7, 5, 0], "pivot": [0, 2, 0], "rotation": [0, 40, 0], "uv": [14, 75]},
						{"origin": [-3.5, -3, 0], "size": [7, 5, 0], "pivot": [0, -1, 0], "rotation": [0, -40, 0], "uv": [0, 75]}
					]
				},
				{
					"name": "waist",
					"parent": "torso",
					"pivot": [0, 11, 0],
					"cubes": [
						{"origin": [-3, 12, -3], "size": [6, 6, 6], "uv": [0, 13]}
					]
				},
				{
					"name": "chest",
					"parent": "waist",
					"pivot": [0, 18, 0],
					"cubes": [
						{"origin": [-3.5, 18, -3.5], "size": [7, 6, 7], "uv": [0, 35]},
						{"origin": [-7, 24, -1.5], "size": [7, 0, 2], "pivot": [-3.5, 24, 0], "rotation": [0, 90, 70], "uv": [64, 12]},
						{"origin": [-3.5, 24, -5], "size": [7, 0, 2], "pivot": [0, 24, -3.5], "rotation": [-70, 0, 0], "uv": [64, 6]},
						{"origin": [-3.5, 18, -6], "size": [7, 0, 3], "pivot": [0, 18, -3.5], "rotation": [85, 0, 0], "uv": [26, 55]},
						{"origin": [-3.5, 18, 3], "size": [7, 0, 3], "pivot": [0, 18, 3.5], "rotation": [-85, 0, 0], "uv": [26, 64]},
						{"origin": [-7, 18, -2.5], "size": [7, 0, 3], "pivot": [-3.5, 18, 0], "rotation": [0, 90, -85], "uv": [26, 61]},
						{"origin": [0, 18, -2.5], "size": [7, 0, 3], "pivot": [3.5, 18, 0], "rotation": [0, -90, 85], "uv": [26, 58]},
						{"origin": [0, 24, -1.5], "size": [7, 0, 2], "pivot": [3.5, 24, 0], "rotation": [0, -90, -70], "uv": [64, 8]},
						{"origin": [-3.5, 24, 2], "size": [7, 0, 2], "pivot": [0, 24, 3.5], "rotation": [-110, 0, 0], "uv": [64, 10]}
					]
				},
				{
					"name": "waist2",
					"parent": "chest",
					"pivot": [0, 24, 0],
					"cubes": [
						{"origin": [-3, 24, -3], "size": [6, 5, 6], "uv": [0, 13]}
					]
				},
				{
					"name": "chest2",
					"parent": "waist2",
					"pivot": [0, 29, 0],
					"cubes": [
						{"origin": [-3.5, 29, -3.5], "size": [7, 6, 7], "uv": [0, 35]},
						{"origin": [-7, 35, -1.5], "size": [7, 0, 2], "pivot": [-3.5, 35, 0], "rotation": [0, 90, 70], "uv": [64, 12]},
						{"origin": [-3.5, 35, -5], "size": [7, 0, 2], "pivot": [0, 35, -3.5], "rotation": [-70, 0, 0], "uv": [64, 6]},
						{"origin": [-3.5, 29, -6], "size": [7, 0, 3], "pivot": [0, 29, -3.5], "rotation": [85, 0, 0], "uv": [26, 55]},
						{"origin": [-3.5, 29, 3], "size": [7, 0, 3], "pivot": [0, 29, 3.5], "rotation": [-85, 0, 0], "uv": [26, 64]},
						{"origin": [-7, 29, -2.5], "size": [7, 0, 3], "pivot": [-3.5, 29, 0], "rotation": [0, 90, -85], "uv": [26, 61]},
						{"origin": [0, 29, -2.5], "size": [7, 0, 3], "pivot": [3.5, 29, 0], "rotation": [0, -90, 85], "uv": [26, 58]},
						{"origin": [0, 35, -1.5], "size": [7, 0, 2], "pivot": [3.5, 35, 0], "rotation": [0, -90, -70], "uv": [64, 8]},
						{"origin": [-3.5, 35, 2], "size": [7, 0, 2], "pivot": [0, 35, 3.5], "rotation": [-110, 0, 0], "uv": [64, 10]}
					]
				},
				{
					"name": "right_arm",
					"parent": "chest2",
					"pivot": [-3.5, 33, 0],
					"cubes": [
						{"origin": [-6.5, 32, -1], "size": [4, 2, 2], "uv": [23, 27]}
					]
				},
				{
					"name": "right_arm_log",
					"parent": "right_arm",
					"pivot": [-7.5, 33, 0],
					"cubes": [
						{"origin": [-6.5, 31.5, -1.5], "size": [1, 3, 0], "uv": [49, 29]},
						{"origin": [-9.5, 31.5, -1.5], "size": [1, 3, 0], "uv": [47, 29]},
						{"origin": [-9.5, 34.5, -1.5], "size": [1, 0, 3], "uv": [46, 32]},
						{"origin": [-6.5, 34.5, -1.5], "size": [1, 0, 3], "uv": [44, 32]},
						{"origin": [-9.5, 31.5, 1.5], "size": [1, 3, 0], "uv": [49, 35]},
						{"origin": [-6.5, 31.5, 1.5], "size": [1, 3, 0], "uv": [51, 35]},
						{"origin": [-6.5, 31.5, -1.5], "size": [1, 0, 3], "uv": [48, 38]},
						{"origin": [-9.5, 31.5, -1.5], "size": [1, 0, 3], "uv": [46, 38]},
						{"origin": [-8.5, 31.5, -1.5], "size": [2, 3, 3], "uv": [24, 31]}
					]
				},
				{
					"name": "right_arm_vine",
					"parent": "right_arm_log",
					"pivot": [-7.5, 31.5, 0],
					"cubes": [
						{"origin": [-9.5, 25.5, 0], "size": [4, 6, 0], "uv": [98, 22]}
					]
				},
				{
					"name": "right_arm_leaf",
					"parent": "right_arm_log",
					"pivot": [-7.5, 34.5, 0],
					"cubes": [
						{"origin": [-8, 34.5, 0], "size": [1, 2, 0], "uv": [126, 70]}
					]
				},
				{
					"name": "right_elbow",
					"parent": "right_arm_log",
					"pivot": [-8.5, 33, 0],
					"cubes": [
						{"origin": [-13.5, 32, -1], "size": [5, 2, 2], "uv": [21, 37]}
					]
				},
				{
					"name": "right_elbow_log",
					"parent": "right_elbow",
					"pivot": [-12.5, 33, 0],
					"cubes": [
						{"origin": [-15.5, 31.5, -1.5], "size": [3, 3, 3], "uv": [48, 41]},
						{"origin": [-12.5, 31.5, -1.5], "size": [1, 3, 0], "uv": [55, 29]},
						{"origin": [-12.5, 31.5, 1.5], "size": [1, 3, 0], "uv": [55, 32]},
						{"origin": [-22.5, 31, -2], "size": [7, 4, 4], "uv": [43, 47]},
						{"origin": [-12.5, 34.5, -1.5], "size": [1, 0, 3], "uv": [54, 29]},
						{"origin": [-12.5, 31.5, -1.5], "size": [1, 0, 3], "uv": [54, 32]}
					]
				},
				{
					"name": "right_bracelet",
					"parent": "right_elbow_log",
					"pivot": [-20.5, 33, 0],
					"cubes": [
						{"origin": [-20.5, 27.5, -5.5], "size": [0, 11, 11], "pivot": [-20.5, 34, 0], "rotation": [0, 33, 0], "uv": [106, 22]},
						{"origin": [-20.5, 27.5, -5.5], "size": [0, 11, 11], "pivot": [-20.5, 34, 0], "rotation": [0, -33, 0], "uv": [106, 0]}
					]
				},
				{
					"name": "right_bracelet_vine",
					"parent": "right_bracelet",
					"pivot": [-20.5, 27.5, 0],
					"rotation": [0, 33, 0],
					"cubes": [
						{"origin": [-20.5, 21.5, -3.5], "size": [0, 6, 7], "uv": [112, 37]},
						{"origin": [-20.5, 21.5, -3.5], "size": [0, 6, 7], "pivot": [-20.5, 24.5, 0], "rotation": [0, -65, 0], "uv": [112, 37]}
					]
				},
				{
					"name": "right_bracelet_vine2",
					"parent": "right_bracelet_vine",
					"pivot": [-20.5, 21.5, 0],
					"cubes": [
						{"origin": [-20.5, 16.5, -3.5], "size": [0, 5, 7], "uv": [112, 43]},
						{"origin": [-20.5, 16.5, -3.5], "size": [0, 5, 7], "pivot": [-20.5, 19.5, 0], "rotation": [0, -65, 0], "uv": [112, 43]}
					]
				},
				{
					"name": "right_arm_branch",
					"parent": "right_elbow_log",
					"pivot": [-19.25, 35, 0],
					"rotation": [0, 0, -42.5],
					"cubes": [
						{"origin": [-18.75, 33, -2.5], "size": [2, 2, 4], "pivot": [-17.75, 34, 0], "rotation": [0, -90, 0], "uv": [57, 77]}
					]
				},
				{
					"name": "right_arm_branch_tip",
					"parent": "right_arm_branch",
					"pivot": [-15.5, 32.75, 0],
					"rotation": [0, 0, -162.5],
					"cubes": [
						{"origin": [-15.5, 27.75, -2.5], "size": [0, 5, 4], "pivot": [-15.5, 25.75, 0], "rotation": [0, 90, 0], "uv": [59, 68]}
					]
				},
				{
					"name": "right_hand_left",
					"parent": "right_arm_branch_tip",
					"pivot": [-17, 30.5, 0.1],
					"cubes": [
						{"origin": [-17.5, 30.5, 0], "size": [1, 2, 0], "uv": [126, 54]}
					]
				},
				{
					"name": "left_hand_right2",
					"parent": "right_arm_branch_tip",
					"pivot": [-15, 30, 0],
					"cubes": [
						{"origin": [-15.5, 28, 0], "size": [1, 2, 0], "uv": [126, 68]}
					]
				},
				{
					"name": "right_hand",
					"parent": "right_elbow_log",
					"pivot": [-22.5, 33, 0],
					"cubes": [
						{"origin": [-27.5, 31, -3], "size": [5, 4, 6], "uv": [43, 55]}
					]
				},
				{
					"name": "right_thumb",
					"parent": "right_hand",
					"pivot": [-24, 33.75, -3],
					"cubes": [
						{"origin": [-3.5, 30.75, 25.5], "size": [4, 3, 3], "pivot": [3, 23, 0], "rotation": [0, -90, 0], "uv": [43, 77]}
					]
				},
				{
					"name": "right_thumb2",
					"parent": "right_thumb",
					"pivot": [-24, 33.75, -6.5],
					"cubes": [
						{"origin": [-6.5, 29.75, 26], "size": [4, 4, 0], "pivot": [3, 23, -1], "rotation": [0, -90, 0], "uv": [43, 83]}
					]
				},
				{
					"name": "right_finger1",
					"parent": "right_hand",
					"pivot": [-27.5, 33.75, -1.75],
					"cubes": [
						{"origin": [-32, 30.75, -3.25], "size": [5, 3, 3], "uv": [43, 71]}
					]
				},
				{
					"name": "right_finger2",
					"parent": "right_finger1",
					"pivot": [-32, 33.75, -1.75],
					"cubes": [
						{"origin": [-36, 29.75, -1.75], "size": [4, 4, 0], "uv": [51, 83]}
					]
				},
				{
					"name": "right_finger3",
					"parent": "right_hand",
					"pivot": [-27.5, 33.75, 1.5],
					"cubes": [
						{"origin": [-32, 30.75, 0.25], "size": [5, 3, 3], "uv": [43, 65]}
					]
				},
				{
					"name": "right_finger4",
					"parent": "right_finger3",
					"pivot": [-32, 33.75, 1.5],
					"cubes": [
						{"origin": [-36, 29.75, 1.5], "size": [4, 4, 0], "uv": [59, 83]}
					]
				},
				{
					"name": "left_arm",
					"parent": "chest2",
					"pivot": [3.5, 33, 0],
					"cubes": [
						{"origin": [2.5, 32, -1], "size": [4, 2, 2], "uv": [35, 27]}
					]
				},
				{
					"name": "left_arm_log",
					"parent": "left_arm",
					"pivot": [7.5, 33, 0],
					"cubes": [
						{"origin": [5.5, 31.5, -1.5], "size": [1, 3, 0], "uv": [53, 29]},
						{"origin": [8.5, 31.5, -1.5], "size": [1, 3, 0], "uv": [51, 29]},
						{"origin": [8.5, 34.5, -1.5], "size": [1, 0, 3], "uv": [48, 32]},
						{"origin": [5.5, 34.5, -1.5], "size": [1, 0, 3], "uv": [50, 32]},
						{"origin": [8.5, 31.5, 1.5], "size": [1, 3, 0], "uv": [53, 35]},
						{"origin": [5.5, 31.5, 1.5], "size": [1, 3, 0], "uv": [55, 35]},
						{"origin": [5.5, 31.5, -1.5], "size": [1, 0, 3], "uv": [52, 38]},
						{"origin": [8.5, 31.5, -1.5], "size": [1, 0, 3], "uv": [50, 38]},
						{"origin": [6.5, 31.5, -1.5], "size": [2, 3, 3], "uv": [36, 31]}
					]
				},
				{
					"name": "left_arm_vine",
					"parent": "left_arm_log",
					"pivot": [7.5, 31.5, 0],
					"cubes": [
						{"origin": [5.5, 25.5, 0], "size": [4, 6, 0], "uv": [98, 22], "mirror": true}
					]
				},
				{
					"name": "left_arm_leaf",
					"parent": "left_arm_log",
					"pivot": [7.5, 34.5, 0],
					"cubes": [
						{"origin": [7, 34.5, 0], "size": [1, 2, 0], "uv": [126, 56]}
					]
				},
				{
					"name": "left_elbow",
					"parent": "left_arm_log",
					"pivot": [8.5, 33, 0],
					"cubes": [
						{"origin": [8.5, 32, -1], "size": [5, 2, 2], "uv": [35, 37]}
					]
				},
				{
					"name": "left_elbow_log",
					"parent": "left_elbow",
					"pivot": [12.5, 33, 0],
					"cubes": [
						{"origin": [12.5, 31.5, -1.5], "size": [3, 3, 3], "uv": [73, 41]},
						{"origin": [11.5, 31.5, -1.5], "size": [1, 3, 0], "uv": [59, 29]},
						{"origin": [11.5, 31.5, 1.5], "size": [1, 3, 0], "uv": [59, 32]},
						{"origin": [15.5, 31, -2], "size": [7, 4, 4], "uv": [68, 47]},
						{"origin": [11.5, 34.5, -1.5], "size": [1, 0, 3], "uv": [58, 29]},
						{"origin": [11.5, 31.5, -1.5], "size": [1, 0, 3], "uv": [58, 32]}
					]
				},
				{
					"name": "left_bracelet",
					"parent": "left_elbow_log",
					"pivot": [20.5, 33, 0],
					"cubes": [
						{"origin": [20.5, 27.5, -5.5], "size": [0, 11, 11], "pivot": [20.5, 34, 0], "rotation": [0, -33, 0], "uv": [106, 11]},
						{"origin": [20.5, 27.5, -5.5], "size": [0, 11, 11], "pivot": [20.5, 34, 0], "rotation": [0, 33, 0], "uv": [106, -11]}
					]
				},
				{
					"name": "left_bracelet_vine",
					"parent": "left_bracelet",
					"pivot": [20.5, 27.5, 0],
					"rotation": [0, -33, 0],
					"cubes": [
						{"origin": [20.5, 21.5, -3.5], "size": [0, 6, 7], "uv": [112, 37], "mirror": true},
						{"origin": [20.5, 21.5, -3.5], "size": [0, 6, 7], "pivot": [20.5, 24.5, 0], "rotation": [0, 65, 0], "uv": [112, 37], "mirror": true}
					]
				},
				{
					"name": "left_bracelet_vine2",
					"parent": "left_bracelet_vine",
					"pivot": [20.5, 21.5, 0],
					"cubes": [
						{"origin": [20.5, 16.5, -3.5], "size": [0, 5, 7], "uv": [112, 43], "mirror": true},
						{"origin": [20.5, 16.5, -3.5], "size": [0, 5, 7], "pivot": [20.5, 19.5, 0], "rotation": [0, 65, 0], "uv": [112, 43], "mirror": true}
					]
				},
				{
					"name": "left_arm_branch",
					"parent": "left_elbow_log",
					"pivot": [19.25, 35, 0],
					"rotation": [0, 0, 42.5],
					"cubes": [
						{"origin": [16.75, 33, -2.5], "size": [2, 2, 4], "pivot": [17.75, 34, 0], "rotation": [0, 90, 0], "uv": [83, 77]}
					]
				},
				{
					"name": "left_arm_branch_tip",
					"parent": "left_arm_branch",
					"pivot": [15.5, 32.75, 0],
					"rotation": [0, 0, 162.5],
					"cubes": [
						{"origin": [15.5, 27.75, -2.5], "size": [0, 5, 4], "pivot": [15.5, 25.75, 0], "rotation": [0, -90, 0], "uv": [85, 68]}
					]
				},
				{
					"name": "left_hand_left",
					"parent": "left_arm_branch_tip",
					"pivot": [17, 30.5, 0.1],
					"cubes": [
						{"origin": [16.5, 30.5, 0], "size": [1, 2, 0], "uv": [126, 52]}
					]
				},
				{
					"name": "left_hand_left2",
					"parent": "left_arm_branch_tip",
					"pivot": [15, 30, 0],
					"cubes": [
						{"origin": [14.5, 28, 0], "size": [1, 2, 0], "uv": [126, 66]}
					]
				},
				{
					"name": "left_hand",
					"parent": "left_elbow_log",
					"pivot": [22.5, 33, 0],
					"cubes": [
						{"origin": [22.5, 31, -3], "size": [5, 4, 6], "uv": [69, 55]}
					]
				},
				{
					"name": "left_thumb",
					"parent": "left_hand",
					"pivot": [24, 33.75, -3],
					"cubes": [
						{"origin": [-0.5, 30.75, 25.5], "size": [4, 3, 3], "pivot": [-3, 23, 0], "rotation": [0, 90, 0], "uv": [69, 77]}
					]
				},
				{
					"name": "left_thumb2",
					"parent": "left_thumb",
					"pivot": [24, 33.75, -6.5],
					"cubes": [
						{"origin": [2.5, 29.75, 26], "size": [4, 4, 0], "pivot": [-3, 23, -1], "rotation": [0, 90, 0], "uv": [69, 83]}
					]
				},
				{
					"name": "left_finger1",
					"parent": "left_hand",
					"pivot": [27.5, 33.75, -1.75],
					"cubes": [
						{"origin": [27, 30.75, -3.25], "size": [5, 3, 3], "uv": [69, 71]}
					]
				},
				{
					"name": "left_finger2",
					"parent": "left_finger1",
					"pivot": [32, 33.75, -1.75],
					"cubes": [
						{"origin": [32, 29.75, -1.75], "size": [4, 4, 0], "uv": [77, 83]}
					]
				},
				{
					"name": "left_finger3",
					"parent": "left_hand",
					"pivot": [27.5, 33.75, 1.5],
					"cubes": [
						{"origin": [27, 30.75, 0.25], "size": [5, 3, 3], "uv": [69, 65]}
					]
				},
				{
					"name": "left_finger4",
					"parent": "left_finger3",
					"pivot": [32, 33.75, 1.5],
					"cubes": [
						{"origin": [32, 29.75, 1.5], "size": [4, 4, 0], "uv": [85, 83]}
					]
				},
				{
					"name": "neck",
					"parent": "chest2",
					"pivot": [0, 35, 0],
					"cubes": [
						{"origin": [-2.5, 38, -2.5], "size": [5, 5, 5], "uv": [86, 12]},
						{"origin": [-2.5, 33, -2.5], "size": [5, 5, 5], "uv": [0, 25]}
					]
				},
				{
					"name": "eyes",
					"parent": "neck",
					"pivot": [0, 38, -2.5]
				},
				{
					"name": "eye_top",
					"parent": "eyes",
					"pivot": [-1.5, 40.5, -2.5],
					"cubes": [
						{"origin": [-3, 40, -2.501], "size": [3, 1, 0], "uv": [0, 13]}
					]
				},
				{
					"name": "pupil_top",
					"parent": "eye_top",
					"pivot": [-1.5, 40.5, -2.5],
					"cubes": [
						{"origin": [-2, 40, -2.502], "size": [1, 1, 0], "uv": [25, 4]}
					]
				},
				{
					"name": "eye_middle",
					"parent": "eyes",
					"pivot": [1.5, 39, -2.5],
					"cubes": [
						{"origin": [0, 38.5, -2.501], "size": [3, 1, 0], "uv": [0, 13]}
					]
				},
				{
					"name": "pupil_middle",
					"parent": "eye_middle",
					"pivot": [1.5, 39, -2.5],
					"cubes": [
						{"origin": [1, 38.5, -2.502], "size": [1, 1, 0], "uv": [25, 4]}
					]
				},
				{
					"name": "eye_bottom",
					"parent": "eyes",
					"pivot": [-0.5, 37, -2.5],
					"cubes": [
						{"origin": [-2, 36.5, -2.501], "size": [3, 1, 0], "uv": [0, 13]}
					]
				},
				{
					"name": "pupil_bottom",
					"parent": "eye_bottom",
					"pivot": [-0.5, 37, -2.5],
					"cubes": [
						{"origin": [-1, 36.5, -2.502], "size": [1, 1, 0], "uv": [25, 4]}
					]
				},
				{
					"name": "head",
					"parent": "neck",
					"pivot": [0, 43.5, 0],
					"cubes": [
						{"origin": [-4, 42.5, -3.5], "size": [8, 6, 7], "uv": [0, 0]}
					]
				},
				{
					"name": "eye",
					"parent": "head",
					"pivot": [0, 43.5, 0],
					"cubes": [
						{"origin": [-2.5, 43.5, -3.51], "size": [5, 4, 0], "uv": [33, 0]},
						{"origin": [-0.5, 43.5, -3.56], "size": [1, 1, 0], "uv": [23, 6]},
						{"origin": [-2.5, 46, -3.56], "size": [5, 2, 0], "uv": [23, 0]}
					]
				},
				{
					"name": "teeth",
					"parent": "head",
					"pivot": [0, 43.5, 0],
					"cubes": [
						{"origin": [-4, 42.5, -5], "size": [8, 0, 2], "pivot": [0, 42.5, -3.5], "rotation": [70, 0, 0], "uv": [41, 0]},
						{"origin": [2.5, 42.5, -5], "size": [1, 0, 2], "inflate": 0.01, "pivot": [-0.5, 42.5, -3.5], "rotation": [70, 0, 0], "uv": [43, 4]},
						{"origin": [-3.5, 42.5, -5], "size": [1, 0, 2], "inflate": 0.01, "pivot": [-6.5, 42.5, -3.5], "rotation": [70, 0, 0], "uv": [45, 4]},
						{"origin": [-0.5, 42.5, -5], "size": [1, 0, 1], "pivot": [-3.5, 42.5, -3.5], "rotation": [70, 0, 0], "uv": [42, 4]},
						{"origin": [-4, 42.5, 2], "size": [8, 0, 2], "pivot": [0, 42.5, 3.5], "rotation": [110, 0, 0], "uv": [57, 0]},
						{"origin": [2.5, 42.5, 2], "size": [1, 0, 2], "inflate": 0.01, "pivot": [-0.5, 42.5, 3.5], "rotation": [110, 0, 0], "uv": [57, 4]},
						{"origin": [-3.5, 42.5, 2], "size": [1, 0, 2], "inflate": 0.01, "pivot": [-6.5, 42.5, 3.5], "rotation": [110, 0, 0], "uv": [59, 4]},
						{"origin": [-0.5, 42.5, 2], "size": [1, 0, 1], "pivot": [-3.5, 42.5, 3.5], "rotation": [110, 0, 0], "uv": [42, 5]},
						{"origin": [-7.5, 42.5, -1.5], "size": [7, 0, 2], "pivot": [-4, 42.5, 0], "rotation": [0, 90, -70], "uv": [41, 2]},
						{"origin": [0.5, 42.5, -1.5], "size": [7, 0, 2], "pivot": [4, 42.5, 0], "rotation": [0, -90, 70], "uv": [55, 2]}
					]
				},
				{
					"name": "front_branch",
					"parent": "head",
					"pivot": [0, 47.5, -3.5],
					"rotation": [-25, 0, 0],
					"cubes": [
						{"origin": [-1, 46.75, -6.5], "size": [2, 2, 4], "uv": [46, 10]}
					]
				},
				{
					"name": "front_banch_bend",
					"parent": "front_branch",
					"pivot": [0, 47.75, -5.5],
					"rotation": [-90, 0, 0],
					"cubes": [
						{"origin": [-0.5, 45.75, -8.5], "size": [1, 2, 3], "uv": [46, 16]}
					]
				},
				{
					"name": "front_branch_tip",
					"parent": "front_banch_bend",
					"pivot": [0, 46.75, -7.25],
					"rotation": [-10, 0, 0],
					"cubes": [
						{"origin": [0, 41.75, -11], "size": [0, 5, 4], "uv": [46, 17]}
					]
				},
				{
					"name": "right_branch",
					"parent": "head",
					"pivot": [-4, 47.3, 0],
					"rotation": [0, 0, -15],
					"cubes": [
						{"origin": [-8.75, 45.5, -1.5], "size": [5, 3, 3], "uv": [30, 4]}
					]
				},
				{
					"name": "right_branch_vine",
					"parent": "right_branch",
					"pivot": [-9.62119, 46.18052, 0],
					"rotation": [0, 0, 15],
					"cubes": [
						{"origin": [-11.12119, 41.68052, 0], "size": [3, 5, 0], "uv": [1, 2], "mirror": true}
					]
				},
				{
					"name": "right_branch_bend",
					"parent": "right_branch",
					"pivot": [-8.5, 46.5, 0],
					"rotation": [0, 0, 7.5],
					"cubes": [
						{"origin": [-10.5, 46.5, -1], "size": [2, 6, 2], "uv": [30, 10]}
					]
				},
				{
					"name": "right_branch_bend_leaf",
					"parent": "right_branch_bend",
					"pivot": [-8.5, 51, -1],
					"cubes": [
						{"origin": [-9, 51, -1], "size": [1, 2, 0], "uv": [126, 58]}
					]
				},
				{
					"name": "right_branch_tip",
					"parent": "right_branch_bend",
					"pivot": [-9.75, 52.25, 0],
					"rotation": [0, 0, 7.5],
					"cubes": [
						{"origin": [-13.75, 51.25, 0], "size": [4, 4, 0], "uv": [30, 18]}
					]
				},
				{
					"name": "right_branch_tip_left_leaf",
					"parent": "right_branch_tip",
					"pivot": [-10.75, 53.25, 0],
					"cubes": [
						{"origin": [-11.25, 53.25, 0], "size": [1, 2, 0], "uv": [126, 62]}
					]
				},
				{
					"name": "right_branch_tip_bottom_leaf",
					"parent": "right_branch_tip",
					"pivot": [-11.25, 51.75, 0],
					"cubes": [
						{"origin": [-11.75, 49.75, 0], "size": [1, 2, 0], "uv": [126, 60]}
					]
				},
				{
					"name": "right_branch_tip_right_leaf",
					"parent": "right_branch_tip",
					"pivot": [-12.75, 53, 0],
					"rotation": [0, 0, 90],
					"cubes": [
						{"origin": [-13.25, 51, 0], "size": [1, 2, 0], "uv": [126, 64]}
					]
				},
				{
					"name": "left_branch",
					"parent": "head",
					"pivot": [4, 47.3, 0],
					"rotation": [0, 0, 15],
					"cubes": [
						{"origin": [3.75, 45.5, -1.5], "size": [5, 3, 3], "uv": [46, 4]}
					]
				},
				{
					"name": "left_branch_vine",
					"parent": "left_branch",
					"pivot": [9.62119, 46.18052, 0],
					"rotation": [0, 0, -15],
					"cubes": [
						{"origin": [8.12119, 41.68052, 0], "size": [3, 5, 0], "uv": [1, 2]}
					]
				},
				{
					"name": "left_branch_bend",
					"parent": "left_branch",
					"pivot": [8.5, 46.5, 0],
					"rotation": [0, 0, -7.5],
					"cubes": [
						{"origin": [8.5, 46.5, -1], "size": [2, 6, 2], "uv": [38, 10]}
					]
				},
				{
					"name": "left_branch_bend_leaf",
					"parent": "left_branch_bend",
					"pivot": [8.5, 51, -1],
					"cubes": [
						{"origin": [8, 51, -1], "size": [1, 2, 0], "uv": [126, 44]}
					]
				},
				{
					"name": "left_branch_tip",
					"parent": "left_branch_bend",
					"pivot": [9.75, 52.25, 0],
					"rotation": [0, 0, -7.5],
					"cubes": [
						{"origin": [9.75, 51.25, 0], "size": [4, 4, 0], "uv": [38, 18]}
					]
				},
				{
					"name": "left_branch_tip_left_leaf",
					"parent": "left_branch_tip",
					"pivot": [10.75, 53.25, 0],
					"cubes": [
						{"origin": [10.25, 53.25, 0], "size": [1, 2, 0], "uv": [126, 48]}
					]
				},
				{
					"name": "left_branch_tip_bottom_leaf",
					"parent": "left_branch_tip",
					"pivot": [11.25, 51.75, 0],
					"cubes": [
						{"origin": [10.75, 49.75, 0], "size": [1, 2, 0], "uv": [126, 46]}
					]
				},
				{
					"name": "left_branch_tip_right_leaf",
					"parent": "left_branch_tip",
					"pivot": [12.75, 53, 0],
					"rotation": [0, 0, -90],
					"cubes": [
						{"origin": [12.25, 51, 0], "size": [1, 2, 0], "uv": [126, 50]}
					]
				},
				{
					"name": "head_bush",
					"parent": "head",
					"pivot": [0, 48, 0],
					"cubes": [
						{"origin": [-5.5, 47.50015, 0.03491], "size": [11, 6, 0], "pivot": [0, 49.50015, 0.03491], "rotation": [0, 41, 0], "uv": [84, 0]},
						{"origin": [-5.5, 47.50015, 0.03491], "size": [11, 6, 0], "pivot": [0, 49.50015, 0.03491], "rotation": [0, -41, 0], "uv": [84, 6]}
					]
				},
				{
					"name": "legs",
					"parent": "body",
					"pivot": [0, 12, 0]
				},
				{
					"name": "left_leg_middle",
					"parent": "legs",
					"pivot": [5, 2, 0],
					"rotation": [0, -90, 0],
					"cubes": [
						{"origin": [2.5, 0.1, -8], "size": [5, 4, 9], "uv": [66, 102]}
					]
				},
				{
					"name": "left_leg_middle_knee",
					"parent": "left_leg_middle",
					"pivot": [5, 3, -8],
					"cubes": [
						{"origin": [3.5, 0.1, -15], "size": [3, 3, 7], "uv": [94, 105]}
					]
				},
				{
					"name": "left_leg_middle_foot",
					"parent": "left_leg_middle_knee",
					"pivot": [5, 2, -15],
					"cubes": [
						{"origin": [4, 0.1, -20], "size": [2, 2, 5], "uv": [114, 108]}
					]
				},
				{
					"name": "left_leg_middle_toe",
					"parent": "left_leg_middle_foot",
					"pivot": [5, 0.5, -20],
					"cubes": [
						{"origin": [5, 0.1, -21.5], "size": [0, 1, 2], "uv": [124, 110]}
					]
				},
				{
					"name": "left_leg_front",
					"parent": "legs",
					"pivot": [3, 2, -4],
					"rotation": [0, -35, 0],
					"cubes": [
						{"origin": [0.5, 0.1, -12], "size": [5, 4, 9], "uv": [0, 102]}
					]
				},
				{
					"name": "left_leg_middle_knee3",
					"parent": "left_leg_front",
					"pivot": [3, 3, -12],
					"cubes": [
						{"origin": [1.5, 0.1, -19], "size": [3, 3, 7], "uv": [28, 105]}
					]
				},
				{
					"name": "left_leg_middle_foot3",
					"parent": "left_leg_middle_knee3",
					"pivot": [3, 2, -19],
					"cubes": [
						{"origin": [2, 0.1, -24], "size": [2, 2, 5], "uv": [48, 108]}
					]
				},
				{
					"name": "left_leg_middle_toe3",
					"parent": "left_leg_middle_foot3",
					"pivot": [3, 0.5, -24],
					"cubes": [
						{"origin": [3, 0.1, -25.5], "size": [0, 1, 2], "uv": [58, 110]}
					]
				},
				{
					"name": "left_leg_back",
					"parent": "legs",
					"pivot": [3, 2, 4],
					"rotation": [0, -145, 0],
					"cubes": [
						{"origin": [0.5, 0.1, -4], "size": [5, 4, 9], "uv": [66, 89]}
					]
				},
				{
					"name": "left_leg_middle_knee2",
					"parent": "left_leg_back",
					"pivot": [3, 3, -4],
					"cubes": [
						{"origin": [1.5, 0.1, -11], "size": [3, 3, 7], "uv": [94, 92]}
					]
				},
				{
					"name": "left_leg_middle_foot2",
					"parent": "left_leg_middle_knee2",
					"pivot": [3, 2, -11],
					"cubes": [
						{"origin": [2, 0.1, -16], "size": [2, 2, 5], "uv": [114, 95]}
					]
				},
				{
					"name": "left_leg_middle_toe2",
					"parent": "left_leg_middle_foot2",
					"pivot": [3, 0.5, -16],
					"cubes": [
						{"origin": [3, 0.1, -17.5], "size": [0, 1, 2], "uv": [124, 97]}
					]
				},
				{
					"name": "right_leg_front",
					"parent": "legs",
					"pivot": [-3, 2, -4],
					"rotation": [0, 35, 0],
					"cubes": [
						{"origin": [-5.5, 0.1, -12], "size": [5, 4, 9], "uv": [0, 115]}
					]
				},
				{
					"name": "right_leg_middle_knee3",
					"parent": "right_leg_front",
					"pivot": [-3, 3, -12],
					"cubes": [
						{"origin": [-4.5, 0.1, -19], "size": [3, 3, 7], "uv": [28, 118]}
					]
				},
				{
					"name": "right_leg_middle_foot3",
					"parent": "right_leg_middle_knee3",
					"pivot": [-3, 2, -19],
					"cubes": [
						{"origin": [-4, 0.1, -24], "size": [2, 2, 5], "uv": [48, 121]}
					]
				},
				{
					"name": "right_leg_middle_toe3",
					"parent": "right_leg_middle_foot3",
					"pivot": [-3, 0.5, -24],
					"cubes": [
						{"origin": [-3, 0.1, -25.5], "size": [0, 1, 2], "uv": [58, 123]}
					]
				},
				{
					"name": "right_leg_middle",
					"parent": "legs",
					"pivot": [-5, 2, 0],
					"rotation": [0, 90, 0],
					"cubes": [
						{"origin": [-7.5, 0.1, -8], "size": [5, 4, 9], "uv": [66, 115]}
					]
				},
				{
					"name": "right_leg_middle_knee",
					"parent": "right_leg_middle",
					"pivot": [-5, 3, -8],
					"cubes": [
						{"origin": [-6.5, 0.1, -15], "size": [3, 3, 7], "uv": [94, 118]}
					]
				},
				{
					"name": "right_leg_middle_foot",
					"parent": "right_leg_middle_knee",
					"pivot": [-5, 2, -15],
					"cubes": [
						{"origin": [-6, 0.1, -20], "size": [2, 2, 5], "uv": [114, 121]}
					]
				},
				{
					"name": "right_leg_middle_toe",
					"parent": "right_leg_middle_foot",
					"pivot": [-5, 0.5, -20],
					"cubes": [
						{"origin": [-5, 0.1, -21.5], "size": [0, 1, 2], "uv": [124, 123]}
					]
				},
				{
					"name": "right_leg_back",
					"parent": "legs",
					"pivot": [-3, 2, 4],
					"rotation": [0, 145, 0],
					"cubes": [
						{"origin": [-5.5, 0.1, -4], "size": [5, 4, 9], "uv": [0, 89]}
					]
				},
				{
					"name": "right_leg_middle_knee2",
					"parent": "right_leg_back",
					"pivot": [-3, 3, -4],
					"cubes": [
						{"origin": [-4.5, 0.1, -11], "size": [3, 3, 7], "uv": [28, 92]}
					]
				},
				{
					"name": "right_leg_middle_foot2",
					"parent": "right_leg_middle_knee2",
					"pivot": [-3, 2, -11],
					"cubes": [
						{"origin": [-4, 0.1, -16], "size": [2, 2, 5], "uv": [48, 95]}
					]
				},
				{
					"name": "right_leg_middle_toe2",
					"parent": "right_leg_middle_foot2",
					"pivot": [-3, 0.5, -16],
					"cubes": [
						{"origin": [-3, 0.1, -17.5], "size": [0, 1, 2], "uv": [58, 97]}
					]
				}
			]
		}
	]
}