{
 "species": "cobblemon:flamandua",
 "order": 0,
 "variations": [
   {
     "aspects": [],
     "poser": "cobblemon:flamandua",
     "model": "cobblemon:flamandua.geo",
     "texture": "cobblemon:textures/pokemon/flamandua/flamandua.png",
     "layers": [{
		 "name": "emissive",
              "emissive": true,
              "texture": "cobblemon:textures/pokemon/flamandua/flamandua_emissive.png",
              "translucent": true
	 }]
   },
   {
     "aspects": [
       "shiny"
     ],
     "texture": "cobblemon:textures/pokemon/flamandua/flamandua_shiny.png",
	 "layers": [{
		 "name": "emissive",
              "emissive": true,
              "texture": "cobblemon:textures/pokemon/flamandua/flamandua_shiny_emissive.png",
              "translucent": true
	 }]
   }
 ]
}