{
	"format_version": "1.8.0",
	"animations": {
		"animation.quagsire.ground_idle": {
			"loop": true,
			"bones": {
				"arm_right": {
					"rotation": [15, -5, -45]
				},
				"tail": {
					"rotation": [-20, 0, 0]
				},
				"tail2": {
					"rotation": [15, 0, 0]
				},
				"arm_left": {
					"rotation": [15, 5, 45]
				}
			}
		},
		"animation.quagsire.water_idle": {
			"loop": true,
			"bones": {
				"arm_right": {
					"rotation": [15, -5, -45]
				},
				"tail": {
					"rotation": [-30, 0, 0]
				},
				"tail2": {
					"rotation": [5, 0, 0]
				},
				"body": {
					"rotation": [15, 0, 0]
				},
				"head": {
					"rotation": [-15, 0, 0]
				},
				"leg_left": {
					"rotation": [15, 0, 0]
				},
				"leg_right": {
					"rotation": [15, 0, 0]
				}
			}
		},
		"animation.quagsire.water_swim": {
			"loop": true,
			"bones": {
				"arm_right": {
					"rotation": [15, 0, -45]
				},
				"tail": {
					"rotation": [-60, 0, 0]
				},
				"tail2": {
					"rotation": [5, 0, 0]
				},
				"body": {
					"rotation": [60, 0, 0]
				},
				"head": {
					"rotation": [-60, 0, 0]
				},
				"leg_left": {
					"rotation": [30, 0, 0]
				},
				"leg_right": {
					"rotation": [30, 0, 0]
				}
			}
		},
		"animation.quagsire.home": {
			"loop": true,
			"bones": {
				"leg_left": {
					"rotation": [0, -12.5, 0],
					"position": [0, 0, -2]
				},
				"leg_right": {
					"rotation": [0, 27.5, 0],
					"position": [-1, 0, -1]
				},
				"tail": {
					"rotation": [5, -20, 0]
				},
				"tail2": {
					"rotation": [5, -15, 0]
				},
				"head": {
					"rotation": [-19.07229, 29.4926, -4.97973]
				},
				"mouth_open_happy": {
					"position": [0, -0.1, -0.1]
				},
				"arm_right": {
					"rotation": [31.92961, -36.46498, -75.61249]
				},
				"hand_right": {
					"rotation": [1.19097, -4.87461, -10.01507]
				},
				"arm_left": {
					"rotation": [0, 0, -50]
				},
				"hand_left": {
					"rotation": [0, 0, -12.5]
				}
			}
		},
		"animation.quagsire.cry": {
			"animation_length": 1.5,
			"bones": {
				"head": {
					"rotation": {
						"0.0": {
							"post": [0, 0, 0],
							"lerp_mode": "catmullrom"
						},
						"0.0833": {
							"post": [3.89, 0, 0],
							"lerp_mode": "catmullrom"
						},
						"0.375": {
							"post": [-5, 0, 0],
							"lerp_mode": "catmullrom"
						},
						"0.7083": {
							"post": [2.5, 0, 0],
							"lerp_mode": "catmullrom"
						},
						"1.375": {
							"post": [0, 0, 0],
							"lerp_mode": "catmullrom"
						}
					},
					"position": {
						"0.0": {
							"post": [0, 0, 0],
							"lerp_mode": "catmullrom"
						},
						"0.0833": {
							"post": [0, -0.2, 0],
							"lerp_mode": "catmullrom"
						},
						"0.4167": {
							"post": [0, 0, 0],
							"lerp_mode": "catmullrom"
						},
						"0.7083": {
							"post": [0, 0, 0],
							"lerp_mode": "catmullrom"
						}
					}
				},
				"mouth_open_happy": {
					"position": {
						"0.0": [0, 0, 0],
						"0.0833": {
							"pre": [0, 0, 0],
							"post": [0, 0, -0.1]
						},
						"0.7917": {
							"pre": [0, 0, -0.1],
							"post": [0, 0, 0]
						}
					}
				},
				"arm_right": {
					"rotation": {
						"0.0": {
							"post": [0, 0, 0],
							"lerp_mode": "catmullrom"
						},
						"0.25": {
							"post": [0, 0, -7.5],
							"lerp_mode": "catmullrom"
						},
						"0.4583": {
							"post": [0, 0, -5],
							"lerp_mode": "catmullrom"
						},
						"0.8333": {
							"post": [0, 0, -7.5],
							"lerp_mode": "catmullrom"
						},
						"1.5": {
							"post": [0, 0, 0],
							"lerp_mode": "catmullrom"
						}
					}
				},
				"arm_left": {
					"rotation": {
						"0.0": {
							"post": [0, 0, 0],
							"lerp_mode": "catmullrom"
						},
						"0.25": {
							"post": [0, 0, 7.5],
							"lerp_mode": "catmullrom"
						},
						"0.4583": {
							"post": [0, 0, 5],
							"lerp_mode": "catmullrom"
						},
						"0.8333": {
							"post": [0, 0, 7.5],
							"lerp_mode": "catmullrom"
						},
						"1.5": {
							"post": [0, 0, 0],
							"lerp_mode": "catmullrom"
						}
					}
				}
			},
			"sound_effects": {
				"0.0833": {
					"effect": "pokemon.quagsire.cry"
				}
			}
		},
		"animation.quagsire.blink": {
			"animation_length": 0.16667,
			"bones": {
				"eyelid_left": {
					"position": {
						"0.0": [0, 0, -0.1],
						"0.125": [0, 0, -0.1],
						"0.1667": [0, 0, 0]
					}
				},
				"eyelid_right": {
					"position": {
						"0.0": [0, 0, -0.1],
						"0.125": [0, 0, -0.1],
						"0.1667": [0, 0, 0]
					}
				}
			}
		}
	},
	"geckolib_format_version": 2
}