{
	"format_version": "1.12.0",
	"minecraft:geometry": [
		{
			"description": {
				"identifier": "geometry.skeletox",
				"texture_width": 256,
				"texture_height": 256,
				"visible_bounds_width": 6,
				"visible_bounds_height": 5.5,
				"visible_bounds_offset": [0, 2.25, 0]
			},
			"bones": [
				{
					"name": "skeletox",
					"pivot": [0, 0.23907, -0.09643]
				},
				{
					"name": "top_body",
					"parent": "skeletox",
					"pivot": [0, 31.23907, -0.09643],
					"rotation": [-30, 0, 0],
					"cubes": [
						{"origin": [-7, 33.73907, -7.09643], "size": [14, 10, 14], "uv": [0, 111]},
						{"origin": [-4, 30.73907, -4.09643], "size": [8, 10, 8], "uv": [104, 156]}
					]
				},
				{
					"name": "bone2",
					"parent": "top_body",
					"pivot": [0.05882, 43.69774, -17.53578],
					"rotation": [17.5, 0, 0],
					"cubes": [
						{"origin": [-8, 33.02209, -9.75476], "size": [16, 17, 16], "uv": [76, 54]},
						{"origin": [-5, 32.12209, 5.24524], "size": [10, 10, 4], "pivot": [0, 42.12209, 6.74524], "rotation": [-10, 0, 0], "uv": [130, 175]},
						{"origin": [-2, 35.12209, 7.24524], "size": [4, 4, 4], "pivot": [0, 42.12209, 6.74524], "rotation": [-10, 0, 0], "uv": [107, 223]},
						{"origin": [-1, 36.12209, 8.24524], "size": [2, 2, 4], "pivot": [0, 42.12209, 6.74524], "rotation": [-10, 0, 0], "uv": [109, 223]},
						{"origin": [-2, 24.77401, 3.50876], "size": [4, 7, 4], "pivot": [0, 32.27401, 5.00876], "rotation": [-30, 0, 0], "uv": [178, 111]},
						{"origin": [-1, 23.77401, 4.50876], "size": [2, 1, 1], "pivot": [0, 32.27401, 5.00876], "rotation": [-30, 0, 0], "uv": [60, 105]},
						{"origin": [-5, 48.10802, -13.29809], "size": [10, 18, 4], "inflate": -0.1, "pivot": [0, 53.1905, -15.07809], "rotation": [-75, 0, 0], "uv": [164, 0]},
						{"origin": [-5, 55.1905, -18.07809], "size": [10, 16, 6], "inflate": 0.2, "pivot": [0, 53.1905, -15.07809], "rotation": [-92.5, 0, 0], "uv": [136, 153]},
						{"origin": [-3, 60.1905, -20.87809], "size": [6, 6, 3], "inflate": 0.2, "pivot": [0, 53.1905, -15.07809], "rotation": [-92.5, 0, 0], "uv": [68, 215]},
						{"origin": [-2, 50.45258, 11.06285], "size": [4, 4, 2], "inflate": 0.2, "pivot": [-2, 54.45258, 12.06285], "rotation": [-112.5, 0, 0], "uv": [71, 216]},
						{"origin": [-3, 49.45258, 13.06285], "size": [6, 6, 2], "inflate": 0.2, "pivot": [-2, 54.45258, 12.06285], "rotation": [-112.5, 0, 0], "uv": [69, 216]},
						{"origin": [-2, 61.1905, -23.87809], "size": [4, 4, 3], "inflate": 0.2, "pivot": [0, 53.1905, -15.07809], "rotation": [-92.5, 0, 0], "uv": [70, 215]},
						{"origin": [-5, 54.49549, 2.35693], "size": [10, 10, 9], "inflate": 0.2, "pivot": [0, 53.59549, 3.15693], "rotation": [-112.5, 0, 0], "uv": [98, 137]},
						{"origin": [-2, 56.49549, 4.35693], "size": [4, 10, 4], "inflate": 0.2, "pivot": [0, 53.59549, 3.15693], "rotation": [-112.5, 0, 0], "uv": [74, 190]},
						{"origin": [-1, 58.49549, 5.35693], "size": [2, 10, 2], "inflate": 0.2, "pivot": [0, 53.59549, 3.15693], "rotation": [-112.5, 0, 0], "uv": [76, 192]}
					]
				},
				{
					"name": "bone14",
					"parent": "bone2",
					"pivot": [-0.0004, 42.83399, -9.83054],
					"cubes": [
						{"origin": [-5, 40.05548, -22.59197], "size": [10, 8, 11], "inflate": -0.1, "pivot": [0, 40.73762, -27.8961], "rotation": [20, 0, 0], "uv": [56, 134]},
						{"origin": [-5, 43.81811, -23.52465], "size": [10, 8, 11], "inflate": -0.4, "pivot": [0, 40.73762, -27.8961], "rotation": [-22.5, 0, 0], "uv": [136, 113]},
						{"origin": [-5, 48.05548, -22.59197], "size": [10, 3, 13], "pivot": [0, 40.73762, -27.8961], "rotation": [20, 0, 0], "uv": [0, 135]},
						{"origin": [-6, 45.05548, -27.59197], "size": [12, 3, 18], "pivot": [0, 40.73762, -27.8961], "rotation": [20, 0, 0], "uv": [0, 90]},
						{"origin": [-4, 45.05548, -39.59197], "size": [8, 3, 12], "pivot": [0, 40.73762, -27.8961], "rotation": [20, 0, 0], "uv": [140, 96]},
						{"origin": [-4, 38.23129, -41.46308], "size": [8, 3, 3], "inflate": 0.01, "pivot": [0, 40.73762, -27.8961], "rotation": [-22.5, 0, 0], "uv": [176, 142]},
						{"origin": [-5, 34.75548, -25.29197], "size": [10, 10, 11], "inflate": -0.2, "pivot": [0, 40.73762, -27.8961], "rotation": [20, 0, 0], "uv": [56, 113]},
						{"origin": [-5.88162, 40.96239, -39.57989], "size": [2, 2, 0], "pivot": [0, 40.73762, -27.8961], "rotation": [14.43276, -13.99545, 43.21918], "uv": [68, 109]},
						{"origin": [-2.22477, 44.61924, -39.57989], "size": [2, 2, 0], "pivot": [0, 40.73762, -27.8961], "rotation": [14.43276, -13.99545, 43.21918], "uv": [72, 109]},
						{"origin": [5.9, 44.00586, -30.73424], "size": [0, 2, 2], "pivot": [0, 40.73762, -27.8961], "rotation": [-25, 0, 0], "uv": [66, 105]},
						{"origin": [-5.9, 44.00586, -30.73424], "size": [0, 2, 2], "pivot": [0, 40.73762, -27.8961], "rotation": [-25, 0, 0], "uv": [70, 105]},
						{"origin": [-5.9, 46.91692, -27.92608], "size": [0, 2, 2], "pivot": [0, 40.73762, -27.8961], "rotation": [-25, 0, 0], "uv": [60, 107]},
						{"origin": [5.9, 46.91692, -27.92608], "size": [0, 2, 2], "pivot": [0, 40.73762, -27.8961], "rotation": [-25, 0, 0], "uv": [64, 109]},
						{"origin": [5.01, 48.05548, -22.59197], "size": [0, 9, 13], "pivot": [0, 40.73762, -27.8961], "rotation": [20, 0, 0], "uv": [168, 153]},
						{"origin": [-5.01, 48.05548, -22.59197], "size": [0, 9, 13], "pivot": [0, 40.73762, -27.8961], "rotation": [20, 0, 0], "uv": [0, 172]},
						{"origin": [-3.1545, 36.09439, -25.45595], "size": [8, 8, 1], "pivot": [0, 40.23884, -25.02121], "rotation": [14.43276, 13.99545, -43.21918], "uv": [19, 238]},
						{"origin": [-2.28701, 37.02463, -25.50924], "size": [6, 6, 1], "pivot": [0, 40.73762, -27.8961], "rotation": [14.43276, -13.99545, 43.21918], "uv": [20, 224]},
						{"origin": [-5, 33.02209, -9.75476], "size": [10, 15, 9], "pivot": [0, 33.02209, -9.75476], "rotation": [32.5, 0, 0], "uv": [98, 113]},
						{"origin": [-5, 45.73327, -18.15628], "size": [10, 8, 16], "inflate": -0.01, "pivot": [0, 44.73327, -18.15628], "rotation": [-20, 0, 0], "uv": [112, 0]}
					]
				},
				{
					"name": "bone15",
					"parent": "bone14",
					"pivot": [0, 44.13331, -22.48204],
					"rotation": [8, 0, 0],
					"cubes": [
						{"origin": [-7, 35.07827, -24.96183], "size": [14, 3, 3], "pivot": [0, 41.52416, -28.316], "rotation": [65, 0, 0], "uv": [112, 24]},
						{"origin": [-5, 33.54524, -32.51042], "size": [10, 3, 7], "pivot": [0, 41.52416, -28.316], "rotation": [85, 0, 0], "uv": [72, 175]},
						{"origin": [-5, 32.52016, -35.74539], "size": [10, 3, 7], "pivot": [0, 41.52416, -28.316], "rotation": [60, 0, 0], "uv": [156, 43]},
						{"origin": [-2.3331, 22.91909, -29.45134], "size": [2, 2, 0], "pivot": [1.6669, 25.51909, -29.48062], "rotation": [50.76848, -37.76124, 26.56505], "uv": [60, 111]},
						{"origin": [0, 24.92594, -29.45134], "size": [2, 2, 0], "pivot": [2, 25.52594, -29.46506], "rotation": [50.76848, -37.76124, 26.56505], "uv": [56, 111]},
						{"origin": [-3, 32.52016, -42.74539], "size": [6, 3, 7], "pivot": [0, 41.52416, -28.316], "rotation": [60, 0, 0], "uv": [176, 132]}
					]
				},
				{
					"name": "bone3",
					"parent": "bone2",
					"pivot": [0, 43.69431, -21.6921],
					"rotation": [10, 0, 0]
				},
				{
					"name": "bone4",
					"parent": "bone2",
					"pivot": [-0.05263, 47.23834, -14.2163],
					"rotation": [-30, 0, 0]
				},
				{
					"name": "bone5",
					"parent": "bone4",
					"pivot": [-0.05882, 43.69774, -17.53578],
					"rotation": [17.5, 0, 0]
				},
				{
					"name": "bone",
					"parent": "top_body",
					"pivot": [16.5, 52.74093, -3.15663],
					"rotation": [30, 0, 0]
				},
				{
					"name": "bone6",
					"parent": "bone",
					"pivot": [13.5, 55.5574, -3.38024],
					"cubes": [
						{"origin": [5.5, 50.0574, -12.38024], "size": [20, 11, 18], "uv": [0, 32]},
						{"origin": [5.5, 46.0574, 5.61976], "size": [20, 4, 0], "uv": [216, 222]},
						{"origin": [5.5, 46.0574, -12.38024], "size": [0, 4, 18], "uv": [114, 196]},
						{"origin": [5.5, 46.0574, -12.38024], "size": [20, 4, 0], "uv": [216, 252]},
						{"origin": [25.5, 46.0574, -12.38024], "size": [0, 4, 18], "uv": [220, 214]}
					]
				},
				{
					"name": "bone7",
					"parent": "bone6",
					"pivot": [16.5, 6.58315, 0.142]
				},
				{
					"name": "bone10",
					"parent": "bone7",
					"pivot": [16.5, 51.58315, -3.858],
					"cubes": [
						{"origin": [11.5, 39.08315, -8.858], "size": [10, 11, 10], "uv": [140, 75]}
					]
				},
				{
					"name": "bone11",
					"parent": "bone10",
					"pivot": [16.5, 39.08315, 1.142],
					"cubes": [
						{"origin": [11.5, 28.08315, -8.858], "size": [10, 11, 10], "inflate": -0.01, "uv": [0, 151]}
					]
				},
				{
					"name": "bone12",
					"parent": "bone11",
					"pivot": [16.5, 28.08315, 0.142],
					"cubes": [
						{"origin": [12.5, 17.08315, -7.858], "size": [8, 11, 8], "inflate": -0.01, "uv": [72, 156]}
					]
				},
				{
					"name": "bone13",
					"parent": "bone12",
					"pivot": [16.5, 17.08315, -6.858],
					"cubes": [
						{"origin": [13.5, 6.08315, -6.858], "size": [6, 11, 6], "inflate": -0.01, "uv": [26, 176]}
					]
				},
				{
					"name": "bone16",
					"parent": "bone13",
					"pivot": [16.5, 6.08315, -5.858],
					"cubes": [
						{"origin": [14.5, -4.91685, -5.858], "size": [4, 11, 4], "inflate": -0.01, "uv": [50, 176]}
					]
				},
				{
					"name": "bone8",
					"parent": "top_body",
					"pivot": [-16.5, 52.74093, -3.15663],
					"rotation": [30, 0, 0]
				},
				{
					"name": "bone9",
					"parent": "bone8",
					"pivot": [-13.5, 55.5574, -3.38024],
					"cubes": [
						{"origin": [-25.5, 50.0574, -12.38024], "size": [20, 11, 18], "uv": [0, 32], "mirror": true},
						{"origin": [-25.5, 46.0574, 5.61976], "size": [20, 4, 0], "uv": [216, 222], "mirror": true},
						{"origin": [-5.5, 46.0574, -12.38024], "size": [0, 4, 18], "uv": [114, 196], "mirror": true},
						{"origin": [-25.5, 46.0574, -12.38024], "size": [20, 4, 0], "uv": [216, 252], "mirror": true},
						{"origin": [-25.5, 46.0574, -12.38024], "size": [0, 4, 18], "uv": [220, 214], "mirror": true}
					]
				},
				{
					"name": "bone17",
					"parent": "bone9",
					"pivot": [-16.5, 6.58315, 0.142]
				},
				{
					"name": "bone18",
					"parent": "bone17",
					"pivot": [-16.5, 51.58315, -3.858],
					"cubes": [
						{"origin": [-21.5, 39.08315, -8.858], "size": [10, 11, 10], "uv": [140, 75], "mirror": true}
					]
				},
				{
					"name": "bone19",
					"parent": "bone18",
					"pivot": [-16.5, 39.08315, 1.142],
					"cubes": [
						{"origin": [-21.5, 28.08315, -8.858], "size": [10, 11, 10], "inflate": -0.01, "uv": [0, 151], "mirror": true}
					]
				},
				{
					"name": "bone20",
					"parent": "bone19",
					"pivot": [-16.5, 28.08315, 0.142],
					"cubes": [
						{"origin": [-20.5, 17.08315, -7.858], "size": [8, 11, 8], "inflate": -0.01, "uv": [72, 156], "mirror": true}
					]
				},
				{
					"name": "bone21",
					"parent": "bone20",
					"pivot": [-16.5, 17.08315, -6.858],
					"cubes": [
						{"origin": [-19.5, 6.08315, -6.858], "size": [6, 11, 6], "inflate": -0.01, "uv": [26, 176], "mirror": true}
					]
				},
				{
					"name": "bone22",
					"parent": "bone21",
					"pivot": [-16.5, 6.08315, -5.858],
					"cubes": [
						{"origin": [-18.5, -4.91685, -5.858], "size": [4, 11, 4], "inflate": -0.01, "uv": [50, 176], "mirror": true}
					]
				},
				{
					"name": "base",
					"parent": "skeletox",
					"pivot": [0, 22.5, 1]
				},
				{
					"name": "top",
					"parent": "base",
					"pivot": [0, 22.5, 1],
					"cubes": [
						{"origin": [-3, 21, -2], "size": [6, 12, 6], "uv": [106, 174]}
					]
				},
				{
					"name": "second",
					"parent": "base",
					"pivot": [0, 9.5, 0.5],
					"cubes": [
						{"origin": [-4, 8, -3.5], "size": [8, 15, 8], "uv": [40, 153]}
					]
				},
				{
					"name": "third",
					"parent": "base",
					"pivot": [0, 7, 0],
					"cubes": [
						{"origin": [-8, 2, -8], "size": [16, 10, 16], "uv": [76, 87]}
					]
				},
				{
					"name": "fourth",
					"parent": "base",
					"pivot": [0, 7, 0],
					"cubes": [
						{"origin": [-10, 4, -10], "size": [20, 2, 20], "uv": [76, 32]}
					]
				},
				{
					"name": "bottom",
					"parent": "base",
					"pivot": [0, 0, 0],
					"cubes": [
						{"origin": [-14, 0, -14], "size": [28, 4, 28], "uv": [0, 0]}
					]
				},
				{
					"name": "trail",
					"parent": "bottom",
					"pivot": [0, 0, -7],
					"cubes": [
						{"origin": [-11, 0, -14], "size": [22, 4, 22], "inflate": -0.2, "uv": [6, 6]},
						{"origin": [-8, 0.8, -10], "size": [16, 4, 6], "inflate": -0.2, "uv": [22, 22]},
						{"origin": [-8, 0, 0], "size": [11, 4, 14], "inflate": -0.4, "uv": [17, 14]}
					]
				}
			]
		}
	]
}