{
	"format_version": "1.12.0",
	"minecraft:geometry": [
		{
			"description": {
				"identifier": "geometry.lapras",
				"texture_width": 256,
				"texture_height": 256,
				"visible_bounds_width": 6,
				"visible_bounds_height": 4.5,
				"visible_bounds_offset": [0, 1.75, 0]
			},
			"bones": [
				{
					"name": "lapras",
					"pivot": [0, 0, 0]
				},
				{
					"name": "locator_root",
					"parent": "lapras",
					"pivot": [0, 0, 0],
					"locators": {
						"root": [0, 0, 0]
					}
				},
				{
					"name": "body",
					"parent": "lapras",
					"pivot": [0, 2.5, 2]
				},
				{
					"name": "locator_target",
					"parent": "body",
					"pivot": [0, 14, -25],
					"locators": {
						"target": [0, 14, -25]
					}
				},
				{
					"name": "locator_body",
					"parent": "body",
					"pivot": [0, -2, 0],
					"locators": {
						"body": [0, 12, 0]
					}
				},
				{
					"name": "torso",
					"parent": "body",
					"pivot": [0, 8, 1],
					"cubes": [
						{"origin": [-10, 4, -9], "size": [20, 13, 15], "uv": [0, 30]},
						{"origin": [-7, 4.5, 6], "size": [14, 10, 6], "uv": [70, 30]}
					]
				},
				{
					"name": "shell",
					"parent": "torso",
					"pivot": [0, 14.5, -9],
					"rotation": [-5, 0, 0],
					"cubes": [
						{"origin": [-10.5, 8, -10], "size": [21, 13, 17], "uv": [0, 0]}
					]
				},
				{
					"name": "shell2",
					"parent": "shell",
					"pivot": [0, 18.25, 7],
					"rotation": [-7.5, 0, 0],
					"cubes": [
						{"origin": [-8, 8.25, 7], "size": [16, 10, 9], "uv": [54, 58]}
					]
				},
				{
					"name": "chest",
					"parent": "torso",
					"pivot": [0, -1.5, -9],
					"rotation": [-17.5, 0, 0],
					"cubes": [
						{"origin": [-9.5, 3.5, -17], "size": [19, 13, 8], "uv": [0, 58]}
					]
				},
				{
					"name": "chest2",
					"parent": "chest",
					"pivot": [0, 5, -17],
					"rotation": [80, 0, 0],
					"cubes": [
						{"origin": [-3.5, 5, -16], "size": [7, 14, 8], "uv": [54, 77]}
					]
				},
				{
					"name": "neck2",
					"parent": "chest2",
					"pivot": [0, 17, -11.75],
					"rotation": [-25, 0, 0],
					"cubes": [
						{"origin": [-2.5, 15, -15.25], "size": [5, 9, 7], "inflate": 0.01, "uv": [30, 93]}
					]
				},
				{
					"name": "neck3",
					"parent": "neck2",
					"pivot": [0, 22, -11],
					"rotation": [-17.5, 0, 0],
					"cubes": [
						{"origin": [-2.5, 21, -15], "size": [5, 10, 6], "uv": [54, 99]}
					]
				},
				{
					"name": "head",
					"parent": "neck3",
					"pivot": [0, 33.5, -12.5]
				},
				{
					"name": "head_correction",
					"parent": "head",
					"pivot": [0, 33.5, -12.5]
				},
				{
					"name": "head_ai",
					"parent": "head_correction",
					"pivot": [0, 33.5, -12.5]
				},
				{
					"name": "head_angle",
					"parent": "head_ai",
					"pivot": [0, 33.5, -12.5],
					"cubes": [
						{"origin": [-5.5, 30, -14.5], "size": [11, 10, 8], "inflate": 0.01, "uv": [76, 0]}
					]
				},
				{
					"name": "locator_head",
					"parent": "head_angle",
					"pivot": [0, 40, -14.5],
					"locators": {
						"head": [0, 40, -14.5]
					}
				},
				{
					"name": "locator_mouth",
					"parent": "head_angle",
					"pivot": [0, 30.5, -17],
					"locators": {
						"mouth": [0, 30.5, -17],
						"special": [0, 30.5, -17]
					}
				},
				{
					"name": "eyes",
					"parent": "head_angle",
					"pivot": [0, 30.75, -11.15]
				},
				{
					"name": "locator_face",
					"parent": "eyes",
					"pivot": [0, 36, -24.1],
					"locators": {
						"face": [0, 36, -24.1]
					}
				},
				{
					"name": "eye_right",
					"parent": "eyes",
					"pivot": [-5.52, 36.25, -15.7],
					"rotation": [5, 0, 0],
					"cubes": [
						{"origin": [-5.52, 34.25, -18.2], "size": [0, 3, 5], "uv": [10, 121]}
					]
				},
				{
					"name": "pupil_right",
					"parent": "eye_right",
					"pivot": [-5.52, 35.75, -15.7],
					"cubes": [
						{"origin": [-5.53, 34.25, -17.7], "size": [0, 3, 3], "uv": [48, 109]},
						{"origin": [-5.53, 34.25, -19.2], "size": [0, 1, 1], "uv": [80, 28]}
					]
				},
				{
					"name": "pupil_right2",
					"parent": "pupil_right",
					"pivot": [-5.54, 36, -16.7],
					"cubes": [
						{"origin": [-5.54, 35, -17.2], "size": [0, 2, 1], "uv": [50, 88]}
					]
				},
				{
					"name": "locator_eye_right",
					"parent": "pupil_right2",
					"pivot": [-5.5, 36, -16.7],
					"locators": {
						"eye1": [-5.5, 36, -16.7]
					}
				},
				{
					"name": "eyelid_right",
					"parent": "eye_right",
					"pivot": [-4.94, 36.25, -15.7],
					"cubes": [
						{"origin": [-5.44, 34.25, -18.2], "size": [1, 3, 5], "inflate": 0.01, "uv": [114, 118]}
					]
				},
				{
					"name": "eye_left",
					"parent": "eyes",
					"pivot": [5.52, 36.25, -15.7],
					"rotation": [5, 0, 0],
					"cubes": [
						{"origin": [5.52, 34.25, -18.2], "size": [0, 3, 5], "uv": [0, 121]}
					]
				},
				{
					"name": "pupil_left",
					"parent": "eye_left",
					"pivot": [5.52, 35.75, -15.7],
					"cubes": [
						{"origin": [5.53, 34.25, -17.7], "size": [0, 3, 3], "uv": [76, 99]}
					]
				},
				{
					"name": "pupil_left2",
					"parent": "pupil_left",
					"pivot": [5.54, 36, -16.7],
					"cubes": [
						{"origin": [5.54, 35, -17.2], "size": [0, 2, 1], "uv": [48, 88]}
					]
				},
				{
					"name": "locator_eye_left",
					"parent": "pupil_left2",
					"pivot": [5.5, 36, -16.7],
					"locators": {
						"eye2": [5.5, 36, -16.7]
					}
				},
				{
					"name": "eyelid_left",
					"parent": "eye_left",
					"pivot": [4.94, 36.25, -15.7],
					"cubes": [
						{"origin": [4.44, 34.25, -18.2], "size": [1, 3, 5], "inflate": 0.01, "uv": [118, 107]}
					]
				},
				{
					"name": "muzzle",
					"parent": "head_angle",
					"pivot": [0, 40, -14.5],
					"rotation": [5, 0, 0],
					"cubes": [
						{"origin": [-5.5, 32, -20.5], "size": [11, 8, 6], "uv": [0, 79]},
						{"origin": [-1, 38.5, -19], "size": [2, 9, 2], "pivot": [0, 39, -18.25], "rotation": [37.5, 0, 0], "uv": [22, 112]}
					]
				},
				{
					"name": "locator_horn",
					"parent": "muzzle",
					"pivot": [0, 42.5, -18.75],
					"locators": {
						"horn": [0, 42.5, -18.75],
						"physical": [0, 42.5, -18.75]
					}
				},
				{
					"name": "locator_jaw_upper",
					"parent": "muzzle",
					"pivot": [0, 31.5, -22.25],
					"locators": {
						"jaw_upper": [0, 31.5, -22.25]
					}
				},
				{
					"name": "muzzle2",
					"parent": "muzzle",
					"pivot": [0, 38, -19.5],
					"rotation": [5, 0, 0],
					"cubes": [
						{"origin": [-4.5, 32, -24.5], "size": [9, 6, 4], "uv": [104, 54]},
						{"origin": [1.5, 33.25, -24.51], "size": [2, 1, 0], "pivot": [2, 33.75, -24.51], "rotation": [0, 0, -15], "uv": [76, 28]},
						{"origin": [-3.5, 33.25, -24.51], "size": [2, 1, 0], "pivot": [-2, 33.75, -24.51], "rotation": [0, 0, 15], "uv": [76, 29]}
					]
				},
				{
					"name": "jaw",
					"parent": "head_angle",
					"pivot": [0, 32, -14.5],
					"cubes": [
						{"origin": [-5, 30, -18.5], "size": [10, 2, 4], "uv": [104, 64]},
						{"origin": [-4, 30, -22.5], "size": [8, 2, 4], "uv": [114, 87]}
					]
				},
				{
					"name": "locator_jaw_lower",
					"parent": "jaw",
					"pivot": [0, 32.15, -21.5],
					"locators": {
						"jaw_lower": [0, 32.15, -21.5]
					}
				},
				{
					"name": "tongue",
					"parent": "jaw",
					"pivot": [0, 31.5, -14],
					"cubes": [
						{"origin": [-3, 31.5, -21], "size": [6, 1, 7], "uv": [108, 18]}
					]
				},
				{
					"name": "ears",
					"parent": "head_angle",
					"pivot": [0, 39, -9.25]
				},
				{
					"name": "ear_left",
					"parent": "ears",
					"pivot": [5.6, 37.5, -10.25],
					"rotation": [0, -22.5, -7.5],
					"cubes": [
						{"origin": [4.1, 28.5, -11.75], "size": [6, 13, 3], "uv": [30, 109]}
					]
				},
				{
					"name": "ear_right",
					"parent": "ears",
					"pivot": [-5.6, 37.5, -10.25],
					"rotation": [0, 22.5, 7.5],
					"cubes": [
						{"origin": [-10.1, 28.5, -11.75], "size": [6, 13, 3], "uv": [76, 109]}
					]
				},
				{
					"name": "tail",
					"parent": "torso",
					"pivot": [0, 7.5, 12],
					"cubes": [
						{"origin": [-4.5, 4.5, 11], "size": [9, 5, 7], "uv": [70, 46]}
					]
				},
				{
					"name": "tail2",
					"parent": "tail",
					"pivot": [0, 3.5, 18],
					"cubes": [
						{"origin": [-3.5, 4.5, 17], "size": [7, 4, 7], "uv": [84, 98]}
					]
				},
				{
					"name": "locator_tail_tip",
					"parent": "tail2",
					"pivot": [0, 3.5, 24],
					"locators": {
						"tail_tip": [0, 3.5, 24]
					}
				},
				{
					"name": "legs",
					"parent": "body",
					"pivot": [0, 4, 0]
				},
				{
					"name": "leg_front_left",
					"parent": "legs",
					"pivot": [10, 7, -8],
					"rotation": [0, 0, 10],
					"cubes": [
						{"origin": [8.5, 5, -10.5], "size": [6, 4, 5], "uv": [110, 35]}
					]
				},
				{
					"name": "leg_front_left2",
					"parent": "leg_front_left",
					"pivot": [13.5, 7, -8],
					"cubes": [
						{"origin": [13.5, 5, -11], "size": [10, 4, 6], "uv": [76, 18]}
					]
				},
				{
					"name": "leg_front_left3",
					"parent": "leg_front_left2",
					"pivot": [23.5, 6.75, -8],
					"cubes": [
						{"origin": [22, 5.25, -11.5], "size": [8, 4, 7], "uv": [84, 87]},
						{"origin": [22, 5.75, -11.5], "size": [8, 1, 7], "inflate": 0.01, "uv": [102, 46]}
					]
				},
				{
					"name": "leg_front_left4",
					"parent": "leg_front_left3",
					"pivot": [30, 6.5, -8],
					"cubes": [
						{"origin": [29, 6, -10.5], "size": [7, 2, 5], "uv": [104, 70]},
						{"origin": [29, 5.5, -10.5], "size": [7, 1, 5], "inflate": 0.01, "uv": [48, 115]}
					]
				},
				{
					"name": "leg_back_left",
					"parent": "legs",
					"pivot": [9.5, 5.5, 10],
					"cubes": [
						{"origin": [8, 4, 7], "size": [4, 3, 6], "uv": [34, 79]}
					]
				},
				{
					"name": "leg_back_left2",
					"parent": "leg_back_left",
					"pivot": [11, 5.5, 10],
					"cubes": [
						{"origin": [11, 4.25, 7], "size": [6, 3, 6], "uv": [94, 109]}
					]
				},
				{
					"name": "leg_back_left3",
					"parent": "leg_back_left2",
					"pivot": [17, 5.5, 10],
					"cubes": [
						{"origin": [15.5, 4.5, 7], "size": [5, 3, 6], "uv": [0, 112]}
					]
				},
				{
					"name": "leg_back_left4",
					"parent": "leg_back_left3",
					"pivot": [20.5, 5.5, 10],
					"cubes": [
						{"origin": [19.5, 4.5, 8.5], "size": [4, 2, 3], "uv": [34, 88]}
					]
				},
				{
					"name": "leg_front_right",
					"parent": "legs",
					"pivot": [-10, 7, -8],
					"rotation": [0, 0, -10],
					"cubes": [
						{"origin": [-14.5, 5, -10.5], "size": [6, 4, 5], "uv": [112, 98]}
					]
				},
				{
					"name": "leg_front_right2",
					"parent": "leg_front_right",
					"pivot": [-13.5, 7, -8],
					"cubes": [
						{"origin": [-23.5, 5, -11], "size": [10, 4, 6], "uv": [84, 77]}
					]
				},
				{
					"name": "leg_front_right3",
					"parent": "leg_front_right2",
					"pivot": [-23.5, 6.75, -8],
					"cubes": [
						{"origin": [-30, 5.25, -11.5], "size": [8, 4, 7], "uv": [0, 93]},
						{"origin": [-30, 5.75, -11.5], "size": [8, 1, 7], "inflate": 0.01, "uv": [0, 104]}
					]
				},
				{
					"name": "leg_front_right4",
					"parent": "leg_front_right3",
					"pivot": [-30, 6.5, -8],
					"cubes": [
						{"origin": [-36, 6, -10.5], "size": [7, 2, 5], "uv": [114, 0]},
						{"origin": [-36, 5.5, -10.5], "size": [7, 1, 5], "inflate": 0.01, "uv": [116, 77]}
					]
				},
				{
					"name": "leg_back_right",
					"parent": "legs",
					"pivot": [-9.5, 5.5, 10],
					"cubes": [
						{"origin": [-12, 4, 7], "size": [4, 3, 6], "uv": [94, 118]}
					]
				},
				{
					"name": "leg_back_right2",
					"parent": "leg_back_right",
					"pivot": [-11, 5.5, 10],
					"cubes": [
						{"origin": [-17, 4.25, 7], "size": [6, 3, 6], "uv": [110, 26]}
					]
				},
				{
					"name": "leg_back_right3",
					"parent": "leg_back_right2",
					"pivot": [-17, 5.5, 10],
					"cubes": [
						{"origin": [-20.5, 4.5, 7], "size": [5, 3, 6], "uv": [114, 7]}
					]
				},
				{
					"name": "leg_back_right4",
					"parent": "leg_back_right3",
					"pivot": [-20.5, 5.5, 10],
					"cubes": [
						{"origin": [-23.5, 4.5, 8.5], "size": [4, 2, 3], "uv": [114, 93]}
					]
				},
				{
					"name": "bone2",
					"pivot": [0, 0, 0]
				},
				{
					"name": "bone4",
					"parent": "bone2",
					"pivot": [0, 0, 0]
				},
				{
					"name": "bone",
					"pivot": [0, 0, 0],
					"locators": {
						"locator5": [0, 0, 0]
					}
				},
				{
					"name": "bone5",
					"pivot": [0, 0, 0],
					"locators": {
						"locator6": [0, 0, 0]
					}
				}
			]
		}
	]
}