{
	"format_version": "1.12.0",
	"minecraft:geometry": [
		{
			"description": {
				"identifier": "geometry.fire_fox",
				"texture_width": 64,
				"texture_height": 64,
				"visible_bounds_width": 5,
				"visible_bounds_height": 3.5,
				"visible_bounds_offset": [0, 1.25, 0]
			},
			"bones": [
				{
					"name": "fire_fox",
					"pivot": [0, 0, 0]
				},
				{
					"name": "all",
					"parent": "fire_fox",
					"pivot": [0, 16, 0]
				},
				{
					"name": "flame_ball",
					"parent": "all",
					"pivot": [-15.5, 22.5, -0.5],
					"cubes": [
						{"origin": [-17, 21, -2], "size": [3, 3, 3], "uv": [49, 24]}
					]
				},
				{
					"name": "ball_flame",
					"parent": "flame_ball",
					"pivot": [-15.5, 20, -0.5],
					"cubes": [
						{"origin": [-18, 20, -0.5], "size": [5, 5, 0], "uv": [16, 39]}
					]
				},
				{
					"name": "ball_flame2",
					"parent": "ball_flame",
					"pivot": [-15.5, 25, -0.5],
					"cubes": [
						{"origin": [-17, 25, -0.5], "size": [3, 5, 0], "uv": [14, 56]}
					]
				},
				{
					"name": "body",
					"parent": "all",
					"pivot": [0, 16, 0]
				},
				{
					"name": "leg_left",
					"parent": "body",
					"pivot": [2, 12, 0],
					"cubes": [
						{"origin": [1, 7, -1], "size": [2, 5, 2], "inflate": -0.02, "uv": [29, 51]}
					]
				},
				{
					"name": "leg_left2",
					"parent": "leg_left",
					"pivot": [2, 7, -1],
					"cubes": [
						{"origin": [1, 5, -1], "size": [2, 2, 2], "uv": [55, 52]},
						{"origin": [1, 1, -1], "size": [2, 4, 2], "inflate": 0.02, "uv": [0, 52]}
					]
				},
				{
					"name": "leg_left_flaps",
					"parent": "leg_left2",
					"pivot": [3.01, 5, 0]
				},
				{
					"name": "leg_left_flap_left",
					"parent": "leg_left_flaps",
					"pivot": [3.01, 5, 0],
					"rotation": [0, 0, 17.5],
					"cubes": [
						{"origin": [2, 4, 1.01], "size": [1, 3, 0], "uv": [6, 58]},
						{"origin": [2, 4, -1.01], "size": [1, 3, 0], "uv": [4, 58]},
						{"origin": [3, 4, -1], "size": [0, 4, 2], "uv": [49, 55]}
					]
				},
				{
					"name": "leg_left_flap_right",
					"parent": "leg_left_flaps",
					"pivot": [1.01, 5, 0],
					"rotation": [0, 0, -17.5],
					"cubes": [
						{"origin": [1, 4, 1.01], "size": [1, 3, 0], "uv": [2, 58]},
						{"origin": [1, 4, -1.01], "size": [1, 3, 0], "uv": [0, 58]},
						{"origin": [1, 4, -1], "size": [0, 4, 2], "uv": [45, 55]}
					]
				},
				{
					"name": "foot_left",
					"parent": "leg_left2",
					"pivot": [2, 1, -0.5],
					"cubes": [
						{"origin": [1, 0, -1.5], "size": [2, 1, 2], "uv": [56, 18]}
					]
				},
				{
					"name": "leg_right",
					"parent": "body",
					"pivot": [-2, 12, 0],
					"cubes": [
						{"origin": [-3, 7, -1], "size": [2, 5, 2], "inflate": -0.02, "uv": [0, 12]}
					]
				},
				{
					"name": "leg_right2",
					"parent": "leg_right",
					"pivot": [-2, 7, -1],
					"cubes": [
						{"origin": [-3, 5, -1], "size": [2, 2, 2], "uv": [37, 55]},
						{"origin": [-3, 1, -1], "size": [2, 4, 2], "inflate": 0.02, "uv": [47, 51]}
					]
				},
				{
					"name": "leg_right_flaps",
					"parent": "leg_right2",
					"pivot": [-3.01, 5, 0]
				},
				{
					"name": "leg_right_flap_left",
					"parent": "leg_right_flaps",
					"pivot": [-3.01, 5, 0],
					"rotation": [0, 0, -17.5],
					"cubes": [
						{"origin": [-3, 4, 1.01], "size": [1, 3, 0], "uv": [56, 41]},
						{"origin": [-3, 4, -1.01], "size": [1, 3, 0], "uv": [22, 50]},
						{"origin": [-3, 4, -1], "size": [0, 4, 2], "uv": [20, 54]}
					]
				},
				{
					"name": "leg_left_flap_right2",
					"parent": "leg_right_flaps",
					"pivot": [-1.01, 5, 0],
					"rotation": [0, 0, 17.5],
					"cubes": [
						{"origin": [-2, 4, 1.01], "size": [1, 3, 0], "uv": [50, 12]},
						{"origin": [-2, 4, -1.01], "size": [1, 3, 0], "uv": [30, 44]},
						{"origin": [-1, 4, -1], "size": [0, 4, 2], "uv": [8, 50]}
					]
				},
				{
					"name": "foot_right",
					"parent": "leg_right2",
					"pivot": [-2, 1, -0.5],
					"cubes": [
						{"origin": [-3, 0, -1.5], "size": [2, 1, 2], "uv": [54, 9]}
					]
				},
				{
					"name": "torso",
					"parent": "body",
					"pivot": [0, 12.25, 0],
					"cubes": [
						{"origin": [-2, 17, -2], "size": [4, 2, 4], "inflate": 0.01, "uv": [26, 38]},
						{"origin": [-3, 11, -2], "size": [6, 6, 4], "inflate": 0.02, "uv": [30, 28]}
					]
				},
				{
					"name": "arm_right",
					"parent": "torso",
					"pivot": [-2, 19, 0],
					"cubes": [
						{"origin": [-5, 16, -1.5], "size": [3, 3, 3], "uv": [13, 50]}
					]
				},
				{
					"name": "arm_right2",
					"parent": "arm_right",
					"pivot": [-5, 17, 1.5],
					"cubes": [
						{"origin": [-8, 15, -1.5], "size": [3, 4, 3], "inflate": 0.01, "uv": [42, 44]},
						{"origin": [-9, 15, -1.5], "size": [1, 4, 0], "uv": [57, 56]},
						{"origin": [-9, 15, 1.5], "size": [1, 4, 0], "uv": [53, 57]}
					]
				},
				{
					"name": "arm_right_flap_bottom",
					"parent": "arm_right2",
					"pivot": [-8, 15, 0],
					"cubes": [
						{"origin": [-10, 15, -1.5], "size": [2, 0, 3], "uv": [23, 39]}
					]
				},
				{
					"name": "arm_right_flap_top",
					"parent": "arm_right2",
					"pivot": [-8, 19, 0],
					"cubes": [
						{"origin": [-10, 19, -1.5], "size": [2, 0, 3], "uv": [35, 38]}
					]
				},
				{
					"name": "hand_right",
					"parent": "arm_right2",
					"pivot": [-7.5, 17, 0],
					"cubes": [
						{"origin": [-11, 16, -1], "size": [3, 2, 2], "uv": [37, 51]}
					]
				},
				{
					"name": "hand_right_finger1",
					"parent": "hand_right",
					"pivot": [-11, 18, 0.5],
					"cubes": [
						{"origin": [-12, 18, 0], "size": [1, 0, 1], "uv": [38, 52]}
					]
				},
				{
					"name": "hand_right_finger2",
					"parent": "hand_right",
					"pivot": [-11, 18, -0.5],
					"cubes": [
						{"origin": [-12, 18, -1], "size": [1, 0, 1], "uv": [38, 52]}
					]
				},
				{
					"name": "hand_right_finger3",
					"parent": "hand_right",
					"pivot": [-11, 17.75, -1],
					"cubes": [
						{"origin": [-12, 16.75, -1.01], "size": [1, 1, 0], "uv": [39, 53]}
					]
				},
				{
					"name": "stick",
					"parent": "hand_right",
					"pivot": [-12, 18, -0.25],
					"cubes": [
						{"origin": [-12.5, 13, -0.75], "size": [1, 10, 1], "uv": [25, 50]}
					]
				},
				{
					"name": "stick_leaf",
					"parent": "stick",
					"pivot": [-11.5, 21.5, -0.25],
					"cubes": [
						{"origin": [-11.5, 21.5, -0.25], "size": [2, 3, 0], "uv": [56, 38]}
					]
				},
				{
					"name": "arm_left",
					"parent": "torso",
					"pivot": [2, 19, 0],
					"cubes": [
						{"origin": [2, 16, -1.5], "size": [3, 3, 3], "uv": [50, 12]}
					]
				},
				{
					"name": "arm_left2",
					"parent": "arm_left",
					"pivot": [5, 17, 1.5],
					"cubes": [
						{"origin": [5, 15, -1.5], "size": [3, 4, 3], "inflate": 0.01, "uv": [30, 44]},
						{"origin": [8, 15, -1.5], "size": [1, 4, 0], "uv": [55, 56]},
						{"origin": [8, 15, 1.5], "size": [1, 4, 0], "uv": [46, 27]}
					]
				},
				{
					"name": "arm_left_flap_bottom",
					"parent": "arm_left2",
					"pivot": [8, 15, 0],
					"cubes": [
						{"origin": [8, 15, -1.5], "size": [2, 0, 3], "uv": [33, 20]}
					]
				},
				{
					"name": "arm_left_flap_top",
					"parent": "arm_left2",
					"pivot": [8, 19, 0],
					"cubes": [
						{"origin": [8, 19, -1.5], "size": [2, 0, 3], "uv": [27, 28]}
					]
				},
				{
					"name": "hand_left",
					"parent": "arm_left2",
					"pivot": [7.5, 17, 0],
					"cubes": [
						{"origin": [8, 16, -1], "size": [3, 2, 2], "uv": [48, 20]}
					]
				},
				{
					"name": "hand_left_finger3",
					"parent": "hand_left",
					"pivot": [11, 17.75, -1],
					"cubes": [
						{"origin": [11, 16.75, -1.01], "size": [1, 1, 0], "uv": [39, 53], "mirror": true}
					]
				},
				{
					"name": "hand_left_finger1",
					"parent": "hand_left",
					"pivot": [11, 18, 0.5],
					"cubes": [
						{"origin": [11, 18, 0], "size": [1, 0, 1], "uv": [38, 52], "mirror": true}
					]
				},
				{
					"name": "hand_left_finger2",
					"parent": "hand_left",
					"pivot": [11, 18, -0.5],
					"cubes": [
						{"origin": [11, 18, -1], "size": [1, 0, 1], "uv": [38, 52], "mirror": true}
					]
				},
				{
					"name": "tail_rotation",
					"parent": "torso",
					"pivot": [0, 13, 2.03]
				},
				{
					"name": "tail",
					"parent": "tail_rotation",
					"pivot": [0, 13, 2.03],
					"rotation": [90, 0, 0],
					"cubes": [
						{"origin": [0, 2, 2.03], "size": [15, 11, 0], "uv": [0, 28]}
					]
				},
				{
					"name": "tail2",
					"parent": "tail",
					"pivot": [11.5, 2, 2.03],
					"cubes": [
						{"origin": [-12, -10, 2.03], "size": [27, 12, 0], "uv": [0, 0]}
					]
				},
				{
					"name": "tail3",
					"parent": "tail2",
					"pivot": [-12, 2, 2.03],
					"cubes": [
						{"origin": [-12, 2, 2.03], "size": [3, 5, 0], "uv": [8, 56]}
					]
				},
				{
					"name": "neck",
					"parent": "torso",
					"pivot": [0, 20, 0],
					"cubes": [
						{"origin": [-2.5, 19, -2], "size": [5, 2, 4], "uv": [36, 14]}
					]
				},
				{
					"name": "neck_flap",
					"parent": "neck",
					"pivot": [0, 19.5, -2],
					"cubes": [
						{"origin": [-1.5, 19.5, -3], "size": [3, 0, 1], "uv": [0, 19]}
					]
				},
				{
					"name": "neck_flap_tip",
					"parent": "neck_flap",
					"pivot": [0, 19.5, -3],
					"cubes": [
						{"origin": [-3, 19.51, -9], "size": [6, 0, 6], "uv": [22, 12]}
					]
				},
				{
					"name": "head",
					"parent": "neck",
					"pivot": [0, 25, 0]
				},
				{
					"name": "head_rotation",
					"parent": "head",
					"pivot": [0, 21, 0],
					"cubes": [
						{"origin": [-5, 21, -4], "size": [10, 8, 8], "uv": [0, 12]}
					]
				},
				{
					"name": "cheekfire_left",
					"parent": "head_rotation",
					"pivot": [4, 23.5, -2],
					"cubes": [
						{"origin": [4, 20.5, -2], "size": [7, 6, 0], "uv": [16, 44]}
					]
				},
				{
					"name": "cheekfire_right",
					"parent": "head_rotation",
					"pivot": [-4, 23.5, -2],
					"cubes": [
						{"origin": [-11, 20.5, -2], "size": [7, 6, 0], "uv": [42, 38]}
					]
				},
				{
					"name": "head_fire",
					"parent": "head_rotation",
					"pivot": [0, 29, -0.5],
					"cubes": [
						{"origin": [-2, 29, -2.5], "size": [4, 3, 4], "uv": [36, 20]}
					]
				},
				{
					"name": "head_fire2",
					"parent": "head_fire",
					"pivot": [0, 32, -1],
					"cubes": [
						{"origin": [-1.5, 32, -2], "size": [3, 2, 3], "uv": [50, 30]}
					]
				},
				{
					"name": "head_fire_tip",
					"parent": "head_fire2",
					"pivot": [0, 33, -0.5],
					"cubes": [
						{"origin": [-4, 34, -0.5], "size": [5, 4, 0], "uv": [54, 0]}
					]
				},
				{
					"name": "ear_small_left",
					"parent": "head_rotation",
					"pivot": [2, 29, 1],
					"rotation": [0, 0, 12.5],
					"cubes": [
						{"origin": [2, 28.5, 0], "size": [2, 3, 2], "uv": [54, 47]}
					]
				},
				{
					"name": "ear_small_right",
					"parent": "head_rotation",
					"pivot": [-2, 29, 1],
					"rotation": [0, 0, -12.5],
					"cubes": [
						{"origin": [-4, 28.5, 0], "size": [2, 3, 2], "uv": [54, 4]}
					]
				},
				{
					"name": "ear_big_left",
					"parent": "head_rotation",
					"pivot": [2, 29, 4],
					"cubes": [
						{"origin": [2, 27, 4.01], "size": [4, 13, 0], "uv": [8, 39]}
					]
				},
				{
					"name": "ear_big_right",
					"parent": "head_rotation",
					"pivot": [-2, 29, 4],
					"cubes": [
						{"origin": [-6, 27, 4.01], "size": [4, 13, 0], "uv": [0, 39]}
					]
				},
				{
					"name": "face",
					"parent": "head_rotation",
					"pivot": [3, 25.5, -2.5],
					"cubes": [
						{"origin": [-1, 24, -4.02], "size": [2, 2, 0], "uv": [48, 30]},
						{"origin": [-0.5, 26, -4.02], "size": [1, 1, 0], "uv": [0, 12]}
					]
				},
				{
					"name": "eye_right",
					"parent": "face",
					"pivot": [-3, 25, -4.01],
					"cubes": [
						{"origin": [-4.5, 24, -4.01], "size": [3, 2, 0], "uv": [39, 44]}
					]
				},
				{
					"name": "eyelid_right",
					"parent": "eye_right",
					"pivot": [-2.9, 25, -3.41],
					"cubes": [
						{"origin": [-4.9, 24, -3.91], "size": [4, 2, 1], "inflate": 0.01, "uv": [51, 44]}
					]
				},
				{
					"name": "eye_left",
					"parent": "face",
					"pivot": [3, 25, -4.01],
					"cubes": [
						{"origin": [1.5, 24, -4.01], "size": [3, 2, 0], "uv": [28, 18]}
					]
				},
				{
					"name": "eyelid_left",
					"parent": "eye_left",
					"pivot": [2.9, 25, -3.41],
					"cubes": [
						{"origin": [0.9, 24, -3.91], "size": [4, 2, 1], "inflate": 0.01, "uv": [50, 35]}
					]
				},
				{
					"name": "mouth",
					"parent": "face",
					"pivot": [-0.5, 4, 0],
					"cubes": [
						{"origin": [-0.5, 22, -4.01], "size": [1, 1, 0], "uv": [34, 18]},
						{"origin": [-0.5, 23.5, -4.01], "size": [1, 1, 0], "uv": [6, 12]},
						{"origin": [-1.5, 21.5, -4.01], "size": [1, 1, 0], "uv": [30, 31]},
						{"origin": [-2.5, 22, -4.01], "size": [1, 1, 0], "uv": [0, 13]},
						{"origin": [1.5, 22, -4.01], "size": [1, 1, 0], "uv": [6, 13]},
						{"origin": [0.5, 21.5, -4.01], "size": [1, 1, 0], "uv": [32, 31]}
					]
				},
				{
					"name": "mouth_open",
					"parent": "mouth",
					"pivot": [0, 22, -3.92],
					"cubes": [
						{"origin": [-2.5, 21, -3.92], "size": [5, 2, 0], "uv": [40, 12]}
					]
				}
			]
		}
	]
}