{
	"format_version": "1.8.0",
	"animations": {
		"animation.crimsonveil.ground_idle": {
			"loop": true,
			"bones": {
				"torso": {
					"rotation": ["7.5+math.sin(q.anim_time*90*1.3+90)", 0, 0],
					"position": [0, -8, 0]
				},
				"torso_wisp_1": {
					"rotation": ["12.5+2*math.sin(query.anim_time*90*1*3)", 0, 0]
				},
				"torso_wisp_2": {
					"rotation": ["10-2*math.sin(query.anim_time*130*1*2)", 0, 0]
				},
				"torso_wisp_3": {
					"rotation": ["-40+2*math.sin(query.anim_time*120*1*5)", 0, 0]
				},
				"leg_right": {
					"rotation": [0, 0, 0],
					"position": [0, 1, 0],
					"scale": [1, 0, 1]
				},
				"leg_left": {
					"rotation": [0, 0, 0],
					"position": [0, 1, 0],
					"scale": [1, 0, 1]
				},
				"skirt_right": {
					"rotation": [0, 0, "-72.5-math.sin(query.anim_time*90*1*5)"]
				},
				"skirt_left": {
					"rotation": [0, 0, "72.5+math.sin(query.anim_time*90*1*5)"]
				},
				"skirt_back": {
					"rotation": ["-47.5+math.sin(query.anim_time*90*1*6)", 0, 0]
				},
				"skirt_front": {
					"rotation": ["67.5+math.sin(query.anim_time*90*1*6)", 0, 0]
				},
				"head": {
					"rotation": ["10+1*math.sin(q.anim_time*90*1.6+90)", 0, 0]
				},
				"head_wisp_1": {
					"rotation": ["-17.5+2*math.sin(query.anim_time*90*1*3)", 0, 0]
				},
				"head_wisp_2": {
					"rotation": ["-32.5-2*math.sin(query.anim_time*130*1*2)", 0, 0]
				},
				"shoulder_left": {
					"rotation": [-7.5, 0, "25-math.sin((query.anim_time + 0.1) * 100) * 2"]
				},
				"upper_arm_left": {
					"rotation": [-0.88045, -9.96156, "-44.9233-math.sin(query.anim_time*90*2+10)"]
				},
				"lower_arm_left": {
					"rotation": [91, 9.8, "7.5-1*math.sin(query.anim_time*130*1+22)"]
				},
				"hand_left": {
					"rotation": [-90, 0, 2]
				},
				"wisp_left_1": {
					"rotation": [0, 0, "22.5-1*math.sin(query.anim_time*80*0.8*4)"]
				},
				"wisp_left_2": {
					"rotation": ["2*math.sin(query.anim_time*90*1*3)", 0, "-17.5+2*math.sin(query.anim_time*90*1*3)"]
				},
				"wisp_left_3": {
					"rotation": ["3*math.sin(query.anim_time*130*1*2)", 0, "-17.5-2*math.sin(query.anim_time*130*1*2)"]
				},
				"wisp_left_4": {
					"rotation": [0, 0, "15-2*math.sin(query.anim_time*120*1*5)"]
				},
				"shoulder_right": {
					"rotation": [-7.5, 0, "-25+math.sin((query.anim_time + 0.1) * 100) * 2"]
				},
				"wisp_right_1": {
					"rotation": [0, 0, "-22.5+1*math.sin(query.anim_time*80*0.8*4)"]
				},
				"wisp_right_2": {
					"rotation": ["2*math.sin(query.anim_time*90*1*3)", 0, "17.5-2*math.sin(query.anim_time*90*1*3)"]
				},
				"wisp_right_3": {
					"rotation": ["3*math.sin(query.anim_time*130*1*2)", 0, "17.5+2*math.sin(query.anim_time*130*1*2)"]
				},
				"wisp_right_4": {
					"rotation": [0, 0, "-15+2*math.sin(query.anim_time*120*1*5)"]
				},
				"upper_arm_right": {
					"rotation": [-0.88045, 9.96156, "44.9233+math.sin(query.anim_time*90*2+10)"]
				},
				"lower_arm_right": {
					"rotation": [91, -9.8, "-7.5+1*math.sin(query.anim_time*130*1+22)"]
				},
				"hand_right": {
					"rotation": [-90, 0, 0]
				},
				"fingers_right": {
					"rotation": [0, 0, -42.5]
				},
				"tail8": {
					"rotation": ["-11+2*math.cos((query.anim_time -0.02) *90) *4", "0+2*math.cos((query.anim_time -0.02) *90) *4", -42]
				},
				"tail7": {
					"rotation": ["30+math.cos((query.anim_time -0.03) *150) *4", "25+math.cos((query.anim_time -0.03) *150) *4", -19]
				},
				"tail6": {
					"rotation": ["33+math.cos((query.anim_time -0.06) *140) *4", 10, 6]
				},
				"tail5": {
					"rotation": ["24+math.cos((query.anim_time -0.1) *130) *4", 20, 9]
				},
				"tail4": {
					"rotation": ["21+math.cos((query.anim_time -0.2) *130) *4", 18.7, 7]
				},
				"tail3": {
					"rotation": ["11+math.cos((query.anim_time -0.5) *120) *4", 24, 4.6]
				},
				"tail2": {
					"rotation": ["-12+math.cos((query.anim_time -0.8) *110) *4", 12, -2.7]
				},
				"tail1": {
					"rotation": ["-30+math.cos((query.anim_time -1.2) *110) *4", 4.3, -2.5]
				},
				"finger_right1": {
					"rotation": [-5, -5, -25]
				},
				"finger_right2": {
					"rotation": [0, 0, -25]
				},
				"finger_right3": {
					"rotation": [5, 5, -25]
				},
				"fingers_left": {
					"rotation": [0, 0, 42.5]
				},
				"finger_left1": {
					"rotation": [-5, 5, 25]
				},
				"finger_left2": {
					"rotation": [0, 0, 25]
				},
				"finger_left3": {
					"rotation": [5, -5, 25]
				},
				"waist": {
					"position": [0, -8, 0]
				},
				"leg_right_2": {
					"position": [0, 7, 0]
				},
				"leg_right_3": {
					"position": [0, 14, 0]
				},
				"leg_left_2": {
					"position": [0, 8, 0]
				},
				"leg_left_3": {
					"position": [0, 14, 0]
				},
				"torso_eye_open": {
					"position": [0, 0, 0.07]
				},
				"torso_eye_closed": {
					"position": [0, 0, 0]
				},
				"hand_wisp_right_1": {
					"rotation": [0, "-10-2*math.sin(query.anim_time*90*1*3)", "-25-2*math.sin(query.anim_time*90*1*3)"]
				},
				"hand_wisp_left_1": {
					"rotation": [0, "10+2*math.sin(query.anim_time*90*1*3)", "25+2*math.sin(query.anim_time*90*1*3)"]
				},
				"hand_wisp_right_2": {
					"rotation": [0, "3*math.sin(query.anim_time*130*1*2)", "-17.5+2*math.sin(query.anim_time*130*1*2)"]
				},
				"hand_wisp_right_3": {
					"rotation": [0, 5, "15-2*math.sin(query.anim_time*120*1*5)"]
				},
				"hand_wisp_left_2": {
					"rotation": [0, "3*math.sin(query.anim_time*130*1*2)", "17.5-2*math.sin(query.anim_time*130*1*2)"]
				},
				"hand_wisp_left_3": {
					"rotation": [0, -5, "-15+2*math.sin(query.anim_time*120*1*5)"]
				},
				"head_wisp_3": {
					"rotation": ["-30-3*math.sin(query.anim_time*140*1*2)", 0, 0]
				},
				"head_wisp_4": {
					"rotation": ["-12.5-2*math.sin(query.anim_time*120*1*5)", 0, 0]
				},
				"body": {
					"rotation": [0, 0, 0],
					"position": [0, "math.sin(q.anim_time*90*1.3)", 0]
				}
			}
		},
		"animation.crimsonveil.ground_walk": {
			"loop": true,
			"bones": {
				"torso": {
					"rotation": ["17.5+math.sin(q.anim_time*90*1.3+90)", 0, 0],
					"position": [0, -8, 0]
				},
				"torso_wisp_1": {
					"rotation": ["12.5+2*math.sin(query.anim_time*90*1*3)", 0, 0]
				},
				"torso_wisp_2": {
					"rotation": ["10-2*math.sin(query.anim_time*130*1*2)", 0, 0]
				},
				"torso_wisp_3": {
					"rotation": ["-40+2*math.sin(query.anim_time*120*1*5)", 0, 0]
				},
				"leg_right": {
					"rotation": [0, 0, 0],
					"position": [0, 1, 0],
					"scale": [1, 0, 1]
				},
				"leg_left": {
					"rotation": [0, 0, 0],
					"position": [0, 1, 0],
					"scale": [1, 0, 1]
				},
				"skirt_right": {
					"rotation": [0, 0, "-72.5-math.sin(query.anim_time*90*1*5)"]
				},
				"skirt_left": {
					"rotation": [0, 0, "72.5+math.sin(query.anim_time*90*1*5)"]
				},
				"skirt_back": {
					"rotation": ["-47.5+math.sin(query.anim_time*90*1*6)", 0, 0]
				},
				"skirt_front": {
					"rotation": ["67.5+math.sin(query.anim_time*90*1*6)", 0, 0]
				},
				"head": {
					"rotation": ["10+1*math.sin(q.anim_time*90*1.6+90)", 0, 0]
				},
				"head_wisp_1": {
					"rotation": ["-17.5+2*math.sin(query.anim_time*90*1*3)", 0, 0]
				},
				"head_wisp_2": {
					"rotation": ["-32.5-2*math.sin(query.anim_time*130*1*2)", 0, 0]
				},
				"shoulder_left": {
					"rotation": [-7.5, 0, "25-math.sin((query.anim_time + 0.1) * 100) * 2"]
				},
				"upper_arm_left": {
					"rotation": [2.04517, -32.33457, "-60.9452-math.sin(query.anim_time*90*2+10)"]
				},
				"lower_arm_left": {
					"rotation": [91.45293, 47.29228, "8.3975-1*math.sin(query.anim_time*130*1+22)"]
				},
				"hand_left": {
					"rotation": [-93.31914, 14.63639, -10.92638]
				},
				"wisp_left_1": {
					"rotation": [0, 0, "22.5-1*math.sin(query.anim_time*80*0.8*4)"]
				},
				"wisp_left_2": {
					"rotation": ["2*math.sin(query.anim_time*90*1*3)", 0, "-17.5+2*math.sin(query.anim_time*90*1*3)"]
				},
				"wisp_left_3": {
					"rotation": ["3*math.sin(query.anim_time*130*1*2)", 0, "-17.5-2*math.sin(query.anim_time*130*1*2)"]
				},
				"wisp_left_4": {
					"rotation": [0, 0, "15-2*math.sin(query.anim_time*120*1*5)"]
				},
				"shoulder_right": {
					"rotation": [-7.5, 0, "-25+math.sin((query.anim_time + 0.1) * 100) * 2"]
				},
				"wisp_right_1": {
					"rotation": [0, 0, "-22.5+1*math.sin(query.anim_time*80*0.8*4)"]
				},
				"wisp_right_2": {
					"rotation": ["2*math.sin(query.anim_time*90*1*3)", 0, "17.5-2*math.sin(query.anim_time*90*1*3)"]
				},
				"wisp_right_3": {
					"rotation": ["3*math.sin(query.anim_time*130*1*2)", 0, "17.5+2*math.sin(query.anim_time*130*1*2)"]
				},
				"wisp_right_4": {
					"rotation": [0, 0, "-15+2*math.sin(query.anim_time*120*1*5)"]
				},
				"upper_arm_right": {
					"rotation": [-0.97795, -27.53387, "45.5277+math.sin(query.anim_time*90*2+10)"]
				},
				"lower_arm_right": {
					"rotation": [91.61117, -52.2905, "-8.6045+1*math.sin(query.anim_time*130*1+22)"]
				},
				"hand_right": {
					"rotation": [-108.63923, -50.02461, 23.75692]
				},
				"fingers_right": {
					"rotation": [0, 0, -42.5]
				},
				"tail8": {
					"rotation": ["0+2*math.cos((query.anim_time -0.02) *90) *4", "0+2*math.cos((query.anim_time -0.02) *90) *4", 0]
				},
				"tail7": {
					"rotation": ["20+math.cos((query.anim_time -0.03) *150) *4", 0, 0]
				},
				"tail6": {
					"rotation": ["30.5-math.cos((query.anim_time -0.06) *140) *4", 0, 0]
				},
				"tail5": {
					"rotation": ["34+math.cos((query.anim_time -0.1) *130) *4", 0, 0]
				},
				"tail4": {
					"rotation": ["11+math.cos((query.anim_time -0.2) *130) *4", 0, 0]
				},
				"tail3": {
					"rotation": ["11+math.cos((query.anim_time -0.5) *120) *4", 0, 4.6]
				},
				"tail2": {
					"rotation": ["-12+math.cos((query.anim_time -0.8) *110) *4", 0, -2.7]
				},
				"tail1": {
					"rotation": ["-30+math.cos((query.anim_time -1.2) *110) *4", 0, -2.5]
				},
				"finger_right1": {
					"rotation": [-5, -5, -25]
				},
				"finger_right2": {
					"rotation": [0, 0, -25]
				},
				"finger_right3": {
					"rotation": [5, 5, -25]
				},
				"fingers_left": {
					"rotation": [0, 0, 42.5]
				},
				"finger_left1": {
					"rotation": [-5, 5, 25]
				},
				"finger_left2": {
					"rotation": [0, 0, 25]
				},
				"finger_left3": {
					"rotation": [5, -5, 25]
				},
				"waist": {
					"rotation": [20, 0, 0],
					"position": [0, -8, 0]
				},
				"leg_right_2": {
					"position": [0, 7, 0]
				},
				"leg_right_3": {
					"position": [0, 14, 0]
				},
				"leg_left_2": {
					"position": [0, 8, 0]
				},
				"leg_left_3": {
					"position": [0, 14, 0]
				},
				"torso_eye_open": {
					"position": [0, 0, 0.07]
				},
				"torso_eye_closed": {
					"position": [0, 0, 0]
				},
				"hand_wisp_right_1": {
					"rotation": [0, "17.5-2*math.sin(query.anim_time*90*1*3)", "-25-2*math.sin(query.anim_time*90*1*3)"]
				},
				"hand_wisp_left_1": {
					"rotation": [0, "10+2*math.sin(query.anim_time*90*1*3)", "25+2*math.sin(query.anim_time*90*1*3)"]
				},
				"hand_wisp_right_2": {
					"rotation": [6.88001, "16.1298+3*math.sin(query.anim_time*130*1*2)", "5.976+2*math.sin(query.anim_time*130*1*2)"]
				},
				"hand_wisp_right_3": {
					"rotation": [0, 22.5, "15-2*math.sin(query.anim_time*120*1*5)"]
				},
				"hand_wisp_left_2": {
					"rotation": [0, "3*math.sin(query.anim_time*130*1*2)", "-25-2*math.sin(query.anim_time*130*1*2)"]
				},
				"hand_wisp_left_3": {
					"rotation": [-2.69136, -4.21541, "17.5991+2*math.sin(query.anim_time*120*1*5)"]
				},
				"head_wisp_3": {
					"rotation": ["-30-3*math.sin(query.anim_time*140*1*2)", 0, 0]
				},
				"head_wisp_4": {
					"rotation": ["-12.5-2*math.sin(query.anim_time*120*1*5)", 0, 0]
				},
				"body": {
					"rotation": [0, 0, 0],
					"position": [0, "math.sin(q.anim_time*90*1.3)", 0]
				}
			}
		},
		"animation.crimsonveil.battle_idle": {
			"loop": true,
			"bones": {
				"torso": {
					"rotation": ["7.5+math.sin(q.anim_time*90*1.3+90)", 0, 0],
					"position": [0, 0, 0]
				},
				"torso_wisp_1": {
					"rotation": ["12.5+2*math.sin(query.anim_time*90*1*3)", 0, 0]
				},
				"torso_wisp_2": {
					"rotation": ["10-2*math.sin(query.anim_time*130*1*2)", 0, 0]
				},
				"torso_wisp_3": {
					"rotation": ["-40+2*math.sin(query.anim_time*120*1*5)", 0, 0]
				},
				"leg_right": {
					"rotation": [0, 0, -2.5],
					"position": [0, 0, 0],
					"scale": 1
				},
				"leg_left": {
					"rotation": [0, 0, 2.5],
					"position": [0, 0, 0],
					"scale": 1
				},
				"skirt_right": {
					"rotation": [0, 0, "-72.5-math.sin(query.anim_time*90*1*5)"]
				},
				"skirt_left": {
					"rotation": [0, 0, "72.5+math.sin(query.anim_time*90*1*5)"]
				},
				"skirt_back": {
					"rotation": ["-47.5+math.sin(query.anim_time*90*1*6)", 0, 0]
				},
				"skirt_front": {
					"rotation": ["67.5+math.sin(query.anim_time*90*1*6)", 0, 0]
				},
				"head": {
					"rotation": ["10+1*math.sin(q.anim_time*90*1.6+90)", 0, 0]
				},
				"head_wisp_1": {
					"rotation": ["-17.5+2*math.sin(query.anim_time*90*1*3)", 0, 0]
				},
				"head_wisp_2": {
					"rotation": ["-32.5-2*math.sin(query.anim_time*130*1*2)", 0, 0]
				},
				"shoulder_left": {
					"rotation": [-7.5, 0, "25-math.sin((query.anim_time + 0.1) * 100) * 2"]
				},
				"upper_arm_left": {
					"rotation": [-15.88045, -9.96156, "-44.9233-math.sin(query.anim_time*90*2+10)"]
				},
				"lower_arm_left": {
					"rotation": [91.33222, 42.29375, "8.2263-1*math.sin(query.anim_time*130*1+22)"]
				},
				"hand_left": {
					"rotation": [-175.90082, 2.86544, -32.89743]
				},
				"wisp_left_1": {
					"rotation": [0, 0, "22.5-1*math.sin(query.anim_time*80*0.8*4)"]
				},
				"wisp_left_2": {
					"rotation": ["2*math.sin(query.anim_time*90*1*3)", 0, "-17.5+2*math.sin(query.anim_time*90*1*3)"]
				},
				"wisp_left_3": {
					"rotation": ["3*math.sin(query.anim_time*130*1*2)", 0, "-17.5-2*math.sin(query.anim_time*130*1*2)"]
				},
				"wisp_left_4": {
					"rotation": [0, 0, "15-2*math.sin(query.anim_time*120*1*5)"]
				},
				"shoulder_right": {
					"rotation": [-7.5, 0, "-25+math.sin((query.anim_time + 0.1) * 100) * 2"]
				},
				"wisp_right_1": {
					"rotation": [0, 0, "-22.5+1*math.sin(query.anim_time*80*0.8*4)"]
				},
				"wisp_right_2": {
					"rotation": ["2*math.sin(query.anim_time*90*1*3)", 0, "17.5-2*math.sin(query.anim_time*90*1*3)"]
				},
				"wisp_right_3": {
					"rotation": ["3*math.sin(query.anim_time*130*1*2)", 0, "17.5+2*math.sin(query.anim_time*130*1*2)"]
				},
				"wisp_right_4": {
					"rotation": [0, 0, "-15+2*math.sin(query.anim_time*120*1*5)"]
				},
				"upper_arm_right": {
					"rotation": [-15.88045, 9.96156, "44.9233+math.sin(query.anim_time*90*2+10)"]
				},
				"lower_arm_right": {
					"rotation": [91.33222, -42.29375, "-8.2263+1*math.sin(query.anim_time*130*1+22)"]
				},
				"hand_right": {
					"rotation": [-175.90082, -2.86544, 34.89743]
				},
				"fingers_right": {
					"rotation": [0, 0, -42.5]
				},
				"tail8": {
					"rotation": ["-11+2*math.cos((query.anim_time -0.02) *90) *4", "0+2*math.cos((query.anim_time -0.02) *90) *4", -42]
				},
				"tail7": {
					"rotation": ["30+math.cos((query.anim_time -0.03) *150) *4", "25+math.cos((query.anim_time -0.03) *150) *4", -19]
				},
				"tail6": {
					"rotation": ["33+math.cos((query.anim_time -0.06) *140) *4", 10, 6]
				},
				"tail5": {
					"rotation": ["24+math.cos((query.anim_time -0.1) *130) *4", 20, 9]
				},
				"tail4": {
					"rotation": ["21+math.cos((query.anim_time -0.2) *130) *4", 18.7, 7]
				},
				"tail3": {
					"rotation": ["11+math.cos((query.anim_time -0.5) *120) *4", 24, 4.6]
				},
				"tail2": {
					"rotation": ["-12+math.cos((query.anim_time -0.8) *110) *4", 12, -2.7]
				},
				"tail1": {
					"rotation": ["-30+math.cos((query.anim_time -1.2) *110) *4", 4.3, -2.5]
				},
				"finger_right1": {
					"rotation": [-5, -5, -25]
				},
				"finger_right2": {
					"rotation": [0, 0, -25]
				},
				"finger_right3": {
					"rotation": [5, 5, -25]
				},
				"fingers_left": {
					"rotation": [0, 0, 42.5]
				},
				"finger_left1": {
					"rotation": [-5, 5, 25]
				},
				"finger_left2": {
					"rotation": [0, 0, 25]
				},
				"finger_left3": {
					"rotation": [5, -5, 25]
				},
				"waist": {
					"position": [0, 0, 0]
				},
				"leg_right_2": {
					"position": [0, 0, 0]
				},
				"leg_right_3": {
					"position": [0, 0, 0]
				},
				"leg_left_2": {
					"position": [0, 0, 0]
				},
				"leg_left_3": {
					"position": [0, 0, 0]
				},
				"torso_eye_open": {
					"position": [0, 0, -0.01]
				},
				"torso_eye_closed": {
					"position": [0, 0, 0.06]
				},
				"hand_wisp_right_1": {
					"rotation": [-1.31845, "-9.9136-2*math.sin(query.anim_time*90*1*3)", "-17.3857-2*math.sin(query.anim_time*90*1*3)"]
				},
				"hand_wisp_left_1": {
					"rotation": [-1.31845, "9.9136+2*math.sin(query.anim_time*90*1*3)", "17.3857-2*math.sin(query.anim_time*90*1*3)"]
				},
				"hand_wisp_right_2": {
					"rotation": [0, "3*math.sin(query.anim_time*130*1*2)", "30+2*math.sin(query.anim_time*130*1*2)"]
				},
				"hand_wisp_right_3": {
					"rotation": [0.87038, 4.92385, "25.0374-2*math.sin(query.anim_time*120*1*5)"]
				},
				"hand_wisp_left_2": {
					"rotation": [0, "-(3*math.sin(query.anim_time*130*1*2))", "-30+2*math.sin(query.anim_time*130*1*2)"]
				},
				"hand_wisp_left_3": {
					"rotation": [0.87038, -4.92385, "-25.0374-2*math.sin(query.anim_time*120*1*5)"]
				},
				"head_wisp_3": {
					"rotation": ["-30-3*math.sin(query.anim_time*140*1*2)", 0, 0]
				},
				"head_wisp_4": {
					"rotation": ["-12.5-2*math.sin(query.anim_time*120*1*5)", 0, 0]
				},
				"body": {
					"rotation": [0, 0, 0],
					"position": [0, 0, 0]
				}
			}
		},
		"animation.crimsonveil.blink": {
			"animation_length": 0.2083,
			"bones": {
				"eyelid": {
					"position": {
						"0.0": [0, 0, -0.05],
						"0.125": [0, 0, -0.05],
						"0.1667": [0, 0, 0]
					}
				}
			}
		},
		"animation.crimsonveil.cry": {
			"animation_length": 0.4167,
			"bones": {
				"head": {
					"rotation": {
						"0.0": [0, 0, 0],
						"0.0417": [-2.5, 0, 0],
						"0.0833": [-7.5, 0, 0],
						"0.2083": [-2.5, 0, 0],
						"0.2917": [0, 0, 0]
					}
				}
			}
		}
	}
}