{
	"format_version": "1.8.0",
	"animations": {
		"animation.ironjustice.ground_idle": {
			"loop": true,
			"bones": {
				"body": {
					"rotation": [0, 0, 0]
				},
				"neck": {
					"rotation": ["-10+1*math.sin(q.anim_time*90*1+110)", 0, 0]
				},
				"head": {
					"rotation": ["17.5+2*math.sin(q.anim_time*90*1+90)", 0, 0]
				},
				"tail": {
					"rotation": ["32.5+math.sin(q.anim_time*90*2-95)*1", 0, 0]
				},
				"tail1": {
					"rotation": ["-37.5+math.sin(q.anim_time*90*2-45)*1", 0, 0]
				},
				"tail2": {
					"rotation": ["-92.5+math.sin(q.anim_time*90*2-65)*1", 0, 0]
				},
				"tail3": {
					"rotation": ["40+math.sin(q.anim_time*90*2-95)*1", 0, 0]
				},
				"tail4": {
					"rotation": ["30+math.sin(q.anim_time*90*2-125)*1", 0, 0]
				},
				"jaw": {
					"rotation": ["0-2*math.sin(q.anim_time*90*1+180)", 0, 0]
				},
				"hair_wavy": {
					"rotation": ["-12.5+math.sin(q.anim_time*90*4-45)*1", 0, 0]
				},
				"leg_back_left": {
					"rotation": [0, -10, 0]
				},
				"leg_back_right": {
					"rotation": [0, 10, 0]
				},
				"leg_front_right": {
					"rotation": [0, 15, 0]
				},
				"leg_front_left": {
					"rotation": [0, -15, 0]
				}
			}
		},
		"animation.ironjustice.ground_walk": {
			"loop": true,
			"bones": {
				"body": {
					"position": [0, "math.abs(math.sin(q.anim_time*90*4)*0.25)", 0]
				},
				"torso": {
					"position": [0, "math.abs(math.sin(q.anim_time*90*4-45)*0.25)", 0]
				},
				"tail": {
					"rotation": ["32.5+math.sin(q.anim_time*90*8-45)*1", 0, 0]
				},
				"tail1": {
					"rotation": [-37.5, 0, 0]
				},
				"tail2": {
					"rotation": ["-100+math.sin(q.anim_time*90*8-45)*1", 0, 0]
				},
				"tail3": {
					"rotation": ["47.5+math.sin(q.anim_time*90*8-75)*2", 0, 0]
				},
				"tail4": {
					"rotation": ["30+math.sin(q.anim_time*90*8-105)*3", 0, 0]
				},
				"neck": {
					"rotation": ["-5+math.sin(q.anim_time*90*8-45)*1", 0, 0]
				},
				"head": {
					"rotation": ["10+math.sin(q.anim_time*90*8-45)*0.5", 0, 0]
				},
				"hair_wavy": {
					"rotation": ["-12.5+math.sin(q.anim_time*90*8-75)*2", 0, 0]
				},
				"leg_back_left": {
					"rotation": ["math.sin(q.anim_time*90*4-90)*10", 0, 0],
					"position": [0, "math.clamp(-math.sin(q.anim_time*90*4+90*0)*1,0,180)", 0]
				},
				"leg_back_lower_left": {
					"rotation": ["math.clamp(math.sin(q.anim_time*90*4+45)*20,-90,5)", 0, 0]
				},
				"leg_back_right": {
					"rotation": ["-math.sin(q.anim_time*90*4-90)*10", 0, 0],
					"position": [0, "math.clamp(math.sin(q.anim_time*90*4+90*0)*1,0,180)", 0]
				},
				"leg_back_lower_right": {
					"rotation": ["math.clamp(-math.sin(q.anim_time*90*4+45)*25,-90,0)", 0, 0]
				},
				"leg_front_right": {
					"rotation": ["math.sin(q.anim_time*90*4-90)*10", 0, 0],
					"position": [0, "math.clamp(-math.sin(q.anim_time*90*4+90*0)*1,0,180)", 0]
				},
				"leg_front_lower_right": {
					"rotation": ["-math.clamp(math.sin(q.anim_time*90*4)*15,-90,5)", 0, 0]
				},
				"leg_front_left": {
					"rotation": ["-math.sin(q.anim_time*90*4-90)*10", 0, 0],
					"position": [0, "math.clamp(math.sin(q.anim_time*90*4+90*0)*1,0,180)", 0]
				},
				"leg_front_lower_left": {
					"rotation": ["-math.clamp(-math.sin(q.anim_time*90*4)*15,-90,5)", 0, 0]
				}
			}
		},
		"animation.ironjustice.battle_idle": {
			"loop": true,
			"bones": {
				"body": {
					"rotation": [0, -20, 0]
				},
				"neck": {
					"rotation": ["-10+1*math.sin(q.anim_time*90*1+110)", 0, 0]
				},
				"head": {
					"rotation": ["17.7777+2*math.sin(q.anim_time*90*1+90)", 9.42102, 3.3685]
				},
				"tail": {
					"rotation": ["32.5+math.sin(q.anim_time*90*2-95)*1", 0, 0]
				},
				"tail1": {
					"rotation": ["-37.5+math.sin(q.anim_time*90*2-45)*1", 0, 0]
				},
				"tail2": {
					"rotation": ["-92.5+math.sin(q.anim_time*90*2-65)*1", 0, 0]
				},
				"tail3": {
					"rotation": ["40+math.sin(q.anim_time*90*2-95)*1", 0, 0]
				},
				"tail4": {
					"rotation": ["30+math.sin(q.anim_time*90*2-125)*1", 0, 0]
				},
				"jaw": {
					"rotation": ["0-2*math.sin(q.anim_time*90*1+180)", 0, 0]
				},
				"hair_wavy": {
					"rotation": ["-12.5+math.sin(q.anim_time*90*4-125)*1", 0, 0]
				},
				"leg_back_left": {
					"rotation": [0, -10, 0]
				},
				"leg_back_right": {
					"rotation": [0, 10, 0]
				},
				"leg_front_right": {
					"rotation": ["-45-math.sin(q.anim_time*90*2-180)*4", 15, 0]
				},
				"leg_front_lower_right": {
					"rotation": ["55+math.sin(q.anim_time*90*2-90)*1", 0, 0]
				},
				"leg_front_left": {
					"rotation": [0, -15, 0]
				}
			}
		},
		"animation.ironjustice.cry": {
			"animation_length": 0.5,
			"bones": {
				"head": {
					"rotation": {
						"0.0": [0, 0, 0],
						"0.0417": [-2.5, 0, 0],
						"0.0833": [-7.5, 0, 0],
						"0.25": [-2.5, 0, 0],
						"0.375": [0, 0, 0]
					}
				},
				"jaw": {
					"rotation": {
						"0.0": [0, 0, 0],
						"0.0417": [5, 0, 0],
						"0.0833": [10, 0, 0],
						"0.25": [10, 0, 0],
						"0.375": [0, 0, 0]
					}
				}
			}
		},
		"animation.ironjustice.sleep": {
			"loop": true,
			"bones": {
				"body": {
					"rotation": [0, 0, 0]
				},
				"neck": {
					"rotation": [20, 0, 0]
				},
				"head": {
					"rotation": ["17.5+2*math.sin(q.anim_time*90*1+90)", 0, 0]
				},
				"tail": {
					"rotation": ["32.5+math.sin(q.anim_time*90*2-95)*1", 0, 0]
				},
				"tail1": {
					"rotation": ["-37.5+math.sin(q.anim_time*90*2-45)*1", 0, 0]
				},
				"tail2": {
					"rotation": ["-92.5+math.sin(q.anim_time*90*2-65)*1", 0, 0]
				},
				"tail3": {
					"rotation": ["40+math.sin(q.anim_time*90*2-95)*1", 0, 0]
				},
				"tail4": {
					"rotation": ["30+math.sin(q.anim_time*90*2-125)*1", 0, 0]
				},
				"jaw": {
					"rotation": ["0-2*math.sin(q.anim_time*90*1+180)", 0, 0]
				},
				"hair_wavy": {
					"rotation": ["-12.5+math.sin(q.anim_time*90*4-125)*1", 0, 0]
				},
				"leg_back_left": {
					"rotation": [0, -10, 0]
				},
				"leg_back_right": {
					"rotation": [0, 10, 0]
				},
				"leg_front_right": {
					"rotation": [0, 15, 0]
				},
				"leg_front_left": {
					"rotation": [0, -15, 0]
				}
			}
		}
	}
}