{
	"format_version": "1.8.0",
	"animations": {
		"animation.ironmirage.ground_idle": {
			"loop": true,
			"bones": {
				"ironmirage": {
					"position": [0, 0, 0]
				},
				"body": {
					"position": [0, "17+math.sin(q.anim_time*90*1.3)", 0]
				},
				"chest": {
					"rotation": ["-10+2*math.sin(q.anim_time*90*1+45)", 0, 0]
				},
				"head": {
					"rotation": ["12.5+2*math.sin(q.anim_time*90*1+90)", 0, 0]
				},
				"hair": {
					"rotation": ["-27.5+math.sin(q.anim_time*90*1-120)*1", 0, 0]
				},
				"snake": {
					"rotation": ["-27.5+2*math.sin(q.anim_time*90+120)*1", 0, 0]
				},
				"arm_left": {
					"rotation": [-2, -9, "62+2*math.sin(q.anim_time*90*1+90)*2"]
				},
				"cloud_tail": {
					"rotation": ["-17.5+2*math.sin(q.anim_time*90*1+90)*3", 0, 0]
				},
				"arm_lower_left": {
					"rotation": [-2, 12, "-12+2*math.sin(q.anim_time*90*1+45)*2"]
				},
				"arm_right": {
					"rotation": [26, 0, "-41-2*math.sin(q.anim_time*90*1+90)*2"]
				},
				"arm_lower_right": {
					"rotation": [0, "-105+2*math.sin(q.anim_time*90*1+45)*2", 0]
				},
				"hand_left": {
					"rotation": [0, -15, "-17.5+2*math.sin(q.anim_time*90*1+45)*3.5"]
				},
				"hand_right": {
					"rotation": [0, -17.5, "-30+2*math.sin(q.anim_time*90*1+45)*3.5"]
				},
				"hair5": {
					"rotation": ["27.5+math.sin(q.anim_time*90*1-45)*5", 0, 0]
				},
				"hair4": {
					"rotation": ["-22.5+math.sin(q.anim_time*90*1-45)*4.5", 0, 0]
				},
				"hair3": {
					"rotation": ["-80+math.sin(q.anim_time*90*1-50)*3.5", 0, 0]
				},
				"hair2": {
					"rotation": ["-32.5+math.sin(q.anim_time*90*1-60)*2.5", 0, 0]
				},
				"hair1": {
					"rotation": ["-25+math.sin(q.anim_time*90*1-90)*1.5", 0, 0]
				},
				"cloud_tail1": {
					"rotation": ["-22.5+2*math.sin(query.anim_time*120*1*5)", 0, 0]
				},
				"snake5": {
					"rotation": [-47.5, 0, 0]
				},
				"snake4": {
					"rotation": ["25+2*math.sin(q.anim_time*90+20)*3", 0, 0]
				},
				"snake3": {
					"rotation": [47.5, 0, 0]
				},
				"snake2": {
					"rotation": ["47.5+2*math.sin(q.anim_time*90+80)*2", 0, 0]
				},
				"snake1": {
					"rotation": ["30+2*math.sin(q.anim_time*90+100)*1.5", 0, 0]
				},
				"thumb_tip_left": {
					"rotation": [-17.5, 0, 0]
				},
				"thumb_left": {
					"rotation": [0, -60, 0]
				},
				"glove_left": {
					"rotation": [0, 0, -20]
				},
				"glove_tip_left": {
					"rotation": [0, 0, -17.5]
				},
				"thumb_right": {
					"rotation": [20, 60, 0]
				},
				"glove_right": {
					"rotation": [0, 0, -20]
				},
				"glove_tip_right": {
					"rotation": [0, 0, -17.5]
				},
				"thumb_tip_right": {
					"rotation": [20, 0, 0]
				},
				"jaw": {
					"rotation": ["-15+2*math.sin(q.anim_time*90+20)*3", 0, 0]
				},
				"snake_head": {
					"rotation": ["-55+2*math.sin(q.anim_time*90+20)*4", 0, 0]
				},
				"cloud": {
					"rotation": ["0+2*math.sin(q.anim_time*90*1+90)", 0, "0+2*math.sin(q.anim_time*90*1+45)"]
				}
			}
		},
		"animation.ironmirage.ground_walk": {
			"loop": true,
			"bones": {
				"ironmirage": {
					"position": [0, 0, 0]
				},
				"body": {
					"rotation": [12.5, 0, 0],
					"position": [0, "17+math.sin(q.anim_time*90*1.3)", 0]
				},
				"chest": {
					"rotation": ["-10+2*math.sin(q.anim_time*90*1+45)", 0, 0]
				},
				"head": {
					"rotation": ["-2.5+2*math.sin(q.anim_time*90*1+90)", 0, 0]
				},
				"hair": {
					"rotation": ["-27.5+math.sin(q.anim_time*90*1-120)*1", 0, 0]
				},
				"snake": {
					"rotation": ["-52.5+2*math.sin(q.anim_time*90+120)*1", 0, 0]
				},
				"arm_left": {
					"rotation": [-2, -22.5, "62+2*math.sin(q.anim_time*90*1+90)*2"]
				},
				"cloud_tail": {
					"rotation": ["-17.5+2*math.sin(q.anim_time*90*1+90)*3", 0, 0]
				},
				"arm_lower_left": {
					"rotation": [-4.16223, 61.94434, "-15.2586+2*math.sin(q.anim_time*90*1+45)*2"]
				},
				"arm_right": {
					"rotation": [-2, 22.5, "-62-2*math.sin(q.anim_time*90*1+90)*2"]
				},
				"arm_lower_right": {
					"rotation": [-4.16223, -61.94434, "15.2586+2*math.sin(q.anim_time*90*1+45)*2"]
				},
				"hand_left": {
					"rotation": [0, 32.5, "30+2*math.sin(q.anim_time*90*1+45)*3.5"]
				},
				"hand_right": {
					"rotation": [0, -32.5, "-30+2*math.sin(q.anim_time*90*1+45)*3.5"]
				},
				"hair5": {
					"rotation": ["27.5+math.sin(q.anim_time*90*1-45)*5", 0, 0]
				},
				"hair4": {
					"rotation": ["-22.5+math.sin(q.anim_time*90*1-45)*4.5", 0, 0]
				},
				"hair3": {
					"rotation": ["-80+math.sin(q.anim_time*90*1-50)*3.5", 0, 0]
				},
				"hair2": {
					"rotation": ["-32.5+math.sin(q.anim_time*90*1-60)*2.5", 0, 0]
				},
				"hair1": {
					"rotation": ["-25+math.sin(q.anim_time*90*1-90)*1.5", 0, 0]
				},
				"cloud_tail1": {
					"rotation": ["-22.5+2*math.sin(query.anim_time*120*1*5)", 0, 0]
				},
				"snake5": {
					"rotation": [-47.5, 0, 0]
				},
				"snake4": {
					"rotation": ["25+2*math.sin(q.anim_time*90+20)*3", 0, 0]
				},
				"snake3": {
					"rotation": [47.5, 0, 0]
				},
				"snake2": {
					"rotation": ["47.5+2*math.sin(q.anim_time*90+80)*2", 0, 0]
				},
				"snake1": {
					"rotation": ["30+2*math.sin(q.anim_time*90+100)*1.5", 0, 0]
				},
				"thumb_tip_left": {
					"rotation": [90, 0, 0]
				},
				"thumb_left": {
					"rotation": [82.98023, 14.71837, -9.73179]
				},
				"glove_left": {
					"rotation": [0, 0, 102.5]
				},
				"glove_tip_left": {
					"rotation": [0, 0, 112.5]
				},
				"thumb_right": {
					"rotation": [82.98023, -14.71837, 9.73179]
				},
				"glove_right": {
					"rotation": [0, 0, -102.5]
				},
				"glove_tip_right": {
					"rotation": [0, 0, -112.5]
				},
				"thumb_tip_right": {
					"rotation": [90, 0, 0]
				},
				"jaw": {
					"rotation": ["-15+2*math.sin(q.anim_time*90+20)*3", 0, 0]
				},
				"snake_head": {
					"rotation": ["-55+2*math.sin(q.anim_time*90+20)*4", 0, 0]
				},
				"cloud": {
					"rotation": ["0+2*math.sin(q.anim_time*90*1+90)", 0, "0+2*math.sin(q.anim_time*90*1+45)"]
				}
			}
		},
		"animation.ironmirage.sleep": {
			"loop": true,
			"bones": {
				"ironmirage": {
					"position": [0, 0, 0]
				},
				"body": {
					"position": [0, "17+math.sin(q.anim_time*90*1.3)", 0]
				},
				"chest": {
					"rotation": ["10+2*math.sin(q.anim_time*90*1+45)", 0, 0]
				},
				"head": {
					"rotation": ["12.5+2*math.sin(q.anim_time*90*1+90)", 0, 0]
				},
				"hair": {
					"rotation": ["-27.5+math.sin(q.anim_time*90*1-120)*1", 0, 0]
				},
				"snake": {
					"rotation": ["-27.5+2*math.sin(q.anim_time*90+120)*1", 0, 0]
				},
				"arm_left": {
					"rotation": [-3.91263, -8.35267, "74.6284+2*math.sin(q.anim_time*90*1+90)*1.5"]
				},
				"cloud_tail": {
					"rotation": ["-17.5+2*math.sin(q.anim_time*90*1+90)*3", 0, 0]
				},
				"arm_lower_left": {
					"rotation": [10.24033, 25.19765, "15.2407+2*math.sin(q.anim_time*90*1+45)"]
				},
				"arm_right": {
					"rotation": [-3.91263, 8.35267, "-74.6284-2*math.sin(q.anim_time*90*1+90)*1.5"]
				},
				"arm_lower_right": {
					"rotation": [10.24033, -25.19765, "-15.2407-2*math.sin(q.anim_time*90*1+45)"]
				},
				"hand_left": {
					"rotation": [0, -15, 0]
				},
				"hand_right": {
					"rotation": [0, 15, 0]
				},
				"hair5": {
					"rotation": ["27.5+math.sin(q.anim_time*90*1-45)*5", 0, 0]
				},
				"hair4": {
					"rotation": ["-22.5+math.sin(q.anim_time*90*1-45)*4.5", 0, 0]
				},
				"hair3": {
					"rotation": ["-80+math.sin(q.anim_time*90*1-50)*3.5", 0, 0]
				},
				"hair2": {
					"rotation": ["-32.5+math.sin(q.anim_time*90*1-60)*2.5", 0, 0]
				},
				"hair1": {
					"rotation": ["-25+math.sin(q.anim_time*90*1-90)*1.5", 0, 0]
				},
				"cloud_tail1": {
					"rotation": ["-22.5+2*math.sin(query.anim_time*120*1*5)", 0, 0]
				},
				"snake5": {
					"rotation": [-47.5, 0, 0]
				},
				"snake4": {
					"rotation": ["25+2*math.sin(q.anim_time*90+20)*3", 0, 0]
				},
				"snake3": {
					"rotation": [47.5, 0, 0]
				},
				"snake2": {
					"rotation": ["47.5+2*math.sin(q.anim_time*90+80)*2", 0, 0]
				},
				"snake1": {
					"rotation": ["30+2*math.sin(q.anim_time*90+100)*1.5", 0, 0]
				},
				"thumb_tip_left": {
					"rotation": [20, 0, 0]
				},
				"thumb_left": {
					"rotation": [20, -60, 0]
				},
				"glove_left": {
					"rotation": [0, 0, 20]
				},
				"glove_tip_left": {
					"rotation": [0, 0, 17.5]
				},
				"thumb_right": {
					"rotation": [20, 60, 0]
				},
				"glove_right": {
					"rotation": [0, 0, -20]
				},
				"glove_tip_right": {
					"rotation": [0, 0, -17.5]
				},
				"thumb_tip_right": {
					"rotation": [20, 0, 0]
				},
				"jaw": {
					"rotation": ["-15+2*math.sin(q.anim_time*90+20)*3", 0, 0]
				},
				"snake_head": {
					"rotation": ["-55+2*math.sin(q.anim_time*90+20)*4", 0, 0]
				},
				"cloud": {
					"rotation": ["0+2*math.sin(q.anim_time*90*1+90)", 0, "0+2*math.sin(q.anim_time*90*1+45)"]
				},
				"eyelid_right": {
					"position": [0, 0, -0.025]
				},
				"eyelid_left": {
					"position": [0, 0, -0.025]
				},
				"pupil_left": {
					"position": [0, 0, 0.025]
				},
				"pupil_right": {
					"position": [0, 0, 0.025]
				}
			}
		},
		"animation.ironmirage.cry": {
			"animation_length": 0.5,
			"bones": {
				"snake_head": {
					"rotation": {
						"0.0": [0, 0, 0],
						"0.0417": [2.5, 0, 0],
						"0.0833": [7.5, 0, 0],
						"0.25": [2.5, 0, 0],
						"0.375": [0, 0, 0]
					}
				},
				"jaw": {
					"rotation": {
						"0.0": [0, 0, 0],
						"0.0417": [-5, 0, 0],
						"0.0833": [-17.5, 0, 0],
						"0.25": [-10, 0, 0],
						"0.375": [0, 0, 0]
					}
				},
				"head": {
					"rotation": {
						"0.0": [0, 0, 0],
						"0.0417": [-2.5, 0, 0],
						"0.0833": [-7.5, 0, 0],
						"0.25": [-2.5, 0, 0],
						"0.375": [0, 0, 0]
					}
				}
			}
		}
	}
}