{
	"format_version": "1.8.0",
	"animations": {
		"animation.lumintail.ground_idle": {
			"loop": true,
			"bones": {
				"right_joint1": {
					"rotation": [0, "30+2*math.sin(q.anim_time*90*1.3+60)", 0]
				},
				"right_joint2": {
					"rotation": [0, "0-2*math.sin(q.anim_time*90*1.3+90)", -5]
				},
				"right_joint3": {
					"rotation": [1, "-14.9-2*math.sin(q.anim_time*90*1.3+130)", "-5-2*math.sin(q.anim_time*90*1.4+130)"],
					"position": [0, 0, 0]
				},
				"left_joint1": {
					"rotation": [0, "-30-2*math.sin(q.anim_time*90*1.3+60)", 0]
				},
				"left_joint2": {
					"rotation": [0, "0+2*math.sin(q.anim_time*90*1.3+90)", 5]
				},
				"left_joint3": {
					"rotation": [1, "14.9+2*math.sin(q.anim_time*90*1.3+130)", "5+2*math.sin(q.anim_time*90*1.4+130)"]
				},
				"joint_left2": {
					"rotation": ["160+1*math.sin(q.anim_time*90*1.1+110)", 33.9, -181]
				},
				"joint_left3": {
					"rotation": ["-25+1*math.sin(q.anim_time*90*1.1+100)", 0, 0]
				},
				"joint_left4": {
					"rotation": [-27.5, 0, 0]
				},
				"joint_left5": {
					"rotation": ["-25+2*math.sin(q.anim_time*90*1.1+120)", 0, 0]
				},
				"joint_left6": {
					"rotation": ["-25+2*math.sin(q.anim_time*90*1.1+130)", 0, 0]
				},
				"joint_left7": {
					"rotation": [-30, 0, 0]
				},
				"joint_left8": {
					"rotation": ["-27.5+2*math.sin(q.anim_time*90*1.1+140)", 0, 0]
				},
				"tail_left": {
					"rotation": ["-5-2*math.sin(q.anim_time*90*1.1+120)", 27.5, 0]
				},
				"tail_left1": {
					"rotation": ["19.7-2*math.sin(q.anim_time*90*1.1+120)", -3, 9]
				},
				"tail_left2": {
					"rotation": ["32+2*math.sin(q.anim_time*90*1.6+136)", 3, 13.7]
				},
				"tail_left3": {
					"rotation": ["24+4.5*math.sin(q.anim_time*90*1.8+162)", "4.8+4.5*math.sin(q.anim_time*90*1.8+172)", 13]
				},
				"tail_left4": {
					"rotation": ["10+4.5*math.sin(q.anim_time*90*1.8+142)", 0, 0]
				},
				"tail_right": {
					"rotation": ["-5-2*math.sin(q.anim_time*90*1.1+120)", -27.5, 0]
				},
				"tail_right1": {
					"rotation": ["19.7-2*math.sin(q.anim_time*90*1.1+120)", 3, -9]
				},
				"tail_right2": {
					"rotation": ["32+2*math.sin(q.anim_time*90*1.6+136)", -3, -13.7]
				},
				"tail_right3": {
					"rotation": ["24+4.5*math.sin(q.anim_time*90*1.8+162)", "-4.8+4.5*math.sin(q.anim_time*90*1.8+172)", -13]
				},
				"tail_right4": {
					"rotation": ["10+4.5*math.sin(q.anim_time*90*1.8+142)", 0, 0]
				},
				"joint_right2": {
					"rotation": ["160+1*math.sin(q.anim_time*90*1.1+110)", -33.9, 181]
				},
				"joint_right3": {
					"rotation": ["-25+1*math.sin(q.anim_time*90*1.1+100)", 0, 0]
				},
				"joint_right4": {
					"rotation": [-27.5, 0, 0]
				},
				"joint_right5": {
					"rotation": ["-25+2*math.sin(q.anim_time*90*1.1+120)", 0, 0]
				},
				"joint_right6": {
					"rotation": ["-25+2*math.sin(q.anim_time*90*1.1+130)", 0, 0]
				},
				"joint_right7": {
					"rotation": [-30, 0, 0]
				},
				"joint_right8": {
					"rotation": ["-27.5+2*math.sin(q.anim_time*90*1.1+140)", 0, 0]
				},
				"open_mouth": {
					"position": [0, 0, 0]
				},
				"chest": {
					"rotation": ["0+math.sin(q.anim_time*90*1.3+110)", 0, 0]
				},
				"head": {
					"rotation": ["0+math.sin(q.anim_time*90*1.2+100)", 0, 0]
				},
				"joint_right9": {
					"rotation": ["0+4.5*math.sin(q.anim_time*90*1.8+142)", 0, 0],
					"scale": 1
				},
				"joint_left9": {
					"rotation": ["0+4.5*math.sin(q.anim_time*90*1.8+142)", 0, 0]
				}
			}
		},
		"animation.lumintail.sleep": {
			"loop": true,
			"bones": {
				"right_joint1": {
					"rotation": [0, "30+2*math.sin(q.anim_time*90*1.3+60)", 0]
				},
				"right_joint2": {
					"rotation": [0, "15-2*math.sin(q.anim_time*90*1.3+90)", -5]
				},
				"right_joint3": {
					"rotation": [1, "-14.9-2*math.sin(q.anim_time*90*1.3+130)", "-5-2*math.sin(q.anim_time*90*1.4+130)"],
					"position": [0, 0, 0]
				},
				"left_joint1": {
					"rotation": [0, "-30-2*math.sin(q.anim_time*90*1.3+60)", 0]
				},
				"left_joint2": {
					"rotation": [0, "-15-2*math.sin(q.anim_time*90*1.3+90)", 5]
				},
				"left_joint3": {
					"rotation": [1, "14.9+2*math.sin(q.anim_time*90*1.3+130)", "5+2*math.sin(q.anim_time*90*1.4+130)"]
				},
				"joint_left2": {
					"rotation": ["150+1*math.sin(q.anim_time*90*1.1+110)", 33.9, -181]
				},
				"joint_left3": {
					"rotation": ["-25+1*math.sin(q.anim_time*90*1.1+100)", 0, 0]
				},
				"joint_left4": {
					"rotation": [-27.5, 0, 0]
				},
				"joint_left5": {
					"rotation": ["-25+2*math.sin(q.anim_time*90*1.1+120)", 0, 0]
				},
				"joint_left6": {
					"rotation": ["-25+2*math.sin(q.anim_time*90*1.1+130)", 0, 0]
				},
				"joint_left7": {
					"rotation": [-29.62165, 4.98093, 8.6822]
				},
				"joint_left8": {
					"rotation": ["-7.5+2*math.sin(q.anim_time*90*1.1+140)", 0, 0]
				},
				"tail_left": {
					"rotation": ["-5-2*math.sin(q.anim_time*90*1.1+120)", 27.5, 0]
				},
				"tail_left1": {
					"rotation": ["7.2-2*math.sin(q.anim_time*90*1.1+120)", -3, 9]
				},
				"tail_left2": {
					"rotation": ["12+2*math.sin(q.anim_time*90*1.6+136)", 3, 13.7]
				},
				"tail_left3": {
					"rotation": ["26.5+4.5*math.sin(q.anim_time*90*1.8+162)", "4.8+4.5*math.sin(q.anim_time*90*1.8+172)", 13]
				},
				"tail_left4": {
					"rotation": ["-5+4.5*math.sin(q.anim_time*90*1.8+142)", 0, 0]
				},
				"tail_right": {
					"rotation": ["-5-2*math.sin(q.anim_time*90*1.1+120)", -27.5, 0]
				},
				"tail_right1": {
					"rotation": ["7.2-2*math.sin(q.anim_time*90*1.1+120)", 3, -9]
				},
				"tail_right2": {
					"rotation": ["12+2*math.sin(q.anim_time*90*1.6+136)", -3, -13.7]
				},
				"tail_right3": {
					"rotation": ["26.5+4.5*math.sin(q.anim_time*90*1.8+162)", "-4.8+4.5*math.sin(q.anim_time*90*1.8+172)", -13]
				},
				"tail_right4": {
					"rotation": ["10+4.5*math.sin(q.anim_time*90*1.8+142)", 0, 0]
				},
				"joint_right2": {
					"rotation": ["150+1*math.sin(q.anim_time*90*1.1+110)", -33.9, 181]
				},
				"joint_right3": {
					"rotation": ["-25+1*math.sin(q.anim_time*90*1.1+100)", 0, 0]
				},
				"joint_right4": {
					"rotation": [-27.5, 0, 0]
				},
				"joint_right5": {
					"rotation": ["-25+2*math.sin(q.anim_time*90*1.1+120)", 0, 0]
				},
				"joint_right6": {
					"rotation": ["-25+2*math.sin(q.anim_time*90*1.1+130)", 0, 0]
				},
				"joint_right7": {
					"rotation": [-29.62165, -4.98093, -8.6822]
				},
				"joint_right8": {
					"rotation": ["-7.5+2*math.sin(q.anim_time*90*1.1+140)", 0, 0]
				},
				"open_mouth": {
					"position": [0, 0, 0]
				},
				"chest": {
					"rotation": ["0+math.sin(q.anim_time*90*1.3+110)", 0, 0]
				},
				"head": {
					"rotation": ["15+math.sin(q.anim_time*90*1.2+100)", 0, 0]
				},
				"joint_right9": {
					"rotation": ["0+4.5*math.sin(q.anim_time*90*1.8+142)", 0, 0],
					"scale": 1
				},
				"joint_left9": {
					"rotation": ["0+4.5*math.sin(q.anim_time*90*1.8+142)", 0, 0]
				},
				"eyelid_left": {
					"position": [0, 0, -0.025]
				},
				"eye_shine": {
					"position": [0, 0, 0]
				},
				"eyelid_right": {
					"position": [0, 0, -0.025]
				},
				"eye_shine2": {
					"position": [0, 0, 0]
				}
			}
		},
		"animation.lumintail.ground_walk": {
			"loop": true,
			"bones": {
				"right_joint1": {
					"rotation": [0, "30-math.cos(q.anim_time*90*4+45)*4", 0]
				},
				"right_joint2": {
					"rotation": [0, "0+math.cos(q.anim_time*90*4+55)*4", -5]
				},
				"right_joint3": {
					"rotation": [1, "-14.9+math.cos(q.anim_time*90*4+65)*4", "-5+math.sin(q.anim_time*90*4)*4"],
					"position": [0, 0, 0]
				},
				"left_joint1": {
					"rotation": [0, "-30-math.cos(q.anim_time*90*4+45)*4", 0]
				},
				"left_joint2": {
					"rotation": [0, "0+math.cos(q.anim_time*90*4+55)*4", 5]
				},
				"left_joint3": {
					"rotation": [1, "14.9+math.cos(q.anim_time*90*4+65)*4", "5+math.sin(q.anim_time*90*4)*4"]
				},
				"joint_left2": {
					"rotation": ["160+1*math.sin(q.anim_time*90*1.1+110)", 33.9, "-181+math.cos(q.anim_time*90*4+65)*4"]
				},
				"joint_left3": {
					"rotation": ["-25+1*math.sin(q.anim_time*90*1.1+100)", 0, 0]
				},
				"joint_left4": {
					"rotation": ["-27.5-math.cos(q.anim_time*90*4+35)*4", 0, "0+math.sin(q.anim_time*90*4)*4"]
				},
				"joint_left5": {
					"rotation": ["-25+2*math.sin(q.anim_time*90*1.1+120)", 0, 0]
				},
				"joint_left6": {
					"rotation": ["-25+2*math.sin(q.anim_time*90*1.1+130)", 0, 0]
				},
				"joint_left7": {
					"rotation": [-30, 0, 0]
				},
				"joint_left8": {
					"rotation": ["-27.5-math.cos(q.anim_time*90*4+35)*4", 0, "0+math.sin(q.anim_time*90*4)*4"]
				},
				"tail_left": {
					"rotation": ["-5-2*math.sin(q.anim_time*90*1.1+120)", 27.5, 0]
				},
				"tail_left1": {
					"rotation": ["19.7-math.cos(q.anim_time*90*4+55)*4", -3, 9]
				},
				"tail_left2": {
					"rotation": ["32+2*math.sin(q.anim_time*90*1.6+136)", 3, 13.7]
				},
				"tail_left3": {
					"rotation": ["24-math.cos(q.anim_time*90*4+55)*4", "4.8+math.sin(q.anim_time*90*4.6)*4", 13]
				},
				"tail_left4": {
					"rotation": ["10-math.cos(q.anim_time*90*4+35)*4", "0+math.sin(q.anim_time*90*4)*4", 0]
				},
				"tail_right": {
					"rotation": ["-5-2*math.sin(q.anim_time*90*1.1+120)", -27.5, 0]
				},
				"tail_right1": {
					"rotation": ["19.7-math.cos(q.anim_time*90*4+55)*4", 3, -9]
				},
				"tail_right2": {
					"rotation": ["32+2*math.sin(q.anim_time*90*1.6+136)", -3, -13.7]
				},
				"tail_right3": {
					"rotation": ["24-math.cos(q.anim_time*90*4+55)*4", "-4.8+math.sin(q.anim_time*90*4.6)*4", -13]
				},
				"tail_right4": {
					"rotation": ["10-math.cos(q.anim_time*90*4+35)*4", "0+math.sin(q.anim_time*90*4)*4", 0]
				},
				"joint_right2": {
					"rotation": ["160+1*math.sin(q.anim_time*90*1.1+110)", -33.9, "181+math.cos(q.anim_time*90*4+65)*4"]
				},
				"joint_right3": {
					"rotation": ["-25+1*math.sin(q.anim_time*90*1.1+100)", 0, 0]
				},
				"joint_right4": {
					"rotation": ["-27.5-math.cos(q.anim_time*90*4+35)*4", 0, "0+math.sin(q.anim_time*90*4)*4"]
				},
				"joint_right5": {
					"rotation": ["-25+2*math.sin(q.anim_time*90*1.1+120)", 0, 0]
				},
				"joint_right6": {
					"rotation": ["-25+2*math.sin(q.anim_time*90*1.1+130)", 0, 0]
				},
				"joint_right7": {
					"rotation": [-30, 0, 0]
				},
				"joint_right8": {
					"rotation": ["-27.5-math.cos(q.anim_time*90*4+35)*4", 0, "0+math.sin(q.anim_time*90*4)*4"]
				},
				"open_mouth": {
					"position": [0, 0, 0]
				},
				"body": {
					"position": [0, "0+0.1*math.sin(q.anim_time*90*0.4+10)", 0]
				},
				"chest": {
					"rotation": ["0+math.sin(q.anim_time*90*1.3+110)", 0, 0]
				},
				"head": {
					"rotation": ["0+math.sin(q.anim_time*90*1.2+100)", 0, "0+math.sin(q.anim_time*90*4)*5"]
				},
				"joint_right9": {
					"rotation": ["0+4.5*math.sin(q.anim_time*90*1.8+142)", 0, 0],
					"scale": 1
				},
				"joint_left9": {
					"rotation": ["0+4.5*math.sin(q.anim_time*90*1.8+142)", 0, 0]
				},
				"leg_left": {
					"rotation": ["0+math.cos(q.anim_time*90*4+180)*3", 0, 0],
					"position": [0, "0+math.clamp(-math.cos(q.anim_time*90*4+180)*0.3,0,1)", "0+math.sin(q.anim_time*90*4+180)*0.75"]
				},
				"leg_right": {
					"rotation": ["0+math.cos(q.anim_time*90*4)*3", 0, 0],
					"position": [0, "0+math.clamp(-math.cos(q.anim_time*90*4)*0.3,0,1)", "math.sin(q.anim_time*90*4)*0.75"]
				},
				"torso": {
					"rotation": ["0+math.cos(q.anim_time*90*4*2)*2", "0+math.sin(q.anim_time*90*4)*4", "0-math.cos(q.anim_time*90*4+30)*4"],
					"position": [0, "0+math.sin(q.anim_time*90*4*2)*0.2", 0]
				}
			}
		},
		"animation.lumintail.water_swim": {
			"loop": true,
			"bones": {
				"body": {
					"rotation": [0, 0, "0+2.5*math.sin(q.anim_time*90*1.3+145)"],
					"position": ["0+2*math.sin(q.anim_time*90*1+20)", "0+1*math.sin(q.anim_time*90*1+10)", 0]
				},
				"chest": {
					"rotation": [45, 0, 0],
					"position": [0, 2, -2]
				},
				"tail_right": {
					"rotation": ["-42-3*math.sin(q.anim_time*90*1.1+120)", "-15-3*math.sin(q.anim_time*90*1.6+120)", 16]
				},
				"tail_right1": {
					"rotation": ["-12.5-3*math.sin(q.anim_time*90*1.3+130)", "0-4*math.sin(q.anim_time*90*1.3+130)", 0]
				},
				"tail_right2": {
					"rotation": ["-5+3*math.sin(q.anim_time*90*1.3+145)", "0+5.5*math.sin(q.anim_time*90*1.3+145)", 0]
				},
				"tail_right3": {
					"rotation": ["17.5+3*math.sin(q.anim_time*90*1.3+165)", "0+5.5*math.sin(q.anim_time*90*1.3+165)", 0]
				},
				"tail_right4": {
					"rotation": [-10, "0+5.5*math.sin(q.anim_time*90*1.3+165)", 0]
				},
				"tail_left": {
					"rotation": ["-42-3*math.sin(q.anim_time*90*1.1+120)", "15-3*math.sin(q.anim_time*90*1.6+120)", -16]
				},
				"tail_left1": {
					"rotation": ["-12.5-3*math.sin(q.anim_time*90*1.3+130)", "0-4*math.sin(q.anim_time*90*1.3+130)", 0]
				},
				"tail_left2": {
					"rotation": ["-5+3*math.sin(q.anim_time*90*1.3+145)", "0+5.5*math.sin(q.anim_time*90*1.3+145)", 0]
				},
				"tail_left3": {
					"rotation": ["17.5+3*math.sin(q.anim_time*90*1.3+165)", "0+5.5*math.sin(q.anim_time*90*1.3+165)", 0]
				},
				"tail_left4": {
					"rotation": [-10, "0+5.5*math.sin(q.anim_time*90*1.3+165)", 0]
				},
				"right_joint1": {
					"rotation": [0, "12.5-3*math.sin(q.anim_time*90*1.7+145)", 0]
				},
				"right_joint2": {
					"rotation": [0, 5, 0]
				},
				"right_joint3": {
					"rotation": [1, 7, "10-3*math.sin(q.anim_time*90*1.8+165)"]
				},
				"left_joint1": {
					"rotation": [0, "-12.5-3*math.sin(q.anim_time*90*1.7+145)", 0]
				},
				"left_joint2": {
					"rotation": [0, -5, 0]
				},
				"left_joint3": {
					"rotation": [1, -7, "-10-3*math.sin(q.anim_time*90*1.8+165)"]
				},
				"head": {
					"rotation": ["-20-3*math.sin(q.anim_time*90*1.3+120)", 0, 0]
				},
				"joint_right2": {
					"rotation": ["-17.3113-3*math.sin(q.anim_time*90*1.5+120)", -3.17381, "-26.7989-3*math.sin(q.anim_time*90*1.1+120)"]
				},
				"joint_right3": {
					"rotation": [-32.40109, -2.68407, -4.22005]
				},
				"joint_right4": {
					"rotation": ["-24.9-3*math.sin(q.anim_time*90*1.3+135)", -2, "-4-3*math.sin(q.anim_time*90*1.3+135)"]
				},
				"joint_right5": {
					"rotation": [-24.91643, -2.11089, -4.53359]
				},
				"joint_right6": {
					"rotation": ["-17-3*math.sin(q.anim_time*90*1.7+145)", -1.5, -4.7]
				},
				"joint_right7": {
					"rotation": ["-15+3*math.sin(q.anim_time*90*1.8+165)", 0, 0]
				},
				"joint_right8": {
					"rotation": ["15+3*math.sin(q.anim_time*90*1.9+185)", 0, 0]
				},
				"joint_right9": {
					"rotation": ["10+5.5*math.sin(q.anim_time*90*1.3+165)", 0, 0]
				},
				"joint_left2": {
					"rotation": ["-17.3113-3*math.sin(q.anim_time*90*1.5+120)", 3.17381, "26.7989-3*math.sin(q.anim_time*90*1.1+120)"]
				},
				"joint_left3": {
					"rotation": [-32.40109, 2.68407, 4.22005]
				},
				"joint_left4": {
					"rotation": ["-24.9-3*math.sin(q.anim_time*90*1.3+135)", 2, "4-3*math.sin(q.anim_time*90*1.3+135)"]
				},
				"joint_left5": {
					"rotation": [-24.91643, 2.11089, 4.53359]
				},
				"joint_left6": {
					"rotation": ["-17-3*math.sin(q.anim_time*90*1.7+145)", 1.5, 4.7]
				},
				"joint_left7": {
					"rotation": ["-15+3*math.sin(q.anim_time*90*1.8+165)", 0, 0]
				},
				"joint_left8": {
					"rotation": ["15+3*math.sin(q.anim_time*90*1.9+185)", 0, 0]
				},
				"joint_left9": {
					"rotation": ["10+5.5*math.sin(q.anim_time*90*1.3+165)", 0, 0]
				},
				"closed_mouth": {
					"position": [0, 0, 0.025]
				},
				"open_mouth": {
					"position": [0, 0, -0.025]
				},
				"waist": {
					"rotation": [45, 0, 0],
					"position": [0, 1.93934, -2.01777]
				},
				"legs": {
					"rotation": [45, 0, 0],
					"position": [0, 2.25, -0.5]
				}
			}
		},
		"animation.lumintail.water_idle": {
			"loop": true,
			"bones": {
				"body": {
					"rotation": [-10, 0, "2.5*math.sin(q.anim_time*90*1.3+145)"],
					"position": [0, 0, 0]
				},
				"chest": {
					"rotation": [45, 0, 0],
					"position": [0, 2, -2]
				},
				"tail_right": {
					"rotation": ["-42-3*math.sin(q.anim_time*90*1.1+120)", "-15-3*math.sin(q.anim_time*90*1.6+120)", 16]
				},
				"tail_right1": {
					"rotation": ["17.5-3*math.sin(q.anim_time*90*1.3+130)", "-4*math.sin(q.anim_time*90*1.3+130)", 0]
				},
				"tail_right2": {
					"rotation": ["15+3*math.sin(q.anim_time*90*1.3+145)", "5.5*math.sin(q.anim_time*90*1.3+145)", 0]
				},
				"tail_right3": {
					"rotation": ["17.5+3*math.sin(q.anim_time*90*1.3+165)", "0+5.5*math.sin(q.anim_time*90*1.3+165)", 0]
				},
				"tail_right4": {
					"rotation": [-10, "0+5.5*math.sin(q.anim_time*90*1.3+165)", 0]
				},
				"tail_left": {
					"rotation": ["-42-3*math.sin(q.anim_time*90*1.1+120)", "15-3*math.sin(q.anim_time*90*1.6+120)", -16]
				},
				"tail_left1": {
					"rotation": ["17.5-3*math.sin(q.anim_time*90*1.3+130)", "NaN-4*math.sin(q.anim_time*90*1.3+130)", 0]
				},
				"tail_left2": {
					"rotation": ["15+3*math.sin(q.anim_time*90*1.3+145)", "-(5.5*math.sin(q.anim_time*90*1.3+145))", 0]
				},
				"tail_left3": {
					"rotation": ["17.5+3*math.sin(q.anim_time*90*1.3+165)", "0+5.5*math.sin(q.anim_time*90*1.3+165)", 0]
				},
				"tail_left4": {
					"rotation": [-10, "0+5.5*math.sin(q.anim_time*90*1.3+165)", 0]
				},
				"right_joint1": {
					"rotation": [0, "12.5-3*math.sin(q.anim_time*90*1.7+145)", 0]
				},
				"right_joint2": {
					"rotation": [0, 5, 0]
				},
				"right_joint3": {
					"rotation": [1, 7, "10-3*math.sin(q.anim_time*90*1.8+165)"]
				},
				"left_joint1": {
					"rotation": [0, "-12.5-3*math.sin(q.anim_time*90*1.7+145)", 0]
				},
				"left_joint2": {
					"rotation": [0, -5, 0]
				},
				"left_joint3": {
					"rotation": [1, -7, "-10-3*math.sin(q.anim_time*90*1.8+165)"]
				},
				"head": {
					"rotation": ["-20-3*math.sin(q.anim_time*90*1.3+120)", 0, 0]
				},
				"joint_right2": {
					"rotation": ["-17.3113-3*math.sin(q.anim_time*90*1.5+120)", -3.17381, "-26.7989-3*math.sin(q.anim_time*90*1.1+120)"]
				},
				"joint_right3": {
					"rotation": [-32.40109, -2.68407, -4.22005]
				},
				"joint_right4": {
					"rotation": ["-24.9-3*math.sin(q.anim_time*90*1.3+135)", -2, "-4-3*math.sin(q.anim_time*90*1.3+135)"]
				},
				"joint_right5": {
					"rotation": [-24.91643, -2.11089, -4.53359]
				},
				"joint_right6": {
					"rotation": ["-17-3*math.sin(q.anim_time*90*1.7+145)", -1.5, -4.7]
				},
				"joint_right7": {
					"rotation": ["-15+3*math.sin(q.anim_time*90*1.8+165)", 0, 0]
				},
				"joint_right8": {
					"rotation": ["15+3*math.sin(q.anim_time*90*1.9+185)", 0, 0]
				},
				"joint_right9": {
					"rotation": ["10+5.5*math.sin(q.anim_time*90*1.3+165)", 0, 0]
				},
				"joint_left2": {
					"rotation": ["-17.3113-3*math.sin(q.anim_time*90*1.5+120)", 3.17381, "26.7989-3*math.sin(q.anim_time*90*1.1+120)"]
				},
				"joint_left3": {
					"rotation": [-32.40109, 2.68407, 4.22005]
				},
				"joint_left4": {
					"rotation": ["-24.9-3*math.sin(q.anim_time*90*1.3+135)", 2, "4-3*math.sin(q.anim_time*90*1.3+135)"]
				},
				"joint_left5": {
					"rotation": [-24.91643, 2.11089, 4.53359]
				},
				"joint_left6": {
					"rotation": ["-17-3*math.sin(q.anim_time*90*1.7+145)", 1.5, 4.7]
				},
				"joint_left7": {
					"rotation": ["-15+3*math.sin(q.anim_time*90*1.8+165)", 0, 0]
				},
				"joint_left8": {
					"rotation": ["15+3*math.sin(q.anim_time*90*1.9+185)", 0, 0]
				},
				"joint_left9": {
					"rotation": ["10+5.5*math.sin(q.anim_time*90*1.3+165)", 0, 0]
				},
				"closed_mouth": {
					"position": [0, 0, 0.025]
				},
				"open_mouth": {
					"position": [0, 0, -0.025]
				},
				"waist": {
					"rotation": [45, 0, 0],
					"position": [0, 1.93934, -2.01777]
				},
				"legs": {
					"rotation": [45, 0, 0],
					"position": [0, 2, -0.5]
				}
			}
		},
		"animation.lumintail.cry": {
			"animation_length": 0.5417,
			"bones": {
				"head": {
					"rotation": {
						"0.0": [0, 0, 0],
						"0.0833": [-2.5, 0, 0],
						"0.125": [-7.5, 0, 0],
						"0.2917": [-2.5, 0, 0],
						"0.4167": [0, 0, 0]
					}
				},
				"closed_mouth": {
					"position": {
						"0.0": [0, 0, 0],
						"0.0417": [0, 0, 0.025]
					}
				},
				"open_mouth": {
					"position": {
						"0.0": [0, 0, 0],
						"0.0417": [0, 0, -0.025]
					}
				}
			}
		},
		"animation.lumintail.blink": {
			"animation_length": 0.1667,
			"bones": {
				"eyelid_left": {
					"position": {
						"0.0": [0, 0, -0.05],
						"0.0833": [0, 0, -0.05],
						"0.125": [0, 0, 0]
					}
				},
				"eyelid_right": {
					"position": {
						"0.0": [0, 0, -0.05],
						"0.0833": [0, 0, -0.05],
						"0.125": [0, 0, 0]
					}
				}
			}
		}
	}
}