{
	"format_version": "1.8.0",
	"animations": {
		"animation.tempestfang.ground_idle": {
			"loop": true,
			"bones": {
				"neck": {
					"rotation": ["22.5+math.sin(q.anim_time*90*1+120)", 0, 0]
				},
				"neck2": {
					"rotation": [20, 0, 0]
				},
				"scarf_front_wisp_segement2": {
					"rotation": [7.5, 0, 0]
				},
				"scarf_front_wisp_segement1": {
					"rotation": [-15, 0, 0]
				},
				"scarf": {
					"rotation": [7.5, 0, 0]
				},
				"scarf_back_wisp_segement1": {
					"rotation": ["40+math.sin(q.anim_time*90*1*2)*2", 0, 0]
				},
				"scarf_back_wisp_segement2": {
					"rotation": ["-57.5+math.sin(q.anim_time*90*1*5)", 0, 0]
				},
				"scarf_back_wisp_segement3": {
					"rotation": ["80+math.sin(q.anim_time*90*1*5)", 0, 0]
				},
				"scarf_back_wisp_segement4": {
					"rotation": ["-42.5+math.sin(q.anim_time*120*1*5)", 0, 0]
				},
				"arm_right": {
					"rotation": [0, "20+2*math.sin(q.anim_time*90*1+180)", "-57.5+2*math.sin(q.anim_time*90*1+180)"]
				},
				"arm_right2": {
					"rotation": [0, "-30+2*math.sin(q.anim_time*90*1+280)*2", 5]
				},
				"arm_left": {
					"rotation": [0, "-20-2*math.sin(q.anim_time*90*1+180)", "57.5-2*math.sin(q.anim_time*90*1+180)"]
				},
				"arm_left2": {
					"rotation": [0, "30-2*math.sin(q.anim_time*90*1+280)*2", -5]
				},
				"shoulder_left": {
					"rotation": [0, 0, "-12.5-2*math.sin(q.anim_time*90*1+120)*2"]
				},
				"shoulder_right": {
					"rotation": [0, 0, "12.5+2*math.sin(q.anim_time*90*1+120)*2"]
				},
				"hand_left": {
					"rotation": [0, "42.5-math.sin(q.anim_time*90*1+150)*2", 0]
				},
				"claw_left": {
					"rotation": [0, "50-2*math.sin(q.anim_time*90*1+160)*3", 25]
				},
				"claw_left2": {
					"rotation": [0, "50-2*math.sin(q.anim_time*90*1+160)*3", 0]
				},
				"claw_left3": {
					"rotation": [0, "50-2*math.sin(q.anim_time*90*1+160)*3", -25]
				},
				"talon_left3": {
					"rotation": [0, 20, 0]
				},
				"talon_left2": {
					"rotation": [0, 20, 0]
				},
				"talon_left": {
					"rotation": [0, 20, 0]
				},
				"hand_wisp_left_segement1": {
					"rotation": [0, "-15-math.sin(q.anim_time*90*1*5)", 0]
				},
				"hand_wisp_left_segement2": {
					"rotation": [0, "37.5-math.sin(q.anim_time*90*1*5)", 0]
				},
				"hand_wisp_left_segement3": {
					"rotation": [0, "-62.5-math.sin(q.anim_time*120*1*5)", 0]
				},
				"hand_right": {
					"rotation": [0, "-42.5+math.sin(q.anim_time*90*1+150)*2", 0]
				},
				"hand_wisp_right_segement1": {
					"rotation": [0, "15+math.sin(q.anim_time*90*1*5)", 0]
				},
				"hand_wisp_right_segement2": {
					"rotation": [0, "-37.5+math.sin(q.anim_time*90*1*5)", 0]
				},
				"hand_wisp_right_segement3": {
					"rotation": [0, "62.5+math.sin(q.anim_time*120*1*5)", 0]
				},
				"claw_right": {
					"rotation": [0, "-50+2*math.sin(q.anim_time*90*1+160)*3", -25]
				},
				"talon_right": {
					"rotation": [0, -20, 0]
				},
				"claw_right2": {
					"rotation": [0, "-50+2*math.sin(q.anim_time*90*1+160)*3", 0]
				},
				"talon_right2": {
					"rotation": [0, -20, 0]
				},
				"claw_right3": {
					"rotation": [0, "-50+2*math.sin(q.anim_time*90*1+160)*3", 25]
				},
				"talon_right3": {
					"rotation": [0, -20, 0]
				},
				"claw_foot_left": {
					"rotation": [30, 0, 0]
				},
				"toe_middle_left": {
					"rotation": ["10-2*math.sin(q.anim_time*90*1+160)*3", 0, 0]
				},
				"toe_left": {
					"rotation": ["10-2*math.sin(q.anim_time*90*1+160)*3", 0, 10]
				},
				"foot_left": {
					"rotation": ["-15-2*math.sin(q.anim_time*90*1+160)*3", 0, 0]
				},
				"leg_left": {
					"rotation": ["-77.5+2*math.sin(q.anim_time*90*1+120)*3", 0, "-15-2*math.sin(q.anim_time*90*1+160)*3"]
				},
				"leg_left2": {
					"rotation": ["30-2*math.sin(q.anim_time*90*1+160)*3", 0, 0]
				},
				"toe_left2": {
					"rotation": ["-2.5-2*math.sin(q.anim_time*90*1+160)*3", 0, 0]
				},
				"toe_left3": {
					"rotation": ["10-2*math.sin(q.anim_time*90*1+160)*3", 0, -10]
				},
				"toe_middle_left3": {
					"rotation": ["10-2*math.sin(q.anim_time*90*1+160)*3", 0, 0]
				},
				"toe_middle_left2": {
					"rotation": ["10-2*math.sin(q.anim_time*90*1+160)*3", 0, 0]
				},
				"claw_foot_left2": {
					"rotation": [30, 0, 0]
				},
				"claw_foot_left3": {
					"rotation": [30, 0, 0]
				},
				"leg_right": {
					"rotation": ["-77.5+2*math.sin(q.anim_time*90*1+120)*3", 0, "15+2*math.sin(q.anim_time*90*1+160)*3"]
				},
				"leg_right2": {
					"rotation": ["30-2*math.sin(q.anim_time*90*1+160)*3", 0, 0]
				},
				"foot_right": {
					"rotation": ["-15-2*math.sin(q.anim_time*90*1+160)*3", 0, 0]
				},
				"toe_right": {
					"rotation": ["10-2*math.sin(q.anim_time*90*1+160)*3", 0, -10]
				},
				"toe_middle_right": {
					"rotation": ["10-2*math.sin(q.anim_time*90*1+160)*3", 0, 0]
				},
				"claw_foot_right": {
					"rotation": [30, 0, 0]
				},
				"toe_right2": {
					"rotation": ["-2.5-2*math.sin(q.anim_time*90*1+160)*3", 0, 0]
				},
				"toe_middle_right2": {
					"rotation": ["10-2*math.sin(q.anim_time*90*1+160)*3", 0, 0]
				},
				"claw_foot_right2": {
					"rotation": [30, 0, 0]
				},
				"toe_right3": {
					"rotation": ["10-2*math.sin(q.anim_time*90*1+160)*3", 0, 10]
				},
				"toe_middle_right3": {
					"rotation": ["10-2*math.sin(q.anim_time*90*1+160)*3", 0, 0]
				},
				"claw_foot_right3": {
					"rotation": [30, 0, 0]
				},
				"tail_segement9": {
					"rotation": ["-12.5-math.sin(q.anim_time*90*1-390)*6.5", 0, "0-math.sin(q.anim_time*90*1-390)*6.5"]
				},
				"tail_segement8": {
					"rotation": ["-12.5-math.sin(q.anim_time*90*1-290)*6.5", 0, "0-math.sin(q.anim_time*90*1-290)*6.5"]
				},
				"tail_segement7": {
					"rotation": ["-15-math.sin(q.anim_time*90*1-290)*5.5", 0, "0-math.sin(q.anim_time*90*1-290)*5.5"]
				},
				"tail_segement6": {
					"rotation": ["12.5-math.sin(q.anim_time*90*1-190)*5.5", 0, "0-math.sin(q.anim_time*90*1-190)*5.5"]
				},
				"tail_segement5": {
					"rotation": ["30-math.sin(q.anim_time*90*1-190)*3.5", 0, "0-math.sin(q.anim_time*90*1-190)*3.5"]
				},
				"tail_segement4": {
					"rotation": ["42.5-math.sin(q.anim_time*90*1-90)*2.5", 0, 0]
				},
				"tail_segement3": {
					"rotation": [25, 0, 0]
				},
				"tail_segement2": {
					"rotation": [20, 0, 0]
				},
				"tail_segement1": {
					"rotation": ["10+math.sin(q.anim_time*90*1+120)*3", 0, "0+math.sin(q.anim_time*90*1+160)*3"]
				},
				"torso": {
					"rotation": [-10, 0, 0],
					"position": [0, 3, -2]
				},
				"tail_segement10": {
					"rotation": ["-12.5-math.sin(q.anim_time*90*1-390)*7.5", 0, "0-math.sin(q.anim_time*90*1-390)*7.5"]
				},
				"tail_segement11": {
					"rotation": ["-12.5-math.sin(q.anim_time*90*1-490)*7.5", 0, "0-math.sin(q.anim_time*90*1-490)*7.5"]
				},
				"tail_segement12": {
					"rotation": ["-12.5-math.sin(q.anim_time*90*1-590)*8", 0, "0-math.sin(q.anim_time*90*1-590)*8"]
				},
				"tail_segement_13": {
					"rotation": ["0-math.sin(q.anim_time*90*1-690)*9", 0, "0-math.sin(q.anim_time*90*1-690)*9"]
				},
				"head": {
					"rotation": ["70+math.sin(q.anim_time*90*1+90)", 0, 0]
				},
				"jaw": {
					"rotation": ["15+2*math.sin(q.anim_time*90*1+120)+2", 0, 0]
				},
				"hair2": {
					"rotation": ["22.5+math.sin(q.anim_time*90*1*5)", 0, 0]
				},
				"hair1": {
					"rotation": ["-47.5+2*math.sin(q.anim_time*90*1+250)", 0, 0]
				},
				"hair3": {
					"rotation": ["-40+math.sin(q.anim_time*90*1*5)", 0, 0]
				},
				"hair4": {
					"rotation": ["30+math.sin(q.anim_time*90*1*5)", 0, 0]
				},
				"hair5": {
					"rotation": ["-60+2*math.sin(q.anim_time*120*1*5)", 0, 0]
				},
				"frill_right": {
					"rotation": [0, 39.51896, 9.59212]
				},
				"frill_left": {
					"rotation": [0, -39.51896, -9.59212]
				},
				"chest": {
					"rotation": ["0+math.sin(q.anim_time*90*1+90)*2", 0, 0]
				},
				"body": {
					"position": [0, "3+2*math.cos(q.anim_time*90*1-80*2)*-1", "0+2*math.cos(q.anim_time*90*1-60*3)*-0.5"]
				}
			}
		},
		"animation.tempestfang.ground_walk": {
			"loop": true,
			"bones": {
				"neck": {
					"rotation": ["10+math.sin(q.anim_time*90*1+120)", 0, 0]
				},
				"neck2": {
					"rotation": [20, 0, 0]
				},
				"scarf_front_wisp_segement2": {
					"rotation": [7.5, 0, 0]
				},
				"scarf_front_wisp_segement1": {
					"rotation": [-15, 0, 0]
				},
				"scarf": {
					"rotation": [-2.5, 0, 0]
				},
				"scarf_back_wisp_segement1": {
					"rotation": ["27.5+math.sin(q.anim_time*90*1*2)*2", 0, 0]
				},
				"scarf_back_wisp_segement2": {
					"rotation": ["-57.5+math.sin(q.anim_time*90*1*5)", 0, 0]
				},
				"scarf_back_wisp_segement3": {
					"rotation": ["80+math.sin(q.anim_time*90*1*5)", 0, 0]
				},
				"scarf_back_wisp_segement4": {
					"rotation": ["-42.5+math.sin(q.anim_time*120*1*5)", 0, 0]
				},
				"arm_right": {
					"rotation": [0, "20+2*math.sin(q.anim_time*90*1+180)", "-57.5+2*math.sin(q.anim_time*90*1+180)"]
				},
				"arm_right2": {
					"rotation": [0, "-30+2*math.sin(q.anim_time*90*1+280)*2", 5]
				},
				"arm_left": {
					"rotation": [0, "-20-2*math.sin(q.anim_time*90*1+180)", "57.5-2*math.sin(q.anim_time*90*1+180)"]
				},
				"arm_left2": {
					"rotation": [0, "30-2*math.sin(q.anim_time*90*1+280)*2", -5]
				},
				"shoulder_left": {
					"rotation": [0, 0, "-12.5-2*math.sin(q.anim_time*90*1+120)*2"]
				},
				"shoulder_right": {
					"rotation": [0, 0, "12.5+2*math.sin(q.anim_time*90*1+120)*2"]
				},
				"hand_left": {
					"rotation": [0, "42.5-math.sin(q.anim_time*90*1+150)*2", 0]
				},
				"claw_left": {
					"rotation": [0, "50-2*math.sin(q.anim_time*90*1+160)*3", 25]
				},
				"claw_left2": {
					"rotation": [0, "50-2*math.sin(q.anim_time*90*1+160)*3", 0]
				},
				"claw_left3": {
					"rotation": [0, "50-2*math.sin(q.anim_time*90*1+160)*3", -25]
				},
				"talon_left3": {
					"rotation": [0, 20, 0]
				},
				"talon_left2": {
					"rotation": [0, 20, 0]
				},
				"talon_left": {
					"rotation": [0, 20, 0]
				},
				"hand_wisp_left_segement1": {
					"rotation": [0, "-15-math.sin(q.anim_time*90*1*5)", 0]
				},
				"hand_wisp_left_segement2": {
					"rotation": [0, "37.5-math.sin(q.anim_time*90*1*5)", 0]
				},
				"hand_wisp_left_segement3": {
					"rotation": [0, "-62.5-math.sin(q.anim_time*120*1*5)", 0]
				},
				"hand_right": {
					"rotation": [0, "-42.5+math.sin(q.anim_time*90*1+150)*2", 0]
				},
				"hand_wisp_right_segement1": {
					"rotation": [0, "15+math.sin(q.anim_time*90*1*5)", 0]
				},
				"hand_wisp_right_segement2": {
					"rotation": [0, "-37.5+math.sin(q.anim_time*90*1*5)", 0]
				},
				"hand_wisp_right_segement3": {
					"rotation": [0, "62.5+math.sin(q.anim_time*120*1*5)", 0]
				},
				"claw_right": {
					"rotation": [0, "-50+2*math.sin(q.anim_time*90*1+160)*3", -25]
				},
				"talon_right": {
					"rotation": [0, -20, 0]
				},
				"claw_right2": {
					"rotation": [0, "-50+2*math.sin(q.anim_time*90*1+160)*3", 0]
				},
				"talon_right2": {
					"rotation": [0, -20, 0]
				},
				"claw_right3": {
					"rotation": [0, "-50+2*math.sin(q.anim_time*90*1+160)*3", 25]
				},
				"talon_right3": {
					"rotation": [0, -20, 0]
				},
				"claw_foot_left": {
					"rotation": [30, 0, 0]
				},
				"toe_middle_left": {
					"rotation": ["10-2*math.sin(q.anim_time*90*1+160)*3", 0, 0]
				},
				"toe_left": {
					"rotation": ["10-2*math.sin(q.anim_time*90*1+160)*3", 0, 10]
				},
				"foot_left": {
					"rotation": ["-15-2*math.sin(q.anim_time*90*1+160)*3", 0, 0]
				},
				"leg_left": {
					"rotation": ["-77.5+2*math.sin(q.anim_time*90*1+120)*3", 0, "-15-2*math.sin(q.anim_time*90*1+160)*3"]
				},
				"leg_left2": {
					"rotation": ["30-2*math.sin(q.anim_time*90*1+160)*3", 0, 0]
				},
				"toe_left2": {
					"rotation": ["-2.5-2*math.sin(q.anim_time*90*1+160)*3", 0, 0]
				},
				"toe_left3": {
					"rotation": ["10-2*math.sin(q.anim_time*90*1+160)*3", 0, -10]
				},
				"toe_middle_left3": {
					"rotation": ["10-2*math.sin(q.anim_time*90*1+160)*3", 0, 0]
				},
				"toe_middle_left2": {
					"rotation": ["10-2*math.sin(q.anim_time*90*1+160)*3", 0, 0]
				},
				"claw_foot_left2": {
					"rotation": [30, 0, 0]
				},
				"claw_foot_left3": {
					"rotation": [30, 0, 0]
				},
				"leg_right": {
					"rotation": ["-77.5+2*math.sin(q.anim_time*90*1+120)*3", 0, "15+2*math.sin(q.anim_time*90*1+160)*3"]
				},
				"leg_right2": {
					"rotation": ["30-2*math.sin(q.anim_time*90*1+160)*3", 0, 0]
				},
				"foot_right": {
					"rotation": ["-15-2*math.sin(q.anim_time*90*1+160)*3", 0, 0]
				},
				"toe_right": {
					"rotation": ["10-2*math.sin(q.anim_time*90*1+160)*3", 0, -10]
				},
				"toe_middle_right": {
					"rotation": ["10-2*math.sin(q.anim_time*90*1+160)*3", 0, 0]
				},
				"claw_foot_right": {
					"rotation": [30, 0, 0]
				},
				"toe_right2": {
					"rotation": ["-2.5-2*math.sin(q.anim_time*90*1+160)*3", 0, 0]
				},
				"toe_middle_right2": {
					"rotation": ["10-2*math.sin(q.anim_time*90*1+160)*3", 0, 0]
				},
				"claw_foot_right2": {
					"rotation": [30, 0, 0]
				},
				"toe_right3": {
					"rotation": ["10-2*math.sin(q.anim_time*90*1+160)*3", 0, 10]
				},
				"toe_middle_right3": {
					"rotation": ["10-2*math.sin(q.anim_time*90*1+160)*3", 0, 0]
				},
				"claw_foot_right3": {
					"rotation": [30, 0, 0]
				},
				"tail_segement9": {
					"rotation": ["-12.5-math.sin(q.anim_time*90*1-390)*6.5", 0, "0-math.sin(q.anim_time*90*1-390)*6.5"]
				},
				"tail_segement8": {
					"rotation": ["-12.5-math.sin(q.anim_time*90*1-290)*6.5", 0, "0-math.sin(q.anim_time*90*1-290)*6.5"]
				},
				"tail_segement7": {
					"rotation": ["-15-math.sin(q.anim_time*90*1-290)*5.5", 0, "0-math.sin(q.anim_time*90*1-290)*5.5"]
				},
				"tail_segement6": {
					"rotation": ["12.5-math.sin(q.anim_time*90*1-190)*5.5", 0, "0-math.sin(q.anim_time*90*1-190)*5.5"]
				},
				"tail_segement5": {
					"rotation": ["12.5-math.sin(q.anim_time*90*1-190)*3.5", 0, "-math.sin(q.anim_time*90*1-190)*3.5"]
				},
				"tail_segement4": {
					"rotation": ["30-math.sin(q.anim_time*90*1-90)*2.5", 0, 0]
				},
				"tail_segement3": {
					"rotation": [25, 0, 0]
				},
				"tail_segement2": {
					"rotation": [20, 0, 0]
				},
				"tail_segement1": {
					"rotation": ["10+math.sin(q.anim_time*90*1+120)*3", 0, "0+math.sin(q.anim_time*90*1+160)*3"]
				},
				"torso": {
					"rotation": [12.5, 0, 0],
					"position": [0, -3, -5]
				},
				"tail_segement10": {
					"rotation": ["-12.5-math.sin(q.anim_time*90*1-390)*7.5", 0, "0-math.sin(q.anim_time*90*1-390)*7.5"]
				},
				"tail_segement11": {
					"rotation": ["7.5-math.sin(q.anim_time*90*1-490)*7.5", 0, "-math.sin(q.anim_time*90*1-490)*7.5"]
				},
				"tail_segement12": {
					"rotation": ["15-math.sin(q.anim_time*90*1-590)*8", 0, "-math.sin(q.anim_time*90*1-590)*8"]
				},
				"tail_segement_13": {
					"rotation": ["20-math.sin(q.anim_time*90*1-690)*9", 0, "-math.sin(q.anim_time*90*1-690)*9"]
				},
				"head": {
					"rotation": ["52.5+math.sin(q.anim_time*90*1+90)", 0, 0]
				},
				"jaw": {
					"rotation": [5, 0, 0]
				},
				"hair2": {
					"rotation": ["22.5+math.sin(q.anim_time*90*1*5)", 0, 0]
				},
				"hair1": {
					"rotation": ["-47.5+2*math.sin(q.anim_time*90*1+250)", 0, 0]
				},
				"hair3": {
					"rotation": ["-40+math.sin(q.anim_time*90*1*5)", 0, 0]
				},
				"hair4": {
					"rotation": ["30+math.sin(q.anim_time*90*1*5)", 0, 0]
				},
				"hair5": {
					"rotation": ["-60+2*math.sin(q.anim_time*120*1*5)", 0, 0]
				},
				"frill_right": {
					"rotation": [0, 39.51896, 9.59212]
				},
				"frill_left": {
					"rotation": [0, -39.51896, -9.59212]
				},
				"chest": {
					"rotation": ["17.5+math.sin(q.anim_time*90*1+90)*2", 0, 0]
				},
				"body": {
					"position": [0, "3+2*math.cos(q.anim_time*90*1-80*2)*-1", "0+2*math.cos(q.anim_time*90*1-60*3)*-0.5"]
				}
			}
		},
		"animation.tempestfang.air_idle": {
			"loop": true,
			"bones": {
				"neck": {
					"rotation": ["22.5+math.sin(q.anim_time*90*1+120)", 0, 0]
				},
				"neck2": {
					"rotation": [20, 0, 0]
				},
				"scarf_front_wisp_segement2": {
					"rotation": [7.5, 0, 0]
				},
				"scarf_front_wisp_segement1": {
					"rotation": [-15, 0, 0]
				},
				"scarf": {
					"rotation": [7.5, 0, 0]
				},
				"scarf_back_wisp_segement1": {
					"rotation": ["40+math.sin(q.anim_time*90*1*2)*2", 0, 0]
				},
				"scarf_back_wisp_segement2": {
					"rotation": ["-57.5+math.sin(q.anim_time*90*1*5)", 0, 0]
				},
				"scarf_back_wisp_segement3": {
					"rotation": ["80+math.sin(q.anim_time*90*1*5)", 0, 0]
				},
				"scarf_back_wisp_segement4": {
					"rotation": ["-42.5+math.sin(q.anim_time*120*1*5)", 0, 0]
				},
				"arm_right": {
					"rotation": [0, "20+2*math.sin(q.anim_time*90*1+180)", "-57.5+2*math.sin(q.anim_time*90*1+180)"]
				},
				"arm_right2": {
					"rotation": [0, "-30+2*math.sin(q.anim_time*90*1+280)*2", 5]
				},
				"arm_left": {
					"rotation": [0, "-20-2*math.sin(q.anim_time*90*1+180)", "57.5-2*math.sin(q.anim_time*90*1+180)"]
				},
				"arm_left2": {
					"rotation": [0, "30-2*math.sin(q.anim_time*90*1+280)*2", -5]
				},
				"shoulder_left": {
					"rotation": [0, 0, "-12.5-2*math.sin(q.anim_time*90*1+120)*2"]
				},
				"shoulder_right": {
					"rotation": [0, 0, "12.5+2*math.sin(q.anim_time*90*1+120)*2"]
				},
				"hand_left": {
					"rotation": [0, "42.5-math.sin(q.anim_time*90*1+150)*2", 0]
				},
				"claw_left": {
					"rotation": [0, "50-2*math.sin(q.anim_time*90*1+160)*3", 25]
				},
				"claw_left2": {
					"rotation": [0, "50-2*math.sin(q.anim_time*90*1+160)*3", 0]
				},
				"claw_left3": {
					"rotation": [0, "50-2*math.sin(q.anim_time*90*1+160)*3", -25]
				},
				"talon_left3": {
					"rotation": [0, 20, 0]
				},
				"talon_left2": {
					"rotation": [0, 20, 0]
				},
				"talon_left": {
					"rotation": [0, 20, 0]
				},
				"hand_wisp_left_segement1": {
					"rotation": [0, "-15-math.sin(q.anim_time*90*1*5)", 0]
				},
				"hand_wisp_left_segement2": {
					"rotation": [0, "37.5-math.sin(q.anim_time*90*1*5)", 0]
				},
				"hand_wisp_left_segement3": {
					"rotation": [0, "-62.5-math.sin(q.anim_time*120*1*5)", 0]
				},
				"hand_right": {
					"rotation": [0, "-42.5+math.sin(q.anim_time*90*1+150)*2", 0]
				},
				"hand_wisp_right_segement1": {
					"rotation": [0, "15+math.sin(q.anim_time*90*1*5)", 0]
				},
				"hand_wisp_right_segement2": {
					"rotation": [0, "-37.5+math.sin(q.anim_time*90*1*5)", 0]
				},
				"hand_wisp_right_segement3": {
					"rotation": [0, "62.5+math.sin(q.anim_time*120*1*5)", 0]
				},
				"claw_right": {
					"rotation": [0, "-50+2*math.sin(q.anim_time*90*1+160)*3", -25]
				},
				"talon_right": {
					"rotation": [0, -20, 0]
				},
				"claw_right2": {
					"rotation": [0, "-50+2*math.sin(q.anim_time*90*1+160)*3", 0]
				},
				"talon_right2": {
					"rotation": [0, -20, 0]
				},
				"claw_right3": {
					"rotation": [0, "-50+2*math.sin(q.anim_time*90*1+160)*3", 25]
				},
				"talon_right3": {
					"rotation": [0, -20, 0]
				},
				"claw_foot_left": {
					"rotation": [30, 0, 0]
				},
				"toe_middle_left": {
					"rotation": ["10-2*math.sin(q.anim_time*90*1+160)*3", 0, 0]
				},
				"toe_left": {
					"rotation": ["10-2*math.sin(q.anim_time*90*1+160)*3", 0, 10]
				},
				"foot_left": {
					"rotation": ["-15-2*math.sin(q.anim_time*90*1+160)*3", 0, 0]
				},
				"leg_left": {
					"rotation": ["-77.5+2*math.sin(q.anim_time*90*1+120)*3", 0, "-15-2*math.sin(q.anim_time*90*1+160)*3"]
				},
				"leg_left2": {
					"rotation": ["30-2*math.sin(q.anim_time*90*1+160)*3", 0, 0]
				},
				"toe_left2": {
					"rotation": ["-2.5-2*math.sin(q.anim_time*90*1+160)*3", 0, 0]
				},
				"toe_left3": {
					"rotation": ["10-2*math.sin(q.anim_time*90*1+160)*3", 0, -10]
				},
				"toe_middle_left3": {
					"rotation": ["10-2*math.sin(q.anim_time*90*1+160)*3", 0, 0]
				},
				"toe_middle_left2": {
					"rotation": ["10-2*math.sin(q.anim_time*90*1+160)*3", 0, 0]
				},
				"claw_foot_left2": {
					"rotation": [30, 0, 0]
				},
				"claw_foot_left3": {
					"rotation": [30, 0, 0]
				},
				"leg_right": {
					"rotation": ["-77.5+2*math.sin(q.anim_time*90*1+120)*3", 0, "15+2*math.sin(q.anim_time*90*1+160)*3"]
				},
				"leg_right2": {
					"rotation": ["30-2*math.sin(q.anim_time*90*1+160)*3", 0, 0]
				},
				"foot_right": {
					"rotation": ["-15-2*math.sin(q.anim_time*90*1+160)*3", 0, 0]
				},
				"toe_right": {
					"rotation": ["10-2*math.sin(q.anim_time*90*1+160)*3", 0, -10]
				},
				"toe_middle_right": {
					"rotation": ["10-2*math.sin(q.anim_time*90*1+160)*3", 0, 0]
				},
				"claw_foot_right": {
					"rotation": [30, 0, 0]
				},
				"toe_right2": {
					"rotation": ["-2.5-2*math.sin(q.anim_time*90*1+160)*3", 0, 0]
				},
				"toe_middle_right2": {
					"rotation": ["10-2*math.sin(q.anim_time*90*1+160)*3", 0, 0]
				},
				"claw_foot_right2": {
					"rotation": [30, 0, 0]
				},
				"toe_right3": {
					"rotation": ["10-2*math.sin(q.anim_time*90*1+160)*3", 0, 10]
				},
				"toe_middle_right3": {
					"rotation": ["10-2*math.sin(q.anim_time*90*1+160)*3", 0, 0]
				},
				"claw_foot_right3": {
					"rotation": [30, 0, 0]
				},
				"tail_segement9": {
					"rotation": ["-12.5-math.sin(q.anim_time*90*1-390)*6.5", 0, "0-math.sin(q.anim_time*90*1-390)*6.5"]
				},
				"tail_segement8": {
					"rotation": ["-12.5-math.sin(q.anim_time*90*1-290)*6.5", 0, "0-math.sin(q.anim_time*90*1-290)*6.5"]
				},
				"tail_segement7": {
					"rotation": ["-15-math.sin(q.anim_time*90*1-290)*5.5", 0, "0-math.sin(q.anim_time*90*1-290)*5.5"]
				},
				"tail_segement6": {
					"rotation": ["12.5-math.sin(q.anim_time*90*1-190)*5.5", 0, "0-math.sin(q.anim_time*90*1-190)*5.5"]
				},
				"tail_segement5": {
					"rotation": ["30-math.sin(q.anim_time*90*1-190)*3.5", 0, "0-math.sin(q.anim_time*90*1-190)*3.5"]
				},
				"tail_segement4": {
					"rotation": ["42.5-math.sin(q.anim_time*90*1-90)*2.5", 0, 0]
				},
				"tail_segement3": {
					"rotation": [25, 0, 0]
				},
				"tail_segement2": {
					"rotation": [20, 0, 0]
				},
				"tail_segement1": {
					"rotation": ["10+math.sin(q.anim_time*90*1+120)*3", 0, "0+math.sin(q.anim_time*90*1+160)*3"]
				},
				"torso": {
					"rotation": [-10, 0, 0],
					"position": [0, 3, -2]
				},
				"tail_segement10": {
					"rotation": ["-12.5-math.sin(q.anim_time*90*1-390)*7.5", 0, "0-math.sin(q.anim_time*90*1-390)*7.5"]
				},
				"tail_segement11": {
					"rotation": ["-12.5-math.sin(q.anim_time*90*1-490)*7.5", 0, "0-math.sin(q.anim_time*90*1-490)*7.5"]
				},
				"tail_segement12": {
					"rotation": ["-12.5-math.sin(q.anim_time*90*1-590)*8", 0, "0-math.sin(q.anim_time*90*1-590)*8"]
				},
				"tail_segement_13": {
					"rotation": ["0-math.sin(q.anim_time*90*1-690)*9", 0, "0-math.sin(q.anim_time*90*1-690)*9"]
				},
				"head": {
					"rotation": ["70+math.sin(q.anim_time*90*1+90)", 0, 0]
				},
				"jaw": {
					"rotation": ["15+2*math.sin(q.anim_time*90*1+120)+2", 0, 0]
				},
				"hair2": {
					"rotation": ["22.5+math.sin(q.anim_time*90*1*5)", 0, 0]
				},
				"hair1": {
					"rotation": ["-47.5+2*math.sin(q.anim_time*90*1+250)", 0, 0]
				},
				"hair3": {
					"rotation": ["-40+math.sin(q.anim_time*90*1*5)", 0, 0]
				},
				"hair4": {
					"rotation": ["30+math.sin(q.anim_time*90*1*5)", 0, 0]
				},
				"hair5": {
					"rotation": ["-60+2*math.sin(q.anim_time*120*1*5)", 0, 0]
				},
				"frill_right": {
					"rotation": [0, 39.51896, 9.59212]
				},
				"frill_left": {
					"rotation": [0, -39.51896, -9.59212]
				},
				"chest": {
					"rotation": ["0+math.sin(q.anim_time*90*1+90)*2", 0, 0]
				},
				"body": {
					"position": [0, "3+2*math.cos(q.anim_time*90*1-80*2)*-1", "0+2*math.cos(q.anim_time*90*1-60*3)*-0.5"]
				}
			}
		},
		"animation.tempestfang.air_fly": {
			"loop": true,
			"bones": {
				"neck": {
					"rotation": ["10+math.sin(q.anim_time*90*1+120)", 0, 0]
				},
				"neck2": {
					"rotation": [20, 0, 0]
				},
				"scarf_front_wisp_segement2": {
					"rotation": [7.5, 0, 0]
				},
				"scarf_front_wisp_segement1": {
					"rotation": [-15, 0, 0]
				},
				"scarf": {
					"rotation": [-2.5, 0, 0]
				},
				"scarf_back_wisp_segement1": {
					"rotation": ["27.5+math.sin(q.anim_time*90*1*2)*2", 0, 0]
				},
				"scarf_back_wisp_segement2": {
					"rotation": ["-57.5+math.sin(q.anim_time*90*1*5)", 0, 0]
				},
				"scarf_back_wisp_segement3": {
					"rotation": ["80+math.sin(q.anim_time*90*1*5)", 0, 0]
				},
				"scarf_back_wisp_segement4": {
					"rotation": ["-42.5+math.sin(q.anim_time*120*1*5)", 0, 0]
				},
				"arm_right": {
					"rotation": [0, "20+2*math.sin(q.anim_time*90*1+180)", "-57.5+2*math.sin(q.anim_time*90*1+180)"]
				},
				"arm_right2": {
					"rotation": [0, "-30+2*math.sin(q.anim_time*90*1+280)*2", 5]
				},
				"arm_left": {
					"rotation": [0, "-20-2*math.sin(q.anim_time*90*1+180)", "57.5-2*math.sin(q.anim_time*90*1+180)"]
				},
				"arm_left2": {
					"rotation": [0, "30-2*math.sin(q.anim_time*90*1+280)*2", -5]
				},
				"shoulder_left": {
					"rotation": [0, 0, "-12.5-2*math.sin(q.anim_time*90*1+120)*2"]
				},
				"shoulder_right": {
					"rotation": [0, 0, "12.5+2*math.sin(q.anim_time*90*1+120)*2"]
				},
				"hand_left": {
					"rotation": [0, "42.5-math.sin(q.anim_time*90*1+150)*2", 0]
				},
				"claw_left": {
					"rotation": [0, "50-2*math.sin(q.anim_time*90*1+160)*3", 25]
				},
				"claw_left2": {
					"rotation": [0, "50-2*math.sin(q.anim_time*90*1+160)*3", 0]
				},
				"claw_left3": {
					"rotation": [0, "50-2*math.sin(q.anim_time*90*1+160)*3", -25]
				},
				"talon_left3": {
					"rotation": [0, 20, 0]
				},
				"talon_left2": {
					"rotation": [0, 20, 0]
				},
				"talon_left": {
					"rotation": [0, 20, 0]
				},
				"hand_wisp_left_segement1": {
					"rotation": [0, "-15-math.sin(q.anim_time*90*1*5)", 0]
				},
				"hand_wisp_left_segement2": {
					"rotation": [0, "37.5-math.sin(q.anim_time*90*1*5)", 0]
				},
				"hand_wisp_left_segement3": {
					"rotation": [0, "-62.5-math.sin(q.anim_time*120*1*5)", 0]
				},
				"hand_right": {
					"rotation": [0, "-42.5+math.sin(q.anim_time*90*1+150)*2", 0]
				},
				"hand_wisp_right_segement1": {
					"rotation": [0, "15+math.sin(q.anim_time*90*1*5)", 0]
				},
				"hand_wisp_right_segement2": {
					"rotation": [0, "-37.5+math.sin(q.anim_time*90*1*5)", 0]
				},
				"hand_wisp_right_segement3": {
					"rotation": [0, "62.5+math.sin(q.anim_time*120*1*5)", 0]
				},
				"claw_right": {
					"rotation": [0, "-50+2*math.sin(q.anim_time*90*1+160)*3", -25]
				},
				"talon_right": {
					"rotation": [0, -20, 0]
				},
				"claw_right2": {
					"rotation": [0, "-50+2*math.sin(q.anim_time*90*1+160)*3", 0]
				},
				"talon_right2": {
					"rotation": [0, -20, 0]
				},
				"claw_right3": {
					"rotation": [0, "-50+2*math.sin(q.anim_time*90*1+160)*3", 25]
				},
				"talon_right3": {
					"rotation": [0, -20, 0]
				},
				"claw_foot_left": {
					"rotation": [30, 0, 0]
				},
				"toe_middle_left": {
					"rotation": ["10-2*math.sin(q.anim_time*90*1+160)*3", 0, 0]
				},
				"toe_left": {
					"rotation": ["10-2*math.sin(q.anim_time*90*1+160)*3", 0, 10]
				},
				"foot_left": {
					"rotation": ["-15-2*math.sin(q.anim_time*90*1+160)*3", 0, 0]
				},
				"leg_left": {
					"rotation": ["-77.5+2*math.sin(q.anim_time*90*1+120)*3", 0, "-15-2*math.sin(q.anim_time*90*1+160)*3"]
				},
				"leg_left2": {
					"rotation": ["30-2*math.sin(q.anim_time*90*1+160)*3", 0, 0]
				},
				"toe_left2": {
					"rotation": ["-2.5-2*math.sin(q.anim_time*90*1+160)*3", 0, 0]
				},
				"toe_left3": {
					"rotation": ["10-2*math.sin(q.anim_time*90*1+160)*3", 0, -10]
				},
				"toe_middle_left3": {
					"rotation": ["10-2*math.sin(q.anim_time*90*1+160)*3", 0, 0]
				},
				"toe_middle_left2": {
					"rotation": ["10-2*math.sin(q.anim_time*90*1+160)*3", 0, 0]
				},
				"claw_foot_left2": {
					"rotation": [30, 0, 0]
				},
				"claw_foot_left3": {
					"rotation": [30, 0, 0]
				},
				"leg_right": {
					"rotation": ["-77.5+2*math.sin(q.anim_time*90*1+120)*3", 0, "15+2*math.sin(q.anim_time*90*1+160)*3"]
				},
				"leg_right2": {
					"rotation": ["30-2*math.sin(q.anim_time*90*1+160)*3", 0, 0]
				},
				"foot_right": {
					"rotation": ["-15-2*math.sin(q.anim_time*90*1+160)*3", 0, 0]
				},
				"toe_right": {
					"rotation": ["10-2*math.sin(q.anim_time*90*1+160)*3", 0, -10]
				},
				"toe_middle_right": {
					"rotation": ["10-2*math.sin(q.anim_time*90*1+160)*3", 0, 0]
				},
				"claw_foot_right": {
					"rotation": [30, 0, 0]
				},
				"toe_right2": {
					"rotation": ["-2.5-2*math.sin(q.anim_time*90*1+160)*3", 0, 0]
				},
				"toe_middle_right2": {
					"rotation": ["10-2*math.sin(q.anim_time*90*1+160)*3", 0, 0]
				},
				"claw_foot_right2": {
					"rotation": [30, 0, 0]
				},
				"toe_right3": {
					"rotation": ["10-2*math.sin(q.anim_time*90*1+160)*3", 0, 10]
				},
				"toe_middle_right3": {
					"rotation": ["10-2*math.sin(q.anim_time*90*1+160)*3", 0, 0]
				},
				"claw_foot_right3": {
					"rotation": [30, 0, 0]
				},
				"tail_segement9": {
					"rotation": ["-12.5-math.sin(q.anim_time*90*1-390)*6.5", 0, "0-math.sin(q.anim_time*90*1-390)*6.5"]
				},
				"tail_segement8": {
					"rotation": ["-12.5-math.sin(q.anim_time*90*1-290)*6.5", 0, "0-math.sin(q.anim_time*90*1-290)*6.5"]
				},
				"tail_segement7": {
					"rotation": ["-15-math.sin(q.anim_time*90*1-290)*5.5", 0, "0-math.sin(q.anim_time*90*1-290)*5.5"]
				},
				"tail_segement6": {
					"rotation": ["12.5-math.sin(q.anim_time*90*1-190)*5.5", 0, "0-math.sin(q.anim_time*90*1-190)*5.5"]
				},
				"tail_segement5": {
					"rotation": ["12.5-math.sin(q.anim_time*90*1-190)*3.5", 0, "-math.sin(q.anim_time*90*1-190)*3.5"]
				},
				"tail_segement4": {
					"rotation": ["30-math.sin(q.anim_time*90*1-90)*2.5", 0, 0]
				},
				"tail_segement3": {
					"rotation": [25, 0, 0]
				},
				"tail_segement2": {
					"rotation": [20, 0, 0]
				},
				"tail_segement1": {
					"rotation": ["10+math.sin(q.anim_time*90*1+120)*3", 0, "0+math.sin(q.anim_time*90*1+160)*3"]
				},
				"torso": {
					"rotation": [12.5, 0, 0],
					"position": [0, -3, -5]
				},
				"tail_segement10": {
					"rotation": ["-12.5-math.sin(q.anim_time*90*1-390)*7.5", 0, "0-math.sin(q.anim_time*90*1-390)*7.5"]
				},
				"tail_segement11": {
					"rotation": ["7.5-math.sin(q.anim_time*90*1-490)*7.5", 0, "-math.sin(q.anim_time*90*1-490)*7.5"]
				},
				"tail_segement12": {
					"rotation": ["15-math.sin(q.anim_time*90*1-590)*8", 0, "-math.sin(q.anim_time*90*1-590)*8"]
				},
				"tail_segement_13": {
					"rotation": ["20-math.sin(q.anim_time*90*1-690)*9", 0, "-math.sin(q.anim_time*90*1-690)*9"]
				},
				"head": {
					"rotation": ["52.5+math.sin(q.anim_time*90*1+90)", 0, 0]
				},
				"jaw": {
					"rotation": [5, 0, 0]
				},
				"hair2": {
					"rotation": ["22.5+math.sin(q.anim_time*90*1*5)", 0, 0]
				},
				"hair1": {
					"rotation": ["-47.5+2*math.sin(q.anim_time*90*1+250)", 0, 0]
				},
				"hair3": {
					"rotation": ["-40+math.sin(q.anim_time*90*1*5)", 0, 0]
				},
				"hair4": {
					"rotation": ["30+math.sin(q.anim_time*90*1*5)", 0, 0]
				},
				"hair5": {
					"rotation": ["-60+2*math.sin(q.anim_time*120*1*5)", 0, 0]
				},
				"frill_right": {
					"rotation": [0, 39.51896, 9.59212]
				},
				"frill_left": {
					"rotation": [0, -39.51896, -9.59212]
				},
				"chest": {
					"rotation": ["17.5+math.sin(q.anim_time*90*1+90)*2", 0, 0]
				},
				"body": {
					"position": [0, "3+2*math.cos(q.anim_time*90*1-80*2)*-1", "0+2*math.cos(q.anim_time*90*1-60*3)*-0.5"]
				}
			}
		},
		"animation.tempestfang.sleep": {
			"loop": true,
			"bones": {
				"neck": {
					"rotation": ["22.5+math.sin(q.anim_time*90*1+120)", 0, 0]
				},
				"neck2": {
					"rotation": [20, 0, 0]
				},
				"scarf_front_wisp_segement2": {
					"rotation": [7.5, 0, 0]
				},
				"scarf_front_wisp_segement1": {
					"rotation": [-15, 0, 0]
				},
				"scarf": {
					"rotation": [7.5, 0, 0]
				},
				"scarf_back_wisp_segement1": {
					"rotation": ["40+math.sin(q.anim_time*90*1*2)*2", 0, 0]
				},
				"scarf_back_wisp_segement2": {
					"rotation": ["-57.5+math.sin(q.anim_time*90*1*5)", 0, 0]
				},
				"scarf_back_wisp_segement3": {
					"rotation": ["80+math.sin(q.anim_time*90*1*5)", 0, 0]
				},
				"scarf_back_wisp_segement4": {
					"rotation": ["-42.5+math.sin(q.anim_time*120*1*5)", 0, 0]
				},
				"arm_right": {
					"rotation": [-5.38152, "19.291+2*math.sin(q.anim_time*90*1+180)", "-73.4152+2*math.sin(q.anim_time*90*1+180)"]
				},
				"arm_right2": {
					"rotation": [8.28723, "-29.0908+2*math.sin(q.anim_time*90*1+280)*2", -9.96107]
				},
				"arm_left": {
					"rotation": [-5.38152, "-19.291-2*math.sin(q.anim_time*90*1+180)", "73.4152-2*math.sin(q.anim_time*90*1+180)"]
				},
				"arm_left2": {
					"rotation": [8.28723, "29.0908-2*math.sin(q.anim_time*90*1+280)*2", 9.96107]
				},
				"shoulder_left": {
					"rotation": [0, 0, "-12.5-2*math.sin(q.anim_time*90*1+120)*2"]
				},
				"shoulder_right": {
					"rotation": [0, 0, "12.5+2*math.sin(q.anim_time*90*1+120)*2"]
				},
				"hand_left": {
					"rotation": [0, "22.5-math.sin(q.anim_time*90*1+150)*2", 0]
				},
				"claw_left": {
					"rotation": [0, "50-2*math.sin(q.anim_time*90*1+160)*3", 25]
				},
				"claw_left2": {
					"rotation": [0, "50-2*math.sin(q.anim_time*90*1+160)*3", 0]
				},
				"claw_left3": {
					"rotation": [0, "50-2*math.sin(q.anim_time*90*1+160)*3", -25]
				},
				"talon_left3": {
					"rotation": [0, 20, 0]
				},
				"talon_left2": {
					"rotation": [0, 20, 0]
				},
				"talon_left": {
					"rotation": [0, 20, 0]
				},
				"hand_wisp_left_segement1": {
					"rotation": [0, "-15-math.sin(q.anim_time*90*1*5)", 0]
				},
				"hand_wisp_left_segement2": {
					"rotation": [0, "37.5-math.sin(q.anim_time*90*1*5)", 0]
				},
				"hand_wisp_left_segement3": {
					"rotation": [0, "-62.5-math.sin(q.anim_time*120*1*5)", 0]
				},
				"hand_right": {
					"rotation": [0, "-22.5+math.sin(q.anim_time*90*1+150)*2", 0]
				},
				"hand_wisp_right_segement1": {
					"rotation": [0, "15+math.sin(q.anim_time*90*1*5)", 0]
				},
				"hand_wisp_right_segement2": {
					"rotation": [0, "-37.5+math.sin(q.anim_time*90*1*5)", 0]
				},
				"hand_wisp_right_segement3": {
					"rotation": [0, "62.5+math.sin(q.anim_time*120*1*5)", 0]
				},
				"claw_right": {
					"rotation": [0, "-50+2*math.sin(q.anim_time*90*1+160)*3", -25]
				},
				"talon_right": {
					"rotation": [0, -20, 0]
				},
				"claw_right2": {
					"rotation": [0, "-50+2*math.sin(q.anim_time*90*1+160)*3", 0]
				},
				"talon_right2": {
					"rotation": [0, -20, 0]
				},
				"claw_right3": {
					"rotation": [0, "-50+2*math.sin(q.anim_time*90*1+160)*3", 25]
				},
				"talon_right3": {
					"rotation": [0, -20, 0]
				},
				"claw_foot_left": {
					"rotation": [30, 0, 0]
				},
				"toe_middle_left": {
					"rotation": ["10-2*math.sin(q.anim_time*90*1+160)*3", 0, 0]
				},
				"toe_left": {
					"rotation": ["10-2*math.sin(q.anim_time*90*1+160)*3", 0, 10]
				},
				"foot_left": {
					"rotation": ["-15-2*math.sin(q.anim_time*90*1+160)*3", 0, 0]
				},
				"leg_left": {
					"rotation": ["-77.5+2*math.sin(q.anim_time*90*1+120)*3", 0, "-15-2*math.sin(q.anim_time*90*1+160)*3"]
				},
				"leg_left2": {
					"rotation": ["30-2*math.sin(q.anim_time*90*1+160)*3", 0, 0]
				},
				"toe_left2": {
					"rotation": ["-2.5-2*math.sin(q.anim_time*90*1+160)*3", 0, 0]
				},
				"toe_left3": {
					"rotation": ["10-2*math.sin(q.anim_time*90*1+160)*3", 0, -10]
				},
				"toe_middle_left3": {
					"rotation": ["10-2*math.sin(q.anim_time*90*1+160)*3", 0, 0]
				},
				"toe_middle_left2": {
					"rotation": ["10-2*math.sin(q.anim_time*90*1+160)*3", 0, 0]
				},
				"claw_foot_left2": {
					"rotation": [30, 0, 0]
				},
				"claw_foot_left3": {
					"rotation": [30, 0, 0]
				},
				"leg_right": {
					"rotation": ["-77.5+2*math.sin(q.anim_time*90*1+120)*3", 0, "15+2*math.sin(q.anim_time*90*1+160)*3"]
				},
				"leg_right2": {
					"rotation": ["30-2*math.sin(q.anim_time*90*1+160)*3", 0, 0]
				},
				"foot_right": {
					"rotation": ["-15-2*math.sin(q.anim_time*90*1+160)*3", 0, 0]
				},
				"toe_right": {
					"rotation": ["10-2*math.sin(q.anim_time*90*1+160)*3", 0, -10]
				},
				"toe_middle_right": {
					"rotation": ["10-2*math.sin(q.anim_time*90*1+160)*3", 0, 0]
				},
				"claw_foot_right": {
					"rotation": [30, 0, 0]
				},
				"toe_right2": {
					"rotation": ["-2.5-2*math.sin(q.anim_time*90*1+160)*3", 0, 0]
				},
				"toe_middle_right2": {
					"rotation": ["10-2*math.sin(q.anim_time*90*1+160)*3", 0, 0]
				},
				"claw_foot_right2": {
					"rotation": [30, 0, 0]
				},
				"toe_right3": {
					"rotation": ["10-2*math.sin(q.anim_time*90*1+160)*3", 0, 10]
				},
				"toe_middle_right3": {
					"rotation": ["10-2*math.sin(q.anim_time*90*1+160)*3", 0, 0]
				},
				"claw_foot_right3": {
					"rotation": [30, 0, 0]
				},
				"tail_segement9": {
					"rotation": ["-12.5-math.sin(q.anim_time*90*1-390)*6.5", 0, "0-math.sin(q.anim_time*90*1-390)*6.5"]
				},
				"tail_segement8": {
					"rotation": ["-12.5-math.sin(q.anim_time*90*1-290)*6.5", 0, "0-math.sin(q.anim_time*90*1-290)*6.5"]
				},
				"tail_segement7": {
					"rotation": ["-15-math.sin(q.anim_time*90*1-290)*5.5", 0, "0-math.sin(q.anim_time*90*1-290)*5.5"]
				},
				"tail_segement6": {
					"rotation": ["12.5-math.sin(q.anim_time*90*1-190)*5.5", 0, "0-math.sin(q.anim_time*90*1-190)*5.5"]
				},
				"tail_segement5": {
					"rotation": ["30-math.sin(q.anim_time*90*1-190)*3.5", 0, "0-math.sin(q.anim_time*90*1-190)*3.5"]
				},
				"tail_segement4": {
					"rotation": ["42.5-math.sin(q.anim_time*90*1-90)*2.5", 0, 0]
				},
				"tail_segement3": {
					"rotation": [25, 0, 0]
				},
				"tail_segement2": {
					"rotation": [20, 0, 0]
				},
				"tail_segement1": {
					"rotation": ["20+math.sin(q.anim_time*90*1+120)*3", 0, "math.sin(q.anim_time*90*1+160)*3"]
				},
				"torso": {
					"rotation": [2.5, 0, 0],
					"position": [0, -2, -2]
				},
				"tail_segement10": {
					"rotation": ["-12.5-math.sin(q.anim_time*90*1-390)*7.5", 0, "0-math.sin(q.anim_time*90*1-390)*7.5"]
				},
				"tail_segement11": {
					"rotation": ["-12.5-math.sin(q.anim_time*90*1-490)*7.5", 0, "0-math.sin(q.anim_time*90*1-490)*7.5"]
				},
				"tail_segement12": {
					"rotation": ["-12.5-math.sin(q.anim_time*90*1-590)*8", 0, "0-math.sin(q.anim_time*90*1-590)*8"]
				},
				"tail_segement_13": {
					"rotation": ["0-math.sin(q.anim_time*90*1-690)*9", 0, "0-math.sin(q.anim_time*90*1-690)*9"]
				},
				"head": {
					"rotation": ["75+math.sin(q.anim_time*90*1+90)", 0, 0]
				},
				"jaw": {
					"rotation": [0, 0, 0]
				},
				"hair2": {
					"rotation": ["22.5+math.sin(q.anim_time*90*1*5)", 0, 0]
				},
				"hair1": {
					"rotation": ["-47.5+2*math.sin(q.anim_time*90*1+250)", 0, 0]
				},
				"hair3": {
					"rotation": ["-40+math.sin(q.anim_time*90*1*5)", 0, 0]
				},
				"hair4": {
					"rotation": ["30+math.sin(q.anim_time*90*1*5)", 0, 0]
				},
				"hair5": {
					"rotation": ["-60+2*math.sin(q.anim_time*120*1*5)", 0, 0]
				},
				"frill_right": {
					"rotation": [0, 39.51896, 9.59212]
				},
				"frill_left": {
					"rotation": [0, -39.51896, -9.59212]
				},
				"chest": {
					"rotation": ["17.5+math.sin(q.anim_time*90*1+90)*2", 0, 0]
				},
				"body": {
					"position": [0, "3+2*math.cos(q.anim_time*90*1-80*2)*-1", "0+2*math.cos(q.anim_time*90*1-60*3)*-0.5"]
				},
				"eye_main_left": {
					"position": [0, -0.05, 0]
				},
				"eyelid_left": {
					"position": [0, 0.05, 0]
				},
				"eyelid_right": {
					"position": [0, 0.05, 0]
				},
				"eye_main_right": {
					"position": [0, -0.05, 0]
				}
			}
		},
		"animation.tempestfang.cry": {
			"animation_length": 0.5417,
			"bones": {
				"head": {
					"rotation": {
						"0.0": [0, 0, 0],
						"0.0833": [-10, 0, 0],
						"0.1667": [-15, 0, 0],
						"0.2917": [-10, 0, 0],
						"0.4167": [0, 0, 0]
					}
				},
				"jaw": {
					"rotation": {
						"0.0": [0, 0, 0],
						"0.0417": [12.5, 0, 0],
						"0.0833": [37.5, 0, 0],
						"0.25": [12.5, 0, 0],
						"0.3333": [0, 0, 0]
					}
				}
			}
		},
		"animation.tempestfang.blink": {
			"animation_length": 0.1667,
			"bones": {
				"eye_main_left": {
					"position": {
						"0.0": [0, -0.05, 0],
						"0.125": [0, -0.05, 0],
						"0.1667": [0, 0, 0]
					}
				},
				"eyelid_left": {
					"position": {
						"0.0": [0, 0.05, 0],
						"0.125": [0, 0.05, 0],
						"0.1667": [0, 0, 0]
					}
				},
				"eyelid_right": {
					"position": {
						"0.0": [0, 0.05, 0],
						"0.125": [0, 0.05, 0],
						"0.1667": [0, 0, 0]
					}
				},
				"eye_main_right": {
					"position": {
						"0.0": [0, -0.05, 0],
						"0.125": [0, -0.05, 0],
						"0.1667": [0, 0, 0]
					}
				}
			}
		}
	}
}