{
	"format_version": "1.8.0",
	"animations": {
		"animation.toxicmelody.ground_idle": {
			"loop": true,
			"bones": {
				"torso": {
					"rotation": [0, 0, 0]
				},
				"waist_main": {
					"rotation": ["-5+math.sin(q.anim_time*90*1+220)*1.5", 0, 0]
				},
				"cloth": {
					"rotation": [-2.5, 0, 0]
				},
				"cloth1": {
					"rotation": [2.5, 0, 0]
				},
				"cloth2": {
					"rotation": [-10, 0, 0]
				},
				"cloth3": {
					"rotation": [-10, 0, 0]
				},
				"waist": {
					"rotation": ["-10+math.sin(q.anim_time*90*1+120)*2", 0, 0]
				},
				"upper_torso": {
					"rotation": ["12.5+math.sin(q.anim_time*90*1+45)*2", 0, 0]
				},
				"ribbon_left": {
					"rotation": [15, "35-2*math.sin(q.anim_time*90*1*5)*2", 0]
				},
				"ribbon_right": {
					"rotation": [15, "-35+2*math.sin(q.anim_time*90*1*5)*2", 0]
				},
				"chest": {
					"rotation": ["10+math.sin(q.anim_time*90*1+90)", 0, 0]
				},
				"arm_left": {
					"rotation": [0, "0-2*math.sin(q.anim_time*90*1+80)", "55-2*math.sin(q.anim_time*90*1+80)"]
				},
				"lower_arm_left": {
					"rotation": [0, "45-2*math.sin(q.anim_time*90*1+160)*4", "-30-2*math.sin(q.anim_time*90*1+160)*4"]
				},
				"hand_left": {
					"rotation": [0, 0, "27.5-math.sin(q.anim_time*90*1+360)*5"]
				},
				"arm_right": {
					"rotation": [0, "0+2*math.sin(q.anim_time*90*1+80)", "-55+2*math.sin(q.anim_time*90*1+80)"]
				},
				"lower_arm_right": {
					"rotation": [0, "-45+2*math.sin(q.anim_time*90*1+160)*4", "30+2*math.sin(q.anim_time*90*1+160)*4"]
				},
				"hand_right": {
					"rotation": [0, 0, "-27.5+math.sin(q.anim_time*90*1+360)*5"]
				},
				"head": {
					"rotation": ["5+math.sin(q.anim_time*90*1+120)*1.5", 0, 0]
				},
				"head_tuft1": {
					"rotation": ["0-1.5*math.sin(q.anim_time*90*1+190)*3", 0, 0]
				},
				"mic": {
					"rotation": ["-40-math.sin(q.anim_time*90*1+220)*2", 0, 17.5]
				},
				"mic_neck1": {
					"rotation": ["-20-math.sin(q.anim_time*90*1+320)*3", 0, -20]
				},
				"mic_neck2": {
					"rotation": ["-22.5-math.sin(q.anim_time*90*1+520)*6", 0, -22.5]
				},
				"snake_head": {
					"rotation": [-30, "-77.5-math.sin(q.anim_time*90*1+720)*8", 0]
				},
				"hair1": {
					"rotation": ["-65+math.sin(q.anim_time*90*1+120)*2.5", 0, 0]
				},
				"hair2": {
					"rotation": ["-15+1.5*math.sin(q.anim_time*90*1+220)*3.5", 0, 0]
				},
				"hair_tuft_left": {
					"rotation": [0, "-17.5-math.sin(q.anim_time*90*1+220)*2.5", 20]
				},
				"hair_tuft_right": {
					"rotation": [0, "17.5+math.sin(q.anim_time*90*1+220)*2.5", -20]
				},
				"hair3": {
					"rotation": ["-10+2*math.sin(q.anim_time*90*1+320)*4.5", 0, 0]
				},
				"hair4": {
					"rotation": ["-10+2*math.sin(q.anim_time*90*1+420)*5.5", 0, 0]
				},
				"hair6": {
					"rotation": [0, 0, "40-2*math.sin(q.anim_time*90*1+520)*5.5"]
				},
				"hair5": {
					"rotation": [0, 0, "-40+2*math.sin(q.anim_time*90*1+520)*5.5"]
				},
				"tail_segment2": {
					"rotation": [0, "35-math.sin(q.anim_time*90*1-90)*2.5", 0]
				},
				"tail_segment3": {
					"rotation": [0, "35-math.sin(q.anim_time*90*1-190)*3.5", 0]
				},
				"tail_segment4": {
					"rotation": [0, "42.5-math.sin(q.anim_time*90*1-290)*5.5", 0]
				},
				"tail_segment5": {
					"rotation": [0, "40-math.sin(q.anim_time*90*1-390)*6.5", 0]
				},
				"tail_segment6": {
					"rotation": [0, "32.5-math.sin(q.anim_time*90*1-490)*7.5", 0]
				},
				"tail_segment7": {
					"rotation": [5, "39.9-math.sin(q.anim_time*90*1-590)*8", 0]
				},
				"tail_segment8": {
					"rotation": ["18.3385-math.sin(q.anim_time*90*1-690)*9", "39.7389-math.sin(q.anim_time*90*1-690)*9", -2.3625]
				},
				"tail_segment9": {
					"rotation": ["55-math.sin(q.anim_time*90*1-790)*10", 9, 8]
				},
				"snake_jaw": {
					"rotation": [0, 0, 0]
				}
			}
		},
		"animation.toxicmelody.ground_walk": {
			"loop": true,
			"bones": {
				"torso": {
					"rotation": [0, "0+3*math.cos(q.anim_time*90*1-60*3)*-1.3", 0],
					"position": [0, 0, 0]
				},
				"waist_main": {
					"rotation": ["-5+2*math.sin(q.anim_time*90*1+220)*1.5", 0, 0]
				},
				"cloth": {
					"rotation": [-2.5, 0, 0]
				},
				"cloth1": {
					"rotation": [2.5, 0, 0]
				},
				"cloth2": {
					"rotation": [-10, 0, 0]
				},
				"cloth3": {
					"rotation": [-10, 0, 0]
				},
				"waist": {
					"rotation": ["-10+math.sin(q.anim_time*90*1+120)*2", 0, 0]
				},
				"upper_torso": {
					"rotation": ["12.5+math.sin(q.anim_time*90*1+45)*2", 0, 0]
				},
				"ribbon_left": {
					"rotation": [15, "35-2*math.sin(q.anim_time*90*1*5)*2", 0]
				},
				"ribbon_right": {
					"rotation": [15, "-35+2*math.sin(q.anim_time*90*1*5)*2", 0]
				},
				"chest": {
					"rotation": ["10+math.sin(q.anim_time*90*1+90)", 0, 0]
				},
				"arm_left": {
					"rotation": [0, "0-2*math.sin(q.anim_time*90*1+80)", "55-2*math.sin(q.anim_time*90*1+80)"]
				},
				"lower_arm_left": {
					"rotation": [0, "45-2*math.sin(q.anim_time*90*1+160)*4", "-30-2*math.sin(q.anim_time*90*1+160)*4"]
				},
				"hand_left": {
					"rotation": [0, 0, "27.5-math.sin(q.anim_time*90*1+360)*5"]
				},
				"arm_right": {
					"rotation": [0, "0+2*math.sin(q.anim_time*90*1+80)", "-55+2*math.sin(q.anim_time*90*1+80)"]
				},
				"lower_arm_right": {
					"rotation": [0, "-45+2*math.sin(q.anim_time*90*1+160)*4", "30+2*math.sin(q.anim_time*90*1+160)*4"]
				},
				"hand_right": {
					"rotation": [0, 0, "-27.5+math.sin(q.anim_time*90*1+360)*5"]
				},
				"head": {
					"rotation": ["5+math.sin(q.anim_time*90*1+120)*1.5", 0, 0]
				},
				"head_tuft1": {
					"rotation": ["0-1.5*math.sin(q.anim_time*90*1+190)*3", 0, 0]
				},
				"mic": {
					"rotation": ["-40-math.sin(q.anim_time*90*1+220)*2", 0, 17.5]
				},
				"mic_neck1": {
					"rotation": ["-20-math.sin(q.anim_time*90*1+320)*3", 0, -20]
				},
				"mic_neck2": {
					"rotation": ["-22.5-math.sin(q.anim_time*90*1+520)*6", 0, -22.5]
				},
				"snake_head": {
					"rotation": [-30, "-77.5-math.sin(q.anim_time*90*1+720)*8", 0]
				},
				"hair1": {
					"rotation": ["-65+math.sin(q.anim_time*90*1+120)*2.5", 0, 0]
				},
				"hair2": {
					"rotation": ["-15+1.5*math.sin(q.anim_time*90*1+220)*3.5", 0, 0]
				},
				"hair_tuft_left": {
					"rotation": [0, "-17.5-math.sin(q.anim_time*90*1+220)*2.5", 20]
				},
				"hair_tuft_right": {
					"rotation": [0, "17.5+math.sin(q.anim_time*90*1+220)*2.5", -20]
				},
				"hair3": {
					"rotation": ["-10+2*math.sin(q.anim_time*90*1+320)*4.5", 0, 0]
				},
				"hair4": {
					"rotation": ["-10+2*math.sin(q.anim_time*90*1+420)*5.5", 0, 0]
				},
				"hair6": {
					"rotation": [0, 0, "40-2*math.sin(q.anim_time*90*1+520)*5.5"]
				},
				"hair5": {
					"rotation": [0, 0, "-40+2*math.sin(q.anim_time*90*1+520)*5.5"]
				},
				"tail_segment2": {
					"rotation": [0, "0-2*math.sin(q.anim_time*90*1-190)*4.5", 0]
				},
				"tail_segment3": {
					"rotation": [0, "0-2*math.sin(q.anim_time*90*1-290)*6.5", 0]
				},
				"tail_segment4": {
					"rotation": [0, "0-2*math.sin(q.anim_time*90*1-390)*10.5", 0]
				},
				"tail_segment5": {
					"rotation": [0, "0-2*math.sin(q.anim_time*90*1-490)*12.5", 0]
				},
				"tail_segment6": {
					"rotation": [0, "0-2*math.sin(q.anim_time*90*1-590)*14.5", 0]
				},
				"tail_segment7": {
					"rotation": [0, "0-2*math.sin(q.anim_time*90*1-690)*16", 0]
				},
				"tail_segment8": {
					"rotation": [0, "0-2*math.sin(q.anim_time*90*1-790)*18", 0]
				},
				"tail_segment9": {
					"rotation": ["55-math.sin(q.anim_time*90*1-990)*10", "9-math.sin(q.anim_time*90*1-890)*10", 8]
				},
				"snake_jaw": {
					"rotation": [0, 0, 0]
				}
			}
		},
		"animation.toxicmelody.battle_idle": {
			"loop": true,
			"bones": {
				"torso": {
					"rotation": [0, -10, 0]
				},
				"waist_main": {
					"rotation": ["-5+math.sin(q.anim_time*90*1+220)*1.5", 0, 0]
				},
				"cloth": {
					"rotation": [-2.5, 0, 0]
				},
				"cloth1": {
					"rotation": [2.5, 0, 0]
				},
				"cloth2": {
					"rotation": [-10, 0, 0]
				},
				"cloth3": {
					"rotation": [-10, 0, 0]
				},
				"waist": {
					"rotation": ["-10.1258+math.sin(q.anim_time*90*1+120)*2", -9.89501, 1.4525]
				},
				"upper_torso": {
					"rotation": ["12.8242+math.sin(q.anim_time*90*1+45)*2", -12.12755, -3.05158]
				},
				"ribbon_left": {
					"rotation": [15, "35-2*math.sin(q.anim_time*90*1*5)*2", 0]
				},
				"ribbon_right": {
					"rotation": [15, "-35+2*math.sin(q.anim_time*90*1*5)*2", 0]
				},
				"chest": {
					"rotation": ["10+math.sin(q.anim_time*90*1+90)", 0, 0]
				},
				"arm_left": {
					"rotation": [0, "0-2*math.sin(q.anim_time*90*1+80)", "55-2*math.sin(q.anim_time*90*1+80)"]
				},
				"lower_arm_left": {
					"rotation": [0, "45-2*math.sin(q.anim_time*90*1+160)*4", "-30-2*math.sin(q.anim_time*90*1+160)*4"]
				},
				"hand_left": {
					"rotation": [0, 0, "27.5-math.sin(q.anim_time*90*1+360)*5"]
				},
				"arm_right": {
					"rotation": [0, "2*math.sin(q.anim_time*90*1+180)", "-35+2*math.sin(q.anim_time*90*1+180)"]
				},
				"lower_arm_right": {
					"rotation": [-24.31718, "-40.6488+2*math.sin(q.anim_time*90*1+260)*4", "61.094+2*math.sin(q.anim_time*90*1+260)*4"]
				},
				"hand_right": {
					"rotation": [0, 0, "-27.5+math.sin(q.anim_time*90*1+360)*5"]
				},
				"head": {
					"rotation": ["1.856+math.sin(q.anim_time*90*1+120)*1.5", 30.71954, -7.67124]
				},
				"head_tuft1": {
					"rotation": ["0-1.5*math.sin(q.anim_time*90*1+190)*3", 0, 0]
				},
				"mic": {
					"rotation": ["-40-math.sin(q.anim_time*90*1+220)*2", 0, 17.5]
				},
				"mic_neck1": {
					"rotation": ["-20-math.sin(q.anim_time*90*1+320)*3", 0, -20]
				},
				"mic_neck2": {
					"rotation": ["-22.5-math.sin(q.anim_time*90*1+520)*6", 0, -22.5]
				},
				"snake_head": {
					"rotation": [-30, "-77.5-math.sin(q.anim_time*90*1+720)*8", 0]
				},
				"hair1": {
					"rotation": ["-65+math.sin(q.anim_time*90*1+120)*2.5", 0, 0]
				},
				"hair2": {
					"rotation": ["-15+1.5*math.sin(q.anim_time*90*1+220)*3.5", 0, 0]
				},
				"hair_tuft_left": {
					"rotation": [0, "-17.5-math.sin(q.anim_time*90*1+220)*2.5", 20]
				},
				"hair_tuft_right": {
					"rotation": [0, "17.5+math.sin(q.anim_time*90*1+220)*2.5", -20]
				},
				"hair3": {
					"rotation": ["-10+2*math.sin(q.anim_time*90*1+320)*4.5", 0, 0]
				},
				"hair4": {
					"rotation": ["-10+2*math.sin(q.anim_time*90*1+420)*5.5", 0, 0]
				},
				"hair6": {
					"rotation": [0, 0, "40-2*math.sin(q.anim_time*90*1+520)*5.5"]
				},
				"hair5": {
					"rotation": [0, 0, "-40+2*math.sin(q.anim_time*90*1+520)*5.5"]
				},
				"tail_segment2": {
					"rotation": [0, "35-math.sin(q.anim_time*90*1-90)*2.5", 0]
				},
				"tail_segment3": {
					"rotation": [0, "35-math.sin(q.anim_time*90*1-190)*3.5", 0]
				},
				"tail_segment4": {
					"rotation": [0, "42.5-math.sin(q.anim_time*90*1-290)*5.5", 0]
				},
				"tail_segment5": {
					"rotation": [0, "40-math.sin(q.anim_time*90*1-390)*6.5", 0]
				},
				"tail_segment6": {
					"rotation": [0, "32.5-math.sin(q.anim_time*90*1-490)*7.5", 0]
				},
				"tail_segment7": {
					"rotation": [5, "39.9-math.sin(q.anim_time*90*1-590)*8", 0]
				},
				"tail_segment8": {
					"rotation": ["18.3385-math.sin(q.anim_time*90*1-690)*9", "39.7389-math.sin(q.anim_time*90*1-690)*9", -2.3625]
				},
				"tail_segment9": {
					"rotation": ["55-math.sin(q.anim_time*90*1-790)*10", 9, 8]
				},
				"snake_jaw": {
					"rotation": [0, 0, -22.5]
				}
			}
		},
		"animation.toxicmelody.sleep": {
			"loop": true,
			"bones": {
				"torso": {
					"rotation": [0, 0, 0]
				},
				"waist_main": {
					"rotation": ["-5+math.sin(q.anim_time*90*1+220)*1.5", 0, 0]
				},
				"cloth": {
					"rotation": [-2.5, 0, 0]
				},
				"cloth1": {
					"rotation": [2.5, 0, 0]
				},
				"cloth2": {
					"rotation": [-10, 0, 0]
				},
				"cloth3": {
					"rotation": [-10, 0, 0]
				},
				"waist": {
					"rotation": ["-10+math.sin(q.anim_time*90*1+120)*2", 0, 0]
				},
				"upper_torso": {
					"rotation": ["12.5+math.sin(q.anim_time*90*1+45)*2", 0, 0]
				},
				"ribbon_left": {
					"rotation": [15, "35-2*math.sin(q.anim_time*90*1*5)*2", 0]
				},
				"ribbon_right": {
					"rotation": [15, "-35+2*math.sin(q.anim_time*90*1*5)*2", 0]
				},
				"chest": {
					"rotation": ["10+math.sin(q.anim_time*90*1+90)", 0, 0]
				},
				"arm_left": {
					"rotation": [-0.34215, 0.03, "65.0058-2*math.sin(q.anim_time*90*1+80)"]
				},
				"lower_arm_left": {
					"rotation": [15.58673, 34.73753, "-6.5137-2*math.sin(q.anim_time*90*1+160)*2"]
				},
				"hand_left": {
					"rotation": [0, 0, "12.5-math.sin(q.anim_time*90*1+360)*5"]
				},
				"arm_right": {
					"rotation": [-0.34215, -0.03, "-65.0058+2*math.sin(q.anim_time*90*1+80)"]
				},
				"lower_arm_right": {
					"rotation": [15.58673, -34.73753, "6.5137+2*math.sin(q.anim_time*90*1+160)*2"]
				},
				"hand_right": {
					"rotation": [0, 0, "-12.5+math.sin(q.anim_time*90*1+360)*5"]
				},
				"head": {
					"rotation": ["15+math.sin(q.anim_time*90*1+120)*1.5", 0, 0]
				},
				"head_tuft1": {
					"rotation": ["0-1.5*math.sin(q.anim_time*90*1+190)*3", 0, 0]
				},
				"mic": {
					"rotation": ["-40-math.sin(q.anim_time*90*1+220)*2", 0, 17.5]
				},
				"mic_neck1": {
					"rotation": ["-20-math.sin(q.anim_time*90*1+320)*3", 0, -20]
				},
				"mic_neck2": {
					"rotation": ["-22.5-math.sin(q.anim_time*90*1+520)*6", 0, -22.5]
				},
				"snake_head": {
					"rotation": [-30, "-77.5-math.sin(q.anim_time*90*1+720)*8", 0]
				},
				"hair1": {
					"rotation": ["-70+math.sin(q.anim_time*90*1+120)*2.5", 0, 0]
				},
				"hair2": {
					"rotation": ["-15+1.5*math.sin(q.anim_time*90*1+220)*3.5", 0, 0]
				},
				"hair_tuft_left": {
					"rotation": [0, "-17.5-math.sin(q.anim_time*90*1+220)*2.5", 20]
				},
				"hair_tuft_right": {
					"rotation": [0, "17.5+math.sin(q.anim_time*90*1+220)*2.5", -20]
				},
				"hair3": {
					"rotation": ["-10+2*math.sin(q.anim_time*90*1+320)*4.5", 0, 0]
				},
				"hair4": {
					"rotation": ["-10+2*math.sin(q.anim_time*90*1+420)*5.5", 0, 0]
				},
				"hair6": {
					"rotation": [0, 0, "40-2*math.sin(q.anim_time*90*1+520)*5.5"]
				},
				"hair5": {
					"rotation": [0, 0, "-40+2*math.sin(q.anim_time*90*1+520)*5.5"]
				},
				"tail_segment2": {
					"rotation": [0, "35-math.sin(q.anim_time*90*1-90)*2.5", 0]
				},
				"tail_segment3": {
					"rotation": [0, "35-math.sin(q.anim_time*90*1-190)*3.5", 0]
				},
				"tail_segment4": {
					"rotation": [0, "42.5-math.sin(q.anim_time*90*1-290)*5.5", 0]
				},
				"tail_segment5": {
					"rotation": [0, "40-math.sin(q.anim_time*90*1-390)*6.5", 0]
				},
				"tail_segment6": {
					"rotation": [0, "32.5-math.sin(q.anim_time*90*1-490)*7.5", 0]
				},
				"tail_segment7": {
					"rotation": [5, "39.9-math.sin(q.anim_time*90*1-590)*8", 0]
				},
				"tail_segment8": {
					"rotation": ["18.3385-math.sin(q.anim_time*90*1-690)*9", "39.7389-math.sin(q.anim_time*90*1-690)*9", -2.3625]
				},
				"tail_segment9": {
					"rotation": ["55-math.sin(q.anim_time*90*1-790)*10", 9, 8]
				},
				"snake_jaw": {
					"rotation": [0, 0, 0]
				},
				"eyelid_left": {
					"position": [0, 0, -1]
				},
				"eye_lash_right2": {
					"position": [-1.5, 0, 0.05]
				},
				"eye_left_main": {
					"position": [0, 0, 0.05]
				},
				"eye_right_main": {
					"position": [0, 0, 0.05]
				},
				"eye_lash_right": {
					"position": [1.5, 0, 0.05]
				},
				"eyelid_right": {
					"position": [0, 0, -1]
				}
			}
		},
		"animation.toxicmelody.cry": {
			"animation_length": 1.4167,
			"bones": {
				"head": {
					"rotation": {
						"0.0": [0, 0, 0],
						"0.0417": [-2.5, 0, 0],
						"0.0833": [-7.5, 0, 0],
						"0.2083": [-2.5, 0, 0],
						"0.2917": [0, 0, 0],
						"0.4583": [-5, 0, 0],
						"0.625": [-5, 0, 0],
						"0.7917": [-2.5, 0, 0],
						"0.9583": [0, 0, 0]
					}
				},
				"open_mouth": {
					"position": {
						"0.0": [0, 0, 0],
						"0.0417": [0, 0, -1]
					}
				},
				"mouth": {
					"position": {
						"0.0": [0, 0, 0],
						"0.0417": [0, 0, 1]
					}
				},
				"snake_head": {
					"rotation": {
						"0.0": [0, 0, 0],
						"0.0833": [0, 0, -10],
						"0.1667": [0, 0, -15],
						"0.2917": [0, 0, -10],
						"0.4167": [0, 0, 0]
					}
				},
				"snake_jaw": {
					"rotation": {
						"0.0": [0, 0, 0],
						"0.0417": [0, 0, -12.5],
						"0.0833": [0, 0, -37.5],
						"0.25": [0, 0, -12.5],
						"0.3333": [0, 0, 0]
					}
				}
			},
			"sound_effects": {
				"0.0417": {
					"effect": "pokemon.toxicmelody.cry"
				}
			}
		},
		"animation.toxicmelody.blink": {
			"animation_length": 0.1667,
			"bones": {
				"eye_left": {
					"position": {
						"0.0": [0, 0, 0.01],
						"0.125": [0, 0, 0.01],
						"0.1667": [0, 0, 0.01]
					}
				},
				"eyelid_left": {
					"position": {
						"0.0": [0, 0, -1],
						"0.125": [0, 0, -1],
						"0.1667": [-2, 0, 0]
					}
				},
				"eye_lash_right2": {
					"position": {
						"0.0": [-2, 0, 0],
						"0.125": [-2, 0, 0],
						"0.1667": [0, 0, -0.01]
					}
				},
				"eye_left_main": {
					"position": {
						"0.0": [0, 0, 0],
						"0.1667": [0, 0, -0.01]
					}
				},
				"pupil_left": {
					"position": {
						"0.0": [0, 0, 0],
						"0.1667": [0, 0, -0.01]
					}
				},
				"eye_right": {
					"position": {
						"0.0": [0, 0, 0.01],
						"0.125": [0, 0, 0.01]
					}
				},
				"eye_right_main": {
					"position": {
						"0.0": [0, 0, 0],
						"0.1667": [0, 0, -0.01]
					}
				},
				"pupil_right": {
					"position": {
						"0.0": [0, 0, 0],
						"0.1667": [0, 0, -0.01]
					}
				},
				"eye_lash_right": {
					"position": {
						"0.0": [2, 0, 0],
						"0.125": [2, 0, 0],
						"0.1667": [0, 0, -0.01]
					}
				},
				"eyelid_right": {
					"position": {
						"0.0": [0, 0, -1],
						"0.125": [0, 0, -1],
						"0.1667": [2, 0, 0]
					}
				}
			}
		},
		"animation.toxicmelody.shock": {
			"loop": true,
			"bones": {
				"pupil_left": {
					"scale": [0.7, 0.7, 1]
				},
				"pupil_right": {
					"scale": [0.7, 0.7, 1]
				},
				"snake_jaw": {
					"rotation": [0, 0, 0]
				},
				"mouth": {
					"position": [0, 0, 1]
				},
				"shocked_mouth": {
					"position": [0, 0, -1]
				}
			}
		},
		"animation.toxicmelody.unamused": {
			"loop": true,
			"bones": {
				"pupil_left": {
					"position": [0, 0.1, 0],
					"scale": 1
				},
				"pupil_right": {
					"position": [0, 0.1, 0],
					"scale": 1
				},
				"eye_left": {
					"rotation": [0, 0, 5]
				},
				"eye_lash_right2": {
					"rotation": [0, 0, -1]
				},
				"eye_left_main": {
					"rotation": [0, 0, -1],
					"scale": [1, 0.9, 1]
				},
				"eye_right": {
					"rotation": [0, 0, -5]
				},
				"eye_right_main": {
					"rotation": [0, 0, 1],
					"scale": [1, 0.9, 1]
				},
				"eye_lash_right": {
					"rotation": [0, 0, 1]
				}
			}
		},
		"animation.toxicmelody.sad": {
			"loop": true,
			"bones": {
				"eye_lash_right2": {
					"rotation": [0, 0, 10]
				},
				"eye_lash_right": {
					"rotation": [0, 0, -10]
				},
				"pupil_left": {
					"scale": [1.2, 1.2, 1]
				},
				"pupil_right": {
					"scale": [1.2, 1.2, 1]
				},
				"eye_right_main": {
					"rotation": [0, 0, -10]
				},
				"eye_left_main": {
					"rotation": [0, 0, 10]
				}
			}
		},
		"animation.toxicmelody.angry": {
			"loop": true,
			"bones": {
				"eye_left": {
					"rotation": [0, 0, -10]
				},
				"eye_right": {
					"rotation": [0, 0, 10]
				},
				"pupil_left": {
					"position": [0, -0.15, 0],
					"scale": [0.6, 1.3, 1]
				},
				"pupil_right": {
					"position": [0, -0.15, 0],
					"scale": [0.6, 1.3, 1]
				},
				"eye_right_main": {
					"scale": [1, 0.9, 1]
				},
				"eye_left_main": {
					"scale": [1, 0.9, 1]
				},
				"snake_jaw": {
					"rotation": [0, 0, 0]
				}
			}
		},
		"animation.toxicmelody.happy": {
			"loop": true,
			"bones": {
				"open_mouth": {
					"position": [0, 0, -1]
				},
				"mouth": {
					"position": [0, 0, 1]
				},
				"eye_lash_right2": {
					"position": [-2, 0, 1]
				},
				"eye_lash_right": {
					"position": [2, 0, 1]
				},
				"eyelid_right": {
					"rotation": [0, 0, 5],
					"position": [0, 0, -1]
				},
				"pupil_left": {
					"position": [0, 0, 1]
				},
				"pupil_right": {
					"position": [0, 0, 1]
				},
				"eye_right_main": {
					"position": [0, 0, 1]
				},
				"eye_left_main": {
					"position": [0, 0, 1]
				},
				"eyelid_left": {
					"rotation": [0, 0, -5],
					"position": [0, 0, -1]
				},
				"shocked_mouth": {
					"position": [0, 0, 0]
				}
			}
		},
		"animation.toxicmelody.hurt": {
			"animation_length": 0.5833,
			"bones": {
				"open_mouth": {
					"position": [0, 0, 0]
				},
				"mouth": {
					"position": [0, 0, 1]
				},
				"eye_lash_right2": {
					"position": [-2, 0, 1]
				},
				"eye_right": {
					"rotation": [0, 0, 10],
					"position": [0, 0, -1]
				},
				"eye_lash_right": {
					"position": [0, 0, 1]
				},
				"eyelid_right": {
					"rotation": [0, 0, 5],
					"position": [1.99239, -0.17431, 1]
				},
				"pupil_left": {
					"position": [0, 0, 1]
				},
				"pupil_right": {
					"position": [0, -0.15, 0],
					"scale": [0.7, 1.4, 1]
				},
				"eye_right_main": {
					"position": [0, 0, 1],
					"scale": [1, 0.9, 1]
				},
				"eye_left_main": {
					"position": [0, 0, 1]
				},
				"eyelid_left": {
					"rotation": [0, 0, -10],
					"position": [0, 0, -1]
				},
				"shocked_mouth": {
					"position": [0, 0, -1]
				},
				"head": {
					"position": [0, 0, 0]
				}
			}
		}
	}
}