{
	"format_version": "1.8.0",
	"animations": {
		"animation.diglettlayoran.ground_idle": {
			"loop": true,
			"bones": {
				"rock": {
					"rotation": ["math.sin(q.anim_time*90*2)*0.5", "math.cos(q.anim_time*90*1)*1", "math.sin(q.anim_time*90*1)*1"],
					"position": ["0.1*math.sin(q.anim_time*90*1)", "0.2*math.sin(q.anim_time*90*3)", 0]
				},
				"body": {
					"rotation": ["math.sin(q.anim_time*90*2)*0.5", "math.cos(q.anim_time*90*1)*1", "math.sin(q.anim_time*90*1)*1"],
					"position": ["0.1*math.sin(q.anim_time*90*1)", "0.2*math.sin(q.anim_time*90*3)", 0]
				},
				"saw": {
					"scale": 0
				}
			}
		},
		"animation.diglettlayoran.ground_walk": {
			"loop": true,
			"bones": {
				"rock": {
					"rotation": ["math.sin(q.anim_time*90*2)*0.5", "math.cos(q.anim_time*90*1)*1", "math.sin(q.anim_time*90*1)*1"],
					"position": ["0.1*math.sin(q.anim_time*90*1)", "0.2*math.sin(q.anim_time*90*3)", 0]
				},
				"body": {
					"rotation": ["math.sin(q.anim_time*90*2)*0.5", "math.cos(q.anim_time*90*1)*1", "math.sin(q.anim_time*90*1)*1"],
					"position": ["0.1*math.sin(q.anim_time*90*1)", "0.2*math.sin(q.anim_time*90*3)", 0]
				},
				"saw": {
					"scale": 0
				}
			}
		},
		"animation.diglettlayoran.faint": {
			"loop": true,
			"bones": {
				"rock": {
					"rotation": ["math.sin(q.anim_time*90*2)*0.5", "math.cos(q.anim_time*90*1)*1", "math.sin(q.anim_time*90*1)*1"],
					"position": ["0.1*math.sin(q.anim_time*90*1)", "0.2*math.sin(q.anim_time*90*3)", 0]
				},
				"body": {
					"rotation": ["math.sin(q.anim_time*90*2)*0.5", "math.cos(q.anim_time*90*1)*1", "math.sin(q.anim_time*90*1)*1"],
					"position": ["0.1*math.sin(q.anim_time*90*1)", "0.2*math.sin(q.anim_time*90*3)", 0]
				},
				"saw": {
					"scale": 0
				}
			}
		}
	}
}