{
	"format_version": "1.8.0",
	"animations": {
		"animation.roughbyte.ground_idle": {
			"loop": true,
			"bones": {
				"neck": {
					"rotation": [
						"10-(math.sin((query.anim_time -0.1) * 180) * 8 - math.abs(math.sin((query.anim_time -0.1) * 180) * 2))",
						"math.sin((query.anim_time -0.25) * 90) * 6",
						0
					]
				},
				"head": {
					"rotation": ["-10-(math.sin((query.anim_time -0.3) * 180) * 4 + math.abs(math.sin((query.anim_time -0.2) * 180) * 1))", 0, 0]
				},
				"leg_left": {
					"rotation": [
						14.13272,
						"-5.0785+math.cos((query.anim_time -0.25) * 180) * 3",
						"19.3701-(math.sin((query.anim_time -0.1) * 180) * 10 - math.abs(math.sin((query.anim_time -0.1) * 180) * 3))"
					]
				},
				"hand_left": {
					"rotation": [0, 12.5, 0]
				},
				"tail2": {
					"rotation": ["-60+math.sin((query.anim_time -0.05) * 180) * 4", 0, 0]
				},
				"body": {
					"rotation": [
						"-(math.sin(query.anim_time * 180) * 5 + math.abs(math.sin(query.anim_time * 180) * 1.5))",
						"math.sin((query.anim_time +0.25) * 90) * 6",
						0
					],
					"position": [0, "9.2+math.sin((query.anim_time -0.1) * 180) * 1.5", 0]
				},
				"tail3": {
					"rotation": ["-55+math.sin((query.anim_time -0.05) * 180) * 2", 0, 0]
				},
				"claw1": {
					"rotation": [-10, 0, 0]
				},
				"claw_end1": {
					"rotation": [12.5, 0, 0]
				},
				"claw2": {
					"rotation": [2.15473, 14.76689, -2.66399]
				},
				"claw_end2": {
					"rotation": [-2.5, 0, 0]
				},
				"claw3": {
					"rotation": [2.15473, -14.76689, 2.66399]
				},
				"claw_end3": {
					"rotation": [-2.5, 0, 0]
				},
				"leg_right": {
					"rotation": [
						14.13272,
						"5.0785-math.cos((query.anim_time -0.25) * 180) * 3",
						"-19.3701+(math.sin((query.anim_time -0.1) * 180) * 10 - math.abs(math.sin((query.anim_time -0.1) * 180) * 3))"
					]
				},
				"hand_right": {
					"rotation": [0, -12.5, 0]
				},
				"tail": {
					"rotation": [
						"(math.sin(query.anim_time * 180) * 3 + math.abs(math.sin(query.anim_time * 180) * 1.5))",
						"-math.sin((query.anim_time +0.25) * 90) * 7",
						"math.sin((query.anim_time +0.25) * 90) * 2"
					],
					"position": ["-math.sin((query.anim_time +0.25) * 90) * 0.15", "-math.sin((query.anim_time -0.1) * 180) * 0.5", 0]
				}
			}
		},
		"animation.roughbyte.blink": {
			"animation_length": 0.1667,
			"bones": {
				"pupil_left": {
					"rotation": {
						"0.0": [90, 0, 0],
						"0.0417": [90, 0, 0],
						"0.0833": {"pre": [90, 0, 0], "post": [0, 0, 0]}
					},
					"position": {
						"0.0": [0, 0, 0.5],
						"0.0417": [0, 0, 0.5],
						"0.0833": {"pre": [0, 0, 0.5], "post": [0, 0, 0]}
					}
				},
				"pupil_right": {
					"rotation": {
						"0.0": [90, 0, 0],
						"0.0417": [90, 0, 0],
						"0.0833": {"pre": [90, 0, 0], "post": [0, 0, 0]}
					},
					"position": {
						"0.0": [0, 0, 0.5],
						"0.0417": [0, 0, 0.5],
						"0.0833": {"pre": [0, 0, 0.5], "post": [0, 0, 0]}
					}
				}
			}
		},
		"animation.roughbyte.ground_walk": {
			"loop": true,
			"animation_length": 1,
			"bones": {
				"porygon2": {
					"position": [0, 0, 0]
				},
				"body": {
					"rotation": {
						"0.0": {
							"post": [5, 0, 0],
							"lerp_mode": "catmullrom"
						},
						"0.2917": {
							"post": [22.5, 0, 0],
							"lerp_mode": "catmullrom"
						},
						"0.5417": {
							"post": [-15, 0, 0],
							"lerp_mode": "catmullrom"
						},
						"0.75": {
							"post": [15, 0, 0],
							"lerp_mode": "catmullrom"
						},
						"1.0": {
							"post": [5, 0, 0],
							"lerp_mode": "catmullrom"
						}
					},
					"position": {
						"0.0": {
							"post": [0, 9.2, 0],
							"lerp_mode": "catmullrom"
						},
						"0.3333": {
							"post": [0, 6.70048, 0.77181],
							"lerp_mode": "catmullrom"
						},
						"0.5417": {
							"post": [0, 13.87, -0.78],
							"lerp_mode": "catmullrom"
						},
						"0.6667": {
							"post": [0, 15.39, -1.55],
							"lerp_mode": "catmullrom"
						},
						"0.7917": {
							"post": [0, 9.52292, -1.09503],
							"lerp_mode": "catmullrom"
						},
						"1.0": {
							"post": [0, 9.2, 0],
							"lerp_mode": "catmullrom"
						}
					}
				},
				"neck": {
					"rotation": {
						"0.0": {
							"post": [10, 0, 0],
							"lerp_mode": "catmullrom"
						},
						"0.25": {
							"post": [30, 0, 0],
							"lerp_mode": "catmullrom"
						},
						"0.5833": {
							"post": [12.5, 0, 0],
							"lerp_mode": "catmullrom"
						},
						"0.7917": {
							"post": [22.5, 0, 0],
							"lerp_mode": "catmullrom"
						},
						"1.0": {
							"post": [10, 0, 0],
							"lerp_mode": "catmullrom"
						}
					}
				},
				"head": {
					"rotation": {
						"0.0": {
							"post": [-10, 0, 0],
							"lerp_mode": "catmullrom"
						},
						"0.3333": {
							"post": [-35, 0, 0],
							"lerp_mode": "catmullrom"
						},
						"0.625": {
							"post": [-2.5, 0, 0],
							"lerp_mode": "catmullrom"
						},
						"1.0": {
							"post": [-10, 0, 0],
							"lerp_mode": "catmullrom"
						}
					}
				},
				"tail": {
					"rotation": {
						"0.0": {
							"post": [0, 0, 0],
							"lerp_mode": "catmullrom"
						},
						"0.3333": {
							"post": [25, 0, 0],
							"lerp_mode": "catmullrom"
						},
						"0.5417": {
							"post": [70, 0, 0],
							"lerp_mode": "catmullrom"
						},
						"0.6667": {
							"post": [45.47, 0, 0],
							"lerp_mode": "catmullrom"
						},
						"0.7917": {
							"post": [-42.5, 0, 0],
							"lerp_mode": "catmullrom"
						},
						"1.0": {
							"post": [0, 0, 0],
							"lerp_mode": "catmullrom"
						}
					},
					"position": {
						"0.4583": {
							"pre": [0, 0, 0],
							"post": [0, 0, 0],
							"lerp_mode": "catmullrom"
						},
						"0.875": {
							"post": [0, -0.96015, -1.20788],
							"lerp_mode": "catmullrom"
						},
						"1.0": {
							"post": [0, 0, 0],
							"lerp_mode": "catmullrom"
						}
					}
				},
				"tail2": {
					"rotation": {
						"0.0": {
							"post": [-60, 0, 0],
							"lerp_mode": "catmullrom"
						},
						"0.3333": {
							"post": [-55, 0, 0],
							"lerp_mode": "catmullrom"
						},
						"0.5417": {
							"post": [-25, 0, 0],
							"lerp_mode": "catmullrom"
						},
						"0.6667": {
							"post": [-86.72, 0, 0],
							"lerp_mode": "catmullrom"
						},
						"0.7917": {
							"post": [-57.5, 0, 0],
							"lerp_mode": "catmullrom"
						},
						"1.0": {
							"post": [-60, 0, 0],
							"lerp_mode": "catmullrom"
						}
					}
				},
				"tail3": {
					"rotation": {
						"0.0": {
							"post": [-59.94858, 0.58545, 0.38677],
							"lerp_mode": "catmullrom"
						},
						"0.3333": {
							"post": [-102.5, 0, 0],
							"lerp_mode": "catmullrom"
						},
						"0.5417": {
							"post": [-17.85, 0, 0],
							"lerp_mode": "catmullrom"
						},
						"0.6667": {
							"post": [-55.40095, -0.03072, -0.0203],
							"lerp_mode": "catmullrom"
						},
						"0.8333": {
							"post": [-72.5, 0, 0],
							"lerp_mode": "catmullrom"
						},
						"1.0": {
							"post": [-59.94858, 0.58545, 0.38677],
							"lerp_mode": "catmullrom"
						}
					}
				},
				"claw1": {
					"rotation": {
						"0.0": {
							"post": [-10, 0, 0],
							"lerp_mode": "catmullrom"
						},
						"0.3333": {
							"post": [-15, 0, 0],
							"lerp_mode": "catmullrom"
						},
						"0.5417": {
							"post": [12.5, 0, 0],
							"lerp_mode": "catmullrom"
						},
						"0.7083": {
							"post": [-5, 0, 0],
							"lerp_mode": "catmullrom"
						},
						"0.875": {
							"post": [-22.5, 0, 0],
							"lerp_mode": "catmullrom"
						},
						"1.0": {
							"post": [-10, 0, 0],
							"lerp_mode": "catmullrom"
						}
					}
				},
				"claw_end1": {
					"rotation": [12.5, 0, 0]
				},
				"claw2": {
					"rotation": {
						"0.0": {
							"post": [2.15473, 14.76689, -2.66399],
							"lerp_mode": "catmullrom"
						},
						"0.3333": {
							"post": [-2.84527, 14.76689, -2.66399],
							"lerp_mode": "catmullrom"
						},
						"0.5417": {
							"post": [24.65473, 14.76689, -2.66399],
							"lerp_mode": "catmullrom"
						},
						"0.6667": {
							"post": [12.15473, 14.76689, -2.66399],
							"lerp_mode": "catmullrom"
						},
						"0.8333": {
							"post": [-7.84527, 14.76689, -2.66399],
							"lerp_mode": "catmullrom"
						},
						"1.0": {
							"post": [2.15473, 14.76689, -2.66399],
							"lerp_mode": "catmullrom"
						}
					}
				},
				"claw_end2": {
					"rotation": [-2.5, 0, 0]
				},
				"claw3": {
					"rotation": {
						"0.0": {
							"post": [2.15473, -14.76689, 2.66399],
							"lerp_mode": "catmullrom"
						},
						"0.3333": {
							"post": [-2.84527, -14.76689, 2.66399],
							"lerp_mode": "catmullrom"
						},
						"0.5417": {
							"post": [24.65473, -14.76689, 2.66399],
							"lerp_mode": "catmullrom"
						},
						"0.6667": {
							"post": [12.15473, -14.76689, 2.66399],
							"lerp_mode": "catmullrom"
						},
						"0.8333": {
							"post": [-7.84527, -14.76689, 2.66399],
							"lerp_mode": "catmullrom"
						},
						"1.0": {
							"post": [2.15473, -14.76689, 2.66399],
							"lerp_mode": "catmullrom"
						}
					}
				},
				"claw_end3": {
					"rotation": [-2.5, 0, 0]
				},
				"leg_left": {
					"rotation": {
						"0.0": {
							"post": [14.13272, -5.07855, 19.37006],
							"lerp_mode": "catmullrom"
						},
						"0.3333": {
							"post": [15.54271, -2.90952, 58.6477],
							"lerp_mode": "catmullrom"
						},
						"0.625": {
							"post": [-12.19312, -8.68544, -28.83274],
							"lerp_mode": "catmullrom"
						},
						"0.7917": {
							"post": [-14.68106, 6.38846, 14.78225],
							"lerp_mode": "catmullrom"
						},
						"1.0": {
							"post": [14.13272, -5.07855, 19.37006],
							"lerp_mode": "catmullrom"
						}
					}
				},
				"hand_left": {
					"rotation": [0, 12.5, 0]
				},
				"leg_right": {
					"rotation": {
						"0.0": {
							"post": [14.13272, 5.07855, -19.37006],
							"lerp_mode": "catmullrom"
						},
						"0.3333": {
							"post": [15.54271, 2.90952, -58.6477],
							"lerp_mode": "catmullrom"
						},
						"0.625": {
							"post": [-12.19312, 8.68544, 28.83274],
							"lerp_mode": "catmullrom"
						},
						"0.7917": {
							"post": [-14.68106, -6.38846, -14.78225],
							"lerp_mode": "catmullrom"
						},
						"1.0": {
							"post": [14.13272, 5.07855, -19.37006],
							"lerp_mode": "catmullrom"
						}
					}
				},
				"hand_right": {
					"rotation": [0, -12.5, 0]
				}
			}
		},
		"animation.roughbyte.walkspeed": {
			"loop": true,
			"bones": {
				"porygon2": {
					"position": [0, 0, "-query.anim_time *90 *0.3"]
				}
			}
		}
	}
}