{
	"format_version": "1.10.0",
	"particle_effect": {
		"description": {
			"identifier": "cobblemon:dust",
			"basic_render_parameters": {
				"material": "particles_alpha",
				"texture": "textures/particles/dust"
			}
		},
		"components": {
			"minecraft:emitter_rate_steady": {
				"spawn_rate": 16,
				"max_particles": 10000
			},
			"minecraft:emitter_lifetime_looping": {
				"active_time": 99999
			},
			"minecraft:emitter_shape_point": {
				"offset": [0, 0.15, 0],
				"direction": [0, 0, 0]
			},
			"minecraft:particle_lifetime_expression": {
				"max_lifetime": 4
			},
			"minecraft:particle_initial_speed": 2,
			"minecraft:particle_motion_dynamic": {},
			"minecraft:particle_appearance_billboard": {
				"size": [0.3, 0.3],
				"facing_camera_mode": "rotate_xyz",
				"uv": {
					"texture_width": 16,
					"texture_height": 128,
					"flipbook": {
						"base_UV": [0, 0],
						"size_UV": [16, 16],
						"step_UV": [0, 16],
						"frames_per_second": 2,
						"max_frame": 8
					}
				}
			}
		}
	}
}