{
  "implemented": true,
  "name": "Golisopod",
  "nationalPokedexNumber": 768,
  "primaryType": "bug",
  "secondaryType": "water",
  "abilities": [
    "emergencyexit"
  ],
  "drops": {
    "amount": 1,
    "entries": [
      {
        "item": "cobblemon:bluk_berry",
        "percentage": 5.0
      }
    ]
  },
  "baseStats": {
    "hp": 75,
    "attack": 125,
    "defence": 140,
    "special_attack": 60,
    "special_defence": 90,
    "speed": 40
  },
  "features": [
    "ultravariant",
    "shining"
  ],
  "catchRate": 45,
  "maleRatio": 0.5,
  "shoulderMountable": false,
  "forms": [
    {
      "name": "ultravariant",
      "primaryType": "ground",
      "secondaryType": "bug",
      "abilities": [
        "stormdrain"
      ],
      "drops": {
        "amount": 1,
        "entries": [
          {
            "item": "minecraft:mud",
            "percentage": 50.0
          },
          {
            "item": "cobblemon:peat_block",
            "percentage": 25.0
          }
        ]
      },
      "baseStats": {
        "hp": 65,
        "attack": 125,
        "defence": 130,
        "special_attack": 50,
        "special_defence": 120,
        "speed": 40
      },
      "catchRate": 45,
      "maleRatio": 0.5,
      "shoulderMountable": true,
      "baseExperienceYield": 186,
      "baseFriendship": 50,
      "evYield": {
        "hp": 0,
        "attack": 1,
        "defence": 1,
        "special_attack": 0,
        "special_defence": 0,
        "speed": 0
      },
      "experienceGroup": "medium_fast",
      "eggCycles": 20,
      "eggGroups": [
        "bug"
      ],
      "behaviour": {
        "resting": {
          "canSleep": true,
          "willSleepOnBed": false,
          "depth": "normal",
          "light": "0-4"
        },
        "moving": {
          "swim": {
            "canSwimInWater": true,
            "canBreatheUnderwater": true
          }
        }
      },
      "moves": [
        "1:defensecurl",
        "1:firstimpression",
        "1:sandattack",
        "1:spite",
        "1:strugglebug",
        "4:rocksmash",
        "8:furycutter",
        "12:mudshot",
        "16:bugbite",
        "20:irondefense",
        "24:suckerpunch",
        "28:slash",
        "32:earthquake",
        "36:pinmissile",
        "40:swordsdance",
        "42:hornleech",
        "44:liquidation",
        "50:headsmash",
        "tm:aerialace",
        "tm:assurance",
        "tm:attract",
        "tm:blizzard",
        "tm:brickbreak",
        "tm:bugbuzz",
        "tm:bulkup",
        "tm:closecombat",
        "tm:confide",
        "tm:darkpulse",
        "tm:dive",
        "tm:doubleteam",
        "tm:drillrun",
        "tm:endure",
        "tm:facade",
        "tm:falseswipe",
        "tm:fling",
        "tm:focusblast",
        "tm:frostbreath",
        "tm:frustration",
        "tm:gigaimpact",
        "tm:hail",
        "tm:hiddenpower",
        "tm:hyperbeam",
        "tm:icebeam",
        "tm:icywind",
        "tm:irondefense",
        "tm:ironhead",
        "tm:leechlife",
        "tm:liquidation",
        "tm:muddywater",
        "tm:mudshot",
        "tm:payback",
        "tm:pinmissile",
        "tm:poisonjab",
        "tm:protect",
        "tm:psychup",
        "tm:raindance",
        "tm:razorshell",
        "tm:rest",
        "tm:return",
        "tm:rockslide",
        "tm:rocktomb",
        "tm:round",
        "tm:scald",
        "tm:screech",
        "tm:shadowclaw",
        "tm:sleeptalk",
        "tm:sludgebomb",
        "tm:sludgewave",
        "tm:snarl",
        "tm:snore",
        "tm:spikes",
        "tm:substitute",
        "tm:surf",
        "tm:swagger",
        "tm:swift",
        "tm:swordsdance",
        "tm:taunt",
        "tm:throatchop",
        "tm:toxic",
        "tm:venoshock",
        "tm:waterfall",
        "tm:xscissor",
        "tutor:bugbite",
        "tutor:drillrun",
        "tutor:dualchop",
        "tutor:endeavor",
        "tutor:icywind",
        "tutor:irondefense",
        "tutor:ironhead",
        "tutor:knockoff",
        "tutor:laserfocus",
        "tutor:liquidation",
        "tutor:painsplit",
        "tutor:skittersmack",
        "tutor:snore",
        "tutor:spite",
        "tutor:throatchop",
        "tutor:waterpulse"],
      "labels": [
        "gen7",
        "ultravariant_regional"
      ],
      "pokedex": [
        
      ],
      "preEvolution": "wimpod",
      "evolutions": [],
      "baseScale": 1.5,
      "hitbox": {
        "width": 1.5,
        "height": 2.9,
        "fixed": false},
      "aspects": [
        "ultravariant"
      ],
      "height": 20,
      "weight": 1080,
      "cannotDynamax": false,
      "battleOnly": false
    },
    {
      "name": "ultravariant shiny",
      "primaryType": "ground",
      "secondaryType": "bug",
      "abilities": [
        "stormdrain"
      ],
      "drops": {
        "amount": 1,
        "entries": [
          {
            "item": "minecraft:mud",
            "percentage": 50.0
          },
          {
            "item": "cobblemon:peat_block",
            "percentage": 25.0
          }
        ]
      },
      "baseStats": {
        "hp": 65,
        "attack": 125,
        "defence": 130,
        "special_attack": 50,
        "special_defence": 120,
        "speed": 40
      },
      "catchRate": 45,
      "maleRatio": 0.5,
      "shoulderMountable": true,
      "baseExperienceYield": 186,
      "baseFriendship": 50,
      "evYield": {
        "hp": 0,
        "attack": 1,
        "defence": 1,
        "special_attack": 0,
        "special_defence": 0,
        "speed": 0
      },
      "experienceGroup": "medium_fast",
      "eggCycles": 20,
      "eggGroups": [
        "bug"
      ],
      "behaviour": {
        "resting": {
          "canSleep": true,
          "willSleepOnBed": false,
          "depth": "normal",
          "light": "0-4"
        },
        "moving": {
          "swim": {
            "canSwimInWater": true,
            "canBreatheUnderwater": true
          }
        }
      },
      "moves": [
        "1:defensecurl",
        "1:firstimpression",
        "1:sandattack",
        "1:spite",
        "1:strugglebug",
        "4:rocksmash",
        "8:furycutter",
        "12:mudshot",
        "16:bugbite",
        "20:irondefense",
        "24:suckerpunch",
        "28:slash",
        "32:earthquake",
        "36:pinmissile",
        "40:swordsdance",
        "42:hornleech",
        "44:liquidation",
        "50:headsmash",
        "tm:aerialace",
        "tm:assurance",
        "tm:attract",
        "tm:blizzard",
        "tm:brickbreak",
        "tm:bugbuzz",
        "tm:bulkup",
        "tm:closecombat",
        "tm:confide",
        "tm:darkpulse",
        "tm:dive",
        "tm:doubleteam",
        "tm:drillrun",
        "tm:endure",
        "tm:facade",
        "tm:falseswipe",
        "tm:fling",
        "tm:focusblast",
        "tm:frostbreath",
        "tm:frustration",
        "tm:gigaimpact",
        "tm:hail",
        "tm:hiddenpower",
        "tm:hyperbeam",
        "tm:icebeam",
        "tm:icywind",
        "tm:irondefense",
        "tm:ironhead",
        "tm:leechlife",
        "tm:liquidation",
        "tm:muddywater",
        "tm:mudshot",
        "tm:payback",
        "tm:pinmissile",
        "tm:poisonjab",
        "tm:protect",
        "tm:psychup",
        "tm:raindance",
        "tm:razorshell",
        "tm:rest",
        "tm:return",
        "tm:rockslide",
        "tm:rocktomb",
        "tm:round",
        "tm:scald",
        "tm:screech",
        "tm:shadowclaw",
        "tm:sleeptalk",
        "tm:sludgebomb",
        "tm:sludgewave",
        "tm:snarl",
        "tm:snore",
        "tm:spikes",
        "tm:substitute",
        "tm:surf",
        "tm:swagger",
        "tm:swift",
        "tm:swordsdance",
        "tm:taunt",
        "tm:throatchop",
        "tm:toxic",
        "tm:venoshock",
        "tm:waterfall",
        "tm:xscissor",
        "tutor:bugbite",
        "tutor:drillrun",
        "tutor:dualchop",
        "tutor:endeavor",
        "tutor:icywind",
        "tutor:irondefense",
        "tutor:ironhead",
        "tutor:knockoff",
        "tutor:laserfocus",
        "tutor:liquidation",
        "tutor:painsplit",
        "tutor:skittersmack",
        "tutor:snore",
        "tutor:spite",
        "tutor:throatchop",
        "tutor:waterpulse"],
      "labels": [
        "gen7",
        "ultravariant_regional"
      ],
      "pokedex": [
        
      ],
      "preEvolution": "wimpod",
      "evolutions": [
        {
        "id": "golisopod_golisopod_ultravariant-shining",
        "variant": "level_up",
        "result": "golisopod ultravariant shining",
        "consumeHeldItem": true,
        "learnableMoves": [],
        "requirements": [
          {
          "variant": "held_item",
          "itemCondition": "cobblemon:shiny_stone_block"
          }
        ]
        }],
      "baseScale": 1.5,
      "hitbox": {
        "width": 1.5,
        "height": 2.9,
        "fixed": false},
      "aspects": [
        "ultravariant",
        "shiny"
      ],
      "height": 20,
      "weight": 1080,
      "cannotDynamax": false,
      "battleOnly": false
    }
  ],
  "baseExperienceYield": 186,
  "experienceGroup": "medium_fast",
  "eggCycles": 20,
  "eggGroups": [
    "bug",
    "water_3"
  ],
  "behaviour": {
    "resting": {
      "canSleep": true,
      "willSleepOnBed": false,
      "depth": "normal",
      "light": "0-4"
    },
    "moving": {
      "swim": {
        "canSwimInWater": true,
        "canBreatheUnderwater": true
      }
    }
  },
  "moves": [
    "1:defensecurl",
    "1:firstimpression",
    "1:sandattack",
    "1:spite",
    "1:strugglebug",
    "4:rocksmash",
    "8:furycutter",
    "12:mudshot",
    "16:bugbite",
    "20:irondefense",
    "24:suckerpunch",
    "28:slash",
    "32:razorshell",
    "36:pinmissile",
    "40:swordsdance",
    "44:liquidation",
    "tm:aerialace",
    "tm:assurance",
    "tm:attract",
    "tm:blizzard",
    "tm:brickbreak",
    "tm:bugbuzz",
    "tm:bulkup",
    "tm:closecombat",
    "tm:confide",
    "tm:darkpulse",
    "tm:dive",
    "tm:doubleteam",
    "tm:drillrun",
    "tm:endure",
    "tm:facade",
    "tm:falseswipe",
    "tm:fling",
    "tm:focusblast",
    "tm:frostbreath",
    "tm:frustration",
    "tm:gigaimpact",
    "tm:hail",
    "tm:hiddenpower",
    "tm:hyperbeam",
    "tm:icebeam",
    "tm:icywind",
    "tm:irondefense",
    "tm:ironhead",
    "tm:leechlife",
    "tm:liquidation",
    "tm:muddywater",
    "tm:mudshot",
    "tm:payback",
    "tm:pinmissile",
    "tm:poisonjab",
    "tm:protect",
    "tm:psychup",
    "tm:raindance",
    "tm:razorshell",
    "tm:rest",
    "tm:return",
    "tm:rockslide",
    "tm:rocktomb",
    "tm:round",
    "tm:scald",
    "tm:screech",
    "tm:shadowclaw",
    "tm:sleeptalk",
    "tm:sludgebomb",
    "tm:sludgewave",
    "tm:snarl",
    "tm:snore",
    "tm:spikes",
    "tm:substitute",
    "tm:surf",
    "tm:swagger",
    "tm:swift",
    "tm:swordsdance",
    "tm:taunt",
    "tm:throatchop",
    "tm:toxic",
    "tm:venoshock",
    "tm:waterfall",
    "tm:xscissor",
    "tutor:bugbite",
    "tutor:drillrun",
    "tutor:dualchop",
    "tutor:endeavor",
    "tutor:icywind",
    "tutor:irondefense",
    "tutor:ironhead",
    "tutor:knockoff",
    "tutor:laserfocus",
    "tutor:liquidation",
    "tutor:painsplit",
    "tutor:skittersmack",
    "tutor:snore",
    "tutor:spite",
    "tutor:throatchop",
    "tutor:waterpulse"
  ],
  "labels": [
    "gen7"
  ],
  "pokedex": [
    "cobblemon.species.golisopod.desc"
  ],
  "preEvolution": "wimpod",
  "evolutions": [],
  "baseScale": 0.9,
  "hitbox": {
    "width": 1.5,
    "height": 2.9,
    "fixed": false
  },
  "baseFriendship": 50,
  "evYield": {
    "hp": 0,
    "attack": 0,
    "defence": 2,
    "special_attack": 0,
    "special_defence": 0,
    "speed": 0
  },
  "height": 20,
  "weight": 1080,
  "aspects": [],
  "cannotDynamax": false
}
