{
  "implemented": true,
  "name": "Incineroar",
  "nationalPokedexNumber": 727,
  "primaryType": "fire",
  "secondaryType": "dark",
  "abilities": [
    "blaze",
    "h:intimidate"
  ],
  "baseStats": {
    "hp": 95,
    "attack": 115,
    "defence": 90,
    "special_attack": 80,
    "special_defence": 90,
    "speed": 60
  },
  "features": [
    "ultravariant",
    "shining"
  ],
  "catchRate": 45,
  "maleRatio": 0.875,
  "shoulderMountable": false,
  "forms": [
    {
      "name": "ultravariant",
      "primaryType": "fighting",
      "secondaryType": "bug",
      "abilities": [
        "moxie",
        "h:moldbreaker"
      ],
      "drops": {
        "amount": 1,
        "entries": [
          {
            "item": "minecraft:cobweb",
            "percentage": 50.0
          },
          {
            "item": "cobblemon:silver_powder",
            "percentage": 25.0
          }
        ]
      },
      "baseStats": {
        "hp": 105,
        "attack": 125,
        "defence": 60,
        "special_attack": 80,
        "special_defence": 70,
        "speed": 90
      },
      "catchRate": 45,
      "maleRatio": 0.875,
      "shoulderMountable": true,
      "baseExperienceYield": 265,
      "baseFriendship": 50,
      "evYield": {
        "hp": 0,
        "attack": 2,
        "defence": 0,
        "special_attack": 0,
        "special_defence": 0,
        "speed": 1
      },
      "experienceGroup": "medium_slow",
      "eggCycles": 20,
      "eggGroups": [
        "bug"
      ],
      "behaviour": {
        "resting": {
          "canSleep": true,
          "willSleepOnBed": true,
          "depth": "normal",
          "light": "0-4"
        },
        "moving": {
          "walk": {
            "walkSpeed": 0.55
          }
        }
      },
      "moves": [
        "1:bulkup",
        "1:crosschop",
        "1:furycutter",
        "1:lick",
        "9:roar",
        "11:leer",
        "12:furyswipes",
        "15:bite",
        "20:doublekick",
        "25:uturn",
        "30:scaryface",
        "32:swagger",
        "44:aurasphere",
        "51:thrash",
        "53:outrage",
        "58:closecombat",
        "egg:bodyslam",
        "egg:crunch",
        "egg:fakeout",
        "egg:heatwave",
        "egg:nastyplot",
        "egg:partingshot",
        "egg:powertrip",
        "egg:revenge",
        "tm:acrobatics",
        "tm:attract",
        "tm:bodyslam",
        "tm:bulkup",
        "tm:confide",
        "tm:crunch",
        "tm:doubleedge",
        "tm:doubleteam",
        "tm:endeavor",
        "tm:endure",
        "tm:facade",
        "tm:fireblast",
        "tm:firefang",
        "tm:firepledge",
        "tm:firespin",
        "tm:flamecharge",
        "tm:flamethrower",
        "tm:flareblitz",
        "tm:frustration",
        "tm:heatwave",
        "tm:helpinghand",
        "tm:hiddenpower",
        "tm:leechlife",
        "tm:nastyplot",
        "tm:outrage",
        "tm:overheat",
        "tm:payday",
        "tm:protect",
        "tm:rest",
        "tm:return",
        "tm:revenge",
        "tm:roar",
        "tm:round",
        "tm:scaryface",
        "tm:shadowclaw",
        "tm:sleeptalk",
        "tm:snore",
        "tm:substitute",
        "tm:sunnyday",
        "tm:swagger",
        "tm:swordsdance",
        "tm:takedown",
        "tm:taunt",
        "tm:temperflare",
        "tm:terablast",
        "tm:torment",
        "tm:toxic",
        "tm:trailblaze",
        "tm:uturn",
        "tm:willowisp",
        "tm:workup",
        "tutor:covet",
        "tutor:endeavor",
        "tutor:firepledge",
        "tutor:heatwave",
        "tutor:outrage",
        "tutor:snore"
      ],
      "labels": [
        "gen7",
        "ultravariant_regional"
      ],
      "pokedex": [
        
      ],
      "preEvolution": "torracat ultravariant",
       "evolutions": [],
      "baseScale": 1.2,
      "hitbox": {
        "width": 1,
        "height": 2.1,
        "fixed": false},
      "aspects": [
        "ultravariant"
      ],
      "height": 18,
      "weight": 830,
      "cannotDynamax": false,
      "battleOnly": false
    },
    {
      "name": "ultravariant",
      "primaryType": "fighting",
      "secondaryType": "bug",
      "abilities": [
        "moxie",
        "h:moldbreaker"
      ],
      "drops": {
        "amount": 1,
        "entries": [
          {
            "item": "minecraft:cobweb",
            "percentage": 50.0
          },
          {
            "item": "cobblemon:silver_powder",
            "percentage": 25.0
          }
        ]
      },
      "baseStats": {
        "hp": 105,
        "attack": 125,
        "defence": 60,
        "special_attack": 80,
        "special_defence": 70,
        "speed": 90
      },
      "catchRate": 45,
      "maleRatio": 0.875,
      "shoulderMountable": true,
      "baseExperienceYield": 265,
      "baseFriendship": 50,
      "evYield": {
        "hp": 0,
        "attack": 2,
        "defence": 0,
        "special_attack": 0,
        "special_defence": 0,
        "speed": 1
      },
      "experienceGroup": "medium_slow",
      "eggCycles": 20,
      "eggGroups": [
        "bug"
      ],
      "behaviour": {
        "resting": {
          "canSleep": true,
          "willSleepOnBed": true,
          "depth": "normal",
          "light": "0-4"
        },
        "moving": {
          "walk": {
            "walkSpeed": 0.55
          }
        }
      },
      "moves": [
        "1:bulkup",
        "1:crosschop",
        "1:furycutter",
        "1:lick",
        "9:roar",
        "11:leer",
        "12:furyswipes",
        "15:bite",
        "20:doublekick",
        "25:uturn",
        "30:scaryface",
        "32:swagger",
        "44:aurasphere",
        "51:thrash",
        "53:outrage",
        "58:closecombat",
        "egg:bodyslam",
        "egg:crunch",
        "egg:fakeout",
        "egg:heatwave",
        "egg:nastyplot",
        "egg:partingshot",
        "egg:powertrip",
        "egg:revenge",
        "tm:acrobatics",
        "tm:attract",
        "tm:bodyslam",
        "tm:bulkup",
        "tm:confide",
        "tm:crunch",
        "tm:doubleedge",
        "tm:doubleteam",
        "tm:endeavor",
        "tm:endure",
        "tm:facade",
        "tm:fireblast",
        "tm:firefang",
        "tm:firepledge",
        "tm:firespin",
        "tm:flamecharge",
        "tm:flamethrower",
        "tm:flareblitz",
        "tm:frustration",
        "tm:heatwave",
        "tm:helpinghand",
        "tm:hiddenpower",
        "tm:leechlife",
        "tm:nastyplot",
        "tm:outrage",
        "tm:overheat",
        "tm:payday",
        "tm:protect",
        "tm:rest",
        "tm:return",
        "tm:revenge",
        "tm:roar",
        "tm:round",
        "tm:scaryface",
        "tm:shadowclaw",
        "tm:sleeptalk",
        "tm:snore",
        "tm:substitute",
        "tm:sunnyday",
        "tm:swagger",
        "tm:swordsdance",
        "tm:takedown",
        "tm:taunt",
        "tm:temperflare",
        "tm:terablast",
        "tm:torment",
        "tm:toxic",
        "tm:trailblaze",
        "tm:uturn",
        "tm:willowisp",
        "tm:workup",
        "tutor:covet",
        "tutor:endeavor",
        "tutor:firepledge",
        "tutor:heatwave",
        "tutor:outrage",
        "tutor:snore"
      ],
      "labels": [
        "gen7",
        "ultravariant_regional"
      ],
      "pokedex": [
        
      ],
      "preEvolution": "torracat ultravariant",
       "evolutions": [
        {
        "id": "incineroar_incineroar_ultravariant-shining",
        "variant": "level_up",
        "result": "incineroar ultravariant shining",
        "consumeHeldItem": true,
        "learnableMoves": [],
        "requirements": [
          {
          "variant": "held_item",
          "itemCondition": "cobblemon:shiny_stone_block"
          }
        ]
        }
      ],
      "baseScale": 1.2,
      "hitbox": {
        "width": 1,
        "height": 2.1,
        "fixed": false},
      "aspects": [
        "ultravariant",
        "shiny"
      ],
      "height": 18,
      "weight": 830,
      "cannotDynamax": false,
      "battleOnly": false
    }
  ],
  "baseExperienceYield": 265,
  "experienceGroup": "medium_slow",
  "eggCycles": 15,
  "eggGroups": [
    "field"
  ],
  "drops": {
    "amount": 2,
    "entries": [
      {
        "item": "cobblemon:charcoal_stick",
        "percentage": 25.0
      },
      {
        "item": "cobblemon:expert_belt",
        "percentage": 25.0
      }
    ]
  },
  "moves": [
    "1:bulkup",
    "1:crosschop",
    "1:darkestlariat",
    "1:ember",
    "1:growl",
    "1:lick",
    "1:scratch",
    "1:throatchop",
    "1:darkestlariat",
    "9:roar",
    "11:leer",
    "12:furyswipes",
    "15:bite",
    "20:doublekick",
    "25:firefang",
    "30:scaryface",
    "32:swagger",
    "44:flamethrower",
    "51:thrash",
    "58:flareblitz",
    "60:outrage",
    "tm:acrobatics",
    "tm:aerialace",
    "tm:assurance",
    "tm:attract",
    "tm:batonpass",
    "tm:blastburn",
    "tm:blazekick",
    "tm:bodyslam",
    "tm:brickbreak",
    "tm:brutalswing",
    "tm:bulkup",
    "tm:bulldoze",
    "tm:burningjealousy",
    "tm:closecombat",
    "tm:confide",
    "tm:crunch",
    "tm:darkestlariat",
    "tm:darkpulse",
    "tm:doubleedge",
    "tm:doubleteam",
    "tm:drainpunch",
    "tm:earthquake",
    "tm:embargo",
    "tm:endeavor",
    "tm:endure",
    "tm:facade",
    "tm:fireblast",
    "tm:firefang",
    "tm:firepledge",
    "tm:firepunch",
    "tm:firespin",
    "tm:flamecharge",
    "tm:flamethrower",
    "tm:flareblitz",
    "tm:fling",
    "tm:focusblast",
    "tm:focuspunch",
    "tm:frustration",
    "tm:gigaimpact",
    "tm:heatcrash",
    "tm:heatwave",
    "tm:helpinghand",
    "tm:hiddenpower",
    "tm:hyperbeam",
    "tm:ironhead",
    "tm:knockoff",
    "tm:lashout",
    "tm:leechlife",
    "tm:lowkick",
    "tm:lowsweep",
    "tm:megakick",
    "tm:megapunch",
    "tm:nastyplot",
    "tm:outrage",
    "tm:overheat",
    "tm:payday",
    "tm:protect",
    "tm:quash",
    "tm:rest",
    "tm:return",
    "tm:revenge",
    "tm:reversal",
    "tm:roar",
    "tm:round",
    "tm:scaryface",
    "tm:scorchingsands",
    "tm:shadowclaw",
    "tm:sleeptalk",
    "tm:snarl",
    "tm:snore",
    "tm:stompingtantrum",
    "tm:substitute",
    "tm:sunnyday",
    "tm:superpower",
    "tm:swagger",
    "tm:swordsdance",
    "tm:takedown",
    "tm:taunt",
    "tm:temperflare",
    "tm:terablast",
    "tm:thief",
    "tm:throatchop",
    "tm:thunderpunch",
    "tm:torment",
    "tm:toxic",
    "tm:trailblaze",
    "tm:uturn",
    "tm:willowisp",
    "tm:workup",
    "tutor:bind",
    "tutor:blastburn",
    "tutor:burningjealousy",
    "tutor:covet",
    "tutor:darkestlariat",
    "tutor:drainpunch",
    "tutor:dualchop",
    "tutor:endeavor",
    "tutor:fakeout",
    "tutor:firepledge",
    "tutor:firepunch",
    "tutor:flareblitz",
    "tutor:focuspunch",
    "tutor:heatwave",
    "tutor:ironhead",
    "tutor:knockoff",
    "tutor:lashout",
    "tutor:lowkick",
    "tutor:outrage",
    "tutor:scorchingsands",
    "tutor:snatch",
    "tutor:snore",
    "tutor:stompingtantrum",
    "tutor:superpower",
    "tutor:throatchop",
    "tutor:thunderpunch",
    "tutor:uturn"
  ],
  "labels": [
    "gen7"
  ],
  "pokedex": [
    "cobblemon.species.incineroar.desc"
  ],
  "preEvolution": "torracat",
  "evolutions": [],
  "baseScale": 1.2,
  "hitbox": {
    "width": 1,
    "height": 2.1,
    "fixed": false
  },
  "baseFriendship": 50,
  "evYield": {
    "hp": 0,
    "attack": 3,
    "defence": 0,
    "special_attack": 0,
    "special_defence": 0,
    "speed": 0
  },
  "height": 18,
  "weight": 830,
  "aspects": [],
  "cannotDynamax": false
}
