{
  "implemented": true,
  "name": "Torracat",
  "nationalPokedexNumber": 726,
  "primaryType": "fire",
  "abilities": [
    "blaze",
    "h:intimidate"
  ],
  "baseStats": {
    "hp": 65,
    "attack": 85,
    "defence": 50,
    "special_attack": 80,
    "special_defence": 50,
    "speed": 90
  },
  "features": [
    "ultravariant",
    "shining"
  ],
  "catchRate": 45,
  "maleRatio": 0.875,
  "shoulderMountable": false,
  "forms": [
    {
      "name": "ultravariant",
      "primaryType": "fighting",
      "secondaryType": "bug",
      "abilities": [
        "innerfocus",
        "h:hypercutter"
      ],
      "drops": {
        "amount": 1,
        "entries": [
          {
            "item": "minecraft:cobweb",
            "percentage": 50.0
          },
          {
            "item": "cobblemon:silver_powder",
            "percentage": 25.0
          }
        ]
      },
      "baseStats": {
        "hp": 75,
        "attack": 105,
        "defence": 40,
        "special_attack": 70,
        "special_defence": 40,
        "speed": 90
      },
      "catchRate": 45,
      "maleRatio": 0.875,
      "shoulderMountable": true,
      "baseExperienceYield": 147,
      "baseFriendship": 50,
      "evYield": {
        "hp": 0,
        "attack": 1,
        "defence": 0,
        "special_attack": 0,
        "special_defence": 0,
        "speed": 1
      },
      "experienceGroup": "medium_slow",
      "eggCycles": 20,
      "eggGroups": [
        "bug"
      ],
      "behaviour": {
        "resting": {
          "canSleep": true,
          "willSleepOnBed": true,
          "depth": "normal",
          "light": "0-4"
        },
        "moving": {
          "walk": {
            "walkSpeed": 0.35
          }
        }
      },
      "moves": [
        "1:growl",
        "1:scratch",
        "1:furycutter",
        "6:lick",
        "9:roar",
        "11:leer",
        "12:furyswipes",
        "15:bite",
        "20:doublekick",
        "25:uturn",
        "30:scaryface",
        "35:swagger",
        "40:aurasphere",
        "45:thrash",
        "46:outrage",
        "50:closecombat",
        "egg:bodyslam",
        "egg:crunch",
        "egg:fakeout",
        "egg:heatwave",
        "egg:nastyplot",
        "egg:partingshot",
        "egg:powertrip",
        "egg:revenge",
        "tm:acrobatics",
        "tm:attract",
        "tm:bodyslam",
        "tm:bulkup",
        "tm:confide",
        "tm:crunch",
        "tm:doubleedge",
        "tm:doubleteam",
        "tm:endeavor",
        "tm:endure",
        "tm:facade",
        "tm:fireblast",
        "tm:firefang",
        "tm:firepledge",
        "tm:firespin",
        "tm:flamecharge",
        "tm:flamethrower",
        "tm:flareblitz",
        "tm:frustration",
        "tm:heatwave",
        "tm:helpinghand",
        "tm:hiddenpower",
        "tm:leechlife",
        "tm:nastyplot",
        "tm:outrage",
        "tm:overheat",
        "tm:payday",
        "tm:protect",
        "tm:rest",
        "tm:return",
        "tm:revenge",
        "tm:roar",
        "tm:round",
        "tm:scaryface",
        "tm:shadowclaw",
        "tm:sleeptalk",
        "tm:snore",
        "tm:substitute",
        "tm:sunnyday",
        "tm:swagger",
        "tm:swordsdance",
        "tm:takedown",
        "tm:taunt",
        "tm:temperflare",
        "tm:terablast",
        "tm:torment",
        "tm:toxic",
        "tm:trailblaze",
        "tm:uturn",
        "tm:willowisp",
        "tm:workup",
        "tutor:covet",
        "tutor:endeavor",
        "tutor:firepledge",
        "tutor:heatwave",
        "tutor:outrage",
        "tutor:snore"
      ],
      "labels": [
        "gen7",
        "ultravariant_regional"
      ],
      "pokedex": [
        
      ],
      "preEvolution": "litten ultravariant",
       "evolutions": [
        {
          "id": "torracat_incineroar_ultravariant",
          "variant": "level_up",
          "result": "incineroar ultravariant",
          "consumeHeldItem": false,
          "learnableMoves": [],
          "requirements": [
            {
              "variant": "level",
              "minLevel": 34
            }
          ]
        }
      ],
      "baseScale": 0.8,
      "hitbox": {
        "width": 1,
        "height": 1.1,
        "fixed": false},
      "aspects": [
        "ultravariant"
      ],
      "height": 7,
      "weight": 250,
      "cannotDynamax": false,
      "battleOnly": false
    },
    {
      "name": "ultravariant shiny",
      "primaryType": "fighting",
      "secondaryType": "bug",
      "abilities": [
        "innerfocus",
        "h:hypercutter"
      ],
      "drops": {
        "amount": 1,
        "entries": [
          {
            "item": "minecraft:cobweb",
            "percentage": 50.0
          },
          {
            "item": "cobblemon:silver_powder",
            "percentage": 25.0
          }
        ]
      },
      "baseStats": {
        "hp": 75,
        "attack": 105,
        "defence": 40,
        "special_attack": 70,
        "special_defence": 40,
        "speed": 90
      },
      "catchRate": 45,
      "maleRatio": 0.875,
      "shoulderMountable": true,
      "baseExperienceYield": 147,
      "baseFriendship": 50,
      "evYield": {
        "hp": 0,
        "attack": 1,
        "defence": 0,
        "special_attack": 0,
        "special_defence": 0,
        "speed": 1
      },
      "experienceGroup": "medium_slow",
      "eggCycles": 20,
      "eggGroups": [
        "bug"
      ],
      "behaviour": {
        "resting": {
          "canSleep": true,
          "willSleepOnBed": true,
          "depth": "normal",
          "light": "0-4"
        },
        "moving": {
          "walk": {
            "walkSpeed": 0.45
          }
        }
      },
      "moves": [
        "1:growl",
        "1:scratch",
        "1:furycutter",
        "6:lick",
        "9:roar",
        "11:leer",
        "12:furyswipes",
        "15:bite",
        "20:doublekick",
        "25:uturn",
        "30:scaryface",
        "35:swagger",
        "40:aurasphere",
        "45:thrash",
        "46:outrage",
        "50:closecombat",
        "egg:bodyslam",
        "egg:crunch",
        "egg:fakeout",
        "egg:heatwave",
        "egg:nastyplot",
        "egg:partingshot",
        "egg:powertrip",
        "egg:revenge",
        "tm:acrobatics",
        "tm:attract",
        "tm:bodyslam",
        "tm:bulkup",
        "tm:confide",
        "tm:crunch",
        "tm:doubleedge",
        "tm:doubleteam",
        "tm:endeavor",
        "tm:endure",
        "tm:facade",
        "tm:fireblast",
        "tm:firefang",
        "tm:firepledge",
        "tm:firespin",
        "tm:flamecharge",
        "tm:flamethrower",
        "tm:flareblitz",
        "tm:frustration",
        "tm:heatwave",
        "tm:helpinghand",
        "tm:hiddenpower",
        "tm:leechlife",
        "tm:nastyplot",
        "tm:outrage",
        "tm:overheat",
        "tm:payday",
        "tm:protect",
        "tm:rest",
        "tm:return",
        "tm:revenge",
        "tm:roar",
        "tm:round",
        "tm:scaryface",
        "tm:shadowclaw",
        "tm:sleeptalk",
        "tm:snore",
        "tm:substitute",
        "tm:sunnyday",
        "tm:swagger",
        "tm:swordsdance",
        "tm:takedown",
        "tm:taunt",
        "tm:temperflare",
        "tm:terablast",
        "tm:torment",
        "tm:toxic",
        "tm:trailblaze",
        "tm:uturn",
        "tm:willowisp",
        "tm:workup",
        "tutor:covet",
        "tutor:endeavor",
        "tutor:firepledge",
        "tutor:heatwave",
        "tutor:outrage",
        "tutor:snore"
      ],
      "labels": [
        "gen7",
        "ultravariant_regional"
      ],
      "pokedex": [
        
      ],
      "preEvolution": "litten ultravariant",
       "evolutions": [
        {
          "id": "torracat_incineroar_ultravariant",
          "variant": "level_up",
          "result": "incineroar ultravariant",
          "consumeHeldItem": false,
          "learnableMoves": [],
          "requirements": [
            {
              "variant": "level",
              "minLevel": 34
            }
          ]
        },
        {
        "id": "torracat_torracat_ultravariant-shining",
        "variant": "level_up",
        "result": "torracat ultravariant shining",
        "consumeHeldItem": true,
        "learnableMoves": [],
        "requirements": [
          {
          "variant": "held_item",
          "itemCondition": "cobblemon:shiny_stone_block"
          }
        ]
        }
      ],
      "baseScale": 0.8,
      "hitbox": {
        "width": 1,
        "height": 1.1,
        "fixed": false},
      "aspects": [
        "ultravariant",
        "shiny"
      ],
      "height": 7,
      "weight": 250,
      "cannotDynamax": false,
      "battleOnly": false
    }
  ],
  "baseExperienceYield": 147,
  "experienceGroup": "medium_slow",
  "eggCycles": 15,
  "eggGroups": [
    "field"
  ],
  "drops": {
    "amount": 2,
    "entries": [
      {
        "item": "cobblemon:charcoal_stick",
        "percentage": 10.0
      },
      {
        "item": "cobblemon:expert_belt",
        "percentage": 10.0
      }
    ]
  },
  "moves": [
    "1:ember",
    "1:growl",
    "1:lick",
    "1:scratch",
    "9:roar",
    "11:leer",
    "12:furyswipes",
    "15:bite",
    "20:doublekick",
    "25:firefang",
    "30:scaryface",
    "35:swagger",
    "40:flamethrower",
    "45:thrash",
    "50:flareblitz",
    "55:outrage",
    "tm:acrobatics",
    "tm:attract",
    "tm:bodyslam",
    "tm:bulkup",
    "tm:confide",
    "tm:crunch",
    "tm:doubleedge",
    "tm:doubleteam",
    "tm:endeavor",
    "tm:endure",
    "tm:facade",
    "tm:fireblast",
    "tm:firefang",
    "tm:firepledge",
    "tm:firespin",
    "tm:flamecharge",
    "tm:flamethrower",
    "tm:flareblitz",
    "tm:frustration",
    "tm:heatwave",
    "tm:helpinghand",
    "tm:hiddenpower",
    "tm:leechlife",
    "tm:nastyplot",
    "tm:outrage",
    "tm:overheat",
    "tm:payday",
    "tm:protect",
    "tm:rest",
    "tm:return",
    "tm:revenge",
    "tm:roar",
    "tm:round",
    "tm:scaryface",
    "tm:shadowclaw",
    "tm:sleeptalk",
    "tm:snore",
    "tm:substitute",
    "tm:sunnyday",
    "tm:swagger",
    "tm:swordsdance",
    "tm:takedown",
    "tm:taunt",
    "tm:temperflare",
    "tm:terablast",
    "tm:torment",
    "tm:toxic",
    "tm:trailblaze",
    "tm:uturn",
    "tm:willowisp",
    "tm:workup",
    "tutor:covet",
    "tutor:dualchop",
    "tutor:endeavor",
    "tutor:firepledge",
    "tutor:heatwave",
    "tutor:outrage",
    "tutor:snore"
  ],
  "labels": [
    "gen7"
  ],
  "pokedex": [
    "cobblemon.species.torracat.desc"
  ],
  "preEvolution": "litten",
  "evolutions": [
    {
      "id": "torracat_incineroar",
      "variant": "level_up",
      "result": "incineroar",
      "consumeHeldItem": false,
      "learnableMoves": [
        "darkestlariat"
      ],
      "requirements": [
        {
          "variant": "level",
          "minLevel": 34
        }
      ]
    }
  ],
  "baseScale": 0.8,
  "hitbox": {
    "width": 1,
    "height": 1.1,
    "fixed": false
  },
  "baseFriendship": 50,
  "evYield": {
    "hp": 0,
    "attack": 0,
    "defence": 0,
    "special_attack": 0,
    "special_defence": 0,
    "speed": 2
  },
  "height": 7,
  "weight": 250,
  "aspects": [],
  "cannotDynamax": false
}
