{
  "implemented": true,
  "nationalPokedexNumber": 767,
  "name": "Wimpod",
  "primaryType": "bug",
  "secondaryType": "water",
  "maleRatio": 0.5,
  "height": 5,
  "weight": 120,
  "pokedex": [
    "cobblemon.species.wimpod.desc"
  ],
  "labels": [
    "gen7"
  ],
  "aspects": [],
  "abilities": [
    "wimpout",
    "h:wimpout"
  ],
  "eggGroups": [
    "bug",
    "water_3"
  ],
  "baseStats": {
    "hp": 25,
    "attack": 35,
    "defence": 40,
    "special_attack": 20,
    "special_defence": 30,
    "speed": 80
  },
  "features": [
    "region-bias-ultraspace",
  "shining"],
  "evYield": {
    "hp": 0,
    "attack": 0,
    "defence": 0,
    "special_attack": 0,
    "special_defence": 0,
    "speed": 1
  },
  "forms": [
    {
      "name": "region-bias-ultraspace",
      "primaryType": "bug",
      "secondaryType": "water",
      "abilities": [
        "wimpout",
        "h:wimpout"
      ],
      "drops": {
        "amount": 1,
        "entries": [
          {
            "item": "cobblemon:bluk_berry",
            "percentage": 2.5
          }
        ]
      },
      "baseStats": {
        "hp": 25,
        "attack": 35,
        "defence": 40,
        "special_attack": 20,
        "special_defence": 30,
        "speed": 80
      },
      "evYield": {
        "hp": 0,
        "attack": 0,
        "defence": 0,
        "special_attack": 0,
        "special_defence": 0,
        "speed": 1
      },
      "baseExperienceYield": 46,
      "experienceGroup": "medium_fast",
      "catchRate": 90,
      "maleRatio": 0.5,
      "shoulderMountable": true,
      "eggCycles": 20,
      "baseFriendship": 50,
      "baseScale": 0.65,
      "hitbox": {
        "width": 0.8,
        "height": 0.4,
        "fixed": false
      },
      "behaviour": {
        "resting": {
          "canSleep": true,
          "light": "0-4"
        },
        "moving": {
          "swim": {
            "canSwimInWater": true,
            "canBreatheUnderwater": true,
            "canSwimInLava": false,
            "swimSpeed": "0.2"
          }
        }
      },
      "moves": [
        "1:strugglebug",
        "1:sandattack",
        "1:defensecurl",
        "egg:aquajet",
        "egg:harden",
        "egg:metalclaw",
        "egg:rollout",
        "egg:wideguard",
        "tm:assurance",
        "tm:bugbuzz",
        "tm:endure",
        "tm:facade",
        "tm:hail",
        "tm:leechlife",
        "tm:metalclaw",
        "tm:mudshot",
        "tm:protect",
        "tm:raindance",
        "tm:rest",
        "tm:rollout",
        "tm:scald",
        "tm:screech",
        "tm:skittersmack",
        "tm:sleeptalk",
        "tm:spikes",
        "tm:strugglebug",
        "tm:substitute",
        "tm:surf",
        "tm:swift",
        "tm:taunt",
        "tm:terablast",
        "tm:waterfall",
        "tutor:leechlife",
        "tutor:rest",
        "tutor:rollout",
        "tutor:skittersmack",
        "tutor:sleeptalk",
        "tutor:spikes",
        "tutor:swift"
      ],
      "labels": [
        "gen7"
      ],
      "pokedex": [
        
      ],
      "evolutions": [
        {
          "id": "wimpod_golisopod_ultravariant",
          "variant": "level_up",
          "result": "golisopod ultravariant",
          "consumeHeldItem": false,
          "learnableMoves": [
            "firstimpression"
          ],
          "requirements": [
            {
              "variant": "level",
              "minLevel": 30
            }
          ]
        }
      ],
      "aspects": [
        "region-bias-ultraspace"
      ],
      "height": 5,
      "weight": 120,
      "cannotDynamax": false,
      "battleOnly": false
    },
    {
      "name": "region-bias-ultraspace shiny",
      "primaryType": "bug",
      "secondaryType": "water",
      "abilities": [
        "wimpout",
        "h:wimpout"
      ],
      "drops": {
        "amount": 1,
        "entries": [
          {
            "item": "cobblemon:bluk_berry",
            "percentage": 2.5
          }
        ]
      },
      "baseStats": {
        "hp": 25,
        "attack": 35,
        "defence": 40,
        "special_attack": 20,
        "special_defence": 30,
        "speed": 80
      },
      "evYield": {
        "hp": 0,
        "attack": 0,
        "defence": 0,
        "special_attack": 0,
        "special_defence": 0,
        "speed": 1
      },
      "baseExperienceYield": 46,
      "experienceGroup": "medium_fast",
      "catchRate": 90,
      "maleRatio": 0.5,
      "shoulderMountable": true,
      "eggCycles": 20,
      "baseFriendship": 50,
      "baseScale": 0.65,
      "hitbox": {
        "width": 0.8,
        "height": 0.4,
        "fixed": false
      },
      "behaviour": {
        "resting": {
          "canSleep": true,
          "light": "0-4"
        },
        "moving": {
          "swim": {
            "canSwimInWater": true,
            "canBreatheUnderwater": true,
            "canSwimInLava": false,
            "swimSpeed": "0.2"
          }
        }
      },
      "moves": [
        "1:strugglebug",
        "1:sandattack",
        "1:defensecurl",
        "egg:aquajet",
        "egg:harden",
        "egg:metalclaw",
        "egg:rollout",
        "egg:wideguard",
        "tm:assurance",
        "tm:bugbuzz",
        "tm:endure",
        "tm:facade",
        "tm:hail",
        "tm:leechlife",
        "tm:metalclaw",
        "tm:mudshot",
        "tm:protect",
        "tm:raindance",
        "tm:rest",
        "tm:rollout",
        "tm:scald",
        "tm:screech",
        "tm:skittersmack",
        "tm:sleeptalk",
        "tm:spikes",
        "tm:strugglebug",
        "tm:substitute",
        "tm:surf",
        "tm:swift",
        "tm:taunt",
        "tm:terablast",
        "tm:waterfall",
        "tutor:leechlife",
        "tutor:rest",
        "tutor:rollout",
        "tutor:skittersmack",
        "tutor:sleeptalk",
        "tutor:spikes",
        "tutor:swift"
      ],
      "labels": [
        "gen7"
      ],
      "pokedex": [
        
      ],
      "evolutions": [
        {
          "id": "wimpod_golisopod_ultravariant",
          "variant": "level_up",
          "result": "golisopod ultravariant",
          "consumeHeldItem": false,
          "learnableMoves": [
            "firstimpression"
          ],
          "requirements": [
            {
              "variant": "level",
              "minLevel": 30
            }
          ]
        },
        {
        "id": "wimpod_wimpod_region-bias-ultraspace-shining",
        "variant": "level_up",
        "result": "wimpod shining",
        "consumeHeldItem": true,
        "learnableMoves": [],
        "requirements": [
          {
          "variant": "held_item",
          "itemCondition": "cobblemon:shiny_stone_block"
          }
        ]
        }
      ],
      "aspects": [
        "region-bias-ultraspace",
        "shiny"
      ],
      "height": 5,
      "weight": 120,
      "cannotDynamax": false,
      "battleOnly": false
    }
  ],
  "baseExperienceYield": 46,
  "experienceGroup": "medium_fast",
  "catchRate": 90,
  "eggCycles": 20,
  "baseFriendship": 50,
  "baseScale": 0.65,
  "hitbox": {
    "width": 0.8,
    "height": 0.4,
    "fixed": false
  },
  "behaviour": {
    "resting": {
      "canSleep": true,
      "light": "0-4"
    },
    "moving": {
      "swim": {
        "canSwimInWater": true,
        "canBreatheUnderwater": true,
        "canSwimInLava": false,
        "swimSpeed": "0.2"
      }
    }
  },
  "drops": {
    "amount": 1,
    "entries": [
      {
        "item": "cobblemon:bluk_berry",
        "percentage": 2.5
      }
    ]
  },
  "moves": [
    "1:strugglebug",
    "1:sandattack",
    "1:defensecurl",
    "egg:aquajet",
    "egg:harden",
    "egg:metalclaw",
    "egg:rollout",
    "egg:wideguard",
    "tm:assurance",
    "tm:bugbuzz",
    "tm:endure",
    "tm:facade",
    "tm:hail",
    "tm:leechlife",
    "tm:metalclaw",
    "tm:mudshot",
    "tm:protect",
    "tm:raindance",
    "tm:rest",
    "tm:rollout",
    "tm:scald",
    "tm:screech",
    "tm:skittersmack",
    "tm:sleeptalk",
    "tm:spikes",
    "tm:strugglebug",
    "tm:substitute",
    "tm:surf",
    "tm:swift",
    "tm:taunt",
    "tm:terablast",
    "tm:waterfall",
    "tutor:leechlife",
    "tutor:rest",
    "tutor:rollout",
    "tutor:skittersmack",
    "tutor:sleeptalk",
    "tutor:spikes",
    "tutor:swift"
  ],
  "evolutions": [
    {
      "id": "wimpod_golisopod",
      "variant": "level_up",
      "result": "golisopod",
      "consumeHeldItem": false,
      "learnableMoves": [
        "firstimpression"
      ],
      "requirements": [
        {
          "variant": "level",
          "minLevel": 30
        }
      ]
    }
  ]
}