{
	"format_version": "1.8.0",
	"animations": {
		"animation.umbreon_altered.mouth_open": {
			"loop": true,
			"bones": {
				"mouth_open_wide": {
					"position": [0, -0.5, -0.1]
				}
			}
		},
		"animation.umbreon_altered.mouth_open_ooo": {
			"loop": true,
			"bones": {
				"mouth_open_thin": {
					"position": [0, -0.5, -0.1]
				}
			}
		},
		"animation.umbreon_altered.angry": {
			"loop": true,
			"bones": {
				"eye_top_left": {
					"scale": [0.78, 1.2, 1]
				},
				"pupil_left": {
					"position": [-0.05, -0.2, 0],
					"scale": [1, 0.8, 1]
				},
				"eye_top_right": {
					"scale": [0.78, 1.2, 1]
				},
				"pupil_right": {
					"position": [0.05, -0.2, 0],
					"scale": [1, 0.8, 1]
				},
				"mouth_open_wide": {
					"position": [0, -0.5, -0.1]
				}
			}
		},
		"animation.umbreon_altered.sad": {
			"loop": true,
			"bones": {
				"eye_top_left": {
					"position": [0, -0.6, 0]
				},
				"eye_emote_left2": {
					"position": [0, 0, -0.1],
					"scale": 1
				},
				"eye_top_right": {
					"position": [0, -0.6, 0]
				},
				"eye_emote_right2": {
					"position": [0, 0, -0.1],
					"scale": 1
				}
			}
		},
		"animation.umbreon_altered.hurt": {
			"loop": true,
			"bones": {
				"eye_left": {
					"position": [-0.1, 0, 0.1]
				},
				"eye_right": {
					"position": [0.1, 0, 0.1]
				},
				"eyelid_hurt_right": {
					"position": [-0.1, 0, -0.1]
				},
				"eyelid_hurt_left": {
					"position": [0.1, 0, -0.1]
				}
			}
		},
		"animation.umbreon_altered.bored": {
			"loop": true,
			"bones": {
				"eye_top_left": {
					"position": [-0.1, 0, 0.1]
				},
				"pupil_left": {
					"position": [0, -0.5, 0],
					"scale": [1, 0.5, 1]
				},
				"eye_top_right": {
					"position": [0.1, 0, 0.1]
				},
				"pupil_right": {
					"position": [0, -0.5, 0],
					"scale": [1, 0.5, 1]
				}
			}
		},
		"animation.umbreon_altered.judgy": {
			"loop": true,
			"bones": {
				"eye_top_right": {
					"position": [0.1, 0, 0.1]
				},
				"pupil_right": {
					"position": [0, -0.5, 0],
					"scale": [1, 0.5, 1]
				}
			}
		},
		"animation.umbreon_altered.happy": {
			"loop": true,
			"bones": {
				"mouth_open_happy": {
					"position": [0, -0.5, -0.1]
				}
			}
		},
		"animation.umbreon_altered.shocked": {
			"loop": true,
			"bones": {
				"mouth_open_wide": {
					"position": [0, -0.4, -0.1]
				},
				"mouth_open_wide_tongue": {
					"position": [0, -0.2, 0]
				},
				"eye_emote_right2": {
					"position": [-0.25, 0, -0.1],
					"scale": [1.25, 1.03, 1]
				},
				"eye_emote_left2": {
					"position": [0.25, 0, -0.1],
					"scale": [1.25, 1.03, 1]
				},
				"pupil_left": {
					"position": [-0.2, 0, 0],
					"scale": [0.8, 0.5, 1]
				},
				"pupil_right": {
					"position": [0.2, 0, 0],
					"scale": [0.8, 0.5, 1]
				}
			}
		},
		"animation.umbreon_altered.ground_idle": {
			"loop": true,
			"override_previous_animation": true,
			"bones": {
				"head": {
					"rotation": ["-math.sin(q.anim_time*90*4)*0.2", 0, "math.clamp(math.sin(q.anim_time*90*4+45)*0.2,-1.2,1.2)"]
				},
				"ear_right": {
					"rotation": [0, 0, "-2*math.sin(q.anim_time*90*2+90)+math.clamp(math.sin(q.anim_time*90*2-90),-1,1)"]
				},
				"ear_left": {
					"rotation": [0, 0, "2*math.sin(q.anim_time*90*2+90)-math.clamp(math.sin(q.anim_time*90*2-90),-1,1)"]
				},
				"torso": {
					"rotation": ["math.sin(q.anim_time*90*4)*0.2", 0, 0],
					"position": [0, "(math.clamp(math.sin(q.anim_time*90*4+180)*0.1,-0.03,0.03)+math.clamp(math.sin(q.anim_time*90*2+180)*0.15,-0.5,0.5))*0.5", 0]
				},
				"tail": {
					"rotation": ["40+4*(math.sin(q.anim_time*90*2)*1)+4*(math.sin(q.anim_time*90*2/2)*1)", 0, 0]
				},
				"tail2": {
					"rotation": ["4*(math.sin(q.anim_time*90*2-90)*1)+4*(math.sin(q.anim_time*90*2/2-90)*1)", 0, 0]
				},
				"tail3": {
					"rotation": ["4*(math.sin(q.anim_time*90*2-90)*1)+4*(math.sin(q.anim_time*90*2/2-90)*1)", 0, 0]
				},
				"hair4": {
					"rotation": ["math.cos((query.anim_time) * 90 * 1) * 0.3", 0, 0],
					"scale": "1-math.sin(query.anim_time*80*0.6+300)*0.05"
				},
				"hair5": {
					"rotation": ["Math.cos((query.anim_time) * 90 * 1 + 30) * -3", 0, 0]
				},
				"hair6": {
					"rotation": ["Math.cos((query.anim_time) * 90 * 1 + 60) * -5", 0, 0]
				},
				"hair7": {
					"rotation": ["Math.cos((query.anim_time) * 90 * 1 + 90) * -3", 0, 0]
				},
				"hair8": {
					"rotation": ["-10+Math.cos((query.anim_time) * 90 * 1 + 120) * -3", 0, 0]
				},
				"hair19": {
					"scale": [
						"1-math.sin(query.anim_time*80*0.6+300)*0.12",
						"1+math.sin(query.anim_time*140*0.6+300)*0.1",
						"0.7-math.sin(query.anim_time*120*0.6+300)*0.17"
					]
				},
				"hair20": {
					"scale": [
						"0.7-math.sin(query.anim_time*100*0.6+300)*0.17",
						"1-math.sin(query.anim_time*80*0.6+300)*0.1",
						"1+math.sin(query.anim_time*140*0.6+300)*0.1"
					]
				},
				"tail4": {
					"rotation": ["4*(math.sin(q.anim_time*90*2-90)*1)+4*(math.sin(q.anim_time*90*2/2-90)*1)", 0, 0]
				},
				"hair2": {
					"rotation": ["Math.cos((query.anim_time) * 90 * 1 + 30) * -7", 0, 0]
				},
				"hair3": {
					"rotation": ["Math.cos((query.anim_time) * 90 * 1 + 60) * -5", 0, 0]
				},
				"hair9": {
					"rotation": ["Math.cos((query.anim_time) * 90 * 1 + 90) * -3", 0, 0]
				},
				"hair10": {
					"rotation": ["Math.cos((query.anim_time) * 90 * 1 + 30) * 3", 0, 0]
				},
				"hair11": {
					"rotation": ["Math.cos((query.anim_time) * 90 * 1 + 60) * 10", 0, 0]
				},
				"hair12": {
					"rotation": ["Math.cos((query.anim_time) * 90 * 1 + 90) * 4", 0, 0]
				},
				"hair13": {
					"rotation": ["Math.cos((query.anim_time) * 90 * 1 + 30) * 3", 0, 0]
				},
				"hair14": {
					"rotation": ["Math.cos((query.anim_time) * 90 * 1 + 60) * 10", 0, 0]
				},
				"hair15": {
					"rotation": ["Math.cos((query.anim_time) * 90 * 1 + 90) * 4", 0, 0]
				},
				"hair16": {
					"rotation": ["Math.cos((query.anim_time) * 90 * 1 + 30) * -3", 0, 0]
				},
				"hair17": {
					"rotation": ["Math.cos((query.anim_time) * 90 * 1 + 60) * -5", 0, 0]
				},
				"hair18": {
					"rotation": ["Math.cos((query.anim_time) * 90 * 1 + 90) * -3", 0, 0]
				},
				"dust1": {
					"rotation": ["-math.mod(query.anim_time*0.04,1)*360", "-math.mod(query.anim_time*0.02,3)*360", 0],
					"position": [0, "-math.cos(query.anim_time*30*2-300)* 1", 0],
					"scale": [
						"0.8-math.sin(query.anim_time*180*1 +300)*0.1",
						"0.7+math.sin(query.anim_time*180*1 +300)*0.1",
						"0.8-math.sin(query.anim_time*80*1 +300)*0.4"
					]
				},
				"dust2": {
					"rotation": ["math.mod(query.anim_time*0.04,1)*360", "-math.mod(query.anim_time*0.06,1)*360", 0],
					"position": [0, "math.cos(query.anim_time*30*3-300)* 1", 0],
					"scale": [
						"0.7+math.sin(query.anim_time*200*0.6+300)*0.4",
						"1-math.sin(query.anim_time*150*0.6+300)*0.4",
						"1+math.sin(query.anim_time*160*0.6+300)*0.4"
					]
				},
				"dust4": {
					"rotation": ["-math.mod(query.anim_time*0.04,1)*360", "math.mod(query.anim_time*0.06,1)*360", 0],
					"position": [0, "0+math.cos(query.anim_time*60*1-300)*0.9", 0],
					"scale": [
						"0.9-math.sin(query.anim_time*100*1+300)*0.1",
						"0.9+math.sin(query.anim_time*120*1+300)*0.5",
						"0.9-math.sin(query.anim_time*150*1+300)*0.1"
					]
				},
				"dust5": {
					"rotation": ["math.mod(query.anim_time*0.04,1)*360", "-math.mod(query.anim_time*0.06,1)*360", 0],
					"position": [0, "0+math.cos(query.anim_time*60*1-300)*0.9", 0],
					"scale": [
						"0.51-math.sin(query.anim_time*100*1+300)*0.2",
						"0.51+math.sin(query.anim_time*80*1+300)*0.2",
						"0.51-math.sin(query.anim_time*120*1+300)*0.1"
					]
				},
				"dust3": {
					"rotation": ["math.mod(query.anim_time*0.06,1)*360", "math.mod(query.anim_time*0.03,1)*360", 0],
					"position": [0, "math.cos(query.anim_time*70*1-300)*0.4", 0],
					"scale": ["0.4-math.sin(query.anim_time*140*1+300)*0.1", "0.4-math.sin(query.anim_time*80*1+300)*0.1", "0.4+math.sin(query.anim_time*120*1+300)*0.1"]
				},
				"upperbody": {
					"rotation": ["2-Math.cos((query.anim_time) * 90 * 1) * -3", 0, 0]
				}
			}
		},
		"animation.umbreon_altered.ground_walk": {
			"loop": true,
			"override_previous_animation": true,
			"bones": {
				"body": {
					"rotation": [0, 0, "math.clamp(math.sin(q.anim_time*90*4-90)*1,-0.8,0.8)+math.sin(q.anim_time*90*4-180)*1"],
					"position": [0, "-1.5+math.clamp(math.sin(q.anim_time*90*4)*1.1,0.5,1)+math.clamp(math.sin(q.anim_time*90*4+180)*1.1,0.5,1)", 0]
				},
				"head": {
					"rotation": [0, 0, "-math.clamp(math.sin(q.anim_time*90*4-90)*1,-0.8,0.8)-math.sin(q.anim_time*90*4-180)*1"],
					"position": [
						"math.sin(q.anim_time*90*4-45)*0.1",
						"math.clamp(math.sin(q.anim_time*90*4+30)*0.05,0.5,1)+math.clamp(math.sin(-q.anim_time*90*4+30)*0.05,0.5,1)+math.sin(-q.anim_time*90*8+30)*0.2-1",
						0
					]
				},
				"leg_front_right": {
					"rotation": [
						"30-math.clamp(20*(math.sin(q.anim_time*90*4-90+180)*1+1),-0,60)",
						0,
						"math.clamp(math.sin(q.anim_time*90*4-90+180)*1,-0.8,0.8)+math.sin(q.anim_time*90*4-180+180)*1"
					],
					"position": [
						0,
						"-0.5+0.8*(math.clamp(math.sin(q.anim_time*90*4-155+180)*1.6,1,1.6)-0.2)+0.5*(math.clamp(math.sin(q.anim_time*90*4-75+180)*1.8,1,1.8)-1)-0.2*(math.clamp(math.sin(q.anim_time*90*4+180)*1.4,1,1.4)+1)",
						0
					]
				},
				"leg_front_left": {
					"rotation": [
						"30-math.clamp(20*(math.sin(q.anim_time*90*4-90)*1+1),-0,60)",
						0,
						"-math.clamp(math.sin(q.anim_time*90*4-90)*1,-0.8,0.8)-math.sin(q.anim_time*90*4-180)*1"
					],
					"position": [
						0,
						"-0.5+0.8*(math.clamp(math.sin(q.anim_time*90*4-155)*1.6,1,1.6)-0.2)+0.5*(math.clamp(math.sin(q.anim_time*90*4-75)*1.8,1,1.8)-1)-0.2*(math.clamp(math.sin(q.anim_time*90*4)*1.4,1,1.4)+1)",
						0
					]
				},
				"leg_back_right": {
					"rotation": [
						"-20+math.clamp(15*(math.sin(q.anim_time*90*4-90+180)*1+1),-0,60)",
						0,
						"math.clamp(math.sin(q.anim_time*90*4-90+180)*1,-0.8,0.8)+math.sin(q.anim_time*90*4-180+180)*1"
					],
					"position": [
						0,
						"-math.clamp(-math.sin(q.anim_time*90*4+90+180)*0.01,0,0.01)+math.clamp(-math.sin(q.anim_time*90*4+20+180)*1,0.4,1)-0.4+math.clamp(math.sin(q.anim_time*90*4-130+180)*1.5,0.4,0.6)-0.3",
						-0.1
					]
				},
				"leg_back_left": {
					"rotation": [
						"-20+math.clamp(15*(math.sin(q.anim_time*90*4-90)*1+1),-0,60)",
						0,
						"-math.clamp(math.sin(q.anim_time*90*4-90)*1,-0.8,0.8)-math.sin(q.anim_time*90*4-180)*1"
					],
					"position": [
						0,
						"-math.clamp(-math.sin(q.anim_time*90*4+90)*0.01,0,0.01)+math.clamp(-math.sin(q.anim_time*90*4+20)*1,0.4,1)-0.4+math.clamp(math.sin(q.anim_time*90*4-130)*1.5,0.4,0.6)-0.3",
						-0.1
					]
				},
				"ear_right": {
					"rotation": [
						"math.sin(q.anim_time*90*8+45)+math.clamp(math.sin(q.anim_time*90*8+90),-1,1)",
						"0.5*math.sin(q.anim_time*90*8+45)+0.5*math.clamp(math.sin(q.anim_time*90*8+90),-2,2)",
						0
					]
				},
				"ear_left": {
					"rotation": [
						"math.sin(q.anim_time*90*8+45)+math.clamp(math.sin(q.anim_time*90*8+90),-1,1)",
						"-0.5*math.sin(q.anim_time*90*8+45)-0.5*math.clamp(math.sin(q.anim_time*90*8+90),-2,2)",
						0
					]
				},
				"leg_front_right2": {
					"rotation": [
						"math.clamp(math.sin(q.anim_time*90*4-180+10+180)*20,0,10)+math.clamp(math.sin(q.anim_time*90*4-180+10+180)*20,-50,50)-math.clamp(math.sin(q.anim_time*90*4+10+180)*70,50,60)+25",
						0,
						0
					]
				},
				"leg_front_right3": {
					"rotation": [
						"-45+math.clamp(20*(math.sin(q.anim_time*90*4-90+180)*1+1),-0,60)-math.clamp(math.sin(q.anim_time*90*4-180+10+180)*20,0,10)-math.clamp(math.sin(q.anim_time*90*4-180+10+180)*20,-50,50)+math.clamp(math.sin(q.anim_time*90*4+10+180)*70,50,60)+math.clamp(math.sin(q.anim_time*90*4+40+180)*80,50,80)-60",
						0,
						0
					],
					"position": [0, "math.clamp(math.sin(q.anim_time*90*4-120+180)*1.1,0.9,1)-0.9+math.clamp(math.sin(q.anim_time*90*2-130+180)*1.3,0.9,1)-0.9", 0]
				},
				"leg_front_left2": {
					"rotation": [
						"math.clamp(math.sin(q.anim_time*90*4-180+10)*20,0,10)+math.clamp(math.sin(q.anim_time*90*4-180+10)*20,-50,50)-math.clamp(math.sin(q.anim_time*90*4+10)*70,50,60)+25",
						0,
						0
					]
				},
				"leg_front_left3": {
					"rotation": [
						"-45+math.clamp(20*(math.sin(q.anim_time*90*4-90)*1+1),-0,60)-math.clamp(math.sin(q.anim_time*90*4-180+10)*20,0,10)-math.clamp(math.sin(q.anim_time*90*4-180+10)*20,-50,50)+math.clamp(math.sin(q.anim_time*90*4+10)*70,50,60)+math.clamp(math.sin(q.anim_time*90*4+40)*80,50,80)-60",
						0,
						0
					],
					"position": [0, "math.clamp(math.sin(q.anim_time*90*4-120)*1.1,0.9,1)-0.9+math.clamp(math.sin(q.anim_time*90*2-130)*1.3,0.9,1)-0.9", 0]
				},
				"leg_back_right2": {
					"rotation": [
						"math.clamp(math.sin(q.anim_time*90*4+180)*10,0,10)+math.clamp(math.sin(q.anim_time*90*4-95+180)*25,0,45)-math.clamp(math.sin(q.anim_time*90*4+180+180)*10,0,45)",
						0,
						0
					],
					"position": [0, "math.clamp(math.sin(q.anim_time*90*4-130+180)*1.5,0.5,0.8)-0.5", 0]
				},
				"leg_back_right3": {
					"rotation": [
						"-math.clamp(math.sin(q.anim_time*90*4+180)*10,0,10)-math.clamp(math.sin(q.anim_time*90*4-95+180)*25,0,45)+math.clamp(math.sin(q.anim_time*90*4+180+180)*15,0,45)-(-20+math.clamp(15*(math.sin(q.anim_time*90*4-90+180)*1+1),-0,60))+math.clamp(math.sin(q.anim_time*90*4-100+180)*100,60,100)-60",
						0,
						0
					],
					"position": [0, "math.clamp(math.sin(q.anim_time*90*4-110)*1,0.8,1)-0.8", 0]
				},
				"leg_back_left2": {
					"rotation": [
						"math.clamp(math.sin(q.anim_time*90*4)*10,0,10)+math.clamp(math.sin(q.anim_time*90*4-95)*25,0,45)-math.clamp(math.sin(q.anim_time*90*4+180)*10,0,45)",
						0,
						0
					],
					"position": [0, "math.clamp(math.sin(q.anim_time*90*4-130)*1.5,0.5,0.8)-0.5", 0]
				},
				"leg_back_left3": {
					"rotation": [
						"-math.clamp(math.sin(q.anim_time*90*4)*10,0,10)-math.clamp(math.sin(q.anim_time*90*4-95)*25,0,45)+math.clamp(math.sin(q.anim_time*90*4+180)*15,0,45)-(-20+math.clamp(15*(math.sin(q.anim_time*90*4-90)*1+1),-0,60))+math.clamp(math.sin(q.anim_time*90*4-100)*100,60,100)-60",
						0,
						0
					],
					"position": [0, "math.clamp(math.sin(q.anim_time*90*4-110+180)*1,0.8,1)-0.8", 0]
				},
				"hair4": {
					"rotation": ["math.cos((query.anim_time) * 90 * 1) * 0.3", 0, 0]
				},
				"hair5": {
					"rotation": ["Math.cos((query.anim_time) * 90 * 1 + 30) * -3", 0, 0]
				},
				"hair6": {
					"rotation": ["Math.cos((query.anim_time) * 90 * 1 + 60) * -5", 0, 0]
				},
				"hair7": {
					"rotation": ["Math.cos((query.anim_time) * 90 * 1 + 90) * -3", 0, 0]
				},
				"hair8": {
					"rotation": ["-10+Math.cos((query.anim_time) * 90 * 1 + 120) * -3", 0, 0]
				},
				"hair2": {
					"rotation": ["Math.cos((query.anim_time) * 90 * 1 + 30) * -7", 0, 0]
				},
				"hair3": {
					"rotation": ["Math.cos((query.anim_time) * 90 * 1 + 60) * -5", 0, 0]
				},
				"hair9": {
					"rotation": ["Math.cos((query.anim_time) * 90 * 1 + 90) * -3", 0, 0]
				},
				"hair10": {
					"rotation": ["Math.cos((query.anim_time) * 90 * 1 + 30) * 3", 0, 0]
				},
				"hair11": {
					"rotation": ["Math.cos((query.anim_time) * 90 * 1 + 60) * 10", 0, 0]
				},
				"hair12": {
					"rotation": ["Math.cos((query.anim_time) * 90 * 1 + 90) * 4", 0, 0]
				},
				"hair13": {
					"rotation": ["Math.cos((query.anim_time) * 90 * 1 + 30) * 3", 0, 0]
				},
				"hair14": {
					"rotation": ["Math.cos((query.anim_time) * 90 * 1 + 60) * 10", 0, 0]
				},
				"hair15": {
					"rotation": ["Math.cos((query.anim_time) * 90 * 1 + 90) * 4", 0, 0]
				},
				"hair16": {
					"rotation": ["Math.cos((query.anim_time) * 90 * 1 + 30) * -3", 0, 0]
				},
				"hair17": {
					"rotation": ["Math.cos((query.anim_time) * 90 * 1 + 60) * -5", 0, 0]
				},
				"hair18": {
					"rotation": ["Math.cos((query.anim_time) * 90 * 1 + 90) * -3", 0, 0]
				},
				"dust1": {
					"rotation": ["-math.mod(query.anim_time*0.04,1)*360", "-math.mod(query.anim_time*0.02,3)*360", 0],
					"position": [0, "-math.cos(query.anim_time*30*2-300)* 1", 0],
					"scale": "0.8-math.sin(query.anim_time*180*1 +300)*0.1"
				},
				"dust2": {
					"rotation": ["math.mod(query.anim_time*0.04,1)*360", "-math.mod(query.anim_time*0.06,1)*360", 0],
					"position": [0, "math.cos(query.anim_time*30*3-300)* 1", 0],
					"scale": "1-math.sin(query.anim_time*200*0.6+300)*0.4"
				},
				"dust4": {
					"rotation": ["-math.mod(query.anim_time*0.04,1)*360", "math.mod(query.anim_time*0.06,1)*360", 0],
					"position": [0, "0+math.cos(query.anim_time*60*1-300)*0.9", 0],
					"scale": "0.9-math.sin(query.anim_time*100*1+300)*0.1"
				},
				"dust3": {
					"rotation": ["math.mod(query.anim_time*0.06,1)*360", "math.mod(query.anim_time*0.03,1)*360", 0],
					"position": [0, "math.cos(query.anim_time*70*1-300)*0.4", 0],
					"scale": "0.4-math.sin(query.anim_time*100*1+300)*0.1"
				},
				"tail": {
					"rotation": ["30-math.sin(q.anim_time*45*4*2+60)*12", 0, 0]
				},
				"tail2": {
					"rotation": ["-math.sin(q.anim_time*45*4*2-30)*12", 0, 0]
				},
				"tail3": {
					"rotation": ["-math.sin(q.anim_time*45*4*2)*6", 0, 0]
				},
				"front_leg_left": {
					"rotation": [
						"30-math.clamp(20*(math.sin(q.anim_time*90*4-90)*1+1),-0,60)",
						0,
						"-math.clamp(math.sin(q.anim_time*90*4-90)*1,-0.8,0.8)-math.sin(q.anim_time*90*4-180)*1"
					],
					"position": [
						0,
						"-0.5+0.8*(math.clamp(math.sin(q.anim_time*90*4-155)*1.6,1,1.6)-0.2)+0.5*(math.clamp(math.sin(q.anim_time*90*4-75)*1.8,1,1.8)-1)-0.2*(math.clamp(math.sin(q.anim_time*90*4)*1.4,1,1.4)+1)",
						0
					]
				},
				"elbow_left": {
					"rotation": [
						"math.clamp(math.sin(q.anim_time*90*4-180+10)*20,0,10)+math.clamp(math.sin(q.anim_time*90*4-180+10)*20,-50,50)-math.clamp(math.sin(q.anim_time*90*4+10)*70,50,60)+25",
						0,
						0
					]
				},
				"frontpaw_left": {
					"rotation": [
						"-45+math.clamp(20*(math.sin(q.anim_time*90*4-90)*1+1),-0,60)-math.clamp(math.sin(q.anim_time*90*4-180+10)*20,0,10)-math.clamp(math.sin(q.anim_time*90*4-180+10)*20,-50,50)+math.clamp(math.sin(q.anim_time*90*4+10)*70,50,60)+math.clamp(math.sin(q.anim_time*90*4+40)*80,50,80)-60",
						0,
						0
					],
					"position": [0, "math.clamp(math.sin(q.anim_time*90*4-120)*1.1,0.9,1)-0.9+math.clamp(math.sin(q.anim_time*90*2-130)*1.3,0.9,1)-0.9", 0]
				},
				"front_leg_right": {
					"rotation": [
						"30-math.clamp(20*(math.sin(q.anim_time*90*4-90+180)*1+1),-0,60)",
						0,
						"math.clamp(math.sin(q.anim_time*90*4-90+180)*1,-0.8,0.8)+math.sin(q.anim_time*90*4-180+180)*1"
					],
					"position": [
						0,
						"-0.5+0.8*(math.clamp(math.sin(q.anim_time*90*4-155+180)*1.6,1,1.6)-0.2)+0.5*(math.clamp(math.sin(q.anim_time*90*4-75+180)*1.8,1,1.8)-1)-0.2*(math.clamp(math.sin(q.anim_time*90*4+180)*1.4,1,1.4)+1)",
						0
					]
				},
				"elbow_right": {
					"rotation": [
						"math.clamp(math.sin(q.anim_time*90*4-180+10+180)*20,0,10)+math.clamp(math.sin(q.anim_time*90*4-180+10+180)*20,-50,50)-math.clamp(math.sin(q.anim_time*90*4+10+180)*70,50,60)+25",
						0,
						0
					]
				},
				"frontpaw_right": {
					"rotation": [
						"-45+math.clamp(20*(math.sin(q.anim_time*90*4-90+180)*1+1),-0,60)-math.clamp(math.sin(q.anim_time*90*4-180+10+180)*20,0,10)-math.clamp(math.sin(q.anim_time*90*4-180+10+180)*20,-50,50)+math.clamp(math.sin(q.anim_time*90*4+10+180)*70,50,60)+math.clamp(math.sin(q.anim_time*90*4+40+180)*80,50,80)-60",
						0,
						0
					],
					"position": [0, "math.clamp(math.sin(q.anim_time*90*4-120+180)*1.1,0.9,1)-0.9+math.clamp(math.sin(q.anim_time*90*2-130+180)*1.3,0.9,1)-0.9", 0]
				},
				"back_leg_left": {
					"rotation": [
						"-20+math.clamp(15*(math.sin(q.anim_time*90*4-90)*1+1),-0,60)",
						0,
						"-math.clamp(math.sin(q.anim_time*90*4-90)*1,-0.8,0.8)-math.sin(q.anim_time*90*4-180)*1"
					],
					"position": [
						0,
						"-math.clamp(-math.sin(q.anim_time*90*4+90)*0.01,0,0.01)+math.clamp(-math.sin(q.anim_time*90*4+20)*1,0.4,1)-0.4+math.clamp(math.sin(q.anim_time*90*4-130)*1.5,0.4,0.6)-0.3",
						-0.1
					]
				},
				"ankle_left": {
					"rotation": [
						"math.clamp(math.sin(q.anim_time*90*4)*10,0,10)+math.clamp(math.sin(q.anim_time*90*4-95)*25,0,45)-math.clamp(math.sin(q.anim_time*90*4+180)*10,0,45)",
						0,
						0
					],
					"position": [0, "math.clamp(math.sin(q.anim_time*90*4-130)*1.5,0.5,0.8)-0.5", 0]
				},
				"foot_left": {
					"rotation": [
						"-math.clamp(math.sin(q.anim_time*90*4)*10,0,10)-math.clamp(math.sin(q.anim_time*90*4-95)*25,0,45)+math.clamp(math.sin(q.anim_time*90*4+180)*15,0,45)-(-20+math.clamp(15*(math.sin(q.anim_time*90*4-90)*1+1),-0,60))+math.clamp(math.sin(q.anim_time*90*4-100)*100,60,100)-60",
						0,
						0
					],
					"position": [0, "math.clamp(math.sin(q.anim_time*90*4-110+180)*1,0.8,1)-0.8", 0]
				},
				"dust5": {
					"rotation": ["math.mod(query.anim_time*0.04,1)*360", "-math.mod(query.anim_time*0.06,1)*360", 0],
					"position": [0, "0+math.cos(query.anim_time*60*1-300)*0.9", 0],
					"scale": [
						"0.51-math.sin(query.anim_time*100*1+300)*0.2",
						"0.51+math.sin(query.anim_time*80*1+300)*0.2",
						"0.51-math.sin(query.anim_time*120*1+300)*0.1"
					]
				},
				"back_leg_right": {
					"rotation": [
						"-20+math.clamp(15*(math.sin(q.anim_time*90*4-90+180)*1+1),-0,60)",
						0,
						"math.clamp(math.sin(q.anim_time*90*4-90+180)*1,-0.8,0.8)+math.sin(q.anim_time*90*4-180+180)*1"
					],
					"position": [
						0,
						"-math.clamp(-math.sin(q.anim_time*90*4+90+180)*0.01,0,0.01)+math.clamp(-math.sin(q.anim_time*90*4+20+180)*1,0.4,1)-0.4+math.clamp(math.sin(q.anim_time*90*4-130+180)*1.5,0.4,0.6)-0.3",
						-0.1
					]
				},
				"ankle_right": {
					"rotation": [
						"math.clamp(math.sin(q.anim_time*90*4+180)*10,0,10)+math.clamp(math.sin(q.anim_time*90*4-95+180)*25,0,45)-math.clamp(math.sin(q.anim_time*90*4+180+180)*10,0,45)",
						0,
						0
					],
					"position": [0, "math.clamp(math.sin(q.anim_time*90*4-130+180)*1.5,0.5,0.8)-0.5", 0]
				},
				"foot_right": {
					"rotation": [
						"-math.clamp(math.sin(q.anim_time*90*4+180)*10,0,10)-math.clamp(math.sin(q.anim_time*90*4-95+180)*25,0,45)+math.clamp(math.sin(q.anim_time*90*4+180+180)*15,0,45)-(-20+math.clamp(15*(math.sin(q.anim_time*90*4-90+180)*1+1),-0,60))+math.clamp(math.sin(q.anim_time*90*4-100+180)*100,60,100)-60",
						0,
						0
					],
					"position": [0, "math.clamp(math.sin(q.anim_time*90*4-110)*1,0.8,1)-0.8", 0]
				}
			}
		},
		"animation.umbreon_altered.ground_run": {
			"loop": true,
			"override_previous_animation": true,
			"bones": {
				"body": {
					"rotation": ["5*(math.sin(q.anim_time*90*4*2-90)*1+1)-math.clamp(10*(math.sin(q.anim_time*90*4*2+45)*1+1),15,20)+15", 0, 0],
					"position": [
						0,
						"math.clamp(math.sin(q.anim_time*90*4*2+45)*1,0.5,2)-0.5+math.clamp(math.sin(q.anim_time*90*4*2)*1,0,2)",
						"-math.clamp(math.sin(q.anim_time*90*4*2-30)*2,0,2)+math.clamp(math.sin(-q.anim_time*90*4*2-30)*1,0,2)"
					]
				},
				"head": {
					"rotation": ["-5*(math.sin(q.anim_time*90*4*2-90)*1+1)+math.clamp(10*(math.sin(q.anim_time*90*4*2+45)*1+1),15,20)-15", 0, 0],
					"position": [0, -1, -1]
				},
				"leg_front_right": {
					"rotation": [
						"5+math.clamp(math.sin(-q.anim_time*90*4*1-20)*30,-40,0)+math.clamp(math.sin(q.anim_time*90*4*1+20)*30,-40,0)+math.clamp(math.sin(-q.anim_time*90*4*2-40)*50,0,70)-math.clamp(math.sin(-q.anim_time*90*4*2-30+180)*20,5,70)+5",
						0,
						0
					]
				},
				"leg_front_left": {
					"rotation": [
						"5+math.clamp(math.sin(-q.anim_time*90*4*1-20+30)*30,-40,0)+math.clamp(math.sin(q.anim_time*90*4*1+20-30)*30,-40,0)+math.clamp(math.sin(-q.anim_time*90*4*2-40+30)*50,0,70)-math.clamp(math.sin(-q.anim_time*90*4*2-30+180+30)*20,5,70)+5",
						0,
						0
					]
				},
				"leg_back_right": {
					"rotation": ["math.clamp(math.sin(q.anim_time*90*4*2)*40,0,50)-math.clamp(math.sin(-q.anim_time*90*4*2)*40,0,50)", 0, 0],
					"position": [
						0,
						"-math.clamp(math.sin(q.anim_time*90*4*2)*0.3,-1,2)-math.clamp(math.sin(-q.anim_time*90*4*2)*0.8,-1,2)",
						"-0.3+math.clamp(math.sin(q.anim_time*90*4*2-30)*0.5,0,2)-math.clamp(math.sin(q.anim_time*90*4*2-30+180)*0.5,0,2)"
					]
				},
				"leg_back_left": {
					"rotation": ["math.clamp(math.sin(q.anim_time*90*4*2+20)*40,0,50)-math.clamp(math.sin(-q.anim_time*90*4*2-20)*40,0,50)", 0, 0],
					"position": [
						0,
						"-math.clamp(math.sin(q.anim_time*90*4*2)*0.3,-1,2)-math.clamp(math.sin(-q.anim_time*90*4*2)*0.8,0,2)",
						"-0.3+math.clamp(math.sin(q.anim_time*90*4*2-30)*0.5,0,2)-math.clamp(math.sin(q.anim_time*90*4*2-30+180)*0.5,0,2)"
					]
				},
				"ear_right": {
					"rotation": [
						"-10-4*math.sin(q.anim_time*90*4*2+45)-math.clamp(4*math.sin(q.anim_time*90*4*2+90),-4,4)",
						"10+4*math.sin(q.anim_time*90*4*2+45)+math.clamp(4*math.sin(q.anim_time*90*4*2+90),-4,4)",
						0
					]
				},
				"ear_left": {
					"rotation": [
						"-10-4*math.sin(q.anim_time*90*4*2+45)-math.clamp(4*math.sin(q.anim_time*90*4*2+90),-4,4)",
						"-10-4*math.sin(q.anim_time*90*4*2+45)-math.clamp(4*math.sin(q.anim_time*90*4*2+90),-4,4)",
						0
					]
				},
				"leg_front_right2": {
					"rotation": ["-math.clamp(math.sin(-q.anim_time*90*4*2-90)*20,5,70)+5-math.clamp(math.sin(-q.anim_time*90*4*2+180)*10,5,70)+5", 0, 0]
				},
				"leg_front_right3": {
					"rotation": ["12*math.sin(q.anim_time*90*8+30)-math.clamp(math.sin(q.anim_time*90*8),1,1)", 0, 0]
				},
				"leg_front_left2": {
					"rotation": ["-math.clamp(math.sin(-q.anim_time*90*8-90+30)*20,5,70)+5-math.clamp(math.sin(-q.anim_time*90*8+180+30)*10,5,70)+5", 0, 0]
				},
				"leg_front_left3": {
					"rotation": ["8*math.sin(q.anim_time*90*8+30-90)-math.clamp(math.sin(q.anim_time*90*8-90),1,1)", 0, 0]
				},
				"leg_back_right2": {
					"rotation": ["math.clamp(math.sin(q.anim_time*90*8-180-30)*5,0,5)-math.clamp(math.sin(-q.anim_time*90*8-90)*10,0,50)", 0, 0]
				},
				"leg_back_right3": {
					"rotation": ["20+20*math.sin(q.anim_time*90*8+45-30)-math.clamp(math.sin(q.anim_time*90*8+90-30),1,1)", 0, 0]
				},
				"leg_back_left2": {
					"rotation": ["math.clamp(math.sin(q.anim_time*90*8-90)*5,0,5)-math.clamp(math.sin(-q.anim_time*90*8-90)*10,0,10)", 0, 0]
				},
				"leg_back_left3": {
					"rotation": ["20+20*math.sin(q.anim_time*90*8+15)-math.clamp(math.sin(q.anim_time*90*8+90),1,1)", 0, 0]
				},
				"tail": {
					"rotation": ["10-math.sin(q.anim_time*90*4*2+60)*12", 0, 0]
				},
				"tail2": {
					"rotation": ["-math.sin(q.anim_time*90*4*2-30)*12", 0, 0]
				},
				"tail3": {
					"rotation": ["-math.sin(q.anim_time*90*4*2)*6", 0, 0]
				},
				"hair5": {
					"rotation": ["Math.cos((query.anim_time) * 90 * 1 + 30) * -3", 0, 0]
				},
				"hair6": {
					"rotation": [8, 0, 0]
				},
				"hair7": {
					"rotation": ["-10+Math.cos((query.anim_time) * 90 * 4 * 2 + 30) * -12", 0, 0],
					"position": [0, 0.4, 0]
				},
				"hair8": {
					"rotation": ["-30+Math.cos((query.anim_time) * 90 * 4 * 2 + 30) * -12", 0, 0],
					"position": [0, 0.2, 0]
				},
				"hair2": {
					"rotation": ["Math.cos((query.anim_time) * 90 * 1 + 30) * -7", 0, 0]
				},
				"hair3": {
					"rotation": ["Math.cos((query.anim_time) * 90 * 1 + 60) * -5", 0, 0]
				},
				"hair9": {
					"rotation": ["Math.cos((query.anim_time) * 90 * 1 + 90) * -3", 0, 0]
				},
				"hair10": {
					"rotation": ["Math.cos((query.anim_time) * 90 * 1 + 30) * 3", 0, 0]
				},
				"hair11": {
					"rotation": ["Math.cos((query.anim_time) * 90 * 1 + 60) * 10", 0, 0]
				},
				"hair12": {
					"rotation": ["Math.cos((query.anim_time) * 90 * 1 + 90) * 4", 0, 0]
				},
				"hair13": {
					"rotation": ["Math.cos((query.anim_time) * 90 * 1 + 30) * 3", 0, 0]
				},
				"hair14": {
					"rotation": ["Math.cos((query.anim_time) * 90 * 1 + 60) * 10", 0, 0]
				},
				"hair15": {
					"rotation": ["Math.cos((query.anim_time) * 90 * 1 + 90) * 4", 0, 0]
				},
				"hair16": {
					"rotation": ["Math.cos((query.anim_time) * 90 * 1 + 30) * -3", 0, 0]
				},
				"hair17": {
					"rotation": ["Math.cos((query.anim_time) * 90 * 1 + 60) * -5", 0, 0]
				},
				"hair18": {
					"rotation": ["Math.cos((query.anim_time) * 90 * 1 + 90) * -3", 0, 0]
				},
				"dust1": {
					"rotation": ["-math.mod(query.anim_time*0.04,1)*360", "-math.mod(query.anim_time*0.02,3)*360", 0],
					"position": [0, "-math.cos(query.anim_time*30*2-300)* 1", 0],
					"scale": "0.8-math.sin(query.anim_time*180*1 +300)*0.1"
				},
				"dust2": {
					"rotation": ["math.mod(query.anim_time*0.04,1)*360", "-math.mod(query.anim_time*0.06,1)*360", 0],
					"position": [0, "math.cos(query.anim_time*30*3-300)* 1", 0],
					"scale": "1-math.sin(query.anim_time*200*0.6+300)*0.4"
				},
				"dust4": {
					"rotation": ["-math.mod(query.anim_time*0.04,1)*360", "math.mod(query.anim_time*0.06,1)*360", 0],
					"position": [0, "0+math.cos(query.anim_time*60*1-300)*0.9", 0],
					"scale": "0.9-math.sin(query.anim_time*100*1+300)*0.1"
				},
				"dust3": {
					"rotation": ["math.mod(query.anim_time*0.06,1)*360", "math.mod(query.anim_time*0.03,1)*360", 0],
					"position": [0, "math.cos(query.anim_time*70*1-300)*0.4", 0],
					"scale": "0.4-math.sin(query.anim_time*100*1+300)*0.1"
				},
				"front_leg_left": {
					"rotation": [
						"5+math.clamp(math.sin(-q.anim_time*90*4*1-20+30)*30,-40,0)+math.clamp(math.sin(q.anim_time*90*4*1+20-30)*30,-40,0)+math.clamp(math.sin(-q.anim_time*90*4*2-40+30)*50,0,70)-math.clamp(math.sin(-q.anim_time*90*4*2-30+180+30)*20,5,70)+5",
						0,
						0
					]
				},
				"elbow_left": {
					"rotation": ["-math.clamp(math.sin(-q.anim_time*90*8-90+30)*20,5,70)+5-math.clamp(math.sin(-q.anim_time*90*8+180+30)*10,5,70)+5", 0, 0]
				},
				"frontpaw_left": {
					"rotation": ["8*math.sin(q.anim_time*90*8+30-90)-math.clamp(math.sin(q.anim_time*90*8-90),1,1)", 0, 0]
				},
				"front_leg_right": {
					"rotation": [
						"5+math.clamp(math.sin(-q.anim_time*90*4*1-20)*30,-40,0)+math.clamp(math.sin(q.anim_time*90*4*1+20)*30,-40,0)+math.clamp(math.sin(-q.anim_time*90*4*2-40)*50,0,70)-math.clamp(math.sin(-q.anim_time*90*4*2-30+180)*20,5,70)+5",
						0,
						0
					]
				},
				"elbow_right": {
					"rotation": ["-math.clamp(math.sin(-q.anim_time*90*4*2-90)*20,5,70)+5-math.clamp(math.sin(-q.anim_time*90*4*2+180)*10,5,70)+5", 0, 0]
				},
				"frontpaw_right": {
					"rotation": ["12*math.sin(q.anim_time*90*8+30)-math.clamp(math.sin(q.anim_time*90*8),1,1)", 0, 0]
				},
				"back_leg_left": {
					"rotation": ["math.clamp(math.sin(q.anim_time*90*4*2+20)*40,0,50)-math.clamp(math.sin(-q.anim_time*90*4*2-20)*40,0,50)", 0, 0],
					"position": [
						0,
						"-math.clamp(math.sin(q.anim_time*90*4*2)*0.3,-1,2)-math.clamp(math.sin(-q.anim_time*90*4*2)*0.8,0,2)",
						"-0.3+math.clamp(math.sin(q.anim_time*90*4*2-30)*0.5,0,2)-math.clamp(math.sin(q.anim_time*90*4*2-30+180)*0.5,0,2)"
					]
				},
				"ankle_left": {
					"rotation": ["math.clamp(math.sin(q.anim_time*90*8-90)*5,0,5)-math.clamp(math.sin(-q.anim_time*90*8-90)*10,0,10)", 0, 0]
				},
				"foot_left": {
					"rotation": ["20+20*math.sin(q.anim_time*90*8+15)-math.clamp(math.sin(q.anim_time*90*8+90),1,1)", 0, 0]
				},
				"dust5": {
					"rotation": ["math.mod(query.anim_time*0.04,1)*360", "-math.mod(query.anim_time*0.06,1)*360", 0],
					"position": [0, "0+math.cos(query.anim_time*60*1-300)*0.9", 0],
					"scale": [
						"0.51-math.sin(query.anim_time*100*1+300)*0.2",
						"0.51+math.sin(query.anim_time*80*1+300)*0.2",
						"0.51-math.sin(query.anim_time*120*1+300)*0.1"
					]
				},
				"back_leg_right": {
					"rotation": ["math.clamp(math.sin(q.anim_time*90*4*2)*40,0,50)-math.clamp(math.sin(-q.anim_time*90*4*2)*40,0,50)", 0, 0],
					"position": [
						0,
						"-math.clamp(math.sin(q.anim_time*90*4*2)*0.3,-1,2)-math.clamp(math.sin(-q.anim_time*90*4*2)*0.8,-1,2)",
						"-0.3+math.clamp(math.sin(q.anim_time*90*4*2-30)*0.5,0,2)-math.clamp(math.sin(q.anim_time*90*4*2-30+180)*0.5,0,2)"
					]
				},
				"ankle_right": {
					"rotation": ["math.clamp(math.sin(q.anim_time*90*8-180-30)*5,0,5)-math.clamp(math.sin(-q.anim_time*90*8-90)*10,0,50)", 0, 0]
				},
				"foot_right": {
					"rotation": ["20+20*math.sin(q.anim_time*90*8+45-30)-math.clamp(math.sin(q.anim_time*90*8+90-30),1,1)", 0, 0]
				}
			}
		},
		"animation.umbreon_altered.battle_idle": {
			"loop": true,
			"bones": {
				"body": {
					"rotation": [0, -45, 0]
				},
				"torso": {
					"rotation": [10, 0, 0],
					"position": [0, "(math.clamp(math.sin(q.anim_time*90*4+180)*0.1,-0.03,0.03)+math.clamp(math.sin(q.anim_time*90*2+180)*0.15,-0.5,0.5))*0.5", 0]
				},
				"torso2": {
					"rotation": [-2.5, 0, 0]
				},
				"torso3": {
					"rotation": [-10, 0, 0]
				},
				"head_angle": {
					"rotation": [-35, 70, -55]
				},
				"tail": {
					"rotation": ["5+4*(math.sin(q.anim_time*90*2)*1)+4*(math.sin(q.anim_time*90*2/2)*1)", 5, 0]
				},
				"front_leg_left": {
					"rotation": [10, 0, -5]
				},
				"elbow_left": {
					"rotation": [-10, 0, 0]
				},
				"frontpaw_left": {
					"rotation": [0, 0, 5]
				},
				"back_leg_left": {
					"rotation": [5, 0, -5]
				},
				"ankle_left": {
					"rotation": [-5, 0, 0]
				},
				"foot_left": {
					"rotation": [0, 0, 5]
				},
				"tail2": {
					"rotation": ["7.5+4*(math.sin(q.anim_time*90*2-90)*1)+4*(math.sin(q.anim_time*90*2/2-90)*1)", 5, 0]
				},
				"tail3": {
					"rotation": ["12.5+4*(math.sin(q.anim_time*90*2-90)*1)+4*(math.sin(q.anim_time*90*2/2-90)*1)", 0, 0]
				},
				"tail4": {
					"rotation": ["7.5+4*(math.sin(q.anim_time*90*2-90)*1)+4*(math.sin(q.anim_time*90*2/2-90)*1)", 0, 0]
				},
				"front_leg_right": {
					"rotation": [0, 7.5, 7.5]
				},
				"elbow_right": {
					"rotation": [-7.5, 0, 0]
				},
				"frontpaw_right": {
					"rotation": [7.5, 0, -7.5]
				},
				"ear_left2": {
					"rotation": [0, 0, 5]
				},
				"ear_ring_left": {
					"scale": 1.02
				},
				"ear_left3": {
					"rotation": ["0-2*math.sin(q.anim_time*90*2+90)+math.clamp(math.sin(q.anim_time*90*2-90),-1,1)", 0, 7.5]
				},
				"ear_right": {
					"rotation": ["-30-2*math.sin(q.anim_time*90*2+90)+math.clamp(math.sin(q.anim_time*90*2-90),-1,1)", 0, 5]
				},
				"ear_right2": {
					"rotation": [0, 0, 5]
				},
				"ear_ring_right": {
					"scale": 1.02
				},
				"ear_right3": {
					"rotation": ["-2*math.sin(q.anim_time*90*2+90)+math.clamp(math.sin(q.anim_time*90*2-90),-1,1)", 0, 7.5]
				},
				"back_leg_right": {
					"rotation": [17.5, 0, 12.5]
				},
				"frontleg_ring_left": {
					"scale": 1.02
				},
				"frontleg_ring_right": {
					"scale": 1.02
				},
				"backleg_ring_left": {
					"scale": 1.02
				},
				"backleg_ring_right": {
					"scale": 1.02
				},
				"knee_right": {
					"rotation": [-12.5, 0, 0]
				},
				"ankle_right": {
					"rotation": [15, 0, 0]
				},
				"foot_right": {
					"rotation": [-20, 0, -12.5]
				},
				"tail_ring": {
					"scale": 1.02
				},
				"ear_left": {
					"rotation": ["-20-2*math.sin(q.anim_time*90*2+90)+math.clamp(math.sin(q.anim_time*90*2-90),-1,1)", 0, 0]
				},
				"umbreon": {
					"rotation": [0, 0, 0]
				},
				"waist": {
					"rotation": [0, -32.5, 0]
				},
				"hair4": {
					"rotation": ["29.4363636744+math.cos((query.anim_time) * 90 * 1) * 0.3", 71.03271, 49.65246],
					"position": [0, -1, 0],
					"scale": "0.95-math.sin(query.anim_time*80*0.6+300)*0.05"
				},
				"hair19": {
					"scale": [
						"1-math.sin(query.anim_time*80*0.6+300)*0.12",
						"1+math.sin(query.anim_time*140*0.6+300)*0.1",
						"0.7-math.sin(query.anim_time*120*0.6+300)*0.17"
					]
				},
				"hair20": {
					"scale": [
						"0.7-math.sin(query.anim_time*100*0.6+300)*0.17",
						"1-math.sin(query.anim_time*80*0.6+300)*0.1",
						"1+math.sin(query.anim_time*140*0.6+300)*0.1"
					]
				},
				"hair5": {
					"rotation": ["Math.cos((query.anim_time) * 90 * 1 + 30) * -3.2382", -5.93645, 4.59174]
				},
				"hair6": {
					"rotation": ["Math.cos((query.anim_time) * 90 * 1 + 60) * -3.6472", -12.31574, -12.53008]
				},
				"hair7": {
					"rotation": [0.10879, -3.37562, -13.69066]
				},
				"hair8": {
					"rotation": ["-9.3141+Math.cos((query.anim_time) * 90 * 1 + 120) * -3", -13.93434, -5.60867]
				},
				"hair10": {
					"rotation": ["Math.cos((query.anim_time) * 90 * 1 + 30) * 3", 0, 0]
				},
				"hair11": {
					"rotation": ["Math.cos((query.anim_time) * 90 * 1 + 60) * 10", 0, 0]
				},
				"hair12": {
					"rotation": ["Math.cos((query.anim_time) * 90 * 1 + 90) * 4", 0, 0]
				},
				"dust3": {
					"rotation": ["math.mod(query.anim_time*0.06,1)*360", "math.mod(query.anim_time*0.03,1)*360", 0],
					"position": [0, "math.cos(query.anim_time*70*1-300)*0.4", 0],
					"scale": ["0.4-math.sin(query.anim_time*140*1+300)*0.1", "0.4-math.sin(query.anim_time*80*1+300)*0.1", "0.4+math.sin(query.anim_time*120*1+300)*0.1"]
				},
				"back_legs": {
					"rotation": [0, -32.5, 0]
				},
				"dust5": {
					"rotation": ["math.mod(query.anim_time*0.04,1)*360", "-math.mod(query.anim_time*0.06,1)*360", 0],
					"position": [0, "0+math.cos(query.anim_time*60*1-300)*0.9", 0],
					"scale": [
						"0.51-math.sin(query.anim_time*100*1+300)*0.2",
						"0.51+math.sin(query.anim_time*80*1+300)*0.2",
						"0.51-math.sin(query.anim_time*120*1+300)*0.1"
					]
				},
				"dust1": {
					"rotation": ["-math.mod(query.anim_time*0.04,1)*360", "-math.mod(query.anim_time*0.02,3)*360", 0],
					"position": [0, "-math.cos(query.anim_time*30*2-300)* 1", 0],
					"scale": [
						"0.8-math.sin(query.anim_time*180*1 +300)*0.1",
						"0.7+math.sin(query.anim_time*180*1 +300)*0.1",
						"0.8-math.sin(query.anim_time*80*1 +300)*0.4"
					]
				},
				"dust2": {
					"rotation": ["math.mod(query.anim_time*0.04,1)*360", "-math.mod(query.anim_time*0.06,1)*360", 0],
					"position": [0, "math.cos(query.anim_time*30*3-300)* 1", 0],
					"scale": [
						"0.7+math.sin(query.anim_time*200*0.6+300)*0.4",
						"1-math.sin(query.anim_time*150*0.6+300)*0.4",
						"1+math.sin(query.anim_time*160*0.6+300)*0.4"
					]
				},
				"dust4": {
					"rotation": ["-math.mod(query.anim_time*0.04,1)*360", "math.mod(query.anim_time*0.06,1)*360", 0],
					"position": [0, "0+math.cos(query.anim_time*60*1-300)*0.9", 0],
					"scale": [
						"0.9-math.sin(query.anim_time*100*1+300)*0.1",
						"0.9+math.sin(query.anim_time*120*1+300)*0.5",
						"0.9-math.sin(query.anim_time*150*1+300)*0.1"
					]
				},
				"upperbody": {
					"rotation": ["2-Math.cos((query.anim_time) * 90 * 1) * -3", 0, 0]
				}
			}
		},
		"animation.umbreon_altered.blink": {
			"animation_length": 0.1667,
			"bones": {
				"eyelid_left": {
					"position": {
						"0.0": [0.1, 0, -0.1],
						"0.1667": {
							"pre": [0.1, 0, -0.1],
							"post": [0, 0, 0]
						}
					}
				},
				"eyelid_right": {
					"position": {
						"0.0": [-0.1, 0, -0.1],
						"0.1667": {
							"pre": [-0.1, 0, -0.1],
							"post": [0, 0, 0]
						}
					}
				},
				"eye_left": {
					"position": {
						"0.0": [-0.1, 0, 0.1],
						"0.1667": {
							"pre": [-0.1, 0, 0.1],
							"post": [0, 0, 0]
						}
					}
				},
				"eye_right": {
					"position": {
						"0.0": [0.1, 0, 0.1],
						"0.1667": {
							"pre": [0.1, 0, 0.1],
							"post": [0, 0, 0]
						}
					}
				}
			}
		},
		"animation.umbreon_altered.cry": {
			"animation_length": 1.25,
			"bones": {
				"head": {
					"rotation": {
						"0.0": {
							"post": [0, 0, 0],
							"lerp_mode": "catmullrom"
						},
						"0.0833": {
							"post": [1.25, 0, 0],
							"lerp_mode": "catmullrom"
						},
						"0.1667": {
							"post": [-5, 0, 0],
							"lerp_mode": "catmullrom"
						},
						"0.4583": {
							"post": [-2.5, 0, 0],
							"lerp_mode": "catmullrom"
						},
						"0.5833": {
							"post": [-5, 0, 0],
							"lerp_mode": "catmullrom"
						},
						"0.7083": {
							"post": [-10, 0, 0],
							"lerp_mode": "catmullrom"
						},
						"0.9167": {
							"post": [0, 0, 0],
							"lerp_mode": "catmullrom"
						},
						"1.25": [0, 0, 0]
					}
				},
				"mouth": {
					"position": {
						"0.0": [0, 0, 0],
						"0.0833": [0, 0, 0],
						"0.125": [0, 0, -0.1],
						"0.2917": [0, 0, -0.1],
						"0.3333": [0, 0, 0],
						"0.5417": [0, 0, 0],
						"0.5833": [0, 0, -0.1],
						"0.75": [0, 0, -0.1],
						"0.7917": [0, 0, 0]
					}
				},
				"ear_left": {
					"rotation": {
						"0.0": {
							"post": [0, 0, 0],
							"lerp_mode": "catmullrom"
						},
						"0.1667": {
							"post": [-0.5, 0, 0],
							"lerp_mode": "catmullrom"
						},
						"0.25": {
							"post": [-7.5, 0, 0],
							"lerp_mode": "catmullrom"
						},
						"0.4583": {
							"post": [-2.5, 0, 0],
							"lerp_mode": "catmullrom"
						},
						"0.625": {
							"post": [-5, 0, 0],
							"lerp_mode": "catmullrom"
						},
						"0.7917": {
							"post": [-10, 0, 0],
							"lerp_mode": "catmullrom"
						},
						"1.0417": {
							"post": [0, 0, 0],
							"lerp_mode": "catmullrom"
						},
						"1.25": [0, 0, 0]
					}
				},
				"ear_right": {
					"rotation": {
						"0.0": {
							"post": [0, 0, 0],
							"lerp_mode": "catmullrom"
						},
						"0.1667": {
							"post": [-0.5, 0, 0],
							"lerp_mode": "catmullrom"
						},
						"0.25": {
							"post": [-7.5, 0, 0],
							"lerp_mode": "catmullrom"
						},
						"0.4583": {
							"post": [-2.5, 0, 0],
							"lerp_mode": "catmullrom"
						},
						"0.625": {
							"post": [-5, 0, 0],
							"lerp_mode": "catmullrom"
						},
						"0.7917": {
							"post": [-10, 0, 0],
							"lerp_mode": "catmullrom"
						},
						"1.0417": {
							"post": [0, 0, 0],
							"lerp_mode": "catmullrom"
						},
						"1.25": [0, 0, 0]
					}
				}
			},
			"sound_effects": {
				"0.125": {
					"effect": "pokemon.umbreon_altered.cry"
				}
			}
		}
	}
}