{
	"format_version": "1.8.0",
	"animations": {
		"animation.ponku-spaceworldmons.ground_idle": {
			"loop": true,
			"animation_length": 2,
			"bones": {
				"hand_left": {
					"rotation": {
						"0.0": {
							"post": [-15.06885, 29.14089, -28.93803],
							"lerp_mode": "catmullrom"
						},
						"1.0": {
							"post": [-3.17805, 32.36121, -5.92236],
							"lerp_mode": "catmullrom"
						},
						"2.0": {
							"post": [-15.06885, 29.14089, -28.93803],
							"lerp_mode": "catmullrom"
						}
					}
				},
				"hand_right": {
					"rotation": {
						"0.0": {
							"post": [-15.06885, -29.14089, 28.93803],
							"lerp_mode": "catmullrom"
						},
						"1.0": {
							"post": [-3.12799, -32.01591, 5.8711],
							"lerp_mode": "catmullrom"
						},
						"2.0": {
							"post": [-15.06885, -29.14089, 28.93803],
							"lerp_mode": "catmullrom"
						}
					}
				},
				"tail": {
					"rotation": {
						"0.0": {
							"post": [52.30222, -21.2842, -25.15933],
							"lerp_mode": "catmullrom"
						},
						"1.0": {
							"post": [44.80222, -21.2842, -25.15933],
							"lerp_mode": "catmullrom"
						},
						"2.0": {
							"post": [52.30222, -21.2842, -25.15933],
							"lerp_mode": "catmullrom"
						}
					}
				},
				"tail2": {
					"rotation": {
						"0.0": {
							"post": [45, 0, 0],
							"lerp_mode": "catmullrom"
						}
					}
				},
				"body": {
					"position": {
						"0.0": {
							"post": [0, 0, 0],
							"lerp_mode": "catmullrom"
						},
						"1.0": {
							"post": [0, -0.5, 0],
							"lerp_mode": "catmullrom"
						},
						"2.0": {
							"post": [0, 0, 0],
							"lerp_mode": "catmullrom"
						}
					}
				},
				"foot_left": {
					"position": {
						"0.0": {
							"post": [0, 0, 0],
							"lerp_mode": "catmullrom"
						},
						"1.0": {
							"post": [0, 0.5, 0],
							"lerp_mode": "catmullrom"
						},
						"2.0": {
							"post": [0, 0, 0],
							"lerp_mode": "catmullrom"
						}
					}
				},
				"foot_right": {
					"position": {
						"0.0": {
							"post": [0, 0, 0],
							"lerp_mode": "catmullrom"
						},
						"1.0": {
							"post": [0, 0.5, 0],
							"lerp_mode": "catmullrom"
						},
						"2.0": {
							"post": [0, 0, 0],
							"lerp_mode": "catmullrom"
						}
					}
				},
				"head": {
					"rotation": {
						"0.0": {
							"post": [0, 0, 0],
							"lerp_mode": "catmullrom"
						},
						"1.0": {
							"post": [-7.5, 0, 0],
							"lerp_mode": "catmullrom"
						},
						"2.0": {
							"post": [0, 0, 0],
							"lerp_mode": "catmullrom"
						}
					},
					"position": {
						"0.0": {
							"post": [0, 0, 0],
							"lerp_mode": "catmullrom"
						},
						"1.0": {
							"post": [0, -0.5, 0],
							"lerp_mode": "catmullrom"
						},
						"2.0": {
							"post": [0, 0, 0],
							"lerp_mode": "catmullrom"
						}
					}
				}
			}
		},
		"animation.ponku-spaceworldmons.blink": {
			"animation_length": 0.125,
			"bones": {
				"pupil_left": {
					"position": {
						"0.0": [0, 0, 0],
						"0.0833": [-1, -0.5, 0],
						"0.125": [-1, -0.5, 0]
					}
				},
				"eyelid_left": {
					"position": {
						"0.0": [0, 0, 0],
						"0.0833": [0, -1, -0.1],
						"0.125": [0, -1, -0.1]
					}
				},
				"pupil_right": {
					"position": {
						"0.0": [0, 0, 0],
						"0.0833": [1, -1, 0],
						"0.125": [1, -1, 0]
					}
				},
				"eyelid_right": {
					"position": {
						"0.0": [0, 0, 0],
						"0.0833": [0, -1, -0.1],
						"0.125": [0, -1, -0.1]
					}
				}
			}
		},
		"animation.ponku-spaceworldmons.sleep": {
			"loop": true,
			"animation_length": 2,
			"bones": {
				"body": {
					"rotation": {
						"0.0": {
							"post": [90, 0, 0],
							"lerp_mode": "catmullrom"
						},
						"2.0": {
							"post": [90, 0, 0],
							"lerp_mode": "catmullrom"
						}
					},
					"position": {
						"0.0": {
							"post": [0, 1.5, 3.5],
							"lerp_mode": "catmullrom"
						},
						"1.0": {
							"post": [0, 1, 3.5],
							"lerp_mode": "catmullrom"
						},
						"2.0": {
							"post": [0, 1.5, 3.5],
							"lerp_mode": "catmullrom"
						}
					}
				},
				"foot_left": {
					"rotation": {
						"0.0": {
							"post": [-30, 0, 0],
							"lerp_mode": "catmullrom"
						},
						"1.0": {
							"post": [-15, 0, 0],
							"lerp_mode": "catmullrom"
						},
						"2.0": {
							"post": [-30, 0, 0],
							"lerp_mode": "catmullrom"
						}
					},
					"position": {
						"0.0": {
							"post": [0, 0, 0],
							"lerp_mode": "catmullrom"
						},
						"2.0": {
							"post": [0, 0, 0],
							"lerp_mode": "catmullrom"
						}
					}
				},
				"foot_right": {
					"rotation": {
						"0.0": {
							"post": [-30, 0, 0],
							"lerp_mode": "catmullrom"
						},
						"1.0": {
							"post": [-15, 0, 0],
							"lerp_mode": "catmullrom"
						},
						"2.0": {
							"post": [-30, 0, 0],
							"lerp_mode": "catmullrom"
						}
					},
					"position": {
						"0.0": {
							"post": [0, 0, 0],
							"lerp_mode": "catmullrom"
						},
						"2.0": {
							"post": [0, 0, 0],
							"lerp_mode": "catmullrom"
						}
					}
				},
				"head": {
					"rotation": {
						"0.0": {
							"post": [-25, 0, 0],
							"lerp_mode": "catmullrom"
						},
						"1.0": {
							"post": [-37.5, 0, 0],
							"lerp_mode": "catmullrom"
						},
						"2.0": {
							"post": [-25, 0, 0],
							"lerp_mode": "catmullrom"
						}
					},
					"position": {
						"0.0": {
							"post": [0, 0, 0],
							"lerp_mode": "catmullrom"
						},
						"2.0": {
							"post": [0, 0, 0],
							"lerp_mode": "catmullrom"
						}
					}
				},
				"pupil_left": {
					"position": {
						"0.0": {
							"post": [-1, -0.5, 0],
							"lerp_mode": "catmullrom"
						},
						"2.0": {
							"post": [-1, -0.5, 0],
							"lerp_mode": "catmullrom"
						}
					}
				},
				"eyelid_left": {
					"position": {
						"0.0": {
							"post": [0, -1, -0.1],
							"lerp_mode": "catmullrom"
						},
						"2.0": {
							"post": [0, -1, -0.1],
							"lerp_mode": "catmullrom"
						}
					}
				},
				"pupil_right": {
					"position": {
						"0.0": {
							"post": [1, -1, 0],
							"lerp_mode": "catmullrom"
						},
						"2.0": {
							"post": [1, -1, 0],
							"lerp_mode": "catmullrom"
						}
					}
				},
				"eyelid_right": {
					"position": {
						"0.0": {
							"post": [0, -1, -0.1],
							"lerp_mode": "catmullrom"
						},
						"2.0": {
							"post": [0, -1, -0.1],
							"lerp_mode": "catmullrom"
						}
					}
				},
				"hand_left": {
					"rotation": {
						"0.0": {
							"post": [0, 60, 0],
							"lerp_mode": "catmullrom"
						},
						"1.0": {
							"post": [0, 67.5, 0],
							"lerp_mode": "catmullrom"
						},
						"2.0": {
							"post": [0, 60, 0],
							"lerp_mode": "catmullrom"
						}
					},
					"position": {
						"0.0": {
							"post": [0, 0, 0],
							"lerp_mode": "catmullrom"
						},
						"2.0": {
							"post": [0, 0, 0],
							"lerp_mode": "catmullrom"
						}
					}
				},
				"hand_right": {
					"rotation": {
						"0.0": {
							"post": [0, -60, 0],
							"lerp_mode": "catmullrom"
						},
						"1.0": {
							"post": [0, -67.5, 0],
							"lerp_mode": "catmullrom"
						},
						"2.0": {
							"post": [0, -60, 0],
							"lerp_mode": "catmullrom"
						}
					},
					"position": {
						"0.0": {
							"post": [0, 0, 0],
							"lerp_mode": "catmullrom"
						},
						"2.0": {
							"post": [0, 0, 0],
							"lerp_mode": "catmullrom"
						}
					}
				},
				"tail": {
					"rotation": {
						"0.0": {
							"post": [40, 0, 0],
							"lerp_mode": "catmullrom"
						},
						"1.0": {
							"post": [32.5, 0, 0],
							"lerp_mode": "catmullrom"
						},
						"2.0": {
							"post": [40, 0, 0],
							"lerp_mode": "catmullrom"
						}
					}
				},
				"tail2": {
					"rotation": {
						"0.0": {
							"post": [47.5, 0, 0],
							"lerp_mode": "catmullrom"
						},
						"2.0": {
							"post": [47.5, 0, 0],
							"lerp_mode": "catmullrom"
						}
					}
				}
			}
		},
		"animation.ponku-spaceworldmons.ground_walk": {
			"loop": true,
			"animation_length": 2,
			"bones": {
				"body": {
					"position": {
						"0.0": {
							"post": [0, 0, 0],
							"lerp_mode": "catmullrom"
						},
						"0.5": {
							"post": [0, -0.5, 0],
							"lerp_mode": "catmullrom"
						},
						"1.0": {
							"post": [0, 0, 0],
							"lerp_mode": "catmullrom"
						},
						"1.5": {
							"post": [0, -0.5, 0],
							"lerp_mode": "catmullrom"
						},
						"2.0": {
							"post": [0, 0, 0],
							"lerp_mode": "catmullrom"
						}
					}
				},
				"foot_left": {
					"rotation": {
						"0.0": {
							"post": [25, 0, 0],
							"lerp_mode": "catmullrom"
						},
						"1.0": {
							"post": [-25, 0, 0],
							"lerp_mode": "catmullrom"
						},
						"2.0": {
							"post": [25, 0, 0],
							"lerp_mode": "catmullrom"
						}
					},
					"position": {
						"0.0": {
							"post": [0, 0, 0],
							"lerp_mode": "catmullrom"
						},
						"0.5": {
							"post": [0, 0.5, 0],
							"lerp_mode": "catmullrom"
						},
						"1.0": {
							"post": [0, 0, 0],
							"lerp_mode": "catmullrom"
						},
						"1.5": {
							"post": [0, 0.5, 0],
							"lerp_mode": "catmullrom"
						},
						"2.0": {
							"post": [0, 0, 0],
							"lerp_mode": "catmullrom"
						}
					}
				},
				"foot_right": {
					"rotation": {
						"0.0": {
							"post": [-25, 0, 0],
							"lerp_mode": "catmullrom"
						},
						"1.0": {
							"post": [25, 0, 0],
							"lerp_mode": "catmullrom"
						},
						"2.0": {
							"post": [-25, 0, 0],
							"lerp_mode": "catmullrom"
						}
					},
					"position": {
						"0.0": {
							"post": [0, 0, 0],
							"lerp_mode": "catmullrom"
						},
						"0.5": {
							"post": [0, 0.5, 0],
							"lerp_mode": "catmullrom"
						},
						"1.0": {
							"post": [0, 0, 0],
							"lerp_mode": "catmullrom"
						},
						"1.5": {
							"post": [0, 0.5, 0],
							"lerp_mode": "catmullrom"
						},
						"2.0": {
							"post": [0, 0, 0],
							"lerp_mode": "catmullrom"
						}
					}
				},
				"head": {
					"rotation": {
						"0.0": {
							"post": [0, 0, 0],
							"lerp_mode": "catmullrom"
						},
						"1.0": {
							"post": [-5, 0, 0],
							"lerp_mode": "catmullrom"
						},
						"2.0": {
							"post": [0, 0, 0],
							"lerp_mode": "catmullrom"
						}
					}
				},
				"hand_left": {
					"rotation": {
						"0.0": {
							"post": [-13.9351, -19.45487, 41.13162],
							"lerp_mode": "catmullrom"
						},
						"1.0": {
							"post": [-15.06885, 29.14089, 28.93803],
							"lerp_mode": "catmullrom"
						},
						"2.0": {
							"post": [-13.9351, -19.45487, 41.13162],
							"lerp_mode": "catmullrom"
						}
					}
				},
				"hand_right": {
					"rotation": {
						"0.0": {
							"post": [-15.06885, -29.14089, -28.93803],
							"lerp_mode": "catmullrom"
						},
						"1.0": {
							"post": [-13.9351, 19.45487, -41.13162],
							"lerp_mode": "catmullrom"
						},
						"2.0": {
							"post": [-15.06885, -29.14089, -28.93803],
							"lerp_mode": "catmullrom"
						}
					}
				},
				"tail": {
					"rotation": {
						"0.0": {
							"post": [52.30222, -21.2842, -25.15933],
							"lerp_mode": "catmullrom"
						},
						"1.0": {
							"post": [37.30222, -21.2842, -25.15933],
							"lerp_mode": "catmullrom"
						},
						"2.0": {
							"post": [52.30222, -21.2842, -25.15933],
							"lerp_mode": "catmullrom"
						}
					}
				},
				"tail2": {
					"rotation": {
						"0.0": {
							"post": [45, 0, 0],
							"lerp_mode": "catmullrom"
						},
						"2.0": {
							"post": [45, 0, 0],
							"lerp_mode": "catmullrom"
						}
					}
				}
			}
		},
		"animation.ponku-spaceworldmons.cry": {
			"animation_length": 1,
			"bones": {
				"head": {
					"rotation": {
						"0.0": {
							"post": [0, 0, 0],
							"lerp_mode": "catmullrom"
						},
						"0.25": {
							"post": [-15, 0, 0],
							"lerp_mode": "catmullrom"
						},
						"0.75": {
							"post": [-15, 0, 0],
							"lerp_mode": "catmullrom"
						},
						"1.0": {
							"post": [0, 0, 0],
							"lerp_mode": "catmullrom"
						}
					},
					"position": {
						"0.0": {
							"post": [0, 0, 0],
							"lerp_mode": "catmullrom"
						},
						"0.25": {
							"post": [0, -0.5, 0],
							"lerp_mode": "catmullrom"
						},
						"0.75": {
							"post": [0, -0.5, 0],
							"lerp_mode": "catmullrom"
						},
						"1.0": {
							"post": [0, 0, 0],
							"lerp_mode": "catmullrom"
						}
					}
				}
			}
		}
	}
}