{
    "implemented": true,
    "name": "Komainu",
    "nationalPokedexNumber": 67,
    "primaryType": "rock",
    "secondaryType": "flying",
    "abilities": [
        "pressure",
        "h:windrider"
    ],
    "baseStats": {
        "hp": 110,
        "attack": 130,
        "defence": 105,
        "special_attack": 115,
        "special_defence": 105,
        "speed": 110
    },
    "behaviour": {
        "resting": {
            "canSleep": true,
            "willSleepOnBed": false,
            "depth": "normal",
            "light": "0-4"
        }
    },
    "catchRate": 3,
    "maleRatio": -1,
    "shoulderMountable": false,
    "baseExperienceYield": 340,
    "experienceGroup": "slow",
    "eggCycles": 120,
    "eggGroups": [
        "undiscovered"
    ],
    "moves": [
        "1:extremespeed",
        "1:rockthrow",
        "1:leer",
        "1:gust",
        "1:defog",
        "6:rockblast",
        "12:bite",
        "18:calmmind",
        "24:roar",
        "36:tailwind",
        "42:crunch",
        "46:stealthrock",
        "48:extrasensory",
        "60:wideguard",
        "72:aeroblast",
        "80:diamondstorm",
        "tm:aerialace",
        "tm:agility",
        "tm:ancientpower",
        "tm:bodyslam",
        "tm:bulldoze",
        "tm:closecombat",
        "tm:crunch",
        "tm:dig",
        "tm:doubleedge",
        "tm:dragonpulse",
        "tm:endure",
        "tm:facade",
        "tm:frustration",
        "tm:gigaimpact",
        "tm:helpinghand",
        "tm:hiddenpower",
        "tm:hyperbeam",
        "tm:hypervoice",
        "tm:ironhead",
        "tm:outrage",
        "tm:powergem",
        "tm:protect",
        "tm:psychicfangs",
        "tm:rest",
        "tm:return",
        "tm:reversal",
        "tm:roar",
        "tm:rockblast",
        "tm:rockslide",
        "tm:rocktomb",
        "tm:sandstorm",
        "tm:scaryface",
        "tm:secretpower",
        "tm:sleeptalk",
        "tm:smackdown",
        "tm:smartstrike",
        "tm:snarl",
        "tm:stealthrock",
        "tm:stoneedge",
        "tm:substitute",
        "tm:takedown",
        "tm:terablast",
        "tm:thief",
        "tm:thunderfang",
        "tm:wildcharge"
    ],
    "labels": [
        "gen2beta",
        "legendary"
    ],
    "pokedex": [
        "spaceworldmons.species.komainu.desc1",
        "spaceworldmons.species.komainu.desc2"

    ],
    "evolutions": [{
            "id": "komainu-correction-spaceworldmons",
            "variant": "level_up",
            "result": "komainu spaceworldmons",
            "consumeHeldItem": false,
            "optional": false
        }
    ],
    "baseScale": 1,
    "hitbox": {
        "width": 2.8,
        "height": 2.5,
        "fixed": false
    },
    "baseFriendship": 35,
    "evYield": {
        "hp": 1,
        "attack": 2,
        "defence": 0,
        "special_attack": 0,
        "special_defence": 0,
        "speed": 0
    },
    "height": 21,
    "weight": 1980,
    "aspects": ["spaceworldmons"],
    
    "cannotDynamax": false
}
