{
    "implemented": true,
    "name": "Kyonpan",
    "nationalPokedexNumber": 62,
    "primaryType": "Ghost",
    "secondaryType": "Dark",
    "abilities": [
        "cursedbody",
        "oblivious"
    ],
    "baseStats": {
        "hp": 90,
        "attack": 60,
        "defence": 120,
        "special_attack": 60,
        "special_defence": 120,
        "speed": 10
    },
    "drops": {
        "amount": 1,
        "entries": [{
                "item": "cobblemon:spell_tag",
                "percentage": 2.5
            }
        ]
    },
    "catchRate": 30,
    "maleRatio": 0.5,
    "shoulderMountable": false,
    "baseExperienceYield": 125,
    "experienceGroup": "medium_fast",
    "eggCycles": 25,
    "eggGroups": [
        "amorphous"
    ],
    "behaviour": {
        "moving": {
            "fly": {
                "canFly": true
            }
        }
    },
    "moves": [
        "1:leechlife",
        "tm:curse",
        "tm:defensecurl",
        "tm:doubleteam",
        "tm:dreameater",
        "tm:dynamicpunch",
        "tm:endure",
        "tm:frustration",
        "tm:headbutt",
        "tm:hiddenpower",
        "tm:irontail",
        "tm:nightmare",
        "tm:protect",
        "tm:psychic",
        "tm:psychup",
        "tm:rest",
        "tm:return",
        "tm:shadowball",
        "tm:sludgebomb",
        "tm:strength",
        "tm:swift",
        "tm:thief",
        "tm:thunder",
        "tm:toxic",
        "tm:zapcannon",
        "tutor:allyswitch",
        "tutor:attract",
        "tutor:confuseray",
        "tutor:curse",
        "tutor:darkpulse",
        "tutor:defensecurl",
        "tutor:destinybond",
        "tutor:doubleedge",
        "tutor:doubleteam",
        "tutor:dreameater",
        "tutor:endure",
        "tutor:flash",
        "tutor:foulplay",
        "tutor:frustration",
        "tutor:growl",
        "tutor:headbutt",
        "tutor:healbell",
        "tutor:hiddenpower",
        "tutor:hypervoice",
        "tutor:icywind",
        "tutor:inferno",
        "tutor:magiccoat",
        "tutor:magicroom",
        "tutor:meanlook",
        "tutor:mimic",
        "tutor:nightmare",
        "tutor:ominouswind",
        "tutor:painsplit",
        "tutor:perishsong",
        "tutor:protect",
        "tutor:psybeam",
        "tutor:psychic",
        "tutor:psychup",
        "tutor:psywave",
        "tutor:raindance",
        "tutor:rest",
        "tutor:return",
        "tutor:screech",
        "tutor:shadowball",
        "tutor:shockwave",
        "tutor:skillswap",
        "tutor:sleeptalk",
        "tutor:snatch",
        "tutor:snore",
        "tutor:spite",
        "tutor:substitute",
        "tutor:suckerpunch",
        "tutor:sunnyday",
        "tutor:swagger",
        "tutor:swift",
        "tutor:telekinesis",
        "tutor:thief",
        "tutor:thunder",
        "tutor:thunderwave",
        "tutor:toxic",
        "tutor:trick",
        "tutor:uproar",
        "tutor:wonderroom",
        "tutor:zapcannon"
    ],
    "labels": [
        "gen2beta"
    ],
    "pokedex": [
        "spaceworldmons.species.kyonpan.desc1",
        "spaceworldmons.species.kyonpan.desc2"
    ],
    "preEvolution": "norowara spaceworldmons",
    "evolutions": [{
            "id": "kyonpan-correction-spaceworldmons",
            "variant": "level_up",
            "result": "kyonpan spaceworldmons",
            "consumeHeldItem": false,
            "optional": false
        }
    ],
    "baseScale": 1,
    "hitbox": {
        "width": 0.6,
        "height": 1.4,
        "fixed": false
    },
    "baseFriendship": 35,
    "evYield": {
        "hp": 0,
        "attack": 0,
        "defence": 0,
        "special_attack": 1,
        "special_defence": 1,
        "speed": 0
    },
    "height": 9,
    "weight": 109,
    "aspects": ["spaceworldmons"],
    
    "cannotDynamax": false
}
