{
    "implemented": true,
    "name": "Madamuu",
    "nationalPokedexNumber": 111,
    "primaryType": "normal",
    "secondaryType": "flying",
    "abilities": [
        "cloudnine",
        "innerfocus",
        "h:defiant"
    ],
    "drops": {
        "amount": 5,
        "entries": [{
                "item": "minecraft:feather",
                "quantityRange": "0-2"
            }, {
                "item": "minecraft:chicken"
            }, {
                "item": "cobblemon:medicinal_leek"
            }, {
                "item": "cobblemon:wacan_berry",
                "percentage": 5.0
            }
        ]
    },
    "baseStats": {
        "hp": 72,
        "attack": 115,
        "defence": 75,
        "special_attack": 73,
        "special_defence": 82,
        "speed": 90
    },
    "catchRate": 45,
    "maleRatio": 0.5,
    "shoulderMountable": false,
    "baseExperienceYield": 177,
    "experienceGroup": "medium_fast",
    "eggCycles": 20,
    "eggGroups": [
        "flying",
        "field"
    ],
    "behaviour": {
        "resting": {
            "canSleep": false,
            "willSleepOnBed": false,
            "depth": "normal",
            "light": "0-4"
        },
        "moving": {
            "walk": {
                "walkSpeed": 0.42
            },
            "fly": {
                "canFly": true
            }
        }
    },
    "moves": [
        "1:drillpeck",
        "1:falseswipe",
        "1:bodyslam",
        "1:mirrorcoat",
        "1:peck",
        "1:sandattack",
        "5:leer",
        "10:furycutter",
        "15:rocksmash",
        "20:brutalswing",
        "25:detect",
        "30:knockoff",
        "35:defog",
        "40:brickbreak",
        "45:swordsdance",
        "50:slam",
        "55:leafblade",
        "60:finalgambit",
        "65:bravebird",
        "70:solarblade",
        "egg:counter",
        "egg:covet",
        "egg:curse",
        "egg:doubleedge",
        "egg:feint",
        "egg:flail",
        "egg:nightslash",
        "egg:quickattack",
        "egg:quickguard",
        "egg:simplebeam",
        "egg:skyattack",
        "tm:assurance",
        "tm:attract",
        "tm:bodyslam",
        "tm:bravebird",
        "tm:brickbreak",
        "tm:brutalswing",
        "tm:closecombat",
        "tm:endure",
        "tm:facade",
        "tm:focusenergy",
        "tm:helpinghand",
        "tm:leafblade",
        "tm:poisonjab",
        "tm:protect",
        "tm:rest",
        "tm:retaliate",
        "tm:revenge",
        "tm:round",
        "tm:sleeptalk",
        "tm:snore",
        "tm:solarblade",
        "tm:steelwing",
        "tm:substitute",
        "tm:sunnyday",
        "tm:superpower",
        "tm:swordsdance",
        "tm:throatchop",
        "tm:workup",
        "tutor:dualwingbeat"
    ],
    "labels": [
        "gen2beta"
    ],
    "pokedex": [
        "spaceworldmons.species.madamuu.desc1",
        "spaceworldmons.species.madamuu.desc2"
    ],
    "preEvolution": "farfetchd",
    "evolutions": [{
            "id": "madamuu-correction-spaceworldmons",
            "variant": "level_up",
            "result": "madamuu spaceworldmons",
            "consumeHeldItem": false,
            "optional": false
        }
    ],
    "baseScale": 0.9,
    "hitbox": {
        "width": 0.9,
        "height": 1.4,
        "fixed": false
    },
    "baseFriendship": 50,
    "evYield": {
        "hp": 0,
        "attack": 2,
        "defence": 0,
        "special_attack": 0,
        "special_defence": 0,
        "speed": 0
    },
    "height": 8,
    "weight": 1170,
    "aspects": ["spaceworldmons"],
    
    "cannotDynamax": false
}
