{
    "implemented": true,
    "name": "Plux",
    "nationalPokedexNumber": 114,
    "primaryType": "bug",
    "secondaryType": "steel",
    "abilities": [
        "guts",
        "moldbreaker",
        "h:moxie"
    ],
    "baseStats": {
        "hp": 65,
        "attack": 125,
        "defence": 140,
        "special_attack": 55,
        "special_defence": 70,
        "speed": 45
    },
    "catchRate": 25,
    "maleRatio": 0.5,
    "shoulderMountable": false,
    "baseExperienceYield": 200,
    "experienceGroup": "slow",
    "eggCycles": 25,
    "eggGroups": [
        "bug"
    ],
    "behaviour": {
        "moving": {
            "fly": {
                "canFly": false
            }
        }
    },
    "drops": {
        "amount": 1,
        "entries": [{
                "item": "cobblemon:pinap_berry",
                "percentage": 5.0
            }
        ]
    },
    "moves": [
        "1:endure",
        "1:nightslash",
        "1:reversal",
        "1:harden",
        "1:visegrip",
        "4:focusenergy",
        "8:bind",
        "12:seismictoss",
        "15:revenge",
        "16:bugbite",
        "20:stormthrow",
        "24:doublehit",
        "26:brickbreak",
        "28:vitalthrow",
        "32:xscissor",
        "36:strength",
        "40:swordsdance",
        "42:dualchop",
        "45:thrash",
        "46:submission",
        "50:guillotine",
        "54:superpower",
        "56:megahorn",
        "egg:bugbite",
        "egg:closecombat",
        "egg:falseswipe",
        "egg:feint",
        "egg:feintattack",
        "egg:flail",
        "egg:furyattack",
        "egg:mefirst",
        "egg:quickattack",
        "egg:superpower",
        "egg:thrash",
        "tm:attract",
        "tm:bodyslam",
        "tm:brickbreak",
        "tm:brutalswing",
        "tm:bulldoze",
        "tm:captivate",
        "tm:closecombat",
        "tm:confide",
        "tm:cut",
        "tm:dig",
        "tm:doubleteam",
        "tm:earthquake",
        "tm:endure",
        "tm:facade",
        "tm:falseswipe",
        "tm:fling",
        "tm:focusblast",
        "tm:focusenergy",
        "tm:focuspunch",
        "tm:frustration",
        "tm:gigaimpact",
        "tm:helpinghand",
        "tm:hiddenpower",
        "tm:highhorsepower",
        "tm:hyperbeam",
        "tm:irondefense",
        "tm:naturalgift",
        "tm:protect",
        "tm:raindance",
        "tm:rest",
        "tm:return",
        "tm:revenge",
        "tm:reversal",
        "tm:rockclimb",
        "tm:rockslide",
        "tm:rocksmash",
        "tm:rocktomb",
        "tm:round",
        "tm:secretpower",
        "tm:sleeptalk",
        "tm:smackdown",
        "tm:snore",
        "tm:stealthrock",
        "tm:stoneedge",
        "tm:strength",
        "tm:strugglebug",
        "tm:substitute",
        "tm:sunnyday",
        "tm:superpower",
        "tm:swagger",
        "tm:swordsdance",
        "tm:thief",
        "tm:throatchop",
        "tm:toxic",
        "tm:xscissor",
        "tm:bulkup",
        "tm:focuspunch",
        "tutor:attract",
        "tutor:bide",
        "tutor:bind",
        "tutor:bodyslam",
        "tutor:brickbreak",
        "tutor:bugbite",
        "tutor:bulkup",
        "tutor:closecombat",
        "tutor:curse",
        "tutor:cut",
        "tutor:dig",
        "tutor:doubleedge",
        "tutor:doubleteam",
        "tutor:earthquake",
        "tutor:endure",
        "tutor:facade",
        "tutor:falseswipe",
        "tutor:feint",
        "tutor:flail",
        "tutor:focusenergy",
        "tutor:focuspunch",
        "tutor:frustration",
        "tutor:furyattack",
        "tutor:furycutter",
        "tutor:guillotine",
        "tutor:harden",
        "tutor:headbutt",
        "tutor:helpinghand",
        "tutor:hiddenpower",
        "tutor:hyperbeam",
        "tutor:irondefense",
        "tutor:knockoff",
        "tutor:mefirst",
        "tutor:mimic",
        "tutor:outrage",
        "tutor:protect",
        "tutor:quickattack",
        "tutor:rage",
        "tutor:rest",
        "tutor:return",
        "tutor:rockslide",
        "tutor:rocksmash",
        "tutor:seismictoss",
        "tutor:slash",
        "tutor:sleeptalk",
        "tutor:snore",
        "tutor:stealthrock",
        "tutor:stoneedge",
        "tutor:strength",
        "tutor:stringshot",
        "tutor:submission",
        "tutor:substitute",
        "tutor:sunnyday",
        "tutor:superpower",
        "tutor:swagger",
        "tutor:swordsdance",
        "tutor:takedown",
        "tutor:thief",
        "tutor:thrash",
        "tutor:throatchop",
        "tutor:toxic",
        "tutor:visegrip",
        "tutor:xscissor"
    ],
    "labels": [
        "gen2beta"
    ],
    "pokedex": [
        "spaceworldmons.species.plux.desc1",
        "spaceworldmons.species.plux.desc2"
    ],
    "preEvolution": "pinsir",
    "evolutions": [{
            "id": "plux-correction-spaceworldmons",
            "variant": "level_up",
            "result": "plux spaceworldmons",
            "consumeHeldItem": false,
            "optional": false
        }
    ],
    "baseScale": 0.85,
    "hitbox": {
        "width": 1.1,
        "height": 2.0,
        "fixed": false
    },
    "baseFriendship": 50,
    "evYield": {
        "hp": 0,
        "attack": 2,
        "defence": 0,
        "special_attack": 0,
        "special_defence": 0,
        "speed": 0
    },
    "height": 18,
    "weight": 1180,
    "aspects": ["spaceworldmons"],
    
    "cannotDynamax": false
}
