{
    "implemented": true,
    "name": "Shibirefugu",
    "nationalPokedexNumber": 59,
    "primaryType": "water",
    "secondaryType": "electric",
    "abilities": [
        "static",
        "swiftswim",
        "h:intimidate"
    ],
    "baseStats": {
        "hp": 90,
        "attack": 112,
        "defence": 100,
        "special_attack": 85,
        "special_defence": 65,
        "speed": 75
    },
    "behaviour": {
        "moving": {
            "walk": {
                "avoidsLand": true
            },
            "swim": {
                "swimSpeed": 0.3,
                "canSwimInWater": true,
                "canBreatheUnderwater": true
            }
        },
        "resting": {
            "canSleep": true,
            "willSleepOnBed": false,
            "depth": "normal",
            "light": "0-4"
        }
    },
    "catchRate": 35,
    "maleRatio": 0.5,
    "shoulderMountable": false,
    "baseExperienceYield": 190,
    "baseFriendship": 0,
    "evYield": {
        "hp": 0,
        "attack": 2,
        "defence": 0,
        "special_attack": 0,
        "special_defence": 0,
        "speed": 0
    },
    "experienceGroup": "medium_fast",
    "eggCycles": 0,
    "eggGroups": [
        "water_2"
    ],
    "moves": [
        "1:spikes",
        "1:tackle",
        "1:poisonsting",
        "5:watergun",
        "9:harden",
        "9:minimize",
        "13:thunderwave",
        "23:spark",
        "28:selfdestruct",
        "37:pinmissile",
        "40:destinybond",
        "48:hydropump",
        "50:thunderbolt",
        "55:wildcharge",
        "tm:acidspray",
        "tm:agility",
        "tm:blizzard",
        "tm:chillingwater",
        "tm:crunch",
        "tm:curse",
        "tm:darkpulse",
        "tm:doubleedge",
        "tm:endure",
        "tm:facade",
        "tm:gigaimpact",
        "tm:gunkshot",
        "tm:gyroball",
        "tm:haze",
        "tm:hex",
        "tm:hydropump",
        "tm:hyperbeam",
        "tm:icebeam",
        "tm:icywind",
        "tm:lashout",
        "tm:liquidation",
        "tm:mudshot",
        "tm:painsplit",
        "tm:poisonjab",
        "tm:poisontail",
        "tm:protect",
        "tm:raindance",
        "tm:rest",
        "tm:reversal",
        "tm:scaleshot",
        "tm:scaryface",
        "tm:shadowball",
        "tm:sleeptalk",
        "tm:sludgebomb",
        "tm:sludgewave",
        "tm:smartstrike",
        "tm:spikes",
        "tm:spite",
        "tm:substitute",
        "tm:surf",
        "tm:swift",
        "tm:swordsdance",
        "tm:takedown",
        "tm:taunt",
        "tm:terablast",
        "tm:throatchop",
        "tm:toxic",
        "tm:toxicspikes",
        "tm:venoshock",
        "tm:waterfall",
        "tm:waterpulse"
    ],
    "labels": [
        "gen2beta"
    ],
    "pokedex": [
        "spaceworldmons.species.shibirefugu.desc1",
        "spaceworldmons.species.shibirefugu.desc2"
    ],
    "baseScale": 1.0,
    "hitbox": {
        "width": 1.5,
        "height": 1.2,
        "fixed": false
    },
    "height": 9,
    "weight": 82,
    "preEvolution": "qwilfish",
    "evolutions": [{
            "id": "shibirefugu-correction-spaceworldmons",
            "variant": "level_up",
            "result": "shibirefugu spaceworldmons",
            "consumeHeldItem": false,
            "optional": false
        }
    ],
    "aspects": ["spaceworldmons"], 
	
    "cannotDynamax": false,
    "drops": {
        "amount": 4,
        "entries": [{
                "item": "minecraft:pufferfish"
            }, {
                "item": "minecraft:prismarine_shard",
                "quantityRange": "0-2"
            }, {
                "item": "cobblemon:poison_barb",
                "percentage": 5.0
            }
        ]
    }
}