{
    "implemented": true,
    "name": "Tsubomitto",
    "nationalPokedexNumber": 116,
    "primaryType": "grass",
    "secondaryType": "poison",
    "abilities": [
        "chlorophyll",
        "h:prankster"
    ],
    "baseStats": {
        "hp": 80,
        "attack": 120,
        "defence": 65,
        "special_attack": 85,
        "special_defence": 60,
        "speed": 70
    },
    "catchRate": 45,
    "maleRatio": 0.5,
    "shoulderMountable": false,
    "baseExperienceYield": 221,
    "experienceGroup": "medium_slow",
    "eggCycles": 20,
    "eggGroups": [
        "grass"
    ],
    "drops": {
        "amount": 2,
        "entries": [{
                "item": "cobblemon:big_root",
                "percentage": 10.0
            }, {
                "item": "cobblemon:pinap_berry",
                "percentage": 10.0
            }
        ]
    },
    "moves": [
        "1:gastroacid",
        "1:leaftornado",
        "1:powerwhip",
        "1:razorleaf",
        "1:sleeppowder",
        "1:spitup",
        "1:stockpile",
        "1:swallow",
        "1:sweetscent",
        "1:vinewhip",
        "32:lovelykiss",
        "44:solarbeam",
        "tm:acidspray",
        "tm:attract",
        "tm:bodyslam",
        "tm:bugbite",
        "tm:bulletseed",
        "tm:captivate",
        "tm:confide",
        "tm:cut",
        "tm:doubleteam",
        "tm:encore",
        "tm:endure",
        "tm:energyball",
        "tm:facade",
        "tm:flash",
        "tm:frustration",
        "tm:gigadrain",
        "tm:gigaimpact",
        "tm:grassknot",
        "tm:grassyglide",
        "tm:grassyterrain",
        "tm:hiddenpower",
        "tm:hyperbeam",
        "tm:infestation",
        "tm:knockoff",
        "tm:leafstorm",
        "tm:leechlife",
        "tm:lunge",
        "tm:magicalleaf",
        "tm:naturalgift",
        "tm:naturepower",
        "tm:poisonjab",
        "tm:pounce",
        "tm:protect",
        "tm:reflect",
        "tm:rest",
        "tm:return",
        "tm:round",
        "tm:scaryface",
        "tm:secretpower",
        "tm:seedbomb",
        "tm:sleeptalk",
        "tm:sludgebomb",
        "tm:sludgewave",
        "tm:solarbeam",
        "tm:substitute",
        "tm:sunnyday",
        "tm:swagger",
        "tm:swift",
        "tm:swordsdance",
        "tm:terablast",
        "tm:thief",
        "tm:toxic",
        "tm:trailblaze",
        "tm:venoshock",
        "tm:weatherball",
        "tutor:acid",
        "tutor:attract",
        "tutor:bide",
        "tutor:bind",
        "tutor:bodyslam",
        "tutor:bugbite",
        "tutor:clearsmog",
        "tutor:curse",
        "tutor:cut",
        "tutor:doubleedge",
        "tutor:doubleteam",
        "tutor:endure",
        "tutor:facade",
        "tutor:flash",
        "tutor:frustration",
        "tutor:gastroacid",
        "tutor:gigadrain",
        "tutor:growth",
        "tutor:headbutt",
        "tutor:hiddenpower",
        "tutor:hyperbeam",
        "tutor:knockoff",
        "tutor:leechlife",
        "tutor:megadrain",
        "tutor:mimic",
        "tutor:poisonjab",
        "tutor:poisonpowder",
        "tutor:powerwhip",
        "tutor:protect",
        "tutor:rage",
        "tutor:razorleaf",
        "tutor:reflect",
        "tutor:rest",
        "tutor:return",
        "tutor:seedbomb",
        "tutor:sleeppowder",
        "tutor:sleeptalk",
        "tutor:sludgebomb",
        "tutor:snore",
        "tutor:solarbeam",
        "tutor:stunspore",
        "tutor:substitute",
        "tutor:suckerpunch",
        "tutor:sunnyday",
        "tutor:swagger",
        "tutor:sweetscent",
        "tutor:swordsdance",
        "tutor:synthesis",
        "tutor:takedown",
        "tutor:toxic",
        "tutor:vinewhip",
        "tutor:worryseed",
        "tutor:wrap"
    ],
    "labels": [
        "gen2beta"
    ],
    "pokedex": [
        "spaceworldmons.species.tsubomitto.desc1",
        "spaceworldmons.species.tsubomitto.desc2"
    ],
    "preEvolution": "weepinbell",
    "evolutions": [{
            "id": "tsubomitto-correction-spaceworldmons",
            "variant": "level_up",
            "result": "tsubomitto spaceworldmons",
            "consumeHeldItem": false,
            "optional": false
        }
    ],
    "baseScale": 1.0,
    "hitbox": {
        "width": 0.7,
        "height": 1.9,
        "fixed": false
    },
    "baseFriendship": 70,
    "evYield": {
        "hp": 0,
        "attack": 2,
        "defence": 0,
        "special_attack": 1,
        "special_defence": 0,
        "speed": 0
    },
    "height": 17,
    "weight": 155,
    "aspects": ["spaceworldmons"], 
	
    "cannotDynamax": false
}