{
	"format_version": "1.12.0",
	"minecraft:geometry": [
		{
			"description": {
				"identifier": "geometry.murkrow_male",
				"texture_width": 64,
				"texture_height": 32,
				"visible_bounds_width": 3,
				"visible_bounds_height": 2.5,
				"visible_bounds_offset": [0, 0.75, 0]
			},
			"bones": [
				{
					"name": "murkrow",
					"pivot": [0, 0, 0]
				},
				{
					"name": "body",
					"parent": "murkrow",
					"pivot": [0, 5.25, 0.25]
				},
				{
					"name": "torso",
					"parent": "body",
					"pivot": [0, 5.25, -0.75],
					"rotation": [-15, 0, 0],
					"cubes": [
						{"origin": [-2.5, 2.5, -2.25], "size": [5, 5, 4], "uv": [45, 0]},
						{"origin": [-2, 3, 1.25], "size": [4, 4, 3], "uv": [50, 16]}
					]
				},
				{
					"name": "neck",
					"parent": "torso",
					"pivot": [0, 5.25, -1.5],
					"rotation": [22.5, 0, 0],
					"cubes": [
						{"origin": [-0.5, 6, -1.7], "size": [1, 3, 1], "uv": [0, 0]}
					]
				},
				{
					"name": "head",
					"parent": "neck",
					"pivot": [0, 8.59654, -1.41705],
					"rotation": [-7.5, 0, 0],
					"cubes": [
						{"origin": [-2.5, 8, -4], "size": [5, 4, 5], "uv": [14, 14]},
						{"origin": [-1, 9.4, -7], "size": [2, 1, 3], "inflate": 0.01, "pivot": [0, 10.71094, -2.01983], "rotation": [8, 0, 0], "uv": [30, 5]},
						{"origin": [-0.5, 9, -4.6], "size": [1, 3, 1], "pivot": [0, 10.5, -4.1], "rotation": [0, -45, 0], "uv": [0, 6]},
						{"origin": [-0.5, 5.8, -6], "size": [1, 2, 1], "pivot": [0, 10.71094, -2.01983], "rotation": [-32, 0, 0], "uv": [0, 11]}
					]
				},
				{
					"name": "hat",
					"parent": "head",
					"pivot": [0, 11.5, -4],
					"rotation": [-5, 0, 0],
					"cubes": [
						{"origin": [-5, 11.5, -6.5], "size": [10, 1, 10], "pivot": [0, 12, -1.5], "rotation": [0, -45, 0], "uv": [0, 0]},
						{"origin": [-2.5, 12.5, -3.5], "size": [5, 3, 4], "uv": [45, 9]},
						{"origin": [-1.8, 15.5, -1.3], "size": [5, 3, 0], "pivot": [0, 17.46094, -0.31983], "rotation": [0, 35, 0], "uv": [30, 28]},
						{"origin": [-3.2, 15.5, -1.3], "size": [5, 3, 0], "pivot": [0, 17.46094, -0.31983], "rotation": [0, -35, 0], "uv": [18, 11]},
						{"origin": [-5, 13.6, -2.4], "size": [3, 5, 0], "pivot": [0, 17.46094, -0.81983], "rotation": [0, 15, -25], "uv": [38, 20]},
						{"origin": [2, 13.6, -2.4], "size": [3, 5, 0], "pivot": [0, 17.46094, -0.81983], "rotation": [0, -15, 25], "uv": [43, 25]}
					]
				},
				{
					"name": "jaw",
					"parent": "head",
					"pivot": [0, 8.66869, -3.78819],
					"rotation": [-5, 0, 0],
					"cubes": [
						{"origin": [-1, 8.16869, -5.78819], "size": [2, 1, 2], "uv": [41, 9]}
					]
				},
				{
					"name": "eyes",
					"parent": "head",
					"pivot": [0, 0.96094, 1.48017]
				},
				{
					"name": "eye_right",
					"parent": "eyes",
					"pivot": [0, 0.96094, 1.48017],
					"cubes": [
						{"origin": [-2.51, 9.5, -4.01], "size": [2, 2, 2], "uv": [14, 28]},
						{"origin": [-2.01, 10, -4.02], "size": [1, 1, 0], "uv": [20, 29]}
					]
				},
				{
					"name": "eyelid_right",
					"parent": "eye_right",
					"pivot": [-1.41, 10.71094, -0.92983],
					"cubes": [
						{"origin": [-2.42, 9.5, -3.92], "size": [2, 2, 2], "inflate": 0.01, "uv": [42, 16]}
					]
				},
				{
					"name": "eye_left",
					"parent": "eyes",
					"pivot": [0, 0.96094, 1.48017],
					"cubes": [
						{"origin": [0.51, 9.5, -4.01], "size": [2, 2, 2], "uv": [22, 28]},
						{"origin": [1, 10, -4.02], "size": [1, 1, 0], "uv": [22, 29]}
					]
				},
				{
					"name": "eyelid_left",
					"parent": "eye_left",
					"pivot": [1.41, 10.71094, -0.92983],
					"cubes": [
						{"origin": [0.42, 9.5, -3.92], "size": [2, 2, 2], "inflate": 0.01, "uv": [34, 16]}
					]
				},
				{
					"name": "wing_right",
					"parent": "torso",
					"pivot": [-2.5, 5.75, -2.25],
					"cubes": [
						{"origin": [-5.5, 5.75, -3.25], "size": [3, 0, 4], "uv": [0, 0]}
					]
				},
				{
					"name": "wing_right2",
					"parent": "wing_right",
					"pivot": [-5.5, 5.75, 0.75],
					"cubes": [
						{"origin": [-9.5, 5.75, -3.25], "size": [4, 0, 5], "uv": [24, 11]}
					]
				},
				{
					"name": "wing_right3",
					"parent": "wing_right2",
					"pivot": [-9.5, 5.75, -3.25],
					"cubes": [
						{"origin": [-15.5, 5.75, -3.25], "size": [6, 0, 5], "uv": [9, 23]}
					]
				},
				{
					"name": "wing_left",
					"parent": "torso",
					"pivot": [2.5, 5.75, -2.25],
					"cubes": [
						{"origin": [2.5, 5.75, -3.25], "size": [3, 0, 4], "uv": [0, 4]}
					]
				},
				{
					"name": "wing_left2",
					"parent": "wing_left",
					"pivot": [5.5, 5.75, 0.75],
					"cubes": [
						{"origin": [5.5, 5.75, -3.25], "size": [4, 0, 5], "uv": [25, 0]}
					]
				},
				{
					"name": "wing_left3",
					"parent": "wing_left2",
					"pivot": [9.5, 5.75, -3.25],
					"cubes": [
						{"origin": [9.5, 5.75, -3.25], "size": [6, 0, 5], "uv": [21, 23]}
					]
				},
				{
					"name": "tail",
					"parent": "torso",
					"pivot": [0, 5.25, 4.25],
					"cubes": [
						{"origin": [-0.5, 5, 2.75], "size": [1, 1, 3], "uv": [38, 0]},
						{"origin": [-3.5, 5.5, 5.7], "size": [7, 0, 7], "uv": [-7, 25]},
						{"origin": [-3.5, 5.5, 5.7], "size": [7, 0, 7], "pivot": [0, 5.5, 9.2], "rotation": [0, 0, -45], "uv": [-7, 18]},
						{"origin": [-3.5, 5.5, 5.7], "size": [7, 0, 7], "pivot": [0, 5.5, 9.2], "rotation": [0, 0, 45], "uv": [43, 23]},
						{"origin": [0, 2, 5.7], "size": [0, 7, 7], "uv": [4, 4]}
					]
				},
				{
					"name": "leg_right",
					"parent": "body",
					"pivot": [-1.5, 3, 0.25],
					"rotation": [5, 0, 0],
					"cubes": [
						{"origin": [-2, 1.75, -0.25], "size": [1, 1, 1], "uv": [59, 2]}
					]
				},
				{
					"name": "leg_right2",
					"parent": "leg_right",
					"pivot": [-1.5, 1.75, 0.75],
					"rotation": [-15, 0, 0],
					"cubes": [
						{"origin": [-2, 0.75, -0.25], "size": [1, 1, 1], "inflate": 0.01, "uv": [59, 11]}
					]
				},
				{
					"name": "foot_right",
					"parent": "leg_right2",
					"pivot": [-1.5, 0.75, -0.25],
					"rotation": [10, 0, 0],
					"cubes": [
						{"origin": [-2.5, -0.25, -1], "size": [2, 1, 2], "uv": [37, 12]}
					]
				},
				{
					"name": "toe_back_right",
					"parent": "foot_right",
					"pivot": [-1.5, 0.75, 1],
					"cubes": [
						{"origin": [-1.5, -0.25, 1], "size": [0, 1, 1], "inflate": 0.01, "uv": [46, -1]}
					]
				},
				{
					"name": "claw_back_right",
					"parent": "toe_back_right",
					"pivot": [-1.5, 0.75, 2],
					"cubes": [
						{"origin": [-1.5, -0.25, 2], "size": [0, 1, 1], "uv": [38, -1]}
					]
				},
				{
					"name": "toe_inner_right",
					"parent": "foot_right",
					"pivot": [-0.55, 0.75, -1],
					"cubes": [
						{"origin": [-0.55, -0.25, -2], "size": [0, 1, 1], "inflate": 0.01, "uv": [0, 14]}
					]
				},
				{
					"name": "claw_inner_right",
					"parent": "toe_inner_right",
					"pivot": [-0.55, 0.75, -2],
					"cubes": [
						{"origin": [-0.55, -0.25, -3], "size": [0, 1, 1], "uv": [46, 1]}
					]
				},
				{
					"name": "toe_middle_right",
					"parent": "foot_right",
					"pivot": [-1.5, 0.75, -1],
					"cubes": [
						{"origin": [-1.5, -0.25, -2], "size": [0, 1, 1], "inflate": 0.01, "uv": [0, 15]}
					]
				},
				{
					"name": "claw_middle_right",
					"parent": "toe_middle_right",
					"pivot": [-1.5, 0.75, -2],
					"cubes": [
						{"origin": [-1.5, -0.25, -3], "size": [0, 1, 1], "uv": [38, 0]}
					]
				},
				{
					"name": "toe_outer_right",
					"parent": "foot_right",
					"pivot": [-2.45, 0.75, -1],
					"cubes": [
						{"origin": [-2.45, -0.25, -2], "size": [0, 1, 1], "inflate": 0.01, "uv": [2, 13]}
					]
				},
				{
					"name": "claw_outer_right",
					"parent": "toe_outer_right",
					"pivot": [-2.45, 0.75, -2],
					"cubes": [
						{"origin": [-2.45, -0.25, -3], "size": [0, 1, 1], "uv": [43, 1]}
					]
				},
				{
					"name": "leg_left",
					"parent": "body",
					"pivot": [1.5, 3, 0.25],
					"rotation": [5, 0, 0],
					"cubes": [
						{"origin": [1, 1.75, -0.25], "size": [1, 1, 1], "uv": [59, 0]}
					]
				},
				{
					"name": "leg_left2",
					"parent": "leg_left",
					"pivot": [1.5, 1.75, 0.75],
					"rotation": [-15, 0, 0],
					"cubes": [
						{"origin": [1, 0.75, -0.25], "size": [1, 1, 1], "inflate": 0.01, "uv": [59, 9]}
					]
				},
				{
					"name": "foot_left",
					"parent": "leg_left2",
					"pivot": [1.5, 0.75, -0.25],
					"rotation": [10, 0, 0],
					"cubes": [
						{"origin": [0.5, -0.25, -1], "size": [2, 1, 2], "uv": [37, 4]}
					]
				},
				{
					"name": "toe_back_left",
					"parent": "foot_left",
					"pivot": [1.5, 0.75, 1],
					"cubes": [
						{"origin": [1.5, -0.25, 1], "size": [0, 1, 1], "inflate": 0.01, "uv": [46, 0]}
					]
				},
				{
					"name": "claw_back_left",
					"parent": "toe_back_left",
					"pivot": [1.5, 0.75, 2],
					"cubes": [
						{"origin": [1.5, -0.25, 2], "size": [0, 1, 1], "uv": [43, 0]}
					]
				},
				{
					"name": "toe_inner_left",
					"parent": "foot_left",
					"pivot": [0.55, 0.75, -1],
					"cubes": [
						{"origin": [0.55, -0.25, -2], "size": [0, 1, 1], "inflate": 0.01, "uv": [2, 14]}
					]
				},
				{
					"name": "claw_inner_left",
					"parent": "toe_inner_left",
					"pivot": [0.55, 0.75, -2],
					"cubes": [
						{"origin": [0.55, -0.25, -3], "size": [0, 1, 1], "uv": [38, 1]}
					]
				},
				{
					"name": "toe_middle_left",
					"parent": "foot_left",
					"pivot": [1.5, 0.75, -1],
					"cubes": [
						{"origin": [1.5, -0.25, -2], "size": [0, 1, 1], "inflate": 0.01, "uv": [2, 15]}
					]
				},
				{
					"name": "claw_middle_left",
					"parent": "toe_middle_left",
					"pivot": [1.5, 0.75, -2],
					"cubes": [
						{"origin": [1.5, -0.25, -3], "size": [0, 1, 1], "uv": [46, 2]}
					]
				},
				{
					"name": "toe_outer_left",
					"parent": "foot_left",
					"pivot": [2.45, 0.75, -1],
					"cubes": [
						{"origin": [2.45, -0.25, -2], "size": [0, 1, 1], "inflate": 0.01, "uv": [0, 13]}
					]
				},
				{
					"name": "claw_outer_left",
					"parent": "toe_outer_left",
					"pivot": [2.45, 0.75, -2],
					"cubes": [
						{"origin": [2.45, -0.25, -3], "size": [0, 1, 1], "uv": [43, -1]}
					]
				}
			]
		}
	]
}