{
	"format_version": "1.8.0",
	"animations": {
		"animation.penpin-spaceworldmons.ground_idle": {
			"loop": true,
			"animation_length": 2,
			"bones": {
				"torso": {
					"rotation": {
						"0.0": {
							"post": [0, 0, 0],
							"lerp_mode": "catmullrom"
						},
						"1.0": {
							"post": [2.5, 0, 0],
							"lerp_mode": "catmullrom"
						},
						"2.0": {
							"post": [0, 0, 0],
							"lerp_mode": "catmullrom"
						}
					}
				},
				"neck": {
					"rotation": {
						"0.0": {
							"post": [2.5, 0, 0],
							"lerp_mode": "catmullrom"
						},
						"1.0": {
							"post": [7.5, 0, 0],
							"lerp_mode": "catmullrom"
						},
						"2.0": {
							"post": [2.5, 0, 0],
							"lerp_mode": "catmullrom"
						}
					}
				},
				"head": {
					"rotation": {
						"0.0": {
							"post": [-2.5, 0, 0],
							"lerp_mode": "catmullrom"
						},
						"1.0": {
							"post": [-10, 0, 0],
							"lerp_mode": "catmullrom"
						},
						"2.0": {
							"post": [-2.5, 0, 0],
							"lerp_mode": "catmullrom"
						}
					}
				},
				"arm_left": {
					"rotation": {
						"0.0": {
							"post": [0, 0, 57.5],
							"lerp_mode": "catmullrom"
						},
						"1.0": {
							"post": [0, 0, 30],
							"lerp_mode": "catmullrom"
						},
						"2.0": {
							"post": [0, 0, 57.5],
							"lerp_mode": "catmullrom"
						}
					}
				},
				"arm_right": {
					"rotation": {
						"0.0": {
							"post": [0, 0, -57.5],
							"lerp_mode": "catmullrom"
						},
						"1.0": {
							"post": [0, 0, -30],
							"lerp_mode": "catmullrom"
						},
						"2.0": {
							"post": [0, 0, -57.5],
							"lerp_mode": "catmullrom"
						}
					}
				},
				"foot_left": {
					"rotation": {
						"0.0": {
							"post": [0, -7.5, 0],
							"lerp_mode": "catmullrom"
						}
					}
				},
				"foot_right": {
					"rotation": {
						"0.0": {
							"post": [0, 7.5, 0],
							"lerp_mode": "catmullrom"
						}
					}
				}
			}
		},
		"animation.penpin-spaceworldmons.ground_walk": {
			"loop": true,
			"animation_length": 2,
			"bones": {
				"torso": {
					"rotation": {
						"0.0": {
							"post": [5, -12.5, 0],
							"lerp_mode": "catmullrom"
						},
						"1.0": {
							"post": [5, 12.5, 0],
							"lerp_mode": "catmullrom"
						},
						"2.0": {
							"post": [5, -12.5, 0],
							"lerp_mode": "catmullrom"
						}
					}
				},
				"neck": {
					"rotation": {
						"0.0": {
							"post": [-2.5, 12.5, 0],
							"lerp_mode": "catmullrom"
						},
						"1.0": {
							"post": [-2.5, -12.5, 0],
							"lerp_mode": "catmullrom"
						},
						"2.0": {
							"post": [-2.5, 12.5, 0],
							"lerp_mode": "catmullrom"
						}
					}
				},
				"head": {
					"rotation": {
						"0.0": {
							"post": [-2.5, 0, 0],
							"lerp_mode": "catmullrom"
						},
						"1.0": {
							"post": [-2.5, 0, 0],
							"lerp_mode": "catmullrom"
						},
						"2.0": {
							"post": [-2.5, 0, 0],
							"lerp_mode": "catmullrom"
						}
					}
				},
				"arm_left": {
					"rotation": {
						"0.0": {
							"post": [0, -15, 15],
							"lerp_mode": "catmullrom"
						},
						"0.5": {
							"post": [0, 0, 20],
							"lerp_mode": "catmullrom"
						},
						"1.0": {
							"post": [0, 15, 15],
							"lerp_mode": "catmullrom"
						},
						"1.5": {
							"post": [0, 0, 20],
							"lerp_mode": "catmullrom"
						},
						"2.0": {
							"post": [0, -15, 15],
							"lerp_mode": "catmullrom"
						}
					}
				},
				"arm_right": {
					"rotation": {
						"0.0": {
							"post": [0, -15, -15],
							"lerp_mode": "catmullrom"
						},
						"0.5": {
							"post": [0, 0, -20],
							"lerp_mode": "catmullrom"
						},
						"1.0": {
							"post": [0, 15, -15],
							"lerp_mode": "catmullrom"
						},
						"1.5": {
							"post": [0, 0, -20],
							"lerp_mode": "catmullrom"
						},
						"2.0": {
							"post": [0, -15, -15],
							"lerp_mode": "catmullrom"
						}
					}
				},
				"foot_left": {
					"rotation": {
						"0.0": {
							"post": [0, -7.5, 0],
							"lerp_mode": "catmullrom"
						},
						"2.0": {
							"post": [0, -7.5, 0],
							"lerp_mode": "catmullrom"
						}
					},
					"position": {
						"0.0": {
							"post": [0, 0, 1],
							"lerp_mode": "catmullrom"
						},
						"0.5": {
							"post": [0, 1, 0],
							"lerp_mode": "catmullrom"
						},
						"1.0": {
							"post": [0, 0, -1],
							"lerp_mode": "catmullrom"
						},
						"2.0": {
							"post": [0, 0, 1],
							"lerp_mode": "catmullrom"
						}
					}
				},
				"foot_right": {
					"rotation": {
						"0.0": {
							"post": [0, 7.5, 0],
							"lerp_mode": "catmullrom"
						},
						"2.0": {
							"post": [0, 7.5, 0],
							"lerp_mode": "catmullrom"
						}
					},
					"position": {
						"0.0": {
							"post": [0, 0, -1],
							"lerp_mode": "catmullrom"
						},
						"1.0": {
							"post": [0, 0, 1],
							"lerp_mode": "catmullrom"
						},
						"1.5": {
							"post": [0, 1, 0],
							"lerp_mode": "catmullrom"
						},
						"2.0": {
							"post": [0, 0, -1],
							"lerp_mode": "catmullrom"
						}
					}
				}
			}
		},
		"animation.penpin-spaceworldmons.cry": {
			"animation_length": 1,
			"bones": {
				"head": {
					"rotation": {
						"0.0": {
							"post": [0, 0, 0],
							"lerp_mode": "catmullrom"
						},
						"0.25": {
							"post": [-15, 0, 0],
							"lerp_mode": "catmullrom"
						},
						"0.75": {
							"post": [-15, 0, 0],
							"lerp_mode": "catmullrom"
						},
						"1.0": {
							"post": [0, 0, 0],
							"lerp_mode": "catmullrom"
						}
					}
				},
				"beak_lower": {
					"rotation": {
						"0.0": {
							"post": [0, 0, 0],
							"lerp_mode": "catmullrom"
						},
						"0.0833": {
							"post": [0, 0, 0],
							"lerp_mode": "catmullrom"
						},
						"0.3333": {
							"post": [17.5, 0, 0],
							"lerp_mode": "catmullrom"
						},
						"0.9583": {
							"post": [17.5, 0, 0],
							"lerp_mode": "catmullrom"
						},
						"1.0": {
							"post": [0, 0, 0],
							"lerp_mode": "catmullrom"
						}
					},
					"position": {
						"0.0": {
							"post": [0, 0, 0],
							"lerp_mode": "catmullrom"
						},
						"0.0833": {
							"post": [0, 0, 0],
							"lerp_mode": "catmullrom"
						},
						"0.3333": {
							"post": [0, -0.5, 0],
							"lerp_mode": "catmullrom"
						},
						"0.9583": {
							"post": [0, -0.5, 0],
							"lerp_mode": "catmullrom"
						},
						"1.0": {
							"post": [0, 0, 0],
							"lerp_mode": "catmullrom"
						}
					}
				}
			}
		},
		"animation.penpin-spaceworldmons.blink": {
			"animation_length": 0.125,
			"bones": {
				"eye_left": {
					"position": {
						"0.0": [0, 0, 0],
						"0.0833": [-1, 0, 1],
						"0.125": [0, 0, 0]
					}
				},
				"eye_right": {
					"position": {
						"0.0": [0, 0, 0],
						"0.0833": [1, 0, 1],
						"0.125": [0, 0, 0]
					}
				}
			}
		},
		"animation.penpin-spaceworldmons.sleep": {
			"loop": true,
			"animation_length": 4,
			"bones": {
				"torso": {
					"rotation": {
						"0.0": {
							"post": [0, 0, 0],
							"lerp_mode": "catmullrom"
						},
						"2.0": {
							"post": [2.5, 0, 0],
							"lerp_mode": "catmullrom"
						},
						"4.0": {
							"post": [0, 0, 0],
							"lerp_mode": "catmullrom"
						}
					}
				},
				"neck": {
					"rotation": {
						"0.0": {
							"post": [2.5, 0, 0],
							"lerp_mode": "catmullrom"
						},
						"2.0": {
							"post": [7.5, 0, 0],
							"lerp_mode": "catmullrom"
						},
						"4.0": {
							"post": [2.5, 0, 0],
							"lerp_mode": "catmullrom"
						}
					},
					"position": {
						"0.0": {
							"post": [0, -1, 0],
							"lerp_mode": "catmullrom"
						},
						"2.0": {
							"post": [0, -1, 0],
							"lerp_mode": "catmullrom"
						},
						"4.0": {
							"post": [0, -1, 0],
							"lerp_mode": "catmullrom"
						}
					}
				},
				"head": {
					"rotation": {
						"0.0": {
							"post": [15, 0, 0],
							"lerp_mode": "catmullrom"
						},
						"2.0": {
							"post": [20, 0, 0],
							"lerp_mode": "catmullrom"
						},
						"4.0": {
							"post": [15, 0, 0],
							"lerp_mode": "catmullrom"
						}
					}
				},
				"eye_left": {
					"position": {
						"0.0": {
							"post": [-1, 0, 1],
							"lerp_mode": "catmullrom"
						},
						"2.0": {
							"post": [-1, 0, 1],
							"lerp_mode": "catmullrom"
						},
						"4.0": {
							"post": [-1, 0, 1],
							"lerp_mode": "catmullrom"
						}
					}
				},
				"eye_right": {
					"position": {
						"0.0": {
							"post": [1, 0, 1],
							"lerp_mode": "catmullrom"
						},
						"2.0": {
							"post": [1, 0, 1],
							"lerp_mode": "catmullrom"
						},
						"4.0": {
							"post": [1, 0, 1],
							"lerp_mode": "catmullrom"
						}
					}
				},
				"arm_left": {
					"rotation": {
						"0.0": {
							"post": [0, 0, 70],
							"lerp_mode": "catmullrom"
						},
						"2.0": {
							"post": [0, -2.5, 75],
							"lerp_mode": "catmullrom"
						},
						"4.0": {
							"post": [0, 0, 70],
							"lerp_mode": "catmullrom"
						}
					}
				},
				"arm_right": {
					"rotation": {
						"0.0": {
							"post": [0, 0, -70],
							"lerp_mode": "catmullrom"
						},
						"2.0": {
							"post": [0, 2.5, -77.5],
							"lerp_mode": "catmullrom"
						},
						"4.0": {
							"post": [0, 0, -70],
							"lerp_mode": "catmullrom"
						}
					}
				},
				"foot_left": {
					"rotation": {
						"0.0": {
							"post": [0, 7.5, 0],
							"lerp_mode": "catmullrom"
						},
						"2.0": {
							"post": [0, 7.5, 0],
							"lerp_mode": "catmullrom"
						},
						"4.0": {
							"post": [0, 7.5, 0],
							"lerp_mode": "catmullrom"
						}
					}
				},
				"foot_right": {
					"rotation": {
						"0.0": {
							"post": [0, -7.5, 0],
							"lerp_mode": "catmullrom"
						},
						"2.0": {
							"post": [0, -7.5, 0],
							"lerp_mode": "catmullrom"
						},
						"4.0": {
							"post": [0, -7.5, 0],
							"lerp_mode": "catmullrom"
						}
					}
				}
			}
		},
		"animation.penpin-spaceworldmons.faint": {
			"animation_length": 3,
			"bones": {
				"body": {
					"rotation": {
						"0.0": {
							"post": [0, 0, 0],
							"lerp_mode": "catmullrom"
						},
						"0.5": {
							"post": [-90, 0, 0],
							"lerp_mode": "catmullrom"
						},
						"0.75": {
							"post": [-80, 0, 0],
							"lerp_mode": "catmullrom"
						},
						"1.0": {
							"post": [-90, 0, 0],
							"lerp_mode": "catmullrom"
						},
						"1.1667": {
							"post": [-85, 0, 0],
							"lerp_mode": "catmullrom"
						},
						"1.3333": {
							"post": [-90, 0, 0],
							"lerp_mode": "catmullrom"
						},
						"1.4167": {
							"post": [-87.5, 0, 0],
							"lerp_mode": "catmullrom"
						},
						"1.5": {
							"post": [-90, 0, 0],
							"lerp_mode": "catmullrom"
						}
					},
					"position": {
						"0.0": {
							"post": [0, 0, 0],
							"lerp_mode": "catmullrom"
						},
						"0.5": {
							"post": [0, 5.5, 3],
							"lerp_mode": "catmullrom"
						}
					}
				},
				"torso": {
					"rotation": {
						"0.0": {
							"post": [0, 0, 0],
							"lerp_mode": "catmullrom"
						}
					}
				},
				"neck": {
					"rotation": {
						"0.0": {
							"post": [2.5, 0, 0],
							"lerp_mode": "catmullrom"
						},
						"0.25": {
							"post": [0, 0, 0],
							"lerp_mode": "catmullrom"
						},
						"0.5": {
							"post": [25, 0, 0],
							"lerp_mode": "catmullrom"
						},
						"0.75": {
							"post": [10, 0, 0],
							"lerp_mode": "catmullrom"
						},
						"1.0": {
							"post": [15, 0, 0],
							"lerp_mode": "catmullrom"
						},
						"1.1667": {
							"post": [0, 0, 0],
							"lerp_mode": "catmullrom"
						}
					}
				},
				"head": {
					"rotation": {
						"0.0": {
							"post": [-2.5, 0, 0],
							"lerp_mode": "catmullrom"
						},
						"0.25": {
							"post": [-10, 0, 0],
							"lerp_mode": "catmullrom"
						}
					}
				},
				"beak_lower": {
					"rotation": {
						"0.0": {
							"post": [0, 0, 0],
							"lerp_mode": "catmullrom"
						},
						"0.25": {
							"post": [20, 0, 0],
							"lerp_mode": "catmullrom"
						}
					},
					"position": {
						"0.0": {
							"post": [0, 0, 0],
							"lerp_mode": "catmullrom"
						},
						"0.25": {
							"post": [0, -0.5, 0],
							"lerp_mode": "catmullrom"
						}
					}
				},
				"eye_left": {
					"position": {
						"0.0": {
							"post": [0, 0, 0],
							"lerp_mode": "catmullrom"
						},
						"0.2083": {
							"post": [0, 0, 0],
							"lerp_mode": "catmullrom"
						},
						"0.25": {
							"post": [-1, 0, 1],
							"lerp_mode": "catmullrom"
						}
					}
				},
				"eye_right": {
					"position": {
						"0.0": {
							"post": [0, 0, 0],
							"lerp_mode": "catmullrom"
						},
						"0.2083": {
							"post": [0, 0, 0],
							"lerp_mode": "catmullrom"
						},
						"0.25": {
							"post": [1, 0, 1],
							"lerp_mode": "catmullrom"
						}
					}
				},
				"arm_left": {
					"rotation": {
						"0.0": {
							"post": [0, 0, 57.5],
							"lerp_mode": "catmullrom"
						},
						"0.25": {
							"post": [0, 0, 85],
							"lerp_mode": "catmullrom"
						}
					}
				},
				"arm_right": {
					"rotation": {
						"0.0": {
							"post": [0, 0, -57.5],
							"lerp_mode": "catmullrom"
						},
						"0.25": {
							"post": [0, 0, -85],
							"lerp_mode": "catmullrom"
						}
					}
				},
				"foot_left": {
					"rotation": {
						"0.0": {
							"post": [0, -7.5, 0],
							"lerp_mode": "catmullrom"
						},
						"0.25": {
							"post": [0, 7.5, 0],
							"lerp_mode": "catmullrom"
						}
					},
					"position": {
						"0.0": {
							"post": [0, 0, 0],
							"lerp_mode": "catmullrom"
						},
						"0.25": {
							"post": [-1, 0, 2],
							"lerp_mode": "catmullrom"
						}
					}
				},
				"foot_right": {
					"rotation": {
						"0.0": {
							"post": [0, 7.5, 0],
							"lerp_mode": "catmullrom"
						},
						"0.25": {
							"post": [0, -7.5, 0],
							"lerp_mode": "catmullrom"
						}
					},
					"position": {
						"0.0": {
							"post": [0, 0, 0],
							"lerp_mode": "catmullrom"
						},
						"0.25": {
							"post": [1, 0, 2],
							"lerp_mode": "catmullrom"
						}
					}
				}
			}
		}
	}
}