{
	"format_version": "1.12.0",
	"minecraft:geometry": [
		{
			"description": {
				"identifier": "geometry.goldeen_male",
				"texture_width": 128,
				"texture_height": 128,
				"visible_bounds_width": 7,
				"visible_bounds_height": 3.5,
				"visible_bounds_offset": [0, 1.25, 0]
			},
			"bones": [
				{
					"name": "goldeen",
					"pivot": [0, 0, 0]
				},
				{
					"name": "body",
					"parent": "goldeen",
					"pivot": [0, 5, -3.5]
				},
				{
					"name": "torso",
					"parent": "body",
					"pivot": [0, 4.9, -2],
					"cubes": [
						{"origin": [-3, 2, -6], "size": [6, 8, 8], "uv": [0, 31]}
					]
				},
				{
					"name": "head",
					"parent": "torso",
					"pivot": [0, 5.3, -6],
					"cubes": [
						{"origin": [-3, 3.3, -11], "size": [6, 6, 6], "uv": [34, 0]}
					]
				},
				{
					"name": "eyes",
					"parent": "head",
					"pivot": [0, 6.5, -8.75]
				},
				{
					"name": "eye_right",
					"parent": "eyes",
					"pivot": [-3, 6.45, -8.7],
					"cubes": [
						{"origin": [-3.5, 4.45, -10.7], "size": [1, 4, 4], "uv": [50, 30]}
					]
				},
				{
					"name": "iris_right",
					"parent": "eye_right",
					"pivot": [-3.51, 6.4, -9.05],
					"cubes": [
						{"origin": [-3.51, 4.9, -10.05], "size": [0, 3, 2], "uv": [38, 58]}
					]
				},
				{
					"name": "pupil_right",
					"parent": "iris_right",
					"pivot": [-3.51, 6.2, -9.3],
					"cubes": [
						{"origin": [-3.51, 5.2, -9.8], "size": [0, 2, 1], "inflate": 0.01, "uv": [42, 55]}
					]
				},
				{
					"name": "eyelid_half_right",
					"parent": "eye_right",
					"pivot": [-3, 7.55, -8.7],
					"cubes": [
						{"origin": [-3.5, 6.55, -10.7], "size": [1, 2, 4], "inflate": 0.03, "uv": [44, 54]}
					]
				},
				{
					"name": "eyelid_three_quarters_right",
					"parent": "eye_right",
					"pivot": [-2, 7.05, -8.7],
					"cubes": [
						{"origin": [-2.5, 5.55, -10.7], "size": [1, 3, 4], "inflate": 0.03, "uv": [0, 53]}
					]
				},
				{
					"name": "eyelid_full_right",
					"parent": "eye_right",
					"pivot": [-2.4, 6.45, -8.7],
					"cubes": [
						{"origin": [-2.9, 4.45, -10.7], "size": [1, 4, 4], "inflate": 0.03, "uv": [50, 38]}
					]
				},
				{
					"name": "eye_left",
					"parent": "eyes",
					"pivot": [3, 6.45, -8.7],
					"cubes": [
						{"origin": [2.5, 4.45, -10.7], "size": [1, 4, 4], "uv": [50, 46]}
					]
				},
				{
					"name": "iris_left",
					"parent": "eye_left",
					"pivot": [3.51, 6.4, -9.05],
					"cubes": [
						{"origin": [3.51, 4.9, -10.05], "size": [0, 3, 2], "uv": [0, 60]}
					]
				},
				{
					"name": "pupil_left",
					"parent": "iris_left",
					"pivot": [3.51, 6.2, -9.3],
					"cubes": [
						{"origin": [3.51, 5.2, -9.8], "size": [0, 2, 1], "inflate": 0.01, "uv": [42, 58]}
					]
				},
				{
					"name": "eyelid_half_left",
					"parent": "eye_left",
					"pivot": [3, 7.55, -8.7],
					"cubes": [
						{"origin": [2.5, 6.55, -10.7], "size": [1, 2, 4], "inflate": 0.03, "uv": [54, 54]}
					]
				},
				{
					"name": "eyelid_three_quarters_left",
					"parent": "eye_left",
					"pivot": [2, 7.05, -8.7],
					"cubes": [
						{"origin": [1.5, 5.55, -10.7], "size": [1, 3, 4], "inflate": 0.03, "uv": [10, 53]}
					]
				},
				{
					"name": "eyelid_full_left",
					"parent": "eye_left",
					"pivot": [2.4, 6.45, -8.7],
					"cubes": [
						{"origin": [1.9, 4.45, -10.7], "size": [1, 4, 4], "inflate": 0.03, "uv": [20, 52]}
					]
				},
				{
					"name": "horn",
					"parent": "head",
					"pivot": [0, 8.05, -10.2],
					"rotation": [-67.5, 0, 0],
					"cubes": [
						{"origin": [-1, 7.75, -11.6], "size": [2, 4, 2], "pivot": [2.5, 8.75, -11], "rotation": [22.5, 0, 0], "uv": [58, 3]},
						{"origin": [-0.5, 11.75, -11.2], "size": [1, 2, 1], "pivot": [3, 8.75, -11], "rotation": [22.5, 0, 0], "uv": [34, 21]}
					]
				},
				{
					"name": "mouth",
					"parent": "head",
					"pivot": [0, 6.825, -11.2],
					"cubes": [
						{"origin": [-1.5, 6.325, -11.7], "size": [1, 1, 1], "uv": [20, 50]},
						{"origin": [0.5, 6.325, -11.7], "size": [1, 1, 1], "uv": [44, 52]}
					]
				},
				{
					"name": "upper_lip",
					"parent": "mouth",
					"pivot": [0, 6.925, -10.7],
					"cubes": [
						{"origin": [-1.5, 6.925, -11.7], "size": [3, 1, 1], "inflate": 0.01, "uv": [58, 9]}
					]
				},
				{
					"name": "lower_lip",
					"parent": "mouth",
					"pivot": [0, 6.925, -10.7],
					"cubes": [
						{"origin": [-1.5, 5.9, -11.7], "size": [3, 1, 1], "inflate": 0.01, "uv": [30, 58]}
					]
				},
				{
					"name": "dorsal_fin",
					"parent": "torso",
					"pivot": [0, 10, -1],
					"cubes": [
						{"origin": [8, 20.65, -6.5], "size": [0, 6, 11], "pivot": [4, 13.25, -3], "rotation": [0, 0, 180], "uv": [28, 31]}
					]
				},
				{
					"name": "fin_right1",
					"parent": "torso",
					"pivot": [-2.5, 6.9, -3.75],
					"cubes": [
						{"origin": [-4.5, 6.9, -5.25], "size": [3, 0, 3], "uv": [58, 0]}
					]
				},
				{
					"name": "fin_right2",
					"parent": "fin_right1",
					"pivot": [-4.5, 6.9, -2.25],
					"cubes": [
						{"origin": [-8.5, 6.9, -8.25], "size": [4, 0, 9], "uv": [38, 21]}
					]
				},
				{
					"name": "fin_right3",
					"parent": "fin_right2",
					"pivot": [-8.5, 6.9, -0.25],
					"cubes": [
						{"origin": [-13.5, 6.9, -10.25], "size": [5, 0, 12], "uv": [0, 12]}
					]
				},
				{
					"name": "fin_left1",
					"parent": "torso",
					"pivot": [2.5, 6.9, -3.75],
					"cubes": [
						{"origin": [1.5, 6.9, -5.25], "size": [3, 0, 3], "uv": [30, 55]}
					]
				},
				{
					"name": "fin_left2",
					"parent": "fin_left1",
					"pivot": [4.5, 6.9, -2.25],
					"cubes": [
						{"origin": [4.5, 6.9, -8.25], "size": [4, 0, 9], "uv": [34, 12]}
					]
				},
				{
					"name": "fin_left3",
					"parent": "fin_left2",
					"pivot": [8.5, 6.9, 0.75],
					"cubes": [
						{"origin": [8.5, 6.9, -10.25], "size": [5, 0, 12], "uv": [0, 0]}
					]
				},
				{
					"name": "tail_right1",
					"parent": "torso",
					"pivot": [-1, 6.3, -3],
					"rotation": [0, 70, -90],
					"cubes": [
						{"origin": [-3, 6.3, -3], "size": [4, 0, 3], "inflate": 0.01, "uv": [30, 52]}
					]
				},
				{
					"name": "tail_right2",
					"parent": "tail_right1",
					"pivot": [1, 6.3, 0],
					"cubes": [
						{"origin": [-5, 6.3, 0], "size": [8, 0, 4], "uv": [26, 48]}
					]
				},
				{
					"name": "tail_right3",
					"parent": "tail_right2",
					"pivot": [3, 6.3, 4],
					"cubes": [
						{"origin": [-7, 6.3, 4], "size": [12, 0, 7], "uv": [0, 24]}
					]
				},
				{
					"name": "tail_right4",
					"parent": "tail_right3",
					"pivot": [3, 6.3, 11],
					"cubes": [
						{"origin": [-6, 6.3, 11], "size": [10, 0, 3], "uv": [0, 47]}
					]
				},
				{
					"name": "tail_right5",
					"parent": "tail_right4",
					"pivot": [-1, 6.3, 14],
					"cubes": [
						{"origin": [-4.5, 6.3, 14], "size": [7, 0, 3], "uv": [0, 50]}
					]
				},
				{
					"name": "tail_left1",
					"parent": "torso",
					"pivot": [1, 6.3, -1],
					"rotation": [0, -70, 90],
					"cubes": [
						{"origin": [-1, 6.3, -1], "size": [4, 0, 3], "inflate": 0.02, "uv": [30, 52], "mirror": true}
					]
				},
				{
					"name": "tail_left2",
					"parent": "tail_left1",
					"pivot": [-1, 6.3, 2],
					"cubes": [
						{"origin": [-3, 6.3, 2], "size": [8, 0, 4], "uv": [26, 48], "mirror": true}
					]
				},
				{
					"name": "tail_left3",
					"parent": "tail_left2",
					"pivot": [-3, 6.3, 6],
					"cubes": [
						{"origin": [-5, 6.3, 6], "size": [12, 0, 7], "uv": [0, 24], "mirror": true}
					]
				},
				{
					"name": "tail_left4",
					"parent": "tail_left3",
					"pivot": [-3, 6.3, 13],
					"cubes": [
						{"origin": [-4, 6.3, 13], "size": [10, 0, 3], "uv": [0, 47], "mirror": true}
					]
				},
				{
					"name": "tail_left5",
					"parent": "tail_left4",
					"pivot": [1, 6.3, 16],
					"cubes": [
						{"origin": [-2.5, 6.3, 16], "size": [7, 0, 3], "uv": [0, 50], "mirror": true}
					]
				}
			]
		}
	]
}