{
	"format_version": "1.12.0",
	"minecraft:geometry": [
		{
			"description": {
				"identifier": "geometry.squirtle_jetian",
				"texture_width": 64,
				"texture_height": 64,
				"visible_bounds_width": 3,
				"visible_bounds_height": 2.5,
				"visible_bounds_offset": [0, 0.75, 0]
			},
			"bones": [
				{
					"name": "squirtle",
					"pivot": [0, 0, 0]
				},
				{
					"name": "body",
					"parent": "squirtle",
					"pivot": [0, 8, 0]
				},
				{
					"name": "body2",
					"parent": "body",
					"pivot": [0, 8, 0]
				},
				{
					"name": "torso",
					"parent": "body2",
					"pivot": [0, 5, -1],
					"cubes": [
						{"origin": [-4.5, 6, -2], "size": [9, 9, 8], "pivot": [0, 7.5, 2], "rotation": [90, 0, 0], "uv": [0, 0]}
					]
				},
				{
					"name": "locator_physical",
					"parent": "torso",
					"pivot": [0, 8, 0],
					"locators": {
						"physical": [0, 8, 0]
					}
				},
				{
					"name": "locator_target",
					"parent": "torso",
					"pivot": [0, 8.5, -5],
					"locators": {
						"target": [0, 8.5, -5]
					}
				},
				{
					"name": "locator_middle",
					"parent": "torso",
					"pivot": [0, 9.25, 0],
					"locators": {
						"middle": [0, 9.25, 0]
					}
				},
				{
					"name": "neck",
					"parent": "torso",
					"pivot": [0, 13, 1.5]
				},
				{
					"name": "head",
					"parent": "torso",
					"pivot": [0, 6, -7]
				},
				{
					"name": "head_ai",
					"parent": "head",
					"pivot": [0, 6, -7]
				},
				{
					"name": "head_rotation",
					"parent": "head_ai",
					"pivot": [0, 9, -7.5],
					"cubes": [
						{"origin": [-4, 6, -11.5], "size": [8, 7, 7], "uv": [0, 17]}
					]
				},
				{
					"name": "glasses",
					"parent": "head_rotation",
					"pivot": [0, 10, -11.6],
					"cubes": [
						{"origin": [-6, 8, -11.6], "size": [12, 5, 0], "uv": [39, 58]}
					]
				},
				{
					"name": "locator_item_hat",
					"parent": "head_rotation",
					"pivot": [0, 13, -8],
					"locators": {
						"item_hat": [0, 13, -8]
					}
				},
				{
					"name": "locator_head",
					"parent": "head_rotation",
					"pivot": [0, 13, -8.75],
					"locators": {
						"head": [0, 13, -8.75]
					}
				},
				{
					"name": "locator_item_face",
					"parent": "head_rotation",
					"pivot": [0, 9.5, -11.5],
					"locators": {
						"item_face": [0, 9.5, -11.5]
					}
				},
				{
					"name": "locator_face",
					"parent": "head_rotation",
					"pivot": [0, 9.5, -11.5],
					"locators": {
						"face": [0, 9.5, -11.5]
					}
				},
				{
					"name": "locator_mouth",
					"parent": "head_rotation",
					"pivot": [0, 6.1, -11.5],
					"locators": {
						"mouth": [0, 6.1, -11.5]
					}
				},
				{
					"name": "lips",
					"parent": "head_rotation",
					"pivot": [0, 6.25, -8],
					"cubes": [
						{"origin": [-1, 6.25, -11.5], "size": [2, 1, 0], "inflate": 0.02, "uv": [0, 0]},
						{"origin": [-4, 6.75, -11.5], "size": [8, 2, 7], "inflate": 0.02, "uv": [23, 24]}
					]
				},
				{
					"name": "locator_special",
					"parent": "lips",
					"pivot": [0, 6.5, -11.5],
					"locators": {
						"special": [0, 6.5, -11.5]
					}
				},
				{
					"name": "eyes",
					"parent": "head_rotation",
					"pivot": [0, 9.5, -11.5]
				},
				{
					"name": "eye_right",
					"parent": "eyes",
					"pivot": [-2.51, 9.5, -10.51],
					"cubes": [
						{"origin": [-3.51, 8, -11.51], "size": [2, 3, 2], "uv": [40, 0]},
						{"origin": [-2.51, 10, -11.53], "size": [1, 1, 0], "uv": [46, 34], "mirror": true},
						{"origin": [-3.01, 8.5, -11.52], "size": [1, 2, 0], "uv": [43, 43], "mirror": true}
					]
				},
				{
					"name": "locator_eye_right",
					"parent": "eye_right",
					"pivot": [-2.5, 9.5, -11.5],
					"locators": {
						"eye1": [-2.5, 9.5, -11.5]
					}
				},
				{
					"name": "eyelid_right",
					"parent": "eye_right",
					"pivot": [-2.41, 9.5, -10.41],
					"cubes": [
						{"origin": [-3.41, 8, -11.44], "size": [2, 3, 2], "inflate": 0.01, "uv": [24, 39]},
						{"origin": [-3.91, 8, -11.43], "size": [1, 2, 0], "inflate": 0.01, "uv": [3, 1]}
					]
				},
				{
					"name": "eye_left",
					"parent": "eyes",
					"pivot": [2.51, 9.5, -10.51],
					"cubes": [
						{"origin": [1.51, 8, -11.51], "size": [2, 3, 2], "uv": [40, 37]},
						{"origin": [1.51, 10, -11.53], "size": [1, 1, 0], "uv": [46, 33]},
						{"origin": [2.01, 8.5, -11.52], "size": [1, 2, 0], "uv": [41, 43]}
					]
				},
				{
					"name": "locator_eye_left",
					"parent": "eye_left",
					"pivot": [2.5, 9.5, -11.5],
					"locators": {
						"eye2": [2.5, 9.5, -11.5]
					}
				},
				{
					"name": "eyelid_left",
					"parent": "eye_left",
					"pivot": [2.41, 9.5, -10.41],
					"cubes": [
						{"origin": [2.91, 8, -11.43], "size": [1, 2, 0], "inflate": 0.01, "uv": [5, 0]},
						{"origin": [1.41, 8, -11.44], "size": [2, 3, 2], "inflate": 0.01, "uv": [32, 39]}
					]
				},
				{
					"name": "mouth",
					"parent": "head_rotation",
					"pivot": [1, 6.615, -11.41],
					"cubes": [
						{"origin": [-3.5, 6.1, -11.4], "size": [7, 1, 1], "inflate": 0.01, "uv": [35, 20]}
					]
				},
				{
					"name": "tail",
					"parent": "torso",
					"pivot": [0, 10, 2.5],
					"rotation": [22.5, 0, 0],
					"cubes": [
						{"origin": [0, 8.25, 2.5], "size": [0, 4, 4], "uv": [0, 0]}
					]
				},
				{
					"name": "tail_bend",
					"parent": "tail",
					"pivot": [0, 8.25, 6.5],
					"cubes": [
						{"origin": [0, 8.25, 6.5], "size": [0, 7, 6], "uv": [23, 11]}
					]
				},
				{
					"name": "locator_tail_tip",
					"parent": "tail_bend",
					"pivot": [0, 14.75, 12],
					"rotation": [-52.5, 180, 0],
					"locators": {
						"tail_tip": [0, 14.75, 12]
					}
				},
				{
					"name": "locator_tail",
					"parent": "tail_bend",
					"pivot": [0, 11.75, 9.5],
					"rotation": [-27.5, 180, 0],
					"locators": {
						"tail": [0, 11.75, 9.5]
					}
				},
				{
					"name": "arm_left",
					"parent": "torso",
					"pivot": [4.5, 6.5, -3],
					"rotation": [0, 32.5, 40],
					"cubes": [
						{"origin": [3, 3.5, -4.5], "size": [4, 3, 3], "uv": [28, 33]}
					]
				},
				{
					"name": "elbow_left",
					"parent": "arm_left",
					"pivot": [7, 6.5, -1.5],
					"rotation": [0, 25, 0],
					"cubes": [
						{"origin": [7, 3.5, -4.5], "size": [3, 3, 3], "inflate": 0.01, "uv": [35, 14]}
					]
				},
				{
					"name": "locator_hand_secondary",
					"parent": "elbow_left",
					"pivot": [9, 5, -3],
					"rotation": [0, -90, 0],
					"locators": {
						"hand_secondary": [9, 5, -3]
					}
				},
				{
					"name": "fingers_left",
					"parent": "elbow_left",
					"pivot": [13, 8.5, -2],
					"cubes": [
						{"origin": [10, 4.25, -2], "size": [1, 1, 0], "pivot": [10, 4.75, -2], "rotation": [-25, 0, 0], "uv": [2, 18]},
						{"origin": [10, 5.25, -3.25], "size": [1, 1, 0], "pivot": [10, 5.75, -3.25], "rotation": [-47.5, 0, 0], "uv": [0, 18]},
						{"origin": [10, 4.25, -4.5], "size": [1, 0, 1], "pivot": [10, 4.25, -4], "rotation": [32.5, 0, 0], "uv": [0, 2]}
					]
				},
				{
					"name": "arm_right",
					"parent": "torso",
					"pivot": [-4.5, 6.5, -3],
					"rotation": [0, -32.5, -40],
					"cubes": [
						{"origin": [-7, 3.5, -4.5], "size": [4, 3, 3], "uv": [14, 33]}
					]
				},
				{
					"name": "elbow_right",
					"parent": "arm_right",
					"pivot": [-7, 6.5, -1.5],
					"rotation": [0, -25, 0],
					"cubes": [
						{"origin": [-10, 3.5, -4.5], "size": [3, 3, 3], "inflate": 0.01, "uv": [34, 8]}
					]
				},
				{
					"name": "locator_item",
					"parent": "elbow_right",
					"pivot": [-10, 5, -3],
					"locators": {
						"item": [-10, 5, -3]
					}
				},
				{
					"name": "locator_hand_primary",
					"parent": "elbow_right",
					"pivot": [-9, 5, -3],
					"rotation": [0, 90, 0],
					"locators": {
						"hand_primary": [-9, 5, -3]
					}
				},
				{
					"name": "fingers_right",
					"parent": "elbow_right",
					"pivot": [-13, 8.5, -2],
					"cubes": [
						{"origin": [-11, 4.25, -2], "size": [1, 1, 0], "pivot": [-10, 4.75, -2], "rotation": [-25, 0, 0], "uv": [4, 17]},
						{"origin": [-11, 5.25, -3.25], "size": [1, 1, 0], "pivot": [-10, 5.75, -3.25], "rotation": [-47.5, 0, 0], "uv": [2, 17]},
						{"origin": [-11, 4.25, -4.5], "size": [1, 0, 1], "pivot": [-10, 4.25, -4], "rotation": [32.5, 0, 0], "uv": [0, 1]}
					]
				},
				{
					"name": "leg_left",
					"parent": "body2",
					"pivot": [4, 5, 2],
					"cubes": [
						{"origin": [2.5, 2, 0], "size": [3, 4, 4], "inflate": 0.01, "uv": [0, 31]}
					]
				},
				{
					"name": "knee_left",
					"parent": "leg_left",
					"pivot": [4, 2, 0],
					"cubes": [
						{"origin": [2.5, 0, 0], "size": [3, 2, 3], "uv": [12, 39]},
						{"origin": [2.75, 0, -1], "size": [0, 1, 1], "pivot": [2.75, 0, 0], "rotation": [0, -5, 0], "uv": [5, 1]},
						{"origin": [4, 0, -1], "size": [0, 1, 1], "uv": [6, 2]},
						{"origin": [5.25, 0, -1], "size": [0, 1, 1], "pivot": [5.25, 0, 0], "rotation": [0, 5, 0], "uv": [0, 16]}
					]
				},
				{
					"name": "locator_foot_secondary",
					"parent": "knee_left",
					"pivot": [4, 1, 1.5],
					"rotation": [90, 0, 0],
					"locators": {
						"foot_secondary": [4, 1, 1.5]
					}
				},
				{
					"name": "leg_right",
					"parent": "body2",
					"pivot": [-4, 5, 2],
					"cubes": [
						{"origin": [-5.5, 2, 0], "size": [3, 4, 4], "inflate": 0.01, "uv": [0, 31], "mirror": true}
					]
				},
				{
					"name": "knee_right",
					"parent": "leg_right",
					"pivot": [-4, 2, 0],
					"cubes": [
						{"origin": [-5.5, 0, 0], "size": [3, 2, 3], "uv": [12, 39], "mirror": true},
						{"origin": [-2.75, 0, -1], "size": [0, 1, 1], "pivot": [-2.75, 0, 0], "rotation": [0, 5, 0], "uv": [5, 1], "mirror": true},
						{"origin": [-4, 0, -1], "size": [0, 1, 1], "uv": [6, 2], "mirror": true},
						{"origin": [-5.25, 0, -1], "size": [0, 1, 1], "pivot": [-5.25, 0, 0], "rotation": [0, -5, 0], "uv": [0, 16], "mirror": true}
					]
				},
				{
					"name": "locator_foot_primary",
					"parent": "knee_right",
					"pivot": [-4, 1, 1.4],
					"rotation": [90, 0, 0],
					"locators": {
						"foot_primary": [-4, 1, 1.4]
					}
				},
				{
					"name": "locator_root",
					"parent": "squirtle",
					"pivot": [0, 0, 0],
					"locators": {
						"root": [0, 0, 0]
					}
				},
				{
					"name": "locator_top",
					"parent": "squirtle",
					"pivot": [0, 18.5, 0],
					"locators": {
						"top": [0, 18.5, 0]
					}
				}
			]
		}
	]
}