{
	"format_version": "1.12.0",
	"minecraft:geometry": [
		{
			"description": {
				"identifier": "geometry.wimpod",
				"texture_width": 64,
				"texture_height": 64,
				"visible_bounds_width": 5,
				"visible_bounds_height": 2.5,
				"visible_bounds_offset": [0, 0.75, 0]
			},
			"bones": [
				{
					"name": "wimpod",
					"pivot": [0, 0, 0]
				},
				{
					"name": "body",
					"parent": "wimpod",
					"pivot": [0, 4.5, 0]
				},
				{
					"name": "torso",
					"parent": "body",
					"pivot": [0, 2.5, 0.5],
					"cubes": [
						{"origin": [-5, 2, -2], "size": [10, 6, 5], "inflate": 0.01, "uv": [29, 27]}
					]
				},
				{
					"name": "torso2",
					"parent": "torso",
					"pivot": [0, 8, -2],
					"cubes": [
						{"origin": [-5.5, 2, -7], "size": [11, 6, 6], "inflate": 0.02, "uv": [0, 20]}
					]
				},
				{
					"name": "head",
					"parent": "torso2",
					"pivot": [0, 4.5, -6],
					"rotation": [-40, 0, 0],
					"cubes": [
						{"origin": [-4.5, 1.21442, -9.53209], "size": [9, 5, 4], "inflate": 0.01, "uv": [38, 16]},
						{"origin": [-10.5, 1.21442, -9.53209], "size": [6, 0, 7], "inflate": 0.01, "pivot": [-4.5, 1.21442, -9.53209], "rotation": [52.5, 0, 0], "uv": [0, 7]},
						{"origin": [4.5, 1.21442, -9.53209], "size": [6, 0, 7], "inflate": 0.01, "pivot": [4.5, 1.21442, -9.53209], "rotation": [52.5, 0, 0], "uv": [0, 0]},
						{"origin": [1.5, 6.21442, -9.53209], "size": [1, 2, 0], "pivot": [2.5, 6.21442, -9.53209], "rotation": [0, 0, -17.5], "uv": [4, 8]},
						{"origin": [2.5, 6.21442, -9.53209], "size": [1, 2, 0], "pivot": [2.5, 6.21442, -9.53209], "rotation": [0, 0, 10], "uv": [4, 6]},
						{"origin": [-3.25, 6.21442, -9.53209], "size": [1, 2, 0], "pivot": [-3.25, 6.21442, -9.53209], "rotation": [0, 0, 17.5], "uv": [4, 2]},
						{"origin": [-4.25, 6.21442, -9.53209], "size": [1, 2, 0], "pivot": [-3.25, 6.21442, -9.53209], "rotation": [0, 0, -10], "uv": [4, 4]},
						{"origin": [-1, 5.5, -14.75], "size": [0, 3, 5], "pivot": [-1, 5.5, -10.75], "rotation": [-45, 15, 0], "uv": [54, -5]},
						{"origin": [1, 5.5, -14.75], "size": [0, 3, 5], "pivot": [1, 5.5, -10.75], "rotation": [-45, -15, 0], "uv": [43, -5]}
					]
				},
				{
					"name": "antenna_right",
					"parent": "head",
					"pivot": [-1.5, 3.71442, -9.53209],
					"rotation": [-15, 0, 0],
					"cubes": [
						{"origin": [-1.5, 3.71442, -11.53209], "size": [0, 1, 2], "uv": [8, 17]}
					]
				},
				{
					"name": "antenna_right2",
					"parent": "antenna_right",
					"pivot": [-1.5, 3.71442, -11.53209],
					"rotation": [-72.5, 0, 0],
					"cubes": [
						{"origin": [-1.5, 3.71442, -18.53209], "size": [0, 1, 7], "inflate": 0.01, "uv": [0, 8]}
					]
				},
				{
					"name": "antenna_left",
					"parent": "head",
					"pivot": [1.5, 3.71442, -9.53209],
					"rotation": [-15, 0, 0],
					"cubes": [
						{"origin": [1.5, 3.71442, -11.53209], "size": [0, 1, 2], "uv": [4, 17]}
					]
				},
				{
					"name": "antenna_left2",
					"parent": "antenna_left",
					"pivot": [1.5, 3.71442, -11.53209],
					"rotation": [-72.5, 0, 0],
					"cubes": [
						{"origin": [1.5, 3.71442, -18.53209], "size": [0, 1, 7], "inflate": 0.01, "uv": [0, 7]}
					]
				},
				{
					"name": "mouth_closed",
					"parent": "head",
					"pivot": [0, 1.21442, -6.53209],
					"cubes": [
						{"origin": [-1, 1.20442, -9.28209], "size": [2, 1, 1], "inflate": 0.01, "uv": [0, 0]}
					]
				},
				{
					"name": "mouth_open",
					"parent": "head",
					"pivot": [0.5, 1.31442, -6.53209],
					"cubes": [
						{"origin": [-1.5, 1.30442, -9.28209], "size": [3, 1, 2], "inflate": 0.01, "uv": [0, 16]}
					]
				},
				{
					"name": "eye_left",
					"parent": "head",
					"pivot": [3.01, 3.71442, -9.04709],
					"cubes": [
						{"origin": [1.51, 1.71442, -9.54209], "size": [3, 4, 1], "inflate": 0.01, "uv": [28, 38]},
						{"origin": [2.76, 3.21442, -9.5471], "size": [1, 1, 1], "inflate": 0.01, "uv": [0, 22]}
					]
				},
				{
					"name": "eyelid_left",
					"parent": "eye_left",
					"pivot": [2.91, 3.71442, -8.94209],
					"cubes": [
						{"origin": [1.41, 1.71442, -9.44209], "size": [3, 4, 1], "inflate": 0.02, "uv": [28, 20]}
					]
				},
				{
					"name": "eye_right",
					"parent": "head",
					"pivot": [-3.01, 3.71442, -9.04709],
					"cubes": [
						{"origin": [-4.51, 1.71442, -9.54209], "size": [3, 4, 1], "inflate": 0.01, "uv": [28, 38], "mirror": true},
						{"origin": [-3.76, 3.21442, -9.5471], "size": [1, 1, 1], "inflate": 0.01, "uv": [0, 22], "mirror": true}
					]
				},
				{
					"name": "eyelid_right",
					"parent": "eye_right",
					"pivot": [-2.91, 3.71442, -8.94209],
					"cubes": [
						{"origin": [-4.41, 1.71442, -9.44209], "size": [3, 4, 1], "inflate": 0.02, "uv": [28, 20], "mirror": true}
					]
				},
				{
					"name": "frills",
					"parent": "head",
					"pivot": [0, 1.21442, -9.53209],
					"cubes": [
						{"origin": [-1.25, -0.03558, -9.53209], "size": [1, 1, 0], "pivot": [0, 1.21442, -9.53209], "rotation": [0, 0, 45], "uv": [4, 10]},
						{"origin": [-0.5, 0.71442, -9.53209], "size": [1, 1, 0], "pivot": [0, 1.21442, -9.53209], "rotation": [0, 0, 45], "uv": [4, 11]},
						{"origin": [0.25, 1.46442, -9.53209], "size": [1, 1, 0], "pivot": [0, 1.21442, -9.53209], "rotation": [0, 0, 45], "uv": [5, 0]}
					]
				},
				{
					"name": "leg_right",
					"parent": "torso2",
					"pivot": [-3.25, 2.25, -5],
					"cubes": [
						{"origin": [-3.25, 0, -5.5], "size": [0, 3, 1], "uv": [1, 18]}
					]
				},
				{
					"name": "leg_left",
					"parent": "torso2",
					"pivot": [3.25, 2.25, -5],
					"cubes": [
						{"origin": [3.25, 0, -5.5], "size": [0, 3, 1], "uv": [1, 10]}
					]
				},
				{
					"name": "leg_right2",
					"parent": "torso2",
					"pivot": [-3, 2.25, -2],
					"cubes": [
						{"origin": [-3, 0, -2.5], "size": [0, 3, 1], "uv": [15, 16]}
					]
				},
				{
					"name": "leg_left2",
					"parent": "torso2",
					"pivot": [3, 2.25, -2],
					"cubes": [
						{"origin": [3, 0, -2.5], "size": [0, 3, 1], "uv": [1, 7]}
					]
				},
				{
					"name": "tail",
					"parent": "torso",
					"pivot": [0, 7, 3],
					"cubes": [
						{"origin": [-4.5, 2, 2], "size": [9, 5, 5], "uv": [0, 32]}
					]
				},
				{
					"name": "tail2",
					"parent": "tail",
					"pivot": [0, 3, 7],
					"cubes": [
						{"origin": [-5.5, 3, 6], "size": [11, 0, 20], "uv": [0, 0]}
					]
				},
				{
					"name": "leg_right4",
					"parent": "tail",
					"pivot": [-2.25, 2.25, 4],
					"cubes": [
						{"origin": [-2.25, 0, 3.5], "size": [0, 3, 1], "uv": [11, 15]}
					]
				},
				{
					"name": "leg_left4",
					"parent": "tail",
					"pivot": [2.25, 2.25, 4],
					"cubes": [
						{"origin": [2.25, 0, 3.5], "size": [0, 3, 1], "uv": [1, 1]}
					]
				},
				{
					"name": "leg_right3",
					"parent": "torso",
					"pivot": [-2.75, 2.25, 1],
					"cubes": [
						{"origin": [-2.75, 0, 0.5], "size": [0, 3, 1], "uv": [15, 13]}
					]
				},
				{
					"name": "leg_left3",
					"parent": "torso",
					"pivot": [2.75, 2.25, 1],
					"cubes": [
						{"origin": [2.75, 0, 0.5], "size": [0, 3, 1], "uv": [1, 4]}
					]
				}
			]
		}
	]
}