{
	"format_version": "1.12.0",
	"minecraft:geometry": [
		{
			"description": {
				"identifier": "geometry.unknown",
				"texture_width": 64,
				"texture_height": 64,
				"visible_bounds_width": 4,
				"visible_bounds_height": 3.5,
				"visible_bounds_offset": [0, 1.25, 0]
			},
			"bones": [
				{
					"name": "Raitora",
					"pivot": [0, 0, 0]
				},
				{
					"name": "body",
					"parent": "Raitora",
					"pivot": [0, 9.5, 1.5],
					"cubes": [
						{"origin": [-6, 3.45642, -5.0019], "size": [12, 12, 13], "pivot": [0, 9.5, 1.5], "rotation": [-5, 0, 0], "uv": [0, 0]}
					]
				},
				{
					"name": "front_left_foot",
					"parent": "body",
					"pivot": [4, 4, -4],
					"cubes": [
						{"origin": [2, 0, -6], "size": [4, 4, 4], "pivot": [4, 2, -4], "rotation": [0, -10, 0], "uv": [16, 43]}
					]
				},
				{
					"name": "back_left_foot",
					"parent": "body",
					"pivot": [4, 5, 5],
					"cubes": [
						{"origin": [2, 0, 3], "size": [4, 5, 4], "pivot": [4, 2.5, 5], "rotation": [0, 10, 0], "uv": [36, 34]}
					]
				},
				{
					"name": "front_right_foot",
					"parent": "body",
					"pivot": [-4, 4, -4],
					"cubes": [
						{"origin": [-6, 0, -6], "size": [4, 4, 4], "pivot": [-4, 2, -4], "rotation": [0, 10, 0], "uv": [32, 43]}
					]
				},
				{
					"name": "back_right_foot",
					"parent": "body",
					"pivot": [-4, 5, 5],
					"cubes": [
						{"origin": [-6, 0, 3], "size": [4, 5, 4], "pivot": [-4, 2.5, 5], "rotation": [0, -10, 0], "uv": [37, 0]}
					]
				},
				{
					"name": "tail_base",
					"parent": "body",
					"pivot": [0.5, 13.25, 8.5],
					"cubes": [
						{"origin": [-0.5, 13.07193, 7.38896], "size": [2, 2, 6], "pivot": [0.5, 14, 10.5], "rotation": [22.5, 0, 0], "uv": [0, 43]}
					]
				},
				{
					"name": "tail_segment_one",
					"parent": "tail_base",
					"pivot": [0.5, 14.75, 12.25],
					"rotation": [90, 0, 0],
					"cubes": [
						{"origin": [-0.5, 14.76327, 11.10089], "size": [2, 2, 7], "pivot": [0.5, 15.75, 14.75], "rotation": [22.5, 0, 0], "uv": [36, 25]}
					]
				},
				{
					"name": "tail_segment_two",
					"parent": "tail_segment_one",
					"pivot": [0.5, 16.5, 17],
					"cubes": [
						{"origin": [-0.5, 13.78472, 15.2882], "size": [2, 2, 5], "pivot": [0.5, 15, 18], "rotation": [-67.5, 0, 0], "uv": [47, 20]}
					]
				},
				{
					"name": "tail_tip",
					"parent": "tail_segment_two",
					"pivot": [0.5, 13.25, 18.25],
					"cubes": [
						{"origin": [-0.5, 13.0382, 17.21528], "size": [2, 2, 5], "pivot": [0.5, 14, 20], "rotation": [22.5, 0, 0], "uv": [43, 46]}
					]
				},
				{
					"name": "head",
					"parent": "body",
					"pivot": [0, 10, -4.75],
					"cubes": [
						{"origin": [-6, 4, -10.25], "size": [12, 12, 6], "uv": [0, 25]}
					]
				},
				{
					"name": "left_eye",
					"parent": "head",
					"pivot": [3, 11.5, -10.45],
					"cubes": [
						{"origin": [1, 10.5, -10.45], "size": [4, 2, 0], "pivot": [3, 11.5, -10.45], "rotation": [0, 0, -28], "uv": [0, 51], "mirror": true}
					]
				},
				{
					"name": "right_eye",
					"parent": "head",
					"pivot": [-3, 11.25, -10.45],
					"cubes": [
						{"origin": [-5, 10.25, -10.45], "size": [4, 2, 0], "pivot": [-3, 11.25, -10.45], "rotation": [0, 0, 28], "uv": [0, 51]}
					]
				},
				{
					"name": "mouth",
					"parent": "head",
					"pivot": [0, 7, -10]
				},
				{
					"name": "left_mouth",
					"parent": "mouth",
					"pivot": [2.5, 7.5, -10.25],
					"cubes": [
						{"origin": [0.0019, 4.95642, -11.25], "size": [5, 5, 1], "pivot": [2.5, 7.5, -10.75], "rotation": [0, 0, -5], "uv": [30, 25]}
					]
				},
				{
					"name": "left_fang",
					"parent": "left_mouth",
					"pivot": [3.75, 5.25, -10.25],
					"cubes": [
						{"origin": [3.25, 3.25, -10.75], "size": [1, 2, 1], "uv": [52, 48], "mirror": true}
					]
				},
				{
					"name": "right_mouth",
					"parent": "mouth",
					"pivot": [-2.5, 7.5, -10.25],
					"cubes": [
						{"origin": [-5, 5, -11.25], "size": [5, 5, 1], "pivot": [-2.5, 7.5, -10.75], "rotation": [0, 0, 5], "uv": [50, 9]}
					]
				},
				{
					"name": "right_fang",
					"parent": "right_mouth",
					"pivot": [-3.75, 5.25, -10.25],
					"cubes": [
						{"origin": [-4.25, 3.25, -10.75], "size": [1, 2, 1], "uv": [52, 48]}
					]
				},
				{
					"name": "open_mouth",
					"parent": "mouth",
					"pivot": [0, 6, -9],
					"cubes": [
						{"origin": [-1, 5.25, -9.5], "size": [2, 2, 0], "pivot": [0, 6.25, -9.5], "rotation": [0, 0, -45], "uv": [60, 0]}
					]
				},
				{
					"name": "left_ear",
					"parent": "head",
					"pivot": [4.5, 13.5, -7.75],
					"cubes": [
						{"origin": [4, 12, -7.25], "size": [5, 5, 1], "pivot": [6.5, 14.5, -6.75], "rotation": [9.00717, -20.70481, -24.14867], "uv": [0, 0]}
					]
				},
				{
					"name": "right_ear",
					"parent": "head",
					"pivot": [-4.5, 13.5, -7.75],
					"cubes": [
						{"origin": [-9, 12, -7.25], "size": [5, 5, 1], "pivot": [-6.5, 14.5, -6.75], "rotation": [9.00717, 20.70481, 24.14867], "uv": [0, 6]}
					]
				},
				{
					"name": "left_whiskers",
					"parent": "head",
					"pivot": [3.5, 8, -9.75],
					"cubes": [
						{"origin": [4, 8, -10.75], "size": [5, 1, 0], "pivot": [3.5, 7.5, -9.75], "rotation": [0, 0, -17.5], "uv": [16, 50], "mirror": true},
						{"origin": [4, 6.5, -10.75], "size": [5, 1, 0], "pivot": [3.5, 8, -9.75], "rotation": [0, 0, 17.5], "uv": [16, 50], "mirror": true},
						{"origin": [4, 7, -10.75], "size": [5, 1, 0], "pivot": [3.5, 8.5, -9.75], "rotation": [0, 0, -2.5], "uv": [16, 50], "mirror": true}
					]
				},
				{
					"name": "right_whiskers",
					"parent": "head",
					"pivot": [-3.5, 8, -9.75],
					"cubes": [
						{"origin": [-9, 8, -10.75], "size": [5, 1, 0], "pivot": [-3.5, 7.5, -9.75], "rotation": [0, 0, 17.5], "uv": [16, 50]},
						{"origin": [-9, 6.5, -10.75], "size": [5, 1, 0], "pivot": [-3.5, 8, -9.75], "rotation": [0, 0, -17.5], "uv": [16, 50]},
						{"origin": [-9, 7, -10.75], "size": [5, 1, 0], "pivot": [-3.5, 8.5, -9.75], "rotation": [0, 0, 2.5], "uv": [16, 50]}
					]
				}
			]
		}
	]
}