{
  "portraitScale": 1.65,
  "portraitTranslation": [-0.23, 0.46, 0],
  "profileScale": 0.6,
  "profileTranslation": [0, 0.7, 0],
  "rootBone": "totodile",
  "animations": {
    "cry": "q.bedrock_stateful('totodile_ultravariant', 'cry')",
      "faint": "q.bedrock_primary('totodile_ultravariant', 'faint', q.curve('one'))"
  },
  "poses": {
    "standing": {
      "poseTypes": ["STAND", "NONE", "PORTRAIT", "PROFILE"],
      "animations": [
        "q.look('head')",
        "q.bedrock('totodile_ultravariant', 'ground_idle')"
      ],
      "isTouchingWater": false,
      "quirks": [
        "q.bedrock_quirk('totodile_ultravariant', 'blink')","q.bedrock_quirk('totodile_ultravariant', 'bitey_quirk')"
      ]
    },
    "battle-standing": {
      "poseTypes": ["STAND"],
      "isBattle": true,
      "animations": [
        "q.look('head')",
        "q.bedrock('totodile_ultravariant', 'battle_idle')"
      ],
      "isTouchingWater": false,
      "quirks": ["q.bedrock_quirk('totodile_ultravariant', 'blink')"]
    },
    "walking": {
      "poseTypes": ["WALK"],
      "animations": [
        "q.look('head')",
        "q.bedrock('totodile_ultravariant', 'ground_walk')"
      ],
      "isTouchingWater": false,
      "quirks": [
        "q.bedrock_quirk('totodile_ultravariant', 'blink')","q.bedrock_quirk('totodile_ultravariant', 'bitey_quirk')"
      ]
    },
    "sleep": {
      "poseTypes": ["SLEEP"],
      "animations": [
        "q.bedrock('totodile_ultravariant', 'sleep')"
    ],
    "isTouchingWater": false,
    "quirks": [
      "q.bedrock_quirk('totodile_ultravariant', 'sleep_quirk')"]
    },
    "float": {
      "poseTypes": ["FLOAT"],
      "animations": [
        "q.look('head')",
        "q.bedrock('totodile_ultravariant', 'water_idle')"
      ],
      "quirks": [
        "q.bedrock_quirk('totodile_ultravariant', 'blink')","q.bedrock_quirk('totodile_ultravariant', 'bitey_quirk')"
      ]
    },
    "shoulder_left": {
      "poseTypes": ["SHOULDER_LEFT"],
      "animations": [
        "q.look('head')",
        "q.bedrock('totodile_ultravariant', 'shoulder_left')"
      ],
      "quirks": [
        "q.bedrock_quirk('totodile_ultravariant', 'blink')"]
    },
    
    "shoulder_right": {
      "poseTypes": ["SHOULDER_RIGHT"],
      "animations": [
        "q.look('head')",
        "q.bedrock('totodile_ultravariant', 'shoulder_right')"
      ],
      "quirks": [
        "q.bedrock_quirk('totodile_ultravariant', 'blink')"]
    },
    "swim": {
      "poseTypes": ["SWIM"],
      "animations": [
        "q.look('head')",
        "q.bedrock('totodile_ultravariant', 'water_swim')"
      ],
      "quirks": [
        "q.bedrock_quirk('totodile_ultravariant', 'blink')","q.bedrock_quirk('totodile_ultravariant', 'bitey_quirk')"
    ]
    },
    "water_standing": {
      "poseTypes": ["STAND"],
      "animations": [
        "q.look('head')",
        "q.bedrock('totodile_ultravariant', 'surfacewater_idle')"
      ],
      "isTouchingWater": true,
      "quirks": ["q.bedrock_quirk('totodile_ultravariant', 'blink')"]
    },
    "water_walking": {
      "poseTypes": ["STAND"],
      "animations": [
        "q.look('head')",
        "q.bedrock('totodile_ultravariant', 'surfacewater_swim')"
      ],
      "isTouchingWater": true,
      "quirks": ["q.bedrock_quirk('totodile_ultravariant', 'blink')"]
    },
    "water_sleep": {
      "poseTypes": ["SLEEP"],
      "animations": [
        "q.bedrock('totodile_ultravariant', 'water_leep')"
    ],
    "isTouchingWater": true
    }
  }
}