{
  "implemented": true,
  "nationalPokedexNumber": 1218,
  "name": "dusknoirtesla",
  "primaryType": "ghost",
  "secondaryType": "electric",
  "maleRatio": 0.5,
  "height": 22,
  "weight": 1066,
  "pokedex": [
    "cobblemon.species.dusknoirtesla.desc1"
  ],
  "labels": [
    "custom"
  ],
  "aspects": [],
  "abilities": [
    "lightningrod",
    "h:transistor"
  ],
  "eggGroups": [
    "amorphous"
  ],
  "baseStats": {
    "hp": 85,
    "attack": 55,
    "defence": 135,
    "special_attack": 105,
    "special_defence": 110,
    "speed": 35
  },
  "evYield": {
    "hp": 0,
    "attack": 0,
    "defence": 1,
    "special_attack": 0,
    "special_defence": 2,
    "speed": 0
  },
  "baseExperienceYield": 263,
  "experienceGroup": "fast",
  "catchRate": 45,
  "eggCycles": 25,
  "baseFriendship": 35,
  "baseScale": 1,
  "hitbox": {
    "width": 1.8,
    "height": 3.4,
    "fixed": false
  },
  "behaviour": {
    "moving": {
      "fly": {
        "canFly": true
      }
    },
    "resting": {
      "canSleep": true,
      "light": "0-4"
    }
  },
  "drops": {
    "amount": 3,
    "entries": [
      {
        "item": "minecraft:phantom_membrane",
        "percentage": 10.0
      },
      {
        "item": "cobblemon:reaper_cloth",
        "percentage": 10.0
      },
      {
        "item": "cobblemon:kasib_berry",
        "percentage": 10.0
      }
    ]
  },
  "moves": [
    "1:firepunch",
    "1:icepunch",
    "1:thunderpunch",
    "1:gravity",
    "1:bind",
    "1:leer",
    "1:disable",
    "1:thundershock",
    "1:foresight",
    "1:astonish",
    "1:shadowsneak",
    "1:pursuit",
    "1:shadowpunch",
    "12:confuseray",
    "16:nightshade",
    "20:overdrive",
    "24:thunderwave",
    "28:meanlook",
    "30:magnetrise",
    "32:hex",
    "36:curse",
    "38:electroweb",
    "40:iondeluge",
    "42:shadowball",
    "45:thundercage",
    "48:futuresight",
    "51:zapcannon",
    "54:destinybond",
	
    "70:mindblown",
	
    "egg:destinybond",
    "egg:feintattack",
    "egg:grudge",
    "egg:haze",
    "egg:memento",
    "egg:painsplit",
    "egg:pursuit",
	
	
    "tm:thunderbolt",
    "tm:thunder",
    "tm:iondeluge",
    "tm:flamethrower",
	
    "tm:allyswitch",
    "tm:bind",
    "tm:blizzard",
    "tm:bodyslam",
    "tm:brickbreak",
    "tm:calmmind",
    "tm:chargebeam",
    "tm:confuseray",
    "tm:curse",
    "tm:darkestlariat",
    "tm:darkpulse",
    "tm:dreameater",
    "tm:earthquake",
    "tm:embargo",
    "tm:endure",
    "tm:facade",
    "tm:firepunch",
    "tm:flash",
    "tm:fling",
    "tm:focusblast",
    "tm:focuspunch",
    "tm:futuresight",
    "tm:gigaimpact",
    "tm:gravity",
    "tm:hardpress",
    "tm:haze",
    "tm:headbutt",
    "tm:helpinghand",
    "tm:hex",
    "tm:hyperbeam",
    "tm:icebeam",
    "tm:icepunch",
    "tm:icywind",
    "tm:imprison",
    "tm:infestation",
    "tm:laserfocus",
    "tm:leechlife",
    "tm:megakick",
    "tm:megapunch",
    "tm:metronome",
    "tm:nightshade",
    "tm:ominouswind",
    "tm:painsplit",
    "tm:payback",
    "tm:phantomforce",
    "tm:poltergeist",
    "tm:powershift",
    "tm:poweruppunch",
    "tm:protect",
    "tm:psychic",
    "tm:psychup",
    "tm:raindance",
    "tm:rest",
    "tm:revenge",
    "tm:rockslide",
    "tm:rocksmash",
    "tm:rocktomb",
    "tm:shadowball",
    "tm:skillswap",
    "tm:skittersmack",
    "tm:sleeptalk",
    "tm:snatch",
    "tm:spite",
    "tm:strength",
    "tm:substitute",
    "tm:suckerpunch",
    "tm:sunnyday",
    "tm:swift",
    "tm:taunt",
    "tm:telekinesis",
    "tm:terablast",
    "tm:thief",
    "tm:thunderpunch",
    "tm:torment",
    "tm:trick",
    "tm:trickroom",
    "tm:willowisp",
    "tm:wonderroom",
	
    "tutor:thunderbolt",
    "tutor:thunder",
    "tutor:iondeluge",
    "tutor:flamethrower",
	
    "tutor:allyswitch",
    "tutor:bind",
    "tutor:calmmind",
    "tutor:chargebeam",
    "tutor:darkpulse",
    "tutor:firepunch",
    "tutor:focuspunch",
    "tutor:gigaimpact",
    "tutor:gravity",
    "tutor:helpinghand",
    "tutor:hyperbeam",
    "tutor:icebeam",
    "tutor:icepunch",
    "tutor:icywind",
    "tutor:laserfocus",
    "tutor:leechlife",
    "tutor:ominouswind",
    "tutor:painsplit",
    "tutor:poltergeist",
    "tutor:powershift",
    "tutor:psychic",
    "tutor:rest",
    "tutor:rockslide",
    "tutor:rocksmash",
    "tutor:shadowball",
    "tutor:skillswap",
    "tutor:skittersmack",
    "tutor:sleeptalk",
    "tutor:snatch",
    "tutor:spite",
    "tutor:suckerpunch",
    "tutor:swift",
    "tutor:telekinesis",
    "tutor:thunderpunch",
    "tutor:trick",
    "tutor:wonderroom"
  ],
  "preEvolution": "dusclops",
  "evolutions": []
}