{
  "implemented": true,
  "nationalPokedexNumber": 1217,
  "name": "highyena",
  "primaryType": "dark",
  "secondaryType": "psychic",
  "maleRatio": 0,
  "height": 13,
  "weight": 570,
  "pokedex": [
    "cobblemon.species.highyena.desc1"
  ],
  "labels": [
    "custom"
  ],
  "aspects": [],
  "abilities": [
    "intimidate",
    "queenlymajesty",
    "h:moxie"
  ],
  "eggGroups": [
    "field"
  ],
  "baseStats": {
    "hp": 80,
    "attack": 125,
    "defence": 85,
    "special_attack": 45,
    "special_defence": 75,
    "speed": 117
  },
  "evYield": {
    "hp": 0,
    "attack": 2,
    "defence": 0,
    "special_attack": 0,
    "special_defence": 0,
    "speed": 1
  },
  "baseExperienceYield": 147,
  "experienceGroup": "medium_fast",
  "catchRate": 85,
  "eggCycles": 15,
  "baseFriendship": 50,
  "baseScale": 0.7,
  "hitbox": {
    "width": 1.5,
    "height": 1.7,
    "fixed": false
  },
  "behaviour": {
    "resting": {
      "canSleep": true,
      "light": "0-4"
    },
    "moving": {
      "walk": {
        "walkSpeed": 0.35
      }
    }
  },
  "drops": {
    "amount": 5,
    "entries": [
      {
        "item": "minecraft:bone",
        "quantityRange": "0-2"
      },
      {
        "item": "minecraft:rotten_flesh",
        "quantityRange": "0-2"
      },
      {
        "item": "cobblemon:pecha_berry",
        "percentage": 5.0
      }
    ]
  },
  "moves": [
    "1:tackle",
    "1:sandattack",
    "1:bite",
    "1:odorsleuth",
    "1:thief",
    "1:snarl",
    "1:crunch",
    "1:firefang",
    "1:thunderfang",
    "1:icefang",
    "13:howl",
    "13:leer",
    "16:roar",
    "20:swagger",
    "24:assurance",
    "28:scaryface",
    "36:taunt",
    "44:yawn",
    "48:takedown",
    "52:suckerpunch",
    "56:playrough",
	
    "1:zenheadbutt",
    "1:jawlock",
    "1:beatup",
    "7:powertrip",
    "10:pursuit",
    "32:trick",
    "39:wonderroom",
    "39:imprison",
    "40:throatchop",
    "41:punishment",
    "42:healblock",
    "46:psychicfangs",
    "54:psychocut",
	
    "egg:astonish",
    "egg:covet",
    "egg:mefirst",
    "egg:poisonfang",
    "tm:assurance",
    "tm:beatup",
    "tm:bodyslam",
    "tm:charm",
    "tm:covet",
    "tm:crunch",
    "tm:darkpulse",
    "tm:dig",
    "tm:doubleedge",
    "tm:embargo",
    "tm:endeavor",
    "tm:endure",
    "tm:facade",
    "tm:firefang",
    "tm:foulplay",
    "tm:gigaimpact",
    "tm:headbutt",
    "tm:helpinghand",
    "tm:hyperbeam",
    "tm:hypervoice",
    "tm:icefang",
    "tm:incinerate",
    "tm:irontail",
    "tm:laserfocus",
    "tm:lashout",
    "tm:mudslap",
    "tm:nastyplot",
    "tm:payback",
    "tm:playrough",
    "tm:protect",
    "tm:psychicfangs",
    "tm:raindance",
    "tm:rest",
    "tm:retaliate",
    "tm:roar",
    "tm:rocksmash",
    "tm:scaryface",
    "tm:shadowball",
    "tm:sleeptalk",
    "tm:snarl",
    "tm:snatch",
    "tm:spite",
    "tm:strength",
    "tm:substitute",
    "tm:suckerpunch",
    "tm:sunnyday",
    "tm:superfang",
    "tm:swagger",
    "tm:takedown",
    "tm:taunt",
    "tm:terablast",
    "tm:thief",
    "tm:throatchop",
    "tm:thunderfang",
    "tm:torment",
    "tm:trailblaze",
    "tm:uproar",
	
    "tm:zenheadbutt",
    "tm:trick",
    "tm:wonderroom",
    "tm:imprison",
    "tm:healblock",
    "tm:psychicfangs",
    "tm:psychocut",
	
    "tutor:covet",
    "tutor:darkpulse",
    "tutor:endeavor",
    "tutor:firefang",
    "tutor:foulplay",
    "tutor:gigaimpact",
    "tutor:helpinghand",
    "tutor:hyperbeam",
    "tutor:hypervoice",
    "tutor:icefang",
    "tutor:irontail",
    "tutor:laserfocus",
    "tutor:lashout",
    "tutor:mudslap",
    "tutor:playrough",
    "tutor:psychic",
    "tutor:rest",
    "tutor:rocksmash",
    "tutor:shadowball",
    "tutor:sleeptalk",
    "tutor:snarl",
    "tutor:snatch",
    "tutor:spite",
    "tutor:suckerpunch",
    "tutor:superfang",
    "tutor:throatchop",
    "tutor:thunderfang",
    "tutor:uproar",
	
    "tutor:zenheadbutt",
    "tutor:trick",
    "tutor:wonderroom",
    "tutor:imprison",
    "tutor:healblock",
    "tutor:psychicfangs",
    "tutor:psychocut"
  ],
  "preEvolution": "poochyena",
  "evolutions": []
}