{
  "implemented": true,
  "nationalPokedexNumber": 1213,
  "name": "lanturnkullat",
  "primaryType": "water",
  "secondaryType": "electric",
  "maleRatio": 0.5,
  "height": 12,
  "weight": 225,
  "pokedex": [
    "cobblemon.species.lanturnkullat.desc1"
  ],
  "labels": [
    "custom"
  ],
  "aspects": [],
  "abilities": [
    "voltabsorb",
    "waterabsorb",
    "h:regenerator"
  ],
  "eggGroups": [
    "water_2"
  ],
  "baseStats": {
    "hp": 165,
    "attack": 40,
    "defence": 85,
    "special_attack": 75,
    "special_defence": 80,
    "speed": 45
  },
  "evYield": {
    "hp": 2,
    "attack": 0,
    "defence": 0,
    "special_attack": 0,
    "special_defence": 0,
    "speed": 0
  },
  "baseExperienceYield": 161,
  "experienceGroup": "slow",
  "catchRate": 75,
  "eggCycles": 20,
  "baseFriendship": 50,
  "baseScale": 1,
  "hitbox": {
    "width": 1,
    "height": 1,
    "fixed": false
  },
  "behaviour": {
    "moving": {
      "walk": {
        "walkSpeed": 0.26,
        "avoidsLand": true
      },
      "swim": {
        "canBreatheUnderwater": true,
        "canSwimInWater": true,
        "canSwimInLava": false,
        "swimSpeed": "0.2"
      }
    },
    "resting": {
      "canSleep": true,
      "light": "0-4"
    }
  },
  "drops": {
    "amount": 4,
    "entries": [
      {
        "item": "minecraft:prismarine_crystals",
        "quantityRange": "0-2"
      },
      {
        "item": "cobblemon:deep_sea_scale",
        "percentage": 5.0
      },
      {
        "item": "cobblemon:persim_berry",
        "percentage": 5.0
      }
    ]
  },
  "moves": [
    "1:bubble",
    "1:supersonic",
    "1:thunderwave",
    "1:watergun",
    "1:stockpile",
    "1:swallow",
    "1:spitup",
    "1:electroball",
    "1:eerieimpulse",
    "1:iondeluge",
    "1:spotlight",
    "1:lifedew",
    "12:bubblebeam",
    "16:confuseray",
    "20:spark",
    "23:moonlight",
    "24:charge",
    "30:discharge",
    "33:wish",
    "36:aquaring",
    "39:moonblast",
    "42:scald",
    "45:cosmicpower",
    "48:thunderbolt",
    "54:hydropump",
    "64:tailglow",
    "egg:iondeluge",
    "egg:mist",
    "egg:psybeam",
    "egg:soak",
    "egg:suckerpunch",
    "egg:waterpulse",

    "tm:moonlight",
    "tm:cosmicpower",
    "tm:moonblast",

    "tm:agility",
    "tm:amnesia",
    "tm:aquatail",
    "tm:blizzard",
    "tm:bounce",
    "tm:brine",
    "tm:charge",
    "tm:chargebeam",
    "tm:chillingwater",
    "tm:confuseray",
    "tm:curse",
    "tm:dazzlinggleam",
    "tm:dive",
    "tm:doubleedge",
    "tm:eerieimpulse",
    "tm:electricterrain",
    "tm:electroball",
    "tm:electroweb",
    "tm:endure",
    "tm:facade",
    "tm:flash",
    "tm:flipturn",
    "tm:gigaimpact",
    "tm:hail",
    "tm:healbell",
    "tm:hydropump",
    "tm:hyperbeam",
    "tm:icebeam",
    "tm:icywind",
    "tm:liquidation",
    "tm:muddywater",
    "tm:protect",
    "tm:psybeam",
    "tm:raindance",
    "tm:rest",
    "tm:risingvoltage",
    "tm:scald",
    "tm:screech",
    "tm:shockwave",
    "tm:signalbeam",
    "tm:sleeptalk",
    "tm:substitute",
    "tm:suckerpunch",
    "tm:surf",
    "tm:takedown",
    "tm:terablast",
    "tm:thunder",
    "tm:thunderbolt",
    "tm:thunderwave",
    "tm:voltswitch",
    "tm:waterfall",
    "tm:waterpulse",
    "tm:whirlpool",
    "tm:wildcharge",
    
    "tutor:moonlight",
    "tutor:cosmicpower",
    "tutor:moonblast",

    "tutor:aquatail",
    "tutor:bounce",
    "tutor:chargebeam",
    "tutor:dazzlinggleam",
    "tutor:dive",
    "tutor:electroweb",
    "tutor:flipturn",
    "tutor:gigaimpact",
    "tutor:healbell",
    "tutor:hyperbeam",
    "tutor:icebeam",
    "tutor:icywind",
    "tutor:liquidation",
    "tutor:rest",
    "tutor:risingvoltage",
    "tutor:shockwave",
    "tutor:signalbeam",
    "tutor:sleeptalk",
    "tutor:suckerpunch",
    "tutor:thunderbolt",
    "tutor:waterpulse",
    "tutor:wildcharge"
  ],
  "preEvolution": "chinchou",
  "evolutions": []
}