{
  "implemented": true,
  "nationalPokedexNumber": 1223,
  "name": "Salangster",
  "primaryType": "poison",
  "secondaryType": "dark",
  "maleRatio": 1,
  "height": 85,
  "weight": 222,
  "pokedex": [
    "cobblemon.species.salangster.desc1"
  ],
  "labels": [
    "custom"
  ],
  "aspects": [],
  "abilities": [
    "corrosion",
    "h:oblivious"
  ],
  "eggGroups": [
    "monster",
    "dragon"
  ],
  "baseStats": {
    "hp": 90,
    "attack": 85,
    "defence": 125,
    "special_attack": 45,
    "special_defence": 115,
    "speed": 20
  },
  "evYield": {
    "hp": 2,
    "attack": 0,
    "defence": 0,
    "special_attack": 0,
    "special_defence": 0,
    "speed": 0
  },
  "baseExperienceYield": 168,
  "experienceGroup": "medium_fast",
  "catchRate": 45,
  "eggCycles": 20,
  "baseFriendship": 50,
  "baseScale": 0.85,
  "hitbox": {
    "width": 1.1,
    "height": 1.1,
    "fixed": false
  },
  "behaviour": {
    "moving": {
      "swim": {
        "canSwimInLava": true
      }
    }
  },
  "drops": {
    "amount": 4,
    "entries": [
      {
        "item": "minecraft:rotten_flesh",
        "quantityRange": "0-2"
      },
      {
        "item": "cobblemon:shuca_berry",
        "percentage": 5.0
      },
      {
        "item": "cobblemon:smoke_ball",
        "percentage": 5.0
      }
    ]
  },
  "moves": [
    "1:captivate",
    "1:disable",
    "1:encore",
    "1:torment",
    "1:swagger",
    "1:pound",
    "1:poisongas",
    "1:ember",
    "1:dragonrage",
    "1:smog",
    "1:doubleslap",
    "1:flameburst",
    "1:knockoff",
    "1:firelash",
    "1:scratch",
    "1:endeavor",
    "15:poisonfang",
    "20:smokescreen",
    "25:nastyplot",
    "27:detect",
    "30:banefulbunker",
    "33:curse",
    "37:venoshock",
    "40:suckerpunch",
    "44:slackoff",
    "51:foulplay",
    "58:toxic",
    "egg:belch",
    "egg:doubleslap",
    "egg:fakeout",
    "egg:flameburst",
    "egg:mudslap",
    "egg:sandattack",
    "tm:acidspray",
    "tm:acrobatics",
    "tm:agility",
    "tm:beatup",
    "tm:bodyslam",
    "tm:breakingswipe",
    "tm:burningjealousy",
    "tm:captivate",
    "tm:corrosivegas",
    "tm:covet",
    "tm:crosspoison",
    "tm:dragoncheer",
    "tm:dragonclaw",
    "tm:dragondance",
    "tm:dragonpulse",
    "tm:dragontail",
    "tm:encore",
    "tm:endeavor",
    "tm:endure",
    "tm:facade",
    "tm:faketears",
    "tm:fireblast",
    "tm:firefang",
    "tm:flamecharge",
    "tm:flamethrower",
    "tm:flareblitz",
    "tm:fling",
    "tm:foulplay",
    "tm:gigaimpact",
    "tm:gunkshot",
    "tm:heatwave",
    "tm:helpinghand",
    "tm:hyperbeam",
    "tm:hypervoice",
    "tm:incinerate",
    "tm:irontail",
    "tm:knockoff",
    "tm:laserfocus",
    "tm:leechlife",
    "tm:mudslap",
    "tm:nastyplot",
    "tm:overheat",
    "tm:payback",
    "tm:poisonjab",
    "tm:poisontail",
    "tm:protect",
    "tm:rest",
    "tm:scaleshot",
    "tm:scaryface",
    "tm:shadowclaw",
    "tm:skittersmack",
    "tm:sleeptalk",
    "tm:sludgebomb",
    "tm:sludgewave",
    "tm:snatch",
    "tm:substitute",
    "tm:sunnyday",
    "tm:swagger",
    "tm:swift",
    "tm:takedown",
    "tm:taunt",
    "tm:temperflare",
    "tm:terablast",
    "tm:thief",
    "tm:thunderwave",
    "tm:torment",
    "tm:toxic",
    "tm:toxicspikes",
    "tm:trailblaze",
    "tm:venomdrench",
    "tm:venoshock",
    "tm:willowisp",
    "tutor:burningjealousy",
    "tutor:corrosivegas",
    "tutor:covet",
    "tutor:dragonpulse",
    "tutor:endeavor",
    "tutor:firefang",
    "tutor:flamethrower",
    "tutor:foulplay",
    "tutor:gigaimpact",
    "tutor:gunkshot",
    "tutor:heatwave",
    "tutor:helpinghand",
    "tutor:hyperbeam",
    "tutor:hypervoice",
    "tutor:irontail",
    "tutor:knockoff",
    "tutor:laserfocus",
    "tutor:leechlife",
    "tutor:mudslap",
    "tutor:poisonjab",
    "tutor:rest",
    "tutor:scaleshot",
    "tutor:shadowclaw",
    "tutor:skittersmack",
    "tutor:sleeptalk",
    "tutor:sludgebomb",
    "tutor:snatch",
    "tutor:spikes",
    "tutor:swift"
  ],
  "preEvolution": "salandit",
  "evolutions": []
}