{
  "implemented": true,
  "nationalPokedexNumber": 1222,
  "name": "Scolipedewarmount",
  "primaryType": "bug",
  "secondaryType": "steel",
  "maleRatio": 0.5,
  "height": 25,
  "weight": 2125,
  "pokedex": [
    "cobblemon.species.scolipedewarmount.desc1"
  ],
  "labels": [
    "custom"
  ],
  "aspects": [],
  "abilities": [
    "swarm",
    "mirrorarmor",
    "h:speedboost"
  ],
  "eggGroups": [
    "bug"
  ],
  "baseStats": {
    "hp": 60,
    "attack": 120,
    "defence": 134,
    "special_attack": 45,
    "special_defence": 69,
    "speed": 92
  },
  "evYield": {
    "hp": 0,
    "attack": 2,
    "defence": 0,
    "special_attack": 0,
    "special_defence": 0,
    "speed": 1
  },
  "baseExperienceYield": 243,
  "experienceGroup": "medium_slow",
  "catchRate": 45,
  "eggCycles": 20,
  "baseFriendship": 50,
  "baseScale": 1,
  "hitbox": {
    "width": 2.5,
    "height": 3,
    "fixed": false
  },
  "behaviour": {
    "moving": {
      "walk": {
        "walkSpeed": 0.22
      }
    },
    "resting": {
      "canSleep": true,
      "light": "11-15"
    }
  },
  "drops": {
    "amount": 2,
    "entries": [
      {
        "item": "cobblemon:metal_coat",
        "percentage": 10.0
      },
      {
        "item": "cobblemon:pecha_berry",
        "percentage": 10.0
      }
    ]
  },
  "moves": [
    "1:defensecurl",
    "1:rollout",
    "1:metalclaw",
    "1:pursuit",
    "1:protect",
    "1:batonpass",
    "1:steamroller",
    "1:irondefense",
    "12:poisontail",
    "14:irontail",
    "16:screech",
    "18:smartstrike",
    "20:bugbite",
    "26:ironhead",
    "30:geargrind",
    "34:takedown",
    "42:agility",
    "50:coil",
    "58:spinout",
    "66:doubleedge",
    "74:megahorn",
    "egg:bite",
    "egg:furycutter",
    "egg:steamroller",
    "egg:twineedle",
    
    "tm:coil",
    "tm:irontail",
    "tm:smartstrike",
    "tm:ironhead",
    "tm:geargrind",
    "tm:steelroller",
    
    "tm:agility",
    "tm:aquatail",
    "tm:assurance",
    "tm:batonpass",
    "tm:bugbite",
    "tm:bulldoze",
    "tm:crosspoison",
    "tm:cut",
    "tm:dig",
    "tm:doubleedge",
    "tm:earthquake",
    "tm:endeavor",
    "tm:endure",
    "tm:facade",
    "tm:furycutter",
    "tm:gigaimpact",
    "tm:gyroball",
    "tm:hex",
    "tm:hyperbeam",
    "tm:infestation",
    "tm:irondefense",
    "tm:irontail",
    "tm:megahorn",
    "tm:payback",
    "tm:pinmissile",
    "tm:poisonjab",
    "tm:poisontail",
    "tm:protect",
    "tm:rest",
    "tm:rockclimb",
    "tm:rockslide",
    "tm:rocksmash",
    "tm:rocktomb",
    "tm:rollout",
    "tm:screech",
    "tm:signalbeam",
    "tm:skittersmack",
    "tm:sleeptalk",
    "tm:smartstrike",
    "tm:snatch",
    "tm:solarbeam",
    "tm:spikes",
    "tm:steelroller",
    "tm:stompingtantrum",
    "tm:strength",
    "tm:strugglebug",
    "tm:substitute",
    "tm:sunnyday",
    "tm:superpower",
    "tm:swordsdance",
    "tm:takedown",
    "tm:terablast",
    "tm:throatchop",
    "tm:toxic",
    "tm:toxicspikes",
    "tm:venomdrench",
    "tm:venoshock",
    "tm:xscissor",

    
    
    "tutor:coil",
    "tutor:irontail",
    "tutor:smartstrike",
    "tutor:ironhead",
    "tutor:geargrind",
    "tutor:steelroller",

    "tutor:aquatail",
    "tutor:bugbite",
    "tutor:bulldoze",
    "tutor:endeavor",
    "tutor:furycutter",
    "tutor:gigaimpact",
    "tutor:hyperbeam",
    "tutor:irondefense",
    "tutor:irontail",
    "tutor:megahorn",
    "tutor:poisonjab",
    "tutor:rest",
    "tutor:rockslide",
    "tutor:rocksmash",
    "tutor:rollout",
    "tutor:signalbeam",
    "tutor:skittersmack",
    "tutor:sleeptalk",
    "tutor:swiftgear",
    "tutor:snatch",
    "tutor:spikes",
    "tutor:steelroller",
    "tutor:stompingtantrum",
    "tutor:superpower",
    "tutor:throatchop",
    "tutor:xscissor"
  ],
  "preEvolution": "whirlipede",
  "evolutions": []
}