{
  "implemented": true,
  "nationalPokedexNumber": 9999,
  "name": "Irbink",
  "primaryType": "rock",
  "secondaryType": "fairy",
  "maleRatio": -1,
  "height": 3,
  "weight": 57,
  "pokedex": [
    "cobblemon.species.irbink.desc"
  ],
  "labels": [
    "gen6"
  ],
  "aspects": [],
  "abilities": [
    "clearbody",
    "h:sturdy"
  ],
  "eggGroups": [
    "fairy",
    "mineral"
  ],
  "baseStats": {
    "hp": 70,
    "attack": 70,
    "defence": 100,
    "special_attack": 70,
    "special_defence": 100,
    "speed": 70
  },
  "evYield": {
    "hp": 0,
    "attack": 0,
    "defence": 1,
    "special_attack": 0,
    "special_defence": 1,
    "speed": 0
  },
  "baseExperienceYield": 100,
  "experienceGroup": "slow",
  "catchRate": 60,
  "eggCycles": 25,
  "baseFriendship": 50,
  "baseScale": 0.75,
  "hitbox": {
    "width": 1,
    "height": 1.15,
    "fixed": false
  },
  "drops": {
    "amount": 3,
    "entries": [
        {"item": "minecraft:raw_iron",
      "quantityRange": "3-5",
      "percentage": 80},
      {
        "item": "cobblemon:charti_berry",
        "percentage": 1
      },
      {
        "item": "cobblemon:metal_coat",
        "percentage": 5
      }
    ]
  },
  "moves": [
    "1:metalclaw",
    "1:tackle",
    "1:harden",
    "1:rockthrow",
    "1:sharpen",
    "5:guardsplit",
    "10:smackdown",
    "15:flail",
    "20:ancientpower",
    "25:rockpolish",
    "30:lightscreen",
    "35:rockslide",
    "40:skillswap",
    "42:ironhead",
    "45:powergem",
    "50:stealthrock",
    "55:moonblast",
    "60:stoneedge",
    "tm:afteryou",
    "tm:allyswitch",
    "tm:ancientpower",
    "tm:bodypress",
    "tm:bodyslam",
    "tm:calmmind",
    "tm:charm",
    "tm:covet",
    "tm:dazzlinggleam",
    "tm:doubleedge",
    "tm:earthpower",
    "tm:endeavor",
    "tm:endure",
    "tm:explosion",
    "tm:facade",
    "tm:flash",
    "tm:flashcannon",
    "tm:gigaimpact",
    "tm:gravity",
    "tm:guardswap",
    "tm:gyroball",
    "tm:hail",
    "tm:heavyslam",
    "tm:hyperbeam",
    "tm:irondefense",
    "tm:ironhead",
    "tm:lightscreen",
    "tm:magiccoat",
    "tm:magnetrise",
    "tm:meteorbeam",
    "tm:mistyexplosion",
    "tm:mistyterrain",
    "tm:naturepower",
    "tm:powergem",
    "tm:protect",
    "tm:psychic",
    "tm:psychup",
    "tm:raindance",
    "tm:reflect",
    "tm:rest",
    "tm:rockblast",
    "tm:rockpolish",
    "tm:rockslide",
    "tm:rocktomb",
    "tm:safeguard",
    "tm:sandstorm",
    "tm:sandtomb",
    "tm:skillswap",
    "tm:sleeptalk",
    "tm:smackdown",
    "tm:spikes",
    "tm:stealthrock",
    "tm:stompingtantrum",
    "tm:stoneedge",
    "tm:substitute",
    "tm:sunnyday",
    "tm:takedown",
    "tm:telekinesis",
    "tm:terablast",
    "tm:terrainpulse",
    "tm:trickroom",
    "tm:wonderroom",
    "tutor:afteryou",
    "tutor:allyswitch",
    "tutor:ancientpower",
    "tutor:calmmind",
    "tutor:covet",
    "tutor:dazzlinggleam",
    "tutor:earthpower",
    "tutor:endeavor",
    "tutor:flashcannon",
    "tutor:gigaimpact",
    "tutor:gravity",
    "tutor:hyperbeam",
    "tutor:irondefense",
    "tutor:ironhead",
    "tutor:magiccoat",
    "tutor:magnetrise",
    "tutor:meteorbeam",
    "tutor:mistyexplosion",
    "tutor:psychic",
    "tutor:rest",
    "tutor:rockslide",
    "tutor:skillswap",
    "tutor:sleeptalk",
    "tutor:spikes",
    "tutor:stealthrock",
    "tutor:stompingtantrum",
    "tutor:stoneedge",
    "tutor:telekinesis",
    "tutor:terrainpulse",
    "tutor:trick",
    "tutor:wonderroom"
  ],
  "preEvolution": "carbink",
  "evolutions": []
}
