{
    "target": "cobblemon:kaburion",
	"features": ["spaceworldmons"],
    "forms": [{
            "implemented": true,
            "name": "Spaceworldmons",
            "nationalPokedexNumber": 203,
            "primaryType": "bug",
            "maleRatio": 0.5,
            "height": 8,
            "weight": 253,
            "pokedex": [
                "spaceworldmons.species.kaburion.desc1",
                "spaceworldmons.species.kaburion.desc2"
            ],
            "labels": [
                "gen5beta"
            ],
            "aspects": ["spaceworldmons"],
            "abilities": [
                "swarm",
                "shedskin",
                "h:noguard"
            ],
            "eggGroups": [
                "bug"
            ],
            "behaviour": {
                "resting": {
                    "canSleep": true,
                    "willSleepOnBed": false,
                    "depth": "normal",
                    "light": "0-4"
                }
            },
            "baseStats": {
                "hp": 70,
                "attack": 100,
                "defence": 85,
                "special_attack": 50,
                "special_defence": 45,
                "speed": 145
            },
            "evYield": {
                "hp": 0,
                "attack": 2,
                "defence": 0,
                "special_attack": 0,
                "special_defence": 0,
                "speed": 0
            },
            "baseExperienceYield": 63,
            "experienceGroup": "medium_fast",
            "catchRate": 100,
            "eggCycles": 15,
            "baseFriendship": 50,
            "baseScale": 0.5,
            "hitbox": {
                "width": 1.1,
                "height": 1.6,
                "fixed": false
            },
            "drops": {
                "amount": 1,
                "entries": [{
                        "item": "cobblemon:occa_berry",
                        "percentage": 2.5
                    }
                ]
            },
            "moves": [
                "1:peck",
                "1:leer",
                "4:furycutter",
                "8:endure",
                "12:falseswipe",
                "16:furyattack",
                "20:headbutt",
                "24:flail",
                "28:scaryface",
                "32:slash",
                "36:swordsdance",
                "40:takedown",
                "44:bugbuzz",
                "48:doubleedge",
                "egg:bugbite",
                "egg:counter",
                "egg:feintattack",
                "egg:hornattack",
                "egg:knockoff",
                "egg:nightslash",
                "egg:pursuit",
                "egg:slash",
                "tm:acidspray",
                "tm:aerialace",
                "tm:bugbite",
                "tm:bugbuzz",
                "tm:cut",
                "tm:doubleedge",
                "tm:drillrun",
                "tm:encore",
                "tm:endure",
                "tm:energyball",
                "tm:facade",
                "tm:falseswipe",
                "tm:furycutter",
                "tm:gigadrain",
                "tm:headbutt",
                "tm:infestation",
                "tm:irondefense",
                "tm:knockoff",
                "tm:megahorn",
                "tm:poisonjab",
                "tm:protect",
                "tm:raindance",
                "tm:rest",
                "tm:scaryface",
                "tm:screech",
                "tm:signalbeam",
                "tm:sleeptalk",
                "tm:strugglebug",
                "tm:substitute",
                "tm:swordsdance",
                "tm:takedown",
                "tm:terablast",
                "tm:xscissor",
                "tutor:aerialace",
                "tutor:bugbite",
                "tutor:drillrun",
                "tutor:energyball",
                "tutor:falseswipe",
                "tutor:furycutter",
                "tutor:gigadrain",
                "tutor:irondefense",
                "tutor:knockoff",
                "tutor:megahorn",
                "tutor:poisonjab",
                "tutor:rest",
                "tutor:signalbeam",
                "tutor:sleeptalk",
                "tutor:xscissor"
            ],
            "preEvolution": "karrablast",
            "evolutions": []
        }
    ]
}
