{
	"format_version": "1.12.0",
	"minecraft:geometry": [
		{
			"description": {
				"identifier": "geometry.oozera",
				"texture_width": 128,
				"texture_height": 128,
				"visible_bounds_width": 9,
				"visible_bounds_height": 3.5,
				"visible_bounds_offset": [0, 1.25, 0]
			},
			"bones": [
				{
					"name": "oozera",
					"pivot": [0, 0, 0]
				},
				{
					"name": "body",
					"parent": "oozera",
					"pivot": [0, 0, 0]
				},
				{
					"name": "leftleg",
					"parent": "body",
					"pivot": [4, 16.11277, -2.09509],
					"cubes": [
						{"origin": [2, 12.02857, -8.98079], "size": [4, 6, 9], "inflate": 0.01, "pivot": [0.5, 14.66372, -1.95202], "rotation": [95, 0, 0], "uv": [34, 44]}
					]
				},
				{
					"name": "leftknee",
					"parent": "leftleg",
					"pivot": [3.75, 9.84673, -0.4619],
					"cubes": [
						{"origin": [2, 6.02857, -3.98079], "size": [3, 3, 9], "pivot": [0.5, 6.66372, 1.04798], "rotation": [85, 0, 0], "uv": [62, 12]},
						{"origin": [3, 4.02857, 3.01921], "size": [2, 2, 2], "pivot": [0.5, 6.66372, 1.04798], "rotation": [85, 0, 0], "uv": [72, 88]}
					]
				},
				{
					"name": "leftfoot",
					"parent": "leftknee",
					"pivot": [3.5, 2.0729, 0.32901],
					"cubes": [
						{"origin": [1.5, -1.03348, 0.66509], "size": [4, 4, 3], "pivot": [0, -0.39833, 0.69387], "rotation": [90, 0, 0], "uv": [58, 88]}
					]
				},
				{
					"name": "toes2",
					"parent": "leftfoot",
					"pivot": [3.46201, 0.5729, -1.15732],
					"cubes": [
						{"origin": [2.5, 4.96652, 3.66509], "size": [2, 4, 2], "pivot": [-1, -0.39833, 3.69387], "rotation": [90, -10, 0], "uv": [100, 76]},
						{"origin": [3.48477, 8.96652, 5.39136], "size": [0, 2, 2], "pivot": [-1.01523, -0.39833, 5.42013], "rotation": [90, 10, 0], "uv": [68, 99]},
						{"origin": [2.48477, 4.96652, 5.19136], "size": [2, 4, 2], "pivot": [-1.01523, -0.39833, 5.22013], "rotation": [90, 10, 0], "uv": [102, 23]},
						{"origin": [3.51523, 8.96652, 5.49136], "size": [0, 2, 2], "pivot": [8.01523, -0.39833, 5.52013], "rotation": [90, -10, 0], "uv": [54, 102]}
					]
				},
				{
					"name": "rightleg",
					"parent": "body",
					"pivot": [-4, 16.11277, -2.09509],
					"cubes": [
						{"origin": [-6, 12.02857, -8.98079], "size": [4, 6, 9], "inflate": 0.01, "pivot": [-0.5, 14.66372, -1.95202], "rotation": [95, 0, 0], "uv": [34, 44], "mirror": true}
					]
				},
				{
					"name": "rightknee",
					"parent": "rightleg",
					"pivot": [-3.75, 9.84673, -0.4619],
					"cubes": [
						{"origin": [-5, 4.02857, 3.01921], "size": [2, 2, 2], "pivot": [-0.5, 6.66372, 1.04798], "rotation": [85, 0, 0], "uv": [34, 102]},
						{"origin": [-5, 6.02857, -3.98079], "size": [3, 3, 9], "pivot": [-0.5, 6.66372, 1.04798], "rotation": [85, 0, 0], "uv": [60, 44]}
					]
				},
				{
					"name": "rightfoot",
					"parent": "rightknee",
					"pivot": [-3.5, 2.0729, -0.67099],
					"cubes": [
						{"origin": [-5.5, -1.03348, 0.66509], "size": [4, 4, 3], "pivot": [0, -0.39833, 0.69387], "rotation": [90, 0, 0], "uv": [0, 90]}
					]
				},
				{
					"name": "toes",
					"parent": "rightfoot",
					"pivot": [-3.46201, 0.5729, -2.15732],
					"cubes": [
						{"origin": [-4.5, 4.96652, 3.66509], "size": [2, 4, 2], "pivot": [1, -0.39833, 3.69387], "rotation": [90, 10, 0], "uv": [18, 101]},
						{"origin": [-3.51523, 8.96652, 5.49136], "size": [0, 2, 2], "pivot": [-8.01523, -0.39833, 5.52013], "rotation": [90, 10, 0], "uv": [102, 94]},
						{"origin": [-4.48477, 4.96652, 5.19136], "size": [2, 4, 2], "pivot": [1.01523, -0.39833, 5.22013], "rotation": [90, -10, 0], "uv": [26, 101]},
						{"origin": [-3.48477, 8.96652, 5.39136], "size": [0, 2, 2], "pivot": [1.01523, -0.39833, 5.42013], "rotation": [90, -10, 0], "uv": [102, 98]}
					]
				},
				{
					"name": "torso",
					"parent": "body",
					"pivot": [0, 13.87766, -1.69731],
					"cubes": [
						{"origin": [-4, 9.26556, -12.5952], "size": [8, 8, 9], "pivot": [-0.5, 15.90071, -8.56643], "rotation": [77.5, 0, 0], "uv": [0, 30]},
						{"origin": [-3, 11.02857, -4.98079], "size": [6, 5, 7], "pivot": [-0.5, 14.66372, -1.95202], "rotation": [95, 0, 0], "uv": [0, 47]},
						{"origin": [3, 9.26556, -3.5952], "size": [0, 8, 9], "pivot": [-0.5, 15.90071, -8.56643], "rotation": [77.54608, 1.08089, 4.88206], "uv": [62, 71]},
						{"origin": [-3, 9.26556, -3.5952], "size": [0, 8, 9], "pivot": [0.5, 15.90071, -8.56643], "rotation": [77.54608, -1.08089, -4.88206], "uv": [40, 74]}
					]
				},
				{
					"name": "tail",
					"parent": "torso",
					"pivot": [0, 17.5186, 1.26845],
					"cubes": [
						{"origin": [-2, 8.02857, -0.98079], "size": [4, 8, 5], "pivot": [-1.5, 14.66372, 0.04798], "rotation": [95, 0, 0], "uv": [0, 77]},
						{"origin": [-1, 8.02857, 4.01921], "size": [0, 8, 5], "pivot": [1.5, 14.66372, 0.04798], "rotation": [94.98107, 0.43523, -4.98107], "uv": [18, 88]},
						{"origin": [1, 8.02857, 4.01921], "size": [0, 8, 5], "pivot": [-1.5, 14.66372, 0.04798], "rotation": [94.98107, -0.43523, 4.98107], "uv": [28, 88]}
					]
				},
				{
					"name": "tail2",
					"parent": "tail",
					"pivot": [0, 16.85895, 6.24631],
					"cubes": [
						{"origin": [-2, 14.9144, 15.7171], "size": [4, 8, 4], "pivot": [-2, 14.9144, 14.7171], "rotation": [95, 0, 0], "uv": [82, 32]},
						{"origin": [-1, 10.02857, 13.01921], "size": [0, 6, 5], "pivot": [1.5, 14.66372, 9.04798], "rotation": [94.98107, 0.43523, -4.98107], "uv": [48, 91]},
						{"origin": [1, 10.02857, 13.01921], "size": [0, 6, 5], "pivot": [-1.5, 14.66372, 9.04798], "rotation": [94.98107, -0.43523, 4.98107], "uv": [82, 92]}
					]
				},
				{
					"name": "tail3",
					"parent": "tail2",
					"pivot": [0, 18.2574, 14.22164],
					"cubes": [
						{"origin": [-1.5, 15.61164, 24.68666], "size": [3, 8, 3], "pivot": [-2.5, 15.61164, 22.68666], "rotation": [95, 0, 0], "uv": [86, 10]},
						{"origin": [0, 10.02857, 21.01921], "size": [0, 6, 5], "pivot": [2.5, 14.66372, 17.04798], "rotation": [94.98107, 0.43523, -4.98107], "uv": [72, 92]},
						{"origin": [0, 10.02857, 21.01921], "size": [0, 6, 5], "pivot": [-2.5, 14.66372, 17.04798], "rotation": [94.98107, -0.43523, 4.98107], "uv": [58, 95]}
					]
				},
				{
					"name": "tail4",
					"parent": "tail3",
					"pivot": [0, 19.08918, 22.29696],
					"cubes": [
						{"origin": [-1, 15.80889, 33.65622], "size": [2, 8, 2], "pivot": [-2, 15.80889, 30.65622], "rotation": [95, 0, 0], "uv": [26, 47]},
						{"origin": [0, 10.02857, 29.01921], "size": [0, 6, 5], "pivot": [-2.5, 14.66372, 25.04798], "rotation": [94.98107, -0.43523, 4.98107], "uv": [38, 91]},
						{"origin": [0, 10.02857, 29.01921], "size": [0, 6, 5], "pivot": [2.5, 14.66372, 25.04798], "rotation": [94.98107, 0.43523, -4.98107], "uv": [92, 92]}
					]
				},
				{
					"name": "tail5",
					"parent": "tail4",
					"pivot": [0, 19.84229, 30.29237],
					"cubes": [
						{"origin": [-0.5, 16.50614, 41.62577], "size": [1, 8, 2], "pivot": [-2.5, 16.50614, 38.62577], "rotation": [95, 0, 0], "uv": [12, 97]}
					]
				},
				{
					"name": "tail6",
					"parent": "tail5",
					"pivot": [0, 20.83763, 38.21835],
					"cubes": [
						{"origin": [0, 17.20338, 50.59533], "size": [0, 8, 1], "pivot": [-2, 17.20338, 46.59533], "rotation": [95, 0, 0], "uv": [58, 74]}
					]
				},
				{
					"name": "tail7",
					"parent": "tail6",
					"pivot": [0, 21.53488, 46.18791],
					"cubes": [
						{"origin": [0, 17.90063, 58.56489], "size": [0, 8, 1], "pivot": [-2, 17.90063, 54.56489], "rotation": [95, 0, 0], "uv": [60, 74]}
					]
				},
				{
					"name": "tail8",
					"parent": "tail7",
					"pivot": [0, 22.23213, 54.15747],
					"cubes": [
						{"origin": [0, 18.59787, 66.53445], "size": [0, 8, 1], "pivot": [-2, 18.59787, 62.53445], "rotation": [95, 0, 0], "uv": [38, 77]}
					]
				},
				{
					"name": "uppertorso",
					"parent": "torso",
					"pivot": [0, 12.9873, -11.02467],
					"cubes": [
						{"origin": [-4.5, 15.01243, -13.70086], "size": [9, 7, 9], "pivot": [0, 15.90071, -8.56643], "rotation": [52.5, 0, 0], "uv": [0, 14]}
					]
				},
				{
					"name": "leftarm",
					"parent": "uppertorso",
					"pivot": [4, 15.97852, -11.95815],
					"cubes": [
						{"origin": [2.5, 17.01243, -13.70086], "size": [3, 4, 7], "pivot": [0, 15.90071, -8.56643], "rotation": [77.5, 0, 0], "uv": [18, 77]}
					]
				},
				{
					"name": "leftelbow",
					"parent": "leftarm",
					"pivot": [4, 12.83551, -12.50479],
					"cubes": [
						{"origin": [3, 10.77488, -17.26181], "size": [2, 3, 7], "pivot": [-0.5, 8.66315, -12.12738], "rotation": [12.5, 0, 0], "uv": [82, 56]}
					]
				},
				{
					"name": "lefthand",
					"parent": "leftelbow",
					"pivot": [4, 11.97884, -17.30743],
					"cubes": [
						{"origin": [2.5, 11.2598, -16.09588], "size": [3, 2, 3], "pivot": [-1, 8.14808, -14.96146], "rotation": [57.5, 0, 0], "uv": [98, 18]},
						{"origin": [5.5, 11.2598, -18.09588], "size": [0, 2, 2], "pivot": [-1, 8.14808, -14.96146], "rotation": [57.5, 0, 0], "uv": [58, 83]},
						{"origin": [2.5, 11.2598, -18.09588], "size": [0, 2, 2], "pivot": [-4, 8.14808, -14.96146], "rotation": [57.5, 0, 0], "uv": [14, 90]},
						{"origin": [4, 11.2598, -19.09588], "size": [0, 2, 3], "pivot": [-2.5, 8.14808, -14.96146], "rotation": [57.5, 0, 0], "uv": [48, 102]}
					]
				},
				{
					"name": "rightarm",
					"parent": "uppertorso",
					"pivot": [-4, 16.97852, -11.95815],
					"cubes": [
						{"origin": [-5.5, 17.01243, -13.70086], "size": [3, 4, 7], "pivot": [0, 15.90071, -8.56643], "rotation": [77.5, 0, 0], "uv": [80, 71]}
					]
				},
				{
					"name": "rightelbow",
					"parent": "rightarm",
					"pivot": [-4, 12.83551, -12.50479],
					"cubes": [
						{"origin": [-5, 10.77488, -17.26181], "size": [2, 3, 7], "pivot": [0.5, 8.66315, -12.12738], "rotation": [12.5, 0, 0], "uv": [80, 82]}
					]
				},
				{
					"name": "righthand",
					"parent": "rightelbow",
					"pivot": [-4, 11.97884, -17.30743],
					"cubes": [
						{"origin": [-5.5, 11.2598, -16.09588], "size": [3, 2, 3], "pivot": [1, 8.14808, -14.96146], "rotation": [57.5, 0, 0], "uv": [98, 32]},
						{"origin": [-5.5, 11.2598, -18.09588], "size": [0, 2, 2], "pivot": [1, 8.14808, -14.96146], "rotation": [57.5, 0, 0], "uv": [92, 6]},
						{"origin": [-4, 11.2598, -19.09588], "size": [0, 2, 3], "pivot": [2.5, 8.14808, -14.96146], "rotation": [57.5, 0, 0], "uv": [42, 102]},
						{"origin": [-2.5, 11.2598, -18.09588], "size": [0, 2, 2], "pivot": [4, 8.14808, -14.96146], "rotation": [57.5, 0, 0], "uv": [68, 95]}
					]
				},
				{
					"name": "neck",
					"parent": "uppertorso",
					"pivot": [0, 18.19588, -14.28893],
					"cubes": [
						{"origin": [-3.5, 16.91655, -18.09365], "size": [7, 5, 7], "pivot": [0.5, 23.91655, -11.09365], "rotation": [12.5, 0, 0], "uv": [40, 0]},
						{"origin": [-3, 21.61655, -17.59365], "size": [6, 4, 6], "pivot": [1, 23.61655, -11.59365], "rotation": [12.5, 0, 0], "uv": [68, 0]},
						{"origin": [2, 24.11655, -11.99365], "size": [3, 3, 3], "inflate": 0.01, "pivot": [-2, 24.11655, -6.99365], "rotation": [12.5, 0, 0], "uv": [84, 50]},
						{"origin": [-6, 23.61655, -16.09365], "size": [3, 3, 3], "pivot": [1, 23.61655, -11.09365], "rotation": [12.5, 0, 0], "uv": [92, 0]},
						{"origin": [-5, 24.11655, -11.99365], "size": [3, 3, 3], "inflate": 0.01, "pivot": [2, 24.11655, -6.99365], "rotation": [12.5, 0, 0], "uv": [96, 50]},
						{"origin": [1, 22.61655, -19.59365], "size": [3, 3, 3], "pivot": [-3, 22.61655, -14.59365], "rotation": [12.5, 0, 0], "uv": [0, 97]},
						{"origin": [-4, 22.61655, -19.59365], "size": [3, 3, 3], "pivot": [3, 22.61655, -14.59365], "rotation": [12.5, 0, 0], "uv": [98, 6]},
						{"origin": [3, 23.61655, -16.09365], "size": [3, 3, 3], "pivot": [-1, 23.61655, -11.09365], "rotation": [12.5, 0, 0], "uv": [98, 12]},
						{"origin": [-5, 17.0154, -18.77936], "size": [10, 3, 0], "pivot": [0, 20.46799, -18.34648], "rotation": [-15, 0, 0], "uv": [82, 66]},
						{"origin": [-4.6, 16.0976, -19.19788], "size": [0, 5, 10], "pivot": [-4.6, 21.55019, -13.765], "rotation": [10.59061, -6.6782, 31.88034], "uv": [62, 24]},
						{"origin": [4.6, 16.0976, -19.19788], "size": [0, 5, 10], "pivot": [4.6, 21.55019, -13.765], "rotation": [10.59061, 6.6782, -31.88034], "uv": [62, 56]},
						{"origin": [-5, 18.61655, -10.09365], "size": [10, 4, 0], "pivot": [1, 23.61655, -12.09365], "rotation": [32.5, 0, 0], "uv": [62, 39]},
						{"origin": [-5, 21.61655, -19.59365], "size": [10, 4, 10], "inflate": 0.02, "pivot": [1, 23.61655, -11.59365], "rotation": [12.5, 0, 0], "uv": [0, 0]}
					]
				},
				{
					"name": "frillfur",
					"parent": "neck",
					"pivot": [0, 22.6074, -14.66645],
					"cubes": [
						{"origin": [2, 23.11655, -20.59365], "size": [10, 0, 4], "inflate": 0.01, "pivot": [-4, 22.11655, -13.59365], "rotation": [18.16723, -46.03805, -13.28982], "uv": [104, 124], "mirror": true},
						{"origin": [5, 23.11655, -19.59365], "size": [10, 0, 10], "inflate": 0.02, "pivot": [-1, 22.11655, -11.59365], "rotation": [12.5, 0, 0], "uv": [98, 118], "mirror": true},
						{"origin": [5, 23.11655, -18.59365], "size": [10, 0, 4], "inflate": 0.01, "pivot": [-1, 22.11655, -11.59365], "rotation": [13.27463, 19.50645, 4.50432], "uv": [104, 124], "mirror": true},
						{"origin": [-12, 23.11655, -20.59365], "size": [10, 0, 4], "inflate": 0.01, "pivot": [4, 22.11655, -13.59365], "rotation": [18.16723, 46.03805, 13.28982], "uv": [104, 124]},
						{"origin": [-15, 23.11655, -19.59365], "size": [10, 0, 10], "inflate": 0.02, "pivot": [1, 22.11655, -11.59365], "rotation": [12.5, 0, 0], "uv": [98, 118]},
						{"origin": [-15, 23.11655, -18.59365], "size": [10, 0, 4], "inflate": 0.01, "pivot": [1, 22.11655, -11.59365], "rotation": [13.27463, -19.50645, -4.50432], "uv": [104, 124]},
						{"origin": [-5, 22.61655, -19.59365], "size": [10, 0, 10], "inflate": 0.02, "pivot": [1, 23.61655, -11.59365], "rotation": [12.5, 0, 0], "uv": [0, 0]}
					]
				},
				{
					"name": "upperneck",
					"parent": "neck",
					"pivot": [0.04314, 23.72013, -15.07409],
					"cubes": [
						{"origin": [-2.5, 24.7, -20], "size": [5, 9, 6], "pivot": [0.5, 31.7, -15], "rotation": [17.5, 0, 0], "uv": [40, 59]},
						{"origin": [-0.5, 25.7, -17], "size": [0, 8, 7], "pivot": [0.5, 31.7, -15], "rotation": [18.07779, -14.2906, -4.60659], "uv": [3, 62]},
						{"origin": [0.5, 25.7, -16], "size": [0, 8, 6], "pivot": [-0.5, 31.7, -15], "rotation": [18.07779, 14.2906, 4.60659], "uv": [24, 63]}
					]
				},
				{
					"name": "head",
					"parent": "upperneck",
					"pivot": [0, 31.6447, -16.72235],
					"cubes": [
						{"origin": [2, 28.7, -24.6], "size": [1, 2, 1], "inflate": 0.01, "pivot": [0, 31.7, -13.6], "rotation": [5, 0, 0], "uv": [124, 14]},
						{"origin": [2.5, 34.7, -20], "size": [0, 5, 6], "pivot": [-0.5, 33.7, -14], "rotation": [14.39052, -4.25523, -0.9729], "uv": [116, -6], "mirror": true},
						{"origin": [-2.5, 34.7, -20], "size": [0, 5, 6], "pivot": [0.5, 33.7, -14], "rotation": [14.39052, 4.25523, 0.9729], "uv": [116, -6]},
						{"origin": [-3.5, 27.7, -21], "size": [7, 7, 7], "uv": [34, 30]},
						{"origin": [-3.1, 28.7, -16], "size": [0, 2, 3], "pivot": [0.9, 31.7, -17], "rotation": [30, -12.5, 0], "uv": [102, 63]},
						{"origin": [3.1, 28.7, -16], "size": [0, 2, 3], "pivot": [-0.9, 31.7, -17], "rotation": [30, 12.5, 0], "uv": [102, 89]},
						{"origin": [-3.5, 27.7, -15], "size": [0, 3, 4], "pivot": [0.5, 31.7, -15], "rotation": [0, -12.5, 0], "uv": [100, 69]},
						{"origin": [6.01227, 32.20362, -23.7578], "size": [2, 1, 0], "pivot": [-3.98773, 32.20362, -13.7578], "rotation": [5, 0, 0], "uv": [114, 43], "mirror": true},
						{"origin": [-5, 30.7, -23.6], "size": [2, 1, 0], "pivot": [7, 30.7, -13.6], "rotation": [5, 0, 0], "uv": [114, 43]},
						{"origin": [-7.82989, 26.79628, -23.28472], "size": [2, 1, 0], "pivot": [4.17011, 26.79628, -13.28472], "rotation": [4.43745, -2.30644, 27.41063], "uv": [114, 43]},
						{"origin": [5.83975, 35.31824, -23.9603], "size": [2, 1, 0], "pivot": [-4.16025, 35.31824, -13.9603], "rotation": [4.33287, -2.49762, 29.9055], "uv": [114, 43], "mirror": true},
						{"origin": [-7.83975, 35.31824, -23.9603], "size": [2, 1, 0], "pivot": [4.16025, 35.31824, -13.9603], "rotation": [4.33287, 2.49762, -29.9055], "uv": [114, 43]},
						{"origin": [3, 30.7, -23.6], "size": [2, 1, 0], "pivot": [-7, 30.7, -13.6], "rotation": [5, 0, 0], "uv": [114, 43], "mirror": true},
						{"origin": [-8.01227, 32.20362, -23.7578], "size": [2, 1, 0], "pivot": [3.98773, 32.20362, -13.7578], "rotation": [5, 0, 0], "uv": [114, 43]},
						{"origin": [5.82989, 26.79628, -23.28472], "size": [2, 1, 0], "pivot": [-4.17011, 26.79628, -13.28472], "rotation": [4.43745, 2.30644, -27.41063], "uv": [114, 43], "mirror": true},
						{"origin": [-3, 30.7, -24.6], "size": [6, 4, 4], "inflate": 0.02, "pivot": [0, 31.7, -13.6], "rotation": [5, 0, 0], "uv": [82, 24]},
						{"origin": [-3, 28.7, -24.6], "size": [1, 2, 1], "inflate": 0.01, "pivot": [0, 31.7, -13.6], "rotation": [5, 0, 0], "uv": [124, 14], "mirror": true},
						{"origin": [-9.5, 33.7, -16], "size": [6, 3, 0], "uv": [116, 46]},
						{"origin": [3.5, 33.7, -16], "size": [6, 3, 0], "uv": [116, 46], "mirror": true},
						{"origin": [3.5, 27.7, -15], "size": [0, 3, 4], "pivot": [-0.5, 31.7, -15], "rotation": [0, 12.5, 0], "uv": [98, 37]}
					]
				},
				{
					"name": "jaw",
					"parent": "head",
					"pivot": [0, 29.32089, -21.59843],
					"cubes": [
						{"origin": [-3, 28.7, -24.6], "size": [6, 2, 4], "pivot": [0, 31.7, -13.6], "rotation": [5, 0, 0], "uv": [84, 44]},
						{"origin": [0, 29.3, -24.8], "size": [0, 1, 2], "pivot": [0, 33.3, -13.8], "rotation": [12.5, 0, 0], "uv": [86, 21]}
					]
				},
				{
					"name": "tongue",
					"parent": "jaw",
					"pivot": [0, 29.96298, -20.9805],
					"cubes": [
						{"origin": [-0.5, 30.7, -23.6], "size": [1, 0, 3], "inflate": 0.01, "pivot": [0.5, 31.7, -13.6], "rotation": [5, 0, 0], "uv": [75, 45]}
					]
				},
				{
					"name": "tongue2",
					"parent": "tongue",
					"pivot": [0, 29.78867, -22.87289],
					"cubes": [
						{"origin": [0.5, 30.7, -24.5], "size": [1, 0, 1], "inflate": 0.02, "pivot": [1.5, 31.7, -13.5], "rotation": [5, 0, 0], "uv": [77, 47]},
						{"origin": [-1.5, 30.7, -24.5], "size": [1, 0, 1], "inflate": 0.02, "pivot": [-0.5, 31.7, -13.5], "rotation": [5, 0, 0], "uv": [77, 47]}
					]
				},
				{
					"name": "eyes",
					"parent": "head",
					"pivot": [0, 32.01094, -18.53977],
					"cubes": [
						{"origin": [-3.5, 32.4, -20], "size": [0, 1, 4], "inflate": 0.03, "pivot": [0.5, 31.4, -15], "rotation": [5, 0, 0], "uv": [44, 33], "mirror": true},
						{"origin": [-3.5, 30.7, -20], "size": [0, 2, 3], "inflate": 0.01, "uv": [7, 123], "mirror": true},
						{"origin": [-3.5, 31.2, -19.5], "size": [0, 1, 1], "inflate": 0.02, "uv": [0, 114], "mirror": true},
						{"origin": [3.5, 32.4, -20], "size": [0, 1, 4], "inflate": 0.03, "pivot": [-0.5, 31.4, -15], "rotation": [5, 0, 0], "uv": [44, 33]},
						{"origin": [3.5, 31.2, -19.5], "size": [0, 1, 1], "inflate": 0.02, "uv": [0, 114]},
						{"origin": [3.5, 30.7, -20], "size": [0, 2, 3], "inflate": 0.01, "uv": [7, 123]}
					]
				}
			]
		}
	]
}