{
	"format_version": "1.12.0",
	"minecraft:geometry": [
		{
			"description": {
				"identifier": "geometry.cherubi",
				"texture_width": 64,
				"texture_height": 64,
				"visible_bounds_width": 3,
				"visible_bounds_height": 2.5,
				"visible_bounds_offset": [0, 0.75, 0]
			},
			"bones": [
				{
					"name": "cherubi",
					"pivot": [0, 0, 0]
				},
				{
					"name": "body",
					"parent": "cherubi",
					"pivot": [0, 0, 0],
					"cubes": [
						{"origin": [-3.5, 1, -3.5], "size": [7, 7, 7], "uv": [0, 0]},
						{"origin": [-1, 4, 3.5], "size": [2, 1, 0], "inflate": 0.01, "uv": [22, 26]}
					]
				},
				{
					"name": "second_leaf",
					"parent": "body",
					"pivot": [2, 1, 1],
					"rotation": [27.5, 57.5, 180],
					"cubes": [
						{"origin": [-1, 1, -3], "size": [6, 0, 4], "uv": [0, 22]}
					]
				},
				{
					"name": "second_leaf2",
					"parent": "second_leaf",
					"pivot": [2, 1, -3],
					"cubes": [
						{"origin": [-1, 1, -7], "size": [6, 0, 4], "uv": [20, 22]},
						{"origin": [1.5, 1, -8], "size": [1, 0, 1], "uv": [16, 27]}
					]
				},
				{
					"name": "main_leaf",
					"parent": "body",
					"pivot": [0, 8, 0],
					"rotation": [-43.41006, 20.71501, -18.50097],
					"cubes": [
						{"origin": [-3, 8, -4], "size": [6, 0, 4], "uv": [16, 14]}
					]
				},
				{
					"name": "main_leaf2",
					"parent": "main_leaf",
					"pivot": [0, 8, -4],
					"cubes": [
						{"origin": [-3, 8, -8], "size": [6, 0, 4], "uv": [16, 18]},
						{"origin": [-0.5, 8, -9], "size": [1, 0, 1], "uv": [26, 26]}
					]
				},
				{
					"name": "eyes",
					"parent": "body",
					"pivot": [0, 4.75, -3.5]
				},
				{
					"name": "left_eye",
					"parent": "eyes",
					"pivot": [2.25, 4.75, -3.5],
					"cubes": [
						{"origin": [1.75, 4, -3.5], "size": [1, 2, 0], "inflate": 0.01, "uv": [24, 27]}
					]
				},
				{
					"name": "right_eye",
					"parent": "eyes",
					"pivot": [-2.25, 4.75, -3.5],
					"cubes": [
						{"origin": [-2.75, 4, -3.5], "size": [1, 2, 0], "inflate": 0.01, "uv": [28, 0]}
					]
				},
				{
					"name": "closed",
					"parent": "eyes",
					"pivot": [0, 4.75, -3.4],
					"cubes": [
						{"origin": [1.75, 4, -3.4], "size": [1, 2, 0], "inflate": 0.02, "uv": [28, 2]},
						{"origin": [-2.75, 4, -3.4], "size": [1, 2, 0], "inflate": 0.02, "uv": [28, 2], "mirror": true}
					]
				},
				{
					"name": "mouth",
					"parent": "body",
					"pivot": [0, 2.75, -3.5]
				},
				{
					"name": "open_mouth",
					"parent": "mouth",
					"pivot": [0, 2.75, -3.4],
					"cubes": [
						{"origin": [-1.5, 3, -3.4], "size": [3, 1, 0], "inflate": 0.01, "uv": [16, 26]},
						{"origin": [-1, 2, -3.4], "size": [2, 1, 0], "inflate": 0.01, "uv": [20, 27]}
					]
				},
				{
					"name": "closed_mouth",
					"parent": "mouth",
					"pivot": [0, 2.75, -3.5],
					"cubes": [
						{"origin": [-0.5, 2, -3.5], "size": [1, 1, 0], "inflate": 0.01, "uv": [28, 4]},
						{"origin": [-1.5, 2.5, -3.5], "size": [1, 1, 0], "inflate": 0.01, "uv": [28, 5]},
						{"origin": [0.5, 2.5, -3.5], "size": [1, 1, 0], "inflate": 0.01, "uv": [28, 6]}
					]
				},
				{
					"name": "main_stem",
					"parent": "body",
					"pivot": [0, 8, 0],
					"rotation": [0, 62.5, 0],
					"cubes": [
						{"origin": [-0.5, 8, 0], "size": [1, 2, 0], "uv": [26, 27]}
					]
				},
				{
					"name": "main_stem2",
					"parent": "main_stem",
					"pivot": [0, 10, 0],
					"rotation": [-35, 0, 0],
					"cubes": [
						{"origin": [-1, 10, 0], "size": [2, 3, 0], "uv": [8, 26]}
					]
				},
				{
					"name": "second_stem",
					"parent": "main_stem2",
					"pivot": [0, 13, 0],
					"rotation": [90, 0, 0],
					"cubes": [
						{"origin": [-1, 10, 0.5], "size": [2, 3, 0], "pivot": [0, 0, 1], "rotation": [2.5, 0, 0], "uv": [12, 26]}
					]
				},
				{
					"name": "second_stem2",
					"parent": "second_stem",
					"pivot": [0, 10, 0]
				},
				{
					"name": "lil_cherry",
					"parent": "second_stem2",
					"pivot": [0, 12, 0],
					"cubes": [
						{"origin": [-2, 6.5, -2], "size": [4, 4, 4], "uv": [0, 14]}
					]
				},
				{
					"name": "lil_eyes",
					"parent": "lil_cherry",
					"pivot": [0, 12, 0]
				},
				{
					"name": "left_lil_eye",
					"parent": "lil_eyes",
					"pivot": [1.1, 9.1, 2],
					"rotation": [0, 0, 22.5],
					"cubes": [
						{"origin": [0.6, 8.6, 2], "size": [1, 1, 0], "inflate": 0.015, "uv": [28, 7]},
						{"origin": [0.6, 9.1, 2], "size": [1, 1, 0], "inflate": 0.02, "uv": [28, 8]}
					]
				},
				{
					"name": "right_lil_eye",
					"parent": "lil_eyes",
					"pivot": [-1.1, 9.1, 2],
					"rotation": [0, 0, -22.5],
					"cubes": [
						{"origin": [-1.6, 8.6, 2], "size": [1, 1, 0], "inflate": 0.015, "uv": [28, 7], "mirror": true},
						{"origin": [-1.6, 9.1, 2], "size": [1, 1, 0], "inflate": 0.02, "uv": [28, 8], "mirror": true}
					]
				},
				{
					"name": "lil_mouth",
					"parent": "lil_cherry",
					"pivot": [0, 8.4, 2],
					"cubes": [
						{"origin": [-0.75, 7.65, 2], "size": [1, 1, 0], "inflate": 0.005, "pivot": [0, 7.9, 2], "rotation": [0, 0, 45], "uv": [28, 9]},
						{"origin": [-0.75, 8.15, 2], "size": [1, 1, 0], "inflate": 0.01, "pivot": [0, 8.4, 2], "rotation": [0, 0, 45], "uv": [28, 10]}
					]
				},
				{
					"name": "left_leg",
					"parent": "cherubi",
					"pivot": [2.25, 1, 0],
					"cubes": [
						{"origin": [1.25, 0, -1], "size": [2, 2, 2], "uv": [0, 26]}
					]
				},
				{
					"name": "right_leg",
					"parent": "cherubi",
					"pivot": [-2.25, 1, 0],
					"cubes": [
						{"origin": [-3.25, 0, -1], "size": [2, 2, 2], "uv": [0, 26], "mirror": true}
					]
				}
			]
		}
	]
}