{
	"format_version": "1.12.0",
	"minecraft:geometry": [
		{
			"description": {
				"identifier": "geometry.dugtrio",
				"texture_width": 74,
				"texture_height": 64,
				"visible_bounds_width": 3,
				"visible_bounds_height": 2.5,
				"visible_bounds_offset": [0, 0.75, 0]
			},
			"bones": [
				{
					"name": "dugtrio",
					"pivot": [0, 1, -0.5]
				},
				{
					"name": "ground",
					"parent": "dugtrio",
					"pivot": [0, -0.5, 0],
					"cubes": [
						{"origin": [-9, -3, -8.5], "size": [18, 5, 17], "uv": [0, 18]}
					]
				},
				{
					"name": "body1",
					"parent": "ground",
					"pivot": [-4, 0, -3.75],
					"rotation": [0, 5, -2.5]
				},
				{
					"name": "body1_0",
					"parent": "body1",
					"pivot": [-4, 0, -3.75],
					"cubes": [
						{"origin": [-5.25, 9, -5.75], "size": [4, 2, 3], "uv": [22, 9]},
						{"origin": [-8, 0, -7.25], "size": [9, 9, 7], "uv": [0, 0]},
						{"origin": [-5.5, 3.75, -8.25], "size": [4, 2, 1], "uv": [0, 18]}
					]
				},
				{
					"name": "eyes",
					"parent": "body1_0",
					"pivot": [-3.5, 7, -7.3]
				},
				{
					"name": "eye_right1",
					"parent": "eyes",
					"pivot": [-5.25, 7, -7.26],
					"cubes": [
						{"origin": [-5.75, 6, -7.26], "size": [1, 2, 0], "uv": [0, 0]}
					]
				},
				{
					"name": "eyelid_right1",
					"parent": "eye_right1",
					"pivot": [-5.5, 7, -6.66],
					"cubes": [
						{"origin": [-6.5, 6, -7.16], "size": [2, 2, 1], "inflate": 0.01, "uv": [0, 3]}
					]
				},
				{
					"name": "eye_left1",
					"parent": "eyes",
					"pivot": [-1.75, 7, -7.26],
					"cubes": [
						{"origin": [-2.25, 6, -7.26], "size": [1, 2, 0], "uv": [0, 0], "mirror": true}
					]
				},
				{
					"name": "eyelid_left1",
					"parent": "eye_left1",
					"pivot": [-1.5, 7, -6.66],
					"cubes": [
						{"origin": [-2.5, 6, -7.16], "size": [2, 2, 1], "inflate": 0.01, "uv": [0, 3], "mirror": true}
					]
				},
				{
					"name": "body2",
					"parent": "ground",
					"pivot": [4.25, -1.5, -2.75],
					"rotation": [0, -5, 2.5]
				},
				{
					"name": "body2_0",
					"parent": "body2",
					"pivot": [4.25, -1.5, -2.75],
					"cubes": [
						{"origin": [-0.5, -0.5, -6.25], "size": [9, 10, 7], "uv": [32, 0]},
						{"origin": [2.25, 4, -7.25], "size": [4, 2, 1], "uv": [0, 18]},
						{"origin": [2.25, 9, -4.75], "size": [4, 2, 3], "uv": [22, 9]}
					]
				},
				{
					"name": "eyes2",
					"parent": "body2_0",
					"pivot": [4.25, 7.25, -6.3]
				},
				{
					"name": "eye_right2",
					"parent": "eyes2",
					"pivot": [2.5, 7.25, -6.26],
					"cubes": [
						{"origin": [2, 6.25, -6.26], "size": [1, 2, 0], "uv": [0, 0]}
					]
				},
				{
					"name": "eyelid_right2",
					"parent": "eye_right2",
					"pivot": [2.25, 7.25, -5.66],
					"cubes": [
						{"origin": [1.25, 6.25, -6.16], "size": [2, 2, 1], "inflate": 0.01, "uv": [0, 3]}
					]
				},
				{
					"name": "eye_left2",
					"parent": "eyes2",
					"pivot": [6, 7.25, -6.26],
					"cubes": [
						{"origin": [5.5, 6.25, -6.26], "size": [1, 2, 0], "uv": [0, 0], "mirror": true}
					]
				},
				{
					"name": "eyelid_left2",
					"parent": "eye_left2",
					"pivot": [6.25, 7.25, -5.66],
					"cubes": [
						{"origin": [5.25, 6.25, -6.16], "size": [2, 2, 1], "inflate": 0.01, "uv": [0, 3], "mirror": true}
					]
				},
				{
					"name": "body3",
					"parent": "ground",
					"pivot": [0, -0.5, 3.5],
					"cubes": [
						{"origin": [-6.5, 1.5, -2], "size": [11, 13, 7], "uv": [0, 40]},
						{"origin": [-3, 9.25, -3], "size": [4, 2, 1], "uv": [0, 18]},
						{"origin": [-4, 14, -0.25], "size": [6, 5, 4], "uv": [39, 7]},
						{"origin": [-3.75, 13.25, -0.3], "size": [8, 6, 0], "uv": [46, 40]}
					]
				},
				{
					"name": "eyes3",
					"parent": "body3",
					"pivot": [-1, 12.5, -2.05]
				},
				{
					"name": "eye_right3",
					"parent": "eyes3",
					"pivot": [-2.75, 12.5, -2.01],
					"cubes": [
						{"origin": [-3.25, 11.5, -2.01], "size": [1, 2, 0], "uv": [0, 0]}
					]
				},
				{
					"name": "eyelid_right3",
					"parent": "eye_right3",
					"pivot": [-3, 12.5, -1.41],
					"cubes": [
						{"origin": [-4, 11.5, -1.91], "size": [2, 2, 1], "inflate": 0.01, "uv": [0, 3]}
					]
				},
				{
					"name": "eye_left3",
					"parent": "eyes3",
					"pivot": [0.75, 12.5, -2.01],
					"cubes": [
						{"origin": [0.25, 11.5, -2.01], "size": [1, 2, 0], "uv": [0, 0], "mirror": true}
					]
				},
				{
					"name": "eyelid_left3",
					"parent": "eye_left3",
					"pivot": [1, 12.5, -1.41],
					"cubes": [
						{"origin": [0, 11.5, -1.91], "size": [2, 2, 1], "inflate": 0.01, "uv": [0, 3], "mirror": true}
					]
				}
			]
		}
	]
}