{
 "species": "cobblemon:sunglarer",
 "order": 0,
 "variations": [
   {
     "aspects": [],
     "poser": "cobblemon:sunglarer",
     "model": "cobblemon:sunglarer.geo",
     "texture": "cobblemon:textures/pokemon/sunglarer/sunglarer.png",
     "layers": [
        {
              "name": "emissive",
              "emissive": true,
              "texture": "cobblemon:textures/pokemon/sunglarer/sunglarer_emissive.png",
              "translucent": true
        }
      ]
   },
   {
     "aspects": [
       "shiny"
     ],
     "texture": "cobblemon:textures/pokemon/sunglarer/sunglarer_shiny.png",
	 "layers": [
        {
              "name": "emissive",
              "emissive": true,
              "texture": "cobblemon:textures/pokemon/sunglarer/sunglarer_shiny_emissive.png",
              "translucent": true
        }
      ]
   }
 ]
}