{
	"format_version": "1.8.0",
	"animations": {
		"animation.treashrub.pose": {
			"loop": true,
			"bones": {
				"ear_left": {
					"rotation": [25, 0, 0]
				},
				"horn_left": {
					"rotation": [25, 0, 0]
				},
				"horn_right": {
					"rotation": [25, 0, 0]
				},
				"spike": {
					"rotation": [32.5, 0, 0]
				},
				"ear_right": {
					"rotation": [25, 0, 0]
				},
				"neck_fur": {
					"rotation": [-27.5, 0, 0]
				},
				"neck_fur2": {
					"rotation": [17.5, 0, 0]
				},
				"head": {
					"rotation": [5, 0, 0]
				},
				"waist": {
					"rotation": [10, 0, 0]
				},
				"leg_front_right": {
					"rotation": [-27.5, 0, 0],
					"position": [0, -1, 0]
				},
				"leg_front_left": {
					"rotation": [-12.5, 0, 0],
					"position": [0, -0.5, 0]
				},
				"leg_back_right": {
					"position": [0, -0.25, 0]
				},
				"leg_back_right2": {
					"rotation": [45, 0, 0]
				},
				"leg_back_right3": {
					"rotation": [-45, 0, 0]
				},
				"leg_back_left": {
					"rotation": [30, 0, 0]
				},
				"leg_back_left2": {
					"rotation": [15, 0, 0]
				},
				"leg_back_left3": {
					"rotation": [-32.5, 0, 0]
				},
				"tail": {
					"rotation": [-7.5, 0, 0]
				},
				"tail2": {
					"rotation": [-45, 0, 0]
				},
				"tail3": {
					"rotation": [-45, 0, 0]
				},
				"tail4": {
					"rotation": [65, 0, 0]
				},
				"tail_fluff1": {
					"rotation": [0, 0, -20]
				},
				"tail_fluff2": {
					"rotation": [0, 60, 10]
				},
				"tail_fluff3": {
					"rotation": [-67.5, 0, 0]
				}
			}
		},
		"animation.treashrub.blink": {
			"animation_length": 0.1667,
			"bones": {
				"eyelid_left": {
					"position": {
						"0.0": [0.1, 0, 0],
						"0.125": [0.1, 0, 0],
						"0.1667": [0, 0, 0]
					}
				},
				"eyelid_right": {
					"position": {
						"0.0": [-0.1, 0, 0],
						"0.125": [-0.1, 0, 0],
						"0.1667": [0, 0, 0]
					}
				}
			}
		},
		"animation.treashrub.ground_walk": {
			"loop": true,
			"bones": {
				"body": {
					"rotation": ["0-math.sin(q.anim_time*90*8+180)*1", "0-math.cos(q.anim_time*90*4-45)*2", "0-math.cos(q.anim_time*90*4+45)*2"],
					"position": [0, "-1.5-math.cos(q.anim_time*90*8+45)*0.2", 0]
				},
				"leg_front_left": {
					"rotation": [
						"18.4744-math.clamp(20*(math.sin(q.anim_time*90*4-90+33)*1+1),-0,60)",
						-1.77465,
						"-2.8826-math.clamp(math.sin(q.anim_time*90*4-90)*1,-0.8,0.8)-math.sin(q.anim_time*90*4-180)*1"
					],
					"position": [0, "0-math.cos(q.anim_time*90*8+45)*0.2", "0+math.sin(q.anim_time*90*8+45)*0.2"]
				},
				"leg_front_left2": {
					"rotation": ["-math.clamp(math.sin(q.anim_time*90*4-180*0+33)*50,0,50)-(math.clamp(math.sin(q.anim_time*90*1-90*2)*1,0.5,1)*1-0.5)*20", 0, 0],
					"position": [0, 1, 0]
				},
				"leg_front_left3": {
					"rotation": ["0-math.clamp(math.sin(q.anim_time*90*4-180*1+33+180)*-90,-90,0)+math.clamp(math.sin(q.anim_time*90*4-20+180)*-70,-10,-20)", 0, 0],
					"position": [0, 0.75, 0]
				},
				"leg_front_right": {
					"rotation": [
						"30-math.clamp(20*(math.sin(q.anim_time*90*4-90+33+180)*1+1),-0,60)",
						0,
						"math.clamp(math.sin(q.anim_time*90*4-90+180)*1,-0.8,0.8)+math.sin(q.anim_time*90*4-180*0)*1"
					],
					"position": [0, "0-math.cos(q.anim_time*90*8+45)*0.2", "0+math.sin(q.anim_time*90*8+45)*0.2"]
				},
				"leg_front_right2": {
					"rotation": [
						"0-math.clamp(math.sin(q.anim_time*90*4-180*1+33)*50,0,50)-(math.clamp(math.sin(q.anim_time*90*1-90*3)*1,0.5,1)*1-0.5)*20-(math.clamp(math.sin(q.anim_time*90*1-90*1)*1,0.5,1)*1-0.5)*20",
						0,
						0
					],
					"position": [0, 1, 0]
				},
				"leg_front_right3": {
					"rotation": ["0+math.clamp(math.sin(q.anim_time*90*4-180*1+33)*90,0,90)+math.clamp(math.sin(q.anim_time*90*4-20)*30,-60,-10)", 0, 0],
					"position": [0, 0.75, 0]
				},
				"leg_back_left": {
					"rotation": [
						"-20+math.clamp(15*(math.sin(q.anim_time*90*4-90)*1+1),-0,60)",
						-5.12522,
						"-1.1393-math.clamp(math.sin(q.anim_time*90*4-90)*1,-0.8,0.8)-math.sin(q.anim_time*90*4-180)*1"
					],
					"position": [0, "0.3+math.sin(q.anim_time*90*8-45)*0.1", 0]
				},
				"leg_back_left2": {
					"rotation": [60, 0, 0],
					"position": [0, "-math.sin(q.anim_time*90*8-90)*0.08", 0]
				},
				"leg_back_left3": {
					"rotation": [
						"-55+math.clamp(math.sin(q.anim_time*90*4)*10,0,10)-math.clamp(math.sin(q.anim_time*90*4-95)*10,0,45)-math.clamp(math.sin(q.anim_time*90*4+180)*20,-20,45)",
						0,
						0
					],
					"position": [0.05, 0, 0]
				},
				"leg_back_right": {
					"rotation": [
						"-20+math.clamp(15*(math.sin(q.anim_time*90*4-90+180)*1+1),-0,60)",
						0,
						"math.clamp(math.sin(q.anim_time*90*4-90+180)*1,-0.8,0.8)+math.sin(q.anim_time*90*4-180*0)*1"
					],
					"position": [0, "0.3+math.sin(q.anim_time*90*8-45)*0.1", 0]
				},
				"leg_back_right2": {
					"rotation": [60, 0, 0],
					"position": [0, "-math.sin(q.anim_time*90*8-90)*0.08", 0]
				},
				"leg_back_right3": {
					"rotation": [
						"-55+math.clamp(math.sin(q.anim_time*90*4+180)*10,0,10)-math.clamp(math.sin(q.anim_time*90*4-95+180)*10,0,45)-math.clamp(math.sin(q.anim_time*90*4+180*0)*20,-30,45)",
						0,
						0
					],
					"position": [-0.05, 0, 0]
				},
				"waist": {
					"rotation": ["7.5-math.cos(q.anim_time*90*8+45)*2", "-math.cos(q.anim_time*90*4+45)*2", "math.sin(q.anim_time*90*4+180)*2"],
					"position": [0, "math.sin(q.anim_time*90*8-90)*0.2", 0]
				},
				"tail": {
					"rotation": ["0+math.cos(q.anim_time*90*8+45)*4", 0, 0]
				},
				"tail_fluff1": {
					"rotation": ["-60-math.cos(q.anim_time*90*8+150)*2", 0, 0]
				},
				"tail2": {
					"rotation": ["-30-math.cos(q.anim_time*90*8+150)*2", "0-math.cos(q.anim_time*90*4+90)*5", 0],
					"position": [0, 0, -0.25]
				},
				"tail_fluff3": {
					"rotation": ["-70-math.cos(q.anim_time*90*8+45)*5", 0, 0]
				},
				"tail3": {
					"rotation": ["-35+math.sin(q.anim_time*90*8+45)*3", "0+math.sin(q.anim_time*90*4+120)*2", 0]
				},
				"tail4": {
					"rotation": ["0-math.sin(q.anim_time*90*8+150)*8", 0, 0]
				},
				"neck": {
					"rotation": ["0+math.sin(q.anim_time*90*8+120)*2", 0, 0]
				},
				"neck_fur": {
					"rotation": ["-32.5+math.cos(q.anim_time*90*8+150)*4", 0, 0]
				},
				"neck_fur3": {
					"rotation": [0, "0-math.cos(q.anim_time*90*8+45)*8", 0]
				},
				"neck_fur4": {
					"rotation": [0, "0-math.cos(q.anim_time*90*8+45)*8", 0]
				},
				"neck_fur2": {
					"rotation": ["0+math.cos(q.anim_time*90*8+45)*5", 0, 0]
				},
				"neckfur_small1": {
					"rotation": ["0-math.cos(q.anim_time*90*8+45)*5", 0, 0]
				},
				"neckfur_small2": {
					"rotation": ["0-math.cos(q.anim_time*90*8+45)*5", 0, 0]
				},
				"head": {
					"rotation": ["-5+math.sin(q.anim_time*90*8+45)*2", "0-math.cos(q.anim_time*90*4+45)*2", "0-math.cos(q.anim_time*90*4+180)*2"]
				},
				"ear_left": {
					"rotation": ["25+math.sin(q.anim_time*90*8)*5", 0, 0]
				},
				"ear_right": {
					"rotation": ["25+math.sin(q.anim_time*90*8)*5", "0+math.sin(q.anim_time*90*4)*5", 0]
				},
				"horn_left": {
					"rotation": ["30+math.sin(q.anim_time*90*8+45)*2", 0, 0]
				},
				"horn_right": {
					"rotation": ["30+math.sin(q.anim_time*90*8+45)*2", 0, 0]
				},
				"leg_back_left4": {
					"rotation": ["0-math.clamp(math.sin(q.anim_time*90*4-180*1+33+180)*40,-20,40)-math.clamp(math.sin(q.anim_time*90*4-20+180)*-60,-20,-40)", 0, 0],
					"position": [0, 0.5, 0]
				},
				"leg_back_right4": {
					"rotation": ["0+math.clamp(math.sin(q.anim_time*90*4+45)*40,-20,40)+math.clamp(math.sin(q.anim_time*90*4-20)*10,20,50) ", 0, 0],
					"position": [0, 0.5, 0]
				}
			}
		},
		"animation.treashrub.ground_idle": {
			"loop": true,
			"bones": {
				"leg_front_left": {
					"rotation": ["18.4744+math.sin(q.anim_time*90*2+120)", -1.77465, -2.88258],
					"position": [0, "1.25+math.sin(q.anim_time*90*2-45)*0.05", "0-math.sin(q.anim_time*90*2-45)*0.05"]
				},
				"leg_front_left2": {
					"rotation": ["-30-math.sin(q.anim_time*90*2+120)", 0, 0],
					"position": [0, 1, 0]
				},
				"leg_front_left3": {
					"rotation": ["10-math.sin(q.anim_time*90*2+120)", 0, 0],
					"position": [0, 0.25, 0]
				},
				"leg_front_right": {
					"rotation": ["18.4744+math.sin(q.anim_time*90*2+120)", 1.77465, 2.88258],
					"position": [0, "1.25+math.sin(q.anim_time*90*2-45)*0.05", "0-math.sin(q.anim_time*90*2-45)*0.05"]
				},
				"leg_front_right2": {
					"rotation": ["-30-math.sin(q.anim_time*90*2+120)", 0, 0],
					"position": [0, 1, 0]
				},
				"leg_front_right3": {
					"rotation": ["10-math.sin(q.anim_time*90*2+120)", 0, 0],
					"position": [0, 0.25, 0]
				},
				"leg_back_left": {
					"rotation": ["12.551+math.sin(q.anim_time*90*2+120)", -5.12522, -1.13935],
					"position": [0, "0+math.sin(q.anim_time*90*2-45)*0.05", "0-math.sin(q.anim_time*90*2-45)*0.05"]
				},
				"leg_back_left2": {
					"rotation": ["60-math.sin(q.anim_time*90*2+120)", 0, 0],
					"position": [0, 0, 0]
				},
				"leg_back_left3": {
					"rotation": ["-75-math.sin(q.anim_time*90*2+120)", 0, 0]
				},
				"leg_back_right": {
					"rotation": ["12.551+math.sin(q.anim_time*90*2+120)", 5.12522, 1.13935],
					"position": [0, "0+math.sin(q.anim_time*90*2-45)*0.05", "0-math.sin(q.anim_time*90*2-45)*0.05"]
				},
				"leg_back_right2": {
					"rotation": ["60-math.sin(q.anim_time*90*2+120)", 0, 0]
				},
				"leg_back_right3": {
					"rotation": ["-75-math.sin(q.anim_time*90*2+120)", 0, 0]
				},
				"waist": {
					"rotation": ["7.5+math.cos(q.anim_time*90*2+45)", 0, 0]
				},
				"tail": {
					"rotation": ["0+math.cos(q.anim_time*90*2+45)*2", 0, 0]
				},
				"tail_fluff1": {
					"rotation": [-75, 0, 0]
				},
				"tail2": {
					"rotation": ["-35-math.cos(q.anim_time*90*2+120)*4", 0, 0]
				},
				"tail_fluff3": {
					"rotation": [-75, 0, 0]
				},
				"tail3": {
					"rotation": ["30-math.cos(q.anim_time*90*2+45)*5", 0, 0]
				},
				"tail4": {
					"rotation": ["-75+math.cos(q.anim_time*90*2+150)*6", 0, 0]
				},
				"neck": {
					"rotation": ["0+math.cos(q.anim_time*90*2+120)*2", 0, 0]
				},
				"neck_fur": {
					"rotation": ["-27.5-math.sin(q.anim_time*90*2+150)*4", 0, 0]
				},
				"neck_fur3": {
					"rotation": [0, "0+math.sin(q.anim_time*90*2+45)*4", 0]
				},
				"neck_fur4": {
					"rotation": [0, "0+math.sin(q.anim_time*90*2+45)*4", 0]
				},
				"neck_fur2": {
					"rotation": ["0+math.cos(q.anim_time*90*2+120)*8", 0, 0]
				},
				"neckfur_small1": {
					"rotation": ["0-math.sin(q.anim_time*90*2+45)*4", 0, 0]
				},
				"neckfur_small2": {
					"rotation": ["0-math.sin(q.anim_time*90*2+45)*4", 0, 0]
				},
				"head": {
					"rotation": ["0+math.sin(q.anim_time*90*2+45)*4", 0, 0]
				},
				"ear_left": {
					"rotation": ["25+math.sin(q.anim_time*90*2+45)*3", 0, 0]
				},
				"ear_right": {
					"rotation": ["25+math.sin(q.anim_time*90*2+45)*3", 0, 0]
				},
				"horn_left": {
					"rotation": ["25-math.cos(q.anim_time*90*2+120)*2", 0, 0]
				},
				"horn_right": {
					"rotation": ["25-math.cos(q.anim_time*90*2+120)*2", 0, 0]
				},
				"grass_deer": {
					"position": [0, -3, 0]
				}
			}
		}
	}
}