{
	"format_version": "1.8.0",
	"animations": {
		"animation.divera.ground_idle": {
			"loop": true,
			"animation_length": 4,
			"bones": {
				"torso": {
					"rotation": ["-12.5+math.sin(query.anim_time*90*1)", 0, 0]
				},
				"chest": {
					"rotation": ["2.5+math.sin(query.anim_time*90*1-60)", 0, 0]
				},
				"neck": {
					"rotation": ["-5-math.sin(query.anim_time*90*1)*5", 0, 0]
				},
				"head": {
					"rotation": ["25+math.sin(query.anim_time*90*1+60)*2", 0, "0+math.sin(query.anim_time*90*1)*2"],
					"position": [0, 0, 1]
				},
				"tail": {
					"rotation": ["10+math.sin(query.anim_time*90*1)*5", "0+math.sin(query.anim_time*90*1)*5", 0]
				},
				"tail2": {
					"rotation": ["0+math.sin(query.anim_time*90*1-60)*5", "0+math.sin(query.anim_time*90*1-60)*5", 0]
				},
				"tail3": {
					"rotation": ["0+math.sin(query.anim_time*90*1-120)*5", "0+math.sin(query.anim_time*90*1-120)*10", 0]
				},
				"tail4": {
					"rotation": ["0+math.sin(query.anim_time*90*1-180)*5", "0+math.sin(query.anim_time*90*1-180)*15", 0]
				},
				"fin": {
					"rotation": [0, 0, "-47.5-math.sin(query.anim_time*90*1)*5"]
				},
				"fin2": {
					"rotation": [0, 0, "-42.5-math.sin(query.anim_time*90*1-60)*5"]
				},
				"fin3": {
					"rotation": [0, 0, "-65-math.sin(query.anim_time*90*1-120)*5"]
				},
				"fin4": {
					"rotation": [0, 0, "-32.5-math.sin(query.anim_time*90*1-180)*5"]
				},
				"fin5": {
					"rotation": [0, 0, "37.5+math.sin(query.anim_time*90*1)*5"]
				},
				"fin6": {
					"rotation": [0, 0, "55+math.sin(query.anim_time*90*1-60)*5"]
				},
				"fin7": {
					"rotation": [0, 0, "50+math.sin(query.anim_time*90*1-120)*5"]
				},
				"fin8": {
					"rotation": [0, 0, "70+math.sin(query.anim_time*90*1-180)*5"]
				},
				"leg": {
					"rotation": [0, 20, 0]
				},
				"leg2": {
					"rotation": [0, -15, 0]
				},
				"jaw": {
					"rotation": ["2.5+math.sin(query.anim_time*90*1)*5", 0, 0]
				},
				"ear": {
					"rotation": [0, 0, "0+math.sin(query.anim_time*90*1)*5"]
				},
				"ear2": {
					"rotation": [0, 0, "0+math.sin(query.anim_time*90*1-120)*5"]
				},
				"whisker": {
					"rotation": [0, 0, "40-math.sin(query.anim_time*90*1-120)*5"]
				},
				"whiskers": {
					"rotation": [0, 0, "-40+math.sin(query.anim_time*90*1-120)*5"]
				}
			}
		},
		"animation.divera.ground_walk": {
			"loop": true,
			"animation_length": 1.5,
			"bones": {
				"body": {
					"rotation": {
						"0.0": {
							"post": [0, 0, 2.5],
							"lerp_mode": "catmullrom"
						},
						"0.75": {
							"post": [0, 0, -2.5],
							"lerp_mode": "catmullrom"
						},
						"1.5": {
							"post": [0, 0, 2.5],
							"lerp_mode": "catmullrom"
						}
					}
				},
				"leg": {
					"rotation": {
						"0.0": {
							"post": [27.5, 0, 0],
							"lerp_mode": "catmullrom"
						},
						"0.5": {
							"post": [-17.5, 0, 0],
							"lerp_mode": "catmullrom"
						},
						"1.125": {
							"post": [0, 0, 0],
							"lerp_mode": "catmullrom"
						},
						"1.5": {
							"post": [27.5, 0, 0],
							"lerp_mode": "catmullrom"
						}
					},
					"position": {
						"0.0": {
							"post": [0, 0, 2],
							"lerp_mode": "catmullrom"
						},
						"0.5": {
							"post": [0, 3, -1.5],
							"lerp_mode": "catmullrom"
						},
						"0.7917": {
							"post": [0, 0, -5],
							"lerp_mode": "catmullrom"
						},
						"1.5": {
							"post": [0, 0, 2],
							"lerp_mode": "catmullrom"
						}
					}
				},
				"toes": {
					"rotation": {
						"0.0": {
							"post": [0, 0, 0],
							"lerp_mode": "catmullrom"
						},
						"0.4583": {
							"post": [15, 0, 0],
							"lerp_mode": "catmullrom"
						},
						"0.75": {
							"post": [-12.5, 0, 0],
							"lerp_mode": "catmullrom"
						},
						"1.0833": {
							"post": [0, 0, 0],
							"lerp_mode": "catmullrom"
						}
					}
				},
				"leg2": {
					"rotation": {
						"0.0": {
							"post": [0, 0, 0],
							"lerp_mode": "catmullrom"
						},
						"0.75": {
							"post": [22.5, 0, 0],
							"lerp_mode": "catmullrom"
						},
						"1.125": {
							"post": [-20, 0, 0],
							"lerp_mode": "catmullrom"
						},
						"1.5": {
							"post": [0, 0, 0],
							"lerp_mode": "catmullrom"
						}
					},
					"position": {
						"0.0": {
							"post": [0, 0, -5],
							"lerp_mode": "catmullrom"
						},
						"0.7917": {
							"post": [0, 0, 0],
							"lerp_mode": "catmullrom"
						},
						"1.125": {
							"post": [0, 3, -2.5],
							"lerp_mode": "catmullrom"
						},
						"1.5": {
							"post": [0, 0, -5],
							"lerp_mode": "catmullrom"
						}
					}
				},
				"knee2": {
					"rotation": {
						"0.0": {
							"post": [0, 0, 0],
							"lerp_mode": "catmullrom"
						},
						"0.7917": {
							"post": [2.5, 0, 0],
							"lerp_mode": "catmullrom"
						},
						"1.5": {
							"post": [0, 0, 0],
							"lerp_mode": "catmullrom"
						}
					}
				},
				"toes2": {
					"rotation": {
						"0.0": {
							"post": [0, 0, 0],
							"lerp_mode": "catmullrom"
						},
						"0.5417": {
							"post": [-17.5, 0, 0],
							"lerp_mode": "catmullrom"
						},
						"0.7917": {
							"post": [-17.5, 0, 0],
							"lerp_mode": "catmullrom"
						},
						"1.0417": {
							"post": [25, 0, 0],
							"lerp_mode": "catmullrom"
						},
						"1.1667": {
							"post": [-5, 0, 0],
							"lerp_mode": "catmullrom"
						},
						"1.5": {
							"post": [0, 0, 0],
							"lerp_mode": "catmullrom"
						}
					}
				},
				"whiskers": {
					"rotation": [0, 0, "-40-math.sin(query.anim_time*90*8-120)*5"]
				},
				"torso": {
					"rotation": ["-10+math.sin(query.anim_time*90*8-60)*0.2", 0, 0],
					"position": [0, "1+math.sin(query.anim_time*90*8)*0.2", 0]
				},
				"tail": {
					"rotation": ["0+math.sin(query.anim_time*90*8)*2", "0+math.sin(query.anim_time*90*8)*5", 0]
				},
				"tail2": {
					"rotation": ["math.sin(query.anim_time*90*8-60)*2", "0+math.sin(query.anim_time*90*8-60)*5", 0]
				},
				"tail3": {
					"rotation": ["math.sin(query.anim_time*90*8-120)*2", "0+math.sin(query.anim_time*90*8-120)*5", 0]
				},
				"tail4": {
					"rotation": ["math.sin(query.anim_time*90*8-180)*2", "0+math.sin(query.anim_time*90*8-180)*5", 0]
				},
				"chest": {
					"rotation": {
						"0.0": {
							"post": [10, 0, 0],
							"lerp_mode": "catmullrom"
						}
					}
				},
				"neck": {
					"rotation": ["0+math.sin(query.anim_time*90*8-60)", 0, 0]
				},
				"head": {
					"rotation": ["0+math.sin(query.anim_time*90*8+2)*2", 0, 0]
				},
				"fin": {
					"rotation": [0, "-27.5+math.sin(query.anim_time*90*8)*5", -42.5]
				},
				"fin2": {
					"rotation": [0, 0, -52.5]
				},
				"fin3": {
					"rotation": [0, 0, -50]
				},
				"fin4": {
					"rotation": [0, 0, -57.5]
				},
				"whisker": {
					"rotation": [0, 0, "40+math.sin(query.anim_time*90*8-120)*5"]
				},
				"fin5": {
					"rotation": [0, "20-math.sin(query.anim_time*90*8)*5", 52.5]
				},
				"fin6": {
					"rotation": [0, 0, 52.5]
				},
				"fin7": {
					"rotation": [0, 0, 62.5]
				},
				"fin8": {
					"rotation": [0, 0, 50]
				}
			}
		},
		"animation.divera.battle_idle": {
			"loop": true,
			"animation_length": 2,
			"bones": {
				"leg": {
					"rotation": [0, 25, 0]
				},
				"leg2": {
					"rotation": [0, -17.5, 0]
				},
				"tail": {
					"rotation": [-2.5, "0-math.sin(query.anim_time*90*4)*10", 0]
				},
				"tail2": {
					"rotation": [0, "0-math.sin(query.anim_time*90*4-60)*15", 0]
				},
				"tail3": {
					"rotation": [0, "0-math.sin(query.anim_time*90*4-120)*20", 0]
				},
				"tail4": {
					"rotation": [0, "0-math.sin(query.anim_time*90*4-180)*25", 0]
				},
				"tail5": {
					"rotation": [0, 0, 0]
				},
				"torso1": {
					"rotation": ["-40+math.sin(query.anim_time*90*2)", 0, 0]
				},
				"neck": {
					"rotation": ["0+math.sin(query.anim_time*90*2-60)*2", 0, 0]
				},
				"head": {
					"rotation": ["47.5+math.sin(query.anim_time*90*2-120)*2", 0, 0],
					"position": [0, -1, 2]
				},
				"jaw": {
					"rotation": [55, 0, 0]
				},
				"ear2": {
					"rotation": [0, 55, 0]
				},
				"ear": {
					"rotation": [0, -55, 0]
				},
				"whisker": {
					"rotation": ["0+math.sin(query.anim_time*90*48-60)", 0, "0+math.sin(query.anim_time*90*48)"]
				},
				"whiskers": {
					"rotation": ["0-math.sin(query.anim_time*90*48-60)", 0, "-2.5-math.sin(query.anim_time*90*48)"]
				},
				"fin": {
					"rotation": [0, 0, "-12.5-math.sin(query.anim_time*90*4)*20"]
				},
				"fin2": {
					"rotation": [0, 0, "2.5-math.sin(query.anim_time*90*4-60)*20"]
				},
				"fin3": {
					"rotation": [0, 0, "5-math.sin(query.anim_time*90*4-120)*30"]
				},
				"fin4": {
					"rotation": [0, 0, "12.5-math.sin(query.anim_time*90*4-180)*40"]
				},
				"fin5": {
					"rotation": [0, 0, "12.5+math.sin(query.anim_time*90*4)*20"]
				},
				"fin6": {
					"rotation": [0, 0, "2.5+math.sin(query.anim_time*90*4-60)*20"]
				},
				"fin7": {
					"rotation": [0, 0, "-10+math.sin(query.anim_time*90*4-120)*20"]
				},
				"fin8": {
					"rotation": [0, 0, "-7.5+math.sin(query.anim_time*90*4-180)*40"]
				}
			}
		},
		"animation.divera.sleep": {
			"loop": true,
			"bones": {
				"body": {
					"position": [0, -8, 0]
				},
				"leg": {
					"rotation": [72.5, 0, 0]
				},
				"toes": {
					"rotation": [97.5, 0, 0]
				},
				"leg2": {
					"rotation": [85, 0, 0]
				},
				"toes2": {
					"rotation": [92.5, 0, 0]
				},
				"tail2": {
					"rotation": [0, -15, 0]
				},
				"tail3": {
					"rotation": [0, -30, 0]
				},
				"neck": {
					"rotation": [22.28204, 25.92302, 1.74623]
				},
				"head": {
					"rotation": [-19.3457, 18.22584, -8.74137]
				},
				"whisker": {
					"rotation": [0, -27.5, 47.5]
				},
				"whiskers": {
					"rotation": [0, 35, -57.5]
				},
				"fin": {
					"rotation": [0, 0, -12.5]
				},
				"fin3": {
					"rotation": [0, 0, 15]
				},
				"fin5": {
					"rotation": [0, 0, 10]
				},
				"fin7": {
					"rotation": [0, 0, -10]
				},
				"eyelid": {
					"scale": [1, 2.3, 1]
				}
			}
		},
		"animation.divera.blink": {
			"animation_length": 1,
			"bones": {
				"eyelid": {
					"scale": {
						"0.0": [1, 1, 1],
						"0.5": [1, 2.5, 1],
						"1.0": [1, 1, 1]
					}
				}
			}
		},
		"animation.divera.physical": {
			"animation_length": 2,
			"bones": {
				"body": {
					"rotation": {
						"0.0": {
							"post": [0, 0, 0],
							"lerp_mode": "catmullrom"
						},
						"0.375": {
							"post": [2.43312, 13.5371, 10.28882],
							"lerp_mode": "catmullrom"
						},
						"0.75": {
							"post": [0, 27.5, 0],
							"lerp_mode": "catmullrom"
						},
						"1.1667": {
							"post": [0, 27.5, 0],
							"lerp_mode": "catmullrom"
						},
						"1.25": {
							"post": [0, 0, 0],
							"lerp_mode": "catmullrom"
						},
						"1.75": {
							"post": [0, 0, 0],
							"lerp_mode": "catmullrom"
						}
					},
					"position": {
						"0.0": {
							"post": [0, 0, 0],
							"lerp_mode": "catmullrom"
						},
						"1.1667": {
							"post": [0, 0, 0],
							"lerp_mode": "catmullrom"
						},
						"1.4583": {
							"post": [0, 0, -3],
							"lerp_mode": "catmullrom"
						},
						"1.75": {
							"post": [0, 0, 0],
							"lerp_mode": "catmullrom"
						}
					}
				},
				"leg": {
					"rotation": {
						"0.0": {
							"post": [0, 25, 0],
							"lerp_mode": "catmullrom"
						},
						"0.75": {
							"post": [0, 55, 0],
							"lerp_mode": "catmullrom"
						},
						"1.0": {
							"post": [0, 55, 0],
							"lerp_mode": "catmullrom"
						},
						"1.375": {
							"post": [0, 25, 0],
							"lerp_mode": "catmullrom"
						},
						"1.6667": {
							"post": [0, 25, 0],
							"lerp_mode": "catmullrom"
						}
					},
					"position": {
						"0.0": {
							"post": [0, 0, 0],
							"lerp_mode": "catmullrom"
						},
						"0.375": {
							"post": [0, 3, 0],
							"lerp_mode": "catmullrom"
						},
						"0.625": {
							"post": [0, 4, 0],
							"lerp_mode": "catmullrom"
						},
						"0.8333": {
							"post": [0, 0, 0],
							"lerp_mode": "catmullrom"
						},
						"1.0": {
							"post": [0, 0, 0],
							"lerp_mode": "catmullrom"
						},
						"1.1667": {
							"post": [0, 4, 0],
							"lerp_mode": "catmullrom"
						},
						"1.375": {
							"post": [0, 0, -5],
							"lerp_mode": "catmullrom"
						},
						"1.6667": {
							"post": [0, 0, 0],
							"lerp_mode": "catmullrom"
						}
					}
				},
				"toes": {
					"rotation": {
						"0.0": {
							"post": [0, 0, 0],
							"lerp_mode": "catmullrom"
						},
						"0.2917": {
							"post": [20, 0, 0],
							"lerp_mode": "catmullrom"
						},
						"0.5": {
							"post": [20, 0, 0],
							"lerp_mode": "catmullrom"
						},
						"0.7083": {
							"post": [-20, 0, 0],
							"lerp_mode": "catmullrom"
						},
						"1.125": {
							"post": [0, 0, 0],
							"lerp_mode": "catmullrom"
						},
						"1.3333": {
							"post": [0, 0, 0],
							"lerp_mode": "catmullrom"
						}
					}
				},
				"leg2": {
					"rotation": {
						"0.0": {
							"post": [0, -17.5, 0],
							"lerp_mode": "catmullrom"
						},
						"0.5": {
							"post": [20, -17.5, 0],
							"lerp_mode": "catmullrom"
						},
						"1.125": {
							"post": [20.29104, -19.8471, -0.9088],
							"lerp_mode": "catmullrom"
						},
						"1.25": {
							"post": [10, -17.5, 0],
							"lerp_mode": "catmullrom"
						},
						"1.5": {
							"post": [0, -17.5, 0],
							"lerp_mode": "catmullrom"
						}
					}
				},
				"toes2": {
					"rotation": {
						"0.0": {
							"post": [0, 0, 0],
							"lerp_mode": "catmullrom"
						},
						"0.5": {
							"post": [-22.5, 0, 0],
							"lerp_mode": "catmullrom"
						},
						"1.0": {
							"post": [-12.5, 0, 0],
							"lerp_mode": "catmullrom"
						},
						"1.5": {
							"post": [0, 0, 0],
							"lerp_mode": "catmullrom"
						}
					}
				},
				"torso": {
					"rotation": {
						"0.0": {
							"post": [0, 0, 0],
							"lerp_mode": "catmullrom"
						},
						"1.0": {
							"post": [-10, 0, 0],
							"lerp_mode": "catmullrom"
						},
						"1.1667": {
							"post": [-10, 0, 0],
							"lerp_mode": "catmullrom"
						},
						"1.25": {
							"post": [0, 0, 0],
							"lerp_mode": "catmullrom"
						}
					}
				},
				"tail": {
					"rotation": {
						"0.0": {
							"post": [-2.5, 0, 0],
							"lerp_mode": "catmullrom"
						},
						"0.3333": {
							"post": [-2.62116, -17.48281, 0.78795],
							"lerp_mode": "catmullrom"
						},
						"0.7917": {
							"post": [-2.5044, -0.98225, 0.04387],
							"lerp_mode": "catmullrom"
						},
						"1.0833": {
							"post": [-2.5044, -0.98225, 0.04387],
							"lerp_mode": "catmullrom"
						},
						"1.4167": {
							"post": [-3.07129, -35.03044, 1.76654],
							"lerp_mode": "catmullrom"
						},
						"1.75": {
							"post": [-2.5, 0, 0],
							"lerp_mode": "catmullrom"
						}
					}
				},
				"tail2": {
					"rotation": {
						"0.0": {
							"post": [0, 0, 0],
							"lerp_mode": "catmullrom"
						},
						"0.1667": {
							"post": [0, -10, 0],
							"lerp_mode": "catmullrom"
						},
						"0.4583": {
							"post": [0, -17.5, 0],
							"lerp_mode": "catmullrom"
						},
						"1.0417": {
							"post": [0, 25, 0],
							"lerp_mode": "catmullrom"
						},
						"1.3333": {
							"post": [0, 27.5, 0],
							"lerp_mode": "catmullrom"
						},
						"1.5833": {
							"post": [0, -17.5, 0],
							"lerp_mode": "catmullrom"
						},
						"1.875": {
							"post": [0, 0, 0],
							"lerp_mode": "catmullrom"
						}
					}
				},
				"tail3": {
					"rotation": {
						"0.0": {
							"post": [0, 0, 0],
							"lerp_mode": "catmullrom"
						},
						"0.1667": {
							"post": [0, 17.5, 0],
							"lerp_mode": "catmullrom"
						},
						"0.3333": {
							"post": [0, -20, 0],
							"lerp_mode": "catmullrom"
						},
						"0.9167": {
							"post": [0, -25, 0],
							"lerp_mode": "catmullrom"
						},
						"1.2917": {
							"post": [0, 52.5, 0],
							"lerp_mode": "catmullrom"
						},
						"1.7083": {
							"post": [0, -22.5, 0],
							"lerp_mode": "catmullrom"
						},
						"2.0": {
							"post": [0, 0, 0],
							"lerp_mode": "catmullrom"
						},
						"3.7083": {
							"post": [0, -22.5, 0],
							"lerp_mode": "catmullrom"
						}
					}
				},
				"tail4": {
					"rotation": {
						"0.0": {
							"post": [0, 0, 0],
							"lerp_mode": "catmullrom"
						},
						"0.1667": {
							"post": [0, 7.5, 0],
							"lerp_mode": "catmullrom"
						},
						"0.2917": {
							"post": [0, 12.5, 0],
							"lerp_mode": "catmullrom"
						},
						"0.4583": {
							"post": [0, -40, 0],
							"lerp_mode": "catmullrom"
						},
						"0.8333": {
							"post": [0, -42.5, 0],
							"lerp_mode": "catmullrom"
						},
						"1.1667": {
							"post": [0, 40, 0],
							"lerp_mode": "catmullrom"
						},
						"1.625": {
							"post": [0, -47.5, 0],
							"lerp_mode": "catmullrom"
						},
						"2.0": {
							"post": [0, 0, 0],
							"lerp_mode": "catmullrom"
						}
					}
				},
				"tail5": {
					"rotation": {
						"0.0": {
							"post": [0, 0, 0],
							"lerp_mode": "catmullrom"
						}
					}
				},
				"torso1": {
					"rotation": {
						"0.0": {
							"post": [-40, 0, 0],
							"lerp_mode": "catmullrom"
						},
						"1.125": {
							"post": [-42.5, 0, 0],
							"lerp_mode": "catmullrom"
						},
						"1.375": {
							"post": [-15, 0, 0],
							"lerp_mode": "catmullrom"
						},
						"1.75": {
							"post": [-40, 0, 0],
							"lerp_mode": "catmullrom"
						}
					}
				},
				"chest": {
					"rotation": {
						"0.0": {
							"post": [0, 0, 0],
							"lerp_mode": "catmullrom"
						},
						"0.5": {
							"post": [5, 0, 0],
							"lerp_mode": "catmullrom"
						},
						"1.0": {
							"post": [-2.5, 0, 0],
							"lerp_mode": "catmullrom"
						},
						"1.375": {
							"post": [20, 0, 0],
							"lerp_mode": "catmullrom"
						},
						"1.6667": {
							"post": [0, 0, 0],
							"lerp_mode": "catmullrom"
						}
					}
				},
				"neck": {
					"rotation": {
						"0.0": {
							"post": [0, 0, 0],
							"lerp_mode": "catmullrom"
						}
					}
				},
				"head": {
					"rotation": {
						"0.0": {
							"post": [47.5, 0, 0],
							"lerp_mode": "catmullrom"
						},
						"0.2083": {
							"post": [50.29111, -16.58974, -18.97287],
							"lerp_mode": "catmullrom"
						},
						"0.75": {
							"post": [56.0904, -18.75514, -23.26978],
							"lerp_mode": "catmullrom"
						},
						"1.25": {
							"post": [22.50427, -1.9505, -17.54597],
							"lerp_mode": "catmullrom"
						},
						"1.4583": {
							"post": [22.33713, 3.10136, -29.73869],
							"lerp_mode": "catmullrom"
						},
						"1.75": {
							"post": [47.5, 0, 0],
							"lerp_mode": "catmullrom"
						}
					},
					"position": {
						"0.0": {
							"post": [0, -1, 2],
							"lerp_mode": "catmullrom"
						}
					}
				},
				"jaw": {
					"rotation": {
						"0.0": {
							"post": [55, 0, 0],
							"lerp_mode": "catmullrom"
						},
						"0.3333": {
							"post": [-5, 0, 0],
							"lerp_mode": "catmullrom"
						},
						"0.7083": {
							"post": [-5, 0, 0],
							"lerp_mode": "catmullrom"
						},
						"1.2083": {
							"post": [70, 0, 0],
							"lerp_mode": "catmullrom"
						},
						"1.3333": {
							"post": [2.5, 0, 0],
							"lerp_mode": "catmullrom"
						},
						"1.5": {
							"post": [2.5, 0, 0],
							"lerp_mode": "catmullrom"
						},
						"1.75": {
							"post": [55, 0, 0],
							"lerp_mode": "catmullrom"
						}
					}
				},
				"ear2": {
					"rotation": {
						"0.0": {
							"post": [0, 55, 0],
							"lerp_mode": "catmullrom"
						}
					}
				},
				"ear": {
					"rotation": {
						"0.0": {
							"post": [0, -55, 0],
							"lerp_mode": "catmullrom"
						}
					}
				},
				"whisker": {
					"rotation": {
						"0.0": {
							"post": [0, 0, 0],
							"lerp_mode": "catmullrom"
						}
					}
				},
				"whiskers": {
					"rotation": {
						"0.0": {
							"post": [0, 0, -2.5],
							"lerp_mode": "catmullrom"
						}
					}
				},
				"fin": {
					"rotation": {
						"0.0": {
							"post": [0, 0, -12.5],
							"lerp_mode": "catmullrom"
						},
						"0.375": {
							"post": [0, 0, 37.5],
							"lerp_mode": "catmullrom"
						},
						"0.9167": {
							"post": [0, 0, 42.5],
							"lerp_mode": "catmullrom"
						},
						"1.2917": {
							"post": [0, 0, 45],
							"lerp_mode": "catmullrom"
						},
						"1.5833": {
							"post": [0, 0, -57.5],
							"lerp_mode": "catmullrom"
						},
						"2.0": {
							"post": [0, 0, -12.5],
							"lerp_mode": "catmullrom"
						}
					}
				},
				"fin2": {
					"rotation": {
						"0.0": {
							"post": [0, 0, 2.5],
							"lerp_mode": "catmullrom"
						}
					}
				},
				"fin3": {
					"rotation": {
						"0.0": {
							"post": [0, 0, 5],
							"lerp_mode": "catmullrom"
						}
					}
				},
				"fin4": {
					"rotation": {
						"0.0": {
							"post": [0, 0, 12],
							"lerp_mode": "catmullrom"
						}
					}
				},
				"fin5": {
					"rotation": {
						"0.0": {
							"post": [0, 0, 12.5],
							"lerp_mode": "catmullrom"
						},
						"0.375": {
							"post": [0, 0, 50],
							"lerp_mode": "catmullrom"
						},
						"0.7083": {
							"post": [0, 0, 70],
							"lerp_mode": "catmullrom"
						},
						"1.0417": {
							"post": [0, 0, 70],
							"lerp_mode": "catmullrom"
						},
						"1.25": {
							"post": [0, 0, -15],
							"lerp_mode": "catmullrom"
						},
						"1.8333": {
							"post": [0, 0, 12.5],
							"lerp_mode": "catmullrom"
						}
					}
				},
				"fin6": {
					"rotation": {
						"0.0": {
							"post": [0, 0, 2.5],
							"lerp_mode": "catmullrom"
						}
					}
				},
				"fin7": {
					"rotation": {
						"0.0": {
							"post": [0, 0, -10],
							"lerp_mode": "catmullrom"
						}
					}
				},
				"fin8": {
					"rotation": {
						"0.0": {
							"post": [0, 0, -7.5],
							"lerp_mode": "catmullrom"
						}
					}
				}
			}
		},
		"animation.divera.special": {
			"animation_length": 2.25,
			"bones": {
				"body": {
					"rotation": {
						"0.0": {
							"post": [0, 0, 0],
							"lerp_mode": "catmullrom"
						}
					},
					"position": {
						"0.0": {
							"post": [0, 0, 0],
							"lerp_mode": "catmullrom"
						}
					}
				},
				"leg": {
					"rotation": {
						"0.0": {
							"post": [0, 25, 0],
							"lerp_mode": "catmullrom"
						}
					},
					"position": {
						"0.0": {
							"post": [0, 0, 0],
							"lerp_mode": "catmullrom"
						}
					}
				},
				"toes": {
					"rotation": {
						"0.0": {
							"post": [0, 0, 0],
							"lerp_mode": "catmullrom"
						}
					}
				},
				"leg2": {
					"rotation": {
						"0.0": {
							"post": [0, -17.5, 0],
							"lerp_mode": "catmullrom"
						}
					}
				},
				"toes2": {
					"rotation": {
						"0.0": {
							"post": [0, 0, 0],
							"lerp_mode": "catmullrom"
						}
					}
				},
				"torso": {
					"rotation": {
						"0.0": {
							"post": [0, 0, 0],
							"lerp_mode": "catmullrom"
						}
					}
				},
				"tail": {
					"rotation": {
						"0.0": {
							"post": [-2.5, 0, 0],
							"lerp_mode": "catmullrom"
						},
						"0.2917": {
							"post": [-2.53654, -9.63286, 0.42475],
							"lerp_mode": "catmullrom"
						},
						"0.875": {
							"post": [-2.767, 25.33201, -1.18462],
							"lerp_mode": "catmullrom"
						},
						"1.375": {
							"post": [-2.54461, -6.41336, 0.27669],
							"lerp_mode": "catmullrom"
						},
						"2.0": {
							"post": [-2.5, 0, 0],
							"lerp_mode": "catmullrom"
						}
					}
				},
				"tail2": {
					"rotation": {
						"0.0": {
							"post": [0, 0, 0],
							"lerp_mode": "catmullrom"
						},
						"0.125": {
							"post": [0, 22.5, 0],
							"lerp_mode": "catmullrom"
						},
						"0.4167": {
							"post": [0, -23.33, 0],
							"lerp_mode": "catmullrom"
						},
						"1.0": {
							"post": [0, 22.5, 0],
							"lerp_mode": "catmullrom"
						},
						"1.3333": {
							"post": [0, 27.5, 0],
							"lerp_mode": "catmullrom"
						},
						"1.7083": {
							"post": [0, -22.5, 0],
							"lerp_mode": "catmullrom"
						},
						"2.0": {
							"post": [0, 0, 0],
							"lerp_mode": "catmullrom"
						},
						"2.25": {
							"post": [0, 0, 0],
							"lerp_mode": "catmullrom"
						},
						"3.7083": {
							"post": [0, -22.5, 0],
							"lerp_mode": "catmullrom"
						}
					}
				},
				"tail3": {
					"rotation": {
						"0.0": {
							"post": [0, 0, 0],
							"lerp_mode": "catmullrom"
						},
						"0.0833": {
							"post": [0, -7.5, 0],
							"lerp_mode": "catmullrom"
						},
						"0.1667": {
							"post": [0, 22.5, 0],
							"lerp_mode": "catmullrom"
						},
						"0.5": {
							"post": [0, -42.5, 0],
							"lerp_mode": "catmullrom"
						},
						"1.125": {
							"post": [0, 35, 0],
							"lerp_mode": "catmullrom"
						},
						"1.875": {
							"post": [0, -25, 0],
							"lerp_mode": "catmullrom"
						},
						"2.125": {
							"post": [0, 0, 0],
							"lerp_mode": "catmullrom"
						}
					}
				},
				"tail4": {
					"rotation": {
						"0.0": {
							"post": [0, 0, 0],
							"lerp_mode": "catmullrom"
						},
						"0.0417": {
							"post": [0, -27.5, 0],
							"lerp_mode": "catmullrom"
						},
						"0.2083": {
							"post": [0, 27.5, 0],
							"lerp_mode": "catmullrom"
						},
						"0.4583": {
							"post": [0, -55, 0],
							"lerp_mode": "catmullrom"
						},
						"0.8333": {
							"post": [0, -45, 0],
							"lerp_mode": "catmullrom"
						},
						"1.2083": {
							"post": [0, 50, 0],
							"lerp_mode": "catmullrom"
						},
						"1.7083": {
							"post": [0, 52.5, 0],
							"lerp_mode": "catmullrom"
						},
						"2.0": {
							"post": [0, -28.63, 0],
							"lerp_mode": "catmullrom"
						},
						"2.25": {
							"post": [0, 0, 0],
							"lerp_mode": "catmullrom"
						}
					}
				},
				"tail5": {
					"rotation": {
						"0.0": {
							"post": [0, 0, 0],
							"lerp_mode": "catmullrom"
						}
					}
				},
				"torso1": {
					"rotation": {
						"0.0": {
							"post": [-40, 0, 0],
							"lerp_mode": "catmullrom"
						},
						"0.3333": {
							"post": [-55, 0, 0],
							"lerp_mode": "catmullrom"
						},
						"1.125": {
							"post": [-60, 0, 0],
							"lerp_mode": "catmullrom"
						},
						"1.3333": {
							"post": [-10, 0, 0],
							"lerp_mode": "catmullrom"
						},
						"1.75": {
							"post": [-2.5, 0, 0],
							"lerp_mode": "catmullrom"
						},
						"2.0": {
							"post": [-42.5, 0, 0],
							"lerp_mode": "catmullrom"
						},
						"2.25": {
							"post": [-40, 0, 0],
							"lerp_mode": "catmullrom"
						}
					}
				},
				"chest": {
					"rotation": {
						"0.0": {
							"post": [0, 0, 0],
							"lerp_mode": "catmullrom"
						}
					}
				},
				"neck": {
					"rotation": {
						"0.0": {
							"post": [0, 0, 0],
							"lerp_mode": "catmullrom"
						}
					}
				},
				"head": {
					"rotation": {
						"0.0": {
							"post": [47.5, 0, 0],
							"lerp_mode": "catmullrom"
						},
						"0.2917": {
							"post": [57.5, 0, 0],
							"lerp_mode": "catmullrom"
						},
						"0.9167": {
							"post": [32.5, 0, 0],
							"lerp_mode": "catmullrom"
						},
						"1.125": {
							"post": [30, 0, 0],
							"lerp_mode": "catmullrom"
						},
						"1.4583": {
							"post": [-7.5, 0, 0],
							"lerp_mode": "catmullrom"
						},
						"1.8333": {
							"post": [30, 0, 0],
							"lerp_mode": "catmullrom"
						},
						"2.0": {
							"post": [47.5, 0, 0],
							"lerp_mode": "catmullrom"
						}
					},
					"position": {
						"0.0": {
							"post": [0, -1, 2],
							"lerp_mode": "catmullrom"
						}
					}
				},
				"jaw": {
					"rotation": {
						"0.0": {
							"post": [55, 0, 0],
							"lerp_mode": "catmullrom"
						},
						"0.1667": {
							"post": [2.5, 0, 0],
							"lerp_mode": "catmullrom"
						},
						"1.0417": {
							"post": [0, 0, 0],
							"lerp_mode": "catmullrom"
						},
						"1.25": {
							"post": [77.5, 0, 0],
							"lerp_mode": "catmullrom"
						},
						"1.875": {
							"post": [55, 0, 0],
							"lerp_mode": "catmullrom"
						}
					}
				},
				"ear2": {
					"rotation": {
						"0.0": {
							"post": [0, 55, 0],
							"lerp_mode": "catmullrom"
						}
					}
				},
				"ear": {
					"rotation": {
						"0.0": {
							"post": [0, -55, 0],
							"lerp_mode": "catmullrom"
						}
					}
				},
				"whisker": {
					"rotation": {
						"0.0": {
							"post": [0, 0, 0],
							"lerp_mode": "catmullrom"
						}
					}
				},
				"whiskers": {
					"rotation": {
						"0.0": {
							"post": [0, 0, -2.5],
							"lerp_mode": "catmullrom"
						}
					}
				},
				"fin": {
					"rotation": {
						"0.0": {
							"post": [0, 0, -12.5],
							"lerp_mode": "catmullrom"
						},
						"0.5": {
							"post": [0, 0, -67.5],
							"lerp_mode": "catmullrom"
						},
						"0.9167": {
							"post": [0, 0, -67.5],
							"lerp_mode": "catmullrom"
						},
						"1.2917": {
							"post": [0, 0, 45],
							"lerp_mode": "catmullrom"
						},
						"1.7917": {
							"post": [0, 0, 45],
							"lerp_mode": "catmullrom"
						},
						"2.0": {
							"post": [0, 0, -12.5],
							"lerp_mode": "catmullrom"
						}
					}
				},
				"fin2": {
					"rotation": {
						"0.0": {
							"post": [0, 0, 2.5],
							"lerp_mode": "catmullrom"
						}
					}
				},
				"fin3": {
					"rotation": {
						"0.0": {
							"post": [0, 0, 5],
							"lerp_mode": "catmullrom"
						}
					}
				},
				"fin4": {
					"rotation": {
						"0.0": {
							"post": [0, 0, 12],
							"lerp_mode": "catmullrom"
						}
					}
				},
				"fin5": {
					"rotation": {
						"0.0": {
							"post": [0, 0, 12.5],
							"lerp_mode": "catmullrom"
						},
						"0.375": {
							"post": [0, 0, 77.5],
							"lerp_mode": "catmullrom"
						},
						"1.0417": {
							"post": [0, 0, 70],
							"lerp_mode": "catmullrom"
						},
						"1.3333": {
							"post": [0, 0, -65],
							"lerp_mode": "catmullrom"
						},
						"1.625": {
							"post": [0, 0, -70],
							"lerp_mode": "catmullrom"
						},
						"1.9167": {
							"post": [0, 0, 12.5],
							"lerp_mode": "catmullrom"
						}
					}
				},
				"fin6": {
					"rotation": {
						"0.0": {
							"post": [0, 0, 2.5],
							"lerp_mode": "catmullrom"
						}
					}
				},
				"fin7": {
					"rotation": {
						"0.0": {
							"post": [0, 0, -10],
							"lerp_mode": "catmullrom"
						}
					}
				},
				"fin8": {
					"rotation": {
						"0.0": {
							"post": [0, 0, -7.5],
							"lerp_mode": "catmullrom"
						}
					}
				}
			}
		},
		"animation.divera.status": {
			"animation_length": 2.25,
			"bones": {
				"body": {
					"rotation": {
						"0.0": {
							"post": [0, 0, 0],
							"lerp_mode": "catmullrom"
						}
					},
					"position": {
						"0.0": {
							"post": [0, 0, 0],
							"lerp_mode": "catmullrom"
						}
					}
				},
				"leg": {
					"rotation": {
						"0.0": {
							"post": [0, 25, 0],
							"lerp_mode": "catmullrom"
						}
					},
					"position": {
						"0.0": {
							"post": [0, 0, 0],
							"lerp_mode": "catmullrom"
						}
					}
				},
				"toes": {
					"rotation": {
						"0.0": {
							"post": [0, 0, 0],
							"lerp_mode": "catmullrom"
						}
					}
				},
				"leg2": {
					"rotation": {
						"0.0": {
							"post": [0, -17.5, 0],
							"lerp_mode": "catmullrom"
						}
					}
				},
				"toes2": {
					"rotation": {
						"0.0": {
							"post": [0, 0, 0],
							"lerp_mode": "catmullrom"
						}
					}
				},
				"torso": {
					"rotation": {
						"0.0": {
							"post": [0, 0, 0],
							"lerp_mode": "catmullrom"
						}
					}
				},
				"tail": {
					"rotation": {
						"0.0": {
							"post": [-2.5, 0, 0],
							"lerp_mode": "catmullrom"
						},
						"0.2917": {
							"post": [-2.53654, -9.63286, 0.42475],
							"lerp_mode": "catmullrom"
						},
						"0.875": {
							"post": [-2.767, 25.33201, -1.18462],
							"lerp_mode": "catmullrom"
						},
						"1.375": {
							"post": [-2.54461, -6.41336, 0.27669],
							"lerp_mode": "catmullrom"
						},
						"2.0": {
							"post": [-2.5, 0, 0],
							"lerp_mode": "catmullrom"
						}
					}
				},
				"tail2": {
					"rotation": {
						"0.0": {
							"post": [0, 0, 0],
							"lerp_mode": "catmullrom"
						},
						"0.125": {
							"post": [0, 22.5, 0],
							"lerp_mode": "catmullrom"
						},
						"0.4167": {
							"post": [0, -23.33, 0],
							"lerp_mode": "catmullrom"
						},
						"1.0": {
							"post": [0, 22.5, 0],
							"lerp_mode": "catmullrom"
						},
						"1.3333": {
							"post": [0, 27.5, 0],
							"lerp_mode": "catmullrom"
						},
						"1.7083": {
							"post": [0, -22.5, 0],
							"lerp_mode": "catmullrom"
						},
						"2.0": {
							"post": [0, 0, 0],
							"lerp_mode": "catmullrom"
						},
						"2.25": {
							"post": [0, 0, 0],
							"lerp_mode": "catmullrom"
						},
						"3.7083": {
							"post": [0, -22.5, 0],
							"lerp_mode": "catmullrom"
						}
					}
				},
				"tail3": {
					"rotation": {
						"0.0": {
							"post": [0, 0, 0],
							"lerp_mode": "catmullrom"
						},
						"0.0833": {
							"post": [0, -7.5, 0],
							"lerp_mode": "catmullrom"
						},
						"0.1667": {
							"post": [0, 22.5, 0],
							"lerp_mode": "catmullrom"
						},
						"0.5": {
							"post": [0, -42.5, 0],
							"lerp_mode": "catmullrom"
						},
						"1.125": {
							"post": [0, 35, 0],
							"lerp_mode": "catmullrom"
						},
						"1.875": {
							"post": [0, -25, 0],
							"lerp_mode": "catmullrom"
						},
						"2.125": {
							"post": [0, 0, 0],
							"lerp_mode": "catmullrom"
						}
					}
				},
				"tail4": {
					"rotation": {
						"0.0": {
							"post": [0, 0, 0],
							"lerp_mode": "catmullrom"
						},
						"0.0417": {
							"post": [0, -27.5, 0],
							"lerp_mode": "catmullrom"
						},
						"0.2083": {
							"post": [0, 27.5, 0],
							"lerp_mode": "catmullrom"
						},
						"0.4583": {
							"post": [0, -55, 0],
							"lerp_mode": "catmullrom"
						},
						"0.8333": {
							"post": [0, -45, 0],
							"lerp_mode": "catmullrom"
						},
						"1.2083": {
							"post": [0, 50, 0],
							"lerp_mode": "catmullrom"
						},
						"1.7083": {
							"post": [0, 52.5, 0],
							"lerp_mode": "catmullrom"
						},
						"2.0": {
							"post": [0, -28.63, 0],
							"lerp_mode": "catmullrom"
						},
						"2.25": {
							"post": [0, 0, 0],
							"lerp_mode": "catmullrom"
						}
					}
				},
				"tail5": {
					"rotation": {
						"0.0": {
							"post": [0, 0, 0],
							"lerp_mode": "catmullrom"
						}
					}
				},
				"torso1": {
					"rotation": {
						"0.0": {
							"post": [-40, 0, 0],
							"lerp_mode": "catmullrom"
						},
						"0.3333": {
							"post": [-55, 0, 0],
							"lerp_mode": "catmullrom"
						},
						"1.125": {
							"post": [-60, 0, 0],
							"lerp_mode": "catmullrom"
						},
						"1.3333": {
							"post": [-10, 0, 0],
							"lerp_mode": "catmullrom"
						},
						"1.75": {
							"post": [-2.5, 0, 0],
							"lerp_mode": "catmullrom"
						},
						"2.0": {
							"post": [-42.5, 0, 0],
							"lerp_mode": "catmullrom"
						},
						"2.25": {
							"post": [-40, 0, 0],
							"lerp_mode": "catmullrom"
						}
					}
				},
				"chest": {
					"rotation": {
						"0.0": {
							"post": [0, 0, 0],
							"lerp_mode": "catmullrom"
						}
					}
				},
				"neck": {
					"rotation": {
						"0.0": {
							"post": [0, 0, 0],
							"lerp_mode": "catmullrom"
						}
					}
				},
				"head": {
					"rotation": {
						"0.0": {
							"post": [47.5, 0, 0],
							"lerp_mode": "catmullrom"
						},
						"0.2917": {
							"post": [57.5, 0, 0],
							"lerp_mode": "catmullrom"
						},
						"0.9167": {
							"post": [32.5, 0, 0],
							"lerp_mode": "catmullrom"
						},
						"1.125": {
							"post": [30, 0, 0],
							"lerp_mode": "catmullrom"
						},
						"1.4583": {
							"post": [-7.5, 0, 0],
							"lerp_mode": "catmullrom"
						},
						"1.8333": {
							"post": [30, 0, 0],
							"lerp_mode": "catmullrom"
						},
						"2.0": {
							"post": [47.5, 0, 0],
							"lerp_mode": "catmullrom"
						}
					},
					"position": {
						"0.0": {
							"post": [0, -1, 2],
							"lerp_mode": "catmullrom"
						}
					}
				},
				"jaw": {
					"rotation": {
						"0.0": {
							"post": [55, 0, 0],
							"lerp_mode": "catmullrom"
						},
						"0.1667": {
							"post": [2.5, 0, 0],
							"lerp_mode": "catmullrom"
						},
						"1.0417": {
							"post": [0, 0, 0],
							"lerp_mode": "catmullrom"
						},
						"1.25": {
							"post": [77.5, 0, 0],
							"lerp_mode": "catmullrom"
						},
						"1.875": {
							"post": [55, 0, 0],
							"lerp_mode": "catmullrom"
						}
					}
				},
				"ear2": {
					"rotation": {
						"0.0": {
							"post": [0, 55, 0],
							"lerp_mode": "catmullrom"
						}
					}
				},
				"ear": {
					"rotation": {
						"0.0": {
							"post": [0, -55, 0],
							"lerp_mode": "catmullrom"
						}
					}
				},
				"whisker": {
					"rotation": {
						"0.0": {
							"post": [0, 0, 0],
							"lerp_mode": "catmullrom"
						}
					}
				},
				"whiskers": {
					"rotation": {
						"0.0": {
							"post": [0, 0, -2.5],
							"lerp_mode": "catmullrom"
						}
					}
				},
				"fin": {
					"rotation": {
						"0.0": {
							"post": [0, 0, -12.5],
							"lerp_mode": "catmullrom"
						},
						"0.5": {
							"post": [0, 0, -67.5],
							"lerp_mode": "catmullrom"
						},
						"0.9167": {
							"post": [0, 0, -67.5],
							"lerp_mode": "catmullrom"
						},
						"1.2917": {
							"post": [0, 0, 45],
							"lerp_mode": "catmullrom"
						},
						"1.7917": {
							"post": [0, 0, 45],
							"lerp_mode": "catmullrom"
						},
						"2.0": {
							"post": [0, 0, -12.5],
							"lerp_mode": "catmullrom"
						}
					}
				},
				"fin2": {
					"rotation": {
						"0.0": {
							"post": [0, 0, 2.5],
							"lerp_mode": "catmullrom"
						}
					}
				},
				"fin3": {
					"rotation": {
						"0.0": {
							"post": [0, 0, 5],
							"lerp_mode": "catmullrom"
						}
					}
				},
				"fin4": {
					"rotation": {
						"0.0": {
							"post": [0, 0, 12],
							"lerp_mode": "catmullrom"
						}
					}
				},
				"fin5": {
					"rotation": {
						"0.0": {
							"post": [0, 0, 12.5],
							"lerp_mode": "catmullrom"
						},
						"0.375": {
							"post": [0, 0, 77.5],
							"lerp_mode": "catmullrom"
						},
						"1.0417": {
							"post": [0, 0, 70],
							"lerp_mode": "catmullrom"
						},
						"1.3333": {
							"post": [0, 0, -65],
							"lerp_mode": "catmullrom"
						},
						"1.625": {
							"post": [0, 0, -70],
							"lerp_mode": "catmullrom"
						},
						"1.9167": {
							"post": [0, 0, 12.5],
							"lerp_mode": "catmullrom"
						}
					}
				},
				"fin6": {
					"rotation": {
						"0.0": {
							"post": [0, 0, 2.5],
							"lerp_mode": "catmullrom"
						}
					}
				},
				"fin7": {
					"rotation": {
						"0.0": {
							"post": [0, 0, -10],
							"lerp_mode": "catmullrom"
						}
					}
				},
				"fin8": {
					"rotation": {
						"0.0": {
							"post": [0, 0, -7.5],
							"lerp_mode": "catmullrom"
						}
					}
				}
			}
		},
		"animation.divera.water_idle": {
			"loop": true,
			"animation_length": 4,
			"bones": {
				"body": {
					"rotation": ["0+math.sin(query.anim_time*90*1-60)", 0, 0],
					"position": [0, "0+math.sin(query.anim_time*90*1)", 0]
				},
				"leg": {
					"rotation": [0, 0, "0+math.sin(query.anim_time*90*1-60)*5"]
				},
				"foot": {
					"rotation": [29.87469, -0.11494, 2.73801]
				},
				"toes": {
					"rotation": [35, 0, 0]
				},
				"leg2": {
					"rotation": [0, 0, "0-math.sin(query.anim_time*90*1-60)*5 "]
				},
				"foot2": {
					"rotation": [25, 0, 0]
				},
				"toes2": {
					"rotation": [10, 0, 0]
				},
				"tail": {
					"rotation": ["0+math.sin(query.anim_time*90*1)*5", 0, 0]
				},
				"tail2": {
					"rotation": ["0+math.sin(query.anim_time*90*1-60)*10", 0, 0]
				},
				"tail3": {
					"rotation": ["0+math.sin(query.anim_time*90*1-120)*15", 0, 0]
				},
				"tail4": {
					"rotation": ["0+math.sin(query.anim_time*90*1-180)*20", 0, 0]
				},
				"torso1": {
					"rotation": [0, 0, 0]
				},
				"head": {
					"rotation": ["0+math.sin(query.anim_time*90*1-60)*5", 0, 0]
				},
				"fin": {
					"rotation": [0, 0, "-55+math.sin(query.anim_time*90*1-60)*5"]
				},
				"fin2": {
					"rotation": [0, 0, "0+math.sin(query.anim_time*90*1-120)*5"]
				},
				"fin3": {
					"rotation": [0, 0, "0+math.sin(query.anim_time*90*1-180)*15"]
				},
				"fin5": {
					"rotation": [0, 0, "57.5-math.sin(query.anim_time*90*1-60)*5"]
				},
				"fin6": {
					"rotation": [0, 0, "0-math.sin(query.anim_time*90*1-120)*5"]
				},
				"fin7": {
					"rotation": [0, 0, "0-math.sin(query.anim_time*90*1-180)*15"]
				}
			}
		},
		"animation.divera.water_swim": {
			"loop": true,
			"animation_length": 2,
			"bones": {
				"body": {
					"rotation": [0, "0+math.sin(query.anim_time*90*2-60)*5", 0],
					"position": ["0+math.sin(query.anim_time*90*2)", 0, 0]
				},
				"leg": {
					"rotation": [52.5, "0+math.sin(query.anim_time*90*2-120)*5", "0+math.sin(query.anim_time*90*2-120)*5"]
				},
				"toes": {
					"rotation": [80, 0, 0]
				},
				"leg2": {
					"rotation": [67.5, "0+math.sin(query.anim_time*90*2-120)*5", "0+math.sin(query.anim_time*90*2-120)*5"]
				},
				"toes2": {
					"rotation": [67.5, 0, 0]
				},
				"tail": {
					"rotation": [0, "0+math.sin(query.anim_time*90*2-60)*5", 0]
				},
				"tail2": {
					"rotation": [0, "0+math.sin(query.anim_time*90*2-120)*15", 0]
				},
				"tail3": {
					"rotation": [0, "0+math.sin(query.anim_time*90*2-180)*30", 0]
				},
				"tail4": {
					"rotation": [0, "0+math.sin(query.anim_time*90*2-220)*45", 0]
				},
				"chest": {
					"rotation": [0, "0+math.sin(query.anim_time*90*2+60)*5", 0]
				},
				"head": {
					"rotation": [0, "0+math.sin(query.anim_time*90*2+120)*5", 0]
				},
				"whisker": {
					"rotation": [0, -47.5, 0]
				},
				"whiskers": {
					"rotation": [0, 40, 0]
				},
				"fin": {
					"rotation": [0, 0, "0-math.sin(query.anim_time*90*2)*10"]
				},
				"fin2": {
					"rotation": [0, 0, "0-math.sin(query.anim_time*90*2-60)*15"]
				},
				"fin3": {
					"rotation": [0, 0, "0-math.sin(query.anim_time*90*2-120)*20"]
				},
				"fin4": {
					"rotation": [0, 0, "0-math.sin(query.anim_time*90*2-180)*25"]
				},
				"fin5": {
					"rotation": [0, 0, "0+math.sin(query.anim_time*90*2)*10"]
				},
				"fin6": {
					"rotation": [0, 0, "0+math.sin(query.anim_time*90*2-60)*15"]
				},
				"fin7": {
					"rotation": [0, 0, "0+math.sin(query.anim_time*90*2-120)*20"]
				},
				"fin8": {
					"rotation": [0, 0, "0+math.sin(query.anim_time*90*2-180)*25"]
				},
				"eyelid": {
					"scale": [1, 1.4, 1]
				}
			}
		}
	}
}