{
  "implemented": true,
  "nationalPokedexNumber": 1047,
  "name": "Alloette",
  "primaryType": "flying",
  "secondaryType": "fairy",
  "maleRatio": 0,
  "height": 2,
  "weight": 9,
  "pokedex": [
    "cobblemon.species.alloette.desc"
  ],
  "labels": [
    "gen6",
    "custom"
  ],
  "aspects": [],
  "abilities": [
    "pickup",
    "symbiosis",
    "h:dancer"
  ],
  "eggGroups": [
    "fairy"
  ],
  "baseStats": {
    "hp": 78,
    "attack": 50,
    "defence": 68,
    "special_attack": 122,
    "special_defence": 109,
    "speed": 125
  },
  "evYield": {
    "hp": 0,
    "attack": 0,
    "defence": 0,
    "special_attack": 1,
    "special_defence": 0,
    "speed": 2
  },
  "baseExperienceYield": 276,
  "experienceGroup": "medium_fast",
  "catchRate": 45,
  "eggCycles": 20,
  "baseFriendship": 50,
  "baseScale": 0.6,
  "hitbox": {
    "width": 1.15,
    "height": 1.3,
    "fixed": false
  },
  "behaviour": {
    "moving": {
      "fly": {
        "canFly": true
      }
    },
    "resting": {
      "canSleep": true,
      "light": "0-4"
    }
  },
  "drops": {
    "amount": 2,
    "entries": [
      {
        "item": "minecraft:amethyst_shard",
        "quantityRange": "0-3"
      },
      {
        "item": "cobblemon:dawn_stone",
        "percentage": 5.0
      },
      {
        "item": "cobblemon:kebia_berry",
        "percentage": 5.0
      },
      {
        "item": "cobblemon:fairy_feather",
        "percentage": 5.0
      }
    ]
  },
      "moves": [
        "1:revelationdance",
        "1:echoedvoice",
        "1:gust",
        "1:sing",
        "1:safeguard",
        "1:fairywind",
        "1:disarmingvoice",
        "1:round",
        "1:covet",
        "1:acrobatics",
        "1:wish",
        "1:aircutter",
        "1:tailwind",
        "18:airslash",
        "24:alluringvoice",
        "27:featherdance",
        "33:hypervoice",
        "37:mistyterrain",
        "41:moonblast",
        "48:hurricane",
        "egg:camouflage",
        "egg:captivate",
        "egg:copycat",
        "egg:endeavor",
        "egg:tearfullook",
        "egg:quiverdance",
        "egg:sparklingaria",
        "tm:acrobatics",
        "tm:aerialace",
        "tm:afteryou",
        "tm:aircutter",
        "tm:airslash",
        "tm:alluringvoice",
        "tm:allyswitch",
        "tm:batonpass",
        "tm:calmmind",
        "tm:captivate",
        "tm:charm",
        "tm:chillingwater",
        "tm:confide",
        "tm:covet",
        "tm:dazzlinggleam",
        "tm:disarmingvoice",
        "tm:drainingkiss",
        "tm:echoedvoice",
        "tm:endeavor",
        "tm:endure",
        "tm:energyball",
        "tm:facade",
        "tm:featherdance",
        "tm:flash",
        "tm:grassknot",
        "tm:healbell",
        "tm:helpinghand",
        "tm:hurricane",
        "tm:hypervoice",
        "tm:lightscreen",
        "tm:magicalleaf",
        "tm:magiccoat",
        "tm:mistyterrain",
        "tm:naturepower",
        "tm:pollenpuff",
        "tm:protect",
        "tm:psychic",
        "tm:psychicnoise",
        "tm:raindance",
        "tm:rest",
        "tm:round",
        "tm:safeguard",
        "tm:sleeptalk",
        "tm:storedpower",
        "tm:substitute",
        "tm:sunnyday",
        "tm:swift",
        "tm:tailwind",
        "tm:terablast",
        "tutor:afteryou",
        "tutor:allyswitch",
        "tutor:calmmind",
        "tutor:covet",
        "tutor:dazzlinggleam",
        "tutor:endeavor",
        "tutor:energyball",
        "tutor:healbell",
        "tutor:helpinghand",
        "tutor:hypervoice",
        "tutor:magicalleaf",
        "tutor:magiccoat",
        "tutor:psychic",
        "tutor:rest",
        "tutor:sleeptalk",
        "tutor:swift"
      ],
  "preEvolution": "flabebe aspect=allay",
  "evolutions": [],
  "forms": []
}