{
  "implemented": true,
  "nationalPokedexNumber": 1044,
  "name": "Clarissie",
  "primaryType": "rock",
  "secondaryType": "psychic",
  "maleRatio": -1,
  "height": 7,
  "weight": 88,
  "pokedex": [
    "cobblemon.species.clarissie.desc"
  ],
  "labels": [
    "gen6",
    "custom"
  ],
  "aspects": [],
  "abilities": [
    "clearbody",
    "sturdy",
    "h:dazzling"
  ],
  "eggGroups": [
    "fairy",
    "mineral"
  ],
  "baseStats": {
    "hp": 60,
    "attack": 42,
    "defence": 60,
    "special_attack": 150,
    "special_defence": 150,
    "speed": 68
  },
  "evYield": {
    "hp": 0,
    "attack": 0,
    "defence": 0,
    "special_attack": 1,
    "special_defence": 1,
    "speed": 0
  },
  "baseExperienceYield": 200,
  "experienceGroup": "slow",
  "catchRate": 30,
  "eggCycles": 25,
  "baseFriendship": 50,
  "baseScale": 0.8,
  "hitbox": {
    "width": 1,
    "height": 2.15,
    "fixed": false
  },
  "drops": {
    "amount": 3,
    "entries": [
      {
        "item": "minecraft:amethyst_shard",
        "quantityRange": "1-4"
      },
      {
        "item": "cobblemon:kasib_berry",
        "percentage": 10.0
      },
      {
        "item": "cobblemon:eviolite",
        "percentage": 10.0
      }
    ]
  },
  "moves": [
    "1:dazzlinggleam",
    "1:tackle",
    "1:confusion",
    "1:harden",
    "1:rockthrow",
    "1:cosmicpower",
    "1:guardsplit",
    "1:smackdown",
    "1:psybeam",
    "1:ancientpower",
    "1:rockpolish",
    "1:reflect",
    "1:psyshock",
    "1:psychicterrain",
    "1:powergem",
    "1:stealthrock",
    "1:psychic",
    "50:meteorbeam",
    "55:moonlight",
    "65:luminacrash",
    "tm:afteryou",
    "tm:allyswitch",
    "tm:ancientpower",
    "tm:bodypress",
    "tm:bodyslam",
    "tm:calmmind",
    "tm:charm",
    "tm:cosmicpower",
    "tm:covet",
    "tm:dazzlinggleam",
    "tm:doubleedge",
    "tm:dreameater",
    "tm:earthpower",
    "tm:endeavor",
    "tm:endure",
    "tm:explosion",
    "tm:facade",
    "tm:flash",
    "tm:flashcannon",
    "tm:futuresight",
    "tm:gigaimpact",
    "tm:gravity",
    "tm:guardswap",
    "tm:gyroball",
    "tm:hail",
    "tm:healpulse",
    "tm:heavyslam",
    "tm:hyperbeam",
    "tm:hypnosis",
    "tm:irondefense",
    "tm:ironhead",
    "tm:lightscreen",
    "tm:magiccoat",
    "tm:magnetrise",
    "tm:meteorbeam",
    "tm:naturepower",
    "tm:powergem",
    "tm:protect",
    "tm:psybeam",
    "tm:psychic",
    "tm:psychicterrain",
    "tm:psychup",
    "tm:psyshock",
    "tm:raindance",
    "tm:reflect",
    "tm:rest",
    "tm:rockblast",
    "tm:rockpolish",
    "tm:rockslide",
    "tm:rocktomb",
    "tm:safeguard",
    "tm:sandstorm",
    "tm:sandtomb",
    "tm:skillswap",
    "tm:sleeptalk",
    "tm:smackdown",
    "tm:spikes",
    "tm:stealthrock",
    "tm:stompingtantrum",
    "tm:stoneedge",
    "tm:storedpower",
    "tm:substitute",
    "tm:sunnyday",
    "tm:takedown",
    "tm:telekinesis",
    "tm:teleport",
    "tm:terablast",
    "tm:terrainpulse",
    "tm:trickroom",
    "tm:wonderroom",
    "tutor:afteryou",
    "tutor:allyswitch",
    "tutor:ancientpower",
    "tutor:calmmind",
    "tutor:covet",
    "tutor:dazzlinggleam",
    "tutor:earthpower",
    "tutor:endeavor",
    "tutor:flashcannon",
    "tutor:gigaimpact",
    "tutor:gravity",
    "tutor:hyperbeam",
    "tutor:irondefense",
    "tutor:ironhead",
    "tutor:magiccoat",
    "tutor:magnetrise",
    "tutor:meteorbeam",
    "tutor:psychic",
    "tutor:rest",
    "tutor:rockslide",
    "tutor:skillswap",
    "tutor:sleeptalk",
    "tutor:spikes",
    "tutor:stealthrock",
    "tutor:stompingtantrum",
    "tutor:stoneedge",
    "tutor:telekinesis",
    "tutor:terrainpulse",
    "tutor:trick",
    "tutor:wonderroom"
  ],
  "preEvolution": "carbink aspect=amethyst",
  "evolutions": []
}