{
  "implemented": true,
  "nationalPokedexNumber": 1049,
  "name": "Clawviathan",
  "primaryType": "water",
  "secondaryType": "dragon",
  "maleRatio": 0.5,
  "height": 16,
  "weight": 455,
  "pokedex": [
    "cobblemon.species.clawviathan.desc"
  ],
  "labels": [
    "gen6",
    "custom"
  ],
  "aspects": [],
  "abilities": [
    "megalauncher",
    "h:megalauncher"
  ],
  "eggGroups": [
    "water_1",
    "water_3"
  ],
  "baseStats": {
    "hp": 91,
    "attack": 75,
    "defence": 88,
    "special_attack": 127,
    "special_defence": 89,
    "speed": 95
  },
  "evYield": {
    "hp": 0,
    "attack": 0,
    "defence": 0,
    "special_attack": 3,
    "special_defence": 0,
    "speed": 0
  },
  "baseExperienceYield": 150,
  "experienceGroup": "slow",
  "catchRate": 35,
  "eggCycles": 15,
  "baseFriendship": 50,
  "baseScale": 1.1,
  "hitbox": {
    "width": 1.6,
    "height": 1.8,
    "fixed": false
  },
  "behaviour": {
    "moving": {
      "canLook": false,
      "walk": {
        "walkSpeed": 0.35
      },
      "swim": {
        "swimSpeed": 0.5,
        "canBreatheUnderwater": true,
        "canSwimInWater": true,
        "canSwimInLava": false
      }
    }
  },
  "moves": [
    "1:dualchop",
    "1:healpulse",
    "1:darkpulse",
    "1:dragonpulse",
    "1:splash",
    "1:watergun",
    "1:watersport",
    "1:visegrip",
    "1:bubble",
    "1:flail",
    "1:bubblebeam",
    "1:aquajet",
    "1:smackdown",
    "1:honeclaws",
    "1:waterpulse",
    "1:swordsdance",
    "1:aurasphere",
    "1:bounce",
    "1:muddywater",
    "1:crabhammer",
    "10:octazooka",
    "20:breakingswipe",
    "32:terrainpulse",
    "38:hydropump",
    "46:dragonclaw",
    "70:originpulse",
    "egg:aquatail",
    "egg:bubblebeam",
    "egg:entrainment",
    "tm:aquatail",
    "tm:aurasphere",
    "tm:blizzard",
    "tm:bodyslam",
    "tm:bounce",
    "tm:chillingwater",
    "tm:cut",
    "tm:darkpulse",
    "tm:dive",
    "tm:dragonclaw",
    "tm:dragonpulse",
    "tm:dracometeor",
    "tm:endure",
    "tm:facade",
    "tm:flashcannon",
    "tm:flipturn",
    "tm:focusblast",
    "tm:gigaimpact",
    "tm:helpinghand",
    "tm:honeclaws",
    "tm:hydropump",
    "tm:hyperbeam",
    "tm:icebeam",
    "tm:icywind",
    "tm:irontail",
    "tm:laserfocus",
    "tm:liquidation",
    "tm:muddywater",
    "tm:mudshot",
    "tm:mudslap",
    "tm:outrage",
    "tm:pounce",
    "tm:protect",
    "tm:raindance",
    "tm:rest",
    "tm:rockslide",
    "tm:scaleshot",
    "tm:scaryface",
    "tm:shadowball",
    "tm:sleeptalk",
    "tm:sludgebomb",
    "tm:sludgewave",
    "tm:smackdown",
    "tm:substitute",
    "tm:surf",
    "tm:swordsdance",
    "tm:takedown",
    "tm:terablast",
    "tm:terrainpulse",
    "tm:thief",
    "tm:uturn",
    "tm:venoshock",
    "tm:waterfall",
    "tm:waterpulse",
    "tm:weatherball",
    "tutor:aquatail",
    "tutor:bounce",
    "tutor:darkpulse",
    "tutor:dive",
    "tutor:dragonpulse",
    "tutor:flashcannon",
    "tutor:flipturn",
    "tutor:gigaimpact",
    "tutor:helpinghand",
    "tutor:hyperbeam",
    "tutor:icebeam",
    "tutor:icywind",
    "tutor:irontail",
    "tutor:laserfocus",
    "tutor:liquidation",
    "tutor:mudslap",
    "tutor:rest",
    "tutor:rockslide",
    "tutor:shadowball",
    "tutor:sleeptalk",
    "tutor:sludgebomb",
    "tutor:terrainpulse",
    "tutor:waterpulse"
  ],
  "preEvolution": "clawitzer",
  "evolutions": []
}