{
  "implemented": true,
  "nationalPokedexNumber": 1042,
  "name": "Djinnferno",
  "primaryType": "fire",
  "secondaryType": "ghost",
  "maleRatio": 1,
  "height": 16,
  "weight": 1190,
  "pokedex": [
    "cobblemon.species.djinnferno.desc"
  ],
  "labels": [
    "gen3",
    "custom"
  ],
  "aspects": [],
  "abilities": [
    "rockypayload",
    "h:rockhead"
  ],
  "eggGroups": [
    "mineral"
  ],
  "baseStats": {
    "hp": 70,
    "attack": 100,
    "defence": 130,
    "special_attack": 100,
    "special_defence": 120,
    "speed": 80
  },
  "evYield": {
    "hp": 0,
    "attack": 0,
    "defence": 0,
    "special_attack": 1,
    "special_defence": 2,
    "speed": 0
  },
  "baseExperienceYield": 256,
  "experienceGroup": "medium_fast",
  "catchRate": 45,
  "eggCycles": 20,
  "baseFriendship": 50,
  "baseScale": 1.1,
  "hitbox": {
    "width": 2.9,
    "height": 3.45,
    "fixed": false
  },
  "behaviour": {
    "resting": {
      "canSleep": true,
      "light": "0-4"
    },
    "moving": {
      "fly": {
        "canFly": true
      },
      "walk": {
        "canWalk": true
      },
      "swim": {
        "avoidsWater": true,
        "canSwimInWater": false
      }
    }
  },
  "drops": {
    "amount": 4,
    "entries": [
      {
        "item": "minecraft:flint",
        "quantityRange": "1-2"
      },
      {
        "item": "minecraft:blaze_powder",
        "quantityRange": "1-2"
      },
      {
        "item": "cobblemon:hard_stone",
        "percentage": 10.0
      },
      {
        "item": "cobblemon:focus_band",
        "percentage": 10.0
      },
      {
        "item": "cobblemon:charti_berry",
        "percentage": 10.0
      }
    ]
  },
  "moves": [
    "1:shadowpunch",
    "1:bulkup",
    "1:shadowsneak",
    "1:tackle",
    "1:destinybond",
    "1:cosmicpower",
    "1:ember",
    "1:harden",
    "1:block",
    "1:firespin",
    "1:rockthrow",
    "1:flamecharge",
    "1:willowisp",
    "1:firepunch",
    "1:heatcrash",
    "1:earthquake",
    "1:flareblitz",
    "1:rockslide",
    "1:rockblast",
    "1:stoneedge",
    "13:ancientpower",
    "16:rest",
    "17:submission",
    "19:hex",
    "22:scorchingsands",
    "25:powergem",
    "28:infernalparade",
    "31:phantomforce",
    "34:sandstorm",
    "37:earthpower",
    "39:poltergeist",
    "40:sacredfire",
    "43:headsmash",
    "43:shoreup",
    "45:headlongrush",
    "45:fireblast",
    "47:superpower",
    "egg:doubleedge",
    "egg:headsmash",
    "egg:magnitude",
    "egg:rollout",
    "egg:wideguard",
    "egg:ragingfury",
    "tm:ancientpower",
    "tm:block",
    "tm:bodypress",
    "tm:bodyslam",
    "tm:bulldoze",
    "tm:bulkup",
    "tm:curse",
    "tm:darkpulse",
    "tm:doubleedge",
    "tm:drainpunch",
    "tm:dreameater",
    "tm:dynamicpunch",
    "tm:earthpower",
    "tm:earthquake",
    "tm:endure",
    "tm:eruption",
    "tm:explosion",
    "tm:extrasensory",
    "tm:facade",
    "tm:fireblast",
    "tm:firepunch",
    "tm:firespin",
    "tm:flamecharge",
    "tm:flamethrower",
    "tm:flareblitz",
    "tm:flashcannon",
    "tm:gigadrain",
    "tm:gravity",
    "tm:headbutt",
    "tm:heatcrash",
    "tm:heavyslam",
    "tm:helpinghand",
    "tm:hex",
    "tm:highhorsepower",
    "tm:icepunch",
    "tm:irondefense",
    "tm:magiccoat",
    "tm:magnetrise",
    "tm:meteorbeam",
    "tm:nastyplot",
    "tm:painsplit",
    "tm:phantomforce",
    "tm:poltergeist",
    "tm:powergem",
    "tm:powershift",
    "tm:protect",
    "tm:psychic",
    "tm:psyshock",
    "tm:rest",
    "tm:rockblast",
    "tm:rockpolish",
    "tm:rockslide",
    "tm:rocksmash",
    "tm:rocktomb",
    "tm:rollout",
    "tm:sandstorm",
    "tm:sandtomb",
    "tm:scorchingsands",
    "tm:selfdestruct",
    "tm:shadowball",
    "tm:sleeptalk",
    "tm:smackdown",
    "tm:stealthrock",
    "tm:steelbeam",
    "tm:stompingtantrum",
    "tm:stoneedge",
    "tm:strength",
    "tm:submission",
    "tm:substitute",
    "tm:sunnyday",
    "tm:superpower",
    "tm:takedown",
    "tm:taunt",
    "tm:temperflare",
    "tm:terablast",
    "tm:thunderpunch",
    "tm:torment",
    "tm:willowisp",
    "tm:wildcharge",
    "tutor:ancientpower",
    "tutor:block",
    "tutor:bulldoze",
    "tutor:drainpunch",
    "tutor:dreameater",
    "tutor:dynamicpunch",
    "tutor:earthpower",
    "tutor:firepunch",
    "tutor:flashcannon",
    "tutor:gravity",
    "tutor:helpinghand",
    "tutor:highhorsepower",
    "tutor:icepunch",
    "tutor:irondefense",
    "tutor:magiccoat",
    "tutor:magnetrise",
    "tutor:meteorbeam",
    "tutor:painsplit",
    "tutor:powershift",
    "tutor:rest",
    "tutor:rockslide",
    "tutor:rocksmash",
    "tutor:rollout",
    "tutor:sleeptalk",
    "tutor:stealthrock",
    "tutor:steelbeam",
    "tutor:stompingtantrum",
    "tutor:stoneedge",
    "tutor:superpower",
    "tutor:thunderpunch"
  ],
  "preEvolution": "nosepyre",
  "evolutions": []
}