{
  "implemented": true,
  "nationalPokedexNumber": 1046,
  "name": "Echolyte",
  "primaryType": "rock",
  "secondaryType": "dark",
  "maleRatio": -1,
  "height": 7,
  "weight": 88,
  "pokedex": [
    "cobblemon.species.echolyte.desc"
  ],
  "labels": [
    "gen6",
    "custom"
  ],
  "aspects": [],
  "abilities": [
    "soundproof",
    "sturdy",
    "h:weakarmor"
  ],
  "eggGroups": [
    "fairy",
    "mineral"
  ],
  "baseStats": {
    "hp": 60,
    "attack": 150,
    "defence": 40,
    "special_attack": 150,
    "special_defence": 40,
    "speed": 90
  },
  "evYield": {
    "hp": 0,
    "attack": 1,
    "defence": 0,
    "special_attack": 1,
    "special_defence": 0,
    "speed": 0
  },
  "baseExperienceYield": 200,
  "experienceGroup": "slow",
  "catchRate": 30,
  "eggCycles": 25,
  "baseFriendship": 50,
  "baseScale": 0.8,
  "hitbox": {
    "width": 1,
    "height": 2.15,
    "fixed": false
  },
  "drops": {
    "amount": 3,
    "entries": [
      {
        "item": "minecraft:echo_shard",
        "percentage": 10.0
      },
      {
        "item": "cobblemon:chople_berry",
        "percentage": 10.0
      },
      {
        "item": "cobblemon:dusk_stone",
        "percentage": 10.0
      }
    ]
  },
      "moves": [
        "1:shellsmash",
        "1:moonlight",
        "1:tackle",
        "1:powertrip",
        "1:payback",
        "1:harden",
        "1:rockthrow",
        "1:cosmicpower",
        "1:growth",
        "1:guardsplit",
        "1:shadowsneak",
        "1:smackdown",
        "1:assurance",
        "1:ancientpower",
        "1:mirrorshot",
        "1:rockpolish",
        "1:mirrorcoat",
        "1:lightscreen",
        "1:reflect",
        "1:rockslide",
        "1:lashout",
        "1:powergem",
        "1:stealthrock",
        "1:darkpulse",
        "50:stoneedge",
        "55:meteorbeam",
        "60:boomburst",
        "tm:afteryou",
        "tm:allyswitch",
        "tm:ancientpower",
        "tm:assurance",
        "tm:bodypress",
        "tm:bodyslam",
        "tm:calmmind",
        "tm:charm",
        "tm:cosmicpower",
        "tm:covet",
        "tm:darkpulse",
        "tm:dazzlinggleam",
        "tm:doubleedge",
        "tm:earthpower",
        "tm:endeavor",
        "tm:endure",
        "tm:explosion",
        "tm:facade",
        "tm:flash",
        "tm:flashcannon",
        "tm:foulplay",
        "tm:gigaimpact",
        "tm:gravity",
        "tm:guardswap",
        "tm:gyroball",
        "tm:hail",
        "tm:heavyslam",
        "tm:hyperbeam",
        "tm:irondefense",
        "tm:ironhead",
        "tm:knockoff",
        "tm:lashout",
        "tm:lightscreen",
        "tm:magiccoat",
        "tm:magnetrise",
        "tm:meteorbeam",
        "tm:mirrorcoat",
        "tm:mistyexplosion",
        "tm:mistyterrain",
        "tm:nastyplot",
        "tm:naturepower",
        "tm:payback",
        "tm:phantomforce",
        "tm:powergem",
        "tm:protect",
        "tm:psychic",
        "tm:psychup",
        "tm:raindance",
        "tm:reflect",
        "tm:rest",
        "tm:rockblast",
        "tm:rockpolish",
        "tm:rockslide",
        "tm:rocktomb",
        "tm:safeguard",
        "tm:sandstorm",
        "tm:sandtomb",
        "tm:shadowball",
        "tm:skillswap",
        "tm:sleeptalk",
        "tm:smackdown",
        "tm:snarl",
        "tm:spikes",
        "tm:stealthrock",
        "tm:stompingtantrum",
        "tm:stoneedge",
        "tm:substitute",
        "tm:sunnyday",
        "tm:takedown",
        "tm:taunt",
        "tm:telekinesis",
        "tm:terablast",
        "tm:terrainpulse",
        "tm:thief",
        "tm:throatchop",
        "tm:trickroom",
        "tm:wonderroom",
        "tm:zenheadbutt",
        "tutor:afteryou",
        "tutor:allyswitch",
        "tutor:ancientpower",
        "tutor:calmmind",
        "tutor:covet",
        "tutor:dazzlinggleam",
        "tutor:earthpower",
        "tutor:endeavor",
        "tutor:flashcannon",
        "tutor:gigaimpact",
        "tutor:gravity",
        "tutor:hyperbeam",
        "tutor:irondefense",
        "tutor:ironhead",
        "tutor:magiccoat",
        "tutor:magnetrise",
        "tutor:meteorbeam",
        "tutor:psychic",
        "tutor:rest",
        "tutor:rockslide",
        "tutor:skillswap",
        "tutor:sleeptalk",
        "tutor:spikes",
        "tutor:stealthrock",
        "tutor:stompingtantrum",
        "tutor:stoneedge",
        "tutor:telekinesis",
        "tutor:terrainpulse",
        "tutor:trick",
        "tutor:wonderroom",
        "tutor:zenheadbutt"
      ],
  "preEvolution": "carbink aspect=echo",
  "evolutions": []
}