{
  "implemented": true,
  "nationalPokedexNumber": 1040,
  "name": "Gildenose",
  "primaryType": "rock",
  "secondaryType": "grass",
  "maleRatio": 1,
  "height": 12,
  "weight": 1190,
  "pokedex": [
    "cobblemon.species.gildenose.desc"
  ],
  "labels": [
    "gen3",
    "custom"
  ],
  "aspects": [],
  "abilities": [
    "regenerator",
    "solidrock",
    "h:triage"
  ],
  "eggGroups": [
    "mineral"
  ],
  "baseStats": {
    "hp": 90,
    "attack": 40,
    "defence": 130,
    "special_attack": 95,
    "special_defence": 140,
    "speed": 30
  },
  "evYield": {
    "hp": 0,
    "attack": 0,
    "defence": 1,
    "special_attack": 0,
    "special_defence": 2,
    "speed": 0
  },
  "baseExperienceYield": 244,
  "experienceGroup": "medium_fast",
  "catchRate": 60,
  "eggCycles": 20,
  "baseFriendship": 50,
  "baseScale": 1,
  "hitbox": {
    "width": 0.9,
    "height": 1.45,
    "fixed": false
  },
  "behaviour": {
    "resting": {
      "canSleep": true,
      "light": "0-4"
    },
    "moving": {
      "swim": {
        "avoidsWater": true,
        "canSwimInWater": false
      }
    }
  },
  "drops": {
    "amount": 4,
    "entries": [
      {
        "item": "minecraft:flint",
        "quantityRange": "0-2"
      },
      {
        "item": "minecraft:oxeye_daisy",
        "quantityRange": "0-2"
      },
      {
        "item": "cobblemon:hard_stone",
        "percentage": 5.0
      },
      {
        "item": "cobblemon:mental_herb",
        "percentage": 5.0
      },
      {
        "item": "cobblemon:chople_berry",
        "percentage": 5.0
      }
    ]
  },
  "moves": [
    "1:teeterdance",
    "1:lifedew",
    "1:megadrain",
    "1:tackle",
    "1:aromatherapy",
    "1:ember",
    "1:harden",
    "1:block",
    "1:firespin",
    "1:rockthrow",
    "1:flamecharge",
    "1:willowisp",
    "1:firepunch",
    "1:heatcrash",
    "1:earthquake",
    "1:flareblitz",
    "1:rockslide",
    "1:rockblast",
    "1:stoneedge",
    "13:ingrain",
    "16:rest",
    "19:gigadrain",
    "22:floralhealing",
    "25:powergem",
    "28:petalblizzard",
    "31:energyball",
    "34:sandstorm",
    "37:earthpower",
    "40:petaldance",
    "43:revelationdance",
    "43:shoreup",
    "egg:doubleedge",
    "egg:headsmash",
    "egg:magnitude",
    "egg:rollout",
    "egg:wideguard",
    "egg:ragingfury",
    "tm:ancientpower",
    "tm:block",
    "tm:bodypress",
    "tm:bodyslam",
    "tm:bulldoze",
    "tm:curse",
    "tm:doubleedge",
    "tm:drainpunch",
    "tm:dynamicpunch",
    "tm:earthpower",
    "tm:earthquake",
    "tm:energyball",
    "tm:endure",
    "tm:eruption",
    "tm:explosion",
    "tm:facade",
    "tm:fireblast",
    "tm:firepunch",
    "tm:firespin",
    "tm:flamecharge",
    "tm:flamethrower",
    "tm:flareblitz",
    "tm:flashcannon",
    "tm:gigadrain",
    "tm:gravity",
    "tm:headbutt",
    "tm:heatcrash",
    "tm:heavyslam",
    "tm:helpinghand",
    "tm:highhorsepower",
    "tm:icepunch",
    "tm:irondefense",
    "tm:magiccoat",
    "tm:magnetrise",
    "tm:meteorbeam",
    "tm:painsplit",
    "tm:powergem",
    "tm:powershift",
    "tm:protect",
    "tm:rest",
    "tm:rockblast",
    "tm:rockpolish",
    "tm:rockslide",
    "tm:rocksmash",
    "tm:rocktomb",
    "tm:rollout",
    "tm:sandstorm",
    "tm:sandtomb",
    "tm:selfdestruct",
    "tm:sleeptalk",
    "tm:smackdown",
    "tm:stealthrock",
    "tm:steelbeam",
    "tm:stompingtantrum",
    "tm:stoneedge",
    "tm:strength",
    "tm:substitute",
    "tm:sunnyday",
    "tm:synthesis",
    "tm:takedown",
    "tm:taunt",
    "tm:temperflare",
    "tm:terablast",
    "tm:thunderpunch",
    "tm:torment",
    "tm:willowisp",
    "tutor:ancientpower",
    "tutor:block",
    "tutor:bulldoze",
    "tutor:drainpunch",
    "tutor:dynamicpunch",
    "tutor:earthpower",
    "tutor:firepunch",
    "tutor:flashcannon",
    "tutor:gravity",
    "tutor:helpinghand",
    "tutor:highhorsepower",
    "tutor:icepunch",
    "tutor:irondefense",
    "tutor:magiccoat",
    "tutor:magnetrise",
    "tutor:meteorbeam",
    "tutor:painsplit",
    "tutor:powershift",
    "tutor:rest",
    "tutor:rockslide",
    "tutor:rocksmash",
    "tutor:rollout",
    "tutor:sleeptalk",
    "tutor:stealthrock",
    "tutor:steelbeam",
    "tutor:stompingtantrum",
    "tutor:stoneedge",
    "tutor:thunderpunch"
  ],
  "preEvolution": "nosepyre",
  "evolutions": []
}