{
  "implemented": true,
  "nationalPokedexNumber": 1038,
  "name": "Hattertainer",
  "primaryType": "fire",
  "secondaryType": "fairy",
  "maleRatio": 0,
  "height": 21,
  "weight": 51,
  "pokedex": [
    "cobblemon.species.hattertainer.desc"
  ],
  "labels": [
    "custom"
  ],
  "aspects": [],
  "abilities": [
    "magician",
    "anticipation",
    "h:costar"
  ],
  "eggGroups": [
    "fairy"
  ],
  "baseStats": {
    "hp": 57,
    "attack": 136,
    "defence": 63,
    "special_attack": 80,
    "special_defence": 75,
    "speed": 99
  },
  "evYield": {
    "hp": 0,
    "attack": 3,
    "defence": 0,
    "special_attack": 0,
    "special_defence": 0,
    "speed": 0
  },
  "baseExperienceYield": 255,
  "experienceGroup": "slow",
  "catchRate": 45,
  "eggCycles": 20,
  "baseFriendship": 50,
  "baseScale": 0.7,
  "hitbox": {
    "width": 1.5,
    "height": 4,
    "fixed": false
  },
  "drops": {
    "amount": 1,
    "entries": [
      {
        "item": "minecraft:blaze_powder",
        "quantityRange": "0-2"
      },
      {
        "item": "cobblemon:passho_berry",
        "percentage": 10.0
      },
      {
        "item": "cobblemon:focus_sash",
        "percentage": 10.0
      }
    ]
  },
  "moves": [
    "1:flamethrower",
    "1:brutalswing",
    "1:ember",
    "1:playnice",
    "1:roleplay",
    "1:powerswap",
    "1:encore",
    "1:disarmingvoice",
    "1:willowisp",
    "15:acrobatics",
    "20:flamewheel",
    "25:trick",
    "30:dazzlinggleam",
    "37:lashout",
    "46:firelash",
    "55:magicroom",
    "64:playrough",
    "egg:afteryou",
    "egg:aromaticmist",
    "egg:mysticalfire",
    "egg:nuzzle",
    "egg:quash",
    "tm:acrobatics",
    "tm:afteryou",
    "tm:agility",
    "tm:batonpass",
    "tm:brutalswing",
    "tm:calmmind",
    "tm:charm",
    "tm:darkpulse",
    "tm:dazzlinggleam",
    "tm:disarmingvoice",
    "tm:drainingkiss",
    "tm:drainpunch",
    "tm:endure",
    "tm:encore",
    "tm:facade",
    "tm:futuresight",
    "tm:flamethrower",
    "tm:flareblitz",
    "tm:flamecharge",
    "tm:firepunch",
    "tm:gigaimpact",
    "tm:gravity",
    "tm:guardswap",
    "tm:helpinghand",
    "tm:hyperbeam",
    "tm:icepunch",
    "tm:lashout",
    "tm:lightscreen",
    "tm:nastyplot",
    "tm:magicalleaf",
    "tm:magicroom",
    "tm:metronome",
    "tm:mistyexplosion",
    "tm:mistyterrain",
    "tm:mysticalfire",
    "tm:painsplit",
    "tm:playrough",
    "tm:powerswap",
    "tm:powerwhip",
    "tm:protect",
    "tm:psychocut",
    "tm:psychup",
    "tm:quash",
    "tm:reflect",
    "tm:rest",
    "tm:safeguard",
    "tm:shadowball",
    "tm:skillswap",
    "tm:sleeptalk",
    "tm:stompingtantrum",
    "tm:substitute",
    "tm:swift",
    "tm:swordsdance",
    "tm:terablast",
    "tm:thunderpunch",
    "tm:thunderwave",
    "tm:trick",
    "tm:trickroom",
    "tm:tripleaxel",
    "tm:wonderroom",
    "tm:willowisp",
    "tutor:afteryou",
    "tutor:darkpulse",
    "tutor:dazzlinggleam",
    "tutor:gigaimpact",
    "tutor:helpinghand",
    "tutor:hyperbeam",
    "tutor:magicalleaf",
    "tutor:magicroom",
    "tutor:mistyexplosion",
    "tutor:mysticalfire",
    "tutor:painsplit",
    "tutor:playrough",
    "tutor:psychocut",
    "tutor:rest",
    "tutor:shadowball",
    "tutor:stompingtantrum",
    "tutor:skillswap",
    "tutor:sleeptalk",
    "tutor:swift",
    "tutor:trick",
    "tutor:wonderroom"
  ],
  "preEvolution": "hattrix",
  "evolutions": [],
  "forms": []
}