{
  "implemented": true,
  "nationalPokedexNumber": 1036,
  "name": "Norstar",
  "primaryType": "steel",
  "secondaryType": "psychic",
  "maleRatio": -1,
  "height": 8,
  "weight": 952,
  "pokedex": [
    "cobblemon.species.norstar.desc"
  ],
  "labels": [
    "custom"
  ],
  "aspects": [],
  "abilities": [
    "magnetpull",
    "analytic",
    "h:costar"
  ],
  "eggGroups": [
    "mineral"
  ],
  "baseStats": {
    "hp": 40,
    "attack": 65,
    "defence": 60,
    "special_attack": 65,
    "special_defence": 70,
    "speed": 40
  },
  "evYield": {
    "hp": 0,
    "attack": 0,
    "defence": 0,
    "special_attack": 0,
    "special_defence": 1,
    "speed": 0
  },
  "baseExperienceYield": 68,
  "experienceGroup": "slow",
  "catchRate": 225,
  "eggCycles": 20,
  "baseFriendship": 50,
  "baseScale": 0.9,
  "hitbox": {
    "width": 0.8,
    "height": 1,
    "fixed": false
  },
  "behaviour": {
    "moving": {
      "swim": {
        "swimSpeed": 0.3,
        "canBreatheUnderwater": true,
        "canSwimInWater": true,
        "canSwimInLava": true
      },
      "fly": {
        "canFly": true
      },
      "walk": {
        "canWalk": true
      }
    },
    "resting": {
      "canSleep": true,
      "light": "0-4"
    }
  },
  "drops": {
    "amount": 2,
    "entries": [
      {
        "item": "minecraft:iron_nugget",
        "quantityRange": "0-4"
      },
      {
        "item": "cobblemon:metal_coat",
        "percentage": 2.5
      },
      {
        "item": "cobblemon:colbur_berry",
        "percentage": 2.5
      }
    ]
  },
  "moves": [
    "1:tackle",
    "1:cosmicpower",
    "1:psywave",
    "1:magnetrise",
    "1:magneticflux",
    "4:metalclaw",
    "8:confuseray",
    "12:rapidspin",
    "16:magnetbomb",
    "20:swift",
    "24:psybeam",
    "28:smartstrike",
    "32:lightscreen",
    "36:powergem",
    "40:psychic",
    "44:gyroball",
    "48:moonlight",
    "52:moonblast",
    "56:spinout",
    "tm:blizzard",
    "tm:brine",
    "tm:confuseray",
    "tm:cosmicpower",
    "tm:dazzlinggleam",
    "tm:endure",
    "tm:facade",
    "tm:flash",
    "tm:flashcannon",
    "tm:flipturn",
    "tm:gravity",
    "tm:gyroball",
    "tm:hail",
    "tm:icebeam",
    "tm:icywind",
    "tm:icespinner",
    "tm:lightscreen",
    "tm:magiccoat",
    "tm:painsplit",
    "tm:powergem",
    "tm:protect",
    "tm:psybeam",
    "tm:psychic",
    "tm:psychup",
    "tm:raindance",
    "tm:recycle",
    "tm:reflect",
    "tm:rest",
    "tm:rollout",
    "tm:signalbeam",
    "tm:sleeptalk",
    "tm:substitute",
    "tm:swift",
    "tm:terablast",
    "tm:thunder",
    "tm:thunderbolt",
    "tm:thunderwave",
    "tm:triattack",
    "tm:twister",
    "tm:waterpulse",
    "tm:ironhead",
    "tm:irondefense",
    "tm:smartstrike",
    "tm:metalsound",
    "tm:metalburst",
    "tm:magnetbomb",
    "tm:flashcannon",
    "tm:voltswitch",
    "tm:paraboliccharge",
    "tm:magnetrise",
    "tm:magneticflux",
    "tm:iondeluge",
    "tm:electroball",
    "tm:chargebeam",
    "tm:discharge",
    "tm:moonlight",
    "tm:moonblast",
    "tutor:dazzlinggleam",
    "tutor:flashcannon",
    "tutor:gravity",
    "tutor:icebeam",
    "tutor:icywind",
    "tutor:magiccoat",
    "tutor:painsplit",
    "tutor:psychic",
    "tutor:recycle",
    "tutor:rest",
    "tutor:rollout",
    "tutor:signalbeam",
    "tutor:sleeptalk",
    "tutor:swift",
    "tutor:thunderbolt",
    "tutor:twister",
    "tutor:waterpulse"
  ],
  "evolutions": [
    {
      "id": "norstar_starstellation",
      "variant": "item_interact",
      "result": "starstellation",
      "consumeHeldItem": true,
      "learnableMoves": [
        "smartstrike"
      ],
      "requirements": [],
      "requiredContext": "cobblemon:moon_stone"
    }
  ]
}