{
  "implemented": true,
  "nationalPokedexNumber": 1032,
  "name": "Slugrit",
  "primaryType": "ground",
  "maleRatio": 0.5,
  "height": 7,
  "weight": 350,
  "pokedex": [
    "cobblemon.species.slugrit.desc"
  ],
  "labels": [
    "custom"
  ],
  "aspects": [],
  "abilities": [
    "sandspit",
    "flamebody",
    "h:sandstream"
  ],
  "eggGroups": [
    "amorphous"
  ],
  "baseStats": {
    "hp": 40,
    "attack": 50,
    "defence": 40,
    "special_attack": 60,
    "special_defence": 40,
    "speed": 20
  },
  "evYield": {
    "hp": 0,
    "attack": 0,
    "defence": 0,
    "special_attack": 1,
    "special_defence": 0,
    "speed": 0
  },
  "baseExperienceYield": 50,
  "experienceGroup": "medium_fast",
  "catchRate": 190,
  "eggCycles": 20,
  "baseFriendship": 50,
  "baseScale": 0.7,
  "hitbox": {
    "width": 0.8,
    "height": 1,
    "fixed": false
  },
  "behaviour": {
    "resting": {
      "canSleep": true,
      "light": "0-4"
    },
    "moving": {
      "swim": {
        "canWalkOnLava": false,
        "canBreatheUnderlava": false,
        "avoidsWater": true,
        "canSwimInWater": false,
        "canSwimInLava": false
      },
      "walk": {
        "walkSpeed": 0.2
      }
    }
  },
  "drops": {
    "amount": 2,
    "entries": [
      {
        "item": "minecraft:sand",
        "quantityRange": "1-2"
      },
      {
        "item": "minecraft:pointed_dripstone",
        "quantityRange": "0-1"
      },
      {
        "item": "cobblemon:soft_sand",
        "percentage": 2.5
      },
      {
        "item": "cobblemon:passho_berry",
        "percentage": 2.5
      }
    ]
  },
  "moves": [
    "1:yawn",
    "1:sandattack",
    "6:mudslap",
    "8:rockthrow",
    "13:harden",
    "20:sandtomb",
    "22:ancientpower",
    "27:bulldoze",
    "29:rockslide",
    "34:scorchingsands",
    "36:amnesia",
    "41:bodyslam",
    "43:shoreup",
    "48:earthpower",
    "50:uturn",
    "egg:acidarmor",
    "egg:curse",
    "egg:guardswap",
    "egg:powergem",
    "egg:memento",
    "egg:rollout",
    "egg:spikes",
    "egg:spitup",
    "egg:stockpile",
    "egg:swallow",
    "tm:afteryou",
    "tm:amnesia",
    "tm:ancientpower",
    "tm:bodyslam",
    "tm:bulldoze",
    "tm:curse",
    "tm:earthpower",
    "tm:earthquake",
    "tm:endure",
    "tm:facade",
    "tm:flamecharge",
    "tm:flamethrower",
    "tm:guardswap",
    "tm:heatcrash",
    "tm:heatwave",
    "tm:highhorsepower",
    "tm:infestation",
    "tm:irondefense",
    "tm:lightscreen",
    "tm:mudshot",
    "tm:mudslap",
    "tm:naturepower",
    "tm:overheat",
    "tm:painsplit",
    "tm:powergem",
    "tm:protect",
    "tm:reflect",
    "tm:rest",
    "tm:rockblast",
    "tm:rockslide",
    "tm:rocksmash",
    "tm:rocktomb",
    "tm:rollout",
    "tm:sandstorm",
    "tm:selfdestruct",
    "tm:sleeptalk",
    "tm:smackdown",
    "tm:stealthrock",
    "tm:stoneedge",
    "tm:substitute",
    "tm:sunnyday",
    "tm:takedown",
    "tm:temperflare",
    "tm:terablast",
    "tm:willowisp",
    "tm:uturn",
    "tutor:afteryou",
    "tutor:ancientpower",
    "tutor:bulldoze",
    "tutor:earthpower",
    "tutor:flamethrower",
    "tutor:heatwave",
    "tutor:highhorsepower",
    "tutor:irondefense",
    "tutor:mudslap",
    "tutor:painsplit",
    "tutor:rest",
    "tutor:rockslide",
    "tutor:rocksmash",
    "tutor:rollout",
    "tutor:sleeptalk",
    "tutor:stealthrock",
    "tutor:stoneedge",
    "tutor:uturn"
  ],
  "evolutions": [
    {
      "id": "slugrit_dunecargo",
      "variant": "level_up",
      "result": "dunecargo",
      "consumeHeldItem": false,
      "learnableMoves": [
        "shellsmash"
      ],
      "requirements": [
        {
          "variant": "level",
          "minLevel": 38
        }
      ]
    }
  ]
}