{
  "implemented": true,
  "nationalPokedexNumber": 1050,
  "name": "Spiritube",
  "primaryType": "ghost",
  "secondaryType": "electric",
  "maleRatio": 0.5,
  "height": 10,
  "weight": 1080,
  "pokedex": [
    "cobblemon.species.spiritube.desc"
  ],
  "labels": [
    "gen4",
    "custom"
  ],
  "aspects": [],
  "abilities": [
    "telepathy",
    "h:surgesurfer"
  ],
  "eggGroups": [
    "amorphous"
  ],
  "baseStats": {
    "hp": 50,
    "attack": 31,
    "defence": 108,
    "special_attack": 108,
    "special_defence": 108,
    "speed": 80
  },
  "evYield": {
    "hp": 0,
    "attack": 0,
    "defence": 1,
    "special_attack": 1,
    "special_defence": 1,
    "speed": 0
  },
  "baseExperienceYield": 170,
  "experienceGroup": "medium_fast",
  "catchRate": 100,
  "eggCycles": 30,
  "baseFriendship": 50,
  "baseScale": 1,
  "hitbox": {
    "width": 0.8,
    "height": 0.8,
    "fixed": false
  },
  "drops": {
    "amount": 2,
    "entries": [
      {
        "item": "cobblemon:cell_battery",
        "percentage": 10.0
      },
      {
        "item": "cobblemon:magnet",
        "percentage": 5.0
      }
    ]
  },
  "moves": [
    "1:thundershock",
    "1:confuseray",
    "1:thunderwave",
    "1:nightshade",
    "1:flash",
    "5:shadowsneak",
    "10:spite",
    "15:shockwave",
    "20:nastyplot",
    "25:electroweb",
    "30:eerieimpulse",
    "35:paraboliccharge",
    "40:hex",
    "45:shadowball",
    "50:thunderbolt",
    "55:electricterrain",
    "60:risingvoltage",
    "egg:allyswitch",
    "egg:destinybond",
    "egg:disable",
    "egg:grudge",
    "egg:nightmare",
    "egg:painsplit",
    "egg:voltswitch",
    "egg:smokescreen",
    "tm:allyswitch",
    "tm:bodyslam",
    "tm:burningjealousy",
    "tm:calmmind",
    "tm:captivate",
    "tm:confuseray",
    "tm:curse",
    "tm:darkpulse",
    "tm:dreameater",
    "tm:eerieimpulse",
    "tm:electricterrain",
    "tm:electroweb",
    "tm:electroball",
    "tm:embargo",
    "tm:endure",
    "tm:facade",
    "tm:flash",
    "tm:flashcannon",
    "tm:foulplay",
    "tm:gigaimpact",
    "tm:helpinghand",
    "tm:hex",
    "tm:hyperbeam",
    "tm:icywind",
    "tm:imprison",
    "tm:infestation",
    "tm:lashout",
    "tm:nastyplot",
    "tm:nightshade",
    "tm:ominouswind",
    "tm:painsplit",
    "tm:payback",
    "tm:phantomforce",
    "tm:poltergeist",
    "tm:protect",
    "tm:psybeam",
    "tm:psychic",
    "tm:psyshock",
    "tm:quash",
    "tm:raindance",
    "tm:rest",
    "tm:retaliate",
    "tm:rocktomb",
    "tm:scaryface",
    "tm:shadowball",
    "tm:shockwave",
    "tm:silverwind",
    "tm:skillswap",
    "tm:sleeptalk",
    "tm:snarl",
    "tm:snatch",
    "tm:spite",
    "tm:storedpower",
    "tm:substitute",
    "tm:suckerpunch",
    "tm:sunnyday",
    "tm:taunt",
    "tm:telekinesis",
    "tm:terablast",
    "tm:thief",
    "tm:thunder",
    "tm:thunderbolt",
    "tm:thunderwave",
    "tm:torment",
    "tm:toxic",
    "tm:trick",
    "tm:trickroom",
    "tm:voltswitch",
    "tm:willowisp",
    "tm:wonderroom",
    "tm:zapcannon",
    "tutor:allyswitch",
    "tutor:burningjealousy",
    "tutor:calmmind",
    "tutor:darkpulse",
    "tutor:foulplay",
    "tutor:gigaimpact",
    "tutor:helpinghand",
    "tutor:hyperbeam",
    "tutor:icywind",
    "tutor:lashout",
    "tutor:ominouswind",
    "tutor:painsplit",
    "tutor:poltergeist",
    "tutor:psychic",
    "tutor:rest",
    "tutor:risingvoltage",
    "tutor:shadowball",
    "tutor:shockwave",
    "tutor:skillswap",
    "tutor:sleeptalk",
    "tutor:snarl",
    "tutor:snatch",
    "tutor:spite",
    "tutor:suckerpunch",
    "tutor:telekinesis",
    "tutor:trick",
    "tutor:wonderroom"
  ],
  "evolutions": []
}