{
  "implemented": true,
  "nationalPokedexNumber": 1036,
  "name": "Starstellation",
  "primaryType": "steel",
  "secondaryType": "psychic",
  "maleRatio": -1,
  "height": 11,
  "weight": 2025,
  "pokedex": [
    "cobblemon.species.starstellation.desc"
  ],
  "labels": [
    "custom"
  ],
  "aspects": [],
  "abilities": [
    "magnetpull",
    "analytic",
    "h:costar"
  ],
  "eggGroups": [
    "mineral"
  ],
  "baseStats": {
    "hp": 70,
    "attack": 100,
    "defence": 90,
    "special_attack": 100,
    "special_defence": 110,
    "speed": 50
  },
  "evYield": {
    "hp": 0,
    "attack": 0,
    "defence": 0,
    "special_attack": 0,
    "special_defence": 2,
    "speed": 0
  },
  "baseExperienceYield": 182,
  "experienceGroup": "slow",
  "catchRate": 60,
  "eggCycles": 20,
  "baseFriendship": 50,
  "baseScale": 1.1,
  "hitbox": {
    "width": 0.8,
    "height": 1.1,
    "fixed": false
  },
  "behaviour": {
    "moving": {
      "swim": {
        "swimSpeed": 0.3,
        "canBreatheUnderwater": true,
        "canSwimInWater": true,
        "canSwimInLava": true
      },
      "fly": {
        "canFly": true
      },
      "walk": {
        "canWalk": true
      }
    },
    "resting": {
      "canSleep": true,
      "light": "0-4"
    }
  },
  "drops": {
    "amount": 2,
    "entries": [
      {
        "item": "minecraft:iron_ingot",
        "quantityRange": "0-2"
      },
      {
        "item": "cobblemon:metal_coat",
        "percentage": 5.0
      },
      {
        "item": "cobblemon:colbur_berry",
        "percentage": 5.0
      }
    ]
  },
  "moves": [
    "1:smartstrike",
    "1:metalclaw",
    "1:rapidspin",
    "1:moonlight",
    "1:swift",
    "1:confuseray",
    "1:psychic",
    "1:lightscreen",
    "1:magnetbomb",
    "1:gyroball",
    "1:spotlight",
    "1:minimize",
    "1:psybeam",
    "1:powergem",
    "1:cosmicpower",
    "1:tackle",
    "1:moonblast",
    "1:psywave",
    "1:magnetrise",
    "1:magneticflux",
    "48:ironhead",
    "52:flashcannon",
    "58:paraboliccharge",
    "62:meteorbeam",
    "68:steelbeam",
    "tm:agility",
    "tm:allyswitch",
    "tm:avalanche",
    "tm:blizzard",
    "tm:brine",
    "tm:confuseray",
    "tm:cosmicpower",
    "tm:dazzlinggleam",
    "tm:dive",
    "tm:dreameater",
    "tm:endure",
    "tm:expandingforce",
    "tm:facade",
    "tm:flash",
    "tm:flashcannon",
    "tm:flipturn",
    "tm:gigaimpact",
    "tm:grassknot",
    "tm:gravity",
    "tm:gyroball",
    "tm:hail",
    "tm:hyperbeam",
    "tm:icebeam",
    "tm:icywind",
    "tm:icespinner",
    "tm:lightscreen",
    "tm:magiccoat",
    "tm:meteorbeam",
    "tm:painsplit",
    "tm:powergem",
    "tm:protect",
    "tm:psybeam",
    "tm:psychic",
    "tm:psychocut",
    "tm:psychup",
    "tm:psyshock",
    "tm:raindance",
    "tm:recycle",
    "tm:reflect",
    "tm:rest",
    "tm:rollout",
    "tm:signalbeam",
    "tm:skillswap",
    "tm:sleeptalk",
    "tm:substitute",
    "tm:steelbeam",
    "tm:swift",
    "tm:telekinesis",
    "tm:terablast",
    "tm:thunder",
    "tm:thunderbolt",
    "tm:thunderwave",
    "tm:triattack",
    "tm:trick",
    "tm:trickroom",
    "tm:twister",
    "tm:waterpulse",
    "tm:wonderroom",
    "tm:ironhead",
    "tm:irondefense",
    "tm:smartstrike",
    "tm:metalsound",
    "tm:metalburst",
    "tm:magnetbomb",
    "tm:voltswitch",
    "tm:paraboliccharge",
    "tm:magnetrise",
    "tm:magneticflux",
    "tm:iondeluge",
    "tm:electroball",
    "tm:chargebeam",
    "tm:discharge",
    "tm:moonlight",
    "tm:moonblast",
    "tutor:allyswitch",
    "tutor:dazzlinggleam",
    "tutor:dive",
    "tutor:expandingforce",
    "tutor:flashcannon",
    "tutor:flipturn",
    "tutor:gigaimpact",
    "tutor:gravity",
    "tutor:hyperbeam",
    "tutor:icebeam",
    "tutor:icywind",
    "tutor:magiccoat",
    "tutor:meteorbeam",
    "tutor:painsplit",
    "tutor:psychic",
    "tutor:psychocut",
    "tutor:recycle",
    "tutor:rest",
    "tutor:rollout",
    "tutor:signalbeam",
    "tutor:skillswap",
    "tutor:sleeptalk",
    "tutor:swift",
    "tutor:telekinesis",
    "tutor:thunderbolt",
    "tutor:trick",
    "tutor:twister",
    "tutor:waterpulse",
    "tutor:wonderroom"
  ],
  "preEvolution": "norstar",
  "evolutions": []
}