{
  "implemented": true,
  "nationalPokedexNumber": 1048,
  "name": "Tanglare",
  "primaryType": "grass",
  "secondaryType": "dark",
  "maleRatio": 0.5,
  "height": 10,
  "weight": 350,
  "pokedex": [
    "cobblemon.species.tanglare.desc"
  ],
  "labels": [
    "gen1",
    "custom"
  ],
  "aspects": [],
  "abilities": [
    "levitate",
    "h:levitate"
  ],
  "eggGroups": [
    "grass"
  ],
  "baseStats": {
    "hp": 75,
    "attack": 95,
    "defence": 60,
    "special_attack": 120,
    "special_defence": 110,
    "speed": 75
  },
  "evYield": {
    "hp": 0,
    "attack": 0,
    "defence": 0,
    "special_attack": 2,
    "special_defence": 0,
    "speed": 0
  },
  "baseExperienceYield": 187,
  "experienceGroup": "medium_fast",
  "catchRate": 30,
  "eggCycles": 20,
  "baseFriendship": 50,
  "baseScale": 1.4,
  "hitbox": {
    "width": 0.8,
    "height": 1.2,
    "fixed": false
  },
  "drops": {
    "amount": 2,
    "entries": [
      {
        "item": "minecraft:spore_blossom"
      },
      {
        "item": "minecraft:glow_berries",
        "quantityRange": "0-3"
      },
      {
        "item": "cobblemon:galarica_nuts",
        "quantityRange": "0-3"
      },
      {
        "item": "cobblemon:tanga_berry",
        "percentage": 5.0
      },
      {
        "item": "cobblemon:big_root",
        "percentage": 5.0
      }
    ]
  },
      "moves": [
        "1:spore",
        "1:powder",
        "1:ragepowder",
        "1:faketears",
        "1:constrict",
        "1:astonish",
        "1:absorb",
        "1:payback",
        "1:bind",
        "1:stunspore",
        "1:growth",
        "1:flail",
        "1:megadrain",
        "1:vinewhip",
        "1:strugglebug",
        "1:snarl",
        "1:ancientpower",
        "1:knockoff",
        "1:gigadrain",
        "1:sleeppowder",
        "1:suckerpunch",
        "1:tickle",
        "36:energyball",
        "40:darkpulse",
        "42:petaldance",
        "44:powerwhip",
        "46:leafstorm",
        "48:ingrain",
        "50:falsesurrender",
        "52:grassyterrain",
        "54:nightdaze",
        "egg:confusion",
        "egg:endeavor",
        "egg:flail",
        "egg:leechseed",
        "egg:naturalgift",
        "egg:naturepower",
        "egg:ragepowder",
        "egg:wakeupslap",
        "egg:wringout",
        "tm:amnesia",
        "tm:ancientpower",
        "tm:bind",
        "tm:bodyslam",
        "tm:bulletseed",
        "tm:cut",
        "tm:darkpulse",
        "tm:endeavor",
        "tm:endure",
        "tm:energyball",
        "tm:facade",
        "tm:faketears",
        "tm:flail",
        "tm:flash",
        "tm:foulplay",
        "tm:gigadrain",
        "tm:gigaimpact",
        "tm:grassknot",
        "tm:grassyglide",
        "tm:grassyterrain",
        "tm:headbutt",
        "tm:hyperbeam",
        "tm:infestation",
        "tm:knockoff",
        "tm:lashout",
        "tm:leafstorm",
        "tm:nastyplot",
        "tm:naturalgift",
        "tm:naturepower",
        "tm:painsplit",
        "tm:payback",
        "tm:petaldance",
        "tm:powerswap",
        "tm:powerwhip",
        "tm:protect",
        "tm:psychup",
        "tm:reflect",
        "tm:rest",
        "tm:rocksmash",
        "tm:seedbomb",
        "tm:shadowball",
        "tm:shockwave",
        "tm:sleeptalk",
        "tm:sludgebomb",
        "tm:snarl",
        "tm:solarbeam",
        "tm:strugglebug",
        "tm:substitute",
        "tm:suckerpunch",
        "tm:sunnyday",
        "tm:swordsdance",
        "tm:synthesis",
        "tm:terablast",
        "tm:thief",
        "tm:worryseed",
        "tutor:ancientpower",
        "tutor:bind",
        "tutor:endeavor",
        "tutor:energyball",
        "tutor:gigadrain",
        "tutor:gigaimpact",
        "tutor:grassyglide",
        "tutor:hyperbeam",
        "tutor:knockoff",
        "tutor:painsplit",
        "tutor:rest",
        "tutor:rocksmash",
        "tutor:seedbomb",
        "tutor:shockwave",
        "tutor:sleeptalk",
        "tutor:sludgebomb",
        "tutor:synthesis",
        "tutor:worryseed"
      ],
  "evolutions": []
}