{
  "target": "cobblemon:carbink",
  "forms": [
    {
      "name": "Echo-Shard-Crystal",
      "primaryType": "rock",
      "secondaryType": "dark",
      "maleRatio": -1,
      "height": 3,
      "weight": 57,
      "pokedex": [
        "cobblemon.species.carbink-echo.desc"
      ],
      "labels": [
        "gen6",
        "custom"
      ],
      "aspects": [
        "echo"
      ],
      "abilities": [
        "soundproof",
        "sturdy",
        "h:magicbounce"
      ],
      "eggGroups": [
      "fairy",
      "mineral"
      ],
      "baseStats": {
        "hp": 42,
        "attack": 142,
        "defence": 42,
        "special_attack": 142,
        "special_defence": 42,
        "speed": 42
      },
      "evYield": {
        "hp": 0,
        "attack": 1,
        "defence": 0,
        "special_attack": 1,
        "special_defence": 0,
        "speed": 0
      },
      "baseScale": 0.75,
      "hitbox": {
        "width": 1,
        "height": 1.15,
        "fixed": false
      },
      "drops": {
        "amount": 2,
        "entries": [
          {
            "item": "minecraft:echo_shard",
            "percentage": 5.0
          },
          {
            "item": "cobblemon:dusk_stone",
            "percentage": 5.0
          },
          {
            "item": "cobblemon:chople_berry",
            "percentage": 5.0
          }
        ]
      },
      "moves": [
        "1:moonlight",
        "1:tackle",
        "1:powertrip",
        "1:payback",
        "1:harden",
        "1:rockthrow",
        "1:cosmicpower",
        "1:growth",
        "5:guardsplit",
        "5:shadowsneak",
        "10:smackdown",
        "15:assurance",
        "20:ancientpower",
        "20:mirrorshot",
        "25:rockpolish",
        "25:mirrorcoat",
        "30:lightscreen",
        "30:reflect",
        "35:rockslide",
        "40:lashout",
        "45:powergem",
        "50:stealthrock",
        "55:darkpulse",
        "60:stoneedge",
        "60:meteorbeam",
        "65:boomburst",
        "tm:afteryou",
        "tm:allyswitch",
        "tm:ancientpower",
        "tm:assurance",
        "tm:bodypress",
        "tm:bodyslam",
        "tm:calmmind",
        "tm:charm",
        "tm:cosmicpower",
        "tm:covet",
        "tm:darkpulse",
        "tm:dazzlinggleam",
        "tm:doubleedge",
        "tm:earthpower",
        "tm:endeavor",
        "tm:endure",
        "tm:explosion",
        "tm:facade",
        "tm:flash",
        "tm:flashcannon",
        "tm:foulplay",
        "tm:gigaimpact",
        "tm:gravity",
        "tm:guardswap",
        "tm:gyroball",
        "tm:hail",
        "tm:heavyslam",
        "tm:hyperbeam",
        "tm:irondefense",
        "tm:ironhead",
        "tm:knockoff",
        "tm:lashout",
        "tm:lightscreen",
        "tm:magiccoat",
        "tm:magnetrise",
        "tm:meteorbeam",
        "tm:mirrorcoat",
        "tm:mistyexplosion",
        "tm:mistyterrain",
        "tm:nastyplot",
        "tm:naturepower",
        "tm:payback",
        "tm:phantomforce",
        "tm:powergem",
        "tm:protect",
        "tm:psychic",
        "tm:psychup",
        "tm:raindance",
        "tm:reflect",
        "tm:rest",
        "tm:rockblast",
        "tm:rockpolish",
        "tm:rockslide",
        "tm:rocktomb",
        "tm:safeguard",
        "tm:sandstorm",
        "tm:sandtomb",
        "tm:shadowball",
        "tm:skillswap",
        "tm:sleeptalk",
        "tm:smackdown",
        "tm:snarl",
        "tm:spikes",
        "tm:stealthrock",
        "tm:stompingtantrum",
        "tm:stoneedge",
        "tm:substitute",
        "tm:sunnyday",
        "tm:takedown",
        "tm:taunt",
        "tm:telekinesis",
        "tm:terablast",
        "tm:terrainpulse",
        "tm:thief",
        "tm:throatchop",
        "tm:trickroom",
        "tm:wonderroom",
        "tm:zenheadbutt",
        "tutor:afteryou",
        "tutor:allyswitch",
        "tutor:ancientpower",
        "tutor:calmmind",
        "tutor:covet",
        "tutor:dazzlinggleam",
        "tutor:earthpower",
        "tutor:endeavor",
        "tutor:flashcannon",
        "tutor:gigaimpact",
        "tutor:gravity",
        "tutor:hyperbeam",
        "tutor:irondefense",
        "tutor:ironhead",
        "tutor:magiccoat",
        "tutor:magnetrise",
        "tutor:meteorbeam",
        "tutor:psychic",
        "tutor:rest",
        "tutor:rockslide",
        "tutor:skillswap",
        "tutor:sleeptalk",
        "tutor:spikes",
        "tutor:stealthrock",
        "tutor:stompingtantrum",
        "tutor:stoneedge",
        "tutor:telekinesis",
        "tutor:terrainpulse",
        "tutor:trick",
        "tutor:wonderroom",
        "tutor:zenheadbutt"
      ],
      "evolutions": [
        {
          "id": "carbink_echolyte",
          "variant": "level_up",
          "result": "echolyte",
          "consumeHeldItem": false,
          "learnableMoves": [
            "shellsmash"
          ],
          "requirements": [
            {
              "variant": "friendship",
              "amount": 160
            },
            {
              "variant": "time_range",
              "range": "night"
            }
          ]
        }
      ],
      "battleOnly": false
    }
  ]
}