{
  "target": "cobblemon:carbink",
  "forms": [
    {
      "name": "Amethyst-Crystal",
      "primaryType": "rock",
      "secondaryType": "psychic",
      "maleRatio": -1,
      "height": 3,
      "weight": 57,
      "pokedex": [
        "cobblemon.species.carbink-amethyst.desc"
      ],
      "labels": [
        "gen6",
        "custom"
      ],
      "aspects": [
        "amethyst"
      ],
      "abilities": [
        "clearbody",
        "sturdy",
        "h:friendguard"
      ],
      "eggGroups": [
      "fairy",
      "mineral"
      ],
      "baseStats": {
        "hp": 42,
        "attack": 42,
        "defence": 42,
        "special_attack": 142,
        "special_defence": 142,
        "speed": 42
      },
      "evYield": {
        "hp": 0,
        "attack": 0,
        "defence": 0,
        "special_attack": 1,
        "special_defence": 1,
        "speed": 0
      },
      "baseScale": 0.75,
      "hitbox": {
        "width": 1,
        "height": 1.15,
        "fixed": false
      },
      "drops": {
        "amount": 2,
        "entries": [
          {
            "item": "minecraft:amethyst_shard",
            "quantityRange": "1-2"
          },
          {
            "item": "cobblemon:eviolite",
            "percentage": 5.0
          },
          {
            "item": "cobblemon:kasib_berry",
            "percentage": 5.0
          }
        ]
      },
      "moves": [
        "1:tackle",
        "1:confusion",
        "1:harden",
        "1:rockthrow",
        "1:cosmicpower",
        "5:guardsplit",
        "10:smackdown",
        "15:psybeam",
        "20:ancientpower",
        "25:rockpolish",
        "30:reflect",
        "35:psyshock",
        "40:psychicterrain",
        "45:powergem",
        "50:stealthrock",
        "55:psychic",
        "60:meteorbeam",
        "tm:afteryou",
        "tm:allyswitch",
        "tm:ancientpower",
        "tm:bodypress",
        "tm:bodyslam",
        "tm:calmmind",
        "tm:charm",
        "tm:cosmicpower",
        "tm:covet",
        "tm:dazzlinggleam",
        "tm:doubleedge",
        "tm:dreameater",
        "tm:earthpower",
        "tm:endeavor",
        "tm:endure",
        "tm:explosion",
        "tm:facade",
        "tm:flash",
        "tm:flashcannon",
        "tm:futuresight",
        "tm:gigaimpact",
        "tm:gravity",
        "tm:guardswap",
        "tm:gyroball",
        "tm:hail",
        "tm:healpulse",
        "tm:heavyslam",
        "tm:hyperbeam",
        "tm:hypnosis",
        "tm:irondefense",
        "tm:ironhead",
        "tm:lightscreen",
        "tm:magiccoat",
        "tm:magnetrise",
        "tm:meteorbeam",
        "tm:naturepower",
        "tm:powergem",
        "tm:protect",
        "tm:psybeam",
        "tm:psychic",
        "tm:psychicterrain",
        "tm:psychup",
        "tm:psyshock",
        "tm:raindance",
        "tm:reflect",
        "tm:rest",
        "tm:rockblast",
        "tm:rockpolish",
        "tm:rockslide",
        "tm:rocktomb",
        "tm:safeguard",
        "tm:sandstorm",
        "tm:sandtomb",
        "tm:skillswap",
        "tm:sleeptalk",
        "tm:smackdown",
        "tm:spikes",
        "tm:stealthrock",
        "tm:stompingtantrum",
        "tm:stoneedge",
        "tm:storedpower",
        "tm:substitute",
        "tm:sunnyday",
        "tm:takedown",
        "tm:telekinesis",
        "tm:teleport",
        "tm:terablast",
        "tm:terrainpulse",
        "tm:trickroom",
        "tm:wonderroom",
        "tutor:afteryou",
        "tutor:allyswitch",
        "tutor:ancientpower",
        "tutor:calmmind",
        "tutor:covet",
        "tutor:dazzlinggleam",
        "tutor:earthpower",
        "tutor:endeavor",
        "tutor:flashcannon",
        "tutor:gigaimpact",
        "tutor:gravity",
        "tutor:hyperbeam",
        "tutor:irondefense",
        "tutor:ironhead",
        "tutor:magiccoat",
        "tutor:magnetrise",
        "tutor:meteorbeam",
        "tutor:psychic",
        "tutor:rest",
        "tutor:rockslide",
        "tutor:skillswap",
        "tutor:sleeptalk",
        "tutor:spikes",
        "tutor:stealthrock",
        "tutor:stompingtantrum",
        "tutor:stoneedge",
        "tutor:telekinesis",
        "tutor:terrainpulse",
        "tutor:trick",
        "tutor:wonderroom"
      ],
      "evolutions": [
        {
          "id": "carbink_clarissie",
          "variant": "level_up",
          "result": "clarissie",
          "consumeHeldItem": false,
          "learnableMoves": [
            "dazzlinggleam"
          ],
          "requirements": [
            {
              "variant": "friendship",
              "amount": 160
            }
          ]
        }
      ],
      "battleOnly": false
    }
  ]
}