{
  "target": "cobblemon:carbink",
  "forms": [
    {
      "name": "Emerald-Crystal",
      "primaryType": "rock",
      "secondaryType": "grass",
      "maleRatio": -1,
      "height": 3,
      "weight": 57,
      "pokedex": [
        "cobblemon.species.carbink-emerald.desc"
      ],
      "labels": [
        "gen6",
        "custom"
      ],
      "aspects": [
        "emerald"
      ],
      "abilities": [
        "clearbody",
        "sturdy",
        "h:hospitality"
      ],
      "eggGroups": [
      "fairy",
      "mineral"
      ],
      "baseStats": {
        "hp": 42,
        "attack": 142,
        "defence": 142,
        "special_attack": 42,
        "special_defence": 42,
        "speed": 42
      },
      "evYield": {
        "hp": 0,
        "attack": 1,
        "defence": 1,
        "special_attack": 0,
        "special_defence": 0,
        "speed": 0
      },
      "baseScale": 0.75,
      "hitbox": {
        "width": 1,
        "height": 1.15,
        "fixed": false
      },
      "drops": {
        "amount": 2,
        "entries": [
          {
            "item": "minecraft:emerald",
            "quantityRange": "0-2"
          },
          {
            "item": "cobblemon:bright_powder",
            "percentage": 5.0
          },
          {
            "item": "cobblemon:tanga_berry",
            "percentage": 5.0
          }
        ]
      },
      "moves": [
        "1:tackle",
        "1:leafage",
        "1:harden",
        "1:rockthrow",
        "1:sharpen",
        "1:leechseed",
        "1:rapidspin",
        "5:guardsplit",
        "10:smackdown",
        "15:razorleaf",
        "20:ancientpower",
        "25:rockpolish",
        "30:bulletseed",
        "35:rockslide",
        "40:synthesis",
        "45:powergem",
        "50:stealthrock",
        "55:seedbomb",
        "60:stoneedge",
        "tm:afteryou",
        "tm:allyswitch",
        "tm:ancientpower",
        "tm:bodypress",
        "tm:bodyslam",
        "tm:bulletseed",
        "tm:calmmind",
        "tm:charm",
        "tm:covet",
        "tm:dazzlinggleam",
        "tm:doubleedge",
        "tm:earthpower",
        "tm:earthquake",
        "tm:endeavor",
        "tm:endure",
        "tm:energyball",
        "tm:explosion",
        "tm:facade",
        "tm:flash",
        "tm:flashcannon",
        "tm:gigadrain",
        "tm:gigaimpact",
        "tm:grassyglide",
        "tm:grassyterrain",
        "tm:gravity",
        "tm:guardswap",
        "tm:gyroball",
        "tm:hail",
        "tm:heavyslam",
        "tm:hyperbeam",
        "tm:irondefense",
        "tm:ironhead",
        "tm:leafstorm",
        "tm:lightscreen",
        "tm:magiccoat",
        "tm:magnetrise",
        "tm:meteorbeam",
        "tm:naturepower",
        "tm:powergem",
        "tm:protect",
        "tm:psychic",
        "tm:psychup",
        "tm:raindance",
        "tm:reflect",
        "tm:rest",
        "tm:rockblast",
        "tm:rockpolish",
        "tm:rockslide",
        "tm:rocktomb",
        "tm:safeguard",
        "tm:sandstorm",
        "tm:sandtomb",
        "tm:seedbomb",
        "tm:skillswap",
        "tm:sleeptalk",
        "tm:smackdown",
        "tm:spikes",
        "tm:stealthrock",
        "tm:stompingtantrum",
        "tm:stoneedge",
        "tm:substitute",
        "tm:sunnyday",
        "tm:synthesis",
        "tm:takedown",
        "tm:telekinesis",
        "tm:terablast",
        "tm:terrainpulse",
        "tm:trailblaze",
        "tm:trickroom",
        "tm:wonderroom",
        "tutor:afteryou",
        "tutor:allyswitch",
        "tutor:ancientpower",
        "tutor:calmmind",
        "tutor:covet",
        "tutor:dazzlinggleam",
        "tutor:earthpower",
        "tutor:endeavor",
        "tutor:flashcannon",
        "tutor:gigaimpact",
        "tutor:gravity",
        "tutor:hyperbeam",
        "tutor:irondefense",
        "tutor:ironhead",
        "tutor:magiccoat",
        "tutor:magnetrise",
        "tutor:meteorbeam",
        "tutor:mistyexplosion",
        "tutor:psychic",
        "tutor:rest",
        "tutor:rockslide",
        "tutor:skillswap",
        "tutor:sleeptalk",
        "tutor:spikes",
        "tutor:stealthrock",
        "tutor:stompingtantrum",
        "tutor:stoneedge",
        "tutor:telekinesis",
        "tutor:terrainpulse",
        "tutor:trick",
        "tutor:wonderroom"
      ],
      "evolutions": [
        {
          "id": "carbink_beryllius",
          "variant": "level_up",
          "result": "beryllius",
          "consumeHeldItem": false,
          "learnableMoves": [
            "payday",
            "luckychant"
          ],
          "requirements": [
            {
              "variant": "friendship",
              "amount": 160
            }
          ]
        }
      ],
      "battleOnly": false
    }
  ]
}