{
  "target": "cobblemon:falinks",
  "forms": [
    {
      "name": "Last-Soldier",
      "primaryType": "fighting",
      "secondaryType": "ghost",
      "maleRatio": -1,
      "height": 30,
      "weight": 620,
      "pokedex": [
        "cobblemon.species.falinks-last-soldier.desc"
      ],
      "labels": [
        "gen8",
        "custom"
      ],
      "aspects": [
        "last_soldier"
      ],
      "abilities": [
        "longreach",
        "h:justified"
      ],
      "eggGroups": [
      "fairy",
      "mineral"
      ],
      "baseStats": {
        "hp": 75,
        "attack": 110,
        "defence": 60,
        "special_attack": 40,
        "special_defence": 100,
        "speed": 85
      },
      "evYield": {
        "hp": 0,
        "attack": 2,
        "defence": 1,
        "special_attack": 0,
        "special_defence": 0,
        "speed": 0
      },
      "baseScale": 1,
      "hitbox": {
        "width": 2,
        "height": 0.8,
        "fixed": false
      },
      "drops": {
        "amount": 2,
        "entries": [
          {
            "item": "minecraft:golden_helmet",
            "percentage": 5.0
          },
          {
            "item": "cobblemon:nanab_berry",
            "percentage": 5.0
          },
          {
            "item": "cobblemon:muscle_band",
            "percentage": 5.0
          }
        ]
      },
  "moves": [
    "1:destinybond",
    "1:tackle",
    "1:protect",
    "1:focusenergy",
    "1:finalgambit",
    "3:beatup",
    "6:rocksmash",
    "10:astonish",
    "13:smartstrike",
    "16:headbutt",
    "20:bulkup",
    "23:shadowsneak",
    "26:endure",
    "30:reversal",
    "33:throatchop",
    "36:firstimpression",
    "40:noretreat",
    "43:phantomforce",
    "46:irondefense",
    "50:closecombat",
    "53:lastresort",
    "56:megahorn",
    "60:comeuppance",
    "66:lastrespects",
    "tm:agility",
    "tm:assurance",
    "tm:beatup",
    "tm:bodypress",
    "tm:bodyslam",
    "tm:brickbreak",
    "tm:bulkup",
    "tm:closecombat",
    "tm:coaching",
    "tm:endeavor",
    "tm:endure",
    "tm:facade",
    "tm:falseswipe",
    "tm:focusblast",
    "tm:focusenergy",
    "tm:gigaimpact",
    "tm:headbutt",
    "tm:helpinghand",
    "tm:highhorsepower",
    "tm:hyperbeam",
    "tm:irondefense",
    "tm:ironhead",
    "tm:knockoff",
    "tm:lastresort",
    "tm:lunge",
    "tm:megahorn",
    "tm:payback",
    "tm:phantomforce",
    "tm:poisonjab",
    "tm:poltergeist",
    "tm:protect",
    "tm:psychup",
    "tm:raindance",
    "tm:rest",
    "tm:retaliate",
    "tm:revenge",
    "tm:reversal",
    "tm:rockslide",
    "tm:rocksmash",
    "tm:rocktomb",
    "tm:screech",
    "tm:sleeptalk",
    "tm:smartstrike",
    "tm:substitute",
    "tm:sunnyday",
    "tm:superpower",
    "tm:swordsdance",
    "tm:takedown",
    "tm:terablast",
    "tm:throatchop",
    "tm:trailblaze",
    "tm:upperhand",
    "tm:uproar",
    "tm:zenheadbutt",
    "tutor:bulkup",
    "tutor:coaching",
    "tutor:endeavor",
    "tutor:falseswipe",
    "tutor:focusenergy",
    "tutor:gigaimpact",
    "tutor:helpinghand",
    "tutor:highhorsepower",
    "tutor:hyperbeam",
    "tutor:irondefense",
    "tutor:ironhead",
    "tutor:knockoff",
    "tutor:megahorn",
    "tutor:poisonjab",
    "tutor:rest",
    "tutor:rockslide",
    "tutor:rocksmash",
    "tutor:sleeptalk",
    "tutor:superpower",
    "tutor:throatchop",
    "tutor:uproar",
    "tutor:zenheadbutt"
  ],
      "evolutions": [],
      "battleOnly": false
    },
    {
      "name": "Gunslinger",
      "primaryType": "fighting",
      "secondaryType": "steel",
      "maleRatio": -1,
      "height": 60,
      "weight": 517,
      "pokedex": [
        "cobblemon.species.falinks-gunslinger.desc"
      ],
      "labels": [
        "gen8",
        "custom"
      ],
      "aspects": [
        "gunslinger"
      ],
      "abilities": [
        "skilllink",
        "h:bulletproof"
      ],
      "eggGroups": [
      "fairy",
      "mineral"
      ],
      "baseStats": {
        "hp": 70,
        "attack": 90,
        "defence": 100,
        "special_attack": 90,
        "special_defence": 60,
        "speed": 60
      },
      "evYield": {
        "hp": 0,
        "attack": 1,
        "defence": 2,
        "special_attack": 0,
        "special_defence": 0,
        "speed": 0
      },
      "baseScale": 1,
      "hitbox": {
        "width": 0.8,
        "height": 3.6,
        "fixed": false
      },
      "behaviour": {
        "moving": {
          "canLook": true,
          "walk": {
            "walkSpeed": 0.25
          }
        }
      },
      "drops": {
        "amount": 2,
        "entries": [
          {
            "item": "minecraft:iron_helmet",
            "percentage": 5.0
          },
          {
            "item": "cobblemon:nanab_berry",
            "percentage": 5.0
          },
          {
            "item": "cobblemon:metal_coat",
            "percentage": 5.0
          }
        ]
      },
      "moves": [
        "1:barrage",
        "1:workup",
        "1:tackle",
        "1:protect",
        "1:focusenergy",
        "1:gearup",
        "5:rocksmash",
        "10:bulletseed",
        "15:magnetbomb",
        "17:spikecannon",
        "20:bulkup",
        "25:endure",
        "27:flashcannon",
        "30:reversal",
        "33:rockblast",
        "35:pinmissile",
        "37:ironhead",
        "40:noretreat",
        "43:aurasphere",
        "45:irondefense",
        "47:defendorder",
        "50:superpower",
        "53:focusblast",
        "55:lockon",
        "55:zapcannon",
        "60:metalburst",
        "tm:agility",
        "tm:aurasphere",
        "tm:assurance",
        "tm:beatup",
        "tm:bodypress",
        "tm:bodyslam",
        "tm:brickbreak",
        "tm:bulkup",
        "tm:bulletseed",
        "tm:calmmind",
        "tm:coaching",
        "tm:darkpulse",
        "tm:endeavor",
        "tm:endure",
        "tm:energyball",
        "tm:facade",
        "tm:fireblast",
        "tm:flamethrower",
        "tm:focusblast",
        "tm:focusenergy",
        "tm:gigaimpact",
        "tm:gunkshot",
        "tm:headbutt",
        "tm:helpinghand",
        "tm:highhorsepower",
        "tm:hyperbeam",
        "tm:iciclespear",
        "tm:irondefense",
        "tm:ironhead",
        "tm:knockoff",
        "tm:lunge",
        "tm:mudbomb",
        "tm:payback",
        "tm:pinmissile",
        "tm:protect",
        "tm:psychup",
        "tm:raindance",
        "tm:rest",
        "tm:retaliate",
        "tm:revenge",
        "tm:reversal",
        "tm:rockblast",
        "tm:rockslide",
        "tm:rocksmash",
        "tm:rocktomb",
        "tm:screech",
        "tm:seedbomb",
        "tm:shadowball",
        "tm:sleeptalk",
        "tm:sludgebomb",
        "tm:steelbeam",
        "tm:substitute",
        "tm:sunnyday",
        "tm:superpower",
        "tm:swordsdance",
        "tm:takedown",
        "tm:terablast",
        "tm:trailblaze",
        "tm:upperhand",
        "tm:uproar",
        "tm:workup",
        "tm:zapcannon",
        "tm:zenheadbutt",
        "tutor:bulkup",
        "tutor:coaching",
        "tutor:endeavor",
        "tutor:focusenergy",
        "tutor:gigaimpact",
        "tutor:helpinghand",
        "tutor:highhorsepower",
        "tutor:hyperbeam",
        "tutor:irondefense",
        "tutor:ironhead",
        "tutor:knockoff",
        "tutor:rest",
        "tutor:rockslide",
        "tutor:rocksmash",
        "tutor:sleeptalk",
        "tutor:superpower",
        "tutor:uproar",
        "tutor:zapcannon",
        "tutor:zenheadbutt"
      ],
      "evolutions": [],
      "battleOnly": false
    }
  ]
}