{
  "target": "cobblemon:gardevoir",
  "forms": [
    {
      "name": "Mega Goth",
      "primaryType": "dark",
      "secondaryType": "fairy",
      "maleRatio": 0.5,
      "height": 16,
      "weight": 484,
      "pokedex": [
        "cobblemon.species.gardevoir-mega_goth.desc"
      ],
      "labels": [
        "gen6",
        "mega",
        "custom"
      ],
      "aspects": [
        "mega",
        "goth"
      ],
      "abilities": [
        "triage",
        "h:triage"
      ],
      "eggGroups": [
        "amorphous",
        "human_like"
      ],
      "baseStats": {
        "hp": 68,
        "attack": 65,
        "defence": 85,
        "special_attack": 165,
        "special_defence": 135,
        "speed": 100
      },
      "baseExperienceYield": 309,
      "dynamaxBlocked": true,
      "evolutions": [],
      "battleOnly": true
    },
    {
      "name": "Goth",
      "primaryType": "dark",
      "secondaryType": "fairy",
      "maleRatio": 0.5,
      "height": 16,
      "weight": 484,
      "pokedex": [
        "cobblemon.species.gardevoir_goth.desc"
      ],
      "labels": [
        "gen3",
        "custom"
      ],
      "aspects": [
        "goth"
      ],
      "abilities": [
        "insomnia",
        "clearbody",
        "h:triage"
      ],
      "eggGroups": [
      "human_like",
      "amorphous"
      ],
      "baseStats": {
        "hp": 68,
        "attack": 65,
        "defence": 65,
        "special_attack": 125,
        "special_defence": 115,
        "speed": 80
      },
      "evYield": {
        "hp": 0,
        "attack": 0,
        "defence": 0,
        "special_attack": 3,
        "special_defence": 0,
        "speed": 0
      },
      "baseScale": 0.9,
      "hitbox": {
        "width": 0.6,
        "height": 2.2,
        "fixed": false
      },
      "drops": {
        "amount": 2,
        "entries": [
          {
            "item": "minecraft:ghast_tear",
            "quantityRange": "0-3"
          },
          {
            "item": "cobblemon:dusk_stone",
            "percentage": 10.0
          },
          {
            "item": "cobblemon:babiri_berry",
            "percentage": 10.0
          },
          {
            "item": "cobblemon:fairy_feather",
            "percentage": 10.0
          }
        ]
      },
      "moves": [
    "1:healingwish",
    "1:growl",
    "1:powertrip",
    "1:doubleteam",
    "1:healpulse",
    "1:mistyterrain",
    "1:disarmingvoice",
    "1:dazzlinggleam",
    "1:captivate",
    "1:mysticalfire",
    "1:charm",
    "1:luckychant",
    "9:hypnosis",
    "12:drainingkiss",
    "15:torment",
    "18:bite",
    "23:lifedew",
    "28:wish",
    "35:calmmind",
    "37:leechlife",
    "42:darkpulse",
    "49:moonblast",
    "56:dreameater",
    "63:gigadrain",
    "egg:confuseray",
    "egg:destinybond",
    "egg:disable",
    "egg:grudge",
    "egg:knockoff",
    "egg:meanlook",
    "egg:memento",
    "egg:mysticalfire",
    "egg:shadowsneak",
    "egg:synchronoise",
    "egg:suckerpunch",
    "tm:alluringvoice",
    "tm:allyswitch",
    "tm:aurasphere",
    "tm:bodyslam",
    "tm:calmmind",
    "tm:captivate",
    "tm:chargebeam",
    "tm:charm",
    "tm:confuseray",
    "tm:dazzlinggleam",
    "tm:disarmingvoice",
    "tm:doubleteam",
    "tm:drainingkiss",
    "tm:dreameater",
    "tm:echoedvoice",
    "tm:encore",
    "tm:endure",
    "tm:energyball",
    "tm:expandingforce",
    "tm:facade",
    "tm:firepunch",
    "tm:flash",
    "tm:fling",
    "tm:focusblast",
    "tm:futuresight",
    "tm:gigaimpact",
    "tm:grassknot",
    "tm:gravity",
    "tm:guardswap",
    "tm:headbutt",
    "tm:healbell",
    "tm:helpinghand",
    "tm:hyperbeam",
    "tm:hypervoice",
    "tm:icepunch",
    "tm:icywind",
    "tm:imprison",
    "tm:knockoff",
    "tm:laserfocus",
    "tm:lightscreen",
    "tm:magicalleaf",
    "tm:magiccoat",
    "tm:magicroom",
    "tm:megakick",
    "tm:megapunch",
    "tm:metronome",
    "tm:mistyexplosion",
    "tm:mistyterrain",
    "tm:mysticalfire",
    "tm:nightshade",
    "tm:painsplit",
    "tm:powerswap",
    "tm:protect",
    "tm:psybeam",
    "tm:psychic",
    "tm:psychicnoise",
    "tm:psychicterrain",
    "tm:psychup",
    "tm:psyshock",
    "tm:raindance",
    "tm:recycle",
    "tm:reflect",
    "tm:rest",
    "tm:safeguard",
    "tm:shadowball",
    "tm:shockwave",
    "tm:signalbeam",
    "tm:skillswap",
    "tm:sleeptalk",
    "tm:snatch",
    "tm:storedpower",
    "tm:substitute",
    "tm:sunnyday",
    "tm:swift",
    "tm:taunt",
    "tm:telekinesis",
    "tm:terablast",
    "tm:thief",
    "tm:thunderbolt",
    "tm:thunderpunch",
    "tm:thunderwave",
    "tm:torment",
    "tm:trick",
    "tm:trickroom",
    "tm:tripleaxel",
    "tm:vacuumwave",
    "tm:willowisp",
    "tm:wonderroom",
    "tm:zenheadbutt",
    "tutor:allyswitch",
    "tutor:calmmind",
    "tutor:chargebeam",
    "tutor:dazzlinggleam",
    "tutor:energyball",
    "tutor:expandingforce",
    "tutor:firepunch",
    "tutor:gigaimpact",
    "tutor:gravity",
    "tutor:healbell",
    "tutor:helpinghand",
    "tutor:hyperbeam",
    "tutor:hypervoice",
    "tutor:icepunch",
    "tutor:icywind",
    "tutor:knockoff",
    "tutor:laserfocus",
    "tutor:magicalleaf",
    "tutor:magiccoat",
    "tutor:magicroom",
    "tutor:mistyexplosion",
    "tutor:mysticalfire",
    "tutor:painsplit",
    "tutor:psychic",
    "tutor:recycle",
    "tutor:rest",
    "tutor:shadowball",
    "tutor:shockwave",
    "tutor:signalbeam",
    "tutor:skillswap",
    "tutor:sleeptalk",
    "tutor:snatch",
    "tutor:swift",
    "tutor:telekinesis",
    "tutor:thunderbolt",
    "tutor:thunderpunch",
    "tutor:trick",
    "tutor:tripleaxel",
    "tutor:vacuumwave",
    "tutor:wonderroom",
    "tutor:zenheadbutt"
      ],
      "preEvolution": "kirlia aspect=goth",
      "evolutions": [],
      "battleOnly": false
    }
  ]
}