{
  "target": "cobblemon:golurk",
  "forms": [
    {
      "name": "Copper",
      "primaryType": "steel",
      "secondaryType": "electric",
      "maleRatio": -1,
      "height": 28,
      "weight": 3300,
      "pokedex": [
        "cobblemon.species.golurk-copper.desc"
      ],
      "labels": [
        "gen5",
        "custom"
      ],
      "aspects": [
        "copper"
      ],
      "abilities": [
        "lightningrod",
        "motordrive",
        "h:technician"
      ],
      "eggGroups": [
      "mineral"
      ],
      "baseStats": {
        "hp": 69,
        "attack": 45,
        "defence": 80,
        "special_attack": 124,
        "special_defence": 80,
        "speed": 85
      },
      "evYield": {
        "hp": 0,
        "attack": 0,
        "defence": 0,
        "special_attack": 2,
        "special_defence": 0,
        "speed": 0
      },
      "baseScale": 1.5,
      "hitbox": {
        "width": 1.4,
        "height": 3.5,
        "fixed": false
      },
      "behaviour": {
        "moving": {
          "walk": {
            "walkSpeed": 0.4
          },
          "swim": {
            "avoidsWater": true,
            "canSwimInWater": false
          }
        },
        "resting": {
          "canSleep": true,
          "light": "0-4"
        }
      },
      "drops": {
        "amount": 2,
        "entries": [
          {
            "item": "minecraft:copper_ingot",
            "quantityRange": "0-4"
          },
          {
            "item": "cobblemon:electirizer",
            "percentage": 5.0
          },
          {
            "item": "cobblemon:eject_button",
            "percentage": 10.0
          },
          {
            "item": "cobblemon:shuca_berry",
            "percentage": 5.0
          }
        ]
      },
      "moves": [
        "1:magnetrise",
        "1:thundershock",
        "1:bulletpunch",
        "4:defensecurl",
        "8:pound",
        "12:thunderpunch",
        "16:charge",
        "20:chargebeam",
        "20:spark",
        "24:mirrorshot",
        "28:irondefense",
        "32:megapunch",
        "36:discharge",
        "40:heavyslam",
        "44:flashcannon",
        "48:hammerarm",
        "52:thunderbolt",
        "56:meteormash",
        "60:thunder",
        "64:supercellslam",
        "68:steelbeam",
        "tm:allyswitch",
        "tm:block",
        "tm:bodypress",
        "tm:bodyslam",
        "tm:brickbreak",
        "tm:bulldoze",
        "tm:chargebeam",
        "tm:closecombat",
        "tm:curse",
        "tm:darkestlariat",
        "tm:discharge",
        "tm:doubleedge",
        "tm:drainpunch",
        "tm:earthquake",
        "tm:electroball",
        "tm:electricterrain",
        "tm:endure",
        "tm:facade",
        "tm:firepunch",
        "tm:flash",
        "tm:flashcannon",
        "tm:fling",
        "tm:focusblast",
        "tm:focuspunch",
        "tm:gigaimpact",
        "tm:grassknot",
        "tm:gravity",
        "tm:gyroball",
        "tm:hardpress",
        "tm:heatcrash",
        "tm:heavyslam",
        "tm:helpinghand",
        "tm:highhorsepower",
        "tm:hyperbeam",
        "tm:icebeam",
        "tm:icepunch",
        "tm:icywind",
        "tm:imprison",
        "tm:irondefense",
        "tm:knockoff",
        "tm:ironhead",
        "tm:knockoff",
        "tm:lowkick",
        "tm:lowsweep",
        "tm:magiccoat",
        "tm:megakick",
        "tm:megapunch",
        "tm:metalburst",
        "tm:metalsound",
        "tm:mudslap",
        "tm:poweruppunch",
        "tm:protect",
        "tm:psychic",
        "tm:psychup",
        "tm:raindance",
        "tm:reflect",
        "tm:rest",
        "tm:rockpolish",
        "tm:rockslide",
        "tm:rocksmash",
        "tm:rocktomb",
        "tm:rollout",
        "tm:safeguard",
        "tm:sandstorm",
        "tm:selfdestruct",
        "tm:shadowball",
        "tm:shockwave",
        "tm:signalbeam",
        "tm:sleeptalk",
        "tm:smackdown",
        "tm:stealthrock",
        "tm:steelbeam",
        "tm:stompingtantrum",
        "tm:stoneedge",
        "tm:strength",
        "tm:substitute",
        "tm:sunnyday",
        "tm:supercellslam",
        "tm:superpower",
        "tm:takedown",
        "tm:telekinesis",
        "tm:terablast",
        "tm:thief",
        "tm:thunder",
        "tm:thunderbolt",
        "tm:thunderpunch",
        "tm:wildcharge",
        "tm:zenheadbutt",
        "tutor:allyswitch",
        "tutor:block",
        "tutor:bulldoze",
        "tutor:chargebeam",
        "tutor:drainpunch",
        "tutor:firepunch",
        "tutor:flashcannon",
        "tutor:focuspunch",
        "tutor:gigaimpact",
        "tutor:gravity",
        "tutor:helpinghand",
        "tutor:highhorsepower",
        "tutor:hyperbeam",
        "tutor:icebeam",
        "tutor:icepunch",
        "tutor:icywind",
        "tutor:irondefense",
        "tutor:knockoff",
        "tutor:lowkick",
        "tutor:magiccoat",
        "tutor:psychic",
        "tutor:rest",
        "tutor:rockslide",
        "tutor:rocksmash",
        "tutor:rollout",
        "tutor:shadowball",
        "tutor:shockwave",
        "tutor:signalbeam",
        "tutor:sleeptalk",
        "tutor:stealthrock",
        "tutor:steelroller",
        "tutor:stompingtantrum",
        "tutor:superpower",
        "tutor:telekinesis",
        "tutor:thunderbolt",
        "tutor:thunderpunch",
        "tutor:zenheadbutt"
      ],
      "preEvolution": "golett aspect=copper",
      "evolutions": [],
      "battleOnly": false
    },
    {
      "name": "Exposed-Copper",
      "primaryType": "steel",
      "secondaryType": "electric",
      "maleRatio": -1,
      "height": 28,
      "weight": 3300,
      "pokedex": [
        "cobblemon.species.golurk-copper.desc"
      ],
      "labels": [
        "gen5",
        "custom"
      ],
      "aspects": [
        "exposed_copper"
      ],
      "abilities": [
        "lightningrod",
        "motordrive",
        "h:technician"
      ],
      "eggGroups": [
      "mineral"
      ],
      "baseStats": {
        "hp": 79,
        "attack": 65,
        "defence": 80,
        "special_attack": 104,
        "special_defence": 80,
        "speed": 75
      },
      "evYield": {
        "hp": 0,
        "attack": 0,
        "defence": 0,
        "special_attack": 2,
        "special_defence": 0,
        "speed": 0
      },
      "baseScale": 1.5,
      "hitbox": {
        "width": 1.4,
        "height": 3.5,
        "fixed": false
      },
      "behaviour": {
        "moving": {
          "walk": {
            "walkSpeed": 0.3
          },
          "swim": {
            "avoidsWater": true,
            "canSwimInWater": false
          }
        },
        "resting": {
          "canSleep": true,
          "light": "0-4"
        }
      },
      "drops": {
        "amount": 2,
        "entries": [
          {
            "item": "minecraft:copper_ingot",
            "quantityRange": "0-4"
          },
          {
            "item": "cobblemon:electirizer",
            "percentage": 5.0
          },
          {
            "item": "cobblemon:eject_button",
            "percentage": 10.0
          },
          {
            "item": "cobblemon:shuca_berry",
            "percentage": 5.0
          }
        ]
      },
      "moves": [
        "1:magnetrise",
        "1:thundershock",
        "1:bulletpunch",
        "4:defensecurl",
        "8:pound",
        "12:thunderpunch",
        "16:charge",
        "20:chargebeam",
        "20:spark",
        "24:mirrorshot",
        "28:irondefense",
        "32:megapunch",
        "36:discharge",
        "40:heavyslam",
        "44:flashcannon",
        "48:hammerarm",
        "52:thunderbolt",
        "56:meteormash",
        "60:thunder",
        "64:supercellslam",
        "68:steelbeam",
        "tm:allyswitch",
        "tm:block",
        "tm:bodypress",
        "tm:bodyslam",
        "tm:brickbreak",
        "tm:bulldoze",
        "tm:chargebeam",
        "tm:closecombat",
        "tm:curse",
        "tm:darkestlariat",
        "tm:discharge",
        "tm:doubleedge",
        "tm:drainpunch",
        "tm:earthquake",
        "tm:electroball",
        "tm:electricterrain",
        "tm:endure",
        "tm:facade",
        "tm:firepunch",
        "tm:flash",
        "tm:flashcannon",
        "tm:fling",
        "tm:focusblast",
        "tm:focuspunch",
        "tm:gigaimpact",
        "tm:grassknot",
        "tm:gravity",
        "tm:gyroball",
        "tm:hardpress",
        "tm:heatcrash",
        "tm:heavyslam",
        "tm:helpinghand",
        "tm:highhorsepower",
        "tm:hyperbeam",
        "tm:icebeam",
        "tm:icepunch",
        "tm:icywind",
        "tm:imprison",
        "tm:irondefense",
        "tm:knockoff",
        "tm:ironhead",
        "tm:knockoff",
        "tm:lowkick",
        "tm:lowsweep",
        "tm:magiccoat",
        "tm:megakick",
        "tm:megapunch",
        "tm:metalburst",
        "tm:metalsound",
        "tm:mudslap",
        "tm:poweruppunch",
        "tm:protect",
        "tm:psychic",
        "tm:psychup",
        "tm:raindance",
        "tm:reflect",
        "tm:rest",
        "tm:rockpolish",
        "tm:rockslide",
        "tm:rocksmash",
        "tm:rocktomb",
        "tm:rollout",
        "tm:safeguard",
        "tm:sandstorm",
        "tm:selfdestruct",
        "tm:shadowball",
        "tm:shockwave",
        "tm:signalbeam",
        "tm:sleeptalk",
        "tm:smackdown",
        "tm:stealthrock",
        "tm:steelbeam",
        "tm:stompingtantrum",
        "tm:stoneedge",
        "tm:strength",
        "tm:substitute",
        "tm:sunnyday",
        "tm:supercellslam",
        "tm:superpower",
        "tm:takedown",
        "tm:telekinesis",
        "tm:terablast",
        "tm:thief",
        "tm:thunder",
        "tm:thunderbolt",
        "tm:thunderpunch",
        "tm:wildcharge",
        "tm:zenheadbutt",
        "tutor:allyswitch",
        "tutor:block",
        "tutor:bulldoze",
        "tutor:chargebeam",
        "tutor:drainpunch",
        "tutor:firepunch",
        "tutor:flashcannon",
        "tutor:focuspunch",
        "tutor:gigaimpact",
        "tutor:gravity",
        "tutor:helpinghand",
        "tutor:highhorsepower",
        "tutor:hyperbeam",
        "tutor:icebeam",
        "tutor:icepunch",
        "tutor:icywind",
        "tutor:irondefense",
        "tutor:knockoff",
        "tutor:lowkick",
        "tutor:magiccoat",
        "tutor:psychic",
        "tutor:rest",
        "tutor:rockslide",
        "tutor:rocksmash",
        "tutor:rollout",
        "tutor:shadowball",
        "tutor:shockwave",
        "tutor:signalbeam",
        "tutor:sleeptalk",
        "tutor:stealthrock",
        "tutor:steelroller",
        "tutor:stompingtantrum",
        "tutor:superpower",
        "tutor:telekinesis",
        "tutor:thunderbolt",
        "tutor:thunderpunch",
        "tutor:zenheadbutt"
      ],
      "preEvolution": "golett aspect=exposed_copper",
      "evolutions": [],
      "battleOnly": false
    },
    {
      "name": "Weathered-Copper",
      "primaryType": "steel",
      "secondaryType": "electric",
      "maleRatio": -1,
      "height": 28,
      "weight": 3300,
      "pokedex": [
        "cobblemon.species.golurk-copper.desc"
      ],
      "labels": [
        "gen5",
        "custom"
      ],
      "aspects": [
        "weathered_copper"
      ],
      "abilities": [
        "lightningrod",
        "motordrive",
        "h:technician"
      ],
      "eggGroups": [
      "mineral"
      ],
      "baseStats": {
        "hp": 94,
        "attack": 95,
        "defence": 80,
        "special_attack": 74,
        "special_defence": 80,
        "speed": 60
      },
      "evYield": {
        "hp": 0,
        "attack": 0,
        "defence": 0,
        "special_attack": 2,
        "special_defence": 0,
        "speed": 0
      },
      "baseScale": 1.5,
      "hitbox": {
        "width": 1.4,
        "height": 3.5,
        "fixed": false
      },
      "behaviour": {
        "moving": {
          "walk": {
            "walkSpeed": 0.2
          },
          "swim": {
            "avoidsWater": true,
            "canSwimInWater": false
          }
        },
        "resting": {
          "canSleep": true,
          "light": "0-4"
        }
      },
      "drops": {
        "amount": 2,
        "entries": [
          {
            "item": "minecraft:copper_ingot",
            "quantityRange": "0-4"
          },
          {
            "item": "cobblemon:electirizer",
            "percentage": 5.0
          },
          {
            "item": "cobblemon:eject_button",
            "percentage": 10.0
          },
          {
            "item": "cobblemon:shuca_berry",
            "percentage": 5.0
          }
        ]
      },
      "moves": [
        "1:magnetrise",
        "1:thundershock",
        "1:bulletpunch",
        "4:defensecurl",
        "8:pound",
        "12:thunderpunch",
        "16:charge",
        "20:chargebeam",
        "20:spark",
        "24:mirrorshot",
        "28:irondefense",
        "32:megapunch",
        "36:discharge",
        "40:heavyslam",
        "44:flashcannon",
        "48:hammerarm",
        "52:thunderbolt",
        "56:meteormash",
        "60:thunder",
        "64:supercellslam",
        "68:steelbeam",
        "tm:allyswitch",
        "tm:block",
        "tm:bodypress",
        "tm:bodyslam",
        "tm:brickbreak",
        "tm:bulldoze",
        "tm:chargebeam",
        "tm:closecombat",
        "tm:curse",
        "tm:darkestlariat",
        "tm:discharge",
        "tm:doubleedge",
        "tm:drainpunch",
        "tm:earthquake",
        "tm:electroball",
        "tm:electricterrain",
        "tm:endure",
        "tm:facade",
        "tm:firepunch",
        "tm:flash",
        "tm:flashcannon",
        "tm:fling",
        "tm:focusblast",
        "tm:focuspunch",
        "tm:gigaimpact",
        "tm:grassknot",
        "tm:gravity",
        "tm:gyroball",
        "tm:hardpress",
        "tm:heatcrash",
        "tm:heavyslam",
        "tm:helpinghand",
        "tm:highhorsepower",
        "tm:hyperbeam",
        "tm:icebeam",
        "tm:icepunch",
        "tm:icywind",
        "tm:imprison",
        "tm:irondefense",
        "tm:knockoff",
        "tm:ironhead",
        "tm:knockoff",
        "tm:lowkick",
        "tm:lowsweep",
        "tm:magiccoat",
        "tm:megakick",
        "tm:megapunch",
        "tm:metalburst",
        "tm:metalsound",
        "tm:mudslap",
        "tm:poweruppunch",
        "tm:protect",
        "tm:psychic",
        "tm:psychup",
        "tm:raindance",
        "tm:reflect",
        "tm:rest",
        "tm:rockpolish",
        "tm:rockslide",
        "tm:rocksmash",
        "tm:rocktomb",
        "tm:rollout",
        "tm:safeguard",
        "tm:sandstorm",
        "tm:selfdestruct",
        "tm:shadowball",
        "tm:shockwave",
        "tm:signalbeam",
        "tm:sleeptalk",
        "tm:smackdown",
        "tm:stealthrock",
        "tm:steelbeam",
        "tm:stompingtantrum",
        "tm:stoneedge",
        "tm:strength",
        "tm:substitute",
        "tm:sunnyday",
        "tm:supercellslam",
        "tm:superpower",
        "tm:takedown",
        "tm:telekinesis",
        "tm:terablast",
        "tm:thief",
        "tm:thunder",
        "tm:thunderbolt",
        "tm:thunderpunch",
        "tm:wildcharge",
        "tm:zenheadbutt",
        "tutor:allyswitch",
        "tutor:block",
        "tutor:bulldoze",
        "tutor:chargebeam",
        "tutor:drainpunch",
        "tutor:firepunch",
        "tutor:flashcannon",
        "tutor:focuspunch",
        "tutor:gigaimpact",
        "tutor:gravity",
        "tutor:helpinghand",
        "tutor:highhorsepower",
        "tutor:hyperbeam",
        "tutor:icebeam",
        "tutor:icepunch",
        "tutor:icywind",
        "tutor:irondefense",
        "tutor:knockoff",
        "tutor:lowkick",
        "tutor:magiccoat",
        "tutor:psychic",
        "tutor:rest",
        "tutor:rockslide",
        "tutor:rocksmash",
        "tutor:rollout",
        "tutor:shadowball",
        "tutor:shockwave",
        "tutor:signalbeam",
        "tutor:sleeptalk",
        "tutor:stealthrock",
        "tutor:steelroller",
        "tutor:stompingtantrum",
        "tutor:superpower",
        "tutor:telekinesis",
        "tutor:thunderbolt",
        "tutor:thunderpunch",
        "tutor:zenheadbutt"
      ],
      "preEvolution": "golett aspect=weathered_copper",
      "evolutions": [],
      "battleOnly": false
    },
    {
      "name": "Oxidized-Copper",
      "primaryType": "steel",
      "secondaryType": "electric",
      "maleRatio": -1,
      "height": 28,
      "weight": 3300,
      "pokedex": [
        "cobblemon.species.golurk-copper.desc"
      ],
      "labels": [
        "gen5",
        "custom"
      ],
      "aspects": [
        "oxidized_copper"
      ],
      "abilities": [
        "lightningrod",
        "motordrive",
        "h:technician"
      ],
      "eggGroups": [
      "mineral"
      ],
      "baseStats": {
        "hp": 109,
        "attack": 125,
        "defence": 80,
        "special_attack": 44,
        "special_defence": 80,
        "speed": 45
      },
      "evYield": {
        "hp": 0,
        "attack": 2,
        "defence": 0,
        "special_attack": 0,
        "special_defence": 0,
        "speed": 0
      },
      "baseScale": 1.5,
      "hitbox": {
        "width": 1.4,
        "height": 3.5,
        "fixed": false
      },
      "behaviour": {
        "moving": {
          "walk": {
            "walkSpeed": 0.1
          },
          "swim": {
            "avoidsWater": true,
            "canSwimInWater": false
          }
        },
        "resting": {
          "canSleep": true,
          "light": "0-4"
        }
      },
      "drops": {
        "amount": 2,
        "entries": [
          {
            "item": "minecraft:copper_ingot",
            "quantityRange": "0-4"
          },
          {
            "item": "cobblemon:electirizer",
            "percentage": 5.0
          },
          {
            "item": "cobblemon:eject_button",
            "percentage": 10.0
          },
          {
            "item": "cobblemon:shuca_berry",
            "percentage": 5.0
          }
        ]
      },
      "moves": [
        "1:magnetrise",
        "1:thundershock",
        "1:bulletpunch",
        "4:defensecurl",
        "8:pound",
        "12:thunderpunch",
        "16:charge",
        "20:chargebeam",
        "20:spark",
        "24:mirrorshot",
        "28:irondefense",
        "32:megapunch",
        "36:discharge",
        "40:heavyslam",
        "44:flashcannon",
        "48:hammerarm",
        "52:thunderbolt",
        "56:meteormash",
        "60:thunder",
        "64:supercellslam",
        "68:steelbeam",
        "tm:allyswitch",
        "tm:block",
        "tm:bodypress",
        "tm:bodyslam",
        "tm:brickbreak",
        "tm:bulldoze",
        "tm:chargebeam",
        "tm:closecombat",
        "tm:curse",
        "tm:darkestlariat",
        "tm:discharge",
        "tm:doubleedge",
        "tm:drainpunch",
        "tm:earthquake",
        "tm:electroball",
        "tm:electricterrain",
        "tm:endure",
        "tm:facade",
        "tm:firepunch",
        "tm:flash",
        "tm:flashcannon",
        "tm:fling",
        "tm:focusblast",
        "tm:focuspunch",
        "tm:gigaimpact",
        "tm:grassknot",
        "tm:gravity",
        "tm:gyroball",
        "tm:hardpress",
        "tm:heatcrash",
        "tm:heavyslam",
        "tm:helpinghand",
        "tm:highhorsepower",
        "tm:hyperbeam",
        "tm:icebeam",
        "tm:icepunch",
        "tm:icywind",
        "tm:imprison",
        "tm:irondefense",
        "tm:knockoff",
        "tm:ironhead",
        "tm:knockoff",
        "tm:lowkick",
        "tm:lowsweep",
        "tm:magiccoat",
        "tm:megakick",
        "tm:megapunch",
        "tm:metalburst",
        "tm:metalsound",
        "tm:mudslap",
        "tm:poweruppunch",
        "tm:protect",
        "tm:psychic",
        "tm:psychup",
        "tm:raindance",
        "tm:reflect",
        "tm:rest",
        "tm:rockpolish",
        "tm:rockslide",
        "tm:rocksmash",
        "tm:rocktomb",
        "tm:rollout",
        "tm:safeguard",
        "tm:sandstorm",
        "tm:selfdestruct",
        "tm:shadowball",
        "tm:shockwave",
        "tm:signalbeam",
        "tm:sleeptalk",
        "tm:smackdown",
        "tm:stealthrock",
        "tm:steelbeam",
        "tm:stompingtantrum",
        "tm:stoneedge",
        "tm:strength",
        "tm:substitute",
        "tm:sunnyday",
        "tm:supercellslam",
        "tm:superpower",
        "tm:takedown",
        "tm:telekinesis",
        "tm:terablast",
        "tm:thief",
        "tm:thunder",
        "tm:thunderbolt",
        "tm:thunderpunch",
        "tm:wildcharge",
        "tm:zenheadbutt",
        "tutor:allyswitch",
        "tutor:block",
        "tutor:bulldoze",
        "tutor:chargebeam",
        "tutor:drainpunch",
        "tutor:firepunch",
        "tutor:flashcannon",
        "tutor:focuspunch",
        "tutor:gigaimpact",
        "tutor:gravity",
        "tutor:helpinghand",
        "tutor:highhorsepower",
        "tutor:hyperbeam",
        "tutor:icebeam",
        "tutor:icepunch",
        "tutor:icywind",
        "tutor:irondefense",
        "tutor:knockoff",
        "tutor:lowkick",
        "tutor:magiccoat",
        "tutor:psychic",
        "tutor:rest",
        "tutor:rockslide",
        "tutor:rocksmash",
        "tutor:rollout",
        "tutor:shadowball",
        "tutor:shockwave",
        "tutor:signalbeam",
        "tutor:sleeptalk",
        "tutor:stealthrock",
        "tutor:steelroller",
        "tutor:stompingtantrum",
        "tutor:superpower",
        "tutor:telekinesis",
        "tutor:thunderbolt",
        "tutor:thunderpunch",
        "tutor:zenheadbutt"
      ],
      "preEvolution": "golett aspect=oxidized_copper",
      "evolutions": [],
      "battleOnly": false
    }
  ]
}