{
  "target": "cobblemon:hatenna",
  "forms": [
    {
      "name": "Midnight",
      "primaryType": "fire",
      "secondaryType": "fairy",
      "maleRatio": 0,
      "height": 5,
      "weight": 34,
      "pokedex": [
        "cobblemon.species.hatenna_midnight.desc"
      ],
      "labels": [
        "gen8",
        "custom"
      ],
      "aspects": [
        "midnight"
      ],
      "abilities": [
        "magician",
        "anticipation",
        "h:costar"
      ],
      "eggGroups": [
      "fairy"
      ],
      "baseStats": {
        "hp": 42,
        "attack": 56,
        "defence": 45,
        "special_attack": 30,
        "special_defence": 53,
        "speed": 39
      },
      "evYield": {
        "hp": 0,
        "attack": 1,
        "defence": 0,
        "special_attack": 0,
        "special_defence": 0,
        "speed": 0
      },
      "baseScale": 0.45,
      "hitbox": {
        "width": 0.85,
        "height": 0.85,
        "fixed": false
      },
      "drops": {
        "amount": 2,
        "entries": [
          {
            "item": "cobblemon:passho_berry",
            "percentage": 2.5
          },
          {
            "item": "cobblemon:focus_sash",
            "percentage": 2.5
          }
        ]
      },
      "moves": [
    "1:ember",
    "1:playnice",
    "5:roleplay",
    "10:disarmingvoice",
    "15:encore",
    "20:flamewheel",
    "25:trick",
    "30:dazzlinggleam",
    "35:lashout",
    "40:firelash",
    "45:magicroom",
    "64:playrough",
    "egg:afteryou",
    "egg:aromaticmist",
    "egg:mysticalfire",
    "egg:nuzzle",
    "egg:quash",
    "tm:afteryou",
    "tm:batonpass",
    "tm:calmmind",
    "tm:charm",
    "tm:darkpulse",
    "tm:dazzlinggleam",
    "tm:disarmingvoice",
    "tm:drainingkiss",
    "tm:endure",
    "tm:encore",
    "tm:facade",
    "tm:helpinghand",
    "tm:imprison",
    "tm:lightscreen",
    "tm:magicalleaf",
    "tm:metronome",
    "tm:mistyterrain",
    "tm:mysticalfire",
    "tm:playrough",
    "tm:protect",
    "tm:psychup",
    "tm:quash",
    "tm:reflect",
    "tm:rest",
    "tm:safeguard",
    "tm:skillswap",
    "tm:sleeptalk",
    "tm:substitute",
    "tm:swift",
    "tm:terablast",
    "tm:thunderwave",
    "tm:trick",
    "tm:trickroom",
    "tutor:afteryou",
    "tutor:calmmind",
    "tutor:darkpulse",
    "tutor:dazzlinggleam",
    "tutor:helpinghand",
    "tutor:magicalleaf",
    "tutor:mysticalfire",
    "tutor:playrough",
    "tutor:rest",
    "tutor:skillswap",
    "tutor:sleeptalk",
    "tutor:swift",
    "tutor:trick"
      ],
      "evolutions": [
        {
          "id": "hatenna_hattrix",
          "variant": "level_up",
          "result": "hattrix",
          "consumeHeldItem": false,
          "learnableMoves": [
            "brutalswing"
          ],
          "requirements": [
            {
              "variant": "level",
              "minLevel": 32
            }
          ]
        }
      ],
      "battleOnly": false
    }
  ]
}