{
  "target": "cobblemon:lucario",
  "forms": [
    {
      "name": "Mega_Y",
      "primaryType": "fighting",
      "secondaryType": "dark",
      "maleRatio": 0.875,
      "height": 13,
      "weight": 575,
      "pokedex": [
        "cobblemon.species.lucario_y.desc"
      ],
      "labels": [
        "gen6",
        "mega",
        "custom"
      ],
      "aspects": [
        "mega",
        "y"
      ],
      "abilities": [
        "megalauncher",
        "h:megalauncher"
      ],
      "baseStats": {
        "hp": 70,
        "attack": 90,
        "defence": 98,
        "special_attack": 155,
        "special_defence": 85,
        "speed": 127
      },
      "baseExperienceYield": 219,
      "dynamaxBlocked": true,
      "evolutions": [],
      "battleOnly": true
    },
    {
      "name": "Y",
      "primaryType": "fighting",
      "secondaryType": "dark",
      "maleRatio": 0.875,
      "height": 12,
      "weight": 540,
      "pokedex": [
        "cobblemon.species.lucario_y.desc"
      ],
      "labels": [
        "gen4",
        "custom"
      ],
      "aspects": [
        "y"
      ],
      "abilities": [
        "megalauncher",
        "h:megalauncher"
      ],
      "eggGroups": [
      "field",
      "human_like"
      ],
      "baseStats": {
        "hp": 70,
        "attack": 80,
        "defence": 75,
        "special_attack": 125,
        "special_defence": 75,
        "speed": 100
      },
      "evYield": {
        "hp": 0,
        "attack": 0,
        "defence": 0,
        "special_attack": 1,
        "special_defence": 0,
        "speed": 1
      },
      "baseScale": 0.65,
      "hitbox": {
        "width": 0.8,
        "height": 2.45,
        "fixed": false
      },
      "drops": {
        "amount": 2,
        "entries": [
          {
            "item": "cobblemon:chople_berry",
            "percentage": 5.0
          },
          {
            "item": "cobblemon:expert_belt",
            "percentage": 5.0
          }
        ]
      },
  "moves": [
        "1:quickattack",
        "1:foresight",
        "1:detect",
        "1:metalclaw",
        "1:feint",
        "1:mefirst",
        "1:aurasphere",
        "1:helpinghand",
        "1:vacuumwave",
        "1:rocksmash",
        "1:laserfocus",
        "1:brutalswing",
        "1:screech",
        "1:copycat",
        "1:finalgambit",
        "1:reversal",
        "1:swordsdance",
        "12:counter",
        "16:workup",
        "20:forcepalm",
        "24:calmmind",
        "28:metalsound",
        "32:quickguard",
        "36:shadowball",
        "40:nastyplot",
        "44:healpulse",
        "48:darkpulse",
        "52:dragonpulse",
        "56:extrasensory",
        "60:focusblast",
        "egg:bite",
        "egg:bulletpunch",
        "egg:circlethrow",
        "egg:crosschop",
        "egg:detect",
        "egg:followme",
        "egg:highjumpkick",
        "egg:howl",
        "egg:mindreader",
        "egg:skyuppercut",
        "tm:aerialace",
        "tm:agility",
        "tm:aurasphere",
        "tm:blazekick",
        "tm:bodyslam",
        "tm:brickbreak",
        "tm:bulkup",
        "tm:bulldoze",
        "tm:calmmind",
        "tm:closecombat",
        "tm:coaching",
        "tm:crunch",
        "tm:darkpulse",
        "tm:dig",
        "tm:dragonpulse",
        "tm:drainpunch",
        "tm:dualchop",
        "tm:earthquake",
        "tm:endure",
        "tm:facade",
        "tm:flashcannon",
        "tm:fling",
        "tm:focusblast",
        "tm:focusenergy",
        "tm:focuspunch",
        "tm:furycutter",
        "tm:gigaimpact",
        "tm:headbutt",
        "tm:helpinghand",
        "tm:honeclaws",
        "tm:hyperbeam",
        "tm:icepunch",
        "tm:irondefense",
        "tm:irontail",
        "tm:laserfocus",
        "tm:lashout",
        "tm:lowkick",
        "tm:lowsweep",
        "tm:magnetrise",
        "tm:megakick",
        "tm:megapunch",
        "tm:metalclaw",
        "tm:metalsound",
        "tm:metronome",
        "tm:nastyplot",
        "tm:payback",
        "tm:poisonjab",
        "tm:poweruppunch",
        "tm:protect",
        "tm:psychic",
        "tm:psychup",
        "tm:raindance",
        "tm:rest",
        "tm:retaliate",
        "tm:revenge",
        "tm:reversal",
        "tm:roar",
        "tm:rockclimb",
        "tm:rockslide",
        "tm:rocksmash",
        "tm:rocktomb",
        "tm:roleplay",
        "tm:scaryface",
        "tm:screech",
        "tm:shadowball",
        "tm:shadowclaw",
        "tm:sleeptalk",
        "tm:snarl",
        "tm:steelbeam",
        "tm:stoneedge",
        "tm:strength",
        "tm:substitute",
        "tm:suckerpunch",
        "tm:sunnyday",
        "tm:swift",
        "tm:swordsdance",
        "tm:takedown",
        "tm:terablast",
        "tm:terrainpulse",
        "tm:throatchop",
        "tm:thunderpunch",
        "tm:trailblaze",
        "tm:upperhand",
        "tm:vacuumwave",
        "tm:waterpulse",
        "tm:workup",
        "tm:zenheadbutt",
        "tutor:aerialace",
        "tutor:bulkup",
        "tutor:bulldoze",
        "tutor:calmmind",
        "tutor:coaching",
        "tutor:darkpulse",
        "tutor:dragonpulse",
        "tutor:drainpunch",
        "tutor:dualchop",
        "tutor:flashcannon",
        "tutor:focusenergy",
        "tutor:focuspunch",
        "tutor:furycutter",
        "tutor:gigaimpact",
        "tutor:helpinghand",
        "tutor:hyperbeam",
        "tutor:icepunch",
        "tutor:irondefense",
        "tutor:irontail",
        "tutor:laserfocus",
        "tutor:lowkick",
        "tutor:magnetrise",
        "tutor:poisonjab",
        "tutor:psychic",
        "tutor:rest",
        "tutor:rockslide",
        "tutor:rocksmash",
        "tutor:roleplay",
        "tutor:shadowball",
        "tutor:shadowclaw",
        "tutor:sleeptalk",
        "tutor:steelbeam",
        "tutor:stoneedge",
        "tutor:swift",
        "tutor:terrainpulse",
        "tutor:thunderpunch",
        "tutor:vacuumwave",
        "tutor:waterpulse",
        "tutor:zenheadbutt"
      ],
      "preEvolution": "riolu",
      "evolutions": [],
      "battleOnly": false
    }
  ]
}