{
  "target": "cobblemon:lurantis",
  "forms": [
    {
      "name": "Lunar",
      "primaryType": "grass",
      "secondaryType": "psychic",
      "maleRatio": 0.5,
      "height": 9,
      "weight": 185,
      "pokedex": [
        "cobblemon.species.lurantis_lunar.desc"
      ],
      "labels": [
        "gen7",
        "custom"
      ],
      "aspects": [
        "lunar"
      ],
      "abilities": [
        "mimicry",
        "serenegrace",
        "h:contrary"
      ],
      "eggGroups": [
      "grass",
      "fairy"
      ],
      "baseStats": {
        "hp": 65,
        "attack": 100,
        "defence": 70,
        "special_attack": 95,
        "special_defence": 85,
        "speed": 65
      },
      "evYield": {
        "hp": 0,
        "attack": 1,
        "defence": 0,
        "special_attack": 0,
        "special_defence": 0,
        "speed": 0
      },
      "baseScale": 1,
      "hitbox": {
        "width": 0.8,
        "height": 1.5,
        "fixed": false
      },
      "drops": {
        "amount": 2,
        "entries": [
          {
            "item": "cobblemon:psychic_seed",
            "percentage": 5.0
          },
          {
            "item": "cobblemon:colbur_berry",
            "percentage": 5.0
          }
        ]
      },
      "moves": [
    "1:petalblizzard",
    "1:nightslash",
    "1:furycutter",
    "1:leafage",
    "1:confusion",
    "1:cosmicpower",
    "1:growth",
    "1:ingrain",
    "1:psychic",
    "1:dualchop",
    "15:razorleaf",
    "20:sweetscent",
    "25:psychocut",
    "30:xscissor",
    "37:moonlight",
    "44:leafblade",
    "51:psychicterrain",
    "63:psyblade",
    "egg:aromatherapy",
    "egg:defog",
    "egg:superpower",
    "egg:hammerarm",
    "egg:worryseed",
    "egg:electroweb",
    "egg:nuzzle",
    "egg:drainingkiss",
    "tm:brickbreak",
    "tm:bugbite",
    "tm:bulletseed",
    "tm:crosspoison",
    "tm:defog",
    "tm:drainingkiss",
    "tm:dualchop",
    "tm:endure",
    "tm:energyball",
    "tm:expandingforce",
    "tm:facade",
    "tm:falseswipe",
    "tm:fling",
    "tm:furycutter",
    "tm:gigadrain",
    "tm:gigaimpact",
    "tm:grassknot",
    "tm:grassyglide",
    "tm:grassyterrain",
    "tm:hyperbeam",
    "tm:knockoff",
    "tm:laserfocus",
    "tm:leafblade",
    "tm:leafstorm",
    "tm:leechlife",
    "tm:lowsweep",
    "tm:magicalleaf",
    "tm:mistyterrain",
    "tm:mistyexplosion",
    "tm:moonblast",
    "tm:naturepower",
    "tm:payback",
    "tm:petalblizzard",
    "tm:poisonjab",
    "tm:pollenpuff",
    "tm:playrough",
    "tm:protect",
    "tm:psybeam",
    "tm:psychic",
    "tm:psychicterrain",
    "tm:psychocut",
    "tm:raindance",
    "tm:rest",
    "tm:safeguard",
    "tm:scaryface",
    "tm:seedbomb",
    "tm:signalbeam",
    "tm:skittersmack",
    "tm:sleeptalk",
    "tm:solarbeam",
    "tm:solarblade",
    "tm:substitute",
    "tm:sunnyday",
    "tm:superpower",
    "tm:swordsdance",
    "tm:synthesis",
    "tm:takedown",
    "tm:terablast",
    "tm:terrainpulse",
    "tm:trailblaze",
    "tm:weatherball",
    "tm:worryseed",
    "tm:zenheadbutt",
    "tm:xscissor",
    "tutor:bugbite",
    "tutor:defog",
    "tutor:dualchop",
    "tutor:energyball",
    "tutor:falseswipe",
    "tutor:furycutter",
    "tutor:gigadrain",
    "tutor:gigaimpact",
    "tutor:grassyglide",
    "tutor:hyperbeam",
    "tutor:knockoff",
    "tutor:laserfocus",
    "tutor:leechlife",
    "tutor:magicalleaf",
    "tutor:poisonjab",
    "tutor:psychocut",
    "tutor:rest",
    "tutor:seedbomb",
    "tutor:signalbeam",
    "tutor:skittersmack",
    "tutor:sleeptalk",
    "tutor:superpower",
    "tutor:synthesis",
    "tutor:worryseed",
    "tutor:zenheadbutt",
    "tutor:xscissor"
      ],
      "preEvolution": "fomantis aspect=lunar",
      "evolutions": [],
      "battleOnly": false
    }
  ]
}