{
  "target": "cobblemon:phantump",
  "forms": [
    {
      "name": "Pale",
      "primaryType": "ghost",
      "maleRatio": 0.5,
      "height": 4,
      "weight": 70,
      "pokedex": [
        "cobblemon.species.phantump-pale.desc"
      ],
      "labels": [
        "gen6",
        "custom"
      ],
      "aspects": [
        "pale"
      ],
      "abilities": [
        "sapsipper",
        "stakeout",
        "h:shadowtag"
      ],
      "eggGroups": [
      "grass",
      "amorphous"
      ],
      "baseStats": {
        "hp": 43,
        "attack": 70,
        "defence": 80,
        "special_attack": 30,
        "special_defence": 68,
        "speed": 18
      },
      "evYield": {
        "hp": 0,
        "attack": 0,
        "defence": 1,
        "special_attack": 0,
        "special_defence": 0,
        "speed": 0
      },
      "baseScale": 0.9,
      "hitbox": {
        "width": 1,
        "height": 2.75,
        "fixed": false
      },
      "behaviour": {
        "resting": {
          "canSleep": true,
          "willSleepOnBed": true,
          "light": "4-15"
        }
      },
      "drops": {
        "amount": 2,
        "entries": [
          {
            "item": "minecraft:dark_oak_log",
            "quantityRange": "0-1"
          },
          {
            "item": "cobblemon:peat_block",
            "percentage": 2.5
          },
          {
            "item": "cobblemon:enigma_berry",
            "percentage": 2.5
          }
        ]
      },
      "moves": [
        "1:tackle",
        "1:astonish",
        "1:branchpoke",
        "4:grudge",
        "8:shadowsneak",
        "12:confuseray",
        "16:willowisp",
        "20:shadowpunch",
        "24:endure",
        "28:hornleech",
        "32:comeuppance",
        "36:phantomforce",
        "40:moonlight",
        "44:woodhammer",
        "48:destinybond",
        "52:forestscurse",
        "egg:allyswitch",
        "egg:bestow",
        "egg:disable",
        "egg:feintattack",
        "egg:grudge",
        "egg:suckerpunch",
        "egg:strengthsap",
        "tm:allyswitch",
        "tm:assurance",
        "tm:block",
        "tm:bulldoze",
        "tm:calmmind",
        "tm:confuseray",
        "tm:curse",
        "tm:cut",
        "tm:darkpulse",
        "tm:dig",
        "tm:dreameater",
        "tm:endure",
        "tm:energyball",
        "tm:facade",
        "tm:foulplay",
        "tm:gigadrain",
        "tm:grassknot",
        "tm:grassyglide",
        "tm:grassyterrain",
        "tm:hex",
        "tm:imprison",
        "tm:lashout",
        "tm:magiccoat",
        "tm:naturepower",
        "tm:nightshade",
        "tm:painsplit",
        "tm:phantomforce",
        "tm:poisonjab",
        "tm:poltergeist",
        "tm:poweruppunch",
        "tm:protect",
        "tm:psychic",
        "tm:psychup",
        "tm:raindance",
        "tm:reflect",
        "tm:rest",
        "tm:rockslide",
        "tm:rocksmash",
        "tm:roleplay",
        "tm:safeguard",
        "tm:seedbomb",
        "tm:shadowball",
        "tm:shadowclaw",
        "tm:skillswap",
        "tm:skittersmack",
        "tm:sleeptalk",
        "tm:spite",
        "tm:strength",
        "tm:stoneedge",
        "tm:substitute",
        "tm:suckerpunch",
        "tm:sunnyday",
        "tm:takedown",
        "tm:telekinesis",
        "tm:terablast",
        "tm:thief",
        "tm:throatchop",
        "tm:trailblaze",
        "tm:trick",
        "tm:trickroom",
        "tm:venomdrench",
        "tm:willowisp",
        "tm:worryseed",
        "tm:xscissor",
        "tutor:allyswitch",
        "tutor:block",
        "tutor:bulldoze",
        "tutor:calmmind",
        "tutor:darkpulse",
        "tutor:energyball",
        "tutor:foulplay",
        "tutor:gigadrain",
        "tutor:grassyglide",
        "tutor:lashout",
        "tutor:magiccoat",
        "tutor:painsplit",
        "tutor:poisonjab",
        "tutor:poltergeist",
        "tutor:psychic",
        "tutor:rest",
        "tutor:rockslide",
        "tutor:rocksmash",
        "tutor:roleplay",
        "tutor:seedbomb",
        "tutor:shadowball",
        "tutor:shadowclaw",
        "tutor:skillswap",
        "tutor:skittersmack",
        "tutor:sleeptalk",
        "tutor:spite",
        "tutor:suckerpunch",
        "tutor:telekinesis",
        "tutor:trick",
        "tutor:worryseed",
        "tutor:xscissor"
      ],
      "evolutions": [
        {
          "id": "phantump_trevenant_pale",
          "variant": "item_interact",
          "result": "trevenant aspect=pale",
          "consumeHeldItem": true,
          "learnableMoves": [
            "shadowclaw"
          ],
          "requirements": [
            {
              "variant": "time_range",
              "range": "night"
            }
          ],
          "requiredContext": "cobblemon:peat_block"
        }
      ],
      "battleOnly": false
    }
  ]
}