{
	"format_version": "1.12.0",
	"minecraft:geometry": [
		{
			"description": {
				"identifier": "geometry.finsight",
				"texture_width": 128,
				"texture_height": 128,
				"visible_bounds_width": 5,
				"visible_bounds_height": 6.5,
				"visible_bounds_offset": [0, 2.75, 0]
			},
			"bones": [
				{
					"name": "fishy",
					"pivot": [0, 9.5, -1.5]
				},
				{
					"name": "whole",
					"parent": "fishy",
					"pivot": [0, 9.5, -1.5]
				},
				{
					"name": "bubble",
					"parent": "whole",
					"pivot": [0, 14, 0.2],
					"cubes": [
						{"origin": [-12.5, -0.5, -12.3], "size": [25, 25, 25], "inflate": -24, "uv": [18, 68]}
					]
				},
				{
					"name": "body",
					"parent": "whole",
					"pivot": [0, 14.5, -3]
				},
				{
					"name": "torso",
					"parent": "body",
					"pivot": [0, 14.5, -3],
					"cubes": [
						{"origin": [-3.5, 14.5, -6.7], "size": [7, 3, 3], "pivot": [0, 15, -4.2], "rotation": [25, 0, 0], "uv": [0, 21]},
						{"origin": [-2.5, 12, -6], "size": [5, 5, 5], "uv": [0, 11]},
						{"origin": [0, 14, -5], "size": [0, 3, 4], "pivot": [0, 17, -5], "rotation": [22.5, 0, 0], "uv": [0, 34]}
					]
				},
				{
					"name": "torso2",
					"parent": "torso",
					"pivot": [0, 14.5, -3.5],
					"cubes": [
						{"origin": [-2.5, 12, -4], "size": [5, 5, 6], "inflate": -0.01, "uv": [0, 0]}
					]
				},
				{
					"name": "tail",
					"parent": "torso2",
					"pivot": [0, 14.5, -1],
					"cubes": [
						{"origin": [-1.5, 12.5, -0.5], "size": [3, 4, 4], "uv": [0, 27]}
					]
				},
				{
					"name": "tail2",
					"parent": "tail",
					"pivot": [0, 14.5, 1.5],
					"cubes": [
						{"origin": [-1.5, 12.5, 1.5], "size": [3, 4, 4], "inflate": -0.01, "uv": [22, 29]}
					]
				},
				{
					"name": "tailfin",
					"parent": "tail2",
					"pivot": [0, 14.5, 4.5],
					"cubes": [
						{"origin": [0, 9.5, 5], "size": [0, 10, 9], "uv": [18, 35]}
					]
				},
				{
					"name": "head",
					"parent": "torso",
					"pivot": [0, 14.5, -5.5],
					"cubes": [
						{"origin": [-2.5, 12, -10.5], "size": [5, 5, 5], "inflate": 0.01, "uv": [20, 11]},
						{"origin": [-1, 11.5, -10.4], "size": [2, 1, 2], "pivot": [0, 12, -9.4], "rotation": [-17.5, 0, 0], "uv": [2, 60]}
					]
				},
				{
					"name": "mindeye",
					"parent": "head",
					"pivot": [0, 12, -1.5],
					"cubes": [
						{"origin": [-1.5, 14.8, -10.6], "size": [3, 2, 0], "inflate": 0.01, "uv": [35, 61]},
						{"origin": [0.9, 15.3, -10.59], "size": [1, 1, 0], "inflate": 0.01, "uv": [37, 59]},
						{"origin": [-2.1, 15.3, -10.59], "size": [1, 1, 0], "inflate": 0.01, "uv": [37, 59]},
						{"origin": [-1.8, 16.1, -10.59], "size": [1, 2, 0], "pivot": [-0.3, 18.3, -10.59], "rotation": [0, 0, -12.5], "uv": [47, 44]},
						{"origin": [0.8, 16.1, -10.59], "size": [1, 2, 0], "pivot": [0.3, 18.3, -10.59], "rotation": [0, 0, 12.5], "uv": [47, 44], "mirror": true},
						{"origin": [-0.51657, 16.11201, -10.59], "size": [1, 2, 0], "uv": [47, 44]}
					]
				},
				{
					"name": "mindeyelid",
					"parent": "mindeye",
					"pivot": [0, 12, -1.5]
				},
				{
					"name": "cheeks",
					"parent": "head",
					"pivot": [-4.5, 14.5, -6.5]
				},
				{
					"name": "leftcheek",
					"parent": "cheeks",
					"pivot": [4.5, 14.5, -6.5],
					"cubes": [
						{"origin": [2.5, 12.5, -8.5], "size": [4, 4, 4], "inflate": 0.01, "uv": [20, 21]}
					]
				},
				{
					"name": "rightcheek",
					"parent": "cheeks",
					"pivot": [-4.5, 14.5, -6.5],
					"cubes": [
						{"origin": [-6.5, 12.5, -8.5], "size": [4, 4, 4], "inflate": 0.01, "uv": [22, 0]}
					]
				},
				{
					"name": "eyes",
					"parent": "head",
					"pivot": [0, 14.5, -5.5]
				},
				{
					"name": "left_eye",
					"parent": "eyes",
					"pivot": [0, 14.5, -5.5],
					"cubes": [
						{"origin": [2.53, 13.5, -9.9], "size": [0, 2, 1], "uv": [6, 35]},
						{"origin": [2.32, 13.5, -10.1], "size": [0, 2, 2], "inflate": 0.2, "uv": [1, 46]}
					]
				},
				{
					"name": "right_eye",
					"parent": "eyes",
					"pivot": [0, 14.5, -5.5],
					"cubes": [
						{"origin": [-2.53, 13.5, -9.9], "size": [0, 2, 1], "uv": [6, 35]},
						{"origin": [-2.32, 13.5, -10.1], "size": [0, 2, 2], "inflate": 0.2, "uv": [1, 46]}
					]
				},
				{
					"name": "leyelid",
					"parent": "eyes",
					"pivot": [2.34, 14.7, -9.4],
					"cubes": [
						{"origin": [2.34, 13.7, -9.9], "size": [0, 2, 1], "uv": [8, 35]}
					]
				},
				{
					"name": "reyelid",
					"parent": "eyes",
					"pivot": [0, 14.5, -5.5],
					"cubes": [
						{"origin": [-2.34, 13.7, -9.9], "size": [0, 2, 1], "uv": [8, 35]}
					]
				},
				{
					"name": "fin_left",
					"parent": "torso",
					"pivot": [1.5, 12, -5.4],
					"rotation": [-90, 0, 0],
					"cubes": [
						{"origin": [0.5, 12, -5.4], "size": [2, 0, 3], "uv": [22, 8]}
					]
				},
				{
					"name": "fin_left2",
					"parent": "torso",
					"pivot": [-1.5, 12, -5.4],
					"rotation": [180, 0, 0],
					"cubes": [
						{"origin": [-2.5, 13.5, -6.9], "size": [2, 0, 3], "pivot": [1.5, 13.5, -5.4], "rotation": [-90, 0, 0], "uv": [32, 8]}
					]
				}
			]
		}
	]
}