{
	"format_version": "1.8.0",
	"animations": {
		"animation.toxicroak.ground_idle": {
			"loop": true,
			"bones": {
				"torso": {
					"rotation": ["-7.5+math.sin(q.anim_time*90*3-0)*-0.5", 0, 0],
					"position": [0, "0+math.sin(q.anim_time*90*3-90)*-0.25", 0]
				},
				"waist": {
					"rotation": ["10+math.sin(q.anim_time*90*3-60)*-1", 0, 0]
				},
				"chest": {
					"rotation": [25, 0, 0]
				},
				"head": {
					"rotation": ["2.5+math.sin(q.anim_time*90*3-90)*-2.5", 0, 0]
				},
				"arm_left": {
					"rotation": [0, "22.5+math.sin(q.anim_time*90*3-0)*2.5", "45+math.sin(q.anim_time*90*3-0)*-5"]
				},
				"arm_left2": {
					"rotation": [0, "22.5+math.sin(q.anim_time*90*3-90)*5", 0]
				},
				"finger_left1": {
					"rotation": [0, 0, "0+math.sin(q.anim_time*90*3-90)*-10"]
				},
				"finger_left2": {
					"rotation": [0, 0, "15+math.sin(q.anim_time*90*3-120)*-10"]
				},
				"finger_left3": {
					"rotation": [0, "22.5+math.sin(q.anim_time*90*3-120)*10", 0]
				},
				"arm_right": {
					"rotation": [0, "-22.5+math.sin(q.anim_time*90*3-0)*-2.5", "-45+math.sin(q.anim_time*90*3-0)*5"]
				},
				"arm_right2": {
					"rotation": [0, "-22.5+math.sin(q.anim_time*90*3-90)*-5", 0]
				},
				"finger_right1": {
					"rotation": [0, 0, "0+math.sin(q.anim_time*90*3-90)*10"]
				},
				"finger_right2": {
					"rotation": [0, 0, "-15+math.sin(q.anim_time*90*3-120)*10"]
				},
				"finger_right3": {
					"rotation": [0, "-22.5+math.sin(q.anim_time*90*3-120)*-10", 0]
				},
				"leg_left": {
					"rotation": [-17.5, 0, 0]
				},
				"leg_left2": {
					"rotation": [17.5, 0, 0]
				},
				"toes_left": {
					"rotation": [0, 0, 0]
				},
				"leg_right": {
					"rotation": [-17.5, 0, 0]
				},
				"leg_right2": {
					"rotation": [17.5, 0, 0]
				},
				"toes_right": {
					"rotation": [0, 0, 0]
				},
				"leg_left_rotation": {
					"rotation": [0, -22.5, 0]
				},
				"leg_right_rotation": {
					"rotation": [0, 22.5, 0]
				},
				"body": {
					"position": [0, -0.45, 0]
				}
			}
		},
		"animation.toxicroak.ground_walk": {
			"loop": true,
			"animation_length": 1,
			"bones": {
				"torso": {
					"rotation": [12.5, "0+math.sin(q.anim_time*90*4-90)*2.5", "0+math.sin(q.anim_time*90*4-45)*-2.5"],
					"position": [0, "0+math.sin(q.anim_time*90*8-45)*-0.5", 0]
				},
				"waist": {
					"rotation": ["5+math.sin(q.anim_time*90*8-90)*-2.5", 0, 0]
				},
				"chest": {
					"rotation": ["22.5+math.sin(q.anim_time*90*8-0)*5", 0, 0]
				},
				"throat": {
					"position": [0, 0, -0.75]
				},
				"head": {
					"rotation": ["5+math.sin(q.anim_time*90*8-90)*5", 0, 0]
				},
				"arm_left": {
					"rotation": ["math.sin(q.anim_time*90*4-90)*10", "math.sin(q.anim_time*90*4-90)*-45", 40]
				},
				"arm_left2": {
					"rotation": [0, "50.5+math.sin(q.anim_time*90*4-1800)*22.5", 0]
				},
				"leg_left": {
					"rotation": ["0+math.sin(q.anim_time*90*4-90)*-32.5", -10, 0],
					"position": [0, "1.5+math.sin(q.anim_time*90*4-45)*1", "0+math.sin(q.anim_time*90*4-0)*2"]
				},
				"leg_left2": {
					"rotation": ["45+math.sin(q.anim_time*90*4-0)*45", 0, 0]
				},
				"foot_left": {
					"rotation": ["-15+math.sin(q.anim_time*90*4-45)*-22.5", 0, 0]
				},
				"leg_right": {
					"rotation": ["0+math.sin(q.anim_time*90*4-90)*32.5", 10, 0],
					"position": [0, "1.5+math.sin(q.anim_time*90*4-45)*-1", "0+math.sin(q.anim_time*90*4-0)*-2"]
				},
				"leg_right2": {
					"rotation": ["45+math.sin(q.anim_time*90*4-0)*-45", 0, 0]
				},
				"foot_right": {
					"rotation": ["-15+math.sin(q.anim_time*90*4-45)*22.5", 0, 0]
				},
				"arm_right": {
					"rotation": ["math.sin(q.anim_time*90*4-90)*-10", "math.sin(q.anim_time*90*4-90)*-45", -40]
				},
				"arm_right2": {
					"rotation": [0, "-50.5+math.sin(q.anim_time*90*4-1800)*22.5", 0]
				},
				"body": {
					"position": [0, "0.5+math.sin(q.anim_time*90*8-120)*-0.5", "0+math.sin(q.anim_time*90*8-330)*-1"]
				},
				"pupil_left": {
					"position": [0, 0, -0.25]
				},
				"pupil_right": {
					"position": [0, 0, -0.25]
				},
				"finger_left1": {
					"rotation": [0, 0, 45]
				},
				"finger_left2": {
					"rotation": [0, 0, 45]
				},
				"finger_left3": {
					"rotation": [0, -45, 0]
				},
				"finger_right1": {
					"rotation": [0, 0, -45]
				},
				"finger_right2": {
					"rotation": [0, 0, -45]
				},
				"finger_right3": {
					"rotation": [0, 45, 0]
				},
				"toes_left": {
					"rotation": ["0+math.sin(q.anim_time*90*4-45)*22.5", 0, 0]
				},
				"toes_right": {
					"rotation": ["0+math.sin(q.anim_time*90*4-45)*-22.5", 0, 0]
				}
			}
		},
		"animation.toxicroak.battle_idle": {
			"loop": true,
			"bones": {
				"body": {
					"rotation": [0, -22.5, 0],
					"position": [0, -1, 0]
				},
				"torso": {
					"rotation": [-7.5, 0, 0],
					"position": [0, "0+math.sin(q.anim_time*90*8-0)*-0.5", 0]
				},
				"waist": {
					"rotation": [12.5, 17.5, 2.5]
				},
				"chest": {
					"rotation": ["17.5+math.sin(q.anim_time*90*8-90)*2.5", 5, 0]
				},
				"throat": {
					"rotation": [22.5, 0, 0],
					"position": [0, 0.5, -1]
				},
				"head": {
					"rotation": ["7.5+math.sin(q.anim_time*90*8-90)*-2.5", 0, 0]
				},
				"lip_end_left": {
					"rotation": [10, 0, 0]
				},
				"lip_end_right": {
					"rotation": [10, 0, 0]
				},
				"eye_left": {
					"rotation": [7.5, 0, 0]
				},
				"pupil_left": {
					"position": [0, 0, -0.25]
				},
				"eye_right": {
					"rotation": [7.5, 0, 0]
				},
				"pupil_right": {
					"position": [0, 0, -0.25]
				},
				"arms": {
					"rotation": [-10, 0, 0]
				},
				"arm_left": {
					"rotation": ["0+math.sin(q.anim_time*90*8-0)*-7.5", -22.5, 0],
					"position": [0, 1, 0]
				},
				"arm_left2": {
					"rotation": [0, 67.5, 0]
				},
				"finger_left1": {
					"rotation": [0, 0, 5]
				},
				"finger_left2": {
					"rotation": [0, 0, 15]
				},
				"finger_left3": {
					"rotation": [0, 10, 27.5],
					"position": [-0.5, 0, 0]
				},
				"arm_right": {
					"rotation": ["0+math.sin(q.anim_time*90*8-0)*-7.5", -55, "0+math.sin(q.anim_time*90*8-0)*7.5"],
					"position": [0, 0, -1]
				},
				"arm_right2": {
					"rotation": [0, -22.5, 0]
				},
				"finger_right1": {
					"rotation": [0, 0, -5]
				},
				"finger_right2": {
					"rotation": [0, 0, -15]
				},
				"finger_right3": {
					"rotation": [0, -10, -27.5],
					"position": [0.5, 0, 0]
				},
				"leg_left": {
					"rotation": [-45, 0, 0]
				},
				"leg_left2": {
					"rotation": [67.5, 0, 0]
				},
				"toes_left": {
					"rotation": [-22.5, 0, 0]
				},
				"leg_right": {
					"rotation": [-30, 0, 0]
				},
				"leg_right2": {
					"rotation": [0, 0, 0]
				},
				"foot_right": {
					"rotation": [30, 0, 0]
				},
				"toes_right": {
					"rotation": [0, 0, 0]
				},
				"leg_left_rotation": {
					"rotation": [0, -22.5, 0]
				},
				"leg_right_rotation": {
					"rotation": [0, 45, 0],
					"position": [1, 0, 0]
				}
			}
		},
		"animation.toxicroak.cry": {
			"animation_length": 2,
			"bones": {
				"chest": {
					"rotation": {
						"0.0": {
							"post": [0, 0, 0],
							"lerp_mode": "catmullrom"
						},
						"0.2083": {
							"post": [10, 0, 0],
							"lerp_mode": "catmullrom"
						},
						"0.5": {
							"post": [-7.5, 0, 0],
							"lerp_mode": "catmullrom"
						},
						"0.6667": {
							"post": [-7.5, 0, 0],
							"lerp_mode": "catmullrom"
						},
						"1.0": {
							"post": [7.5, 0, 0],
							"lerp_mode": "catmullrom"
						},
						"1.375": {
							"post": [7.5, 0, 0],
							"lerp_mode": "catmullrom"
						},
						"1.75": {
							"post": [0, 0, 0],
							"lerp_mode": "catmullrom"
						}
					}
				},
				"throat": {
					"scale": {
						"0.0": [1, 1, 1],
						"0.25": [0.75, 0.75, 0.75],
						"0.375": {
							"pre": [1, 1, 1],
							"post": [1, 1, 1],
							"lerp_mode": "catmullrom"
						},
						"0.5": {
							"post": [1.05, 1.05, 1.05],
							"lerp_mode": "catmullrom"
						},
						"0.625": {
							"post": [1, 1, 1],
							"lerp_mode": "catmullrom"
						},
						"0.75": {
							"post": [1.1, 1.1, 1.1],
							"lerp_mode": "catmullrom"
						},
						"0.875": {
							"post": [1, 1, 1],
							"lerp_mode": "catmullrom"
						},
						"1.0": {
							"post": [1.1, 1.1, 1.1],
							"lerp_mode": "catmullrom"
						},
						"1.125": {
							"post": [1, 1, 1],
							"lerp_mode": "catmullrom"
						}
					}
				},
				"head": {
					"rotation": {
						"0.0": [0, 0, 0],
						"0.125": [15, 0, 0],
						"0.2917": [20, 0, 0],
						"0.4167": [22.5, 0, 0],
						"0.6667": [-2.5, 0, 0],
						"0.9167": ["-5+math.sin(q.anim_time*90*20-90)*5", 0, 0],
						"1.125": ["-5+math.sin(q.anim_time*90*20-90)*5", 0, 0],
						"1.75": [0, 0, 0]
					}
				},
				"teeth": {
					"scale": {
						"0.3333": [1, 1, 1],
						"0.5417": {"pre": [1, 1, 1], "post": [1, 0, 1]},
						"1.75": {"pre": [1, 0, 1], "post": [1, 1, 1]}
					}
				},
				"arm_left": {
					"rotation": {
						"0.0": {
							"post": [0, 0, 0],
							"lerp_mode": "catmullrom"
						},
						"0.25": {
							"post": [22.5, 0, 0],
							"lerp_mode": "catmullrom"
						},
						"0.5833": {
							"post": [-45, 0, 0],
							"lerp_mode": "catmullrom"
						},
						"1.125": {
							"post": [-45, 0, 0],
							"lerp_mode": "catmullrom"
						},
						"1.875": {
							"post": [0, 0, 0],
							"lerp_mode": "catmullrom"
						}
					}
				},
				"arm_left2": {
					"rotation": {
						"0.0": {
							"post": [0, 0, 0],
							"lerp_mode": "catmullrom"
						},
						"0.375": {
							"post": [0, 12.5, 0],
							"lerp_mode": "catmullrom"
						},
						"0.625": {
							"post": [0, -10, 0],
							"lerp_mode": "catmullrom"
						},
						"1.0": {
							"post": [0, -10, 0],
							"lerp_mode": "catmullrom"
						},
						"1.5": {
							"post": [0, 0, 0],
							"lerp_mode": "catmullrom"
						}
					}
				},
				"arm_right": {
					"rotation": {
						"0.0": {
							"post": [0, 0, 0],
							"lerp_mode": "catmullrom"
						},
						"0.25": {
							"post": [22.5, 0, 0],
							"lerp_mode": "catmullrom"
						},
						"0.5833": {
							"post": [-45, 0, 0],
							"lerp_mode": "catmullrom"
						},
						"1.125": {
							"post": [-45, 0, 0],
							"lerp_mode": "catmullrom"
						},
						"1.875": {
							"post": [0, 0, 0],
							"lerp_mode": "catmullrom"
						}
					}
				},
				"arm_right2": {
					"rotation": {
						"0.0": {
							"post": [0, 0, 0],
							"lerp_mode": "catmullrom"
						},
						"0.375": {
							"post": [0, -12.5, 0],
							"lerp_mode": "catmullrom"
						},
						"0.625": {
							"post": [0, 10, 0],
							"lerp_mode": "catmullrom"
						},
						"1.0": {
							"post": [0, 10, 0],
							"lerp_mode": "catmullrom"
						},
						"1.5": {
							"post": [0, 0, 0],
							"lerp_mode": "catmullrom"
						}
					}
				}
			},
			"sound_effects": {
				"0.25": {
					"effect": "pokemon.toxicroak.cry"
				}
			}
		},
		"animation.toxicroak.blink": {
			"animation_length": 0.375,
			"bones": {
				"eyelid_left": {
					"position": {
						"0.0": [0, 0, 0],
						"0.0417": {"pre": [0, 0, 0], "post": [1, 0, 0]},
						"0.3333": {"pre": [1, 0, 0], "post": [0, 0, 0]}
					}
				},
				"eyelid_right": {
					"position": {
						"0.0": [0, 0, 0],
						"0.0417": {"pre": [0, 0, 0], "post": [-1, 0, 0]},
						"0.3333": {"pre": [-1, 0, 0], "post": [0, 0, 0]}
					}
				}
			}
		},
		"animation.toxicroak.sleep": {
			"loop": true,
			"animation_length": 2,
			"bones": {
				"torso": {
					"rotation": ["7.5+math.sin(q.anim_time*90*2-0)*-0.5", 0, 0],
					"position": [0, "0+math.sin(q.anim_time*90*2-90)*-0.25", 0]
				},
				"waist": {
					"rotation": ["15+math.sin(q.anim_time*90*2-60)*-1", 0, 0]
				},
				"chest": {
					"rotation": [30, 0, 0]
				},
				"head": {
					"rotation": ["2.5+math.sin(q.anim_time*90*2-90)*-2.5", 0, 0]
				},
				"arm_left": {
					"rotation": [67.5, 0, 67.5]
				},
				"arm_left2": {
					"rotation": [-20, 20, -82.5]
				},
				"finger_left1": {
					"rotation": [0, 0, 15]
				},
				"finger_left2": {
					"rotation": [0, 0, 40]
				},
				"finger_left3": {
					"rotation": [0, 55, 0]
				},
				"arm_right": {
					"rotation": [25, "-32.5+math.sin(q.anim_time*90*2-0)*-2.5", "-32.5+math.sin(q.anim_time*90*2-0)*5"]
				},
				"arm_right2": {
					"rotation": [0, "-60+math.sin(q.anim_time*90*2-90)*-2.5", 0]
				},
				"finger_right1": {
					"rotation": [0, 0, "-10+math.sin(q.anim_time*90*2-90)*10"]
				},
				"finger_right2": {
					"rotation": [0, 0, "-15+math.sin(q.anim_time*90*2-120)*10"]
				},
				"finger_right3": {
					"rotation": [0, -22.5, "0+math.sin(q.anim_time*90*2-90)*5"]
				},
				"leg_left": {
					"rotation": [-45, 0, 0]
				},
				"leg_left2": {
					"rotation": [45, 0, 0]
				},
				"toes_left": {
					"rotation": [0, 0, 0]
				},
				"leg_right": {
					"rotation": [-45, 0, 0]
				},
				"leg_right2": {
					"rotation": [45, 0, 0]
				},
				"toes_right": {
					"rotation": [0, 0, 0]
				},
				"leg_left_rotation": {
					"rotation": [0, -22.5, 0]
				},
				"leg_right_rotation": {
					"rotation": [0, 22.5, 0]
				},
				"body": {
					"position": [0, -1.55, 0.9]
				},
				"teeth": {
					"scale": {
						"0.0": [1, 1, 1],
						"0.75": {"pre": [1, 1, 1], "post": [1, 0, 1]},
						"1.75": {"pre": [1, 0, 1], "post": [1, 1, 1]}
					}
				},
				"eyelid_left": {
					"position": [1, 0, 0]
				},
				"eyelid_right": {
					"position": [-1, 0, 0]
				}
			}
		},
		"animation.toxicroak.faint": {
			"animation_length": 3.5,
			"bones": {
				"body": {
					"rotation": {
						"0.0": {
							"post": [0, -22.5, 0],
							"lerp_mode": "catmullrom"
						},
						"0.1667": {
							"post": [0, -22.5, 0],
							"lerp_mode": "catmullrom"
						},
						"0.6667": {
							"post": [0, 0, 0],
							"lerp_mode": "catmullrom"
						},
						"0.75": {
							"post": [-2.5, 0, 0],
							"lerp_mode": "catmullrom"
						},
						"0.9167": {
							"post": [-22.5, 0, 0],
							"lerp_mode": "catmullrom"
						},
						"1.25": {
							"post": [-90, 0, 0],
							"lerp_mode": "catmullrom"
						}
					},
					"position": {
						"0.0": {
							"post": [0, -1, 0],
							"lerp_mode": "catmullrom"
						},
						"0.6667": {
							"post": [0, -1, 0],
							"lerp_mode": "catmullrom"
						},
						"1.0": {
							"post": [1, -1, 3.5],
							"lerp_mode": "catmullrom"
						},
						"1.25": {
							"post": [1, 4, 3.5],
							"lerp_mode": "catmullrom"
						},
						"1.375": {
							"post": [1, 5, 4.5],
							"lerp_mode": "catmullrom"
						},
						"1.5": {
							"post": [1, 4, 5.5],
							"lerp_mode": "catmullrom"
						},
						"1.625": {
							"post": [1, 4, 6],
							"lerp_mode": "catmullrom"
						}
					}
				},
				"torso": {
					"rotation": {
						"0.0": {
							"post": [-7.5, 0, 0],
							"lerp_mode": "catmullrom"
						},
						"0.1667": {
							"post": [-7.5, 0, 0],
							"lerp_mode": "catmullrom"
						},
						"0.6667": {
							"post": [-7.5, 15, 0],
							"lerp_mode": "catmullrom"
						},
						"1.0": {
							"post": [0, -15, 0],
							"lerp_mode": "catmullrom"
						},
						"1.25": {
							"post": [0, -15, 0],
							"lerp_mode": "catmullrom"
						},
						"1.375": {
							"post": [7.5, -15, 0],
							"lerp_mode": "catmullrom"
						},
						"1.5417": {
							"post": [0, -15, 0],
							"lerp_mode": "catmullrom"
						}
					},
					"position": {
						"0.0": {
							"post": [0, 0, 0],
							"lerp_mode": "catmullrom"
						},
						"0.1667": {
							"post": [0, 0, 0],
							"lerp_mode": "catmullrom"
						},
						"0.6667": {
							"post": [0, 0, 2],
							"lerp_mode": "catmullrom"
						}
					}
				},
				"waist": {
					"rotation": {
						"0.0": {
							"post": [12.5, 17.5, 2.5],
							"lerp_mode": "catmullrom"
						},
						"0.1667": {
							"post": [-15, 17.5, 2.5],
							"lerp_mode": "catmullrom"
						},
						"0.25": {
							"post": [-17.5, 14.58, 2.08],
							"lerp_mode": "catmullrom"
						},
						"0.6667": {
							"post": [-15, 0, 0],
							"lerp_mode": "catmullrom"
						},
						"1.0417": {
							"post": [30, 0, 0],
							"lerp_mode": "catmullrom"
						},
						"1.2083": {
							"post": [30, 0, 0],
							"lerp_mode": "catmullrom"
						},
						"1.3333": {
							"post": [0, 0, 0],
							"lerp_mode": "catmullrom"
						}
					}
				},
				"chest": {
					"rotation": {
						"0.0": {
							"post": [15, 5, 0],
							"lerp_mode": "catmullrom"
						},
						"0.1667": {
							"post": [30, 0, 0],
							"lerp_mode": "catmullrom"
						},
						"0.6667": {
							"post": [2.5, -10, -5],
							"lerp_mode": "catmullrom"
						}
					}
				},
				"throat": {
					"rotation": {
						"0.0": {
							"post": [22.5, 0, 0],
							"lerp_mode": "catmullrom"
						}
					},
					"position": {
						"0.0": {
							"post": [0, 0.5, -1],
							"lerp_mode": "catmullrom"
						}
					},
					"scale": {
						"0.0": {
							"post": [1, 1, 1],
							"lerp_mode": "catmullrom"
						},
						"0.0833": {
							"post": [1, 1, 0.4],
							"lerp_mode": "catmullrom"
						}
					}
				},
				"head": {
					"rotation": {
						"0.0": {
							"post": [10, 0, 0],
							"lerp_mode": "catmullrom"
						},
						"0.125": {
							"post": [35, 0, 0],
							"lerp_mode": "catmullrom"
						},
						"0.6667": {
							"post": [25, 0, 0],
							"lerp_mode": "catmullrom"
						},
						"1.3333": {
							"post": [52.5, 0, 0],
							"lerp_mode": "catmullrom"
						},
						"1.4583": {
							"post": [15, 25, 0],
							"lerp_mode": "catmullrom"
						}
					},
					"position": {
						"1.3333": {
							"pre": [0, 0, 0],
							"post": [0, 0, 0],
							"lerp_mode": "catmullrom"
						},
						"1.4583": {
							"post": [1, 0, -1],
							"lerp_mode": "catmullrom"
						}
					}
				},
				"mouth": {
					"position": {
						"0.0": [0, 0, 0],
						"1.2083": {"pre": [0, 0, 0], "post": [0, 0, 1]}
					}
				},
				"eye_left": {
					"rotation": {
						"0.0": {
							"post": [-17.5, 0, 0],
							"lerp_mode": "catmullrom"
						}
					}
				},
				"pupil_left": {
					"position": {
						"0.0": {
							"post": [0, 0, 0],
							"lerp_mode": "catmullrom"
						}
					}
				},
				"eye_right": {
					"rotation": {
						"0.0": {
							"post": [-17.5, 0, 0],
							"lerp_mode": "catmullrom"
						}
					}
				},
				"pupil_right": {
					"position": {
						"0.0": {
							"post": [0, 0, 0],
							"lerp_mode": "catmullrom"
						}
					}
				},
				"arms": {
					"rotation": {
						"0.0": {
							"post": [-10, 0, 0],
							"lerp_mode": "catmullrom"
						},
						"0.25": {
							"post": [-10, 0, 0],
							"lerp_mode": "catmullrom"
						},
						"0.4583": {
							"post": [-5, 0, 0],
							"lerp_mode": "catmullrom"
						},
						"0.6667": {
							"post": [-2.5, 0, 0],
							"lerp_mode": "catmullrom"
						},
						"0.75": {
							"post": [-10, 0, 0],
							"lerp_mode": "catmullrom"
						},
						"1.3333": {
							"post": [7.5, 0, 0],
							"lerp_mode": "catmullrom"
						},
						"1.5": {
							"post": [-72.5, 0, 0],
							"lerp_mode": "catmullrom"
						}
					}
				},
				"arm_left": {
					"rotation": {
						"0.0": {
							"post": [0, -22.5, 0],
							"lerp_mode": "catmullrom"
						},
						"0.25": {
							"post": [-45, 67.5, 0],
							"lerp_mode": "catmullrom"
						},
						"1.5": {
							"post": [-45, 67.5, 0],
							"lerp_mode": "catmullrom"
						},
						"1.625": {
							"post": [-25, 67.5, 20],
							"lerp_mode": "catmullrom"
						},
						"1.75": {
							"post": [-45, 67.5, 0],
							"lerp_mode": "catmullrom"
						}
					},
					"position": {
						"0.0": {
							"post": [0, 1, 0],
							"lerp_mode": "catmullrom"
						},
						"0.25": {
							"post": [0, 0, -1],
							"lerp_mode": "catmullrom"
						}
					}
				},
				"arm_left2": {
					"rotation": {
						"0.0": {
							"post": [0, 67.5, 0],
							"lerp_mode": "catmullrom"
						},
						"0.25": {
							"post": [0, 0, 0],
							"lerp_mode": "catmullrom"
						}
					}
				},
				"finger_left1": {
					"rotation": {
						"0.0": {
							"post": [0, 0, 5],
							"lerp_mode": "catmullrom"
						}
					}
				},
				"finger_left2": {
					"rotation": {
						"0.0": {
							"post": [0, 0, 15],
							"lerp_mode": "catmullrom"
						}
					}
				},
				"finger_left3": {
					"rotation": {
						"0.0": {
							"post": [0, 10, 27.5],
							"lerp_mode": "catmullrom"
						}
					},
					"position": {
						"0.0": {
							"post": [-0.5, 0, 0],
							"lerp_mode": "catmullrom"
						}
					}
				},
				"arm_right": {
					"rotation": {
						"0.0": {
							"post": [0, -55, 0],
							"lerp_mode": "catmullrom"
						},
						"0.25": {
							"post": [-45, -67.5, 0],
							"lerp_mode": "catmullrom"
						},
						"1.3333": {
							"post": [-45, -67.5, 0],
							"lerp_mode": "catmullrom"
						},
						"1.625": {
							"post": [-32.5, -45, 67.5],
							"lerp_mode": "catmullrom"
						},
						"1.75": {
							"post": [-32.5, -45, 55],
							"lerp_mode": "catmullrom"
						},
						"1.875": {
							"post": [-32.5, -45, 67.5],
							"lerp_mode": "catmullrom"
						}
					},
					"position": {
						"0.0": {
							"post": [0, 0, -1],
							"lerp_mode": "catmullrom"
						},
						"0.25": {
							"post": [0, 0, -1],
							"lerp_mode": "catmullrom"
						}
					}
				},
				"arm_right2": {
					"rotation": {
						"0.0": {
							"post": [0, -22.5, 0],
							"lerp_mode": "catmullrom"
						},
						"0.25": {
							"post": [0, 0, 0],
							"lerp_mode": "catmullrom"
						},
						"1.3333": {
							"post": [0, 0, 0],
							"lerp_mode": "catmullrom"
						},
						"1.625": {
							"post": [0, 0, -10],
							"lerp_mode": "catmullrom"
						}
					}
				},
				"finger_right1": {
					"rotation": {
						"0.0": {
							"post": [0, 0, -5],
							"lerp_mode": "catmullrom"
						}
					}
				},
				"finger_right2": {
					"rotation": {
						"0.0": {
							"post": [0, 0, -15],
							"lerp_mode": "catmullrom"
						}
					}
				},
				"finger_right3": {
					"rotation": {
						"0.0": {
							"post": [0, -10, -27.5],
							"lerp_mode": "catmullrom"
						}
					},
					"position": {
						"0.0": {
							"post": [0.5, 0, 0],
							"lerp_mode": "catmullrom"
						}
					}
				},
				"leg_left": {
					"rotation": {
						"0.0": {
							"post": [-45, 0, 0],
							"lerp_mode": "catmullrom"
						},
						"0.6667": {
							"post": [-45, 0, 0],
							"lerp_mode": "catmullrom"
						},
						"0.875": {
							"post": [-90, 0, 0],
							"lerp_mode": "catmullrom"
						},
						"1.25": {
							"post": [-45, 0, 0],
							"lerp_mode": "catmullrom"
						},
						"1.5": {
							"post": [-15, 0, 0],
							"lerp_mode": "catmullrom"
						}
					}
				},
				"leg_left2": {
					"rotation": {
						"0.0": {
							"post": [67.5, 0, 0],
							"lerp_mode": "catmullrom"
						},
						"0.6667": {
							"post": [67.5, 0, 0],
							"lerp_mode": "catmullrom"
						},
						"1.0": {
							"post": [20, 0, 0],
							"lerp_mode": "catmullrom"
						},
						"1.1667": {
							"post": [20, 0, 0],
							"lerp_mode": "catmullrom"
						},
						"1.2917": {
							"post": [0, 0, 0],
							"lerp_mode": "catmullrom"
						}
					}
				},
				"foot_left": {
					"rotation": {
						"1.25": {
							"pre": [0, 0, 0],
							"post": [0, 0, 0],
							"lerp_mode": "catmullrom"
						},
						"1.375": {
							"post": [-20, 0, 0],
							"lerp_mode": "catmullrom"
						},
						"1.5": {
							"post": [0, 0, 0],
							"lerp_mode": "catmullrom"
						},
						"1.625": {
							"post": [22.5, 0, 0],
							"lerp_mode": "catmullrom"
						}
					}
				},
				"toes_left": {
					"rotation": {
						"0.0": {
							"post": [-22.5, 0, 0],
							"lerp_mode": "catmullrom"
						},
						"1.5": {
							"post": [-22.5, 0, 0],
							"lerp_mode": "catmullrom"
						},
						"1.75": {
							"post": [22.5, 0, 0],
							"lerp_mode": "catmullrom"
						}
					}
				},
				"leg_right": {
					"rotation": {
						"0.0": {
							"post": [-30, 0, 0],
							"lerp_mode": "catmullrom"
						},
						"0.6667": {
							"post": [-30, 0, 0],
							"lerp_mode": "catmullrom"
						},
						"1.0": {
							"post": [-45, 0, 0],
							"lerp_mode": "catmullrom"
						},
						"1.375": {
							"post": [-45, 0, 0],
							"lerp_mode": "catmullrom"
						},
						"1.5833": {
							"post": [-2.5, 0, 0],
							"lerp_mode": "catmullrom"
						},
						"1.7083": {
							"post": [-10, 0, 0],
							"lerp_mode": "catmullrom"
						},
						"1.8333": {
							"post": [-2.5, 0, 0],
							"lerp_mode": "catmullrom"
						}
					},
					"position": {
						"0.0": {
							"post": [0, 0, 0],
							"lerp_mode": "catmullrom"
						}
					}
				},
				"leg_right2": {
					"rotation": {
						"0.0": {
							"post": [0, 0, 0],
							"lerp_mode": "catmullrom"
						},
						"0.2917": {
							"post": [0, 0, 0],
							"lerp_mode": "catmullrom"
						},
						"0.6667": {
							"post": [57.5, 0, 0],
							"lerp_mode": "catmullrom"
						},
						"1.0": {
							"post": [0, 0, 0],
							"lerp_mode": "catmullrom"
						}
					}
				},
				"foot_right": {
					"rotation": {
						"0.0": {
							"post": [30, 0, 0],
							"lerp_mode": "catmullrom"
						},
						"0.2917": {
							"post": [30, 0, 0],
							"lerp_mode": "catmullrom"
						},
						"0.6667": {
							"post": [-10, 0, 0],
							"lerp_mode": "catmullrom"
						},
						"1.0": {
							"post": [27.5, 0, 0],
							"lerp_mode": "catmullrom"
						}
					}
				},
				"toes_right": {
					"rotation": {
						"0.0": {
							"post": [0, 0, 0],
							"lerp_mode": "catmullrom"
						},
						"0.2917": {
							"post": [0, 0, 0],
							"lerp_mode": "catmullrom"
						},
						"0.6667": {
							"post": [-17.5, 0, 0],
							"lerp_mode": "catmullrom"
						},
						"1.0": {
							"post": [0, 0, 0],
							"lerp_mode": "catmullrom"
						},
						"1.5": {
							"post": [0, 0, 0],
							"lerp_mode": "catmullrom"
						},
						"1.75": {
							"post": [22.5, 0, 0],
							"lerp_mode": "catmullrom"
						}
					}
				},
				"leg_left_rotation": {
					"rotation": {
						"0.0": {
							"post": [0, -22.5, 0],
							"lerp_mode": "catmullrom"
						},
						"1.0": {
							"post": [0, 0, 0],
							"lerp_mode": "catmullrom"
						},
						"1.375": {
							"post": [0, 0, 0],
							"lerp_mode": "catmullrom"
						},
						"1.625": {
							"post": [0, -60, 0],
							"lerp_mode": "catmullrom"
						}
					},
					"position": {
						"1.0": {
							"pre": [0, 0, -1],
							"post": [0, 0, -1],
							"lerp_mode": "catmullrom"
						},
						"1.375": {
							"post": [0, 0, -1],
							"lerp_mode": "catmullrom"
						},
						"1.625": {
							"post": [0, 0, 2],
							"lerp_mode": "catmullrom"
						}
					}
				},
				"leg_right_rotation": {
					"rotation": {
						"0.0": {
							"post": [0, 45, 0],
							"lerp_mode": "catmullrom"
						},
						"0.1667": {
							"post": [0, 45, 0],
							"lerp_mode": "catmullrom"
						},
						"0.6667": {
							"post": [0, 22.5, 0],
							"lerp_mode": "catmullrom"
						},
						"1.0": {
							"post": [0, 0, 0],
							"lerp_mode": "catmullrom"
						}
					},
					"position": {
						"0.0": {
							"post": [1, 0, 0],
							"lerp_mode": "catmullrom"
						},
						"0.1667": {
							"post": [1, 0, 0],
							"lerp_mode": "catmullrom"
						},
						"0.4167": {
							"post": [1, 2, 2],
							"lerp_mode": "catmullrom"
						},
						"0.6667": {
							"post": [1, 0, 4],
							"lerp_mode": "catmullrom"
						},
						"1.0": {
							"post": [0, 0, -1],
							"lerp_mode": "catmullrom"
						},
						"1.375": {
							"post": [0, 0, -1],
							"lerp_mode": "catmullrom"
						},
						"1.625": {
							"post": [0, 0, 0],
							"lerp_mode": "catmullrom"
						}
					}
				},
				"eyelid_left": {
					"position": {
						"0.0": {
							"post": [1, 0, 0],
							"lerp_mode": "catmullrom"
						},
						"0.25": {
							"post": [0, 0, 0],
							"lerp_mode": "catmullrom"
						},
						"1.0": {
							"post": [1, 0, 0],
							"lerp_mode": "catmullrom"
						}
					}
				},
				"eyelid_right": {
					"position": {
						"0.0": {
							"post": [-1, 0, 0],
							"lerp_mode": "catmullrom"
						},
						"0.25": {
							"post": [0, 0, 0],
							"lerp_mode": "catmullrom"
						},
						"1.0": {
							"post": [-1, 0, 0],
							"lerp_mode": "catmullrom"
						}
					}
				},
				"teeth": {
					"scale": {
						"0.0": [1, 0, 1],
						"1.2083": {"pre": [1, 0, 1], "post": [1, 1, 1]}
					}
				}
			}
		},
		"animation.toxicroak.walkspeedtest": {
			"loop": true,
			"bones": {
				"toxicroak": {
					"position": [0, 0, "-q.anim_time*90*0.5"]
				}
			}
		},
		"animation.toxicroak.scaletest": {
			"loop": true,
			"bones": {
				"toxicroak": {
					"scale": 0.85
				}
			}
		},
		"animation.toxicroak.whentherouterdieslmfao": {
			"loop": true,
			"animation_length": 0.5,
			"bones": {
				"body": {
					"position": [0, -2.1, 0]
				},
				"torso": {
					"rotation": {
						"0.0": [0, -22.5, 0],
						"0.125": [0, -22.5, 0],
						"0.25": [0, 22.5, 0],
						"0.375": [0, 22.5, 0],
						"0.5": [0, -22.5, 0]
					}
				},
				"waist": {
					"rotation": {
						"0.0": [7.5, 0, 0],
						"0.0833": [7.5, 17.5, 0],
						"0.25": [7.5, 0, 0],
						"0.3333": [7.5, -17.5, 0],
						"0.5": [7.5, 0, 0]
					}
				},
				"chest": {
					"rotation": {
						"0.0": [12.5, 0, 0],
						"0.125": [12.5, 15, 0],
						"0.25": [12.5, 0, 0],
						"0.375": [12.5, -15, 0],
						"0.5": [12.5, 0, 0]
					}
				},
				"head": {
					"rotation": {
						"0.0": [27.5, 0, 0],
						"0.125": [27.5, 22.5, 0],
						"0.25": [27.5, 0, 0],
						"0.375": [27.5, -22.5, 0],
						"0.5": [27.5, 0, 0]
					}
				},
				"teeth": {
					"position": [0, 0, 1]
				},
				"eye_left": {
					"rotation": [25, 0, 0],
					"position": [0, 0, 0.5]
				},
				"pupil_left": {
					"position": [0, -0.5, 0]
				},
				"eye_right": {
					"rotation": [25, 0, 0],
					"position": [0, 0, 0.5]
				},
				"pupil_right": {
					"position": [0, -0.5, 0]
				},
				"arm_left": {
					"rotation": {
						"0.0": [-22.5, -22.5, 0],
						"0.0417": [0, 90, 0],
						"0.25": [45, 45, 0],
						"0.375": [0, -22.5, 0],
						"0.5": [-22.5, -22.5, 0]
					}
				},
				"arm_left2": {
					"rotation": {
						"0.0": [0, 67.5, 0],
						"0.0417": [0, 0, 0],
						"0.25": [0, 67.5, 0],
						"0.375": [0, 67.5, 0],
						"0.5": [0, 67.5, 0]
					}
				},
				"finger_left1": {
					"rotation": {
						"0.0": [0, 0, 45],
						"0.125": [0, 0, 45],
						"0.25": [0, 0, 45]
					}
				},
				"finger_left2": {
					"rotation": {
						"0.0": [0, 0, 45],
						"0.125": [0, 0, 45],
						"0.25": [0, 0, 45]
					}
				},
				"finger_left3": {
					"rotation": {
						"0.0": [0, -90, 0],
						"0.125": [0, -90, 0],
						"0.25": [0, -90, 0]
					}
				},
				"arm_right": {
					"rotation": {
						"0.0": [45, -45, 0],
						"0.125": [0, 22.5, 0],
						"0.25": [-22.5, -22.5, 0],
						"0.2917": [0, -90, 0],
						"0.5": [45, -45, 0]
					}
				},
				"arm_right2": {
					"rotation": {
						"0.0": [0, -67.5, 0],
						"0.125": [0, -67.5, 0],
						"0.25": [0, -67.5, 0],
						"0.2917": [0, 0, 0],
						"0.5": [0, -67.5, 0]
					}
				},
				"finger_right1": {
					"rotation": {
						"0.0": [0, 0, -45],
						"0.125": [0, 0, -45],
						"0.25": [0, 0, -45]
					}
				},
				"finger_right2": {
					"rotation": {
						"0.0": [0, 0, -45],
						"0.125": [0, 0, -45],
						"0.25": [0, 0, -45]
					}
				},
				"finger_right3": {
					"rotation": {
						"0.0": [0, 90, 0],
						"0.125": [0, 90, 0],
						"0.25": [0, 90, 0]
					}
				},
				"leg_left_rotation": {
					"rotation": [0, 0, -45],
					"position": [0, 0, 1]
				},
				"leg_left": {
					"rotation": [0, 0, 0]
				},
				"leg_left2": {
					"rotation": [67.5, -45, 0]
				},
				"foot_left": {
					"rotation": [-32.5, 27.5, 20]
				},
				"leg_right_rotation": {
					"rotation": [0, 0, 45],
					"position": [0, 0, 1]
				},
				"leg_right": {
					"rotation": [0, 0, 0]
				},
				"leg_right2": {
					"rotation": [67.5, 45, 0]
				},
				"foot_right": {
					"rotation": [-32.5, -27.5, -20]
				}
			}
		}
	}
}