{
	"format_version": "1.12.0",
	"minecraft:geometry": [
		{
			"description": {
				"identifier": "geometry.oremand",
				"texture_width": 256,
				"texture_height": 256,
				"visible_bounds_width": 8,
				"visible_bounds_height": 4.5,
				"visible_bounds_offset": [0, 1.75, 0]
			},
			"bones": [
				{
					"name": "omnicog",
					"pivot": [0, 0, 0]
				},
				{
					"name": "waist",
					"parent": "omnicog",
					"pivot": [0, 4.75, -1.5]
				},
				{
					"name": "leg_left",
					"parent": "waist",
					"pivot": [-5, 5, -1.5],
					"cubes": [
						{"origin": [-6.5, 2.5, -3], "size": [3, 3, 3], "uv": [0, 27]}
					]
				},
				{
					"name": "foot_left",
					"parent": "leg_left",
					"pivot": [-5, 3, -1.5],
					"cubes": [
						{"origin": [-7, 0, -3.5], "size": [4, 3, 4], "uv": [36, 94]}
					]
				},
				{
					"name": "leg_right",
					"parent": "waist",
					"pivot": [5, 5, -1.5],
					"cubes": [
						{"origin": [3.5, 2.5, -3], "size": [3, 3, 3], "uv": [0, 20]}
					]
				},
				{
					"name": "foot_right",
					"parent": "leg_right",
					"pivot": [5, 3, -1.5],
					"cubes": [
						{"origin": [3, 0, -3.5], "size": [4, 3, 4], "uv": [36, 86]}
					]
				},
				{
					"name": "body",
					"parent": "waist",
					"pivot": [0, 6.29805, -1.5],
					"cubes": [
						{"origin": [-5.56553, 19.33504, -10.2], "size": [3, 3, 0], "pivot": [-4.70849, 20.22305, -10.15], "rotation": [1.31845, 9.91358, 7.61435], "uv": [11, 0]},
						{"origin": [-8.56675, 17.66055, -10.1], "size": [8, 5, 0], "pivot": [-4.70849, 20.22305, -10.15], "rotation": [5.03837, 8.64917, 30.38126], "uv": [0, 13]},
						{"origin": [-9.5, 15.5, -9.5], "size": [19, 4, 16], "inflate": -0.001, "uv": [0, 20]},
						{"origin": [-8, 6.5, -9.5], "size": [16, 1, 16], "inflate": 0.001, "uv": [0, 41]},
						{"origin": [-8, 7.5, -3.5], "size": [16, 8, 10], "inflate": -0.001, "uv": [88, 39]},
						{"origin": [-8.80408, 6.58682, -9.5], "size": [2, 9, 16], "pivot": [-8.80408, 10.58682, -1.5], "rotation": [0, 0, -7.5], "uv": [74, 98]},
						{"origin": [6.80408, 6.58682, -9.5], "size": [2, 9, 16], "pivot": [8.80408, 10.58682, -1.5], "rotation": [0, 0, 7.5], "uv": [37, 93]},
						{"origin": [-9.5, 19.5, -9.5], "size": [9, 4, 16], "uv": [90, 77]},
						{"origin": [-9.5, 23.5, -10], "size": [9, 4, 17], "pivot": [-6, 25.5, -5.5], "rotation": [-0.45419, -0.56378, 12.39217], "uv": [0, 86]},
						{"origin": [-0.5, 21.5, -10], "size": [11, 6, 17], "pivot": [-6, 25.5, -5.5], "rotation": [-0.45419, -0.56378, 12.39217], "uv": [48, 42]},
						{"origin": [0.75, 16.975, 5.5], "size": [10, 3, 3], "uv": [139, 118]},
						{"origin": [7.75, 16.975, -8.5], "size": [3, 3, 14], "uv": [106, 58]},
						{"origin": [-11.7, 22.45, 5.5], "size": [9, 3, 3], "pivot": [-6, 26, 7], "rotation": [0, 0, -7.5], "uv": [141, 68]},
						{"origin": [-4.79343, 19.76234, 5.5], "size": [9, 3, 3], "inflate": -0.001, "pivot": [-0.49343, 21.96234, 7], "rotation": [0, 0, 50], "uv": [141, 75]},
						{"origin": [-11.7, 22.45, -11.5], "size": [9, 3, 3], "pivot": [-6, 26, -10], "rotation": [0, 0, -7.5], "uv": [93, 0]},
						{"origin": [-11.7, 22.45, -8.5], "size": [3, 3, 14], "pivot": [-6, 26, -10], "rotation": [0, 0, -7.5], "uv": [105, 0]},
						{"origin": [-4.79343, 19.76234, -11.5], "size": [9, 3, 3], "inflate": -0.001, "pivot": [-0.49343, 21.96234, -10], "rotation": [0, 0, 50], "uv": [141, 47]},
						{"origin": [0.75, 16.975, -11.5], "size": [10, 3, 3], "uv": [40, 139]},
						{"origin": [-5.5, 20.29805, -7], "size": [11, 18, 11], "pivot": [0, 26.29805, -1.5], "rotation": [0, 45, 0], "uv": [71, 9]},
						{"origin": [-4, 38.29805, -5.5], "size": [8, 5, 8], "pivot": [0, 40.79805, -1.5], "rotation": [0, 45, 0], "uv": [0, 108]},
						{"origin": [-4.5, 4.5, -6], "size": [9, 2, 9], "inflate": 0.001, "pivot": [0, 5.5, -1.5], "rotation": [0, 45, 0], "uv": [99, 100]},
						{"origin": [-3, 3.5, -4.5], "size": [6, 1, 6], "inflate": 0.001, "pivot": [0, 3.5, -1.5], "rotation": [0, 45, 0], "uv": [29, 121]}
					]
				},
				{
					"name": "mouthtop",
					"parent": "body",
					"pivot": [0, 13.5, -5.5],
					"cubes": [
						{"origin": [-8.5, 10.5, -8.5], "size": [17, 7, 0], "uv": [58, 0]}
					]
				},
				{
					"name": "jaw",
					"parent": "body",
					"pivot": [0, 10, -6.5],
					"cubes": [
						{"origin": [-7.5, 7.5, -8.5], "size": [15, 5, 0], "uv": [130, 112]}
					]
				},
				{
					"name": "arm_right",
					"parent": "body",
					"pivot": [-9, 13, 0.5],
					"cubes": [
						{"origin": [-12.5, 10, -2.5], "size": [5, 6, 6], "uv": [17, 139]},
						{"origin": [-17.5, 10.5, -2], "size": [7, 5, 5], "uv": [135, 13]}
					]
				},
				{
					"name": "forearm_right",
					"parent": "arm_right",
					"pivot": [-18.25, 13, 0.5],
					"cubes": [
						{"origin": [-19.5, 10, -2.5], "size": [2, 6, 6], "uv": [0, 86]},
						{"origin": [-24.5, 10.5, -2], "size": [5, 5, 5], "uv": [62, 141]}
					]
				},
				{
					"name": "hand_right",
					"parent": "forearm_right",
					"pivot": [-24.5, 13, 0.5],
					"cubes": [
						{"origin": [-29.5, 8.5, -3.5], "size": [5, 9, 8], "uv": [116, 18]},
						{"origin": [-25.5, 8, -4], "size": [2, 10, 9], "uv": [0, 122]},
						{"origin": [-42.5, 8.5, -3.5], "size": [13, 9, 0], "uv": [129, 98]},
						{"origin": [-42.5, 8.5, 4.5], "size": [13, 9, 0], "uv": [23, 129]}
					]
				},
				{
					"name": "crushingwheel_right",
					"parent": "hand_right",
					"pivot": [-38.5, 13, 0.5],
					"cubes": [
						{"origin": [-48, 3.5, -3], "size": [19, 19, 7], "pivot": [-38.5, 13, 0.5], "rotation": [-180, 0, 180], "uv": [53, 66]},
						{"origin": [-40, 11.5, -4], "size": [3, 3, 9], "pivot": [-38.5, 13, 0.5], "rotation": [-180, 0, 180], "uv": [125, 76]}
					]
				},
				{
					"name": "armgear_right",
					"parent": "arm_right",
					"pivot": [-12.6, 13, 0.5],
					"cubes": [
						{"origin": [-12.6, 8, -4.5], "size": [0, 10, 10], "uv": [128, 120]}
					]
				},
				{
					"name": "arm_left",
					"parent": "body",
					"pivot": [9, 13, 0.5],
					"cubes": [
						{"origin": [10.5, 10.5, -2], "size": [7, 5, 5], "uv": [131, 36]},
						{"origin": [7.5, 10, -2.5], "size": [5, 6, 6], "uv": [102, 130]}
					]
				},
				{
					"name": "forearm_left",
					"parent": "arm_left",
					"pivot": [18.25, 13, 0.5],
					"cubes": [
						{"origin": [17.5, 10, -2.5], "size": [2, 6, 6], "uv": [0, 0]},
						{"origin": [19.5, 10.5, -2], "size": [5, 5, 5], "uv": [58, 8]}
					]
				},
				{
					"name": "hand_left",
					"parent": "forearm_left",
					"pivot": [24.5, 13, 0.5],
					"cubes": [
						{"origin": [24.5, 8.5, -3.5], "size": [5, 9, 8], "uv": [111, 112]},
						{"origin": [23.5, 8, -4], "size": [2, 10, 9], "uv": [58, 119]},
						{"origin": [29.5, 8.5, -3.5], "size": [13, 9, 0], "uv": [127, 58]},
						{"origin": [29.5, 8.5, 4.5], "size": [13, 9, 0], "uv": [126, 0]}
					]
				},
				{
					"name": "crushingwheel_left",
					"parent": "hand_left",
					"pivot": [38.5, 13, 0.5],
					"cubes": [
						{"origin": [29, 3.5, -3], "size": [19, 19, 7], "pivot": [38.5, 13, 0.5], "rotation": [-180, 0, -180], "uv": [0, 59]},
						{"origin": [37, 11.5, -4], "size": [3, 3, 9], "pivot": [38.5, 13, 0.5], "rotation": [-180, 0, -180], "uv": [58, 93]}
					]
				},
				{
					"name": "armgear_left",
					"parent": "arm_left",
					"pivot": [12.6, 13, 0.5],
					"cubes": [
						{"origin": [12.6, 8, -4.5], "size": [0, 10, 10], "uv": [81, 124]}
					]
				},
				{
					"name": "emblem",
					"parent": "body",
					"pivot": [0, 10, 6.59857],
					"rotation": [0, 180, 0],
					"cubes": [
						{"origin": [-3, 9.5, 6.6], "size": [6, 1, 0], "pivot": [0, 10, 6.595], "rotation": [0, 0, -30], "uv": [0, 43]},
						{"origin": [-1, 9, 6.59], "size": [2, 2, 0], "pivot": [0, 10, 6.595], "rotation": [0, 0, 45], "uv": [0, 0]},
						{"origin": [-0.5, 9.5, 6.58], "size": [1, 1, 0], "pivot": [0, 10, 6.595], "rotation": [0, 0, 45], "uv": [0, 3]},
						{"origin": [-3, 9.5, 6.6], "size": [6, 1, 0], "uv": [0, 41]},
						{"origin": [-2, 9.5, 6.61], "size": [4, 1, 0], "pivot": [0, 10, 6.595], "rotation": [0, 0, -65], "uv": [0, 47]},
						{"origin": [-2, 9.5, 6.61], "size": [4, 1, 0], "pivot": [0, 10, 6.595], "rotation": [0, 0, 65], "uv": [0, 45]},
						{"origin": [-3, 9.5, 6.6], "size": [6, 1, 0], "pivot": [0, 10, 6.595], "rotation": [0, 0, 30], "uv": [0, 34]}
					]
				},
				{
					"name": "waistcog",
					"parent": "body",
					"pivot": [0, 5.5, -1.5],
					"cubes": [
						{"origin": [-9.5, 5.5, -11], "size": [19, 0, 19], "inflate": 0.001, "uv": [0, 0]}
					]
				}
			]
		}
	]
}