{
	"format_version": "1.12.0",
	"minecraft:geometry": [
		{
			"description": {
				"identifier": "geometry.torterra",
				"texture_width": 256,
				"texture_height": 256,
				"visible_bounds_width": 7,
				"visible_bounds_height": 5.5,
				"visible_bounds_offset": [0, 2.25, 0]
			},
			"bones": [
				{
					"name": "torterra",
					"pivot": [0, 0, 0]
				},
				{
					"name": "body",
					"parent": "torterra",
					"pivot": [0, 14, 0]
				},
				{
					"name": "dragons",
					"parent": "body",
					"pivot": [0, 14, 0]
				},
				{
					"name": "dragon",
					"parent": "dragons",
					"pivot": [0, 44, 3]
				},
				{
					"name": "Dhead",
					"parent": "dragon",
					"pivot": [0, 43.75, 0.25],
					"cubes": [
						{"origin": [-1, 43, -1], "size": [2, 2, 2], "uv": [0, 245]},
						{"origin": [0.75, 44.5, 0], "size": [0, 1, 2], "pivot": [1.75, 44.5, 1], "rotation": [25, 0, 0], "uv": [14, 246]},
						{"origin": [-0.75, 44.5, 0], "size": [0, 1, 2], "pivot": [0.25, 44.5, 1], "rotation": [25, 0, 0], "uv": [19, 246]},
						{"origin": [-0.5, 42.75, -2], "size": [1, 1, 2], "uv": [48, 253]},
						{"origin": [1.01, 43.75, -0.75], "size": [0, 1, 1], "uv": [1, 249]},
						{"origin": [-1.01, 43.75, -0.75], "size": [0, 1, 1], "uv": [1, 251]}
					]
				},
				{
					"name": "Dtorso",
					"parent": "dragon",
					"pivot": [0, 43.75, 3],
					"cubes": [
						{"origin": [-1, 42.75, 1], "size": [2, 2, 4], "uv": [0, 250]},
						{"origin": [-0.5, 43.5, 0], "size": [1, 1, 2], "uv": [35, 246]}
					]
				},
				{
					"name": "Dfrontleft",
					"parent": "dragon",
					"pivot": [0.75, 43.75, 2],
					"cubes": [
						{"origin": [0.25, 41.75, 1.5], "size": [1, 2, 1], "uv": [43, 253]}
					]
				},
				{
					"name": "Dfrontright",
					"parent": "dragon",
					"pivot": [-0.75, 43.75, 2],
					"cubes": [
						{"origin": [-1.25, 41.75, 1.5], "size": [1, 2, 1], "uv": [28, 249]}
					]
				},
				{
					"name": "Dbackleft",
					"parent": "dragon",
					"pivot": [0.75, 43.75, 4.25],
					"cubes": [
						{"origin": [0.25, 41.75, 3.75], "size": [1, 2, 1], "uv": [31, 253]}
					]
				},
				{
					"name": "Dbackright",
					"parent": "dragon",
					"pivot": [-0.75, 43.75, 4.25],
					"cubes": [
						{"origin": [-1.25, 41.75, 3.75], "size": [1, 2, 1], "uv": [23, 249]}
					]
				},
				{
					"name": "Dtail",
					"parent": "dragon",
					"pivot": [0, 44.25, 5],
					"cubes": [
						{"origin": [-1, 43.75, 5], "size": [2, 1, 1], "uv": [44, 250]},
						{"origin": [-0.5, 43.75, 6], "size": [1, 1, 2], "uv": [36, 253]},
						{"origin": [0, 43.75, 8], "size": [0, 1, 1], "uv": [24, 246]}
					]
				},
				{
					"name": "Dwingleft",
					"parent": "dragon",
					"pivot": [1, 44.25, 1.5],
					"cubes": [
						{"origin": [1, 43.75, 1], "size": [4, 1, 1], "uv": [12, 250]},
						{"origin": [1, 44.25, 2], "size": [4, 0, 3], "uv": [19, 253]}
					]
				},
				{
					"name": "Dwingright",
					"parent": "dragon",
					"pivot": [-1, 44.25, 1.5],
					"cubes": [
						{"origin": [-5, 43.75, 1], "size": [4, 1, 1], "uv": [33, 250]},
						{"origin": [-5, 44.25, 2], "size": [4, 0, 3], "uv": [10, 253]}
					]
				},
				{
					"name": "dragon2",
					"parent": "dragons",
					"pivot": [0, 44, 3]
				},
				{
					"name": "Dhead2",
					"parent": "dragon2",
					"pivot": [0, 43.75, 0.25],
					"cubes": [
						{"origin": [-1, 43, -1], "size": [2, 2, 2], "uv": [0, 245]},
						{"origin": [0.75, 44.5, 0], "size": [0, 1, 2], "pivot": [1.75, 44.5, 1], "rotation": [25, 0, 0], "uv": [14, 246]},
						{"origin": [-0.75, 44.5, 0], "size": [0, 1, 2], "pivot": [0.25, 44.5, 1], "rotation": [25, 0, 0], "uv": [19, 246]},
						{"origin": [-0.5, 42.75, -2], "size": [1, 1, 2], "uv": [48, 253]},
						{"origin": [1.01, 43.75, -0.75], "size": [0, 1, 1], "uv": [1, 249]},
						{"origin": [-1.01, 43.75, -0.75], "size": [0, 1, 1], "uv": [1, 251]}
					]
				},
				{
					"name": "Dtorso2",
					"parent": "dragon2",
					"pivot": [0, 43.75, 3],
					"cubes": [
						{"origin": [-1, 42.75, 1], "size": [2, 2, 4], "uv": [0, 250]},
						{"origin": [-0.5, 43.5, 0], "size": [1, 1, 2], "uv": [35, 246]}
					]
				},
				{
					"name": "Dfrontleft2",
					"parent": "dragon2",
					"pivot": [0.75, 43.75, 2],
					"cubes": [
						{"origin": [0.25, 41.75, 1.5], "size": [1, 2, 1], "uv": [43, 253]}
					]
				},
				{
					"name": "Dfrontright2",
					"parent": "dragon2",
					"pivot": [-0.75, 43.75, 2],
					"cubes": [
						{"origin": [-1.25, 41.75, 1.5], "size": [1, 2, 1], "uv": [28, 249]}
					]
				},
				{
					"name": "Dbackleft2",
					"parent": "dragon2",
					"pivot": [0.75, 43.75, 4.25],
					"cubes": [
						{"origin": [0.25, 41.75, 3.75], "size": [1, 2, 1], "uv": [31, 253]}
					]
				},
				{
					"name": "Dbackright2",
					"parent": "dragon2",
					"pivot": [-0.75, 43.75, 4.25],
					"cubes": [
						{"origin": [-1.25, 41.75, 3.75], "size": [1, 2, 1], "uv": [23, 249]}
					]
				},
				{
					"name": "Dtail2",
					"parent": "dragon2",
					"pivot": [0, 44.25, 5],
					"cubes": [
						{"origin": [-1, 43.75, 5], "size": [2, 1, 1], "uv": [44, 250]},
						{"origin": [-0.5, 43.75, 6], "size": [1, 1, 2], "uv": [36, 253]},
						{"origin": [0, 43.75, 8], "size": [0, 1, 1], "uv": [24, 246]}
					]
				},
				{
					"name": "Dwingleft2",
					"parent": "dragon2",
					"pivot": [1, 44.25, 1.5],
					"cubes": [
						{"origin": [1, 43.75, 1], "size": [4, 1, 1], "uv": [12, 250]},
						{"origin": [1, 44.25, 2], "size": [4, 0, 3], "uv": [19, 253]}
					]
				},
				{
					"name": "Dwingright2",
					"parent": "dragon2",
					"pivot": [-1, 44.25, 1.5],
					"cubes": [
						{"origin": [-5, 43.75, 1], "size": [4, 1, 1], "uv": [33, 250]},
						{"origin": [-5, 44.25, 2], "size": [4, 0, 3], "uv": [10, 253]}
					]
				},
				{
					"name": "dragon3",
					"parent": "dragons",
					"pivot": [0, 44, 3]
				},
				{
					"name": "Dhead3",
					"parent": "dragon3",
					"pivot": [0, 43.75, 0.25],
					"cubes": [
						{"origin": [-1, 43, -1], "size": [2, 2, 2], "uv": [0, 245]},
						{"origin": [0.75, 44.5, 0], "size": [0, 1, 2], "pivot": [1.75, 44.5, 1], "rotation": [25, 0, 0], "uv": [14, 246]},
						{"origin": [-0.75, 44.5, 0], "size": [0, 1, 2], "pivot": [0.25, 44.5, 1], "rotation": [25, 0, 0], "uv": [19, 246]},
						{"origin": [-0.5, 42.75, -2], "size": [1, 1, 2], "uv": [48, 253]},
						{"origin": [1.01, 43.75, -0.75], "size": [0, 1, 1], "uv": [1, 249]},
						{"origin": [-1.01, 43.75, -0.75], "size": [0, 1, 1], "uv": [1, 251]}
					]
				},
				{
					"name": "Dtorso3",
					"parent": "dragon3",
					"pivot": [0, 43.75, 3],
					"cubes": [
						{"origin": [-1, 42.75, 1], "size": [2, 2, 4], "uv": [0, 250]},
						{"origin": [-0.5, 43.5, 0], "size": [1, 1, 2], "uv": [35, 246]}
					]
				},
				{
					"name": "Dfrontleft3",
					"parent": "dragon3",
					"pivot": [0.75, 43.75, 2],
					"cubes": [
						{"origin": [0.25, 41.75, 1.5], "size": [1, 2, 1], "uv": [43, 253]}
					]
				},
				{
					"name": "Dfrontright3",
					"parent": "dragon3",
					"pivot": [-0.75, 43.75, 2],
					"cubes": [
						{"origin": [-1.25, 41.75, 1.5], "size": [1, 2, 1], "uv": [28, 249]}
					]
				},
				{
					"name": "Dbackleft3",
					"parent": "dragon3",
					"pivot": [0.75, 43.75, 4.25],
					"cubes": [
						{"origin": [0.25, 41.75, 3.75], "size": [1, 2, 1], "uv": [31, 253]}
					]
				},
				{
					"name": "Dbackright3",
					"parent": "dragon3",
					"pivot": [-0.75, 43.75, 4.25],
					"cubes": [
						{"origin": [-1.25, 41.75, 3.75], "size": [1, 2, 1], "uv": [23, 249]}
					]
				},
				{
					"name": "Dtail3",
					"parent": "dragon3",
					"pivot": [0, 44.25, 5],
					"cubes": [
						{"origin": [-1, 43.75, 5], "size": [2, 1, 1], "uv": [44, 250]},
						{"origin": [-0.5, 43.75, 6], "size": [1, 1, 2], "uv": [36, 253]},
						{"origin": [0, 43.75, 8], "size": [0, 1, 1], "uv": [24, 246]}
					]
				},
				{
					"name": "Dwingleft3",
					"parent": "dragon3",
					"pivot": [1, 44.25, 1.5],
					"cubes": [
						{"origin": [1, 43.75, 1], "size": [4, 1, 1], "uv": [12, 250]},
						{"origin": [1, 44.25, 2], "size": [4, 0, 3], "uv": [19, 253]}
					]
				},
				{
					"name": "Dwingright3",
					"parent": "dragon3",
					"pivot": [-1, 44.25, 1.5],
					"cubes": [
						{"origin": [-5, 43.75, 1], "size": [4, 1, 1], "uv": [33, 250]},
						{"origin": [-5, 44.25, 2], "size": [4, 0, 3], "uv": [10, 253]}
					]
				},
				{
					"name": "torso",
					"parent": "body",
					"pivot": [0, 13, 0],
					"cubes": [
						{"origin": [-12, 6.5, -16], "size": [24, 12, 31], "uv": [0, 80]},
						{"origin": [-14, 15, -15], "size": [28, 4, 33], "uv": [0, 43]},
						{"origin": [-14, 15, -23], "size": [28, 4, 8], "inflate": 0.001, "pivot": [0, 15, -15], "rotation": [-20, 0, 0], "uv": [88, 0]},
						{"origin": [-13, 19, -19.5], "size": [26, 7, 36], "inflate": 0.001, "uv": [0, 0]}
					]
				},
				{
					"name": "bone5",
					"parent": "torso",
					"pivot": [10.5, 25, -17],
					"rotation": [15, 0, 15],
					"cubes": [
						{"origin": [9, 25, -18.5], "size": [3, 4, 3], "uv": [157, 231]},
						{"origin": [10.5, 29, -18.5], "size": [0, 2, 3], "uv": [160, 220]},
						{"origin": [9, 29, -17], "size": [3, 2, 0], "uv": [160, 227]}
					]
				},
				{
					"name": "bone10",
					"parent": "torso",
					"pivot": [-10.5, 25, -17],
					"rotation": [15, 0, -15],
					"cubes": [
						{"origin": [-12, 25, -18.5], "size": [3, 4, 3], "uv": [157, 231]},
						{"origin": [-10.5, 29, -18.5], "size": [0, 2, 3], "uv": [160, 220]},
						{"origin": [-12, 29, -17], "size": [3, 2, 0], "uv": [160, 227]}
					]
				},
				{
					"name": "bone11",
					"parent": "torso",
					"pivot": [10.5, 25, 13],
					"rotation": [-15, 0, -15],
					"cubes": [
						{"origin": [9, 25, 11.5], "size": [3, 4, 3], "uv": [157, 231]},
						{"origin": [10.5, 29, 11.5], "size": [0, 2, 3], "uv": [160, 220]},
						{"origin": [9, 29, 13], "size": [3, 2, 0], "uv": [160, 227]}
					]
				},
				{
					"name": "bone3",
					"parent": "torso",
					"pivot": [2, 5, -8.5]
				},
				{
					"name": "bone",
					"parent": "bone3",
					"pivot": [-8, 24.5, 11.5],
					"rotation": [-14.51082, -3.84097, -14.51082],
					"cubes": [
						{"origin": [-10, 29.5, 9.5], "size": [4, 4, 4], "uv": [117, 248]},
						{"origin": [-9.5, 33.5, 10], "size": [3, 3, 3], "uv": [104, 250]},
						{"origin": [-8, 36.5, 10], "size": [0, 3, 3], "uv": [96, 246]},
						{"origin": [-9.5, 36.5, 11.5], "size": [3, 3, 0], "uv": [96, 253]},
						{"origin": [-10.5, 24.5, 9], "size": [5, 5, 5], "uv": [135, 246]}
					]
				},
				{
					"name": "bone2",
					"parent": "bone3",
					"pivot": [-8, 24, 5.5],
					"rotation": [-22.90981, -10.28859, -22.90981],
					"cubes": [
						{"origin": [-10, 29, 3.5], "size": [4, 4, 4], "uv": [117, 248]},
						{"origin": [-9.5, 33, 4], "size": [3, 3, 3], "uv": [104, 250]},
						{"origin": [-8, 36, 4], "size": [0, 3, 3], "uv": [96, 246]},
						{"origin": [-9.5, 36, 5.5], "size": [3, 3, 0], "uv": [96, 253]},
						{"origin": [-10.5, 24, 3], "size": [5, 5, 5], "uv": [135, 246]}
					]
				},
				{
					"name": "bone4",
					"parent": "bone3",
					"pivot": [-2, 24, 11.5],
					"rotation": [-22.90981, -10.28859, -22.90981],
					"cubes": [
						{"origin": [-4, 29, 9.5], "size": [4, 4, 4], "uv": [117, 248]},
						{"origin": [-3.5, 33, 10], "size": [3, 3, 3], "uv": [104, 250]},
						{"origin": [-2, 36, 10], "size": [0, 3, 3], "uv": [96, 246]},
						{"origin": [-3.5, 36, 11.5], "size": [3, 3, 0], "uv": [96, 253]},
						{"origin": [-4.5, 24, 9], "size": [5, 5, 5], "uv": [135, 246]}
					]
				},
				{
					"name": "bone7",
					"parent": "torso",
					"pivot": [1, 5, -9.5]
				},
				{
					"name": "eggs",
					"parent": "bone7",
					"pivot": [5, 26, -8]
				},
				{
					"name": "egg3",
					"parent": "eggs",
					"pivot": [8.5, 28, -11],
					"cubes": [
						{"origin": [-2.5, 28, -6], "size": [6, 2, 6], "uv": [232, 49]},
						{"origin": [-3, 29.25, -6.5], "size": [7, 4, 7], "uv": [192, 49]},
						{"origin": [-2.5, 33.25, -6], "size": [6, 2, 6], "uv": [214, 54]},
						{"origin": [-1.5, 35.25, -5], "size": [4, 1, 4], "uv": [192, 60]}
					]
				},
				{
					"name": "bone6",
					"parent": "bone7",
					"pivot": [0.5, 26, -6.5],
					"rotation": [-2.18106, 42.55294, 85.76389]
				},
				{
					"name": "bush_left4",
					"parent": "bone6",
					"pivot": [-0.76235, 26.09789, -7.85498],
					"rotation": [-95.60064, -68.24977, 7.25358],
					"cubes": [
						{"origin": [-3.2352, 21.12367, -13.17563], "size": [6, 0, 11], "uv": [217, 201]},
						{"origin": [-3.2352, 21.12367, -2.17563], "size": [6, 9, 0], "uv": [244, 247]},
						{"origin": [-3.2352, 30.12367, -13.17563], "size": [6, 0, 11], "uv": [215, 173]},
						{"origin": [-3.2352, 21.12367, -13.17563], "size": [6, 9, 0], "uv": [232, 247]},
						{"origin": [-3.2352, 21.12367, -13.17563], "size": [0, 9, 11], "uv": [156, 231]},
						{"origin": [2.7648, 21.12367, -13.17563], "size": [0, 9, 11], "uv": [186, 230]},
						{"origin": [-2.7352, 21.62367, -12.67563], "size": [5, 8, 10], "uv": [186, 214]}
					]
				},
				{
					"name": "bone9",
					"parent": "bone7",
					"pivot": [4.5, 26, 0.5],
					"rotation": [58.95536, 42.31418, 155.84384]
				},
				{
					"name": "bush_left6",
					"parent": "bone9",
					"pivot": [3.23765, 26.09789, -0.85498],
					"rotation": [-95.60064, -68.24977, 7.25358],
					"cubes": [
						{"origin": [0.7648, 21.12367, -6.17563], "size": [6, 0, 11], "uv": [217, 201]},
						{"origin": [0.7648, 21.12367, 4.82437], "size": [6, 9, 0], "uv": [244, 247]},
						{"origin": [0.7648, 30.12367, -6.17563], "size": [6, 0, 11], "uv": [215, 173]},
						{"origin": [0.7648, 21.12367, -6.17563], "size": [6, 9, 0], "uv": [232, 247]},
						{"origin": [0.7648, 21.12367, -6.17563], "size": [0, 9, 11], "uv": [156, 231]},
						{"origin": [6.7648, 21.12367, -6.17563], "size": [0, 9, 11], "uv": [186, 230]},
						{"origin": [1.2648, 21.62367, -5.67563], "size": [5, 8, 10], "uv": [186, 214]}
					]
				},
				{
					"name": "bone8",
					"parent": "bone7",
					"pivot": [-3.5, 26, 0.5],
					"rotation": [-60.46969, 39.31236, 17.64456]
				},
				{
					"name": "bush_left5",
					"parent": "bone8",
					"pivot": [-4.76235, 26.09789, -0.85498],
					"rotation": [-95.60064, -68.24977, 7.25358],
					"cubes": [
						{"origin": [-7.2352, 21.12367, -6.17563], "size": [6, 0, 11], "uv": [217, 201]},
						{"origin": [-7.2352, 21.12367, 4.82437], "size": [6, 9, 0], "uv": [244, 247]},
						{"origin": [-7.2352, 30.12367, -6.17563], "size": [6, 0, 11], "uv": [215, 173]},
						{"origin": [-7.2352, 21.12367, -6.17563], "size": [6, 9, 0], "uv": [232, 247]},
						{"origin": [-7.2352, 21.12367, -6.17563], "size": [0, 9, 11], "uv": [156, 231]},
						{"origin": [-1.2352, 21.12367, -6.17563], "size": [0, 9, 11], "uv": [186, 230]},
						{"origin": [-6.7352, 21.62367, -5.67563], "size": [5, 8, 10], "uv": [186, 214]}
					]
				},
				{
					"name": "head",
					"parent": "torso",
					"pivot": [0, 12.5, -16],
					"cubes": [
						{"origin": [-4.5, 8, -22.5], "size": [9, 3, 7], "inflate": 0.001, "uv": [0, 24]},
						{"origin": [4.5, 10, -27.5], "size": [0, 1, 5], "uv": [0, 11]},
						{"origin": [-4.5, 10, -27.5], "size": [0, 1, 5], "uv": [0, 12]},
						{"origin": [-4.5, 10, -27.5], "size": [9, 1, 0], "uv": [0, 15]},
						{"origin": [-2.5, 10, -30], "size": [5, 6, 3], "uv": [79, 80]},
						{"origin": [-4.5, 11, -27.5], "size": [9, 6, 12], "inflate": 0.001, "uv": [178, 0]},
						{"origin": [-4.75, 16.25, -27], "size": [2, 2, 0], "pivot": [-3.75, 16.25, -26], "rotation": [0, 0, 45], "uv": [216, 254]},
						{"origin": [1.25, 16.25, -27], "size": [2, 2, 0], "pivot": [2.25, 16.25, -26], "rotation": [0, 0, 45], "uv": [225, 254]},
						{"origin": [4.5, 9, -21.75], "size": [4, 4, 5], "uv": [48, 158]},
						{"origin": [8.5, 10, -20.75], "size": [4, 2, 4], "uv": [92, 152]},
						{"origin": [-16.5, 11, -19.75], "size": [4, 0, 3], "uv": [15, 15]},
						{"origin": [-12.5, 10, -20.75], "size": [4, 2, 4], "uv": [0, 142]},
						{"origin": [12.5, 11, -19.75], "size": [4, 0, 3], "uv": [23, 15]},
						{"origin": [-8.5, 9, -21.75], "size": [4, 4, 5], "uv": [0, 158]}
					]
				},
				{
					"name": "eye_left",
					"parent": "head",
					"pivot": [4.01, 13, -24.5],
					"cubes": [
						{"origin": [3.51, 11, -27], "size": [1, 3, 5], "uv": [111, 12]}
					]
				},
				{
					"name": "eyelid_left",
					"parent": "eye_left",
					"pivot": [3.91, 13, -24.5],
					"cubes": [
						{"origin": [3.41, 11, -27], "size": [1, 3, 5], "inflate": 0.01, "uv": [98, 94]}
					]
				},
				{
					"name": "eye_right",
					"parent": "head",
					"pivot": [-4.01, 13, -24.5],
					"cubes": [
						{"origin": [-4.51, 11, -27], "size": [1, 3, 5], "uv": [88, 12]}
					]
				},
				{
					"name": "eyelid_right",
					"parent": "eye_right",
					"pivot": [-3.91, 13, -24.5],
					"cubes": [
						{"origin": [-4.41, 11, -27], "size": [1, 3, 5], "inflate": 0.01, "uv": [19, 43]}
					]
				},
				{
					"name": "jaw",
					"parent": "head",
					"pivot": [0, 11, -22],
					"cubes": [
						{"origin": [-4.5, 10, -27.5], "size": [0, 1, 5], "uv": [0, 29]},
						{"origin": [4.5, 10, -27.5], "size": [0, 1, 5], "uv": [25, 25]},
						{"origin": [-4.5, 8, -27.5], "size": [9, 2, 5], "uv": [89, 68]},
						{"origin": [-3.75, 8.75, -27.51], "size": [2, 2, 0], "pivot": [-3.75, 8.75, -27.5], "rotation": [0, 0, -15], "uv": [132, 158]},
						{"origin": [1.75, 8.75, -27.51], "size": [2, 2, 0], "pivot": [3.75, 8.75, -27.5], "rotation": [0, 0, 15], "uv": [125, 158]}
					]
				},
				{
					"name": "tail",
					"parent": "torso",
					"pivot": [0, 12, 14],
					"cubes": [
						{"origin": [-4.5, 7.5, 14], "size": [9, 8, 8], "uv": [187, 186]}
					]
				},
				{
					"name": "tail2",
					"parent": "tail",
					"pivot": [0, 12, 21.5],
					"cubes": [
						{"origin": [-3.5, 8.5, 21], "size": [7, 6, 9], "uv": [0, 61]}
					]
				},
				{
					"name": "tail3",
					"parent": "tail2",
					"pivot": [0, 12, 29.5],
					"cubes": [
						{"origin": [-2.5, 9.5, 29], "size": [5, 4, 9], "uv": [79, 94]},
						{"origin": [0, 12, 33.5], "size": [0, 5, 5], "uv": [27, 122]},
						{"origin": [2, 12, 33.5], "size": [0, 5, 5], "uv": [27, 140]},
						{"origin": [-2, 12, 33.5], "size": [0, 5, 5], "uv": [27, 131]}
					]
				},
				{
					"name": "leg_front_left",
					"parent": "body",
					"pivot": [9.20214, 10.36054, -10],
					"cubes": [
						{"origin": [7.5, 5.5, -14.5], "size": [8, 9, 8], "pivot": [15.5, 5.5, -10.5], "rotation": [0, 0, -20], "uv": [103, 190]}
					]
				},
				{
					"name": "foot_front_left",
					"parent": "leg_front_left",
					"pivot": [11.5, 5.5, -12.5],
					"cubes": [
						{"origin": [7, 0, -15], "size": [9, 6, 9], "uv": [184, 74]},
						{"origin": [16, 0, -13], "size": [1, 3, 2], "uv": [0, 80]},
						{"origin": [6, 0, -13], "size": [1, 3, 2], "uv": [0, 61]},
						{"origin": [9.5, 0, -17], "size": [4, 5, 2], "uv": [176, 114]},
						{"origin": [9.5, 0, -6], "size": [4, 5, 2], "uv": [56, 176]}
					]
				},
				{
					"name": "leg_back_left",
					"parent": "body",
					"pivot": [9.20214, 10.36054, 9.5],
					"cubes": [
						{"origin": [7.5, 5.5, 6], "size": [8, 9, 8], "pivot": [15.5, 5.5, 9], "rotation": [0, 0, -20], "uv": [189, 89]}
					]
				},
				{
					"name": "foot_back_left",
					"parent": "leg_back_left",
					"pivot": [11.5, 5.5, 7],
					"cubes": [
						{"origin": [7, 0, 5.5], "size": [9, 6, 9], "uv": [180, 169]},
						{"origin": [16, 0, 7.5], "size": [1, 3, 2], "uv": [25, 51]},
						{"origin": [6, 0, 7.5], "size": [1, 3, 2], "uv": [19, 51]},
						{"origin": [9.5, 0, 3.5], "size": [4, 5, 2], "uv": [168, 30]},
						{"origin": [9.5, 0, 14.5], "size": [4, 5, 2], "uv": [28, 168]}
					]
				},
				{
					"name": "leg_back_right",
					"parent": "body",
					"pivot": [-9.20214, 10.36054, 9.5],
					"cubes": [
						{"origin": [-15.5, 5.5, 6], "size": [8, 9, 8], "pivot": [-15.5, 5.5, 9], "rotation": [0, 0, 20], "uv": [89, 51]}
					]
				},
				{
					"name": "foot_back_right",
					"parent": "leg_back_right",
					"pivot": [-11.5, 5.5, 7],
					"cubes": [
						{"origin": [-16, 0, 5.5], "size": [9, 6, 9], "uv": [0, 0]},
						{"origin": [-17, 0, 7.5], "size": [1, 3, 2], "uv": [0, 24]},
						{"origin": [-7, 0, 7.5], "size": [1, 3, 2], "uv": [0, 0]},
						{"origin": [-13.5, 0, 3.5], "size": [4, 5, 2], "uv": [66, 158]},
						{"origin": [-13.5, 0, 14.5], "size": [4, 5, 2], "uv": [158, 51]}
					]
				},
				{
					"name": "leg_front_right",
					"parent": "body",
					"pivot": [-9.20214, 10.36054, -10],
					"cubes": [
						{"origin": [-15.5, 5.5, -14.5], "size": [8, 9, 8], "pivot": [-15.5, 5.5, -10.5], "rotation": [0, 0, 20], "uv": [0, 188]}
					]
				},
				{
					"name": "foot_front_right",
					"parent": "leg_front_right",
					"pivot": [-11.5, 5.5, -12.5],
					"cubes": [
						{"origin": [-16, 0, -15], "size": [9, 6, 9], "uv": [178, 141]},
						{"origin": [-17, 0, -13], "size": [1, 3, 2], "uv": [26, 43]},
						{"origin": [-7, 0, -13], "size": [1, 3, 2], "uv": [27, 0]},
						{"origin": [-13.5, 0, -17], "size": [4, 5, 2], "uv": [0, 167]},
						{"origin": [-13.5, 0, -6], "size": [4, 5, 2], "uv": [164, 114]}
					]
				}
			]
		}
	]
}