{
    "species": "cobblemon:chikorita_vanguard",
    "order": 0,
    "variations": [
      {
        "aspects": [],
        "poser": "cobblemon:chikorita_vanguard",
        "model": "cobblemon:chikorita_vanguard.geo",
        "texture": "cobblemon:textures/vanguard/chikorita_vanguard/chikorita_vanguard.png",
        "layers": [ ]
      },
      {
        "aspects":[ "shiny" ],
        "texture": "cobblemon:textures/vanguard/chikorita_vanguard/chikorita_vanguard_shiny.png",
	  "layers": [ ]
	  }
    ]
}