{
    "species": "cobblemon:dugtrio_vanguard",
    "order": 0,
    "variations": [
      {
        "aspects": [],
        "poser": "cobblemon:dugtrio_vanguard",
        "model": "cobblemon:dugtrio_vanguard.geo",
        "texture": "cobblemon:textures/vanguard/dugtrio_vanguard/dugtrio_vanguard.png",
        "layers": []
		},
		{
        "aspects":[ "shiny" ],
        "texture": "cobblemon:textures/vanguard/dugtrio_vanguard/dugtrio_vanguard_shiny.png",
        "layers": []
      }
    ]
}