{
    "species": "cobblemon:graveler_vanguard",
    "order": 0,
    "variations": [
      {
        "aspects": [],
        "poser": "cobblemon:graveler_vanguard",
        "model": "cobblemon:graveler_vanguard.geo",
        "texture": "cobblemon:textures/vanguard/graveler_vanguard/graveler_vanguard.png",
        "layers": [
          {
                "name": "emissive",
                "emissive": true,
                "texture": "cobblemon:textures/vanguard/graveler_vanguard/graveler_vanguard_emissive.png",
                "translucent": true
          }
        ]
      },
      {
        "aspects":[ "shiny" ],
        "texture": "cobblemon:textures/vanguard/graveler_vanguard/graveler_vanguard_shiny.png",
        "layers": [
          {
                "name": "emissive",
                "emissive": true,
                "texture": "cobblemon:textures/vanguard/graveler_vanguard/graveler_vanguard_emissive_shiny.png",
                "translucent": true
          }
        ]
      }
    ]
}