{
    "species": "cobblemon:mareep_vanguard",
    "order": 0,
    "variations": [
      {
        "aspects": [],
        "poser": "cobblemon:mareep_vanguard",
        "model": "cobblemon:mareep_vanguard.geo",
        "texture": "cobblemon:textures/vanguard/mareep_vanguard/mareep_vanguard.png",
        "layers": [
          {
                "name": "emissive",
                "emissive": true,
                "texture": "cobblemon:textures/vanguard/mareep_vanguard/mareep_vanguard_emissive.png",
                "translucent": false
          }
        ]
      },
      {
        "aspects":[ "shiny" ],
        "texture": "cobblemon:textures/vanguard/mareep_vanguard/mareep_vanguard_shiny.png",
        "layers": [
          {
                "name": "emissive",
                "emissive": true,
                "texture": "cobblemon:textures/vanguard/mareep_vanguard/mareep_vanguard_emissive_shiny.png",
                "translucent": false
          }
        ]
      }
    ]
}