{
    "species": "cobblemon:meganium_vanguard",
    "order": 0,
    "variations": [
      {
        "aspects": [],
        "poser": "cobblemon:meganium_vanguard",
        "model": "cobblemon:meganium_vanguard.geo",
        "texture": "cobblemon:textures/vanguard/meganium_vanguard/meganium_vanguard.png",
        "layers": [ ]
      },
	  {
        "aspects":[ "shiny" ],
        "texture": "cobblemon:textures/vanguard/meganium_vanguard/meganium_vanguard_shiny.png",
	  "layers": [ ]
	  }
    ]
}