{
    "species": "cobblemon:venusaur_vanguard",
    "order": 0,
    "variations": [
      {
        "aspects": [],
        "poser": "cobblemon:venusaur_vanguard",
        "model": "cobblemon:venusaur_vanguard.geo",
        "texture": "cobblemon:textures/vanguard/venusaur_vanguard/venusaur_vanguard.png",
        "layers": [
          {
                "name": "emissive",
                "emissive": true,
                "texture": "cobblemon:textures/vanguard/venusaur_vanguard/venusaur_vanguard_emissive.png",
                "translucent": false
          }
        ]
      },
      {
        "aspects":[ "shiny" ],
        "texture": "cobblemon:textures/vanguard/venusaur_vanguard/venusaur_vanguard_shiny.png",
        "layers": [
          {
                "name": "emissive",
                "emissive": true,
                "texture": "cobblemon:textures/vanguard/venusaur_vanguard/venusaur_vanguard_emissive_shiny.png",
                "translucent": false
          }
        ]
      }
    ]
}