{
	"format_version": "1.12.0",
	"minecraft:geometry": [
		{
			"description": {
				"identifier": "geometry.thievul",
				"texture_width": 128,
				"texture_height": 64,
				"visible_bounds_width": 8,
				"visible_bounds_height": 5.5,
				"visible_bounds_offset": [0, 2.25, 0]
			},
			"bones": [
				{
					"name": "thievul",
					"pivot": [0, 0, 0]
				},
				{
					"name": "locator_root",
					"parent": "thievul",
					"pivot": [0, 0, 0],
					"locators": {
						"root": [0, 0, 0]
					}
				},
				{
					"name": "locator_top",
					"parent": "thievul",
					"pivot": [0, 34, 0],
					"locators": {
						"top": [0, 34, 0]
					}
				},
				{
					"name": "body",
					"parent": "thievul",
					"pivot": [-1, 17.4, 0]
				},
				{
					"name": "locator_target",
					"parent": "body",
					"pivot": [0, 16, -16.5],
					"locators": {
						"target": [0, 16, -16.5]
					}
				},
				{
					"name": "locator_middle",
					"parent": "body",
					"pivot": [0, 17, 0],
					"locators": {
						"middle": [0, 17, 0]
					}
				},
				{
					"name": "hips",
					"parent": "body",
					"pivot": [0, 17.3, 7.5]
				},
				{
					"name": "torso",
					"parent": "hips",
					"pivot": [-1, 17.2, 0],
					"cubes": [
						{"origin": [-3.5, 13.7, -1.5], "size": [7, 7, 11], "uv": [5, 32]}
					]
				},
				{
					"name": "torso2",
					"parent": "torso",
					"pivot": [0, 17.2, -1.5],
					"cubes": [
						{"origin": [-4, 13.2, -10.5], "size": [8, 8, 9], "uv": [0, 15]}
					]
				},
				{
					"name": "neck",
					"parent": "torso2",
					"pivot": [0, 21.2, -4.1],
					"rotation": [25, 0, 0],
					"cubes": [
						{"origin": [-3, 21.2, -10.1], "size": [6, 6, 6], "uv": [66, 2]}
					]
				},
				{
					"name": "head",
					"parent": "neck",
					"pivot": [0, 25.7, -7.8],
					"rotation": [-25, 0, 0]
				},
				{
					"name": "head_ai",
					"parent": "head",
					"pivot": [0, 25.7, -7.8]
				},
				{
					"name": "head_angle",
					"parent": "head_ai",
					"pivot": [0, 25.7, -7.8],
					"cubes": [
						{"origin": [-4, 25.7, -11.8], "size": [8, 7, 8], "uv": [0, 0]}
					]
				},
				{
					"name": "locator_face",
					"parent": "head_angle",
					"pivot": [0, 28.9, -11.8],
					"locators": {
						"face": [0, 28.9, -11.8]
					}
				},
				{
					"name": "locator_item_face",
					"parent": "head_angle",
					"pivot": [0, 28.9, -11.8],
					"locators": {
						"item_face": [0, 28.9, -11.8]
					}
				},
				{
					"name": "item_hat",
					"parent": "head_angle",
					"pivot": [0, 32.7, -7.8],
					"locators": {
						"item_hat": [0, 32.7, -7.8]
					}
				},
				{
					"name": "locator_head",
					"parent": "head_angle",
					"pivot": [0, 32.7, -10.3],
					"locators": {
						"head": [0, 32.7, -10.3]
					}
				},
				{
					"name": "locator_mouth",
					"parent": "head_angle",
					"pivot": [0, 26, -11.8],
					"locators": {
						"mouth": [0, 26, -11.8]
					}
				},
				{
					"name": "eyebrows",
					"parent": "head_angle",
					"pivot": [-2.5, 30.9, -11.81]
				},
				{
					"name": "eyebrow_right",
					"parent": "eyebrows",
					"pivot": [-2.5, 30.9, -11.81],
					"rotation": [0, 0, 6],
					"cubes": [
						{"origin": [-3.5, 30.4, -11.81], "size": [2, 1, 0], "uv": [0, 6]}
					]
				},
				{
					"name": "eyebrow_left",
					"parent": "eyebrows",
					"pivot": [2.5, 30.9, -11.81],
					"rotation": [0, 0, -6],
					"cubes": [
						{"origin": [1.5, 30.4, -11.81], "size": [2, 1, 0], "uv": [0, 7], "mirror": true}
					]
				},
				{
					"name": "snout",
					"parent": "head_angle",
					"pivot": [0, 28.2, -11.8],
					"rotation": [12, 0, 0],
					"cubes": [
						{"origin": [-1.5, 26.2, -16.8], "size": [3, 2, 5], "uv": [62, 14]},
						{"origin": [-1.5, 25.2, -12.8], "size": [0, 1, 4], "uv": [0, 11]},
						{"origin": [1.5, 25.2, -12.8], "size": [0, 1, 4], "uv": [0, 12]},
						{"origin": [0.85, 25.3, -15.3], "size": [0, 1, 1], "pivot": [1.45, 26, -14.3], "rotation": [-45, 25, 0], "uv": [4, 6]},
						{"origin": [-0.85, 25.3, -15.3], "size": [0, 1, 1], "pivot": [-1.45, 26, -14.3], "rotation": [-45, -25, 0], "uv": [4, 5]}
					]
				},
				{
					"name": "locator_jaw_upper",
					"parent": "snout",
					"pivot": [0, 26.1, -14.5],
					"locators": {
						"jaw1": [0, 26.1, -14.5]
					}
				},
				{
					"name": "locator_physical",
					"parent": "snout",
					"pivot": [0, 26.1, -14.5],
					"locators": {
						"physical": [0, 26.1, -14.5]
					}
				},
				{
					"name": "moustache",
					"parent": "snout",
					"pivot": [0, 26.6, -15.3]
				},
				{
					"name": "moustache_right",
					"parent": "moustache",
					"pivot": [-1.5, 26.6, -15.3],
					"rotation": [0, 0, 10]
				},
				{
					"name": "moustache_left",
					"parent": "moustache",
					"pivot": [1.5, 26.6, -15.3],
					"rotation": [0, 0, -10]
				},
				{
					"name": "jaw",
					"parent": "snout",
					"pivot": [0, 26, -11.8],
					"cubes": [
						{"origin": [-1, 25.2, -15.7], "size": [2, 1, 6], "uv": [70, 28]}
					]
				},
				{
					"name": "locator_jaw_lower",
					"parent": "jaw",
					"pivot": [0, 26.3, -14.5],
					"locators": {
						"jaw2": [0, 26.3, -14.5]
					}
				},
				{
					"name": "locator_item",
					"parent": "jaw",
					"pivot": [0, 26.2, -15.7],
					"rotation": [90, 0, 0],
					"locators": {
						"item": [0, 26.2, -15.7]
					}
				},
				{
					"name": "mane",
					"parent": "head_angle",
					"pivot": [0, 26.9, -11.6],
					"rotation": [-37.5, 0, 0],
					"cubes": [
						{"origin": [-3, 20.9, -11.6], "size": [6, 6, 4], "inflate": 0.03, "uv": [84, 54]}
					]
				},
				{
					"name": "mane2",
					"parent": "mane",
					"pivot": [0, 20.9, -11.6],
					"rotation": [27.5, 0, 0],
					"cubes": [
						{"origin": [-3, 15.9, -11.6], "size": [6, 5, 4], "inflate": 0.02, "uv": [64, 55]}
					]
				},
				{
					"name": "mane3",
					"parent": "mane2",
					"pivot": [0, 15.9, -11.6],
					"rotation": [50, 0, 0],
					"cubes": [
						{"origin": [-2, 9.9, -11.6], "size": [4, 6, 2], "inflate": 0.01, "uv": [52, 56]}
					]
				},
				{
					"name": "mane4",
					"parent": "mane3",
					"pivot": [0, 9.9, -11.6],
					"rotation": [32.5, 0, 0],
					"cubes": [
						{"origin": [-2, 9.9, -14.6], "size": [4, 0, 3], "uv": [77, 55]}
					]
				},
				{
					"name": "mask_right",
					"parent": "head_angle",
					"pivot": [-3, 31.7, -10.8],
					"rotation": [-172, 30, 15],
					"cubes": [
						{"origin": [-9, 31.7, -10.8], "size": [6, 5, 0], "uv": [0, 50]}
					]
				},
				{
					"name": "mask_left",
					"parent": "head_angle",
					"pivot": [3, 31.7, -10.8],
					"rotation": [-172, -30, -15],
					"cubes": [
						{"origin": [3, 31.7, -10.8], "size": [6, 5, 0], "uv": [12, 50]}
					]
				},
				{
					"name": "fluff_right",
					"parent": "head_angle",
					"pivot": [-4, 27.2, -8.3],
					"rotation": [-50, 25, -25],
					"cubes": [
						{"origin": [-7, 25.2, -8.3], "size": [3, 4, 0], "uv": [25, 19]}
					]
				},
				{
					"name": "fluff_left",
					"parent": "head_angle",
					"pivot": [4, 27.2, -8.3],
					"rotation": [-50, -25, 25],
					"cubes": [
						{"origin": [4, 25.2, -8.3], "size": [3, 4, 0], "uv": [25, 15]}
					]
				},
				{
					"name": "eyes",
					"parent": "head_angle",
					"pivot": [-1.5, 27.7, -9.05]
				},
				{
					"name": "eye_right",
					"parent": "eyes",
					"pivot": [-4, 28.7, -11.3],
					"cubes": [
						{"origin": [-4, 27.9, -11.8], "size": [2, 1, 1], "inflate": 0.01, "uv": [1, 4]}
					]
				},
				{
					"name": "eye_emote_right",
					"parent": "eye_right",
					"pivot": [-3, 29.2, -11.8],
					"cubes": [
						{"origin": [-4, 28.7, -11.812], "size": [2, 1, 0], "uv": [2, 3]}
					]
				},
				{
					"name": "eye_emote_right3",
					"parent": "eye_right",
					"pivot": [-1.7, 29.2, -11.8],
					"cubes": [
						{"origin": [-2.2, 28.7, -11.812], "size": [1, 1, 0], "uv": [0, 4]}
					]
				},
				{
					"name": "eye_emote_right2",
					"parent": "eye_right",
					"pivot": [-1.7, 28.4, -11.7],
					"cubes": [
						{"origin": [-2.2, 27.9, -11.7], "size": [1, 1, 0], "inflate": 0.01, "uv": [0, 3]}
					]
				},
				{
					"name": "pupil_right",
					"parent": "eye_right",
					"pivot": [-2.5, 29.2, -11.3],
					"cubes": [
						{"origin": [-3, 28.2, -11.8], "size": [1, 1, 1], "inflate": 0.025, "uv": [28, 2]}
					]
				},
				{
					"name": "locator_eye_right",
					"parent": "pupil_right",
					"pivot": [-2.5, 28.9, -11.8],
					"locators": {
						"eye1": [-2.5, 28.9, -11.8]
					}
				},
				{
					"name": "pupil_emote_right",
					"parent": "pupil_right",
					"pivot": [-2.5, 29.2, -11.3],
					"cubes": [
						{"origin": [-3, 28.7, -11.8], "size": [1, 1, 1], "inflate": 0.02, "uv": [28, 0]}
					]
				},
				{
					"name": "eye_left",
					"parent": "eyes",
					"pivot": [4, 28.7, -11.3],
					"cubes": [
						{"origin": [2, 27.9, -11.8], "size": [2, 1, 1], "inflate": 0.01, "uv": [1, 1], "mirror": true}
					]
				},
				{
					"name": "eye_emote_left",
					"parent": "eye_left",
					"pivot": [3, 29.2, -11.8],
					"cubes": [
						{"origin": [2, 28.7, -11.812], "size": [2, 1, 0], "uv": [2, 0], "mirror": true}
					]
				},
				{
					"name": "eye_emote_left3",
					"parent": "eye_left",
					"pivot": [1.7, 29.2, -11.8],
					"cubes": [
						{"origin": [1.2, 28.7, -11.812], "size": [1, 1, 0], "uv": [0, 1], "mirror": true}
					]
				},
				{
					"name": "eye_emote_left2",
					"parent": "eye_left",
					"pivot": [1.7, 28.4, -11.7],
					"cubes": [
						{"origin": [1.2, 27.9, -11.7], "size": [1, 1, 0], "inflate": 0.01, "uv": [0, 0], "mirror": true}
					]
				},
				{
					"name": "pupil_left",
					"parent": "eye_left",
					"pivot": [2.5, 29.2, -11.3],
					"cubes": [
						{"origin": [2, 28.2, -11.8], "size": [1, 1, 1], "inflate": 0.025, "uv": [24, 2], "mirror": true}
					]
				},
				{
					"name": "locator_eye_left",
					"parent": "pupil_left",
					"pivot": [2.5, 28.9, -11.8],
					"locators": {
						"eye2": [2.5, 28.9, -11.8]
					}
				},
				{
					"name": "pupil_emote_left",
					"parent": "pupil_left",
					"pivot": [2.5, 29.2, -11.3],
					"cubes": [
						{"origin": [2, 28.7, -11.8], "size": [1, 1, 1], "inflate": 0.02, "uv": [24, 0], "mirror": true}
					]
				},
				{
					"name": "eyelid_right",
					"parent": "eyes",
					"pivot": [-2.5, 28.7, -11.3]
				},
				{
					"name": "eyelid_neutral_right",
					"parent": "eyelid_right",
					"pivot": [-2.5, 28.7, -11.3],
					"cubes": [
						{"origin": [-3.9, 27.7, -11.7], "size": [3, 2, 1], "inflate": 0.03, "uv": [24, 50]}
					]
				},
				{
					"name": "eyelid_hurt_right",
					"parent": "eyelid_right",
					"pivot": [-2.5, 28.7, -11.3],
					"cubes": [
						{"origin": [-3.9, 27.7, -11.7], "size": [3, 2, 1], "inflate": 0.03, "uv": [24, 53]}
					]
				},
				{
					"name": "eyelid_happy_right",
					"parent": "eyelid_right",
					"pivot": [-2.5, 28.7, -11.3],
					"cubes": [
						{"origin": [-3.9, 27.7, -11.7], "size": [3, 2, 1], "inflate": 0.03, "uv": [24, 56]}
					]
				},
				{
					"name": "eyelid_left",
					"parent": "eyes",
					"pivot": [2.5, 28.7, -11.3]
				},
				{
					"name": "eyelid_neutral_left",
					"parent": "eyelid_left",
					"pivot": [2.5, 28.7, -11.3],
					"cubes": [
						{"origin": [0.9, 27.7, -11.7], "size": [3, 2, 1], "inflate": 0.03, "uv": [32, 50]}
					]
				},
				{
					"name": "eyelid_hurt_left",
					"parent": "eyelid_left",
					"pivot": [2.5, 28.7, -11.3],
					"cubes": [
						{"origin": [0.9, 27.7, -11.7], "size": [3, 2, 1], "inflate": 0.03, "uv": [32, 53]}
					]
				},
				{
					"name": "eyelid_happy_left",
					"parent": "eyelid_left",
					"pivot": [2.5, 28.7, -11.3],
					"cubes": [
						{"origin": [0.9, 27.7, -11.7], "size": [3, 2, 1], "inflate": 0.03, "uv": [32, 56]}
					]
				},
				{
					"name": "ears",
					"parent": "head_angle",
					"pivot": [0, 32.7, -7.3]
				},
				{
					"name": "ear_right",
					"parent": "ears",
					"pivot": [-3, 31.7, -6.8],
					"rotation": [0, -90, -15],
					"cubes": [
						{"origin": [-6, 31.7, -9.3], "size": [3, 5, 4], "uv": [42, 40]},
						{"origin": [-6, 36.7, -8.3], "size": [2, 4, 2], "uv": [52, 38]}
					]
				},
				{
					"name": "ear_left",
					"parent": "ears",
					"pivot": [3, 31.7, -6.8],
					"rotation": [0, 90, 15],
					"cubes": [
						{"origin": [3, 31.7, -9.3], "size": [3, 5, 4], "uv": [56, 40]},
						{"origin": [4, 36.7, -8.3], "size": [2, 4, 2], "uv": [66, 38]}
					]
				},
				{
					"name": "tail",
					"parent": "torso",
					"pivot": [-0.25, 19.7, 8.75],
					"rotation": [57.5, 0, 0],
					"cubes": [
						{"origin": [-1, 18.7, 8.75], "size": [2, 2, 6], "inflate": 0.01, "uv": [84, 0]}
					]
				},
				{
					"name": "tail2",
					"parent": "tail",
					"pivot": [0, 19.7, 12.75],
					"cubes": [
						{"origin": [-2, 17.7, 12.75], "size": [4, 4, 6], "uv": [50, 28]}
					]
				},
				{
					"name": "tail3",
					"parent": "tail2",
					"pivot": [-0.5, 19.7, 17.75],
					"cubes": [
						{"origin": [-3, 16.7, 17.75], "size": [6, 6, 8], "uv": [70, 14]}
					]
				},
				{
					"name": "tail4",
					"parent": "tail3",
					"pivot": [-0.5, 19.7, 24.75],
					"cubes": [
						{"origin": [-3.5, 16.2, 24.75], "size": [7, 7, 9], "uv": [96, 36]}
					]
				},
				{
					"name": "locator_tail",
					"parent": "tail4",
					"pivot": [0, 19.7, 28.8],
					"rotation": [-180, 0, 180],
					"locators": {
						"tail": [0, 19.7, 28.8]
					}
				},
				{
					"name": "tail5",
					"parent": "tail4",
					"pivot": [-0.5, 19.7, 32.75],
					"cubes": [
						{"origin": [-4, 15.7, 32.75], "size": [8, 8, 8], "uv": [96, 20]}
					]
				},
				{
					"name": "tail6",
					"parent": "tail5",
					"pivot": [0.75, 19.7, 39.75],
					"cubes": [
						{"origin": [-4.5, 15.2, 39.75], "size": [9, 9, 10], "uv": [90, 1]},
						{"origin": [-3.5, 16.2, 48.75], "size": [7, 7, 5], "uv": [104, 52]}
					]
				},
				{
					"name": "locator_tail_tip",
					"parent": "tail6",
					"pivot": [0, 19.7, 53.7],
					"rotation": [-90, 0, 180],
					"locators": {
						"tail_tip": [0, 19.7, 53.7]
					}
				},
				{
					"name": "locator_special",
					"parent": "tail6",
					"pivot": [0, 19.7, 53.7],
					"locators": {
						"special": [0, 19.7, 53.7]
					}
				},
				{
					"name": "tail_flap_middle_right",
					"parent": "tail6",
					"pivot": [-3.5, 19.7, 53.75],
					"rotation": [0, -45, 0],
					"cubes": [
						{"origin": [-3.5, 18.2, 53.75], "size": [0, 3, 3], "uv": [12, 52]}
					]
				},
				{
					"name": "tail_flap_top_middle",
					"parent": "tail6",
					"pivot": [0, 23.2, 53.75],
					"rotation": [45, 0, 0],
					"cubes": [
						{"origin": [-1.5, 23.2, 53.75], "size": [3, 0, 3], "uv": [-3, 55]}
					]
				},
				{
					"name": "tail_flap_middle_left",
					"parent": "tail6",
					"pivot": [3.5, 19.7, 53.75],
					"rotation": [0, 45, 0],
					"cubes": [
						{"origin": [3.5, 18.2, 53.75], "size": [0, 3, 3], "uv": [18, 52]}
					]
				},
				{
					"name": "tail_flap_middle_bottom",
					"parent": "tail6",
					"pivot": [0, 16.2, 53.75],
					"rotation": [-45, 0, 0],
					"cubes": [
						{"origin": [-1.5, 16.2, 53.75], "size": [3, 0, 3], "uv": [3, 55]}
					]
				},
				{
					"name": "tail_flap_top_right",
					"parent": "tail6",
					"pivot": [-2.5, 22.2, 53.75],
					"rotation": [45, 0, -45],
					"cubes": [
						{"origin": [-4, 22.2, 53.75], "size": [3, 0, 3], "uv": [-3, 58]}
					]
				},
				{
					"name": "tail_flap_top_left",
					"parent": "tail6",
					"pivot": [2.5, 22.2, 53.75],
					"rotation": [45, 0, 45],
					"cubes": [
						{"origin": [1, 22.2, 53.75], "size": [3, 0, 3], "uv": [3, 58]}
					]
				},
				{
					"name": "tail_flap_bottom_right",
					"parent": "tail6",
					"pivot": [-2.5, 17.2, 53.75],
					"rotation": [-45, 0, 45],
					"cubes": [
						{"origin": [-4, 17.2, 53.75], "size": [3, 0, 3], "uv": [9, 58]}
					]
				},
				{
					"name": "tail_flap_bottom_left",
					"parent": "tail6",
					"pivot": [2.5, 17.2, 53.75],
					"rotation": [-45, 0, -45],
					"cubes": [
						{"origin": [1, 17.2, 53.75], "size": [3, 0, 3], "uv": [15, 58]}
					]
				},
				{
					"name": "ftorso2",
					"parent": "hips",
					"pivot": [0, 17.2, -1.5]
				},
				{
					"name": "leg_front_right",
					"parent": "ftorso2",
					"pivot": [-4.5, 18.7, -7.05],
					"cubes": [
						{"origin": [-5.5, 9.7, -8.05], "size": [3, 3, 3], "inflate": 0.01, "uv": [44, 28]},
						{"origin": [-5.5, 12.7, -9.05], "size": [3, 8, 4], "inflate": 0.01, "uv": [34, 16]}
					]
				},
				{
					"name": "leg_front_right2",
					"parent": "leg_front_right",
					"pivot": [-4, 9.7, -5.05],
					"cubes": [
						{"origin": [-5, 0.7, -7.05], "size": [2, 9, 2], "uv": [0, 32]},
						{"origin": [-5.5, 5.75, -8.25], "size": [3, 1, 4], "pivot": [-4, 6.25, -6.05], "rotation": [-30, 0, 0], "uv": [20, 59]}
					]
				},
				{
					"name": "foot_front_right",
					"parent": "leg_front_right2",
					"pivot": [-4, 0.7, -6.05],
					"cubes": [
						{"origin": [-5.6, -0.07, -7.1], "size": [3, 1, 2], "uv": [86, 45]}
					]
				},
				{
					"name": "locator_foot_primary",
					"parent": "foot_front_right",
					"pivot": [-4.1, 0.4, -7.1],
					"rotation": [90, 0, 0],
					"locators": {
						"foot_primary": [-4.1, 0.4, -7.1]
					}
				},
				{
					"name": "toes_front_right",
					"parent": "foot_front_right",
					"pivot": [-4.1, -0.07349, -7.1],
					"cubes": [
						{"origin": [-5.6, -0.07349, -9.1], "size": [3, 1, 2], "inflate": 0.005, "uv": [86, 42]}
					]
				},
				{
					"name": "toe_claws_front_left",
					"parent": "toes_front_right",
					"pivot": [-4.1, -0.07, -8.1]
				},
				{
					"name": "toe_claw_inner_right",
					"parent": "toe_claws_front_left",
					"pivot": [-2.8, 0.93, -8.1],
					"cubes": [
						{"origin": [-2.8, -0.07, -9.1], "size": [0, 1, 1], "uv": [26, 6]}
					]
				},
				{
					"name": "toe_claw_middle_right",
					"parent": "toe_claws_front_left",
					"pivot": [-4.1, 0.93, -8.1],
					"cubes": [
						{"origin": [-4.1, -0.07, -9.1], "size": [0, 1, 1], "uv": [26, 5]}
					]
				},
				{
					"name": "toe_claw_outer_right",
					"parent": "toe_claws_front_left",
					"pivot": [-5.4, 0.93, -8.1],
					"cubes": [
						{"origin": [-5.4, -0.07, -9.1], "size": [0, 1, 1], "uv": [26, 4]}
					]
				},
				{
					"name": "leg_front_left",
					"parent": "ftorso2",
					"pivot": [4.5, 17.2, -6.55],
					"cubes": [
						{"origin": [2.5, 12.7, -9.05], "size": [3, 8, 4], "inflate": 0.01, "uv": [48, 16]},
						{"origin": [2.5, 9.7, -8.05], "size": [3, 3, 3], "inflate": 0.01, "uv": [64, 28]}
					]
				},
				{
					"name": "leg_front_left2",
					"parent": "leg_front_left",
					"pivot": [4, 9.7, -5.05],
					"cubes": [
						{"origin": [3, 0.7, -7.05], "size": [2, 9, 2], "uv": [8, 32]},
						{"origin": [2.5, 5.75, -8.25], "size": [3, 1, 4], "pivot": [4, 6.25, -6.05], "rotation": [-30, 0, 0], "uv": [34, 59]}
					]
				},
				{
					"name": "foot_front_left",
					"parent": "leg_front_left2",
					"pivot": [4, 0.7, -6.05],
					"cubes": [
						{"origin": [2.6, -0.07, -7.1], "size": [3, 1, 2], "uv": [78, 46]}
					]
				},
				{
					"name": "locator_foot_secondary1",
					"parent": "foot_front_left",
					"pivot": [4.1, 0.4, -7.1],
					"rotation": [90, 0, 0],
					"locators": {
						"foot_secondary1": [4.1, 0.4, -7.1]
					}
				},
				{
					"name": "toes_front_left",
					"parent": "foot_front_left",
					"pivot": [4.1, -0.07349, -7.1],
					"cubes": [
						{"origin": [2.6, -0.07349, -9.1], "size": [3, 1, 2], "inflate": 0.005, "uv": [78, 43]}
					]
				},
				{
					"name": "toe_claws_front_right",
					"parent": "toes_front_left",
					"pivot": [4.1, -0.07, -8.1]
				},
				{
					"name": "toe_claw_inner_left",
					"parent": "toe_claws_front_right",
					"pivot": [2.8, 0.93, -8.1],
					"cubes": [
						{"origin": [2.8, -0.07, -9.1], "size": [0, 1, 1], "uv": [24, 6]}
					]
				},
				{
					"name": "toe_claw_middle_left",
					"parent": "toe_claws_front_right",
					"pivot": [4.1, 0.93, -8.1],
					"cubes": [
						{"origin": [4.1, -0.07, -9.1], "size": [0, 1, 1], "uv": [24, 5]}
					]
				},
				{
					"name": "toe_claw_outer_left",
					"parent": "toe_claws_front_right",
					"pivot": [5.4, 0.93, -8.1],
					"cubes": [
						{"origin": [5.4, -0.07, -9.1], "size": [0, 1, 1], "uv": [24, 4]}
					]
				},
				{
					"name": "leg_back_right",
					"parent": "body",
					"pivot": [-3.5, 17.3, 7.5],
					"cubes": [
						{"origin": [-4.3, 8.8, 5.5], "size": [3, 11, 5], "inflate": 0.01, "uv": [48, 0]}
					]
				},
				{
					"name": "leg_back_right2",
					"parent": "leg_back_right",
					"pivot": [-2.8, 9.4, 10.7],
					"cubes": [
						{"origin": [-3.8, 0.9, 9.2], "size": [2, 9, 2], "uv": [30, 32]}
					]
				},
				{
					"name": "foot_back_right",
					"parent": "leg_back_right2",
					"pivot": [-2.3, 0.75, 10.2],
					"cubes": [
						{"origin": [-4.2, 0, 9.1], "size": [3, 1, 2], "uv": [86, 51]}
					]
				},
				{
					"name": "locator_foot_secondary2",
					"parent": "foot_back_right",
					"pivot": [-2.7, 0.5, 9.1],
					"rotation": [90, 0, 0],
					"locators": {
						"foot_secondary2": [-2.7, 0.5, 9.1]
					}
				},
				{
					"name": "toes_back_right",
					"parent": "foot_back_right",
					"pivot": [-2.7, 0, 9.1],
					"cubes": [
						{"origin": [-4.2, 0, 7.1], "size": [3, 1, 2], "inflate": 0.005, "uv": [86, 48]}
					]
				},
				{
					"name": "leg_back_left",
					"parent": "body",
					"pivot": [3.5, 17.3, 7.5],
					"cubes": [
						{"origin": [1.3, 8.8, 5.5], "size": [3, 11, 5], "inflate": 0.01, "uv": [32, 0]}
					]
				},
				{
					"name": "leg_back_left2",
					"parent": "leg_back_left",
					"pivot": [2.3, 8.8, 10.5],
					"cubes": [
						{"origin": [1.8, 0.9, 9.2], "size": [2, 9, 2], "uv": [38, 32]}
					]
				},
				{
					"name": "foot_back_left",
					"parent": "leg_back_left2",
					"pivot": [2.3, 0.75, 10.2],
					"cubes": [
						{"origin": [1.2, 0, 9.1], "size": [3, 1, 2], "uv": [78, 52]}
					]
				},
				{
					"name": "locator_foot_secondary3",
					"parent": "foot_back_left",
					"pivot": [2.7, 0.5, 9.1],
					"rotation": [90, 0, 0],
					"locators": {
						"foot_secondary3": [2.7, 0.5, 9.1]
					}
				},
				{
					"name": "toes_back_left",
					"parent": "foot_back_left",
					"pivot": [2.7, 0, 9.1],
					"cubes": [
						{"origin": [1.2, 0, 7.1], "size": [3, 1, 2], "inflate": 0.005, "uv": [78, 49]}
					]
				}
			]
		}
	]
}