{
	"format_version": "1.8.0",
	"animations": {
		"animation.sculking.blink": {
			"animation_length": 0.25,
			"bones": {
				"eye": {
					"position": {
						"0.0": [0, -0.25, 0.25],
						"0.125": [0, 0, 0]
					}
				}
			}
		},
		"animation.sculking.ground_idle2": {
			"loop": true,
			"bones": {
				"chest": {
					"rotation": ["15+math.sin(query.anim_time * 60) * 3", 0, 0],
					"position": [0, -0.5, 0]
				},
				"head": {
					"rotation": ["-14.7793+math.sin(query.anim_time * 120) * 3", -9.65594, -2.61298]
				},
				"jaw": {
					"rotation": ["25+math.sin(query.anim_time * 120) * 4", 0, 0]
				},
				"ear_left": {
					"rotation": [0, 0, 0]
				},
				"arm_right": {
					"rotation": ["24.9413+math.sin(query.anim_time * 90) * 3", 4.24688, "-54.0761+math.sin(query.anim_time * 60) * 3"],
					"position": [0.5, 0, 0]
				},
				"arm_right2": {
					"rotation": [0, -45, 0],
					"position": [0.25, 0, -0.75]
				},
				"bone2": {
					"scale": 0
				},
				"arm_left": {
					"rotation": ["24.6656943502+math.sin(query.anim_time * 120) * 6", 4.20854, 60.92053],
					"position": [-0.5, 0.25, 0]
				},
				"arm_left2": {
					"rotation": [0, 45, 0],
					"position": [-0.25, 0, -0.75]
				},
				"finger_left1": {
					"rotation": [0, 0, "math.sin(query.anim_time * 240) * 4"]
				},
				"finger_left2": {
					"rotation": [0, 0, "math.sin(query.anim_time * 210) * 3"]
				},
				"finger_left3": {
					"rotation": [0, 0, "math.sin(query.anim_time * 180) * 2"]
				},
				"leg_right": {
					"rotation": [-5, 0, 0]
				},
				"leg_right2": {
					"rotation": [15, 0, 0]
				},
				"leg_left": {
					"rotation": ["math.sin(query.anim_time * 90) * 3", 0, 0]
				},
				"leg_left2": {
					"rotation": [0, 0, 0]
				}
			}
		},
		"animation.sculking.ground_idle": {
			"loop": true,
			"bones": {
				"chest": {
					"rotation": ["math.sin(query.anim_time * 180) * 6", 0, 0]
				},
				"head": {
					"rotation": ["math.sin(query.anim_time * 90) * 6", 0, 0]
				},
				"jaw": {
					"rotation": ["25+math.sin(query.anim_time * 120) * 6", 0, 0]
				},
				"arm_right": {
					"rotation": ["math.sin(query.anim_time * 120) * 6", -45, 0],
					"position": [0.5, 0, 0]
				},
				"arm_right2": {
					"rotation": [0, -45, 0],
					"position": [0.25, 0, -0.75]
				},
				"arm_left": {
					"rotation": ["25+math.sin(query.anim_time * 90) * 3", 0, "45+math.sin(query.anim_time * 120) * 6"],
					"position": [-0.25, 0.25, 0]
				},
				"arm_left2": {
					"rotation": [0, 45, 0],
					"position": [-0.25, 0, -0.75]
				},
				"leg_right2": {
					"rotation": [10, 0, 0]
				},
				"leg_left": {
					"rotation": ["-5+math.sin(query.anim_time * 90) * 3", 0, 0]
				},
				"leg_left2": {
					"rotation": [10, 0, 0],
					"position": [0, 0.25, 0.25]
				}
			}
		},
		"animation.sculking.battle_idle": {
			"loop": true,
			"bones": {
				"chest": {
					"rotation": ["math.sin(query.anim_time * 180) * 6", 0, 0]
				},
				"head": {
					"rotation": ["math.sin(query.anim_time * 90) * 6", 0, 0]
				},
				"jaw": {
					"rotation": ["25+math.sin(query.anim_time * 120) * 6", 0, 0]
				},
				"arm_right": {
					"rotation": ["math.sin(query.anim_time * 120) * 6", -45, 0],
					"position": [0.5, 0, 0]
				},
				"arm_right2": {
					"rotation": [0, -45, 0],
					"position": [0.25, 0, -0.75]
				},
				"arm_left": {
					"rotation": ["25+math.sin(query.anim_time * 90) * 3", 0, "45+math.sin(query.anim_time * 120) * 6"],
					"position": [-0.25, 0.25, 0]
				},
				"arm_left2": {
					"rotation": [0, 45, 0],
					"position": [-0.25, 0, -0.75]
				},
				"leg_right2": {
					"rotation": [10, 0, 0]
				},
				"leg_left": {
					"rotation": ["-5+math.sin(query.anim_time * 90) * 3", 0, 0]
				},
				"leg_left2": {
					"rotation": [10, 0, 0],
					"position": [0, 0.25, 0.25]
				}
			}
		},
		"animation.sculking.cry": {
			"animation_length": 1.25,
			"bones": {
				"chest": {
					"rotation": {
						"0.0": [0, 0, 0],
						"0.25": [0, 0, 0],
						"0.5": [25, 0, 0],
						"1.25": [0, 0, 0]
					}
				},
				"head": {
					"rotation": {
						"0.0": [0, 0, 0],
						"0.25": [0, 0, 0],
						"0.3333": [-45, 0, 0],
						"1.25": [0, 0, 0]
					},
					"position": {
						"0.0": [0, 0, 0],
						"0.25": [0, 0, 0],
						"0.3333": [0, 1, -1],
						"1.25": [0, 0, 0]
					}
				},
				"jaw": {
					"rotation": {
						"0.0": [0, 0, 0],
						"0.25": [0, 0, 0],
						"0.5": [45, 0, 0],
						"1.25": [0, 0, 0]
					},
					"position": {
						"0.0": [0, 0, 0],
						"0.25": [0, 0, 0],
						"0.5": [0, -1, 0],
						"1.25": [0, 0, 0]
					}
				}
			},
			"sound_effects": {
				"0.5": {
					"effect": "pokemon.sculking.cry"
				}
			}
		},
		"animation.sculking.ground_walk": {
			"loop": true,
			"animation_length": 8.2917,
			"bones": {
				"chest": {
					"rotation": ["15+math.sin(query.anim_time * 120) * 6", 0, 0]
				},
				"head": {
					"rotation": ["-10+math.sin(query.anim_time * 120) * 3", 0, 0]
				},
				"jaw": {
					"rotation": ["25+math.sin(query.anim_time * 120) * 6", 0, 0]
				},
				"ear_right2": {
					"rotation": [0, 0, "math.sin(query.anim_time * 120) * -3"]
				},
				"ear_left2": {
					"rotation": [0, 0, "math.sin(query.anim_time * 120) * -3"]
				},
				"arm_right": {
					"rotation": [15, "math.sin(query.anim_time * 90) * 6", -60],
					"position": [0.5, 0, 0]
				},
				"arm_right2": {
					"rotation": [0, -45, 0],
					"position": [0.25, 0, -0.75]
				},
				"bone2": {
					"scale": 0
				},
				"arm_left": {
					"rotation": [66.4285, 17.54853, 55.24508],
					"position": [-0.5, 0.5, 0]
				},
				"arm_left2": {
					"rotation": [0, 45, 0],
					"position": [-0.25, 0, -0.75]
				},
				"leg_right": {
					"rotation": ["10+math.sin(query.anim_time * 200) * 3", 0, 0]
				},
				"leg_right2": {
					"rotation": [10, 0, 0]
				},
				"leg_left": {
					"rotation": ["math.sin(query.anim_time * 180) * 6", 0, 0]
				},
				"leg_left2": {
					"rotation": ["math.sin(query.anim_time * 90) * -3", 0, 0]
				},
				"ear_left1": {
					"rotation": [0, 0, "math.sin(query.anim_time * 90) * 6"]
				},
				"ear_right1": {
					"rotation": [0, 0, "math.sin(query.anim_time * 90) * 6"]
				}
			}
		}
	}
}