{
 "species": "cobblemon:reginigma",
 "order": 0,
 "variations": [
   {
     "aspects": [],
     "poser": "cobblemon:reginigma",
     "model": "cobblemon:reginigma.geo",
     "texture": "cobblemon:textures/pokemon/reginigma/reginigma.png",
     "layers": [{
		 "name": "emissive",
              "emissive": true,
              "texture": "cobblemon:textures/pokemon/reginigma/reginigma_emissive.png",
              "translucent": true
	 }]
   },
   {
     "aspects": [
       "shiny"
     ],
     "texture": "cobblemon:textures/pokemon/reginigma/reginigma_shiny.png",
	 "layers": [{
		 "name": "emissive",
              "emissive": true,
              "texture": "cobblemon:textures/pokemon/reginigma/reginigma_shiny_emissive.png",
              "translucent": true
	 }]
   }
 ]
}