{
	"format_version": "1.8.0",
	"animations": {
		"animation.kirlia_altered.ground_idle": {
			"loop": true,
			"bones": {
				"skirt_left": {
					"rotation": [0, 0, "-5-2*math.sin(q.anim_time*90*1-90)"]
				},
				"skirt_right": {
					"rotation": [0, 0, "7.5+2*math.sin(q.anim_time*90*1-90)"]
				},
				"chest": {
					"rotation": ["2.5-0.5*math.sin(q.anim_time*90*1-90)", 0, 0]
				},
				"arm_left": {
					"rotation": [39.22784, 13.74953, "43.5356-1*math.sin(q.anim_time*90*1+30)"]
				},
				"arm_left2": {
					"rotation": [-6.31757, 69.9023, -7.41709]
				},
				"arm_right": {
					"rotation": [39.22784, -13.74953, "-43.5356-1*math.sin(q.anim_time*90*1+30)"]
				},
				"arm_right2": {
					"rotation": [-6.31757, -69.9023, 7.41709]
				},
				"neck": {
					"rotation": ["-7.5-0.5*math.sin(q.anim_time*90*1-130)", 0, 0]
				},
				"leg_left": {
					"rotation": [4.88206, -1.08089, 12.45392]
				},
				"leg_left2": {
					"rotation": [0, 0, 0],
					"position": [0, 0.25, 0]
				},
				"leg_right": {
					"rotation": [-9.88206, -1.08089, -12.45392]
				},
				"leg_right2": {
					"rotation": [12.5, 0, 0]
				},
				"body": {
					"position": [0, -0.4, 0]
				},
				"arm_right3": {
					"rotation": [-0.3679, -42.47846, 0.06722]
				},
				"arm_left3": {
					"rotation": [-0.3679, 42.47846, -0.06722]
				},
				"torso": {
					"rotation": ["-0.5*math.sin(q.anim_time*90*1-50)", 0, 0],
					"position": [0, "0.05*math.sin(q.anim_time*90*1)", 0]
				},
				"head": {
					"rotation": ["7.5+2*math.sin(q.anim_time*90*1-160)", 0, 0]
				},
				"hair_side_left": {
					"rotation": [0, 0, "1*math.sin(q.anim_time*90*1-90)"]
				},
				"hair_side_right": {
					"rotation": [0, 0, "-(1*math.sin(q.anim_time*90*1-90))"]
				},
				"gammawisp": {
					"rotation": [0, "math.mod(query.anim_time*0.3,1)*360", 0]
				}
			}
		},
		"animation.kirlia_altered.ground_walk": {
			"loop": true,
			"animation_length": 4,
			"bones": {
				"skirt_left": {
					"rotation": [0, 0, "-12.5-3*math.sin(q.anim_time*90*6-90)"]
				},
				"skirt_right": {
					"rotation": [0, 0, "12.5+3*math.sin(q.anim_time*90*6-90)"]
				},
				"chest": {
					"rotation": ["7.5-0.5*math.sin(q.anim_time*90*3-90)", "-10*math.sin(q.anim_time*90*3-40)", "5*math.cos(q.anim_time*90*3-80)"]
				},
				"arm_left": {
					"rotation": [0, "-6*math.sin(q.anim_time*90*3-60)", "32.5-1*math.sin(q.anim_time*90*6-60)"]
				},
				"arm_left2": {
					"rotation": [0, "3+3*math.sin(q.anim_time*90*3-90)", "-7.5-2*math.sin(q.anim_time*90*6-110)"],
					"position": [-0.2, 0, 0]
				},
				"arm_right": {
					"rotation": [0, "-6*math.sin(q.anim_time*90*3-60)", "-32.5+1*math.sin(q.anim_time*90*6-60)"]
				},
				"arm_right2": {
					"rotation": [0, "-3+3*math.sin(q.anim_time*90*3-90)", 7.5],
					"position": [0.2, 0, 0]
				},
				"neck": {
					"rotation": ["-7.5-3*math.sin(q.anim_time*90*6-130)", 0, "-6*math.sin(q.anim_time*90*3-70)"]
				},
				"leg_left": {
					"rotation": {
						"0.0": {
							"post": [-3.66096, -10.59061, 1.47157],
							"lerp_mode": "catmullrom"
						},
						"0.3333": {
							"post": [-12.39638, 1.61888, 7.32417],
							"lerp_mode": "catmullrom"
						},
						"1.0": {
							"post": [14.94548, -1.29256, 4.83045],
							"lerp_mode": "catmullrom"
						},
						"1.3333": {
							"post": [-3.66096, -10.59061, 1.47157],
							"lerp_mode": "catmullrom"
						},
						"1.6667": {
							"post": [-12.39638, 1.61888, 7.32417],
							"lerp_mode": "catmullrom"
						},
						"2.3333": {
							"post": [14.94548, -1.29256, 4.83045],
							"lerp_mode": "catmullrom"
						},
						"2.6667": {
							"post": [-3.66096, -10.59061, 1.47157],
							"lerp_mode": "catmullrom"
						},
						"3.0": {
							"post": [-12.39638, 1.61888, 7.32417],
							"lerp_mode": "catmullrom"
						},
						"3.6667": {
							"post": [14.94548, -1.29256, 4.83045],
							"lerp_mode": "catmullrom"
						},
						"4.0": {
							"post": [-3.66096, -10.59061, 1.47157],
							"lerp_mode": "catmullrom"
						}
					},
					"position": {
						"0.0": [0, 0.18, 0.13],
						"0.1667": [0, 0.9, -0.5],
						"0.3333": [0, 0, -1],
						"1.0": [0, -0.25, 0.98079],
						"1.5": [0, 0.9, -0.5],
						"1.6667": [0, 0, -1],
						"2.3333": [0, -0.25, 0.98079],
						"2.8333": [0, 0.9, -0.5],
						"3.0": [0, 0, -1],
						"3.6667": [0, -0.25, 0.98079],
						"4.0": [0, 0.18, 0.13]
					}
				},
				"leg_left2": {
					"rotation": {
						"0.0": {
							"post": [36.56, 0, 0],
							"lerp_mode": "catmullrom"
						},
						"0.1667": {
							"post": [23, 0, 0],
							"lerp_mode": "catmullrom"
						},
						"0.3333": {
							"post": [0, 0, 0],
							"lerp_mode": "catmullrom"
						},
						"1.0": {
							"post": [20, 0, 0],
							"lerp_mode": "catmullrom"
						},
						"1.25": {
							"post": [39.05, 0, 0],
							"lerp_mode": "catmullrom"
						},
						"1.5": {
							"post": [23, 0, 0],
							"lerp_mode": "catmullrom"
						},
						"1.6667": {
							"post": [0, 0, 0],
							"lerp_mode": "catmullrom"
						},
						"2.3333": {
							"post": [20, 0, 0],
							"lerp_mode": "catmullrom"
						},
						"2.5833": {
							"post": [39.05, 0, 0],
							"lerp_mode": "catmullrom"
						},
						"2.8333": {
							"post": [23, 0, 0],
							"lerp_mode": "catmullrom"
						},
						"3.0": {
							"post": [0, 0, 0],
							"lerp_mode": "catmullrom"
						},
						"3.6667": {
							"post": [20, 0, 0],
							"lerp_mode": "catmullrom"
						},
						"3.9167": {
							"post": [39.05, 0, 0],
							"lerp_mode": "catmullrom"
						},
						"4.0": {
							"post": [36.56, 0, 0],
							"lerp_mode": "catmullrom"
						}
					}
				},
				"leg_right": {
					"rotation": {
						"0.0": {
							"post": [1.89, -1.51, -6.65],
							"lerp_mode": "catmullrom"
						},
						"0.3333": {
							"post": [14.94548, 1.29256, -4.83045],
							"lerp_mode": "catmullrom"
						},
						"0.6667": {
							"post": [-3.66096, 10.59061, -1.47157],
							"lerp_mode": "catmullrom"
						},
						"1.0": {
							"post": [-12.39638, -1.61888, -7.32417],
							"lerp_mode": "catmullrom"
						},
						"1.6667": {
							"post": [14.94548, 1.29256, -4.83045],
							"lerp_mode": "catmullrom"
						},
						"2.0": {
							"post": [-3.66096, 10.59061, -1.47157],
							"lerp_mode": "catmullrom"
						},
						"2.3333": {
							"post": [-12.39638, -1.61888, -7.32417],
							"lerp_mode": "catmullrom"
						},
						"3.0": {
							"post": [14.94548, 1.29256, -4.83045],
							"lerp_mode": "catmullrom"
						},
						"3.3333": {
							"post": [-3.66096, 10.59061, -1.47157],
							"lerp_mode": "catmullrom"
						},
						"3.6667": {
							"post": [-12.39638, -1.61888, -7.32417],
							"lerp_mode": "catmullrom"
						},
						"4.0": {
							"post": [1.89, -1.51, -6.65],
							"lerp_mode": "catmullrom"
						}
					},
					"position": {
						"0.0": [0, -0.13, -0.01],
						"0.3333": [0, -0.25, 0.98079],
						"0.8333": [0, 0.9, -0.5],
						"1.0": [0, 0, -1],
						"1.6667": [0, -0.25, 0.98079],
						"2.1667": [0, 0.9, -0.5],
						"2.3333": [0, 0, -1],
						"3.0": [0, -0.25, 0.98079],
						"3.5": [0, 0.9, -0.5],
						"3.6667": [0, 0, -1],
						"4.0": [0, -0.13, -0.01]
					}
				},
				"leg_right2": {
					"rotation": {
						"0.0": {
							"post": [7.37, 0, 0],
							"lerp_mode": "catmullrom"
						},
						"0.3333": {
							"post": [20, 0, 0],
							"lerp_mode": "catmullrom"
						},
						"0.5833": {
							"post": [39.05, 0, 0],
							"lerp_mode": "catmullrom"
						},
						"0.6667": {
							"post": [36.56, 0, 0],
							"lerp_mode": "catmullrom"
						},
						"0.8333": {
							"post": [23, 0, 0],
							"lerp_mode": "catmullrom"
						},
						"1.0": {
							"post": [0, 0, 0],
							"lerp_mode": "catmullrom"
						},
						"1.6667": {
							"post": [20, 0, 0],
							"lerp_mode": "catmullrom"
						},
						"1.9167": {
							"post": [39.05, 0, 0],
							"lerp_mode": "catmullrom"
						},
						"2.1667": {
							"post": [23, 0, 0],
							"lerp_mode": "catmullrom"
						},
						"2.3333": {
							"post": [0, 0, 0],
							"lerp_mode": "catmullrom"
						},
						"3.0": {
							"post": [20, 0, 0],
							"lerp_mode": "catmullrom"
						},
						"3.25": {
							"post": [39.05, 0, 0],
							"lerp_mode": "catmullrom"
						},
						"3.5": {
							"post": [23, 0, 0],
							"lerp_mode": "catmullrom"
						},
						"3.6667": {
							"post": [0, 0, 0],
							"lerp_mode": "catmullrom"
						},
						"4.0": {
							"post": [7.37, 0, 0],
							"lerp_mode": "catmullrom"
						}
					}
				},
				"body": {
					"position": [0, -0.4, 0]
				},
				"arm_right3": {
					"rotation": [0, "2-2*math.sin(q.anim_time*90*3-130)", "7.5+2*math.sin(q.anim_time*90*6-110)"],
					"position": [0.1, 0, 0]
				},
				"arm_left3": {
					"rotation": [0, "2+2*math.sin(q.anim_time*90*3-130)", -7.5],
					"position": [-0.1, 0, 0]
				},
				"torso": {
					"rotation": ["-0.5*math.sin(q.anim_time*90*6-50)", "10*math.sin(q.anim_time*90*3)", "-4*math.cos(q.anim_time*90*3-50)"],
					"position": [0, "-0.2+0.1*math.sin(q.anim_time*90*6)", "0.1*math.cos(q.anim_time*90*6)"]
				},
				"head": {
					"rotation": ["7.5+3*math.sin(q.anim_time*90*6-90)", "-5*math.sin(q.anim_time*90*3+40)", "-2*math.sin(q.anim_time*90*3+90)"]
				},
				"hair_side_left": {
					"rotation": ["1*math.sin(q.anim_time*90*6-20)", 0, "1*math.sin(q.anim_time*90*6-90)"]
				},
				"hair_side_right": {
					"rotation": ["1*math.sin(q.anim_time*90*6-120)", 0, "-(1*math.sin(q.anim_time*90*6-120))"]
				},
				"gammawisp": {
					"rotation": [0, "math.mod(query.anim_time*0.3,1)*360", 0]
				}
			}
		},
		"animation.kirlia_altered.sleep": {
			"loop": true,
			"bones": {
				"skirt_left": {
					"rotation": [0, 0, 12.5]
				},
				"skirt_right": {
					"rotation": [0, 0, -12.5]
				},
				"chest": {
					"rotation": ["12.5-0.5*math.sin(q.anim_time*90*1-90)", 0, 0]
				},
				"arm_left": {
					"rotation": [67.13839, 21.30971, "56.349-1*math.sin(q.anim_time*90*1+30)"]
				},
				"arm_left2": {
					"rotation": [-3.20661, 47.46994, -3.84552]
				},
				"arm_right": {
					"rotation": [65.33903, -22.60982, "-52.8431-1*math.sin(q.anim_time*90*1+30)"]
				},
				"arm_right2": {
					"rotation": [-3.20661, -47.46994, 3.84552]
				},
				"neck": {
					"rotation": ["10-0.5*math.sin(q.anim_time*90*1-130)", 0, 0]
				},
				"leg_left": {
					"rotation": [-17.5, -10, 0]
				},
				"leg_left2": {
					"rotation": [105, 0, 0],
					"position": [0, -0.25926, 0.03986]
				},
				"leg_right": {
					"rotation": [-17.5, 10, 0]
				},
				"leg_right2": {
					"rotation": [105, 0, 0],
					"position": [0, -0.25926, 0.03986]
				},
				"body": {
					"position": [0, -4.2, 0]
				},
				"arm_right3": {
					"rotation": [-0.29364, -22.47878, -0.06895]
				},
				"arm_left3": {
					"rotation": [-0.29364, 22.47878, 0.06895]
				},
				"torso": {
					"rotation": ["-7.5-0.5*math.sin(q.anim_time*90*1-50)", 0, 0],
					"position": [0, "-1.25+0.05*math.sin(q.anim_time*90*1)", 0]
				},
				"head": {
					"rotation": ["35+2*math.sin(q.anim_time*90*1-160)", 0, 0]
				},
				"hair_side_left": {
					"rotation": [-20, 0, "0+1*math.sin(q.anim_time*90*1-90)"]
				},
				"hair_side_right": {
					"rotation": [-20, 0, "0+1*math.sin(q.anim_time*90*1-90)"]
				},
				"eyelid_left": {
					"position": [0, 0, -0.1]
				},
				"eyelid_right": {
					"position": [0, 0, -0.1]
				},
				"gammawisp": {
					"rotation": [0, "math.mod(query.anim_time*0.3,1)*360", 0]
				}
			}
		},
		"animation.kirlia_altered.battle_idle": {
			"loop": true,
			"bones": {
				"skirt_left": {
					"rotation": [0, 0, "-12.5-1*math.sin(q.anim_time*90*16-90)"]
				},
				"skirt_right": {
					"rotation": [0, 0, "12.5+1*math.sin(q.anim_time*90*16-90)"]
				},
				"chest": {
					"rotation": ["2.5-0.2*math.sin(q.anim_time*90*16-90)", 0, "-0.5*math.sin(q.anim_time*90*8-80)"]
				},
				"arm_left": {
					"rotation": [18.71049, "29.2901-0.2*math.sin(q.anim_time*90*16)", "15.6568+0.5*math.sin(q.anim_time*90*16)"]
				},
				"arm_left2": {
					"rotation": [-6.31757, 69.9023, -7.41709]
				},
				"arm_right": {
					"rotation": [18.6819, "-29.3064+0.2*math.sin(q.anim_time*90*16)", "-16.5155-0.5*math.sin(q.anim_time*90*16)"]
				},
				"arm_right2": {
					"rotation": [-6.31757, -69.9023, 7.41709]
				},
				"neck": {
					"rotation": ["-7.5082-0.5*math.sin(q.anim_time*90*1-130)", "3.993-4*math.sin(q.anim_time*90*1)", -0.23643]
				},
				"leg_left": {
					"rotation": [9.84195, "-1.7247-4*math.sin(q.anim_time*90*1-50)", 7.33242],
					"position": [0, "math.clamp(-0.3*math.sin(q.anim_time*90*8),0,1)", 0]
				},
				"leg_left2": {
					"rotation": ["math.clamp(-2*math.sin(q.anim_time*90*8+20),0,5)", 0, 0],
					"position": [0, 0.25, 0]
				},
				"leg_right": {
					"rotation": [-4.95748, "-0.2137-4*math.sin(q.anim_time*90*1-50)", -10.00959],
					"position": [0, "math.clamp(0.3*math.sin(q.anim_time*90*8),0,1)", 0]
				},
				"leg_right2": {
					"rotation": ["2.651+math.clamp(2*math.sin(q.anim_time*90*8+20),0,5)", -1.73601, 0.03569]
				},
				"body": {
					"rotation": [0, "4*math.sin(q.anim_time*90*1)", 0],
					"position": [0, -0.4, 0]
				},
				"arm_right3": {
					"rotation": [-1.87157, -47.96336, 0.92692]
				},
				"arm_left3": {
					"rotation": [-1.92026, 47.94858, -0.80739]
				},
				"torso": {
					"rotation": ["0-0.5*math.sin(q.anim_time*90*1-50)", -2.5, "0.5*math.sin(q.anim_time*90*8-50)"],
					"position": [0, "-0.1+0.07*math.sin(q.anim_time*90*16)", 0]
				},
				"head": {
					"rotation": ["7.5+0.2*math.sin(q.anim_time*90*16)", 0, 0]
				},
				"hair_side_left": {
					"rotation": [0, 0, "0.2*math.sin(q.anim_time*90*16-90)+2*math.sin(q.anim_time*90*1-90)"]
				},
				"hair_side_right": {
					"rotation": [0, 0, "-(0.2*math.sin(q.anim_time*90*16-90)+2*math.sin(q.anim_time*90*1-90))"]
				},
				"gammawisp": {
					"rotation": [0, "math.mod(query.anim_time*0.3,1)*360", 0]
				}
			}
		},
		"animation.kirlia_altered.blink": {
			"animation_length": 0.1667,
			"bones": {
				"eyelid_left": {
					"position": {
						"0.0": [0, 0, -0.1],
						"0.125": [0, 0, -0.1],
						"0.1667": [0, 0, 0]
					}
				},
				"eyelid_right": {
					"position": {
						"0.0": [0, 0, -0.1],
						"0.125": [0, 0, -0.1],
						"0.1667": [0, 0, 0]
					}
				}
			}
		},
		"animation.kirlia_altered.cry": {
			"animation_length": 2,
			"bones": {
				"chest": {
					"rotation": {
						"0.0": {
							"post": [0, 0, 0],
							"lerp_mode": "catmullrom"
						},
						"0.25": {
							"post": [2.5, 0, 0],
							"lerp_mode": "catmullrom"
						},
						"0.875": {
							"post": [-1, 0, 0],
							"lerp_mode": "catmullrom"
						},
						"1.7083": {
							"post": [0, 0, 0],
							"lerp_mode": "catmullrom"
						}
					}
				},
				"neck": {
					"rotation": {
						"0.0": {
							"post": [0, 0, 0],
							"lerp_mode": "catmullrom"
						},
						"0.125": {
							"post": [2.5, 0, 0],
							"lerp_mode": "catmullrom"
						},
						"0.5417": {
							"post": [-1, 0, 0],
							"lerp_mode": "catmullrom"
						},
						"1.5833": {
							"post": [0, 0, 0],
							"lerp_mode": "catmullrom"
						}
					}
				},
				"head": {
					"rotation": {
						"0.0": {
							"post": [0, 0, 0],
							"lerp_mode": "catmullrom"
						},
						"0.1667": {
							"post": [5, 0, 0],
							"lerp_mode": "catmullrom"
						},
						"0.3333": {
							"post": [-5, 0, 0],
							"lerp_mode": "catmullrom"
						},
						"0.375": {
							"post": [-4.57, 0, 0],
							"lerp_mode": "catmullrom"
						},
						"0.4167": {
							"post": [-5.78, 0, 0],
							"lerp_mode": "catmullrom"
						},
						"0.4583": {
							"post": [-5, 0, 0],
							"lerp_mode": "catmullrom"
						},
						"0.5": {
							"post": [-7.24, 0, 0],
							"lerp_mode": "catmullrom"
						},
						"0.9583": {
							"post": [-7.24, 0, 0],
							"lerp_mode": "catmullrom"
						},
						"1.3333": {
							"post": [2, 0, 0],
							"lerp_mode": "catmullrom"
						},
						"1.875": {
							"post": [0, 0, 0],
							"lerp_mode": "catmullrom"
						}
					}
				},
				"hair_side_left": {
					"rotation": {
						"0.0": {
							"post": [0, 0, 0],
							"lerp_mode": "catmullrom"
						},
						"0.2083": {
							"post": [0, 0, 2],
							"lerp_mode": "catmullrom"
						},
						"0.4583": {
							"post": [0, 0, -2],
							"lerp_mode": "catmullrom"
						},
						"0.7083": {
							"post": [0, 0, -2],
							"lerp_mode": "catmullrom"
						},
						"1.2917": {
							"post": [0, 0, 1],
							"lerp_mode": "catmullrom"
						},
						"1.7917": {
							"post": [0, 0, 0],
							"lerp_mode": "catmullrom"
						}
					}
				},
				"hair_side_right": {
					"rotation": {
						"0.0": {
							"post": [0, 0, 0],
							"lerp_mode": "catmullrom"
						},
						"0.2083": {
							"post": [0, 0, -2],
							"lerp_mode": "catmullrom"
						},
						"0.4583": {
							"post": [0, 0, 2],
							"lerp_mode": "catmullrom"
						},
						"0.7083": {
							"post": [0, 0, 2],
							"lerp_mode": "catmullrom"
						},
						"1.2917": {
							"post": [0, 0, -1],
							"lerp_mode": "catmullrom"
						},
						"1.7917": {
							"post": [0, 0, 0],
							"lerp_mode": "catmullrom"
						}
					}
				}
			},
			"sound_effects": {
				"0.2917": {
					"effect": "pokemon.kirlia_altered.cry"
				}
			}
		}
	}
}