{
    "features": [
        "qlovean"
    ],
    "forms": [
        {
            "abilities": [
                "angerpoint",
                "pickup",
                "h:ironfist"
            ],
            "aspects": [
                "qlovean"
            ],
            "baseExperienceYield": 169,
            "baseFriendship": 100,
            "baseScale": 0.6,
            "baseStats": {
                "attack": 110,
                "defence": 69,
                "hp": 75,
                "special_attack": 50,
                "special_defence": 55,
                "speed": 121
            },
            "behaviour": {
                "moving": {
                    "walk": {
                        "walkSpeed": 0.25
                    }
                },
                "resting": {
                    "canSleep": true,
                    "light": "0-4"
                }
            },
            "catchRate": 40,
            "drops": {
                "amount": 1,
                "entries": [
                    {
                        "item": "cobblemon:muscle_band",
                        "percentage": 10.0
                    }
                ]
            },
            "eggCycles": 20,
            "eggGroups": [
                "field"
            ],
            "evolutions": [
            ],
            "evYield": {
                "attack": 0,
                "defence": 0,
                "hp": 0,
                "special_attack": 0,
                "special_defence": 0,
                "speed": 2
            },
            "experienceGroup": "fast",
            "height": 12,
            "hitbox": {
                "fixed": false,
                "height": 2,
                "width": 0.9
            },
            "labels": [
                "gen4",
                "qlovean"
            ],
            "maleRatio": 0.7,
            "moves": [
                "1:scratch",
                "1:tailwhip",
                "1:sandattack",
                "1:astonish",
                "1:dualchop",
                "1:mudbomb",
                "11:batonpass",
                "15:tickle",
                "18:furyswipes",
                "22:swift",
                "25:screech",
                "29:dizzypunch",
                "32:seismictoss",
                "36:closecombat",
                "39:nastyplot",
                "43:lastresort",
                "egg:beatup",
                "egg:bounce",
                "egg:counter",
                "egg:covet",
                "egg:doubleslap",
                "egg:fakeout",
                "egg:furyswipes",
                "egg:irontail",
                "egg:pursuit",
                "egg:quickguard",
                "egg:slam",
                "egg:switcheroo",
                "tm:acrobatics",
                "tm:aerialace",
                "tm:agility",
                "tm:assurance",
                "tm:batonpass",
                "tm:beatup",
                "tm:bounce",
                "tm:brickbreak",
                "tm:brutalswing",
                "tm:chillingwater",
                "tm:covet",
                "tm:cut",
                "tm:dig",
                "tm:doubleedge",
                "tm:dreameater",
                "tm:dualchop",
                "tm:endeavor",
                "tm:endure",
                "tm:facade",
                "tm:firepunch",
                "tm:fling",
                "tm:focuspunch",
                "tm:foulplay",
                "tm:furycutter",
                "tm:gigaimpact",
                "tm:grassknot",
                "tm:gunkshot",
                "tm:headbutt",
                "tm:helpinghand",
                "tm:honeclaws",
                "tm:hyperbeam",
                "tm:icepunch",
                "tm:drainpunch",
                "tm:knockoff",
                "tm:laserfocus",
                "tm:lastresort",
                "tm:lowkick",
                "tm:lowsweep",
                "tm:megakick",
                "tm:megapunch",
                "tm:metronome",
                "tm:doubleironbash",
                "tm:mudslap",
                "tm:nastyplot",
                "tm:payback",
                "tm:poweruppunch",
                "tm:protect",
                "tm:raindance",
                "tm:rest",
                "tm:retaliate",
                "tm:revenge",
                "tm:rocksmash",
                "tm:roleplay",
                "tm:screech",
                "tm:seedbomb",
                "tm:shadowpunch",
                "tm:shadowclaw",
                "tm:shockwave",
                "tm:sleeptalk",
                "tm:smackdown",
                "tm:snatch",
                "tm:solarbeam",
                "tm:spite",
                "tm:strength",
                "tm:substitute",
                "tm:sunnyday",
                "tm:swift",
                "tm:tailslap",
                "tm:takedown",
                "tm:taunt",
                "tm:terablast",
                "tm:thief",
                "tm:throatchop",
                "tm:thunder",
                "tm:thunderbolt",
                "tm:thunderpunch",
                "tm:thunderwave",
                "tm:trailblaze",
                "tm:tripleaxel",
                "tm:upperhand",
                "tm:uturn",
                "tm:waterpulse",
                "tm:workup",
                "tutor:aerialace",
                "tutor:bounce",
                "tutor:covet",
                "tutor:dualchop",
                "tutor:endeavor",
                "tutor:firepunch",
                "tutor:focuspunch",
                "tutor:foulplay",
                "tutor:furycutter",
                "tutor:gigaimpact",
                "tutor:gunkshot",
                "tutor:helpinghand",
                "tutor:hyperbeam",
                "tutor:icepunch",
                "tutor:irontail",
                "tutor:knockoff",
                "tutor:laserfocus",
                "tutor:lastresort",
                "tutor:lowkick",
                "tutor:mudslap",
                "tutor:rest",
                "tutor:rocksmash",
                "tutor:roleplay",
                "tutor:seedbomb",
                "tutor:shadowball",
                "tutor:shadowclaw",
                "tutor:shockwave",
                "tutor:sleeptalk",
                "tutor:snatch",
                "tutor:spite",
                "tutor:swift",
                "tutor:throatchop",
                "tutor:thunderbolt",
                "tutor:thunderpunch",
                "tutor:tripleaxel",
                "tutor:waterpulse"
            ],
            "name": "Qlovean",
            "pokedex": [
                "cobblemon.species.ambipom_qlovean.desc"
            ],
            "preEvolution": "aipom qlovean",
            "primaryType": "normal",
            "secondaryType": "fighting",
            "weight": 216
        }
    ],
    "target": "cobblemon:ambipom"
}