{
    "features": [
        "qlovean"
    ],
    "forms": [
        {
            "abilities": [
                "swiftswim",
                "oblivious",
                "h:adaptability"
            ],
			"aspects": ["qlovean"],
            "baseExperienceYield": 40,
            "baseFriendship": 50,
            "baseScale": 1,
            "baseStats": {
                "attack": 15,
                "defence": 20,
                "hp": 20,
                "special_attack": 10,
                "special_defence": 55,
                "speed": 80
            },
            "behaviour": {
                "moving": {
                    "canLook": false,
                    "swim": {
                        "canBreatheUnderwater": true,
                        "canSwimInLava": false,
                        "canSwimInWater": true,
                        "swimSpeed": 0.1
                    },
                    "walk": {
                        "avoidsLand": true
                    }
                },
                "resting": {
                    "canSleep": true
                }
            },
            "catchRate": 255,
            "drops": {
                "amount": 3,
                "entries": [
                    {
                        "item": "minecraft:salmon"
                    },
                    {
                        "item": "minecraft:bone_meal",
                        "percentage": 5.0
                    },
                    {
                        "item": "cobblemon:prism_scale",
                        "percentage": 2.5
                    }
                ]
            },
            "eggCycles": 20,
            "eggGroups": [
                "water_1",
                "dragon"
            ],
            "evolutions": [
                {
                    "consumeHeldItem": true,
                    "id": "feebas_milotic",
                    "learnableMoves": [
                        "waterpulse"
                    ],
                    "requirements": [
                        {
                            "itemCondition": "cobblemon:prism_scale",
                            "variant": "held_item"
                        }
                    ],
                    "result": "milotic qlovean",
                    "variant": "trade"
                }
            ],
            "evYield": {
                "attack": 0,
                "defence": 0,
                "hp": 0,
                "special_attack": 0,
                "special_defence": 0,
                "speed": 1
            },
            "experienceGroup": "erratic",
            "height": 6,
            "hitbox": {
                "fixed": false,
                "height": 0.8,
                "width": 0.8
            },
            "labels": [
                "gen3",
                "qlovean"
            ],
            "maleRatio": 0.5,
            "moves": [
                "1:splash",
                "15:tackle",
                "25:flail",
                "egg:captivate",
                "egg:confuseray",
                "egg:dragonbreath",
                "egg:haze",
                "egg:hypnosis",
                "egg:mirrorcoat",
                "egg:mist",
                "egg:mudsport",
                "egg:tickle",
                "tm:blizzard",
                "tm:brine",
                "tm:captivate",
                "tm:chillingwater",
                "tm:confuseray",
                "tm:dive",
                "tm:doubleedge",
                "tm:dragonpulse",
                "tm:endure",
                "tm:facade",
                "tm:hail",
                "tm:haze",
                "tm:icebeam",
                "tm:icywind",
                "tm:irontail",
                "tm:lightscreen",
                "tm:muddywater",
                "tm:mudshot",
                "tm:protect",
                "tm:raindance",
                "tm:rest",
                "tm:scaleshot",
                "tm:sleeptalk",
                "tm:substitute",
                "tm:surf",
                "tm:swift",
                "tm:terablast",
                "tm:waterfall",
                "tm:waterpulse",
                "tm:whirlpool",
                "tutor:dive",
                "tutor:dragonpulse",
                "tutor:icebeam",
                "tutor:icywind",
                "tutor:irontail",
                "tutor:rest",
                "tutor:scaleshot",
                "tutor:sleeptalk",
                "tutor:swift",
                "tutor:waterpulse"
            ],
            "name": "Qlovean",
            "pokedex": [
                "cobblemon.species.feebas_qlovean.desc"
            ],
            "primaryType": "water",
            "weight": 74
        }
    ],
    "target": "cobblemon:feebas"
}