{
    "features": [
        "qlovean"
    ],
    "forms": [
        {
            "abilities": [
                "sweetveil",
                "h:regenerator"
            ],
            "aspects": [
                "qlovean"
            ],
            "baseExperienceYield": 59,
            "baseFriendship": 50,
            "baseScale": 0.45,
            "baseStats": {
                "attack": 55,
                "defence": 25,
                "hp": 58,
                "special_attack": 65,
                "special_defence": 35,
                "speed": 20
            },
            "behaviour": {
                "resting": {
                    "canSleep": true,
                    "light": "0-4",
                    "willSleepOnBed": true
                }
            },
            "catchRate": 190,
            "drops": {
                "amount": 2,
                "entries": [
                    {
                        "item": "minecraft:red_mushroom",
                        "quantityRange": "0-1"
                    },
                    {
                        "item": "cobblemon:cheri_berry",
                        "percentage": 2.5
                    }
                ]
            },
            "eggCycles": 20,
            "eggGroups": [
                "grass"
            ],
            "evolutions": [
                {
                    "consumeHeldItem": false,
                    "id": "foongus_amoonguss",
                    "learnableMoves": [
                    ],
                    "requirements": [
                        {
                            "minLevel": 39,
                            "variant": "level"
                        }
                    ],
                    "result": "amoonguss qlovean",
                    "variant": "level_up"
                }
            ],
            "evYield": {
                "attack": 0,
                "defence": 0,
                "hp": 1,
                "special_attack": 0,
                "special_defence": 0,
                "speed": 0
            },
            "experienceGroup": "medium_fast",
            "height": 2,
            "hitbox": {
                "fixed": false,
                "height": 1,
                "width": 1
            },
            "labels": [
                "gen5",
                "qlovean"
            ],
            "maleRatio": 0.5,
            "moves": [
                "1:absorb",
                "1:astonish",
                "1:bide",
                "4:growth",
                "8:stunspore",
                "12:drainingkiss",
                "16:synthesis",
                "20:babydolleyes",
                "24:sweetscent",
                "28:gigadrain",
                "32:charm",
                "36:toxic",
                "40:aromaticmist",
                "44:dazzlinggleam",
                "48:spore",
                "egg:clearsmog",
                "egg:defensecurl",
                "egg:poisonpowder",
                "egg:rollout",
                "egg:worryseed",
                "tm:afteryou",
                "tm:bodyslam",
                "tm:terrainpulse",
                "tm:endure",
                "tm:energyball",
                "tm:facade",
                "tm:flash",
                "tm:foulplay",
                "tm:gastroacid",
                "tm:gigadrain",
                "tm:craftyshield",
                "tm:grassyterrain",
                "tm:floralhealing",
                "tm:flowershield",
                "tm:naturepower",
                "tm:payback",
                "tm:pollenpuff",
                "tm:protect",
                "tm:raindance",
                "tm:rest",
                "tm:rollout",
                "tm:seedbomb",
                "tm:sleeptalk",
                "tm:sludgebomb",
                "tm:moonblast",
                "tm:substitute",
                "tm:sunnyday",
                "tm:synthesis",
                "tm:terablast",
                "tm:toxic",
                "tm:venoshock",
                "tm:worryseed",
                "tutor:afteryou",
                "tutor:energyball",
                "tutor:foulplay",
                "tutor:gastroacid",
                "tutor:gigadrain",
                "tutor:magicalleaf",
                "tutor:rest",
                "tutor:rollout",
                "tutor:seedbomb",
                "tutor:sleeptalk",
                "tutor:sludgebomb",
                "tutor:synthesis",
                "tutor:worryseed"
            ],
            "name": "Qlovean",
            "pokedex": [
                "cobblemon.species.foongus_qlovean.desc"
            ],
            "primaryType": "fairy",
            "secondaryType": "poison",
            "shoulderMountable": true,
            "weight": 10
        }
    ],
    "target": "cobblemon:foongus"
}