{
    "features": [
        "qlovean"
    ],
    "forms": [
        {
            "abilities": [
                "insomnia",
                "superluck",
                "h:justified"
            ],
            "aspects": [
                "qlovean"
            ],
            "baseExperienceYield": 177,
            "baseFriendship": 35,
            "baseScale": 1.3,
            "baseStats": {
                "attack": 135,
                "defence": 50,
                "hp": 90,
                "special_attack": 105,
                "special_defence": 65,
                "speed": 90
            },
            "behaviour": {
                "moving": {
                    "fly": {
                        "canFly": true
                    }
                },
                "resting": {
                    "canSleep": true,
                    "times": "day"
                }
            },
            "catchRate": 30,
            "drops": {
                "amount": 2,
                "entries": [
                    {
                        "item": "minecraft:feather",
                        "quantityRange": "0-3"
                    },
                    {
                        "item": "minecraft:totem_of_undying",
                        "percentage": 5.0
                    }
                ]
            },
            "eggCycles": 20,
            "eggGroups": [
                "flying"
            ],
            "evolutions": [
            ],
            "evYield": {
                "attack": 2,
                "defence": 0,
                "hp": 0,
                "special_attack": 0,
                "special_defence": 0,
                "speed": 0
            },
            "experienceGroup": "medium_slow",
            "height": 9,
            "hitbox": {
                "fixed": false,
                "height": 1.2,
                "width": 1
            },
            "labels": [
                "gen4",
                "qlovean"
            ],
            "maleRatio": 0.5,
            "moves": [
                "1:astonish",
                "1:pursuit",
                "1:haze",
                "1:wingattack",
                "1:nightslash",
                "1:shadowsneak",
                "1:quash",
                "1:gust",
                "1:peck",
                "1:feintattack",
                "25:swagger",
                "35:nastyplot",
				"39:phantomforce",
                "45:ominouswind",
                "55:destinybond",
                "65:bittermalice",
                "egg:bravebird",
                "egg:confuseray",
                "egg:drillpeck",
                "egg:featherdance",
                "egg:feintattack",
                "egg:flatter",
                "egg:meanlook",
                "egg:mirrormove",
                "egg:perishsong",
                "egg:psychoshift",
                "egg:screech",
                "egg:skyattack",
                "egg:whirlwind",
                "tm:acrobatics",
                "tm:aerialace",
                "tm:aircutter",
                "tm:airslash",
                "tm:assurance",
                "tm:beatup",
                "tm:bravebird",
                "tm:calmmind",
                "tm:chillingwater",
                "tm:confuseray",
                "tm:darkpulse",
                "tm:defog",
                "tm:doubleedge",
                "tm:dreameater",
                "tm:dualwingbeat",
                "tm:embargo",
                "tm:endeavor",
                "tm:endure",
                "tm:facade",
                "tm:featherdance",
                "tm:fly",
                "tm:foulplay",
                "tm:gigaimpact",
                "tm:haze",
                "tm:heatwave",
                "tm:helpinghand",
                "tm:hex",
                "tm:hurricane",
                "tm:hyperbeam",
                "tm:icywind",
                "tm:incinerate",
                "tm:lashout",
                "tm:mudslap",
                "tm:nastyplot",
                "tm:nightshade",
                "tm:ominouswind",
                "tm:payback",
                "tm:pluck",
                "tm:protect",
                "tm:rest",
                "tm:psychicnoise",
                "tm:psychup",
                "tm:quash",
                "tm:raindance",
                "tm:rest",
                "tm:retaliate",
                "tm:revenge",
                "tm:roost",
                "tm:scaryface",
                "tm:screech",
                "tm:shadowball",
                "tm:skyattack",
                "tm:sleeptalk",
                "tm:snarl",
                "tm:snatch",
                "tm:spite",
                "tm:steelwing",
                "tm:substitute",
                "tm:suckerpunch",
                "tm:shadowclaw",
                "tm:superpower",
                "tm:swagger",
                "tm:tailwind",
                "tm:takedown",
                "tm:taunt",
                "tm:terablast",
                "tm:thief",
                "tm:thunderwave",
                "tm:torment",
                "tm:twister",
                "tm:uproar",
                "tm:uturn",
                "tutor:aerialace",
                "tutor:aircutter",
                "tutor:calmmind",
                "tutor:darkpulse",
                "tutor:defog",
                "tutor:dualwingbeat",
                "tutor:endeavor",
                "tutor:foulplay",
                "tutor:gigaimpact",
                "tutor:heatwave",
                "tutor:helpinghand",
                "tutor:hyperbeam",
                "tutor:icywind",
                "tutor:lashout",
                "tutor:mudslap",
                "tutor:ominouswind",
                "tutor:psychic",
                "tutor:rest",
                "tutor:roost",
                "tutor:shadowball",
                "tutor:skyattack",
                "tutor:sleeptalk",
                "tutor:snarl",
                "tutor:snatch",
                "tutor:spite",
                "tutor:suckerpunch",
                "tutor:superpower",
                "tutor:tailwind",
                "tutor:twister",
                "tutor:uproar"
            ],
            "name": "Qlovean",
            "pokedex": [
                "cobblemon.species.honchkrow_qlovean.desc"
            ],
            "preEvolution": "murkrow qlovean",
            "primaryType": "ghost",
            "secondaryType": "flying",
            "weight": 273
        }
    ],
    "target": "cobblemon:honchkrow"
}