{
    "features": [
        "qlovean"
    ],
    "forms": [
        {
            "abilities": [
                "marvelscale",
                "snowcloak",
                "h:snowwarning"
            ],
			"aspects": ["qlovean"],
            "baseExperienceYield": 189,
            "baseFriendship": 50,
            "baseScale": 1.1,
            "baseStats": {
                "attack": 55,
                "defence": 79,
                "hp": 95,
                "special_attack": 105,
                "special_defence": 115,
                "speed": 86
            },
            "behaviour": {
                "moving": {
                    "swim": {
                        "canBreatheUnderwater": true,
                        "canSwimInLava": false,
                        "canSwimInWater": true,
                        "swimSpeed": 0.3
                    },
                    "walk": {
                        "avoidsLand": true,
                        "walkSpeed": 0.3
                    }
                },
                "resting": {
                    "canSleep": true
                }
            },
            "catchRate": 60,
            "drops": {
                "amount": 2,
                "entries": [
                    {
                        "item": "minecraft:bone_meal",
                        "percentage": 10.0
                    },
                    {
                        "item": "cobblemon:prism_scale",
                        "percentage": 5.0
                    }
                ]
            },
            "eggCycles": 20,
            "evolutions": [
            ],
            "evYield": {
                "attack": 0,
                "defence": 0,
                "hp": 0,
                "special_attack": 0,
                "special_defence": 2,
                "speed": 0
            },
            "experienceGroup": "erratic",
            "hitbox": {
                "fixed": false,
                "height": 2.3,
                "width": 1.4
            },
            "labels": [
                "gen3",
                "qlovean"
            ],
            "moves": [
                "1:watergun",
                "1:wrap",
                "1:watersport",
                "1:refresh",
                "1:waterpulse",
                "1:captivate",
                "1:flail",
                "1:splash",
                "1:tackle",
                "4:disarmingvoice",
                "8:twister",
                "12:aquaring",
                "16:attract",
                "20:lifedew",
                "24:dragontail",
                "28:recover",
                "32:aquatail",
                "36:safeguard",
                "40:surf",
				"42:freezedry",
                "44:raindance",
                "48:coil",
                "52:hydropump",
                "egg:captivate",
                "egg:confuseray",
                "egg:dragonbreath",
                "egg:haze",
                "egg:hypnosis",
                "egg:mirrorcoat",
                "egg:mist",
                "egg:mudsport",
                "egg:tickle",
                "tm:alluringvoice",
                "tm:aquatail",
                "tm:attract",
                "tm:avalanche",
                "tm:bind",
                "tm:blizzard",
                "tm:bodyslam",
                "tm:breakingswipe",
                "tm:brine",
                "tm:brutalswing",
                "tm:captivate",
                "tm:chillingwater",
                "tm:confuseray",
                "tm:disarmingvoice",
                "tm:dive",
                "tm:doubleedge",
                "tm:dragoncheer",
                "tm:dragondance",
                "tm:dragonpulse",
                "tm:dragontail",
                "tm:drainingkiss",
                "tm:endure",
                "tm:facade",
                "tm:flipturn",
                "tm:gigaimpact",
                "tm:hail",
                "tm:haze",
                "tm:helpinghand",
                "tm:hydropump",
                "tm:hyperbeam",
                "tm:icebeam",
                "tm:icywind",
                "tm:imprison",
                "tm:laserfocus",
                "tm:lightscreen",
                "tm:magiccoat",
                "tm:mudshot",
                "tm:protect",
                "tm:psychup",
                "tm:raindance",
                "tm:rest",
                "tm:safeguard",
                "tm:scald",
                "tm:scaleshot",
                "tm:skittersmack",
                "tm:sleeptalk",
                "tm:substitute",
                "tm:surf",
                "tm:swift",
                "tm:takedown",
                "tm:terablast",
                "tm:tripleaxel",
                "tm:twister",
                "tm:waterfall",
                "tm:waterpulse",
                "tm:weatherball",
                "tm:whirlpool",
                "tutor:aquatail",
                "tutor:bind",
                "tutor:bulldoze",
                "tutor:dive",
                "tutor:dragonpulse",
                "tutor:flipturn",
                "tutor:gigaimpact",
                "tutor:helpinghand",
                "tutor:hyperbeam",
                "tutor:icebeam",
                "tutor:icywind",
                "tutor:ironhead",
                "tutor:irontail",
                "tutor:laserfocus",
                "tutor:magiccoat",
                "tutor:rest",
                "tutor:scaleshot",
                "tutor:skittersmack",
                "tutor:sleeptalk",
                "tutor:swift",
                "tutor:tripleaxel",
                "tutor:twister",
                "tutor:waterpulse"
            ],
            "name": "Qlovean",
            "pokedex": [
                "cobblemon.species.milotic_qlovean.desc"
            ],
            "preEvolution": "feebas qlovean",
            "primaryType": "water",
            "secondaryType": "ice",
            "weight": 1620
        }
    ],
    "target": "cobblemon:milotic"
}