{
    "features": [
        "qlovean"
    ],
    "forms": [
        {
            "abilities": [
                "unnerve",
                "intimidate",
                "h:swiftswim"
            ],
            "aspects": [
                "qlovean"
            ],
            "baseExperienceYield": 151,
            "baseFriendship": 50,
            "baseScale": 1.1,
            "baseStats": {
                "attack": 65,
                "defence": 65,
                "hp": 95,
                "special_attack": 85,
                "special_defence": 85,
                "speed": 65
            },
            "behaviour": {
                "moving": {
                    "swim": {
                        "canBreatheUnderwater": true,
                        "canSwimInLava": false,
                        "canSwimInWater": true,
                        "swimSpeed": "0.2"
                    }
                }
            },
            "catchRate": 50,
            "drops": {
                "amount": 1,
                "entries": [
                    {
                        "item": "minecraft:wither_skeleton_skull",
                        "percentage": 5.0
                    },
                    {
                        "item": "cobblemon:spell_tag",
                        "percentage": 5.0
                    }
                ]
            },
            "eggCycles": 20,
            "eggGroups": [
                "water_1",
                "field"
            ],
            "evolutions": [
            ],
            "evYield": {
                "attack": 0,
                "defence": 0,
                "hp": 2,
                "special_attack": 0,
                "special_defence": 0,
                "speed": 0
            },
            "experienceGroup": "medium_fast",
            "height": 14,
            "hitbox": {
                "fixed": false,
                "height": 1.45,
                "width": 0.8
            },
            "labels": [
                "gen2",
                "qlovean"
            ],
            "maleRatio": 0.5,
            "moves": [
                "1:watergun",
                "1:tailwhip",
                "1:astonish",
                "1:confuseray",
                "1:grudge",
                "1:raindance",
                "12:mist",
                "12:haze",
                "16:slam",
                "23:yawn",
                "28:curse",
                "34:bubblebeam",
                "40:amnesia",
                "42:hex",
                "46:bittermalice",
                "52:shadowball",
                "54:ominouswind",
                "egg:acidspray",
                "egg:afteryou",
                "egg:ancientpower",
                "egg:counter",
                "egg:curse",
                "egg:doublekick",
                "egg:recover",
                "egg:spitup",
                "egg:stockpile",
                "egg:swallow",
                "tm:acidspray",
                "tm:afteryou",
                "tm:amnesia",
                "tm:aquatail",
                "tm:avalanche",
                "tm:blizzard",
                "tm:bodypress",
                "tm:bodyslam",
                "tm:brickbreak",
                "tm:chillingwater",
                "tm:curse",
                "tm:hypnosis",
                "tm:dive",
                "tm:doubleedge",
                "tm:drainpunch",
                "tm:eerieimpulse",
                "tm:encore",
                "tm:endure",
                "tm:facade",
                "tm:nastyplot",
                "tm:fling",
                "tm:focusblast",
                "tm:focuspunch",
                "tm:gigaimpact",
                "tm:guardswap",
                "tm:hail",
                "tm:haze",
                "tm:headbutt",
                "tm:helpinghand",
                "tm:hydropump",
                "tm:hyperbeam",
                "tm:icebeam",
                "tm:icepunch",
                "tm:snarl",
                "tm:infestation",
                "tm:irontail",
                "tm:liquidation",
                "tm:megakick",
                "tm:megapunch",
                "tm:poweruppunch",
                "tm:protect",
                "tm:raindance",
                "tm:rest",
                "tm:rollout",
                "tm:safeguard",
                "tm:sleeptalk",
                "tm:sludgebomb",
                "tm:sludgewave",
                "tm:snowscape",
                "tm:spikes",
                "tm:stealthrock",
                "tm:taunt",
                "tm:stoneedge",
                "tm:strength",
                "tm:substitute",
                "tm:surf",
                "tm:takedown",
                "tm:terablast",
                "tm:thief",
                "tm:toxic",
                "tm:toxicspikes",
                "tm:trailblaze",
                "tm:waterfall",
                "tm:waterpulse",
                "tm:whirlpool",
                "tutor:afteryou",
                "tutor:ancientpower",
                "tutor:aquatail",
                "tutor:bulldoze",
                "tutor:dive",
                "tutor:drainpunch",
                "tutor:earthpower",
                "tutor:focuspunch",
                "tutor:gigaimpact",
                "tutor:helpinghand",
                "tutor:highhorsepower",
                "tutor:hyperbeam",
                "tm:lifedew",
                "tutor:icebeam",
                "tutor:icepunch",
                "tutor:icywind",
                "tutor:irontail",
                "tutor:liquidation",
                "tutor:mudslap",
                "tutor:rest",
                "tutor:rockslide",
                "tutor:rocksmash",
                "tutor:rollout",
                "tutor:sleeptalk",
                "tutor:sludgebomb",
                "tutor:spikes",
                "tutor:stealthrock",
                "tutor:stompingtantrum",
                "tutor:stoneedge",
                "tutor:waterpulse"
            ],
            "name": "Qlovean",
            "pokedex": [
                "cobblemon.species.quagsire_qlovean.desc"
            ],
            "preEvolution": "wooper qlovean",
            "primaryType": "water",
            "secondaryType": "ghost",
            "shoulderMountable": false,
            "weight": 750
        }
    ],
    "target": "cobblemon:quagsire"
}