{
    "features": [
        "qlovean"
    ],
    "forms": [
        {
            "abilities": [
                "moldbreaker",
                "h:sharpness"
            ],
            "aspects": [
				"qlovean"
            ],
            "baseExperienceYield": 167,
            "baseFriendship": 50,
            "baseScale": 1,
            "baseStats": {
                "attack": 102,
                "defence": 73,
                "hp": 90,
                "special_attack": 78,
                "special_defence": 65,
                "speed": 70
            },
            "behaviour": {
                "moving": {
                    "swim": {
                        "canBreatheUnderwater": true,
                        "canSwimInLava": false,
                        "canSwimInWater": true,
                        "swimSpeed": 0.5
                    },
                    "walk": {
                        "avoidsLand": true
                    }
                }
            },
            "catchRate": 100,
            "drops": {
                "amount": 4,
                "entries": [
                    {
                        "item": "minecraft:cod",
                        "quantityRange": "1-3"
                    },
                    {
                        "item": "minecraft:kelp",
                        "percentage": 5.0
                    }
                ]
            },
            "eggCycles": 20,
            "eggGroups": [
                "water_2"
            ],
            "evolutions": [
            ],
            "evYield": {
                "attack": 2,
                "defence": 0,
                "hp": 0,
                "special_attack": 0,
                "special_defence": 0,
                "speed": 0
            },
            "experienceGroup": "fast",
            "height": 25,
            "hitbox": {
                "fixed": false,
                "height": 1,
                "width": 1.1
            },
            "labels": [
                "gen9",
				"qlovean"
            ],
            "maleRatio": 0.5,
            "moves": [
                "1:tackle",
                "1:aquajet",
                "7:pluck",
                "11:waterpulse",
                "15:focusenergy",
                "20:slash",
                "25:aquacutter",
                "30:filletaway",
                "35:nightslash",
                "40:psychocut",
                "45:liquidation",
                "50:crunch",
                "55:finalgambit",
                "egg:recover",
                "egg:thrash",
                "tm:agility",
                "tm:blizzard",
                "tm:bodyslam",
                "tm:chillingwater",
                "tm:crunch",
                "tm:doubleedge",
                "tm:drillrun",
                "tm:endeavor",
                "tm:endure",
                "tm:expandingforce",
                "tm:flipturn",
                "tm:focusenergy",
                "tm:gigaimpact",
                "tm:hydropump",
                "tm:hyperbeam",
                "tm:icebeam",
                "tm:icefang",
                "tm:icywind",
                "tm:liquidation",
                "tm:painsplit",
                "tm:pluck",
                "tm:protect",
                "tm:psychic",
                "tm:psychicfangs",
                "tm:psychicterrain",
                "tm:psychocut",
                "tm:raindance",
                "tm:rest",
                "tm:scaleshot",
                "tm:sleeptalk",
                "tm:snowscape",
                "tm:storedpower",
                "tm:substitute",
                "tm:surf",
                "tm:takedown",
                "tm:terablast",
                "tm:waterfall",
                "tm:waterpulse",
                "tm:zenheadbutt",
                "tutor:drillrun",
                "tutor:endeavor",
                "tutor:expandingforce",
                "tutor:flipturn",
                "tutor:focusenergy",
                "tutor:gigaimpact",
                "tutor:hyperbeam",
                "tutor:icebeam",
                "tutor:icefang",
                "tutor:icywind",
                "tutor:liquidation",
                "tutor:painsplit",
                "tutor:psychic",
                "tutor:psychocut",
                "tutor:rest",
                "tutor:scaleshot",
                "tutor:sleeptalk",
                "tutor:waterpulse",
                "tutor:zenheadbutt"
            ],
            "name": "Qlovean",
            "pokedex": [
                "cobblemon.species.veluza_qlovean.desc"
            ],
            "primaryType": "water",
            "secondaryType": "psychic",
            "weight": 900
        }
    ],
    "target": "cobblemon:veluza"
}