{
    "features": [
        "qlovean"
    ],
    "forms": [
        {
            "abilities": [
                "unnerve",
                "stench",
                "h:swiftswim"
            ],
            "aspects": [
                "qlovean"
            ],
            "baseExperienceYield": 42,
            "baseFriendship": 50,
            "baseScale": 0.5,
            "baseStats": {
                "attack": 25,
                "defence": 25,
                "hp": 55,
                "special_attack": 45,
                "special_defence": 45,
                "speed": 35
            },
            "behaviour": {
                "moving": {
                    "swim": {
                        "canBreatheUnderwater": true,
                        "canSwimInLava": false,
                        "canSwimInWater": true,
                        "swimSpeed": "0.2"
                    }
                },
                "resting": {
                    "canSleep": true,
                    "light": "0-4",
                    "willSleepOnBed": true
                }
            },
            "catchRate": 100,
            "drops": {
                "amount": 2,
                "entries": [
                    {
                        "item": "cobblemon:spell_tag",
                        "percentage": 2.5
                    }
                ]
            },
            "eggCycles": 20,
            "eggGroups": [
                "water_1",
                "field"
            ],
            "evolutions": [
                {
                    "consumeHeldItem": false,
                    "id": "wooper_quagsire",
                    "learnableMoves": [
                    ],
                    "requirements": [
                        {
                            "minLevel": 20,
                            "variant": "level"
                        }
                    ],
                    "result": "quagsire qlovean",
                    "variant": "level_up"
                }
            ],
            "evYield": {
                "attack": 0,
                "defence": 0,
                "hp": 1,
                "special_attack": 0,
                "special_defence": 0,
                "speed": 0
            },
            "experienceGroup": "medium_fast",
            "height": 4,
            "hitbox": {
                "fixed": false,
                "height": 1,
                "width": 0.8
            },
            "labels": [
                "gen2",
                "qlovean"
            ],
            "maleRatio": 0.5,
            "moves": [
                "1:watergun",
                "1:tailwhip",
                "1:astonish",
                "4:raindance",
                "8:confuseray",
                "12:mist",
                "12:haze",
                "16:slam",
                "21:yawn",
                "24:curse",
                "28:bubblebeam",
                "32:amnesia",
                "36:bittermalice",
                "40:shadowball",
                "46:ominouswind",
                "egg:acidspray",
                "egg:afteryou",
                "egg:ancientpower",
                "egg:counter",
                "egg:curse",
                "egg:doublekick",
                "egg:recover",
                "egg:spitup",
                "egg:stockpile",
                "egg:swallow",
                "tm:acidspray",
                "tm:afteryou",
                "tm:amnesia",
                "tm:aquatail",
                "tm:avalanche",
                "tm:blizzard",
                "tm:bodyslam",
                "tm:chillingwater",
                "tm:curse",
                "tm:hypnosis",
                "tm:dive",
                "tm:doubleedge",
                "tm:encore",
                "tm:endure",
                "tm:facade",
                "tm:nastyplot",
                "tm:guardswap",
                "tm:hail",
                "tm:haze",
                "tm:lifedew",
                "tm:headbutt",
                "tm:helpinghand",
                "tm:hydropump",
                "tm:snarl",
                "tm:infestation",
                "tm:irontail",
                "tm:liquidation",
                "tm:muddywater",
                "tm:poweruppunch",
                "tm:protect",
                "tm:raindance",
                "tm:rest",
                "tm:rollout",
                "tm:safeguard",
                "tm:sleeptalk",
                "tm:sludgebomb",
                "tm:sludgewave",
                "tm:snowscape",
                "tm:spikes",
                "tm:stealthrock",
                "tm:taunt",
                "tm:stoneedge",
                "tm:substitute",
                "tm:surf",
                "tm:takedown",
                "tm:terablast",
                "tm:toxic",
                "tm:trailblaze",
                "tm:waterfall",
                "tm:waterpulse",
                "tm:whirlpool",
                "tutor:afteryou",
                "tutor:ancientpower",
                "tutor:aquatail",
                "tutor:bulldoze",
                "tutor:dive",
                "tutor:earthpower",
                "tutor:helpinghand",
                "tutor:icebeam",
                "tutor:icywind",
                "tutor:irontail",
                "tutor:liquidation",
                "tutor:mudslap",
                "tutor:rest",
                "tutor:rockslide",
                "tutor:rocksmash",
                "tutor:rollout",
                "tutor:sleeptalk",
                "tutor:sludgebomb",
                "tutor:spikes",
                "tutor:stealthrock",
                "tutor:stompingtantrum",
                "tutor:stoneedge",
                "tutor:waterpulse"
            ],
            "name": "Qlovean",
            "pokedex": [
                "cobblemon.species.wooper_qlovean.desc"
            ],
            "primaryType": "water",
            "secondaryType": "ghost",
            "shoulderMountable": true,
            "weight": 85
        }
    ],
    "target": "cobblemon:wooper"
}