{
    "target": "cobblemon:animon",
	"features": ["spaceworldmons"],
    "forms": [{
            "implemented": true,
            "name": "Spaceworldmons",
            "nationalPokedexNumber": 115,
            "primaryType": "steel",
            "abilities": [
                "limber",
                "h:imposter"
            ],
            "drops": {
                "amount": 2,
                "entries": [{
                        "item": "cobblemon:quick_powder",
                        "quantityRange": "0-1"
                    }, {
                        "item": "cobblemon:metal_powder",
                        "percentage": 5.0
                    }
                ]
            },
            "baseStats": {
                "hp": 100,
                "attack": 55,
                "defence": 50,
                "special_attack": 50,
                "special_defence": 50,
                "speed": 150
            },
            "behaviour": {
                "resting": {
                    "canSleep": true,
                    "willSleepOnBed": false,
                    "depth": "normal",
                    "light": "0-4"
                }
            },
            "catchRate": 25,
            "maleRatio": -1,
            "shoulderMountable": false,
            "baseExperienceYield": 101,
            "experienceGroup": "medium_fast",
            "eggCycles": 20,
            "eggGroups": [
                "ditto"
            ],
            "moves": [
                "1:transform",
                "30:mist",
                "40:lightscreen",
                "50:reflect"
            ],
            "labels": [
                "gen2beta"
            ],
            "pokedex": [
                "spaceworldmons.species.animon.desc1",
                "spaceworldmons.species.animon.desc2"
            ],
            "preEvolution": "ditto",
            "evolutions": [],
            "baseScale": 1,
            "hitbox": {
                "width": 0.5,
                "height": 1.1,
                "fixed": false
            },
            "baseFriendship": 50,
            "evYield": {
                "hp": 1,
                "attack": 0,
                "defence": 0,
                "special_attack": 0,
                "special_defence": 0,
                "speed": 1
            },
            "height": 4,
            "weight": 124,
            "aspects": ["spaceworldmons"],
            "cannotDynamax": false
        }
    ]
}
