{
  "portraitScale": 1.18,
  "portraitTranslation": [-0.17, -0.14, 0],
  "profileScale": 0.55,
  "profileTranslation": [-0.09, 0.67, 0],
  "rootBone": "sableye",
  "animations": {
    "cry": "q.bedrock_stateful('sableye_ultravariant', 'cry')",
      "faint": "q.bedrock_primary('sableye_ultravariant', 'faint', q.curve('one'))"
  },
  "poses": {
    "standing": {
      "poseTypes": ["STAND", "NONE", "PORTRAIT", "PROFILE"],
      "animations": ["q.bedrock('sableye_ultravariant', 'ground_idle')"]
    },
    "walking": {
      "poseTypes": ["WALK"],
      "animations": ["q.bedrock('sableye_ultravariant', 'ground_walk')"]
    },
    "shoulder_left": {
      "poseTypes": ["SHOULDER_LEFT"],
      "animations": [
        "q.look('head')",
        "q.bedrock('sableye_ultravariant', 'shoulder_left')"
      ]
    },
    "shoulder_right": {
      "poseTypes": ["SHOULDER_RIGHT"],
      "animations": [
        "q.look('head')",
        "q.bedrock('sableye_ultravariant', 'shoulder_right')"
      ]
    }
  }
}