{
	"format_version": "1.8.0",
	"animations": {
		"animation.ancientapparition.ground_idle": {
			"loop": true,
			"animation_length": 12,
			"bones": {
				"ancient_apparition": {
					"position": {
						"0.0": {
							"post": [0, 0, 0],
							"lerp_mode": "catmullrom"
						},
						"2.0": {
							"post": [0, 2, 0],
							"lerp_mode": "catmullrom"
						},
						"4.0": {
							"post": [0, 0, 0],
							"lerp_mode": "catmullrom"
						},
						"6.0": {
							"post": [0, 2, 0],
							"lerp_mode": "catmullrom"
						},
						"8.0": {
							"post": [0, 0, 0],
							"lerp_mode": "catmullrom"
						},
						"10.0": {
							"post": [0, 2, 0],
							"lerp_mode": "catmullrom"
						},
						"12.0": {
							"post": [0, 0, 0],
							"lerp_mode": "catmullrom"
						}
					}
				},
				"cube1": {
					"rotation": {
						"0.0": [0, 0, 0],
						"12.0": [0, 0, 1080]
					},
					"scale": {
						"0.0": {
							"post": [1.1, 1.1, 1],
							"lerp_mode": "catmullrom"
						},
						"2.0": {
							"post": [1, 1, 1],
							"lerp_mode": "catmullrom"
						},
						"4.0": {
							"post": [1.1, 1.1, 1],
							"lerp_mode": "catmullrom"
						},
						"6.0": {
							"post": [1, 1, 1],
							"lerp_mode": "catmullrom"
						},
						"8.0": {
							"post": [1.1, 1.1, 1],
							"lerp_mode": "catmullrom"
						},
						"10.0": {
							"post": [1, 1, 1],
							"lerp_mode": "catmullrom"
						},
						"12.0": {
							"post": [1.1, 1.1, 1],
							"lerp_mode": "catmullrom"
						}
					}
				},
				"cube2": {
					"rotation": {
						"0.0": [0, 0, 0],
						"12.0": [0, 0, -360]
					},
					"scale": {
						"0.0": {
							"post": [1, 1, 1],
							"lerp_mode": "catmullrom"
						},
						"2.0": {
							"post": [1.1, 1.1, 1],
							"lerp_mode": "catmullrom"
						},
						"4.0": {
							"post": [1, 1, 1],
							"lerp_mode": "catmullrom"
						},
						"6.0": {
							"post": [1.1, 1.1, 1],
							"lerp_mode": "catmullrom"
						},
						"8.0": {
							"post": [1, 1, 1],
							"lerp_mode": "catmullrom"
						},
						"10.0": {
							"post": [1.1, 1.1, 1],
							"lerp_mode": "catmullrom"
						},
						"12.0": {
							"post": [1, 1, 1],
							"lerp_mode": "catmullrom"
						}
					}
				},
				"cube3": {
					"rotation": {
						"0.0": [0, 0, 0],
						"12.0": [0, 0, 360]
					},
					"scale": {
						"0.0": {
							"post": [1.1, 1.1, 1],
							"lerp_mode": "catmullrom"
						},
						"2.0": {
							"post": [1, 1, 1],
							"lerp_mode": "catmullrom"
						},
						"4.0": {
							"post": [1.1, 1.1, 1],
							"lerp_mode": "catmullrom"
						},
						"6.0": {
							"post": [1, 1, 1],
							"lerp_mode": "catmullrom"
						},
						"8.0": {
							"post": [1.1, 1.1, 1],
							"lerp_mode": "catmullrom"
						},
						"10.0": {
							"post": [1, 1, 1],
							"lerp_mode": "catmullrom"
						},
						"12.0": {
							"post": [1.1, 1.1, 1],
							"lerp_mode": "catmullrom"
						}
					}
				},
				"cube4": {
					"rotation": {
						"0.0": [0, 0, 0],
						"12.0": [0, 0, -360]
					},
					"scale": {
						"0.0": {
							"post": [1, 1, 1],
							"lerp_mode": "catmullrom"
						},
						"2.0": {
							"post": [1.1, 1.1, 1],
							"lerp_mode": "catmullrom"
						},
						"4.0": {
							"post": [1, 1, 1],
							"lerp_mode": "catmullrom"
						},
						"6.0": {
							"post": [1.1, 1.1, 1],
							"lerp_mode": "catmullrom"
						},
						"8.0": {
							"post": [1, 1, 1],
							"lerp_mode": "catmullrom"
						},
						"10.0": {
							"post": [1.1, 1.1, 1],
							"lerp_mode": "catmullrom"
						},
						"12.0": {
							"post": [1, 1, 1],
							"lerp_mode": "catmullrom"
						}
					}
				},
				"cube5": {
					"rotation": {
						"0.0": [0, 0, 0],
						"12.0": [0, 0, 360]
					},
					"scale": {
						"0.0": {
							"post": [1.1, 1.1, 1],
							"lerp_mode": "catmullrom"
						},
						"2.0": {
							"post": [1, 1, 1],
							"lerp_mode": "catmullrom"
						},
						"4.0": {
							"post": [1.1, 1.1, 1],
							"lerp_mode": "catmullrom"
						},
						"6.0": {
							"post": [1, 1, 1],
							"lerp_mode": "catmullrom"
						},
						"8.0": {
							"post": [1.1, 1.1, 1],
							"lerp_mode": "catmullrom"
						},
						"10.0": {
							"post": [1, 1, 1],
							"lerp_mode": "catmullrom"
						},
						"12.0": {
							"post": [1.1, 1.1, 1],
							"lerp_mode": "catmullrom"
						}
					}
				},
				"cube6": {
					"rotation": {
						"0.0": {
							"post": [0, 0, 0],
							"lerp_mode": "catmullrom"
						},
						"1.7083": {
							"post": [0, 0, 50],
							"lerp_mode": "catmullrom"
						},
						"3.2083": {
							"post": [0, 0, 32.5],
							"lerp_mode": "catmullrom"
						},
						"4.0417": {
							"post": [0, 0, 20],
							"lerp_mode": "catmullrom"
						},
						"5.4583": {
							"post": [0, 0, 45],
							"lerp_mode": "catmullrom"
						},
						"7.0": {
							"post": [0, 0, 2.5],
							"lerp_mode": "catmullrom"
						},
						"9.3333": {
							"post": [0, 0, 22.5],
							"lerp_mode": "catmullrom"
						},
						"10.25": {
							"post": [0, 0, 10],
							"lerp_mode": "catmullrom"
						},
						"12.0": {
							"post": [0, 0, 0],
							"lerp_mode": "catmullrom"
						}
					}
				},
				"leftwisp": {
					"position": {
						"0.0": {
							"post": [0, 0, 0],
							"lerp_mode": "catmullrom"
						},
						"2.875": {
							"post": [0, 4, 0],
							"lerp_mode": "catmullrom"
						},
						"5.625": {
							"post": [0, 0, 0],
							"lerp_mode": "catmullrom"
						},
						"7.75": {
							"post": [0, 5.16, 0],
							"lerp_mode": "catmullrom"
						},
						"9.625": {
							"post": [0, 0, 0],
							"lerp_mode": "catmullrom"
						},
						"10.9167": {
							"post": [0, 1.44, 0],
							"lerp_mode": "catmullrom"
						},
						"12.0": {
							"post": [0, 0, 0],
							"lerp_mode": "catmullrom"
						}
					}
				},
				"rightwisp": {
					"position": {
						"0.0": {
							"post": [0, 0, 0],
							"lerp_mode": "catmullrom"
						},
						"1.9583": {
							"post": [0, 4, 0],
							"lerp_mode": "catmullrom"
						},
						"4.7083": {
							"post": [0, 0, 0],
							"lerp_mode": "catmullrom"
						},
						"6.8333": {
							"post": [0, 5.16, 0],
							"lerp_mode": "catmullrom"
						},
						"9.125": {
							"post": [0, 0, 0],
							"lerp_mode": "catmullrom"
						},
						"10.7083": {
							"post": [0, 1.44, 0],
							"lerp_mode": "catmullrom"
						},
						"12.0": {
							"post": [0, 0, 0],
							"lerp_mode": "catmullrom"
						}
					}
				},
				"spelltag": {
					"position": {
						"0.0": {
							"post": [0, 0, 0],
							"lerp_mode": "catmullrom"
						},
						"2.0": {
							"post": [0, -1, 0],
							"lerp_mode": "catmullrom"
						},
						"4.0": {
							"post": [0, 0, 0],
							"lerp_mode": "catmullrom"
						},
						"6.0": {
							"post": [0, -1, 0],
							"lerp_mode": "catmullrom"
						},
						"8.0": {
							"post": [0, 0, 0],
							"lerp_mode": "catmullrom"
						},
						"10.0": {
							"post": [0, -1, 0],
							"lerp_mode": "catmullrom"
						},
						"12.0": {
							"post": [0, 0, 0],
							"lerp_mode": "catmullrom"
						}
					}
				},
				"eye": {
					"position": {
						"0.0": [0, 0, 0],
						"0.9167": [0, 0, 0],
						"1.0": [-1, 1, 0],
						"1.4583": [-1, 1, 0],
						"1.5417": [-1, 1, 0],
						"1.625": [2, 0, 0],
						"2.5": [2, 0, 0],
						"2.6667": [2, 0, 0],
						"2.8333": [0, 0, 0]
					}
				},
				"pupil": {
					"scale": {
						"1.375": [1, 1, 1],
						"1.4167": [1, 0.3, 1],
						"1.4583": [1, 1, 1],
						"5.0833": [1, 1, 1],
						"5.125": [1, 0.3, 1],
						"5.1667": [1, 1, 1],
						"11.25": [1, 1, 1],
						"11.2917": [1, 0.3, 1],
						"11.3333": [1, 1, 1]
					}
				},
				"bone2": {
					"scale": {
						"0.0": {
							"post": [1, 1, 1],
							"lerp_mode": "catmullrom"
						},
						"2.0": {
							"post": [1.3, 1.3, 1],
							"lerp_mode": "catmullrom"
						},
						"4.0": {
							"post": [1, 1, 1],
							"lerp_mode": "catmullrom"
						},
						"6.0": {
							"post": [1.3, 1.3, 1],
							"lerp_mode": "catmullrom"
						},
						"8.0": {
							"post": [1, 1, 1],
							"lerp_mode": "catmullrom"
						},
						"10.0": {
							"post": [1.3, 1.3, 1],
							"lerp_mode": "catmullrom"
						},
						"12.0": {
							"post": [1, 1, 1],
							"lerp_mode": "catmullrom"
						}
					}
				},
				"bone3": {
					"scale": {
						"0.0": {
							"post": [1, 1, 1],
							"lerp_mode": "catmullrom"
						},
						"2.0": {
							"post": [1.3, 1.3, 1],
							"lerp_mode": "catmullrom"
						},
						"4.0": {
							"post": [1, 1, 1],
							"lerp_mode": "catmullrom"
						},
						"6.0": {
							"post": [1.3, 1.3, 1],
							"lerp_mode": "catmullrom"
						},
						"8.0": {
							"post": [1, 1, 1],
							"lerp_mode": "catmullrom"
						},
						"10.0": {
							"post": [1.3, 1.3, 1],
							"lerp_mode": "catmullrom"
						},
						"12.0": {
							"post": [1, 1, 1],
							"lerp_mode": "catmullrom"
						}
					}
				},
				"bone5": {
					"rotation": {
						"0.0": [0, 0, 0],
						"0.75": [0, 0, -30],
						"2.2083": [0, 0, 2.5],
						"3.5417": [0, 0, -17.5],
						"3.875": [0, 0, -2.5],
						"5.9167": [0, 0, -27.5],
						"7.7917": [0, 0, -7.5],
						"9.0": [0, 0, -22.5],
						"10.5833": [0, 0, -40],
						"12.0": [0, 0, 0]
					}
				},
				"bone": {
					"rotation": {
						"0.0": [0, 0, 0],
						"12.0": [0, 0, 720]
					}
				},
				"bone11": {
					"scale": {
						"0.0": {
							"post": [1, 1, 1],
							"lerp_mode": "catmullrom"
						},
						"2.0": {
							"post": [1.3, 1.3, 1],
							"lerp_mode": "catmullrom"
						},
						"4.0": {
							"post": [1, 1, 1],
							"lerp_mode": "catmullrom"
						},
						"6.0": {
							"post": [1.3, 1.3, 1],
							"lerp_mode": "catmullrom"
						},
						"8.0": {
							"post": [1, 1, 1],
							"lerp_mode": "catmullrom"
						},
						"10.0": {
							"post": [1.3, 1.3, 1],
							"lerp_mode": "catmullrom"
						},
						"12.0": {
							"post": [1, 1, 1],
							"lerp_mode": "catmullrom"
						}
					}
				},
				"bone12": {
					"scale": {
						"0.0": {
							"post": [1.3, 1.3, 1],
							"lerp_mode": "catmullrom"
						},
						"1.9167": {
							"post": [1, 1, 1],
							"lerp_mode": "catmullrom"
						},
						"3.9167": {
							"post": [1.3, 1.3, 1],
							"lerp_mode": "catmullrom"
						},
						"5.9167": {
							"post": [1, 1, 1],
							"lerp_mode": "catmullrom"
						},
						"7.9167": {
							"post": [1.3, 1.3, 1],
							"lerp_mode": "catmullrom"
						},
						"9.9167": {
							"post": [1, 1, 1],
							"lerp_mode": "catmullrom"
						},
						"12.0": {
							"post": [1.3, 1.3, 1],
							"lerp_mode": "catmullrom"
						}
					}
				},
				"bone13": {
					"scale": {
						"0.0": {
							"post": [1, 1, 1],
							"lerp_mode": "catmullrom"
						},
						"2.0": {
							"post": [1.3, 1.3, 1],
							"lerp_mode": "catmullrom"
						},
						"4.0": {
							"post": [1, 1, 1],
							"lerp_mode": "catmullrom"
						},
						"6.0": {
							"post": [1.3, 1.3, 1],
							"lerp_mode": "catmullrom"
						},
						"8.0": {
							"post": [1, 1, 1],
							"lerp_mode": "catmullrom"
						},
						"10.0": {
							"post": [1.3, 1.3, 1],
							"lerp_mode": "catmullrom"
						},
						"12.0": {
							"post": [1, 1, 1],
							"lerp_mode": "catmullrom"
						}
					}
				},
				"bone14": {
					"rotation": {
						"0.0": [0, 0, 0],
						"0.75": [0, 0, -30],
						"2.2083": [0, 0, 2.5],
						"3.5417": [0, 0, -17.5],
						"3.875": [0, 0, -2.5],
						"5.9167": [0, 0, -27.5],
						"7.7917": [0, 0, -7.5],
						"9.0": [0, 0, -22.5],
						"10.5833": [0, 0, -40],
						"12.0": [0, 0, 0]
					}
				},
				"bone15": {
					"rotation": {
						"0.0": [0, 0, 0],
						"12.0": [0, 0, 720]
					}
				},
				"wisps": {
					"rotation": {
						"0.0": [0, 0, 0],
						"0.2917": [0, 12.43048, 0],
						"0.5417": [0, 21.77283, 0],
						"0.75": [0, 28.35055, 0],
						"0.9583": [0, 33.54051, 0],
						"1.125": [0, 36.47896, 0],
						"1.2917": [0, 38.1721, 0],
						"1.4583": [0, 38.52818, 0],
						"1.6667": [0, 37.18397, 0],
						"2.1667": [0, 29.55402, 0],
						"2.4583": [0, 25.54734, 0],
						"2.75": [0, 23.23023, 0],
						"3.0833": [0, 22.76045, 0],
						"3.5": [0, 25, 0],
						"4.0": [0, 27.81034, 0],
						"4.5417": [0, 27.65165, 0],
						"5.0833": [0, 24.81591, 0],
						"5.625": [0, 20.56847, 0],
						"6.1667": [0, 16.83953, 0],
						"6.5417": [0, 15.81379, 0],
						"6.8333": [0, 16.49901, 0],
						"7.125": [0, 18.85207, 0],
						"7.375": [0, 22.40492, 0],
						"7.625": [0, 27.50719, 0],
						"7.8333": [0, 33, 0],
						"8.0417": [0, 39.84198, 0],
						"8.25": [0, 48.16509, 0],
						"8.4583": [0, 57.88134, 0],
						"8.7083": [0, 71.26376, 0],
						"8.9583": [0, 86.3909, 0],
						"9.2083": [0, 103.12509, 0],
						"9.5": [0, 124.50479, 0],
						"9.8333": [0, 151.13332, 0],
						"10.2083": [0, 183.52325, 0],
						"10.7083": [0, 229.98931, 0],
						"11.25": [0, 283.41747, 0],
						"11.7917": [0, 338.63208, 0],
						"12.0": [0, 360, 0]
					},
					"position": {
						"0.0": {
							"post": [0, 0, 0],
							"lerp_mode": "catmullrom"
						},
						"8.0": {
							"post": [0, 0, 0],
							"lerp_mode": "catmullrom"
						},
						"8.75": {
							"post": [0, -3, 0],
							"lerp_mode": "catmullrom"
						},
						"12.0": {
							"post": [0, 0, 0],
							"lerp_mode": "catmullrom"
						}
					}
				},
				"ancientapparition": {
					"position": [0, -1, 0]
				},
				"body": {
					"position": {
						"0.0": {
							"post": [0, 0, 0],
							"lerp_mode": "catmullrom"
						},
						"2.0": {
							"post": [0, -2, 0],
							"lerp_mode": "catmullrom"
						},
						"4.0": {
							"post": [0, 0, 0],
							"lerp_mode": "catmullrom"
						},
						"6.0": {
							"post": [0, -2, 0],
							"lerp_mode": "catmullrom"
						},
						"8.0": {
							"post": [0, 0, 0],
							"lerp_mode": "catmullrom"
						},
						"10.0": {
							"post": [0, -2, 0],
							"lerp_mode": "catmullrom"
						},
						"12.0": {
							"post": [0, 0, 0],
							"lerp_mode": "catmullrom"
						}
					}
				},
				"main_body1": {
					"rotation": {
						"0.0": [0, 0, 0],
						"12.0": [0, 0, 1080]
					}
				},
				"main_body2": {
					"position": [0, -0.4, 0],
					"scale": {
						"0.0": {
							"post": [1, 1, 1],
							"lerp_mode": "catmullrom"
						},
						"1.9583": {
							"post": [0.9, 0.9, 0.9],
							"lerp_mode": "catmullrom"
						},
						"4.0": {
							"post": [1, 1, 1],
							"lerp_mode": "catmullrom"
						},
						"5.9583": {
							"post": [0.9, 0.9, 0.9],
							"lerp_mode": "catmullrom"
						},
						"8.0": {
							"post": [1, 1, 1],
							"lerp_mode": "catmullrom"
						},
						"9.9583": {
							"post": [0.9, 0.9, 0.9],
							"lerp_mode": "catmullrom"
						},
						"12.0": {
							"post": [1, 1, 1],
							"lerp_mode": "catmullrom"
						}
					}
				},
				"main_body3": {
					"scale": {
						"0.0": {
							"post": [1, 1, 1],
							"lerp_mode": "catmullrom"
						},
						"1.9583": {
							"post": [0.9, 0.9, 0.9],
							"lerp_mode": "catmullrom"
						},
						"4.0": {
							"post": [1, 1, 1],
							"lerp_mode": "catmullrom"
						},
						"5.9583": {
							"post": [0.9, 0.9, 0.9],
							"lerp_mode": "catmullrom"
						},
						"8.0": {
							"post": [1, 1, 1],
							"lerp_mode": "catmullrom"
						},
						"9.9583": {
							"post": [0.9, 0.9, 0.9],
							"lerp_mode": "catmullrom"
						},
						"12.0": {
							"post": [1, 1, 1],
							"lerp_mode": "catmullrom"
						}
					}
				},
				"main_body4": {
					"position": {
						"0.0": {
							"post": [0, 0, 0],
							"lerp_mode": "catmullrom"
						},
						"2.0": {
							"post": [0, -1, 0],
							"lerp_mode": "catmullrom"
						},
						"4.0": {
							"post": [0, 0, 0],
							"lerp_mode": "catmullrom"
						},
						"6.0": {
							"post": [0, -1, 0],
							"lerp_mode": "catmullrom"
						},
						"8.0": {
							"post": [0, 0, 0],
							"lerp_mode": "catmullrom"
						},
						"10.0": {
							"post": [0, -1, 0],
							"lerp_mode": "catmullrom"
						},
						"12.0": {
							"post": [0, 0, 0],
							"lerp_mode": "catmullrom"
						}
					}
				},
				"main_body5": {
					"position": {
						"0.0": {
							"post": [0, 0, 0],
							"lerp_mode": "catmullrom"
						},
						"2.0": {
							"post": [0, -1, 0],
							"lerp_mode": "catmullrom"
						},
						"4.0": {
							"post": [0, 0, 0],
							"lerp_mode": "catmullrom"
						},
						"6.0": {
							"post": [0, -1, 0],
							"lerp_mode": "catmullrom"
						},
						"8.0": {
							"post": [0, 0, 0],
							"lerp_mode": "catmullrom"
						},
						"10.0": {
							"post": [0, -1, 0],
							"lerp_mode": "catmullrom"
						},
						"12.0": {
							"post": [0, 0, 0],
							"lerp_mode": "catmullrom"
						}
					}
				},
				"main_body6": {
					"rotation": {
						"0.0": {
							"post": [0, 0, 0],
							"lerp_mode": "catmullrom"
						},
						"2.2917": {
							"post": [0, 0, 27.5],
							"lerp_mode": "catmullrom"
						},
						"3.5": {
							"post": [0, 0, 7.5],
							"lerp_mode": "catmullrom"
						},
						"5.2083": {
							"post": [0, 0, -5],
							"lerp_mode": "catmullrom"
						},
						"5.6667": {
							"post": [0, 0, 5],
							"lerp_mode": "catmullrom"
						},
						"6.4167": {
							"post": [0, 0, 27.5],
							"lerp_mode": "catmullrom"
						},
						"8.4583": {
							"post": [0, 0, 7.5],
							"lerp_mode": "catmullrom"
						},
						"9.9583": {
							"post": [0, 0, -7.5],
							"lerp_mode": "catmullrom"
						},
						"12.0": {
							"post": [0, 0, 0],
							"lerp_mode": "catmullrom"
						}
					},
					"position": {
						"0.0": {
							"post": [0, 0, 0],
							"lerp_mode": "catmullrom"
						},
						"2.0": {
							"post": [0, -1, 0],
							"lerp_mode": "catmullrom"
						},
						"4.0": {
							"post": [0, 0, 0],
							"lerp_mode": "catmullrom"
						},
						"6.0": {
							"post": [0, -1, 0],
							"lerp_mode": "catmullrom"
						},
						"8.0": {
							"post": [0, 0, 0],
							"lerp_mode": "catmullrom"
						},
						"10.0": {
							"post": [0, -1, 0],
							"lerp_mode": "catmullrom"
						},
						"12.0": {
							"post": [0, 0, 0],
							"lerp_mode": "catmullrom"
						}
					}
				}
			}
		},
		"animation.ancientapparition.faint": {
			"loop": "hold_on_last_frame",
			"animation_length": 5.5,
			"bones": {
				"cube1": {
					"position": {
						"0.0": [0, 0, 0],
						"0.1667": [0, 1, 0]
					},
					"scale": {
						"0.0": [1, 1, 1],
						"0.1667": [0, 0, 0]
					}
				},
				"cube2": {
					"position": {
						"0.0": [0, 0, 0],
						"0.1667": [0, 1, 0]
					},
					"scale": {
						"0.0": [1, 1, 1],
						"0.1667": [0, 0, 0]
					}
				},
				"cube3": {
					"position": [0, 1, 0],
					"scale": {
						"0.0": [1, 1, 1],
						"0.1667": [0, 0, 0]
					}
				},
				"cube4": {
					"position": {
						"0.0": [0, 0, 0],
						"0.1667": [0, 1, 0]
					},
					"scale": {
						"0.0": [1, 1, 1],
						"0.1667": [0, 0, 0]
					}
				},
				"cube5": {
					"position": {
						"0.0": [0, 0, 0],
						"0.1667": [0, 1, 0]
					},
					"scale": {
						"0.0": [1, 1, 1],
						"0.1667": [0, 0, 0]
					}
				},
				"cube6": {
					"position": {
						"0.0": [0, 0, 0],
						"0.1667": [0, 1, 0]
					},
					"scale": {
						"0.0": [1, 1, 1],
						"0.1667": [0, 0, 0]
					}
				},
				"spelltag": {
					"rotation": {
						"0.9167": {
							"pre": [0, 0, 0],
							"post": [0, 0, 0],
							"lerp_mode": "catmullrom"
						},
						"1.875": {
							"post": [-90, 0, 0],
							"lerp_mode": "catmullrom"
						},
						"2.25": {
							"post": [-107.5, 0, 0],
							"lerp_mode": "catmullrom"
						},
						"2.8333": {
							"post": [-82.5, 0, 0],
							"lerp_mode": "catmullrom"
						},
						"3.4583": {
							"post": [-102.5, 0, 0],
							"lerp_mode": "catmullrom"
						},
						"4.1667": {
							"post": [-87.5, 0, 0],
							"lerp_mode": "catmullrom"
						},
						"4.8333": {
							"post": [-75, 0, 0],
							"lerp_mode": "catmullrom"
						},
						"5.5": {
							"post": [-87.5, 0, 0],
							"lerp_mode": "catmullrom"
						}
					},
					"position": {
						"0.9583": {
							"pre": [0, 0, 0],
							"post": [0, 0, 0],
							"lerp_mode": "catmullrom"
						},
						"2.0417": {
							"post": [0, -5.5, -1.77],
							"lerp_mode": "catmullrom"
						},
						"5.5": [0, -13, 2]
					}
				},
				"pupil": {
					"scale": {
						"0.6667": [1, 1, 1],
						"0.7083": [1, 0.3, 1],
						"0.75": [1, 1, 1],
						"0.7917": [1, 1, 1],
						"0.8333": [1, 0.3, 1],
						"0.875": [1, 1, 1]
					}
				},
				"bone2": {
					"position": {
						"0.0": [0, 0, 0],
						"0.1667": [0, 1, 0]
					},
					"scale": {
						"0.0": [1, 1, 1],
						"0.1667": [0, 0, 0]
					}
				},
				"bone3": {
					"position": {
						"0.0": [0, 0, 0],
						"0.1667": [0, 1, 0]
					},
					"scale": {
						"0.0": [1, 1, 1],
						"0.1667": [0, 0, 0]
					}
				},
				"bone4": {
					"position": {
						"0.0": [0, 0, 0],
						"0.1667": [0, 1, 0]
					},
					"scale": {
						"0.0": [1, 1, 1],
						"0.1667": [0, 0, 0]
					}
				},
				"bone5": {
					"position": {
						"0.0": [0, 0, 0],
						"0.1667": [0, 1, 0]
					},
					"scale": {
						"0.0": [1, 1, 1],
						"0.1667": [0, 0, 0]
					}
				},
				"bone": {
					"position": {
						"0.0": [0, 0, 0],
						"0.1667": [0, 1, 0]
					},
					"scale": {
						"0.0": [1, 1, 1],
						"0.1667": [0, 0, 0]
					}
				},
				"bone11": {
					"position": {
						"0.0": [0, 0, 0],
						"0.1667": [0, 1, 0]
					},
					"scale": {
						"0.0": [1, 1, 1],
						"0.1667": [0, 0, 0]
					}
				},
				"bone12": {
					"position": {
						"0.0": [0, 0, 0],
						"0.1667": [0, 1, 0]
					},
					"scale": {
						"0.0": [1, 1, 1],
						"0.1667": [0, 0, 0]
					}
				},
				"bone13": {
					"position": {
						"0.0": [0, 0, 0],
						"0.1667": [0, 1, 0]
					},
					"scale": {
						"0.0": [1, 1, 1],
						"0.1667": [0, 0, 0]
					}
				},
				"bone14": {
					"position": {
						"0.0": [0, 0, 0],
						"0.1667": [0, 1, 0]
					},
					"scale": {
						"0.0": [1, 1, 1],
						"0.1667": [0, 0, 0]
					}
				},
				"bone15": {
					"position": {
						"0.0": [0, 0, 0],
						"0.1667": [0, 1, 0]
					},
					"scale": {
						"0.0": [1, 1, 1],
						"0.1667": [0, 0, 0]
					}
				},
				"expression": {
					"position": {
						"0.5417": [0, 0, 0],
						"1.5833": [0, -1, 0]
					}
				},
				"main_body1": {
					"position": {
						"0.0": {
							"post": [0, 0, 0],
							"lerp_mode": "catmullrom"
						},
						"0.1667": {
							"post": [0, 3, 0],
							"lerp_mode": "catmullrom"
						}
					},
					"scale": {
						"0.0": {
							"post": [1, 1, 1],
							"lerp_mode": "catmullrom"
						},
						"0.1667": {
							"post": [0, 0, 0],
							"lerp_mode": "catmullrom"
						}
					}
				},
				"main_body2": {
					"position": {
						"0.0": {
							"post": [0, 0, 0],
							"lerp_mode": "catmullrom"
						},
						"0.1667": {
							"post": [0, 3, 0],
							"lerp_mode": "catmullrom"
						}
					},
					"scale": {
						"0.0": {
							"post": [1, 1, 1],
							"lerp_mode": "catmullrom"
						},
						"0.1667": {
							"post": [0, 0, 0],
							"lerp_mode": "catmullrom"
						}
					}
				},
				"main_body3": {
					"position": {
						"0.0": {
							"post": [0, 0, 0],
							"lerp_mode": "catmullrom"
						},
						"0.1667": {
							"post": [0, 3, 0],
							"lerp_mode": "catmullrom"
						}
					},
					"scale": {
						"0.0": {
							"post": [1, 1, 1],
							"lerp_mode": "catmullrom"
						},
						"0.1667": {
							"post": [0, 0, 0],
							"lerp_mode": "catmullrom"
						}
					}
				},
				"main_body4": {
					"position": {
						"0.0": {
							"post": [0, 0, 0],
							"lerp_mode": "catmullrom"
						},
						"0.1667": {
							"post": [0, 3, 0],
							"lerp_mode": "catmullrom"
						}
					},
					"scale": {
						"0.0": {
							"post": [1, 1, 1],
							"lerp_mode": "catmullrom"
						},
						"0.1667": {
							"post": [0, 0, 0],
							"lerp_mode": "catmullrom"
						}
					}
				},
				"main_body5": {
					"position": {
						"0.0": {
							"post": [0, 0, 0],
							"lerp_mode": "catmullrom"
						},
						"0.1667": {
							"post": [0, 3, 0],
							"lerp_mode": "catmullrom"
						}
					},
					"scale": {
						"0.0": {
							"post": [1, 1, 1],
							"lerp_mode": "catmullrom"
						},
						"0.1667": {
							"post": [0, 0, 0],
							"lerp_mode": "catmullrom"
						}
					}
				},
				"main_body6": {
					"position": {
						"0.0": {
							"post": [0, 0, 0],
							"lerp_mode": "catmullrom"
						},
						"0.1667": {
							"post": [0, 3, 0],
							"lerp_mode": "catmullrom"
						}
					},
					"scale": {
						"0.0": {
							"post": [1, 1, 1],
							"lerp_mode": "catmullrom"
						},
						"0.1667": {
							"post": [0, 0, 0],
							"lerp_mode": "catmullrom"
						}
					}
				},
				"head": {
					"scale": {
						"0.0": {
							"post": [1, 1, 1],
							"lerp_mode": "catmullrom"
						},
						"0.1667": {
							"post": [0, 0, 0],
							"lerp_mode": "catmullrom"
						}
					}
				},
				"leftwisp1": {
					"position": {
						"0.0": {
							"post": [0, 0, 0],
							"lerp_mode": "catmullrom"
						},
						"0.1667": {
							"post": [0, 3, 0],
							"lerp_mode": "catmullrom"
						}
					},
					"scale": {
						"0.0": {
							"post": [1, 1, 1],
							"lerp_mode": "catmullrom"
						},
						"0.1667": {
							"post": [0, 0, 0],
							"lerp_mode": "catmullrom"
						}
					}
				},
				"leftwisp2": {
					"position": {
						"0.0": {
							"post": [0, 0, 0],
							"lerp_mode": "catmullrom"
						},
						"0.1667": {
							"post": [0, 3, 0],
							"lerp_mode": "catmullrom"
						}
					},
					"scale": {
						"0.0": {
							"post": [1, 1, 1],
							"lerp_mode": "catmullrom"
						},
						"0.1667": {
							"post": [0, 0, 0],
							"lerp_mode": "catmullrom"
						}
					}
				},
				"leftwisp3": {
					"position": {
						"0.0": {
							"post": [0, 0, 0],
							"lerp_mode": "catmullrom"
						},
						"0.1667": {
							"post": [0, 3, 0],
							"lerp_mode": "catmullrom"
						}
					},
					"scale": {
						"0.0": {
							"post": [1, 1, 1],
							"lerp_mode": "catmullrom"
						},
						"0.1667": {
							"post": [0, 0, 0],
							"lerp_mode": "catmullrom"
						}
					}
				},
				"leftwisp4": {
					"position": {
						"0.0": {
							"post": [0, 0, 0],
							"lerp_mode": "catmullrom"
						},
						"0.1667": {
							"post": [0, 3, 0],
							"lerp_mode": "catmullrom"
						}
					},
					"scale": {
						"0.0": {
							"post": [1, 1, 1],
							"lerp_mode": "catmullrom"
						},
						"0.1667": {
							"post": [0, 0, 0],
							"lerp_mode": "catmullrom"
						}
					}
				},
				"leftwisp5": {
					"position": {
						"0.0": {
							"post": [0, 0, 0],
							"lerp_mode": "catmullrom"
						},
						"0.1667": {
							"post": [0, 3, 0],
							"lerp_mode": "catmullrom"
						}
					},
					"scale": {
						"0.0": {
							"post": [1, 1, 1],
							"lerp_mode": "catmullrom"
						},
						"0.1667": {
							"post": [0, 0, 0],
							"lerp_mode": "catmullrom"
						}
					}
				},
				"rightwisp1": {
					"position": {
						"0.0": {
							"post": [0, 0, 0],
							"lerp_mode": "catmullrom"
						},
						"0.1667": {
							"post": [0, 3, 0],
							"lerp_mode": "catmullrom"
						}
					},
					"scale": {
						"0.0": {
							"post": [1, 1, 1],
							"lerp_mode": "catmullrom"
						},
						"0.1667": {
							"post": [0, 0, 0],
							"lerp_mode": "catmullrom"
						}
					}
				},
				"rightwisp2": {
					"position": {
						"0.0": {
							"post": [0, 0, 0],
							"lerp_mode": "catmullrom"
						},
						"0.1667": {
							"post": [0, 3, 0],
							"lerp_mode": "catmullrom"
						}
					},
					"scale": {
						"0.0": {
							"post": [1, 1, 1],
							"lerp_mode": "catmullrom"
						},
						"0.1667": {
							"post": [0, 0, 0],
							"lerp_mode": "catmullrom"
						}
					}
				},
				"rightwisp3": {
					"position": {
						"0.0": {
							"post": [0, 0, 0],
							"lerp_mode": "catmullrom"
						},
						"0.1667": {
							"post": [0, 3, 0],
							"lerp_mode": "catmullrom"
						}
					},
					"scale": {
						"0.0": {
							"post": [1, 1, 1],
							"lerp_mode": "catmullrom"
						},
						"0.1667": {
							"post": [0, 0, 0],
							"lerp_mode": "catmullrom"
						}
					}
				},
				"rightwisp4": {
					"position": {
						"0.0": {
							"post": [0, 0, 0],
							"lerp_mode": "catmullrom"
						},
						"0.1667": {
							"post": [0, 3, 0],
							"lerp_mode": "catmullrom"
						}
					},
					"scale": {
						"0.0": {
							"post": [1, 1, 1],
							"lerp_mode": "catmullrom"
						},
						"0.1667": {
							"post": [0, 0, 0],
							"lerp_mode": "catmullrom"
						}
					}
				},
				"rightwisp5": {
					"position": {
						"0.0": {
							"post": [0, 0, 0],
							"lerp_mode": "catmullrom"
						},
						"0.1667": {
							"post": [0, 3, 0],
							"lerp_mode": "catmullrom"
						}
					},
					"scale": {
						"0.0": {
							"post": [1, 1, 1],
							"lerp_mode": "catmullrom"
						},
						"0.1667": {
							"post": [0, 0, 0],
							"lerp_mode": "catmullrom"
						}
					}
				}
			}
		},
		"animation.ancientapparition.ground_walk": {
			"loop": true,
			"animation_length": 12,
			"bones": {
				"ancient_apparition": {
					"rotation": [7.5, 0, 0],
					"position": {
						"0.0": {
							"post": [0, 0, 0],
							"lerp_mode": "catmullrom"
						},
						"2.0": {
							"post": [0, 2, 0],
							"lerp_mode": "catmullrom"
						},
						"4.0": {
							"post": [0, 0, 0],
							"lerp_mode": "catmullrom"
						},
						"6.0": {
							"post": [0, 2, 0],
							"lerp_mode": "catmullrom"
						},
						"8.0": {
							"post": [0, 0, 0],
							"lerp_mode": "catmullrom"
						},
						"10.0": {
							"post": [0, 2, 0],
							"lerp_mode": "catmullrom"
						},
						"12.0": {
							"post": [0, 0, 0],
							"lerp_mode": "catmullrom"
						}
					}
				},
				"cube1": {
					"rotation": {
						"0.0": [0, 0, 0],
						"12.0": [0, 0, 1080]
					},
					"scale": {
						"0.0": {
							"post": [1.1, 1.1, 1],
							"lerp_mode": "catmullrom"
						},
						"2.0": {
							"post": [1, 1, 1],
							"lerp_mode": "catmullrom"
						},
						"4.0": {
							"post": [1.1, 1.1, 1],
							"lerp_mode": "catmullrom"
						},
						"6.0": {
							"post": [1, 1, 1],
							"lerp_mode": "catmullrom"
						},
						"8.0": {
							"post": [1.1, 1.1, 1],
							"lerp_mode": "catmullrom"
						},
						"10.0": {
							"post": [1, 1, 1],
							"lerp_mode": "catmullrom"
						},
						"12.0": {
							"post": [1.1, 1.1, 1],
							"lerp_mode": "catmullrom"
						}
					}
				},
				"cube2": {
					"rotation": {
						"0.0": [0, 0, 0],
						"12.0": [0, 0, -360]
					},
					"scale": {
						"0.0": {
							"post": [1, 1, 1],
							"lerp_mode": "catmullrom"
						},
						"2.0": {
							"post": [1.1, 1.1, 1],
							"lerp_mode": "catmullrom"
						},
						"4.0": {
							"post": [1, 1, 1],
							"lerp_mode": "catmullrom"
						},
						"6.0": {
							"post": [1.1, 1.1, 1],
							"lerp_mode": "catmullrom"
						},
						"8.0": {
							"post": [1, 1, 1],
							"lerp_mode": "catmullrom"
						},
						"10.0": {
							"post": [1.1, 1.1, 1],
							"lerp_mode": "catmullrom"
						},
						"12.0": {
							"post": [1, 1, 1],
							"lerp_mode": "catmullrom"
						}
					}
				},
				"cube3": {
					"rotation": {
						"0.0": [0, 0, 0],
						"12.0": [0, 0, 360]
					},
					"scale": {
						"0.0": {
							"post": [1.1, 1.1, 1],
							"lerp_mode": "catmullrom"
						},
						"2.0": {
							"post": [1, 1, 1],
							"lerp_mode": "catmullrom"
						},
						"4.0": {
							"post": [1.1, 1.1, 1],
							"lerp_mode": "catmullrom"
						},
						"6.0": {
							"post": [1, 1, 1],
							"lerp_mode": "catmullrom"
						},
						"8.0": {
							"post": [1.1, 1.1, 1],
							"lerp_mode": "catmullrom"
						},
						"10.0": {
							"post": [1, 1, 1],
							"lerp_mode": "catmullrom"
						},
						"12.0": {
							"post": [1.1, 1.1, 1],
							"lerp_mode": "catmullrom"
						}
					}
				},
				"cube4": {
					"rotation": {
						"0.0": [0, 0, 0],
						"12.0": [0, 0, -360]
					},
					"scale": {
						"0.0": {
							"post": [1, 1, 1],
							"lerp_mode": "catmullrom"
						},
						"2.0": {
							"post": [1.1, 1.1, 1],
							"lerp_mode": "catmullrom"
						},
						"4.0": {
							"post": [1, 1, 1],
							"lerp_mode": "catmullrom"
						},
						"6.0": {
							"post": [1.1, 1.1, 1],
							"lerp_mode": "catmullrom"
						},
						"8.0": {
							"post": [1, 1, 1],
							"lerp_mode": "catmullrom"
						},
						"10.0": {
							"post": [1.1, 1.1, 1],
							"lerp_mode": "catmullrom"
						},
						"12.0": {
							"post": [1, 1, 1],
							"lerp_mode": "catmullrom"
						}
					}
				},
				"cube5": {
					"rotation": {
						"0.0": [0, 0, 0],
						"12.0": [0, 0, 360]
					},
					"scale": {
						"0.0": {
							"post": [1.1, 1.1, 1],
							"lerp_mode": "catmullrom"
						},
						"2.0": {
							"post": [1, 1, 1],
							"lerp_mode": "catmullrom"
						},
						"4.0": {
							"post": [1.1, 1.1, 1],
							"lerp_mode": "catmullrom"
						},
						"6.0": {
							"post": [1, 1, 1],
							"lerp_mode": "catmullrom"
						},
						"8.0": {
							"post": [1.1, 1.1, 1],
							"lerp_mode": "catmullrom"
						},
						"10.0": {
							"post": [1, 1, 1],
							"lerp_mode": "catmullrom"
						},
						"12.0": {
							"post": [1.1, 1.1, 1],
							"lerp_mode": "catmullrom"
						}
					}
				},
				"cube6": {
					"rotation": {
						"0.0": {
							"post": [0, 0, 0],
							"lerp_mode": "catmullrom"
						},
						"1.7083": {
							"post": [0, 0, 50],
							"lerp_mode": "catmullrom"
						},
						"3.2083": {
							"post": [0, 0, 32.5],
							"lerp_mode": "catmullrom"
						},
						"4.0417": {
							"post": [0, 0, 20],
							"lerp_mode": "catmullrom"
						},
						"5.4583": {
							"post": [0, 0, 45],
							"lerp_mode": "catmullrom"
						},
						"7.0": {
							"post": [0, 0, 2.5],
							"lerp_mode": "catmullrom"
						},
						"9.3333": {
							"post": [0, 0, 22.5],
							"lerp_mode": "catmullrom"
						},
						"10.25": {
							"post": [0, 0, 10],
							"lerp_mode": "catmullrom"
						},
						"12.0": {
							"post": [0, 0, 0],
							"lerp_mode": "catmullrom"
						}
					}
				},
				"leftwisp": {
					"position": {
						"0.0": {
							"post": [0, 0, 0],
							"lerp_mode": "catmullrom"
						},
						"2.875": {
							"post": [0, 4, 0],
							"lerp_mode": "catmullrom"
						},
						"5.625": {
							"post": [0, 0, 0],
							"lerp_mode": "catmullrom"
						},
						"7.75": {
							"post": [0, 5.16, 0],
							"lerp_mode": "catmullrom"
						},
						"9.625": {
							"post": [0, 0, 0],
							"lerp_mode": "catmullrom"
						},
						"10.9167": {
							"post": [0, 1.44, 0],
							"lerp_mode": "catmullrom"
						},
						"12.0": {
							"post": [0, 0, 0],
							"lerp_mode": "catmullrom"
						}
					}
				},
				"rightwisp": {
					"position": {
						"0.0": {
							"post": [0, 0, 0],
							"lerp_mode": "catmullrom"
						},
						"1.9583": {
							"post": [0, 4, 0],
							"lerp_mode": "catmullrom"
						},
						"4.7083": {
							"post": [0, 0, 0],
							"lerp_mode": "catmullrom"
						},
						"6.8333": {
							"post": [0, 5.16, 0],
							"lerp_mode": "catmullrom"
						},
						"9.125": {
							"post": [0, 0, 0],
							"lerp_mode": "catmullrom"
						},
						"10.7083": {
							"post": [0, 1.44, 0],
							"lerp_mode": "catmullrom"
						},
						"12.0": {
							"post": [0, 0, 0],
							"lerp_mode": "catmullrom"
						}
					}
				},
				"spelltag": {
					"rotation": [-2.4818, -0.02395, 0.30068],
					"position": {
						"0.0": {
							"post": [0, 0, 0],
							"lerp_mode": "catmullrom"
						},
						"2.0": {
							"post": [0, -1, 0],
							"lerp_mode": "catmullrom"
						},
						"4.0": {
							"post": [0, 0, 0],
							"lerp_mode": "catmullrom"
						},
						"6.0": {
							"post": [0, -1, 0],
							"lerp_mode": "catmullrom"
						},
						"8.0": {
							"post": [0, 0, 0],
							"lerp_mode": "catmullrom"
						},
						"10.0": {
							"post": [0, -1, 0],
							"lerp_mode": "catmullrom"
						},
						"12.0": {
							"post": [0, 0, 0],
							"lerp_mode": "catmullrom"
						}
					}
				},
				"pupil": {
					"scale": {
						"1.375": [1, 1, 1],
						"1.4167": [1, 0.3, 1],
						"1.4583": [1, 1, 1],
						"5.0833": [1, 1, 1],
						"5.125": [1, 0.3, 1],
						"5.1667": [1, 1, 1],
						"11.25": [1, 1, 1],
						"11.2917": [1, 0.3, 1],
						"11.3333": [1, 1, 1]
					}
				},
				"bone2": {
					"scale": {
						"0.0": {
							"post": [1, 1, 1],
							"lerp_mode": "catmullrom"
						},
						"2.0": {
							"post": [1.3, 1.3, 1],
							"lerp_mode": "catmullrom"
						},
						"4.0": {
							"post": [1, 1, 1],
							"lerp_mode": "catmullrom"
						},
						"6.0": {
							"post": [1.3, 1.3, 1],
							"lerp_mode": "catmullrom"
						},
						"8.0": {
							"post": [1, 1, 1],
							"lerp_mode": "catmullrom"
						},
						"10.0": {
							"post": [1.3, 1.3, 1],
							"lerp_mode": "catmullrom"
						},
						"12.0": {
							"post": [1, 1, 1],
							"lerp_mode": "catmullrom"
						}
					}
				},
				"bone3": {
					"scale": {
						"0.0": {
							"post": [1, 1, 1],
							"lerp_mode": "catmullrom"
						},
						"2.0": {
							"post": [1.3, 1.3, 1],
							"lerp_mode": "catmullrom"
						},
						"4.0": {
							"post": [1, 1, 1],
							"lerp_mode": "catmullrom"
						},
						"6.0": {
							"post": [1.3, 1.3, 1],
							"lerp_mode": "catmullrom"
						},
						"8.0": {
							"post": [1, 1, 1],
							"lerp_mode": "catmullrom"
						},
						"10.0": {
							"post": [1.3, 1.3, 1],
							"lerp_mode": "catmullrom"
						},
						"12.0": {
							"post": [1, 1, 1],
							"lerp_mode": "catmullrom"
						}
					}
				},
				"bone5": {
					"rotation": {
						"0.0": [0, 0, 0],
						"0.75": [0, 0, -30],
						"2.2083": [0, 0, 2.5],
						"3.5417": [0, 0, -17.5],
						"3.875": [0, 0, -2.5],
						"5.9167": [0, 0, -27.5],
						"7.7917": [0, 0, -7.5],
						"9.0": [0, 0, -22.5],
						"10.5833": [0, 0, -40],
						"12.0": [0, 0, 0]
					}
				},
				"bone": {
					"rotation": {
						"0.0": [0, 0, 0],
						"12.0": [0, 0, 720]
					}
				},
				"bone11": {
					"scale": {
						"0.0": {
							"post": [1, 1, 1],
							"lerp_mode": "catmullrom"
						},
						"2.0": {
							"post": [1.3, 1.3, 1],
							"lerp_mode": "catmullrom"
						},
						"4.0": {
							"post": [1, 1, 1],
							"lerp_mode": "catmullrom"
						},
						"6.0": {
							"post": [1.3, 1.3, 1],
							"lerp_mode": "catmullrom"
						},
						"8.0": {
							"post": [1, 1, 1],
							"lerp_mode": "catmullrom"
						},
						"10.0": {
							"post": [1.3, 1.3, 1],
							"lerp_mode": "catmullrom"
						},
						"12.0": {
							"post": [1, 1, 1],
							"lerp_mode": "catmullrom"
						}
					}
				},
				"bone12": {
					"scale": {
						"0.0": {
							"post": [1.3, 1.3, 1],
							"lerp_mode": "catmullrom"
						},
						"1.9167": {
							"post": [1, 1, 1],
							"lerp_mode": "catmullrom"
						},
						"3.9167": {
							"post": [1.3, 1.3, 1],
							"lerp_mode": "catmullrom"
						},
						"5.9167": {
							"post": [1, 1, 1],
							"lerp_mode": "catmullrom"
						},
						"7.9167": {
							"post": [1.3, 1.3, 1],
							"lerp_mode": "catmullrom"
						},
						"9.9167": {
							"post": [1, 1, 1],
							"lerp_mode": "catmullrom"
						},
						"12.0": {
							"post": [1.3, 1.3, 1],
							"lerp_mode": "catmullrom"
						}
					}
				},
				"bone13": {
					"scale": {
						"0.0": {
							"post": [1, 1, 1],
							"lerp_mode": "catmullrom"
						},
						"2.0": {
							"post": [1.3, 1.3, 1],
							"lerp_mode": "catmullrom"
						},
						"4.0": {
							"post": [1, 1, 1],
							"lerp_mode": "catmullrom"
						},
						"6.0": {
							"post": [1.3, 1.3, 1],
							"lerp_mode": "catmullrom"
						},
						"8.0": {
							"post": [1, 1, 1],
							"lerp_mode": "catmullrom"
						},
						"10.0": {
							"post": [1.3, 1.3, 1],
							"lerp_mode": "catmullrom"
						},
						"12.0": {
							"post": [1, 1, 1],
							"lerp_mode": "catmullrom"
						}
					}
				},
				"bone14": {
					"rotation": {
						"0.0": [0, 0, 0],
						"0.75": [0, 0, -30],
						"2.2083": [0, 0, 2.5],
						"3.5417": [0, 0, -17.5],
						"3.875": [0, 0, -2.5],
						"5.9167": [0, 0, -27.5],
						"7.7917": [0, 0, -7.5],
						"9.0": [0, 0, -22.5],
						"10.5833": [0, 0, -40],
						"12.0": [0, 0, 0]
					}
				},
				"bone15": {
					"rotation": {
						"0.0": [0, 0, 0],
						"12.0": [0, 0, 720]
					}
				},
				"ancientapparition": {
					"rotation": [7.5, 0, 0]
				},
				"main_body1": {
					"rotation": {
						"0.0": [0, 0, 0],
						"12.0": [0, 0, 1080]
					}
				},
				"main_body2": {
					"position": [0, -0.4, 0],
					"scale": {
						"0.0": {
							"post": [1, 1, 1],
							"lerp_mode": "catmullrom"
						},
						"1.9583": {
							"post": [0.9, 0.9, 0.9],
							"lerp_mode": "catmullrom"
						},
						"4.0": {
							"post": [1, 1, 1],
							"lerp_mode": "catmullrom"
						},
						"5.9583": {
							"post": [0.9, 0.9, 0.9],
							"lerp_mode": "catmullrom"
						},
						"8.0": {
							"post": [1, 1, 1],
							"lerp_mode": "catmullrom"
						},
						"9.9583": {
							"post": [0.9, 0.9, 0.9],
							"lerp_mode": "catmullrom"
						},
						"12.0": {
							"post": [1, 1, 1],
							"lerp_mode": "catmullrom"
						}
					}
				},
				"main_body3": {
					"scale": {
						"0.0": {
							"post": [1, 1, 1],
							"lerp_mode": "catmullrom"
						},
						"1.9583": {
							"post": [0.9, 0.9, 0.9],
							"lerp_mode": "catmullrom"
						},
						"4.0": {
							"post": [1, 1, 1],
							"lerp_mode": "catmullrom"
						},
						"5.9583": {
							"post": [0.9, 0.9, 0.9],
							"lerp_mode": "catmullrom"
						},
						"8.0": {
							"post": [1, 1, 1],
							"lerp_mode": "catmullrom"
						},
						"9.9583": {
							"post": [0.9, 0.9, 0.9],
							"lerp_mode": "catmullrom"
						},
						"12.0": {
							"post": [1, 1, 1],
							"lerp_mode": "catmullrom"
						}
					}
				},
				"main_body4": {
					"position": {
						"0.0": {
							"post": [0, 0, 0],
							"lerp_mode": "catmullrom"
						},
						"2.0": {
							"post": [0, -1, 0],
							"lerp_mode": "catmullrom"
						},
						"4.0": {
							"post": [0, 0, 0],
							"lerp_mode": "catmullrom"
						},
						"6.0": {
							"post": [0, -1, 0],
							"lerp_mode": "catmullrom"
						},
						"8.0": {
							"post": [0, 0, 0],
							"lerp_mode": "catmullrom"
						},
						"10.0": {
							"post": [0, -1, 0],
							"lerp_mode": "catmullrom"
						},
						"12.0": {
							"post": [0, 0, 0],
							"lerp_mode": "catmullrom"
						}
					}
				},
				"main_body5": {
					"position": {
						"0.0": {
							"post": [0, 0, 0],
							"lerp_mode": "catmullrom"
						},
						"2.0": {
							"post": [0, -1, 0],
							"lerp_mode": "catmullrom"
						},
						"4.0": {
							"post": [0, 0, 0],
							"lerp_mode": "catmullrom"
						},
						"6.0": {
							"post": [0, -1, 0],
							"lerp_mode": "catmullrom"
						},
						"8.0": {
							"post": [0, 0, 0],
							"lerp_mode": "catmullrom"
						},
						"10.0": {
							"post": [0, -1, 0],
							"lerp_mode": "catmullrom"
						},
						"12.0": {
							"post": [0, 0, 0],
							"lerp_mode": "catmullrom"
						}
					}
				},
				"main_body6": {
					"rotation": {
						"0.0": {
							"post": [0, 0, 0],
							"lerp_mode": "catmullrom"
						},
						"2.2917": {
							"post": [0, 0, 27.5],
							"lerp_mode": "catmullrom"
						},
						"3.5": {
							"post": [0, 0, 7.5],
							"lerp_mode": "catmullrom"
						},
						"5.2083": {
							"post": [0, 0, -5],
							"lerp_mode": "catmullrom"
						},
						"5.6667": {
							"post": [0, 0, 5],
							"lerp_mode": "catmullrom"
						},
						"6.4167": {
							"post": [0, 0, 27.5],
							"lerp_mode": "catmullrom"
						},
						"8.4583": {
							"post": [0, 0, 7.5],
							"lerp_mode": "catmullrom"
						},
						"9.9583": {
							"post": [0, 0, -7.5],
							"lerp_mode": "catmullrom"
						},
						"12.0": {
							"post": [0, 0, 0],
							"lerp_mode": "catmullrom"
						}
					},
					"position": {
						"0.0": {
							"post": [0, 0, 0],
							"lerp_mode": "catmullrom"
						},
						"2.0": {
							"post": [0, -1, 0],
							"lerp_mode": "catmullrom"
						},
						"4.0": {
							"post": [0, 0, 0],
							"lerp_mode": "catmullrom"
						},
						"6.0": {
							"post": [0, -1, 0],
							"lerp_mode": "catmullrom"
						},
						"8.0": {
							"post": [0, 0, 0],
							"lerp_mode": "catmullrom"
						},
						"10.0": {
							"post": [0, -1, 0],
							"lerp_mode": "catmullrom"
						},
						"12.0": {
							"post": [0, 0, 0],
							"lerp_mode": "catmullrom"
						}
					}
				},
				"leftwisp1": {
					"rotation": {
						"0.0": [0, 0, 0],
						"12.0": [0, 0, -360]
					}
				},
				"rightwisp1": {
					"rotation": {
						"0.0": [0, 0, 0],
						"12.0": [0, 0, -360]
					}
				}
			}
		}
	}
}