{
	"format_version": "1.12.0",
	"minecraft:geometry": [
		{
			"description": {
				"identifier": "geometry.meganium",
				"texture_width": 512,
				"texture_height": 300,
				"visible_bounds_width": 9,
				"visible_bounds_height": 8.5,
				"visible_bounds_offset": [0, 3.75, 0]
			},
			"bones": [
				{
					"name": "meganium",
					"pivot": [0, 0, 0]
				},
				{
					"name": "body",
					"parent": "meganium",
					"pivot": [0, 0, 0]
				},
				{
					"name": "torso",
					"parent": "body",
					"pivot": [0, 14.5, 10.5],
					"cubes": [
						{"origin": [-9, 8.25, -14], "size": [18, 15, 29], "uv": [0, 0]}
					]
				},
				{
					"name": "neck",
					"parent": "torso",
					"pivot": [0, 18.75, -10],
					"cubes": [
						{"origin": [-4.5, 14.25, -14.5], "size": [9, 13, 9], "uv": [126, 32]}
					]
				},
				{
					"name": "leaves",
					"parent": "neck",
					"pivot": [-1, 25.25, -9.5]
				},
				{
					"name": "leaf",
					"parent": "leaves",
					"pivot": [0, 25.25, -14.5],
					"cubes": [
						{"origin": [-6, 25.25, -22.5], "size": [12, 0, 8], "uv": [93, 14]}
					]
				},
				{
					"name": "leaf_end",
					"parent": "leaf",
					"pivot": [0, 25.25, -22.5],
					"cubes": [
						{"origin": [-6, 25.25, -27.5], "size": [12, 0, 5], "uv": [89, 27]}
					]
				},
				{
					"name": "leaf2",
					"parent": "leaves",
					"pivot": [-3.5, 25.25, -13.25],
					"cubes": [
						{"origin": [-9.5, 25.25, -19.25], "size": [12, 0, 7], "uv": [94, 7]}
					]
				},
				{
					"name": "leaf_end2",
					"parent": "leaf2",
					"pivot": [-3.5, 25.25, -19.25],
					"cubes": [
						{"origin": [-9.5, 25.25, -26.25], "size": [12, 0, 7], "uv": [85, 0]}
					]
				},
				{
					"name": "leaf3",
					"parent": "leaves",
					"pivot": [3.5, 25.25, -13.25],
					"cubes": [
						{"origin": [-2.5, 25.25, -19.25], "size": [12, 0, 7], "uv": [118, 7]}
					]
				},
				{
					"name": "leaf_end3",
					"parent": "leaf3",
					"pivot": [3.5, 25.25, -19.25],
					"cubes": [
						{"origin": [-2.5, 25.25, -26.25], "size": [12, 0, 7], "uv": [109, 0]}
					]
				},
				{
					"name": "leaf4",
					"parent": "leaves",
					"pivot": [-3.5, 25.25, -7.25],
					"cubes": [
						{"origin": [-9.5, 25.25, -8.25], "size": [12, 0, 7], "uv": [142, 15]}
					]
				},
				{
					"name": "leaf_end4",
					"parent": "leaf4",
					"pivot": [-3.5, 25.25, -1.25],
					"cubes": [
						{"origin": [-9.5, 25.25, -1.25], "size": [12, 0, 7], "uv": [157, 0]}
					]
				},
				{
					"name": "leaf5",
					"parent": "leaves",
					"pivot": [3.5, 25.25, -7.25],
					"cubes": [
						{"origin": [-2.5, 25.25, -8.25], "size": [12, 0, 7], "uv": [118, 14]}
					]
				},
				{
					"name": "leaf_end5",
					"parent": "leaf5",
					"pivot": [3.5, 25.25, -1.25],
					"cubes": [
						{"origin": [-2.5, 25.25, -1.25], "size": [12, 0, 7], "uv": [133, 0]}
					]
				},
				{
					"name": "leaf6",
					"parent": "leaves",
					"pivot": [0, 25.25, -5.5],
					"cubes": [
						{"origin": [-6, 25.25, -6.5], "size": [12, 0, 8], "uv": [141, 7]}
					]
				},
				{
					"name": "leaf_end6",
					"parent": "leaf6",
					"pivot": [0, 25.25, 1.5],
					"cubes": [
						{"origin": [-6, 25.25, 1.5], "size": [12, 0, 5], "uv": [89, 22]}
					]
				},
				{
					"name": "neck2",
					"parent": "neck",
					"pivot": [0, 27.25, -14.5],
					"cubes": [
						{"origin": [-4.5, 27.25, -14.5], "size": [9, 9, 9], "inflate": 0.01, "uv": [65, 0]}
					]
				},
				{
					"name": "neck3",
					"parent": "neck2",
					"pivot": [0, 36.25, -14.5],
					"cubes": [
						{"origin": [-4.5, 36.25, -14.5], "size": [9, 9, 9], "uv": [160, 22]}
					]
				},
				{
					"name": "head",
					"parent": "neck3",
					"pivot": [0, 43.75, -10],
					"cubes": [
						{"origin": [-5.5, 43.75, -12.75], "size": [11, 11, 8], "uv": [1, 45]},
						{"origin": [-5.5, 45.75, -19.75], "size": [11, 9, 7], "uv": [163, 44]},
						{"origin": [-4, 44.75, -19.74], "size": [8, 3, 0], "uv": [127, 56]}
					]
				},
				{
					"name": "eyes",
					"parent": "head",
					"pivot": [0, 49.25, -13.75]
				},
				{
					"name": "eye_left",
					"parent": "eyes",
					"pivot": [5.5, 49.75, -13.75]
				},
				{
					"name": "angry_eye_left",
					"parent": "eye_left",
					"pivot": [5.4, 49.75, -13.75],
					"cubes": [
						{"origin": [5.4, 46.75, -16.25], "size": [0, 6, 5], "inflate": 0.01, "uv": [65, 18], "mirror": true},
						{"origin": [5.42, 47.25, -15.75], "size": [0, 4, 2], "inflate": 0.01, "uv": [66, 16], "mirror": true},
						{"origin": [5.43, 49.75, -16.25], "size": [0, 1, 1], "inflate": 0.01, "uv": [71, 20], "mirror": true}
					]
				},
				{
					"name": "idle_eye_pupil2",
					"parent": "eye_left",
					"pivot": [5.5, 49.75, -13.75],
					"cubes": [
						{"origin": [5.5, 46.75, -16.25], "size": [0, 6, 5], "inflate": 0.01, "uv": [75, 18]},
						{"origin": [5.52, 47.25, -15.75], "size": [0, 4, 2], "inflate": 0.01, "uv": [66, 16]},
						{"origin": [5.53, 49.75, -16.25], "size": [0, 1, 1], "inflate": 0.01, "uv": [71, 20]}
					]
				},
				{
					"name": "eyelid_left",
					"parent": "eye_left",
					"pivot": [4.9, 49.75, -13.75],
					"cubes": [
						{"origin": [4.43, 46.75, -16.25], "size": [1, 6, 5], "inflate": 0.02, "uv": [39, 44]}
					]
				},
				{
					"name": "eye_right",
					"parent": "eyes",
					"pivot": [-5.5, 49.75, -13.75]
				},
				{
					"name": "angry_eye_right",
					"parent": "eye_right",
					"pivot": [-5.4, 49.75, -13.75],
					"cubes": [
						{"origin": [-5.4, 46.75, -16.25], "size": [0, 6, 5], "inflate": 0.01, "uv": [65, 18]},
						{"origin": [-5.42, 47.25, -15.75], "size": [0, 4, 2], "inflate": 0.01, "uv": [66, 16]},
						{"origin": [-5.43, 49.75, -16.25], "size": [0, 1, 1], "inflate": 0.01, "uv": [71, 20]}
					]
				},
				{
					"name": "idle_eye_pupil",
					"parent": "eye_right",
					"pivot": [-5.5, 49.75, -13.75],
					"cubes": [
						{"origin": [-5.5, 46.75, -16.25], "size": [0, 6, 5], "inflate": 0.01, "uv": [75, 18], "mirror": true},
						{"origin": [-5.52, 47.25, -15.75], "size": [0, 4, 2], "inflate": 0.01, "uv": [66, 16], "mirror": true},
						{"origin": [-5.53, 49.75, -16.25], "size": [0, 1, 1], "inflate": 0.01, "uv": [71, 20], "mirror": true}
					]
				},
				{
					"name": "eyelid_right",
					"parent": "eye_right",
					"pivot": [-4.9, 49.75, -13.75],
					"cubes": [
						{"origin": [-5.43, 46.75, -16.25], "size": [1, 6, 5], "inflate": 0.02, "uv": [51, 44], "mirror": true}
					]
				},
				{
					"name": "antenna_right",
					"parent": "head",
					"pivot": [-1.5, 50.75, -18.75],
					"cubes": [
						{"origin": [-3, 50.75, -20.75], "size": [2, 0, 2], "uv": [0, 0]}
					]
				},
				{
					"name": "antenna_right2",
					"parent": "antenna_right",
					"pivot": [-1.5, 50.75, -20.75],
					"cubes": [
						{"origin": [-3, 50.75, -25.75], "size": [2, 0, 5], "uv": [14, 0]}
					]
				},
				{
					"name": "antenna_right3",
					"parent": "antenna_right2",
					"pivot": [-1.5, 50.75, -25.75],
					"cubes": [
						{"origin": [-3, 50.75, -31.75], "size": [2, 0, 6], "uv": [37, 58]}
					]
				},
				{
					"name": "antenna_right4",
					"parent": "antenna_right3",
					"pivot": [-1.5, 50.75, -31.75],
					"cubes": [
						{"origin": [-3, 50.75, -36.75], "size": [2, 0, 5], "uv": [36, 59]}
					]
				},
				{
					"name": "antenna_right5",
					"parent": "antenna_right4",
					"pivot": [-1.5, 50.75, -36.75],
					"cubes": [
						{"origin": [-3, 50.75, -41.75], "size": [2, 0, 5], "uv": [42, 59]}
					]
				},
				{
					"name": "antenna_right6",
					"parent": "antenna_right5",
					"pivot": [-1.5, 50.75, -41.75],
					"cubes": [
						{"origin": [-3, 50.75, -46.75], "size": [2, 0, 5], "uv": [46, 59]}
					]
				},
				{
					"name": "antenna_right7",
					"parent": "antenna_right6",
					"pivot": [-1.5, 50.75, -46.75],
					"cubes": [
						{"origin": [-2.75, 50.25, -50.75], "size": [2, 1, 4], "uv": [31, 44]}
					]
				},
				{
					"name": "antenna_left",
					"parent": "head",
					"pivot": [1.5, 50.75, -18.75],
					"cubes": [
						{"origin": [0, 50.75, -20.75], "size": [2, 0, 2], "uv": [0, 2]}
					]
				},
				{
					"name": "antenna_left2",
					"parent": "antenna_left",
					"pivot": [1.5, 50.75, -20.75],
					"cubes": [
						{"origin": [0, 50.75, -25.75], "size": [2, 0, 5], "uv": [18, 0]}
					]
				},
				{
					"name": "antenna_left3",
					"parent": "antenna_left2",
					"pivot": [1.5, 50.75, -25.75],
					"cubes": [
						{"origin": [0, 50.75, -31.75], "size": [2, 0, 6], "uv": [39, 58]}
					]
				},
				{
					"name": "antenna_left4",
					"parent": "antenna_left3",
					"pivot": [1.5, 50.75, -31.75],
					"cubes": [
						{"origin": [0, 50.75, -36.75], "size": [2, 0, 5], "uv": [34, 59]}
					]
				},
				{
					"name": "antenna_left5",
					"parent": "antenna_left4",
					"pivot": [1.5, 50.75, -36.75],
					"cubes": [
						{"origin": [0, 50.75, -41.75], "size": [2, 0, 5], "uv": [44, 59]}
					]
				},
				{
					"name": "antenna_left6",
					"parent": "antenna_left5",
					"pivot": [1.5, 50.75, -41.75],
					"cubes": [
						{"origin": [0, 50.75, -46.75], "size": [2, 0, 5], "uv": [46, 59]}
					]
				},
				{
					"name": "antenna_left7",
					"parent": "antenna_left6",
					"pivot": [1.5, 50.75, -46.75],
					"cubes": [
						{"origin": [0.25, 50.25, -50.75], "size": [2, 1, 4], "uv": [47, 53]}
					]
				},
				{
					"name": "jaw",
					"parent": "head",
					"pivot": [0.5, 46.5, -12.75],
					"cubes": [
						{"origin": [-5.5, 43.75, -19.5], "size": [11, 2, 7], "inflate": 0.01, "uv": [96, 54]}
					]
				},
				{
					"name": "antenna_right8",
					"parent": "head",
					"pivot": [4, 55.25, -12.75],
					"rotation": [177.5, 0, 0],
					"cubes": [
						{"origin": [2.5, 55.25, -14.75], "size": [2, 0, 2], "uv": [47, 61]}
					]
				},
				{
					"name": "antenna_right9",
					"parent": "antenna_right8",
					"pivot": [4, 55.25, -14.75],
					"cubes": [
						{"origin": [2.5, 55.25, -19.75], "size": [2, 0, 5], "uv": [37, 59]}
					]
				},
				{
					"name": "antenna_right10",
					"parent": "antenna_right9",
					"pivot": [4, 55.25, -19.75],
					"cubes": [
						{"origin": [2.5, 55.25, -25.75], "size": [2, 0, 6], "uv": [37, 58]}
					]
				},
				{
					"name": "antenna_right11",
					"parent": "antenna_right10",
					"pivot": [4, 55.25, -25.75],
					"cubes": [
						{"origin": [2.5, 55.25, -30.75], "size": [2, 0, 5], "uv": [36, 59]}
					]
				},
				{
					"name": "antenna_right12",
					"parent": "head",
					"pivot": [3, 55.25, -12.75],
					"rotation": [180, 0, 0],
					"cubes": [
						{"origin": [-4.5, 55.25, -14.75], "size": [2, 0, 2], "uv": [48, 60]}
					]
				},
				{
					"name": "antenna_right13",
					"parent": "antenna_right12",
					"pivot": [3, 55.25, -14.75],
					"cubes": [
						{"origin": [-4.5, 55.25, -19.75], "size": [2, 0, 5], "uv": [38, 59]}
					]
				},
				{
					"name": "antenna_right14",
					"parent": "antenna_right13",
					"pivot": [3, 55.25, -19.75],
					"cubes": [
						{"origin": [-4.5, 55.25, -25.75], "size": [2, 0, 6], "uv": [37, 58]}
					]
				},
				{
					"name": "antenna_right15",
					"parent": "antenna_right14",
					"pivot": [3, 55.25, -25.75],
					"cubes": [
						{"origin": [-4.5, 55.25, -30.75], "size": [2, 0, 5], "uv": [36, 59]}
					]
				},
				{
					"name": "tail",
					"parent": "torso",
					"pivot": [0, 18.75, 15]
				},
				{
					"name": "tail2",
					"parent": "tail",
					"pivot": [0, 19.25, 21]
				},
				{
					"name": "tail3",
					"parent": "tail2",
					"pivot": [0, 19.75, 27]
				},
				{
					"name": "torterra",
					"parent": "torso",
					"pivot": [-6, -2, 0],
					"rotation": [-82.5, -5, 0]
				},
				{
					"name": "body2",
					"parent": "torterra",
					"pivot": [-6, 12, 0]
				},
				{
					"name": "torso2",
					"parent": "body2",
					"pivot": [-6, 11, 0]
				},
				{
					"name": "tree",
					"parent": "torso2",
					"pivot": [1, 23.25, 5.5],
					"rotation": [-5, 0, 5],
					"cubes": [
						{"origin": [-1, 13, -22.5], "size": [5, 20, 5], "uv": [170, 269]},
						{"origin": [-1, 18, -32.5], "size": [5, 5, 10], "uv": [189, 133]},
						{"origin": [-1, 23, -17.5], "size": [5, 5, 10], "uv": [189, 118]},
						{"origin": [-1, 23, -32.5], "size": [5, 10, 5], "uv": [456, 68]},
						{"origin": [-1, 28, -12.5], "size": [5, 5, 5], "uv": [487, 123]}
					]
				},
				{
					"name": "leaves2",
					"parent": "tree",
					"pivot": [1.83333, 39.33333, 2.83333],
					"cubes": [
						{"origin": [-5, 49, -26.5], "size": [5, 5, 8], "inflate": 0.001, "uv": [205, 269]},
						{"origin": [0, 49, -36.5], "size": [8, 5, 33], "inflate": 0.001, "uv": [220, 198]},
						{"origin": [0, 49, -38.5], "size": [3, 5, 2], "inflate": 0.001, "uv": [0, 88]},
						{"origin": [-10, 44, -46.5], "size": [23, 5, 33], "inflate": 0.001, "uv": [400, 225]},
						{"origin": [-5, 44, -13.5], "size": [18, 5, 10], "inflate": 0.001, "uv": [374, 118]},
						{"origin": [0, 44, -3.5], "size": [8, 5, 5], "inflate": 0.001, "uv": [220, 214]},
						{"origin": [0, 44, -51.5], "size": [8, 5, 5], "inflate": 0.001, "uv": [205, 282]},
						{"origin": [-5, 39, -51.5], "size": [18, 5, 5], "inflate": 0.001, "uv": [79, 201]},
						{"origin": [0, 39, -56.5], "size": [3, 5, 5], "inflate": 0.001, "uv": [112, 128]},
						{"origin": [-5, 36, -56.5], "size": [8, 3, 5], "inflate": 0.001, "uv": [189, 148]},
						{"origin": [-5, 31, -56.5], "size": [3, 5, 5], "inflate": 0.001, "uv": [37, 171]},
						{"origin": [-10, 31, -41.5], "size": [5, 5, 3], "inflate": 0.001, "uv": [125, 173]},
						{"origin": [-5, 21, -41.5], "size": [3, 10, 3], "inflate": 0.001, "uv": [89, 128]},
						{"origin": [-15, 31, -31.5], "size": [3, 5, 3], "inflate": 0.001, "uv": [129, 186]},
						{"origin": [-15, 31, -21.5], "size": [5, 5, 3], "inflate": 0.001, "uv": [122, 98]},
						{"origin": [-15, 26, -11.5], "size": [3, 10, 3], "inflate": 0.001, "uv": [0, 138]},
						{"origin": [-5, 31, -51.5], "size": [13, 5, 5], "inflate": 0.001, "uv": [150, 118]},
						{"origin": [-5, 31, -46.5], "size": [18, 5, 43], "inflate": 0.001, "uv": [0, 186]},
						{"origin": [-5, 31, -3.5], "size": [13, 5, 10], "inflate": 0.001, "uv": [0, 103]},
						{"origin": [5, 26, 3.5], "size": [3, 5, 3], "inflate": 0.001, "uv": [116, 146]},
						{"origin": [-10, 31, -26.5], "size": [5, 5, 23], "inflate": 0.001, "uv": [456, 68]},
						{"origin": [-10, 26, -1.5], "size": [3, 10, 3], "inflate": 0.001, "uv": [43, 85]},
						{"origin": [13, 31, -21.5], "size": [5, 5, 8], "inflate": 0.001, "uv": [28, 68]},
						{"origin": [10, 26, -16.5], "size": [3, 5, 3], "inflate": 0.001, "uv": [0, 158]},
						{"origin": [10, 26, -36.5], "size": [3, 5, 3], "inflate": 0.001, "uv": [43, 115]},
						{"origin": [13, 36, -41.5], "size": [5, 5, 3], "inflate": 0.001, "uv": [122, 83]},
						{"origin": [13, 36, -26.5], "size": [5, 3, 23], "inflate": 0.001, "uv": [456, 156]},
						{"origin": [13, 39, -26.5], "size": [5, 2, 18], "inflate": 0.001, "uv": [0, 68]},
						{"origin": [-5, 36, -51.5], "size": [18, 5, 53], "inflate": 0.001, "uv": [0, 128]},
						{"origin": [-10, 39, -46.5], "size": [23, 2, 38], "inflate": 0.001, "uv": [0, 234]},
						{"origin": [-5, 36, 1.5], "size": [13, 3, 5], "inflate": 0.001, "uv": [89, 173]},
						{"origin": [-10, 36, -46.5], "size": [5, 5, 48], "inflate": 0.001, "uv": [189, 108]},
						{"origin": [-15, 36, -36.5], "size": [5, 3, 33], "inflate": 0.001, "uv": [413, 68]},
						{"origin": [5, 39, 1.5], "size": [3, 5, 5], "inflate": 0.001, "uv": [36, 103]},
						{"origin": [-10, 41, -46.5], "size": [28, 3, 38], "inflate": 0.001, "uv": [104, 173]},
						{"origin": [-15, 39, -26.5], "size": [5, 5, 13], "inflate": 0.001, "uv": [89, 128]},
						{"origin": [-15, 41, -41.5], "size": [5, 3, 8], "inflate": 0.001, "uv": [211, 125]},
						{"origin": [-15, 39, -36.5], "size": [5, 2, 3], "inflate": 0.001, "uv": [28, 81]},
						{"origin": [-10, 41, -8.5], "size": [23, 3, 10], "inflate": 0.001, "uv": [220, 251]},
						{"origin": [-5, 49, -41.5], "size": [8, 5, 3], "inflate": 0.001, "uv": [456, 171]}
					],
					"locators": {
						"petals": [-8, 39, -37]
					}
				},
				{
					"name": "outerleaves",
					"parent": "leaves2",
					"pivot": [-3.51322, 38.37824, 3.41736],
					"cubes": [
						{"origin": [-1, 50, -37.5], "size": [10, 5, 35], "inflate": 0.001, "uv": [401, 156]},
						{"origin": [-11, 45, -47.5], "size": [25, 5, 35], "inflate": 0.001, "uv": [180, 68]},
						{"origin": [-6, 45, -12.5], "size": [20, 5, 10], "inflate": 0.001, "uv": [79, 186]},
						{"origin": [-1, 45, -2.5], "size": [10, 5, 5], "inflate": 0.001, "uv": [401, 166]},
						{"origin": [-1, 45, -52.5], "size": [10, 5, 5], "inflate": 0.001, "uv": [88, 274]},
						{"origin": [-6, 40, -52.5], "size": [20, 5, 5], "inflate": 0.001, "uv": [0, 128]},
						{"origin": [-1, 40, -57.5], "size": [5, 5, 5], "inflate": 0.001, "uv": [247, 138]},
						{"origin": [-6, 35, -57.5], "size": [10, 5, 5], "inflate": 0.001, "uv": [401, 156]},
						{"origin": [-6, 30, -57.5], "size": [5, 5, 5], "inflate": 0.001, "uv": [247, 108]},
						{"origin": [-11, 30, -42.5], "size": [5, 5, 5], "inflate": 0.001, "uv": [487, 113]},
						{"origin": [-6, 20, -42.5], "size": [5, 10, 5], "inflate": 0.001, "uv": [456, 156]},
						{"origin": [-16, 30, -32.5], "size": [5, 5, 5], "inflate": 0.001, "uv": [416, 70]},
						{"origin": [-16, 30, -22.5], "size": [5, 5, 5], "inflate": 0.001, "uv": [396, 70]},
						{"origin": [-16, 25, -12.5], "size": [5, 10, 5], "inflate": 0.001, "uv": [452, 113]},
						{"origin": [-6, 30, -52.5], "size": [15, 5, 5], "inflate": 0.001, "uv": [0, 186]},
						{"origin": [-6, 30, -47.5], "size": [20, 5, 45], "inflate": 0.001, "uv": [95, 68]},
						{"origin": [-6, 30, -2.5], "size": [15, 5, 10], "inflate": 0.001, "uv": [0, 88]},
						{"origin": [4, 25, 2.5], "size": [5, 5, 5], "inflate": 0.001, "uv": [376, 70]},
						{"origin": [-11, 30, -27.5], "size": [5, 5, 25], "inflate": 0.001, "uv": [369, 225]},
						{"origin": [-11, 25, -2.5], "size": [5, 10, 5], "inflate": 0.001, "uv": [401, 176]},
						{"origin": [14, 30, -22.5], "size": [5, 5, 10], "inflate": 0.001, "uv": [180, 68]},
						{"origin": [9, 25, -17.5], "size": [5, 5, 5], "inflate": 0.001, "uv": [356, 70]},
						{"origin": [9, 25, -37.5], "size": [5, 5, 5], "inflate": 0.001, "uv": [420, 118]},
						{"origin": [14, 35, -42.5], "size": [5, 5, 5], "inflate": 0.001, "uv": [247, 118]},
						{"origin": [14, 35, -27.5], "size": [5, 5, 25], "inflate": 0.001, "uv": [452, 113]},
						{"origin": [-6, 35, -52.5], "size": [20, 5, 55], "inflate": 0.001, "uv": [0, 68]},
						{"origin": [-6, 35, 2.5], "size": [15, 5, 5], "inflate": 0.001, "uv": [0, 196]},
						{"origin": [-11, 35, -47.5], "size": [5, 5, 50], "inflate": 0.001, "uv": [160, 214]},
						{"origin": [-16, 35, -37.5], "size": [5, 5, 35], "inflate": 0.001, "uv": [407, 113]},
						{"origin": [4, 40, 2.5], "size": [5, 5, 5], "inflate": 0.001, "uv": [247, 128]},
						{"origin": [-11, 40, -47.5], "size": [30, 5, 40], "inflate": 0.001, "uv": [89, 128]},
						{"origin": [-16, 40, -27.5], "size": [5, 5, 15], "inflate": 0.001, "uv": [0, 138]},
						{"origin": [-16, 40, -42.5], "size": [5, 5, 10], "inflate": 0.001, "uv": [180, 83]},
						{"origin": [-11, 40, -7.5], "size": [25, 5, 10], "inflate": 0.001, "uv": [220, 236]},
						{"origin": [-6, 50, -42.5], "size": [10, 5, 5], "inflate": 0.001, "uv": [88, 284]},
						{"origin": [-6, 50, -27.5], "size": [5, 5, 10], "inflate": 0.001, "uv": [0, 251]}
					]
				},
				{
					"name": "spike3",
					"parent": "torso2",
					"pivot": [-12.5, 24.5, -10],
					"rotation": [0, 0, -27.5]
				},
				{
					"name": "spike2",
					"parent": "torso2",
					"pivot": [-12.5, 24.5, -1],
					"rotation": [0, 0, -22.5]
				},
				{
					"name": "spike",
					"parent": "torso2",
					"pivot": [-12.5, 24.5, 8],
					"rotation": [0, 0, -27.5]
				},
				{
					"name": "head2",
					"parent": "torso2",
					"pivot": [-6, 10.5, -16]
				},
				{
					"name": "eye_left2",
					"parent": "head2",
					"pivot": [-1.99, 11, -24.5]
				},
				{
					"name": "eyelid_left2",
					"parent": "eye_left2",
					"pivot": [-2.09, 11, -24.5]
				},
				{
					"name": "eye_right2",
					"parent": "head2",
					"pivot": [-10.01, 11, -24.5]
				},
				{
					"name": "eyelid_right2",
					"parent": "eye_right2",
					"pivot": [-9.91, 11, -24.5]
				},
				{
					"name": "jaw2",
					"parent": "head2",
					"pivot": [-6, 9, -22]
				},
				{
					"name": "tail4",
					"parent": "torso2",
					"pivot": [-6, 10, 14]
				},
				{
					"name": "tail5",
					"parent": "tail4",
					"pivot": [-6, 10, 21.5]
				},
				{
					"name": "tail6",
					"parent": "tail5",
					"pivot": [-6, 10, 29.5]
				},
				{
					"name": "leg_front_left3",
					"parent": "body2",
					"pivot": [3.20214, 8.36054, -10]
				},
				{
					"name": "foot_front_left",
					"parent": "leg_front_left3",
					"pivot": [5.5, 3.5, -12.5]
				},
				{
					"name": "leg_back_left3",
					"parent": "body2",
					"pivot": [3.20214, 8.36054, 9.5]
				},
				{
					"name": "foot_back_left",
					"parent": "leg_back_left3",
					"pivot": [5.5, 3.5, 7]
				},
				{
					"name": "leg_back_right3",
					"parent": "body2",
					"pivot": [-15.20214, 8.36054, 9.5]
				},
				{
					"name": "foot_back_right",
					"parent": "leg_back_right3",
					"pivot": [-17.5, 3.5, 7]
				},
				{
					"name": "leg_front_right3",
					"parent": "body2",
					"pivot": [-15.20214, 8.36054, -10]
				},
				{
					"name": "foot_front_right",
					"parent": "leg_front_right3",
					"pivot": [-17.5, 3.5, -12.5]
				},
				{
					"name": "leg_back_right",
					"parent": "body",
					"pivot": [-6.5, 14.5, 10.5],
					"cubes": [
						{"origin": [-10, 7, 6.5], "size": [7, 9, 8], "inflate": 0.01, "uv": [196, 33]}
					]
				},
				{
					"name": "leg_back_right2",
					"parent": "leg_back_right",
					"pivot": [-6.5, 7, 6.5],
					"cubes": [
						{"origin": [-10, 0, 6.5], "size": [7, 7, 8], "uv": [226, 30]},
						{"origin": [-4.25, 0, 4.5], "size": [0, 2, 2], "pivot": [-4.25, 2, 6.5], "rotation": [0, -20, 0], "uv": [0, 13]},
						{"origin": [-6.5, 0, 4.5], "size": [0, 2, 2], "uv": [0, 11]},
						{"origin": [-8.75, 0, 4.5], "size": [0, 2, 2], "pivot": [-8.75, 2, 6.5], "rotation": [0, 20, 0], "uv": [0, 2]}
					]
				},
				{
					"name": "leg_back_left",
					"parent": "body",
					"pivot": [6.5, 14.5, 10.5],
					"cubes": [
						{"origin": [3, 7, 6.5], "size": [7, 9, 8], "inflate": 0.01, "uv": [196, 16]}
					]
				},
				{
					"name": "leg_back_left2",
					"parent": "leg_back_left",
					"pivot": [6.5, 7, 6.5],
					"cubes": [
						{"origin": [3, 0, 6.5], "size": [7, 7, 8], "uv": [226, 0]},
						{"origin": [4.25, 0, 4.5], "size": [0, 2, 2], "pivot": [4.25, 2, 6.5], "rotation": [0, 20, 0], "uv": [0, 23]},
						{"origin": [6.5, 0, 4.5], "size": [0, 2, 2], "uv": [24, 22]},
						{"origin": [8.75, 0, 4.5], "size": [0, 2, 2], "pivot": [8.75, 2, 6.5], "rotation": [0, -20, 0], "uv": [19, 3]}
					]
				},
				{
					"name": "leg_front_left",
					"parent": "body",
					"pivot": [6.5, 14.5, -8.75],
					"cubes": [
						{"origin": [3, 7, -12.75], "size": [7, 9, 8], "inflate": 0.01, "uv": [63, 44]}
					]
				},
				{
					"name": "leg_front_left2",
					"parent": "leg_front_left",
					"pivot": [6.5, 7, -12.75],
					"cubes": [
						{"origin": [3, 0, -12.75], "size": [7, 7, 8], "uv": [226, 45]},
						{"origin": [4.25, 0, -14.75], "size": [0, 2, 2], "pivot": [4.25, 2, -12.75], "rotation": [0, 20, 0], "uv": [12, 23]},
						{"origin": [6.5, 0, -14.75], "size": [0, 2, 2], "uv": [24, 18]},
						{"origin": [8.75, 0, -14.75], "size": [0, 2, 2], "pivot": [8.75, 2, -12.75], "rotation": [0, -20, 0], "uv": [16, 23]}
					]
				},
				{
					"name": "leg_front_right",
					"parent": "body",
					"pivot": [-6.5, 14.5, -8.75],
					"cubes": [
						{"origin": [-10, 7, -12.75], "size": [7, 9, 8], "inflate": 0.01, "uv": [94, 32]}
					]
				},
				{
					"name": "leg_front_right2",
					"parent": "leg_front_right",
					"pivot": [-6.5, 7, -12.75],
					"cubes": [
						{"origin": [-10, 0, -12.75], "size": [7, 7, 8], "uv": [226, 15]},
						{"origin": [-4.25, 0, -14.75], "size": [0, 2, 2], "pivot": [-4.25, 2, -12.75], "rotation": [0, -20, 0], "uv": [8, 23]},
						{"origin": [-6.5, 0, -14.75], "size": [0, 2, 2], "uv": [4, 23]},
						{"origin": [-8.75, 0, -14.75], "size": [0, 2, 2], "pivot": [-8.75, 2, -12.75], "rotation": [0, 20, 0], "uv": [23, 3]}
					]
				}
			]
		}
	]
}