{
  "species": "cobblemon:smolcremie",
  "order": 24,
  "variations": [
    {
      "aspects": [],
      "poser": "cobblemon:scorbunny",
      "model": "cobblemon:smolcremie.geo",
      "texture": "cobblemon:textures/pokemon/smolcremie/smolcremie_vanilla.png",
      "layers": [
        {
          "name": "decoration",
          "texture": "cobblemon:textures/pokemon/smolcremie/smolcremie_strawberry_decoration.png",
          "emissive": false
        }
      ]
    },
    {
      "aspects": [
        "decoration-strawberry"
      ],
      "layers": [
        {
          "name": "decoration",
          "texture": "cobblemon:textures/pokemon/smolcremie/smolcremie_strawberry_decoration.png",
          "emissive": false
        }
      ]
    },
    {
      "aspects": [
        "decoration-berry"
      ],
      "layers": [
        {
          "name": "decoration",
          "texture": "cobblemon:textures/pokemon/smolcremie/smolcremie_berry_decoration.png",
          "emissive": false
        }
      ]
    },
    {
      "aspects": [
        "decoration-clover"
      ],
      "layers": [
        {
          "name": "decoration",
          "texture": "cobblemon:textures/pokemon/smolcremie/smolcremie_clover_decoration.png",
          "emissive": false
        }
      ]
    },
    {
      "aspects": [
        "decoration-flower"
      ],
      "layers": [
        {
          "name": "decoration",
          "texture": "cobblemon:textures/pokemon/smolcremie/smolcremie_flower_decoration.png",
          "emissive": false
        }
      ]
    },
    {
      "aspects": [
        "decoration-love"
      ],
      "layers": [
        {
          "name": "decoration",
          "texture": "cobblemon:textures/pokemon/smolcremie/smolcremie_heart_decoration.png",
          "emissive": false
        }
      ]
    },
    {
      "aspects": [
        "decoration-ribbon"
      ],
      "layers": [
        {
          "name": "decoration",
          "texture": "cobblemon:textures/pokemon/smolcremie/smolcremie_ribbon_decoration.png",
          "emissive": false
        }
      ]
    },
    {
      "aspects": [
        "decoration-star"
      ],
      "layers": [
        {
          "name": "decoration",
          "texture": "cobblemon:textures/pokemon/smolcremie/smolcremie_star_decoration.png",
          "emissive": false
        }
      ]
    },
    {
      "aspects": [
        "cream-vanilla"
      ],
      "texture": "cobblemon:textures/pokemon/smolcremie/smolcremie_vanilla.png"
    },
    {
      "aspects": [
        "cream-caramel_swirl"
      ],
      "texture": "cobblemon:textures/pokemon/smolcremie/smolcremie_caramel.png"
    },
    {
      "aspects": [
        "cream-ruby"
      ],
      "texture": "cobblemon:textures/pokemon/smolcremie/smolcremie_ruby.png"
    },
    {
      "aspects": [
        "cream-matcha"
      ],
      "texture": "cobblemon:textures/pokemon/smolcremie/smolcremie_matcha.png"
    },
    {
      "aspects": [
        "cream-mint"
      ],
      "texture": "cobblemon:textures/pokemon/smolcremie/smolcremie_mint.png"
    },
    {
      "aspects": [
        "cream-lemon"
      ],
      "texture": "cobblemon:textures/pokemon/smolcremie/smolcremie_lemon.png"
    },
    {
      "aspects": [
        "cream-salted"
      ],
      "texture": "cobblemon:textures/pokemon/smolcremie/smolcremie_salted.png"
    },
    {
      "aspects": [
        "cream-ruby_swirl"
      ],
      "texture": "cobblemon:textures/pokemon/smolcremie/smolcremie_rubyswirl.png"
    },
    {
      "aspects": [
        "cream-rainbow_swirl"
      ],
      "texture": "cobblemon:textures/pokemon/smolcremie/smolcremie_rainbowswirl.png"
    },
    {
      "aspects": [
        "shiny"
      ],
      "texture": "cobblemon:textures/pokemon/smolcremie/smolcremie_shiny.png"
    }
  ]
}