{
	"format_version": "1.12.0",
	"minecraft:geometry": [
		{
			"description": {
				"identifier": "geometry.darumaka",
				"texture_width": 64,
				"texture_height": 32,
				"visible_bounds_width": 2,
				"visible_bounds_height": 2.5,
				"visible_bounds_offset": [0, 0.75, 0]
			},
			"bones": [
				{
					"name": "darumaka",
					"pivot": [0, 0, 0]
				},
				{
					"name": "body",
					"parent": "darumaka",
					"pivot": [0, 0.5, 0]
				},
				{
					"name": "torso",
					"parent": "body",
					"pivot": [0, 3.5, 0],
					"cubes": [
						{"origin": [-5, 2.5, -5], "size": [10, 11, 10], "uv": [0, 0]},
						{"origin": [-0.5, 3.25, -5], "size": [1, 2, 0], "inflate": 0.01, "uv": [8, 8]},
						{"origin": [-1, 8, -5], "size": [2, 1, 0], "inflate": 0.005, "uv": [41, 20]},
						{"origin": [1.5, 4.5, -5], "size": [1, 2, 0], "inflate": 0.005, "pivot": [3, 5, -5], "rotation": [0, 0, -7.5], "uv": [0, 27]},
						{"origin": [-2.5, 4.5, -5], "size": [1, 2, 0], "inflate": 0.005, "pivot": [-3, 5, -5], "rotation": [0, 0, 7.5], "uv": [33, 24]},
						{"origin": [-1, 6.5, -6], "size": [2, 3, 2], "pivot": [0, 7.5, -5], "rotation": [-30, 0, 0], "uv": [44, 24]},
						{"origin": [-0.5, 5.5, -6], "size": [1, 2, 1], "uv": [57, 13]}
					]
				},
				{
					"name": "left_arm",
					"parent": "torso",
					"pivot": [5, 8, 0],
					"rotation": [90, 0, 75],
					"cubes": [
						{"origin": [4, 6.5, -1.5], "size": [3, 3, 3], "uv": [40, 6]}
					]
				},
				{
					"name": "left_hand",
					"parent": "left_arm",
					"pivot": [6, 7, 2],
					"rotation": [0, 0, 35],
					"cubes": [
						{"origin": [5, 6, 1], "size": [2, 2, 1], "uv": [9, 27]},
						{"origin": [5.5, 5.5, 1], "size": [3, 3, 0], "pivot": [7, 7, 2], "rotation": [0, 0, 45], "uv": [36, 24]},
						{"origin": [6.25, 6.5, 1], "size": [2, 1, 0], "inflate": 0.01, "uv": [37, 23]}
					]
				},
				{
					"name": "right_arm",
					"parent": "torso",
					"pivot": [-5, 8, 0],
					"rotation": [-90, 0, -75],
					"cubes": [
						{"origin": [-7, 6.5, -1.5], "size": [3, 3, 3], "uv": [23, 24]}
					]
				},
				{
					"name": "right_hand",
					"parent": "right_arm",
					"pivot": [-6, 9, -2],
					"rotation": [0, 0, 35],
					"cubes": [
						{"origin": [-7, 8, -2], "size": [2, 2, 1], "uv": [30, 3]},
						{"origin": [-8.5, 7.5, -1], "size": [3, 3, 0], "pivot": [-7, 9, -1], "rotation": [0, 0, -45], "uv": [30, 0]},
						{"origin": [-8.25, 8.5, -1], "size": [2, 1, 0], "inflate": 0.01, "uv": [37, 22]}
					]
				},
				{
					"name": "eyes",
					"parent": "torso",
					"pivot": [0, 0, 0]
				},
				{
					"name": "left_eye",
					"parent": "eyes",
					"pivot": [0.25, 0.25, 0],
					"cubes": [
						{"origin": [2, 8.75, -4.8], "size": [2, 2, 0], "inflate": 0.21, "uv": [12, 30]},
						{"origin": [1.5, 8.25, -5], "size": [3, 3, 0], "inflate": 0.005, "uv": [16, 28]}
					]
				},
				{
					"name": "left_pupil",
					"parent": "left_eye",
					"pivot": [3, 9.75, -5],
					"cubes": [
						{"origin": [2.5, 9.25, -5], "size": [1, 1, 0], "inflate": 0.02, "uv": [0, 4]}
					]
				},
				{
					"name": "left_eye_closed",
					"parent": "left_eye",
					"pivot": [0.25, 0.25, 0.1],
					"cubes": [
						{"origin": [2, 9.95, -4.9], "size": [2, 1, 0], "inflate": 0.02, "uv": [41, 16]},
						{"origin": [2, 9.25, -4.9], "size": [2, 1, 0], "inflate": 0.015, "uv": [46, 18]}
					]
				},
				{
					"name": "right_eye",
					"parent": "eyes",
					"pivot": [-0.25, 0.25, 0],
					"cubes": [
						{"origin": [-4, 8.75, -4.8], "size": [2, 2, 0], "inflate": 0.21, "uv": [4, 29]},
						{"origin": [-4.5, 8.25, -5], "size": [3, 3, 0], "inflate": 0.005, "uv": [30, 6]}
					]
				},
				{
					"name": "right_pupil",
					"parent": "right_eye",
					"pivot": [-3, 9.75, -5],
					"cubes": [
						{"origin": [-3.5, 9.25, -5], "size": [1, 1, 0], "inflate": 0.02, "uv": [0, 0]}
					]
				},
				{
					"name": "right_eye_closed",
					"parent": "right_eye",
					"pivot": [-0.25, 0.25, 0.1],
					"cubes": [
						{"origin": [-4, 9.95, -4.9], "size": [2, 1, 0], "inflate": 0.02, "uv": [41, 18]},
						{"origin": [-4, 9.25, -4.9], "size": [2, 1, 0], "inflate": 0.015, "uv": [46, 16]}
					]
				},
				{
					"name": "left_eyebrow",
					"parent": "torso",
					"pivot": [1, 10.5, -5],
					"rotation": [0, 0, -17.5],
					"cubes": [
						{"origin": [1, 10.5, -5], "size": [3, 3, 0], "inflate": 0.025, "uv": [31, 21]}
					]
				},
				{
					"name": "left_eyebrow2",
					"parent": "left_eyebrow",
					"pivot": [4, 10.5, -5],
					"cubes": [
						{"origin": [3.5, 10.5, -5], "size": [2, 2, 0], "inflate": 0.015, "uv": [8, 30]}
					]
				},
				{
					"name": "right_eyebrow",
					"parent": "torso",
					"pivot": [-1, 10.5, -5],
					"rotation": [0, 0, 17.5],
					"cubes": [
						{"origin": [-4, 10.5, -5], "size": [3, 3, 0], "inflate": 0.025, "uv": [11, 21]}
					]
				},
				{
					"name": "right_eyebrow2",
					"parent": "right_eyebrow",
					"pivot": [-4, 10.5, -5],
					"cubes": [
						{"origin": [-5.5, 10.5, -5], "size": [2, 2, 0], "inflate": 0.015, "uv": [4, 27]}
					]
				},
				{
					"name": "tail",
					"parent": "torso",
					"pivot": [0, 5, 5],
					"cubes": [
						{"origin": [-2, 3.5, 3.5], "size": [4, 3, 3], "uv": [0, 21]}
					]
				},
				{
					"name": "left_leg",
					"parent": "body",
					"pivot": [3.5, 2.5, 0],
					"cubes": [
						{"origin": [1.5, 0.5, -1.5], "size": [3, 3, 3], "uv": [36, 0]}
					]
				},
				{
					"name": "left_foot",
					"parent": "left_leg",
					"pivot": [3.5, 0.5, 0],
					"cubes": [
						{"origin": [1.5, 0, -2.75], "size": [3, 0, 3], "pivot": [3, 0, -1.25], "rotation": [0, -45, 0], "uv": [0, 3]},
						{"origin": [2.5, 0, -2.5], "size": [1, 0, 2], "inflate": 0.01, "uv": [6, 6]},
						{"origin": [2, 0, -1], "size": [2, 1, 2], "inflate": 0.015, "uv": [0, 6]}
					]
				},
				{
					"name": "right_leg",
					"parent": "body",
					"pivot": [-3.5, 2.5, 0],
					"cubes": [
						{"origin": [-4.5, 0.5, -1.5], "size": [3, 3, 3], "uv": [14, 21]}
					]
				},
				{
					"name": "right_foot",
					"parent": "right_leg",
					"pivot": [-3.5, 0.5, 0],
					"cubes": [
						{"origin": [-4.5, 0, -2.75], "size": [3, 0, 3], "pivot": [-3, 0, -1.25], "rotation": [0, 45, 0], "uv": [0, 0]},
						{"origin": [-3.5, 0, -2.5], "size": [1, 0, 2], "inflate": 0.01, "uv": [4, 6]},
						{"origin": [-4, 0, -1], "size": [2, 1, 2], "inflate": 0.015, "uv": [23, 21]}
					]
				}
			]
		}
	]
}