{
	"format_version": "1.12.0",
	"minecraft:geometry": [
		{
			"description": {
				"identifier": "geometry.bouldorc",
				"texture_width": 128,
				"texture_height": 128,
				"visible_bounds_width": 5,
				"visible_bounds_height": 3.5,
				"visible_bounds_offset": [0, 1.25, 0]
			},
			"bones": [
				{
					"name": "bone8",
					"pivot": [0, 0, 0]
				},
				{
					"name": "bone4",
					"parent": "bone8",
					"pivot": [0, 12.5, -11],
					"cubes": [
						{"origin": [-13, 6, -10], "size": [26, 17, 20], "uv": [0, 0]},
						{"origin": [-10.8, 14.9, -11], "size": [7, 3, 20], "uv": [74, 105], "mirror": true},
						{"origin": [-8.8, 13.4, -10.01], "size": [3, 3, 0], "uv": [60, 117], "mirror": true},
						{"origin": [-3, 10.7, -11.9], "size": [6, 12, 3], "pivot": [0, 11, -10.5], "rotation": [-10, 0, 0], "uv": [112, 4]},
						{"origin": [3.8, 14.9, -11], "size": [7, 3, 20], "uv": [74, 71]},
						{"origin": [5.8, 13.4, -10.01], "size": [3, 3, 0], "uv": [60, 117]},
						{"origin": [-6.5, 8, -12], "size": [13, 5, 5], "uv": [73, 4], "mirror": true},
						{"origin": [-4, 22.3, -3], "size": [8, 5, 6], "uv": [3, 96]},
						{"origin": [3, 23.3, -1.5], "size": [4, 3, 3], "uv": [15, 107]},
						{"origin": [-7, 23.3, -1.5], "size": [4, 3, 3], "uv": [15, 113]},
						{"origin": [-2.3, 24.3, -3.01], "size": [1, 2, 0], "uv": [21, 119]},
						{"origin": [2, 27.3, -3], "size": [0, 5, 6], "pivot": [2, 32.8, 0], "rotation": [0, -35, 0], "uv": [3, 107]},
						{"origin": [2, 27.3, -2], "size": [0, 5, 6], "pivot": [2, 32.8, 0], "rotation": [0, -140, 0], "uv": [3, 107]},
						{"origin": [1.3, 24.3, -3.01], "size": [1, 2, 0], "uv": [19, 119], "mirror": true},
						{"origin": [1, 20.3, -1], "size": [2, 4, 2], "uv": [0, 22]},
						{"origin": [-3, 20.3, -1], "size": [2, 4, 2], "uv": [38, 64]}
					]
				},
				{
					"name": "bone2",
					"parent": "bone4",
					"pivot": [12.5, 15.25, 0],
					"cubes": [
						{"origin": [9, 10, -5], "size": [16, 10, 10], "uv": [52, 37]},
						{"origin": [17, 9, -7], "size": [12, 13, 14], "uv": [0, 37]}
					]
				},
				{
					"name": "bone",
					"parent": "bone4",
					"pivot": [-13, 15.25, 0],
					"cubes": [
						{"origin": [-25, 10, -5], "size": [16, 10, 10], "uv": [52, 37]},
						{"origin": [-29, 9, -7], "size": [12, 13, 14], "uv": [0, 37]}
					]
				},
				{
					"name": "bone3",
					"parent": "bone8",
					"pivot": [-2, 32.8, 0]
				},
				{
					"name": "bone5",
					"parent": "bone8",
					"pivot": [0, 0, 0]
				},
				{
					"name": "bone6",
					"parent": "bone5",
					"pivot": [-7.5, 8.5, -0.5],
					"cubes": [
						{"origin": [-11, 0, -4], "size": [7, 17, 7], "uv": [52, 57]}
					]
				},
				{
					"name": "bone7",
					"parent": "bone5",
					"pivot": [7.5, 8.5, -0.5],
					"cubes": [
						{"origin": [4, 0, -4], "size": [7, 17, 7], "uv": [52, 57]}
					]
				}
			]
		}
	]
}