{
	"format_version": "1.8.0",
	"animations": {
		"animation.milotic.ground_idle": {
			"loop": true,
			"animation_length": 4,
			"bones": {
				"body": {
					"rotation": [0, -7.5, 0.00001],
					"position": [-0.5, "-5-math.sin(q.anim_time*90*1)*0.2", -10]
				},
				"neck2": {
					"rotation": ["-35.6807+math.sin(q.anim_time*90*1+70)*1", 9.58282, -16.40955]
				},
				"neck3": {
					"rotation": ["-12.1023+math.sin(q.anim_time*90*1+110)*1", 21.61541, -8.14857]
				},
				"neck4": {
					"rotation": ["-4.3897+math.sin(q.anim_time*90*1+155)*3", 18.32496, "-1.4013+math.sin(q.anim_time*90*1+155)*2"]
				},
				"eyebrow_left_rotation": {
					"rotation": [0, 0, 0]
				},
				"hair_left2": {
					"rotation": [5, 7.5, "-2.5-math.sin(q.anim_time*90*1-105)*2"]
				},
				"hair_left3": {
					"rotation": [5.60865, 4.30566, "4.9926-math.sin(q.anim_time*90*1-140)*2"]
				},
				"hair_left4": {
					"rotation": [4.32548, 7.90672, "-7.5288-math.sin(q.anim_time*90*1-185)*3"]
				},
				"hair_left5": {
					"rotation": [4.11625, 8.01712, "-10-math.sin(q.anim_time*90*1-225)*2"]
				},
				"hair_left6": {
					"rotation": [5, 2.5, "-12.5067-math.sin(q.anim_time*90*1-250)*3"]
				},
				"hair_left7": {
					"rotation": [5, 0, "-15-math.sin(q.anim_time*90*1-270)*2"]
				},
				"hair_left8": {
					"rotation": [5, 0, "-5-math.sin(q.anim_time*90*1-310)*4"]
				},
				"eyelash_left": {
					"rotation": [2.5, "3-math.sin(q.anim_time*90*1+135)*2", 0]
				},
				"eyelash_left2": {
					"rotation": [-5.0639, "17.4904-math.sin(q.anim_time*90*1+95)*3", -0.22838]
				},
				"eyelash_left3": {
					"rotation": [0, "22.5-math.sin(q.anim_time*90*1+45)*2", 0]
				},
				"eyelash_left4": {
					"rotation": [0, "10-math.sin(q.anim_time*90*1-45)*2", 0]
				},
				"eyelash_left5": {
					"rotation": [0, "-37.5-math.sin(q.anim_time*90*1-45)*3", 0]
				},
				"torso": {
					"rotation": ["74.9303+math.sin(q.anim_time*90*1)*1", -56.34612, 0.25026]
				},
				"tail1": {
					"rotation": ["15.8194-math.sin(q.anim_time*90*1)*1", "6.7596-math.sin(q.anim_time*90*1)*0.5", -29.95713]
				},
				"tail2": {
					"rotation": ["5.1041+math.sin(q.anim_time*90*1)*0.75", -0.51864, -41.2109]
				},
				"tail3": {
					"rotation": ["-9.1611+math.sin(q.anim_time*90*1-45)*0.5", -3.92892, -35.02617]
				},
				"tail4": {
					"rotation": ["-9.0102-math.sin(q.anim_time*90*1-15)*1.5", -4.02994, -40.05421]
				},
				"tail5": {
					"rotation": ["5.7312+math.sin(q.anim_time*90*1-45)*0.5", 6.26649, -24.00507]
				},
				"tail8": {
					"rotation": ["29.25+math.sin(q.anim_time*90*2-110)*6", -9.40585, -9.52142]
				},
				"tail_fins": {
					"rotation": [47.96105, 66.46725, 41.36873]
				},
				"tail_fin": {
					"rotation": [0, 0, "10+math.sin(q.anim_time*90*2-160)*6"]
				},
				"tail_fin2": {
					"rotation": [0, 0, "6.6+math.sin(q.anim_time*90*2-150)*6"]
				},
				"tail_fin3": {
					"rotation": [0, 0, "3.3+math.sin(q.anim_time*90*2-140)*6"]
				},
				"head_angle": {
					"rotation": ["40-math.sin(q.anim_time*90*1+135)*3", 0, 0]
				},
				"tail7": {
					"rotation": ["27.1423+math.sin(q.anim_time*90*2-55)*3", -4.59902, -21.11073]
				},
				"hair_right2": {
					"rotation": [5, -7.5, "2.5-math.sin(q.anim_time*90*1-105)*2"]
				},
				"hair_right3": {
					"rotation": [5.60865, -4.30566, "5-math.sin(q.anim_time*90*1-140)*1.5"]
				},
				"hair_right4": {
					"rotation": [4.32548, -7.90672, "8-math.sin(q.anim_time*90*1-185)*2"]
				},
				"hair_right5": {
					"rotation": [4.11625, -8.01712, "10-math.sin(q.anim_time*90*1-225)*2"]
				},
				"hair_right6": {
					"rotation": [5, -2.5, "12.5067-math.sin(q.anim_time*90*1-250)*3"]
				},
				"hair_right7": {
					"rotation": [5, 0, "5-math.sin(q.anim_time*90*1-270)*4"]
				},
				"hair_right8": {
					"rotation": [5, 0, "5-math.sin(q.anim_time*90*1-310)*4"]
				},
				"eyelash_right": {
					"rotation": [2.5, "-3-math.sin(q.anim_time*90*1+135)*2", 0],
					"position": [0, 0, 0]
				},
				"eyelash_right2": {
					"rotation": [-5.0639, "-17.4904-math.sin(q.anim_time*90*1+95)*3", 0.22838]
				},
				"eyelash_right3": {
					"rotation": [0, "-22.5-math.sin(q.anim_time*90*1+45)*2", 0]
				},
				"eyelash_left6": {
					"rotation": [0, "-50-math.sin(q.anim_time*90*1-95)*2", 0]
				},
				"eyelash_right4": {
					"rotation": [0, "-10-math.sin(q.anim_time*90*1-45)*2", 0]
				},
				"eyelash_right5": {
					"rotation": [0, "37.5-math.sin(q.anim_time*90*1-45)*3", 0]
				},
				"eyelash_right6": {
					"rotation": [0, "50-math.sin(q.anim_time*90*1-95)*2", 0]
				},
				"neck": {
					"rotation": ["41.2901+math.sin(q.anim_time*90*1)*2", -52.16318, 9.81425],
					"position": [-0.4, 0, 0.4]
				},
				"eyes": {
					"position": [0, 0.25, 0]
				},
				"hair_right1": {
					"rotation": [0, -7.5, "-75-math.sin(q.anim_time*90*1-45)*1"]
				},
				"tail6": {
					"rotation": ["22.4756+math.sin(q.anim_time*90*2)*1.5", 10.42548, -17.85594]
				},
				"eyebrow_right2": {
					"rotation": [-53.16171, -7.57131, 9.97528]
				},
				"hair_left1": {
					"rotation": [0, 7.5, "75-math.sin(q.anim_time*90*1-45)*1"]
				},
				"head": {
					"rotation": [-25, 0, 0]
				},
				"neck5": {
					"rotation": ["12.5+math.sin(q.anim_time*90*1+195)*2", 0, "math.sin(q.anim_time*90*1+195)*1"]
				},
				"tail_fin4": {
					"rotation": [0, 0, "math.sin(q.anim_time*90*2-130)*6"]
				}
			}
		},
		"animation.milotic.ground_walk": {
			"loop": true,
			"animation_length": 2,
			"bones": {
				"body": {
					"rotation": [0, "math.sin(q.anim_time*90*2)*8.5", 0],
					"position": ["-0.5+math.sin(q.anim_time*90*2+90)*4", -6, -10]
				},
				"neck2": {
					"rotation": [-22.5, "-math.sin(q.anim_time*90*2)*4", "math.sin(q.anim_time*90*2)*8"]
				},
				"neck3": {
					"rotation": [-10, 0, "math.sin(q.anim_time*90*2-30)*4"]
				},
				"neck4": {
					"rotation": [-2.5, 0, 0]
				},
				"eyebrow_left_rotation": {
					"rotation": [0, 0, 0]
				},
				"hair_left2": {
					"rotation": [13.89028, -16.67327, "-0.0209-math.sin(q.anim_time*90*2)*6"]
				},
				"hair_left3": {
					"rotation": [4.0742, -11.76595, "5.0874-math.sin(q.anim_time*90*2-30)*6"]
				},
				"hair_left4": {
					"rotation": [0, -7.5, "-math.sin(q.anim_time*90*2-60)*4"]
				},
				"hair_left5": {
					"rotation": [0, -7.5, "-math.sin(q.anim_time*90*2-90)*6"]
				},
				"hair_left6": {
					"rotation": [0, -2.5, "-math.sin(q.anim_time*90*2-120)*8"]
				},
				"hair_left7": {
					"rotation": [0, -2.5, "-math.sin(q.anim_time*90*2-150)*8"]
				},
				"hair_left8": {
					"rotation": [0, 0, "-math.sin(q.anim_time*90*2-180)*10"]
				},
				"eyelash_left": {
					"rotation": [2.5, "3-math.sin(q.anim_time*90*2+135)*2", 0]
				},
				"eyelash_left2": {
					"rotation": [-5.01217, "15.0001-math.sin(q.anim_time*90*2+95)*3", -0.00284]
				},
				"eyelash_left3": {
					"rotation": [0, "12.5-math.sin(q.anim_time*90*2+45)*2", 0]
				},
				"eyelash_left4": {
					"rotation": [0, "10-math.sin(q.anim_time*90*2-45)*2", 0]
				},
				"eyelash_left5": {
					"rotation": [0, "-37.5-math.sin(q.anim_time*90*2-45)*3", 0]
				},
				"torso": {
					"rotation": [82.5, 0, 0]
				},
				"tail1": {
					"rotation": [5, 0, "math.sin(q.anim_time*90*2+90)*8"]
				},
				"tail2": {
					"rotation": [2.5, 0, "math.sin(q.anim_time*90*2+40)*8"]
				},
				"tail3": {
					"rotation": [0, 0, "math.sin(q.anim_time*90*2)*8"]
				},
				"tail4": {
					"rotation": [0, 0, "math.sin(q.anim_time*90*2+30)*7"]
				},
				"tail5": {
					"rotation": [2.5, 0, "math.sin(q.anim_time*90*2-60)*10"]
				},
				"tail8": {
					"rotation": [15, 0, "math.sin(q.anim_time*90*2-80)*6"]
				},
				"tail_fins": {
					"rotation": [47.96105, 66.46725, 41.36873]
				},
				"tail_fin": {
					"rotation": [0, 0, 10]
				},
				"tail_fin2": {
					"rotation": [0, 0, 7.5]
				},
				"tail_fin3": {
					"rotation": [0, 0, 2.5]
				},
				"head_angle": {
					"rotation": [10, 0, 0]
				},
				"tail7": {
					"rotation": [12.5, 0, "math.sin(q.anim_time*90*2-100)*10"]
				},
				"hair_right2": {
					"rotation": [13.89028, 16.67327, "0.0209-math.sin(q.anim_time*90*2)*6"]
				},
				"hair_right3": {
					"rotation": [4.0742, 11.76595, "-5.0874-math.sin(q.anim_time*90*2-30)*6"]
				},
				"hair_right4": {
					"rotation": [0, 7.5, "NaN-math.sin(q.anim_time*90*2-60)*4"]
				},
				"hair_right5": {
					"rotation": [0, 7.5, "NaN-math.sin(q.anim_time*90*2-90)*6"]
				},
				"hair_right6": {
					"rotation": [0, 2.5, "NaN-math.sin(q.anim_time*90*2-120)*8"]
				},
				"hair_right7": {
					"rotation": [0, 2.5, "NaN-math.sin(q.anim_time*90*2-150)*8"]
				},
				"hair_right8": {
					"rotation": [0, 0, "NaN-math.sin(q.anim_time*90*2-180)*10"]
				},
				"eyelash_right": {
					"rotation": [2.5, "-3-math.sin(q.anim_time*90*2+135)*2", 0],
					"position": [0, 0, 0]
				},
				"eyelash_right2": {
					"rotation": [-5.01217, "-15.0001-math.sin(q.anim_time*90*2+95)*3", 0.00284]
				},
				"eyelash_right3": {
					"rotation": [0, "-12.5-math.sin(q.anim_time*90*2+45)*2", 0]
				},
				"eyelash_left6": {
					"rotation": [0, "-50-math.sin(q.anim_time*90*2-95)*2", 0]
				},
				"eyelash_right4": {
					"rotation": [0, "-10-math.sin(q.anim_time*90*2-45)*2", 0]
				},
				"eyelash_right5": {
					"rotation": [0, "37.5-math.sin(q.anim_time*90*2-45)*3", 0]
				},
				"eyelash_right6": {
					"rotation": [0, "50-math.sin(q.anim_time*90*2-95)*2", 0]
				},
				"neck": {
					"rotation": [67.5, "math.sin(q.anim_time*90*2+30)*8", 0],
					"position": [0, 1, 0]
				},
				"eyes": {
					"position": [0, 0.25, 0]
				},
				"hair_right1": {
					"rotation": [0, 16.25105, "-75-math.sin(q.anim_time*90*2+30)*8"]
				},
				"tail6": {
					"rotation": [2.5, 0, "math.sin(q.anim_time*90*2-90)*10"]
				},
				"eyebrow_right2": {
					"rotation": [-53.16171, -7.57131, 9.97528]
				},
				"hair_left1": {
					"rotation": [0, -16.25105, "75-math.sin(q.anim_time*90*2+30)*8"]
				},
				"head": {
					"rotation": [-25, 0, 0]
				},
				"neck5": {
					"rotation": [-2.5, 0, 0]
				}
			}
		},
		"animation.milotic.battle_idle": {
			"loop": true,
			"animation_length": 4,
			"bones": {
				"body": {
					"rotation": [0, -5, 0.00001],
					"position": [-0.5, "-5-math.sin(q.anim_time*90*1)*0.2", -10]
				},
				"neck2": {
					"rotation": ["-29.0674+math.sin(q.anim_time*90*1+70)*1", 14.24203, -18.48442]
				},
				"neck3": {
					"rotation": ["-9.0344+math.sin(q.anim_time*90*1+110)*2", 11.79411, -6.18052]
				},
				"neck4": {
					"rotation": ["12.9204+math.sin(q.anim_time*90*1+155)*3", 15.90221, "-2.0466+math.sin(q.anim_time*90*1+155)*3"]
				},
				"eyebrow_left_rotation": {
					"rotation": [0, 0, 0]
				},
				"hair_left2": {
					"rotation": [5, 7.5, "-2.5-math.sin(q.anim_time*90*1-105)*2"]
				},
				"hair_left3": {
					"rotation": [5.21302, 4.77745, "-0.0008-math.sin(q.anim_time*90*1-140)*2"]
				},
				"hair_left4": {
					"rotation": [4.32548, 7.90672, "-7.25-math.sin(q.anim_time*90*1-185)*3"]
				},
				"hair_left5": {
					"rotation": [4.11625, 8.01712, "-10-math.sin(q.anim_time*90*1-225)*2"]
				},
				"hair_left6": {
					"rotation": [5, 2.5, "-12.5067-math.sin(q.anim_time*90*1-250)*3"]
				},
				"hair_left7": {
					"rotation": [5, 0, "-15-math.sin(q.anim_time*90*1-270)*2"]
				},
				"hair_left8": {
					"rotation": [5, 0, "-5-math.sin(q.anim_time*90*1-310)*4"]
				},
				"eyelash_left": {
					"rotation": [2.5, "3-math.sin(q.anim_time*90*1+135)*2", 0]
				},
				"eyelash_left2": {
					"rotation": [-5.0639, "17.4904-math.sin(q.anim_time*90*1+95)*3", -0.22838]
				},
				"eyelash_left3": {
					"rotation": [0, "22.5-math.sin(q.anim_time*90*1+45)*2", 0]
				},
				"eyelash_left4": {
					"rotation": [0, "10-math.sin(q.anim_time*90*1-45)*2", 0]
				},
				"eyelash_left5": {
					"rotation": [0, "-37.5-math.sin(q.anim_time*90*1-45)*3", 0]
				},
				"torso": {
					"rotation": ["72.6272+math.sin(q.anim_time*90*1)*1", -61.14828, 2.94182]
				},
				"tail1": {
					"rotation": ["18.0197-math.sin(q.anim_time*90*1)*1", "7.4349-math.sin(q.anim_time*90*1)*0.5", -32.38279]
				},
				"tail2": {
					"rotation": ["5.1041+math.sin(q.anim_time*90*1)*0.75", -0.51864, -41.2109]
				},
				"tail3": {
					"rotation": ["-9.1611+math.sin(q.anim_time*90*1-45)*0.5", -3.92892, -35.02617]
				},
				"tail4": {
					"rotation": ["-9.0102-math.sin(q.anim_time*90*1-15)*1.5", -4.02994, -40.05421]
				},
				"tail5": {
					"rotation": ["12+math.sin(q.anim_time*90*2)*1.5", 6.26649, -24.00507]
				},
				"tail8": {
					"rotation": ["29.25+math.sin(q.anim_time*90*2-110)*10", -9.40585, -9.52142]
				},
				"tail_fins": {
					"rotation": [47.96105, 66.46725, 41.36873]
				},
				"tail_fin": {
					"rotation": [0, 0, "-10.5+math.sin(q.anim_time*90*2-160)*16"]
				},
				"tail_fin2": {
					"rotation": [0, 0, "-14.1+math.sin(q.anim_time*90*2-150)*16"]
				},
				"tail_fin3": {
					"rotation": [0, 0, "-16.8+math.sin(q.anim_time*90*2-140)*16"]
				},
				"head_angle": {
					"rotation": ["7.5-math.sin(q.anim_time*90*1+135)*3", 0, 0]
				},
				"tail7": {
					"rotation": ["27.1423+math.sin(q.anim_time*90*2-55)*6", -4.59902, -21.11073]
				},
				"hair_right2": {
					"rotation": [4.86807, -7.58601, "3.505-math.sin(q.anim_time*90*1-105)*2"]
				},
				"hair_right3": {
					"rotation": [5.41602, -4.54585, "7.4959-math.sin(q.anim_time*90*1-140)*1.5"]
				},
				"hair_right4": {
					"rotation": [4.32548, -7.90672, "8-math.sin(q.anim_time*90*1-185)*2"]
				},
				"hair_right5": {
					"rotation": [4.11625, -8.01712, "10-math.sin(q.anim_time*90*1-225)*2"]
				},
				"hair_right6": {
					"rotation": [5, -2.5, "12.5067-math.sin(q.anim_time*90*1-250)*3"]
				},
				"hair_right7": {
					"rotation": [5, 0, "5-math.sin(q.anim_time*90*1-270)*4"]
				},
				"hair_right8": {
					"rotation": [5, 0, "5-math.sin(q.anim_time*90*1-310)*4"]
				},
				"eyelash_right": {
					"rotation": [2.5, "-3-math.sin(q.anim_time*90*1+135)*2", 0],
					"position": [0, 0, 0]
				},
				"eyelash_right2": {
					"rotation": [-5.0639, "-17.4904-math.sin(q.anim_time*90*1+95)*3", 0.22838]
				},
				"eyelash_right3": {
					"rotation": [0, "-22.5-math.sin(q.anim_time*90*1+45)*2", 0]
				},
				"eyelash_left6": {
					"rotation": [0, "-50-math.sin(q.anim_time*90*1-95)*2", 0]
				},
				"eyelash_right4": {
					"rotation": [0, "-10-math.sin(q.anim_time*90*1-45)*2", 0]
				},
				"eyelash_right5": {
					"rotation": [0, "37.5-math.sin(q.anim_time*90*1-45)*3", 0]
				},
				"eyelash_right6": {
					"rotation": [0, "50-math.sin(q.anim_time*90*1-95)*2", 0]
				},
				"neck": {
					"rotation": ["51.2755+math.sin(q.anim_time*90*1)*3", -46.62758, -3.58442],
					"position": [-0.4, 0, 0.4]
				},
				"eyes": {
					"position": [0, 0.25, 0]
				},
				"hair_right1": {
					"rotation": [-0.6574, -7.4713, "-69.9571-math.sin(q.anim_time*90*1-45)*1"]
				},
				"tail6": {
					"rotation": ["20+math.sin(q.anim_time*90*2)*4", 10.42548, -17.85594]
				},
				"eyebrow_right2": {
					"rotation": [-53.16171, -7.57131, 9.97528]
				},
				"hair_left1": {
					"rotation": [-0.98448, 7.43547, "67.4361-math.sin(q.anim_time*90*1-45)*1"]
				},
				"head": {
					"rotation": [-25, 0, 0]
				},
				"neck5": {
					"rotation": ["12.5+math.sin(q.anim_time*90*1+195)*2", 0, "math.sin(q.anim_time*90*1+195)*1"]
				},
				"tail_fin4": {
					"rotation": [0, 0, "-22.5+math.sin(q.anim_time*90*2-130)*16"]
				}
			}
		},
		"animation.milotic.water_idle": {
			"loop": true,
			"animation_length": 4,
			"bones": {
				"body": {
					"rotation": ["2.5+math.sin(q.anim_time*90*1-35)*3", -5, "0-math.sin(q.anim_time*90*1-35)*0.5"],
					"position": [-0.5, "-6-math.sin(q.anim_time*90*1-105)*1", -10]
				},
				"neck2": {
					"rotation": ["-33.5077+math.sin(q.anim_time*90*1+70)*1", 15.59822, -13]
				},
				"neck3": {
					"rotation": ["-11.5344+math.sin(q.anim_time*90*1+110)*2", 11.79411, -6.18052]
				},
				"neck4": {
					"rotation": ["-4.5796+math.sin(q.anim_time*90*1+155)*3", 15.90221, "-2.0466+math.sin(q.anim_time*90*1+155)*3"]
				},
				"eyebrow_left_rotation": {
					"rotation": [0, 0, 0]
				},
				"hair_left2": {
					"rotation": [5, 7.5, "-2.5-math.sin(q.anim_time*90*1-105)*2"]
				},
				"hair_left3": {
					"rotation": [5.21302, 4.77745, "-0.0008-math.sin(q.anim_time*90*1-140)*2"]
				},
				"hair_left4": {
					"rotation": [4.32548, 7.90672, "-7.25-math.sin(q.anim_time*90*1-185)*3"]
				},
				"hair_left5": {
					"rotation": [4.11625, 8.01712, "-10-math.sin(q.anim_time*90*1-225)*2"]
				},
				"hair_left6": {
					"rotation": [5, 2.5, "-12.5067-math.sin(q.anim_time*90*1-250)*3"]
				},
				"hair_left7": {
					"rotation": [5, 0, "-15-math.sin(q.anim_time*90*1-270)*2"]
				},
				"hair_left8": {
					"rotation": [5, 0, "-5-math.sin(q.anim_time*90*1-310)*4"]
				},
				"eyelash_left": {
					"rotation": [2.5, "3-math.sin(q.anim_time*90*1+135)*2", 0]
				},
				"eyelash_left2": {
					"rotation": [-5.0639, "17.4904-math.sin(q.anim_time*90*1+95)*3", -0.22838]
				},
				"eyelash_left3": {
					"rotation": [0, "22.5-math.sin(q.anim_time*90*1+45)*2", 0]
				},
				"eyelash_left4": {
					"rotation": [0, "10-math.sin(q.anim_time*90*1-45)*2", 0]
				},
				"eyelash_left5": {
					"rotation": [0, "-37.5-math.sin(q.anim_time*90*1-45)*3", 0]
				},
				"torso": {
					"rotation": ["75.1272+math.sin(q.anim_time*90*1-15)*3", -61.14828, 2.94182]
				},
				"tail1": {
					"rotation": ["12.5+math.sin(q.anim_time*90*1-45)*3", "7.4349-math.sin(q.anim_time*90*1)*0.5", -32.38279]
				},
				"tail2": {
					"rotation": ["5+math.sin(q.anim_time*90*1-95)*6", -0.51864, -41.2109]
				},
				"tail3": {
					"rotation": ["-5+math.sin(q.anim_time*90*1-130)*6", -3.92892, -35.02617]
				},
				"tail4": {
					"rotation": ["-5+math.sin(q.anim_time*90*1-175)*4", -4.02994, -40.05421]
				},
				"tail5": {
					"rotation": ["5+math.sin(q.anim_time*90*1-210)*9", 2, -24.00507]
				},
				"tail8": {
					"rotation": ["5+math.sin(q.anim_time*90*1-395)*12", -9.40585, -9.52142]
				},
				"tail_fins": {
					"rotation": [47.96105, 66.46725, 41.36873]
				},
				"tail_fin": {
					"rotation": [0, 0, "-10.5+math.sin(q.anim_time*90*1-410)*12"]
				},
				"tail_fin2": {
					"rotation": [0, 0, "-14.1+math.sin(q.anim_time*90*1-410)*12"]
				},
				"tail_fin3": {
					"rotation": [0, 0, "-16.8+math.sin(q.anim_time*90*1-410)*12"]
				},
				"head_angle": {
					"rotation": ["30-math.sin(q.anim_time*90*1+135)*3", 3, 0]
				},
				"tail7": {
					"rotation": ["5+math.sin(q.anim_time*90*1-355)*10", -4.59902, -21.11073]
				},
				"hair_right2": {
					"rotation": [4.86807, -7.58601, "3.505-math.sin(q.anim_time*90*1-105)*2"]
				},
				"hair_right3": {
					"rotation": [5.41602, -4.54585, "7.4959-math.sin(q.anim_time*90*1-140)*1.5"]
				},
				"hair_right4": {
					"rotation": [4.32548, -7.90672, "8-math.sin(q.anim_time*90*1-185)*2"]
				},
				"hair_right5": {
					"rotation": [4.11625, -8.01712, "10-math.sin(q.anim_time*90*1-225)*2"]
				},
				"hair_right6": {
					"rotation": [5, -2.5, "12.5067-math.sin(q.anim_time*90*1-250)*3"]
				},
				"hair_right7": {
					"rotation": [5, 0, "5-math.sin(q.anim_time*90*1-270)*4"]
				},
				"hair_right8": {
					"rotation": [5, 0, "5-math.sin(q.anim_time*90*1-310)*4"]
				},
				"eyelash_right": {
					"rotation": [2.5, "-3-math.sin(q.anim_time*90*1+135)*2", 0],
					"position": [0, 0, 0]
				},
				"eyelash_right2": {
					"rotation": [-5.0639, "-17.4904-math.sin(q.anim_time*90*1+95)*3", 0.22838]
				},
				"eyelash_right3": {
					"rotation": [0, "-22.5-math.sin(q.anim_time*90*1+45)*2", 0]
				},
				"eyelash_left6": {
					"rotation": [0, "-50-math.sin(q.anim_time*90*1-95)*2", 0]
				},
				"eyelash_right4": {
					"rotation": [0, "-10-math.sin(q.anim_time*90*1-45)*2", 0]
				},
				"eyelash_right5": {
					"rotation": [0, "37.5-math.sin(q.anim_time*90*1-45)*3", 0]
				},
				"eyelash_right6": {
					"rotation": [0, "50-math.sin(q.anim_time*90*1-95)*2", 0]
				},
				"neck": {
					"rotation": ["51.2755+math.sin(q.anim_time*90*1)*3", -46.62758, -3.58442],
					"position": [-0.4, 0, 0.4]
				},
				"eyes": {
					"position": [0, 0.25, 0]
				},
				"hair_right1": {
					"rotation": [-0.32902, -7.49282, "-72.4785-math.sin(q.anim_time*90*1-45)*1"]
				},
				"tail6": {
					"rotation": ["5+math.sin(q.anim_time*90*1-315)*9", 10.42548, -17.85594]
				},
				"eyebrow_right2": {
					"rotation": [-53.16171, -7.57131, 9.97528]
				},
				"hair_left1": {
					"rotation": [-0.39477, 7.48966, "71.9742-math.sin(q.anim_time*90*1-45)*1"]
				},
				"head": {
					"rotation": [-25, 0, 0]
				},
				"neck5": {
					"rotation": ["12.5+math.sin(q.anim_time*90*1+195)*2", 0, "math.sin(q.anim_time*90*1+195)*1"]
				},
				"tail_fin4": {
					"rotation": [0, 0, "-22.5+math.sin(q.anim_time*90*1-410)*12"]
				}
			}
		},
		"animation.milotic.water_swim": {
			"loop": true,
			"animation_length": 8,
			"bones": {
				"body": {
					"rotation": ["math.sin(q.anim_time*90*1.5+25)*1", "math.sin(q.anim_time*90*2)*8.5", 0],
					"position": ["-0.5+math.sin(q.anim_time*90*2+90)*4", "-6-math.sin(q.anim_time*90*1.5-5)*5", -10]
				},
				"neck2": {
					"rotation": ["-5+math.sin(q.anim_time*90*1.5+135)*9", "-math.sin(q.anim_time*90*2)*4", "math.sin(q.anim_time*90*2)*8"]
				},
				"neck3": {
					"rotation": ["math.sin(q.anim_time*90*1.5+180)*9", 0, "math.sin(q.anim_time*90*2-30)*4"]
				},
				"neck4": {
					"rotation": ["-2.5+math.sin(q.anim_time*90*1.5+225)*9", 0, 0]
				},
				"eyebrow_left_rotation": {
					"rotation": [0, 0, 0]
				},
				"hair_left2": {
					"rotation": [13.89028, -16.67327, "-0.0209-math.sin(q.anim_time*90*2)*6"]
				},
				"hair_left3": {
					"rotation": [4.0742, -11.76595, "5.0874-math.sin(q.anim_time*90*2-30)*6"]
				},
				"hair_left4": {
					"rotation": [0, -7.5, "-math.sin(q.anim_time*90*2-60)*4"]
				},
				"hair_left5": {
					"rotation": [0, -7.5, "-math.sin(q.anim_time*90*2-90)*6"]
				},
				"hair_left6": {
					"rotation": [0, -2.5, "-math.sin(q.anim_time*90*2-120)*8"]
				},
				"hair_left7": {
					"rotation": [0, -2.5, "-math.sin(q.anim_time*90*2-150)*8"]
				},
				"hair_left8": {
					"rotation": [0, 0, "-math.sin(q.anim_time*90*2-180)*10"]
				},
				"eyelash_left": {
					"rotation": [2.5, "3-math.sin(q.anim_time*90*2+135)*2", 0]
				},
				"eyelash_left2": {
					"rotation": [-5.01217, "15.0001-math.sin(q.anim_time*90*2+95)*3", -0.00284]
				},
				"eyelash_left3": {
					"rotation": [0, "12.5-math.sin(q.anim_time*90*2+45)*2", 0]
				},
				"eyelash_left4": {
					"rotation": [0, "10-math.sin(q.anim_time*90*2-45)*2", 0]
				},
				"eyelash_left5": {
					"rotation": [0, "-37.5-math.sin(q.anim_time*90*2-45)*3", 0]
				},
				"torso": {
					"rotation": ["90+math.sin(q.anim_time*90*1.5+45)*9", 0, 0]
				},
				"tail1": {
					"rotation": ["0+math.sin(q.anim_time*90*1.5-25)*10", 0, "math.sin(q.anim_time*90*2+90)*8"]
				},
				"tail2": {
					"rotation": ["0+math.sin(q.anim_time*90*1.5-70)*10", 0, "math.sin(q.anim_time*90*2+40)*8"]
				},
				"tail3": {
					"rotation": ["0+math.sin(q.anim_time*90*1.5-110)*10", 0, "math.sin(q.anim_time*90*2)*8"]
				},
				"tail4": {
					"rotation": ["0+math.sin(q.anim_time*90*1.5-155)*12", 0, "math.sin(q.anim_time*90*2+30)*7"]
				},
				"tail5": {
					"rotation": ["0+math.sin(q.anim_time*90*1.5-200)*12", 0, "math.sin(q.anim_time*90*2-60)*10"]
				},
				"tail8": {
					"rotation": ["0+math.sin(q.anim_time*90*1.5-220)*16", 0, "math.sin(q.anim_time*90*2-80)*6"]
				},
				"tail_fins": {
					"rotation": ["20+math.sin(q.anim_time*90*1.5-320)*19", 66.46725, 41.36873]
				},
				"tail_fin": {
					"rotation": [0, 0, 10]
				},
				"tail_fin2": {
					"rotation": [0, 0, 7.5]
				},
				"tail_fin3": {
					"rotation": [0, 0, 2.5]
				},
				"head_angle": {
					"rotation": [-15, 0, 0]
				},
				"tail7": {
					"rotation": ["0+math.sin(q.anim_time*90*1.5-265)*14", 0, "math.sin(q.anim_time*90*2-100)*10"]
				},
				"hair_right2": {
					"rotation": [13.89028, 16.67327, "0.0209-math.sin(q.anim_time*90*2)*6"]
				},
				"hair_right3": {
					"rotation": [4.0742, 11.76595, "-5.0874-math.sin(q.anim_time*90*2-30)*6"]
				},
				"hair_right4": {
					"rotation": [0, 7.5, "NaN-math.sin(q.anim_time*90*2-60)*4"]
				},
				"hair_right5": {
					"rotation": [0, 7.5, "NaN-math.sin(q.anim_time*90*2-90)*6"]
				},
				"hair_right6": {
					"rotation": [0, 2.5, "NaN-math.sin(q.anim_time*90*2-120)*8"]
				},
				"hair_right7": {
					"rotation": [0, 2.5, "NaN-math.sin(q.anim_time*90*2-150)*8"]
				},
				"hair_right8": {
					"rotation": [0, 0, "NaN-math.sin(q.anim_time*90*2-180)*10"]
				},
				"eyelash_right": {
					"rotation": [2.5, "-3-math.sin(q.anim_time*90*2+135)*2", 0],
					"position": [0, 0, 0]
				},
				"eyelash_right2": {
					"rotation": [-5.01217, "-15.0001-math.sin(q.anim_time*90*2+95)*3", 0.00284]
				},
				"eyelash_right3": {
					"rotation": [0, "-12.5-math.sin(q.anim_time*90*2+45)*2", 0]
				},
				"eyelash_left6": {
					"rotation": [0, "-50-math.sin(q.anim_time*90*2-95)*2", 0]
				},
				"eyelash_right4": {
					"rotation": [0, "-10-math.sin(q.anim_time*90*2-45)*2", 0]
				},
				"eyelash_right5": {
					"rotation": [0, "37.5-math.sin(q.anim_time*90*2-45)*3", 0]
				},
				"eyelash_right6": {
					"rotation": [0, "50-math.sin(q.anim_time*90*2-95)*2", 0]
				},
				"neck": {
					"rotation": ["90+math.sin(q.anim_time*90*1.5+90)*9", "0+math.sin(q.anim_time*90*2+30)*8", 0],
					"position": [0, 1, 0]
				},
				"eyes": {
					"position": [0, 0.25, 0]
				},
				"hair_right1": {
					"rotation": [0, 16.25105, "-65-math.sin(q.anim_time*90*2+30)*8"]
				},
				"tail6": {
					"rotation": ["0+math.sin(q.anim_time*90*1.5-235)*13", 0, "math.sin(q.anim_time*90*2-90)*10"]
				},
				"eyebrow_right2": {
					"rotation": [-53.16171, -7.57131, 9.97528]
				},
				"hair_left1": {
					"rotation": [0, -16.25105, "65-math.sin(q.anim_time*90*2+30)*8"]
				},
				"head": {
					"rotation": ["-35-math.sin(q.anim_time*90*1.5+185)*12", 0, 0]
				},
				"neck5": {
					"rotation": ["-2.5+math.sin(q.anim_time*90*1.5+270)*9", 0, 0]
				}
			}
		},
		"animation.milotic.blink": {
			"animation_length": 0.1667,
			"bones": {
				"eyelid_left": {
					"position": {
						"0.0": [0.1, 0, 0],
						"0.125": [0.1, 0, 0],
						"0.1667": [0, 0, 0]
					}
				},
				"eyelid_right": {
					"position": {
						"0.0": [-0.1, 0, 0],
						"0.125": [-0.1, 0, 0],
						"0.1667": [0, 0, 0]
					}
				}
			}
		},
		"animation.milotic.sleep_male": {
			"loop": true,
			"animation_length": 4,
			"bones": {
				"body": {
					"rotation": [-180, 45, -179.99999],
					"position": [-2.5, -6, 7]
				},
				"neck2": {
					"rotation": [-9.13792, -1.90686, 27.07246]
				},
				"neck3": {
					"rotation": [-12.21498, -7.18606, 28.14828]
				},
				"neck4": {
					"rotation": [-1.30269, -2.91864, 24.91421]
				},
				"eyebrow_left_rotation": {
					"rotation": [0, 0, 0]
				},
				"hair_left2": {
					"rotation": [5.3888, 27.62024, -19.30454]
				},
				"hair_left3": {
					"rotation": [0, 0, -47]
				},
				"hair_left4": {
					"rotation": [5.85969, 14.20809, -0.89399]
				},
				"hair_left5": {
					"rotation": [0, 0, 17.5]
				},
				"hair_left6": {
					"rotation": [0, 0, 72.5]
				},
				"hair_left7": {
					"rotation": [0, 0, 17.5]
				},
				"hair_left8": {
					"rotation": [0, 0, -32.5]
				},
				"eyelash_left": {
					"rotation": [2.5, "3-math.sin(q.anim_time*90*1+135)*0.2", 0]
				},
				"eyelash_left2": {
					"rotation": [-5.0639, "17.4904-math.sin(q.anim_time*90*1+95)*3", -0.22838]
				},
				"eyelash_left3": {
					"rotation": [0, "22.5-math.sin(q.anim_time*90*1+45)*2", 0]
				},
				"eyelash_left4": {
					"rotation": [0, "10-math.sin(q.anim_time*90*1-45)*2", 0]
				},
				"eyelash_left5": {
					"rotation": [0, "-37.5-math.sin(q.anim_time*90*1-45)*3", 0]
				},
				"torso": {
					"rotation": [84.94972, -33.97371, -3.23483]
				},
				"tail1": {
					"rotation": [3.51211, 8.19449, -47.54944]
				},
				"tail2": {
					"rotation": [-2.37605, -0.05613, -53.67672]
				},
				"tail3": {
					"rotation": [1.00972, -3.88858, -37.53167]
				},
				"tail4": {
					"rotation": [-3.82777, -4.41759, -42.5307]
				},
				"tail5": {
					"rotation": [-2.63587, 6.95997, -31.52308]
				},
				"tail8": {
					"rotation": [16.75, -9.40585, -9.52142]
				},
				"tail_fins": {
					"rotation": [47.96105, 66.46725, 41.36873]
				},
				"tail_fin": {
					"rotation": [0, 0, 10]
				},
				"tail_fin2": {
					"rotation": [0, 0, 6.6]
				},
				"tail_fin3": {
					"rotation": [0, 0, 3.3]
				},
				"head_angle": {
					"rotation": [-34.78729, -3.74196, -6.50446]
				},
				"tail7": {
					"rotation": [7.52487, -4.17744, -26.10759]
				},
				"hair_right2": {
					"rotation": [-2, 0, -5]
				},
				"hair_right3": {
					"rotation": [-0.66963, -14.98539, 12.58807]
				},
				"hair_right4": {
					"rotation": [16.95433, -13.24052, 17.44937]
				},
				"hair_right5": {
					"rotation": [-2.35032, -17.98866, 27.89717]
				},
				"hair_right6": {
					"rotation": [0, -10, 4.5]
				},
				"hair_right7": {
					"rotation": [0.61132, -16.98933, -2.09131]
				},
				"eyelash_right": {
					"rotation": [2.5, "-3-math.sin(q.anim_time*90*1+135)*0.2", 0],
					"position": [0, 0, 0]
				},
				"eyelash_right2": {
					"rotation": [-5.0639, "-17.4904-math.sin(q.anim_time*90*1+95)*3", 0.22838]
				},
				"eyelash_right3": {
					"rotation": [0, "-22.5-math.sin(q.anim_time*90*1+45)*2", 0]
				},
				"eyelash_left6": {
					"rotation": [0, "-50-math.sin(q.anim_time*90*1-95)*2", 0]
				},
				"eyelash_right4": {
					"rotation": [0, "-10-math.sin(q.anim_time*90*1-45)*2", 0]
				},
				"eyelash_right5": {
					"rotation": [0, "37.5-math.sin(q.anim_time*90*1-45)*3", 0]
				},
				"eyelash_right6": {
					"rotation": [0, "50-math.sin(q.anim_time*90*1-95)*2", 0]
				},
				"neck": {
					"rotation": [84.93347, -71.28808, -0.50718],
					"position": [-0.4, 0, 0.4]
				},
				"eyes": {
					"position": [0, 0.25, 0]
				},
				"hair_right1": {
					"rotation": [-1.95155, -7.24305, -59.87647]
				},
				"tail6": {
					"rotation": [8.53068, 11.63323, -25.39771]
				},
				"eyebrow_right2": {
					"rotation": [-53.16171, -7.57131, 9.97528]
				},
				"hair_left1": {
					"rotation": [-2.26708, 7.15102, 57.35832]
				},
				"head": {
					"rotation": [-25, 0, 0]
				},
				"neck5": {
					"rotation": [7.08681, -3.21132, 14.65993]
				},
				"tail_fin4": {
					"rotation": [0, 0, 0]
				},
				"eyelid_left": {
					"position": [0.1, 0, 0]
				},
				"eyelid_right": {
					"position": [-0.1, 0, 0]
				}
			}
		},
		"animation.milotic.sleep_female": {
			"loop": true,
			"animation_length": 4,
			"bones": {
				"body": {
					"rotation": [-180, 45, -179.99999],
					"position": [-2.5, -6, 7]
				},
				"neck2": {
					"rotation": [-9.13792, -1.90686, 27.07246]
				},
				"neck3": {
					"rotation": [-12.21498, -7.18606, 28.14828]
				},
				"neck4": {
					"rotation": [-1.30269, -2.91864, 24.91421]
				},
				"eyebrow_left_rotation": {
					"rotation": [0, 0, 0]
				},
				"hair_left2": {
					"rotation": [2.22642, 28.01919, -26.07451]
				},
				"hair_left3": {
					"rotation": [0, 0, -30]
				},
				"hair_left4": {
					"rotation": [0, 15, -20]
				},
				"hair_left5": {
					"rotation": [0, 0, 20]
				},
				"hair_left6": {
					"rotation": [0, 0, 55]
				},
				"hair_left7": {
					"rotation": [0, 0, -15]
				},
				"hair_left8": {
					"rotation": [0, 0, -32.5]
				},
				"eyelash_left": {
					"rotation": [2.5, "3-math.sin(q.anim_time*90*1+135)*0.2", 0]
				},
				"eyelash_left2": {
					"rotation": [-5.0639, "17.4904-math.sin(q.anim_time*90*1+95)*3", -0.22838]
				},
				"eyelash_left3": {
					"rotation": [0, "22.5-math.sin(q.anim_time*90*1+45)*2", 0]
				},
				"eyelash_left4": {
					"rotation": [0, "10-math.sin(q.anim_time*90*1-45)*2", 0]
				},
				"eyelash_left5": {
					"rotation": [0, "-37.5-math.sin(q.anim_time*90*1-45)*3", 0]
				},
				"torso": {
					"rotation": [84.94972, -33.97371, -3.23483]
				},
				"tail1": {
					"rotation": [3.51211, 8.19449, -47.54944]
				},
				"tail2": {
					"rotation": [-2.37605, -0.05613, -53.67672]
				},
				"tail3": {
					"rotation": [1.00972, -3.88858, -37.53167]
				},
				"tail4": {
					"rotation": [-3.82777, -4.41759, -42.5307]
				},
				"tail5": {
					"rotation": [-2.63587, 6.95997, -31.52308]
				},
				"tail8": {
					"rotation": [16.75, -9.40585, -9.52142]
				},
				"tail_fins": {
					"rotation": [47.96105, 66.46725, 41.36873]
				},
				"tail_fin": {
					"rotation": [0, 0, 10]
				},
				"tail_fin2": {
					"rotation": [0, 0, 6.6]
				},
				"tail_fin3": {
					"rotation": [0, 0, 3.3]
				},
				"head_angle": {
					"rotation": [-34.78729, -3.74196, -6.50446]
				},
				"tail7": {
					"rotation": [7.52487, -4.17744, -26.10759]
				},
				"hair_right2": {
					"rotation": [0, 0, -7.5]
				},
				"hair_right3": {
					"rotation": [0, -15, 10]
				},
				"hair_right4": {
					"rotation": [16.95433, -13.24052, 17.44937]
				},
				"hair_right5": {
					"rotation": [0, -18, 30]
				},
				"hair_right6": {
					"rotation": [0, -10, 4.5]
				},
				"hair_right7": {
					"rotation": [-0.30571, -16.99733, 1.04568]
				},
				"eyelash_right": {
					"rotation": [2.5, "-3-math.sin(q.anim_time*90*1+135)*0.2", 0],
					"position": [0, 0, 0]
				},
				"eyelash_right2": {
					"rotation": [-5.0639, "-17.4904-math.sin(q.anim_time*90*1+95)*3", 0.22838]
				},
				"eyelash_right3": {
					"rotation": [0, "-22.5-math.sin(q.anim_time*90*1+45)*2", 0]
				},
				"eyelash_left6": {
					"rotation": [0, "-50-math.sin(q.anim_time*90*1-95)*2", 0]
				},
				"eyelash_right4": {
					"rotation": [0, "-10-math.sin(q.anim_time*90*1-45)*2", 0]
				},
				"eyelash_right5": {
					"rotation": [0, "37.5-math.sin(q.anim_time*90*1-45)*3", 0]
				},
				"eyelash_right6": {
					"rotation": [0, "50-math.sin(q.anim_time*90*1-95)*2", 0]
				},
				"neck": {
					"rotation": [84.93347, -71.28808, -0.50718],
					"position": [-0.4, 0, 0.4]
				},
				"eyes": {
					"position": [0, 0.25, 0]
				},
				"hair_right1": {
					"rotation": [-1.95155, -7.24305, -59.87647]
				},
				"tail6": {
					"rotation": [8.53068, 11.63323, -25.39771]
				},
				"eyebrow_right2": {
					"rotation": [-53.16171, -7.57131, 9.97528]
				},
				"hair_left1": {
					"rotation": [-2.26708, 7.15102, 57.35832]
				},
				"head": {
					"rotation": [-25, 0, 0]
				},
				"neck5": {
					"rotation": [7.08681, -3.21132, 14.65993]
				},
				"tail_fin4": {
					"rotation": [0, 0, 0]
				},
				"eyelid_left": {
					"position": [0.1, 0, 0]
				},
				"eyelid_right": {
					"position": [-0.1, 0, 0]
				}
			}
		},
		"animation.milotic.cry": {
			"animation_length": 2.75,
			"bones": {
				"neck": {
					"rotation": {
						"0.0": [0, 0, 0],
						"0.125": {
							"pre": [3, 0, -2],
							"post": [3, 0, -2],
							"lerp_mode": "catmullrom"
						},
						"0.3333": {
							"post": [-2.99271, 0.20917, 3.99454],
							"lerp_mode": "catmullrom"
						},
						"0.7083": {
							"post": [-4.5, 0.4699, 4],
							"lerp_mode": "catmullrom"
						},
						"1.2917": {
							"post": [-2.97768, 0.36544, 4],
							"lerp_mode": "catmullrom"
						},
						"1.875": {
							"post": [-1, 0, 1],
							"lerp_mode": "catmullrom"
						},
						"2.2083": [0, 0, 0]
					}
				},
				"neck2": {
					"rotation": {
						"0.0": [0, 0, 0],
						"0.1667": {
							"pre": [3, 0, 0],
							"post": [3, 0, 0],
							"lerp_mode": "catmullrom"
						},
						"0.375": {
							"post": [-3, 0, 0],
							"lerp_mode": "catmullrom"
						},
						"0.7083": {
							"post": [-4.5, 0, 0],
							"lerp_mode": "catmullrom"
						},
						"1.2083": {
							"post": [-3, 0, 0],
							"lerp_mode": "catmullrom"
						},
						"1.6667": {
							"post": [-1, 0, 0],
							"lerp_mode": "catmullrom"
						},
						"1.9583": [0, 0, 0]
					}
				},
				"neck3": {
					"rotation": {
						"0.0": [0, 0, 0],
						"0.25": {
							"pre": [3, 0, 0],
							"post": [3, 0, 0],
							"lerp_mode": "catmullrom"
						},
						"0.4583": {
							"post": [-3, 0, 0],
							"lerp_mode": "catmullrom"
						},
						"0.7917": {
							"post": [-4.5, 0, 0],
							"lerp_mode": "catmullrom"
						},
						"1.2917": {
							"post": [-3, 0, 0],
							"lerp_mode": "catmullrom"
						},
						"1.6667": {
							"post": [-1, 0, 0],
							"lerp_mode": "catmullrom"
						},
						"1.9583": [0, 0, 0]
					}
				},
				"neck4": {
					"rotation": {
						"0.0": [0, 0, 0],
						"0.2917": {
							"pre": [3, 0, 0],
							"post": [3, 0, 0],
							"lerp_mode": "catmullrom"
						},
						"0.5": {
							"post": [-3, 0, 0],
							"lerp_mode": "catmullrom"
						},
						"0.8333": {
							"post": [-4.5, 0, 0],
							"lerp_mode": "catmullrom"
						},
						"1.3333": {
							"post": [-3, 0, 0],
							"lerp_mode": "catmullrom"
						},
						"1.7083": {
							"post": [-1, 0, 0],
							"lerp_mode": "catmullrom"
						},
						"1.9583": [0, 0, 0]
					}
				},
				"neck5": {
					"rotation": {
						"0.0": [0, 0, 0],
						"0.2917": {
							"pre": [3, 0, 0],
							"post": [3, 0, 0],
							"lerp_mode": "catmullrom"
						},
						"0.5417": {
							"post": [-3, 0, 0],
							"lerp_mode": "catmullrom"
						},
						"0.875": {
							"post": [-4.5, 0, 0],
							"lerp_mode": "catmullrom"
						},
						"1.375": {
							"post": [-3, 0, 0],
							"lerp_mode": "catmullrom"
						},
						"1.7083": {
							"post": [-1, 0, 0],
							"lerp_mode": "catmullrom"
						},
						"1.9583": [0, 0, 0]
					}
				},
				"head_angle": {
					"rotation": {
						"0.0": [0, 0, 0],
						"0.5": {
							"pre": [-12.5, 0, 0],
							"post": [-12.5, 0, 0],
							"lerp_mode": "catmullrom"
						},
						"1.125": {
							"post": [-20, 0, 0],
							"lerp_mode": "catmullrom"
						},
						"1.5833": {
							"post": [-15, 0, 0],
							"lerp_mode": "catmullrom"
						},
						"1.9583": {
							"post": [-5, 0, 0],
							"lerp_mode": "catmullrom"
						},
						"2.25": [0, 0, 0]
					}
				},
				"mouth_closed": {
					"position": {
						"0.0": [0, 0, 0],
						"0.0833": {
							"pre": [0, 0, 0],
							"post": [0, 0.1, 0]
						},
						"2.3333": {
							"pre": [0, 0.1, 0],
							"post": [0, 0, 0]
						}
					}
				},
				"mouth_open": {
					"position": {
						"0.0": [0, 0, 0],
						"0.0833": {
							"pre": [0, 0, 0],
							"post": [0, -0.1, 0]
						},
						"2.3333": {
							"pre": [0, -0.1, 0],
							"post": [0, 0, 0]
						}
					}
				},
				"hair_left1": {
					"rotation": {
						"0.0": [0, 0, 0],
						"0.3333": {
							"pre": [0, -0.2, -20],
							"post": [0, -0.2, -20],
							"lerp_mode": "catmullrom"
						},
						"0.625": {
							"post": [0, -10, "-7.5+math.sin(q.anim_time*90*4)*2"],
							"lerp_mode": "catmullrom"
						},
						"1.25": {
							"post": [0, -10, "-7.5+math.sin(q.anim_time*90*4)*3"],
							"lerp_mode": "catmullrom"
						},
						"2.25": [0, 0, 0]
					}
				},
				"hair_left2": {
					"rotation": {
						"0.0": [0, 0, 0],
						"0.625": [0, 0, "math.sin(q.anim_time*90*4-45)*2"],
						"1.25": [0, 0, "math.sin(q.anim_time*90*4-45)*3"],
						"2.25": [0, 0, 0]
					}
				},
				"hair_left3": {
					"rotation": {
						"0.0": [0, 0, 0],
						"0.625": [0, 0, "math.sin(q.anim_time*90*4-105)*2"],
						"1.25": [0, 0, "math.sin(q.anim_time*90*4-105)*3"],
						"2.25": [0, 0, 0]
					}
				},
				"hair_left4": {
					"rotation": {
						"0.0": [0, 0, 0],
						"0.625": [0, 0, "math.sin(q.anim_time*90*4-145)*2"],
						"1.25": [0, 0, "math.sin(q.anim_time*90*4-145)*3"],
						"2.25": [0, 0, 0]
					}
				},
				"hair_left5": {
					"rotation": {
						"0.0": [0, 0, 0],
						"0.625": [0, 0, "math.sin(q.anim_time*90*4-195)*2"],
						"1.25": [0, 0, "math.sin(q.anim_time*90*4-195)*3"],
						"2.25": [0, 0, 0]
					}
				},
				"hair_left6": {
					"rotation": {
						"0.0": [0, 0, 0],
						"0.625": [0, 0, "math.sin(q.anim_time*90*4-225)*2"],
						"1.25": [0, 0, "math.sin(q.anim_time*90*4-225)*3"],
						"2.25": [0, 0, 0]
					}
				},
				"hair_left7": {
					"rotation": {
						"0.0": [0, 0, 0],
						"0.625": [0, 0, "math.sin(q.anim_time*90*4-235)*2"],
						"1.25": [0, 0, "math.sin(q.anim_time*90*4-235)*3"],
						"2.25": [0, 0, 0]
					}
				},
				"hair_left8": {
					"rotation": {
						"0.0": [0, 0, 0],
						"0.625": [0, 0, "math.sin(q.anim_time*90*4-245)*2"],
						"1.25": [0, 0, "math.sin(q.anim_time*90*4-245)*3"],
						"2.25": [0, 0, 0]
					}
				},
				"hair_right1": {
					"rotation": {
						"0.0": [0, 0, 0],
						"0.3333": {
							"pre": [0, 0.2, 20],
							"post": [0, 0.2, 20],
							"lerp_mode": "catmullrom"
						},
						"0.625": {
							"post": [0, 10, "7.5-math.sin(q.anim_time*90*4)*2"],
							"lerp_mode": "catmullrom"
						},
						"1.25": {
							"post": [0, 10, "7.5-math.sin(q.anim_time*90*4)*3"],
							"lerp_mode": "catmullrom"
						},
						"2.25": [0, 0, 0]
					}
				},
				"hair_right2": {
					"rotation": {
						"0.0": [0, 0, 0],
						"0.625": [0, 0, "-(math.sin(q.anim_time*90*4-45)*2)"],
						"1.25": [0, 0, "-(math.sin(q.anim_time*90*4-45)*3)"],
						"2.25": [0, 0, 0]
					}
				},
				"hair_right3": {
					"rotation": {
						"0.0": [0, 0, 0],
						"0.625": [0, 0, "-(math.sin(q.anim_time*90*4-105)*2)"],
						"1.25": [0, 0, "-(math.sin(q.anim_time*90*4-105)*3)"],
						"2.25": [0, 0, 0]
					}
				},
				"hair_right4": {
					"rotation": {
						"0.0": [0, 0, 0],
						"0.625": [0, 0, "-(math.sin(q.anim_time*90*4-145)*2)"],
						"1.25": [0, 0, "-(math.sin(q.anim_time*90*4-145)*3)"],
						"2.25": [0, 0, 0]
					}
				},
				"hair_right5": {
					"rotation": {
						"0.0": [0, 0, 0],
						"0.625": [0, 0, "-(math.sin(q.anim_time*90*4-195)*2)"],
						"1.25": [0, 0, "-(math.sin(q.anim_time*90*4-195)*3)"],
						"2.25": [0, 0, 0]
					}
				},
				"hair_right6": {
					"rotation": {
						"0.0": [0, 0, 0],
						"0.625": [0, 0, "-(math.sin(q.anim_time*90*4-225)*2)"],
						"1.25": [0, 0, "-(math.sin(q.anim_time*90*4-225)*3)"],
						"2.25": [0, 0, 0]
					}
				},
				"hair_right7": {
					"rotation": {
						"0.0": [0, 0, 0],
						"0.625": [0, 0, "-(math.sin(q.anim_time*90*4-235)*2)"],
						"1.25": [0, 0, "-(math.sin(q.anim_time*90*4-235)*3)"],
						"2.25": [0, 0, 0]
					}
				},
				"hair_right8": {
					"rotation": {
						"0.0": [0, 0, 0],
						"0.625": [0, 0, "-(math.sin(q.anim_time*90*4-245)*2)"],
						"1.25": [0, 0, "-(math.sin(q.anim_time*90*4-245)*3)"],
						"2.25": [0, 0, 0]
					}
				}
			},
			"sound_effects": {
				"0.0833": {
					"effect": "pokemon.milotic.cry"
				}
			}
		},
		"animation.milotic.recoil": {
			"animation_length": 0.9167,
			"bones": {
				"mouth_closed": {
					"position": [0, 0.1, 0]
				},
				"mouth_sad": {
					"position": [0, -0.1, 0]
				},
				"eyelid_recoil_left": {
					"position": {
						"0.0": [0.1, 0, 0],
						"0.5417": {
							"pre": [0.1, 0, 0],
							"post": [0, 0, 0]
						}
					}
				},
				"eyelid_recoil_right": {
					"position": {
						"0.0": [-0.1, 0, 0],
						"0.5417": {
							"pre": [-0.1, 0, 0],
							"post": [0, 0, 0]
						}
					}
				},
				"neck": {
					"rotation": {
						"0.0": [0, 0, 0],
						"0.0417": [3, 0, 0],
						"0.125": [-3, 0, 0],
						"0.25": [-4.5, 0, 0],
						"0.375": [-3, 0, 0],
						"0.5": [-1, 0, 0],
						"0.75": [0, 0, 0]
					}
				},
				"neck2": {
					"rotation": {
						"0.0": [0, 0, 0],
						"0.0833": [3, 0, 0],
						"0.1667": [-3, 0, 0],
						"0.2917": [-4.5, 0, 0],
						"0.4167": [-3, 0, 0],
						"0.5417": [-1, 0, 0],
						"0.7917": [0, 0, 0]
					}
				},
				"neck3": {
					"rotation": {
						"0.0": [0, 0, 0],
						"0.125": [3, 0, 0],
						"0.2083": [-3, 0, 0],
						"0.3333": [-4.5, 0, 0],
						"0.4583": [-3, 0, 0],
						"0.5833": [-1, 0, 0],
						"0.8333": [0, 0, 0]
					}
				},
				"neck4": {
					"rotation": {
						"0.0": [0, 0, 0],
						"0.125": [3, 0, 0],
						"0.2083": [-3, 0, 0],
						"0.3333": [-4.5, 0, 0],
						"0.4583": [-3, 0, 0],
						"0.5833": [-1, 0, 0],
						"0.8333": [0, 0, 0]
					}
				},
				"neck5": {
					"rotation": {
						"0.0": [0, 0, 0],
						"0.1667": [3, 0, 0],
						"0.25": [-3, 0, 0],
						"0.375": [-4.5, 0, 0],
						"0.5": [-3, 0, 0],
						"0.625": [-1, 0, 0],
						"0.875": [0, 0, 0]
					}
				},
				"head_angle": {
					"rotation": {
						"0.0": [0, 0, 0],
						"0.2083": [3, 0, 0],
						"0.2917": [-3, 0, 0],
						"0.4167": [-4.5, 0, 0],
						"0.5417": [-3, 0, 0],
						"0.6667": [-1, 0, 0],
						"0.9167": [0, 0, 0]
					}
				},
				"eyelid_left": {
					"position": {
						"0.0": [0, 0, 0],
						"0.5417": {
							"pre": [0, 0, 0],
							"post": [0.1, 0, 0]
						},
						"0.625": {
							"pre": [0.1, 0, 0],
							"post": [0, 0, 0]
						}
					}
				},
				"eyelid_right": {
					"position": {
						"0.0": [0, 0, 0],
						"0.5417": {
							"pre": [0, 0, 0],
							"post": [-0.1, 0, 0]
						},
						"0.625": {
							"pre": [-0.1, 0, 0],
							"post": [0, 0, 0]
						}
					}
				},
				"hair_left1": {
					"rotation": {
						"0.0": [0, 0, 0],
						"0.0417": {
							"pre": [0, 5, -6],
							"post": [0, 5, -6],
							"lerp_mode": "catmullrom"
						},
						"0.125": {
							"post": [0, 0, 3],
							"lerp_mode": "catmullrom"
						},
						"0.25": {
							"post": [0, -4, 6],
							"lerp_mode": "catmullrom"
						},
						"0.5": {
							"post": [0, -1, 1],
							"lerp_mode": "catmullrom"
						},
						"0.75": [0, 0, 0]
					}
				},
				"hair_right1": {
					"rotation": {
						"0.0": [0, 0, 0],
						"0.0417": {
							"pre": [0, -5, 6],
							"post": [0, -5, 6],
							"lerp_mode": "catmullrom"
						},
						"0.125": {
							"post": [0, 0, -3],
							"lerp_mode": "catmullrom"
						},
						"0.25": {
							"post": [0, 4, -6],
							"lerp_mode": "catmullrom"
						},
						"0.5": {
							"post": [0, 1, -1],
							"lerp_mode": "catmullrom"
						},
						"0.75": [0, 0, 0]
					}
				}
			}
		},
		"animation.milotic.shock": {
			"loop": true,
			"bones": {
				"pupil_left": {
					"scale": [1, 0.7, 0.7]
				},
				"mouth_open": {
					"position": [0, -0.1, 0]
				},
				"mouth_closed": {
					"position": [0, 0.1, 0]
				},
				"pupil_right": {
					"scale": [1, 0.7, 0.7]
				}
			}
		},
		"animation.milotic.angry": {
			"loop": true,
			"bones": {
				"eye_angry_left": {
					"position": [0.1, 0, 0]
				},
				"eye_angry_right": {
					"position": [-0.1, 0, 0]
				}
			}
		},
		"animation.milotic.sad": {
			"loop": true,
			"bones": {
				"eye_sad_left": {
					"position": [0.1, 0, 0]
				},
				"eye_sad_right": {
					"position": [-0.1, 0, 0]
				}
			}
		},
		"animation.milotic.happy": {
			"loop": true,
			"bones": {
				"mouth_closed": {
					"position": [0, 0.1, 0]
				},
				"mouth_happy": {
					"position": [0, -0.1, 0]
				},
				"eyelid_happy_left": {
					"position": [0.1, 0, 0]
				},
				"eyelid_happy_right": {
					"position": [-0.1, 0, 0]
				}
			}
		},
		"animation.milotic.walkspeedtest": {
			"loop": true,
			"bones": {
				"body": {
					"position": [0, 0, "-q.anim_time*90*0.3"]
				}
			}
		}
	}
}