{
  "implemented": true,
  "name": "Grotle",
  "nationalPokedexNumber": 388,
  "primaryType": "grass",
  "abilities": [
    "overgrow",
    "h:shellarmor"
  ],
  "drops": {
    "amount": 1,
    "entries": [
      {
        "item": "cobblemon:miracle_seed",
        "percentage": 10.0
      }
    ]
  },
  "baseStats": {
    "hp": 75,
    "attack": 89,
    "defence": 85,
    "special_attack": 55,
    "special_defence": 65,
    "speed": 36
  },
  "features": [
    "ultravariant",
    "shining"
  ],
  "behaviour": {
    "resting": {
      "canSleep": true,
      "willSleepOnBed": false,
      "depth": "normal",
      "light": "0-4"
    },
    "moving": {
      "walk": {
        "walkSpeed": 0.2
      }
    }
  },
  "catchRate": 45,
  "maleRatio": 0.875,
  "shoulderMountable": false,
  "forms": [
    {
      "name": "ultravariant",
      "primaryType": "flying",
      "secondaryType": "dragon",
      "abilities": [
        "weakarmor",
        "h:cloudnine"
      ],
      "drops": {
        "amount": 1,
        "entries": [
          {
            "item": "cobblemon:dragon_scale",
            "percentage": 25.0
          },
          {
            "item": "minecraft:wind_charge",
            "percentage": 5.0
          }
        ]
      },
      "baseStats": {
        "hp": 55,
        "attack": 59,
        "defence": 85,
        "special_attack": 65,
        "special_defence": 85,
        "speed": 56
      },
      "catchRate": 45,
      "maleRatio": 0.875,
      "shoulderMountable": true,
      "baseExperienceYield": 142,
      "baseFriendship": 70,
      "evYield": {
        "hp": 0,
        "attack": 0,
        "defence": 0,
        "special_attack": 0,
        "special_defence": 1,
        "speed": 1
      },
      "experienceGroup": "medium_slow",
      "eggCycles": 20,
      "eggGroups": [
        "dragon"
      ],
      "behaviour": {
        "moving": {
          "walk": {
            "walkSpeed": 0.45
          },
          "fly": {
            "canFly": true
          }
        },
        "resting": {
          "canSleep": true,
          "willSleepOnBed": true,
          "depth": "normal",
          "light": "0-4"
        }
      },
      "moves": [
        "1:tackle",
        "1:withdraw",
        "1:gust",
        "13:twister",
        "17:curse",
        "22:bite",
        "27:aerialace",
        "32:dragondance",
        "37:tailwind",
        "42:crunch",
        "47:airslash",
        "52:outrage",
        "egg:amnesia",
        "egg:bodyslam",
        "egg:doubleedge",
        "egg:earthpower",
        "egg:grassyterrain",
        "egg:growth",
        "egg:heavyslam",
        "egg:sandtomb",
        "egg:seedbomb",
        "egg:shellsmash",
        "egg:spitup",
        "egg:stockpile",
        "egg:superpower",
        "egg:swallow",
        "egg:thrash",
        "egg:tickle",
        "egg:wideguard",
        "egg:worryseed",
        "tm:amnesia",
        "tm:attract",
        "tm:bodyslam",
        "tm:bulldoze",
        "tm:bulletseed",
        "tm:captivate",
        "tm:confide",
        "tm:crunch",
        "tm:curse",
        "tm:cut",
        "tm:doubleedge",
        "tm:doubleteam",
        "tm:earthpower",
        "tm:endure",
        "tm:energyball",
        "tm:facade",
        "tm:flash",
        "tm:frustration",
        "tm:gigadrain",
        "tm:grassknot",
        "tm:grasspledge",
        "tm:grassyglide",
        "tm:grassyterrain",
        "tm:heavyslam",
        "tm:hiddenpower",
        "tm:ironhead",
        "tm:irontail",
        "tm:leafstorm",
        "tm:lightscreen",
        "tm:magicalleaf",
        "tm:mudshot",
        "tm:mudslap",
        "tm:naturalgift",
        "tm:naturepower",
        "tm:protect",
        "tm:reflect",
        "tm:rest",
        "tm:return",
        "tm:roar",
        "tm:rockclimb",
        "tm:rocksmash",
        "tm:round",
        "tm:safeguard",
        "tm:sandtomb",
        "tm:secretpower",
        "tm:seedbomb",
        "tm:sleeptalk",
        "tm:smackdown",
        "tm:solarbeam",
        "tm:stealthrock",
        "tm:strength",
        "tm:substitute",
        "tm:sunnyday",
        "tm:swagger",
        "tm:swordsdance",
        "tm:takedown",
        "tm:terablast",
        "tm:toxic",
        "tm:trailblaze",
        "tm:workup",
        "tm:zenheadbutt",
        "tutor:absorb",
        "tutor:earthpower",
        "tutor:gigadrain",
        "tutor:grasspledge",
        "tutor:headbutt",
        "tutor:irontail",
        "tutor:mudslap",
        "tutor:seedbomb",
        "tutor:sleeptalk",
        "tutor:snore",
        "tutor:stealthrock",
        "tutor:stockpile",
        "tutor:superpower",
        "tutor:synthesis",
        "tutor:withdraw",
        "tutor:worryseed"
      ],
      "labels": [
        "gen4",
        "ultravariant_regional"
      ],
      "pokedex": [
        
      ],
      "preEvolution": "turtwig ultravariant",
       "evolutions": [
        {
          "id": "grotle_torterra_ultravariant",
          "variant": "level_up",
          "result": "torterra ultravariant",
          "consumeHeldItem": false,
          "learnableMoves": [],
          "requirements": [
            {
              "variant": "level",
              "minLevel": 32
            }
          ]
        }
      ],
      "baseScale": 1,
      "hitbox": {
        "width": 1,
        "height": 1,
        "fixed": false},
      "aspects": [
        "ultravariant"
      ],
      "height": 11,
      "weight": 970,
      "cannotDynamax": false,
      "battleOnly": false
    },
    {
      "name": "ultravariant shiny",
      "primaryType": "flying",
      "secondaryType": "dragon",
      "abilities": [
        "weakarmor",
        "h:cloudnine"
      ],
      "drops": {
        "amount": 1,
        "entries": [
          {
            "item": "cobblemon:dragon_scale",
            "percentage": 25.0
          },
          {
            "item": "minecraft:wind_charge",
            "percentage": 5.0
          }
        ]
      },
      "baseStats": {
        "hp": 55,
        "attack": 59,
        "defence": 85,
        "special_attack": 65,
        "special_defence": 85,
        "speed": 56
      },
      "catchRate": 45,
      "maleRatio": 0.875,
      "shoulderMountable": true,
      "baseExperienceYield": 142,
      "baseFriendship": 70,
      "evYield": {
        "hp": 0,
        "attack": 0,
        "defence": 0,
        "special_attack": 0,
        "special_defence": 1,
        "speed": 1
      },
      "experienceGroup": "medium_slow",
      "eggCycles": 20,
      "eggGroups": [
        "dragon"
      ],
      "behaviour": {
        "moving": {
          "walk": {
            "walkSpeed": 0.45
          },
          "fly": {
            "canFly": true
          }
        },
        "resting": {
          "canSleep": true,
          "willSleepOnBed": true,
          "depth": "normal",
          "light": "0-4"
        }
      },
      "moves": [
        "1:tackle",
        "1:withdraw",
        "1:gust",
        "13:twister",
        "17:curse",
        "22:bite",
        "27:aerialace",
        "32:dragondance",
        "37:tailwind",
        "42:crunch",
        "47:airslash",
        "52:outrage",
        "egg:amnesia",
        "egg:bodyslam",
        "egg:doubleedge",
        "egg:earthpower",
        "egg:grassyterrain",
        "egg:growth",
        "egg:heavyslam",
        "egg:sandtomb",
        "egg:seedbomb",
        "egg:shellsmash",
        "egg:spitup",
        "egg:stockpile",
        "egg:superpower",
        "egg:swallow",
        "egg:thrash",
        "egg:tickle",
        "egg:wideguard",
        "egg:worryseed",
        "tm:amnesia",
        "tm:attract",
        "tm:bodyslam",
        "tm:bulldoze",
        "tm:bulletseed",
        "tm:captivate",
        "tm:confide",
        "tm:crunch",
        "tm:curse",
        "tm:cut",
        "tm:doubleedge",
        "tm:doubleteam",
        "tm:earthpower",
        "tm:endure",
        "tm:energyball",
        "tm:facade",
        "tm:flash",
        "tm:frustration",
        "tm:gigadrain",
        "tm:grassknot",
        "tm:grasspledge",
        "tm:grassyglide",
        "tm:grassyterrain",
        "tm:heavyslam",
        "tm:hiddenpower",
        "tm:ironhead",
        "tm:irontail",
        "tm:leafstorm",
        "tm:lightscreen",
        "tm:magicalleaf",
        "tm:mudshot",
        "tm:mudslap",
        "tm:naturalgift",
        "tm:naturepower",
        "tm:protect",
        "tm:reflect",
        "tm:rest",
        "tm:return",
        "tm:roar",
        "tm:rockclimb",
        "tm:rocksmash",
        "tm:round",
        "tm:safeguard",
        "tm:sandtomb",
        "tm:secretpower",
        "tm:seedbomb",
        "tm:sleeptalk",
        "tm:smackdown",
        "tm:solarbeam",
        "tm:stealthrock",
        "tm:strength",
        "tm:substitute",
        "tm:sunnyday",
        "tm:swagger",
        "tm:swordsdance",
        "tm:takedown",
        "tm:terablast",
        "tm:toxic",
        "tm:trailblaze",
        "tm:workup",
        "tm:zenheadbutt",
        "tutor:absorb",
        "tutor:earthpower",
        "tutor:gigadrain",
        "tutor:grasspledge",
        "tutor:headbutt",
        "tutor:irontail",
        "tutor:mudslap",
        "tutor:seedbomb",
        "tutor:sleeptalk",
        "tutor:snore",
        "tutor:stealthrock",
        "tutor:stockpile",
        "tutor:superpower",
        "tutor:synthesis",
        "tutor:withdraw",
        "tutor:worryseed"
      ],
      "labels": [
        "gen4",
        "ultravariant_regional"
      ],
      "pokedex": [
        
      ],
      "preEvolution": "turtwig ultravariant",
       "evolutions": [
        {
          "id": "grotle_torterra_ultravariant",
          "variant": "level_up",
          "result": "torterra ultravariant",
          "consumeHeldItem": false,
          "learnableMoves": [],
          "requirements": [
            {
              "variant": "level",
              "minLevel": 32
            }
          ]
        },
        {
        "id": "grotle_grotle_ultravariant-shining",
        "variant": "level_up",
        "result": "grotle ultravariant shining",
        "consumeHeldItem": true,
        "learnableMoves": [],
        "requirements": [
          {
          "variant": "held_item",
          "itemCondition": "cobblemon:shiny_stone_block"
          }
        ]
        }
      ],
      "baseScale": 1,
      "hitbox": {
        "width": 1,
        "height": 1,
        "fixed": false},
      "aspects": [
        "ultravariant",
        "shiny"
      ],
      "height": 11,
      "weight": 970,
      "cannotDynamax": false,
      "battleOnly": false
    }
  ],
  "baseExperienceYield": 142,
  "experienceGroup": "medium_slow",
  "eggCycles": 20,
  "eggGroups": [
    "monster",
    "grass"
  ],
  "moves": [
    "1:absorb",
    "1:tackle",
    "1:withdraw",
    "9:absorb",
    "13:razorleaf",
    "17:curse",
    "22:bite",
    "27:megadrain",
    "32:leechseed",
    "37:synthesis",
    "42:crunch",
    "47:gigadrain",
    "52:leafstorm",
    "tm:amnesia",
    "tm:attract",
    "tm:bodyslam",
    "tm:bulldoze",
    "tm:bulletseed",
    "tm:captivate",
    "tm:confide",
    "tm:crunch",
    "tm:curse",
    "tm:cut",
    "tm:doubleedge",
    "tm:doubleteam",
    "tm:earthpower",
    "tm:endure",
    "tm:energyball",
    "tm:facade",
    "tm:flash",
    "tm:frustration",
    "tm:gigadrain",
    "tm:grassknot",
    "tm:grasspledge",
    "tm:grassyglide",
    "tm:grassyterrain",
    "tm:heavyslam",
    "tm:hiddenpower",
    "tm:ironhead",
    "tm:irontail",
    "tm:leafstorm",
    "tm:lightscreen",
    "tm:magicalleaf",
    "tm:mudshot",
    "tm:mudslap",
    "tm:naturalgift",
    "tm:naturepower",
    "tm:protect",
    "tm:reflect",
    "tm:rest",
    "tm:return",
    "tm:roar",
    "tm:rockclimb",
    "tm:rocksmash",
    "tm:round",
    "tm:safeguard",
    "tm:sandtomb",
    "tm:secretpower",
    "tm:seedbomb",
    "tm:sleeptalk",
    "tm:smackdown",
    "tm:solarbeam",
    "tm:stealthrock",
    "tm:strength",
    "tm:substitute",
    "tm:sunnyday",
    "tm:swagger",
    "tm:swordsdance",
    "tm:takedown",
    "tm:terablast",
    "tm:toxic",
    "tm:trailblaze",
    "tm:workup",
    "tm:zenheadbutt",
    "tutor:earthpower",
    "tutor:gigadrain",
    "tutor:grasspledge",
    "tutor:headbutt",
    "tutor:irontail",
    "tutor:mudslap",
    "tutor:seedbomb",
    "tutor:sleeptalk",
    "tutor:snore",
    "tutor:stealthrock",
    "tutor:superpower",
    "tutor:synthesis",
    "tutor:worryseed"
  ],
  "labels": [
    "gen4"
  ],
  "pokedex": [
    "cobblemon.species.grotle.desc"
  ],
  "preEvolution": "turtwig",
  "evolutions": [
    {
      "id": "grotle_torterra_swamp",
      "variant": "level_up",
      "result": "torterra tree=swamp",
      "consumeHeldItem": true,
      "permanent": true,
      "learnableMoves": [],
      "requirements": [
        {
          "variant": "level",
          "minLevel": 32
        },
        {
          "variant": "held_item",
          "itemCondition": "minecraft:oak_sapling"
        },
        {
          "variant": "biome",
          "biomeCondition": "#cobblemon:is_swamp"
        }
      ]
    },
    {
      "id": "grotle_torterra_oak",
      "variant": "level_up",
      "result": "torterra tree=oak",
      "consumeHeldItem": true,
      "permanent": true,
      "learnableMoves": [],
      "requirements": [
        {
          "variant": "level",
          "minLevel": 32
        },
        {
          "variant": "held_item",
          "itemCondition": "minecraft:oak_sapling"
        }
      ]
    },
    {
      "id": "grotle_torterra_birch",
      "variant": "level_up",
      "result": "torterra tree=birch",
      "consumeHeldItem": true,
      "permanent": true,
      "learnableMoves": [],
      "requirements": [
        {
          "variant": "level",
          "minLevel": 32
        },
        {
          "variant": "held_item",
          "itemCondition": "minecraft:birch_sapling"
        }
      ]
    },
    {
      "id": "grotle_torterra_dark_oak",
      "variant": "level_up",
      "result": "torterra tree=darkoak",
      "consumeHeldItem": true,
      "permanent": true,
      "learnableMoves": [],
      "requirements": [
        {
          "variant": "level",
          "minLevel": 32
        },
        {
          "variant": "held_item",
          "itemCondition": "minecraft:dark_oak_sapling"
        }
      ]
    },
    {
      "id": "grotle_torterra_acacia",
      "variant": "level_up",
      "result": "torterra tree=acacia",
      "consumeHeldItem": true,
      "permanent": true,
      "learnableMoves": [],
      "requirements": [
        {
          "variant": "level",
          "minLevel": 32
        },
        {
          "variant": "held_item",
          "itemCondition": "minecraft:acacia_sapling"
        }
      ]
    },
    {
      "id": "grotle_torterra_azalea",
      "variant": "level_up",
      "result": "torterra tree=azalea",
      "consumeHeldItem": true,
      "permanent": true,
      "learnableMoves": [],
      "requirements": [
        {
          "variant": "level",
          "minLevel": 32
        },
        {
          "variant": "held_item",
          "itemCondition": "#cobblemon:azalea_tree"
        }
      ]
    },
    {
      "id": "grotle_torterra_jungle",
      "variant": "level_up",
      "result": "torterra tree=jungle",
      "consumeHeldItem": true,
      "permanent": true,
      "learnableMoves": [],
      "requirements": [
        {
          "variant": "level",
          "minLevel": 32
        },
        {
          "variant": "held_item",
          "itemCondition": "minecraft:jungle_sapling"
        }
      ]
    },
    {
      "id": "grotle_torterra_spruce",
      "variant": "level_up",
      "result": "torterra tree=spruce",
      "consumeHeldItem": true,
      "permanent": true,
      "learnableMoves": [],
      "requirements": [
        {
          "variant": "level",
          "minLevel": 32
        },
        {
          "variant": "held_item",
          "itemCondition": "minecraft:spruce_sapling"
        }
      ]
    },
    {
      "id": "grotle_torterra_mangrove",
      "variant": "level_up",
      "result": "torterra tree=mangrove",
      "consumeHeldItem": true,
      "permanent": true,
      "learnableMoves": [],
      "requirements": [
        {
          "variant": "level",
          "minLevel": 32
        },
        {
          "variant": "held_item",
          "itemCondition": "minecraft:mangrove_propagule"
        }
      ]
    },
    {
      "id": "grotle_torterra_cherry",
      "variant": "level_up",
      "result": "torterra tree=cherry",
      "consumeHeldItem": true,
      "permanent": true,
      "learnableMoves": [],
      "requirements": [
        {
          "variant": "level",
          "minLevel": 32
        },
        {
          "variant": "held_item",
          "itemCondition": "minecraft:cherry_sapling"
        }
      ]
    },
    {
      "id": "grotle_torterra",
      "variant": "level_up",
      "result": "torterra",
      "consumeHeldItem": false,
      "learnableMoves": [
        "earthquake"
      ],
      "requirements": [
        {
          "variant": "level",
          "minLevel": 32
        }
      ]
    }
  ],
  "baseScale": 1,
  "hitbox": {
    "width": 1,
    "height": 1,
    "fixed": false
  },
  "baseFriendship": 70,
  "evYield": {
    "hp": 0,
    "attack": 1,
    "defence": 1,
    "special_attack": 0,
    "special_defence": 0,
    "speed": 0
  },
  "height": 11,
  "weight": 970,
  "aspects": [],
  "cannotDynamax": false
}
