{
  "implemented": true,
  "name": "Torterra",
  "nationalPokedexNumber": 389,
  "primaryType": "grass",
  "secondaryType": "ground",
  "abilities": [
    "overgrow",
    "h:shellarmor"
  ],
  "drops": {
    "amount": 1,
    "entries": [
      {
        "item": "cobblemon:miracle_seed",
        "percentage": 25.0
      }
    ]
  },
  "baseStats": {
    "hp": 95,
    "attack": 109,
    "defence": 105,
    "special_attack": 75,
    "special_defence": 85,
    "speed": 56
  },
  "features": [
    "ultravariant",
    "shining"
  ],
  "catchRate": 45,
  "maleRatio": 0.875,
  "shoulderMountable": false,
  "forms": [
    {
      "name": "ultravariant",
      "primaryType": "flying",
      "secondaryType": "dragon",
      "abilities": [
        "weakarmor",
        "h:cloudnine"
      ],
      "drops": {
        "amount": 1,
        "entries": [
          {
            "item": "cobblemon:dragon_scale",
            "percentage": 25.0
          },
          {
            "item": "minecraft:wind_charge",
            "percentage": 5.0
          }
        ]
      },
      "baseStats": {
        "hp": 75,
        "attack": 69,
        "defence": 115,
        "special_attack": 75,
        "special_defence": 115,
        "speed": 76
      },
      "catchRate": 45,
      "maleRatio": 0.875,
      "shoulderMountable": true,
      "baseExperienceYield": 236,
      "baseFriendship": 50,
      "evYield": {
        "hp": 0,
        "attack": 0,
        "defence": 0,
        "special_attack": 0,
        "special_defence": 1,
        "speed": 2
      },
      "experienceGroup": "medium_slow",
      "eggCycles": 20,
      "eggGroups": [
        "dragon"
      ],
      "behaviour": {
        "moving": {
          "walk": {
            "walkSpeed": 0.45
          },
          "fly": {
            "canFly": true
          }
        },
        "resting": {
          "canSleep": true,
          "willSleepOnBed": true,
          "depth": "normal",
          "light": "0-4"
        }
      },
      "moves": [
        "1:tackle",
        "1:withdraw",
        "1:gust",
        "1:twister",
        "1:dracometeor",
        "17:curse",
        "22:bite",
        "27:aerialace",
        "33:dragondance",
        "39:tailwind",
        "45:crunch",
        "51:airslash",
        "57:outrage",
        "60:aeroblast",
        "egg:amnesia",
        "egg:bodyslam",
        "egg:doubleedge",
        "egg:earthpower",
        "egg:grassyterrain",
        "egg:growth",
        "egg:heavyslam",
        "egg:sandtomb",
        "egg:seedbomb",
        "egg:shellsmash",
        "egg:spitup",
        "egg:stockpile",
        "egg:superpower",
        "egg:swallow",
        "egg:thrash",
        "egg:tickle",
        "egg:wideguard",
        "egg:worryseed",
        "tm:amnesia",
        "tm:attract",
        "tm:bodyslam",
        "tm:bulldoze",
        "tm:bulletseed",
        "tm:captivate",
        "tm:confide",
        "tm:crunch",
        "tm:curse",
        "tm:cut",
        "tm:doubleedge",
        "tm:doubleteam",
        "tm:earthpower",
        "tm:endure",
        "tm:energyball",
        "tm:facade",
        "tm:flash",
        "tm:frustration",
        "tm:gigadrain",
        "tm:grassknot",
        "tm:grasspledge",
        "tm:grassyglide",
        "tm:grassyterrain",
        "tm:heavyslam",
        "tm:hiddenpower",
        "tm:ironhead",
        "tm:irontail",
        "tm:leafstorm",
        "tm:lightscreen",
        "tm:magicalleaf",
        "tm:mudshot",
        "tm:mudslap",
        "tm:naturalgift",
        "tm:naturepower",
        "tm:protect",
        "tm:reflect",
        "tm:rest",
        "tm:return",
        "tm:roar",
        "tm:rockclimb",
        "tm:rocksmash",
        "tm:round",
        "tm:safeguard",
        "tm:sandtomb",
        "tm:secretpower",
        "tm:seedbomb",
        "tm:sleeptalk",
        "tm:smackdown",
        "tm:solarbeam",
        "tm:stealthrock",
        "tm:strength",
        "tm:substitute",
        "tm:sunnyday",
        "tm:swagger",
        "tm:swordsdance",
        "tm:takedown",
        "tm:terablast",
        "tm:toxic",
        "tm:trailblaze",
        "tm:workup",
        "tm:zenheadbutt",
        "tutor:absorb",
        "tutor:earthpower",
        "tutor:gigadrain",
        "tutor:grasspledge",
        "tutor:headbutt",
        "tutor:irontail",
        "tutor:mudslap",
        "tutor:seedbomb",
        "tutor:sleeptalk",
        "tutor:snore",
        "tutor:stealthrock",
        "tutor:stockpile",
        "tutor:superpower",
        "tutor:synthesis",
        "tutor:withdraw",
        "tutor:worryseed"
      ],
      "labels": [
        "gen4",
        "ultravariant_regional"
      ],
      "pokedex": [
        
      ],
      "preEvolution": "grotle ultravariant",
       "evolutions": [],
      "baseScale": 1,
      "hitbox": {
        "width": 1,
        "height": 1,
        "fixed": false},
      "aspects": [
        "ultravariant"
      ],
      "height": 22,
      "weight": 3100,
      "cannotDynamax": false,
      "battleOnly": false
    },
    {
      "name": "ultravariant shiny",
      "primaryType": "flying",
      "secondaryType": "dragon",
      "abilities": [
        "weakarmor",
        "h:cloudnine"
      ],
      "drops": {
        "amount": 1,
        "entries": [
          {
            "item": "cobblemon:dragon_scale",
            "percentage": 25.0
          },
          {
            "item": "minecraft:wind_charge",
            "percentage": 5.0
          }
        ]
      },
      "baseStats": {
        "hp": 75,
        "attack": 69,
        "defence": 115,
        "special_attack": 75,
        "special_defence": 115,
        "speed": 76
      },
      "catchRate": 45,
      "maleRatio": 0.875,
      "shoulderMountable": true,
      "baseExperienceYield": 236,
      "baseFriendship": 50,
      "evYield": {
        "hp": 0,
        "attack": 0,
        "defence": 0,
        "special_attack": 0,
        "special_defence": 1,
        "speed": 2
      },
      "experienceGroup": "medium_slow",
      "eggCycles": 20,
      "eggGroups": [
        "dragon"
      ],
      "behaviour": {
        "moving": {
          "walk": {
            "walkSpeed": 0.45
          },
          "fly": {
            "canFly": true
          }
        },
        "resting": {
          "canSleep": true,
          "willSleepOnBed": true,
          "depth": "normal",
          "light": "0-4"
        }
      },
      "moves": [
        "1:tackle",
        "1:withdraw",
        "1:gust",
        "1:twister",
        "1:dracometeor",
        "17:curse",
        "22:bite",
        "27:aerialace",
        "33:dragondance",
        "39:tailwind",
        "45:crunch",
        "51:airslash",
        "57:outrage",
        "60:aeroblast",
        "egg:amnesia",
        "egg:bodyslam",
        "egg:doubleedge",
        "egg:earthpower",
        "egg:grassyterrain",
        "egg:growth",
        "egg:heavyslam",
        "egg:sandtomb",
        "egg:seedbomb",
        "egg:shellsmash",
        "egg:spitup",
        "egg:stockpile",
        "egg:superpower",
        "egg:swallow",
        "egg:thrash",
        "egg:tickle",
        "egg:wideguard",
        "egg:worryseed",
        "tm:amnesia",
        "tm:attract",
        "tm:bodyslam",
        "tm:bulldoze",
        "tm:bulletseed",
        "tm:captivate",
        "tm:confide",
        "tm:crunch",
        "tm:curse",
        "tm:cut",
        "tm:doubleedge",
        "tm:doubleteam",
        "tm:earthpower",
        "tm:endure",
        "tm:energyball",
        "tm:facade",
        "tm:flash",
        "tm:frustration",
        "tm:gigadrain",
        "tm:grassknot",
        "tm:grasspledge",
        "tm:grassyglide",
        "tm:grassyterrain",
        "tm:heavyslam",
        "tm:hiddenpower",
        "tm:ironhead",
        "tm:irontail",
        "tm:leafstorm",
        "tm:lightscreen",
        "tm:magicalleaf",
        "tm:mudshot",
        "tm:mudslap",
        "tm:naturalgift",
        "tm:naturepower",
        "tm:protect",
        "tm:reflect",
        "tm:rest",
        "tm:return",
        "tm:roar",
        "tm:rockclimb",
        "tm:rocksmash",
        "tm:round",
        "tm:safeguard",
        "tm:sandtomb",
        "tm:secretpower",
        "tm:seedbomb",
        "tm:sleeptalk",
        "tm:smackdown",
        "tm:solarbeam",
        "tm:stealthrock",
        "tm:strength",
        "tm:substitute",
        "tm:sunnyday",
        "tm:swagger",
        "tm:swordsdance",
        "tm:takedown",
        "tm:terablast",
        "tm:toxic",
        "tm:trailblaze",
        "tm:workup",
        "tm:zenheadbutt",
        "tutor:absorb",
        "tutor:earthpower",
        "tutor:gigadrain",
        "tutor:grasspledge",
        "tutor:headbutt",
        "tutor:irontail",
        "tutor:mudslap",
        "tutor:seedbomb",
        "tutor:sleeptalk",
        "tutor:snore",
        "tutor:stealthrock",
        "tutor:stockpile",
        "tutor:superpower",
        "tutor:synthesis",
        "tutor:withdraw",
        "tutor:worryseed"
      ],
      "labels": [
        "gen4",
        "ultravariant_regional"
      ],
      "pokedex": [
        
      ],
      "preEvolution": "grotle ultravariant",
       "evolutions": [
        {
        "id": "torterra_torterra_ultravariant-shining",
        "variant": "level_up",
        "result": "torterra ultravariant shining",
        "consumeHeldItem": true,
        "learnableMoves": [],
        "requirements": [
          {
          "variant": "held_item",
          "itemCondition": "cobblemon:shiny_stone_block"
          }
        ]
        }
      ],
      "baseScale": 1,
      "hitbox": {
        "width": 1,
        "height": 1,
        "fixed": false},
      "aspects": [
        "ultravariant",
        "shiny"
      ],
      "height": 22,
      "weight": 3100,
      "cannotDynamax": false,
      "battleOnly": false
    }
  ],
  "baseExperienceYield": 236,
  "experienceGroup": "medium_slow",
  "eggCycles": 20,
  "eggGroups": [
    "monster",
    "grass"
  ],
  "behaviour": {
    "resting": {
      "canSleep": true,
      "willSleepOnBed": false,
      "depth": "normal",
      "light": "0-4"
    },
    "moving": {
      "walk": {
        "walkSpeed": 0.15
      }
    }
  },
  "moves": [
    "1:absorb",
    "1:earthquake",
    "1:razorleaf",
    "1:tackle",
    "1:withdraw",
    "1:woodhammer",
    "17:curse",
    "22:bite",
    "27:megadrain",
    "32:earthquake",
    "33:leechseed",
    "39:synthesis",
    "45:crunch",
    "51:gigadrain",
    "57:leafstorm",
    "63:headlongrush",
    "tm:amnesia",
    "tm:attract",
    "tm:bodypress",
    "tm:bodyslam",
    "tm:bulldoze",
    "tm:bulletseed",
    "tm:captivate",
    "tm:confide",
    "tm:crunch",
    "tm:curse",
    "tm:cut",
    "tm:doubleedge",
    "tm:doubleteam",
    "tm:earthpower",
    "tm:earthquake",
    "tm:endure",
    "tm:energyball",
    "tm:facade",
    "tm:flash",
    "tm:frenzyplant",
    "tm:frustration",
    "tm:gigadrain",
    "tm:gigaimpact",
    "tm:grassknot",
    "tm:grasspledge",
    "tm:grassyglide",
    "tm:grassyterrain",
    "tm:hardpress",
    "tm:heavyslam",
    "tm:hiddenpower",
    "tm:highhorsepower",
    "tm:hyperbeam",
    "tm:hypervoice",
    "tm:irondefense",
    "tm:ironhead",
    "tm:irontail",
    "tm:leafstorm",
    "tm:lightscreen",
    "tm:magicalleaf",
    "tm:mudshot",
    "tm:mudslap",
    "tm:naturalgift",
    "tm:naturepower",
    "tm:outrage",
    "tm:protect",
    "tm:reflect",
    "tm:rest",
    "tm:return",
    "tm:roar",
    "tm:rockblast",
    "tm:rockclimb",
    "tm:rockpolish",
    "tm:rockslide",
    "tm:rocksmash",
    "tm:rocktomb",
    "tm:round",
    "tm:safeguard",
    "tm:sandstorm",
    "tm:sandtomb",
    "tm:scaryface",
    "tm:scorchingsands",
    "tm:secretpower",
    "tm:seedbomb",
    "tm:sleeptalk",
    "tm:smackdown",
    "tm:solarbeam",
    "tm:stealthrock",
    "tm:stompingtantrum",
    "tm:stoneedge",
    "tm:strength",
    "tm:substitute",
    "tm:sunnyday",
    "tm:swagger",
    "tm:swordsdance",
    "tm:takedown",
    "tm:terablast",
    "tm:toxic",
    "tm:trailblaze",
    "tm:workup",
    "tm:zenheadbutt",
    "tutor:block",
    "tutor:earthpower",
    "tutor:earthquake",
    "tutor:frenzyplant",
    "tutor:gigadrain",
    "tutor:grasspledge",
    "tutor:headbutt",
    "tutor:ironhead",
    "tutor:irontail",
    "tutor:mudslap",
    "tutor:outrage",
    "tutor:seedbomb",
    "tutor:sleeptalk",
    "tutor:snore",
    "tutor:stealthrock",
    "tutor:stompingtantrum",
    "tutor:stoneedge",
    "tutor:superpower",
    "tutor:synthesis",
    "tutor:woodhammer",
    "tutor:worryseed"
  ],
  "labels": [
    "gen4"
  ],
  "pokedex": [
    "cobblemon.species.torterra.desc"
  ],
  "preEvolution": "grotle",
  "evolutions": [],
  "baseScale": 1,
  "hitbox": {
    "width": 1,
    "height": 1,
    "fixed": false
  },
  "baseFriendship": 70,
  "evYield": {
    "hp": 0,
    "attack": 2,
    "defence": 1,
    "special_attack": 0,
    "special_defence": 0,
    "speed": 0
  },
  "height": 22,
  "weight": 3100,
  "aspects": [],
  "cannotDynamax": false
}
