{
	"format_version": "1.8.0",
	"animations": {
		"animation.dreaneuma.ground_idle": {
			"loop": true,
			"bones": {
				"body": {
					"rotation": {
						"0.0": {
							"post": ["0+math.sin(q.anim_time*90*1-90)*5", 0, "0+math.sin(q.anim_time*90*1-90)*5"],
							"lerp_mode": "catmullrom"
						}
					},
					"position": {
						"0.0": {
							"post": [2, "1+math.sin(q.anim_time*90*1)*2", 0],
							"lerp_mode": "catmullrom"
						}
					}
				},
				"corner_top_right_1": {
					"rotation": {
						"0.0": {
							"post": [0, "0+math.sin(q.anim_time*90*1-90)*-2", "-10+math.sin(q.anim_time*90*1-90)*10"],
							"lerp_mode": "catmullrom"
						}
					}
				},
				"corner_top_right_2": {
					"rotation": {
						"0.0": {
							"post": [0, "-10+math.sin(q.anim_time*90*1)*10", "0-math.sin(q.anim_time*90*1-90)*20"],
							"lerp_mode": "catmullrom"
						}
					}
				},
				"corner_top_right_3": {
					"rotation": {
						"0.0": {
							"post": [0, 0, "0+math.sin(q.anim_time*90*1-90)*20"],
							"lerp_mode": "catmullrom"
						}
					}
				},
				"corner_top_left_1": {
					"rotation": {
						"0.0": {
							"post": [0, "0+math.sin(q.anim_time*90*1-90)*-2", "-10+math.sin(q.anim_time*90*1-90)*-10"],
							"lerp_mode": "catmullrom"
						}
					}
				},
				"corner_top_left_2": {
					"rotation": {
						"0.0": {
							"post": [0, "5+math.sin(q.anim_time*90*1)*15", "0+math.sin(q.anim_time*90*1-90)*5"],
							"lerp_mode": "catmullrom"
						}
					}
				},
				"corner_bottom_left_1": {
					"rotation": {
						"0.0": {
							"post": [0, "0+math.sin(q.anim_time*90*1-90)*-2", "0+math.sin(q.anim_time*90*1-90)*-10"],
							"lerp_mode": "catmullrom"
						}
					}
				},
				"corner_bottom_left_2": {
					"rotation": {
						"0.0": {
							"post": [0, "5+math.sin(q.anim_time*90*1)*15", "-20+math.sin(q.anim_time*90*1-90)*20"],
							"lerp_mode": "catmullrom"
						}
					}
				},
				"corner_bottom_right_1": {
					"rotation": {
						"0.0": {
							"post": [0, "0+math.sin(q.anim_time*90*1-90)*-2", "0+math.sin(q.anim_time*90*1-90)*10"],
							"lerp_mode": "catmullrom"
						}
					}
				},
				"corner_bottom_right_2": {
					"rotation": {
						"0.0": {
							"post": [0, "-10+math.sin(q.anim_time*90*1)*10", "10+math.sin(q.anim_time*90*1-90)*5"],
							"lerp_mode": "catmullrom"
						}
					}
				},
				"arm_right": {
					"rotation": [0, "0+math.sin(q.anim_time*90*1+90)*5", "0+math.sin(q.anim_time*90*1+90)*5"]
				},
				"arm_left": {
					"rotation": [0, "0+math.sin(q.anim_time*90*1+90)*5", "0+math.sin(q.anim_time*90*1+90)*5"]
				},
				"torso": {
					"rotation": ["0+math.sin(q.anim_time*90*1+90)*5", 0, "0+math.sin(q.anim_time*90*1+90)*5"]
				},
				"head": {
					"rotation": ["0+math.sin(q.anim_time*90*1+90)*2", 0, "0+math.sin(q.anim_time*90*1+90)*2"]
				},
				"elbow_right": {
					"rotation": ["0+math.sin(q.anim_time*90*1+90)*10", 0, "0+math.sin(q.anim_time*90*1+90)*10"]
				},
				"hand_right": {
					"rotation": ["0+math.sin(q.anim_time*90*1-90)*5", 0, "0+math.sin(q.anim_time*90*1-90)*20"]
				},
				"finger_right_1": {
					"rotation": [0, 0, "0+math.sin(q.anim_time*90*1-90)*10"]
				},
				"finger_right_2": {
					"rotation": [0, 0, "0+math.sin(q.anim_time*90*1-90)*10"]
				},
				"finger_right_3": {
					"rotation": [0, 0, "0+math.sin(q.anim_time*90*1-90)*10"]
				},
				"elbow_left": {
					"rotation": ["0+math.sin(q.anim_time*90*1+90)*10", 0, "0+math.sin(q.anim_time*90*1+90)*10"]
				},
				"hand_left": {
					"rotation": ["0+math.sin(q.anim_time*90*1-90)*5", 0, "0+math.sin(q.anim_time*90*1-90)*20"]
				},
				"finger_left_1": {
					"rotation": [0, 0, "0+math.sin(q.anim_time*90*1-90)*10"]
				},
				"finger_left_2": {
					"rotation": [0, 0, "0+math.sin(q.anim_time*90*1-90)*10"]
				},
				"finger_left_3": {
					"rotation": [0, 0, "0+math.sin(q.anim_time*90*1-90)*10"]
				},
				"tail1": {
					"rotation": ["0+math.sin(q.anim_time*90*1+90)*5", "0+math.sin(q.anim_time*90*1+90)*10", "0+math.sin(q.anim_time*90*1+90)*5"]
				},
				"tail2": {
					"rotation": ["0+math.sin(q.anim_time*90*1-90)*10", "0+math.sin(q.anim_time*90*1-90)*10", "0+math.sin(q.anim_time*90*1-90)*20"]
				},
				"tail3": {
					"rotation": ["0+math.sin(q.anim_time*90*1+90)*5", "0+math.sin(q.anim_time*90*1+90)*5", "0+math.sin(q.anim_time*90*1-90)*10"]
				}
			}
		},
		"animation.dreaneuma.ground_walk": {
			"loop": true,
			"bones": {
				"body": {
					"rotation": {
						"0.0": {
							"post": ["40+math.sin(q.anim_time*90*2-90)*5", 35, "15+math.sin(q.anim_time*90*2-90)*5"],
							"lerp_mode": "catmullrom"
						}
					},
					"position": {
						"0.0": {
							"post": [2, "1+math.sin(q.anim_time*90*2)*2", 0],
							"lerp_mode": "catmullrom"
						}
					}
				},
				"corner_top_right_1": {
					"rotation": {
						"0.0": {
							"post": [0, "25+math.sin(q.anim_time*90*1-90)*-2", "-10+math.sin(q.anim_time*90*1-90)*10"],
							"lerp_mode": "catmullrom"
						}
					}
				},
				"corner_top_right_2": {
					"rotation": {
						"0.0": {
							"post": [0, "20+math.sin(q.anim_time*90*1)*10", "0-math.sin(q.anim_time*90*1-90)*20"],
							"lerp_mode": "catmullrom"
						}
					}
				},
				"corner_top_right_3": {
					"rotation": {
						"0.0": {
							"post": [0, 0, "10+math.sin(q.anim_time*90*1-90)*20"],
							"lerp_mode": "catmullrom"
						}
					}
				},
				"corner_top_left_1": {
					"rotation": {
						"0.0": {
							"post": [0, "-20+math.sin(q.anim_time*90*1-90)*-2", "-10+math.sin(q.anim_time*90*1-90)*-10"],
							"lerp_mode": "catmullrom"
						}
					}
				},
				"corner_top_left_2": {
					"rotation": {
						"0.0": {
							"post": [0, "5+math.sin(q.anim_time*90*1)*15", "20+math.sin(q.anim_time*90*1-90)*5"],
							"lerp_mode": "catmullrom"
						}
					}
				},
				"corner_bottom_left_1": {
					"rotation": {
						"0.0": {
							"post": [0, "-20+math.sin(q.anim_time*90*1-90)*-2", "0+math.sin(q.anim_time*90*1-90)*-10"],
							"lerp_mode": "catmullrom"
						}
					}
				},
				"corner_bottom_left_2": {
					"rotation": {
						"0.0": {
							"post": [0, "5+math.sin(q.anim_time*90*1)*15", "20+math.sin(q.anim_time*90*1-90)*20"],
							"lerp_mode": "catmullrom"
						}
					}
				},
				"corner_bottom_right_1": {
					"rotation": {
						"0.0": {
							"post": [0, "20+math.sin(q.anim_time*90*1-90)*-2", "0+math.sin(q.anim_time*90*1-90)*10"],
							"lerp_mode": "catmullrom"
						}
					}
				},
				"corner_bottom_right_2": {
					"rotation": {
						"0.0": {
							"post": [0, "20+math.sin(q.anim_time*90*1)*10", "10+math.sin(q.anim_time*90*1-90)*5"],
							"lerp_mode": "catmullrom"
						}
					}
				},
				"arm_right": {
					"rotation": [-50, "0+math.sin(q.anim_time*90*2+90)*5", "50+math.sin(q.anim_time*90*2+90)*5"]
				},
				"arm_left": {
					"rotation": [-40, "0+math.sin(q.anim_time*90*2+90)*5", "-30+math.sin(q.anim_time*90*2+90)*5"]
				},
				"torso": {
					"rotation": ["-10+math.sin(q.anim_time*90*1+90)*5", 10, "0+math.sin(q.anim_time*90*2+90)*5"]
				},
				"head": {
					"rotation": ["0+math.sin(q.anim_time*90*1+90)*2", 20, "0+math.sin(q.anim_time*90*1+90)*2"]
				},
				"elbow_right": {
					"rotation": ["0+math.sin(q.anim_time*90*2+90)*10", 0, "0+math.sin(q.anim_time*90*2+90)*10"]
				},
				"hand_right": {
					"rotation": ["0+math.sin(q.anim_time*90*2-90)*5", 0, "0+math.sin(q.anim_time*90*2-90)*20"]
				},
				"finger_right_1": {
					"rotation": [0, 0, "0+math.sin(q.anim_time*90*2-90)*10"]
				},
				"finger_right_2": {
					"rotation": [0, 0, "0+math.sin(q.anim_time*90*2-90)*10"]
				},
				"finger_right_3": {
					"rotation": [0, 0, "0+math.sin(q.anim_time*90*2-90)*10"]
				},
				"elbow_left": {
					"rotation": ["0+math.sin(q.anim_time*90*2+90)*10", 0, "0+math.sin(q.anim_time*90*2+90)*10"]
				},
				"hand_left": {
					"rotation": ["0+math.sin(q.anim_time*90*2-90)*5", 0, "0+math.sin(q.anim_time*90*2-90)*20"]
				},
				"finger_left_1": {
					"rotation": [0, 0, "0+math.sin(q.anim_time*90*2-90)*10"]
				},
				"finger_left_2": {
					"rotation": [0, 0, "0+math.sin(q.anim_time*90*2-90)*10"]
				},
				"finger_left_3": {
					"rotation": [0, 0, "0+math.sin(q.anim_time*90*2-90)*10"]
				},
				"tail1": {
					"rotation": ["0+math.sin(q.anim_time*90*1+90)*5", "-20+math.sin(q.anim_time*90*1+90)*10", "0+math.sin(q.anim_time*90*1+90)*5"]
				},
				"tail2": {
					"rotation": ["0+math.sin(q.anim_time*90*2-90)*10", "0+math.sin(q.anim_time*90*2-90)*10", "0+math.sin(q.anim_time*90*2-90)*20"]
				},
				"tail3": {
					"rotation": ["0+math.sin(q.anim_time*90*2+90)*5", "0+math.sin(q.anim_time*90*2+90)*5", "0+math.sin(q.anim_time*90*2-90)*10"]
				}
			}
		},
		"animation.dreaneuma.blink": {
			"animation_length": 0.1667,
			"bones": {
				"mouth_smile": {
					"position": [0, 0, 0.15]
				},
				"mouth_ouch": {
					"position": [0, 0, -1]
				}
			}
		},
		"animation.dreaneuma.cry": {
			"animation_length": 1.5,
			"bones": {
				"body": {
					"position": {
						"0.0": {
							"post": [0, 0, 0],
							"lerp_mode": "catmullrom"
						},
						"0.0833": {
							"post": [0, -2, 0],
							"lerp_mode": "catmullrom"
						},
						"0.1667": {
							"post": [0, -3, 0],
							"lerp_mode": "catmullrom"
						},
						"0.3333": {
							"post": [0, 1, 0],
							"lerp_mode": "catmullrom"
						},
						"0.5417": {
							"post": [0, 2, 0],
							"lerp_mode": "catmullrom"
						},
						"0.7917": {
							"post": [0, 1, 0],
							"lerp_mode": "catmullrom"
						},
						"1.0": {
							"post": [0, 0, 0],
							"lerp_mode": "catmullrom"
						},
						"1.25": {
							"post": [0, 0, 0],
							"lerp_mode": "catmullrom"
						},
						"1.5": {
							"post": [0, 0, 0],
							"lerp_mode": "catmullrom"
						}
					}
				},
				"eye_right": {
					"position": {
						"0.0": {
							"post": [0, 0, 0],
							"lerp_mode": "catmullrom"
						},
						"0.2917": [0, 0, 0],
						"0.3333": [0, 0, 0.25],
						"1.2083": {"pre": [0, 0, 0.25], "post": [0, 0, 0.25]},
						"1.25": {"pre": [0, 0, 0.25], "post": [0, 0, 0]},
						"1.5": {
							"pre": [0, 0, 0],
							"post": [0, 0, 0],
							"lerp_mode": "catmullrom"
						}
					}
				},
				"eye_left": {
					"position": {
						"0.0": {
							"post": [0, 0, 0],
							"lerp_mode": "catmullrom"
						},
						"0.2917": [0, 0, 0],
						"0.3333": [0, 0, 0.25],
						"1.2083": {"pre": [0, 0, 0.25], "post": [0, 0, 0.25]},
						"1.25": {"pre": [0, 0, 0.25], "post": [0, 0, 0]},
						"1.5": {
							"pre": [0, 0, 0],
							"post": [0, 0, 0],
							"lerp_mode": "catmullrom"
						}
					}
				},
				"eye_right_happy": {
					"position": {
						"0.0": {
							"post": [0, 0, 0],
							"lerp_mode": "catmullrom"
						},
						"0.2917": [0, 0, 0],
						"0.3333": [0, 0, -1],
						"1.2083": {"pre": [0, 0, -1], "post": [0, 0, -1]},
						"1.25": {"pre": [0, 0, -1], "post": [0, 0, 0]},
						"1.5": {
							"pre": [0, 0, 0],
							"post": [0, 0, 0],
							"lerp_mode": "catmullrom"
						}
					}
				},
				"eye_left_happy": {
					"position": {
						"0.2917": [0, 0, 0],
						"0.3333": [0, 0, -1],
						"1.2083": {"pre": [0, 0, -1], "post": [0, 0, -1]},
						"1.25": {"pre": [0, 0, -1], "post": [0, 0, 0]}
					}
				},
				"mouth_smile": {
					"position": {
						"0.2917": [0, 0, 0],
						"0.3333": {"pre": [0, 0, 0], "post": [0, 0, 0.25]},
						"1.2083": {"pre": [0, 0, 0.25], "post": [0, 0, 0.25]},
						"1.25": {"pre": [0, 0, 0.25], "post": [0, 0, 0]}
					}
				},
				"mouth_happy": {
					"position": {
						"0.2917": [0, 0, 0],
						"0.3333": {"pre": [0, 0, 0], "post": [0, 0, -1]},
						"1.2083": {"pre": [0, 0, -1], "post": [0, 0, -1]},
						"1.25": {"pre": [0, 0, -1], "post": [0, 0, 0]}
					}
				},
				"arm_right": {
					"rotation": {
						"0.0": {
							"post": [0, 0, 0],
							"lerp_mode": "catmullrom"
						},
						"0.2083": {
							"post": [0, -2.5, 10],
							"lerp_mode": "catmullrom"
						},
						"0.3333": {
							"post": [-16, 34, -28],
							"lerp_mode": "catmullrom"
						},
						"0.6667": {
							"post": [-25.84909, 27.6841, -47.05195],
							"lerp_mode": "catmullrom"
						},
						"1.0417": {
							"post": [-16, 34, -28],
							"lerp_mode": "catmullrom"
						},
						"1.25": {
							"post": [0, 0, 0],
							"lerp_mode": "catmullrom"
						},
						"1.5": {
							"post": [0, 0, 0],
							"lerp_mode": "catmullrom"
						}
					}
				},
				"arm_left": {
					"rotation": {
						"0.0": {
							"post": [0, 0, 0],
							"lerp_mode": "catmullrom"
						},
						"0.2083": {
							"post": [0, 5, -12.5],
							"lerp_mode": "catmullrom"
						},
						"0.3333": {
							"post": [-9, -36, 33],
							"lerp_mode": "catmullrom"
						},
						"0.6667": {
							"post": [-14.81035, -42.17267, 45.17857],
							"lerp_mode": "catmullrom"
						},
						"1.0417": {
							"post": [-9, -36, 33],
							"lerp_mode": "catmullrom"
						},
						"1.25": {
							"post": [0, 0, 0],
							"lerp_mode": "catmullrom"
						},
						"1.5": {
							"post": [0, 0, 0],
							"lerp_mode": "catmullrom"
						}
					}
				}
			}
		},
		"animation.dreaneuma.recoil": {
			"animation_length": 1,
			"bones": {
				"body": {
					"rotation": {
						"0.0": {
							"post": [0, 0, 0],
							"lerp_mode": "catmullrom"
						},
						"0.125": {
							"post": [12.15325, -6.45704, 0],
							"lerp_mode": "catmullrom"
						},
						"0.2917": {
							"post": [8.37786, -5.26325, 0],
							"lerp_mode": "catmullrom"
						},
						"0.5": {
							"post": [-9.86207, 3.19835, 0],
							"lerp_mode": "catmullrom"
						},
						"1.0": {
							"post": [0, 0, 0],
							"lerp_mode": "catmullrom"
						}
					},
					"position": {
						"0.0": {
							"post": [0, 0, 0],
							"lerp_mode": "catmullrom"
						},
						"0.125": {
							"post": [0, 0, -1.42],
							"lerp_mode": "catmullrom"
						},
						"0.2917": {
							"post": [0, 0, -1.3],
							"lerp_mode": "catmullrom"
						},
						"0.4167": {
							"post": [0, 0, 1.57],
							"lerp_mode": "catmullrom"
						},
						"0.5": {
							"post": [0, 0, 4],
							"lerp_mode": "catmullrom"
						},
						"1.0": {
							"post": [0, 0, 0],
							"lerp_mode": "catmullrom"
						}
					}
				},
				"eye_right": {
					"position": {
						"0.0833": [0, 0, 0],
						"0.125": {"pre": [0, 0, 0], "post": [0, 0, 1]},
						"0.9583": {"pre": [0, 0, 1], "post": [0, 0, 1]},
						"1.0": {"pre": [0, 0, 1], "post": [0, 0, 0]}
					}
				},
				"eye_left": {
					"position": {
						"0.0833": [0, 0, 0],
						"0.125": {"pre": [0, 0, 0], "post": [0, 0, 1]},
						"0.9583": {"pre": [0, 0, 1], "post": [0, 0, 1]},
						"1.0": {"pre": [0, 0, 1], "post": [0, 0, 0]}
					}
				},
				"eye_right_ouch": {
					"position": {
						"0.0833": [0, 0, 0],
						"0.125": {"pre": [0, 0, 0], "post": [0, 0, -1]},
						"0.9583": {"pre": [0, 0, -1], "post": [0, 0, -1]},
						"1.0": {"pre": [0, 0, -1], "post": [0, 0, 0]}
					}
				},
				"eye_left_ouch": {
					"position": {
						"0.0833": [0, 0, 0],
						"0.125": {"pre": [0, 0, 0], "post": [0, 0, -1]},
						"0.9583": {"pre": [0, 0, -1], "post": [0, 0, -1]},
						"1.0": {"pre": [0, 0, -1], "post": [0, 0, 0]}
					}
				},
				"mouth_smile": {
					"position": {
						"0.0833": [0, 0, 0],
						"0.125": {"pre": [0, 0, 0], "post": [0, 0, 1]},
						"0.9583": {"pre": [0, 0, 1], "post": [0, 0, 1]},
						"1.0": {"pre": [0, 0, 1], "post": [0, 0, 0]}
					}
				},
				"mouth_ouch": {
					"position": {
						"0.0833": [0, 0, 0],
						"0.125": {"pre": [0, 0, 0], "post": [0, 0, -1]},
						"0.9583": {"pre": [0, 0, -1], "post": [0, 0, -1]},
						"1.0": {"pre": [0, 0, -1], "post": [0, 0, 0]}
					}
				},
				"corner_top_right_1": {
					"rotation": {
						"0.0": {
							"post": [0, 0, -10],
							"lerp_mode": "catmullrom"
						},
						"0.125": {
							"post": [0, 0, -17.5],
							"lerp_mode": "catmullrom"
						},
						"0.5": {
							"post": [0, -12.5, -14.94169],
							"lerp_mode": "catmullrom"
						},
						"1.0": {
							"post": [0, 0, -10],
							"lerp_mode": "catmullrom"
						}
					}
				},
				"corner_top_right_2": {
					"rotation": {
						"0.0": {
							"post": [0, -10, 0],
							"lerp_mode": "catmullrom"
						},
						"0.5": {
							"post": [0, -25, 0],
							"lerp_mode": "catmullrom"
						},
						"1.0": {
							"post": [0, -10, 0],
							"lerp_mode": "catmullrom"
						}
					}
				},
				"corner_top_right_3": {
					"rotation": {
						"0.0": {
							"post": [0, 0, 0],
							"lerp_mode": "catmullrom"
						},
						"0.5": {
							"post": [0, -25, 0],
							"lerp_mode": "catmullrom"
						},
						"1.0": {
							"post": [0, 0, 0],
							"lerp_mode": "catmullrom"
						}
					}
				},
				"corner_top_left_1": {
					"rotation": {
						"0.0": {
							"post": [0, 0, -10],
							"lerp_mode": "catmullrom"
						},
						"0.125": {
							"post": [0, 0, 2.5],
							"lerp_mode": "catmullrom"
						},
						"0.5": {
							"post": [0, 25, -1.76385],
							"lerp_mode": "catmullrom"
						},
						"1.0": {
							"post": [0, 0, -10],
							"lerp_mode": "catmullrom"
						}
					}
				},
				"corner_top_left_2": {
					"rotation": {
						"0.0": {
							"post": [0, 5, 0],
							"lerp_mode": "catmullrom"
						},
						"0.5": {
							"post": [0, 20, 0],
							"lerp_mode": "catmullrom"
						},
						"1.0": {
							"post": [0, 5, 0],
							"lerp_mode": "catmullrom"
						}
					}
				},
				"corner_bottom_left_1": {
					"rotation": {
						"0.0": {
							"post": [0, 0, 0],
							"lerp_mode": "catmullrom"
						},
						"0.125": {
							"post": [0, 0, 10],
							"lerp_mode": "catmullrom"
						},
						"0.5": {
							"post": [0, 25, 6.58892],
							"lerp_mode": "catmullrom"
						},
						"1.0": {
							"post": [0, 0, 0],
							"lerp_mode": "catmullrom"
						}
					}
				},
				"corner_bottom_left_2": {
					"rotation": {
						"0.0": {
							"post": [0, 5, -20],
							"lerp_mode": "catmullrom"
						},
						"0.5": {
							"post": [0, 32.5, -20],
							"lerp_mode": "catmullrom"
						},
						"1.0": {
							"post": [0, 5, -20],
							"lerp_mode": "catmullrom"
						}
					}
				},
				"corner_bottom_right_1": {
					"rotation": {
						"0.0": {
							"post": [0, 0, 0],
							"lerp_mode": "catmullrom"
						},
						"0.125": {
							"post": [0, 0, -10],
							"lerp_mode": "catmullrom"
						},
						"0.5": {
							"post": [0, -30, -6.58892],
							"lerp_mode": "catmullrom"
						},
						"1.0": {
							"post": [0, 0, 0],
							"lerp_mode": "catmullrom"
						}
					}
				},
				"corner_bottom_right_2": {
					"rotation": {
						"0.0": {
							"post": [0, -10, 10],
							"lerp_mode": "catmullrom"
						},
						"0.5": {
							"post": [0, -22.5, 10],
							"lerp_mode": "catmullrom"
						},
						"1.0": {
							"post": [0, -10, 10],
							"lerp_mode": "catmullrom"
						}
					}
				},
				"arm_right": {
					"rotation": {
						"0.0": {
							"post": [0, 0, 0],
							"lerp_mode": "catmullrom"
						},
						"0.25": {
							"post": [0, -13.28, 0],
							"lerp_mode": "catmullrom"
						},
						"0.5": {
							"post": [0, 47.5, 0],
							"lerp_mode": "catmullrom"
						},
						"1.0": {
							"post": [0, 0, 0],
							"lerp_mode": "catmullrom"
						}
					}
				},
				"arm_left": {
					"rotation": {
						"0.0": {
							"post": [0, 0, 0],
							"lerp_mode": "catmullrom"
						},
						"0.25": {
							"post": [0, 15.31, 0],
							"lerp_mode": "catmullrom"
						},
						"0.5": {
							"post": [0, -35, 0],
							"lerp_mode": "catmullrom"
						},
						"1.0": {
							"post": [0, 0, 0],
							"lerp_mode": "catmullrom"
						}
					}
				}
			}
		},
		"animation.dreaneuma.faint": {
			"animation_length": 3,
			"bones": {
				"body": {
					"rotation": {
						"0.0": [0, 0, 0],
						"0.125": [5, 5, 0],
						"0.2917": [7.91156, 9.82519, 1.37401],
						"0.7917": [-19.88122, -14.77732, 2.58492],
						"0.875": [-19.18116, -16.02096, -4.8444],
						"1.0833": [-12.91322, -13.45414, 9.98656],
						"1.25": [-15.19207, -2.04081, -5.78053],
						"1.625": [-11.31422, -18.09285, 19.873]
					},
					"position": {
						"0.0": [0, 0, 0],
						"0.125": [0, 3, 0],
						"0.2917": [0, 0, 0],
						"0.7917": [0, 8, 4],
						"0.875": [0, 11, -6],
						"1.0833": [0, 6, 5],
						"1.25": [0, 12, -4],
						"1.625": [0, 17, 0],
						"1.875": [0, 29, 0],
						"2.125": [0, 34, 2],
						"2.4167": [0, 26.5, 13],
						"2.5833": [0, 13.5, 14],
						"2.7917": [0, -3.5, 16],
						"2.875": [0, -10.5, 17]
					},
					"scale": {
						"1.625": [1, 1, 1],
						"1.875": [0.1, 0.1, 0.1]
					}
				},
				"torso": {
					"rotation": {
						"0.0": [0, 0, 0],
						"0.125": [25, -25, 0],
						"0.2917": [27.71965, -27.38289, -0.78752],
						"0.7917": [-17.00527, -2.5708, -3.88354],
						"0.875": [-15.47709, 1.86015, 5.21247],
						"1.0833": [-4.77292, -3.71133, -6.12429],
						"1.625": [14.61798, 8.61578, -14.61401]
					}
				},
				"head": {
					"rotation": {
						"0.0": [0, 0, 0],
						"0.125": [0, -22.5, 0],
						"0.25": [0, -25, 0],
						"0.7917": [10, 5, 0],
						"0.875": [-15.22107, 3.47755, -23.03482],
						"1.0833": [12.19552, 8.99374, -1.08124],
						"1.25": [-11.59761, 12.60696, -21.1142],
						"1.625": [16.47742, -49.31013, -19.3775],
						"1.9167": [11.45949, 1.53106, 8.83766],
						"2.25": [-3.77663, 45.10549, -8.39311],
						"2.375": [-38.98238, 72.32878, -41.12026],
						"2.5833": [-174.27657, 62.21431, -180.64862],
						"2.75": [-176.07178, 47.26507, -182.82842],
						"2.875": [-10.30395, 74.93561, -15.67284]
					},
					"position": {
						"0.0": [0, 0, 0],
						"1.9167": [5, -3, 0]
					},
					"scale": {
						"1.625": [1, 1, 1],
						"1.75": [2, 2, 2],
						"1.8333": [3, 3, 3],
						"1.9167": [10, 10, 10]
					}
				},
				"eye_right": {
					"position": [0, 0, 1]
				},
				"eye_left": {
					"position": [0, 0, 1]
				},
				"eye_right_ouch": {
					"position": [0, 0, -1],
					"scale": {
						"1.75": [1, 1, 1],
						"1.9167": [1, 0, 1]
					}
				},
				"eye_left_ouch": {
					"position": [0, 0, -1],
					"scale": {
						"1.75": [1, 1, 1],
						"1.9167": [1, 0, 1]
					}
				},
				"corner_top_right_1": {
					"rotation": {
						"0.0": [0, 0, 0],
						"0.2917": [0, -30, 0],
						"0.875": [0, 5, 0],
						"2.5833": [0, -45, 0],
						"2.75": [0, -55, 0],
						"3.0": [0, -2.5, 0]
					}
				},
				"corner_top_right_2": {
					"rotation": {
						"0.0": [0, 0, 0],
						"0.2917": [0, -35, 0],
						"0.875": [0, -7.5, 0],
						"2.5833": [0, -35, 0],
						"2.75": [-5.123, -34.43857, 13.4936],
						"3.0": [-4.99392, 5.41795, 10.03525]
					}
				},
				"corner_top_right_3": {
					"rotation": {
						"0.0": [0, 0, 0],
						"0.2917": [0, -32.5, 0],
						"0.875": [0, 7.5, 0],
						"2.5833": [0, -32.5, 0],
						"3.0": [0, -20, 0]
					}
				},
				"corner_top_left_1": {
					"rotation": {
						"0.0": [0, 0, 0],
						"0.2917": [0, 50, 0],
						"0.875": [0, -10, 0],
						"2.5833": [0, 45, 0],
						"2.75": [6.9951, 41.66069, 20.91427],
						"3.0": [7.81986, -2.23176, 10.70401]
					}
				},
				"corner_top_left_2": {
					"rotation": {
						"0.0": [0, 0, 0],
						"0.2917": [0, 30, 0],
						"0.875": [0, 12.5, 0],
						"2.5833": [0, 30, 0],
						"2.75": [-10.25103, 26.76008, -36.28567],
						"3.0": [-14.27965, 4.51052, -9.0966]
					}
				},
				"corner_bottom_left_1": {
					"rotation": {
						"0.0": [0, 0, 0],
						"0.2917": [0, 30, 0],
						"0.875": [0, -2.5, 0],
						"2.5833": [0, 47.5, 0],
						"2.75": [-8.80782, 43.05329, -21.60035],
						"3.0": [-9.09289, -6.88866, -19.09415]
					}
				},
				"corner_bottom_left_2": {
					"rotation": {
						"0.0": [0, 0, 0],
						"0.2917": [0, 32.5, 0],
						"0.875": [0, 10, 0],
						"2.5833": [0, 42.5, 0],
						"2.75": [4.44322, 19.63439, 17.74679],
						"3.0": [4.12738, 2.66744, 13.43309]
					}
				},
				"corner_bottom_right_1": {
					"rotation": {
						"0.0": [0, 0, 0],
						"0.2917": [0, -35, 0],
						"0.875": [0, -10, 0],
						"2.5833": [0, -57.5, 0],
						"2.75": [0, -70, 0],
						"3.0": [0, 10, 0]
					}
				},
				"corner_bottom_right_2": {
					"rotation": {
						"0.0": [0, 0, 0],
						"0.2917": [0, -32.5, 0],
						"0.875": [0, -5, 0],
						"2.5833": [0, -42.5, 0],
						"2.75": [13.34199, -40.73565, -19.9727],
						"3.0": [10.494, -16.2508, -14.14235]
					}
				},
				"arm_right": {
					"rotation": {
						"0.0": [0, 0, 0],
						"0.2083": [-24.86873, -11.10955, 11.2045],
						"0.2917": [-50.01642, -16.18344, 24.948],
						"0.7917": [20.92908, 26.19617, 21.5414],
						"0.875": [19.56062, 26.24981, 8.96712],
						"1.0833": [-10.62782, 34.18484, 21.91379],
						"1.25": [36.30178, 7.24083, -20.60768],
						"1.625": [40.22131, 16.01537, -46.98359]
					}
				},
				"elbow_right": {
					"rotation": {
						"0.0": [0, 0, 0],
						"0.7917": [0, 0, -50],
						"0.875": [0, 0, -32.5],
						"1.0833": [0, 0, -42.5],
						"1.25": [0, 0, 0],
						"1.625": [0, 0, -30]
					}
				},
				"hand_right": {
					"rotation": {
						"0.0": [0, 0, 0],
						"0.7917": [0, 0, 35],
						"0.875": [0, 0, 62.5],
						"1.0833": [0, 0, 87.5],
						"1.25": [0, 0, 30],
						"1.625": [0, 0, 55]
					}
				},
				"arm_left": {
					"rotation": {
						"0.0": [0, 0, 0],
						"0.2083": [-37.00296, 17.60328, -24.3382],
						"0.2917": [-61.92446, 20.44418, -40.03135],
						"0.7917": [10.95132, -18.95094, -32.39784],
						"0.875": [9.10179, -16.01521, -17.67202],
						"1.0833": [11.77668, -11.79647, 7.11753],
						"1.25": [8.4133, -20.45695, -39.74539],
						"1.625": [27.60744, -23.63257, -17.45337]
					}
				},
				"elbow_left": {
					"rotation": {
						"0.0": [0, 0, 0],
						"0.7917": [0, 0, 35],
						"0.875": [0, 0, 17.5],
						"1.0833": [0, 0, -32.5],
						"1.25": [0, 0, 22.5],
						"1.625": [0, 0, 50]
					}
				},
				"hand_left": {
					"rotation": {
						"0.0": [0, 0, 0],
						"0.7917": [0, 0, -37.5],
						"0.875": [0, 0, -22.5],
						"1.0833": [0, 0, -7.5],
						"1.25": [0, 0, -65],
						"1.625": [0, 0, -112.5]
					}
				},
				"tail1": {
					"rotation": {
						"0.0": [0, 0, 0],
						"0.125": [-20, -40, 0],
						"0.2917": [-21.7647, -59.64969, 4.1401],
						"0.7917": [-20.41849, -3.05292, -6.54421],
						"0.875": [-24.15587, -5.18734, -17.00314],
						"1.0833": [-17.34027, -1.89322, 1.47884],
						"1.25": [-5.17667, -1.2739, 31.49508],
						"1.625": [-23.26649, -4.59467, -14.41671]
					}
				},
				"tail2": {
					"rotation": {
						"0.0": [0, 0, 0],
						"0.125": [-25, 0, 0],
						"0.2917": [-44.47761, 5.24826, 11.36081],
						"0.7917": [8.02239, 5.24826, 11.36081],
						"0.875": [9.32292, 2.202, 31.17209],
						"1.0833": [6.99466, 6.55832, 1.39378],
						"1.25": [1.11899, 9.51221, -38.91437],
						"1.625": [5.41044, 7.91431, -11.13293]
					}
				},
				"tail3": {
					"rotation": {
						"0.0": [0, 0, 0],
						"0.125": [0, -32.5, 0],
						"0.2917": [-7.4981, -44.35785, 13.71615],
						"0.7917": [31.14568, -34.07922, -44.10846],
						"0.875": [14.35006, -42.97065, -17.51766],
						"1.0833": [-5.05598, -44.63129, 10.23215],
						"1.25": [35.08162, -29.97544, -51.51804],
						"1.625": [14.35006, -42.97065, -17.51766]
					}
				}
			}
		}
	}
}