{
	"format_version": "1.8.0",
	"animations": {
		"animation.echolossus.ground_idle": {
			"loop": true,
			"animation_length": 4,
			"bones": {
				"head": {
					"rotation": ["0+Math.cos((query.anim_time - 0.5) * 90*1) * -6", 0, "0+Math.cos((query.anim_time - 0.0) * 90*1) * -0.5"],
					"position": [0, "Math.cos((query.anim_time + 0.1) * 90*1) * 0.3", 0]
				},
				"tail": {
					"rotation": ["Math.cos((query.anim_time - 0.1) * 90*1) * 12", 0, 0]
				},
				"body": {
					"rotation": ["0+Math.cos((query.anim_time - 0.0) * 90*1) * -3", 0, 0],
					"position": [0, "Math.cos((query.anim_time + 0.1) * 90*1) * 0.3", 0]
				},
				"right_leg_front": {
					"rotation": ["Math.cos((query.anim_time + 0.1) * 90*1) * 3", 0, 0],
					"position": [0, "Math.cos((query.anim_time + 0.1) * 90*1) * 0.5", 0]
				},
				"left_leg_front": {
					"rotation": ["Math.cos((query.anim_time + 0.1) * 90*1) * -3", 0, 0],
					"position": [0, "Math.cos((query.anim_time + 0.1) * 90*1) * 0.5", 0]
				},
				"tendril1": {
					"rotation": ["5+Math.cos((query.anim_time - 0.2) * 90*2) * -3", 0, "0+Math.cos((query.anim_time + 0.2) * 90*2) * 3"]
				},
				"tendril4": {
					"rotation": ["-30+Math.cos((query.anim_time - 0.2) * 90*4) * 3", 0, "0+Math.cos((query.anim_time + 0.2) * 90*2) * 3"]
				},
				"tendril6": {
					"rotation": ["35+Math.cos((query.anim_time - 0.2) * 90*4) * 3", 0, 0]
				},
				"tendril10": {
					"rotation": ["18.6631+Math.cos((query.anim_time - 0.2) * 90*2) * 3", 11.84017, "Math.cos((query.anim_time + 0.2) * 90*2) * -1.8204"]
				},
				"tendril12": {
					"rotation": ["20+Math.cos((query.anim_time - 0.2) * 90*4) * -3", 0, "0+Math.cos((query.anim_time + 0.2) * 90*2) * -3"]
				},
				"tendril15": {
					"rotation": ["-35+Math.cos((query.anim_time - 0.2) * 90*4) * -3", 0, 0]
				},
				"tendril2": {
					"rotation": ["18.6631+Math.cos((query.anim_time - 0.9) * 90*2) * 3", 0, "Math.cos((query.anim_time + 0.2) * 90*2) * -1.8204"]
				},
				"tendril5": {
					"rotation": ["20+Math.cos((query.anim_time - 0.2) * 90*4) * -3", 0, "0+Math.cos((query.anim_time + 0.2) * 90*2) * -3"]
				},
				"tendril9": {
					"rotation": ["-35+Math.cos((query.anim_time - 0.2) * 90*4) * -3", 0, 0]
				},
				"tendril11": {
					"rotation": ["5+Math.cos((query.anim_time - 0.9) * 90*2) * -3", 0, "Math.cos((query.anim_time + 0.2) * 90*2) * -1.8204"]
				},
				"tendril14": {
					"rotation": ["-30+Math.cos((query.anim_time - 0.2) * 90*4) * 3", 0, "0+Math.cos((query.anim_time + 0.2) * 90*2) * 3"]
				},
				"tendril18": {
					"rotation": ["35+Math.cos((query.anim_time - 0.2) * 90*4) * 3", 0, 0]
				},
				"body2": {
					"rotation": ["0+Math.cos((query.anim_time - 0.5) * 90*1) * -3", 0, 0],
					"position": [0, "Math.cos((query.anim_time + 0.1) * 90*1) * -0.2", 0]
				},
				"jaw": {
					"rotation": ["0+Math.cos((query.anim_time - 0.5) * 90*1) * -9", 0, 0]
				},
				"right_leg_front2": {
					"rotation": [0, 0, 0],
					"position": ["Math.cos((query.anim_time + 0.1) * 90*1) * 0.5", 0, 0]
				},
				"right_foot_front": {
					"rotation": ["Math.cos((query.anim_time + 0.1) * 90*1) * -3", 0, 0],
					"position": [0, 0, 0]
				},
				"left_leg_front2": {
					"rotation": [0, 0, 0],
					"position": ["Math.cos((query.anim_time + 0.1) * 90*1) * 0.5", 0, 0]
				},
				"left_foot_front": {
					"rotation": ["Math.cos((query.anim_time + 0.1) * 90*1) * 3", 0, 0]
				},
				"body3": {
					"rotation": ["0+Math.cos((query.anim_time - 0.0) * 90*1) * 6", 0, 0],
					"position": [0, "Math.cos((query.anim_time + 0.1) * 90*1) * -0.1", 0]
				},
				"leg_right_back": {
					"rotation": [0, 2.4967, -0.1297],
					"position": [0, "-1.40+Math.cos((query.anim_time + 0.1) * 90*1) * -0.5", -0.2]
				},
				"leg_right_back2": {
					"rotation": [0, 17.5, 0],
					"position": ["-0.8124+Math.cos((query.anim_time + 0.1) * 90*1) * -0.5", 0, 0.38614]
				},
				"foot_right_back": {
					"rotation": [-0.5001, -19.4804, 0.5006],
					"position": [0.17151, -0.00136, 0.40412]
				},
				"leg_left_back": {
					"rotation": [0, 2.4967, -0.1297],
					"position": [0, "-1.40+Math.cos((query.anim_time + 0.1) * 90*1) * -0.5", -0.2]
				},
				"leg_left_back2": {
					"rotation": [0, 17.5, 0],
					"position": ["-0.8472+Math.cos((query.anim_time + 0.1) * 90*1) * -0.5", 0, -0.01386]
				},
				"foot_left_back2": {
					"rotation": [-0.50007, -19.48041, 0.5006],
					"position": [0.17151, -0.00136, 0.40412]
				}
			}
		},
		"animation.echolossus.ground_walk": {
			"loop": true,
			"animation_length": 1.5,
			"bones": {
				"head": {
					"rotation": [0, 0, "0+Math.cos((query.anim_time) * 90 * 8/3 * 1) * 3"],
					"position": [0, "1+Math.cos((query.anim_time) * 90 * 8/3 * 2 - 90) * -0.5", 0]
				},
				"body": {
					"rotation": ["0+Math.cos((query.anim_time) * 90 * 8/3 * 2 - 90) * 2", 0, 0]
				},
				"right_leg_front": {
					"rotation": {
						"0.0": [0, 22.5, 0],
						"0.0833": [0, 19.03, 0],
						"0.6667": [0, -36.31, 0],
						"0.75": [0, -40, 0],
						"0.8333": [0, -36.31, 0],
						"1.4167": [0, 18.03, 0],
						"1.5": [0, 22.5, 0]
					},
					"position": {
						"0.0": [0, 0, -1],
						"0.1667": [0, -1, -0.56],
						"0.4583": [0, -0.25, 0.22],
						"0.75": [0, 0, 1],
						"1.0": [0, 1.58, 0.33],
						"1.125": [0, 2, 0],
						"1.25": [0, 1.58, -0.32],
						"1.5": [0, 0, -1]
					}
				},
				"right_leg_front2": {
					"rotation": {
						"0.0": [0, 0, 0],
						"0.2083": [0, -7.81, 0],
						"0.3333": {
							"pre": [0, 7.5, 0],
							"post": [0, 7.5, 0],
							"lerp_mode": "catmullrom"
						},
						"0.5417": {
							"post": [0, 19.21, 0],
							"lerp_mode": "catmullrom"
						},
						"0.75": {
							"post": [0, 34.37, 0],
							"lerp_mode": "catmullrom"
						},
						"0.9583": {
							"post": [0, 39.72, 0],
							"lerp_mode": "catmullrom"
						},
						"1.1667": {
							"post": [0, 27.75, 0],
							"lerp_mode": "catmullrom"
						},
						"1.5": [0, 0, 0]
					}
				},
				"right_foot_front": {
					"rotation": {
						"0.0": [0, 25, 0],
						"0.1667": [0, -5, 0],
						"0.4583": [0, 7.5, 0],
						"0.75": [0, 7.5, 0],
						"0.9583": [0, 20, 0],
						"1.5": [0, 25, 0]
					}
				},
				"left_leg_front": {
					"rotation": {
						"0.0": [0, -40, 0],
						"0.0833": [0, -36.31, 0],
						"0.6667": [0, 18.03, 0],
						"0.75": [0, 22.5, 0],
						"0.8333": [0, 19.03, 0],
						"1.4167": [0, -36.31, 0],
						"1.5": [0, -40, 0]
					},
					"position": {
						"0.0": [0, 0, 1],
						"0.25": [0, 1.58, 0.33],
						"0.375": [0, 2, 0],
						"0.5": [0, 1.58, -0.32],
						"0.75": [0, 0, -1],
						"0.9167": [0, -1, -0.56],
						"1.2083": [0, -0.25, 0.22],
						"1.5": [0, 0, 1]
					}
				},
				"left_leg_front2": {
					"rotation": {
						"0.0": [0, 34.37, 0],
						"0.2083": {
							"pre": [0, 39.72, 0],
							"post": [0, 39.72, 0],
							"lerp_mode": "catmullrom"
						},
						"0.4167": {
							"post": [0, 27.75, 0],
							"lerp_mode": "catmullrom"
						},
						"0.75": {
							"post": [0, 0, 0],
							"lerp_mode": "catmullrom"
						},
						"0.9583": {
							"post": [0, -7.81, 0],
							"lerp_mode": "catmullrom"
						},
						"1.0833": {
							"post": [0, 7.5, 0],
							"lerp_mode": "catmullrom"
						},
						"1.2917": {
							"post": [0, 19.21, 0],
							"lerp_mode": "catmullrom"
						},
						"1.5": [0, 34.37, 0]
					}
				},
				"left_foot_front": {
					"rotation": {
						"0.0": [0, 7.5, 0],
						"0.2083": [0, 20, 0],
						"0.75": [0, 25, 0],
						"0.9167": [0, -5, 0],
						"1.2083": [0, 7.5, 0],
						"1.5": [0, 7.5, 0]
					}
				},
				"tendril1": {
					"rotation": ["15+Math.cos((query.anim_time) * 90 * 8/3 * 3 - 180) * 2", 0, "0+Math.cos((query.anim_time) * 90 * 8/3 * 2 - 50) * 6"]
				},
				"tendril4": {
					"rotation": ["45+Math.cos((query.anim_time) * 90 * 8/3 * 3 - 90) * 8", 0, "0+Math.cos((query.anim_time) * 90 * 8/3 * 2) * 12"]
				},
				"tendril6": {
					"rotation": ["60+Math.cos((query.anim_time) * 90 * 8/3 * 3 + 30) * 10", 0, "0+Math.cos((query.anim_time) * 90 * 8/3 * 2 + 50) * 12"]
				},
				"tendril10": {
					"rotation": ["15+Math.cos((query.anim_time) * 90 * 8/3 * 3 - 90) * 2", 0, "0+Math.cos((query.anim_time) * 90 * 8/3 * 2 - 90) * 6"]
				},
				"tendril12": {
					"rotation": ["45+Math.cos((query.anim_time) * 90 * 8/3 * 3) * 8", 0, "0+Math.cos((query.anim_time) * 90 * 8/3 * 2) * 12"]
				},
				"tendril15": {
					"rotation": ["60+Math.cos((query.anim_time) * 90 * 8/3 * 3 + 120) * 10", 0, "0+Math.cos((query.anim_time) * 90 * 8/3 * 2 + 50) * 12"]
				},
				"tendril2": {
					"rotation": ["15+Math.cos((query.anim_time) * 90 * 8/3 * 3 - 90) * 2", 0, "0+Math.cos((query.anim_time) * 90 * 8/3 * 2 - 90) * 6"]
				},
				"tendril5": {
					"rotation": ["45+Math.cos((query.anim_time) * 90 * 8/3 * 3) * 8", 0, "0+Math.cos((query.anim_time) * 90 * 8/3 * 2) * 12"]
				},
				"tendril9": {
					"rotation": ["60+Math.cos((query.anim_time) * 90 * 8/3 * 3 + 120) * 10", 0, "0+Math.cos((query.anim_time) * 90 * 8/3 * 2 + 50) * 12"]
				},
				"tendril11": {
					"rotation": ["15+Math.cos((query.anim_time) * 90 * 8/3 * 3 - 180) * 2", 0, "0+Math.cos((query.anim_time) * 90 * 8/3 * 2 - 50) * 6"]
				},
				"tendril14": {
					"rotation": ["45+Math.cos((query.anim_time) * 90 * 8/3 * 3 - 90) * 8", 0, "0+Math.cos((query.anim_time) * 90 * 8/3 * 2) * 12"]
				},
				"tendril18": {
					"rotation": ["60+Math.cos((query.anim_time) * 90 * 8/3 * 3 + 30) * 10", 0, "0+Math.cos((query.anim_time) * 90 * 8/3 * 2 + 50) * 12"]
				},
				"leg_left_back": {
					"rotation": {
						"0.0": [0, -6.57, 0],
						"0.4167": [0, 23.19, 0],
						"0.5417": [0, 27.5, 0],
						"0.625": [0, 25.48, 0],
						"0.75": [0, 18.08, 0],
						"0.8333": [0, 12.61, 0],
						"1.2083": [0, -14.78, 0],
						"1.2917": [0, -17.5, 0],
						"1.375": [0, -15.5, 0],
						"1.5": [0, -6.57, 0]
					},
					"position": {
						"0.0": {
							"post": [0, 1.11, 0.54],
							"lerp_mode": "catmullrom"
						},
						"0.1667": {
							"post": [0, 1.75, -0.48],
							"lerp_mode": "catmullrom"
						},
						"0.3333": {
							"post": [0, 1.11, -1.5],
							"lerp_mode": "catmullrom"
						},
						"0.4583": [0, 0, -2.01],
						"0.5417": [0, -1, -2.25],
						"0.625": [0, -1, -2.01],
						"0.75": [0, -0.75, -1.125],
						"1.2083": [0, -0.5, 1.3],
						"1.2917": [0, -0.5, 1.5],
						"1.375": [0, -0.5, 1.31],
						"1.5": {
							"pre": [0, 1.11, 0.54],
							"post": [0, 1.11, 0.54],
							"lerp_mode": "catmullrom"
						}
					}
				},
				"leg_left_back2": {
					"rotation": {
						"0.0": {
							"post": [0, 6.01, 0],
							"lerp_mode": "catmullrom"
						},
						"0.1667": {
							"post": [0, 15.75, 0],
							"lerp_mode": "catmullrom"
						},
						"0.3333": {
							"post": [0, 17.25, 0],
							"lerp_mode": "catmullrom"
						},
						"0.5417": [0, -5, 0],
						"0.625": [0, -10, 0],
						"0.75": [0, -12.5, 0],
						"1.125": {
							"pre": [0, 10, 0],
							"post": [0, 10, 0],
							"lerp_mode": "catmullrom"
						},
						"1.3333": {
							"post": [0, 14.38, 0],
							"lerp_mode": "catmullrom"
						},
						"1.4583": {
							"post": [0, 5, 0],
							"lerp_mode": "catmullrom"
						},
						"1.5": {
							"post": [0, 6.01, 0],
							"lerp_mode": "catmullrom"
						}
					}
				},
				"leg_right_back": {
					"rotation": {
						"0.0": [0, 18.08, 0],
						"0.0833": [0, 12.61, 0],
						"0.4583": [0, -14.78, 0],
						"0.5417": [0, -17.5, 0],
						"0.625": [0, -15.5, 0],
						"1.1667": [0, 23.19, 0],
						"1.2917": [0, 27.5, 0],
						"1.375": [0, 25.48, 0],
						"1.5": [0, 18.08, 0]
					},
					"position": {
						"0.0": [0, -0.5, -1.125],
						"0.4583": [0, -0.5, 1.3],
						"0.5417": [0, 0, 1.5],
						"0.625": [0, 0, 1.31],
						"0.75": {
							"pre": [0, 1.11, 0.54],
							"post": [0, 1.11, 0.54],
							"lerp_mode": "catmullrom"
						},
						"0.9167": {
							"post": [0, 1.75, -0.48],
							"lerp_mode": "catmullrom"
						},
						"1.0833": {
							"post": [0, 1.11, -1.5],
							"lerp_mode": "catmullrom"
						},
						"1.2083": [0, 0, -2.01],
						"1.2917": [0, -1.25, -2.25],
						"1.375": [0, -1, -2.01],
						"1.5": [0, -0.5, -1.125]
					}
				},
				"leg_right_back2": {
					"rotation": {
						"0.0": [0, -12.5, 0],
						"0.375": {
							"pre": [0, 10, 0],
							"post": [0, 10, 0],
							"lerp_mode": "catmullrom"
						},
						"0.5833": {
							"post": [0, 14.38, 0],
							"lerp_mode": "catmullrom"
						},
						"0.7083": {
							"post": [0, 5, 0],
							"lerp_mode": "catmullrom"
						},
						"0.9167": {
							"post": [0, 15.75, 0],
							"lerp_mode": "catmullrom"
						},
						"1.0833": {
							"post": [0, 17.25, 0],
							"lerp_mode": "catmullrom"
						},
						"1.2917": [0, -5, 0],
						"1.375": [0, -10, 0],
						"1.5": [0, -12.5, 0]
					}
				},
				"torso_main": {
					"rotation": ["0+Math.cos((query.anim_time) * 90 * 8/3 * 2) * 1", 0, "0+Math.cos((query.anim_time) * 90 * 8/3 * 1) * -2"],
					"position": [0, "0+Math.cos((query.anim_time) * 90 * 8/3 * 2 - 120) * 0.8", 0]
				},
				"jaw": {
					"rotation": ["0+Math.cos((query.anim_time) * 90 * 8/3 * 2 - 120) * 3", 0, 0]
				},
				"tail": {
					"rotation": ["0+Math.cos((query.anim_time) * 90 * 8/3 * 3) * 2", 0, "0+Math.cos((query.anim_time) * 90 * 8/3 * 2) * 4"]
				}
			}
		}
	}
}