{
	"format_version": "1.8.0",
	"animations": {
		"animation.gildenose.ground_idle": {
			"loop": true,
			"bones": {
				"torso": {
					"rotation": [0, 0, 0],
					"position": [0, "-0.1*(math.sin(q.anim_time*90*2.5-90)*1+1)", 0]
				},
				"leg_left": {
					"rotation": [0, -7.5, 0]
				},
				"leg_right": {
					"rotation": [0, 7.5, 0]
				},
				"arm_left": {
					"rotation": [0, "45+2*(math.sin(q.anim_time*90*2.5)*1+1)", 90],
					"position": [0, 0, -1]
				},
				"arm_right": {
					"rotation": [0, "-45-2*(math.sin(q.anim_time*90*2.5)*1+1)", -90],
					"position": [0, 0, -1]
				},
				"flame": {
					"rotation": ["0+math.cos(query.anim_time*90*2)*5", "-(query.anim_time)*160", "0+math.cos(query.anim_time*90*2)*5"],
					"scale": ["1.1+math.cos(query.anim_time*90*2)*0.1", 1, "1.1+math.cos(query.anim_time*90*2)*0.1"]
				},
				"elbow_left": {
					"rotation": [0, 0, 90],
					"position": [0.1, -1.5, -0.1]
				},
				"elbow_right": {
					"rotation": [0, 0, -90],
					"position": [-0.1, -1.5, -0.1]
				},
				"flower": {
					"rotation": ["0+math.cos(query.anim_time*90*2)*2", 0, "0+math.cos(query.anim_time*90*4)*1"]
				}
			}
		},
		"animation.gildenose.sleep": {
			"loop": true,
			"bones": {
				"torso": {
					"rotation": [0, 0, 0],
					"position": [0, "-3-0.1*(math.sin(q.anim_time*90*2-90)*0.6)", 0]
				},
				"leg_left": {
					"position": [-0.5, 0, 1]
				},
				"leg_right": {
					"position": [0.5, 0, 1]
				},
				"arm_left": {
					"rotation": [0, "45+1*(math.sin(q.anim_time*90*2)*0.3+0.3)", 90],
					"position": [0, 0, -1]
				},
				"arm_right": {
					"rotation": [0, "-45-1*(math.sin(q.anim_time*90*2)*0.3+0.3)", -90],
					"position": [0, 0, -1]
				},
				"eyes": {
					"position": [0, 0, 1]
				},
				"flame": {
					"rotation": ["0+math.cos(query.anim_time*90*1)*5", "-(query.anim_time)*80", "0+math.cos(query.anim_time*90*1)*5"],
					"scale": ["1.1+math.cos(query.anim_time*90*1)*0.1", 1, "1.1+math.cos(query.anim_time*90*1)*0.1"]
				},
				"elbow_left": {
					"rotation": [0, 0, 90],
					"position": [0.1, -1.5, -0.1]
				},
				"elbow_right": {
					"rotation": [0, 0, -90],
					"position": [-0.1, -1.5, -0.1]
				},
				"flower": {
					"rotation": ["0+math.cos(query.anim_time*90*1)*2", 0, "0+math.cos(query.anim_time*90*2)*1"]
				}
			}
		},
		"animation.gildenose.ground_walk": {
			"loop": true,
			"animation_length": 1,
			"bones": {
				"body": {
					"rotation": {
						"0.0": [0, 0, -7.5],
						"0.0833": [0, 0, 0],
						"0.25": [0, 0, 5.62],
						"0.3333": [0, 0, 7.5],
						"0.5": [0, 0, 7.5],
						"0.625": [0, 0, 0],
						"0.75": [0, 0, -5],
						"0.8333": [0, 0, -7.5],
						"1.0": [0, 0, -7.5]
					},
					"position": {
						"0.0": [-1.4, 0.7, 0],
						"0.0833": [0, 0, 0],
						"0.25": [1.05, 0.53, 0],
						"0.3333": [1.4, 0.7, 0],
						"0.5": [1.4, 0.7, 0],
						"0.625": [0, 0, 0],
						"0.75": [-0.93, 0.47, 0],
						"0.8333": [-1.4, 0.7, 0],
						"1.0": [-1.4, 0.7, 0]
					}
				},
				"torso": {
					"rotation": {
						"0.0": [0, 10, 0],
						"0.0833": [0, 0, 0],
						"0.3333": [0, -15, 0],
						"0.5": [0, -17.5, 0],
						"0.75": [0, 0, 0],
						"0.8333": [0, 7.5, 0],
						"1.0": [0, 10, 0]
					},
					"position": {
						"0.0": [0, 0, 0],
						"0.0833": [0, -0.5, 0],
						"0.125": [0, 0, 0],
						"0.5": [0, 0, 0],
						"0.625": [0, -0.5, 0],
						"0.6667": [0, 0, 0]
					}
				},
				"arm_right": {
					"rotation": {
						"0.0": [9.7, -64, -90],
						"0.4583": [6.6, -66, -93],
						"0.5417": [-11, -65, -69],
						"0.9167": [-18, -59.5, -70],
						"1.0": [9.7, -64, -90]
					},
					"position": {
						"0.0": [0, -1, -2],
						"0.0833": [0, -1, -2],
						"0.125": [0, -2, -2],
						"0.2083": [0, -1, -2],
						"0.5": [0, -1, -2],
						"0.625": [0, -1, -2],
						"0.6667": [0, -1.5, -2],
						"0.7083": [0, -1, -2]
					}
				},
				"arm_left": {
					"rotation": {
						"0.0": [18, 61, 97],
						"0.5": [-33, 63, 49],
						"0.625": [26, 70, 98]
					},
					"position": {
						"0.0": [0, -1, -2],
						"0.0833": [0, -1, -2],
						"0.125": [0, -2, -2],
						"0.2083": [0, -1, -2],
						"0.5": [0, -1, -2],
						"0.625": [0, -1, -2],
						"0.6667": [0, -1.5, -2],
						"0.7083": [0, -1, -2]
					}
				},
				"leg_right": {
					"rotation": {
						"0.0": [0, 10, 0],
						"0.3333": [0, -15, 0],
						"0.5": [0, -17.5, 0],
						"0.625": [0, -7.5, 0],
						"0.8333": [0, 7.5, 0],
						"1.0": [0, 10, 0]
					},
					"position": {
						"0.0": [0, 0, 2],
						"0.3333": [0, 1, -2],
						"0.5": [0.75, 1, -3],
						"0.625": [0.5, 0, -3],
						"0.8333": [0, 0, 0],
						"1.0": [0, 0, 2]
					}
				},
				"leg_left": {
					"rotation": {
						"0.0": [-1.31845, 9.91358, -0.11435],
						"0.0833": [-1.29859, -0.0864, -0.11264],
						"0.5": [-3.62119, -17.43644, 0.24528],
						"0.625": [-0.47679, -17.42462, 0.80316],
						"1.0": [-1.31845, 9.91358, -0.11435]
					},
					"position": {
						"0.0": [0, 1, -3],
						"0.0833": [0, 0, -2],
						"0.5": [-1, 0, 3],
						"0.7083": [-0.6, 1.4, 0.6],
						"1.0": [0, 1, -3]
					}
				},
				"flame": {
					"rotation": {
						"0.0": [0, 0, 0],
						"1.0": [0, -360, 0]
					},
					"scale": {
						"0.0": [1.1, 1, 1.1],
						"0.25": [1.2, 1, 1],
						"0.5": [1.1, 1, 1.1],
						"0.75": [1, 1, 1.2],
						"1.0": [1.1, 1, 1.1]
					}
				},
				"elbow_right": {
					"rotation": [0, 0, -90],
					"position": [-0.1, -1.5, -0.1]
				},
				"elbow_left": {
					"rotation": [0, 0, 90],
					"position": [0.1, -1.5, -0.1]
				}
			}
		},
		"animation.gildenose.faint": {
			"loop": true,
			"animation_length": 3,
			"bones": {
				"torso": {
					"rotation": {
						"0.0": [12.5, 0, 0],
						"0.0417": [-12.5, 0, 0],
						"0.125": [-17.5, 0, 0],
						"0.25": [-17.5, 0, 0],
						"0.375": [-12.5, 0, 0],
						"0.4583": [0, 0, 0],
						"1.7083": [0, 0, 0],
						"1.8333": [-12.5, 0, 0],
						"1.9583": [-102.5, 0, 0],
						"2.0": [-82.5, 0, 0],
						"2.0417": [-92.5, 0, 0]
					},
					"position": {
						"0.0": [0, "-0.1*(math.sin(q.anim_time*90*2.5-90)*1+1)", 0],
						"1.7083": [0, "-0.1*(math.sin(q.anim_time*90*2.5-90)*1+1)", 0],
						"2.0": [0, -0.75, 0]
					}
				},
				"leg_left": {
					"rotation": {
						"0.0": [0, -7.5, 0],
						"1.8333": [0, -7.5, 0],
						"1.9583": [-105, -7.5, 0],
						"2.0417": [-112.5, -7.5, 0],
						"2.125": [-67.5, -7.5, 0],
						"2.1667": [-77.5, -7.5, 0]
					},
					"position": {
						"1.8333": [0, 0, 0],
						"1.9583": [0, 4, -3],
						"2.125": [0, 2, -3]
					}
				},
				"leg_right": {
					"rotation": {
						"0.0": [0, 7.5, 0],
						"1.8333": [0, 7.5, 0],
						"1.9583": [-105, 7.5, 0],
						"2.0417": [-110, 7.5, 0],
						"2.125": [-65, 7.5, 0],
						"2.1667": [-82.5, 7.5, 0]
					},
					"position": {
						"1.8333": [0, 0, 0],
						"1.9583": [0, 4, -3],
						"2.125": [0, 2, -3]
					}
				},
				"arm_left": {
					"rotation": {
						"0.0": [0, 45, "90+2*(math.sin(q.anim_time*90*2.5)*1+1)"],
						"0.3333": [-24.56513, 34.14672, "25.8077+2*(math.sin(q.anim_time*90*2.5)*1+1)"],
						"1.0833": [-30.10403, 29.54318, "15.3491+2*(math.sin(q.anim_time*90*2.5)*1+1)"],
						"1.5833": [11.53623, 39.81146, "82.6509+2*(math.sin(q.anim_time*90*2.5)*1+1)"],
						"1.7083": [11.54, 39.81, "82.6509+2*(math.sin(q.anim_time*90*2.5)*1+1)"],
						"2.0": [9.91083, -26.76557, 70.7041]
					},
					"position": [0, -1, -2]
				},
				"arm_right": {
					"rotation": {
						"0.0": [0, -45, "-90-2*(math.sin(q.anim_time*90*2.5)*1+1)"],
						"0.3333": [-23.62116, -40.22002, "-30.2112-2*(math.sin(q.anim_time*90*2.5)*1+1)"],
						"1.0": [9.71324, -44.78384, "-77.9775-2*(math.sin(q.anim_time*90*2.5)*1+1)"],
						"1.7083": [-19.55608, -42.06189, "-36.3858-2*(math.sin(q.anim_time*90*2.5)*1+1)"],
						"1.9167": [7.24272, -45.15256, "-74.4823-2*(math.sin(q.anim_time*90*2.5)*1+1)"],
						"2.0": [5.7269, 27.00181, "-66.7263-2*(math.sin(q.anim_time*90*2.5)*1+1)"],
						"2.0417": [5.14027, 7.08962, "-68.6971-2*(math.sin(q.anim_time*90*2.5)*1+1)"],
						"2.0833": [6.01634, 31.97563, -66.1389]
					},
					"position": [0, -1, -2]
				},
				"body": {
					"rotation": {
						"0.0": [0, 0, 0],
						"0.125": [0, 10, 0],
						"0.25": [0, 17.5, 0],
						"0.375": [0, 22.5, 0],
						"0.4167": [0, 37.5, 0],
						"0.4583": [0, 22.5, 0],
						"0.5833": [0, 5, 0],
						"0.7083": [0, -55, 0],
						"0.8333": [0, -72.5, 0],
						"0.9167": [0, -85, 0],
						"0.9583": [0, -72.5, 0],
						"1.0": [0, -80, 0],
						"1.1667": [0, -70, 0],
						"1.2917": [0, -67.5, 0],
						"1.5833": [0, 125, 0],
						"1.7083": [0, 145, 0],
						"1.8333": [0, 150, 0],
						"1.9583": [0, 150, 0],
						"2.0417": [0, 162.5, 0],
						"2.125": [0, 167.5, 0]
					},
					"position": {
						"0.0": [0, 0, 0],
						"0.0417": [0, 0, 1],
						"0.125": [0, 0, 1.65],
						"0.25": [0, 0, -0.09],
						"0.2917": [-2, -1, -0.67],
						"0.3333": [0, 0, -1.25],
						"0.4583": [0, 0, -3],
						"0.5833": [0, 0, -4],
						"0.7083": [4, 0, -1],
						"0.7917": [5, 0, 0],
						"0.9167": [5, 0, 0],
						"0.9583": [4.67, -1, -3],
						"1.0": [4.34, 0, 0],
						"1.0417": [4, 0, 0],
						"1.25": [-2, 0, 0],
						"1.375": [-3, 0, 0],
						"1.5833": [0, 0, -2],
						"1.625": [0.5, -1, -3],
						"1.6667": [1, 0, -4],
						"1.7083": [0.75, -1, -3.5],
						"1.75": [0.5, 0, -3],
						"1.7917": [0.25, 0, -2.5],
						"1.9167": [-2, 0, 3],
						"1.9583": [-2, -1, 3],
						"2.0": [-2, 0, 3]
					}
				},
				"eyes": {
					"position": {
						"0.0": [0, 0, 0],
						"1.9167": [0, 0, 0],
						"1.9583": [0, 0, 1]
					}
				},
				"flame": {
					"rotation": {
						"0.0": [0, 0, 0],
						"1.5": [0, 720, 0]
					},
					"scale": {
						"0.0": [1.2, 1, 1.2],
						"0.1667": [0.9, 1, 1.3],
						"0.25": [1.3, 1, 0.9],
						"0.3333": [0.9, 1, 1.3],
						"0.4167": [0.9, 1, 1.3],
						"0.5": [1.3, 1, 0.9],
						"0.5833": [0.9, 1, 1.3],
						"0.6667": [0.9, 1, 1.3],
						"0.75": [1.3, 1, 0.9],
						"0.8333": [0.9, 1, 1.3],
						"0.9167": [0.9, 1, 1.3],
						"1.0": [1.3, 1, 0.9],
						"1.0833": [0.9, 1, 1.3],
						"1.3333": [1.5, 1, 1.5],
						"1.5": [0, 0, 0]
					}
				},
				"elbow_right": {
					"rotation": {
						"0.0": [0, 0, -90],
						"1.7083": [0, 0, -90],
						"2.0": [0, -32.5, 0]
					},
					"position": {
						"0.0": [-0.1, -1.5, -0.1],
						"1.7083": [-0.1, -1.5, -0.1],
						"2.0": [1, 0, 0]
					}
				},
				"elbow_left": {
					"rotation": {
						"0.0": [0, 0, 90],
						"1.7083": [0, 0, 90],
						"2.0": [0, 35, 0]
					},
					"position": {
						"0.0": [0.1, -1.5, -0.1],
						"1.7083": [0.1, -1.5, -0.1],
						"2.0": [-1, 0.1, 0]
					}
				}
			}
		}
	}
}