{
	"format_version": "1.8.0",
	"animations": {
		"animation.golett_copper.ground_walk": {
			"loop": true,
			"animation_length": 1.25,
			"bones": {
				"arm_left": {
					"rotation": [0, "Math.sin((query.anim_time-0.4) * 90 * 3.2*1) * 15", "25+Math.sin((query.anim_time-0.6) * 90 * 3.2*1) * 5"]
				},
				"finger_left": {
					"rotation": [0, 0, -40]
				},
				"finger_left2": {
					"rotation": [0, 0, -50]
				},
				"finger_left3": {
					"rotation": [0, 0, -40]
				},
				"hammer": {
					"rotation": [0, 0, 12.5]
				},
				"arm_right": {
					"rotation": [0, "(Math.sin((query.anim_time-0.4) * 90 * 3.2*1) * 15)", "-25+Math.sin((query.anim_time-0.6) * 90 * 3.2*1) * 5"]
				},
				"finger_right": {
					"rotation": [0, 0, 40]
				},
				"finger_right2": {
					"rotation": [0, 0, 50]
				},
				"finger_right3": {
					"rotation": [0, 0, 40]
				},
				"leg_left": {
					"rotation": {
						"0.0": [-42.5, 0, 0],
						"0.125": [-37.5, 0, 0],
						"0.25": [-12.5, 0, 0],
						"0.4167": [10, 0, 0],
						"0.625": [28.75, 0, 0],
						"0.75": [37.5, 0, 0],
						"0.8333": [33.33, 0, 0],
						"1.0": [-5, 0, 0],
						"1.25": [-42.5, 0, 0]
					}
				},
				"leg_right": {
					"rotation": {
						"0.0": [28.75, 0, 0],
						"0.125": [37.5, 0, 0],
						"0.2083": [33.33, 0, 0],
						"0.375": [-5, 0, 0],
						"0.625": [-42.5, 0, 0],
						"0.75": [-37.5, 0, 0],
						"0.875": [-12.5, 0, 0],
						"1.0417": [10, 0, 0],
						"1.25": [28.75, 0, 0]
					}
				},
				"hand_left": {
					"rotation": [0, 0, -35]
				},
				"hand_right": {
					"rotation": [0, 0, 35]
				},
				"torso": {
					"rotation": ["Math.cos((query.anim_time-0.2) * 90 * 3.2*1) * 5", 0, "Math.sin((query.anim_time-0.2) * 90 * 3.2*1) * 4"],
					"position": {
						"0.0": [0, "Math.cos((query.anim_time-0.1) * 90 * 3.2*2) * 0.5", 0],
						"0.25": [0, "-0.75+Math.cos((query.anim_time-0.1) * 90 * 3.2*2) * 0.5", 0],
						"0.2917": [0, -0.51, 0],
						"0.375": [0, -0.57, 0],
						"0.5": [0, "0.5+Math.cos((query.anim_time-0.1) * 90 * 3.2*2) * 0.5", 0],
						"0.9583": [0, "-0.425+Math.cos((query.anim_time-0.1) * 90 * 3.2*2) * 0.5", 0],
						"1.0": [0, -0.51, 0],
						"1.0833": [0, -0.57, 0],
						"1.25": [0, "Math.cos((query.anim_time-0.1) * 90 * 3.2*2) * 0.5", 0]
					}
				},
				"foot_left": {
					"rotation": {
						"0.0": [-7.5, 0, 0],
						"0.0417": [-15, 0, 0],
						"0.125": [-6, 0, 0],
						"0.25": [17.5, 0, 0],
						"0.3333": [11.5, 0, 0],
						"0.4167": [-2.5, 0, 0],
						"0.5": [5.5, 0, 0],
						"0.75": [10, 0, 0],
						"0.9167": [60.83, 0, 0],
						"1.0": [67.5, 0, 0],
						"1.0833": [57.5, 0, 0],
						"1.25": [-7.5, 0, 0]
					}
				},
				"foot_right": {
					"rotation": {
						"0.0": [7.75, 0, 0],
						"0.125": [10, 0, 0],
						"0.2917": [60.83, 0, 0],
						"0.375": [67.5, 0, 0],
						"0.4583": [57.5, 0, 0],
						"0.625": [-7.5, 0, 0],
						"0.6667": [-15, 0, 0],
						"0.75": [-6, 0, 0],
						"0.875": [17.5, 0, 0],
						"0.9583": [11.5, 0, 0],
						"1.0417": [-2.5, 0, 0],
						"1.125": [5.5, 0, 0],
						"1.25": [7.75, 0, 0]
					}
				},
				"lightning_rod_glow": {
					"scale": 0.5
				}
			}
		},
		"animation.golett_copper.ground_idle": {
			"loop": true,
			"bones": {
				"torso": {
					"rotation": ["Math.cos((query.anim_time-0.6) * 90 * 1) * -1.9834", "Math.cos((query.anim_time-0.2) * 90 * 0.5) * 5", 0.15361],
					"position": [0, "0.25+Math.cos((query.anim_time-0.4) * 90 * 1) * 0.2", 0]
				},
				"arm_left": {
					"rotation": [0, "Math.cos((query.anim_time-0.8) * 90 * 1) * 6", 30]
				},
				"hand_left": {
					"rotation": ["Math.cos((query.anim_time-0.3) * 90 * 1) * -5", 0, -35]
				},
				"finger_left": {
					"rotation": [0, 0, -60]
				},
				"finger_left2": {
					"rotation": [0, 0, -62.5]
				},
				"finger_left3": {
					"rotation": [0, 0, -60]
				},
				"arm_right": {
					"rotation": [0, "Math.cos((query.anim_time-0.6) * 90 * 1) * 6", -30]
				},
				"hand_right": {
					"rotation": ["Math.cos((query.anim_time-0.3) * 90 * 1) * 5", 0, 35]
				},
				"finger_right": {
					"rotation": [0, 0, 60]
				},
				"finger_right2": {
					"rotation": [0, 0, 62.5]
				},
				"finger_right3": {
					"rotation": [0, 0, 60]
				},
				"head": {
					"rotation": [0, 0, 0]
				},
				"leg_right": {
					"rotation": [0, 12.5, 0]
				},
				"lightning_rod_glow": {
					"scale": 0.5
				}
			}
		},
		"animation.golett_copper.special_attack": {
			"animation_length": 2,
			"bones": {
				"torso": {
					"rotation": {
						"0.0": [-1.9834, 5, 0.15361],
						"0.25": {
							"pre": [15.4, 2.4, -2.2],
							"post": [15.4, 2.4, -2.2],
							"lerp_mode": "catmullrom"
						},
						"0.75": {
							"post": [-6.75, -2.2, 0.8],
							"lerp_mode": "catmullrom"
						},
						"1.0": {
							"post": [-14.25, -2.2, 0.8],
							"lerp_mode": "catmullrom"
						},
						"1.25": {
							"post": [-6.75, -2.24, 0.8],
							"lerp_mode": "catmullrom"
						},
						"1.5": {
							"post": [-14.25, -2.2, 0.8],
							"lerp_mode": "catmullrom"
						},
						"2.0": {
							"post": [-1.9834, 5, 0.15361],
							"lerp_mode": "catmullrom"
						}
					},
					"position": [0, 0.25, 0]
				},
				"arm_left": {
					"rotation": {
						"0.0": [0, 6, 30],
						"0.25": {
							"pre": [-30.3021, 26.56276, 34.06443],
							"post": [-30.3021, 26.56276, 34.06443],
							"lerp_mode": "catmullrom"
						},
						"0.5417": {
							"post": [-91.4, -0.25, 18.6],
							"lerp_mode": "catmullrom"
						},
						"0.75": {
							"post": [-168.5, 12.6, -4],
							"lerp_mode": "catmullrom"
						},
						"1.0": {
							"post": [-157.5, 16.25, -29.5],
							"lerp_mode": "catmullrom"
						},
						"1.25": {
							"post": [-168.5, 12.6, -4],
							"lerp_mode": "catmullrom"
						},
						"1.5": {
							"post": [-157.5, 16.25, -29.5],
							"lerp_mode": "catmullrom"
						},
						"2.0": {
							"post": [0, 6, 30],
							"lerp_mode": "catmullrom"
						}
					}
				},
				"hand_left": {
					"rotation": {
						"0.0": [-5, 0, -35],
						"0.25": {
							"pre": [-25.7, 22, -39],
							"post": [-25.7, 22, -39],
							"lerp_mode": "catmullrom"
						},
						"0.75": {
							"post": [-2.5, 2.5, -27.9],
							"lerp_mode": "catmullrom"
						},
						"1.0": {
							"post": [-8, 1.7, -42.8],
							"lerp_mode": "catmullrom"
						},
						"1.25": {
							"post": [-2.5, 2.5, -27.9],
							"lerp_mode": "catmullrom"
						},
						"1.5": {
							"post": [-8, 1.7, -42.8],
							"lerp_mode": "catmullrom"
						},
						"2.0": {
							"post": [-5, 0, -35],
							"lerp_mode": "catmullrom"
						}
					}
				},
				"finger_left": {
					"rotation": [0, 0, -60]
				},
				"finger_left2": {
					"rotation": [0, 0, -62.5]
				},
				"finger_left3": {
					"rotation": [0, 0, -60]
				},
				"arm_right": {
					"rotation": {
						"0.0": [0, -6, -30],
						"0.25": {
							"pre": [-30.3, -26.5, -34],
							"post": [-30.3, -26.5, -34],
							"lerp_mode": "catmullrom"
						},
						"0.5417": {
							"post": [-91.4, 0.25, -18.6],
							"lerp_mode": "catmullrom"
						},
						"0.75": {
							"post": [-168.5, -12.6, 4],
							"lerp_mode": "catmullrom"
						},
						"1.0": {
							"post": [-157.5, -16.25, 29.5],
							"lerp_mode": "catmullrom"
						},
						"1.25": {
							"post": [-168.5, -12.6, 4],
							"lerp_mode": "catmullrom"
						},
						"1.5": {
							"post": [-157.5, -16.25, 29.5],
							"lerp_mode": "catmullrom"
						},
						"2.0": {
							"post": [0, -6, -30],
							"lerp_mode": "catmullrom"
						}
					}
				},
				"hand_right": {
					"rotation": {
						"0.0": [5, 0, 35],
						"0.25": {
							"pre": [-25.7, -22, 39],
							"post": [-25.7, -22, 39],
							"lerp_mode": "catmullrom"
						},
						"0.75": {
							"post": [-2.5, -2.5, 27.9],
							"lerp_mode": "catmullrom"
						},
						"1.0": {
							"post": [-8, -1.7, 42.8],
							"lerp_mode": "catmullrom"
						},
						"1.25": {
							"post": [-2.5, -2.5, 27.9],
							"lerp_mode": "catmullrom"
						},
						"1.5": {
							"post": [-8, -1.7, 42.8],
							"lerp_mode": "catmullrom"
						},
						"2.0": [5, 0, 35]
					}
				},
				"finger_right": {
					"rotation": [0, 0, 60]
				},
				"finger_right2": {
					"rotation": [0, 0, 62.5]
				},
				"finger_right3": {
					"rotation": [0, 0, 60]
				},
				"head": {
					"rotation": {
						"0.0": [0, 0, 0],
						"0.25": {
							"pre": [12.5, 0, 0],
							"post": [12.5, 0, 0],
							"lerp_mode": "catmullrom"
						},
						"1.0417": {
							"post": [-7.5, 0, 0],
							"lerp_mode": "catmullrom"
						},
						"2.0": {
							"post": [0, 0, 0],
							"lerp_mode": "catmullrom"
						}
					}
				},
				"leg_right": {
					"rotation": [0, 12.5, 0]
				},
				"torso_glow": {
					"position": {
						"0.4583": [0, 0, 0],
						"0.5": [0, 0, -1],
						"1.75": [0, 0, -1],
						"1.7917": [0, 0, 0]
					}
				},
				"lightning_rod_glow": {
					"scale": {
						"0.0": [0.5, 0.5, 0.5],
						"0.4583": [0.5, 0.5, 0.5],
						"0.5": [1, 1, 1],
						"0.75": {
							"pre": [1.25, 1.25, 1.25],
							"post": [1.25, 1.25, 1.25],
							"lerp_mode": "catmullrom"
						},
						"1.0": {
							"post": [1, 1, 1],
							"lerp_mode": "catmullrom"
						},
						"1.25": {
							"post": [1.25, 1.25, 1.25],
							"lerp_mode": "catmullrom"
						},
						"1.5": {
							"post": [1, 1, 1],
							"lerp_mode": "catmullrom"
						},
						"1.75": {
							"post": [1.25, 1.25, 1.25],
							"lerp_mode": "catmullrom"
						},
						"2.0": {
							"post": [0.5, 0.5, 0.5],
							"lerp_mode": "catmullrom"
						}
					}
				},
				"eyelid_left": {
					"position": {
						"0.4583": [0, 0, 0],
						"0.5": [0, 0, -0.1],
						"1.75": [0, 0, -0.1],
						"1.7917": [0, 0, 0]
					}
				},
				"eyelid_right": {
					"position": {
						"0.4583": [0, 0, 0],
						"0.5": [0, 0, -0.1],
						"1.75": [0, 0, -0.1],
						"1.7917": [0, 0, 0]
					}
				}
			}
		},
		"animation.golett_copper.sleep": {
			"loop": true,
			"bones": {
				"body": {
					"rotation": [-90, -20, 0],
					"position": [0, -6, 0]
				},
				"torso": {
					"rotation": ["Math.cos((query.anim_time-0.4) * 90 * 1) * 1", 0, 0]
				},
				"arm_left": {
					"rotation": [9.26219, "-20.9096+Math.cos((query.anim_time-0.2) * 90 * 1) * -2", 11.94172]
				},
				"hand_left": {
					"rotation": [0, 0, -57.5]
				},
				"arm_right": {
					"rotation": [-173.85448, "24.3879+Math.cos((query.anim_time-0.2) * 90 * 1) * 2", -1.92924]
				},
				"hand_right": {
					"rotation": [-10, 0, 35]
				},
				"leg_left": {
					"rotation": [25.48184, -4.75113, -11.57518]
				},
				"leg_right": {
					"rotation": [32.98184, 4.75113, 11.57518]
				},
				"lightning_rod_glow": {
					"scale": 0.5
				}
			}
		},
		"animation.golett_copper.faint": {
			"loop": true,
			"animation_length": 3,
			"bones": {
				"body": {
					"rotation": {
						"0.0": [0, 0, 0],
						"0.75": [-7.5, 0, 0],
						"1.125": [-14.75, 0, 0],
						"1.3333": [-32.83, 0, 0],
						"1.4167": [-46.42, 0, 0],
						"1.5417": [-90, 0, 0],
						"1.5833": [-100, 0, 0],
						"1.625": [-99.25, 0, 0],
						"1.7083": [-92.5, 0, 0]
					},
					"position": {
						"0.0": [0, -2, 0],
						"0.0417": [0, 2.28, 0.06],
						"0.125": [0, 3.33, 0.17],
						"0.2917": [0, 2.61, 0.23],
						"0.3333": [0, -0.11, 0.28],
						"0.75": [0, 0, 1],
						"1.0": [0, -0.17, 2.35],
						"1.2083": [0, -0.5, 5.27],
						"1.375": [0, -2.32, 9.54],
						"1.5": [0, -7, 11.25],
						"1.5417": [0, -6.75, 11.25],
						"1.625": [0, -6.425, 12],
						"1.6667": [0, -6.425, 12.075],
						"1.7083": [0, -6.425, 12.25]
					}
				},
				"torso": {
					"rotation": {
						"0.0": [15, 0, 0],
						"0.2083": [0, 0, 0],
						"0.3333": [-2.5, 0, 0],
						"0.5417": [0, 0, 0],
						"1.125": [2, 0, 0],
						"1.2917": [17, 0, 0],
						"1.4167": [19.5, 0, 0],
						"1.5": [3.5, 0, 0]
					},
					"position": {
						"0.0": [0, 0, 0],
						"0.0833": [0, -0.74968, 0.02181],
						"0.2917": [0, 0, 0],
						"0.375": [0, -0.99786, 0.0654],
						"0.4583": [0, -0.0032, -0.00991]
					}
				},
				"arm_left": {
					"rotation": {
						"0.0": [42.5, 0, 20],
						"0.125": [-103.18182, 0, -3.18182],
						"0.2083": [-155.98864, 0, -16.42614],
						"0.2917": [-178.03036, 0.34723, -32.49403],
						"0.375": [-181.00876, 0.81867, -9.49984],
						"0.4167": [-185.94621, 0.93016, -11.02676],
						"0.4583": [-191, 0, -22.5],
						"0.5417": [-188.65973, -0.7547, -27.44286],
						"1.1667": [-181, 0, -29.5],
						"1.2917": [-148.5, 1.5, -29.5],
						"1.375": [-97.86139, 3.24262, -7.22286],
						"1.5417": [-100.88896, -43.70653, 0.79603],
						"1.5833": [-98.19088, -16.56545, -4.42536],
						"1.6667": [-97.84943, 0.76607, -6.881],
						"1.7917": [-98.44059, -21.51295, -3.66061],
						"1.8333": [-98.77373, -26.45673, -0.84185],
						"2.0833": [-100.64358, -28.32226, -0.09934]
					}
				},
				"hand_left": {
					"rotation": {
						"0.0": [0, 0, -20],
						"0.125": [0, 0, -35],
						"0.2917": [0, 0, -20],
						"0.4167": [0, 0, -37.5],
						"0.5": [0, 0, -30],
						"1.0": [0, 0, -30],
						"1.2917": [25, 0, -30],
						"1.4583": [24.24769, -6.27967, -16.35027],
						"1.5833": [24.81197, 3.1622, -36.80423],
						"1.6667": [24.97911, -1.05627, -27.73397],
						"1.75": [24.81197, -2.1622, -23.94577],
						"1.8333": [24.97911, -1.05627, -30.73397],
						"1.875": [21.99054, 3.19908, -47.62113],
						"1.9167": [21.65525, 5.0588, -52.2747],
						"2.0": [21.99054, 3.19908, -47.62113]
					}
				},
				"finger_left": {
					"rotation": [0, 0, -50]
				},
				"finger_left2": {
					"rotation": [0, 0, -55]
				},
				"finger_left3": {
					"rotation": [0, 0, -50]
				},
				"arm_right": {
					"rotation": {
						"0.0": [42.5, 0, -20],
						"0.125": [-103.18182, 0, 3.18182],
						"0.2083": [-155.98864, 0, 16.42614],
						"0.2917": [-178.03036, -0.34723, 32.49403],
						"0.375": [-181.00876, -0.81867, 9.49984],
						"0.4167": [-185.94621, -0.93016, 11.02676],
						"0.4583": [-191, 0, 22.5],
						"0.5417": [-188.65973, 0.7547, 27.44286],
						"1.1667": [-181, 0, 29.5],
						"1.2917": [-148.5, -1.5, 29.5],
						"1.375": [-97.86139, -3.24262, 7.22286],
						"1.5417": [-100.88896, 43.70653, -0.79603],
						"1.5833": [-98.19088, 16.56545, 4.42536],
						"1.6667": [-97.84943, -0.76607, 6.881],
						"1.7917": [-98.44059, 21.51295, 3.66061],
						"1.8333": [-98.77373, 26.45673, 0.84185],
						"2.0833": [-100.64358, 28.32226, 0.09934]
					}
				},
				"hand_right": {
					"rotation": {
						"0.0": [0, 0, 20],
						"0.125": [0, 0, 35],
						"0.2917": [0, 0, 20],
						"0.4167": [0, 0, 37.5],
						"0.5": [0, 0, 30],
						"1.0": [0, 0, 30],
						"1.2917": [25, 0, 30],
						"1.4583": [24.24769, 6.27967, 16.35027],
						"1.5833": [24.81197, -3.1622, 36.80423],
						"1.6667": [24.97911, 1.05627, 27.73397],
						"1.75": [24.81197, 2.1622, 23.94577],
						"1.8333": [24.97911, 1.05627, 30.73397],
						"1.875": [21.99054, -3.19908, 47.62113],
						"1.9167": [21.65525, -5.0588, 52.2747],
						"2.0": [21.99054, -3.19908, 47.62113]
					}
				},
				"finger_right": {
					"rotation": [0, 0, 50]
				},
				"finger_right2": {
					"rotation": [0, 0, 55]
				},
				"finger_right3": {
					"rotation": [0, 0, 50]
				},
				"eyelid_left": {
					"position": {
						"0.0833": [0, 0, 0],
						"0.125": [0, -0.01242, -0.10233],
						"0.2083": [0, -0.01242, -0.10233],
						"0.25": [0, 0, 0],
						"0.4167": [0, 0, 0],
						"0.4583": [0, -0.01242, -0.10233],
						"0.5417": [0, -0.01242, -0.10233],
						"0.5833": [0, 0, 0],
						"0.7083": [0, 0, 0],
						"0.75": [0, -0.01242, -0.10233],
						"0.875": [0, -0.01242, -0.10233],
						"0.9167": [0, 0, 0],
						"1.0833": [0, 0, 0],
						"1.125": [0, -0.01242, -0.10233],
						"1.2083": [0, -0.01242, -0.10233],
						"1.25": [0, 0, 0]
					}
				},
				"eyelid_right": {
					"position": {
						"0.0833": [0, 0, 0],
						"0.125": [0, -0.01242, -0.10233],
						"0.2083": [0, -0.01242, -0.10233],
						"0.25": [0, 0, 0],
						"0.4167": [0, 0, 0],
						"0.4583": [0, -0.01242, -0.10233],
						"0.5417": [0, -0.01242, -0.10233],
						"0.5833": [0, 0, 0],
						"0.7083": [0, 0, 0],
						"0.75": [0, -0.01242, -0.10233],
						"0.875": [0, -0.01242, -0.10233],
						"0.9167": [0, 0, 0],
						"1.0833": [0, 0, 0],
						"1.125": [0, -0.01242, -0.10233],
						"1.2083": [0, -0.01242, -0.10233],
						"1.25": [0, 0, 0]
					}
				},
				"leg_left": {
					"rotation": {
						"0.0": [0, 0, 0],
						"0.75": [0, 0, 0],
						"1.5": [0, 0, 0],
						"1.5833": [25, 0, 0],
						"1.625": [21.88, 0, 0],
						"1.7083": [-1.25, 0, 0],
						"1.75": [-2.5, 0, 0],
						"1.8333": [15, 0, 0],
						"1.875": [18.5, 0, 0],
						"1.9583": [21, 0, 0]
					},
					"position": {
						"0.0": [0, 2, 0],
						"0.0833": [0, -0.19989, 0.05454],
						"0.2083": [0, -0.99802, 0.10906],
						"0.2917": [0, -0.82935, 0.09544],
						"0.375": [0, -0.00169, 0.05186]
					}
				},
				"foot_left": {
					"rotation": {
						"0.3333": [0, 0, 0],
						"1.3333": [0, 0, 0],
						"1.4583": [2.5, 0, 0],
						"1.5833": [11, 0, 0],
						"1.625": [13.5, 0, 0],
						"1.7083": [19, 0, 0],
						"1.75": [21.5, 0, 0],
						"1.8333": [24, 0, 0]
					}
				},
				"leg_right": {
					"rotation": {
						"0.0": [0, 0, 0],
						"0.75": [0, 0, 0],
						"1.5417": [0, 0, 0],
						"1.625": [25, 0, 0],
						"1.6667": [21.88, 0, 0],
						"1.75": [-1.25, 0, 0],
						"1.7917": [-2.5, 0, 0],
						"1.875": [15, 0, 0],
						"1.9167": [18.5, 0, 0],
						"2.0": [21, 0, 0]
					},
					"position": {
						"0.0": [0, 2, 0],
						"0.0833": [0, -0.19989, 0.05454],
						"0.2083": [0, -0.99802, 0.10906],
						"0.2917": [0, -0.82935, 0.09544],
						"0.375": [0, -0.00169, 0.05186]
					}
				},
				"foot_right": {
					"rotation": {
						"0.3333": [0, 0, 0],
						"1.375": [0, 0, 0],
						"1.5": [2.5, 0, 0],
						"1.625": [11, 0, 0],
						"1.6667": [13.5, 0, 0],
						"1.75": [19, 0, 0],
						"1.7917": [21.5, 0, 0],
						"1.875": [24, 0, 0]
					}
				},
				"torso_glow": {
					"position": {
						"0.0833": [0, 0, 0],
						"0.125": [0, 0, -1],
						"0.2083": [0, 0, -1],
						"0.25": [0, 0, 0],
						"0.4167": [0, 0, 0],
						"0.4583": [0, 0, -1],
						"0.5417": [0, 0, -1],
						"0.5833": [0, 0, 0],
						"0.7083": [0, 0, 0],
						"0.75": [0, 0, -1],
						"0.875": [0, 0, -1],
						"0.9167": [0, 0, 0],
						"1.0833": [0, 0, 0],
						"1.125": [0, 0, -1],
						"1.2083": [0, 0, -1],
						"1.25": [0, 0, 0]
					}
				},
				"lightning_rod_glow": {
					"scale": 0.5
				}
			}
		},
		"animation.golett_copper.blink": {
			"animation_length": 0.1667,
			"bones": {
				"eyelid_right": {
					"position": {
						"0.0": [0, 0, -0.1],
						"0.125": [0, 0, -0.1],
						"0.1667": [0, 0, 0]
					}
				},
				"eyelid_left": {
					"position": {
						"0.0": [0, 0, -0.1],
						"0.125": [0, 0, -0.1],
						"0.1667": [0, 0, 0]
					}
				}
			}
		},
		"animation.golett_copper.cry": {
			"animation_length": 1.5,
			"bones": {
				"neck": {
					"rotation": {
						"0.0": [0, 0, 0],
						"0.25": [10, 0, 0],
						"1.25": [10, 0, 0],
						"1.5": [0, 0, 0]
					}
				},
				"mouth": {
					"position": {
						"0.0": [0, 0, 0],
						"0.25": [0, -2, 0],
						"1.25": [0, -2, 0],
						"1.5": [0, 0, 0]
					}
				},
				"mouth2": {
					"position": {
						"0.0": [0, 0, 0],
						"0.25": [0, -5, 0],
						"1.25": [0, -5, 0],
						"1.5": [0, 0, 0]
					}
				},
				"jaw": {
					"position": {
						"0.0": [0, 0, 0],
						"0.25": [0, -3, 0],
						"1.25": [0, -3, 0],
						"1.5": [0, 0, 0]
					}
				},
				"head": {
					"rotation": {
						"0.0": {
							"post": [0, 0, 0],
							"lerp_mode": "catmullrom"
						},
						"0.0833": {
							"post": [2.5, 0, 0],
							"lerp_mode": "catmullrom"
						},
						"0.25": {
							"post": [-2.5, 0, 0],
							"lerp_mode": "catmullrom"
						},
						"1.25": {
							"post": [-7.5, 0, 0],
							"lerp_mode": "catmullrom"
						},
						"1.5": {
							"post": [0, 0, 0],
							"lerp_mode": "catmullrom"
						}
					}
				},
				"head2": {
					"rotation": {
						"0.0": [0, 0, 0],
						"0.25": [-15, 0, 0],
						"1.25": [-15, 0, 0],
						"1.5": [0, 0, 0]
					}
				},
				"mouth_closed2": {
					"position": {
						"0.25": [0, 0, -0.1],
						"0.3333": [0, 0, 0],
						"1.1667": [0, 0, 0],
						"1.25": [0, 0, -0.1]
					}
				},
				"mouth_open2": {
					"position": {
						"0.0": [0, 0, 0.1],
						"0.25": [0, 0, 0],
						"1.25": [0, 0, 0],
						"1.5": [0, 0, 0.1]
					}
				},
				"head3": {
					"rotation": {
						"0.0": [0, 0, 0],
						"0.25": [-15, 0, 0],
						"1.25": [-15, 0, 0],
						"1.5": [0, 0, 0]
					}
				},
				"mouth_closed3": {
					"position": {
						"0.25": [0, 0, -0.1],
						"0.3333": [0, 0, 0],
						"1.1667": [0, 0, 0],
						"1.25": [0, 0, -0.1]
					}
				},
				"mouth_open3": {
					"position": {
						"0.0": [0, 0, 0.1],
						"0.25": [0, 0, 0],
						"1.25": [0, 0, 0],
						"1.5": [0, 0, 0.1]
					}
				},
				"mouth_closed": {
					"position": {
						"0.25": [0, 0, 0],
						"0.3333": [0, 0, 0.1],
						"1.1667": [0, 0, 0.1],
						"1.25": [0, 0, 0]
					}
				},
				"mouth_open": {
					"position": {
						"0.0": [0, 0, 0],
						"0.25": [0, 0, -0.1],
						"1.25": [0, 0, -0.1],
						"1.5": [0, 0, 0]
					}
				},
				"torso_glow": {
					"position": {
						"0.2083": [0, 0, 0],
						"0.25": [0, 0, -1],
						"1.25": [0, 0, -1],
						"1.2917": [0, 0, 0]
					}
				},
				"lightning_rod_glow": {
					"scale": {
						"0.0": [0, 0, 0],
						"0.25": [0, 0, 0],
						"0.5": [2, 2, 2],
						"0.75": [2.25, 2.25, 2.25],
						"1.0": [2, 2, 2],
						"1.25": [2.25, 2.25, 2.25],
						"1.5": [0, 0, 0]
					}
				},
				"eyelid_left": {
					"position": {
						"0.2083": [0, 0, 0],
						"0.25": [0, 0, -0.1],
						"1.25": [0, 0, -0.1],
						"1.2917": [0, 0, 0]
					}
				},
				"eyelid_right": {
					"position": {
						"0.2083": [0, 0, 0],
						"0.25": [0, 0, -0.1],
						"1.25": [0, 0, -0.1],
						"1.2917": [0, 0, 0]
					}
				}
			},
			"sound_effects": {
				"0.0417": {
					"effect": "pokemon.golett.cry"
				}
			}
		}
	}
}