{
	"format_version": "1.8.0",
	"animations": {
		"animation.goodra_bogland.ground_idle": {
			"loop": true,
			"bones": {
				"chest2": {
					"rotation": {
						"0.0": {
							"post": [0, 0, 0],
							"lerp_mode": "catmullrom"
						}
					},
					"position": {
						"0.0": {
							"post": [0, -1, -1],
							"lerp_mode": "catmullrom"
						}
					}
				},
				"arm_left": {
					"rotation": {
						"0.0": {
							"post": [-48, 42.5, -26],
							"lerp_mode": "catmullrom"
						}
					}
				},
				"arm_left2": {
					"rotation": {
						"0.0": {
							"post": [-19, 26, -24],
							"lerp_mode": "catmullrom"
						}
					}
				},
				"arm_slime_left": {
					"rotation": {
						"0.0": {
							"post": [71, -23, 8],
							"lerp_mode": "catmullrom"
						}
					}
				},
				"arm_slime_left2": {
					"rotation": {
						"0.0": {
							"post": [72.5, 0, 0],
							"lerp_mode": "catmullrom"
						}
					}
				},
				"arm_right": {
					"rotation": {
						"0.0": {
							"post": [-34, -60, -0.5],
							"lerp_mode": "catmullrom"
						}
					}
				},
				"arm_right2": {
					"rotation": {
						"0.0": {
							"post": [-10, -25, 44],
							"lerp_mode": "catmullrom"
						}
					}
				},
				"arm_slime_right": {
					"rotation": {
						"0.0": {
							"post": [75, 6, -8],
							"lerp_mode": "catmullrom"
						}
					}
				},
				"arm_slime_right2": {
					"rotation": {
						"0.0": {
							"post": [75, 0, 0],
							"lerp_mode": "catmullrom"
						}
					}
				},
				"neck": {
					"rotation": {
						"0.0": {
							"post": [0, 0, 0],
							"lerp_mode": "catmullrom"
						}
					}
				},
				"neck2": {
					"rotation": {
						"0.0": {
							"post": [27.5, 0, 0],
							"lerp_mode": "catmullrom"
						}
					},
					"position": {
						"0.0": {
							"post": [0, -1, 0],
							"lerp_mode": "catmullrom"
						}
					}
				},
				"neck3": {
					"rotation": {
						"0.0": {
							"post": [40, 0, 0],
							"lerp_mode": "catmullrom"
						}
					},
					"position": {
						"0.0": {
							"post": [0, -1, 1],
							"lerp_mode": "catmullrom"
						}
					}
				},
				"head_ai": {
					"rotation": {
						"0.0": {
							"post": [-145, 0, 0],
							"lerp_mode": "catmullrom"
						}
					},
					"position": {
						"0.0": {
							"post": [0, 3, -2],
							"lerp_mode": "catmullrom"
						}
					}
				},
				"chin_slime": {
					"rotation": {
						"0.0": {
							"post": [-90, 0, 90],
							"lerp_mode": "catmullrom"
						}
					},
					"position": {
						"0.0": {
							"post": [0, 0, -3],
							"lerp_mode": "catmullrom"
						}
					}
				},
				"antenna_back_left_rotation": {
					"rotation": [-36.35158, 22.52101, 2.22641]
				},
				"antenna_back_left2": {
					"rotation": {
						"0.0": {
							"post": [-51, -35, 91],
							"lerp_mode": "catmullrom"
						}
					}
				},
				"antenna_back_left3": {
					"rotation": {
						"0.0": {
							"post": [7.4, 1.3, -10],
							"lerp_mode": "catmullrom"
						}
					}
				},
				"antenna_back_left4": {
					"rotation": {
						"0.0": {
							"post": [-30, 6, 11],
							"lerp_mode": "catmullrom"
						}
					}
				},
				"antenna_back_left5": {
					"rotation": {
						"0.0": {
							"post": [-25, 10.5, -13],
							"lerp_mode": "catmullrom"
						}
					}
				},
				"antenna_back_left6": {
					"rotation": {
						"0.0": {
							"post": [-25, 7, -3],
							"lerp_mode": "catmullrom"
						}
					}
				},
				"antenna_back_left7": {
					"rotation": {
						"0.0": {
							"post": [22.5, 0, 0],
							"lerp_mode": "catmullrom"
						}
					}
				},
				"antenna_back_right_rotation": {
					"rotation": [-36.35158, -22.52101, -2.22641]
				},
				"antenna_back_right2": {
					"rotation": {
						"0.0": {
							"post": [-44, 32, -100],
							"lerp_mode": "catmullrom"
						}
					}
				},
				"antenna_back_right3": {
					"rotation": {
						"0.0": {
							"post": [-7, 1.6, 12.4],
							"lerp_mode": "catmullrom"
						}
					}
				},
				"antenna_back_right4": {
					"rotation": {
						"0.0": {
							"post": [-3, -7.3, 7],
							"lerp_mode": "catmullrom"
						}
					}
				},
				"antenna_back_right5": {
					"rotation": {
						"0.0": {
							"post": [-25, 0, 0],
							"lerp_mode": "catmullrom"
						}
					}
				},
				"antenna_back_right6": {
					"rotation": {
						"0.0": {
							"post": [-25, -9, -1],
							"lerp_mode": "catmullrom"
						}
					}
				},
				"antenna_back_right7": {
					"rotation": {
						"0.0": {
							"post": [22.5, 0, 0],
							"lerp_mode": "catmullrom"
						}
					}
				},
				"tail2": {
					"rotation": {
						"0.0": {
							"post": [-10, 0, 0],
							"lerp_mode": "catmullrom"
						}
					},
					"position": {
						"0.0": {
							"post": [0, -1, -1],
							"lerp_mode": "catmullrom"
						}
					}
				},
				"leg_left": {
					"rotation": {
						"0.0": {
							"post": [28, 1.8, -16],
							"lerp_mode": "catmullrom"
						}
					}
				},
				"leg_right": {
					"rotation": {
						"0.0": {
							"post": [29, -6.5, 20],
							"lerp_mode": "catmullrom"
						}
					}
				},
				"hand_left": {
					"rotation": [0, 10, 0]
				},
				"hand_right": {
					"rotation": [0, -10, 0]
				},
				"body": {
					"position": {
						"0.0": {
							"post": [0, -2, 8],
							"lerp_mode": "catmullrom"
						}
					}
				},
				"torso": {
					"rotation": {
						"0.0": {
							"post": [55, 0, 0],
							"lerp_mode": "catmullrom"
						}
					},
					"position": {
						"0.0": {
							"post": [0, -2, 8],
							"lerp_mode": "catmullrom"
						}
					}
				},
				"chest": {
					"rotation": {
						"0.0": {
							"post": [22.5, 0, 0],
							"lerp_mode": "catmullrom"
						}
					},
					"position": {
						"0.0": {
							"post": [0, -1, -2.25],
							"lerp_mode": "catmullrom"
						}
					}
				},
				"muzzle": {
					"rotation": {
						"0.0": {
							"post": [12.5, 0, 0],
							"lerp_mode": "catmullrom"
						}
					},
					"position": {
						"0.0": {
							"post": [0, 0, 0.25],
							"lerp_mode": "catmullrom"
						}
					}
				},
				"antenna_front_left_rotation": {
					"rotation": {
						"0.0": {
							"post": [76, -22, 4],
							"lerp_mode": "catmullrom"
						}
					},
					"position": {
						"0.0": {
							"post": [0, 0, -2],
							"lerp_mode": "catmullrom"
						}
					}
				},
				"antenna_front_right_rotation": {
					"rotation": {
						"0.0": {
							"post": [78, 17, -2],
							"lerp_mode": "catmullrom"
						}
					},
					"position": {
						"0.0": {
							"post": [0, 0, -2],
							"lerp_mode": "catmullrom"
						}
					}
				},
				"tail": {
					"rotation": {
						"0.0": {
							"post": [-57.5, 0, 0],
							"lerp_mode": "catmullrom"
						}
					},
					"position": {
						"0.0": {
							"post": [0, 9, 0],
							"lerp_mode": "catmullrom"
						}
					}
				},
				"tail3": {
					"rotation": {
						"0.0": {
							"post": [-15, 0, 0],
							"lerp_mode": "catmullrom"
						}
					},
					"position": {
						"0.0": {
							"post": [0, -3, -2],
							"lerp_mode": "catmullrom"
						}
					}
				},
				"tail4": {
					"rotation": {
						"0.0": {
							"post": [-42.5, 0, 0],
							"lerp_mode": "catmullrom"
						}
					},
					"position": {
						"0.0": {
							"post": [0, -1, -2],
							"lerp_mode": "catmullrom"
						}
					}
				},
				"tail5": {
					"rotation": {
						"0.0": {
							"post": [-15, 0, 0],
							"lerp_mode": "catmullrom"
						}
					}
				},
				"leg_left2": {
					"rotation": {
						"0.0": {
							"post": [0, 0, 5],
							"lerp_mode": "catmullrom"
						}
					}
				},
				"leg_left3": {
					"rotation": {
						"0.0": {
							"post": [-17.5, 0, 15],
							"lerp_mode": "catmullrom"
						}
					},
					"position": {
						"0.0": {
							"post": [0, 1, -1],
							"lerp_mode": "catmullrom"
						}
					}
				},
				"foot_left": {
					"rotation": {
						"0.0": {
							"post": [-7.5, 0, 0],
							"lerp_mode": "catmullrom"
						}
					}
				},
				"leg_right2": {
					"rotation": {
						"0.0": {
							"post": [-10.7, -7.3, -2.5],
							"lerp_mode": "catmullrom"
						}
					}
				},
				"leg_right3": {
					"rotation": {
						"0.0": {
							"post": [-10.2, 9, -16.8],
							"lerp_mode": "catmullrom"
						}
					},
					"position": {
						"0.0": {
							"post": [0, 0.5, -1],
							"lerp_mode": "catmullrom"
						}
					}
				},
				"foot_right": {
					"rotation": {
						"0.0": {
							"post": [-5, 0, 0],
							"lerp_mode": "catmullrom"
						}
					}
				}
			}
		},
		"animation.goodra_bogland.ground_walk": {
			"loop": true,
			"bones": {
				"chest2": {
					"rotation": {
						"0.0": {
							"post": ["-20-math.sin(q.anim_time*90*4-90)*1", 0, 0],
							"lerp_mode": "catmullrom"
						}
					},
					"position": {
						"0.0": {
							"post": [0, -1, 0],
							"lerp_mode": "catmullrom"
						}
					}
				},
				"arm_left": {
					"rotation": {
						"0.0": {
							"post": [34, "58+math.sin(q.anim_time*90*2-90)*10", 17],
							"lerp_mode": "catmullrom"
						}
					}
				},
				"arm_left2": {
					"rotation": {
						"0.0": {
							"post": [3.4, "50-math.sin(q.anim_time*90*2-90)*5", "20-math.sin(q.anim_time*90*2-90)*10"],
							"lerp_mode": "catmullrom"
						}
					}
				},
				"arm_slime_left": {
					"rotation": {
						"0.0": {
							"post": [0, 0, 0],
							"lerp_mode": "catmullrom"
						}
					}
				},
				"arm_slime_left2": {
					"rotation": {
						"0.0": {
							"post": [0, 0, 0],
							"lerp_mode": "catmullrom"
						}
					}
				},
				"arm_right": {
					"rotation": {
						"0.0": {
							"post": [40, "-64+math.sin(q.anim_time*90*2-90)*10", -25],
							"lerp_mode": "catmullrom"
						}
					}
				},
				"arm_right2": {
					"rotation": {
						"0.0": {
							"post": [13, "-41-math.sin(q.anim_time*90*2-90)*5", "-8-math.sin(q.anim_time*90*2-90)*10"],
							"lerp_mode": "catmullrom"
						}
					}
				},
				"arm_slime_right": {
					"rotation": {
						"0.0": {
							"post": [0, 0, 0],
							"lerp_mode": "catmullrom"
						}
					}
				},
				"arm_slime_right2": {
					"rotation": {
						"0.0": {
							"post": [0, 0, 0],
							"lerp_mode": "catmullrom"
						}
					}
				},
				"neck": {
					"rotation": {
						"0.0": {
							"post": ["-30+math.sin(q.anim_time*90*4-90)*2", 0, 0],
							"lerp_mode": "catmullrom"
						}
					}
				},
				"neck2": {
					"rotation": {
						"0.0": {
							"post": ["27.5-math.sin(q.anim_time*90*4-90)*2", 0, 0],
							"lerp_mode": "catmullrom"
						}
					},
					"position": {
						"0.0": {
							"post": [0, -1, 0],
							"lerp_mode": "catmullrom"
						}
					}
				},
				"neck3": {
					"rotation": {
						"0.0": {
							"post": ["17.5-math.sin(q.anim_time*90*4-90)*4", 0, 0],
							"lerp_mode": "catmullrom"
						}
					},
					"position": {
						"0.0": {
							"post": [0, -1, 1],
							"lerp_mode": "catmullrom"
						}
					}
				},
				"head_ai": {
					"rotation": {
						"0.0": {
							"post": ["-45+math.sin(q.anim_time*90*4-90)*2", 0, 0],
							"lerp_mode": "catmullrom"
						}
					},
					"position": {
						"0.0": {
							"post": [0, 2, -3],
							"lerp_mode": "catmullrom"
						}
					}
				},
				"chin_slime": {
					"rotation": {
						"0.0": {
							"post": [-90, "-90-math.sin(q.anim_time*90*2-90)*20", "90+math.sin(q.anim_time*90*2-90)*20"],
							"lerp_mode": "catmullrom"
						}
					},
					"position": {
						"0.0": {
							"post": [0, 0, -1],
							"lerp_mode": "catmullrom"
						}
					}
				},
				"antenna_back_left_rotation": {
					"rotation": [-36.35158, 22.52101, 2.22641]
				},
				"antenna_back_left2": {
					"rotation": {
						"0.0": {
							"post": ["-51-math.sin(q.anim_time*90*2-90)*2", -35.2, "91+math.sin(q.anim_time*90*2-90)*2"],
							"lerp_mode": "catmullrom"
						}
					}
				},
				"antenna_back_left3": {
					"rotation": {
						"0.0": {
							"post": ["16-math.sin(q.anim_time*90*2-90)*2", -4, "32+math.sin(q.anim_time*90*2-90)*2"],
							"lerp_mode": "catmullrom"
						}
					}
				},
				"antenna_back_left4": {
					"rotation": {
						"0.0": {
							"post": ["30-math.sin(q.anim_time*90*2-90)*2", -7, "17+math.sin(q.anim_time*90*2-90)*2"],
							"lerp_mode": "catmullrom"
						}
					}
				},
				"antenna_back_left5": {
					"rotation": {
						"0.0": {
							"post": ["-26-math.sin(q.anim_time*90*2-90)*2", 7, "-20+math.sin(q.anim_time*90*2-90)*2"],
							"lerp_mode": "catmullrom"
						}
					}
				},
				"antenna_back_left6": {
					"rotation": {
						"0.0": {
							"post": ["-48-math.sin(q.anim_time*90*2-90)*2", 7, "-3+math.sin(q.anim_time*90*2-90)*2"],
							"lerp_mode": "catmullrom"
						}
					}
				},
				"antenna_back_left7": {
					"rotation": {
						"0.0": {
							"post": ["-45-math.sin(q.anim_time*90*2-90)*2", 0, "0+math.sin(q.anim_time*90*2-90)*2"],
							"lerp_mode": "catmullrom"
						}
					}
				},
				"antenna_back_right_rotation": {
					"rotation": [-36.35158, -22.52101, -2.22641]
				},
				"antenna_back_right2": {
					"rotation": {
						"0.0": {
							"post": ["-44-math.sin(q.anim_time*90*2-90)*2", 32, "-100-math.sin(q.anim_time*90*2-90)*2"],
							"lerp_mode": "catmullrom"
						}
					}
				},
				"antenna_back_right3": {
					"rotation": {
						"0.0": {
							"post": ["25.5-math.sin(q.anim_time*90*2-90)*2", 4, "-26+math.sin(q.anim_time*90*2-90)*2"],
							"lerp_mode": "catmullrom"
						}
					}
				},
				"antenna_back_right4": {
					"rotation": {
						"0.0": {
							"post": ["12-math.sin(q.anim_time*90*2-90)*2", 5, "-29+math.sin(q.anim_time*90*2-90)*2"],
							"lerp_mode": "catmullrom"
						}
					}
				},
				"antenna_back_right5": {
					"rotation": {
						"0.0": {
							"post": ["-48+math.sin(q.anim_time*90*2-90)*2", 15, "13+math.sin(q.anim_time*90*2-90)*2"],
							"lerp_mode": "catmullrom"
						}
					}
				},
				"antenna_back_right6": {
					"rotation": {
						"0.0": {
							"post": ["-33+math.sin(q.anim_time*90*2-90)*2", -16, "-12+math.sin(q.anim_time*90*2-90)*2"],
							"lerp_mode": "catmullrom"
						}
					}
				},
				"antenna_back_right7": {
					"rotation": {
						"0.0": {
							"post": ["-37.5+math.sin(q.anim_time*90*2-90)*2", 0, "0+math.sin(q.anim_time*90*2-90)*2"],
							"lerp_mode": "catmullrom"
						}
					}
				},
				"tail2": {
					"rotation": {
						"0.0": {
							"post": [-2.5, "0+math.sin(q.anim_time*90*2-90)*5", 0],
							"lerp_mode": "catmullrom"
						}
					},
					"position": {
						"0.0": {
							"post": [0, -1, -1],
							"lerp_mode": "catmullrom"
						}
					}
				},
				"leg_left": {
					"rotation": {
						"0.0": {
							"post": ["3+math.sin(q.anim_time*90*2-90)*20", 1.75, -16],
							"lerp_mode": "catmullrom"
						}
					}
				},
				"leg_right": {
					"rotation": {
						"0.0": {
							"post": ["4.6-math.sin(q.anim_time*90*2-90)*20", -1.5, 11.2],
							"lerp_mode": "catmullrom"
						}
					}
				},
				"hand_left": {
					"rotation": [0, 10, 0]
				},
				"hand_right": {
					"rotation": [0, -10, 0]
				},
				"body": {
					"rotation": {
						"0.0": {
							"post": [0, 0, "0+math.sin(q.anim_time*90*2-90)*5"],
							"lerp_mode": "catmullrom"
						}
					},
					"position": {
						"0.0": {
							"post": ["0-math.sin(q.anim_time*90*2)*0.5", "0+math.sin(q.anim_time*90*4)*0.75", 8],
							"lerp_mode": "catmullrom"
						}
					}
				},
				"torso": {
					"rotation": {
						"0.0": {
							"post": [55, 0, 0],
							"lerp_mode": "catmullrom"
						}
					},
					"position": {
						"0.0": {
							"post": [0, 0, 8],
							"lerp_mode": "catmullrom"
						}
					}
				},
				"chest": {
					"rotation": {
						"0.0": {
							"post": ["0-math.sin(q.anim_time*90*4-90)*1", 0, 0],
							"lerp_mode": "catmullrom"
						}
					},
					"position": {
						"0.0": {
							"post": [0, -1, -0.25],
							"lerp_mode": "catmullrom"
						}
					}
				},
				"muzzle": {
					"rotation": {
						"0.0": {
							"post": [12.5, 0, 0],
							"lerp_mode": "catmullrom"
						}
					},
					"position": {
						"0.0": {
							"post": [0, 0, 0.25],
							"lerp_mode": "catmullrom"
						}
					}
				},
				"antenna_front_left_rotation": {
					"rotation": {
						"0.0": {
							"post": ["56-math.sin(q.anim_time*90*4-90)*7", -22, 4],
							"lerp_mode": "catmullrom"
						}
					},
					"position": {
						"0.0": {
							"post": [0, 0, -2],
							"lerp_mode": "catmullrom"
						}
					}
				},
				"antenna_front_right_rotation": {
					"rotation": {
						"0.0": {
							"post": ["56-math.sin(q.anim_time*90*4-90)*7", 17, -2],
							"lerp_mode": "catmullrom"
						}
					},
					"position": {
						"0.0": {
							"post": [0, 0, -2],
							"lerp_mode": "catmullrom"
						}
					}
				},
				"tail": {
					"rotation": {
						"0.0": {
							"post": [-55, "0-math.sin(q.anim_time*90*2-90)*5", "0-math.sin(q.anim_time*90*2-90)*5"],
							"lerp_mode": "catmullrom"
						}
					},
					"position": {
						"0.0": {
							"post": [0, 9, 0],
							"lerp_mode": "catmullrom"
						}
					}
				},
				"tail3": {
					"rotation": {
						"0.0": {
							"post": [-10, "0+math.sin(q.anim_time*90*2-90)*5", 0],
							"lerp_mode": "catmullrom"
						}
					},
					"position": {
						"0.0": {
							"post": [0, -3, -2],
							"lerp_mode": "catmullrom"
						}
					}
				},
				"tail4": {
					"rotation": {
						"0.0": {
							"post": [-35, "0+math.sin(q.anim_time*90*2-90)*5", 0],
							"lerp_mode": "catmullrom"
						}
					},
					"position": {
						"0.0": {
							"post": [0, -1, -2],
							"lerp_mode": "catmullrom"
						}
					}
				},
				"tail5": {
					"rotation": {
						"0.0": {
							"post": [-5, "0+math.sin(q.anim_time*90*2-90)*5", 0],
							"lerp_mode": "catmullrom"
						}
					}
				},
				"leg_left2": {
					"rotation": {
						"0.0": {
							"post": ["0+math.sin(q.anim_time*90*2-90)*10", 0, 5],
							"lerp_mode": "catmullrom"
						}
					}
				},
				"leg_left3": {
					"rotation": {
						"0.0": {
							"post": ["5+math.sin(q.anim_time*90*2-90)*10", 0, 10],
							"lerp_mode": "catmullrom"
						}
					},
					"position": {
						"0.0": {
							"post": [0, 0, -1],
							"lerp_mode": "catmullrom"
						}
					}
				},
				"foot_left": {
					"rotation": {
						"0.0": {
							"post": ["0-math.sin(q.anim_time*90*2-90)*5", 0, 0],
							"lerp_mode": "catmullrom"
						}
					}
				},
				"leg_right2": {
					"rotation": {
						"0.0": {
							"post": ["1.7-math.sin(q.anim_time*90*2-90)*10", -7, -2.5],
							"lerp_mode": "catmullrom"
						}
					}
				},
				"leg_right3": {
					"rotation": {
						"0.0": {
							"post": ["1+math.sin(q.anim_time*90*2-90)*10", 10, -9],
							"lerp_mode": "catmullrom"
						}
					},
					"position": {
						"0.0": {
							"post": [0, 0.5, -1],
							"lerp_mode": "catmullrom"
						}
					}
				},
				"foot_right": {
					"rotation": {
						"0.0": {
							"post": ["-5-math.sin(q.anim_time*90*2-90)*5", 0, 0],
							"lerp_mode": "catmullrom"
						}
					}
				}
			}
		},
		"animation.goodra_bogland.blink": {
			"animation_length": 0.1667,
			"bones": {
				"eyelid_left": {
					"position": {
						"0.0": [0.1, 0, -0.1],
						"0.125": [0.1, 0, -0.1],
						"0.1667": [0, 0, 0]
					}
				},
				"eyelid_right": {
					"position": {
						"0.0": [-0.1, 0, -0.1],
						"0.125": [-0.1, 0, -0.1],
						"0.1667": [0, 0, 0]
					}
				},
				"eye_shine_left": {
					"position": {
						"0.0": [0, 0, 0.1],
						"0.1667": {"pre": [0, 0, 0.1], "post": [0, 0, 0]}
					}
				},
				"eye_shine_right": {
					"position": {
						"0.0": [0, 0, 0.1],
						"0.1667": {"pre": [0, 0, 0.1], "post": [0, 0, 0]}
					}
				}
			}
		},
		"animation.goodra_bogland.cry": {
			"animation_length": 1.2083,
			"bones": {
				"neck3": {
					"rotation": {
						"0.0": {
							"post": [0, 0, 0],
							"lerp_mode": "catmullrom"
						},
						"0.5417": {
							"post": [-20, 0, 0],
							"lerp_mode": "catmullrom"
						},
						"1.2083": {
							"post": [0, 0, 0],
							"lerp_mode": "catmullrom"
						}
					}
				},
				"head": {
					"rotation": {
						"0.0": {
							"post": [0, 0, 0],
							"lerp_mode": "catmullrom"
						},
						"0.1667": {
							"post": [-7.5, 0, 0],
							"lerp_mode": "catmullrom"
						},
						"0.5417": {
							"post": [-17.5, 0, 0],
							"lerp_mode": "catmullrom"
						},
						"0.7917": {
							"post": [-7.5, 0, 0],
							"lerp_mode": "catmullrom"
						},
						"1.2083": {
							"post": [0, 0, 0],
							"lerp_mode": "catmullrom"
						}
					}
				},
				"chin_slime": {
					"rotation": {
						"0.0": {
							"post": [0, 0, 0],
							"lerp_mode": "catmullrom"
						},
						"0.1667": {
							"post": [0, -42.5, 0],
							"lerp_mode": "catmullrom"
						},
						"0.5417": {
							"post": [0, -47.5, 0],
							"lerp_mode": "catmullrom"
						},
						"0.7917": {
							"post": [0, -42.5, 0],
							"lerp_mode": "catmullrom"
						},
						"1.2083": {
							"post": [0, 0, 0],
							"lerp_mode": "catmullrom"
						}
					},
					"position": {
						"0.0": {
							"post": [0, 0, 0],
							"lerp_mode": "catmullrom"
						},
						"0.1667": {
							"post": [0, 0, -2],
							"lerp_mode": "catmullrom"
						},
						"0.7917": {
							"post": [0, 0, -2],
							"lerp_mode": "catmullrom"
						},
						"1.2083": {
							"post": [0, 0, 0],
							"lerp_mode": "catmullrom"
						}
					}
				},
				"muzzle": {
					"rotation": {
						"0.0": {
							"post": [0, 0, 0],
							"lerp_mode": "catmullrom"
						},
						"0.5417": {
							"post": [-7.5, 0, 0],
							"lerp_mode": "catmullrom"
						},
						"1.0": {
							"post": [12.5, 0, 0],
							"lerp_mode": "catmullrom"
						},
						"1.2083": {
							"post": [0, 0, 0],
							"lerp_mode": "catmullrom"
						}
					},
					"position": {
						"0.0": {
							"post": [0, 0, 0.25],
							"lerp_mode": "catmullrom"
						},
						"0.5417": {
							"post": [0, 0, 0],
							"lerp_mode": "catmullrom"
						},
						"1.0": {
							"post": [0, 0, 0.25],
							"lerp_mode": "catmullrom"
						}
					}
				},
				"mouth": {
					"position": {
						"0.1667": [0, -0.1, -0.5],
						"1.0": {"pre": [0, -0.1, -0.5], "post": [0, 0, 0]}
					}
				}
			},
			"sound_effects": {
				"0.0417": {
					"effect": "pokemon.goodra.cry"
				}
			}
		},
		"animation.goodra_bogland.sleep": {
			"loop": true,
			"bones": {
				"chest2": {
					"rotation": [0, 0, 0],
					"position": [0, -1, -1]
				},
				"arm_left": {
					"rotation": [-47.87481, 42.49489, -25.55163]
				},
				"arm_left2": {
					"rotation": [-19.11031, 26.43645, -23.67828]
				},
				"arm_slime_left": {
					"rotation": [70.81754, -23.7695, 7.98205]
				},
				"arm_slime_left2": {
					"rotation": [72.5, 0, 0]
				},
				"arm_right": {
					"rotation": [-34.04306, -59.37744, -0.50257]
				},
				"arm_right2": {
					"rotation": [-9.78634, -24.54734, 43.57678]
				},
				"arm_slime_right": {
					"rotation": [74.50931, 5.90627, -7.95289]
				},
				"arm_slime_right2": {
					"rotation": [75, 0, 0]
				},
				"neck": {
					"rotation": [0, 0, 0]
				},
				"neck2": {
					"rotation": [27.5, 0, 0],
					"position": [0, -1, 0]
				},
				"neck3": {
					"rotation": [40, 0, 0],
					"position": [0, -1, 1]
				},
				"head_ai": {
					"rotation": [-145, 0, 0],
					"position": [0, 3, -2]
				},
				"chin_slime": {
					"rotation": [-90, 0, 90],
					"position": [0, 0, -3]
				},
				"antenna_back_left_rotation": {
					"rotation": [-36.35158, 22.52101, 2.22641]
				},
				"antenna_back_left2": {
					"rotation": [-50.6492, -35.19551, 91.06977]
				},
				"antenna_back_left3": {
					"rotation": [7.38733, 1.29876, -9.91615]
				},
				"antenna_back_left4": {
					"rotation": [-29.40842, 6.21271, 10.86815]
				},
				"antenna_back_left5": {
					"rotation": [-25.21793, 10.44471, -13.14498]
				},
				"antenna_back_left6": {
					"rotation": [-25.18864, 6.77486, -3.19138]
				},
				"antenna_back_left7": {
					"rotation": [22.5, 0, 0]
				},
				"antenna_back_right_rotation": {
					"rotation": [-36.35158, -22.52101, -2.22641]
				},
				"antenna_back_right2": {
					"rotation": [-43.86418, 32.05597, -100.4445]
				},
				"antenna_back_right3": {
					"rotation": [-7.32417, 1.61888, 12.39638]
				},
				"antenna_back_right4": {
					"rotation": [-30.68447, -7.37893, 7.21291]
				},
				"antenna_back_right5": {
					"rotation": [-25, 0, 0]
				},
				"antenna_back_right6": {
					"rotation": [-25.22335, -8.90609, -1.34279]
				},
				"antenna_back_right7": {
					"rotation": [22.5, 0, 0]
				},
				"tail2": {
					"rotation": [-10, 0, 0],
					"position": [0, -1, -1]
				},
				"leg_left": {
					"rotation": [27.86642, 1.75626, -15.95153]
				},
				"leg_right": {
					"rotation": [28.98811, -6.40519, 19.92986]
				},
				"hand_left": {
					"rotation": [0, 10, 0]
				},
				"hand_right": {
					"rotation": [0, -10, 0]
				},
				"body": {
					"position": [0, -2, 8]
				},
				"torso": {
					"rotation": [55, 0, 0],
					"position": [0, -2, 8]
				},
				"chest": {
					"rotation": [22.5, 0, 0],
					"position": [0, -1, -2.25]
				},
				"eye_shine_left": {
					"position": [0, 0, 0.1]
				},
				"eyelid_left": {
					"position": [0.1, 0, -0.1]
				},
				"eye_shine_right": {
					"position": [0, 0, 0.1]
				},
				"eyelid_right": {
					"position": [-0.1, 0, -0.1]
				},
				"muzzle": {
					"rotation": [12.5, 0, 0],
					"position": [0, 0, 0.25]
				},
				"antenna_front_left_rotation": {
					"rotation": [76.17354, -21.69365, 3.8809],
					"position": [0, 0, -2]
				},
				"antenna_front_right_rotation": {
					"rotation": [77.59411, 17.15692, -1.72722],
					"position": [0, 0, -2]
				},
				"tail": {
					"rotation": [-57.5, 0, 0],
					"position": [0, 9, 0]
				},
				"tail3": {
					"rotation": [-15, 0, 0],
					"position": [0, -3, -2]
				},
				"tail4": {
					"rotation": [-42.5, 0, 0],
					"position": [0, -1, -2]
				},
				"tail5": {
					"rotation": [-15, 0, 0]
				},
				"leg_left2": {
					"rotation": [0, 0, 5]
				},
				"leg_left3": {
					"rotation": [-17.5, 0, 15],
					"position": [0, 1, -1]
				},
				"foot_left": {
					"rotation": [-7.5, 0, 0]
				},
				"leg_right2": {
					"rotation": [-10.72779, -7.32938, -2.53803]
				},
				"leg_right3": {
					"rotation": [-10.15108, 9.84655, -16.75378],
					"position": [0, 0.5, -1]
				},
				"foot_right": {
					"rotation": [-5, 0, 0]
				}
			}
		}
	}
}