{
	"format_version": "1.8.0",
	"animations": {
		"animation.hueblow.ground_idle": {
			"loop": true,
			"animation_length": 1.25,
			"bones": {
				"root": {
					"position": {
						"0.0": {
							"post": [0, 2.5, 0],
							"lerp_mode": "catmullrom"
						},
						"0.0417": {
							"post": [0.12, 1.58, 0],
							"lerp_mode": "catmullrom"
						},
						"0.25": {
							"post": [0, 3, 0],
							"lerp_mode": "catmullrom"
						},
						"0.3333": {
							"post": [-5, 4, 0],
							"lerp_mode": "catmullrom"
						},
						"0.5833": {
							"post": [-5, 4, 0],
							"lerp_mode": "catmullrom"
						},
						"0.6667": {
							"post": [6, 10, 5],
							"lerp_mode": "catmullrom"
						},
						"0.9167": {
							"post": [6, 10, 5],
							"lerp_mode": "catmullrom"
						},
						"1.0": {
							"post": [0, 11, 1],
							"lerp_mode": "catmullrom"
						},
						"1.1667": {
							"post": [0, 11, 1],
							"lerp_mode": "catmullrom"
						},
						"1.25": {
							"post": [0, 4, 0],
							"lerp_mode": "catmullrom"
						}
					}
				},
				"head": {
					"rotation": {
						"0.0": {
							"post": [0, 0, 0],
							"lerp_mode": "catmullrom"
						},
						"0.2083": {
							"post": [0, 0, 12.5],
							"lerp_mode": "catmullrom"
						},
						"0.25": {
							"post": [0, 0, 0],
							"lerp_mode": "catmullrom"
						},
						"0.5833": {
							"post": [0, 0, 0],
							"lerp_mode": "catmullrom"
						},
						"0.75": {
							"post": [0, 0, -12.5],
							"lerp_mode": "catmullrom"
						},
						"0.7917": {
							"post": [0, 0, 0],
							"lerp_mode": "catmullrom"
						},
						"0.875": {
							"post": [0, 0, 0],
							"lerp_mode": "catmullrom"
						},
						"1.0": {
							"post": [0, 0, 15],
							"lerp_mode": "catmullrom"
						},
						"1.0833": {
							"post": [0, 0, 0],
							"lerp_mode": "catmullrom"
						}
					}
				},
				"wing_R": {
					"rotation": {
						"0.0": {
							"post": [0, 0, 37.5],
							"lerp_mode": "catmullrom"
						},
						"0.0417": {
							"post": [0, 0, -47.5],
							"lerp_mode": "catmullrom"
						},
						"0.0833": {
							"post": [0, 0, 37.5],
							"lerp_mode": "catmullrom"
						},
						"0.125": {
							"post": [0, 0, -47.5],
							"lerp_mode": "catmullrom"
						},
						"0.1667": {
							"post": [0, 0, 37.5],
							"lerp_mode": "catmullrom"
						},
						"0.2083": {
							"post": [0, 0, -47.5],
							"lerp_mode": "catmullrom"
						},
						"0.25": {
							"post": [0, 0, 37.5],
							"lerp_mode": "catmullrom"
						},
						"0.2917": {
							"post": [0, 0, -47.5],
							"lerp_mode": "catmullrom"
						},
						"0.3333": {
							"post": [0, 0, 37.5],
							"lerp_mode": "catmullrom"
						},
						"0.375": {
							"post": [0, 0, -47.5],
							"lerp_mode": "catmullrom"
						},
						"0.4167": {
							"post": [0, 0, 37.5],
							"lerp_mode": "catmullrom"
						},
						"0.4583": {
							"post": [0, 0, -47.5],
							"lerp_mode": "catmullrom"
						},
						"0.5": {
							"post": [0, 0, 37.5],
							"lerp_mode": "catmullrom"
						},
						"0.5417": {
							"post": [0, 0, -47.5],
							"lerp_mode": "catmullrom"
						},
						"0.5833": {
							"post": [0, 0, 37.5],
							"lerp_mode": "catmullrom"
						},
						"0.625": {
							"post": [0, 0, -47.5],
							"lerp_mode": "catmullrom"
						},
						"0.6667": {
							"post": [0, 0, 37.5],
							"lerp_mode": "catmullrom"
						},
						"0.7083": {
							"post": [0, 0, -47.5],
							"lerp_mode": "catmullrom"
						},
						"0.75": {
							"post": [0, 0, 37.5],
							"lerp_mode": "catmullrom"
						},
						"0.7917": {
							"post": [0, 0, -47.5],
							"lerp_mode": "catmullrom"
						},
						"0.8333": {
							"post": [0, 0, 37.5],
							"lerp_mode": "catmullrom"
						},
						"0.875": {
							"post": [0, 0, -47.5],
							"lerp_mode": "catmullrom"
						},
						"0.9167": {
							"post": [0, 0, 37.5],
							"lerp_mode": "catmullrom"
						},
						"0.9583": {
							"post": [0, 0, -47.5],
							"lerp_mode": "catmullrom"
						},
						"1.0": {
							"post": [0, 0, 37.5],
							"lerp_mode": "catmullrom"
						},
						"1.0417": {
							"post": [0, 0, -47.5],
							"lerp_mode": "catmullrom"
						},
						"1.0833": {
							"post": [0, 0, 37.5],
							"lerp_mode": "catmullrom"
						},
						"1.125": {
							"post": [0, 0, -47.5],
							"lerp_mode": "catmullrom"
						},
						"1.1667": {
							"post": [0, 0, 37.5],
							"lerp_mode": "catmullrom"
						},
						"1.2083": {
							"post": [0, 0, -47.5],
							"lerp_mode": "catmullrom"
						},
						"1.25": {
							"post": [0, 0, 37.5],
							"lerp_mode": "catmullrom"
						}
					}
				},
				"wing_L": {
					"rotation": {
						"0.0": {
							"post": [0, 0, -40],
							"lerp_mode": "catmullrom"
						},
						"0.0417": {
							"post": [0, 0, 47.5],
							"lerp_mode": "catmullrom"
						},
						"0.0833": {
							"post": [0, 0, -40],
							"lerp_mode": "catmullrom"
						},
						"0.125": {
							"post": [0, 0, 47.5],
							"lerp_mode": "catmullrom"
						},
						"0.1667": {
							"post": [0, 0, -40],
							"lerp_mode": "catmullrom"
						},
						"0.2083": {
							"post": [0, 0, 47.5],
							"lerp_mode": "catmullrom"
						},
						"0.25": {
							"post": [0, 0, -40],
							"lerp_mode": "catmullrom"
						},
						"0.2917": {
							"post": [0, 0, 47.5],
							"lerp_mode": "catmullrom"
						},
						"0.3333": {
							"post": [0, 0, -40],
							"lerp_mode": "catmullrom"
						},
						"0.375": {
							"post": [0, 0, 47.5],
							"lerp_mode": "catmullrom"
						},
						"0.4167": {
							"post": [0, 0, -40],
							"lerp_mode": "catmullrom"
						},
						"0.4583": {
							"post": [0, 0, 47.5],
							"lerp_mode": "catmullrom"
						},
						"0.5": {
							"post": [0, 0, -40],
							"lerp_mode": "catmullrom"
						},
						"0.5417": {
							"post": [0, 0, 47.5],
							"lerp_mode": "catmullrom"
						},
						"0.5833": {
							"post": [0, 0, -40],
							"lerp_mode": "catmullrom"
						},
						"0.625": {
							"post": [0, 0, 47.5],
							"lerp_mode": "catmullrom"
						},
						"0.6667": {
							"post": [0, 0, -40],
							"lerp_mode": "catmullrom"
						},
						"0.7083": {
							"post": [0, 0, 47.5],
							"lerp_mode": "catmullrom"
						},
						"0.75": {
							"post": [0, 0, -40],
							"lerp_mode": "catmullrom"
						},
						"0.7917": {
							"post": [0, 0, 47.5],
							"lerp_mode": "catmullrom"
						},
						"0.8333": {
							"post": [0, 0, -40],
							"lerp_mode": "catmullrom"
						},
						"0.875": {
							"post": [0, 0, 47.5],
							"lerp_mode": "catmullrom"
						},
						"0.9167": {
							"post": [0, 0, -40],
							"lerp_mode": "catmullrom"
						},
						"0.9583": {
							"post": [0, 0, 47.5],
							"lerp_mode": "catmullrom"
						},
						"1.0": {
							"post": [0, 0, -40],
							"lerp_mode": "catmullrom"
						},
						"1.0417": {
							"post": [0, 0, 47.5],
							"lerp_mode": "catmullrom"
						},
						"1.0833": {
							"post": [0, 0, -40],
							"lerp_mode": "catmullrom"
						},
						"1.125": {
							"post": [0, 0, 47.5],
							"lerp_mode": "catmullrom"
						},
						"1.1667": {
							"post": [0, 0, -40],
							"lerp_mode": "catmullrom"
						},
						"1.2083": {
							"post": [0, 0, 47.5],
							"lerp_mode": "catmullrom"
						},
						"1.25": {
							"post": [0, 0, -40],
							"lerp_mode": "catmullrom"
						}
					}
				},
				"arm_L": {
					"rotation": [0, 0, 30],
					"position": {
						"0.0": {
							"post": [0, 0, 0],
							"lerp_mode": "catmullrom"
						},
						"0.0833": {
							"post": [0, 0, 0],
							"lerp_mode": "catmullrom"
						},
						"0.2083": {
							"post": [3, -1, 0],
							"lerp_mode": "catmullrom"
						},
						"0.3333": {
							"post": [0, 0, 0],
							"lerp_mode": "catmullrom"
						},
						"0.5833": {
							"post": [0, 0, 0],
							"lerp_mode": "catmullrom"
						},
						"0.75": {
							"post": [-4, -3, -2],
							"lerp_mode": "catmullrom"
						},
						"0.875": {
							"post": [0, 0, 0],
							"lerp_mode": "catmullrom"
						},
						"1.0": {
							"post": [3.19, 0.14, 0],
							"lerp_mode": "catmullrom"
						},
						"1.0833": {
							"post": [0, 0, 0],
							"lerp_mode": "catmullrom"
						},
						"1.1667": {
							"post": [-0.2, 1.99, 0],
							"lerp_mode": "catmullrom"
						},
						"1.25": {
							"post": [0, 0, 0],
							"lerp_mode": "catmullrom"
						}
					}
				},
				"hand_L": {
					"rotation": {
						"0.0": {
							"post": [-32.15172, 20.43663, 29.0527],
							"lerp_mode": "catmullrom"
						},
						"0.0833": {
							"post": [-32.15172, 20.43663, 29.0527],
							"lerp_mode": "catmullrom"
						},
						"0.2083": {
							"post": [-67.15172, 20.43663, 29.0527],
							"lerp_mode": "catmullrom"
						},
						"0.3333": {
							"post": [-32.15172, 20.43663, 29.0527],
							"lerp_mode": "catmullrom"
						},
						"0.5833": {
							"post": [-32.15172, 20.43663, 29.0527],
							"lerp_mode": "catmullrom"
						},
						"0.75": {
							"post": [-17.15172, 20.43663, 29.0527],
							"lerp_mode": "catmullrom"
						},
						"0.875": {
							"post": [-32.15172, 20.43663, 29.0527],
							"lerp_mode": "catmullrom"
						},
						"1.0": {
							"post": [-40.98347, 25.49671, 38.42684],
							"lerp_mode": "catmullrom"
						},
						"1.0833": {
							"post": [-32.15172, 20.43663, 29.0527],
							"lerp_mode": "catmullrom"
						},
						"1.1667": {
							"post": [-39.65172, 20.43663, 29.0527],
							"lerp_mode": "catmullrom"
						},
						"1.25": {
							"post": [-39.65172, 20.43663, 29.0527],
							"lerp_mode": "catmullrom"
						}
					}
				},
				"thumb_L": {
					"rotation": [0, -22.5, -62.5]
				},
				"thumb2_L": {
					"rotation": [0, 0, -27.5]
				},
				"palm_L": {
					"rotation": [52.5, 0, 0]
				},
				"index_L": {
					"rotation": [70, 0, 0]
				},
				"index2_L": {
					"rotation": [72.5, 0, 0]
				},
				"middle_L": {
					"rotation": [70, 0, 0]
				},
				"middle2_L": {
					"rotation": [62.5, 0, 0]
				},
				"ring_L": {
					"rotation": [65, 0, 0]
				},
				"ring2_L": {
					"rotation": [77.5, 0, 0]
				},
				"pinky_L": {
					"rotation": [70, 0, 0]
				},
				"pinky2_L": {
					"rotation": [77.5, 0, 0]
				},
				"arm_R": {
					"rotation": [0, 0, -32.5],
					"position": {
						"0.0": {
							"post": [0, 0, 0],
							"lerp_mode": "catmullrom"
						},
						"0.0833": {
							"post": [0, 0, 0],
							"lerp_mode": "catmullrom"
						},
						"0.2083": {
							"post": [3, 0, 0],
							"lerp_mode": "catmullrom"
						},
						"0.3333": {
							"post": [0, 0, 0],
							"lerp_mode": "catmullrom"
						},
						"0.5833": {
							"post": [0, 0, 0],
							"lerp_mode": "catmullrom"
						},
						"0.75": {
							"post": [-3, -4, -2],
							"lerp_mode": "catmullrom"
						},
						"0.9167": {
							"post": [0, 0, 0],
							"lerp_mode": "catmullrom"
						},
						"1.0417": {
							"post": [3.14, 0.19, 0.1],
							"lerp_mode": "catmullrom"
						},
						"1.1667": {
							"post": [0, 0, 0],
							"lerp_mode": "catmullrom"
						},
						"1.25": {
							"post": [0, 0.5, 0],
							"lerp_mode": "catmullrom"
						}
					}
				},
				"hand_R": {
					"rotation": {
						"0.0": {
							"post": [-37.03843, 3.28467, -32.28071],
							"lerp_mode": "catmullrom"
						},
						"0.2083": {
							"post": [-2.03843, 3.28467, -32.28071],
							"lerp_mode": "catmullrom"
						},
						"0.4167": {
							"post": [-37.03843, 3.28467, -32.28071],
							"lerp_mode": "catmullrom"
						},
						"0.5833": {
							"post": [-37.03843, 3.28467, -32.28071],
							"lerp_mode": "catmullrom"
						},
						"0.75": {
							"post": [-57.16882, 14.59239, -49.01076],
							"lerp_mode": "catmullrom"
						},
						"0.9167": {
							"post": [-37.03843, 3.28467, -32.28071],
							"lerp_mode": "catmullrom"
						},
						"1.0417": {
							"post": [-16.49043, -0.34203, -51.24525],
							"lerp_mode": "catmullrom"
						},
						"1.1667": {
							"post": [-37.03843, 3.28467, -32.28071],
							"lerp_mode": "catmullrom"
						},
						"1.25": {
							"post": [-37.16216, 0.26739, -36.27007],
							"lerp_mode": "catmullrom"
						}
					}
				},
				"thumb_R": {
					"rotation": [-19.33962, -17.52949, 76.66252]
				},
				"thumb2_R": {
					"rotation": [0, 0, 27.5]
				},
				"palm_R": {
					"rotation": [75, 0, 0]
				},
				"index_R": {
					"rotation": [50, 0, 0]
				},
				"index2_R": {
					"rotation": [62.5, 0, 0]
				},
				"middle_R": {
					"rotation": [45, 0, 0]
				},
				"middle2_R": {
					"rotation": [62.5, 0, 0]
				},
				"ring_R": {
					"rotation": [50, 0, 0]
				},
				"ring2_R": {
					"rotation": [62.5, 0, 0]
				},
				"pinky_R": {
					"rotation": [52.5, 0, 0]
				},
				"pinky2_R": {
					"rotation": [62.5, 0, 0]
				}
			}
		}
	}
}