{
	"format_version": "1.8.0",
	"animations": {
		"animation.koffinggoombian.air_idle": {
			"loop": true,
			"animation_length": 4,
			"bones": {
				"body": {
					"rotation": {
						"0.0": {
							"post": [2.5, 0, 0],
							"lerp_mode": "catmullrom"
						},
						"2.1667": {
							"post": [12.5, 0, 0],
							"lerp_mode": "catmullrom"
						},
						"4.0": {
							"post": [5, 0, 0],
							"lerp_mode": "catmullrom"
						}
					},
					"position": {
						"0.0": {
							"post": [0, 2, 0],
							"lerp_mode": "catmullrom"
						},
						"2.0": {
							"post": [0, 5, 0],
							"lerp_mode": "catmullrom"
						},
						"4.0": {
							"post": [0, 2, 0],
							"lerp_mode": "catmullrom"
						}
					}
				}
			}
		}
	}
}