{
	"format_version": "1.8.0",
	"animations": {
		"animation.maractaya.ground_idle": {
			"loop": true,
			"animation_length": 3.66667,
			"bones": {
				"body": {
					"position": {
						"0.0": {
							"post": [0, 0, 0],
							"lerp_mode": "catmullrom"
						},
						"0.125": {
							"post": [0, 0.25, 0],
							"lerp_mode": "catmullrom"
						},
						"0.25": {
							"post": [0, 0, 0],
							"lerp_mode": "catmullrom"
						},
						"0.375": {
							"post": [0, 0.25, 0],
							"lerp_mode": "catmullrom"
						},
						"0.5": {
							"post": [0, 0, 0],
							"lerp_mode": "catmullrom"
						},
						"0.625": {
							"post": [0, 0.25, 0],
							"lerp_mode": "catmullrom"
						},
						"0.75": {
							"post": [0, 0, 0],
							"lerp_mode": "catmullrom"
						},
						"0.875": {
							"post": [0, 0.25, 0],
							"lerp_mode": "catmullrom"
						},
						"1.0": {
							"post": [0, 0, 0],
							"lerp_mode": "catmullrom"
						},
						"1.125": {
							"post": [0, 0.25, 0],
							"lerp_mode": "catmullrom"
						},
						"1.25": {
							"post": [0, 0, 0],
							"lerp_mode": "catmullrom"
						},
						"1.375": {
							"post": [0, 0.25, 0],
							"lerp_mode": "catmullrom"
						},
						"1.5": {
							"post": [0, 0, 0],
							"lerp_mode": "catmullrom"
						},
						"1.625": {
							"post": [0, 0.25, 0],
							"lerp_mode": "catmullrom"
						},
						"1.75": {
							"post": [0, 0, 0],
							"lerp_mode": "catmullrom"
						},
						"1.875": {
							"post": [0, 0.25, 0],
							"lerp_mode": "catmullrom"
						},
						"2.0": {
							"post": [0, 0, 0],
							"lerp_mode": "catmullrom"
						},
						"2.125": {
							"post": [0, 0, 0],
							"lerp_mode": "catmullrom"
						},
						"2.25": {
							"post": [0, 0.25, 0],
							"lerp_mode": "catmullrom"
						},
						"2.375": {
							"post": [0, 0, 0],
							"lerp_mode": "catmullrom"
						},
						"2.5": {
							"post": [0, 0.25, 0],
							"lerp_mode": "catmullrom"
						},
						"2.625": {
							"post": [0, 0, 0],
							"lerp_mode": "catmullrom"
						},
						"2.75": {
							"post": [0, 0.25, 0],
							"lerp_mode": "catmullrom"
						},
						"2.875": {
							"post": [0, 0, 0],
							"lerp_mode": "catmullrom"
						},
						"3.0": {
							"post": [0, 0.25, 0],
							"lerp_mode": "catmullrom"
						},
						"3.125": {
							"post": [0, 0, 0],
							"lerp_mode": "catmullrom"
						},
						"3.25": {
							"post": [0, 0.25, 0],
							"lerp_mode": "catmullrom"
						},
						"3.375": {
							"post": [0, 0, 0],
							"lerp_mode": "catmullrom"
						},
						"3.5": {
							"post": [0, 0.25, 0],
							"lerp_mode": "catmullrom"
						},
						"3.6667": {
							"post": [0, 0, 0],
							"lerp_mode": "catmullrom"
						}
					}
				},
				"head": {
					"rotation": {
						"0.0417": {
							"pre": [0, 0, -7],
							"post": [0, 0, -7],
							"lerp_mode": "catmullrom"
						},
						"0.0833": {
							"post": [0, 0, -9.5],
							"lerp_mode": "catmullrom"
						},
						"0.125": {
							"post": [0, 0, -7],
							"lerp_mode": "catmullrom"
						},
						"0.1667": {
							"post": [0, 0, -4.5],
							"lerp_mode": "catmullrom"
						},
						"0.2083": {
							"post": [0, 0, -7],
							"lerp_mode": "catmullrom"
						},
						"0.25": {
							"post": [0, 0, -9.5],
							"lerp_mode": "catmullrom"
						},
						"0.2917": {
							"post": [0, 0, -7],
							"lerp_mode": "catmullrom"
						},
						"0.3333": {
							"post": [0, 0, -4.5],
							"lerp_mode": "catmullrom"
						},
						"0.375": {
							"post": [0, 0, -7],
							"lerp_mode": "catmullrom"
						},
						"0.4167": {
							"post": [0, 0, -9.5],
							"lerp_mode": "catmullrom"
						},
						"0.4583": {
							"post": [0, 0, -7],
							"lerp_mode": "catmullrom"
						},
						"0.5": {
							"post": [0, 0, -4.5],
							"lerp_mode": "catmullrom"
						},
						"0.5417": {
							"post": [0, 0, -7],
							"lerp_mode": "catmullrom"
						},
						"0.5833": {
							"post": [0, 0, -9.5],
							"lerp_mode": "catmullrom"
						},
						"0.625": {
							"post": [0, 0, -7],
							"lerp_mode": "catmullrom"
						},
						"0.6667": {
							"post": [0, 0, -4.5],
							"lerp_mode": "catmullrom"
						},
						"0.7083": {
							"post": [0, 0, -7],
							"lerp_mode": "catmullrom"
						},
						"0.75": {
							"post": [0, 0, -9.5],
							"lerp_mode": "catmullrom"
						},
						"0.7917": {
							"post": [0, 0, -7],
							"lerp_mode": "catmullrom"
						},
						"0.8333": {
							"post": [0, 0, -4.5],
							"lerp_mode": "catmullrom"
						},
						"0.875": {
							"post": [0, 0, -7],
							"lerp_mode": "catmullrom"
						},
						"0.9167": {
							"post": [0, 0, -9.5],
							"lerp_mode": "catmullrom"
						},
						"0.9583": {
							"post": [0, 0, -7],
							"lerp_mode": "catmullrom"
						},
						"1.0": {
							"post": [0, 0, -4.5],
							"lerp_mode": "catmullrom"
						},
						"1.0417": {
							"post": [0, 0, -7],
							"lerp_mode": "catmullrom"
						},
						"1.0833": {
							"post": [0, 0, -9.5],
							"lerp_mode": "catmullrom"
						},
						"1.125": {
							"post": [0, 0, -7],
							"lerp_mode": "catmullrom"
						},
						"1.1667": {
							"post": [0, 0, -4.5],
							"lerp_mode": "catmullrom"
						},
						"1.2083": {
							"post": [0, 0, -7],
							"lerp_mode": "catmullrom"
						},
						"1.25": {
							"post": [0, 0, -9.5],
							"lerp_mode": "catmullrom"
						},
						"1.2917": {
							"post": [0, 0, -7],
							"lerp_mode": "catmullrom"
						},
						"1.3333": {
							"post": [0, 0, -4.5],
							"lerp_mode": "catmullrom"
						},
						"1.375": {
							"post": [0, 0, -7],
							"lerp_mode": "catmullrom"
						},
						"1.4167": {
							"post": [0, 0, -9.5],
							"lerp_mode": "catmullrom"
						},
						"1.4583": {
							"post": [0, 0, -7],
							"lerp_mode": "catmullrom"
						},
						"1.5": {
							"post": [0, 0, -4.5],
							"lerp_mode": "catmullrom"
						},
						"1.5417": {
							"post": [0, 0, -7],
							"lerp_mode": "catmullrom"
						},
						"1.5833": {
							"post": [0, 0, -9.5],
							"lerp_mode": "catmullrom"
						},
						"1.625": {
							"post": [0, 0, -7],
							"lerp_mode": "catmullrom"
						},
						"1.6667": {
							"post": [0, 0, -4.5],
							"lerp_mode": "catmullrom"
						},
						"1.7083": {
							"post": [0, 0, -7],
							"lerp_mode": "catmullrom"
						},
						"1.875": {
							"post": [0, 0, 6],
							"lerp_mode": "catmullrom"
						},
						"1.9167": {
							"post": [0, 0, 9.5],
							"lerp_mode": "catmullrom"
						},
						"1.9583": {
							"post": [0, 0, 7],
							"lerp_mode": "catmullrom"
						},
						"2.0": {
							"post": [0, 0, 4.5],
							"lerp_mode": "catmullrom"
						},
						"2.0417": {
							"post": [0, 0, 6],
							"lerp_mode": "catmullrom"
						},
						"2.0833": {
							"post": [0, 0, 9.5],
							"lerp_mode": "catmullrom"
						},
						"2.125": {
							"post": [0, 0, 7],
							"lerp_mode": "catmullrom"
						},
						"2.1667": {
							"post": [0, 0, 4.5],
							"lerp_mode": "catmullrom"
						},
						"2.2083": {
							"post": [0, 0, 6],
							"lerp_mode": "catmullrom"
						},
						"2.25": {
							"post": [0, 0, 9.5],
							"lerp_mode": "catmullrom"
						},
						"2.2917": {
							"post": [0, 0, 7],
							"lerp_mode": "catmullrom"
						},
						"2.3333": {
							"post": [0, 0, 4.5],
							"lerp_mode": "catmullrom"
						},
						"2.375": {
							"post": [0, 0, 6],
							"lerp_mode": "catmullrom"
						},
						"2.4167": {
							"post": [0, 0, 9.5],
							"lerp_mode": "catmullrom"
						},
						"2.4583": {
							"post": [0, 0, 7],
							"lerp_mode": "catmullrom"
						},
						"2.5": {
							"post": [0, 0, 4.5],
							"lerp_mode": "catmullrom"
						},
						"2.5417": {
							"post": [0, 0, 6],
							"lerp_mode": "catmullrom"
						},
						"2.5833": {
							"post": [0, 0, 9.5],
							"lerp_mode": "catmullrom"
						},
						"2.625": {
							"post": [0, 0, 7],
							"lerp_mode": "catmullrom"
						},
						"2.6667": {
							"post": [0, 0, 4.5],
							"lerp_mode": "catmullrom"
						},
						"2.7083": {
							"post": [0, 0, 6],
							"lerp_mode": "catmullrom"
						},
						"2.75": {
							"post": [0, 0, 9.5],
							"lerp_mode": "catmullrom"
						},
						"2.7917": {
							"post": [0, 0, 7],
							"lerp_mode": "catmullrom"
						},
						"2.8333": {
							"post": [0, 0, 4.5],
							"lerp_mode": "catmullrom"
						},
						"2.875": {
							"post": [0, 0, 6],
							"lerp_mode": "catmullrom"
						},
						"2.9167": {
							"post": [0, 0, 9.5],
							"lerp_mode": "catmullrom"
						},
						"2.9583": {
							"post": [0, 0, 7],
							"lerp_mode": "catmullrom"
						},
						"3.0": {
							"post": [0, 0, 4.5],
							"lerp_mode": "catmullrom"
						},
						"3.0417": {
							"post": [0, 0, 6],
							"lerp_mode": "catmullrom"
						},
						"3.0833": {
							"post": [0, 0, 9.5],
							"lerp_mode": "catmullrom"
						},
						"3.125": {
							"post": [0, 0, 7],
							"lerp_mode": "catmullrom"
						},
						"3.1667": {
							"post": [0, 0, 4.5],
							"lerp_mode": "catmullrom"
						},
						"3.2083": {
							"post": [0, 0, 6],
							"lerp_mode": "catmullrom"
						},
						"3.25": {
							"post": [0, 0, 9.5],
							"lerp_mode": "catmullrom"
						},
						"3.2917": {
							"post": [0, 0, 7],
							"lerp_mode": "catmullrom"
						},
						"3.3333": {
							"post": [0, 0, 4.5],
							"lerp_mode": "catmullrom"
						},
						"3.375": {
							"post": [0, 0, 6],
							"lerp_mode": "catmullrom"
						},
						"3.4167": {
							"post": [0, 0, 9.5],
							"lerp_mode": "catmullrom"
						},
						"3.4583": {
							"post": [0, 0, 7],
							"lerp_mode": "catmullrom"
						},
						"3.5": {
							"post": [0, 0, 4.5],
							"lerp_mode": "catmullrom"
						},
						"3.5417": {
							"post": [0, 0, 7],
							"lerp_mode": "catmullrom"
						},
						"3.6667": {
							"post": [0, 0, -7],
							"lerp_mode": "catmullrom"
						}
					}
				},
				"arm_right1": {
					"rotation": {
						"0.0833": {
							"pre": [0, 0, -35],
							"post": [0, 0, -35],
							"lerp_mode": "catmullrom"
						},
						"0.125": {
							"post": [0, 0, -37.5],
							"lerp_mode": "catmullrom"
						},
						"0.1667": {
							"post": [0, 0, -35],
							"lerp_mode": "catmullrom"
						},
						"0.2083": {
							"post": [0, 0, -32.5],
							"lerp_mode": "catmullrom"
						},
						"0.25": {
							"post": [0, 0, -35],
							"lerp_mode": "catmullrom"
						},
						"0.2917": {
							"post": [0, 0, -37.5],
							"lerp_mode": "catmullrom"
						},
						"0.3333": {
							"post": [0, 0, -35],
							"lerp_mode": "catmullrom"
						},
						"0.375": {
							"post": [0, 0, -32.5],
							"lerp_mode": "catmullrom"
						},
						"0.4167": {
							"post": [0, 0, -35],
							"lerp_mode": "catmullrom"
						},
						"0.4583": {
							"post": [0, 0, -37.5],
							"lerp_mode": "catmullrom"
						},
						"0.5": {
							"post": [0, 0, -35],
							"lerp_mode": "catmullrom"
						},
						"0.5417": {
							"post": [0, 0, -32.5],
							"lerp_mode": "catmullrom"
						},
						"0.5833": {
							"post": [0, 0, -35],
							"lerp_mode": "catmullrom"
						},
						"0.625": {
							"post": [0, 0, -37.5],
							"lerp_mode": "catmullrom"
						},
						"0.6667": {
							"post": [0, 0, -35],
							"lerp_mode": "catmullrom"
						},
						"0.7083": {
							"post": [0, 0, -32.5],
							"lerp_mode": "catmullrom"
						},
						"0.75": {
							"post": [0, 0, -35],
							"lerp_mode": "catmullrom"
						},
						"0.7917": {
							"post": [0, 0, -37.5],
							"lerp_mode": "catmullrom"
						},
						"0.8333": {
							"post": [0, 0, -35],
							"lerp_mode": "catmullrom"
						},
						"0.875": {
							"post": [0, 0, -32.5],
							"lerp_mode": "catmullrom"
						},
						"0.9167": {
							"post": [0, 0, -35],
							"lerp_mode": "catmullrom"
						},
						"0.9583": {
							"post": [0, 0, -37.5],
							"lerp_mode": "catmullrom"
						},
						"1.0": {
							"post": [0, 0, -35],
							"lerp_mode": "catmullrom"
						},
						"1.0417": {
							"post": [0, 0, -32.5],
							"lerp_mode": "catmullrom"
						},
						"1.0833": {
							"post": [0, 0, -35],
							"lerp_mode": "catmullrom"
						},
						"1.125": {
							"post": [0, 0, -37.5],
							"lerp_mode": "catmullrom"
						},
						"1.1667": {
							"post": [0, 0, -35],
							"lerp_mode": "catmullrom"
						},
						"1.2083": {
							"post": [0, 0, -32.5],
							"lerp_mode": "catmullrom"
						},
						"1.25": {
							"post": [0, 0, -35],
							"lerp_mode": "catmullrom"
						},
						"1.2917": {
							"post": [0, 0, -37.5],
							"lerp_mode": "catmullrom"
						},
						"1.3333": {
							"post": [0, 0, -35],
							"lerp_mode": "catmullrom"
						},
						"1.375": {
							"post": [0, 0, -32.5],
							"lerp_mode": "catmullrom"
						},
						"1.4167": {
							"post": [0, 0, -35],
							"lerp_mode": "catmullrom"
						},
						"1.4583": {
							"post": [0, 0, -37.5],
							"lerp_mode": "catmullrom"
						},
						"1.5": {
							"post": [0, 0, -35],
							"lerp_mode": "catmullrom"
						},
						"1.5417": {
							"post": [0, 0, -32.5],
							"lerp_mode": "catmullrom"
						},
						"1.5833": {
							"post": [0, 0, -35],
							"lerp_mode": "catmullrom"
						},
						"1.625": {
							"post": [0, 0, -37.5],
							"lerp_mode": "catmullrom"
						},
						"1.6667": {
							"post": [0, 0, -35],
							"lerp_mode": "catmullrom"
						},
						"1.7083": {
							"post": [0, 0, -32.5],
							"lerp_mode": "catmullrom"
						},
						"1.75": {
							"post": [0, 0, -35],
							"lerp_mode": "catmullrom"
						},
						"1.9167": {
							"post": [0, 0, 35],
							"lerp_mode": "catmullrom"
						},
						"1.9583": {
							"post": [0, 0, 37.5],
							"lerp_mode": "catmullrom"
						},
						"2.0": {
							"post": [0, 0, 35],
							"lerp_mode": "catmullrom"
						},
						"2.0417": {
							"post": [0, 0, 32.5],
							"lerp_mode": "catmullrom"
						},
						"2.0833": {
							"post": [0, 0, 35],
							"lerp_mode": "catmullrom"
						},
						"2.125": {
							"post": [0, 0, 37.5],
							"lerp_mode": "catmullrom"
						},
						"2.1667": {
							"post": [0, 0, 35],
							"lerp_mode": "catmullrom"
						},
						"2.2083": {
							"post": [0, 0, 32.5],
							"lerp_mode": "catmullrom"
						},
						"2.25": {
							"post": [0, 0, 35],
							"lerp_mode": "catmullrom"
						},
						"2.2917": {
							"post": [0, 0, 37.5],
							"lerp_mode": "catmullrom"
						},
						"2.3333": {
							"post": [0, 0, 35],
							"lerp_mode": "catmullrom"
						},
						"2.375": {
							"post": [0, 0, 32.5],
							"lerp_mode": "catmullrom"
						},
						"2.4167": {
							"post": [0, 0, 35],
							"lerp_mode": "catmullrom"
						},
						"2.4583": {
							"post": [0, 0, 37.5],
							"lerp_mode": "catmullrom"
						},
						"2.5": {
							"post": [0, 0, 35],
							"lerp_mode": "catmullrom"
						},
						"2.5417": {
							"post": [0, 0, 32.5],
							"lerp_mode": "catmullrom"
						},
						"2.5833": {
							"post": [0, 0, 35],
							"lerp_mode": "catmullrom"
						},
						"2.625": {
							"post": [0, 0, 37.5],
							"lerp_mode": "catmullrom"
						},
						"2.6667": {
							"post": [0, 0, 35],
							"lerp_mode": "catmullrom"
						},
						"2.7083": {
							"post": [0, 0, 32.5],
							"lerp_mode": "catmullrom"
						},
						"2.75": {
							"post": [0, 0, 35],
							"lerp_mode": "catmullrom"
						},
						"2.7917": {
							"post": [0, 0, 37.5],
							"lerp_mode": "catmullrom"
						},
						"2.8333": {
							"post": [0, 0, 35],
							"lerp_mode": "catmullrom"
						},
						"2.875": {
							"post": [0, 0, 32.5],
							"lerp_mode": "catmullrom"
						},
						"2.9167": {
							"post": [0, 0, 35],
							"lerp_mode": "catmullrom"
						},
						"2.9583": {
							"post": [0, 0, 37.5],
							"lerp_mode": "catmullrom"
						},
						"3.0": {
							"post": [0, 0, 35],
							"lerp_mode": "catmullrom"
						},
						"3.0417": {
							"post": [0, 0, 32.5],
							"lerp_mode": "catmullrom"
						},
						"3.0833": {
							"post": [0, 0, 35],
							"lerp_mode": "catmullrom"
						},
						"3.125": {
							"post": [0, 0, 37.5],
							"lerp_mode": "catmullrom"
						},
						"3.1667": {
							"post": [0, 0, 35],
							"lerp_mode": "catmullrom"
						},
						"3.2083": {
							"post": [0, 0, 32.5],
							"lerp_mode": "catmullrom"
						},
						"3.25": {
							"post": [0, 0, 35],
							"lerp_mode": "catmullrom"
						},
						"3.2917": {
							"post": [0, 0, 37.5],
							"lerp_mode": "catmullrom"
						},
						"3.3333": {
							"post": [0, 0, 35],
							"lerp_mode": "catmullrom"
						},
						"3.375": {
							"post": [0, 0, 32.5],
							"lerp_mode": "catmullrom"
						},
						"3.4167": {
							"post": [0, 0, 35],
							"lerp_mode": "catmullrom"
						},
						"3.4583": {
							"post": [0, 0, 37.5],
							"lerp_mode": "catmullrom"
						},
						"3.5": {
							"post": [0, 0, 35],
							"lerp_mode": "catmullrom"
						},
						"3.5417": {
							"post": [0, 0, 32.5],
							"lerp_mode": "catmullrom"
						},
						"3.5833": {
							"post": [0, 0, 35],
							"lerp_mode": "catmullrom"
						},
						"3.6667": {
							"post": [0, 0, -35],
							"lerp_mode": "catmullrom"
						}
					}
				},
				"arm_left1": {
					"rotation": {
						"0.0": {
							"post": [0, 0, -20],
							"lerp_mode": "catmullrom"
						},
						"0.0417": {
							"post": [0, 0, -22.5],
							"lerp_mode": "catmullrom"
						},
						"0.0833": {
							"post": [0, 0, -20],
							"lerp_mode": "catmullrom"
						},
						"0.125": {
							"post": [0, 0, -17.5],
							"lerp_mode": "catmullrom"
						},
						"0.1667": {
							"post": [0, 0, -20],
							"lerp_mode": "catmullrom"
						},
						"0.2083": {
							"post": [0, 0, -22.5],
							"lerp_mode": "catmullrom"
						},
						"0.25": {
							"post": [0, 0, -20],
							"lerp_mode": "catmullrom"
						},
						"0.2917": {
							"post": [0, 0, -17.5],
							"lerp_mode": "catmullrom"
						},
						"0.3333": {
							"post": [0, 0, -20],
							"lerp_mode": "catmullrom"
						},
						"0.375": {
							"post": [0, 0, -22.5],
							"lerp_mode": "catmullrom"
						},
						"0.4167": {
							"post": [0, 0, -20],
							"lerp_mode": "catmullrom"
						},
						"0.4583": {
							"post": [0, 0, -17.5],
							"lerp_mode": "catmullrom"
						},
						"0.5": {
							"post": [0, 0, -20],
							"lerp_mode": "catmullrom"
						},
						"0.5417": {
							"post": [0, 0, -22.5],
							"lerp_mode": "catmullrom"
						},
						"0.5833": {
							"post": [0, 0, -20],
							"lerp_mode": "catmullrom"
						},
						"0.625": {
							"post": [0, 0, -17.5],
							"lerp_mode": "catmullrom"
						},
						"0.6667": {
							"post": [0, 0, -20],
							"lerp_mode": "catmullrom"
						},
						"0.7083": {
							"post": [0, 0, -22.5],
							"lerp_mode": "catmullrom"
						},
						"0.75": {
							"post": [0, 0, -20],
							"lerp_mode": "catmullrom"
						},
						"0.7917": {
							"post": [0, 0, -17.5],
							"lerp_mode": "catmullrom"
						},
						"0.8333": {
							"post": [0, 0, -20],
							"lerp_mode": "catmullrom"
						},
						"0.875": {
							"post": [0, 0, -22.5],
							"lerp_mode": "catmullrom"
						},
						"0.9167": {
							"post": [0, 0, -20],
							"lerp_mode": "catmullrom"
						},
						"0.9583": {
							"post": [0, 0, -17.5],
							"lerp_mode": "catmullrom"
						},
						"1.0": {
							"post": [0, 0, -20],
							"lerp_mode": "catmullrom"
						},
						"1.0417": {
							"post": [0, 0, -22.5],
							"lerp_mode": "catmullrom"
						},
						"1.0833": {
							"post": [0, 0, -20],
							"lerp_mode": "catmullrom"
						},
						"1.125": {
							"post": [0, 0, -17.5],
							"lerp_mode": "catmullrom"
						},
						"1.1667": {
							"post": [0, 0, -20],
							"lerp_mode": "catmullrom"
						},
						"1.2083": {
							"post": [0, 0, -22.5],
							"lerp_mode": "catmullrom"
						},
						"1.25": {
							"post": [0, 0, -20],
							"lerp_mode": "catmullrom"
						},
						"1.2917": {
							"post": [0, 0, -17.5],
							"lerp_mode": "catmullrom"
						},
						"1.3333": {
							"post": [0, 0, -20],
							"lerp_mode": "catmullrom"
						},
						"1.375": {
							"post": [0, 0, -22.5],
							"lerp_mode": "catmullrom"
						},
						"1.4167": {
							"post": [0, 0, -20],
							"lerp_mode": "catmullrom"
						},
						"1.4583": {
							"post": [0, 0, -17.5],
							"lerp_mode": "catmullrom"
						},
						"1.5": {
							"post": [0, 0, -20],
							"lerp_mode": "catmullrom"
						},
						"1.5417": {
							"post": [0, 0, -22.5],
							"lerp_mode": "catmullrom"
						},
						"1.5833": {
							"post": [0, 0, -20],
							"lerp_mode": "catmullrom"
						},
						"1.625": {
							"post": [0, 0, -17.5],
							"lerp_mode": "catmullrom"
						},
						"1.6667": {
							"post": [0, 0, -20],
							"lerp_mode": "catmullrom"
						},
						"1.8333": {
							"post": [0, 0, 20],
							"lerp_mode": "catmullrom"
						},
						"1.875": {
							"post": [0, 0, 22.5],
							"lerp_mode": "catmullrom"
						},
						"1.9167": {
							"post": [0, 0, 20],
							"lerp_mode": "catmullrom"
						},
						"1.9583": {
							"post": [0, 0, 17.5],
							"lerp_mode": "catmullrom"
						},
						"2.0": {
							"post": [0, 0, 20],
							"lerp_mode": "catmullrom"
						},
						"2.0417": {
							"post": [0, 0, 22.5],
							"lerp_mode": "catmullrom"
						},
						"2.0833": {
							"post": [0, 0, 20],
							"lerp_mode": "catmullrom"
						},
						"2.125": {
							"post": [0, 0, 17.5],
							"lerp_mode": "catmullrom"
						},
						"2.1667": {
							"post": [0, 0, 20],
							"lerp_mode": "catmullrom"
						},
						"2.2083": {
							"post": [0, 0, 22.5],
							"lerp_mode": "catmullrom"
						},
						"2.25": {
							"post": [0, 0, 20],
							"lerp_mode": "catmullrom"
						},
						"2.2917": {
							"post": [0, 0, 17.5],
							"lerp_mode": "catmullrom"
						},
						"2.3333": {
							"post": [0, 0, 20],
							"lerp_mode": "catmullrom"
						},
						"2.375": {
							"post": [0, 0, 22.5],
							"lerp_mode": "catmullrom"
						},
						"2.4167": {
							"post": [0, 0, 20],
							"lerp_mode": "catmullrom"
						},
						"2.4583": {
							"post": [0, 0, 17.5],
							"lerp_mode": "catmullrom"
						},
						"2.5": {
							"post": [0, 0, 20],
							"lerp_mode": "catmullrom"
						},
						"2.5417": {
							"post": [0, 0, 22.5],
							"lerp_mode": "catmullrom"
						},
						"2.5833": {
							"post": [0, 0, 20],
							"lerp_mode": "catmullrom"
						},
						"2.625": {
							"post": [0, 0, 17.5],
							"lerp_mode": "catmullrom"
						},
						"2.6667": {
							"post": [0, 0, 20],
							"lerp_mode": "catmullrom"
						},
						"2.7083": {
							"post": [0, 0, 22.5],
							"lerp_mode": "catmullrom"
						},
						"2.75": {
							"post": [0, 0, 20],
							"lerp_mode": "catmullrom"
						},
						"2.7917": {
							"post": [0, 0, 17.5],
							"lerp_mode": "catmullrom"
						},
						"2.8333": {
							"post": [0, 0, 20],
							"lerp_mode": "catmullrom"
						},
						"2.875": {
							"post": [0, 0, 22.5],
							"lerp_mode": "catmullrom"
						},
						"2.9167": {
							"post": [0, 0, 20],
							"lerp_mode": "catmullrom"
						},
						"2.9583": {
							"post": [0, 0, 17.5],
							"lerp_mode": "catmullrom"
						},
						"3.0": {
							"post": [0, 0, 20],
							"lerp_mode": "catmullrom"
						},
						"3.0417": {
							"post": [0, 0, 22.5],
							"lerp_mode": "catmullrom"
						},
						"3.0833": {
							"post": [0, 0, 20],
							"lerp_mode": "catmullrom"
						},
						"3.125": {
							"post": [0, 0, 17.5],
							"lerp_mode": "catmullrom"
						},
						"3.1667": {
							"post": [0, 0, 20],
							"lerp_mode": "catmullrom"
						},
						"3.2083": {
							"post": [0, 0, 22.5],
							"lerp_mode": "catmullrom"
						},
						"3.25": {
							"post": [0, 0, 20],
							"lerp_mode": "catmullrom"
						},
						"3.2917": {
							"post": [0, 0, 17.5],
							"lerp_mode": "catmullrom"
						},
						"3.3333": {
							"post": [0, 0, 20],
							"lerp_mode": "catmullrom"
						},
						"3.375": {
							"post": [0, 0, 22.5],
							"lerp_mode": "catmullrom"
						},
						"3.4167": {
							"post": [0, 0, 20],
							"lerp_mode": "catmullrom"
						},
						"3.4583": {
							"post": [0, 0, 17.5],
							"lerp_mode": "catmullrom"
						},
						"3.5": {
							"post": [0, 0, 20],
							"lerp_mode": "catmullrom"
						},
						"3.6667": {
							"post": [0, 0, -20],
							"lerp_mode": "catmullrom"
						}
					}
				},
				"foot1": {
					"rotation": {
						"0.0": {
							"post": [0, 0, 0],
							"lerp_mode": "catmullrom"
						},
						"0.125": {
							"post": [2, 0, 0],
							"lerp_mode": "catmullrom"
						},
						"0.25": {
							"post": [0, 0, 0],
							"lerp_mode": "catmullrom"
						},
						"0.375": {
							"post": [2, 0, 0],
							"lerp_mode": "catmullrom"
						},
						"0.5": {
							"post": [0, 0, 0],
							"lerp_mode": "catmullrom"
						},
						"0.625": {
							"post": [2, 0, 0],
							"lerp_mode": "catmullrom"
						},
						"0.75": {
							"post": [0, 0, 0],
							"lerp_mode": "catmullrom"
						},
						"0.875": {
							"post": [2, 0, 0],
							"lerp_mode": "catmullrom"
						},
						"1.0": {
							"post": [0, 0, 0],
							"lerp_mode": "catmullrom"
						},
						"1.125": {
							"post": [2, 0, 0],
							"lerp_mode": "catmullrom"
						},
						"1.25": {
							"post": [0, 0, 0],
							"lerp_mode": "catmullrom"
						},
						"1.375": {
							"post": [2, 0, 0],
							"lerp_mode": "catmullrom"
						},
						"1.5": {
							"post": [0, 0, 0],
							"lerp_mode": "catmullrom"
						},
						"1.625": {
							"post": [2, 0, 0],
							"lerp_mode": "catmullrom"
						},
						"1.75": {
							"post": [0, 0, 0],
							"lerp_mode": "catmullrom"
						},
						"1.875": {
							"post": [2, 0, 0],
							"lerp_mode": "catmullrom"
						},
						"2.0": {
							"post": [0, 0, 0],
							"lerp_mode": "catmullrom"
						},
						"2.125": {
							"post": [0, 0, 0],
							"lerp_mode": "catmullrom"
						},
						"2.25": {
							"post": [2, 0, 0],
							"lerp_mode": "catmullrom"
						},
						"2.375": {
							"post": [0, 0, 0],
							"lerp_mode": "catmullrom"
						},
						"2.5": {
							"post": [2, 0, 0],
							"lerp_mode": "catmullrom"
						},
						"2.625": {
							"post": [0, 0, 0],
							"lerp_mode": "catmullrom"
						},
						"2.75": {
							"post": [2, 0, 0],
							"lerp_mode": "catmullrom"
						},
						"2.875": {
							"post": [0, 0, 0],
							"lerp_mode": "catmullrom"
						},
						"3.0": {
							"post": [2, 0, 0],
							"lerp_mode": "catmullrom"
						},
						"3.125": {
							"post": [0, 0, 0],
							"lerp_mode": "catmullrom"
						},
						"3.25": {
							"post": [2, 0, 0],
							"lerp_mode": "catmullrom"
						},
						"3.375": {
							"post": [0, 0, 0],
							"lerp_mode": "catmullrom"
						},
						"3.5": {
							"post": [2, 0, 0],
							"lerp_mode": "catmullrom"
						},
						"3.625": {
							"post": [0, 0, 0],
							"lerp_mode": "catmullrom"
						}
					}
				},
				"foot2": {
					"rotation": {
						"0.0": {
							"post": [0, 0, 0],
							"lerp_mode": "catmullrom"
						},
						"0.125": {
							"post": [2, 0, 0],
							"lerp_mode": "catmullrom"
						},
						"0.25": {
							"post": [0, 0, 0],
							"lerp_mode": "catmullrom"
						},
						"0.375": {
							"post": [2, 0, 0],
							"lerp_mode": "catmullrom"
						},
						"0.5": {
							"post": [0, 0, 0],
							"lerp_mode": "catmullrom"
						},
						"0.625": {
							"post": [2, 0, 0],
							"lerp_mode": "catmullrom"
						},
						"0.75": {
							"post": [0, 0, 0],
							"lerp_mode": "catmullrom"
						},
						"0.875": {
							"post": [2, 0, 0],
							"lerp_mode": "catmullrom"
						},
						"1.0": {
							"post": [0, 0, 0],
							"lerp_mode": "catmullrom"
						},
						"1.125": {
							"post": [2, 0, 0],
							"lerp_mode": "catmullrom"
						},
						"1.25": {
							"post": [0, 0, 0],
							"lerp_mode": "catmullrom"
						},
						"1.375": {
							"post": [2, 0, 0],
							"lerp_mode": "catmullrom"
						},
						"1.5": {
							"post": [0, 0, 0],
							"lerp_mode": "catmullrom"
						},
						"1.625": {
							"post": [2, 0, 0],
							"lerp_mode": "catmullrom"
						},
						"1.75": {
							"post": [0, 0, 0],
							"lerp_mode": "catmullrom"
						},
						"1.875": {
							"post": [2, 0, 0],
							"lerp_mode": "catmullrom"
						},
						"2.0": {
							"post": [0, 0, 0],
							"lerp_mode": "catmullrom"
						},
						"2.125": {
							"post": [0, 0, 0],
							"lerp_mode": "catmullrom"
						},
						"2.25": {
							"post": [2, 0, 0],
							"lerp_mode": "catmullrom"
						},
						"2.375": {
							"post": [0, 0, 0],
							"lerp_mode": "catmullrom"
						},
						"2.5": {
							"post": [2, 0, 0],
							"lerp_mode": "catmullrom"
						},
						"2.625": {
							"post": [0, 0, 0],
							"lerp_mode": "catmullrom"
						},
						"2.75": {
							"post": [2, 0, 0],
							"lerp_mode": "catmullrom"
						},
						"2.875": {
							"post": [0, 0, 0],
							"lerp_mode": "catmullrom"
						},
						"3.0": {
							"post": [2, 0, 0],
							"lerp_mode": "catmullrom"
						},
						"3.125": {
							"post": [0, 0, 0],
							"lerp_mode": "catmullrom"
						},
						"3.25": {
							"post": [2, 0, 0],
							"lerp_mode": "catmullrom"
						},
						"3.375": {
							"post": [0, 0, 0],
							"lerp_mode": "catmullrom"
						},
						"3.5": {
							"post": [2, 0, 0],
							"lerp_mode": "catmullrom"
						},
						"3.625": {
							"post": [0, 0, 0],
							"lerp_mode": "catmullrom"
						}
					}
				},
				"foot3": {
					"rotation": {
						"0.0": {
							"post": [0, 0, 0],
							"lerp_mode": "catmullrom"
						},
						"0.125": {
							"post": [0, 0, 2],
							"lerp_mode": "catmullrom"
						},
						"0.25": {
							"post": [0, 0, 0],
							"lerp_mode": "catmullrom"
						},
						"0.375": {
							"post": [0, 0, 2],
							"lerp_mode": "catmullrom"
						},
						"0.5": {
							"post": [0, 0, 0],
							"lerp_mode": "catmullrom"
						},
						"0.625": {
							"post": [0, 0, 2],
							"lerp_mode": "catmullrom"
						},
						"0.75": {
							"post": [0, 0, 0],
							"lerp_mode": "catmullrom"
						},
						"0.875": {
							"post": [0, 0, 2],
							"lerp_mode": "catmullrom"
						},
						"1.0": {
							"post": [0, 0, 0],
							"lerp_mode": "catmullrom"
						},
						"1.125": {
							"post": [0, 0, 2],
							"lerp_mode": "catmullrom"
						},
						"1.25": {
							"post": [0, 0, 0],
							"lerp_mode": "catmullrom"
						},
						"1.375": {
							"post": [0, 0, 2],
							"lerp_mode": "catmullrom"
						},
						"1.5": {
							"post": [0, 0, 0],
							"lerp_mode": "catmullrom"
						},
						"1.625": {
							"post": [0, 0, 2],
							"lerp_mode": "catmullrom"
						},
						"1.75": {
							"post": [0, 0, 0],
							"lerp_mode": "catmullrom"
						},
						"1.875": {
							"post": [0, 0, 2],
							"lerp_mode": "catmullrom"
						},
						"2.0": {
							"post": [0, 0, 0],
							"lerp_mode": "catmullrom"
						},
						"2.125": {
							"post": [0, 0, 0],
							"lerp_mode": "catmullrom"
						},
						"2.25": {
							"post": [0, 0, 2],
							"lerp_mode": "catmullrom"
						},
						"2.375": {
							"post": [0, 0, 0],
							"lerp_mode": "catmullrom"
						},
						"2.5": {
							"post": [0, 0, 2],
							"lerp_mode": "catmullrom"
						},
						"2.625": {
							"post": [0, 0, 0],
							"lerp_mode": "catmullrom"
						},
						"2.75": {
							"post": [0, 0, 2],
							"lerp_mode": "catmullrom"
						},
						"2.875": {
							"post": [0, 0, 0],
							"lerp_mode": "catmullrom"
						},
						"3.0": {
							"post": [0, 0, 2],
							"lerp_mode": "catmullrom"
						},
						"3.125": {
							"post": [0, 0, 0],
							"lerp_mode": "catmullrom"
						},
						"3.25": {
							"post": [0, 0, 2],
							"lerp_mode": "catmullrom"
						},
						"3.375": {
							"post": [0, 0, 0],
							"lerp_mode": "catmullrom"
						},
						"3.5": {
							"post": [0, 0, 2],
							"lerp_mode": "catmullrom"
						},
						"3.625": {
							"post": [0, 0, 0],
							"lerp_mode": "catmullrom"
						}
					}
				},
				"foot4": {
					"rotation": {
						"0.0": {
							"post": [0, 0, 0],
							"lerp_mode": "catmullrom"
						},
						"0.125": {
							"post": [0, 0, -2],
							"lerp_mode": "catmullrom"
						},
						"0.25": {
							"post": [0, 0, 0],
							"lerp_mode": "catmullrom"
						},
						"0.375": {
							"post": [0, 0, -2],
							"lerp_mode": "catmullrom"
						},
						"0.5": {
							"post": [0, 0, 0],
							"lerp_mode": "catmullrom"
						},
						"0.625": {
							"post": [0, 0, -2],
							"lerp_mode": "catmullrom"
						},
						"0.75": {
							"post": [0, 0, 0],
							"lerp_mode": "catmullrom"
						},
						"0.875": {
							"post": [0, 0, -2],
							"lerp_mode": "catmullrom"
						},
						"1.0": {
							"post": [0, 0, 0],
							"lerp_mode": "catmullrom"
						},
						"1.125": {
							"post": [0, 0, -2],
							"lerp_mode": "catmullrom"
						},
						"1.25": {
							"post": [0, 0, 0],
							"lerp_mode": "catmullrom"
						},
						"1.375": {
							"post": [0, 0, -2],
							"lerp_mode": "catmullrom"
						},
						"1.5": {
							"post": [0, 0, 0],
							"lerp_mode": "catmullrom"
						},
						"1.625": {
							"post": [0, 0, -2],
							"lerp_mode": "catmullrom"
						},
						"1.75": {
							"post": [0, 0, 0],
							"lerp_mode": "catmullrom"
						},
						"1.875": {
							"post": [0, 0, -2],
							"lerp_mode": "catmullrom"
						},
						"2.0": {
							"post": [0, 0, 0],
							"lerp_mode": "catmullrom"
						},
						"2.125": {
							"post": [0, 0, 0],
							"lerp_mode": "catmullrom"
						},
						"2.25": {
							"post": [0, 0, -2],
							"lerp_mode": "catmullrom"
						},
						"2.375": {
							"post": [0, 0, 0],
							"lerp_mode": "catmullrom"
						},
						"2.5": {
							"post": [0, 0, -2],
							"lerp_mode": "catmullrom"
						},
						"2.625": {
							"post": [0, 0, 0],
							"lerp_mode": "catmullrom"
						},
						"2.75": {
							"post": [0, 0, -2],
							"lerp_mode": "catmullrom"
						},
						"2.875": {
							"post": [0, 0, 0],
							"lerp_mode": "catmullrom"
						},
						"3.0": {
							"post": [0, 0, -2],
							"lerp_mode": "catmullrom"
						},
						"3.125": {
							"post": [0, 0, 0],
							"lerp_mode": "catmullrom"
						},
						"3.25": {
							"post": [0, 0, -2],
							"lerp_mode": "catmullrom"
						},
						"3.375": {
							"post": [0, 0, 0],
							"lerp_mode": "catmullrom"
						},
						"3.5": {
							"post": [0, 0, -2],
							"lerp_mode": "catmullrom"
						},
						"3.625": {
							"post": [0, 0, 0],
							"lerp_mode": "catmullrom"
						}
					}
				},
				"foot5": {
					"rotation": {
						"0.0": {
							"post": [0, 0, 0],
							"lerp_mode": "catmullrom"
						},
						"0.125": {
							"post": [-2, 0, 0],
							"lerp_mode": "catmullrom"
						},
						"0.25": {
							"post": [0, 0, 0],
							"lerp_mode": "catmullrom"
						},
						"0.375": {
							"post": [-2, 0, 0],
							"lerp_mode": "catmullrom"
						},
						"0.5": {
							"post": [0, 0, 0],
							"lerp_mode": "catmullrom"
						},
						"0.625": {
							"post": [-2, 0, 0],
							"lerp_mode": "catmullrom"
						},
						"0.75": {
							"post": [0, 0, 0],
							"lerp_mode": "catmullrom"
						},
						"0.875": {
							"post": [-2, 0, 0],
							"lerp_mode": "catmullrom"
						},
						"1.0": {
							"post": [0, 0, 0],
							"lerp_mode": "catmullrom"
						},
						"1.125": {
							"post": [-2, 0, 0],
							"lerp_mode": "catmullrom"
						},
						"1.25": {
							"post": [0, 0, 0],
							"lerp_mode": "catmullrom"
						},
						"1.375": {
							"post": [-2, 0, 0],
							"lerp_mode": "catmullrom"
						},
						"1.5": {
							"post": [0, 0, 0],
							"lerp_mode": "catmullrom"
						},
						"1.625": {
							"post": [-2, 0, 0],
							"lerp_mode": "catmullrom"
						},
						"1.75": {
							"post": [0, 0, 0],
							"lerp_mode": "catmullrom"
						},
						"1.875": {
							"post": [-2, 0, 0],
							"lerp_mode": "catmullrom"
						},
						"2.0": {
							"post": [0, 0, 0],
							"lerp_mode": "catmullrom"
						},
						"2.125": {
							"post": [0, 0, 0],
							"lerp_mode": "catmullrom"
						},
						"2.25": {
							"post": [-2, 0, 0],
							"lerp_mode": "catmullrom"
						},
						"2.375": {
							"post": [0, 0, 0],
							"lerp_mode": "catmullrom"
						},
						"2.5": {
							"post": [-2, 0, 0],
							"lerp_mode": "catmullrom"
						},
						"2.625": {
							"post": [0, 0, 0],
							"lerp_mode": "catmullrom"
						},
						"2.75": {
							"post": [-2, 0, 0],
							"lerp_mode": "catmullrom"
						},
						"2.875": {
							"post": [0, 0, 0],
							"lerp_mode": "catmullrom"
						},
						"3.0": {
							"post": [-2, 0, 0],
							"lerp_mode": "catmullrom"
						},
						"3.125": {
							"post": [0, 0, 0],
							"lerp_mode": "catmullrom"
						},
						"3.25": {
							"post": [-2, 0, 0],
							"lerp_mode": "catmullrom"
						},
						"3.375": {
							"post": [0, 0, 0],
							"lerp_mode": "catmullrom"
						},
						"3.5": {
							"post": [-2, 0, 0],
							"lerp_mode": "catmullrom"
						},
						"3.625": {
							"post": [0, 0, 0],
							"lerp_mode": "catmullrom"
						}
					}
				}
			}
		}
	}
}