{
	"format_version": "1.8.0",
	"animations": {
		"animation.protoffin.ground_idle": {
			"loop": true,
			"bones": {
				"body": {
					"rotation": [0, 12.5, 0]
				},
				"torso": {
					"rotation": ["37.5+Math.cos((query.anim_time) * 90 * 2 - 150) * -2", -10, 0]
				},
				"head": {
					"rotation": ["-17.5+Math.cos((query.anim_time) * 90 * 2 - 150) * 2", 0, 0],
					"position": [0, -0.5, -1.75]
				},
				"arm_left": {
					"rotation": [-5.4935, 12.91041, "48.4577+Math.cos((query.anim_time) * 90 * 2) * 3"]
				},
				"arm_left2": {
					"rotation": [0, "95+Math.cos((query.anim_time) * 90 * 2 - 70) * 6", 0]
				},
				"hand_left": {
					"rotation": [0, 0, 37.5]
				},
				"finger_left2": {
					"rotation": [0, 0, 32.5]
				},
				"finger_left3": {
					"rotation": [52.5, 0, 0]
				},
				"finger_left": {
					"rotation": [0, 0, 40]
				},
				"arm_right": {
					"rotation": [-5.4935, -15.41041, "-43.4577+Math.cos((query.anim_time) * 90 * 2) * -3"]
				},
				"arm_right2": {
					"rotation": [0, "-95+Math.cos((query.anim_time) * 90 * 2 - 70) * -6", 0]
				},
				"hand_right": {
					"rotation": [0, 0, -37.5]
				},
				"finger_right2": {
					"rotation": [0, 0, -32.5]
				},
				"finger_right3": {
					"rotation": [52.5, 0, 0]
				},
				"finger_right": {
					"rotation": [0, 0, -40]
				},
				"wing_left": {
					"rotation": [17.5, "-10+Math.cos((query.anim_time) * 90 * 2 - 120) * -6", 27.5],
					"position": [0, 0, 0.5]
				},
				"wing_left2": {
					"rotation": [0, 2.5, 27.5]
				},
				"wing_left3": {
					"rotation": [0, 15, 30]
				},
				"winghand_left": {
					"rotation": [0, 40, 12.5]
				},
				"wingfinger_lefta": {
					"rotation": [57.5, 0, 0]
				},
				"wingfinger_leftb": {
					"rotation": [85, 0, 0]
				},
				"wingfinger_lefta2": {
					"rotation": [57.5, 0, 0]
				},
				"wingfinger_leftb2": {
					"rotation": [85, 0, 0]
				},
				"wingfinger_lefta3": {
					"rotation": [57.5, 0, 0]
				},
				"wingfinger_leftb3": {
					"rotation": [85, 0, 0]
				},
				"wingthumb_left": {
					"rotation": [40, 0, 0]
				},
				"wingthumb_left2": {
					"rotation": [80, 0, 0]
				},
				"wing_right": {
					"rotation": [17.5, "10+Math.cos((query.anim_time) * 90 * 2 - 120) * 6", -27.5],
					"position": [0, 0, 0.5]
				},
				"wing_right2": {
					"rotation": [0, -2.5, -27.5]
				},
				"wing_right3": {
					"rotation": [0, -15, -30]
				},
				"winghand_right": {
					"rotation": [0, -40, -12.5]
				},
				"wingfinger_righta": {
					"rotation": [57.5, 0, 0]
				},
				"wingfinger_rightb": {
					"rotation": [85, 0, 0]
				},
				"wingfinger_righta2": {
					"rotation": [57.5, 0, 0]
				},
				"wingfinger_rightb2": {
					"rotation": [85, 0, 0]
				},
				"wingfinger_righta3": {
					"rotation": [57.5, 0, 0]
				},
				"wingfinger_rightb3": {
					"rotation": [85, 0, 0]
				},
				"wingthumb_right": {
					"rotation": [40, 0, 0]
				},
				"wingthumb_right2": {
					"rotation": [80, 0, 0]
				},
				"torso2": {
					"rotation": ["-10+Math.cos((query.anim_time) * 90 * 2 - 90) * -1", 0, 0],
					"position": [0, "-1+Math.cos((query.anim_time) * 90 * 2) * 0.6", 0]
				},
				"tail1": {
					"rotation": ["-45+Math.cos((query.anim_time) * 90 * 2 - 150) * 2", 0, 0]
				},
				"tail2": {
					"rotation": ["30+Math.cos((query.anim_time) * 90 * 2 - 190) * 2", 0, 0]
				},
				"tail3": {
					"rotation": ["17.5+Math.cos((query.anim_time) * 90 * 2 - 150) * -2", 0, 0]
				},
				"tail4": {
					"rotation": [12.5, 0, 0]
				},
				"leg_back_left": {
					"rotation": [20, -27.5, 0]
				},
				"leg_back_left2": {
					"rotation": [-15, 0, -10]
				},
				"leg_back_left3": {
					"rotation": [0, 0, 7.5]
				},
				"leg_back_right": {
					"rotation": [0, 15, 5]
				},
				"leg_back_right3": {
					"rotation": [5, 0, -7.5]
				}
			}
		},
		"animation.protoffin.ground_walk": {
			"loop": true,
			"animation_length": 1,
			"bones": {
				"torso": {
					"rotation": ["17.5+Math.cos((query.anim_time) * 90 * 4*2 - 140) * -1", 0, 0]
				},
				"head": {
					"rotation": ["-55+Math.cos((query.anim_time) * 90 * 4*2 - 110) * 2", 0, 0],
					"position": [0, 1.5, -3.25]
				},
				"arm_left": {
					"rotation": {
						"0.0": [-30, 42.5, 65],
						"0.0833": [-31.25, 45.42, 62.92],
						"0.4583": [-43.62, 74.29, 42.29],
						"0.5": [-45, 77.5, 40],
						"0.5417": [-43.62, 74.29, 42.29],
						"0.9167": [-31.25, 45.42, 62.92],
						"1.0": [-30, 42.5, 65]
					}
				},
				"arm_left2": {
					"rotation": {
						"0.0": [47.5, 42.5, 57.5],
						"0.0833": {
							"pre": [43.33, 46.25, 62.08],
							"post": [43.33, 46.25, 62.08],
							"lerp_mode": "catmullrom"
						},
						"0.25": {
							"post": [35, 68.75, 71.25],
							"lerp_mode": "catmullrom"
						},
						"0.3333": {
							"post": [30.83, 65, 55.83],
							"lerp_mode": "catmullrom"
						},
						"0.5": [22.5, 15, 25],
						"1.0": [47.5, 42.5, 57.5]
					}
				},
				"hand_left": {
					"rotation": {
						"0.0": [60, 3.69, 0],
						"0.2083": [60, -43.5, 0],
						"0.5": [60, 46.5, 0],
						"0.625": [60, 32.5, 0],
						"0.9583": {
							"pre": [60, 11.5, 0],
							"post": [60, 11.5, 0],
							"lerp_mode": "catmullrom"
						},
						"1.0": [60, 3.69, 0]
					},
					"position": {
						"0.0": [0, -0.75, -0.75],
						"0.5": [0, -0.75, -0.75],
						"1.0": [0, -0.75, -0.75]
					}
				},
				"finger_left2": {
					"rotation": [0, 10, 22.5]
				},
				"finger_left3": {
					"rotation": [47.5, 0, 0]
				},
				"finger_left": {
					"rotation": [0, -12.5, 12.5]
				},
				"arm_right": {
					"rotation": {
						"0.0": [-45, -77.5, -40],
						"0.0417": [-43.62, -74.29, -42.29],
						"0.4167": [-31.25, -45.42, -62.92],
						"0.5": [-30, -42.5, -65],
						"0.5833": [-31.25, -45.42, -62.92],
						"0.9583": [-43.62, -75.29, -42.29],
						"1.0": [-45, -77.5, -40]
					}
				},
				"arm_right2": {
					"rotation": {
						"0.0": [22.5, -15, -25],
						"0.5": {
							"pre": [47.5, -42.5, -57.5],
							"post": [47.5, -42.5, -57.5],
							"lerp_mode": "catmullrom"
						},
						"0.5833": {
							"post": [43.33, -46.25, -62.08],
							"lerp_mode": "catmullrom"
						},
						"0.75": {
							"post": [35, -68.75, -71.25],
							"lerp_mode": "catmullrom"
						},
						"0.8333": {
							"post": [30.83, -65, -55.83],
							"lerp_mode": "catmullrom"
						},
						"1.0": [22.5, -15, -25]
					}
				},
				"hand_right": {
					"rotation": {
						"0.0": [60, -46.5, 0],
						"0.125": {
							"pre": [60, -28.75, 0],
							"post": [60, -28.75, 0],
							"lerp_mode": "catmullrom"
						},
						"0.4583": {
							"post": [60, -11.5, 0],
							"lerp_mode": "catmullrom"
						},
						"0.7083": [60, 43.5, 0],
						"1.0": [60, -46.5, 0]
					},
					"position": [0, -0.75, -0.75]
				},
				"finger_right2": {
					"rotation": [0, -10, -22.5]
				},
				"finger_right3": {
					"rotation": [47.5, 0, 0]
				},
				"finger_right": {
					"rotation": [0, 12.5, -12.5]
				},
				"wing_left": {
					"rotation": [0, "12.5+Math.cos((query.anim_time) * 90 * 4*2 - 140) * -6", 30],
					"position": [0.5, 0, 0.75]
				},
				"wing_left2": {
					"rotation": [0, 5, 25]
				},
				"wing_left3": {
					"rotation": [0, 10, 30]
				},
				"winghand_left": {
					"rotation": [0, 10, 25]
				},
				"wingfinger_lefta": {
					"rotation": [50, 0, 0]
				},
				"wingfinger_leftb": {
					"rotation": [85, 0, 0]
				},
				"wingfinger_lefta2": {
					"rotation": [50, 0, 0]
				},
				"wingfinger_leftb2": {
					"rotation": [85, 0, 0]
				},
				"wingfinger_lefta3": {
					"rotation": [50, 0, 0]
				},
				"wingfinger_leftb3": {
					"rotation": [85, 0, 0]
				},
				"wingthumb_left": {
					"rotation": [50, 0, 0]
				},
				"wingthumb_left2": {
					"rotation": [85, 0, 0]
				},
				"wing_right": {
					"rotation": [0, "-12.5+Math.cos((query.anim_time) * 90 * 4*2 - 140) * 6", -30],
					"position": [-0.5, 0, 0.75]
				},
				"wing_right2": {
					"rotation": [0, -5, -25]
				},
				"wing_right3": {
					"rotation": [0, -10, -30]
				},
				"winghand_right": {
					"rotation": [0, -10, -25]
				},
				"wingfinger_righta": {
					"rotation": [50, 0, 0]
				},
				"wingfinger_rightb": {
					"rotation": [85, 0, 0]
				},
				"wingfinger_righta2": {
					"rotation": [50, 0, 0]
				},
				"wingfinger_rightb2": {
					"rotation": [85, 0, 0]
				},
				"wingfinger_righta3": {
					"rotation": [50, 0, 0]
				},
				"wingfinger_rightb3": {
					"rotation": [85, 0, 0]
				},
				"wingthumb_right": {
					"rotation": [50, 0, 0]
				},
				"wingthumb_right2": {
					"rotation": [85, 0, 0]
				},
				"torso2": {
					"rotation": ["47.5+Math.cos((query.anim_time) * 90 * 4*2 - 90) * -1", 0, "0+Math.cos((query.anim_time) * 90 * 4) * 2"],
					"position": [0, "0+Math.cos((query.anim_time) * 90 * 4*2) * 0.3", 0]
				},
				"tail1": {
					"rotation": ["-47.5+Math.cos((query.anim_time) * 90 * 4*2 - 150) * 4", 0, "0+Math.cos((query.anim_time) * 90 * 4 - 150) * 4"]
				},
				"tail2": {
					"rotation": ["-15+Math.cos((query.anim_time) * 90 * 4*2 - 230) * 8", 0, "0+Math.cos((query.anim_time) * 90 * 4 - 220) * 7"]
				},
				"tail3": {
					"rotation": ["-12.5+Math.cos((query.anim_time) * 90 * 4*2 - 340) * 12", 0, "0+Math.cos((query.anim_time) * 90 * 4 - 300) * 12"]
				},
				"leg_back_left": {
					"rotation": {
						"0.0": [-20, 0, 0],
						"0.0833": [-17.08, 0, 0],
						"0.375": [11.25, 0, 0],
						"0.5": [15, 0, 0],
						"0.625": [11.25, 0, 0],
						"0.9583": [-18.33, 0, 0],
						"1.0": [-20, 0, 0]
					}
				},
				"leg_back_left2": {
					"rotation": {
						"0.0": [20, 0, 0],
						"0.5": {
							"pre": [12.5, 0, 0],
							"post": [12.5, 0, 0],
							"lerp_mode": "catmullrom"
						},
						"0.75": {
							"post": [-3.75, 0, 0],
							"lerp_mode": "catmullrom"
						},
						"0.9167": {
							"post": [13.29, 0, 0],
							"lerp_mode": "catmullrom"
						},
						"1.0": [20, 0, 0]
					}
				},
				"leg_back_left3": {
					"rotation": {
						"0.0": [-2.5, -7.5, 0],
						"0.125": [-3.75, -7.5, 0],
						"0.5": [-17.5, -7.5, 0],
						"0.75": [-17.5, -7.5, 0],
						"0.8333": [-20.83, -7.5, 0],
						"1.0": [-2.5, -7.5, 0]
					}
				},
				"leg_back_right": {
					"rotation": {
						"0.0": [15, 0, 0],
						"0.125": [11.25, 0, 0],
						"0.4583": [-18.33, 0, 0],
						"0.5": [-20, 0, 0],
						"0.5833": [-17.08, 0, 0],
						"0.875": [11.25, 0, 0],
						"1.0": [15, 0, 0]
					}
				},
				"leg_back_right2": {
					"rotation": {
						"0.0": [12.5, 0, 0],
						"0.25": {
							"pre": [-3.75, 0, 0],
							"post": [-3.75, 0, 0],
							"lerp_mode": "catmullrom"
						},
						"0.4167": {
							"post": [13.29, 0, 0],
							"lerp_mode": "catmullrom"
						},
						"0.5": [20, 0, 0],
						"1.0": [12.5, 0, 0]
					}
				},
				"leg_back_right3": {
					"rotation": {
						"0.0": [-17.5, 7.5, 0],
						"0.25": [-17.5, 7.5, 0],
						"0.3333": [-20.83, 7.5, 0],
						"0.5": [-2.5, 7.5, 0],
						"0.625": [-3.75, 7.5, 0],
						"1.0": [-17.5, 7.5, 0]
					}
				}
			}
		},
		"animation.protoffin.battle_idle": {
			"loop": true,
			"bones": {
				"body": {
					"position": [0, "-2+Math.cos((query.anim_time) * 90 * 3) * -0.1", "0+Math.cos((query.anim_time) * 90 * 3) * -0.1"]
				},
				"torso": {
					"rotation": ["20+Math.cos((query.anim_time) * 90 * 3 - 160) * 2", 0, 0]
				},
				"head": {
					"rotation": ["-5+Math.cos((query.anim_time) * 90 * 3 - 130) * -3", 0, "0+Math.cos((query.anim_time) * 90 * 3/2 - 90) * -2"],
					"position": [0, 0, -1.5]
				},
				"arm_left": {
					"rotation": [0, -32.5, "65+Math.cos((query.anim_time) * 90 * 3 - 160) * 5"]
				},
				"arm_left2": {
					"rotation": [0, "115+Math.cos((query.anim_time) * 90 * 3 - 210) * 5", 0]
				},
				"hand_left": {
					"rotation": [0, 0, 35]
				},
				"finger_left2": {
					"rotation": [0, 0, 30]
				},
				"finger_left3": {
					"rotation": [0, -55, 32.5]
				},
				"finger_left": {
					"rotation": [0, 0, 30]
				},
				"arm_right": {
					"rotation": [27.5, -15, "-42.5+Math.cos((query.anim_time) * 90 * 3 - 160) * -5"]
				},
				"arm_right2": {
					"rotation": [0, "-100+Math.cos((query.anim_time) * 90 * 3 - 210) * -5", 0]
				},
				"hand_right": {
					"rotation": [0, 0, -65]
				},
				"finger_right2": {
					"rotation": [0, 0, -30]
				},
				"finger_right3": {
					"rotation": [0, 55, -32.5]
				},
				"finger_right": {
					"rotation": [0, 0, -30]
				},
				"wing_left": {
					"rotation": [-37.5, -30, "-15+Math.cos((query.anim_time) * 90 * 3 - 120) * 5"]
				},
				"wing_left2": {
					"rotation": [0, 35, "5+Math.cos((query.anim_time) * 90 * 3 - 200) * 2"]
				},
				"wing_left3": {
					"rotation": [0, 27.5, "5+Math.cos((query.anim_time) * 90 * 3 - 280) * 4"]
				},
				"winghand_left": {
					"rotation": [0, 30, "12.5+Math.cos((query.anim_time) * 90 * 3 - 280) * 4"]
				},
				"wingfinger_lefta": {
					"rotation": [-22.5, 0, "-12.5+Math.cos((query.anim_time) * 90 * 3 - 320) * 6"]
				},
				"wingfinger_leftb": {
					"rotation": [25, 0, 0]
				},
				"wingfinger_lefta2": {
					"rotation": [-22.5, 0, "0+Math.cos((query.anim_time) * 90 * 3 - 320) * 6"]
				},
				"wingfinger_leftb2": {
					"rotation": [35, 0, 0]
				},
				"wingfinger_lefta3": {
					"rotation": [-22.5, 0, "10+Math.cos((query.anim_time) * 90 * 3 - 320) * 6"]
				},
				"wingfinger_leftb3": {
					"rotation": [52.5, 0, 0]
				},
				"wingthumb_left": {
					"rotation": [25, -22.5, 0]
				},
				"wingthumb_left2": {
					"rotation": [25, 0, 0]
				},
				"wing_right": {
					"rotation": [-37.5, 30, "15+Math.cos((query.anim_time) * 90 * 3 - 120) * -5"]
				},
				"wing_right2": {
					"rotation": [0, -35, "-5+Math.cos((query.anim_time) * 90 * 3 - 200) * -2"]
				},
				"wing_right3": {
					"rotation": [0, -27.5, "-5+Math.cos((query.anim_time) * 90 * 3 - 280) * -4"]
				},
				"winghand_right": {
					"rotation": [0, -30, "-12.5+Math.cos((query.anim_time) * 90 * 3 - 280) * -4"]
				},
				"wingfinger_righta": {
					"rotation": [-22.5, 0, "12.5+Math.cos((query.anim_time) * 90 * 3 - 320) * -6"]
				},
				"wingfinger_rightb": {
					"rotation": [25, 0, 0]
				},
				"wingfinger_righta2": {
					"rotation": [-22.5, 0, "0+Math.cos((query.anim_time) * 90 * 3 - 320) * -6"]
				},
				"wingfinger_rightb2": {
					"rotation": [35, 0, 0]
				},
				"wingfinger_righta3": {
					"rotation": [-22.5, 0, "-10+Math.cos((query.anim_time) * 90 * 3 - 320) * -6"]
				},
				"wingfinger_rightb3": {
					"rotation": [52.5, 0, 0]
				},
				"wingthumb_right": {
					"rotation": [25, 22.5, 0]
				},
				"wingthumb_right2": {
					"rotation": [25, 0, 0]
				},
				"torso2": {
					"rotation": ["7.5+Math.cos((query.anim_time) * 90 * 3 - 90) * 1", 0, "0+Math.cos((query.anim_time) * 90 * 3/2 - 90) * 2"],
					"position": [0, "0+Math.cos((query.anim_time) * 90 * 3) * -0.4", 0]
				},
				"tail1": {
					"rotation": [-27.5, 0, 0]
				},
				"tail2": {
					"rotation": [10, 0, 0]
				},
				"tail3": {
					"rotation": [12.5, 0, 0]
				},
				"leg_back_left": {
					"rotation": ["-7.5+Math.cos((query.anim_time) * 90 * 3) * 4", 0, -20]
				},
				"leg_back_left2": {
					"rotation": ["-25+Math.cos((query.anim_time) * 90 * 3) * -4", -15, 17.5]
				},
				"leg_back_left3": {
					"rotation": [30, 0, 7.5]
				},
				"leg_back_right": {
					"rotation": ["27.5+Math.cos((query.anim_time) * 90 * 3) * 4", 0, 25]
				},
				"leg_back_right2": {
					"rotation": ["-5+Math.cos((query.anim_time) * 90 * 3) * -4", 0, 0]
				},
				"leg_back_right3": {
					"rotation": [-22.5, 25, -30],
					"position": [0.75, 0.75, -2]
				}
			}
		},
		"animation.protoffin.cool pose ": {
			"loop": true,
			"bones": {
				"leg_back_left": {
					"rotation": [0, -18.5, 0]
				},
				"leg_back_right": {
					"rotation": [0, 15.5, 0]
				},
				"tail1": {
					"rotation": [-26.5, 0, 0]
				},
				"tail2": {
					"rotation": [11, 0, 0]
				},
				"tail3": {
					"rotation": [14.5, 0, 0]
				},
				"tail4": {
					"rotation": [-47.55184, 16.79791, 14.80669]
				},
				"arm_left": {
					"rotation": [29.10028, 24.77423, 53.02522]
				},
				"arm_left2": {
					"rotation": [28.82291, 69.4791, 28.51466]
				},
				"hand_left": {
					"rotation": [18.20828, -26.0906, 22.50576]
				},
				"finger_left2": {
					"rotation": [0, 14.75, 0]
				},
				"finger_left3": {
					"rotation": [44.75, 0, 0]
				},
				"finger_left": {
					"rotation": [0, -10.5, 20.75]
				},
				"wing_left": {
					"rotation": [2.53149, -25.25199, -31.26653]
				},
				"wing_left2": {
					"rotation": [0, -10, 0]
				},
				"wing_left3": {
					"rotation": [0, 25, 0]
				},
				"winghand_left": {
					"rotation": [0, 37.5, 0]
				},
				"wingfinger_lefta": {
					"rotation": [9.25, 0, -37.5]
				},
				"wingfinger_leftb": {
					"rotation": [29.5, 0, 0]
				},
				"wingfinger_lefta2": {
					"rotation": [25, 0, 0]
				},
				"wingfinger_leftb2": {
					"rotation": [40, 0, 0]
				},
				"wingthumb_left": {
					"rotation": [33, 0, 0]
				},
				"wingthumb_left2": {
					"rotation": [15, 0, 0]
				},
				"head": {
					"rotation": [-15, 0, 0],
					"position": [0, 0, -1]
				},
				"beak_bottom": {
					"rotation": [13.25, 0, 0]
				},
				"wingfinger_lefta3": {
					"rotation": [27.5, 0, 32.5]
				},
				"wingfinger_leftb3": {
					"rotation": [50, 0, 0]
				},
				"wing_right": {
					"rotation": [2.53149, 25.25199, 31.26653]
				},
				"wing_right2": {
					"rotation": [0, 10, 0]
				},
				"wing_right3": {
					"rotation": [0, -25, 0]
				},
				"winghand_right": {
					"rotation": [0, -37.5, 0]
				},
				"wingfinger_righta": {
					"rotation": [9.25, 0, 37.5]
				},
				"wingfinger_rightb": {
					"rotation": [29.5, 0, 0]
				},
				"wingfinger_righta2": {
					"rotation": [25, 0, 0]
				},
				"wingfinger_rightb2": {
					"rotation": [40, 0, 0]
				},
				"wingfinger_righta3": {
					"rotation": [27.5, 0, -32.5]
				},
				"wingfinger_rightb3": {
					"rotation": [50, 0, 0]
				},
				"wingthumb_right": {
					"rotation": [33, 0, 0]
				},
				"wingthumb_right2": {
					"rotation": [15, 0, 0]
				},
				"arm_right": {
					"rotation": [29.10028, -24.77423, -53.02522]
				},
				"arm_right2": {
					"rotation": [28.82291, -69.4791, -28.51466]
				},
				"hand_right": {
					"rotation": [18.20828, 26.0906, -22.50576]
				},
				"finger_right2": {
					"rotation": [0, -14.75, 0]
				},
				"finger_right3": {
					"rotation": [44.75, 0, 0]
				},
				"finger_right": {
					"rotation": [0, 10.5, -20.75]
				},
				"torso": {
					"rotation": [12.47642, 0.16231, -0.93408]
				}
			}
		}
	}
}