{
	"format_version": "1.8.0",
	"animations": {
		"animation.quareon.ground_idle": {
			"loop": true,
			"override_previous_animation": true,
			"bones": {
				"head": {
					"rotation": ["-math.sin(q.anim_time*90*4)*0.2", 0, "math.clamp(math.sin(q.anim_time*90*4+45)*0.2,-1.2,1.2)"]
				},
				"ear_right": {
					"rotation": [0, 0, "-math.sin(q.anim_time*90*2+90)+0.5*math.clamp(math.sin(q.anim_time*90*2-90),-0.5,0.5)"]
				},
				"ear_left": {
					"rotation": [0, 0, "math.sin(q.anim_time*90*2+90)-0.5*math.clamp(math.sin(q.anim_time*90*2-90),-0.5,0.5)"]
				},
				"torso": {
					"rotation": ["math.sin(q.anim_time*90*4)*0.2", 0, 0],
					"position": [0, "(math.clamp(math.sin(q.anim_time*90*4+180)*0.1,-0.03,0.03)+math.clamp(math.sin(q.anim_time*90*2+180)*0.15,-0.5,0.5))*0.5", 0]
				},
				"ruff": {
					"rotation": [0, "-2*math.sin(q.anim_time*90*4)+math.clamp(3*math.sin(q.anim_time*90*4),-3,3)", 0]
				},
				"spikes": {
					"rotation": [0, "-2*math.sin(q.anim_time*90*4+90)+math.clamp(3*math.sin(q.anim_time*90*4+90),-3,3)", 0]
				}
			}
		},
		"animation.quareon.ground_walk": {
			"loop": true,
			"override_previous_animation": true,
			"bones": {
				"body": {
					"rotation": [0, 0, "math.clamp(math.sin(q.anim_time*90*4-90)*1,-0.8,0.8)+math.sin(q.anim_time*90*4-180)*1"],
					"position": [0, "-1.5+math.clamp(math.sin(q.anim_time*90*4)*1.1,0.5,1)+math.clamp(math.sin(q.anim_time*90*4+180)*1.1,0.5,1)", 0]
				},
				"head": {
					"rotation": [0, 0, "-math.clamp(math.sin(q.anim_time*90*4-90)*1,-0.8,0.8)-math.sin(q.anim_time*90*4-180)*1"],
					"position": [
						"math.sin(q.anim_time*90*4-45)*0.1",
						"math.clamp(math.sin(q.anim_time*90*4+30)*0.05,0.5,1)+math.clamp(math.sin(-q.anim_time*90*4+30)*0.05,0.5,1)+math.sin(-q.anim_time*90*8+30)*0.2-1",
						0
					]
				},
				"leg_front_right": {
					"rotation": [
						"30-math.clamp(20*(math.sin(q.anim_time*90*4-90+180)*1+1),-0,60)",
						0,
						"math.clamp(math.sin(q.anim_time*90*4-90+180)*1,-0.8,0.8)+math.sin(q.anim_time*90*4-180+180)*1"
					],
					"position": [
						0,
						"-0.5+0.8*(math.clamp(math.sin(q.anim_time*90*4-155+180)*1.6,1,1.6)-0.2)+0.5*(math.clamp(math.sin(q.anim_time*90*4-75+180)*1.8,1,1.8)-1)-0.2*(math.clamp(math.sin(q.anim_time*90*4+180)*1.4,1,1.4)+1)",
						0
					]
				},
				"leg_front_left": {
					"rotation": [
						"30-math.clamp(20*(math.sin(q.anim_time*90*4-90)*1+1),-0,60)",
						0,
						"-math.clamp(math.sin(q.anim_time*90*4-90)*1,-0.8,0.8)-math.sin(q.anim_time*90*4-180)*1"
					],
					"position": [
						0,
						"-0.5+0.8*(math.clamp(math.sin(q.anim_time*90*4-155)*1.6,1,1.6)-0.2)+0.5*(math.clamp(math.sin(q.anim_time*90*4-75)*1.8,1,1.8)-1)-0.2*(math.clamp(math.sin(q.anim_time*90*4)*1.4,1,1.4)+1)",
						0
					]
				},
				"leg_back_right": {
					"rotation": [
						"-20+math.clamp(15*(math.sin(q.anim_time*90*4-90+180)*1+1),-0,60)",
						0,
						"math.clamp(math.sin(q.anim_time*90*4-90+180)*1,-0.8,0.8)+math.sin(q.anim_time*90*4-180+180)*1"
					],
					"position": [
						0,
						"-math.clamp(-math.sin(q.anim_time*90*4+90+180)*0.01,0,0.01)+math.clamp(-math.sin(q.anim_time*90*4+20+180)*1,0.4,1)-0.4+math.clamp(math.sin(q.anim_time*90*4-130+180)*1.5,0.4,0.6)-0.3",
						-0.1
					]
				},
				"leg_back_left": {
					"rotation": [
						"-20+math.clamp(15*(math.sin(q.anim_time*90*4-90)*1+1),-0,60)",
						0,
						"-math.clamp(math.sin(q.anim_time*90*4-90)*1,-0.8,0.8)-math.sin(q.anim_time*90*4-180)*1"
					],
					"position": [
						0,
						"-math.clamp(-math.sin(q.anim_time*90*4+90)*0.01,0,0.01)+math.clamp(-math.sin(q.anim_time*90*4+20)*1,0.4,1)-0.4+math.clamp(math.sin(q.anim_time*90*4-130)*1.5,0.4,0.6)-0.3",
						-0.1
					]
				},
				"ear_right": {
					"rotation": [
						"math.sin(q.anim_time*90*8+45)+math.clamp(math.sin(q.anim_time*90*8+90),-1,1)",
						"0.5*math.sin(q.anim_time*90*8+45)+0.5*math.clamp(math.sin(q.anim_time*90*8+90),-2,2)",
						0
					]
				},
				"ear_left": {
					"rotation": [
						"math.sin(q.anim_time*90*8+45)+math.clamp(math.sin(q.anim_time*90*8+90),-1,1)",
						"-0.5*math.sin(q.anim_time*90*8+45)-0.5*math.clamp(math.sin(q.anim_time*90*8+90),-2,2)",
						0
					]
				},
				"leg_front_right2": {
					"rotation": [
						"math.clamp(math.sin(q.anim_time*90*4-180+10+180)*20,0,10)+math.clamp(math.sin(q.anim_time*90*4-180+10+180)*20,-50,50)-math.clamp(math.sin(q.anim_time*90*4+10+180)*70,50,60)+25",
						0,
						0
					]
				},
				"leg_front_right3": {
					"rotation": [
						"-45+math.clamp(20*(math.sin(q.anim_time*90*4-90+180)*1+1),-0,60)-math.clamp(math.sin(q.anim_time*90*4-180+10+180)*20,0,10)-math.clamp(math.sin(q.anim_time*90*4-180+10+180)*20,-50,50)+math.clamp(math.sin(q.anim_time*90*4+10+180)*70,50,60)+math.clamp(math.sin(q.anim_time*90*4+40+180)*80,50,80)-60",
						0,
						0
					],
					"position": [0, "math.clamp(math.sin(q.anim_time*90*4-120+180)*1.1,0.9,1)-0.9+math.clamp(math.sin(q.anim_time*90*2-130+180)*1.3,0.9,1)-0.9", 0]
				},
				"leg_front_left2": {
					"rotation": [
						"math.clamp(math.sin(q.anim_time*90*4-180+10)*20,0,10)+math.clamp(math.sin(q.anim_time*90*4-180+10)*20,-50,50)-math.clamp(math.sin(q.anim_time*90*4+10)*70,50,60)+25",
						0,
						0
					]
				},
				"leg_front_left3": {
					"rotation": [
						"-45+math.clamp(20*(math.sin(q.anim_time*90*4-90)*1+1),-0,60)-math.clamp(math.sin(q.anim_time*90*4-180+10)*20,0,10)-math.clamp(math.sin(q.anim_time*90*4-180+10)*20,-50,50)+math.clamp(math.sin(q.anim_time*90*4+10)*70,50,60)+math.clamp(math.sin(q.anim_time*90*4+40)*80,50,80)-60",
						0,
						0
					],
					"position": [0, "math.clamp(math.sin(q.anim_time*90*4-120)*1.1,0.9,1)-0.9+math.clamp(math.sin(q.anim_time*90*2-130)*1.3,0.9,1)-0.9", 0]
				},
				"leg_back_right2": {
					"rotation": [
						"math.clamp(math.sin(q.anim_time*90*4+180)*10,0,10)+math.clamp(math.sin(q.anim_time*90*4-95+180)*25,0,45)-math.clamp(math.sin(q.anim_time*90*4+180+180)*10,0,45)",
						0,
						0
					],
					"position": [0, "math.clamp(math.sin(q.anim_time*90*4-130+180)*1.5,0.5,0.8)-0.5", 0]
				},
				"leg_back_right3": {
					"rotation": [
						"-math.clamp(math.sin(q.anim_time*90*4+180)*10,0,10)-math.clamp(math.sin(q.anim_time*90*4-95+180)*25,0,45)+math.clamp(math.sin(q.anim_time*90*4+180+180)*15,0,45)-(-20+math.clamp(15*(math.sin(q.anim_time*90*4-90+180)*1+1),-0,60))+math.clamp(math.sin(q.anim_time*90*4-100+180)*100,60,100)-60",
						0,
						0
					],
					"position": [0, "math.clamp(math.sin(q.anim_time*90*4-110)*1,0.8,1)-0.8", 0]
				},
				"leg_back_left2": {
					"rotation": [
						"math.clamp(math.sin(q.anim_time*90*4)*10,0,10)+math.clamp(math.sin(q.anim_time*90*4-95)*25,0,45)-math.clamp(math.sin(q.anim_time*90*4+180)*10,0,45)",
						0,
						0
					],
					"position": [0, "math.clamp(math.sin(q.anim_time*90*4-130)*1.5,0.5,0.8)-0.5", 0]
				},
				"leg_back_left3": {
					"rotation": [
						"-math.clamp(math.sin(q.anim_time*90*4)*10,0,10)-math.clamp(math.sin(q.anim_time*90*4-95)*25,0,45)+math.clamp(math.sin(q.anim_time*90*4+180)*15,0,45)-(-20+math.clamp(15*(math.sin(q.anim_time*90*4-90)*1+1),-0,60))+math.clamp(math.sin(q.anim_time*90*4-100)*100,60,100)-60",
						0,
						0
					],
					"position": [0, "math.clamp(math.sin(q.anim_time*90*4-110+180)*1,0.8,1)-0.8", 0]
				},
				"ruff": {
					"rotation": [0, "-2*math.sin(q.anim_time*90*4)+math.clamp(2*math.sin(q.anim_time*90*4),-2,2)", 0]
				},
				"spikes": {
					"rotation": [0, "-2*math.sin(q.anim_time*90*4+90)+math.clamp(3*math.sin(q.anim_time*90*4+90),-3,3)", 0]
				}
			}
		},
		"animation.quareon.ground_run": {
			"loop": true,
			"override_previous_animation": true,
			"bones": {
				"body": {
					"rotation": ["5*(math.sin(q.anim_time*90*4*2-90)*1+1)-math.clamp(10*(math.sin(q.anim_time*90*4*2+45)*1+1),15,20)+15", 0, 0],
					"position": [
						0,
						"math.clamp(math.sin(q.anim_time*90*4*2+45)*1,0.5,2)-0.5+math.clamp(math.sin(q.anim_time*90*4*2)*1,0,2)",
						"-math.clamp(math.sin(q.anim_time*90*4*2-30)*2,0,2)+math.clamp(math.sin(-q.anim_time*90*4*2-30)*1,0,2)"
					]
				},
				"head": {
					"rotation": ["-5*(math.sin(q.anim_time*90*4*2-90)*1+1)+math.clamp(10*(math.sin(q.anim_time*90*4*2+45)*1+1),15,20)-15", 0, 0],
					"position": [0, -1, -1]
				},
				"leg_front_right": {
					"rotation": [
						"5+math.clamp(math.sin(-q.anim_time*90*4*1-20)*30,-40,0)+math.clamp(math.sin(q.anim_time*90*4*1+20)*30,-40,0)+math.clamp(math.sin(-q.anim_time*90*4*2-40)*50,0,70)-math.clamp(math.sin(-q.anim_time*90*4*2-30+180)*20,5,70)+5",
						0,
						0
					]
				},
				"leg_front_left": {
					"rotation": [
						"5+math.clamp(math.sin(-q.anim_time*90*4*1-20+30)*30,-40,0)+math.clamp(math.sin(q.anim_time*90*4*1+20-30)*30,-40,0)+math.clamp(math.sin(-q.anim_time*90*4*2-40+30)*50,0,70)-math.clamp(math.sin(-q.anim_time*90*4*2-30+180+30)*20,5,70)+5",
						0,
						0
					]
				},
				"leg_back_right": {
					"rotation": ["math.clamp(math.sin(q.anim_time*90*4*2)*40,0,50)-math.clamp(math.sin(-q.anim_time*90*4*2)*40,0,50)", 0, 0],
					"position": [
						0,
						"-math.clamp(math.sin(q.anim_time*90*4*2)*0.3,-1,2)-math.clamp(math.sin(-q.anim_time*90*4*2)*0.8,-1,2)",
						"-0.3+math.clamp(math.sin(q.anim_time*90*4*2-30)*0.5,0,2)-math.clamp(math.sin(q.anim_time*90*4*2-30+180)*0.5,0,2)"
					]
				},
				"leg_back_left": {
					"rotation": ["math.clamp(math.sin(q.anim_time*90*4*2+20)*40,0,50)-math.clamp(math.sin(-q.anim_time*90*4*2-20)*40,0,50)", 0, 0],
					"position": [
						0,
						"-math.clamp(math.sin(q.anim_time*90*4*2)*0.3,-1,2)-math.clamp(math.sin(-q.anim_time*90*4*2)*0.8,0,2)",
						"-0.3+math.clamp(math.sin(q.anim_time*90*4*2-30)*0.5,0,2)-math.clamp(math.sin(q.anim_time*90*4*2-30+180)*0.5,0,2)"
					]
				},
				"ear_right": {
					"rotation": [
						"-10-4*math.sin(q.anim_time*90*4*2+45)-math.clamp(4*math.sin(q.anim_time*90*4*2+90),-4,4)",
						"5+math.sin(q.anim_time*90*4*2+45)+math.clamp(math.sin(q.anim_time*90*4*2+90),-1,1)",
						0
					]
				},
				"ear_left": {
					"rotation": [
						"-10-4*math.sin(q.anim_time*90*4*2+45)-math.clamp(4*math.sin(q.anim_time*90*4*2+90),-4,4)",
						"-5-math.sin(q.anim_time*90*4*2+45)-math.clamp(math.sin(q.anim_time*90*4*2+90),-1,1)",
						0
					]
				},
				"leg_front_right2": {
					"rotation": ["-math.clamp(math.sin(-q.anim_time*90*4*2-70)*20,5,70)+5-math.clamp(math.sin(-q.anim_time*90*4*2-30+180)*10,5,70)+5", 0, 0]
				},
				"leg_front_right3": {
					"rotation": ["12*math.sin(q.anim_time*90*8+30)-math.clamp(math.sin(q.anim_time*90*8+15),1,1)", 0, 0]
				},
				"leg_front_left2": {
					"rotation": ["-math.clamp(math.sin(-q.anim_time*90*8-70+30)*20,5,70)+5-math.clamp(math.sin(-q.anim_time*90*8-30+180+30)*10,5,70)+5", 0, 0]
				},
				"leg_front_left3": {
					"rotation": ["12*math.sin(q.anim_time*90*8-15+30)-math.clamp(math.sin(q.anim_time*90*8-30+30),1,1)", 0, 0]
				},
				"leg_back_right2": {
					"rotation": ["math.clamp(math.sin(q.anim_time*90*8-180-30)*20,0,10)-math.clamp(math.sin(-q.anim_time*90*8-90)*20,0,50)", 0, 0]
				},
				"leg_back_right3": {
					"rotation": ["20+20*math.sin(q.anim_time*90*8+45-30)-math.clamp(math.sin(q.anim_time*90*8+90-30),1,1)", 0, 0]
				},
				"leg_back_left2": {
					"rotation": ["math.clamp(math.sin(q.anim_time*90*8-90)*5,0,5)-math.clamp(math.sin(-q.anim_time*90*8-90)*10,0,10)", 0, 0]
				},
				"leg_back_left3": {
					"rotation": ["20+20*math.sin(q.anim_time*90*8+15)-math.clamp(math.sin(q.anim_time*90*8+90),1,1)", 0, 0]
				},
				"ruff": {
					"rotation": ["-2.5-math.sin(q.anim_time*90*4*2+30)*7", 0, 0]
				},
				"spikes": {
					"rotation": ["-math.sin(q.anim_time*90*4*2+45)*9", 0, 0]
				}
			}
		},
		"animation.quareon.blink": {
			"animation_length": 0.1667,
			"bones": {
				"eyelid_right": {
					"position": {
						"0.0": [-0.1, 0, -0.1],
						"0.125": [-0.1, 0, -0.1],
						"0.1667": [0, 0, 0]
					}
				},
				"eyelid_left": {
					"position": {
						"0.0": [0.1, 0, -0.1],
						"0.125": [0.1, 0, -0.1],
						"0.1667": [0, 0, 0]
					}
				}
			}
		},
		"animation.quareon.sleep": {
			"loop": "hold_on_last_frame",
			"animation_length": 2.29167,
			"bones": {
				"hips": {
					"rotation": {
						"0.0": [0, 0, 0],
						"1.5": [-2.5, -17.5, 0]
					},
					"position": {
						"0.0": [0, 0, 0],
						"1.5": [0, 0, -1]
					}
				},
				"neck": {
					"rotation": {
						"0.0": [0, 0, 0],
						"1.5": [-45, 0, 0]
					}
				},
				"body": {
					"rotation": {
						"0.0": [0, 0, 0],
						"1.5": [0, 10, 0]
					},
					"position": {
						"0.0": [0, 0, 0],
						"0.25": [0.08, -0.485, 0.38],
						"0.5": [0.16, -1.13, 0.75],
						"0.75": [0.25, -1.975, 1.13],
						"1.5": [0.5, -5, 2.25]
					}
				},
				"head": {
					"rotation": {
						"0.0": [0, 0, 0],
						"0.5833": [10.07, 12.3, 6.35],
						"2.0417": [23.06, 25.11, 12.96],
						"2.25": [26.35388, 26.08056, 13.45995]
					},
					"position": {
						"0.0": [0, 0, 0],
						"0.5833": [0, -0.95, 0],
						"2.0417": [0, -1.93, 0],
						"2.25": [0, -2, 0]
					}
				},
				"eyelid_right": {
					"position": {
						"0.0": [0, 0, 0],
						"1.2083": [-0.1, 0, -0.1],
						"1.5": [-0.1, 0, -0.1],
						"2.0": [-0.1, 0, -0.1]
					}
				},
				"eyelid_left": {
					"position": {
						"0.0": [0, 0, 0],
						"1.2083": [0.1, 0, -0.1],
						"1.5": [0.1, 0, -0.1],
						"2.0": [0.1, 0, -0.1]
					}
				},
				"ear_left": {
					"rotation": {
						"0.0": [0, 0, 0],
						"1.8333": [0, 0, 15],
						"2.2917": [0, 0, 25]
					}
				},
				"ear_right": {
					"rotation": {
						"0.0": [0, 0, 0],
						"1.8333": [0, 0, -15],
						"2.2917": [0, 0, -25]
					}
				},
				"tail": {
					"rotation": {
						"0.0": [60, 0, 0],
						"0.5": [22.5, 0, 0],
						"1.0": [-7.5, 0, 0],
						"1.5": [-35, 0, 0]
					},
					"position": [0, 0, 0]
				},
				"tail2": {
					"rotation": {
						"0.0": [-5, 0, 0],
						"0.5": [12.5, 0, 0],
						"1.0": [22.5, 0, 0],
						"1.5": [27.5, 0, 0],
						"2.0": [0, 0, 0],
						"2.2917": [-2.5, 0, 0]
					}
				},
				"tail3": {
					"rotation": {
						"0.0": [-10, 0, 0],
						"0.5": [20, 0, 0],
						"1.0": [27.5, 0, 0],
						"1.5": [32.5, 0, 0],
						"2.0": [22.5, 0, 0],
						"2.2917": [12.5, 0, 0]
					}
				},
				"tail4": {
					"rotation": {
						"0.0": [-7.5, 0, 0],
						"0.5": [10, 0, 0],
						"1.0": [27.5, 0, 0],
						"1.5": [37.5, 0, 0],
						"2.0": [25, 0, 0],
						"2.2917": [22.5, 0, 0]
					}
				},
				"leg_front_left": {
					"rotation": {
						"0.0": [0, 0, 0],
						"1.5": [42.5, 12.5, 0]
					}
				},
				"leg_front_left2": {
					"rotation": {
						"0.0": [0, 0, 0],
						"1.5": [-117.5, 0, 0]
					},
					"position": {
						"0.0": [0, 0, 0],
						"1.5": [0, 0, -3]
					}
				},
				"leg_front_left3": {
					"rotation": {
						"0.0": [0, 0, 0],
						"1.5": [75, 0, 0]
					},
					"position": {
						"0.0": [0, 0, 0],
						"1.5": [0, -1.5, -0.3]
					}
				},
				"leg_front_right": {
					"rotation": {
						"0.0": [0, 0, 0],
						"1.5": [37.5, 0, 0]
					}
				},
				"leg_front_right2": {
					"rotation": {
						"0.0": [0, 0, 0],
						"1.5": [-110, 0, 0]
					},
					"position": {
						"0.0": [0, 0, 0],
						"1.5": [0, 0, -3]
					}
				},
				"leg_front_right3": {
					"rotation": {
						"0.0": [0, 0, 0],
						"1.5": [73.5, 0, 0]
					},
					"position": {
						"0.0": [0, 0, 0],
						"1.5": [0, -1.65, -0.75]
					}
				},
				"leg_back_left": {
					"rotation": {
						"0.0": [0, 0, 0],
						"1.5": [-62.40093, 4.21541, 2.69136]
					}
				},
				"leg_back_left2": {
					"rotation": {
						"0.0": [0, 0, 0],
						"0.25": [-21.63, 4.05, 7.52],
						"0.5": [-28.76, 8.1, 15.05],
						"0.75": [-30.89, 12.15, 22.57],
						"1.5": [-9.76914, 24.30509, 45.14615]
					}
				},
				"leg_back_left3": {
					"rotation": {
						"0.0": [0, 0, 0],
						"0.25": [32.5, 0, 0],
						"0.5": [21.81472, 9.18229, -8.51814],
						"0.75": [11.81, 9.18, -8.52]
					}
				},
				"leg_back_right": {
					"rotation": {
						"0.0": [0, 0, 0],
						"1.0": [56.85273, 10.19051, -1.79577]
					}
				},
				"leg_back_right2": {
					"rotation": {
						"0.0": [0, 0, 0],
						"0.25": [-55.06, 7.57, -15.26],
						"0.5": [-56.40629, 32.54138, -27.01168],
						"1.0": [-112.09454, 20.12383, -29.46695],
						"1.5": [-144.59454, 20.12383, -29.46695]
					},
					"position": {
						"0.0": [0, 0, 0],
						"0.5": [-0.85, 0.775, -1.675],
						"1.0": [-0.85, 0.78, -3.67]
					}
				},
				"leg_back_right3": {
					"rotation": {
						"0.0": [0, 0, 0],
						"1.0": [50.75, 0, 0],
						"1.5": [82.5, 0, 0]
					},
					"position": [0, 0, -0.7]
				},
				"wing_front_right": {
					"rotation": {
						"0.0": [0, 0, 0],
						"0.25": [-12.50361, 4.13118, 7.93634],
						"0.5": [-18.0039, 6.73537, 28.85754],
						"1.0": [-8.56294, 16.91919, 44.59682],
						"1.5": [-28.06046, 24.3319, 34.22613],
						"2.0": [-43.65893, 26.17757, 17.86305],
						"2.2917": [-49.57731, 26.05891, 13.62992]
					}
				},
				"wing_back_right": {
					"rotation": {
						"0.0": [0, 0, 0],
						"0.5": [0.42985, -13.14466, 24.36804],
						"1.0": [-5.02187, -17.80757, 33.58428],
						"1.5": [-13.26253, -21.31088, 37.98489],
						"2.0": [-20.76253, -21.31088, 37.98489],
						"2.2917": [-23.71002, -21.57669, 40.62243]
					}
				},
				"wing_back_right2": {
					"rotation": {
						"0.0": [0, 0, 0],
						"0.5": [7.5, 0, 0],
						"1.0": [15, 0, 0],
						"1.5": [20, 0, 0],
						"2.0": [10, 0, 0],
						"2.2917": [-7.5, 0, 0]
					}
				},
				"wing_back_right3": {
					"rotation": {
						"0.0": [0, 0, 0],
						"0.5": [12.5, 0, 0],
						"1.0": [27.5, 0, 0],
						"1.5": [17.5, 0, 0],
						"2.0": [12.5, 0, 0],
						"2.2917": [22.5, 0, 0]
					}
				},
				"wing_front_left": {
					"rotation": {
						"0.0": [0, 0, 0],
						"0.25": [-12.5, 0, 0],
						"0.5": [-20.86281, 9.6547, -3.81354],
						"1.0": [-29.29854, 26.8496, -16.08567],
						"1.5": [-29.78018, 31.9521, -25.04518],
						"2.0": [-29.97242, 32.61074, -27.46453]
					}
				},
				"wing_back_left": {
					"rotation": {
						"0.0": [0, 0, 0],
						"0.5": [-0.99236, 15.68549, -14.13209],
						"1.0": [-11.61937, 28.20533, -32.4005],
						"1.5": [-17.22853, 33.32741, -42.68882],
						"2.0": [-26.31444, 35.58734, -43.91609],
						"2.2083": [-28.31444, 35.58734, -43.91609]
					}
				},
				"wing_back_left2": {
					"rotation": {
						"0.0": [0, 0, 0],
						"0.5": [2.5, 0, 0],
						"1.0": [7.5, 0, 0],
						"1.5": [12.5, 0, 0],
						"2.0": [15, 0, 0],
						"2.2083": [12.5, 0, 0]
					}
				},
				"wing_back_left3": {
					"rotation": {
						"0.0": [0, 0, 0],
						"0.5": [2.5, 0, 0],
						"1.0": [10, 0, 0],
						"1.5": [20, 0, 0],
						"1.875": [22.5, 0, 0],
						"2.2917": [10, 0, 0]
					}
				},
				"top_right": {
					"rotation": {
						"0.0": [0, 0, 0],
						"1.8333": [0, 0, -20]
					}
				},
				"top_teft": {
					"rotation": {
						"0.0": [0, 0, 0],
						"1.8333": [0, 0, 20]
					}
				}
			}
		},
		"animation.quareon.faint": {
			"loop": "hold_on_last_frame",
			"animation_length": 1.75,
			"bones": {
				"neck": {
					"rotation": {
						"0.0": [0, 0, 0],
						"0.5": [0, 0, 9.17],
						"0.75": [0, 0, 27.5],
						"1.125": [0, 0, 27.5],
						"1.2917": [0, 0, 12.5],
						"1.4167": [0, 0, 8.75],
						"1.5833": [0, 0, 0]
					}
				},
				"body": {
					"rotation": {
						"0.0": [0, 0, 0],
						"0.25": [0, 0, 2.5],
						"0.5": [0, 0, 12.5],
						"0.75": [0, 0, 23.75],
						"1.125": [0, 0, 90],
						"1.4167": [0, 0, 75],
						"1.5833": [0, 0, 90]
					},
					"position": {
						"0.0": [0, 0, 0],
						"0.25": [0.57, 0.175, 0.28],
						"0.5": [2.14, 0.625, 0.57],
						"0.75": [4.81, -0.95, 0.67],
						"1.125": [12.825, -5.69, 0.95],
						"1.4167": [12.82, -4.94, 0.95],
						"1.5833": [12.825, -5.69, 0.95]
					}
				},
				"head": {
					"rotation": {
						"0.0": [0, 0, 0],
						"0.25": [0, 2.5, 0],
						"0.5": [-1.41252, 7.32614, -15.11408],
						"0.75": [-0.43688, 4.98093, -27.519],
						"1.0": [-0.74155, -0.81774, -20.42001],
						"1.2083": [-2.24433, -7.39437, 6.66138],
						"1.4167": [-0.24954, -15.22179, -8.43439],
						"1.5417": [-2.93328, 1.29098, -7.26201],
						"1.6667": [-1.03129, -5.1337, -0.95004]
					}
				},
				"eyelid_right": {
					"position": {
						"0.0": [0, 0, 0],
						"0.0833": [-0.1, 0, -0.1]
					}
				},
				"eyelid_left": {
					"position": {
						"0.0": [0, 0, 0],
						"0.0833": [0.1, 0, -0.1]
					}
				},
				"ear_left": {
					"rotation": {
						"0.0": [0, 0, 0],
						"0.5": [0, 0, -5],
						"1.0": [0, 0, -15],
						"1.1667": [0, 0, 0],
						"1.4167": [0, 0, 25],
						"1.5": [0, 0, -15],
						"1.5833": [0, 0, -2.5]
					}
				},
				"ear_right": {
					"rotation": {
						"0.0": [0, 0, 0],
						"0.5": [0, 0, -7.5],
						"1.0": [0, 0, -30],
						"1.1667": [0, 0, 5],
						"1.4167": [0, 0, 10],
						"1.5": [0, 0, -7.5],
						"1.5833": [0, 0, 5]
					}
				},
				"tail": {
					"rotation": {
						"0.0": [-22.5, 0, 0],
						"0.5": [-21.93862, -0.11409, -13.44764],
						"0.75": [-21.13706, 5.12133, -39.20566],
						"1.0": [-20.68041, 16.68612, -83.42064],
						"1.125": [-21.36738, 6.1041, -90.18108],
						"1.2917": [-22.43314, -4.12988, -75.39159],
						"1.4167": [-22.02174, -6.02234, -80.03806],
						"1.5833": [-22.15538, 0.43607, -90.73198]
					},
					"position": {
						"0.0": [0, 0.25, -1.25],
						"0.4167": [0, 0.25, -1.25],
						"1.125": [0, -1.25, -1.25]
					}
				},
				"tail2": {
					"rotation": {
						"0.0": [-12.5, 0, 0],
						"0.5": [-5, 0, 0]
					}
				},
				"tail3": {
					"rotation": {
						"0.0": [20, 0, 0],
						"0.5": [20, 0, 0],
						"1.0": [-15, 0, 0],
						"1.125": [20, 0, 0],
						"1.4167": [20, 0, 0],
						"1.5833": [22.5, 0, 0]
					}
				},
				"tail4": {
					"rotation": {
						"0.0": [0, 0, 0],
						"0.5": [-12.5, 0, 0],
						"1.0": [30, 0, 0],
						"1.125": [7.5, 0, 0],
						"1.4167": [2.5, 0, 0],
						"1.5833": [5, 0, 0]
					}
				},
				"leg_front_left": {
					"rotation": {
						"0.0": [0, 0, 0],
						"0.5": [0, 0, 0],
						"0.75": [0, 0, 12.5],
						"1.0": [0, 0, 12.5],
						"1.25": [0, 0, 7.5],
						"1.4167": [0, 0, 12.5],
						"1.5833": [0, 0, 2.5],
						"1.75": [0, 0, 0]
					}
				},
				"leg_front_left2": {
					"rotation": {
						"0.0": [0, 0, 0],
						"0.5": [0, 0, 0],
						"0.75": [0, 0, 22.5],
						"0.875": [0, 0, 16.25],
						"1.0": [0, 0, 0],
						"1.25": [0, 0, 15],
						"1.4167": [0, 0, 0]
					}
				},
				"leg_front_left3": {
					"rotation": {
						"0.0": [0, 0, 0],
						"0.5": [0, 0, 0],
						"0.75": [0, 0, 15],
						"1.0": [0, 0, 0],
						"1.25": [0, 0, 10],
						"1.4167": [0, 0, 0]
					}
				},
				"leg_front_right": {
					"rotation": {
						"0.0": [0, 0, 0],
						"0.25": [0, 0, -2.5],
						"0.5": [0, 0, -12.5],
						"0.75": [0, 0, 12.5],
						"1.0": [15, 0, 17.5],
						"1.125": [22.19157, 3.81024, 8.24751],
						"1.4167": [21.72028, 16.47023, 0.95299],
						"1.5833": [17.96894, 20.0448, -11.84069]
					}
				},
				"leg_front_right2": {
					"rotation": {
						"0.0": [0, 0, 0],
						"0.5": [0, 0, 0],
						"0.75": [-30, 0, 0],
						"1.0": [-6.64743, 7.43547, 13.06431],
						"1.125": [0, 0, 0],
						"1.4167": [0, 0, 7.5],
						"1.5833": [0, 0, 0]
					}
				},
				"leg_front_right3": {
					"rotation": {
						"0.0": [0, 0, 0],
						"0.75": [0, 0, 0],
						"1.0": [0, 0, 10],
						"1.125": [0, 0, 7.5],
						"1.4167": [0, 0, 0],
						"1.5833": [0, 0, 7.5]
					}
				},
				"leg_back_left": {
					"rotation": {
						"0.0": [0, 0, 0],
						"0.25": [0, 0, 0],
						"0.5": [-10, 0, 0],
						"0.75": [-17.5, 0, 14.3],
						"1.0": [-17.39638, -1.61888, 6.97583],
						"1.25": [-17.4, -1.62, 6.98],
						"1.4167": [-17.45758, -1.08185, 9.42208],
						"1.75": [-17.42189, 7.61376, 2.39443]
					}
				},
				"leg_back_left2": {
					"rotation": {
						"0.0": [0, 0, 0],
						"0.5": [0, 0, 0],
						"0.75": [-17.47638, 1.2497, 17.16541],
						"1.0": [-17.48, 1.25, 17.17],
						"1.125": [0, 0, 0],
						"1.4167": [0, 0, 0],
						"1.5833": [0, 0, -7.5]
					}
				},
				"leg_back_left3": {
					"rotation": {
						"0.0": [0, 0, 0],
						"0.5": [10, 0, 0],
						"0.75": [0, 0, 7.5],
						"1.0": [0, 0, 7.5],
						"1.125": [0, 0, 7.5],
						"1.4167": [0, 0, 0],
						"1.4583": [0, 0, -5],
						"1.5833": [0, 0, 10],
						"1.6667": [-0.01705, -3.93132, -0.88933],
						"1.75": [0.29228, -7.20432, -1.74587]
					}
				},
				"leg_back_right": {
					"rotation": {
						"0.0": [0, 0, 0],
						"0.5": [0, 0, 0],
						"0.75": [1.54554, 16.99672, 5.20904],
						"1.0": [16.54554, 16.99672, 5.20904],
						"1.125": [12.7021, 7.76184, -6.25847],
						"1.4167": [12.51517, 15.6645, -6.37171],
						"1.5": [11.83368, 16.39842, -8.85511],
						"1.5833": [12.66876, 12.69358, -5.10541],
						"1.75": [10.9054, 14.8628, -12.49838]
					}
				},
				"leg_back_right2": {
					"rotation": {
						"0.0": [0, 0, 0],
						"0.5": [10, 0, 0],
						"0.75": [0, 0, 0],
						"1.0": [0, 0, 0],
						"1.125": [0, 0, -7.5],
						"1.4167": [0, 0, 2.5],
						"1.5": [0, 0, 2.5],
						"1.5833": [0, 0, -5],
						"1.75": [0, 0, -2.5]
					}
				},
				"wing_front_right": {
					"rotation": {
						"0.0": [0, 0, 0],
						"0.5": [-6.10571, -9.96544, 2.95966],
						"0.75": [-14.33166, -25.54586, 30.99651],
						"1.0": [-17.03924, -14.36675, 11.25433],
						"1.125": [-2.9097, -10.4893, -26.14181],
						"1.4167": [-4.03313, -21.0161, -25.51804],
						"1.5": [-3.68806, -30.94591, -14.25593],
						"1.5833": [10.41171, -17.74523, -29.34078]
					}
				},
				"wing_back_right": {
					"rotation": {
						"0.0": [0, 0, 0],
						"0.5": [-0.25561, -14.12623, 7.32627],
						"0.75": [-6.29015, -18.06322, 46.71394],
						"1.0": [-4.81101, -9.31149, 24.9435],
						"1.125": [-5.23515, -2.00371, -8.28498],
						"1.4167": [-5.24, -2, -8.28],
						"1.5": [-3.40409, -3.81419, 4.22316],
						"1.5833": [-5.24, -2, -8.28]
					}
				},
				"wing_back_right2": {
					"rotation": {
						"0.0": [0, 0, 0],
						"0.5": [5, 0, 0],
						"1.0": [5, 0, 0],
						"1.125": [-2.5, 0, 0],
						"1.4167": [-10, 0, 0],
						"1.75": [-20, 0, 0]
					}
				},
				"wing_back_right3": {
					"rotation": {
						"0.0": [0, 0, 0],
						"0.5": [5, 0, 0],
						"1.0": [5, 0, 0],
						"1.125": [-2.5, 0, 0],
						"1.4167": [-10, 0, 0],
						"1.75": [-20, 0, 0]
					}
				},
				"wing_front_left": {
					"rotation": {
						"0.0": [0, 0, 0],
						"0.5": [0, 0, 15],
						"0.75": [-25.04422, -1.82397, 20.30513],
						"0.9583": [-45.39055, -5.94535, 52.57382],
						"1.125": [-44.0324, -7.02957, 46.24279],
						"1.4167": [-50.93395, -6.62055, 58.38131],
						"1.5833": [-44.0324, -7.02957, 46.24279]
					}
				},
				"wing_back_left": {
					"rotation": {
						"0.0": [0, 0, 0],
						"0.5": [5, 0, 12.5],
						"0.75": [4.7022, -3.5085, 24.82009],
						"1.125": [-8.46124, -3.59593, 27.40513],
						"1.4167": [-3.67434, -4.08854, 37.75405],
						"1.5833": [-8.46124, -3.59593, 27.40513]
					}
				},
				"wing_back_left2": {
					"rotation": {
						"0.0": [0, 0, 0],
						"0.5": [-5, 0, 0],
						"0.75": [-10, 0, 0],
						"1.125": [-5, 0, 0],
						"1.4167": [-4.5, 0, 0],
						"1.5833": [-4.75, 0, 0]
					}
				},
				"wing_back_left3": {
					"rotation": {
						"0.0": [0, 0, 0],
						"0.5": [-12.5, 0, 0],
						"0.75": [-20, 0, 0],
						"1.125": [2.5, 0, 0],
						"1.4167": [-2.5, 0, 0],
						"1.5833": [2.5, 0, 0]
					}
				},
				"top_teft": {
					"rotation": {
						"0.0": [0, 0, 0],
						"0.25": [0, -2.5, -5],
						"0.5": [1.81693, -7.42066, -10.3191],
						"0.75": [11.10665, -30.09476, -12.7575],
						"1.0": [9.84425, -12.881, -9.35086],
						"1.2083": [13.9897, -8.17381, -31.74145],
						"1.4167": [6.79627, -14.69753, 3.38559],
						"1.5417": [11.34486, -10.49224, -19.17953],
						"1.6667": [13.9897, -8.17381, -31.74145]
					}
				},
				"top_right": {
					"rotation": {
						"0.0": [0, 0, 0],
						"0.25": [0, 0, -2.5],
						"0.5": [0, 0, -10],
						"0.75": [0, 0, -30],
						"1.0": [-18.00586, -20.37672, -26.49127],
						"1.2083": [-57.461, 22.15576, -59.36805],
						"1.4167": [-53.98026, 26.33699, -67.2459],
						"1.5417": [-22.73044, 14.86286, -48.18295],
						"1.6667": [-46.46513, 11.46852, -49.78821]
					}
				},
				"left_spikes": {
					"rotation": {
						"0.0": [0, 0, 0],
						"1.0": [0, 0, 0],
						"1.1667": [0, -11, 0],
						"1.4167": [0, -6, 0],
						"1.5": [0, -11, 0],
						"1.5833": [0, -13, 0]
					}
				}
			}
		}
	}
}