{
	"format_version": "1.8.0",
	"animations": {
		"animation.regisculk.ground_idle": {
			"loop": true,
			"bones": {
				"torso2": {
					"rotation": ["10+math.sin(q.anim_time*90*0.5)*2", 0, 0]
				},
				"lower_spike_left": {
					"rotation": [0, "0-math.sin(q.anim_time*90*0.5)*5", 0]
				},
				"torso3": {
					"rotation": ["12.5+math.sin(q.anim_time*90*0.5)*3", 0, 0]
				},
				"antenna_left": {
					"rotation": ["-10-math.sin(q.anim_time*90*0.5)*8", 0, "0-math.sin(q.anim_time*90*0.5)*8"]
				},
				"shoulder_left": {
					"rotation": ["-40-math.sin(q.anim_time*90*0.5)*5", 0, "-5-math.sin(q.anim_time*90*0.5)*5"],
					"position": [0, 0.25, 0]
				},
				"arm_left2": {
					"rotation": [5, 0, "5+math.sin(q.anim_time*90*0.5)*5"]
				},
				"hand_left": {
					"rotation": [12.25, 0, -0.5],
					"position": [0, "0.2+math.sin(q.anim_time*90*0.5)*0.2", 0]
				},
				"upper_spike_left": {
					"rotation": [0, "0-math.sin(q.anim_time*90*0.5)*5", 0]
				},
				"middle_spike_left": {
					"rotation": [0, "0-math.sin(q.anim_time*90*0.5)*5", 0]
				},
				"tail": {
					"position": [0, "0.15-math.sin(q.anim_time*90*0.5)*0.8", 0],
					"scale": ["1+math.sin(q.anim_time*90*0.5)*0.1", "1-math.sin(q.anim_time*90*0.5)*0.1", "1+math.sin(q.anim_time*90*0.5)*0.1"]
				},
				"tail2": {
					"scale": [1, 1, "1-math.sin(q.anim_time*90*0.5)*0.2"]
				},
				"shoulder_right": {
					"rotation": ["-40-math.sin(q.anim_time*90*0.5)*5", 0, "5+math.sin(q.anim_time*90*0.5)*5"],
					"position": [0, 0.25, 0]
				},
				"arm_right2": {
					"rotation": [5, 0, "-5-math.sin(q.anim_time*90*0.5)*5"]
				},
				"hand_right": {
					"rotation": [12.25, 0, 0.5],
					"position": [0, "0.2+math.sin(q.anim_time*90*0.5)*0.2", 0]
				},
				"antenna_right": {
					"rotation": ["-10-math.sin(q.anim_time*90*0.5)*8", 0, "0+math.sin(q.anim_time*90*0.5)*8"]
				},
				"middle_spike_right": {
					"rotation": [0, "0+math.sin(q.anim_time*90*0.5)*5", 0]
				},
				"upper_spike_right": {
					"rotation": [0, "0+math.sin(q.anim_time*90*0.5)*5", 0]
				},
				"lower_spike_right": {
					"rotation": [0, "0+math.sin(q.anim_time*90*0.5)*5", 0]
				}
			}
		},
		"animation.regisculk.blink": {
			"animation_length": 0.1667,
			"bones": {
				"eyelid_center": {
					"position": {
						"0.0": [0, 0, -0.1],
						"0.125": [0, 0, -0.1],
						"0.1667": [0, 0, 0]
					}
				},
				"eyelid_left": {
					"position": {
						"0.0": [0, 0, -0.1],
						"0.125": [0, 0, -0.1],
						"0.1667": [0, 0, 0]
					}
				},
				"eyelid_left_top": {
					"position": {
						"0.0": [0, 0, -0.1],
						"0.125": [0, 0, -0.1],
						"0.1667": [0, 0, 0]
					}
				},
				"eyelid_left_bottom": {
					"position": {
						"0.0": [0, 0, -0.1],
						"0.125": [0, 0, -0.1],
						"0.1667": [0, 0, 0]
					}
				},
				"eyelid_right": {
					"position": {
						"0.0": [0, 0, -0.1],
						"0.125": [0, 0, -0.1],
						"0.1667": [0, 0, 0]
					}
				},
				"eyelid_right_top": {
					"position": {
						"0.0": [0, 0, -0.1],
						"0.125": [0, 0, -0.1],
						"0.1667": [0, 0, 0]
					}
				},
				"eyelid_right_bottom": {
					"position": {
						"0.0": [0, 0, -0.1],
						"0.125": [0, 0, -0.1],
						"0.1667": [0, 0, 0]
					}
				}
			}
		}
	}
}