{
	"format_version": "1.8.0",
	"animations": {
		"animation.suikani.water_idle": {
			"loop": true,
			"animation_length": 1,
			"bones": {
				"body": {
					"rotation": {
						"0.0": {
							"post": [0, 0, 42.5],
							"lerp_mode": "catmullrom"
						}
					},
					"position": {
						"0.0": {
							"post": [3, 0, 0],
							"lerp_mode": "catmullrom"
						},
						"0.5": {
							"post": [3, -0.5, 0],
							"lerp_mode": "catmullrom"
						},
						"1.0": {
							"post": [3, 0, 0],
							"lerp_mode": "catmullrom"
						}
					}
				},
				"head": {
					"rotation": {
						"0.0": {
							"post": [0, 0, -41.5],
							"lerp_mode": "catmullrom"
						}
					},
					"position": {
						"0.0": {
							"post": [-1, 0.6, 0.1],
							"lerp_mode": "catmullrom"
						}
					}
				},
				"leftarm": {
					"position": [-5, 0.35, -2]
				},
				"rightarm": {
					"position": [-4, 0.55, 2]
				},
				"leftlegfront": {
					"position": [0, 1.175, -2]
				},
				"leftlegback": {
					"position": [0, 1.225, -2]
				},
				"rightlegback": {
					"position": [0, 1.3, 2]
				},
				"rightlegfront": {
					"position": [0, 1.475, 1.975]
				},
				"pincher2r": {
					"position": [0, 0.475, 0]
				}
			}
		},
		"animation.suikani.water_swim": {
			"loop": true,
			"animation_length": 1,
			"bones": {
				"body": {
					"rotation": {
						"0.0": {
							"post": [0, 0, 42.5],
							"lerp_mode": "catmullrom"
						},
						"0.25": {
							"post": [-1, 1, 43.39121],
							"lerp_mode": "catmullrom"
						},
						"0.5": {
							"post": [0, 0, 42.5],
							"lerp_mode": "catmullrom"
						},
						"0.75": {
							"post": [1, -1, 41.39121],
							"lerp_mode": "catmullrom"
						},
						"1.0": {
							"post": [0, 0, 42.5],
							"lerp_mode": "catmullrom"
						}
					},
					"position": {
						"0.0": {
							"post": [3, 0, 0],
							"lerp_mode": "catmullrom"
						},
						"0.5": {
							"post": [3, -0.5, 0],
							"lerp_mode": "catmullrom"
						},
						"1.0": {
							"post": [3, 0, 0],
							"lerp_mode": "catmullrom"
						}
					}
				},
				"head": {
					"rotation": {
						"0.0": {
							"post": [0, 0, -41.5],
							"lerp_mode": "catmullrom"
						}
					},
					"position": {
						"0.0": {
							"post": [-1, 0.6, 0.1],
							"lerp_mode": "catmullrom"
						}
					}
				},
				"leftarm": {
					"position": [-4, 1, -2]
				},
				"rightarm": {
					"position": [-4, 1, 2]
				},
				"leftlegfront": {
					"position": [0, 2, -2]
				},
				"leftlegback": {
					"position": [0, 2, -2]
				},
				"rightlegback": {
					"position": [0, 2, 2]
				},
				"rightlegfront": {
					"position": [0, 2, 2]
				}
			}
		},
		"animation.suikani.ground_idle": {
			"loop": true,
			"bones": {
				"leftarm": {
					"rotation": [10.30434, "56.3781+Math.sin((query.anim_time-0.3) * 90 * 2) * 5", 22.51308],
					"position": [-1, 0, 0.25]
				},
				"rightarm": {
					"rotation": [-22.11016, "-54.5531+Math.sin((query.anim_time-0.3) * 90 * 2) * 5", 26.50525],
					"position": [-1, 0, -0.25]
				},
				"body": {
					"rotation": ["Math.sin((query.anim_time-0.3) * 90 * 1) * -5", 0, 0]
				},
				"head": {
					"rotation": ["Math.sin((query.anim_time-0.3) * 90 * 1) * 5", 0, 0],
					"position": [0, 0, "Math.sin((query.anim_time-0.3) * 90 * 1) * 0.2"]
				}
			}
		},
		"animation.suikani.ground_walk": {
			"loop": true,
			"bones": {
				"leftarm": {
					"rotation": [1.51569, "-15.5558+Math.sin((query.anim_time-0.3) * 90 * 12) * 10", -85.624]
				},
				"rightarm": {
					"rotation": [1.51569, "15.5558+Math.sin((query.anim_time-0.3) * 90 * 12) * -10", -85.624]
				},
				"body": {
					"position": [0, "Math.sin((query.anim_time+0.1) * 90 * 12) * 0.2", 0]
				},
				"head": {
					"rotation": ["Math.sin((query.anim_time-0.3) * 90 * 6) * -5", 0, 0]
				},
				"leftlegback": {
					"rotation": ["Math.sin((query.anim_time+0.1) * 90 * 8) * 10", 0, 0]
				},
				"leftlegfront": {
					"rotation": ["Math.sin((query.anim_time+0.3) * 90 * 8) * 10", 0, 0]
				},
				"rightlegback": {
					"rotation": ["Math.sin((query.anim_time+0.3) * 90 * 8) * 10", 0, 0]
				},
				"rightlegfront": {
					"rotation": ["Math.sin((query.anim_time+0.1) * 90 * 8) * 10", 0, 0]
				}
			}
		}
	}
}