{
	"format_version": "1.8.0",
	"animations": {
		"animation.tanglare.air_idle": {
			"loop": true,
			"bones": {
				"body": {
					"rotation": ["-math.sin(q.anim_time*90*2-45)*1", 0, "-math.sin(q.anim_time*90*1-45)*2.5"],
					"position": ["math.sin(q.anim_time*90*1-45)*1", "2+math.sin(q.anim_time*90*2-45)*1", 0]
				},
				"leaf_left": {
					"rotation": ["-math.sin(q.anim_time*90*2-45)*2", 0, "-10+math.sin(q.anim_time*90*1-45)*15"]
				},
				"petal_west": {
					"rotation": [0, 0, "-math.sin(q.anim_time*90*2-45)*10"]
				},
				"petal_west2": {
					"rotation": [0, 0, "math.sin(q.anim_time*90*2-45)*10"]
				},
				"petal_north": {
					"rotation": ["-math.sin(q.anim_time*90*2-45)*10", 0, 0]
				},
				"petal_south": {
					"rotation": ["math.sin(q.anim_time*90*2-45)*10", 0, 0]
				},
				"tail": {
					"rotation": ["math.sin(q.anim_time*90*2-45)*1", 0, "math.sin(q.anim_time*90*1-45)*2.5"]
				},
				"tail2": {
					"rotation": ["2.5-math.sin(q.anim_time*90*2-45)*2", 0, "math.sin(q.anim_time*90*1-45)*2.5"]
				},
				"tail3": {
					"rotation": ["2.5-math.sin(q.anim_time*90*2-45)*4", 0, "math.sin(q.anim_time*90*1-45)*5"]
				},
				"leaf_right": {
					"rotation": ["-math.sin(q.anim_time*90*2-45)*2", 0, "10+math.sin(q.anim_time*90*1-45)*15"]
				},
				"leaf_back": {
					"rotation": ["2.5-math.sin(q.anim_time*90*2-45)*4", 0, "math.sin(q.anim_time*90*1-45)*10"]
				}
			}
		},
		"animation.tanglare.air_walk": {
			"loop": true,
			"bones": {
				"body": {
					"rotation": ["10-math.sin(q.anim_time*90*2-45)*1", 0, "-math.sin(q.anim_time*90*1-45)*2.5"],
					"position": ["math.sin(q.anim_time*90*1-45)*1.5", "-1+math.sin(q.anim_time*90*2-45)*1", -2]
				},
				"leaf_left": {
					"rotation": ["37.5-math.sin(q.anim_time*90*2-45)*2", 0, "-10+math.sin(q.anim_time*90*1-45)*15"]
				},
				"petal_west": {
					"rotation": [0, 0, "-math.sin(q.anim_time*90*2-45)*10"]
				},
				"petal_west2": {
					"rotation": [0, 0, "math.sin(q.anim_time*90*2-45)*10"]
				},
				"petal_north": {
					"rotation": ["-math.sin(q.anim_time*90*2-45)*10", 0, 0]
				},
				"petal_south": {
					"rotation": ["math.sin(q.anim_time*90*2-45)*10", 0, 0]
				},
				"tail": {
					"rotation": ["15+math.sin(q.anim_time*90*2-45)*2", 0, "math.sin(q.anim_time*90*1-45)*2.5"],
					"position": [0, 0.75, 0]
				},
				"tail2": {
					"rotation": ["15-math.sin(q.anim_time*90*2-45)*4", 0, "math.sin(q.anim_time*90*1-45)*2.5"]
				},
				"tail3": {
					"rotation": ["25-math.sin(q.anim_time*90*2-45)*8", 0, "math.sin(q.anim_time*90*1-45)*5"]
				},
				"leaf_right": {
					"rotation": ["37.5-math.sin(q.anim_time*90*2-45)*2", 0, "10+math.sin(q.anim_time*90*1-45)*15"]
				},
				"leaf_back": {
					"rotation": ["2.5-math.sin(q.anim_time*90*2-45)*4", 0, "math.sin(q.anim_time*90*1-45)*10"]
				}
			}
		},
		"animation.tanglare.cry": {
			"animation_length": 1.5,
			"bones": {
				"body": {
					"rotation": {
						"0.0": [0, 0, 0],
						"0.25": {
							"pre": [0, 0, 0],
							"post": [0, 0, 0],
							"lerp_mode": "catmullrom"
						},
						"0.4167": {
							"post": [0.5, -10, 2.5],
							"lerp_mode": "catmullrom"
						},
						"0.5833": {
							"post": [0, 0, 0],
							"lerp_mode": "catmullrom"
						},
						"0.75": {
							"post": [0.5, 10, -2.5],
							"lerp_mode": "catmullrom"
						},
						"0.9167": {
							"post": [0, 0, 0],
							"lerp_mode": "catmullrom"
						},
						"1.0833": {
							"post": [0.5, -10, 2.5],
							"lerp_mode": "catmullrom"
						},
						"1.5": {
							"post": [0, 0, 0],
							"lerp_mode": "catmullrom"
						}
					},
					"position": {
						"0.0": [0, 0, 0],
						"0.25": {
							"pre": [1, -0.75, 0],
							"post": [1, -0.75, 0],
							"lerp_mode": "catmullrom"
						},
						"0.4167": {
							"post": [3, -0.25, 0],
							"lerp_mode": "catmullrom"
						},
						"0.5833": {
							"post": [0, -0.75, 0],
							"lerp_mode": "catmullrom"
						},
						"0.75": {
							"post": [-3, -0.25, 0],
							"lerp_mode": "catmullrom"
						},
						"0.9167": {
							"post": [0, -0.75, 0],
							"lerp_mode": "catmullrom"
						},
						"1.0833": {
							"post": [4, -0.25, 0],
							"lerp_mode": "catmullrom"
						},
						"1.25": {
							"post": [2, -0.75, 0],
							"lerp_mode": "catmullrom"
						},
						"1.5": {
							"post": [0, 0, 0],
							"lerp_mode": "catmullrom"
						}
					}
				},
				"leaf_left": {
					"rotation": {
						"0.0": [0, 0, 0],
						"0.4167": {
							"pre": [-12, -2, 10],
							"post": [-12, -2, 10],
							"lerp_mode": "catmullrom"
						},
						"0.75": {
							"post": [12.5, 0, -17.5],
							"lerp_mode": "catmullrom"
						},
						"1.0833": {
							"post": [-12, -2, 10],
							"lerp_mode": "catmullrom"
						},
						"1.5": {
							"post": [0, 0, 0],
							"lerp_mode": "catmullrom"
						}
					}
				},
				"tail2": {
					"rotation": {
						"0.0": [0, 0, 0],
						"0.4167": {
							"pre": [-2.5, 0, 10],
							"post": [-2.5, 0, 10],
							"lerp_mode": "catmullrom"
						},
						"0.75": {
							"post": [2.5, 0, -10],
							"lerp_mode": "catmullrom"
						},
						"1.0833": {
							"post": [-2.5, 0, 10],
							"lerp_mode": "catmullrom"
						},
						"1.5": {
							"post": [0, 0, 0],
							"lerp_mode": "catmullrom"
						}
					}
				},
				"tail3": {
					"rotation": {
						"0.0": [0, 0, 0],
						"0.4167": {
							"pre": [-12.5, 0, 15],
							"post": [-12.5, 0, 15],
							"lerp_mode": "catmullrom"
						},
						"0.75": {
							"post": [12.5, 0, -15],
							"lerp_mode": "catmullrom"
						},
						"1.0833": {
							"post": [-12.5, 0, 15],
							"lerp_mode": "catmullrom"
						},
						"1.5": {
							"post": [0, 0, 0],
							"lerp_mode": "catmullrom"
						}
					}
				},
				"leaf_right": {
					"rotation": {
						"0.0": [0, 0, 0],
						"0.4167": {
							"pre": [-12.5, 0, 17.5],
							"post": [-12.5, 0, 17.5],
							"lerp_mode": "catmullrom"
						},
						"0.75": {
							"post": [12, -2, -10],
							"lerp_mode": "catmullrom"
						},
						"1.0833": {
							"post": [-12.5, 0, 17.5],
							"lerp_mode": "catmullrom"
						},
						"1.5": {
							"post": [0, 0, 0],
							"lerp_mode": "catmullrom"
						}
					}
				},
				"leaf_back": {
					"rotation": {
						"0.0": [0, 0, 0],
						"0.4167": {
							"pre": [-5, 0, 20],
							"post": [-5, 0, 20],
							"lerp_mode": "catmullrom"
						},
						"0.75": {
							"post": [5, 0, -20],
							"lerp_mode": "catmullrom"
						},
						"1.0833": {
							"post": [-5, 0, 20],
							"lerp_mode": "catmullrom"
						},
						"1.5": {
							"post": [0, 0, 0],
							"lerp_mode": "catmullrom"
						}
					}
				},
				"eye_right": {
					"rotation": {
						"0.2083": [0, 0, 0],
						"0.25": [0, 0, 15],
						"1.25": [0, 0, 15],
						"1.2917": [0, 0, 0]
					}
				},
				"eye_left": {
					"rotation": {
						"0.2083": [0, 0, 0],
						"0.25": [0, 0, -15],
						"1.25": [0, 0, -15],
						"1.2917": [0, 0, 0]
					}
				}
			},
			"sound_effects": {
				"0.0417": {
					"effect": "pokemon.tangela.cry"
				}
			}
		},
		"animation.tanglare.blink": {
			"animation_length": 0.1667,
			"bones": {
				"eyelids": {
					"position": {
						"0.0": [0, 0, -0.3],
						"0.125": [0, 0, -0.3],
						"0.1667": [0, 0, 0]
					}
				}
			}
		}
	}
}