{
	"format_version": "1.8.0",
	"animations": {
		"animation.terreon.ground_idle": {
			"loop": true,
			"override_previous_animation": true,
			"bones": {
				"head": {
					"rotation": ["-math.sin(q.anim_time*90*4)*0.2", 0, "math.clamp(math.sin(q.anim_time*90*4+45)*0.2,-1.2,1.2)"]
				},
				"ear_right": {
					"rotation": [0, 0, "-math.sin(q.anim_time*90*2+90)+math.clamp(math.sin(q.anim_time*90*2-90),-1,1)"]
				},
				"ear_left": {
					"rotation": [0, 0, "math.sin(q.anim_time*90*2+90)-math.clamp(math.sin(q.anim_time*90*2-90),-1,1)"]
				},
				"torso": {
					"rotation": ["math.sin(q.anim_time*90*4)*0.2", 0, 0],
					"position": [0, "(math.clamp(math.sin(q.anim_time*90*4+180)*0.1,-0.03,0.03)+math.clamp(math.sin(q.anim_time*90*2+180)*0.15,-0.5,0.5))*0.5", 0]
				},
				"tail": {
					"rotation": [
						"math.clamp(1*(math.sin(q.anim_time*90*2+90)*1-1),0,7)-(math.sin(q.anim_time*90*2+90)*1)",
						"(math.sin(q.anim_time*90*2)*1)+(math.sin(q.anim_time*90*2/2)*1)",
						0
					]
				},
				"ruff": {
					"rotation": [0, "-2*math.sin(q.anim_time*90*2)+math.clamp(3*math.sin(q.anim_time*90*2),-3,3)", 0]
				}
			}
		},
		"animation.terreon.ground_walk": {
			"loop": true,
			"override_previous_animation": true,
			"bones": {
				"body": {
					"rotation": [0, 0, "math.clamp(math.sin(q.anim_time*90*4-90)*1,-0.8,0.8)+math.sin(q.anim_time*90*4-180)*1"],
					"position": [0, "-1.5+math.clamp(math.sin(q.anim_time*90*4)*1.1,0.5,1)+math.clamp(math.sin(q.anim_time*90*4+180)*1.1,0.5,1)", 0]
				},
				"head": {
					"rotation": [0, 0, "-math.clamp(math.sin(q.anim_time*90*4-90)*1,-0.8,0.8)-math.sin(q.anim_time*90*4-180)*1"],
					"position": [
						"math.sin(q.anim_time*90*4-45)*0.1",
						"math.clamp(math.sin(q.anim_time*90*4+30)*0.05,0.5,1)+math.clamp(math.sin(-q.anim_time*90*4+30)*0.05,0.5,1)+math.sin(-q.anim_time*90*8+30)*0.2-1",
						0
					]
				},
				"leg_front_right": {
					"rotation": [
						"30-math.clamp(20*(math.sin(q.anim_time*90*4-90+180)*1+1),-0,60)",
						0,
						"math.clamp(math.sin(q.anim_time*90*4-90+180)*1,-0.8,0.8)+math.sin(q.anim_time*90*4-180+180)*1"
					],
					"position": [
						0,
						"-0.5+0.8*(math.clamp(math.sin(q.anim_time*90*4-155+180)*1.6,1,1.6)-0.2)+0.5*(math.clamp(math.sin(q.anim_time*90*4-75+180)*1.8,1,1.8)-1)-0.2*(math.clamp(math.sin(q.anim_time*90*4+180)*1.4,1,1.4)+1)",
						0
					]
				},
				"leg_front_left": {
					"rotation": [
						"30-math.clamp(20*(math.sin(q.anim_time*90*4-90)*1+1),-0,60)",
						0,
						"-math.clamp(math.sin(q.anim_time*90*4-90)*1,-0.8,0.8)-math.sin(q.anim_time*90*4-180)*1"
					],
					"position": [
						0,
						"-0.5+0.8*(math.clamp(math.sin(q.anim_time*90*4-155)*1.6,1,1.6)-0.2)+0.5*(math.clamp(math.sin(q.anim_time*90*4-75)*1.8,1,1.8)-1)-0.2*(math.clamp(math.sin(q.anim_time*90*4)*1.4,1,1.4)+1)",
						0
					]
				},
				"leg_back_right": {
					"rotation": [
						"-20+math.clamp(15*(math.sin(q.anim_time*90*4-90+180)*1+1),-0,60)",
						0,
						"math.clamp(math.sin(q.anim_time*90*4-90+180)*1,-0.8,0.8)+math.sin(q.anim_time*90*4-180+180)*1"
					],
					"position": [
						0,
						"-math.clamp(-math.sin(q.anim_time*90*4+90+180)*0.01,0,0.01)+math.clamp(-math.sin(q.anim_time*90*4+20+180)*1,0.4,1)-0.4+math.clamp(math.sin(q.anim_time*90*4-130+180)*1.5,0.4,0.6)-0.3",
						-0.1
					]
				},
				"leg_back_left": {
					"rotation": [
						"-20+math.clamp(15*(math.sin(q.anim_time*90*4-90)*1+1),-0,60)",
						0,
						"-math.clamp(math.sin(q.anim_time*90*4-90)*1,-0.8,0.8)-math.sin(q.anim_time*90*4-180)*1"
					],
					"position": [
						0,
						"-math.clamp(-math.sin(q.anim_time*90*4+90)*0.01,0,0.01)+math.clamp(-math.sin(q.anim_time*90*4+20)*1,0.4,1)-0.4+math.clamp(math.sin(q.anim_time*90*4-130)*1.5,0.4,0.6)-0.3",
						-0.1
					]
				},
				"ear_right": {
					"rotation": [
						"math.sin(q.anim_time*90*8+45)+math.clamp(math.sin(q.anim_time*90*8+90),-1,1)",
						"0.5*math.sin(q.anim_time*90*8+45)+0.5*math.clamp(math.sin(q.anim_time*90*8+90),-2,2)",
						0
					]
				},
				"ear_left": {
					"rotation": [
						"math.sin(q.anim_time*90*8+45)+math.clamp(math.sin(q.anim_time*90*8+90),-1,1)",
						"-0.5*math.sin(q.anim_time*90*8+45)-0.5*math.clamp(math.sin(q.anim_time*90*8+90),-2,2)",
						0
					]
				},
				"leg_front_right2": {
					"rotation": [
						"math.clamp(math.sin(q.anim_time*90*4-180+10+180)*20,0,10)+math.clamp(math.sin(q.anim_time*90*4-180+10+180)*20,-50,50)-math.clamp(math.sin(q.anim_time*90*4+10+180)*70,50,60)+25",
						0,
						0
					]
				},
				"leg_front_right3": {
					"rotation": [
						"-45+math.clamp(20*(math.sin(q.anim_time*90*4-90+180)*1+1),-0,60)-math.clamp(math.sin(q.anim_time*90*4-180+10+180)*20,0,10)-math.clamp(math.sin(q.anim_time*90*4-180+10+180)*20,-50,50)+math.clamp(math.sin(q.anim_time*90*4+10+180)*70,50,60)+math.clamp(math.sin(q.anim_time*90*4+40+180)*80,50,80)-60",
						0,
						0
					],
					"position": [0, "math.clamp(math.sin(q.anim_time*90*4-120+180)*1.1,0.9,1)-0.9+math.clamp(math.sin(q.anim_time*90*2-130+180)*1.3,0.9,1)-0.9", 0]
				},
				"leg_front_left2": {
					"rotation": [
						"math.clamp(math.sin(q.anim_time*90*4-180+10)*20,0,10)+math.clamp(math.sin(q.anim_time*90*4-180+10)*20,-50,50)-math.clamp(math.sin(q.anim_time*90*4+10)*70,50,60)+25",
						0,
						0
					]
				},
				"leg_front_left3": {
					"rotation": [
						"-45+math.clamp(20*(math.sin(q.anim_time*90*4-90)*1+1),-0,60)-math.clamp(math.sin(q.anim_time*90*4-180+10)*20,0,10)-math.clamp(math.sin(q.anim_time*90*4-180+10)*20,-50,50)+math.clamp(math.sin(q.anim_time*90*4+10)*70,50,60)+math.clamp(math.sin(q.anim_time*90*4+40)*80,50,80)-60",
						0,
						0
					],
					"position": [0, "math.clamp(math.sin(q.anim_time*90*4-120)*1.1,0.9,1)-0.9+math.clamp(math.sin(q.anim_time*90*2-130)*1.3,0.9,1)-0.9", 0]
				},
				"leg_back_right2": {
					"rotation": [
						"math.clamp(math.sin(q.anim_time*90*4+180)*10,0,10)+math.clamp(math.sin(q.anim_time*90*4-95+180)*25,0,45)-math.clamp(math.sin(q.anim_time*90*4+180+180)*10,0,45)",
						0,
						0
					],
					"position": [0, "math.clamp(math.sin(q.anim_time*90*4-130+180)*1.5,0.5,0.8)-0.5", 0]
				},
				"leg_back_right3": {
					"rotation": [
						"-math.clamp(math.sin(q.anim_time*90*4+180)*10,0,10)-math.clamp(math.sin(q.anim_time*90*4-95+180)*25,0,45)+math.clamp(math.sin(q.anim_time*90*4+180+180)*15,0,45)-(-20+math.clamp(15*(math.sin(q.anim_time*90*4-90+180)*1+1),-0,60))+math.clamp(math.sin(q.anim_time*90*4-100+180)*100,60,100)-60",
						0,
						0
					],
					"position": [0, "math.clamp(math.sin(q.anim_time*90*4-110)*1,0.8,1)-0.8", 0]
				},
				"leg_back_left2": {
					"rotation": [
						"math.clamp(math.sin(q.anim_time*90*4)*10,0,10)+math.clamp(math.sin(q.anim_time*90*4-95)*25,0,45)-math.clamp(math.sin(q.anim_time*90*4+180)*10,0,45)",
						0,
						0
					],
					"position": [0, "math.clamp(math.sin(q.anim_time*90*4-130)*1.5,0.5,0.8)-0.5", 0]
				},
				"leg_back_left3": {
					"rotation": [
						"-math.clamp(math.sin(q.anim_time*90*4)*10,0,10)-math.clamp(math.sin(q.anim_time*90*4-95)*25,0,45)+math.clamp(math.sin(q.anim_time*90*4+180)*15,0,45)-(-20+math.clamp(15*(math.sin(q.anim_time*90*4-90)*1+1),-0,60))+math.clamp(math.sin(q.anim_time*90*4-100)*100,60,100)-60",
						0,
						0
					],
					"position": [0, "math.clamp(math.sin(q.anim_time*90*4-110+180)*1,0.8,1)-0.8", 0]
				},
				"ruff": {
					"rotation": [0, "-2*math.sin(q.anim_time*90*4)+math.clamp(2*math.sin(q.anim_time*90*4),-2,2)", 0]
				}
			}
		},
		"animation.terreon.ground_run": {
			"loop": true,
			"override_previous_animation": true,
			"bones": {
				"body": {
					"rotation": ["5*(math.sin(q.anim_time*90*4*2-90)*1+1)-math.clamp(10*(math.sin(q.anim_time*90*4*2+45)*1+1),15,20)+15", 0, 0],
					"position": [
						0,
						"math.clamp(math.sin(q.anim_time*90*4*2+45)*1,0.5,2)-0.5+math.clamp(math.sin(q.anim_time*90*4*2)*1,0,2)",
						"-math.clamp(math.sin(q.anim_time*90*4*2-30)*2,0,2)+math.clamp(math.sin(-q.anim_time*90*4*2-30)*1,0,2)"
					]
				},
				"head": {
					"rotation": ["-5*(math.sin(q.anim_time*90*4*2-90)*1+1)+math.clamp(10*(math.sin(q.anim_time*90*4*2+45)*1+1),15,20)-15", 0, 0],
					"position": [0, -1, -1]
				},
				"leg_front_right": {
					"rotation": [
						"5+math.clamp(math.sin(-q.anim_time*90*4*1-20)*30,-40,0)+math.clamp(math.sin(q.anim_time*90*4*1+20)*30,-40,0)+math.clamp(math.sin(-q.anim_time*90*4*2-40)*50,0,70)-math.clamp(math.sin(-q.anim_time*90*4*2-30+180)*20,5,70)+5",
						0,
						0
					]
				},
				"leg_front_left": {
					"rotation": [
						"5+math.clamp(math.sin(-q.anim_time*90*4*1-20+30)*30,-40,0)+math.clamp(math.sin(q.anim_time*90*4*1+20-30)*30,-40,0)+math.clamp(math.sin(-q.anim_time*90*4*2-40+30)*50,0,70)-math.clamp(math.sin(-q.anim_time*90*4*2-30+180+30)*20,5,70)+5",
						0,
						0
					]
				},
				"leg_back_right": {
					"rotation": ["math.clamp(math.sin(q.anim_time*90*4*2)*40,0,50)-math.clamp(math.sin(-q.anim_time*90*4*2)*40,0,50)", 0, 0],
					"position": [
						0,
						"-math.clamp(math.sin(q.anim_time*90*4*2)*0.3,-1,2)-math.clamp(math.sin(-q.anim_time*90*4*2)*0.8,-1,2)",
						"-0.3+math.clamp(math.sin(q.anim_time*90*4*2-30)*0.5,0,2)-math.clamp(math.sin(q.anim_time*90*4*2-30+180)*0.5,0,2)"
					]
				},
				"leg_back_left": {
					"rotation": ["math.clamp(math.sin(q.anim_time*90*4*2+20)*40,0,50)-math.clamp(math.sin(-q.anim_time*90*4*2-20)*40,0,50)", 0, 0],
					"position": [
						0,
						"-math.clamp(math.sin(q.anim_time*90*4*2)*0.3,-1,2)-math.clamp(math.sin(-q.anim_time*90*4*2)*0.8,0,2)",
						"-0.3+math.clamp(math.sin(q.anim_time*90*4*2-30)*0.5,0,2)-math.clamp(math.sin(q.anim_time*90*4*2-30+180)*0.5,0,2)"
					]
				},
				"ear_right": {
					"rotation": [
						"-5-4*math.sin(q.anim_time*90*4*2+45)-math.clamp(4*math.sin(q.anim_time*90*4*2+90),-4,4)",
						"5+2*math.sin(q.anim_time*90*4*2+45)+math.clamp(2*math.sin(q.anim_time*90*4*2+90),-2,2)",
						0
					]
				},
				"ear_left": {
					"rotation": [
						"-5-4*math.sin(q.anim_time*90*4*2+45)-math.clamp(4*math.sin(q.anim_time*90*4*2+90),-4,4)",
						"-5-2*math.sin(q.anim_time*90*4*2+45)-math.clamp(2*math.sin(q.anim_time*90*4*2+90),-2,2)",
						0
					]
				},
				"leg_front_right2": {
					"rotation": ["-math.clamp(math.sin(-q.anim_time*90*4*2-90)*20,5,70)+5-math.clamp(math.sin(-q.anim_time*90*4*2+180)*10,5,70)+5", 0, 0]
				},
				"leg_front_right3": {
					"rotation": ["12*math.sin(q.anim_time*90*8+30)-math.clamp(math.sin(q.anim_time*90*8),1,1)", 0, 0]
				},
				"leg_front_left2": {
					"rotation": ["-math.clamp(math.sin(-q.anim_time*90*8-90+30)*20,5,70)+5-math.clamp(math.sin(-q.anim_time*90*8+180+30)*10,5,70)+5", 0, 0]
				},
				"leg_front_left3": {
					"rotation": ["8*math.sin(q.anim_time*90*8+30-90)-math.clamp(math.sin(q.anim_time*90*8-90),1,1)", 0, 0]
				},
				"leg_back_right2": {
					"rotation": ["math.clamp(math.sin(q.anim_time*90*8-180-30)*5,0,5)-math.clamp(math.sin(-q.anim_time*90*8-90)*10,0,50)", 0, 0]
				},
				"leg_back_right3": {
					"rotation": ["20+20*math.sin(q.anim_time*90*8+45-30)-math.clamp(math.sin(q.anim_time*90*8+90-30),1,1)", 0, 0]
				},
				"leg_back_left2": {
					"rotation": ["math.clamp(math.sin(q.anim_time*90*8-90)*5,0,5)-math.clamp(math.sin(-q.anim_time*90*8-90)*10,0,10)", 0, 0]
				},
				"leg_back_left3": {
					"rotation": ["20+20*math.sin(q.anim_time*90*8+15)-math.clamp(math.sin(q.anim_time*90*8+90),1,1)", 0, 0]
				},
				"tail": {
					"rotation": ["-15-math.sin(q.anim_time*90*4*2+45)*4", 0, 0]
				},
				"ruff": {
					"rotation": ["-math.sin(q.anim_time*90*4*2+30)*2", 0, 0]
				}
			}
		},
		"animation.terreon.blink": {
			"animation_length": 0.1667,
			"bones": {
				"eyelid_right": {
					"position": {
						"0.0": [-0.1, 0, -0.1],
						"0.125": [-0.1, 0, -0.1],
						"0.1667": [0, 0, 0]
					}
				},
				"eye_left": {
					"position": [0, 0, 0]
				},
				"eyelid_left": {
					"position": {
						"0.0": [0.1, 0, -0.1],
						"0.125": [0.1, 0, -0.1],
						"0.1667": [0, 0, 0]
					}
				}
			}
		},
		"animation.terreon.sleep": {
			"loop": "hold_on_last_frame",
			"animation_length": 2.25,
			"bones": {
				"body": {
					"rotation": {
						"0.0": [0, 0, 0],
						"1.5": [0, 10, 0]
					},
					"position": {
						"0.0": [0, 0, 0],
						"0.25": [0.08, -0.485, 0.38],
						"0.5": [0.16, -1.13, 0.75],
						"0.75": [0.25, -1.975, 1.13],
						"1.5": [0.5, -5, 2.25]
					}
				},
				"head": {
					"rotation": {
						"0.0": [0, 0, 0],
						"0.5833": [10.07, 12.3, 6.35],
						"2.0417": [20.56, 25.11, 12.96],
						"2.25": [21.35388, 26.08056, 13.45995]
					},
					"position": {
						"0.0": [0, 0, 0],
						"0.5833": [0, -0.95, 0],
						"2.0417": [0, -1.93, 0],
						"2.25": [0, -2, 0]
					}
				},
				"eyelid_right": {
					"position": {
						"0.0": [0, 0, 0],
						"1.2083": [-0.1, 0, -0.1],
						"1.5": [-0.1, 0, -0.1],
						"2.0": [-0.1, 0, -0.1]
					}
				},
				"eyelid_left": {
					"position": {
						"0.0": [0, 0, 0],
						"1.2083": [0.1, 0, -0.1],
						"1.5": [0.1, 0, -0.1],
						"2.0": [0.1, 0, -0.1]
					}
				},
				"ear_right": {
					"rotation": {
						"0.0": [0, 0, 0],
						"2.25": [-71.88439, 17.42346, -45.16702]
					}
				},
				"ear_left": {
					"rotation": {
						"0.0": [0, 0, 0],
						"2.25": [-72.88158, -10.75661, 58.5788]
					}
				},
				"hips": {
					"rotation": {
						"0.0": [0, 0, 0],
						"1.5": [-2.5, -17.5, 0]
					},
					"position": {
						"0.0": [0, 0, 0],
						"1.5": [0, 0, -1]
					}
				},
				"leg_back_right": {
					"rotation": {
						"0.0": [0, 0, 0],
						"1.0": [56.85273, 10.19051, -1.79577]
					}
				},
				"leg_back_right2": {
					"rotation": {
						"0.0": [0, 0, 0],
						"0.25": [-55.06, 7.57, -15.26],
						"0.5": [-56.40629, 32.54138, -27.01168],
						"1.0": [-112.09454, 20.12383, -29.46695],
						"1.5": [-144.59454, 20.12383, -29.46695]
					},
					"position": {
						"0.0": [0, 0, 0],
						"0.5": [-0.85, 0.775, -1.675],
						"1.0": [-0.85, 0.78, -3.67]
					}
				},
				"leg_back_right3": {
					"rotation": {
						"0.0": [0, 0, 0],
						"1.0": [50.75, 0, 0],
						"1.5": [82.5, 0, 0]
					},
					"position": [0, 0, -0.7]
				},
				"leg_back_left": {
					"rotation": {
						"0.0": [0, 0, 0],
						"1.5": [-62.40093, 4.21541, 2.69136]
					}
				},
				"leg_back_left2": {
					"rotation": {
						"0.0": [0, 0, 0],
						"0.25": [-21.63, 4.05, 7.52],
						"0.5": [-28.76, 8.1, 15.05],
						"0.75": [-30.89, 12.15, 22.57],
						"1.5": [-9.76914, 24.30509, 45.14615]
					}
				},
				"leg_back_left3": {
					"rotation": {
						"0.0": [0, 0, 0],
						"0.25": [32.5, 0, 0],
						"0.5": [21.81472, 9.18229, -8.51814],
						"0.75": [11.81, 9.18, -8.52]
					}
				},
				"tail": {
					"rotation": {
						"0.0": [0, 0, 0],
						"1.6667": [-8.23, -14.35, 0.37],
						"2.0": [-8.59082, -14.97226, 0.38239]
					},
					"position": {
						"0.0": [0, 0, 0],
						"1.0": [0, 0, -0.475],
						"1.875": [0.225, 0, -0.97]
					}
				},
				"tail2": {
					"rotation": {
						"0.0": [0, 0, 0],
						"1.7917": [57.97, -73.36, -65.68],
						"2.0": [60.49058, -76.55188, -68.53852]
					}
				},
				"tail3": {
					"rotation": {
						"0.0": [0, 0, 0],
						"1.75": [1.83, -52.83, -8.37],
						"2.0": [1.91424, -55.12404, -8.73375]
					}
				},
				"leg_front_right": {
					"rotation": {
						"0.0": [0, 0, 0],
						"1.5": [37.5, 0, 0]
					}
				},
				"leg_front_right2": {
					"rotation": {
						"0.0": [0, 0, 0],
						"1.5": [-110, 0, 0]
					},
					"position": {
						"0.0": [0, 0, 0],
						"1.5": [0, 0, -3]
					}
				},
				"leg_front_right3": {
					"rotation": {
						"0.0": [0, 0, 0],
						"1.5": [73.5, 0, 0]
					},
					"position": {
						"0.0": [0, 0, 0],
						"1.5": [0, -1.65, -0.75]
					}
				},
				"leg_front_left": {
					"rotation": {
						"0.0": [0, 0, 0],
						"1.5": [42.5, 12.5, 0]
					}
				},
				"leg_front_left2": {
					"rotation": {
						"0.0": [0, 0, 0],
						"1.5": [-117.5, 0, 0]
					},
					"position": {
						"0.0": [0, 0, 0],
						"1.5": [0, 0, -3]
					}
				},
				"leg_front_left3": {
					"rotation": {
						"0.0": [0, 0, 0],
						"1.5": [75, 0, 0]
					},
					"position": {
						"0.0": [0, 0, 0],
						"1.5": [0, -1.5, -0.3]
					}
				},
				"neck": {
					"rotation": {
						"0.0": [0, 0, 0],
						"1.5": [-45, 0, 0]
					}
				}
			}
		},
		"animation.terreon.faint": {
			"loop": "hold_on_last_frame",
			"animation_length": 1.75,
			"bones": {
				"body": {
					"rotation": {
						"0.0": [0, 0, 0],
						"0.25": [0, 0, 2.5],
						"0.5": [0, 0, 12.5],
						"0.75": [0, 0, 23.75],
						"1.125": [0, 0, 90],
						"1.4167": [0, 0, 75],
						"1.5833": [0, 0, 90]
					},
					"position": {
						"0.0": [0, 0, 0],
						"0.25": [0.57, 0.175, 0.28],
						"0.5": [2.14, 0.625, 0.57],
						"0.75": [4.81, -0.95, 0.67],
						"1.125": [12.825, -5.69, 0.95],
						"1.4167": [12.82, -4.94, 0.95],
						"1.5833": [12.825, -5.69, 0.95]
					}
				},
				"head": {
					"rotation": {
						"0.0": [0, 0, 0],
						"0.25": [0, 2.5, 0],
						"0.5": [-1.41252, 7.32614, -15.11408],
						"0.75": [-0.43688, 4.98093, -27.519],
						"1.0": [-0.74155, -0.81774, -20.42001],
						"1.2083": [-1.25477, -7.62369, -0.90006],
						"1.4167": [-0.24954, -15.22179, -8.43439],
						"1.5417": [-2.93328, 1.29098, -7.26201],
						"1.6667": [-0.84521, -4.22501, -6.49057]
					}
				},
				"neck": {
					"rotation": {
						"0.0": [0, 0, 0],
						"0.5": [0, 0, 9.17],
						"0.75": [0, 0, 27.5],
						"1.125": [0, 0, 27.5],
						"1.2917": [0, 0, 12.5],
						"1.4167": [0, 0, 8.75],
						"1.5833": [0, 0, 0]
					}
				},
				"eyelid_right": {
					"position": {
						"0.0": [0, 0, 0],
						"0.0833": [-0.1, 0, -0.1]
					}
				},
				"eyelid_left": {
					"position": {
						"0.0": [0, 0, 0],
						"0.0833": [0.1, 0, -0.1]
					}
				},
				"ear_right": {
					"rotation": {
						"0.0": [0, 0, 0],
						"0.5": [0, 0, -7.5],
						"1.0": [0, 0, -30],
						"1.1667": [0, 0, 5],
						"1.4167": [0, 0, 10],
						"1.5": [0, 0, -7.5],
						"1.5833": [0, 0, 5]
					}
				},
				"ear_left": {
					"rotation": {
						"0.0": [0, 0, 0],
						"0.5": [0, 0, -5],
						"1.0": [0, 0, -15],
						"1.1667": [11.18336, -14.02302, -0.17953],
						"1.4167": [0, 0, 25],
						"1.5": [3.71312, -26.267, 9.52692],
						"1.5833": [11.18336, -14.02302, -0.17953]
					}
				},
				"leg_back_right": {
					"rotation": {
						"0.0": [0, 0, 0],
						"0.5": [0, 0, 0],
						"0.75": [1.54554, 16.99672, 5.20904],
						"1.0": [16.54554, 16.99672, 5.20904],
						"1.125": [12.7021, 7.76184, -6.25847],
						"1.4167": [12.51517, 15.6645, -6.37171],
						"1.5": [11.83368, 16.39842, -8.85511],
						"1.5833": [12.66876, 12.69358, -5.10541],
						"1.75": [10.9054, 14.8628, -12.49838]
					}
				},
				"leg_back_right2": {
					"rotation": {
						"0.0": [0, 0, 0],
						"0.5": [10, 0, 0],
						"0.75": [0, 0, 0],
						"1.0": [0, 0, 0],
						"1.125": [0, 0, -7.5],
						"1.4167": [0, 0, 2.5],
						"1.5": [0, 0, 2.5],
						"1.5833": [0, 0, -5],
						"1.75": [0, 0, -2.5]
					}
				},
				"leg_back_left": {
					"rotation": {
						"0.0": [0, 0, 0],
						"0.25": [0, 0, 0],
						"0.5": [-10, 0, 0],
						"0.75": [-17.5, 0, 14.3],
						"1.0": [-17.39638, -1.61888, 6.97583],
						"1.25": [-17.4, -1.62, 6.98],
						"1.4167": [-17.45758, -1.08185, 9.42208],
						"1.75": [-17.42189, 7.61376, 2.39443]
					}
				},
				"leg_back_left2": {
					"rotation": {
						"0.0": [0, 0, 0],
						"0.5": [0, 0, 0],
						"0.75": [-17.47638, 1.2497, 17.16541],
						"1.0": [-17.48, 1.25, 17.17],
						"1.125": [0, 0, 0],
						"1.4167": [0, 0, 0],
						"1.5833": [0, 0, -7.5]
					}
				},
				"leg_back_left3": {
					"rotation": {
						"0.0": [0, 0, 0],
						"0.5": [10, 0, 0],
						"0.75": [0, 0, 7.5],
						"1.0": [0, 0, 7.5],
						"1.125": [0, 0, 7.5],
						"1.4167": [0, 0, 0],
						"1.4583": [0, 0, -5],
						"1.5833": [0, 0, 10],
						"1.6667": [-0.01705, -3.93132, -0.88933],
						"1.75": [0.29228, -7.20432, -1.74587]
					}
				},
				"tail": {
					"rotation": {
						"0.0": [-22.5, 0, 0],
						"0.25": [-22.57734, -4.61854, 1.91757],
						"0.5": [-23.21088, -13.83447, 5.85463],
						"0.75": [-31.28773, -18.42031, 7.92945],
						"1.125": [-29.80567, 7.57022, -7.25642],
						"1.4167": [-29.57389, -3.29936, -1.0701],
						"1.5417": [-29.52987, -1.16131, -0.84962],
						"1.75": [-29.57318, 9.67718, -5.56081]
					},
					"position": [0, 0.25, -1.25]
				},
				"tail2": {
					"rotation": {
						"0.0": [-12.5, 0, 0],
						"0.25": [-12.61546, -2.29081, 1.50896],
						"0.5": [-12.79127, -7.16907, 2.60632],
						"0.75": [-15.36998, -2.16194, 1.19415],
						"1.1667": [-0.41084, 3.31455, 5.00501],
						"1.4167": [-0.38621, 5.79538, 5.31503],
						"1.5": [-0.37517, -6.609, 3.76882],
						"1.5833": [-0.38621, 5.79538, 5.31503]
					}
				},
				"tail3": {
					"rotation": {
						"0.0": [20, 0, 0],
						"0.25": [20.28356, -9.39129, -3.45118],
						"0.5": [21.17283, -18.74724, -7.09597],
						"0.75": [23.34288, -30.32448, -12.2921],
						"1.125": [-26.88982, -3.91807, -4.58498],
						"1.4167": [0, -7.5, 0],
						"1.75": [32.34636, -2.7989, 1.71022]
					}
				},
				"leg_front_right": {
					"rotation": {
						"0.0": [0, 0, 0],
						"0.25": [0, 0, -2.5],
						"0.5": [0, 0, -12.5],
						"0.75": [0, 0, 12.5],
						"1.0": [15, 0, 17.5],
						"1.125": [22.19157, 3.81024, 8.24751],
						"1.4167": [21.72028, 16.47023, 0.95299],
						"1.5833": [19.40403, 26.77742, -8.23606]
					}
				},
				"leg_front_right2": {
					"rotation": {
						"0.0": [0, 0, 0],
						"0.5": [0, 0, 0],
						"0.75": [-30, 0, 0],
						"1.0": [-6.64743, 7.43547, 13.06431],
						"1.125": [0, 0, 0],
						"1.4167": [0, 0, 7.5],
						"1.5833": [0, 0, 0]
					}
				},
				"leg_front_right3": {
					"rotation": {
						"0.0": [0, 0, 0],
						"0.75": [0, 0, 0],
						"1.0": [0, 0, 10],
						"1.125": [0, 0, 7.5],
						"1.4167": [0, 0, 0],
						"1.5833": [0, 0, 7.5]
					}
				},
				"leg_front_left": {
					"rotation": {
						"0.0": [0, 0, 0],
						"0.5": [0, 0, 0],
						"0.75": [0, 0, 12.5],
						"1.0": [0, 0, 12.5],
						"1.25": [0, 0, 7.5],
						"1.4167": [0, 0, 12.5],
						"1.5833": [0, 0, 2.5],
						"1.75": [0, 0, 0]
					}
				},
				"leg_front_left2": {
					"rotation": {
						"0.0": [0, 0, 0],
						"0.5": [0, 0, 0],
						"0.75": [0, 0, 22.5],
						"0.875": [0, 0, 16.25],
						"1.0": [0, 0, 0],
						"1.25": [0, 0, 15],
						"1.4167": [0, 0, 0]
					}
				},
				"leg_front_left3": {
					"rotation": {
						"0.0": [0, 0, 0],
						"0.5": [0, 0, 0],
						"0.75": [0, 0, 15],
						"1.0": [0, 0, 0],
						"1.25": [0, 0, 10],
						"1.4167": [0, 0, 0]
					}
				}
			}
		}
	}
}