{
	"format_version": "1.8.0",
	"animations": {
		"animation.tuligant.ground_idle": {
			"loop": true,
			"bones": {
				"body": {
					"rotation": [2.5, 0, 0],
					"position": [0, 0, -0.5]
				},
				"chest": {
					"rotation": [2.5, 0, 0]
				},
				"neck_petal_front": {
					"rotation": [35, 0, 0]
				},
				"neck_petal_front2": {
					"rotation": [10, 0, 0]
				},
				"neck_petal_left": {
					"rotation": [0, 0, 10]
				},
				"neck_petal_left2": {
					"rotation": [0, 0, 12.5]
				},
				"neck_petal_right": {
					"rotation": [0, 0, -10]
				},
				"neck_petal_right2": {
					"rotation": [0, 0, -12.5]
				},
				"head": {
					"rotation": [2.5, 0, 5]
				},
				"hair_back": {
					"rotation": [10, 0, 0]
				},
				"hair_back2": {
					"rotation": [-5, 0, 0]
				},
				"hair_back3": {
					"rotation": [-10, 0, 0]
				},
				"hair_left2": {
					"rotation": [-5, 0, 0]
				},
				"hair_right2": {
					"rotation": [-5, 0, 0]
				},
				"arm_left": {
					"rotation": [14.89149, -9.29798, 31.28223]
				},
				"arm_left2": {
					"rotation": [0, 0, -12.5]
				},
				"arm_left3": {
					"rotation": [-1.08482, 4.88119, -12.54624]
				},
				"arm_left4": {
					"rotation": [0, 0, -25]
				},
				"arm_right": {
					"rotation": [14.89149, 9.29798, -31.28223]
				},
				"arm_right2": {
					"rotation": [0, 0, 12.5]
				},
				"arm_right3": {
					"rotation": [-1.08482, -4.88119, 12.54624]
				},
				"arm_right4": {
					"rotation": [0, 0, 25]
				},
				"body_bottom": {
					"rotation": [-2.5, 0, 0]
				},
				"leaf_back_right_rotation": {
					"rotation": [0, 0, 2.5]
				},
				"leaf_back_right3": {
					"rotation": [0, 0, -2.5]
				},
				"leaf_back_left_rotation": {
					"rotation": [0, 0, -2.5]
				},
				"leaf_back_left3": {
					"rotation": [0, 0, 2.5]
				},
				"body_bottom_front": {
					"rotation": [1.5, 0, 0]
				},
				"body_bottom_back": {
					"rotation": [-2.5, 0, 0]
				},
				"body_bottom_back2": {
					"rotation": [5, 0, 0]
				},
				"body_bottom_left": {
					"rotation": [0, 0, 1]
				},
				"body_bottom_left2": {
					"rotation": [0, 0, -2.5]
				},
				"body_bottom_right": {
					"rotation": [0, 0, -1]
				},
				"body_bottom_right2": {
					"rotation": [0, 0, 2.5]
				},
				"lilligant": {
					"scale": 1
				}
			}
		},
		"animation.tuligant.pose": {
			"loop": true,
			"bones": {
				"body": {
					"rotation": [2.5, 0, 0],
					"position": [0, 0, -0.5]
				},
				"chest": {
					"rotation": [2.5, 0, 0]
				},
				"neck_petal_front": {
					"rotation": [35, 0, 0]
				},
				"neck_petal_front2": {
					"rotation": [10, 0, 0]
				},
				"neck_petal_left": {
					"rotation": [0, 0, 10]
				},
				"neck_petal_left2": {
					"rotation": [0, 0, 12.5]
				},
				"neck_petal_right": {
					"rotation": [0, 0, -10]
				},
				"neck_petal_right2": {
					"rotation": [0, 0, -12.5]
				},
				"head": {
					"rotation": [2.47864, -0.32621, 12.49294]
				},
				"hair_back": {
					"rotation": [10, 0, 0]
				},
				"hair_back2": {
					"rotation": [-5, 0, 0]
				},
				"hair_back3": {
					"rotation": [-10, 0, 0]
				},
				"hair_left2": {
					"rotation": [-5, 0, 0]
				},
				"hair_right2": {
					"rotation": [-5, 0, 0]
				},
				"arm_left": {
					"rotation": [52.93963, 47.0069, 62.37004]
				},
				"arm_left2": {
					"rotation": [0, 27.5, -10]
				},
				"arm_left3": {
					"rotation": [0.67467, 14.95645, 7.64591]
				},
				"arm_left4": {
					"rotation": [0, 7.5, 7.5]
				},
				"arm_right": {
					"rotation": [62.26671, -46.80581, -75.5645]
				},
				"arm_right2": {
					"rotation": [0, -17.5, 10]
				},
				"arm_right3": {
					"rotation": [8.2053, -22.45591, -7.7412]
				},
				"arm_right4": {
					"rotation": [0, -7.5, -7.5]
				},
				"body_bottom": {
					"rotation": [-2.5, 0, 0]
				},
				"leaf_back_right_rotation": {
					"rotation": [0, 0, 2.5]
				},
				"leaf_back_right3": {
					"rotation": [0, 0, -2.5]
				},
				"leaf_back_left_rotation": {
					"rotation": [0, 0, -2.5]
				},
				"leaf_back_left3": {
					"rotation": [0, 0, 2.5]
				},
				"body_bottom_front": {
					"rotation": [1.5, 0, 0]
				},
				"body_bottom_back": {
					"rotation": [-2.5, 0, 0]
				},
				"body_bottom_back2": {
					"rotation": [5, 0, 0]
				},
				"body_bottom_left": {
					"rotation": [0, 0, 1]
				},
				"body_bottom_left2": {
					"rotation": [0, 0, -2.5]
				},
				"body_bottom_right": {
					"rotation": [0, 0, -1]
				},
				"body_bottom_right2": {
					"rotation": [0, 0, 2.5]
				}
			}
		},
		"animation.tuligant.blink": {
			"animation_length": 0.16667,
			"bones": {
				"eyelid_left": {
					"position": {
						"0.0": [0, 0, -0.1],
						"0.125": [0, 0, -0.1],
						"0.1667": [0, 0, 0]
					}
				},
				"eyelid_right": {
					"position": {
						"0.0": [0, 0, -0.1],
						"0.125": [0, 0, -0.1],
						"0.1667": [0, 0, 0]
					}
				}
			}
		},
		"animation.tuligant.cry": {
			"animation_length": 1.2,
			"sound_effects": {
				"0.04": {
					"effect": "pokemon.tuligant.cry"
				}
			}
		}
	}
}