{
	"format_version": "1.12.0",
	"minecraft:geometry": [
		{
			"description": {
				"identifier": "geometry.drowzee",
				"texture_width": 128,
				"texture_height": 128,
				"visible_bounds_width": 3,
				"visible_bounds_height": 2.5,
				"visible_bounds_offset": [0, 0.75, 0]
			},
			"bones": [
				{
					"name": "drowzee",
					"pivot": [0, 0, 0]
				},
				{
					"name": "body",
					"parent": "drowzee",
					"pivot": [0, 0, 0]
				},
				{
					"name": "lower_torso",
					"parent": "body",
					"pivot": [0, 4.75, 0.75],
					"rotation": [-7.5, 0, 0],
					"cubes": [
						{"origin": [-4.5, 2.19757, -4.04993], "size": [9, 7, 9], "inflate": 0.01, "uv": [0, 13]}
					]
				},
				{
					"name": "upper_torso",
					"parent": "lower_torso",
					"pivot": [0, 9.19757, 1.95007],
					"rotation": [57.5, 0, 0],
					"cubes": [
						{"origin": [-4, 9.19757, -6.04993], "size": [8, 6, 8], "uv": [0, 29]},
						{"origin": [-5, 13.19757, -7.04993], "size": [10, 3, 10], "uv": [0, 0]}
					]
				},
				{
					"name": "head",
					"parent": "upper_torso",
					"pivot": [0, 15.19757, -3.04993],
					"rotation": [-47.5, 0, 0],
					"cubes": [
						{"origin": [-3.5, 16.2, -7.55], "size": [7, 4, 8], "uv": [32, 29]},
						{"origin": [-3.5, 14.2, -4.55], "size": [7, 2, 5], "uv": [36, 13]},
						{"origin": [-4, 15.19757, -8.04993], "size": [2, 2, 2], "pivot": [-3, 15.19757, -7.04993], "rotation": [0, 45, 0], "uv": [58, 7]},
						{"origin": [2, 15.19757, -8.04993], "size": [2, 2, 2], "pivot": [3, 15.19757, -7.04993], "rotation": [0, -45, 0], "uv": [58, 20]}
					]
				},
				{
					"name": "trunk_base",
					"parent": "head",
					"pivot": [0, 20.19757, -7.54993],
					"rotation": [45, 0, 0],
					"cubes": [
						{"origin": [-2, 17.19757, -11.54993], "size": [4, 3, 4], "uv": [0, 43]}
					]
				},
				{
					"name": "trunk_tip",
					"parent": "trunk_base",
					"pivot": [0, 19.69757, -11.54993],
					"cubes": [
						{"origin": [-1.5, 17.69757, -14.04993], "size": [3, 2, 3], "pivot": [0.5, 19.69757, -11.54993], "rotation": [30, 0, 0], "uv": [0, 56]}
					]
				},
				{
					"name": "jaw",
					"parent": "head",
					"pivot": [0, 15.19757, -4.55],
					"cubes": [
						{"origin": [-3.5, 14.2, -7.55], "size": [7, 2, 4], "inflate": -0.01, "uv": [36, 20]}
					]
				},
				{
					"name": "left_ear",
					"parent": "head",
					"pivot": [3.5, 20.19757, -2.04993],
					"rotation": [-15.60194, 46.52966, 46.14623],
					"cubes": [
						{"origin": [3.5, 18.44757, -3.04993], "size": [1, 4, 3], "inflate": 0.02, "uv": [66, 0]}
					]
				},
				{
					"name": "right_ear",
					"parent": "head",
					"pivot": [-3.5, 20.19757, -2.04993],
					"rotation": [-15.60194, -46.52966, -46.14623],
					"cubes": [
						{"origin": [-4.5, 18.44757, -3.04993], "size": [1, 4, 3], "uv": [58, 0]}
					]
				},
				{
					"name": "eyes",
					"parent": "head",
					"pivot": [0, 15.19757, -3.04993]
				},
				{
					"name": "left_eye",
					"parent": "eyes",
					"pivot": [2.5, 17.94757, -5.04993],
					"rotation": [5, 0, 0],
					"cubes": [
						{"origin": [3.5, 17.94757, -6.04993], "size": [0, 1, 2], "inflate": 0.015, "uv": [36, 26]},
						{"origin": [3.5, 17.79757, -5.79993], "size": [0, 1, 1], "inflate": 0.02, "uv": [12, 56]},
						{"origin": [3.5, 17.44757, -6], "size": [0, 1, 2], "inflate": 0.01, "uv": [40, 26]}
					]
				},
				{
					"name": "right_eye",
					"parent": "eyes",
					"pivot": [-2.5, 17.94757, -5.04993],
					"rotation": [5, 0, 0],
					"cubes": [
						{"origin": [-3.5, 17.94757, -6.04993], "size": [0, 1, 2], "inflate": 0.015, "uv": [44, 26]},
						{"origin": [-3.5, 17.79757, -5.79993], "size": [0, 1, 1], "inflate": 0.02, "uv": [12, 58]},
						{"origin": [-3.5, 17.44757, -6], "size": [0, 1, 2], "inflate": 0.01, "uv": [48, 26]}
					]
				},
				{
					"name": "closed",
					"parent": "eyes",
					"pivot": [0, 18.19757, -5.04993],
					"rotation": [5, 0, 0]
				},
				{
					"name": "left_eyelid",
					"parent": "closed",
					"pivot": [-0.1, 18.19757, -5.04993],
					"cubes": [
						{"origin": [3.4, 17.44757, -6.54993], "size": [0, 1, 3], "inflate": 0.025, "uv": [58, 53]},
						{"origin": [3.4, 17.94757, -6.04993], "size": [0, 1, 2], "inflate": 0.03, "uv": [28, 55]}
					]
				},
				{
					"name": "right_eyelid",
					"parent": "closed",
					"pivot": [0.1, 18.19757, -5.04993],
					"cubes": [
						{"origin": [-3.4, 17.44757, -6.54993], "size": [0, 1, 3], "inflate": 0.025, "uv": [58, 24]},
						{"origin": [-3.4, 17.94757, -6.04993], "size": [0, 1, 2], "inflate": 0.03, "uv": [52, 26]}
					]
				},
				{
					"name": "left_upper_arm",
					"parent": "upper_torso",
					"pivot": [4, 14.69757, -1.54993],
					"rotation": [0, 60, 0],
					"cubes": [
						{"origin": [3.5, 11.69757, -3.04993], "size": [5, 3, 3], "inflate": 0.01, "uv": [16, 43]}
					]
				},
				{
					"name": "left_lower_arm",
					"parent": "left_upper_arm",
					"pivot": [8.5, 13.19757, -0.04993],
					"cubes": [
						{"origin": [8.5, 11.69757, -3.04993], "size": [4, 3, 3], "uv": [50, 47]}
					]
				},
				{
					"name": "left_index_finger",
					"parent": "left_lower_arm",
					"pivot": [12.5, 13.94757, -2.54993],
					"rotation": [0, 5, 0],
					"cubes": [
						{"origin": [12, 12.44757, -2.54993], "size": [1, 2, 0], "uv": [14, 56]}
					]
				},
				{
					"name": "left_middle_finger",
					"parent": "left_lower_arm",
					"pivot": [12.5, 13.94757, -1.54993],
					"cubes": [
						{"origin": [12, 12.44757, -1.54993], "size": [1, 2, 0], "uv": [56, 26]}
					]
				},
				{
					"name": "left_pinky_finger",
					"parent": "left_lower_arm",
					"pivot": [12.5, 13.94757, -0.54993],
					"rotation": [0, -5, 0],
					"cubes": [
						{"origin": [12, 12.44757, -0.54993], "size": [1, 2, 0], "uv": [58, 11]}
					]
				},
				{
					"name": "right_upper_arm",
					"parent": "upper_torso",
					"pivot": [-4, 14.69757, -1.54993],
					"rotation": [0, -60, 0],
					"cubes": [
						{"origin": [-8.5, 11.69757, -3.04993], "size": [5, 3, 3], "inflate": 0.01, "uv": [16, 49]}
					]
				},
				{
					"name": "right_lower_arm",
					"parent": "right_upper_arm",
					"pivot": [-8.5, 13.19757, -0.04993],
					"cubes": [
						{"origin": [-12.5, 11.69757, -3.04993], "size": [4, 3, 3], "uv": [32, 53]}
					]
				},
				{
					"name": "right_index_finger",
					"parent": "right_lower_arm",
					"pivot": [-12.5, 13.94757, -2.54993],
					"rotation": [0, -5, 0],
					"cubes": [
						{"origin": [-13, 12.44757, -2.54993], "size": [1, 2, 0], "uv": [14, 58]}
					]
				},
				{
					"name": "right_middle_finger",
					"parent": "right_lower_arm",
					"pivot": [-12.5, 13.94757, -1.54993],
					"cubes": [
						{"origin": [-13, 12.44757, -1.54993], "size": [1, 2, 0], "uv": [28, 58]}
					]
				},
				{
					"name": "right_pinky_finger",
					"parent": "right_lower_arm",
					"pivot": [-12.5, 13.94757, -0.54993],
					"rotation": [0, 5, 0],
					"cubes": [
						{"origin": [-13, 12.44757, -0.54993], "size": [1, 2, 0], "uv": [30, 58]}
					]
				},
				{
					"name": "right_leg",
					"parent": "body",
					"pivot": [-3.5, 4.75, 0.5],
					"rotation": [-10, 0, 0],
					"cubes": [
						{"origin": [-5.5, 1.53326, -2.26232], "size": [3, 6, 6], "inflate": 0.015, "uv": [40, 0]}
					]
				},
				{
					"name": "right_lower_leg",
					"parent": "right_leg",
					"pivot": [-4, 3.03326, -1.26232],
					"rotation": [7.5, 0, 0],
					"cubes": [
						{"origin": [-5, 0.28326, -1.26232], "size": [2, 3, 4], "uv": [46, 53]}
					]
				},
				{
					"name": "right_foot",
					"parent": "right_lower_leg",
					"pivot": [-4, 0.28326, 0.73768],
					"rotation": [2.5, 0, 0],
					"cubes": [
						{"origin": [-5.5, -0.19493, -2.26184], "size": [3, 1, 5], "inflate": 0.01, "uv": [0, 50]}
					]
				},
				{
					"name": "left_leg",
					"parent": "body",
					"pivot": [3.5, 4.75, 0.5],
					"rotation": [-10, 0, 0],
					"cubes": [
						{"origin": [2.5, 1.53326, -2.26232], "size": [3, 6, 6], "inflate": 0.015, "uv": [32, 41]}
					]
				},
				{
					"name": "left_lower_leg",
					"parent": "left_leg",
					"pivot": [4, 3.03326, -1.26232],
					"rotation": [7.5, 0, 0],
					"cubes": [
						{"origin": [3, 0.28326, -1.26232], "size": [2, 3, 4], "uv": [16, 55]}
					]
				},
				{
					"name": "left_foot",
					"parent": "left_lower_leg",
					"pivot": [4, 0.28326, 0.73768],
					"rotation": [2.5, 0, 0],
					"cubes": [
						{"origin": [2.5, -0.19493, -2.26184], "size": [3, 1, 5], "inflate": 0.01, "uv": [50, 41]}
					]
				}
			]
		}
	]
}