{
    "implemented": true,
    "name": "Kotora",
    "nationalPokedexNumber": 37,
    "primaryType": "electric",
    "abilities": [
        "static",
        "thickfat",
        "h:strongjaw"
    ],
    "drops": {
        "amount": 2,
        "entries": [{
                "item": "cobblemon:quick_claw",
                "percentage": 2.5
            }, {
                "item": "cobblemon:shuca_berry",
                "percentage": 2.5
            }
        ]
    },
    "baseStats": {
        "hp": 80,
        "attack": 55,
        "defence": 50,
        "special_attack": 55,
        "special_defence": 60,
        "speed": 40
    },
    "behaviour": {
        "resting": {
            "canSleep": true,
            "willSleepOnBed": true,
            "depth": "normal",
            "light": "0-4"
        }
    },
    "catchRate": 235,
    "maleRatio": 0.5,
    "shoulderMountable": false,
    "baseExperienceYield": 54,
    "experienceGroup": "medium_fast",
    "eggCycles": 20,
    "eggGroups": [
        "field"
    ],
    "moves": [
        "1:tackle",
        "1:tailwhip",
        "6:thundershock",
        "10:bite",
        "15:thunderwave",
        "19:roar",
        "24:spark",
        "28:takedown",
        "33:agility",
        "37:crunch",
        "42:thunderbolt",
        "45:playrough",
        "46:slash",
        "egg:discharge",
        "egg:doubleedge",
        "egg:flamecharge",
        "egg:howl",
        "egg:sandattack",
        "tm:attract",
        "tm:charm",
        "tm:crunch",
        "tm:cut",
        "tm:dig",
        "tm:doubleteam",
        "tm:electroball",
        "tm:endure",
        "tm:facade",
        "tm:firefang",
        "tm:flash",
        "tm:helpinghand",
        "tm:hiddenpower",
        "tm:mudslap",
        "tm:payday",
        "tm:playrough",
        "tm:protect",
        "tm:raindance",
        "tm:rest",
        "tm:return",
        "tm:rollout",
        "tm:round",
        "tm:sleeptalk",
        "tm:snarl",
        "tm:snore",
        "tm:strength",
        "tm:substitute",
        "tm:swagger",
        "tm:swift",
        "tm:thunder",
        "tm:thunderbolt",
        "tm:thunderfang",
        "tm:thunderwave",
        "tm:toxic",
        "tm:uproar",
        "tm:voltswitch",
        "tm:wildcharge",
        "tm:zapcannon",
        "tutor:risingvoltage"
    ],
    "labels": [
        "gen1beta"
    ],
    "pokedex": [
        "spaceworldmons.species.kotora.desc1",
        "spaceworldmons.species.kotora.desc2"
    ],
    "evolutions": [{
            "id": "kotora-correction-spaceworldmons",
            "variant": "level_up",
            "result": "kotora spaceworldmons",
            "consumeHeldItem": false,
            "optional": false
        }
    ],
    "baseScale": 0.85,
    "hitbox": {
        "width": 0.6,
        "height": 0.8,
        "fixed": false
    },
    "baseFriendship": 50,
    "evYield": {
        "hp": 1,
        "attack": 0,
        "defence": 0,
        "special_attack": 0,
        "special_defence": 0,
        "speed": 0
    },
    "height": 7,
    "weight": 214,
    "aspects": ["spaceworldmons"],
    
    "cannotDynamax": false
}