{
    "head": "diglett",
    "portraitScale": 1.25,
    "portraitTranslation": [ 0, -0.2, 0 ],
    "profileScale": 0.8,
    "profileTranslation": [ 0, 0.4, 0 ],
    "faint": "bedrock(diglett_vanguard, faint)",
    "poses": {
      "standing": {
        "poseName": "standing",
        "transformTicks": 10,
        "poseTypes": [
          "STAND",
          "NONE",
          "PORTRAIT",
          "PROFILE"
        ],
        "animations": [
          "look",
          "bedrock(diglett_vanguard, ground_idle)"
        ]
      },
      "walking": {
        "poseName": "walking",
        "transformTicks": 10,
        "poseTypes": [ "WALK" ],
        "animations": [ "bedrock(diglett_vanguard, ground_walk)" ]
      },
      "sleeping": {
        "poseName": "sleep",
        "transformTicks": 10,
        "poseTypes": [ "SLEEP" ],
        "animations": [ "bedrock(diglett_vanguard, sleep)" ]
      }
    }
}