{
  "head": "head",
  "portraitScale": 1.25,
  "portraitTranslation": [ 0, 0.2, 0 ],
  "profileScale": 0.8,
  "profileTranslation": [ 0, 0.4, 0 ],
  "faint": "bedrock(flaaffy_vanguard, faint)",
  "poses": {
    "standing": {
      "poseName": "standing",
      "transformTicks": 10,
      "poseTypes": [
        "STAND",
        "NONE",
        "PORTRAIT",
        "PROFILE"
      ],
      "animations": [
        "look",
        "bedrock(flaaffy_vanguard, ground_idle)"
      ]
    },
    "sleeping": {
      "poseName": "sleep",
      "transformTicks": 10,
      "poseTypes": [ "SLEEP" ],
      "animations": [ "bedrock(flaaffy_vanguard, sleep)" ]
    },
    "walking": {
      "poseName": "walking",
      "transformTicks": 10,
      "poseTypes": [ "WALK" ],
      "animations": [ "bedrock(flaaffy_vanguard, ground_walk)" ]
    }
  }
}