{
  "head": "head",
  "portraitScale": 1.25,
  "portraitTranslation": [ 0, 0.0, 0 ],
  "profileScale": 0.8,
  "profileTranslation": [ 0, 0.4, 0 ],
  "faint": "bedrock(golem_vanguard, faint)",
  "poses": {
    "standing": {
      "poseName": "standing",
      "transformTicks": 10,
      "poseTypes": [
        "STAND",
        "NONE",
        "PORTRAIT",
        "PROFILE"
      ],
      "animations": [
        "look",
        "bedrock(golem_vanguard, ground_idle)"
      ]
    },
    "walking": {
      "poseName": "walking",
      "transformTicks": 10,
      "poseTypes": [ "WALK" ],
      "animations": [ 
        "look",
        "bedrock(golem_vanguard, ground_walk)" ]
    }
  }
}