{
	"format_version": "1.8.0",
	"animations": {
		"animation.golem_vanguard.ground_idle": {
			"loop": true,
			"bones": {
				"jaw": {
					"rotation": [0, 0, 0]
				},
				"arm_right": {
					"rotation": [25, -22.5, 22.5]
				},
				"arm_right2": {
					"rotation": [-9.00717, -20.70481, 24.14867]
				},
				"hand_right": {
					"rotation": [-45, -22.5, 0]
				},
				"finger_right": {
					"rotation": [0, 0, 22.5]
				},
				"finger_right2": {
					"rotation": [0, 22.5, 0]
				},
				"finger_right3": {
					"rotation": [0, -22.5, 0]
				},
				"arm_left": {
					"rotation": [25, 22.5, -22.5]
				},
				"arm_left2": {
					"rotation": [-9.00717, 20.70481, -24.14867]
				},
				"hand_left": {
					"rotation": [-45, 22.5, 0]
				},
				"finger_left": {
					"rotation": [0, 0, -22.5]
				},
				"finger_left2": {
					"rotation": [0, -22.5, 0]
				},
				"finger_left3": {
					"rotation": [0, 22.5, 0]
				},
				"leg_right": {
					"rotation": [0, 0, 0]
				}
			}
		},
		"animation.golem_vanguard.blink": {
			"animation_length": 0.16667,
			"bones": {
				"eyelid_right": {
					"position": {
						"0.0": [0.1, 0, 0],
						"0.125": [0.1, 0, 0],
						"0.1667": [0, 0, 0]
					}
				},
				"eyelid_left": {
					"position": {
						"0.0": [-0.1, 0, 0],
						"0.125": [-0.1, 0, 0],
						"0.1667": [0, 0, 0]
					}
				}
			}
		},
		"animation.golem_vanguard.ground_walk": {
			"loop": true,
			"animation_length": 1,
			"bones": {
				"arm_right": {
					"rotation": {
						"0.0": [25, -22.5, 22.5],
						"0.5": [24.58979, -20.23039, 23.62572],
						"1.0": [25, -22.5, 22.5]
					}
				},
				"arm_right2": {
					"rotation": [-9.00717, -20.70481, 24.14867]
				},
				"hand_right": {
					"rotation": [-45, -22.5, 0]
				},
				"finger_right": {
					"rotation": {
						"0.0": [0, 0, 22.5],
						"0.5": [0, 0, 17.5],
						"1.0": [0, 0, 22.5]
					}
				},
				"finger_right2": {
					"rotation": {
						"0.0": [0, 22.5, 0],
						"0.5": [-2.14773, 21.08382, -0.27997],
						"1.0": [0, 22.5, 0]
					}
				},
				"finger_right3": {
					"rotation": {
						"0.0": [0, -22.5, 0],
						"0.5": [2.13381, -21.06596, -1.30947],
						"1.0": [0, -22.5, 0]
					}
				},
				"arm_left": {
					"rotation": [25, 22.5, -22.5]
				},
				"arm_left2": {
					"rotation": {
						"0.0": [-9.00717, 20.70481, -24.14867],
						"0.5": [-9.92926, 20.29348, -26.78134],
						"1.0": [-9.00717, 20.70481, -24.14867]
					}
				},
				"hand_left": {
					"rotation": [-45, 22.5, 0]
				},
				"finger_left": {
					"rotation": {
						"0.0": [0, 0, -22.5],
						"0.5": [0, 0, -20],
						"1.0": [0, 0, -22.5]
					}
				},
				"finger_left2": {
					"rotation": {
						"0.0": [0, -22.5, 0],
						"0.5": [0, -20, 0],
						"1.0": [0, -22.5, 0]
					}
				},
				"finger_left3": {
					"rotation": {
						"0.0": [0, 22.5, 0],
						"0.5": [0, 17.5, 0],
						"1.0": [0, 22.5, 0]
					}
				},
				"leg_right": {
					"rotation": {
						"0.0": [0, 0, 0],
						"0.25": [-39.24324, -4.66118, -2.91291],
						"0.5": [-2.49388, 0.01523, -0.17455],
						"0.75": [47.00505, -2.75105, 4.8608],
						"1.0": [0, 0, 0]
					}
				},
				"leg_left": {
					"rotation": {
						"0.0": [0, 0, 0],
						"0.25": [45.17903, -3.43596, 5.48997],
						"0.5": [0, 0, 0],
						"0.75": [-34.73257, -0.16849, -3.91302],
						"1.0": [0, 0, 0]
					}
				},
				"head": {
					"rotation": {
						"0.0": [0, 0, 0],
						"0.5": [2.24794, -0.37991, -1.03344],
						"1.0": [0, 0, 0]
					}
				},
				"jaw": {
					"rotation": {
						"0.0": [0, 0, 0],
						"0.5": [2.5, 0, 0],
						"1.0": [0, 0, 0]
					}
				}
			}
		}
	}
}