
{
  "species": "cobblemon:psykou",
  "order": 1997,
  "variations": [
    {
      "aspects": ["spaceworldmons"],
      "poser": "spaceworldmons:0185_psykou",
      "model": "spaceworldmons:psykou-spaceworldmons.geo",
      "texture": "spaceworldmons:textures/pokemon/0185_psykou/psykou.png",
      "layers": [
        {
          "name": "ectoplasm",
          "texture": "spaceworldmons:textures/pokemon/0185_psykou/ectoplasm.png",
		  "translucent": true
        },
		{
          "name": "eyes_nerves",
          "texture": "spaceworldmons:textures/pokemon/0185_psykou/eyes_nerves.png",
		  "emissive": true
        }
      ]
    },
    {
      "aspects": ["spaceworldmons", "shiny"],
      "texture": "spaceworldmons:textures/pokemon/0185_psykou/psykou_shiny.png",
	  "layers": [
        {
          "name": "ectoplasm",
          "texture": "spaceworldmons:textures/pokemon/0185_psykou/ectoplasm_shiny.png",
		  "translucent": true
        },
		{
          "name": "eyes_nerves",
          "texture": "spaceworldmons:textures/pokemon/0185_psykou/eyes_nerves_shiny.png",
		  "emissive": true
        }
      ]
    }
  ]
}
