{
 "head": "head",
 "portraitScale": 2.2,
 "portraitTranslation": [ -0.4, -0.54, 0],
 "profileScale": 0.8,
 "profileTranslation": [ 0, 0.55, 0 ],
 "animations": {
   "faint": "q.bedrock_primary('eevee_altered_b', 'faint', q.curve('one'))",
   "cry": "q.bedrock_stateful('eevee_altered_b', 'cry')",
   "recoil": "q.bedrock_stateful('eevee_altered_b', 'recoil')",
   "special": "q.bedrock_primary('eevee_altered_b', 'special_attack', q.curve('symmetrical_wide'))"
 },
 "poses": {
   "standing": {
     "poseName": "standing",
     "transformTicks": 10,
     "poseTypes": [
       "STAND",
       "NONE",
       "PORTRAIT",
       "PROFILE"
     ],
     "isBattle": false,
     "animations": [
      "q.look('head_ai')",
      "q.bedrock('eevee_altered_b', 'ground_idle')"
    ],
     "quirks": [
      "q.bedrock_quirk('eevee_altered_b', 'blink')",
      "q.bedrock_quirk('eevee_altered_b', q.array('left_ear_twitch', 'right_ear_twitch'), 10, 30, 1)"
    ]
   },
   "walking": {
     "poseName": "walking",
     "transformTicks": 10,
     "poseTypes": [ "WALK" ],
     "animations": [
      "q.look('head_ai')",
      "q.bedrock('eevee_altered_b', 'ground_walk')"
    ]
   },
   "battle-standing": {
     "transformTicks": 10,
     "poseTypes": ["STAND"],
     "isBattle": true,
     "animations": ["look", "bedrock(eevee_altered_b, battle_idle)"],
     "quirks": [
      "q.bedrock_quirk('eevee_altered_b', 'blink')",
      "q.bedrock_quirk('eevee_altered_b', 'battle_quirk'), 10, 30, 1)",
      "q.bedrock_quirk('eevee_altered_b', q.array('left_ear_twitch', 'right_ear_twitch'), 10, 30, 1)"
    ]
   },
   "sleep": {
     "poseName": "sleep",
     "transformTicks": 10,
     "poseTypes": [ "SLEEP" ],
     "animations": [ "q.bedrock('eevee_altered_b', 'sleep')"]
   },
   "leftshoulder": {
     "poseName": "leftshoulder",
     "transformTicks": 10,
     "poseTypes": ["SHOULDER_LEFT"],
     "animations": ["q.bedrock('eevee_altered_b', 'shoulder_left')", "look"],
     "quirks": [
      "q.bedrock_quirk('eevee_altered_a', 'blink')",
      "q.bedrock_quirk('eevee_altered_a', q.array('left_ear_twitch', 'right_ear_twitch'), 10, 30, 1)"
     ]
   },
   "rightshoulder": {
     "poseName": "rightshoulder",
     "transformTicks": 10,
     "poseTypes": ["SHOULDER_RIGHT"],
     "animations": ["q.bedrock('eevee_altered_b', 'shoulder_right')", "look"],
     "quirks": [
      "q.bedrock_quirk('eevee_altered_a', 'blink')",
      "q.bedrock_quirk('eevee_altered_a', q.array('left_ear_twitch', 'right_ear_twitch'), 10, 30, 1)"
     ]
   }

 }
}