{
 "head": "head",
 "portraitScale": 2.15,
 "portraitTranslation": [ -0.55, 0.1, 0],
 "profileScale": 0.81,
 "profileTranslation": [ 0.07, 0.59, 0 ],
 "animations": {
   "cry": "q.bedrock_stateful('espeon_altered', 'cry')"
 },
 "poses": {
   "standing": {
     "poseName": "standing",
     "transformTicks": 10,
     "poseTypes": [
       "STAND",
       "NONE",
       "PORTRAIT",
       "PROFILE"
     ],
     "isBattle": false,
     "animations": [
       "look",
       "bedrock(espeon_altered, ground_idle)"
     ],
     "quirks": [
       {
         "name": "blink",
         "animations": [
           "bedrock(espeon_altered, blink)"
         ]
       }
     ]
   },
   "battle-standing": {
     "transformTicks": 10,
     "poseTypes": ["STAND"],
     "isBattle": true,
     "animations": ["look", "bedrock(espeon_altered, battle_idle)"],
     "quirks": [
       {
         "name": "blink",
         "animations": ["bedrock(espeon_altered, blink)"]
       }
     ]
   },
   "walking": {
     "poseName": "walking",
     "transformTicks": 10,
     "poseTypes": [ "WALK" ],
     "animations": [ "bedrock(espeon_altered, ground_run)" ]
   }

 }
}