{
  "head": "head",
  "portraitScale": 2.6,
  "portraitTranslation": [ -0.15, 2.1, 0],
  "profileScale": 0.65,
  "profileTranslation": [ 0, 0.76, 0 ],
  "animations": {
    "faint": "q.bedrock_primary('gallade_altered', 'faint', q.curve('one'))",
    "cry": "q.bedrock_stateful('gallade_altered', 'cry')"
  },
  "poses": {
    "standing": {
      "poseName": "standing",
      "transformTicks": 10,
      "isBattle": false,
      "poseTypes": [ "STAND", "NONE", "PORTRAIT", "PROFILE"],
      "animations": ["look", "bedrock(gallade_altered, ground_idle)"],
      "quirks": [
        {
          "name": "blink",
          "animations": ["bedrock(gallade_altered, blink)"]
        }
      ]
    },
    "battle-standing": {
      "poseTypes": ["STAND"],
      "isBattle": true,
      "transformTicks": 10,
      "animations": ["q.look('head')", "q.bedrock('gallade_altered', 'battle_idle')"],
      "quirks": ["q.bedrock_quirk('gallade_altered', 'blink')","q.bedrock_quirk('gallade_altered', 'battle_quirk', 20, 60, 1)"],
      "namedAnimations": {
  "cry": "q.bedrock_stateful('gallade_altered', 'battle_cry')"
	}
       },
    "walking": {
      "poseName": "walking",
      "transformTicks": 10,
      "poseTypes": ["WALK" ],
      "animations": ["bedrock(gallade_altered, ground_walk)"]
    },
    "sleep": {
      "poseName": "sleep",
      "transformTicks": 10,
      "poseTypes": [ "SLEEP" ],
      "animations": [ "bedrock(gallade_altered, sleep)"]
    }
 
  }
 }