{
 "head": "head",
 "portraitScale": 2.6,
 "portraitTranslation": [ -0.1, 1.9, 0],
 "profileScale": 0.65,
 "profileTranslation": [ 0, 0.76, 0 ],
 "animations": {
   "faint": "q.bedrock_primary('gardevoir_altered', 'faint', q.curve('one'))",
   "cry": "q.bedrock_stateful('gardevoir_altered', 'cry')"
 },
 "poses": {
   "standing": {
     "poseName": "standing",
     "transformTicks": 10,
     "isBattle": false,
     "poseTypes": [ "STAND", "NONE", "PORTRAIT", "PROFILE"],
     "animations": [
      "q.look('head_ai')",
      "q.bedrock('gardevoir_altered', 'ground_idle')"
    ],
     "quirks": [
      "q.bedrock_quirk('gardevoir_altered', 'blink')",
      "q.bedrock_quirk('gardevoir_altered', q.array('quirk1', 'quirk2'), 10, 30, 1)"
    ]
   },
   "battle-standing": {
     "transformTicks": 10,
     "poseTypes": ["STAND"],
     "isBattle": true,
     "animations": ["look", "bedrock(gardevoir_altered, battle_idle)"],
     "quirks": [
      "q.bedrock_quirk('gardevoir_altered', 'blink')",
      "q.bedrock_quirk('gardevoir_altered', q.array('battle_quirk'), 10, 30, 1)"
    ]

   },
   "walking": {
     "poseName": "walking",
     "transformTicks": 10,
     "poseTypes": [ "WALK" ],
     "animations": [
      "q.look('head_ai')",
      "q.bedrock('gardevoir_altered', 'ground_walk')"
    ]
   },
   "sleep": {
     "poseName": "sleep",
     "transformTicks": 10,
     "poseTypes": [ "SLEEP" ],
     "animations": [ "q.bedrock('gardevoir_altered', 'sleep')"]
   }

 }
}