{
 "head": "head",
 "portraitScale": 2.6,
 "portraitTranslation": [ 0, 0, 0],
 "profileScale": 0.8,
 "profileTranslation": [ 0, 0.6, 0 ],
 "animations": {
   "cry": "q.bedrock_stateful('kirlia_altered', 'cry')"
 },
 "poses": {
   "standing": {
     "poseName": "standing",
     "transformTicks": 10,
     "isBattle": false,
     "poseTypes": [ "STAND", "NONE", "PORTRAIT", "PROFILE"],
     "animations": ["look", "bedrock(kirlia_altered, ground_idle)"],
     "quirks": [
       {
         "name": "blink",
         "animations": ["bedrock(kirlia_altered, blink)"]
       }
     ]
   },
   "battle-standing": {
     "transformTicks": 10,
     "poseTypes": ["STAND"],
     "isBattle": true,
     "animations": ["look", "bedrock(kirlia_altered, battle_idle)"],
     "quirks": [
       {
         "name": "blink",
         "animations": ["bedrock(kirlia_altered, blink)"]
       }
     ]
   },
   "walking": {
     "poseName": "walking",
     "transformTicks": 10,
     "poseTypes": [ "WALK" ],
     "animations": [ "bedrock(kirlia_altered, ground_walk)"]
   },
   "sleep": {
     "poseName": "sleep",
     "transformTicks": 10,
     "poseTypes": [ "SLEEP" ],
     "animations": [ "bedrock(kirlia_altered, sleep)"]
   }

 }
}