{
	"format_version": "1.8.0",
	"animations": {
		"animation.alloette.ground_idle": {
			"loop": true,
			"bones": {
				"body": {
					"rotation": ["-10+1*math.cos(q.anim_time*90*2-80)", "30+2*math.sin(q.anim_time*90*0.66-60)", "1*math.sin(q.anim_time*90*1-30)"],
					"position": ["-1+0.3*math.cos(q.anim_time*90*0.66-20)", "3-0.5*math.cos(q.anim_time*90*2-20)", 0]
				},
				"arm_left": {
					"rotation": [-56, 29, 53]
				},
				"arm_left2": {
					"rotation": [0, 0, 57.5]
				},
				"arm_left3": {
					"rotation": [-4, 12, 52]
				},
				"hand_left": {
					"rotation": [67, -9, -7]
				},
				"hand_left2": {
					"rotation": [0, 0, 42.5]
				},
				"thumb_left": {
					"rotation": [72.5, 0, 0]
				},
				"arm_right": {
					"rotation": [20.14131, 18.21219, -50.55164]
				},
				"arm_right2": {
					"rotation": [-2.5, -65, 0]
				},
				"arm_right3": {
					"rotation": [-31.86799, -49.88529, 31.21432]
				},
				"hand_right": {
					"rotation": [-39.56501, -28.11988, -10.26281]
				},
				"hand_right2": {
					"rotation": [0, 0, -67.5]
				},
				"thumb_right": {
					"rotation": [96.16473, -1.40791, 343.73263]
				},
				"neck": {
					"rotation": ["0.6133+1*math.cos(q.anim_time*90*2-110)", "-20.0013-3*math.sin(q.anim_time*90*0.66-80)", "-2.092+1.25*math.sin(q.anim_time*90*1-60)"]
				},
				"head": {
					"rotation": ["7.996+0.3*math.cos(q.anim_time*90*2-130)", "-7.1291+3*math.sin(q.anim_time*90*0.66-90)", "-2.7697+1.5*math.sin(q.anim_time*90*1-90)"],
					"position": [0, 0, 0]
				},
				"ear_left": {
					"rotation": [0, 0, "17.5+2*math.sin(q.anim_time*90*1-90)"]
				},
				"ear_left2": {
					"rotation": [0, 0, "12.5+3*math.sin(q.anim_time*90*1-120)"]
				},
				"ear_right": {
					"rotation": [0, 0, "-17.5+2*math.sin(q.anim_time*90*1-90)"]
				},
				"ear_right2": {
					"rotation": [0, 0, "-12.5+3*math.sin(q.anim_time*90*1-120)"]
				},
				"tail": {
					"rotation": ["17.5+2*math.cos(q.anim_time*90*2-100)", 0, "1*math.sin(q.anim_time*90*2-110)"]
				},
				"tail2": {
					"rotation": ["22.5+3*math.cos(q.anim_time*90*2-120)", 0, "2*math.sin(q.anim_time*90*2-130)"]
				},
				"tail_end": {
					"rotation": ["15+4*math.cos(q.anim_time*90*2-150)", 0, "3*math.sin(q.anim_time*90*2-160)"]
				},
				"flower": {
					"rotation": ["-41.4661+0.5*math.cos(q.anim_time*90*2-80)", "-10.0825+0.5*math.sin(q.anim_time*90*0.66-60)", "13.462+0.3*math.sin(q.anim_time*90*1-30)"],
					"position": ["-2.75+0.4*math.cos(q.anim_time*90*0.66-20)", "-2-0.4*math.cos(q.anim_time*90*2-20)", 8]
				},
				"stem_back": {
					"rotation": ["-17.5-2*math.cos(q.anim_time*90*2-80)", 0, 0]
				},
				"stem_back2": {
					"rotation": ["-25-3*math.cos(q.anim_time*90*2-110)", 0, 0]
				},
				"stem_back3": {
					"rotation": ["-22.5-4*math.cos(q.anim_time*90*2-140)", 0, 0]
				},
				"stem_left": {
					"rotation": ["17.5+2*math.cos(q.anim_time*90*2-80)", -37.5, 0]
				},
				"stem_left2": {
					"rotation": ["25+3*math.cos(q.anim_time*90*2-110)", 0, 0]
				},
				"stem_left3": {
					"rotation": ["17.5+4*math.cos(q.anim_time*90*2-140)", 0, 0]
				},
				"stem_right": {
					"rotation": ["17.5+2*math.cos(q.anim_time*90*2-80)", 37.5, 0]
				},
				"stem_right2": {
					"rotation": ["25+3*math.cos(q.anim_time*90*2-110)", 0, 0]
				},
				"stem_right3": {
					"rotation": ["17.5+4*math.cos(q.anim_time*90*2-140)", 0, 0]
				},
				"root2": {
					"rotation": [-2.44103, 0.75898, -2.54467]
				},
				"leaf": {
					"rotation": [0, 0, "-7.5-3*math.cos(q.anim_time*90*2-80)"]
				},
				"leaf2": {
					"rotation": [0, 0, "-7.5-9*math.cos(q.anim_time*90*2-120)"]
				},
				"root3": {
					"rotation": [-4.98107, 0.43523, -0.01893]
				},
				"root4": {
					"rotation": [-2.4905, 0.21782, -5.00473]
				},
				"root5": {
					"rotation": ["-2.4244+1*math.cos(q.anim_time*90*2-140)", 0.86717, "2*math.sin(q.anim_time*90*0.66-140)"]
				},
				"root6": {
					"rotation": ["-2.4976+2*math.cos(q.anim_time*90*2-160)", -0.10901, "3*math.sin(q.anim_time*90*0.66-160)"]
				},
				"closed_petals": {
					"scale": 0
				},
				"eyelash_left": {
					"rotation": ["1*math.cos(q.anim_time*90*2-150)", 0, 0]
				},
				"eyelash_left2": {
					"rotation": ["2*math.cos(q.anim_time*90*2-170)", 0, 0]
				},
				"eyelash_left3": {
					"rotation": ["3*math.cos(q.anim_time*90*2-190)", 0, 0]
				},
				"eyelash_right": {
					"rotation": ["1*math.cos(q.anim_time*90*2-150)", 0, 0]
				},
				"eyelash_right2": {
					"rotation": ["2*math.cos(q.anim_time*90*2-170)", 0, 0]
				},
				"eyelash_right3": {
					"rotation": ["3*math.cos(q.anim_time*90*2-190)", 0, 0]
				},
				"petal_back_rotation": {
					"rotation": ["-3*math.cos(q.anim_time*90*2-60)", 0, 0]
				},
				"petal_front2": {
					"rotation": ["-6*math.cos(q.anim_time*90*2-120)", 0, 0]
				},
				"petal_left1_rotation": {
					"rotation": ["3*math.cos(q.anim_time*90*2-60)", 0, 0]
				},
				"petal_left1_2": {
					"rotation": ["6*math.cos(q.anim_time*90*2-120)", 0, 0]
				},
				"petal_left2_rotation": {
					"rotation": ["-3*math.cos(q.anim_time*90*2-60)", 0, 0]
				},
				"petal_left2_2": {
					"rotation": ["-6*math.cos(q.anim_time*90*2-120)", 0, 0]
				},
				"petal_right1_rotation": {
					"rotation": ["3*math.cos(q.anim_time*90*2-60)", 0, 0]
				},
				"petal_right1_2": {
					"rotation": ["6*math.cos(q.anim_time*90*2-120)", 0, 0]
				},
				"petal_right2_rotation": {
					"rotation": ["-3*math.cos(q.anim_time*90*2-60)", 0, 0]
				},
				"petal_right2_2": {
					"rotation": ["-6*math.cos(q.anim_time*90*2-120)", 0, 0]
				},
				"wings": {
					"rotation": [0, -7.5, 0],
					"scale": 1.3
				},
				"wing_right": {
					"rotation": [0, "-1*math.sin(q.anim_time*90*1.5-120)*30", 0]
				},
				"wing_left": {
					"rotation": [0, "1*math.sin(q.anim_time*90*1.5-120)*30", 0]
				},
				"wing_lower_right": {
					"rotation": [0, "-1*math.sin(q.anim_time*90*1.5-120)*30", 0]
				},
				"wing_lower_left": {
					"rotation": [0, "1*math.sin(q.anim_time*90*1.5-120)*30", 0]
				},
				"halo": {
					"rotation": ["0-2.5*math.sin(q.anim_time*90*1-90)", 0, "0-2.5*math.sin(q.anim_time*90*1-90)"],
					"scale": 1.3
				}
			}
		},
		"animation.alloette.battle_idle": {
			"loop": true,
			"bones": {
				"body": {
					"rotation": ["9.6165+1*math.cos(q.anim_time*90*2-80)", -3.57711, "0.4397+3*math.sin(q.anim_time*90*1-30)"],
					"position": ["0.3*math.cos(q.anim_time*90*0.66-20)", "2-0.5*math.cos(q.anim_time*90*2-20)", 0]
				},
				"arm_left": {
					"rotation": [-67.5, 35, 49]
				},
				"arm_left2": {
					"rotation": [1, 0, 62]
				},
				"arm_left3": {
					"rotation": [-3, 26, 26]
				},
				"hand_left": {
					"rotation": [58, -25.5, 24]
				},
				"hand_left2": {
					"rotation": [0, 0, 53]
				},
				"thumb_left": {
					"rotation": [73.09957, 4.60927, 14.81487]
				},
				"arm_right": {
					"rotation": [-67.5, -35, -49]
				},
				"arm_right2": {
					"rotation": [1, 0, -62]
				},
				"arm_right3": {
					"rotation": [-3, -26, -26]
				},
				"hand_right": {
					"rotation": [58, 25.5, "--24"]
				},
				"hand_right2": {
					"rotation": [0, 0, -53]
				},
				"thumb_right": {
					"rotation": [91.79511, -0.59287, 336.27585]
				},
				"neck": {
					"rotation": ["8.6032+1*math.cos(q.anim_time*90*2-110)", "4.9987-3*math.sin(q.anim_time*90*0.66-80)", "-2.0435+1.25*math.sin(q.anim_time*90*1-60)"]
				},
				"head": {
					"rotation": ["-18.4918-0.3*math.cos(q.anim_time*90*2-130)", "0.1256+3*math.sin(q.anim_time*90*0.66-90)", "0.315-1.5*math.sin(q.anim_time*90*1-90)"]
				},
				"ear_left": {
					"rotation": [0, 0, "17.5-1*math.sin(q.anim_time*90*2-180)"]
				},
				"ear_left2": {
					"rotation": [0, 0, "12.5-2*math.sin(q.anim_time*90*2-210)"]
				},
				"ear_right": {
					"rotation": [0, 0, "-17.5+1*math.sin(q.anim_time*90*2-180)"]
				},
				"ear_right2": {
					"rotation": [0, 0, "-12.5+2*math.sin(q.anim_time*90*2-210)"]
				},
				"tail": {
					"rotation": ["-43+2*math.cos(q.anim_time*90*2-100)", 0, "1*math.sin(q.anim_time*90*2-110)"]
				},
				"tail2": {
					"rotation": ["-37.75+3*math.cos(q.anim_time*90*2-120)", 0, "2*math.sin(q.anim_time*90*2-130)"]
				},
				"tail_end": {
					"rotation": ["-7.75+4*math.cos(q.anim_time*90*2-150)", 0, "0+3*math.sin(q.anim_time*90*2-160)"]
				},
				"flower": {
					"rotation": ["49.8038+0.5*math.cos(q.anim_time*90*2-80)", "-30.3289+0.5*math.sin(q.anim_time*90*0.66-60)", "-110.6627+1*math.sin(q.anim_time*90*1-30)"],
					"position": ["-7.95+0.2*math.cos(q.anim_time*90*0.66-20)", "-10.35-0.5*math.cos(q.anim_time*90*2-20)", -10.955]
				},
				"stem_back": {
					"rotation": ["-17.5-2*math.cos(q.anim_time*90*2-80)", 0, 0]
				},
				"stem_back2": {
					"rotation": ["-25-3*math.cos(q.anim_time*90*2-110)", 0, 0]
				},
				"stem_back3": {
					"rotation": ["-22.5-4*math.cos(q.anim_time*90*2-140)", 0, 0]
				},
				"stem_left": {
					"rotation": ["17.5+2*math.cos(q.anim_time*90*2-80)", -37.5, 0]
				},
				"stem_left2": {
					"rotation": ["25+3*math.cos(q.anim_time*90*2-110)", 0, 0]
				},
				"stem_left3": {
					"rotation": ["17.5+4*math.cos(q.anim_time*90*2-140)", 0, 0]
				},
				"stem_right": {
					"rotation": ["17.5+2*math.cos(q.anim_time*90*2-80)", 37.5, 0]
				},
				"stem_right2": {
					"rotation": ["25+3*math.cos(q.anim_time*90*2-110)", 0, 0]
				},
				"stem_right3": {
					"rotation": ["17.5+4*math.cos(q.anim_time*90*2-140)", 0, 0]
				},
				"root2": {
					"rotation": [-2.44103, 0.75898, -2.54467]
				},
				"leaf": {
					"rotation": [0, 0, "-7.5-3*math.cos(q.anim_time*90*2-80)"]
				},
				"leaf2": {
					"rotation": [0, 0, "-7.5-9*math.cos(q.anim_time*90*2-120)"]
				},
				"root3": {
					"rotation": [-4.98107, 0.43523, -0.01893]
				},
				"root4": {
					"rotation": [-2.4905, 0.21782, -5.00473]
				},
				"root5": {
					"rotation": ["-2.4244+1*math.cos(q.anim_time*90*2-140)", 0.86717, "2*math.sin(q.anim_time*90*0.66-140)"]
				},
				"root6": {
					"rotation": ["-2.4976+2*math.cos(q.anim_time*90*2-160)", -0.10901, "3*math.sin(q.anim_time*90*0.66-160)"]
				},
				"closed_petals": {
					"scale": 0
				},
				"eyelash_left": {
					"rotation": ["1*math.cos(q.anim_time*90*2-150)", 0, 0]
				},
				"eyelash_left2": {
					"rotation": ["2*math.cos(q.anim_time*90*2-170)", 0, 0]
				},
				"eyelash_left3": {
					"rotation": ["3*math.cos(q.anim_time*90*2-190)", 0, 0]
				},
				"eyelash_right": {
					"rotation": ["1*math.cos(q.anim_time*90*2-150)", 0, 0]
				},
				"eyelash_right2": {
					"rotation": ["2*math.cos(q.anim_time*90*2-170)", 0, 0]
				},
				"eyelash_right3": {
					"rotation": ["3*math.cos(q.anim_time*90*2-190)", 0, 0]
				},
				"petal_back_rotation": {
					"rotation": ["-3*math.cos(q.anim_time*90*2-60)", 0, 0]
				},
				"petal_front2": {
					"rotation": ["-6*math.cos(q.anim_time*90*2-120)", 0, 0]
				},
				"petal_left1_rotation": {
					"rotation": ["3*math.cos(q.anim_time*90*2-60)", 0, 0]
				},
				"petal_left1_2": {
					"rotation": ["6*math.cos(q.anim_time*90*2-120)", 0, 0]
				},
				"petal_left2_rotation": {
					"rotation": ["-3*math.cos(q.anim_time*90*2-60)", 0, 0]
				},
				"petal_left2_2": {
					"rotation": ["-6*math.cos(q.anim_time*90*2-120)", 0, 0]
				},
				"petal_right1_rotation": {
					"rotation": ["3*math.cos(q.anim_time*90*2-60)", 0, 0]
				},
				"petal_right1_2": {
					"rotation": ["6*math.cos(q.anim_time*90*2-120)", 0, 0]
				},
				"petal_right2_rotation": {
					"rotation": ["-3*math.cos(q.anim_time*90*2-60)", 0, 0]
				},
				"petal_right2_2": {
					"rotation": ["-6*math.cos(q.anim_time*90*2-120)", 0, 0]
				},
				"wings": {
					"scale": 1.3
				},
				"wing_right": {
					"rotation": [0, "-1*math.sin(q.anim_time*90*1.5-120)*30", 0]
				},
				"wing_left": {
					"rotation": [0, "1*math.sin(q.anim_time*90*1.5-120)*30", 0]
				},
				"wing_lower_right": {
					"rotation": [0, "-1*math.sin(q.anim_time*90*1.5-120)*30", 0]
				},
				"wing_lower_left": {
					"rotation": [0, "1*math.sin(q.anim_time*90*1.5-120)*30", 0]
				},
				"halo": {
					"rotation": ["0-2.5*math.sin(q.anim_time*90*1-90)", 0, "0-2.5*math.sin(q.anim_time*90*1-90)"],
					"scale": 1.3
				}
			}
		},
		"animation.alloette.ground_walk": {
			"loop": true,
			"bones": {
				"body": {
					"rotation": ["24.2644+1*math.cos(q.anim_time*90*2-80)", "2.6418+2*math.sin(q.anim_time*90*0.66-60)", "-0.8481+1*math.sin(q.anim_time*90*1-30)"],
					"position": ["0.3*math.cos(q.anim_time*90*0.66-20)", "1-1*math.cos(q.anim_time*90*2-20)", 0]
				},
				"arm_left": {
					"rotation": [-64, 25, 41]
				},
				"arm_left2": {
					"rotation": [0, 0, 62]
				},
				"arm_left3": {
					"rotation": [-7.5, 14, 17]
				},
				"hand_left": {
					"rotation": [74, 12, 28]
				},
				"hand_left2": {
					"rotation": [0, 0, 48.25]
				},
				"thumb_left": {
					"rotation": [72.5, 0, 0]
				},
				"arm_right": {
					"rotation": [-64, -25, -41]
				},
				"arm_right2": {
					"rotation": [0, 0, -62]
				},
				"arm_right3": {
					"rotation": [-7.5, -14, -17]
				},
				"hand_right": {
					"rotation": [74, -12, -28]
				},
				"hand_right2": {
					"rotation": [0, 0, -67.5]
				},
				"thumb_right": {
					"rotation": [72.5, 0, 0]
				},
				"neck": {
					"rotation": ["-11.8669+1*math.cos(q.anim_time*90*2-110)", "-7.2923-3*math.sin(q.anim_time*90*0.66-80)", "8.6449+1.25*math.sin(q.anim_time*90*1-60)"]
				},
				"head": {
					"rotation": ["-10.6791+0.3*math.cos(q.anim_time*90*2-130)", "4.208+3*math.sin(q.anim_time*90*0.66-90)", "-2.6827+1.5*math.sin(q.anim_time*90*1-90)"]
				},
				"ear_left": {
					"rotation": [0, "-18.5+1*math.sin(q.anim_time*90*9-30)", "2.25+2*math.sin(q.anim_time*90*1-90)"]
				},
				"ear_left2": {
					"rotation": [0, "-31.75+3*math.sin(q.anim_time*90*9-60)", "12.5+3*math.sin(q.anim_time*90*1-120)"]
				},
				"ear_right": {
					"rotation": [0, "18.5-1*math.sin(q.anim_time*90*9-30)", "2.25+2*math.sin(q.anim_time*90*1-90)"]
				},
				"ear_right2": {
					"rotation": [0, "31.75-3*math.sin(q.anim_time*90*9-60)", "-12.5+3*math.sin(q.anim_time*90*1-120)"]
				},
				"tail": {
					"rotation": ["38.6883+0.5*math.cos(q.anim_time*90*9-100)", -1.47289, "4.7788+1*math.sin(q.anim_time*90*3-110)"]
				},
				"tail2": {
					"rotation": ["14.4739+0.6*math.cos(q.anim_time*90*9-120)", 0, "2.8011+2*math.sin(q.anim_time*90*3-130)"]
				},
				"tail_end": {
					"rotation": ["7.7462+0.75*math.cos(q.anim_time*90*9-150)", 0, "1.4697+3*math.sin(q.anim_time*90*3-160)"]
				},
				"flower": {
					"rotation": ["-82.7201+0.5*math.cos(q.anim_time*90*2-80)", "-4.2444+0.5*math.sin(q.anim_time*90*0.66-60)", "8.449+0.3*math.sin(q.anim_time*90*1-30)"],
					"position": ["-4.6+0.4*math.cos(q.anim_time*90*0.66-20)", "-8.25-1*math.cos(q.anim_time*90*2-20)", 8]
				},
				"stem_back": {
					"rotation": ["-17.5-0.5*math.cos(q.anim_time*90*9-100)", 0, 0]
				},
				"stem_back2": {
					"rotation": ["-18.25-1*math.cos(q.anim_time*90*9-130)", 0, 0]
				},
				"stem_back3": {
					"rotation": ["-6.75-1.25*math.cos(q.anim_time*90*9-160)", 0, 0]
				},
				"stem_left": {
					"rotation": ["17.5+0.5*math.cos(q.anim_time*90*9-100)", -37.5, 0]
				},
				"stem_left2": {
					"rotation": ["18.25+1*math.cos(q.anim_time*90*9-130)", 0, 0]
				},
				"stem_left3": {
					"rotation": ["6.75+1.25*math.cos(q.anim_time*90*9-160)", 0, 0]
				},
				"stem_right": {
					"rotation": ["17.5+0.5*math.cos(q.anim_time*90*9-100)", 37.5, 0]
				},
				"stem_right2": {
					"rotation": ["18.25+1*math.cos(q.anim_time*90*9-130)", 0, 0]
				},
				"stem_right3": {
					"rotation": ["6.75+1.25*math.cos(q.anim_time*90*9-160)", 0, 0]
				},
				"root2": {
					"rotation": [7.30897, 0.75898, -2.54467]
				},
				"leaf": {
					"rotation": [0, 0, "35.75-1*math.cos(q.anim_time*90*9-20)"]
				},
				"leaf2": {
					"rotation": [0, 0, "44.5-2*math.cos(q.anim_time*90*9-50)"]
				},
				"root3": {
					"rotation": [5.01893, 0.43523, -0.01893]
				},
				"root4": {
					"rotation": [4.7595, 0.21782, -5.00473]
				},
				"root5": {
					"rotation": ["-2.4244+0.5*math.cos(q.anim_time*90*9-140)", 0.86717, "2*math.sin(q.anim_time*90*0.66-140)"]
				},
				"root6": {
					"rotation": ["-2.4976+0.75*math.cos(q.anim_time*90*9-160)", -0.10901, "3*math.sin(q.anim_time*90*0.66-160)"]
				},
				"closed_petals": {
					"scale": 0
				},
				"eyelash_left": {
					"rotation": ["1*math.cos(q.anim_time*90*9-150)", 0, 0]
				},
				"eyelash_left2": {
					"rotation": ["-15.5+1*math.cos(q.anim_time*90*9-170)", 0, 0]
				},
				"eyelash_left3": {
					"rotation": ["-33.5+2*math.cos(q.anim_time*90*9-190)", 0, 0]
				},
				"eyelash_right": {
					"rotation": ["1*math.cos(q.anim_time*90*9-150)", 0, 0]
				},
				"eyelash_right2": {
					"rotation": ["-15.5+1*math.cos(q.anim_time*90*9-170)", 0, 0]
				},
				"eyelash_right3": {
					"rotation": ["-33.5+2*math.cos(q.anim_time*90*9-190)", 0, 0]
				},
				"petal_back_rotation": {
					"rotation": ["26.5-1*math.cos(q.anim_time*90*9-120)", 0, 0]
				},
				"petal_front2": {
					"rotation": ["-2*math.cos(q.anim_time*90*9-120)", 0, 0]
				},
				"petal_left1_rotation": {
					"rotation": ["-26.5+1*math.cos(q.anim_time*90*9-120)", 0, 0]
				},
				"petal_left1_2": {
					"rotation": ["2*math.cos(q.anim_time*90*9-120)", 0, 0]
				},
				"petal_left2_rotation": {
					"rotation": ["26.5-1*math.cos(q.anim_time*90*9-120)", 0, 0]
				},
				"petal_left2_2": {
					"rotation": ["-2*math.cos(q.anim_time*90*9-120)", 0, 0]
				},
				"petal_right1_rotation": {
					"rotation": ["-26.5+1*math.cos(q.anim_time*90*9-120)", 0, 0]
				},
				"petal_right1_2": {
					"rotation": ["2*math.cos(q.anim_time*90*9-120)", 0, 0]
				},
				"petal_right2_rotation": {
					"rotation": ["15-1*math.cos(q.anim_time*90*9-60)", 0, 0]
				},
				"petal_right2_2": {
					"rotation": ["26.5-2*math.cos(q.anim_time*90*9-120)", 0, 0]
				},
				"wings": {
					"position": [0, 0, 1],
					"scale": 1.3
				},
				"wing_right": {
					"rotation": [0, "-1*math.sin(q.anim_time*90*3-120)*30", 0]
				},
				"wing_left": {
					"rotation": [0, "1*math.sin(q.anim_time*90*3-120)*30", 0]
				},
				"wing_lower_right": {
					"rotation": [0, "-1*math.sin(q.anim_time*90*3-120)*30", 0]
				},
				"wing_lower_left": {
					"rotation": [0, "1*math.sin(q.anim_time*90*3-120)*30", 0]
				},
				"halo": {
					"rotation": ["0-2.5*math.sin(q.anim_time*90*1-90)", 0, "0-2.5*math.sin(q.anim_time*90*1-90)"],
					"scale": 1.3
				}
			}
		},
		"animation.alloette.sleep": {
			"loop": true,
			"bones": {
				"body": {
					"rotation": ["-88.5364+0.5*math.cos(q.anim_time*90*0.5-90)", 10.67282, -103.62674],
					"position": ["0.7-0.3*math.cos(q.anim_time*90*0.25-20)", "-6.95-0.5*math.cos(q.anim_time*90*0.5-40)", "-3.2-0.3*math.sin(q.anim_time*90*0.25-60)"]
				},
				"arm_left": {
					"rotation": [-59.11865, 76.76109, 69.98367]
				},
				"arm_left2": {
					"rotation": [-35.50832, -1.65213, 58.07712]
				},
				"arm_left3": {
					"rotation": [-3.95624, -16.37936, 0.99047],
					"position": [-0.45, 0, -0.125]
				},
				"hand_left": {
					"rotation": [53.81588, -46.36859, 14.9949]
				},
				"hand_left2": {
					"rotation": [0, 0, 50]
				},
				"thumb_left": {
					"rotation": [72.5, 0, 0]
				},
				"arm_right": {
					"rotation": [38.33836, -8.05463, -47.98755]
				},
				"arm_right2": {
					"rotation": [-2.5, -65, 0]
				},
				"arm_right3": {
					"rotation": [-3.07321, -19.64116, 0.84129]
				},
				"hand_right": {
					"rotation": [-31.56501, -28.11988, -10.26281]
				},
				"hand_right2": {
					"rotation": [0, 0, -67.5]
				},
				"thumb_right": {
					"rotation": [96.16473, -1.40791, 343.73263]
				},
				"neck": {
					"rotation": [-29.35856, -51.55763, "19.6156-0.5*math.cos(q.anim_time*90*0.5-130)"]
				},
				"head": {
					"rotation": [17.28017, 14.24153, "-10.2561-1*math.cos(q.anim_time*90*0.5-160)"]
				},
				"ear_left": {
					"rotation": [0, 0, "44.25+1*math.cos(q.anim_time*90*0.5-70)"]
				},
				"ear_left2": {
					"rotation": [0, 0, "36.5+3*math.cos(q.anim_time*90*0.5-100)"]
				},
				"ear_right": {
					"rotation": [-10.90644, -47.41727, "1.2816-0.75*math.cos(q.anim_time*90*0.5-100)"]
				},
				"ear_right2": {
					"rotation": [0, -12.5, "-10.75-2*math.cos(q.anim_time*90*0.5-140)"]
				},
				"tail": {
					"rotation": ["-35.1389-1*math.cos(q.anim_time*90*0.5-160)", 13.64807, 7.08205]
				},
				"tail2": {
					"rotation": ["36.5-1*math.cos(q.anim_time*90*0.5-160)", 0, 0],
					"position": [0, 0, -0.15]
				},
				"tail_end": {
					"rotation": [4.75, 0, 0]
				},
				"flower": {
					"rotation": ["-79.1381-0.5*math.cos(q.anim_time*90*0.5-90)", -2.57195, 0.98961],
					"position": ["-0.4-0.3*math.cos(q.anim_time*90*0.25-20)", "-11.075-0.5*math.cos(q.anim_time*90*0.5-40)", "8-0.3*math.sin(q.anim_time*90*0.25-60)"]
				},
				"stem_back": {
					"rotation": ["-23.75-2*math.cos(q.anim_time*90*0.5-80)", 0, 0]
				},
				"stem_back2": {
					"rotation": ["-38.25-3*math.cos(q.anim_time*90*0.5-110)", 0, 0]
				},
				"stem_back3": {
					"rotation": ["-27.5-4*math.cos(q.anim_time*90*0.5-140)", 0, 0]
				},
				"stem_left": {
					"rotation": ["-7.37350-2*math.cos(q.anim_time*90*0.5-80)", -51.1046, "36.2852+2*math.cos(q.anim_time*90*0.5-80)"]
				},
				"stem_left2": {
					"rotation": ["1.7477-3*math.cos(q.anim_time*90*0.5-110)", -3.33846, "47.7625+3*math.cos(q.anim_time*90*0.5-110)"]
				},
				"stem_left3": {
					"rotation": ["10.0649-4*math.cos(q.anim_time*90*0.5-140)", -8.3826, "37.6877+4*math.cos(q.anim_time*90*0.5-140)"]
				},
				"stem_right": {
					"rotation": ["-7.37350-2*math.cos(q.anim_time*90*0.5-80)", 51.1046, "-36.2852-2*math.cos(q.anim_time*90*0.5-80)"]
				},
				"stem_right2": {
					"rotation": ["1.7477-3*math.cos(q.anim_time*90*0.5-110)", 3.33846, "-47.7625-3*math.cos(q.anim_time*90*0.5-110)"]
				},
				"stem_right3": {
					"rotation": ["10.0649-4*math.cos(q.anim_time*90*0.5-140)", 8.3826, "-37.6877-4*math.cos(q.anim_time*90*0.5-140)"]
				},
				"root2": {
					"rotation": [-2.44103, 0.75898, -2.54467]
				},
				"leaf": {
					"rotation": [58.15514, "58.4543+2*math.cos(q.anim_time*90*0.5-80)", -26.67246]
				},
				"leaf2": {
					"rotation": [0, 0, "-17.75-4*math.cos(q.anim_time*90*0.5-120)"]
				},
				"root3": {
					"rotation": ["-4.981+1*math.cos(q.anim_time*90*0.5-90)", 0.43523, -0.01893]
				},
				"root4": {
					"rotation": [-2.4905, 0.21782, -5.00473]
				},
				"root5": {
					"rotation": ["5.8256+1*math.cos(q.anim_time*90*0.5-160)", 0.86717, -0.03729]
				},
				"root6": {
					"rotation": ["2.0024+2*math.cos(q.anim_time*90*0.5-190)", -0.10901, -2.49762]
				},
				"closed_petals": {
					"scale": 0
				},
				"eyelid_left": {
					"position": [0, 0, -0.1]
				},
				"eyelid_right": {
					"position": [0, 0, -0.1]
				},
				"petal_back_rotation": {
					"rotation": ["-1.75-2*math.cos(q.anim_time*90*0.5-80)", 0, 0]
				},
				"petal_front2": {
					"rotation": ["1-3*math.cos(q.anim_time*90*0.5-120)", 0, 0]
				},
				"petal_left1_rotation": {
					"rotation": ["1.75+2*math.cos(q.anim_time*90*0.5-80)", -4.75, 0],
					"position": [0, 0, 0.15]
				},
				"petal_left1_2": {
					"rotation": ["-1+3*math.cos(q.anim_time*90*0.5-120)", 0, 0]
				},
				"petal_left2_rotation": {
					"rotation": ["-1.75-2*math.cos(q.anim_time*90*0.5-80)", -4.75, 0]
				},
				"petal_left2_2": {
					"rotation": ["1-3*math.cos(q.anim_time*90*0.5-120)", 0, 0]
				},
				"petal_right1_rotation": {
					"rotation": ["1.75+2*math.cos(q.anim_time*90*0.5-80)", 4.75, 0],
					"position": [0, 0, 0.15]
				},
				"petal_right1_2": {
					"rotation": ["-1+3*math.cos(q.anim_time*90*0.5-120)", 0, 0]
				},
				"petal_right2_rotation": {
					"rotation": ["-1.75-2*math.cos(q.anim_time*90*0.5-80)", 4.75, 0]
				},
				"petal_right2_2": {
					"rotation": ["1-3*math.cos(q.anim_time*90*0.5-120)", 0, 0]
				},
				"wing_left": {
					"rotation": [0, -35, 0]
				},
				"wing_lower_left": {
					"rotation": [0, -35, 0]
				}
			}
		},
		"animation.alloette.cry": {
			"animation_length": 2.5,
			"bones": {
				"body": {
					"rotation": {
						"0.0": [0, 0, 0],
						"0.125": {
							"pre": [3.75, 0, 0],
							"post": [3.75, 0, 0],
							"lerp_mode": "catmullrom"
						},
						"0.25": {
							"post": [-1.725, 0, 0],
							"lerp_mode": "catmullrom"
						},
						"0.375": {
							"post": [-2.975, 0, 0],
							"lerp_mode": "catmullrom"
						},
						"0.5417": {
							"post": [2.725, 0, 0],
							"lerp_mode": "catmullrom"
						},
						"0.6667": {
							"post": [0.75, 0, 0],
							"lerp_mode": "catmullrom"
						},
						"0.7917": {
							"post": [2.45, 0, 0],
							"lerp_mode": "catmullrom"
						},
						"0.9167": {
							"post": [0.975, 0, 0],
							"lerp_mode": "catmullrom"
						},
						"1.0417": {
							"post": [2.075, 0, 0],
							"lerp_mode": "catmullrom"
						},
						"1.1667": {
							"post": [1.125, 0, 0],
							"lerp_mode": "catmullrom"
						},
						"1.2917": {
							"post": [2.075, 0, 0],
							"lerp_mode": "catmullrom"
						},
						"1.4167": {
							"post": [1.175, 0, 0],
							"lerp_mode": "catmullrom"
						},
						"1.9167": {
							"post": [0, 0, 0],
							"lerp_mode": "catmullrom"
						},
						"2.5": [0, 0, 0]
					},
					"position": {
						"0.0": [0, 0, 0],
						"0.125": {
							"pre": [0, -0.65, 0],
							"post": [0, -0.65, 0],
							"lerp_mode": "catmullrom"
						},
						"0.3333": {
							"post": [0, 0.05, 0],
							"lerp_mode": "catmullrom"
						},
						"0.4583": {
							"post": [0, 0.175, 0],
							"lerp_mode": "catmullrom"
						},
						"0.5833": {
							"post": [0, -0.23, 0],
							"lerp_mode": "catmullrom"
						},
						"0.7083": [0, 0, 0]
					}
				},
				"neck": {
					"rotation": {
						"0.0": [0, 0, 0],
						"0.2083": {
							"pre": [3.75, 0, 0],
							"post": [3.75, 0, 0],
							"lerp_mode": "catmullrom"
						},
						"0.3333": {
							"post": [-1.725, 0, 0],
							"lerp_mode": "catmullrom"
						},
						"0.4583": {
							"post": [-2.975, 0, 0],
							"lerp_mode": "catmullrom"
						},
						"0.625": {
							"post": [2.35, 0, 0],
							"lerp_mode": "catmullrom"
						},
						"0.75": {
							"post": [-0.175, 0, 0],
							"lerp_mode": "catmullrom"
						},
						"0.875": {
							"post": [1.8, 0, 0],
							"lerp_mode": "catmullrom"
						},
						"1.0": {
							"post": [-0.225, 0, 0],
							"lerp_mode": "catmullrom"
						},
						"1.125": {
							"post": [1.15, 0, 0],
							"lerp_mode": "catmullrom"
						},
						"1.25": {
							"post": [-0.475, 0, 0],
							"lerp_mode": "catmullrom"
						},
						"1.375": {
							"post": [0.75, 0, 0],
							"lerp_mode": "catmullrom"
						},
						"1.5": {
							"post": [-0.25, 0, 0],
							"lerp_mode": "catmullrom"
						},
						"2.0": {
							"post": [0, 0, 0],
							"lerp_mode": "catmullrom"
						},
						"2.5": [0, 0, 0]
					}
				},
				"head": {
					"rotation": {
						"0.0": [0, 0, 0],
						"0.2917": {
							"pre": [3.75, 0, 0],
							"post": [3.75, 0, 0],
							"lerp_mode": "catmullrom"
						},
						"0.4167": {
							"post": [-1.725, 0, 0],
							"lerp_mode": "catmullrom"
						},
						"0.5417": {
							"post": [-2.975, 0, 0],
							"lerp_mode": "catmullrom"
						},
						"0.7083": {
							"post": [2.2, 0, 0],
							"lerp_mode": "catmullrom"
						},
						"0.8333": {
							"post": [-0.4, 0, 0],
							"lerp_mode": "catmullrom"
						},
						"0.9583": {
							"post": [1.3, 0, 0],
							"lerp_mode": "catmullrom"
						},
						"1.0833": {
							"post": [-0.625, 0, 0],
							"lerp_mode": "catmullrom"
						},
						"1.2083": {
							"post": [0.475, 0, 0],
							"lerp_mode": "catmullrom"
						},
						"1.3333": {
							"post": [-0.975, 0, 0],
							"lerp_mode": "catmullrom"
						},
						"1.4583": {
							"post": [-0.025, 0, 0],
							"lerp_mode": "catmullrom"
						},
						"1.5833": {
							"post": [-0.925, 0, 0],
							"lerp_mode": "catmullrom"
						},
						"2.0833": {
							"post": [0, 0, 0],
							"lerp_mode": "catmullrom"
						},
						"2.5": [0, 0, 0]
					}
				},
				"eyelash_left": {
					"rotation": {
						"0.0417": [0, 0, 0],
						"0.375": {
							"pre": [3.75, 0, 0],
							"post": [3.75, 0, 0],
							"lerp_mode": "catmullrom"
						},
						"0.5": {
							"post": [-1.725, 0, 0],
							"lerp_mode": "catmullrom"
						},
						"0.625": {
							"post": [-2.975, 0, 0],
							"lerp_mode": "catmullrom"
						},
						"0.7917": {
							"post": [2.2, 0, 0],
							"lerp_mode": "catmullrom"
						},
						"0.9167": {
							"post": [-0.4, 0, 0],
							"lerp_mode": "catmullrom"
						},
						"1.0417": {
							"post": [1.3, 0, 0],
							"lerp_mode": "catmullrom"
						},
						"1.1667": {
							"post": [-0.625, 0, 0],
							"lerp_mode": "catmullrom"
						},
						"1.2917": {
							"post": [0.475, 0, 0],
							"lerp_mode": "catmullrom"
						},
						"1.4167": {
							"post": [-0.975, 0, 0],
							"lerp_mode": "catmullrom"
						},
						"1.5417": {
							"post": [-0.025, 0, 0],
							"lerp_mode": "catmullrom"
						},
						"1.6667": {
							"post": [-0.925, 0, 0],
							"lerp_mode": "catmullrom"
						},
						"2.1667": {
							"post": [0, 0, 0],
							"lerp_mode": "catmullrom"
						},
						"2.5": [0, 0, 0]
					}
				},
				"eyelash_left2": {
					"rotation": {
						"0.0833": [0, 0, 0],
						"0.4583": {
							"pre": [3.75, 0, 0],
							"post": [3.75, 0, 0],
							"lerp_mode": "catmullrom"
						},
						"0.5833": {
							"post": [-1.725, 0, 0],
							"lerp_mode": "catmullrom"
						},
						"0.7083": {
							"post": [-2.975, 0, 0],
							"lerp_mode": "catmullrom"
						},
						"0.875": {
							"post": [2.2, 0, 0],
							"lerp_mode": "catmullrom"
						},
						"1.0": {
							"post": [-0.4, 0, 0],
							"lerp_mode": "catmullrom"
						},
						"1.125": {
							"post": [1.3, 0, 0],
							"lerp_mode": "catmullrom"
						},
						"1.25": {
							"post": [-0.625, 0, 0],
							"lerp_mode": "catmullrom"
						},
						"1.375": {
							"post": [0.475, 0, 0],
							"lerp_mode": "catmullrom"
						},
						"1.5": {
							"post": [-0.975, 0, 0],
							"lerp_mode": "catmullrom"
						},
						"1.625": {
							"post": [-0.025, 0, 0],
							"lerp_mode": "catmullrom"
						},
						"1.75": {
							"post": [-0.925, 0, 0],
							"lerp_mode": "catmullrom"
						},
						"2.25": {
							"post": [0, 0, 0],
							"lerp_mode": "catmullrom"
						},
						"2.5": [0, 0, 0]
					}
				},
				"eyelash_left3": {
					"rotation": {
						"0.125": [0, 0, 0],
						"0.5": {
							"pre": [3.75, 0, 0],
							"post": [3.75, 0, 0],
							"lerp_mode": "catmullrom"
						},
						"0.625": {
							"post": [-1.725, 0, 0],
							"lerp_mode": "catmullrom"
						},
						"0.75": {
							"post": [-2.975, 0, 0],
							"lerp_mode": "catmullrom"
						},
						"0.9167": {
							"post": [2.2, 0, 0],
							"lerp_mode": "catmullrom"
						},
						"1.0417": {
							"post": [-0.4, 0, 0],
							"lerp_mode": "catmullrom"
						},
						"1.1667": {
							"post": [1.3, 0, 0],
							"lerp_mode": "catmullrom"
						},
						"1.2917": {
							"post": [-0.625, 0, 0],
							"lerp_mode": "catmullrom"
						},
						"1.4167": {
							"post": [0.475, 0, 0],
							"lerp_mode": "catmullrom"
						},
						"1.5417": {
							"post": [-0.975, 0, 0],
							"lerp_mode": "catmullrom"
						},
						"1.6667": {
							"post": [-0.025, 0, 0],
							"lerp_mode": "catmullrom"
						},
						"1.7917": {
							"post": [-0.925, 0, 0],
							"lerp_mode": "catmullrom"
						},
						"2.2917": {
							"post": [0, 0, 0],
							"lerp_mode": "catmullrom"
						},
						"2.5": [0, 0, 0]
					}
				},
				"eyelid_left": {
					"position": {
						"0.0": [0, 0, 0],
						"0.5": {"pre": [0, 0, 0], "post": [0, 0, -0.1]},
						"1.5": {"pre": [0, 0, -0.1], "post": [0, 0, 0]}
					}
				},
				"eyelash_right": {
					"rotation": {
						"0.0417": [0, 0, 0],
						"0.375": {
							"pre": [3.75, 0, 0],
							"post": [3.75, 0, 0],
							"lerp_mode": "catmullrom"
						},
						"0.5": {
							"post": [-1.725, 0, 0],
							"lerp_mode": "catmullrom"
						},
						"0.625": {
							"post": [-2.975, 0, 0],
							"lerp_mode": "catmullrom"
						},
						"0.7917": {
							"post": [2.2, 0, 0],
							"lerp_mode": "catmullrom"
						},
						"0.9167": {
							"post": [-0.4, 0, 0],
							"lerp_mode": "catmullrom"
						},
						"1.0417": {
							"post": [1.3, 0, 0],
							"lerp_mode": "catmullrom"
						},
						"1.1667": {
							"post": [-0.625, 0, 0],
							"lerp_mode": "catmullrom"
						},
						"1.2917": {
							"post": [0.475, 0, 0],
							"lerp_mode": "catmullrom"
						},
						"1.4167": {
							"post": [-0.975, 0, 0],
							"lerp_mode": "catmullrom"
						},
						"1.5417": {
							"post": [-0.025, 0, 0],
							"lerp_mode": "catmullrom"
						},
						"1.6667": {
							"post": [-0.925, 0, 0],
							"lerp_mode": "catmullrom"
						},
						"2.1667": {
							"post": [0, 0, 0],
							"lerp_mode": "catmullrom"
						},
						"2.5": [0, 0, 0]
					}
				},
				"eyelash_right2": {
					"rotation": {
						"0.0833": [0, 0, 0],
						"0.4583": {
							"pre": [3.75, 0, 0],
							"post": [3.75, 0, 0],
							"lerp_mode": "catmullrom"
						},
						"0.5833": {
							"post": [-1.725, 0, 0],
							"lerp_mode": "catmullrom"
						},
						"0.7083": {
							"post": [-2.975, 0, 0],
							"lerp_mode": "catmullrom"
						},
						"0.875": {
							"post": [2.2, 0, 0],
							"lerp_mode": "catmullrom"
						},
						"1.0": {
							"post": [-0.4, 0, 0],
							"lerp_mode": "catmullrom"
						},
						"1.125": {
							"post": [1.3, 0, 0],
							"lerp_mode": "catmullrom"
						},
						"1.25": {
							"post": [-0.625, 0, 0],
							"lerp_mode": "catmullrom"
						},
						"1.375": {
							"post": [0.475, 0, 0],
							"lerp_mode": "catmullrom"
						},
						"1.5": {
							"post": [-0.975, 0, 0],
							"lerp_mode": "catmullrom"
						},
						"1.625": {
							"post": [-0.025, 0, 0],
							"lerp_mode": "catmullrom"
						},
						"1.75": {
							"post": [-0.925, 0, 0],
							"lerp_mode": "catmullrom"
						},
						"2.25": {
							"post": [0, 0, 0],
							"lerp_mode": "catmullrom"
						},
						"2.5": [0, 0, 0]
					}
				},
				"eyelash_right3": {
					"rotation": {
						"0.125": [0, 0, 0],
						"0.5": {
							"pre": [3.75, 0, 0],
							"post": [3.75, 0, 0],
							"lerp_mode": "catmullrom"
						},
						"0.625": {
							"post": [-1.725, 0, 0],
							"lerp_mode": "catmullrom"
						},
						"0.75": {
							"post": [-2.975, 0, 0],
							"lerp_mode": "catmullrom"
						},
						"0.9167": {
							"post": [2.2, 0, 0],
							"lerp_mode": "catmullrom"
						},
						"1.0417": {
							"post": [-0.4, 0, 0],
							"lerp_mode": "catmullrom"
						},
						"1.1667": {
							"post": [1.3, 0, 0],
							"lerp_mode": "catmullrom"
						},
						"1.2917": {
							"post": [-0.625, 0, 0],
							"lerp_mode": "catmullrom"
						},
						"1.4167": {
							"post": [0.475, 0, 0],
							"lerp_mode": "catmullrom"
						},
						"1.5417": {
							"post": [-0.975, 0, 0],
							"lerp_mode": "catmullrom"
						},
						"1.6667": {
							"post": [-0.025, 0, 0],
							"lerp_mode": "catmullrom"
						},
						"1.7917": {
							"post": [-0.925, 0, 0],
							"lerp_mode": "catmullrom"
						},
						"2.2917": {
							"post": [0, 0, 0],
							"lerp_mode": "catmullrom"
						},
						"2.5": [0, 0, 0]
					}
				},
				"eyelid_right": {
					"position": {
						"0.0": [0, 0, 0],
						"0.5": {"pre": [0, 0, 0], "post": [0, 0, -0.1]},
						"1.5": {"pre": [0, 0, -0.1], "post": [0, 0, 0]}
					}
				},
				"mouth_closed": {
					"position": {
						"0.0": [0, 0, 0],
						"0.0417": {"pre": [0, 0, 0], "post": [0, 0, 0.1]},
						"1.4583": {"pre": [0, 0, 0.1], "post": [0, 0, 0]}
					}
				},
				"mouth_open": {
					"position": {
						"0.0": [0, 0, 0],
						"0.125": {"pre": [0, 0, 0], "post": [0, 0, -0.1]},
						"0.5417": {"pre": [0, 0, -0.1], "post": [0, 0.05, -0.1]},
						"0.6667": {"pre": [0, 0.05, -0.1], "post": [0, 0, -0.1]},
						"0.7917": {"pre": [0, 0, -0.1], "post": [0, 0.05, -0.1]},
						"0.9167": {"pre": [0, 0.05, -0.1], "post": [0, 0, -0.1]},
						"1.0417": {"pre": [0, 0, -0.1], "post": [0, 0.05, -0.1]},
						"1.1667": {"pre": [0, 0.05, -0.1], "post": [0, 0, -0.1]},
						"1.2917": {"pre": [0, 0, -0.1], "post": [0, 0.05, -0.1]},
						"1.4583": {"pre": [0, 0.05, -0.1], "post": [0, 0, 0]}
					}
				},
				"ear_left": {
					"rotation": {
						"0.0417": [0, 0, 0],
						"0.375": {
							"pre": [0, 0, -3.7],
							"post": [0, 0, -3.7],
							"lerp_mode": "catmullrom"
						},
						"0.5": {
							"post": [0, 0, 1.9],
							"lerp_mode": "catmullrom"
						},
						"0.625": {
							"post": [0, 0, 3.2],
							"lerp_mode": "catmullrom"
						},
						"0.7917": {
							"post": [0, 0, -2],
							"lerp_mode": "catmullrom"
						},
						"0.9167": {
							"post": [0, 0, 0.4],
							"lerp_mode": "catmullrom"
						},
						"1.0417": {
							"post": [0, 0, -1.2],
							"lerp_mode": "catmullrom"
						},
						"1.1667": {
							"post": [0, 0, 0.6],
							"lerp_mode": "catmullrom"
						},
						"1.2917": {
							"post": [0, 0, -0.5],
							"lerp_mode": "catmullrom"
						},
						"1.4167": {
							"post": [0, 0, 0.8],
							"lerp_mode": "catmullrom"
						},
						"1.5417": {
							"post": [0, 0, 0],
							"lerp_mode": "catmullrom"
						},
						"1.6667": {
							"post": [0, 0, 0.8],
							"lerp_mode": "catmullrom"
						},
						"2.1667": {
							"post": [0, 0, 0],
							"lerp_mode": "catmullrom"
						},
						"2.5": [0, 0, 0]
					}
				},
				"ear_left2": {
					"rotation": {
						"0.0833": [0, 0, 0],
						"0.4583": {
							"pre": [0, 0, -3.7],
							"post": [0, 0, -3.7],
							"lerp_mode": "catmullrom"
						},
						"0.5833": {
							"post": [0, 0, 1.9],
							"lerp_mode": "catmullrom"
						},
						"0.7083": {
							"post": [0, 0, 3.2],
							"lerp_mode": "catmullrom"
						},
						"0.875": {
							"post": [0, 0, -2],
							"lerp_mode": "catmullrom"
						},
						"1.0": {
							"post": [0, 0, 0.4],
							"lerp_mode": "catmullrom"
						},
						"1.125": {
							"post": [0, 0, -1.2],
							"lerp_mode": "catmullrom"
						},
						"1.25": {
							"post": [0, 0, 0.6],
							"lerp_mode": "catmullrom"
						},
						"1.375": {
							"post": [0, 0, -0.5],
							"lerp_mode": "catmullrom"
						},
						"1.5": {
							"post": [0, 0, 0.8],
							"lerp_mode": "catmullrom"
						},
						"1.625": {
							"post": [0, 0, 0],
							"lerp_mode": "catmullrom"
						},
						"1.75": {
							"post": [0, 0, 0.8],
							"lerp_mode": "catmullrom"
						},
						"2.25": {
							"post": [0, 0, 0],
							"lerp_mode": "catmullrom"
						},
						"2.5": [0, 0, 0]
					}
				},
				"ear_right": {
					"rotation": {
						"0.0417": [0, 0, 0],
						"0.375": {
							"pre": [0, 0, 3.7],
							"post": [0, 0, 3.7],
							"lerp_mode": "catmullrom"
						},
						"0.5": {
							"post": [0, 0, -1.9],
							"lerp_mode": "catmullrom"
						},
						"0.625": {
							"post": [0, 0, -3.2],
							"lerp_mode": "catmullrom"
						},
						"0.7917": {
							"post": [0, 0, 2],
							"lerp_mode": "catmullrom"
						},
						"0.9167": {
							"post": [0, 0, -0.4],
							"lerp_mode": "catmullrom"
						},
						"1.0417": {
							"post": [0, 0, 1.2],
							"lerp_mode": "catmullrom"
						},
						"1.1667": {
							"post": [0, 0, -0.6],
							"lerp_mode": "catmullrom"
						},
						"1.2917": {
							"post": [0, 0, 0.5],
							"lerp_mode": "catmullrom"
						},
						"1.4167": {
							"post": [0, 0, -0.8],
							"lerp_mode": "catmullrom"
						},
						"1.5417": {
							"post": [0, 0, 0],
							"lerp_mode": "catmullrom"
						},
						"1.6667": {
							"post": [0, 0, -0.8],
							"lerp_mode": "catmullrom"
						},
						"2.1667": {
							"post": [0, 0, 0],
							"lerp_mode": "catmullrom"
						},
						"2.5": [0, 0, 0]
					}
				},
				"ear_right2": {
					"rotation": {
						"0.0833": [0, 0, 0],
						"0.4583": {
							"pre": [0, 0, 3.7],
							"post": [0, 0, 3.7],
							"lerp_mode": "catmullrom"
						},
						"0.5833": {
							"post": [0, 0, -1.9],
							"lerp_mode": "catmullrom"
						},
						"0.7083": {
							"post": [0, 0, -3.2],
							"lerp_mode": "catmullrom"
						},
						"0.875": {
							"post": [0, 0, 2],
							"lerp_mode": "catmullrom"
						},
						"1.0": {
							"post": [0, 0, -0.4],
							"lerp_mode": "catmullrom"
						},
						"1.125": {
							"post": [0, 0, 1.2],
							"lerp_mode": "catmullrom"
						},
						"1.25": {
							"post": [0, 0, -0.6],
							"lerp_mode": "catmullrom"
						},
						"1.375": {
							"post": [0, 0, 0.5],
							"lerp_mode": "catmullrom"
						},
						"1.5": {
							"post": [0, 0, -0.8],
							"lerp_mode": "catmullrom"
						},
						"1.625": {
							"post": [0, 0, 0],
							"lerp_mode": "catmullrom"
						},
						"1.75": {
							"post": [0, 0, -0.8],
							"lerp_mode": "catmullrom"
						},
						"2.25": {
							"post": [0, 0, 0],
							"lerp_mode": "catmullrom"
						},
						"2.5": [0, 0, 0]
					}
				},
				"tail": {
					"rotation": {
						"0.0": [0, 0, 0],
						"0.2083": {
							"pre": [3.75, 0, 0],
							"post": [3.75, 0, 0],
							"lerp_mode": "catmullrom"
						},
						"0.3333": {
							"post": [-1.725, 0, 0],
							"lerp_mode": "catmullrom"
						},
						"0.4583": {
							"post": [-2.975, 0, 0],
							"lerp_mode": "catmullrom"
						},
						"0.625": {
							"post": [2.725, 0, 0],
							"lerp_mode": "catmullrom"
						},
						"0.75": {
							"post": [0.75, 0, 0],
							"lerp_mode": "catmullrom"
						},
						"0.875": {
							"post": [2.45, 0, 0],
							"lerp_mode": "catmullrom"
						},
						"1.0": {
							"post": [0.975, 0, 0],
							"lerp_mode": "catmullrom"
						},
						"1.125": {
							"post": [2.075, 0, 0],
							"lerp_mode": "catmullrom"
						},
						"1.25": {
							"post": [1.125, 0, 0],
							"lerp_mode": "catmullrom"
						},
						"1.375": {
							"post": [2.075, 0, 0],
							"lerp_mode": "catmullrom"
						},
						"1.5": {
							"post": [1.175, 0, 0],
							"lerp_mode": "catmullrom"
						},
						"2.0": {
							"post": [0, 0, 0],
							"lerp_mode": "catmullrom"
						},
						"2.5": [0, 0, 0]
					}
				},
				"tail2": {
					"rotation": {
						"0.0": [0, 0, 0],
						"0.2917": {
							"pre": [3.75, 0, 0],
							"post": [3.75, 0, 0],
							"lerp_mode": "catmullrom"
						},
						"0.4167": {
							"post": [-1.725, 0, 0],
							"lerp_mode": "catmullrom"
						},
						"0.5417": {
							"post": [-2.975, 0, 0],
							"lerp_mode": "catmullrom"
						},
						"0.7083": {
							"post": [2.725, 0, 0],
							"lerp_mode": "catmullrom"
						},
						"0.8333": {
							"post": [0.75, 0, 0],
							"lerp_mode": "catmullrom"
						},
						"0.9583": {
							"post": [2.45, 0, 0],
							"lerp_mode": "catmullrom"
						},
						"1.0833": {
							"post": [0.975, 0, 0],
							"lerp_mode": "catmullrom"
						},
						"1.2083": {
							"post": [2.075, 0, 0],
							"lerp_mode": "catmullrom"
						},
						"1.3333": {
							"post": [1.125, 0, 0],
							"lerp_mode": "catmullrom"
						},
						"1.4583": {
							"post": [2.075, 0, 0],
							"lerp_mode": "catmullrom"
						},
						"1.5833": {
							"post": [1.175, 0, 0],
							"lerp_mode": "catmullrom"
						},
						"2.0833": {
							"post": [0, 0, 0],
							"lerp_mode": "catmullrom"
						},
						"2.5": [0, 0, 0]
					}
				},
				"tail_end": {
					"rotation": {
						"0.0": [0, 0, 0],
						"0.375": {
							"pre": [3.75, 0, 0],
							"post": [3.75, 0, 0],
							"lerp_mode": "catmullrom"
						},
						"0.5": {
							"post": [-1.725, 0, 0],
							"lerp_mode": "catmullrom"
						},
						"0.625": {
							"post": [-2.975, 0, 0],
							"lerp_mode": "catmullrom"
						},
						"0.7917": {
							"post": [2.725, 0, 0],
							"lerp_mode": "catmullrom"
						},
						"0.9167": {
							"post": [0.75, 0, 0],
							"lerp_mode": "catmullrom"
						},
						"1.0417": {
							"post": [2.45, 0, 0],
							"lerp_mode": "catmullrom"
						},
						"1.1667": {
							"post": [0.975, 0, 0],
							"lerp_mode": "catmullrom"
						},
						"1.2917": {
							"post": [2.075, 0, 0],
							"lerp_mode": "catmullrom"
						},
						"1.4167": {
							"post": [1.125, 0, 0],
							"lerp_mode": "catmullrom"
						},
						"1.5417": {
							"post": [2.075, 0, 0],
							"lerp_mode": "catmullrom"
						},
						"1.6667": {
							"post": [1.175, 0, 0],
							"lerp_mode": "catmullrom"
						},
						"2.1667": {
							"post": [0, 0, 0],
							"lerp_mode": "catmullrom"
						},
						"2.5": [0, 0, 0]
					}
				},
				"flower": {
					"rotation": {
						"0.0": [0, 0, 0],
						"0.125": {
							"pre": [1, 0, 0],
							"post": [1, 0, 0],
							"lerp_mode": "catmullrom"
						},
						"0.25": {
							"post": [-0.275, 0, 0],
							"lerp_mode": "catmullrom"
						},
						"0.375": {
							"post": [-0.725, 0, 0],
							"lerp_mode": "catmullrom"
						},
						"0.5417": {
							"post": [0.9, 0, 0],
							"lerp_mode": "catmullrom"
						},
						"0.6667": {
							"post": [0.225, 0, 0],
							"lerp_mode": "catmullrom"
						},
						"0.7917": {
							"post": [0.85, 0, 0],
							"lerp_mode": "catmullrom"
						},
						"0.9167": {
							"post": [0.35, 0, 0],
							"lerp_mode": "catmullrom"
						},
						"1.0417": {
							"post": [0.8, 0, 0],
							"lerp_mode": "catmullrom"
						},
						"1.1667": {
							"post": [0.5, 0, 0],
							"lerp_mode": "catmullrom"
						},
						"1.2917": {
							"post": [0.8, 0, 0],
							"lerp_mode": "catmullrom"
						},
						"1.4167": {
							"post": [0.55, 0, 0],
							"lerp_mode": "catmullrom"
						},
						"1.9167": {
							"post": [0, 0, 0],
							"lerp_mode": "catmullrom"
						},
						"2.5": [0, 0, 0]
					},
					"position": {
						"0.0": [0, 0, 0],
						"0.125": {
							"pre": [0, -0.65, 0],
							"post": [0, -0.65, 0],
							"lerp_mode": "catmullrom"
						},
						"0.3333": {
							"post": [0, 0.05, 0],
							"lerp_mode": "catmullrom"
						},
						"0.4583": {
							"post": [0, 0.175, 0],
							"lerp_mode": "catmullrom"
						},
						"0.5833": {
							"post": [0, -0.23, 0],
							"lerp_mode": "catmullrom"
						},
						"0.7083": [0, 0, 0]
					}
				},
				"petal_back_rotation": {
					"rotation": {
						"0.0417": [0, 0, 0],
						"0.1667": {
							"pre": [-7.4, 0, 0],
							"post": [-7.4, 0, 0],
							"lerp_mode": "catmullrom"
						},
						"0.4167": {
							"post": [4.8, 0, 0],
							"lerp_mode": "catmullrom"
						},
						"0.6667": {
							"post": [-0.7, 0, 0],
							"lerp_mode": "catmullrom"
						},
						"1.0": [0, 0, 0]
					}
				},
				"petal_front2": {
					"rotation": {
						"0.0417": [0, 0, 0],
						"0.2083": {
							"pre": [-7.4, 0, 0],
							"post": [-7.4, 0, 0],
							"lerp_mode": "catmullrom"
						},
						"0.4583": {
							"post": [4.8, 0, 0],
							"lerp_mode": "catmullrom"
						},
						"0.7083": {
							"post": [-0.7, 0, 0],
							"lerp_mode": "catmullrom"
						},
						"1.0417": [0, 0, 0]
					}
				},
				"petal_left1_rotation": {
					"rotation": {
						"0.0417": [0, 0, 0],
						"0.1667": {
							"pre": [7.4, 0, 0],
							"post": [7.4, 0, 0],
							"lerp_mode": "catmullrom"
						},
						"0.4167": {
							"post": [-4.8, 0, 0],
							"lerp_mode": "catmullrom"
						},
						"0.6667": {
							"post": [0.7, 0, 0],
							"lerp_mode": "catmullrom"
						},
						"1.0": [0, 0, 0]
					}
				},
				"petal_left1_2": {
					"rotation": {
						"0.0417": [0, 0, 0],
						"0.2083": {
							"pre": [7.4, 0, 0],
							"post": [7.4, 0, 0],
							"lerp_mode": "catmullrom"
						},
						"0.4583": {
							"post": [-4.8, 0, 0],
							"lerp_mode": "catmullrom"
						},
						"0.7083": {
							"post": [0.7, 0, 0],
							"lerp_mode": "catmullrom"
						},
						"1.0417": [0, 0, 0]
					}
				},
				"petal_left2_rotation": {
					"rotation": {
						"0.0417": [0, 0, 0],
						"0.1667": {
							"pre": [-7.4, 0, 0],
							"post": [-7.4, 0, 0],
							"lerp_mode": "catmullrom"
						},
						"0.4167": {
							"post": [4.8, 0, 0],
							"lerp_mode": "catmullrom"
						},
						"0.6667": {
							"post": [-0.7, 0, 0],
							"lerp_mode": "catmullrom"
						},
						"1.0": [0, 0, 0]
					}
				},
				"petal_left2_2": {
					"rotation": {
						"0.0417": [0, 0, 0],
						"0.2083": {
							"pre": [-7.4, 0, 0],
							"post": [-7.4, 0, 0],
							"lerp_mode": "catmullrom"
						},
						"0.4583": {
							"post": [4.8, 0, 0],
							"lerp_mode": "catmullrom"
						},
						"0.7083": {
							"post": [-0.7, 0, 0],
							"lerp_mode": "catmullrom"
						},
						"1.0417": [0, 0, 0]
					}
				},
				"petal_right1_rotation": {
					"rotation": {
						"0.0417": [0, 0, 0],
						"0.1667": {
							"pre": [7.4, 0, 0],
							"post": [7.4, 0, 0],
							"lerp_mode": "catmullrom"
						},
						"0.4167": {
							"post": [-4.8, 0, 0],
							"lerp_mode": "catmullrom"
						},
						"0.6667": {
							"post": [0.7, 0, 0],
							"lerp_mode": "catmullrom"
						},
						"1.0": [0, 0, 0]
					}
				},
				"petal_right1_2": {
					"rotation": {
						"0.0417": [0, 0, 0],
						"0.2083": {
							"pre": [7.4, 0, 0],
							"post": [7.4, 0, 0],
							"lerp_mode": "catmullrom"
						},
						"0.4583": {
							"post": [-4.8, 0, 0],
							"lerp_mode": "catmullrom"
						},
						"0.7083": {
							"post": [0.7, 0, 0],
							"lerp_mode": "catmullrom"
						},
						"1.0417": [0, 0, 0]
					}
				},
				"petal_right2_rotation": {
					"rotation": {
						"0.0417": [0, 0, 0],
						"0.1667": {
							"pre": [-7.4, 0, 0],
							"post": [-7.4, 0, 0],
							"lerp_mode": "catmullrom"
						},
						"0.4167": {
							"post": [4.8, 0, 0],
							"lerp_mode": "catmullrom"
						},
						"0.6667": {
							"post": [-0.7, 0, 0],
							"lerp_mode": "catmullrom"
						},
						"1.0": [0, 0, 0]
					}
				},
				"petal_right2_2": {
					"rotation": {
						"0.0417": [0, 0, 0],
						"0.2083": {
							"pre": [-7.4, 0, 0],
							"post": [-7.4, 0, 0],
							"lerp_mode": "catmullrom"
						},
						"0.4583": {
							"post": [4.8, 0, 0],
							"lerp_mode": "catmullrom"
						},
						"0.7083": {
							"post": [-0.7, 0, 0],
							"lerp_mode": "catmullrom"
						},
						"1.0417": [0, 0, 0]
					}
				},
				"stem_back": {
					"rotation": {
						"0.0833": [0, 0, 0],
						"0.2083": {
							"pre": [-7.4, 0, 0],
							"post": [-7.4, 0, 0],
							"lerp_mode": "catmullrom"
						},
						"0.4583": {
							"post": [4.8, 0, 0],
							"lerp_mode": "catmullrom"
						},
						"0.7083": {
							"post": [-0.7, 0, 0],
							"lerp_mode": "catmullrom"
						},
						"1.0417": [0, 0, 0]
					}
				},
				"stem_back2": {
					"rotation": {
						"0.1667": [0, 0, 0],
						"0.2917": {
							"pre": [-7.4, 0, 0],
							"post": [-7.4, 0, 0],
							"lerp_mode": "catmullrom"
						},
						"0.5417": {
							"post": [4.8, 0, 0],
							"lerp_mode": "catmullrom"
						},
						"0.7917": {
							"post": [-0.7, 0, 0],
							"lerp_mode": "catmullrom"
						},
						"1.125": [0, 0, 0]
					}
				},
				"stem_back3": {
					"rotation": {
						"0.25": [0, 0, 0],
						"0.375": {
							"pre": [-7.4, 0, 0],
							"post": [-7.4, 0, 0],
							"lerp_mode": "catmullrom"
						},
						"0.625": {
							"post": [4.8, 0, 0],
							"lerp_mode": "catmullrom"
						},
						"0.875": {
							"post": [-0.7, 0, 0],
							"lerp_mode": "catmullrom"
						},
						"1.2083": [0, 0, 0]
					}
				},
				"stem_left": {
					"rotation": {
						"0.0833": [0, 0, 0],
						"0.2083": {
							"pre": [7.4, 0, 0],
							"post": [7.4, 0, 0],
							"lerp_mode": "catmullrom"
						},
						"0.4583": {
							"post": [-4.8, 0, 0],
							"lerp_mode": "catmullrom"
						},
						"0.7083": {
							"post": [0.7, 0, 0],
							"lerp_mode": "catmullrom"
						},
						"1.0417": [0, 0, 0]
					}
				},
				"stem_left2": {
					"rotation": {
						"0.1667": [0, 0, 0],
						"0.2917": {
							"pre": [7.4, 0, 0],
							"post": [7.4, 0, 0],
							"lerp_mode": "catmullrom"
						},
						"0.5417": {
							"post": [-4.8, 0, 0],
							"lerp_mode": "catmullrom"
						},
						"0.7917": {
							"post": [0.7, 0, 0],
							"lerp_mode": "catmullrom"
						},
						"1.125": [0, 0, 0]
					}
				},
				"stem_left3": {
					"rotation": {
						"0.25": [0, 0, 0],
						"0.375": {
							"pre": [7.4, 0, 0],
							"post": [7.4, 0, 0],
							"lerp_mode": "catmullrom"
						},
						"0.625": {
							"post": [-4.8, 0, 0],
							"lerp_mode": "catmullrom"
						},
						"0.875": {
							"post": [0.7, 0, 0],
							"lerp_mode": "catmullrom"
						},
						"1.2083": [0, 0, 0]
					}
				},
				"stem_right": {
					"rotation": {
						"0.0833": [0, 0, 0],
						"0.2083": {
							"pre": [7.4, 0, 0],
							"post": [7.4, 0, 0],
							"lerp_mode": "catmullrom"
						},
						"0.4583": {
							"post": [-4.8, 0, 0],
							"lerp_mode": "catmullrom"
						},
						"0.7083": {
							"post": [0.7, 0, 0],
							"lerp_mode": "catmullrom"
						},
						"1.0417": [0, 0, 0]
					}
				},
				"stem_right2": {
					"rotation": {
						"0.1667": [0, 0, 0],
						"0.2917": {
							"pre": [7.4, 0, 0],
							"post": [7.4, 0, 0],
							"lerp_mode": "catmullrom"
						},
						"0.5417": {
							"post": [-4.8, 0, 0],
							"lerp_mode": "catmullrom"
						},
						"0.7917": {
							"post": [0.7, 0, 0],
							"lerp_mode": "catmullrom"
						},
						"1.125": [0, 0, 0]
					}
				},
				"stem_right3": {
					"rotation": {
						"0.25": [0, 0, 0],
						"0.375": {
							"pre": [7.4, 0, 0],
							"post": [7.4, 0, 0],
							"lerp_mode": "catmullrom"
						},
						"0.625": {
							"post": [-4.8, 0, 0],
							"lerp_mode": "catmullrom"
						},
						"0.875": {
							"post": [0.7, 0, 0],
							"lerp_mode": "catmullrom"
						},
						"1.2083": [0, 0, 0]
					}
				},
				"leaf": {
					"rotation": {
						"0.0417": [0, 0, 0],
						"0.1667": {
							"pre": [0, 0, -7.5],
							"post": [0, 0, -7.5],
							"lerp_mode": "catmullrom"
						},
						"0.4167": {
							"post": [0, 0, 5],
							"lerp_mode": "catmullrom"
						},
						"0.6667": {
							"post": [0, 0, -0.5],
							"lerp_mode": "catmullrom"
						},
						"1.0": [0, 0, 0]
					}
				},
				"leaf2": {
					"rotation": {
						"0.0833": [0, 0, 0],
						"0.25": {
							"pre": [0, 0, -9.775],
							"post": [0, 0, -9.775],
							"lerp_mode": "catmullrom"
						},
						"0.5": {
							"post": [0, 0, 7.8],
							"lerp_mode": "catmullrom"
						},
						"0.75": {
							"post": [0, 0, -6.775],
							"lerp_mode": "catmullrom"
						},
						"1.0833": {
							"post": [0, 0, 0],
							"lerp_mode": "catmullrom"
						},
						"1.25": [0, 0, 0]
					}
				},
				"root5": {
					"rotation": {
						"0.0": [0, 0, 0],
						"0.0833": {
							"pre": [-5.93, 0, 0],
							"post": [-5.93, 0, 0],
							"lerp_mode": "catmullrom"
						},
						"0.2083": {
							"post": [1.5, 0, 0],
							"lerp_mode": "catmullrom"
						},
						"0.3333": {
							"post": [-1.725, 0, 0],
							"lerp_mode": "catmullrom"
						},
						"0.4583": {
							"post": [-2.975, 0, 0],
							"lerp_mode": "catmullrom"
						},
						"0.625": {
							"post": [2.725, 0, 0],
							"lerp_mode": "catmullrom"
						},
						"0.75": {
							"post": [0.75, 0, 0],
							"lerp_mode": "catmullrom"
						},
						"0.875": {
							"post": [2.45, 0, 0],
							"lerp_mode": "catmullrom"
						},
						"1.0": {
							"post": [0.975, 0, 0],
							"lerp_mode": "catmullrom"
						},
						"1.125": {
							"post": [2.075, 0, 0],
							"lerp_mode": "catmullrom"
						},
						"1.25": {
							"post": [1.125, 0, 0],
							"lerp_mode": "catmullrom"
						},
						"1.375": {
							"post": [2.075, 0, 0],
							"lerp_mode": "catmullrom"
						},
						"1.5": {
							"post": [1.175, 0, 0],
							"lerp_mode": "catmullrom"
						},
						"2.0": {
							"post": [0, 0, 0],
							"lerp_mode": "catmullrom"
						},
						"2.5": [0, 0, 0]
					}
				},
				"root6": {
					"rotation": {
						"0.0": [0, 0, 0],
						"0.1667": {
							"pre": [-5.93, 0, 0],
							"post": [-5.93, 0, 0],
							"lerp_mode": "catmullrom"
						},
						"0.2917": {
							"post": [1.25, 0, 0],
							"lerp_mode": "catmullrom"
						},
						"0.4167": {
							"post": [-1.725, 0, 0],
							"lerp_mode": "catmullrom"
						},
						"0.5417": {
							"post": [-2.975, 0, 0],
							"lerp_mode": "catmullrom"
						},
						"0.7083": {
							"post": [2.725, 0, 0],
							"lerp_mode": "catmullrom"
						},
						"0.8333": {
							"post": [0.75, 0, 0],
							"lerp_mode": "catmullrom"
						},
						"0.9583": {
							"post": [2.45, 0, 0],
							"lerp_mode": "catmullrom"
						},
						"1.0833": {
							"post": [0.975, 0, 0],
							"lerp_mode": "catmullrom"
						},
						"1.2083": {
							"post": [2.075, 0, 0],
							"lerp_mode": "catmullrom"
						},
						"1.3333": {
							"post": [1.125, 0, 0],
							"lerp_mode": "catmullrom"
						},
						"1.4583": {
							"post": [2.075, 0, 0],
							"lerp_mode": "catmullrom"
						},
						"1.5833": {
							"post": [1.175, 0, 0],
							"lerp_mode": "catmullrom"
						},
						"2.0833": {
							"post": [0, 0, 0],
							"lerp_mode": "catmullrom"
						},
						"2.5": [0, 0, 0]
					}
				},
				"mouth_open_o": {
					"position": {
						"0.0": [0, 0, 0],
						"0.0417": {"pre": [0, 0, 0], "post": [0, 0, -0.1]},
						"0.125": {"pre": [0, 0, -0.1], "post": [0, 0, 0]}
					}
				}
			},
			"sound_effects": {
				"0.0417": {
					"effect": "pokemon.floette.cry"
				}
			}
		},
		"animation.alloette.blink": {
			"animation_length": 0.1667,
			"bones": {
				"eyelid_left": {
					"position": {
						"0.0": [0, 0, -0.1],
						"0.125": [0, 0, -0.1],
						"0.1667": [0, 0, 0]
					}
				},
				"eyelid_right": {
					"position": {
						"0.0": [0, 0, -0.1],
						"0.125": [0, 0, -0.1],
						"0.1667": [0, 0, 0]
					}
				}
			}
		},
		"animation.alloette.recoil": {
			"animation_length": 1.5,
			"bones": {
				"body": {
					"rotation": {
						"0.0": [0, 0, 0],
						"0.0417": [-9.5, 0, 0],
						"0.625": {
							"pre": [0.6, 0, 0],
							"post": [0.6, 0, 0],
							"lerp_mode": "catmullrom"
						},
						"1.0833": {
							"post": [0, 0, 0],
							"lerp_mode": "catmullrom"
						},
						"1.5": [0, 0, 0]
					},
					"position": {
						"0.0": [0, 0, 0],
						"0.0417": [0, 0, 3.2],
						"0.5833": {
							"pre": [0, 0, 0.075],
							"post": [0, 0, 0.075],
							"lerp_mode": "catmullrom"
						},
						"1.0417": {
							"post": [0, 0, 0],
							"lerp_mode": "catmullrom"
						},
						"1.5": [0, 0, 0]
					}
				},
				"neck": {
					"rotation": {
						"0.0": [0, 0, 0],
						"0.0417": [-5, 0, 0],
						"0.7083": {
							"pre": [2, 0, 0],
							"post": [2, 0, 0],
							"lerp_mode": "catmullrom"
						},
						"1.1667": {
							"post": [0, 0, 0],
							"lerp_mode": "catmullrom"
						},
						"1.5": [0, 0, 0]
					}
				},
				"head": {
					"rotation": {
						"0.0": [0, 0, 0],
						"0.0417": [-5, 0, 0],
						"0.7917": {
							"pre": [1.8, 0, 0],
							"post": [1.8, 0, 0],
							"lerp_mode": "catmullrom"
						},
						"1.25": {
							"post": [0, 0, 0],
							"lerp_mode": "catmullrom"
						},
						"1.5": [0, 0, 0]
					}
				},
				"eyelash_left": {
					"rotation": {
						"0.0": [0, 0, 0],
						"0.0417": [9.25, 0, 0],
						"0.375": {
							"pre": [-4.6, 0, 0],
							"post": [-4.6, 0, 0],
							"lerp_mode": "catmullrom"
						},
						"0.9583": {
							"post": [0, 0, 0],
							"lerp_mode": "catmullrom"
						},
						"1.5": [0, 0, 0]
					}
				},
				"eyelash_left2": {
					"rotation": {
						"0.0": [0, 0, 0],
						"0.0417": [9.25, 0, 0],
						"0.4583": {
							"pre": [-7.35, 0, 0],
							"post": [-7.35, 0, 0],
							"lerp_mode": "catmullrom"
						},
						"1.0417": {
							"post": [0, 0, 0],
							"lerp_mode": "catmullrom"
						},
						"1.5": [0, 0, 0]
					}
				},
				"eyelash_left3": {
					"rotation": {
						"0.0": [0, 0, 0],
						"0.0417": [9.25, 0, 0],
						"0.5417": {
							"pre": [-23.49, 0, 0],
							"post": [-23.49, 0, 0],
							"lerp_mode": "catmullrom"
						},
						"1.125": {
							"post": [0, 0, 0],
							"lerp_mode": "catmullrom"
						},
						"1.5": [0, 0, 0]
					}
				},
				"eyelid_left": {
					"position": {
						"0.0": [0, 0, -0.1],
						"0.1667": {"pre": [0, 0, -0.1], "post": [0, 0, 0]},
						"0.5": {"pre": [0, 0, 0], "post": [0, 0, -0.1]},
						"0.5833": {"pre": [0, 0, -0.1], "post": [0, 0, 0]}
					}
				},
				"eyelash_right": {
					"rotation": {
						"0.0": [0, 0, 0],
						"0.0417": [9.25, 0, 0],
						"0.375": {
							"pre": [-4.6, 0, 0],
							"post": [-4.6, 0, 0],
							"lerp_mode": "catmullrom"
						},
						"0.9583": {
							"post": [0, 0, 0],
							"lerp_mode": "catmullrom"
						},
						"1.5": [0, 0, 0]
					}
				},
				"eyelash_right2": {
					"rotation": {
						"0.0": [0, 0, 0],
						"0.0417": [9.25, 0, 0],
						"0.4583": {
							"pre": [-7.35, 0, 0],
							"post": [-7.35, 0, 0],
							"lerp_mode": "catmullrom"
						},
						"1.0417": {
							"post": [0, 0, 0],
							"lerp_mode": "catmullrom"
						},
						"1.5": [0, 0, 0]
					}
				},
				"eyelash_right3": {
					"rotation": {
						"0.0": [0, 0, 0],
						"0.0417": [9.25, 0, 0],
						"0.5417": {
							"pre": [-23.49, 0, 0],
							"post": [-23.49, 0, 0],
							"lerp_mode": "catmullrom"
						},
						"1.125": {
							"post": [0, 0, 0],
							"lerp_mode": "catmullrom"
						},
						"1.5": [0, 0, 0]
					}
				},
				"eyelid_right": {
					"position": {
						"0.0": [0, 0, -0.1],
						"0.1667": {"pre": [0, 0, -0.1], "post": [0, 0, 0]},
						"0.5": {"pre": [0, 0, 0], "post": [0, 0, -0.1]},
						"0.5833": {"pre": [0, 0, -0.1], "post": [0, 0, 0]}
					}
				},
				"ear_left": {
					"rotation": {
						"0.0": [0, 0, 0],
						"0.0833": [0, 15.25, 0],
						"0.625": {
							"pre": [0, 1.25, 0],
							"post": [0, 1.25, 0],
							"lerp_mode": "catmullrom"
						},
						"0.9583": {
							"post": [0, -3, 0],
							"lerp_mode": "catmullrom"
						},
						"1.5": [0, 0, 0]
					}
				},
				"ear_left2": {
					"rotation": {
						"0.0": [0, 0, 0],
						"0.1667": [0, 13, 0],
						"0.7083": {
							"pre": [0, 1.25, 0],
							"post": [0, 1.25, 0],
							"lerp_mode": "catmullrom"
						},
						"1.0417": {
							"post": [0, 0, 0],
							"lerp_mode": "catmullrom"
						},
						"1.5": [0, 0, 0]
					}
				},
				"ear_right": {
					"rotation": {
						"0.0": [0, 0, 0],
						"0.0833": [0, -15.25, 0],
						"0.625": {
							"pre": [0, -1.25, 0],
							"post": [0, -1.25, 0],
							"lerp_mode": "catmullrom"
						},
						"0.9583": {
							"post": [0, 3, 0],
							"lerp_mode": "catmullrom"
						},
						"1.5": [0, 0, 0]
					}
				},
				"ear_right2": {
					"rotation": {
						"0.0": [0, 0, 0],
						"0.1667": [0, -13, 0],
						"0.7083": {
							"pre": [0, -1.25, 0],
							"post": [0, -1.25, 0],
							"lerp_mode": "catmullrom"
						},
						"1.0417": {
							"post": [0, 0, 0],
							"lerp_mode": "catmullrom"
						},
						"1.5": [0, 0, 0]
					}
				},
				"tail": {
					"rotation": {
						"0.0": [0, 0, 0],
						"0.0833": [-9.5, 0, 0],
						"0.7083": {
							"pre": [1.2, 0, 0],
							"post": [1.2, 0, 0],
							"lerp_mode": "catmullrom"
						},
						"1.1667": {
							"post": [0, 0, 0],
							"lerp_mode": "catmullrom"
						},
						"1.5": [0, 0, 0]
					}
				},
				"tail2": {
					"rotation": {
						"0.0": [0, 0, 0],
						"0.125": [-9.5, 0, 0],
						"0.7917": {
							"pre": [1.2, 0, 0],
							"post": [1.2, 0, 0],
							"lerp_mode": "catmullrom"
						},
						"1.25": {
							"post": [0, 0, 0],
							"lerp_mode": "catmullrom"
						},
						"1.5": [0, 0, 0]
					}
				},
				"tail_end": {
					"rotation": {
						"0.0": [0, 0, 0],
						"0.1667": [-9.5, 0, 0],
						"0.875": {
							"pre": [1.2, 0, 0],
							"post": [1.2, 0, 0],
							"lerp_mode": "catmullrom"
						},
						"1.3333": {
							"post": [0, 0, 0],
							"lerp_mode": "catmullrom"
						},
						"1.5": [0, 0, 0]
					}
				},
				"flower": {
					"rotation": {
						"0.0": [0, 0, 0],
						"0.0417": [-9.5, 0, 0],
						"0.625": {
							"pre": [0.6, 0, 0],
							"post": [0.6, 0, 0],
							"lerp_mode": "catmullrom"
						},
						"1.0833": {
							"post": [0, 0, 0],
							"lerp_mode": "catmullrom"
						},
						"1.5": [0, 0, 0]
					},
					"position": {
						"0.0": [0, 0, 0],
						"0.0417": [-0.81, -1.13, 4.345],
						"0.5833": {
							"pre": [0, 0.25, 0.075],
							"post": [0, 0.25, 0.075],
							"lerp_mode": "catmullrom"
						},
						"1.0417": {
							"post": [0, 0.3, 0],
							"lerp_mode": "catmullrom"
						},
						"1.5": [0, 0, 0]
					}
				},
				"petal_back_rotation": {
					"rotation": {
						"0.0": [0, 0, 0],
						"0.0833": [-4.5, 0, 0],
						"0.625": {
							"pre": [5.25, 0, 0],
							"post": [5.25, 0, 0],
							"lerp_mode": "catmullrom"
						},
						"1.125": {
							"post": [0, 0, 0],
							"lerp_mode": "catmullrom"
						},
						"1.5": [0, 0, 0]
					}
				},
				"petal_front2": {
					"rotation": {
						"0.0": [0, 0, 0],
						"0.125": [-24.5, 0, 0],
						"0.75": {
							"pre": [6.75, 0, 0],
							"post": [6.75, 0, 0],
							"lerp_mode": "catmullrom"
						},
						"1.25": {
							"post": [0, 0, 0],
							"lerp_mode": "catmullrom"
						},
						"1.5": [0, 0, 0]
					}
				},
				"petal_left1_rotation": {
					"rotation": {
						"0.0": [0, 0, 0],
						"0.0833": [4.5, 0, 0],
						"0.625": {
							"pre": [-5.25, 0, 0],
							"post": [-5.25, 0, 0],
							"lerp_mode": "catmullrom"
						},
						"1.125": {
							"post": [0, 0, 0],
							"lerp_mode": "catmullrom"
						},
						"1.5": [0, 0, 0]
					}
				},
				"petal_left1_2": {
					"rotation": {
						"0.0": [0, 0, 0],
						"0.125": [24.5, 0, 0],
						"0.75": {
							"pre": [-6.75, 0, 0],
							"post": [-6.75, 0, 0],
							"lerp_mode": "catmullrom"
						},
						"1.25": {
							"post": [0, 0, 0],
							"lerp_mode": "catmullrom"
						},
						"1.5": [0, 0, 0]
					}
				},
				"petal_left2_rotation": {
					"rotation": {
						"0.0": [0, 0, 0],
						"0.0833": [-4.5, 0, 0],
						"0.625": {
							"pre": [5.25, 0, 0],
							"post": [5.25, 0, 0],
							"lerp_mode": "catmullrom"
						},
						"1.125": {
							"post": [0, 0, 0],
							"lerp_mode": "catmullrom"
						},
						"1.5": [0, 0, 0]
					}
				},
				"petal_left2_2": {
					"rotation": {
						"0.0": [0, 0, 0],
						"0.125": [-24.5, 0, 0],
						"0.75": {
							"pre": [6.75, 0, 0],
							"post": [6.75, 0, 0],
							"lerp_mode": "catmullrom"
						},
						"1.25": {
							"post": [0, 0, 0],
							"lerp_mode": "catmullrom"
						},
						"1.5": [0, 0, 0]
					}
				},
				"petal_right1_rotation": {
					"rotation": {
						"0.0": [0, 0, 0],
						"0.0833": [4.5, 0, 0],
						"0.625": {
							"pre": [-5.25, 0, 0],
							"post": [-5.25, 0, 0],
							"lerp_mode": "catmullrom"
						},
						"1.125": {
							"post": [0, 0, 0],
							"lerp_mode": "catmullrom"
						},
						"1.5": [0, 0, 0]
					}
				},
				"petal_right1_2": {
					"rotation": {
						"0.0": [0, 0, 0],
						"0.125": [24.5, 0, 0],
						"0.75": {
							"pre": [-6.75, 0, 0],
							"post": [-6.75, 0, 0],
							"lerp_mode": "catmullrom"
						},
						"1.25": {
							"post": [0, 0, 0],
							"lerp_mode": "catmullrom"
						},
						"1.5": [0, 0, 0]
					}
				},
				"petal_right2_rotation": {
					"rotation": {
						"0.0": [0, 0, 0],
						"0.0833": [-4.5, 0, 0],
						"0.625": {
							"pre": [5.25, 0, 0],
							"post": [5.25, 0, 0],
							"lerp_mode": "catmullrom"
						},
						"1.125": {
							"post": [0, 0, 0],
							"lerp_mode": "catmullrom"
						},
						"1.5": [0, 0, 0]
					}
				},
				"petal_right2_2": {
					"rotation": {
						"0.0": [0, 0, 0],
						"0.125": [-24.5, 0, 0],
						"0.75": {
							"pre": [6.75, 0, 0],
							"post": [6.75, 0, 0],
							"lerp_mode": "catmullrom"
						},
						"1.25": {
							"post": [0, 0, 0],
							"lerp_mode": "catmullrom"
						},
						"1.5": [0, 0, 0]
					}
				},
				"leaf": {
					"rotation": {
						"0.0": [0, 0, 0],
						"0.0417": [0, 0, -20.75],
						"0.5417": {
							"pre": [0, 0, 16.5],
							"post": [0, 0, 16.5],
							"lerp_mode": "catmullrom"
						},
						"1.0833": {
							"post": [0, 0, 0],
							"lerp_mode": "catmullrom"
						},
						"1.5": [0, 0, 0]
					}
				},
				"leaf2": {
					"rotation": {
						"0.0": [0, 0, 0],
						"0.0833": [0, 0, -20.75],
						"0.6667": {
							"pre": [0, 0, 16.5],
							"post": [0, 0, 16.5],
							"lerp_mode": "catmullrom"
						},
						"1.2083": {
							"post": [0, 0, 0],
							"lerp_mode": "catmullrom"
						},
						"1.5": [0, 0, 0]
					}
				},
				"root5": {
					"rotation": {
						"0.0": [0, 0, 0],
						"0.0833": [-5.25, 0, 0],
						"0.7083": {
							"pre": [2, 0, 0],
							"post": [2, 0, 0],
							"lerp_mode": "catmullrom"
						},
						"1.125": {
							"post": [0, 0, 0],
							"lerp_mode": "catmullrom"
						},
						"1.5": {
							"post": [0, 0, 0],
							"lerp_mode": "catmullrom"
						}
					}
				},
				"root6": {
					"rotation": {
						"0.0": [0, 0, 0],
						"0.125": [-7.75, 0, 0],
						"0.8333": {
							"pre": [2, 0, 0],
							"post": [2, 0, 0],
							"lerp_mode": "catmullrom"
						},
						"1.25": {
							"post": [0, 0, 0],
							"lerp_mode": "catmullrom"
						},
						"1.5": {
							"post": [0, 0, 0],
							"lerp_mode": "catmullrom"
						}
					}
				},
				"arm_left": {
					"rotation": {
						"0.0": [0, 0, 0],
						"0.0417": [0, 6.5, -8.5],
						"0.625": {
							"pre": [0, 0, 0],
							"post": [0, 0, 0],
							"lerp_mode": "catmullrom"
						},
						"1.0833": {
							"post": [0, 0, 0],
							"lerp_mode": "catmullrom"
						},
						"1.5": [0, 0, 0]
					},
					"position": {
						"0.0": [0, 0, 0],
						"0.0417": [0, 0, -0.575],
						"0.625": {
							"pre": [0, 0, 0],
							"post": [0, 0, 0],
							"lerp_mode": "catmullrom"
						},
						"1.0833": {
							"post": [0, 0, 0],
							"lerp_mode": "catmullrom"
						},
						"1.5": [0, 0, 0]
					}
				},
				"arm_right": {
					"rotation": {
						"0.0": [0, 0, 0],
						"0.0417": [0, 11.75, 0],
						"0.625": {
							"pre": [0, 0, 0],
							"post": [0, 0, 0],
							"lerp_mode": "catmullrom"
						},
						"1.0833": {
							"post": [0, 0, 0],
							"lerp_mode": "catmullrom"
						},
						"1.5": [0, 0, 0]
					}
				}
			}
		}
	}
}