{
	"format_version": "1.8.0",
	"animations": {
		"animation.clarissie.air_idle": {
			"loop": true,
			"bones": {
				"body": {
					"rotation": ["0-math.sin(q.anim_time*90*1-45)*1", 0, "0-math.sin(q.anim_time*90*1-45)*1"],
					"position": ["0+math.sin(q.anim_time*90*1-45)*1", "5+math.sin(q.anim_time*90*2-90)*2", 0]
				},
				"waist_fluff_east": {
					"rotation": [0, 0, "6-math.sin(q.anim_time*90*2-90)*6"]
				},
				"waist_fluff_west": {
					"rotation": [0, 0, "-6+math.sin(q.anim_time*90*2-90)*6"]
				},
				"waist_fluff_north": {
					"rotation": ["-6+math.sin(q.anim_time*90*2-90)*6", 0, 0]
				},
				"waist_fluff_south": {
					"rotation": ["6-math.sin(q.anim_time*90*2-90)*6", 0, 0]
				},
				"torso": {
					"rotation": ["0+math.sin(q.anim_time*90*1-45)*1", 0, "0+math.sin(q.anim_time*90*1-45)*4"]
				},
				"torso2": {
					"rotation": ["0+math.sin(q.anim_time*90*1-45)*1", 0, "0+math.sin(q.anim_time*90*1-45)*2"]
				},
				"arm_right": {
					"rotation": [15, -15, "-40+math.sin(q.anim_time*90*2-90)*4"]
				},
				"elbow_right": {
					"rotation": [10, -10, "25+math.sin(q.anim_time*90*2-90)*3"]
				},
				"hand_right": {
					"rotation": [0, 0, "12.5+math.sin(q.anim_time*90*2-90)*2"]
				},
				"arm_left": {
					"rotation": [15, 15, "40-math.sin(q.anim_time*90*2-90)*4"]
				},
				"elbow_left": {
					"rotation": [10, 10, "-25-math.sin(q.anim_time*90*2-90)*3"]
				},
				"hand_left": {
					"rotation": [0, 0, "-12.5-math.sin(q.anim_time*90*2-90)*2"]
				},
				"neck_fluff_back": {
					"rotation": ["-10-math.sin(q.anim_time*90*2-90)*6", 0, 0]
				},
				"neck_fluff_left": {
					"rotation": [0, 0, "10+math.sin(q.anim_time*90*2-90)*6"]
				},
				"neck_fluff_right": {
					"rotation": [0, 0, "-10-math.sin(q.anim_time*90*2-90)*6"]
				},
				"head": {
					"rotation": [0, 0, "0+math.sin(q.anim_time*90*1-45)*2"]
				},
				"bangs_right": {
					"rotation": ["-5-math.sin(q.anim_time*90*2-90)*2", 0, "0-math.sin(q.anim_time*90*1-45)*3"]
				},
				"bangs_left": {
					"rotation": ["-5-math.sin(q.anim_time*90*2-90)*2", 0, "0-math.sin(q.anim_time*90*1-45)*3"]
				},
				"ear_left": {
					"rotation": [0, 0, "0-math.sin(q.anim_time*90*2-90)*3"]
				},
				"ear_right": {
					"rotation": [0, 0, "0+math.sin(q.anim_time*90*2-90)*3"]
				}
			}
		},
		"animation.clarissie.air_walk": {
			"loop": true,
			"bones": {
				"body": {
					"rotation": ["65.9458-math.sin(q.anim_time*90*2-45)*1", 19.27399, "-41.9942-math.sin(q.anim_time*90*2-45)*1"],
					"position": ["0+math.sin(q.anim_time*90*1-90)*1", "4+math.sin(q.anim_time*90*2-90)*2", 0]
				},
				"waist_fluff_east": {
					"rotation": [0, 0, "6-math.sin(q.anim_time*90*4-90)*6"]
				},
				"waist_fluff_west": {
					"rotation": [0, 0, "-6+math.sin(q.anim_time*90*4-90)*6"]
				},
				"waist_fluff_north": {
					"rotation": ["-6+math.sin(q.anim_time*90*4-90)*6", 0, 0]
				},
				"waist_fluff_south": {
					"rotation": ["6-math.sin(q.anim_time*90*4-90)*6", 0, 0]
				},
				"torso": {
					"rotation": ["-10+math.sin(q.anim_time*90*1-90)*1", 0, "math.sin(q.anim_time*90*1-90)*4"]
				},
				"torso2": {
					"rotation": ["-12.5+math.sin(q.anim_time*90*1-90)*1", 0, "-math.sin(q.anim_time*90*1-90)*4"]
				},
				"arm_right": {
					"rotation": [-28, 8, -30]
				},
				"elbow_right": {
					"rotation": [75, -15, -90]
				},
				"hand_right": {
					"rotation": [-10, 30, -26.5]
				},
				"arm_left": {
					"rotation": [-28, -8, 30]
				},
				"elbow_left": {
					"rotation": [75, 15, 90]
				},
				"hand_left": {
					"rotation": [-10, -30, 26.5]
				},
				"neck_fluff_back": {
					"rotation": ["-10-math.sin(q.anim_time*90*4-90)*6", 0, 0]
				},
				"neck_fluff_left": {
					"rotation": [0, 0, "10+math.sin(q.anim_time*90*4-90)*6"]
				},
				"neck_fluff_right": {
					"rotation": [0, 0, "-10-math.sin(q.anim_time*90*4-90)*6"]
				},
				"head": {
					"rotation": [-15, 0, "math.sin(q.anim_time*90*1-90)*2"]
				},
				"bangs_right": {
					"rotation": ["-5-math.sin(q.anim_time*90*4-90)*2", 0, "0-math.sin(q.anim_time*90*2-45)*3"]
				},
				"bangs_left": {
					"rotation": ["-5-math.sin(q.anim_time*90*4-90)*2", 0, "0-math.sin(q.anim_time*90*2-45)*3"]
				},
				"ear_left": {
					"rotation": [0, 0, "0-math.sin(q.anim_time*90*4-90)*3"]
				},
				"ear_right": {
					"rotation": [0, 0, "0+math.sin(q.anim_time*90*4-90)*3"]
				}
			}
		},
		"animation.clarissie.blink": {
			"animation_length": 0.1667,
			"bones": {
				"eyelid_left": {
					"position": {
						"0.0": [0, 0, -0.1],
						"0.125": [0, 0, -0.1],
						"0.1667": [0, 0, 0]
					}
				},
				"eyelid_right": {
					"position": {
						"0.0": [0, 0, -0.1],
						"0.125": [0, 0, -0.1],
						"0.1667": [0, 0, 0]
					}
				}
			}
		},
		"animation.clarissie.cry": {
			"animation_length": 1.2083,
			"bones": {
				"arm_right": {
					"rotation": {
						"0.0": [0, 0, 0],
						"0.125": [0, 0, -12.5],
						"0.25": [0, 0, -20],
						"0.5": [0, 0, 7.5],
						"1.0": [0, 0, 10],
						"1.2083": [0, 0, 0]
					}
				},
				"arm_left": {
					"rotation": {
						"0.0": [0, 0, 0],
						"0.125": [0, 0, 12.5],
						"0.25": [0, 0, 20],
						"0.5": [0, 0, -7.5],
						"1.0": [0, 0, -10],
						"1.2083": [0, 0, 0]
					}
				},
				"head": {
					"rotation": {
						"0.0": [0, 0, 0],
						"0.125": [20, 0, 0],
						"0.25": [10, 0, 0],
						"0.5": [-12.5, 0, 0],
						"1.0": [-15, 0, 0],
						"1.2083": [0, 0, 0]
					}
				},
				"mouth_closed": {
					"position": {
						"0.2917": [0, 0, 0],
						"0.3333": [0, 0, 0.1],
						"1.0": [0, 0, 0.1],
						"1.0417": [0, 0, 0]
					}
				},
				"mouth_open": {
					"position": {
						"0.2917": [0, 0, 0],
						"0.3333": [0, 0, -0.1],
						"1.0": [0, 0, -0.1],
						"1.0417": [0, 0, 0]
					}
				},
				"eyelid_left": {
					"position": {
						"0.0417": [0, 0, 0],
						"0.0833": [0, 0, -0.1],
						"0.2917": [0, 0, -0.1],
						"0.3333": [0, 0, 0]
					}
				},
				"eyelid_right": {
					"position": {
						"0.0417": [0, 0, 0],
						"0.0833": [0, 0, -0.1],
						"0.2917": [0, 0, -0.1],
						"0.3333": [0, 0, 0]
					}
				}
			}
		}
	}
}