{
	"format_version": "1.8.0",
	"animations": {
		"animation.djinnferno.ground_idle": {
			"loop": true,
			"bones": {
				"torso": {
					"rotation": [-10, 0, 0]
				},
				"flame": {
					"rotation": ["0+math.cos(query.anim_time*90*2)*5", "-(query.anim_time)*160", "0+math.cos(query.anim_time*90*2)*5"],
					"scale": ["1.4+math.cos(query.anim_time*90*2)*0.1", 1, "1.4+math.cos(query.anim_time*90*2)*0.1"]
				},
				"body": {
					"position": [0, "-2+math.sin(q.anim_time*90*1)*2", 0]
				},
				"body_torso": {
					"rotation": [-7.5, 0, 0]
				},
				"body_shoulder_right": {
					"rotation": ["17-math.sin(q.anim_time*90*1)*4", -2, "15+math.sin(q.anim_time*90*1)*4"]
				},
				"body_arm_right": {
					"rotation": [-5, 0, -7.5]
				},
				"body_elbow_right": {
					"rotation": [-15, 0, "-10-math.sin(q.anim_time*90*1)*6"]
				},
				"body_hand_right": {
					"rotation": [5, -17, -16]
				},
				"body_waist": {
					"rotation": [7.5, 0, 0]
				},
				"body_tail": {
					"rotation": ["17.5-math.sin(q.anim_time*90*1)*10", 0, 0]
				},
				"body_tail2": {
					"rotation": ["20-math.sin(q.anim_time*90*1)*10", 0, 0]
				},
				"body_tail3": {
					"rotation": ["27.5-math.sin(q.anim_time*90*1)*10", 0, 0]
				},
				"body_shoulder_left": {
					"rotation": ["17-math.sin(q.anim_time*90*1)*4", 2, "-15-math.sin(q.anim_time*90*1)*4"]
				},
				"body_arm_left": {
					"rotation": [-5, 0, 7.5]
				},
				"body_elbow_left": {
					"rotation": [-15, 0, "10+math.sin(q.anim_time*90*1)*6"]
				},
				"body_hand_left": {
					"rotation": [5, 17, 16]
				}
			}
		},
		"animation.djinnferno.ground_walk": {
			"loop": true,
			"bones": {
				"torso": {
					"rotation": [-10, 0, 0]
				},
				"flame": {
					"rotation": ["0+math.cos(query.anim_time*90*2)*5", "-(query.anim_time)*160", "0+math.cos(query.anim_time*90*2)*5"],
					"scale": ["1.4+math.cos(query.anim_time*90*2)*0.1", 1, "1.4+math.cos(query.anim_time*90*2)*0.1"]
				},
				"body": {
					"position": [0, "-2+math.sin(q.anim_time*90*3)*2", 0]
				},
				"body_torso": {
					"rotation": [-7.5, "0-math.sin(q.anim_time*90*1.5)*20", 0]
				},
				"body_shoulder_right": {
					"rotation": ["17-math.sin(q.anim_time*90*1.5)*20", -2, "15+math.sin(q.anim_time*90*1.5)*4"]
				},
				"body_arm_right": {
					"rotation": [-5, 0, -7.5]
				},
				"body_elbow_right": {
					"rotation": [-15, 0, "-10-math.sin(q.anim_time*90*1.5)*6"]
				},
				"body_hand_right": {
					"rotation": [5, -17, -16]
				},
				"body_waist": {
					"rotation": [7.5, "0+math.sin(q.anim_time*90*1.5)*5", 0]
				},
				"body_tail": {
					"rotation": ["17.5-math.sin(q.anim_time*90*3)*10", "0+math.sin(q.anim_time*90*1.5)*10", 0]
				},
				"body_tail2": {
					"rotation": ["20-math.sin(q.anim_time*90*3)*10", 0, 0]
				},
				"body_tail3": {
					"rotation": ["27.5-math.sin(q.anim_time*90*3)*10", 0, 0]
				},
				"body_shoulder_left": {
					"rotation": ["17+math.sin(q.anim_time*90*1.5)*20", 2, "-15-math.sin(q.anim_time*90*1.5)*4"]
				},
				"body_arm_left": {
					"rotation": [-5, 0, 7.5]
				},
				"body_elbow_left": {
					"rotation": [-15, 0, "10+math.sin(q.anim_time*90*1.5)*6"]
				},
				"body_hand_left": {
					"rotation": [5, 17, 16]
				}
			}
		},
		"animation.djinnferno.sleep": {
			"loop": true,
			"bones": {
				"torso": {
					"rotation": [32.5, 0, 0]
				},
				"leg_left": {
					"rotation": [0, -7.5, 0]
				},
				"leg_right": {
					"rotation": [0, 7.5, 0]
				},
				"arm_left": {
					"rotation": [-0.88528, 5.00129, "78.6469+(math.sin(q.anim_time*90*2)*0.6)"],
					"position": [-1.5, 6, 0]
				},
				"arm_right": {
					"rotation": [-0.88528, -5.00129, "-78.6471-(math.sin(q.anim_time*90*2)*0.6)"],
					"position": [1.5, 6, 0]
				},
				"eyes": {
					"position": [0, 0, 1]
				},
				"flame": {
					"rotation": ["0+math.cos(query.anim_time*90*1)*5", "-(query.anim_time)*80", "0+math.cos(query.anim_time*90*1)*5"],
					"scale": ["1.1+math.cos(query.anim_time*90*1)*0.1", 1, "1.1+math.cos(query.anim_time*90*1)*0.1"]
				},
				"body": {
					"position": [0, "-2+math.sin(q.anim_time*90*0.5)*1", 0]
				},
				"body_torso": {
					"rotation": [15, 0, 0]
				},
				"body_shoulder_right": {
					"rotation": [-3, -11, 7]
				},
				"body_elbow_right": {
					"rotation": [-10, -2, -10]
				},
				"body_waist": {
					"rotation": [-12.5, 0, 0]
				},
				"body_tail": {
					"rotation": [-7.5, 0, 0]
				},
				"body_tail2": {
					"rotation": [22.5, 0, 0]
				},
				"body_tail3": {
					"rotation": [25, 0, 0]
				},
				"body_shoulder_left": {
					"rotation": [-3, 11, -7]
				},
				"body_elbow_left": {
					"rotation": [-10, 2, 10]
				}
			}
		},
		"animation.djinnferno.faint": {
			"animation_length": 3,
			"bones": {
				"torso": {
					"rotation": {
						"0.0": [-10, 0, 0],
						"0.25": [-17.5, 0, 0],
						"0.4583": [-5, 0, 0],
						"0.75": [-15, 0, 0],
						"1.0": [0, 0, 0],
						"2.0": [0, 0, 0],
						"2.25": [0, 0, 90]
					},
					"position": {
						"0.0": [0, 0, 0],
						"0.25": [0, 7, 0],
						"0.4583": [0, 7, 0],
						"0.75": [0, -25, 0],
						"1.0": [0, -38, 0],
						"1.0833": [0, -39, 0],
						"1.125": [0, -40, 0],
						"1.1667": [0, -39, 0],
						"1.2083": [0, -40, 0],
						"1.25": [0, -39, 0],
						"2.0": [0, -39, 0],
						"2.25": [7, -36, 0]
					}
				},
				"flame": {
					"rotation": [0, 0, 0],
					"scale": {
						"0.0": [1.4, 1, 1.4],
						"0.25": [1.4, 1, 1.4],
						"0.4583": [2.7, 1, 0]
					}
				},
				"body": {
					"position": [0, -2, 0]
				},
				"eye_right": {
					"scale": {
						"0.25": [1, 1, 1],
						"0.4583": [1, 0, 1]
					}
				},
				"eye_left": {
					"scale": {
						"0.25": [1, 1, 1],
						"0.4583": [1, 0, 1]
					}
				},
				"body_torso": {
					"rotation": [-7.5, 0, 0],
					"scale": {
						"0.0": [1, 1, 1],
						"0.125": [0, 1, 0]
					}
				},
				"body_shoulder_right": {
					"rotation": [17, -2, 15]
				},
				"body_arm_right": {
					"rotation": [-5, 0, -7.5]
				},
				"body_elbow_right": {
					"rotation": [-15, 0, -10]
				},
				"body_hand_right": {
					"rotation": [5, -17, -16]
				},
				"body_waist": {
					"rotation": [7.5, 0, 0]
				},
				"body_tail": {
					"rotation": [17.5, 0, 0]
				},
				"body_tail2": {
					"rotation": [20, 0, 0]
				},
				"body_tail3": {
					"rotation": [27.5, 0, 0]
				},
				"body_shoulder_left": {
					"rotation": [17, 2, -15]
				},
				"body_arm_left": {
					"rotation": [-5, 0, 7.5]
				},
				"body_elbow_left": {
					"rotation": [-15, 0, 10]
				},
				"body_hand_left": {
					"rotation": [5, 17, 16]
				}
			}
		},
		"animation.djinnferno.physical": {
			"animation_length": 3,
			"bones": {
				"torso": {
					"rotation": {
						"0.0": [-10, 0, 0],
						"0.25": [7.5, 0, 0],
						"0.75": [0, -12.5, 12.5],
						"1.0": [2.81076, -17.19321, -0.54415],
						"1.125": [3.09454, -4.45488, -4.9436],
						"1.25": [22.19673, 1.89919, 5.80252],
						"1.5": [21.79452, 4.71168, -1.16248],
						"2.0": [21.5797, 5.63388, -3.49255],
						"2.25": [21.96219, 3.77837, 1.16633],
						"3.0": [-10, 0, 0]
					},
					"position": {
						"0.0": [0, 0, 0],
						"3.0": [0, 0, 0]
					}
				},
				"flame": {
					"rotation": {
						"0.0": [0, 0, 0],
						"3.0": [0, 0, 0]
					},
					"scale": {
						"0.0": [1.4, 1, 1.4],
						"3.0": [1.4, 1, 1.4]
					}
				},
				"body": {
					"position": {
						"0.0": [0, -2, 0],
						"0.25": [0, -2, -7],
						"0.75": [0, -2, 2.27],
						"1.0": [0, -2, 16.02],
						"1.0417": [0, -2, 18.69],
						"1.25": [0, -2, -25.3],
						"2.0": [0, -2, -27.3],
						"3.0": [0, -2, 0]
					}
				},
				"body_torso": {
					"rotation": {
						"0.0": [-7.5, 0, 0],
						"0.25": [0, -12.5, 0],
						"0.75": [-7.21068, -47.31959, 4.22896],
						"1.0": [-9.70585, -59.6876, 7.31449],
						"1.125": [37.61881, -0.04607, -1.08089],
						"1.25": [57.38956, 37.72472, 46.28312],
						"1.5": [55.81439, 36.34831, 43.66843],
						"2.0": [57.3852, 37.72657, 46.28462],
						"2.25": [50.52809, 30.3393, 34.08963],
						"3.0": [-7.5, 0, 0]
					},
					"scale": {
						"0.0": [1, 1, 1],
						"3.0": [1, 1, 1]
					}
				},
				"body_shoulder_right": {
					"rotation": {
						"0.0": [17, -2, 15],
						"0.25": [-8.05469, -6.95107, 15.70015],
						"0.75": [-48.38789, 2.38694, 24.02575],
						"1.0": [-60.89649, -1.98225, 21.59405],
						"1.125": [-44.91656, 43.2977, 6.68827],
						"1.25": [-52.39054, 56.12349, 35.77723],
						"1.5": [-54.52625, 54.11446, 33.17434],
						"2.0": [-56.41625, 52.04996, 30.81113],
						"2.25": [-35.56078, 43.92365, 24.71782],
						"3.0": [17, -2, 15]
					}
				},
				"body_arm_right": {
					"rotation": [-5, 0, -7.5]
				},
				"body_elbow_right": {
					"rotation": {
						"0.0": [-15, 0, -10],
						"0.25": [-19.96075, -10.26864, -19.52893],
						"0.75": [-34.80702, -18.8042, -49.29511],
						"1.0": [-28.29439, -28.02794, -65.53788],
						"1.125": [-42.038, -36.79568, -39.77611],
						"1.25": [-26.69419, -35.28996, -85.25211],
						"1.5": [-28.23125, -34.13678, -82.55348],
						"2.0": [-31.04384, -31.66556, -77.37371],
						"2.25": [-30.65783, -33.09522, -69.17662],
						"3.0": [-15, 0, -10]
					}
				},
				"body_hand_right": {
					"rotation": {
						"0.0": [5, -17, -16],
						"3.0": [5, -17, -16]
					}
				},
				"body_waist": {
					"rotation": {
						"0.0": [7.5, 0, 0],
						"0.25": [7.52832, 4.95712, 0.65426],
						"0.75": [-7.49294, -2.4786, -0.32652],
						"1.0": [-14.99294, -2.4786, -0.32652],
						"1.125": [-37.68298, -0.52373, 6.91707],
						"1.25": [5.23157, -22.93961, 4.91733],
						"1.5": [-11.54314, -24.6496, -3.06504],
						"2.0": [-7.75796, -30.83805, -10.47099],
						"2.25": [-14.22364, -30.46883, -7.59669],
						"3.0": [7.5, 0, 0]
					}
				},
				"body_tail": {
					"rotation": {
						"0.0": [17.5, 0, 0],
						"0.25": [16.88706, 11.0222, -1.8159],
						"0.75": [-10.30147, 9.014, -14.34602],
						"1.0": [-6.59699, 11.98375, 5.77499],
						"1.125": [-24.48164, 9.87347, -9.35268],
						"1.25": [3.02046, -10.09933, -10.40084],
						"1.5": [-16.97954, -10.09933, -10.40084],
						"2.0": [-29.72427, -12.27378, -9.14122],
						"2.25": [-34.22616, -13.50406, -11.37386],
						"3.0": [17.5, 0, 0]
					}
				},
				"body_tail2": {
					"rotation": {
						"0.0": [20, 0, 0],
						"0.75": [-20, 0, 0],
						"1.0": [-15.42884, 2.00597, 7.22824],
						"1.25": [26.49976, 1.75522, 6.32471],
						"2.0": [-16.28585, 1.00298, 3.61412],
						"3.0": [20, 0, 0]
					}
				},
				"body_tail3": {
					"rotation": {
						"0.0": [27.5, 0, 0],
						"0.75": [-15, 0, 0],
						"1.0": [-10.12489, 1.77545, 9.84271],
						"1.25": [14.57822, 1.55351, 8.61237],
						"2.0": [-19.88387, 0.88772, 4.92135],
						"3.0": [27.5, 0, 0]
					}
				},
				"body_shoulder_left": {
					"rotation": {
						"0.0": [17, 2, -15],
						"0.25": [19.18931, -15.51532, -25.94599],
						"0.75": [20.57291, -43.7545, -97.78513],
						"1.0": [50.84869, -54.52667, -141.85822],
						"1.125": [-82.45593, -53.64452, 3.70876],
						"1.1667": [-106.9252, -55.75406, -9.6872],
						"1.25": [-95.86375, -59.97316, -36.47914],
						"1.5": [-100.11899, -59.6253, -31.55641],
						"2.0": [-97.62, -59.63, -31.56],
						"2.25": [-87.92121, -54.63376, -31.20172],
						"3.0": [17, 2, -15]
					}
				},
				"body_arm_left": {
					"rotation": {
						"0.0": [-5, 0, 7.5],
						"3.0": [-5, 0, 7.5]
					}
				},
				"body_elbow_left": {
					"rotation": {
						"0.0": [-15, 0, 10],
						"0.25": [-28.39007, 23.00646, 11.60632],
						"0.75": [-61.62046, 50.65487, 26.56909],
						"1.0": [-51.79924, 48.38471, 67.51411],
						"1.125": [-83.9133, 57.47433, 4.67322],
						"1.25": [10.89568, 64.86799, 7.30325],
						"1.5": [17.71104, 66.67614, 14.71441],
						"2.0": [14.95574, 72.18166, 11.88813],
						"2.25": [-20.99908, 78.99518, -4.71807],
						"3.0": [-15, 0, 10]
					},
					"scale": {
						"1.0": [1, 1, 1],
						"1.25": [1.3, 1.1, 1.3],
						"1.5": [1, 1, 1]
					}
				},
				"body_hand_left": {
					"rotation": {
						"0.0": [5, 17, 16],
						"3.0": [5, 17, 16]
					}
				}
			}
		}
	}
}