{
	"format_version": "1.8.0",
	"animations": {
		"animation.falinks_last_soldier.ground_idle": {
			"loop": true,
			"animation_length": 2,
			"bones": {
				"torso2": {
					"scale": 0
				},
				"leg_left2": {
					"scale": 0
				},
				"leg_right2": {
					"scale": 0
				},
				"torso3": {
					"scale": 0
				},
				"leg_left3": {
					"scale": 0
				},
				"leg_right3": {
					"scale": 0
				},
				"torso4": {
					"scale": 0
				},
				"leg_left4": {
					"scale": 0
				},
				"leg_right4": {
					"scale": 0
				},
				"torso5": {
					"scale": 0
				},
				"leg_left5": {
					"scale": 0
				},
				"leg_right5": {
					"scale": 0
				},
				"torso6": {
					"scale": 0
				},
				"leg_left6": {
					"scale": 0
				},
				"leg_right6": {
					"scale": 0
				},
				"torso1": {
					"rotation": ["-2*math.sin(q.anim_time*90*4-90)", 0, "-3*math.sin(q.anim_time*90*2-90)"],
					"position": ["0.1*math.cos(q.anim_time*90*2-90)", 0, 0]
				},
				"leg_left1": {
					"rotation": [0, 0, "-4+4*math.cos(q.anim_time*90*2-90)"],
					"position": ["0.25*math.cos(q.anim_time*90*2-90)", 0, 0]
				},
				"leg_right1": {
					"rotation": [0, 0, "4+4*math.cos(q.anim_time*90*2-90)"],
					"position": ["0.25*math.cos(q.anim_time*90*2-90)", 0, 0]
				},
				"eyebrow_left1": {
					"rotation": [0, 0, 12.5]
				},
				"flame2": {
					"rotation": ["-2*math.sin(q.anim_time*90*4-120)", 0, "-3*math.sin(q.anim_time*90*2-120)"],
					"position": ["0.1*math.cos(q.anim_time*90*2-120)*5", "0+Math.cos((query.anim_time)*90*2-90)*1", 0],
					"scale": "1+Math.cos((query.anim_time)*90*4-90)*0.025"
				},
				"flame2_2": {
					"rotation": ["-5-Math.cos((query.anim_time)*90*4-280)*8", 0, "-3*math.sin(q.anim_time*90*2+120)"],
					"scale": "1-Math.cos((query.anim_time)*90*4-90)*0.1"
				},
				"flame2_3": {
					"rotation": ["-2.5-Math.cos((query.anim_time)*90*4-360)*10", 0, "-3*math.sin(q.anim_time*90*2-120)"],
					"scale": "1+Math.cos((query.anim_time)*90*4-90)*0.175"
				},
				"flame3": {
					"rotation": ["-2*math.sin(q.anim_time*90*4-120)", 0, "-3*math.sin(q.anim_time*90*2+120)"],
					"position": ["0.1*math.cos(q.anim_time*90*2+120)*5", "0-Math.cos((query.anim_time)*90*2-90)*1", 0],
					"scale": "1-Math.cos((query.anim_time)*90*4-90)*0.025"
				},
				"flame3_2": {
					"rotation": ["-5-Math.cos((query.anim_time)*90*4-280)*8", 0, "-3*math.sin(q.anim_time*90*2-120)"],
					"scale": "1+Math.cos((query.anim_time)*90*4-90)*0.1"
				},
				"flame3_3": {
					"rotation": ["-2.5-Math.cos((query.anim_time)*90*4-360)*10", 0, "-3*math.sin(q.anim_time*90*2+120)"],
					"scale": "1-Math.cos((query.anim_time)*90*4-90)*0.175"
				},
				"flame4": {
					"rotation": ["-2*math.sin(q.anim_time*90*4-120)", 0, "-3*math.sin(q.anim_time*90*2-120)"],
					"position": ["0.1*math.cos(q.anim_time*90*2-120)*5", "0+Math.cos((query.anim_time)*90*2-90)*1", 0],
					"scale": "1+Math.cos((query.anim_time)*90*4-90)*0.025"
				},
				"flame4_2": {
					"rotation": ["-5-Math.cos((query.anim_time)*90*4-280)*8", 0, "-3*math.sin(q.anim_time*90*2+120)"],
					"scale": "1-Math.cos((query.anim_time)*90*4-90)*0.1"
				},
				"flame4_3": {
					"rotation": ["-2.5-Math.cos((query.anim_time)*90*4-360)*10", 0, "-3*math.sin(q.anim_time*90*2-120)"],
					"scale": "1+Math.cos((query.anim_time)*90*4-90)*0.175"
				},
				"flame5": {
					"rotation": ["-2*math.sin(q.anim_time*90*4-120)", 0, "-3*math.sin(q.anim_time*90*2+120)"],
					"position": ["0.1*math.cos(q.anim_time*90*2+120)*5", "0-Math.cos((query.anim_time)*90*2-90)*1", 0],
					"scale": "1-Math.cos((query.anim_time)*90*4-90)*0.025"
				},
				"flame5_2": {
					"rotation": ["-5-Math.cos((query.anim_time)*90*4-280)*8", 0, "-3*math.sin(q.anim_time*90*2-120)"],
					"scale": "1+Math.cos((query.anim_time)*90*4-90)*0.1"
				},
				"flame5_3": {
					"rotation": ["-2.5-Math.cos((query.anim_time)*90*4-360)*10", 0, "-3*math.sin(q.anim_time*90*2+120)"],
					"scale": "1-Math.cos((query.anim_time)*90*4-90)*0.175"
				},
				"flame6": {
					"rotation": ["-2*math.sin(q.anim_time*90*4-120)", 0, "-3*math.sin(q.anim_time*90*2-120)"],
					"position": ["0.1*math.cos(q.anim_time*90*2-120)*5", "0+Math.cos((query.anim_time)*90*2-90)*1", 0],
					"scale": "1+Math.cos((query.anim_time)*90*4-90)*0.025"
				},
				"flame6_2": {
					"rotation": ["-5-Math.cos((query.anim_time)*90*4-280)*8", 0, "-3*math.sin(q.anim_time*90*2+120)"],
					"scale": "1-Math.cos((query.anim_time)*90*4-90)*0.1"
				},
				"flame6_3": {
					"rotation": ["-2.5-Math.cos((query.anim_time)*90*4-360)*10", 0, "-3*math.sin(q.anim_time*90*2-120)"],
					"scale": "1+Math.cos((query.anim_time)*90*4-90)*0.175"
				}
			}
		},
		"animation.falinks_last_soldier.summary_idle": {
			"loop": true,
			"animation_length": 2,
			"bones": {
				"torso2": {
					"rotation": ["-2*math.sin(q.anim_time*90*4-120)", 0, "-3*math.sin(q.anim_time*90*2-120)"],
					"position": ["0.1*math.cos(q.anim_time*90*2-120)", 0, 0]
				},
				"leg_left2": {
					"rotation": [0, 0, "-4+4*math.cos(q.anim_time*90*2-120)"],
					"position": ["0.25*math.cos(q.anim_time*90*2-120)", 0, 0]
				},
				"leg_right2": {
					"rotation": [0, 0, "4+4*math.cos(q.anim_time*90*2-120)"],
					"position": ["0.25*math.cos(q.anim_time*90*2-120)", 0, 0]
				},
				"torso3": {
					"rotation": ["-2*math.sin(q.anim_time*90*4-150)", 0, "-3*math.sin(q.anim_time*90*2-150)"],
					"position": ["0.1*math.cos(q.anim_time*90*2-150)", 0, 0]
				},
				"leg_left3": {
					"rotation": [0, 0, "-4+4*math.cos(q.anim_time*90*2-150)"],
					"position": ["0.25*math.cos(q.anim_time*90*2-150)", 0, 0]
				},
				"leg_right3": {
					"rotation": [0, 0, "4+4*math.cos(q.anim_time*90*2-150)"],
					"position": ["0.25*math.cos(q.anim_time*90*2-150)", 0, 0]
				},
				"torso4": {
					"rotation": ["-2*math.sin(q.anim_time*90*4-180)", 0, "-3*math.sin(q.anim_time*90*2-180)"],
					"position": ["0.1*math.cos(q.anim_time*90*2-180)", 0, 0]
				},
				"leg_left4": {
					"rotation": [0, 0, "-4+4*math.cos(q.anim_time*90*2-180)"],
					"position": ["0.25*math.cos(q.anim_time*90*2-180)", 0, 0]
				},
				"leg_right4": {
					"rotation": [0, 0, "4+4*math.cos(q.anim_time*90*2-180)"],
					"position": ["0.25*math.cos(q.anim_time*90*2-180)", 0, 0]
				},
				"torso5": {
					"rotation": ["-2*math.sin(q.anim_time*90*4-210)", 0, "-3*math.sin(q.anim_time*90*2-210)"],
					"position": ["0.1*math.cos(q.anim_time*90*2-210)", 0, 0]
				},
				"leg_left5": {
					"rotation": [0, 0, "-4+4*math.cos(q.anim_time*90*2-210)"],
					"position": ["0.25*math.cos(q.anim_time*90*2-210)", 0, 0]
				},
				"leg_right5": {
					"rotation": [0, 0, "4+4*math.cos(q.anim_time*90*2-210)"],
					"position": ["0.25*math.cos(q.anim_time*90*2-210)", 0, 0]
				},
				"torso6": {
					"rotation": ["-2*math.sin(q.anim_time*90*4-240)", 0, "-3*math.sin(q.anim_time*90*2-240)"],
					"position": ["0.1*math.cos(q.anim_time*90*2-240)", 0, 0]
				},
				"leg_left6": {
					"rotation": [0, 0, "-4+4*math.cos(q.anim_time*90*2-240)"],
					"position": ["0.25*math.cos(q.anim_time*90*2-240)", 0, 0]
				},
				"leg_right6": {
					"rotation": [0, 0, "4+4*math.cos(q.anim_time*90*2-240)"],
					"position": ["0.25*math.cos(q.anim_time*90*2-240)", 0, 0]
				},
				"torso1": {
					"rotation": ["-2*math.sin(q.anim_time*90*4-90)", 0, "-3*math.sin(q.anim_time*90*2-90)"],
					"position": ["0.1*math.cos(q.anim_time*90*2-90)", 0, 0]
				},
				"leg_left1": {
					"rotation": [0, 0, "-4+4*math.cos(q.anim_time*90*2-90)"],
					"position": ["0.25*math.cos(q.anim_time*90*2-90)", 0, 0]
				},
				"leg_right1": {
					"rotation": [0, 0, "4+4*math.cos(q.anim_time*90*2-90)"],
					"position": ["0.25*math.cos(q.anim_time*90*2-90)", 0, 0]
				},
				"body": {
					"position": [0, 0, 12]
				},
				"body2": {
					"position": [7, 0, 11]
				},
				"body3": {
					"position": [-7, 0, 0]
				},
				"body5": {
					"position": [13, 0, -11]
				},
				"body6": {
					"position": [-13, 0, -22]
				},
				"flame2": {
					"scale": 0
				},
				"flame3": {
					"scale": 0
				},
				"flame4": {
					"scale": 0
				},
				"flame5": {
					"scale": 0
				},
				"flame6": {
					"scale": 0
				}
			}
		},
		"animation.falinks_last_soldier.ground_walk": {
			"loop": true,
			"bones": {
				"torso1": {
					"rotation": [
						"math.sin(q.anim_time*90*4*2-180-90)*5 + math.sin(q.anim_time*90*4*3*2+180-270)*5/10",
						"math.sin(q.anim_time*90*4-180)*5 + math.sin(q.anim_time*90*4*3+180)*5/10",
						"math.sin(q.anim_time*90*4)*5 + math.sin(q.anim_time*90*4*3)*5/10"
					],
					"position": [0, "2.5*math.abs(math.sin(q.anim_time*90*4)*0.5 + math.sin(q.anim_time*90*4*3)*0.5/10)", 0]
				},
				"shield_left1": {
					"rotation": [0, 70, 0],
					"position": [-1.5, 0.5, -5.5]
				},
				"shield_right1": {
					"rotation": [0, -70, 0],
					"position": [1.75, 0.5, -5.5]
				},
				"leg_left1": {
					"rotation": ["-20+math.clamp(math.sin(q.anim_time*90*4-180-5)*-45,20,45) - math.sin(q.anim_time*90*4*1+180-15)*45/10", 0, 0],
					"position": [
						0,
						"1+math.sin(q.anim_time*90*4-180)*1 + math.sin(q.anim_time*90*4*3+180)*1/10",
						"-0.5+math.sin(q.anim_time*90*4-180)*-2 - math.sin(q.anim_time*90*4*3+180)*2/10 + 2*math.sin(q.anim_time*90*4-90 + math.sin(q.anim_time*90*4-90)*30)"
					]
				},
				"leg_right1": {
					"rotation": ["-20+math.clamp(math.sin(q.anim_time*90*4-180-5)*45,20,45) + math.sin(q.anim_time*90*4*1+180-15)*45/10", 0, 0],
					"position": [
						0,
						"1+math.sin(q.anim_time*90*4)*1 + math.sin(q.anim_time*90*4*3)*1/10",
						"-0.5+math.sin(q.anim_time*90*4)*-2 - math.sin(q.anim_time*90*4*3)*2/10 + 2*math.sin(q.anim_time*90*4-90-180 + math.sin(q.anim_time*90*4-90-180)*30)"
					]
				},
				"torso2": {
					"scale": 0
				},
				"leg_left2": {
					"scale": 0
				},
				"leg_right2": {
					"scale": 0
				},
				"torso3": {
					"scale": 0
				},
				"leg_left3": {
					"scale": 0
				},
				"leg_right3": {
					"scale": 0
				},
				"torso4": {
					"scale": 0
				},
				"leg_left4": {
					"scale": 0
				},
				"leg_right4": {
					"scale": 0
				},
				"torso5": {
					"scale": 0
				},
				"leg_left5": {
					"scale": 0
				},
				"leg_right5": {
					"scale": 0
				},
				"torso6": {
					"scale": 0
				},
				"leg_left6": {
					"scale": 0
				},
				"leg_right6": {
					"scale": 0
				},
				"flame2": {
					"rotation": [
						"math.sin(q.anim_time*90*4*2-180-90-60)*5 + math.sin(q.anim_time*90*4*3*2+180-270-180)*5/10",
						"math.sin(q.anim_time*90*4-180-30)*5 + math.sin(q.anim_time*90*4*3+180-90)*5/10",
						"math.sin(q.anim_time*90*4-30)*5 + math.sin(q.anim_time*90*4*3-90)*5/10"
					],
					"position": [0, "2.5*math.abs(math.sin(q.anim_time*90*4-30)*1 + math.sin(q.anim_time*90*4*3-90)*0.5/10)", 0],
					"scale": "1+Math.cos((query.anim_time)*90*4-90)*0.025"
				},
				"flame2_2": {
					"rotation": ["-5-Math.cos((query.anim_time)*90*4-280)*8", 0, "-3*math.sin(q.anim_time*90*2+120)"],
					"scale": "1-Math.cos((query.anim_time)*90*4-90)*0.1"
				},
				"flame2_3": {
					"rotation": ["-2.5-Math.cos((query.anim_time)*90*4-360)*10", 0, "-3*math.sin(q.anim_time*90*2-120)"]
				},
				"flame3": {
					"rotation": [
						"math.sin(q.anim_time*90*4*2-180-90-60-60)*5 + math.sin(q.anim_time*90*4*3*2+180-270-180-180)*5/10",
						"math.sin(q.anim_time*90*4-180-30-30)*5 + math.sin(q.anim_time*90*4*3+180-90-90)*5/10",
						"math.sin(q.anim_time*90*4-30-30)*5 + math.sin(q.anim_time*90*4*3-90-90)*5/10"
					],
					"position": [0, "2.5*math.abs(math.sin(q.anim_time*90*4-30-30)*1 + math.sin(q.anim_time*90*4*3-90-90)*0.5/10)", 0],
					"scale": "1-Math.cos((query.anim_time)*90*4-90)*0.025"
				},
				"flame3_2": {
					"rotation": ["-5-Math.cos((query.anim_time)*90*4-280)*8", 0, "-3*math.sin(q.anim_time*90*2-120)"],
					"scale": "1+Math.cos((query.anim_time)*90*4-90)*0.1"
				},
				"flame3_3": {
					"rotation": ["-2.5-Math.cos((query.anim_time)*90*4-360)*10", 0, "-3*math.sin(q.anim_time*90*2+120)"]
				},
				"flame4": {
					"rotation": [
						"math.sin(q.anim_time*90*4*2-180-90-60-60-60)*5 + math.sin(q.anim_time*90*4*3*2+180-270-180-180-180)*5/10",
						"math.sin(q.anim_time*90*4-180-30-30-30)*5 + math.sin(q.anim_time*90*4*3+180-90-90-90)*5/10",
						"math.sin(q.anim_time*90*4-30-30-30)*5 + math.sin(q.anim_time*90*4*3-90-90-90)*5/10"
					],
					"position": [0, "2.5*math.abs(math.sin(q.anim_time*90*4-30-30-30)*1 + math.sin(q.anim_time*90*4*3-90-90-90)*0.5/10)", 0],
					"scale": "1+Math.cos((query.anim_time)*90*4-90)*0.025"
				},
				"flame4_2": {
					"rotation": ["-5-Math.cos((query.anim_time)*90*4-280)*8", 0, "-3*math.sin(q.anim_time*90*2+120)"],
					"scale": "1-Math.cos((query.anim_time)*90*4-90)*0.1"
				},
				"flame4_3": {
					"rotation": ["-2.5-Math.cos((query.anim_time)*90*4-360)*10", 0, "-3*math.sin(q.anim_time*90*2-120)"]
				},
				"flame5": {
					"rotation": [
						"math.sin(q.anim_time*90*4*2-180-90-60-60-60-60)*5 + math.sin(q.anim_time*90*4*3*2+180-270-180-180-180-180)*5/10",
						"math.sin(q.anim_time*90*4-180-30-30-30-30)*5 + math.sin(q.anim_time*90*4*3+180-90-90-90-90)*5/10",
						"math.sin(q.anim_time*90*4-30-30-30-30)*5 + math.sin(q.anim_time*90*4*3-90-90-90-90)*5/10"
					],
					"position": [0, "2.5*math.abs(math.sin(q.anim_time*90*4-30-30-30-30)*1 + math.sin(q.anim_time*90*4*3-90-90-90-90)*0.5/10)", 0],
					"scale": "1-Math.cos((query.anim_time)*90*4-90)*0.025"
				},
				"flame5_2": {
					"rotation": ["-5-Math.cos((query.anim_time)*90*4-280)*8", 0, "-3*math.sin(q.anim_time*90*2-120)"],
					"scale": "1+Math.cos((query.anim_time)*90*4-90)*0.1"
				},
				"flame5_3": {
					"rotation": ["-2.5-Math.cos((query.anim_time)*90*4-360)*10", 0, "-3*math.sin(q.anim_time*90*2+120)"]
				},
				"flame6": {
					"rotation": [
						"math.sin(q.anim_time*90*4*2-180-90-60-60-60-60-60)*5 + math.sin(q.anim_time*90*4*3*2+180-270-180-180-180-180-180)*5/10",
						"math.sin(q.anim_time*90*4-180-30-30-30-30-30)*5 + math.sin(q.anim_time*90*4*3+180-90-90-90-90-90)*5/10",
						"math.sin(q.anim_time*90*4-30-30-30-30-30)*5 + math.sin(q.anim_time*90*4*3-90-90-90-90-90)*5/10"
					],
					"position": [0, "2.5*math.abs(math.sin(q.anim_time*90*4-30-30-30-30-30)*1 + math.sin(q.anim_time*90*4*3-90-90-90-90-90)*0.5/10)", 0],
					"scale": "1+Math.cos((query.anim_time)*90*4-90)*0.025"
				},
				"flame6_2": {
					"rotation": ["-5-Math.cos((query.anim_time)*90*4-280)*8", 0, "-3*math.sin(q.anim_time*90*2+120)"],
					"scale": "1-Math.cos((query.anim_time)*90*4-90)*0.1"
				},
				"flame6_3": {
					"rotation": ["-2.5-Math.cos((query.anim_time)*90*4-360)*10", 0, "-3*math.sin(q.anim_time*90*2-120)"]
				}
			}
		},
		"animation.falinks_last_soldier.ground_run": {
			"loop": true,
			"bones": {
				"torso2": {
					"rotation": [0, 0, "2*math.cos(q.anim_time*90*8-20)"]
				},
				"leg_left2": {
					"rotation": ["25*math.sin(q.anim_time*90*8-20)", 0, 0],
					"position": [0, "0.25-0.5*math.cos(q.anim_time*90*8-20)", "1*math.sin(q.anim_time*90*8-20)"]
				},
				"leg_right2": {
					"rotation": ["-25*math.sin(q.anim_time*90*8-20)", 0, 0],
					"position": [0, "0.25+0.5*math.cos(q.anim_time*90*8-20)", "-1*math.sin(q.anim_time*90*8-20)"]
				},
				"torso3": {
					"rotation": [0, 0, "-2*math.cos(q.anim_time*90*8-40)"]
				},
				"leg_left3": {
					"rotation": ["-25*math.sin(q.anim_time*90*8-40)", 0, 0],
					"position": [0, "0.25+0.5*math.cos(q.anim_time*90*8-40)", "-1*math.sin(q.anim_time*90*8-40)"]
				},
				"leg_right3": {
					"rotation": ["25*math.sin(q.anim_time*90*8-40)", 0, 0],
					"position": [0, "0.25-0.5*math.cos(q.anim_time*90*8-40)", "1*math.sin(q.anim_time*90*8-40)"]
				},
				"torso4": {
					"rotation": [0, 0, "2*math.cos(q.anim_time*90*8-60)"]
				},
				"leg_left4": {
					"rotation": ["25*math.sin(q.anim_time*90*8-60)", 0, 0],
					"position": [0, "0.25-0.5*math.cos(q.anim_time*90*8-60)", "1*math.sin(q.anim_time*90*8-60)"]
				},
				"leg_right4": {
					"rotation": ["-25*math.sin(q.anim_time*90*8-60)", 0, 0],
					"position": [0, "0.25+0.5*math.cos(q.anim_time*90*8-60)", "-1*math.sin(q.anim_time*90*8-60)"]
				},
				"torso5": {
					"rotation": [0, 0, "-2*math.cos(q.anim_time*90*8-80)"]
				},
				"leg_left5": {
					"rotation": ["-25*math.sin(q.anim_time*90*8-80)", 0, 0],
					"position": [0, "0.25+0.5*math.cos(q.anim_time*90*8-80)", "-1*math.sin(q.anim_time*90*8-80)"]
				},
				"leg_right5": {
					"rotation": ["25*math.sin(q.anim_time*90*8-80)", 0, 0],
					"position": [0, "0.25-0.5*math.cos(q.anim_time*90*8-80)", "1*math.sin(q.anim_time*90*8-80)"]
				},
				"torso6": {
					"rotation": [0, 0, "2*math.cos(q.anim_time*90*8-100)"]
				},
				"leg_left6": {
					"rotation": ["25*math.sin(q.anim_time*90*8-100)", 0, 0],
					"position": [0, "0.25-0.5*math.cos(q.anim_time*90*8-100)", "1*math.sin(q.anim_time*90*8-100)"]
				},
				"leg_right6": {
					"rotation": ["-25*math.sin(q.anim_time*90*8-100)", 0, 0],
					"position": [0, "0.25+0.5*math.cos(q.anim_time*90*8-100)", "-1*math.sin(q.anim_time*90*8-100)"]
				},
				"body": {
					"rotation": ["12-4*math.sin(q.anim_time*90*16-45)", 0, 0],
					"position": [0, "0.5+0.5*math.sin(q.anim_time*90*16)", 0]
				},
				"torso1": {
					"rotation": [0, 0, "-2*math.cos(q.anim_time*90*8)"]
				},
				"shield_left1": {
					"rotation": [22.5, 45, 0],
					"position": [0, 0, -5]
				},
				"shield_right1": {
					"rotation": [22.5, -45, 0],
					"position": [0, 0, -5]
				},
				"leg_left1": {
					"rotation": ["-25*math.sin(q.anim_time*90*8)", 0, 0],
					"position": [0, "0.25+0.5*math.cos(q.anim_time*90*8)", "-1*math.sin(q.anim_time*90*8)"]
				},
				"leg_right1": {
					"rotation": ["25*math.sin(q.anim_time*90*8)", 0, 0],
					"position": [0, "0.25-0.5*math.cos(q.anim_time*90*8)", "1*math.sin(q.anim_time*90*8)"]
				},
				"body2": {
					"rotation": ["12-4*math.sin(q.anim_time*90*16-65)", 0, 0],
					"position": [0, "0.5+0.5*math.sin(q.anim_time*90*16-20)", 0]
				},
				"body3": {
					"rotation": ["12-4*math.sin(q.anim_time*90*16-85)", 0, 0],
					"position": [0, "0.5+0.5*math.sin(q.anim_time*90*16-40)", 0]
				},
				"body4": {
					"rotation": ["12-4*math.sin(q.anim_time*90*16-105)", 0, 0],
					"position": [0, "0.5+0.5*math.sin(q.anim_time*90*16-60)", 0]
				},
				"body5": {
					"rotation": ["12-4*math.sin(q.anim_time*90*16-125)", 0, 0],
					"position": [0, "0.5+0.5*math.sin(q.anim_time*90*16-80)", 0]
				},
				"body6": {
					"rotation": ["12-4*math.sin(q.anim_time*90*16-145)", 0, 0],
					"position": [0, "0.5+0.5*math.sin(q.anim_time*90*16-100)", 0]
				},
				"flame2": {
					"scale": 0
				},
				"flame3": {
					"scale": 0
				},
				"flame4": {
					"scale": 0
				},
				"flame5": {
					"scale": 0
				},
				"flame6": {
					"scale": 0
				}
			}
		},
		"animation.falinks_last_soldier.cry": {
			"animation_length": 1,
			"bones": {
				"torso2": {
					"rotation": {
						"0.9583": ["-10*math.sin(q.anim_time*90*2)", 0, "10*math.sin(q.anim_time*90*4)"],
						"1.0": [0, 0, 0]
					}
				},
				"torso3": {
					"rotation": {
						"0.9583": ["-10*math.sin(q.anim_time*90*2)", 0, "-10*math.sin(q.anim_time*90*4)"],
						"1.0": [0, 0, 0]
					}
				},
				"torso4": {
					"rotation": {
						"0.9583": ["-10*math.sin(q.anim_time*90*2)", 0, "10*math.sin(q.anim_time*90*4)"],
						"1.0": [0, 0, 0]
					}
				},
				"torso5": {
					"rotation": {
						"0.9583": ["-10*math.sin(q.anim_time*90*2)", 0, "-10*math.sin(q.anim_time*90*4)"],
						"1.0": [0, 0, 0]
					}
				},
				"torso6": {
					"rotation": {
						"0.9583": ["-10*math.sin(q.anim_time*90*2)", 0, "10*math.sin(q.anim_time*90*4)"],
						"1.0": [0, 0, 0]
					}
				},
				"torso1": {
					"rotation": {
						"0.9583": ["-10*math.sin(q.anim_time*90*2)", 0, "-10*math.sin(q.anim_time*90*4)"],
						"1.0": [0, 0, 0]
					}
				}
			}
		},
		"animation.falinks_last_soldier.faint": {
			"loop": true,
			"animation_length": 3,
			"bones": {
				"torso2": {
					"rotation": {
						"0.0": [0, 0, 0],
						"0.2917": {
							"pre": [-10, 0, 10],
							"post": [-10, 0, 10],
							"lerp_mode": "catmullrom"
						},
						"0.6667": {
							"post": [0, 27, -10],
							"lerp_mode": "catmullrom"
						},
						"1.0": {
							"post": [0, 0, 10],
							"lerp_mode": "catmullrom"
						},
						"1.3333": {
							"post": [-37.5, 0, -10],
							"lerp_mode": "catmullrom"
						},
						"1.5": {
							"post": [0, 0, -6.67],
							"lerp_mode": "catmullrom"
						},
						"1.8333": [0, 0, 0]
					}
				},
				"leg_left2": {
					"rotation": {
						"0.0": {
							"post": [0, 0, 0],
							"lerp_mode": "catmullrom"
						},
						"0.2083": {
							"post": [-18, 0, 0],
							"lerp_mode": "catmullrom"
						},
						"0.4583": {
							"post": [18, 0, 0],
							"lerp_mode": "catmullrom"
						},
						"0.7083": {
							"post": [-39, 0, 0],
							"lerp_mode": "catmullrom"
						},
						"1.2083": {
							"post": [40, 0, 0],
							"lerp_mode": "catmullrom"
						},
						"1.5417": [-40, 0, 0]
					},
					"position": {
						"0.0": [0, 0, 0],
						"0.2083": [0, 0, 0],
						"0.4583": [0, 0, 0.4],
						"0.7083": [0, 0.5, -0.5],
						"0.9583": [0, -0.15, 0],
						"1.2083": [0, 0, 0.6],
						"1.5": [0, 0, 0.6],
						"1.625": [0, 0, -0.5]
					}
				},
				"leg_right2": {
					"rotation": {
						"0.0": {
							"post": [2, 0, 0],
							"lerp_mode": "catmullrom"
						},
						"0.1667": {
							"post": [34, 13.57, 0],
							"lerp_mode": "catmullrom"
						},
						"0.4583": {
							"post": [1, 16.5, 0],
							"lerp_mode": "catmullrom"
						},
						"0.6667": {
							"post": [42, -49, 0],
							"lerp_mode": "catmullrom"
						},
						"1.0833": {
							"post": [-38, 0, 0],
							"lerp_mode": "catmullrom"
						},
						"1.4583": {
							"post": [42, 0, 0],
							"lerp_mode": "catmullrom"
						},
						"1.7083": [-40, 0, 0]
					},
					"position": {
						"0.0": [0, 0, 0],
						"0.2083": [0, 0, 0],
						"0.5833": [0.5, 0, 0],
						"0.875": [0.23, 0.64, -0.65],
						"1.0833": [0, 0, -0.5]
					}
				},
				"torso3": {
					"rotation": {
						"0.0": [0, "35*math.sin(q.anim_time*90*1)", "-25*math.sin(q.anim_time*90*1)"],
						"1.0": [0, 0, 0],
						"1.0833": [0, 0, -14.5],
						"1.25": [0, 0, 0],
						"1.3333": [0, 0, -5],
						"1.4583": [0, 0, -2.5]
					}
				},
				"leg_left3": {
					"rotation": {
						"0.0": [0, 0, 0],
						"0.6667": [-32, -4, -28],
						"1.0": [0, 0, 0],
						"1.125": [-12.5, 0, -17.5]
					},
					"position": {
						"0.0": [0, 0, 0],
						"0.6667": [0, 0, 0],
						"0.8333": [0, 1, 0],
						"1.0": [0, 0, 0]
					}
				},
				"leg_right3": {
					"rotation": {
						"0.0": [0, 0, 0],
						"0.125": [0, 0, 7.5],
						"0.5": [0, 0, 7.5],
						"1.0833": [-12.5, 0, -17.5]
					},
					"position": {
						"0.0": [0, 0, 0],
						"0.125": [0, -0.5, 0.1],
						"0.3333": [0, 0.5, 0.3],
						"0.4583": [0, -0.5, 0.4],
						"0.6667": [0, 0, 0.5],
						"1.0": [0, 0, 0]
					}
				},
				"leg_left4": {
					"rotation": {
						"0.0": [0, 0, "-30*math.sin(q.anim_time*90*1)"],
						"0.3333": [0, 0, "-24+50*math.sin(q.anim_time*90*1)"],
						"0.5833": [0, 0, 25],
						"0.7083": [0, 0, 5],
						"0.8333": [0, 0, 25.14],
						"1.375": [-35, 0, 25]
					},
					"position": {
						"0.0": [0, 0, 0],
						"0.2917": [0, 0.3, 0],
						"0.6667": [0, 0, 0]
					}
				},
				"leg_right4": {
					"rotation": {
						"0.0": [0, 0, "-30*math.sin(q.anim_time*90*1)"],
						"0.3333": [0, 0, "-24+50*math.sin(q.anim_time*90*1)"],
						"0.625": [0, 0, 25],
						"0.75": [0, 0, 5],
						"0.875": [0, 0, 25],
						"1.3333": [-35, 0, 25]
					},
					"position": {
						"0.0": [0, 0, 0],
						"0.375": [0, 0.5, 0],
						"0.6667": [0, 0, 0]
					}
				},
				"leg_left5": {
					"rotation": {
						"0.0": [0, 0, 0],
						"0.3333": [6, 0, 0],
						"0.7083": [42.5, 0, 0],
						"1.0": [45, 0, 0],
						"1.625": [-45, 0, 0]
					},
					"position": {
						"0.3333": [0, 0, 0],
						"0.5": [0, 0, 1],
						"0.6667": [0, 0, 1.1],
						"0.9583": [0, 1, 0.55],
						"1.25": [0, 1, -1],
						"1.5417": [0, 0, 0]
					}
				},
				"leg_right5": {
					"rotation": {
						"0.0": [0, 0, 0],
						"0.3333": [6, 0, 0],
						"0.5417": [-15, 0, 0],
						"0.75": [-30, 0, 0],
						"1.125": [0, 0, 0],
						"1.375": [46, 0, 0],
						"1.6667": [-48, 0, 0]
					},
					"position": {
						"0.3333": [0, 0, 0],
						"0.75": [0, 0, 0],
						"1.0": [0, 0, -0.3],
						"1.25": [0, 0, 1],
						"1.5833": [0, 0, 0]
					}
				},
				"leg_left6": {
					"rotation": {
						"0.0": [0, 0, 0],
						"0.5833": [-42.83, 0, 0],
						"1.0": [-22, 0, 0],
						"1.125": ["25*math.sin(q.anim_time*90*20)", 0, 0],
						"1.5833": ["25*math.sin(q.anim_time*90*20)", 0, 0],
						"1.75": [-15, 0, 0],
						"2.0": [44, 0, 0]
					},
					"position": {
						"0.0": [0, 0, 0],
						"0.5833": [0, 0, -1],
						"1.0833": [0, 0, 0]
					}
				},
				"leg_right6": {
					"rotation": {
						"0.0": [0, 0, 0],
						"0.5833": [21.5, 0, 0],
						"1.0": [30, 0, 0],
						"1.125": ["-25*math.sin(q.anim_time*90*20)", 0, 0],
						"1.6667": ["-25*math.sin(q.anim_time*90*20)", 0, 0],
						"1.8333": [-22, 0, 0],
						"1.9167": [-13, 0, 0],
						"2.0833": [45, 0, 0]
					}
				},
				"body": {
					"rotation": {
						"0.0": ["-8-8*math.sin(q.anim_time*90*4.5-90)", 0, 0],
						"1.5833": ["-8-15*math.sin(q.anim_time*90*4-90)", 0, 0],
						"1.7917": ["-94-15*math.sin(q.anim_time*90*6-90)", 0, 0],
						"2.125": [-100, 0, 0]
					},
					"position": {
						"0.0": [0, 0, 0],
						"0.4583": [0, 0, 0.3],
						"0.9583": [0, 0, -2],
						"1.5833": [0, 0, -1.4],
						"1.75": [0, -2.2, 1.8],
						"1.9167": [0, -1, 3.16],
						"2.0417": [0, -2.7, 3.8]
					}
				},
				"torso1": {
					"rotation": {
						"0.0": [0, 0, 0],
						"0.4583": [0, 0, 5],
						"0.9583": [0, 0, 0],
						"1.1667": [0, 0, -5],
						"1.5417": [41.23577, 0.32591, -4.97872],
						"1.8333": [3.76, -0.22, -1.65],
						"1.9167": [0, 0, 0],
						"2.1667": [10, 0, 0]
					}
				},
				"eyelid_left1": {
					"position": {
						"0.75": [0, 0, 0],
						"0.7917": [0, 0, -0.1],
						"0.9167": [0, 0, -0.1],
						"0.9583": [0, 0, 0],
						"1.0833": [0, 0, 0],
						"1.125": [0, 0, -0.1],
						"1.25": [0, 0, -0.1],
						"1.2917": [0, 0, 0],
						"1.5833": [0, 0, 0],
						"1.625": [0, 0, -0.1]
					}
				},
				"shield_left1": {
					"rotation": {
						"1.0": [0, 59, 0],
						"1.75": [0, 0, 0]
					},
					"position": {
						"0.7917": [-2, 0, -5.5],
						"1.2083": [0, 0, -5.5],
						"1.75": [0, 0, 0]
					}
				},
				"shield_right1": {
					"rotation": {
						"1.0": [0, -60, 0],
						"1.75": [0, 0, 0]
					},
					"position": {
						"0.7917": [2, 0, -5.5],
						"1.2083": [0, 0, -5.5],
						"1.75": [0, 0, 0]
					}
				},
				"leg_left1": {
					"rotation": {
						"0.0": [0, 0, 0],
						"0.4583": [18, 0, 0],
						"0.7083": [23, 0, 0],
						"0.9583": [-2, 0, 0],
						"1.6667": [-37, 0, 0],
						"2.0": [25, 0, 0]
					},
					"position": {
						"0.0": [0, 0, 0],
						"0.4583": [0, 0, 0.6],
						"0.7083": [0, 0.3, 0.3],
						"0.9583": [0, 0.6, 0],
						"1.6667": [0, 0, -1],
						"2.0": [0, 0, 1]
					}
				},
				"leg_right1": {
					"rotation": {
						"0.0": [0, 0, 0],
						"0.4583": [-47.5, 0, 0],
						"1.0417": [0, 0, 0],
						"1.4583": [20, 0, 0],
						"1.625": [20, 0, 0],
						"1.8333": [-32.5, 0, 0],
						"2.0833": [25, 0, 0]
					},
					"position": {
						"0.0": [0, 0, 0],
						"0.4583": [0, -0.1, -0.6],
						"1.0417": [0, 0, 0],
						"1.4583": [0, 0, 1],
						"1.625": [0, 0, 1],
						"1.8333": [0, 0, -1],
						"2.0833": [0, 0, 1]
					}
				},
				"body2": {
					"rotation": {
						"0.0": [0, "3-25*math.sin(q.anim_time*90*4)", 0],
						"0.375": [0, "3-25*math.sin(q.anim_time*90*4)", 0],
						"0.7083": [0, 102, 0],
						"1.2917": [10.59, 102, 0],
						"1.5": [75, 102, 0],
						"1.6667": [65, 102, 0],
						"1.8333": [75, 102, 0]
					},
					"position": {
						"0.0": [0, 0, 0],
						"0.2083": [0.5, 0, 0],
						"0.4167": [0.5, 0, -1.15],
						"0.75": [-2.5, 0, -3],
						"1.125": [-7, 0, -1.53],
						"1.2917": [-9.35, 1, -0.76],
						"1.4583": [-11.1, -0.5, 0],
						"1.625": [-12.35, 0, 0.95],
						"1.7917": [-12.9, -0.5, 1.4]
					},
					"scale": {
						"1.5": [1, 1, 1],
						"1.75": [0.01, 0.01, 0.01]
					}
				},
				"body3": {
					"rotation": {
						"0.0": [0, 0, 0],
						"0.6667": [0, 0, "-18.7+40*math.sin(q.anim_time*90*2-90)"],
						"1.0": [7.74276, -32.93269, 89.53399]
					},
					"position": {
						"0.0": ["1-1*math.cos(q.anim_time*90*4)", 0, 0],
						"0.1667": [-1.5, 1, 0],
						"0.3333": [-2.2, 0, 0],
						"0.5": [-2.26, 1, 0],
						"0.6667": [-2, 0, 0],
						"1.0": [6, -0.3, 0],
						"1.125": [7, 0.2, 0],
						"1.25": [8, -0.3, 0]
					},
					"scale": {
						"1.0": [1, 1, 1],
						"1.25": [0.01, 0.01, 0.01]
					}
				},
				"body4": {
					"rotation": {
						"0.0": [0, 0, "80*math.sin(q.anim_time*90*1)"],
						"0.4583": [0, 0, -30],
						"0.5833": ["-18+30*math.cos(q.anim_time*90*1)", "-30+50*math.cos(q.anim_time*90*1)", -90],
						"1.2917": [18, 35, -90],
						"1.4167": [15, 33, -90]
					},
					"position": {
						"0.0": ["10*math.sin(q.anim_time*90*1)", 0, 0],
						"0.5833": [-6, -1, 0],
						"0.6667": [-6, -1.6, 0],
						"0.7917": [-6, -1, 0],
						"1.0": [-6, -0.7, 0],
						"1.3333": [-6, 0, -1.5],
						"1.5": [-6, 0, -1.5]
					},
					"scale": {
						"1.25": [1, 1, 1],
						"1.5": [0.01, 0.01, 0.01]
					}
				},
				"body5": {
					"rotation": {
						"0.0": [0, 0, 0],
						"0.3333": [-6, 0, 0],
						"0.5": [-8, 33, 0],
						"0.7083": [-7, 44, 0],
						"1.0": [0, "-25*math.sin(q.anim_time*90*4)", 0],
						"1.25": [-21.5, -41, 0],
						"1.4167": [2, -45, 0],
						"1.5417": [70, -47, 0],
						"1.5833": [65, -47, 0],
						"1.7083": [70, -47, 0]
					},
					"position": {
						"0.3333": [0, 0, 0],
						"0.5417": {
							"pre": [-1, 0, 0],
							"post": [-1, 0, 0],
							"lerp_mode": "catmullrom"
						},
						"0.7917": {
							"post": [-1, 0, 0],
							"lerp_mode": "catmullrom"
						},
						"1.2917": {
							"post": [0, 0, 0],
							"lerp_mode": "catmullrom"
						},
						"1.5417": {
							"post": [3.7, -0.4, -3.7],
							"lerp_mode": "catmullrom"
						},
						"1.625": [4.5, 0, -4.5],
						"1.7083": [4.7, -0.4, -4.7]
					},
					"scale": {
						"1.5": [1, 1, 1],
						"1.75": [0.01, 0.01, 0.01]
					}
				},
				"body6": {
					"rotation": {
						"0.0": ["100*math.sin(q.anim_time*90*1)", 0, 0],
						"0.5833": ["40+100*math.sin(q.anim_time*90*1-90)", 0, 0],
						"1.0833": [-156, 0, 0],
						"1.125": [-148.5, 0, 0],
						"1.1667": [-148.5, 0, 0],
						"1.2083": [-149.75, 0, 0],
						"1.25": [-156, 0, 0],
						"1.375": [-155.97972, -2.28374, -1.01738],
						"1.4167": [-155.97972, 2.28374, 1.01738],
						"1.5": [-155.81656, 6.84834, 3.06514],
						"1.5417": [-155.97972, 2.28374, 1.01738],
						"1.5833": [-155.97972, -2.28374, -1.01738],
						"1.625": [-155.97972, 2.28374, 1.01738],
						"1.7083": [-155.81656, 6.84834, 3.06514],
						"1.75": [-155.97972, 2.28374, 1.01738]
					},
					"position": {
						"0.0": [0, 0, "-3*math.sin(q.anim_time*90*1)"],
						"0.625": [0, 0, 1.32],
						"0.875": [0, -1.5, 4],
						"1.0833": [0, 0, 7]
					},
					"scale": {
						"1.75": [1, 1, 1],
						"2.0": [0.01, 0.01, 0.01]
					}
				},
				"eyebrow_left1": {
					"rotation": {
						"0.0": [0, 0, 12.5],
						"0.7917": {"pre": [0, 0, 12.5], "post": [0, 0, 12.5]},
						"0.9583": {"pre": [0, 0, 12.5], "post": [0, 0, 25]},
						"1.125": {"pre": [0, 0, 25], "post": [0, 0, 25]},
						"1.2917": {"pre": [0, 0, 25], "post": [0, 0, 25]}
					},
					"position": {
						"0.0": [0, 0, 0],
						"0.7917": {"pre": [0, 0, 0], "post": [0, 0, 0.1]},
						"0.9583": {"pre": [0, 0, 0.1], "post": [0, 0, 0]},
						"1.125": {"pre": [0, 0, 0], "post": [0, 0, 0.1]},
						"1.2917": {"pre": [0, 0, 0.1], "post": [0, 0, 0]},
						"1.625": {"pre": [0, 0, 0], "post": [0, 0, 0.1]}
					}
				},
				"flame2": {
					"rotation": {
						"0.0": [0, 0, 0],
						"1.75": [-90, 0, 0]
					},
					"scale": {
						"0.0": [0, 0, 0],
						"1.7083": {"pre": [0, 0, 0], "post": [0, 0, 0]},
						"1.75": {"pre": [0, 0, 0], "post": [50, 50, 50]},
						"2.0": [110, 110, 110],
						"2.25": [0, 0, 0]
					}
				},
				"flame3": {
					"rotation": {
						"0.0": [0, 0, 0],
						"1.25": [-25, 0, -90]
					},
					"scale": {
						"0.0": [0, 0, 0],
						"1.2083": {"pre": [0, 0, 0], "post": [0, 0, 0]},
						"1.25": {"pre": [0, 0, 0], "post": [50, 50, 50]},
						"1.5": [110, 110, 110],
						"1.75": [0, 0, 0]
					}
				},
				"flame4": {
					"rotation": {
						"0.0": [0, 0, 0],
						"1.5": [-25, 0, 90]
					},
					"scale": {
						"0.0": [0, 0, 0],
						"1.4583": {"pre": [0, 0, 0], "post": [0, 0, 0]},
						"1.5": {"pre": [0, 0, 0], "post": [50, 50, 50]},
						"1.75": [110, 110, 110],
						"2.0": [0, 0, 0]
					}
				},
				"flame5": {
					"rotation": {
						"0.0": [0, 0, 0],
						"1.75": [-90, 0, 0]
					},
					"scale": {
						"0.0": [0, 0, 0],
						"1.7083": {"pre": [0, 0, 0], "post": [0, 0, 0]},
						"1.75": {"pre": [0, 0, 0], "post": [50, 50, 50]},
						"2.0": [110, 110, 110],
						"2.25": [0, 0, 0]
					}
				},
				"flame6": {
					"rotation": [145, 0, 0],
					"scale": {
						"0.0": [0, 0, 0],
						"1.9583": [0, 0, 0],
						"2.0": {"pre": [0, 0, 0], "post": [50, 50, 50]},
						"2.25": [110, 110, 110],
						"2.5": [0, 0, 0]
					}
				}
			}
		},
		"animation.falinks_last_soldier.battle_idle": {
			"loop": true,
			"animation_length": 1.6667,
			"bones": {
				"torso3": {
					"rotation": {
						"0.0833": [0, 0, -10],
						"0.25": [0, 0, 10],
						"0.2917": [-2.5, 0, 10],
						"0.375": [1, 0, 10],
						"0.5": [0, 0, 10],
						"0.6667": [0, 0, -10],
						"0.7083": [-2.5, 0, -10],
						"0.7917": [1, 0, -10],
						"0.9167": [0, 0, -10],
						"1.0833": [0, 0, 10],
						"1.125": [-2.5, 0, 10],
						"1.2083": [1, 0, 10],
						"1.3333": [0, 0, 10],
						"1.5": [0, 0, -10],
						"1.5417": [-2.5, 0, -10],
						"1.625": [1, 0, -10]
					}
				},
				"torso2": {
					"rotation": {
						"0.0417": [0, 0, -10],
						"0.2083": [0, 0, 10],
						"0.25": [-2.5, 0, 10],
						"0.375": [1.5, 0, 10],
						"0.4583": [0, 0, 10],
						"0.625": [0, 0, -10],
						"0.6667": [-2.5, 0, -10],
						"0.7917": [1.5, 0, -10],
						"0.875": [0, 0, -10],
						"1.0417": [0, 0, 10],
						"1.0833": [-2.5, 0, 10],
						"1.2083": [1.5, 0, 10],
						"1.2917": [0, 0, 10],
						"1.4583": [0, 0, -10],
						"1.5": [-2.5, 0, -10],
						"1.625": [1.5, 0, -10]
					}
				},
				"leg_left2": {
					"rotation": {
						"0.0417": [-37.5, 0, 0],
						"0.2083": [5, 0, 0],
						"0.4583": [5, 0, 0],
						"0.625": [-37.5, 0, 0],
						"0.875": [-37.5, 0, 0],
						"1.0417": [5, 0, 0],
						"1.2917": [5, 0, 0],
						"1.4583": [-37.5, 0, 0]
					},
					"position": {
						"0.0417": [0, 0.4, -1],
						"0.2083": [0, 0, 0],
						"0.4583": [0, 0, 0],
						"0.625": [0, 0.4, -1],
						"0.875": [0, 0.4, -1],
						"1.0417": [0, 0, 0],
						"1.2917": [0, 0, 0],
						"1.4583": [0, 0.4, -1]
					}
				},
				"leg_right2": {
					"rotation": {
						"0.0417": [5, 0, 0],
						"0.2083": [-37.5, 0, 0],
						"0.4583": [-37.5, 0, 0],
						"0.625": [5, 0, 0],
						"0.875": [5, 0, 0],
						"1.0417": [-37.5, 0, 0],
						"1.2917": [-37.5, 0, 0],
						"1.4583": [5, 0, 0]
					},
					"position": {
						"0.0417": [0, 0, 0],
						"0.2083": [0, 0.4, -1],
						"0.4583": [0, 0.4, -1],
						"0.625": [0, 0, 0],
						"0.875": [0, 0, 0],
						"1.0417": [0, 0.4, -1],
						"1.2917": [0, 0.4, -1],
						"1.4583": [0, 0, 0]
					}
				},
				"leg_left3": {
					"rotation": {
						"0.0833": [-37.5, 0, 0],
						"0.25": [5, 0, 0],
						"0.5": [5, 0, 0],
						"0.6667": [-37.5, 0, 0],
						"0.9167": [-37.5, 0, 0],
						"1.0833": [5, 0, 0],
						"1.3333": [5, 0, 0],
						"1.5": [-37.5, 0, 0]
					},
					"position": {
						"0.0833": [0, 0.4, -1],
						"0.25": [0, 0, 0],
						"0.5": [0, 0, 0],
						"0.6667": [0, 0.4, -1],
						"0.9167": [0, 0.4, -1],
						"1.0833": [0, 0, 0],
						"1.3333": [0, 0, 0],
						"1.5": [0, 0.4, -1]
					}
				},
				"leg_right3": {
					"rotation": {
						"0.0833": [5, 0, 0],
						"0.25": [-37.5, 0, 0],
						"0.5": [-37.5, 0, 0],
						"0.6667": [5, 0, 0],
						"0.9167": [5, 0, 0],
						"1.0833": [-37.5, 0, 0],
						"1.3333": [-37.5, 0, 0],
						"1.5": [5, 0, 0]
					},
					"position": {
						"0.0833": [0, 0, 0],
						"0.25": [0, 0.4, -1],
						"0.5": [0, 0.4, -1],
						"0.6667": [0, 0, 0],
						"0.9167": [0, 0, 0],
						"1.0833": [0, 0.4, -1],
						"1.3333": [0, 0.4, -1],
						"1.5": [0, 0, 0]
					}
				},
				"torso4": {
					"rotation": {
						"0.0": [0.17, 0, -10],
						"0.0417": [1.5, 0, -10],
						"0.125": [0, 0, -10],
						"0.2917": [0, 0, 10],
						"0.3333": [-2.5, 0, 10],
						"0.4583": [1.5, 0, 10],
						"0.5417": [0, 0, 10],
						"0.7083": [0, 0, -10],
						"0.75": [-2.5, 0, -10],
						"0.8333": [0.17, 0, -10],
						"0.875": [1.5, 0, -10],
						"0.9583": [0, 0, -10],
						"1.125": [0, 0, 10],
						"1.1667": [-2.5, 0, 10],
						"1.2917": [1.5, 0, 10],
						"1.375": [0, 0, 10],
						"1.5417": [0, 0, -10],
						"1.5833": [-2.5, 0, -10],
						"1.6667": [0.17, 0, -10]
					}
				},
				"leg_left4": {
					"rotation": {
						"0.125": [-37.5, 0, 0],
						"0.2917": [5, 0, 0],
						"0.5417": [5, 0, 0],
						"0.7083": [-37.5, 0, 0],
						"0.9583": [-37.5, 0, 0],
						"1.125": [5, 0, 0],
						"1.375": [5, 0, 0],
						"1.5417": [-37.5, 0, 0]
					},
					"position": {
						"0.125": [0, 0.4, -1],
						"0.2917": [0, 0, 0],
						"0.5417": [0, 0, 0],
						"0.7083": [0, 0.4, -1],
						"0.9583": [0, 0.4, -1],
						"1.125": [0, 0, 0],
						"1.375": [0, 0, 0],
						"1.5417": [0, 0.4, -1]
					}
				},
				"leg_right4": {
					"rotation": {
						"0.125": [5, 0, 0],
						"0.2917": [-37.5, 0, 0],
						"0.5417": [-37.5, 0, 0],
						"0.7083": [5, 0, 0],
						"0.9583": [5, 0, 0],
						"1.125": [-37.5, 0, 0],
						"1.375": [-37.5, 0, 0],
						"1.5417": [5, 0, 0]
					},
					"position": {
						"0.125": [0, 0, 0],
						"0.2917": [0, 0.4, -1],
						"0.5417": [0, 0.4, -1],
						"0.7083": [0, 0, 0],
						"0.9583": [0, 0, 0],
						"1.125": [0, 0.4, -1],
						"1.375": [0, 0.4, -1],
						"1.5417": [0, 0, 0]
					}
				},
				"torso5": {
					"rotation": {
						"0.0": [1, 0, -10],
						"0.125": [0, 0, -10],
						"0.3333": [0, 0, 10],
						"0.375": [-2.5, 0, 10],
						"0.5": [1.5, 0, 10],
						"0.5833": [0, 0, 10],
						"0.75": [0, 0, -10],
						"0.7917": [-2.5, 0, -10],
						"0.8333": [-0.75, 0, -10],
						"0.875": [1, 0, -10],
						"1.0": [0, 0, -10],
						"1.1667": [0, 0, 10],
						"1.2083": [-2.5, 0, 10],
						"1.3333": [1.5, 0, 10],
						"1.4167": [0, 0, 10],
						"1.5833": [0, 0, -10],
						"1.625": [-2.5, 0, -10],
						"1.6667": [-0.75, 0, -10]
					}
				},
				"leg_left5": {
					"rotation": {
						"0.1667": [-37.5, 0, 0],
						"0.3333": [5, 0, 0],
						"0.5833": [5, 0, 0],
						"0.75": [-37.5, 0, 0],
						"1.0": [-37.5, 0, 0],
						"1.1667": [5, 0, 0],
						"1.4167": [5, 0, 0],
						"1.5833": [-37.5, 0, 0]
					},
					"position": {
						"0.1667": [0, 0.4, -1],
						"0.3333": [0, 0, 0],
						"0.5833": [0, 0, 0],
						"0.75": [0, 0.4, -1],
						"1.0": [0, 0.4, -1],
						"1.1667": [0, 0, 0],
						"1.4167": [0, 0, 0],
						"1.5833": [0, 0.4, -1]
					}
				},
				"leg_right5": {
					"rotation": {
						"0.1667": [5, 0, 0],
						"0.3333": [-37.5, 0, 0],
						"0.5833": [-37.5, 0, 0],
						"0.75": [5, 0, 0],
						"1.0": [5, 0, 0],
						"1.1667": [-37.5, 0, 0],
						"1.4167": [-37.5, 0, 0],
						"1.5833": [5, 0, 0]
					},
					"position": {
						"0.1667": [0, 0, 0],
						"0.3333": [0, 0.4, -1],
						"0.5833": [0, 0.4, -1],
						"0.75": [0, 0, 0],
						"1.0": [0, 0, 0],
						"1.1667": [0, 0.4, -1],
						"1.4167": [0, 0.4, -1],
						"1.5833": [0, 0, 0]
					}
				},
				"torso6": {
					"rotation": {
						"0.0": [-2.5, 0, -10],
						"0.125": [1.5, 0, -10],
						"0.2083": [0, 0, -10],
						"0.375": [0, 0, 10],
						"0.4167": [-2.5, 0, 10],
						"0.5417": [1.5, 0, 10],
						"0.625": [0, 0, 10],
						"0.7917": [0, 0, -10],
						"0.8333": [-2.5, 0, -10],
						"0.9583": [1.5, 0, -10],
						"1.0417": [0, 0, -10],
						"1.2083": [0, 0, 10],
						"1.25": [-2.5, 0, 10],
						"1.375": [1.5, 0, 10],
						"1.4583": [0, 0, 10],
						"1.625": [0, 0, -10],
						"1.6667": [-2.5, 0, -10]
					}
				},
				"leg_left6": {
					"rotation": {
						"0.2083": [-37.5, 0, 0],
						"0.375": [5, 0, 0],
						"0.625": [5, 0, 0],
						"0.7917": [-37.5, 0, 0],
						"1.0417": [-37.5, 0, 0],
						"1.2083": [5, 0, 0],
						"1.4583": [5, 0, 0],
						"1.625": [-37.5, 0, 0]
					},
					"position": {
						"0.2083": [0, 0.4, -1],
						"0.375": [0, 0, 0],
						"0.625": [0, 0, 0],
						"0.7917": [0, 0.4, -1],
						"1.0417": [0, 0.4, -1],
						"1.2083": [0, 0, 0],
						"1.4583": [0, 0, 0],
						"1.625": [0, 0.4, -1]
					}
				},
				"leg_right6": {
					"rotation": {
						"0.2083": [5, 0, 0],
						"0.375": [-37.5, 0, 0],
						"0.625": [-37.5, 0, 0],
						"0.7917": [5, 0, 0],
						"1.0417": [5, 0, 0],
						"1.2083": [-37.5, 0, 0],
						"1.4583": [-37.5, 0, 0],
						"1.625": [5, 0, 0]
					},
					"position": {
						"0.2083": [0, 0, 0],
						"0.375": [0, 0.4, -1],
						"0.625": [0, 0.4, -1],
						"0.7917": [0, 0, 0],
						"1.0417": [0, 0, 0],
						"1.2083": [0, 0.4, -1],
						"1.4583": [0, 0.4, -1],
						"1.625": [0, 0, 0]
					}
				},
				"body": {
					"rotation": {
						"0.0": [-5, 0, 0],
						"0.0833": [5, 0, 0],
						"0.1667": [-5, 0, 0],
						"0.4167": [-5, 0, 0],
						"0.5": [5, 0, 0],
						"0.5833": [-5, 0, 0],
						"0.8333": [-5, 0, 0],
						"0.9167": [5, 0, 0],
						"1.0": [-5, 0, 0],
						"1.25": [-5, 0, 0],
						"1.3333": [5, 0, 0],
						"1.4167": [-5, 0, 0]
					},
					"position": {
						"0.0": [0, 0, 0],
						"0.0833": [0, 0.3, 0],
						"0.1667": [0, 0, 0],
						"0.4167": [0, 0, 0],
						"0.5": [0, 0.3, 0],
						"0.5833": [0, 0, 0],
						"0.8333": [0, 0, 0],
						"0.9167": [0, 0.3, 0],
						"1.0": [0, 0, 0],
						"1.25": [0, 0, 0],
						"1.3333": [0, 0.3, 0],
						"1.4167": [0, 0, 0]
					}
				},
				"torso1": {
					"rotation": {
						"0.0": [-2.5, 0, -10],
						"0.1667": [0, 0, 10],
						"0.2083": [-2.46207, 0.43399, 9.99067],
						"0.2917": [0.4924, -0.0868, 9.99813],
						"0.4167": [-2.5, 0, 10],
						"0.5833": [0, 0, -10],
						"0.625": [-2.46207, -0.43399, -9.99067],
						"0.7083": [0.4924, 0.0868, -9.99813],
						"0.8333": [-2.5, 0, -10],
						"1.0": [0, 0, 10],
						"1.0417": [-2.46207, 0.43399, 9.99067],
						"1.125": [0.4924, -0.0868, 9.99813],
						"1.25": [-2.5, 0, 10],
						"1.4167": [0, 0, -10],
						"1.4583": [-2.46207, -0.43399, -9.99067],
						"1.5417": [0.4924, 0.0868, -9.99813],
						"1.6667": [-2.5, 0, -10]
					}
				},
				"shield_left1": {
					"rotation": {
						"0.0": [0, 60, 0],
						"0.8333": [0, 60, 0]
					},
					"position": {
						"0.0": [-2, 0, -5.5],
						"0.8333": [-2, 0, -5.5]
					}
				},
				"shield_right1": {
					"rotation": {
						"0.0": [0, -60, 0],
						"0.8333": [0, -60, 0]
					},
					"position": {
						"0.0": [2, 0, -5.5],
						"0.8333": [2, 0, -5.5]
					}
				},
				"leg_left1": {
					"rotation": {
						"0.0": [-37.5, 0, 0],
						"0.1667": [5, 0, 0],
						"0.4167": [5, 0, 0],
						"0.5833": [-37.5, 0, 0],
						"0.8333": [-37.5, 0, 0],
						"1.0": [5, 0, 0],
						"1.25": [5, 0, 0],
						"1.4167": [-37.5, 0, 0]
					},
					"position": {
						"0.0": [0, 0.4, -1],
						"0.1667": [0, 0, 0],
						"0.4167": [0, 0, 0],
						"0.5833": [0, 0.4, -1],
						"0.8333": [0, 0.4, -1],
						"1.0": [0, 0, 0],
						"1.25": [0, 0, 0],
						"1.4167": [0, 0.4, -1]
					}
				},
				"leg_right1": {
					"rotation": {
						"0.0": [5, 0, 0],
						"0.1667": [-37.5, 0, 0],
						"0.4167": [-37.5, 0, 0],
						"0.5833": [5, 0, 0],
						"0.8333": [5, 0, 0],
						"1.0": [-37.5, 0, 0],
						"1.25": [-37.5, 0, 0],
						"1.4167": [5, 0, 0]
					},
					"position": {
						"0.0": [0, 0, 0],
						"0.1667": [0, 0.4, -1],
						"0.4167": [0, 0.4, -1],
						"0.5833": [0, 0, 0],
						"0.8333": [0, 0, 0],
						"1.0": [0, 0.4, -1],
						"1.25": [0, 0.4, -1],
						"1.4167": [0, 0, 0]
					}
				},
				"body2": {
					"rotation": {
						"0.0417": [-5, 0, 0],
						"0.125": [5, 0, 0],
						"0.2083": [-5, 0, 0],
						"0.4583": [-5, 0, 0],
						"0.5417": [5, 0, 0],
						"0.625": [-5, 0, 0],
						"0.875": [-5, 0, 0],
						"0.9583": [5, 0, 0],
						"1.0417": [-5, 0, 0],
						"1.2917": [-5, 0, 0],
						"1.375": [5, 0, 0],
						"1.4583": [-5, 0, 0]
					},
					"position": {
						"0.0417": [0, 0, 0],
						"0.125": [0, 0.3, 0],
						"0.2083": [0, 0, 0],
						"0.4583": [0, 0, 0],
						"0.5417": [0, 0.3, 0],
						"0.625": [0, 0, 0],
						"0.875": [0, 0, 0],
						"0.9583": [0, 0.3, 0],
						"1.0417": [0, 0, 0],
						"1.2917": [0, 0, 0],
						"1.375": [0, 0.3, 0],
						"1.4583": [0, 0, 0]
					}
				},
				"body3": {
					"rotation": {
						"0.0833": [-5, 0, 0],
						"0.1667": [5, 0, 0],
						"0.25": [-5, 0, 0],
						"0.5": [-5, 0, 0],
						"0.5833": [5, 0, 0],
						"0.6667": [-5, 0, 0],
						"0.9167": [-5, 0, 0],
						"1.0": [5, 0, 0],
						"1.0833": [-5, 0, 0],
						"1.3333": [-5, 0, 0],
						"1.4167": [5, 0, 0],
						"1.5": [-5, 0, 0]
					},
					"position": {
						"0.0833": [0, 0, 0],
						"0.1667": [0, 0.3, 0],
						"0.25": [0, 0, 0],
						"0.5": [0, 0, 0],
						"0.5833": [0, 0.3, 0],
						"0.6667": [0, 0, 0],
						"0.9167": [0, 0, 0],
						"1.0": [0, 0.3, 0],
						"1.0833": [0, 0, 0],
						"1.3333": [0, 0, 0],
						"1.4167": [0, 0.3, 0],
						"1.5": [0, 0, 0]
					}
				},
				"body4": {
					"rotation": {
						"0.125": [-5, 0, 0],
						"0.2083": [5, 0, 0],
						"0.2917": [-5, 0, 0],
						"0.5417": [-5, 0, 0],
						"0.625": [5, 0, 0],
						"0.7083": [-5, 0, 0],
						"0.9583": [-5, 0, 0],
						"1.0417": [5, 0, 0],
						"1.125": [-5, 0, 0],
						"1.375": [-5, 0, 0],
						"1.4583": [5, 0, 0],
						"1.5417": [-5, 0, 0]
					},
					"position": {
						"0.125": [0, 0, 0],
						"0.2083": [0, 0.3, 0],
						"0.2917": [0, 0, 0],
						"0.5417": [0, 0, 0],
						"0.625": [0, 0.3, 0],
						"0.7083": [0, 0, 0],
						"0.9583": [0, 0, 0],
						"1.0417": [0, 0.3, 0],
						"1.125": [0, 0, 0],
						"1.375": [0, 0, 0],
						"1.4583": [0, 0.3, 0],
						"1.5417": [0, 0, 0]
					}
				},
				"body5": {
					"rotation": {
						"0.1667": [-5, 0, 0],
						"0.25": [5, 0, 0],
						"0.3333": [-5, 0, 0],
						"0.5833": [-5, 0, 0],
						"0.6667": [5, 0, 0],
						"0.75": [-5, 0, 0],
						"1.0": [-5, 0, 0],
						"1.0833": [5, 0, 0],
						"1.1667": [-5, 0, 0],
						"1.4167": [-5, 0, 0],
						"1.5": [5, 0, 0],
						"1.5833": [-5, 0, 0]
					},
					"position": {
						"0.1667": [0, 0, 0],
						"0.25": [0, 0.3, 0],
						"0.3333": [0, 0, 0],
						"0.5833": [0, 0, 0],
						"0.6667": [0, 0.3, 0],
						"0.75": [0, 0, 0],
						"1.0": [0, 0, 0],
						"1.0833": [0, 0.3, 0],
						"1.1667": [0, 0, 0],
						"1.4167": [0, 0, 0],
						"1.5": [0, 0.3, 0],
						"1.5833": [0, 0, 0]
					}
				},
				"body6": {
					"rotation": {
						"0.2083": [-5, 0, 0],
						"0.2917": [5, 0, 0],
						"0.375": [-5, 0, 0],
						"0.625": [-5, 0, 0],
						"0.7083": [5, 0, 0],
						"0.7917": [-5, 0, 0],
						"1.0417": [-5, 0, 0],
						"1.125": [5, 0, 0],
						"1.2083": [-5, 0, 0],
						"1.4583": [-5, 0, 0],
						"1.5417": [5, 0, 0],
						"1.625": [-5, 0, 0]
					},
					"position": {
						"0.2083": [0, 0, 0],
						"0.2917": [0, 0.3, 0],
						"0.375": [0, 0, 0],
						"0.625": [0, 0, 0],
						"0.7083": [0, 0.3, 0],
						"0.7917": [0, 0, 0],
						"1.0417": [0, 0, 0],
						"1.125": [0, 0.3, 0],
						"1.2083": [0, 0, 0],
						"1.4583": [0, 0, 0],
						"1.5417": [0, 0.3, 0],
						"1.625": [0, 0, 0]
					}
				},
				"flame2": {
					"scale": 0
				},
				"flame3": {
					"scale": 0
				},
				"flame4": {
					"scale": 0
				},
				"flame5": {
					"scale": 0
				},
				"flame6": {
					"scale": 0
				}
			}
		},
		"animation.falinks_last_soldier.battle_idle2": {
			"loop": true,
			"animation_length": 1.6667,
			"bones": {
				"torso3": {
					"rotation": {
						"0.0833": [0, 0, -10],
						"0.25": [0, 0, 10],
						"0.2917": [-2.5, 0, 10],
						"0.375": [1, 0, 10],
						"0.5": [0, 0, 10],
						"0.6667": [0, 0, -10],
						"0.7083": [-2.5, 0, -10],
						"0.7917": [1, 0, -10],
						"0.9167": [0, 0, -10],
						"1.0833": [0, 0, 10],
						"1.125": [-2.5, 0, 10],
						"1.2083": [1, 0, 10],
						"1.3333": [0, 0, 10],
						"1.5": [0, 0, -10],
						"1.5417": [-2.5, 0, -10],
						"1.625": [1, 0, -10]
					}
				},
				"torso2": {
					"rotation": {
						"0.0417": [0, 0, -10],
						"0.2083": [0, 0, 10],
						"0.25": [-2.5, 0, 10],
						"0.375": [1.5, 0, 10],
						"0.4583": [0, 0, 10],
						"0.625": [0, 0, -10],
						"0.6667": [-2.5, 0, -10],
						"0.7917": [1.5, 0, -10],
						"0.875": [0, 0, -10],
						"1.0417": [0, 0, 10],
						"1.0833": [-2.5, 0, 10],
						"1.2083": [1.5, 0, 10],
						"1.2917": [0, 0, 10],
						"1.4583": [0, 0, -10],
						"1.5": [-2.5, 0, -10],
						"1.625": [1.5, 0, -10]
					}
				},
				"leg_left2": {
					"rotation": {
						"0.0417": [-37.5, 0, 0],
						"0.2083": [5, 0, 0],
						"0.4583": [5, 0, 0],
						"0.625": [-37.5, 0, 0],
						"0.875": [-37.5, 0, 0],
						"1.0417": [5, 0, 0],
						"1.2917": [5, 0, 0],
						"1.4583": [-37.5, 0, 0]
					},
					"position": {
						"0.0417": [0, 0.4, -1],
						"0.2083": [0, 0, 0],
						"0.4583": [0, 0, 0],
						"0.625": [0, 0.4, -1],
						"0.875": [0, 0.4, -1],
						"1.0417": [0, 0, 0],
						"1.2917": [0, 0, 0],
						"1.4583": [0, 0.4, -1]
					}
				},
				"leg_right2": {
					"rotation": {
						"0.0417": [5, 0, 0],
						"0.2083": [-37.5, 0, 0],
						"0.4583": [-37.5, 0, 0],
						"0.625": [5, 0, 0],
						"0.875": [5, 0, 0],
						"1.0417": [-37.5, 0, 0],
						"1.2917": [-37.5, 0, 0],
						"1.4583": [5, 0, 0]
					},
					"position": {
						"0.0417": [0, 0, 0],
						"0.2083": [0, 0.4, -1],
						"0.4583": [0, 0.4, -1],
						"0.625": [0, 0, 0],
						"0.875": [0, 0, 0],
						"1.0417": [0, 0.4, -1],
						"1.2917": [0, 0.4, -1],
						"1.4583": [0, 0, 0]
					}
				},
				"leg_left3": {
					"rotation": {
						"0.0833": [-37.5, 0, 0],
						"0.25": [5, 0, 0],
						"0.5": [5, 0, 0],
						"0.6667": [-37.5, 0, 0],
						"0.9167": [-37.5, 0, 0],
						"1.0833": [5, 0, 0],
						"1.3333": [5, 0, 0],
						"1.5": [-37.5, 0, 0]
					},
					"position": {
						"0.0833": [0, 0.4, -1],
						"0.25": [0, 0, 0],
						"0.5": [0, 0, 0],
						"0.6667": [0, 0.4, -1],
						"0.9167": [0, 0.4, -1],
						"1.0833": [0, 0, 0],
						"1.3333": [0, 0, 0],
						"1.5": [0, 0.4, -1]
					}
				},
				"leg_right3": {
					"rotation": {
						"0.0833": [5, 0, 0],
						"0.25": [-37.5, 0, 0],
						"0.5": [-37.5, 0, 0],
						"0.6667": [5, 0, 0],
						"0.9167": [5, 0, 0],
						"1.0833": [-37.5, 0, 0],
						"1.3333": [-37.5, 0, 0],
						"1.5": [5, 0, 0]
					},
					"position": {
						"0.0833": [0, 0, 0],
						"0.25": [0, 0.4, -1],
						"0.5": [0, 0.4, -1],
						"0.6667": [0, 0, 0],
						"0.9167": [0, 0, 0],
						"1.0833": [0, 0.4, -1],
						"1.3333": [0, 0.4, -1],
						"1.5": [0, 0, 0]
					}
				},
				"torso4": {
					"rotation": {
						"0.0": [0.17, 0, -10],
						"0.0417": [1.5, 0, -10],
						"0.125": [0, 0, -10],
						"0.2917": [0, 0, 10],
						"0.3333": [-2.5, 0, 10],
						"0.4583": [1.5, 0, 10],
						"0.5417": [0, 0, 10],
						"0.7083": [0, 0, -10],
						"0.75": [-2.5, 0, -10],
						"0.8333": [0.17, 0, -10],
						"0.875": [1.5, 0, -10],
						"0.9583": [0, 0, -10],
						"1.125": [0, 0, 10],
						"1.1667": [-2.5, 0, 10],
						"1.2917": [1.5, 0, 10],
						"1.375": [0, 0, 10],
						"1.5417": [0, 0, -10],
						"1.5833": [-2.5, 0, -10],
						"1.6667": [0.17, 0, -10]
					}
				},
				"leg_left4": {
					"rotation": {
						"0.125": [-37.5, 0, 0],
						"0.2917": [5, 0, 0],
						"0.5417": [5, 0, 0],
						"0.7083": [-37.5, 0, 0],
						"0.9583": [-37.5, 0, 0],
						"1.125": [5, 0, 0],
						"1.375": [5, 0, 0],
						"1.5417": [-37.5, 0, 0]
					},
					"position": {
						"0.125": [0, 0.4, -1],
						"0.2917": [0, 0, 0],
						"0.5417": [0, 0, 0],
						"0.7083": [0, 0.4, -1],
						"0.9583": [0, 0.4, -1],
						"1.125": [0, 0, 0],
						"1.375": [0, 0, 0],
						"1.5417": [0, 0.4, -1]
					}
				},
				"leg_right4": {
					"rotation": {
						"0.125": [5, 0, 0],
						"0.2917": [-37.5, 0, 0],
						"0.5417": [-37.5, 0, 0],
						"0.7083": [5, 0, 0],
						"0.9583": [5, 0, 0],
						"1.125": [-37.5, 0, 0],
						"1.375": [-37.5, 0, 0],
						"1.5417": [5, 0, 0]
					},
					"position": {
						"0.125": [0, 0, 0],
						"0.2917": [0, 0.4, -1],
						"0.5417": [0, 0.4, -1],
						"0.7083": [0, 0, 0],
						"0.9583": [0, 0, 0],
						"1.125": [0, 0.4, -1],
						"1.375": [0, 0.4, -1],
						"1.5417": [0, 0, 0]
					}
				},
				"torso5": {
					"rotation": {
						"0.0": [1, 0, -10],
						"0.125": [0, 0, -10],
						"0.3333": [0, 0, 10],
						"0.375": [-2.5, 0, 10],
						"0.5": [1.5, 0, 10],
						"0.5833": [0, 0, 10],
						"0.75": [0, 0, -10],
						"0.7917": [-2.5, 0, -10],
						"0.8333": [-0.75, 0, -10],
						"0.875": [1, 0, -10],
						"1.0": [0, 0, -10],
						"1.1667": [0, 0, 10],
						"1.2083": [-2.5, 0, 10],
						"1.3333": [1.5, 0, 10],
						"1.4167": [0, 0, 10],
						"1.5833": [0, 0, -10],
						"1.625": [-2.5, 0, -10],
						"1.6667": [-0.75, 0, -10]
					}
				},
				"leg_left5": {
					"rotation": {
						"0.1667": [-37.5, 0, 0],
						"0.3333": [5, 0, 0],
						"0.5833": [5, 0, 0],
						"0.75": [-37.5, 0, 0],
						"1.0": [-37.5, 0, 0],
						"1.1667": [5, 0, 0],
						"1.4167": [5, 0, 0],
						"1.5833": [-37.5, 0, 0]
					},
					"position": {
						"0.1667": [0, 0.4, -1],
						"0.3333": [0, 0, 0],
						"0.5833": [0, 0, 0],
						"0.75": [0, 0.4, -1],
						"1.0": [0, 0.4, -1],
						"1.1667": [0, 0, 0],
						"1.4167": [0, 0, 0],
						"1.5833": [0, 0.4, -1]
					}
				},
				"leg_right5": {
					"rotation": {
						"0.1667": [5, 0, 0],
						"0.3333": [-37.5, 0, 0],
						"0.5833": [-37.5, 0, 0],
						"0.75": [5, 0, 0],
						"1.0": [5, 0, 0],
						"1.1667": [-37.5, 0, 0],
						"1.4167": [-37.5, 0, 0],
						"1.5833": [5, 0, 0]
					},
					"position": {
						"0.1667": [0, 0, 0],
						"0.3333": [0, 0.4, -1],
						"0.5833": [0, 0.4, -1],
						"0.75": [0, 0, 0],
						"1.0": [0, 0, 0],
						"1.1667": [0, 0.4, -1],
						"1.4167": [0, 0.4, -1],
						"1.5833": [0, 0, 0]
					}
				},
				"torso6": {
					"rotation": {
						"0.0": [-2.5, 0, -10],
						"0.125": [1.5, 0, -10],
						"0.2083": [0, 0, -10],
						"0.375": [0, 0, 10],
						"0.4167": [-2.5, 0, 10],
						"0.5417": [1.5, 0, 10],
						"0.625": [0, 0, 10],
						"0.7917": [0, 0, -10],
						"0.8333": [-2.5, 0, -10],
						"0.9583": [1.5, 0, -10],
						"1.0417": [0, 0, -10],
						"1.2083": [0, 0, 10],
						"1.25": [-2.5, 0, 10],
						"1.375": [1.5, 0, 10],
						"1.4583": [0, 0, 10],
						"1.625": [0, 0, -10],
						"1.6667": [-2.5, 0, -10]
					}
				},
				"leg_left6": {
					"rotation": {
						"0.2083": [-37.5, 0, 0],
						"0.375": [5, 0, 0],
						"0.625": [5, 0, 0],
						"0.7917": [-37.5, 0, 0],
						"1.0417": [-37.5, 0, 0],
						"1.2083": [5, 0, 0],
						"1.4583": [5, 0, 0],
						"1.625": [-37.5, 0, 0]
					},
					"position": {
						"0.2083": [0, 0.4, -1],
						"0.375": [0, 0, 0],
						"0.625": [0, 0, 0],
						"0.7917": [0, 0.4, -1],
						"1.0417": [0, 0.4, -1],
						"1.2083": [0, 0, 0],
						"1.4583": [0, 0, 0],
						"1.625": [0, 0.4, -1]
					}
				},
				"leg_right6": {
					"rotation": {
						"0.2083": [5, 0, 0],
						"0.375": [-37.5, 0, 0],
						"0.625": [-37.5, 0, 0],
						"0.7917": [5, 0, 0],
						"1.0417": [5, 0, 0],
						"1.2083": [-37.5, 0, 0],
						"1.4583": [-37.5, 0, 0],
						"1.625": [5, 0, 0]
					},
					"position": {
						"0.2083": [0, 0, 0],
						"0.375": [0, 0.4, -1],
						"0.625": [0, 0.4, -1],
						"0.7917": [0, 0, 0],
						"1.0417": [0, 0, 0],
						"1.2083": [0, 0.4, -1],
						"1.4583": [0, 0.4, -1],
						"1.625": [0, 0, 0]
					}
				},
				"body": {
					"rotation": {
						"0.0": [-5, 0, 0],
						"0.0833": [5, 0, 0],
						"0.1667": [-5, 0, 0],
						"0.4167": [-5, 0, 0],
						"0.5": [5, 0, 0],
						"0.5833": [-5, 0, 0],
						"0.8333": [-5, 0, 0],
						"0.9167": [5, 0, 0],
						"1.0": [-5, 0, 0],
						"1.25": [-5, 0, 0],
						"1.3333": [5, 0, 0],
						"1.4167": [-5, 0, 0]
					},
					"position": {
						"0.0": [0, 0, 11],
						"0.0833": [0, 0.3, 11],
						"0.1667": [0, 0, 11],
						"0.4167": [0, 0, 11],
						"0.5": [0, 0.3, 11],
						"0.5833": [0, 0, 11],
						"0.8333": [0, 0, 11],
						"0.9167": [0, 0.3, 11],
						"1.0": [0, 0, 11],
						"1.25": [0, 0, 11],
						"1.3333": [0, 0.3, 11],
						"1.4167": [0, 0, 11]
					}
				},
				"torso1": {
					"rotation": {
						"0.0": [-2.5, 0, -10],
						"0.1667": [0, 0, 10],
						"0.2083": [-2.46207, 0.43399, 9.99067],
						"0.2917": [0.4924, -0.0868, 9.99813],
						"0.4167": [-2.5, 0, 10],
						"0.5833": [0, 0, -10],
						"0.625": [-2.46207, -0.43399, -9.99067],
						"0.7083": [0.4924, 0.0868, -9.99813],
						"0.8333": [-2.5, 0, -10],
						"1.0": [0, 0, 10],
						"1.0417": [-2.46207, 0.43399, 9.99067],
						"1.125": [0.4924, -0.0868, 9.99813],
						"1.25": [-2.5, 0, 10],
						"1.4167": [0, 0, -10],
						"1.4583": [-2.46207, -0.43399, -9.99067],
						"1.5417": [0.4924, 0.0868, -9.99813],
						"1.6667": [-2.5, 0, -10]
					}
				},
				"shield_left1": {
					"rotation": {
						"0.0": [0, 60, 0],
						"0.8333": [0, 60, 0]
					},
					"position": {
						"0.0": [-2, 0, -5.5],
						"0.8333": [-2, 0, -5.5]
					}
				},
				"shield_right1": {
					"rotation": {
						"0.0": [0, -60, 0],
						"0.8333": [0, -60, 0]
					},
					"position": {
						"0.0": [2, 0, -5.5],
						"0.8333": [2, 0, -5.5]
					}
				},
				"leg_left1": {
					"rotation": {
						"0.0": [-37.5, 0, 0],
						"0.1667": [5, 0, 0],
						"0.4167": [5, 0, 0],
						"0.5833": [-37.5, 0, 0],
						"0.8333": [-37.5, 0, 0],
						"1.0": [5, 0, 0],
						"1.25": [5, 0, 0],
						"1.4167": [-37.5, 0, 0]
					},
					"position": {
						"0.0": [0, 0.4, -1],
						"0.1667": [0, 0, 0],
						"0.4167": [0, 0, 0],
						"0.5833": [0, 0.4, -1],
						"0.8333": [0, 0.4, -1],
						"1.0": [0, 0, 0],
						"1.25": [0, 0, 0],
						"1.4167": [0, 0.4, -1]
					}
				},
				"leg_right1": {
					"rotation": {
						"0.0": [5, 0, 0],
						"0.1667": [-37.5, 0, 0],
						"0.4167": [-37.5, 0, 0],
						"0.5833": [5, 0, 0],
						"0.8333": [5, 0, 0],
						"1.0": [-37.5, 0, 0],
						"1.25": [-37.5, 0, 0],
						"1.4167": [5, 0, 0]
					},
					"position": {
						"0.0": [0, 0, 0],
						"0.1667": [0, 0.4, -1],
						"0.4167": [0, 0.4, -1],
						"0.5833": [0, 0, 0],
						"0.8333": [0, 0, 0],
						"1.0": [0, 0.4, -1],
						"1.25": [0, 0.4, -1],
						"1.4167": [0, 0, 0]
					}
				},
				"body2": {
					"rotation": {
						"0.0417": [-5, 0, 0],
						"0.125": [5, 0, 0],
						"0.2083": [-5, 0, 0],
						"0.4583": [-5, 0, 0],
						"0.5417": [5, 0, 0],
						"0.625": [-5, 0, 0],
						"0.875": [-5, 0, 0],
						"0.9583": [5, 0, 0],
						"1.0417": [-5, 0, 0],
						"1.2917": [-5, 0, 0],
						"1.375": [5, 0, 0],
						"1.4583": [-5, 0, 0]
					},
					"position": {
						"0.0": [7, 0, 11],
						"0.0417": [7, 0, 11],
						"0.125": [7, 0.3, 11],
						"0.2083": [7, 0, 11],
						"0.4583": [7, 0, 11],
						"0.5417": [7, 0.3, 11],
						"0.625": [7, 0, 11],
						"0.875": [7, 0, 11],
						"0.9583": [7, 0.3, 11],
						"1.0417": [7, 0, 11],
						"1.2917": [7, 0, 11],
						"1.375": [7, 0.3, 11],
						"1.4583": [7, 0, 11]
					}
				},
				"body3": {
					"rotation": {
						"0.0833": [-5, 0, 0],
						"0.1667": [5, 0, 0],
						"0.25": [-5, 0, 0],
						"0.5": [-5, 0, 0],
						"0.5833": [5, 0, 0],
						"0.6667": [-5, 0, 0],
						"0.9167": [-5, 0, 0],
						"1.0": [5, 0, 0],
						"1.0833": [-5, 0, 0],
						"1.3333": [-5, 0, 0],
						"1.4167": [5, 0, 0],
						"1.5": [-5, 0, 0]
					},
					"position": {
						"0.0": [-7, 0, 0],
						"0.0833": [-7, 0, 0],
						"0.1667": [-7, 0.3, 0],
						"0.25": [-7, 0, 0],
						"0.5": [-7, 0, 0],
						"0.5833": [-7, 0.3, 0],
						"0.6667": [-7, 0, 0],
						"0.9167": [-7, 0, 0],
						"1.0": [-7, 0.3, 0],
						"1.0833": [-7, 0, 0],
						"1.3333": [-7, 0, 0],
						"1.4167": [-7, 0.3, 0],
						"1.5": [-7, 0, 0]
					}
				},
				"body4": {
					"rotation": {
						"0.125": [-5, 0, 0],
						"0.2083": [5, 0, 0],
						"0.2917": [-5, 0, 0],
						"0.5417": [-5, 0, 0],
						"0.625": [5, 0, 0],
						"0.7083": [-5, 0, 0],
						"0.9583": [-5, 0, 0],
						"1.0417": [5, 0, 0],
						"1.125": [-5, 0, 0],
						"1.375": [-5, 0, 0],
						"1.4583": [5, 0, 0],
						"1.5417": [-5, 0, 0]
					},
					"position": {
						"0.125": [0, 0, 0],
						"0.2083": [0, 0.3, 0],
						"0.2917": [0, 0, 0],
						"0.5417": [0, 0, 0],
						"0.625": [0, 0.3, 0],
						"0.7083": [0, 0, 0],
						"0.9583": [0, 0, 0],
						"1.0417": [0, 0.3, 0],
						"1.125": [0, 0, 0],
						"1.375": [0, 0, 0],
						"1.4583": [0, 0.3, 0],
						"1.5417": [0, 0, 0]
					}
				},
				"body5": {
					"rotation": {
						"0.1667": [-5, 0, 0],
						"0.25": [5, 0, 0],
						"0.3333": [-5, 0, 0],
						"0.5833": [-5, 0, 0],
						"0.6667": [5, 0, 0],
						"0.75": [-5, 0, 0],
						"1.0": [-5, 0, 0],
						"1.0833": [5, 0, 0],
						"1.1667": [-5, 0, 0],
						"1.4167": [-5, 0, 0],
						"1.5": [5, 0, 0],
						"1.5833": [-5, 0, 0]
					},
					"position": {
						"0.0": [-14, 0, -11],
						"0.1667": [-14, 0, -11],
						"0.25": [-14, 0.3, -11],
						"0.3333": [-14, 0, -11],
						"0.5833": [-14, 0, -11],
						"0.6667": [-14, 0.3, -11],
						"0.75": [-14, 0, -11],
						"1.0": [-14, 0, -11],
						"1.0833": [-14, 0.3, -11],
						"1.1667": [-14, 0, -11],
						"1.4167": [-14, 0, -11],
						"1.5": [-14, 0.3, -11],
						"1.5833": [-14, 0, -11]
					}
				},
				"body6": {
					"rotation": {
						"0.2083": [-5, 0, 0],
						"0.2917": [5, 0, 0],
						"0.375": [-5, 0, 0],
						"0.625": [-5, 0, 0],
						"0.7083": [5, 0, 0],
						"0.7917": [-5, 0, 0],
						"1.0417": [-5, 0, 0],
						"1.125": [5, 0, 0],
						"1.2083": [-5, 0, 0],
						"1.4583": [-5, 0, 0],
						"1.5417": [5, 0, 0],
						"1.625": [-5, 0, 0]
					},
					"position": {
						"0.0": [14, 0, -22],
						"0.2083": [14, 0, -22],
						"0.2917": [14, 0.3, -22],
						"0.375": [14, 0, -22],
						"0.625": [14, 0, -22],
						"0.7083": [14, 0.3, -22],
						"0.7917": [14, 0, -22],
						"1.0417": [14, 0, -22],
						"1.125": [14, 0.3, -22],
						"1.2083": [14, 0, -22],
						"1.4583": [14, 0, -22],
						"1.5417": [14, 0.3, -22],
						"1.625": [14, 0, -22]
					}
				},
				"flame2": {
					"scale": 0
				},
				"flame3": {
					"scale": 0
				},
				"flame4": {
					"scale": 0
				},
				"flame5": {
					"scale": 0
				},
				"flame6": {
					"scale": 0
				}
			}
		},
		"animation.falinks_last_soldier.sleep": {
			"loop": true,
			"animation_length": 4,
			"bones": {
				"falinks": {
					"position": [0, 0, 14]
				},
				"torso2": {
					"rotation": ["-1*math.cos(q.anim_time*90*1-30)", 0, 0],
					"position": [0, "0.1*math.cos(q.anim_time*90*1-30)", 0]
				},
				"leg_left2": {
					"rotation": [-50.9068, -1.96791, -13.23465],
					"position": [0.5, 0, -2]
				},
				"leg_right2": {
					"rotation": [-36.12048, 22.14986, 19.4638],
					"position": [0, -0.1, -2.4]
				},
				"torso3": {
					"rotation": ["-1*math.cos(q.anim_time*90*1+50)", 0, 0],
					"position": [-1, "0.1*math.cos(q.anim_time*90*1+50)", 0]
				},
				"leg_left3": {
					"rotation": [-61.15273, -10.24269, -19.66295],
					"position": [0, 0, -1.8]
				},
				"leg_right3": {
					"rotation": [-53.79378, 22.17534, 2.57588],
					"position": [-1.2, -0.3, -1.9]
				},
				"torso4": {
					"rotation": ["-1*math.cos(q.anim_time*90*1+90)", 0, 0],
					"position": [0, "0.1*math.cos(q.anim_time*90*1+90)", 0]
				},
				"leg_left4": {
					"rotation": [-70.06023, -17.21891, -11.69586],
					"position": [0.5, -0.7, -1.8]
				},
				"leg_right4": {
					"rotation": [-51.09653, 16.82007, 30.48515],
					"position": [-0.6, -0.1, -2.4]
				},
				"torso5": {
					"rotation": ["-1*math.cos(q.anim_time*90*1-30)", 0, 0],
					"position": [0, "0.1*math.cos(q.anim_time*90*1-30)", 0]
				},
				"leg_left5": {
					"rotation": [-60.68306, -9.69452, -21.67701],
					"position": [0, -0.9, -2.4]
				},
				"leg_right5": {
					"rotation": [-48.77859, 29.9167, 36.71231],
					"position": [-0.5, 0, -2.1]
				},
				"torso6": {
					"rotation": ["-1*math.cos(q.anim_time*90*1-60)", 0, 0],
					"position": [0, "0.1*math.cos(q.anim_time*90*1-60)", 0]
				},
				"leg_left6": {
					"rotation": [-59.55418, -15.40409, -21.49571],
					"position": [0.5, -0.4, -1.9]
				},
				"leg_right6": {
					"rotation": [-70.63695, 18.36283, 27.10874],
					"position": [-0.7, -0.5, -2]
				},
				"body": {
					"rotation": [-15, 0, 0],
					"position": [1, -1.5, 1]
				},
				"torso1": {
					"rotation": ["-1*math.cos(q.anim_time*90*1-90)", 0, 0],
					"position": [0, "0.1*math.cos(q.anim_time*90*1-90)", 0]
				},
				"eyelid_left1": {
					"position": [0, 0, -0.1]
				},
				"leg_left1": {
					"rotation": [-54.30263, -14.82301, -6.29103],
					"position": [1.3, -0.2, -2]
				},
				"leg_right1": {
					"rotation": [-51.75678, 6.92254, 4.01959],
					"position": [-1.5, 0, -2]
				},
				"body2": {
					"rotation": [-7.8692, 52.4275, 15.52178],
					"position": [-7.5, -2, -5]
				},
				"body3": {
					"rotation": [-35.73156, -67.88563, 18.10346],
					"position": [9, -2, -17]
				},
				"body4": {
					"rotation": [-546.97522, 67.66272, -530.65929],
					"position": [-7.55, -2, -18.8]
				},
				"body5": {
					"rotation": [-561.02459, 14.72985, -532.55175],
					"position": [0.25, -2, -25]
				},
				"body6": {
					"rotation": [-558.9788, -60.18068, -533.73388],
					"position": [8.5, -2, -40.75]
				},
				"eye_left2": {
					"scale": 0
				},
				"eye_right2": {
					"scale": 0
				},
				"eye_left3": {
					"scale": 0
				},
				"eye_right3": {
					"scale": 0
				},
				"eye_left4": {
					"scale": 0
				},
				"eye_right4": {
					"scale": 0
				},
				"eye_left5": {
					"scale": 0
				},
				"eye_right5": {
					"scale": 0
				},
				"eye_left6": {
					"scale": 0
				},
				"eye_right6": {
					"scale": 0
				},
				"eyebrow_left1": {
					"position": [0, 0, 0.1]
				},
				"flame2": {
					"scale": 0
				},
				"flame3": {
					"scale": 0
				},
				"flame4": {
					"scale": 0
				},
				"flame5": {
					"scale": 0
				},
				"flame6": {
					"scale": 0
				}
			}
		},
		"animation.falinks_last_soldier.physical_attack": {
			"loop": true,
			"animation_length": 1.4583,
			"bones": {
				"spike": {
					"position": {
						"0.0": [0, 0, 0],
						"0.1667": [0, 0.4, -0.2],
						"1.125": [0, 0.4, -0.2],
						"1.2917": [0, 0, 0]
					},
					"scale": {
						"0.0": [1, 1, 1],
						"0.1667": [1, 1.7, 1],
						"1.125": [1, 1.7, 1],
						"1.2917": [1, 1, 1]
					}
				},
				"leg_left2": {
					"rotation": {
						"0.0417": ["20*math.sin(q.anim_time*90*6)", 0, 0],
						"0.5417": [-21, 0, 0],
						"0.6667": [24, 0, 0],
						"0.8333": [24, 0, 0],
						"1.125": [-21, 0, 0],
						"1.25": [0, 0, 0]
					},
					"position": {
						"0.0417": [0, 0, 0],
						"0.125": [0, 0, 0.5],
						"0.2083": [0, 0, 0.49],
						"0.3333": [0, 0.96, -0.72],
						"0.5417": [0, 0.4, -1.8],
						"0.6667": [0, 0.5, -1.8],
						"0.875": [0, 0.5, -1.8],
						"1.2917": [0, 0, 0]
					}
				},
				"leg_right2": {
					"rotation": {
						"0.0": [0, 0, 0],
						"0.1667": [21.4, 0, 0],
						"0.4167": [-17.21, 0, 0],
						"0.5417": [-20, 0, 0],
						"0.6667": [26, 0, 0],
						"0.875": [26, 0, 0],
						"1.125": [-14, 0, 0],
						"1.25": [0, 0, 0]
					},
					"position": {
						"0.0417": [0, 0, 0],
						"0.125": [0, 0.8, 0.8],
						"0.25": [0, -0.2, 1.1],
						"0.4167": [0, -0.2, -0.29],
						"0.5417": [0, -0.2, -0.3],
						"0.6667": [0, -0.3, 1.1],
						"0.875": [0, -0.3, 1.1],
						"1.0417": [0, 0.55, 0.7],
						"1.25": [0, 0, 0]
					}
				},
				"leg_left3": {
					"rotation": {
						"0.0833": ["20*math.sin(q.anim_time*90*6)", 0, 0],
						"0.5833": [-21, 0, 0],
						"0.7083": [24, 0, 0],
						"0.875": [24, 0, 0],
						"1.1667": [-21, 0, 0],
						"1.2917": [0, 0, 0]
					},
					"position": {
						"0.0833": [0, 0, 0],
						"0.1667": [0, 0, 0.5],
						"0.25": [0, 0, 0.49],
						"0.375": [0, 0.96, -0.72],
						"0.5833": [0, 0.4, -1.8],
						"0.7083": [0, 0.5, -1.8],
						"0.9167": [0, 0.5, -1.8],
						"1.3333": [0, 0, 0]
					}
				},
				"leg_right3": {
					"rotation": {
						"0.0": [0, 0, 0],
						"0.2083": [21.4, 0, 0],
						"0.4583": [-17.21, 0, 0],
						"0.5833": [-20, 0, 0],
						"0.7083": [26, 0, 0],
						"0.9167": [26, 0, 0],
						"1.1667": [-14, 0, 0],
						"1.2917": [0, 0, 0]
					},
					"position": {
						"0.0833": [0, 0, 0],
						"0.1667": [0, 0.8, 0.8],
						"0.2917": [0, -0.2, 1.1],
						"0.4583": [0, -0.2, -0.29],
						"0.5833": [0, -0.2, -0.3],
						"0.7083": [0, -0.3, 1.1],
						"0.9167": [0, -0.3, 1.1],
						"1.0833": [0, 0.55, 0.7],
						"1.2917": [0, 0, 0]
					}
				},
				"leg_left4": {
					"rotation": {
						"0.125": ["20*math.sin(q.anim_time*90*6)", 0, 0],
						"0.625": [-21, 0, 0],
						"0.75": [24, 0, 0],
						"0.9167": [24, 0, 0],
						"1.2083": [-21, 0, 0],
						"1.3333": [0, 0, 0]
					},
					"position": {
						"0.125": [0, 0, 0],
						"0.2083": [0, 0, 0.5],
						"0.2917": [0, 0, 0.49],
						"0.4167": [0, 0.96, -0.72],
						"0.625": [0, 0.4, -1.8],
						"0.75": [0, 0.5, -1.8],
						"0.9583": [0, 0.5, -1.8],
						"1.375": [0, 0, 0]
					}
				},
				"leg_right4": {
					"rotation": {
						"0.0": [0, 0, 0],
						"0.25": [21.4, 0, 0],
						"0.5": [-17.21, 0, 0],
						"0.625": [-20, 0, 0],
						"0.75": [26, 0, 0],
						"0.9583": [26, 0, 0],
						"1.2083": [-14, 0, 0],
						"1.3333": [0, 0, 0]
					},
					"position": {
						"0.125": [0, 0, 0],
						"0.2083": [0, 0.8, 0.8],
						"0.3333": [0, -0.2, 1.1],
						"0.5": [0, -0.2, -0.29],
						"0.625": [0, -0.2, -0.3],
						"0.75": [0, -0.3, 1.1],
						"0.9583": [0, -0.3, 1.1],
						"1.125": [0, 0.55, 0.7],
						"1.3333": [0, 0, 0]
					}
				},
				"leg_left5": {
					"rotation": {
						"0.1667": ["20*math.sin(q.anim_time*90*6)", 0, 0],
						"0.6667": [-21, 0, 0],
						"0.7917": [24, 0, 0],
						"0.9583": [24, 0, 0],
						"1.25": [-21, 0, 0],
						"1.375": [0, 0, 0]
					},
					"position": {
						"0.1667": [0, 0, 0],
						"0.25": [0, 0, 0.5],
						"0.3333": [0, 0, 0.49],
						"0.4583": [0, 0.96, -0.72],
						"0.6667": [0, 0.4, -1.8],
						"0.7917": [0, 0.5, -1.8],
						"1.0": [0, 0.5, -1.8],
						"1.4167": [0, 0, 0]
					}
				},
				"leg_right5": {
					"rotation": {
						"0.0": [0, 0, 0],
						"0.2917": [21.4, 0, 0],
						"0.5417": [-17.21, 0, 0],
						"0.6667": [-20, 0, 0],
						"0.7917": [26, 0, 0],
						"1.0": [26, 0, 0],
						"1.25": [-14, 0, 0],
						"1.375": [0, 0, 0]
					},
					"position": {
						"0.1667": [0, 0, 0],
						"0.25": [0, 0.8, 0.8],
						"0.375": [0, -0.2, 1.1],
						"0.5417": [0, -0.2, -0.29],
						"0.6667": [0, -0.2, -0.3],
						"0.7917": [0, -0.3, 1.1],
						"1.0": [0, -0.3, 1.1],
						"1.1667": [0, 0.55, 0.7],
						"1.375": [0, 0, 0]
					}
				},
				"leg_left6": {
					"rotation": {
						"0.2083": ["20*math.sin(q.anim_time*90*6)", 0, 0],
						"0.7083": [-21, 0, 0],
						"0.8333": [24, 0, 0],
						"1.0": [24, 0, 0],
						"1.2917": [-21, 0, 0],
						"1.4167": [0, 0, 0]
					},
					"position": {
						"0.2083": [0, 0, 0],
						"0.2917": [0, 0, 0.5],
						"0.375": [0, 0, 0.49],
						"0.5": [0, 0.96, -0.72],
						"0.7083": [0, 0.4, -1.8],
						"0.8333": [0, 0.5, -1.8],
						"1.0417": [0, 0.5, -1.8],
						"1.4583": [0, 0, 0]
					}
				},
				"leg_right6": {
					"rotation": {
						"0.0": [0, 0, 0],
						"0.3333": [21.4, 0, 0],
						"0.5833": [-17.21, 0, 0],
						"0.7083": [-20, 0, 0],
						"0.8333": [26, 0, 0],
						"1.0417": [26, 0, 0],
						"1.2917": [-14, 0, 0],
						"1.4167": [0, 0, 0]
					},
					"position": {
						"0.2083": [0, 0, 0],
						"0.2917": [0, 0.8, 0.8],
						"0.4167": [0, -0.2, 1.1],
						"0.5833": [0, -0.2, -0.29],
						"0.7083": [0, -0.2, -0.3],
						"0.8333": [0, -0.3, 1.1],
						"1.0417": [0, -0.3, 1.1],
						"1.2083": [0, 0.55, 0.7],
						"1.4167": [0, 0, 0]
					}
				},
				"torso2": {
					"rotation": {
						"0.0": [0, 0, 0],
						"0.5": [0, 0, 0],
						"0.625": ["-1-15*math.sin(q.anim_time*90*6)", 0, 0],
						"1.0": [0.1, 0, 0]
					}
				},
				"torso3": {
					"rotation": {
						"0.0": [0, 0, 0],
						"0.5": [0, 0, 0],
						"0.625": ["-1-15*math.sin(q.anim_time*90*6)", 0, 0],
						"1.0": [0.1, 0, 0]
					}
				},
				"torso4": {
					"rotation": {
						"0.0": [0, 0, 0],
						"0.5": [0, 0, 0],
						"0.625": ["-1-15*math.sin(q.anim_time*90*6)", 0, 0],
						"1.0": [0.1, 0, 0]
					}
				},
				"torso5": {
					"rotation": {
						"0.0": [0, 0, 0],
						"0.5": [0, 0, 0],
						"0.625": ["-1-15*math.sin(q.anim_time*90*6)", 0, 0],
						"1.0": [0.1, 0, 0]
					}
				},
				"torso6": {
					"rotation": {
						"0.0": [0, 0, 0],
						"0.5": [0, 0, 0],
						"0.625": ["-1-15*math.sin(q.anim_time*90*6)", 0, 0],
						"1.0": [0.1, 0, 0]
					}
				},
				"body": {
					"rotation": {
						"0.0": ["-20*math.sin(q.anim_time*90*6)", 0, 0],
						"0.5": [20, 0, 0],
						"0.9583": [20, 0, 0],
						"1.25": [0.1, 0, 0]
					},
					"position": {
						"0.0": [0, 0, 0],
						"0.5": [0, 0, -1],
						"0.625": [0, 0, -10],
						"0.9583": [0, 0, "-6+4*math.sin(q.anim_time*90*4)"],
						"1.2083": [0, 0, 0]
					}
				},
				"torso1": {
					"rotation": {
						"0.0": [0, 0, 0],
						"0.5": [0, 0, 0],
						"0.625": ["-1-15*math.sin(q.anim_time*90*6)", 0, 0],
						"1.0": [0.1, 0, 0]
					}
				},
				"shield_left1": {
					"rotation": {
						"0.0": [0, 60, 0],
						"0.1667": [0, 0, 0],
						"1.0833": [0, 0, 0],
						"1.25": [0, 60, 0]
					},
					"position": {
						"0.0": [-2, 0, -5.5],
						"0.0833": [0, 0, -5.5],
						"0.1667": [0, 0, 0],
						"1.0833": [0, 0, 0],
						"1.2083": [0, 0, -5.5],
						"1.2917": [-2, 0, -5.5]
					}
				},
				"shield_right1": {
					"rotation": {
						"0.0": [0, -60, 0],
						"0.1667": [0, 0, 0],
						"1.0833": [0, 0, 0],
						"1.25": [0, -60, 0]
					},
					"position": {
						"0.0": [2, 0, -5.5],
						"0.0833": [0, 0, -5.5],
						"0.1667": [0, 0, 0],
						"1.0833": [0, 0, 0],
						"1.2083": [0, 0, -5.5],
						"1.2917": [2, 0, -5.5]
					}
				},
				"leg_left1": {
					"rotation": {
						"0.0": ["20*math.sin(q.anim_time*90*6)", 0, 0],
						"0.5": [-21, 0, 0],
						"0.625": [24, 0, 0],
						"0.7917": [24, 0, 0],
						"1.0833": [-21, 0, 0],
						"1.2083": [0, 0, 0]
					},
					"position": {
						"0.0": [0, 0, 0],
						"0.0833": [0, 0, 0.8],
						"0.1667": [0, 0, 0.79],
						"0.2917": [0, 0.96, -0.72],
						"0.5": [0, 0.4, -1.8],
						"0.625": [0, 0.5, -1.8],
						"0.8333": [0, 0.5, -1.8],
						"1.25": [0, 0, 0]
					}
				},
				"leg_right1": {
					"rotation": {
						"0.0": [0, 0, 0],
						"0.125": [21.4, 0, 0],
						"0.375": [-17.21, 0, 0],
						"0.5": [-20, 0, 0],
						"0.625": [26, 0, 0],
						"0.8333": [26, 0, 0],
						"1.0833": [-14, 0, 0],
						"1.2083": [0, 0, 0]
					},
					"position": {
						"0.0": [0, 0, 0],
						"0.0833": [0, 0.8, 0.8],
						"0.2083": [0, -0.2, 1.1],
						"0.375": [0, -0.2, -0.29],
						"0.5": [0, -0.2, -0.3],
						"0.625": [0, -0.3, 1.1],
						"0.8333": [0, -0.3, 1.1],
						"1.0": [0, 0.55, 0.7],
						"1.2083": [0, 0, 0]
					}
				},
				"body2": {
					"rotation": {
						"0.0417": ["4-20*math.sin(q.anim_time*90*6+10)", 0, 0],
						"0.5417": [20, 0, 0],
						"1.0": [20, 0, 0],
						"1.2917": [0.1, 0, 0]
					},
					"position": {
						"0.0417": [0, 0, 0],
						"0.5417": [0, 0, 0],
						"0.6667": [0, 0, -8],
						"1.0": [0, 0, "-4+4*math.sin(q.anim_time*90*4)"],
						"1.25": [0, 0, 0]
					}
				},
				"body3": {
					"rotation": {
						"0.0833": ["6-20*math.sin(q.anim_time*90*6+10)", 0, 0],
						"0.5833": [20, 0, 0],
						"1.0417": [20, 0, 0],
						"1.3333": [0.1, 0, 0]
					},
					"position": {
						"0.0833": [0, 0, 0],
						"0.5833": [0, 0, 0],
						"0.7083": [0, 0, -8],
						"1.0417": [0, 0, "-4+4*math.sin(q.anim_time*90*4)"],
						"1.2917": [0, 0, 0]
					}
				},
				"body4": {
					"rotation": {
						"0.125": ["-20*math.sin(q.anim_time*90*6)", 0, 0],
						"0.625": [20, 0, 0],
						"1.0833": [20, 0, 0],
						"1.375": [0.1, 0, 0]
					},
					"position": {
						"0.125": [0, 0, 0],
						"0.625": [0, 0, 0],
						"0.75": [0, 0, -8],
						"1.0833": [0, 0, "-4+4*math.sin(q.anim_time*90*4)"],
						"1.3333": [0, 0, 0]
					}
				},
				"body5": {
					"rotation": {
						"0.1667": ["-20*math.sin(q.anim_time*90*6)", 0, 0],
						"0.6667": [20, 0, 0],
						"1.125": [20, 0, 0],
						"1.4167": [0.1, 0, 0]
					},
					"position": {
						"0.1667": [0, 0, 0],
						"0.6667": [0, 0, 0],
						"0.7917": [0, 0, -8],
						"1.125": [0, 0, "-4+4*math.sin(q.anim_time*90*4)"],
						"1.375": [0, 0, 0]
					}
				},
				"body6": {
					"rotation": {
						"0.2083": ["-20*math.sin(q.anim_time*90*6)", 0, 0],
						"0.7083": [20, 0, 0],
						"1.1667": [20, 0, 0],
						"1.4583": [0.1, 0, 0]
					},
					"position": {
						"0.2083": [0, 0, 1],
						"0.7083": [0, 0, 1],
						"0.8333": [0, 0, -7],
						"1.1667": [0, 0, "-3+4*math.sin(q.anim_time*90*4)"],
						"1.4167": [0, 0, 1]
					}
				},
				"flame2": {
					"scale": 0
				},
				"flame3": {
					"scale": 0
				},
				"flame4": {
					"scale": 0
				},
				"flame5": {
					"scale": 0
				},
				"flame6": {
					"scale": 0
				}
			}
		},
		"animation.falinks_last_soldier.blink": {
			"animation_length": 0.1667,
			"bones": {
				"eyelid_left1": {
					"position": {
						"0.0": [0, 0, -0.1],
						"0.125": [0, 0, -0.1],
						"0.1667": [0, 0, 0]
					}
				},
				"eyebrow_left1": {
					"rotation": [0, 0, 12.5],
					"position": {
						"0.0": [0, 0, 0.1],
						"0.1667": {"pre": [0, 0, 0.1], "post": [0, 0, 0]}
					}
				}
			}
		},
		"animation.falinks_last_soldier.blink2": {
			"animation_length": 0.1667,
			"bones": {
				"eye_left2": {
					"scale": {
						"0.0": [1, 0, 1],
						"0.1667": {"pre": [1, 0, 1], "post": [1, 1, 1]}
					}
				},
				"eye_right2": {
					"scale": {
						"0.0": [1, 0, 1],
						"0.1667": {"pre": [1, 0, 1], "post": [1, 1, 1]}
					}
				}
			}
		},
		"animation.falinks_last_soldier.blink3": {
			"animation_length": 0.1667,
			"bones": {
				"eye_left3": {
					"scale": [1, 0, 1]
				},
				"eye_right3": {
					"scale": [1, 0, 1]
				}
			}
		},
		"animation.falinks_last_soldier.blink4": {
			"animation_length": 0.1667,
			"bones": {
				"eye_left4": {
					"scale": [1, 0, 1]
				},
				"eye_right4": {
					"scale": [1, 0, 1]
				}
			}
		},
		"animation.falinks_last_soldier.blink5": {
			"animation_length": 0.1667,
			"bones": {
				"eye_left5": {
					"scale": [1, 0, 1]
				},
				"eye_right5": {
					"scale": [1, 0, 1]
				}
			}
		},
		"animation.falinks_last_soldier.blink6": {
			"animation_length": 0.1667,
			"bones": {
				"eye_left6": {
					"scale": [1, 0, 1]
				},
				"eye_right6": {
					"scale": [1, 0, 1]
				}
			}
		}
	}
}