{
	"format_version": "1.8.0",
	"animations": {
		"animation.falinks_gunslinger.ground_idle": {
			"loop": true,
			"animation_length": 2,
			"bones": {
				"torso2": {
					"rotation": ["-2*math.sin(q.anim_time*90*4-120)", 0, "-3*math.sin(q.anim_time*90*2-120)"],
					"position": ["0.1*math.cos(q.anim_time*90*2-120)", 0, 0]
				},
				"leg_left2": {
					"rotation": [0, 0, "-4+4*math.cos(q.anim_time*90*2-120)"],
					"position": ["0.25*math.cos(q.anim_time*90*2-120)", 0, 0]
				},
				"leg_right2": {
					"rotation": [0, 0, "4+4*math.cos(q.anim_time*90*2-120)"],
					"position": ["0.25*math.cos(q.anim_time*90*2-120)", 0, 0]
				},
				"torso3": {
					"rotation": ["-2*math.sin(q.anim_time*90*4-150)", 0, "3*math.sin(q.anim_time*90*2+150)"],
					"position": ["0.1*math.cos(q.anim_time*90*2-150)", 0, 0]
				},
				"leg_left3": {
					"rotation": [0, 0, "-4+4*math.cos(q.anim_time*90*2-150)"],
					"position": ["0.25*math.cos(q.anim_time*90*2-150)", 0, 0]
				},
				"leg_right3": {
					"rotation": [0, 0, "4+4*math.cos(q.anim_time*90*2-150)"],
					"position": ["0.25*math.cos(q.anim_time*90*2-150)", 0, 0]
				},
				"torso4": {
					"rotation": ["-2*math.sin(q.anim_time*90*4-180)", 0, "-3*math.sin(q.anim_time*90*2-180)"],
					"position": ["0.1*math.cos(q.anim_time*90*2-180)", 0, 0]
				},
				"leg_left4": {
					"rotation": [0, 0, "-4+4*math.cos(q.anim_time*90*2-180)"],
					"position": ["0.25*math.cos(q.anim_time*90*2-180)", 0, 0]
				},
				"leg_right4": {
					"rotation": [0, 0, "4+4*math.cos(q.anim_time*90*2-180)"],
					"position": ["0.25*math.cos(q.anim_time*90*2-180)", 0, 0]
				},
				"torso5": {
					"rotation": ["-2*math.sin(q.anim_time*90*4-210)", 0, "3*math.sin(q.anim_time*90*2+210)"],
					"position": ["0.1*math.cos(q.anim_time*90*2-210)", 0, 0]
				},
				"leg_left5": {
					"rotation": [0, 0, "-4+4*math.cos(q.anim_time*90*2-210)"],
					"position": ["0.25*math.cos(q.anim_time*90*2-210)", 0, 0]
				},
				"leg_right5": {
					"rotation": [0, 0, "4+4*math.cos(q.anim_time*90*2-210)"],
					"position": ["0.25*math.cos(q.anim_time*90*2-210)", 0, 0]
				},
				"torso1": {
					"rotation": ["-2*math.sin(q.anim_time*90*4-90)", 0, "-3*math.sin(q.anim_time*90*2-90)"],
					"position": ["0.1*math.cos(q.anim_time*90*2-90)", 0, 0]
				},
				"leg_left1": {
					"rotation": [0, 0, "-4+4*math.cos(q.anim_time*90*2-90)"],
					"position": ["0.25*math.cos(q.anim_time*90*2-90)", 0, 0]
				},
				"leg_right1": {
					"rotation": [0, 0, "4+4*math.cos(q.anim_time*90*2-90)"],
					"position": ["0.25*math.cos(q.anim_time*90*2-90)", 0, 0]
				},
				"body": {
					"position": ["-0.75*math.cos(q.anim_time*90*2-150)", 0, 0]
				},
				"body3": {
					"position": ["-0.5*math.cos(q.anim_time*90*2+150)", 0, 0]
				},
				"body4": {
					"position": ["-0.75*math.cos(q.anim_time*90*2+175)", 0, 0]
				},
				"body5": {
					"position": ["-0.75*math.cos(q.anim_time*90*2-200)", 0, 0]
				}
			}
		},
		"animation.falinks_gunslinger.summary_idle": {
			"loop": true,
			"animation_length": 2,
			"bones": {
				"torso2": {
					"rotation": ["-2*math.sin(q.anim_time*90*4-120)", 0, "-3*math.sin(q.anim_time*90*2-120)"],
					"position": ["0.1*math.cos(q.anim_time*90*2-120)", 0, 0]
				},
				"leg_left2": {
					"rotation": [0, 0, "-4+4*math.cos(q.anim_time*90*2-120)"],
					"position": ["0.25*math.cos(q.anim_time*90*2-120)", 0, 0]
				},
				"leg_right2": {
					"rotation": [0, 0, "4+4*math.cos(q.anim_time*90*2-120)"],
					"position": ["0.25*math.cos(q.anim_time*90*2-120)", 0, 0]
				},
				"torso3": {
					"rotation": ["-2*math.sin(q.anim_time*90*4-150)", 0, "3*math.sin(q.anim_time*90*2+150)"],
					"position": ["0.1*math.cos(q.anim_time*90*2-150)", 0, 0]
				},
				"leg_left3": {
					"rotation": [0, 0, "-4+4*math.cos(q.anim_time*90*2-150)"],
					"position": ["0.25*math.cos(q.anim_time*90*2-150)", 0, 0]
				},
				"leg_right3": {
					"rotation": [0, 0, "4+4*math.cos(q.anim_time*90*2-150)"],
					"position": ["0.25*math.cos(q.anim_time*90*2-150)", 0, 0]
				},
				"torso4": {
					"rotation": ["-2*math.sin(q.anim_time*90*4-180)", 0, "-3*math.sin(q.anim_time*90*2-180)"],
					"position": ["0.1*math.cos(q.anim_time*90*2-180)", 0, 0]
				},
				"leg_left4": {
					"rotation": [0, 0, "-4+4*math.cos(q.anim_time*90*2-180)"],
					"position": ["0.25*math.cos(q.anim_time*90*2-180)", 0, 0]
				},
				"leg_right4": {
					"rotation": [0, 0, "4+4*math.cos(q.anim_time*90*2-180)"],
					"position": ["0.25*math.cos(q.anim_time*90*2-180)", 0, 0]
				},
				"torso5": {
					"rotation": ["-2*math.sin(q.anim_time*90*4-210)", 0, "3*math.sin(q.anim_time*90*2+210)"],
					"position": ["0.1*math.cos(q.anim_time*90*2-210)", 0, 0]
				},
				"leg_left5": {
					"rotation": [0, 0, "-4+4*math.cos(q.anim_time*90*2-210)"],
					"position": ["0.25*math.cos(q.anim_time*90*2-210)", 0, 0]
				},
				"leg_right5": {
					"rotation": [0, 0, "4+4*math.cos(q.anim_time*90*2-210)"],
					"position": ["0.25*math.cos(q.anim_time*90*2-210)", 0, 0]
				},
				"torso1": {
					"rotation": ["-2*math.sin(q.anim_time*90*4-90)", 0, "-3*math.sin(q.anim_time*90*2-90)"],
					"position": ["0.1*math.cos(q.anim_time*90*2-90)", 0, 0]
				},
				"leg_left1": {
					"rotation": [0, 0, "-4+4*math.cos(q.anim_time*90*2-90)"],
					"position": ["0.25*math.cos(q.anim_time*90*2-90)", 0, 0]
				},
				"leg_right1": {
					"rotation": [0, 0, "4+4*math.cos(q.anim_time*90*2-90)"],
					"position": ["0.25*math.cos(q.anim_time*90*2-90)", 0, 0]
				},
				"body": {
					"position": ["-0.5*math.cos(q.anim_time*90*2-150)", -29, 0]
				},
				"body3": {
					"position": [-6, -13, 0]
				},
				"body4": {
					"position": ["6-0.75*math.cos(q.anim_time*90*2+150)", -13, 0]
				},
				"body5": {
					"position": ["-6-0.5*math.cos(q.anim_time*90*2-150)", -26, 0]
				},
				"body2": {
					"position": [6, 0, 0]
				}
			}
		},
		"animation.falinks_gunslinger.ground_walk": {
			"loop": true,
			"bones": {
				"torso1": {
					"rotation": [
						"math.sin(q.anim_time*90*4*2-180-90-60-60-60-60-60)*5 + math.sin(q.anim_time*90*4*3*2+180-270-180-180-180-180-180)*5/10",
						"math.sin(q.anim_time*90*4-180-30-30-30-30-30)*5 + math.sin(q.anim_time*90*4*3+180-90-90-90-90-90)*5/10",
						"math.sin(q.anim_time*90*4-30-30-30-30-30)*5 + math.sin(q.anim_time*90*4*3-90-90-90-90-90)*5/10"
					],
					"position": [0, "2.5*math.abs(math.sin(q.anim_time*90*4-30-30-30-30-30)*0.5 + math.sin(q.anim_time*90*4*3-90-90-90-90-90)*0.5/10)", 0]
				},
				"shield_left1": {
					"rotation": [0, 70, 0],
					"position": [-1.5, 0.5, -5.5]
				},
				"shield_right1": {
					"rotation": [0, -70, 0],
					"position": [1.75, 0.5, -5.5]
				},
				"leg_left1": {
					"position": [0, "2.5*math.abs(math.sin(q.anim_time*90*4-30-30-30-30)*0.5 + math.sin(q.anim_time*90*4*3-90-90-90-90)*0.5/10)", 0]
				},
				"leg_right1": {
					"position": [0, "2.5*math.abs(math.sin(q.anim_time*90*4-30-30-30-30)*0.5 + math.sin(q.anim_time*90*4*3-90-90-90-90)*0.5/10)", 0]
				},
				"torso2": {
					"rotation": [
						"math.sin(q.anim_time*90*4*2-180-90-60)*5 + math.sin(q.anim_time*90*4*3*2+180-270-180)*5/10",
						"math.sin(q.anim_time*90*4-180-30)*5 + math.sin(q.anim_time*90*4*3+180-90)*5/10",
						"math.sin(q.anim_time*90*4-30)*5 + math.sin(q.anim_time*90*4*3-90)*5/10"
					],
					"position": [0, "2.5*math.abs(math.sin(q.anim_time*90*4-30)*0.5 + math.sin(q.anim_time*90*4*3-90)*0.5/10)", 0]
				},
				"leg_left2": {
					"rotation": ["-20+math.sin(q.anim_time*90*4-180-5-30)*-45 - math.sin(q.anim_time*90*4*3+180-15-90)*45/10", 0, 0],
					"position": [
						0,
						"1+math.sin(q.anim_time*90*4-180-30)*0.5 + math.sin(q.anim_time*90*4*3+180-90)*1/10",
						"-0.75+math.sin(q.anim_time*90*4-180-30)*-1 - math.sin(q.anim_time*90*4*3+180-90)*2/10 + 2*math.sin(q.anim_time*90*4-90-30 + math.sin(q.anim_time*90*4-90-30)*30)"
					]
				},
				"leg_right2": {
					"rotation": ["-20+math.sin(q.anim_time*90*4-180-5-30)*45 + math.sin(q.anim_time*90*4*3+180-15-90)*45/10", 0, 0],
					"position": [
						0,
						"1+math.sin(q.anim_time*90*4-30)*0.5 + math.sin(q.anim_time*90*4*3-90)*1/10",
						"-0.75+math.sin(q.anim_time*90*4-30)*-1 - math.sin(q.anim_time*90*4*3-90)*2/10 + 2*math.sin(q.anim_time*90*4-90-180-30 + math.sin(q.anim_time*90*4-90-180-30)*30)"
					]
				},
				"torso3": {
					"rotation": [
						"math.sin(q.anim_time*90*4*2-180-90-60-60)*5 + math.sin(q.anim_time*90*4*3*2+180-270-180-180)*5/10",
						"math.sin(q.anim_time*90*4-180-30-30)*5 + math.sin(q.anim_time*90*4*3+180-90-90)*5/10",
						"math.sin(q.anim_time*90*4-30-30)*5 + math.sin(q.anim_time*90*4*3-90-90)*5/10"
					],
					"position": [0, "2.5*math.abs(math.sin(q.anim_time*90*4-30-30)*0.5 + math.sin(q.anim_time*90*4*3-90-90)*0.5/10)", 0]
				},
				"leg_left3": {
					"position": [0, "2.5*math.abs(math.sin(q.anim_time*90*4-30)*0.5 + math.sin(q.anim_time*90*4*3-90)*0.5/10)", 0]
				},
				"leg_right3": {
					"position": [0, "2.5*math.abs(math.sin(q.anim_time*90*4-30)*0.5 + math.sin(q.anim_time*90*4*3-90)*0.5/10)", 0]
				},
				"torso4": {
					"rotation": [
						"math.sin(q.anim_time*90*4*2-180-90-60-60-60)*5 + math.sin(q.anim_time*90*4*3*2+180-270-180-180-180)*5/10",
						"math.sin(q.anim_time*90*4-180-30-30-30)*5 + math.sin(q.anim_time*90*4*3+180-90-90-90)*5/10",
						"math.sin(q.anim_time*90*4-30-30-30)*5 + math.sin(q.anim_time*90*4*3-90-90-90)*5/10"
					],
					"position": [0, "2.5*math.abs(math.sin(q.anim_time*90*4-30-30-30)*0.5 + math.sin(q.anim_time*90*4*3-90-90-90)*0.5/10)", 0]
				},
				"leg_left4": {
					"position": [0, "2.5*math.abs(math.sin(q.anim_time*90*4-30-30)*0.5 + math.sin(q.anim_time*90*4*3-90-90)*0.5/10)", 0]
				},
				"leg_right4": {
					"position": [0, "2.5*math.abs(math.sin(q.anim_time*90*4-30-30)*0.5 + math.sin(q.anim_time*90*4*3-90-90)*0.5/10)", 0]
				},
				"torso5": {
					"rotation": [
						"math.sin(q.anim_time*90*4*2-180-90-60-60-60-60)*5 + math.sin(q.anim_time*90*4*3*2+180-270-180-180-180-180)*5/10",
						"math.sin(q.anim_time*90*4-180-30-30-30-30)*5 + math.sin(q.anim_time*90*4*3+180-90-90-90-90)*5/10",
						"math.sin(q.anim_time*90*4-30-30-30-30)*5 + math.sin(q.anim_time*90*4*3-90-90-90-90)*5/10"
					],
					"position": [0, "2.5*math.abs(math.sin(q.anim_time*90*4-30-30-30-30)*0.5 + math.sin(q.anim_time*90*4*3-90-90-90-90)*0.5/10)", 0]
				},
				"leg_left5": {
					"position": [0, "2.5*math.abs(math.sin(q.anim_time*90*4-30-30-30)*0.5 + math.sin(q.anim_time*90*4*3-90-90-90)*0.5/10)", 0]
				},
				"leg_right5": {
					"position": [0, "2.5*math.abs(math.sin(q.anim_time*90*4-30-30-30)*0.5 + math.sin(q.anim_time*90*4*3-90-90-90)*0.5/10)", 0]
				}
			}
		},
		"animation.falinks_gunslinger.cry": {
			"animation_length": 1,
			"bones": {
				"torso2": {
					"rotation": {
						"0.9583": ["-10*math.sin(q.anim_time*90*2)", 0, "10*math.sin(q.anim_time*90*4)"],
						"1.0": [0, 0, 0]
					}
				},
				"torso3": {
					"rotation": {
						"0.9583": ["-10*math.sin(q.anim_time*90*2)", 0, "-10*math.sin(q.anim_time*90*4)"],
						"1.0": [0, 0, 0]
					}
				},
				"torso4": {
					"rotation": {
						"0.9583": ["-10*math.sin(q.anim_time*90*2)", 0, "10*math.sin(q.anim_time*90*4)"],
						"1.0": [0, 0, 0]
					}
				},
				"torso5": {
					"rotation": {
						"0.9583": ["-10*math.sin(q.anim_time*90*2)", 0, "-10*math.sin(q.anim_time*90*4)"],
						"1.0": [0, 0, 0]
					}
				},
				"torso1": {
					"rotation": {
						"0.9583": ["-10*math.sin(q.anim_time*90*2)", 0, "-10*math.sin(q.anim_time*90*4)"],
						"1.0": [0, 0, 0]
					}
				}
			}
		},
		"animation.falinks_gunslinger.faint": {
			"loop": true,
			"animation_length": 3,
			"bones": {
				"torso2": {
					"rotation": {
						"0.0": [0, 0, 0],
						"0.2917": {
							"pre": [-10, 0, 10],
							"post": [-10, 0, 10],
							"lerp_mode": "catmullrom"
						},
						"0.6667": {
							"post": [0, 27, -10],
							"lerp_mode": "catmullrom"
						},
						"1.0": {
							"post": [0, 0, 10],
							"lerp_mode": "catmullrom"
						},
						"1.3333": {
							"post": [-37.5, 0, -10],
							"lerp_mode": "catmullrom"
						},
						"1.5": {
							"post": [0, 0, -6.67],
							"lerp_mode": "catmullrom"
						},
						"1.8333": [0, 0, 0]
					}
				},
				"eyelid_left2": {
					"position": {
						"0.2917": [0, 0, 0],
						"0.3333": [0, 0, -0.1],
						"0.4583": [0, 0, -0.1],
						"0.5": [0, 0, 0],
						"0.625": [0, 0, 0],
						"0.6667": [0, 0, -0.1],
						"0.7917": [0, 0, -0.1],
						"0.8333": [0, 0, 0],
						"1.1667": [0, 0, 0],
						"1.2083": [0, 0, -0.1]
					}
				},
				"eyelid_right2": {
					"position": {
						"0.2917": [0, 0, 0],
						"0.3333": [0, 0, -0.1],
						"0.4583": [0, 0, -0.1],
						"0.5": [0, 0, 0],
						"0.625": [0, 0, 0],
						"0.6667": [0, 0, -0.1],
						"0.7917": [0, 0, -0.1],
						"0.8333": [0, 0, 0],
						"1.1667": [0, 0, 0],
						"1.2083": [0, 0, -0.1]
					}
				},
				"leg_left2": {
					"rotation": {
						"0.0": {
							"post": [0, 0, 0],
							"lerp_mode": "catmullrom"
						},
						"0.2083": {
							"post": [-18, 0, 0],
							"lerp_mode": "catmullrom"
						},
						"0.4583": {
							"post": [18, 0, 0],
							"lerp_mode": "catmullrom"
						},
						"0.7083": {
							"post": [-39, 0, 0],
							"lerp_mode": "catmullrom"
						},
						"1.2083": {
							"post": [40, 0, 0],
							"lerp_mode": "catmullrom"
						},
						"1.5417": [-40, 0, 0]
					},
					"position": {
						"0.0": [0, 0, 0],
						"0.2083": [0, 0, 0],
						"0.4583": [0, 0, 0.4],
						"0.7083": [0, 0.5, -0.5],
						"0.9583": [0, -0.15, 0],
						"1.2083": [0, 0, 0.6],
						"1.5": [0, 0, 0.6],
						"1.625": [0, 0, -0.5]
					}
				},
				"leg_right2": {
					"rotation": {
						"0.0": {
							"post": [2, 0, 0],
							"lerp_mode": "catmullrom"
						},
						"0.1667": {
							"post": [34, 13.57, 0],
							"lerp_mode": "catmullrom"
						},
						"0.4583": {
							"post": [1, 16.5, 0],
							"lerp_mode": "catmullrom"
						},
						"0.6667": {
							"post": [42, -49, 0],
							"lerp_mode": "catmullrom"
						},
						"1.0833": {
							"post": [-38, 0, 0],
							"lerp_mode": "catmullrom"
						},
						"1.4583": {
							"post": [42, 0, 0],
							"lerp_mode": "catmullrom"
						},
						"1.7083": [-40, 0, 0]
					},
					"position": {
						"0.0": [0, 0, 0],
						"0.2083": [0, 0, 0],
						"0.5833": [0.5, 0, 0],
						"0.875": [0.23, 0.64, -0.65],
						"1.0833": [0, 0, -0.5]
					}
				},
				"torso3": {
					"rotation": {
						"0.0": [0, "35*math.sin(q.anim_time*90*1)", "-25*math.sin(q.anim_time*90*1)"],
						"1.0": [0, 0, 0],
						"1.0833": [0, 0, -14.5],
						"1.25": [0, 0, 0],
						"1.3333": [0, 0, -5],
						"1.4583": [0, 0, -2.5]
					}
				},
				"eyelid_left3": {
					"position": {
						"0.0833": [0, 0, 0],
						"0.125": [0, 0, -0.1],
						"0.25": [0, 0, -0.1],
						"0.2917": [0, 0, 0],
						"0.5": [0, 0, 0],
						"0.5417": [0, 0, -0.1]
					}
				},
				"eyelid_right3": {
					"position": {
						"0.0833": [0, 0, 0],
						"0.125": [0, 0, -0.1],
						"0.25": [0, 0, -0.1],
						"0.2917": [0, 0, 0],
						"0.5": [0, 0, 0],
						"0.5417": [0, 0, -0.1]
					}
				},
				"leg_left3": {
					"rotation": {
						"0.0": [0, 0, 0],
						"0.6667": [-32, -4, -28],
						"1.0": [0, 0, 0],
						"1.125": [-12.5, 0, -17.5]
					},
					"position": {
						"0.0": [0, 0, 0],
						"0.6667": [0, 0, 0],
						"0.8333": [0, 1, 0],
						"1.0": [0, 0, 0]
					}
				},
				"leg_right3": {
					"rotation": {
						"0.0": [0, 0, 0],
						"0.125": [0, 0, 7.5],
						"0.5": [0, 0, 7.5],
						"1.0833": [-12.5, 0, -17.5]
					},
					"position": {
						"0.0": [0, 0, 0],
						"0.125": [0, -0.5, 0.1],
						"0.3333": [0, 0.5, 0.3],
						"0.4583": [0, -0.5, 0.4],
						"0.6667": [0, 0, 0.5],
						"1.0": [0, 0, 0]
					}
				},
				"eyelid_left4": {
					"position": {
						"0.0417": [0, 0, 0],
						"0.0833": [0, 0, -0.1],
						"0.2083": [0, 0, -0.1],
						"0.25": [0, 0, 0],
						"0.75": [0, 0, 0],
						"0.7917": [0, 0, -0.1]
					}
				},
				"eyelid_right4": {
					"position": {
						"0.0417": [0, 0, 0],
						"0.0833": [0, 0, -0.1],
						"0.2083": [0, 0, -0.1],
						"0.25": [0, 0, 0],
						"0.75": [0, 0, 0],
						"0.7917": [0, 0, -0.1]
					}
				},
				"leg_left4": {
					"rotation": {
						"0.0": [0, 0, "-30*math.sin(q.anim_time*90*1)"],
						"0.3333": [0, 0, "-24+50*math.sin(q.anim_time*90*1)"],
						"0.5833": [0, 0, 25],
						"0.7083": [0, 0, 5],
						"0.8333": [0, 0, 25.14],
						"1.375": [-35, 0, 25]
					},
					"position": {
						"0.0": [0, 0, 0],
						"0.2917": [0, 0.3, 0],
						"0.6667": [0, 0, 0]
					}
				},
				"leg_right4": {
					"rotation": {
						"0.0": [0, 0, "-30*math.sin(q.anim_time*90*1)"],
						"0.3333": [0, 0, "-24+50*math.sin(q.anim_time*90*1)"],
						"0.625": [0, 0, 25],
						"0.75": [0, 0, 5],
						"0.875": [0, 0, 25],
						"1.3333": [-35, 0, 25]
					},
					"position": {
						"0.0": [0, 0, 0],
						"0.375": [0, 0.5, 0],
						"0.6667": [0, 0, 0]
					}
				},
				"eyelid_left5": {
					"position": {
						"0.25": [0, 0, 0],
						"0.2917": [0, 0, -0.1],
						"0.4167": [0, 0, -0.1],
						"0.4583": [0, 0, 0],
						"0.8333": [0, 0, 0],
						"0.875": [0, 0, -0.1],
						"1.0": [0, 0, -0.1],
						"1.0417": [0, 0, 0],
						"1.2917": [0, 0, 0],
						"1.3333": [0, 0, -0.1]
					}
				},
				"eyelid_right5": {
					"position": {
						"0.25": [0, 0, 0],
						"0.2917": [0, 0, -0.1],
						"0.4167": [0, 0, -0.1],
						"0.4583": [0, 0, 0],
						"0.8333": [0, 0, 0],
						"0.875": [0, 0, -0.1],
						"1.0": [0, 0, -0.1],
						"1.0417": [0, 0, 0],
						"1.2917": [0, 0, 0],
						"1.3333": [0, 0, -0.1]
					}
				},
				"leg_left5": {
					"rotation": {
						"0.0": [0, 0, 0],
						"0.3333": [6, 0, 0],
						"0.7083": [42.5, 0, 0],
						"1.0": [45, 0, 0],
						"1.625": [-45, 0, 0]
					},
					"position": {
						"0.3333": [0, 0, 0],
						"0.5": [0, 0, 1],
						"0.6667": [0, 0, 1.1],
						"0.9583": [0, 1, 0.55],
						"1.25": [0, 1, -1],
						"1.5417": [0, 0, 0]
					}
				},
				"leg_right5": {
					"rotation": {
						"0.0": [0, 0, 0],
						"0.3333": [6, 0, 0],
						"0.5417": [-15, 0, 0],
						"0.75": [-30, 0, 0],
						"1.125": [0, 0, 0],
						"1.375": [46, 0, 0],
						"1.6667": [-48, 0, 0]
					},
					"position": {
						"0.3333": [0, 0, 0],
						"0.75": [0, 0, 0],
						"1.0": [0, 0, -0.3],
						"1.25": [0, 0, 1],
						"1.5833": [0, 0, 0]
					}
				},
				"body": {
					"rotation": {
						"0.0": ["-8-8*math.sin(q.anim_time*90*4.5-90)", 0, 0],
						"1.5833": ["-8-15*math.sin(q.anim_time*90*4-90)", 0, 0],
						"1.7917": ["-94-15*math.sin(q.anim_time*90*6-90)", 0, 0],
						"2.125": [-100, 0, 0]
					},
					"position": {
						"0.0": [0, 0, 0],
						"0.4583": [-6, -3, 0.3],
						"0.7083": [-3, -14, -0.85],
						"0.9583": [0, -9, -2],
						"1.25": [0, 0, 9.6],
						"1.4583": [0, -2.2, 20.8],
						"1.625": [0, -19, 26.16],
						"1.75": [0, -36.7, 27.8],
						"1.9583": [0, -54.7, 27.8]
					}
				},
				"torso1": {
					"rotation": {
						"0.0": [0, 0, 0],
						"0.4583": [0, 0, 5],
						"0.9583": [0, 0, 0],
						"1.1667": [0, 0, -5],
						"1.5417": [41.23577, 0.32591, -4.97872],
						"1.8333": [3.76, -0.22, -1.65],
						"1.9167": [0, 0, 0],
						"2.1667": [10, 0, 0]
					}
				},
				"eyelid_left1": {
					"position": {
						"0.75": [0, 0, 0],
						"0.7917": [0, 0, -0.1],
						"0.9167": [0, 0, -0.1],
						"0.9583": [0, 0, 0],
						"1.0833": [0, 0, 0],
						"1.125": [0, 0, -0.1],
						"1.25": [0, 0, -0.1],
						"1.2917": [0, 0, 0],
						"1.5833": [0, 0, 0],
						"1.625": [0, 0, -0.1]
					}
				},
				"eyelid_right1": {
					"position": {
						"0.75": [0, 0, 0],
						"0.7917": [0, 0, -0.1],
						"0.9167": [0, 0, -0.1],
						"0.9583": [0, 0, 0],
						"1.0833": [0, 0, 0],
						"1.125": [0, 0, -0.1],
						"1.25": [0, 0, -0.1],
						"1.2917": [0, 0, 0],
						"1.5833": [0, 0, 0],
						"1.625": [0, 0, -0.1]
					}
				},
				"shield_left1": {
					"rotation": {
						"1.0": [0, 59, 0],
						"1.75": [0, 0, 0]
					},
					"position": {
						"0.7917": [-2, 0, -5.5],
						"1.2083": [0, 0, -5.5],
						"1.75": [0, 0, 0]
					}
				},
				"shield_right1": {
					"rotation": {
						"1.0": [0, -60, 0],
						"1.75": [0, 0, 0]
					},
					"position": {
						"0.7917": [2, 0, -5.5],
						"1.2083": [0, 0, -5.5],
						"1.75": [0, 0, 0]
					}
				},
				"leg_left1": {
					"rotation": {
						"0.0": [0, 0, 0],
						"0.4583": [18, 0, 0],
						"0.7083": [23, 0, 0],
						"0.9583": [-2, 0, 0],
						"1.6667": [-37, 0, 0],
						"2.0": [25, 0, 0]
					},
					"position": {
						"0.0": [0, 0, 0],
						"0.4583": [0, 0, 0.6],
						"0.7083": [0, 0.3, 0.3],
						"0.9583": [0, 0.6, 0],
						"1.6667": [0, 0, -1],
						"2.0": [0, 0, 1]
					}
				},
				"leg_right1": {
					"rotation": {
						"0.0": [0, 0, 0],
						"0.4583": [-47.5, 0, 0],
						"1.0417": [0, 0, 0],
						"1.4583": [20, 0, 0],
						"1.625": [20, 0, 0],
						"1.8333": [-32.5, 0, 0],
						"2.0833": [25, 0, 0]
					},
					"position": {
						"0.0": [0, 0, 0],
						"0.4583": [0, -0.1, -0.6],
						"1.0417": [0, 0, 0],
						"1.4583": [0, 0, 1],
						"1.625": [0, 0, 1],
						"1.8333": [0, 0, -1],
						"2.0833": [0, 0, 1]
					}
				},
				"body2": {
					"rotation": {
						"0.0": [0, "3-25*math.sin(q.anim_time*90*4)", 0],
						"0.375": [0, "3-25*math.sin(q.anim_time*90*4)", 0],
						"0.7083": [0, 102, 0],
						"1.2917": [10.59, 102, 0],
						"1.5": [75, 102, 0],
						"1.6667": [65, 102, 0],
						"1.8333": [75, 102, 0]
					},
					"position": {
						"0.0": [0, 0, 0],
						"0.2083": [0.5, 0, 0],
						"0.4167": [0.5, 0, -1.15],
						"0.7083": [-2.78, 0.33, -3.02],
						"1.2917": [-9.35, 1, -3.76],
						"1.4583": [-11.1, -0.5, -6],
						"1.625": [-12.35, 0, -5.05],
						"1.7917": [-12.9, -0.5, -5.6]
					}
				},
				"body3": {
					"rotation": {
						"0.0": [0, 0, 0],
						"0.6667": [0, 0, "-18.7+40*math.sin(q.anim_time*90*2-90)"],
						"1.0": [7.74276, -32.93269, 89.53399]
					},
					"position": {
						"0.0": ["1-1*math.cos(q.anim_time*90*4)", 0, 0],
						"0.1667": [-1.5, 1, 0],
						"0.3333": [-2.2, 0, 0],
						"0.5": [-2.26, 1, 0],
						"0.6667": [-2, 0, 0],
						"1.0": [10, 5.7, 0],
						"1.125": [10, -5.8, 0],
						"1.25": [11, -13.3, 0]
					}
				},
				"body4": {
					"rotation": {
						"0.0": [0, 0, "80*math.sin(q.anim_time*90*1)"],
						"0.4583": [0, 0, -30],
						"0.5833": ["-18+30*math.cos(q.anim_time*90*1)", "-30+50*math.cos(q.anim_time*90*1)", -90],
						"1.2917": [18, 35, -90],
						"1.4167": [15, 33, -90]
					},
					"position": {
						"0.0": ["10*math.sin(q.anim_time*90*1)", 0, 0],
						"0.25": [-5.1, -0.14, 3],
						"0.375": [-10.56, -2.84, 7],
						"0.5": [-17.42, -12.74, 9],
						"0.5833": [-17, -26, 13]
					}
				},
				"body5": {
					"rotation": {
						"0.0": [0, 0, 0],
						"0.3333": [-6, 0, 0],
						"0.5": [-8, 33, 0],
						"0.7083": [-7, 44, 0],
						"1.0": [0, "-25*math.sin(q.anim_time*90*4)", 0],
						"1.25": [-21.5, -41, 0],
						"1.4167": [2, -45, 0],
						"1.5417": [70, -47, 0],
						"1.5833": [65, -47, 0],
						"1.7083": [70, -47, 0]
					},
					"position": {
						"0.0": [0, 0, 0],
						"0.1667": [-2.5, 0, 0],
						"0.3333": [-5, -2, 0],
						"0.4583": {
							"pre": [-6.54, -3.41, 0],
							"post": [-6.54, -3.41, 0],
							"lerp_mode": "catmullrom"
						},
						"0.5417": {
							"post": [-6, -12, 0],
							"lerp_mode": "catmullrom"
						},
						"0.7917": {
							"post": [-1, -13, 0],
							"lerp_mode": "catmullrom"
						},
						"1.2917": {
							"post": [2, 0, -12],
							"lerp_mode": "catmullrom"
						},
						"1.5417": {
							"post": [2.7, -16.4, -19.7],
							"lerp_mode": "catmullrom"
						},
						"1.625": [3.5, -27, -19.5],
						"1.7083": [3.7, -39.4, -21.7]
					}
				}
			}
		},
		"animation.falinks_gunslinger.battle_idle": {
			"loop": true,
			"animation_length": 1.6667,
			"bones": {
				"torso3": {
					"rotation": {
						"0.0833": [0, 0, 10],
						"0.25": [0, 0, -10],
						"0.2917": [-2.5, 0, -10],
						"0.375": [1, 0, -10],
						"0.5": [0, 0, -10],
						"0.6667": [0, 0, 10],
						"0.7083": [-2.5, 0, 10],
						"0.7917": [1, 0, 10],
						"0.9167": [0, 0, 10],
						"1.0833": [0, 0, -10],
						"1.125": [-2.5, 0, -10],
						"1.2083": [1, 0, -10],
						"1.3333": [0, 0, -10],
						"1.5": [0, 0, 10],
						"1.5417": [-2.5, 0, 10],
						"1.625": [1, 0, 10]
					}
				},
				"torso2": {
					"rotation": {
						"0.0417": [0, 0, -10],
						"0.2083": [0, 0, 10],
						"0.25": [-2.5, 0, 10],
						"0.375": [1.5, 0, 10],
						"0.4583": [0, 0, 10],
						"0.625": [0, 0, -10],
						"0.6667": [-2.5, 0, -10],
						"0.7917": [1.5, 0, -10],
						"0.875": [0, 0, -10],
						"1.0417": [0, 0, 10],
						"1.0833": [-2.5, 0, 10],
						"1.2083": [1.5, 0, 10],
						"1.2917": [0, 0, 10],
						"1.4583": [0, 0, -10],
						"1.5": [-2.5, 0, -10],
						"1.625": [1.5, 0, -10]
					}
				},
				"leg_left2": {
					"rotation": {
						"0.0417": [-37.5, 0, 0],
						"0.2083": [5, 0, 0],
						"0.4583": [5, 0, 0],
						"0.625": [-37.5, 0, 0],
						"0.875": [-37.5, 0, 0],
						"1.0417": [5, 0, 0],
						"1.2917": [5, 0, 0],
						"1.4583": [-37.5, 0, 0]
					},
					"position": {
						"0.0417": [0, 0.4, -1],
						"0.2083": [0, 0, 0],
						"0.4583": [0, 0, 0],
						"0.625": [0, 0.4, -1],
						"0.875": [0, 0.4, -1],
						"1.0417": [0, 0, 0],
						"1.2917": [0, 0, 0],
						"1.4583": [0, 0.4, -1]
					}
				},
				"leg_right2": {
					"rotation": {
						"0.0417": [5, 0, 0],
						"0.2083": [-37.5, 0, 0],
						"0.4583": [-37.5, 0, 0],
						"0.625": [5, 0, 0],
						"0.875": [5, 0, 0],
						"1.0417": [-37.5, 0, 0],
						"1.2917": [-37.5, 0, 0],
						"1.4583": [5, 0, 0]
					},
					"position": {
						"0.0417": [0, 0, 0],
						"0.2083": [0, 0.4, -1],
						"0.4583": [0, 0.4, -1],
						"0.625": [0, 0, 0],
						"0.875": [0, 0, 0],
						"1.0417": [0, 0.4, -1],
						"1.2917": [0, 0.4, -1],
						"1.4583": [0, 0, 0]
					}
				},
				"torso4": {
					"rotation": {
						"0.0": [0.17, 0, -10],
						"0.0417": [1.5, 0, -10],
						"0.125": [0, 0, -10],
						"0.2917": [0, 0, 10],
						"0.3333": [-2.5, 0, 10],
						"0.4583": [1.5, 0, 10],
						"0.5417": [0, 0, 10],
						"0.7083": [0, 0, -10],
						"0.75": [-2.5, 0, -10],
						"0.8333": [0.17, 0, -10],
						"0.875": [1.5, 0, -10],
						"0.9583": [0, 0, -10],
						"1.125": [0, 0, 10],
						"1.1667": [-2.5, 0, 10],
						"1.2917": [1.5, 0, 10],
						"1.375": [0, 0, 10],
						"1.5417": [0, 0, -10],
						"1.5833": [-2.5, 0, -10],
						"1.6667": [0.17, 0, -10]
					}
				},
				"torso5": {
					"rotation": {
						"0.0": [1, 0, 10],
						"0.125": [0, 0, 10],
						"0.3333": [0, 0, -10],
						"0.375": [-2.5, 0, -10],
						"0.5": [1.5, 0, -10],
						"0.5833": [0, 0, -10],
						"0.75": [0, 0, 10],
						"0.7917": [-2.5, 0, 10],
						"0.8333": [-0.75, 0, 10],
						"0.875": [1, 0, 10],
						"1.0": [0, 0, 10],
						"1.1667": [0, 0, -10],
						"1.2083": [-2.5, 0, -10],
						"1.3333": [1.5, 0, -10],
						"1.4167": [0, 0, -10],
						"1.5833": [0, 0, 10],
						"1.625": [-2.5, 0, 10],
						"1.6667": [-0.75, 0, 10]
					}
				},
				"body": {
					"rotation": {
						"0.0": [-5, 0, 0],
						"0.0833": [5, 0, 0],
						"0.1667": [-5, 0, 0],
						"0.4167": [-5, 0, 0],
						"0.5": [5, 0, 0],
						"0.5833": [-5, 0, 0],
						"0.8333": [-5, 0, 0],
						"0.9167": [5, 0, 0],
						"1.0": [-5, 0, 0],
						"1.25": [-5, 0, 0],
						"1.3333": [5, 0, 0],
						"1.4167": [-5, 0, 0]
					},
					"position": {
						"0.0": [0, 0, 0],
						"0.0833": [1, 0, 0],
						"0.1667": [1, 0, 0],
						"0.3333": [0, 0, 0],
						"0.4167": [0, 0, 0],
						"0.5": [-0.5, 0.3, 0],
						"0.5833": [-2, 0, 0],
						"0.7083": [-0.5, 0, 0],
						"0.8333": [0, 0, 0],
						"0.9167": [0.5, 0.3, 0],
						"1.0": [2, 0, 0],
						"1.125": [0.75, 0, 0],
						"1.25": [0.5, 0, 0],
						"1.3333": [-0.5, 0.3, 0],
						"1.4167": [-2, 0, 0],
						"1.5417": [-0.5, 0, 0],
						"1.6667": [0, 0, 0]
					}
				},
				"torso1": {
					"rotation": {
						"0.0": [-2.5, 0, -10],
						"0.1667": [0, 0, 10],
						"0.2083": [-2.46207, 0.43399, 9.99067],
						"0.2917": [0.4924, -0.0868, 9.99813],
						"0.4167": [-2.5, 0, 10],
						"0.5833": [0, 0, -10],
						"0.625": [-2.46207, -0.43399, -9.99067],
						"0.7083": [0.4924, 0.0868, -9.99813],
						"0.8333": [-2.5, 0, -10],
						"1.0": [0, 0, 10],
						"1.0417": [-2.46207, 0.43399, 9.99067],
						"1.125": [0.4924, -0.0868, 9.99813],
						"1.25": [-2.5, 0, 10],
						"1.4167": [0, 0, -10],
						"1.4583": [-2.46207, -0.43399, -9.99067],
						"1.5417": [0.4924, 0.0868, -9.99813],
						"1.6667": [-2.5, 0, -10]
					}
				},
				"shield_left1": {
					"rotation": {
						"0.0": [0, 60, 0],
						"0.8333": [0, 60, 0]
					},
					"position": {
						"0.0": [-2, 0, -5.5],
						"0.8333": [-2, 0, -5.5]
					}
				},
				"shield_right1": {
					"rotation": {
						"0.0": [0, -60, 0],
						"0.8333": [0, -60, 0]
					},
					"position": {
						"0.0": [2, 0, -5.5],
						"0.8333": [2, 0, -5.5]
					}
				},
				"body2": {
					"rotation": {
						"0.0417": [-5, 0, 0],
						"0.125": [5, 0, 0],
						"0.2083": [-5, 0, 0],
						"0.4583": [-5, 0, 0],
						"0.5417": [5, 0, 0],
						"0.625": [-5, 0, 0],
						"0.875": [-5, 0, 0],
						"0.9583": [5, 0, 0],
						"1.0417": [-5, 0, 0],
						"1.2917": [-5, 0, 0],
						"1.375": [5, 0, 0],
						"1.4583": [-5, 0, 0]
					},
					"position": {
						"0.0417": [0, 0, 0],
						"0.125": [0, 0.3, 0],
						"0.2083": [0, 0, 0],
						"0.4583": [0, 0, 0],
						"0.5417": [0, 0.3, 0],
						"0.625": [0, 0, 0],
						"0.875": [0, 0, 0],
						"0.9583": [0, 0.3, 0],
						"1.0417": [0, 0, 0],
						"1.2917": [0, 0, 0],
						"1.375": [0, 0.3, 0],
						"1.4583": [0, 0, 0]
					}
				},
				"body3": {
					"rotation": {
						"0.0833": [-5, 0, 0],
						"0.1667": [5, 0, 0],
						"0.25": [-5, 0, 0],
						"0.5": [-5, 0, 0],
						"0.5833": [5, 0, 0],
						"0.6667": [-5, 0, 0],
						"0.9167": [-5, 0, 0],
						"1.0": [5, 0, 0],
						"1.0833": [-5, 0, 0],
						"1.3333": [-5, 0, 0],
						"1.4167": [5, 0, 0],
						"1.5": [-5, 0, 0]
					},
					"position": {
						"0.0": [-2, 0, 0],
						"0.0833": [-1, 0, 0],
						"0.1667": [1, 0.3, 0],
						"0.25": [2, 0, 0],
						"0.4583": [2, 0, 0],
						"0.5": [1, 0, 0],
						"0.5833": [-1, 0.3, 0],
						"0.6667": [-2, 0, 0],
						"0.875": [-2, 0, 0],
						"0.9167": [-1, 0, 0],
						"1.0": [1, 0.3, 0],
						"1.0833": [2, 0, 0],
						"1.2917": [2, 0, 0],
						"1.3333": [1, 0, 0],
						"1.4167": [-1, 0.3, 0],
						"1.5": [-2, 0, 0]
					}
				},
				"body4": {
					"rotation": {
						"0.125": [-5, 0, 0],
						"0.2083": [5, 0, 0],
						"0.2917": [-5, 0, 0],
						"0.5417": [-5, 0, 0],
						"0.625": [5, 0, 0],
						"0.7083": [-5, 0, 0],
						"0.9583": [-5, 0, 0],
						"1.0417": [5, 0, 0],
						"1.125": [-5, 0, 0],
						"1.375": [-5, 0, 0],
						"1.4583": [5, 0, 0],
						"1.5417": [-5, 0, 0]
					},
					"position": {
						"0.0": [0, 0, 0],
						"0.125": [1, 0, 0],
						"0.2083": [1, 0.3, 0],
						"0.2917": [0, 0, 0],
						"0.4583": [0, 0, 0],
						"0.5417": [-1, 0, 0],
						"0.625": [-1, 0.3, 0],
						"0.7083": [0, 0, 0],
						"0.875": [0, 0, 0],
						"0.9583": [1, 0, 0],
						"1.0417": [1, 0.3, 0],
						"1.125": [0, 0, 0],
						"1.2917": [0, 0, 0],
						"1.375": [-1, 0, 0],
						"1.4583": [-1, 0.3, 0],
						"1.5417": [0, 0, 0]
					}
				},
				"body5": {
					"rotation": {
						"0.1667": [-5, 0, 0],
						"0.25": [5, 0, 0],
						"0.3333": [-5, 0, 0],
						"0.5833": [-5, 0, 0],
						"0.6667": [5, 0, 0],
						"0.75": [-5, 0, 0],
						"1.0": [-5, 0, 0],
						"1.0833": [5, 0, 0],
						"1.1667": [-5, 0, 0],
						"1.4167": [-5, 0, 0],
						"1.5": [5, 0, 0],
						"1.5833": [-5, 0, 0]
					},
					"position": {
						"0.0": [-2, 0, 0],
						"0.1667": [0, 0, 0],
						"0.25": [1, 0.3, 0],
						"0.3333": [2, 0, 0],
						"0.4583": [2, 0, 0],
						"0.5417": [1, 0, 0],
						"0.5833": [0, 0, 0],
						"0.6667": [-1, 0.3, 0],
						"0.75": [-2, 0, 0],
						"0.875": [-2, 0, 0],
						"1.0": [0, 0, 0],
						"1.0833": [1, 0.3, 0],
						"1.1667": [2, 0, 0],
						"1.2917": [2, 0, 0],
						"1.4167": [0, 0, 0],
						"1.5": [-1, 0.3, 0],
						"1.5833": [-2, 0, 0]
					}
				}
			}
		},
		"animation.falinks_gunslinger.blink": {
			"animation_length": 0.1667,
			"bones": {
				"eyelid_left1": {
					"position": {
						"0.0": [0, 0, -0.1],
						"0.125": [0, 0, -0.1],
						"0.1667": [0, 0, 0]
					}
				},
				"eyelid_right1": {
					"position": {
						"0.0": [0, 0, -0.1],
						"0.125": [0, 0, -0.1],
						"0.1667": [0, 0, 0]
					}
				}
			}
		},
		"animation.falinks_gunslinger.blink2": {
			"animation_length": 0.1667,
			"bones": {
				"eyelid_left2": {
					"position": {
						"0.0": [0, 0, -0.1],
						"0.125": [0, 0, -0.1],
						"0.1667": [0, 0, 0]
					}
				},
				"eyelid_right2": {
					"position": {
						"0.0": [0, 0, -0.1],
						"0.125": [0, 0, -0.1],
						"0.1667": [0, 0, 0]
					}
				}
			}
		},
		"animation.falinks_gunslinger.blink3": {
			"animation_length": 0.1667,
			"bones": {
				"eyelid_left3": {
					"position": {
						"0.0": [0, 0, -0.1],
						"0.125": [0, 0, -0.1],
						"0.1667": [0, 0, 0]
					}
				},
				"eyelid_right3": {
					"position": {
						"0.0": [0, 0, -0.1],
						"0.125": [0, 0, -0.1],
						"0.1667": [0, 0, 0]
					}
				}
			}
		},
		"animation.falinks_gunslinger.blink4": {
			"animation_length": 0.1667,
			"bones": {
				"eyelid_left4": {
					"position": {
						"0.0": [0, 0, -0.1],
						"0.125": [0, 0, -0.1],
						"0.1667": [0, 0, 0]
					}
				},
				"eyelid_right4": {
					"position": {
						"0.0": [0, 0, -0.1],
						"0.125": [0, 0, -0.1],
						"0.1667": [0, 0, 0]
					}
				}
			}
		},
		"animation.falinks_gunslinger.blink5": {
			"animation_length": 0.1667,
			"bones": {
				"eyelid_left5": {
					"position": {
						"0.0": [0, 0, -0.1],
						"0.125": [0, 0, -0.1],
						"0.1667": [0, 0, 0]
					}
				},
				"eyelid_right5": {
					"position": {
						"0.0": [0, 0, -0.1],
						"0.125": [0, 0, -0.1],
						"0.1667": [0, 0, 0]
					}
				}
			}
		},
		"animation.falinks_gunslinger.attack": {
			"animation_length": 2.25,
			"bones": {
				"torso1": {
					"rotation": {
						"1.5": [0, 0, 0],
						"1.625": [5, 0, 0],
						"1.75": [10, 0, 0],
						"1.875": [-5, 0, 0],
						"2.25": [0, 0, 0]
					},
					"position": {
						"1.75": [0, 0, 0],
						"1.875": [0, 0, 1],
						"2.0": [0, 0, 0]
					}
				},
				"gun1": {
					"position": {
						"1.5": [0, 0, 0],
						"1.625": [0, 0, 1],
						"1.75": [0, 0, 1],
						"1.875": [0, 0, 0]
					},
					"scale": {
						"1.75": [1, 1, 1],
						"1.875": [1.3, 1.5, 1.3],
						"2.0": [1.3, 1, 1.3],
						"2.125": [1, 1, 1]
					}
				},
				"torso2": {
					"rotation": {
						"0.0": [0, 0, 0],
						"0.125": [5, 0, 0],
						"0.25": [10, 0, 0],
						"0.375": [-5, 0, 0],
						"0.75": [0, 0, 0]
					},
					"position": {
						"0.25": [0, 0, 0],
						"0.375": [0, 0, 1],
						"0.5": [0, 0, 0]
					}
				},
				"gun2": {
					"position": {
						"0.0": [0, 0, 0],
						"0.125": [0, 0, 1],
						"0.25": [0, 0, 1],
						"0.375": [0, 0, 0]
					},
					"scale": {
						"0.25": [1, 1, 1],
						"0.375": [1.3, 1.5, 1.3],
						"0.5": [1.3, 1, 1.3],
						"0.625": [1, 1, 1]
					}
				},
				"torso3": {
					"rotation": {
						"0.375": [0, 0, 0],
						"0.5": [5, 0, 0],
						"0.625": [10, 0, 0],
						"0.75": [-5, 0, 0],
						"1.125": [0, 0, 0]
					},
					"position": {
						"0.625": [0, 0, 0],
						"0.75": [0, 0, 1],
						"0.875": [0, 0, 0]
					}
				},
				"gun3": {
					"position": {
						"0.375": [0, 0, 0],
						"0.5": [0, 0, 1],
						"0.625": [0, 0, 1],
						"0.75": [0, 0, 0]
					},
					"scale": {
						"0.625": [1, 1, 1],
						"0.75": [1.3, 1.5, 1.3],
						"0.875": [1.3, 1, 1.3],
						"1.0": [1, 1, 1]
					}
				},
				"torso4": {
					"rotation": {
						"0.75": [0, 0, 0],
						"0.875": [5, 0, 0],
						"1.0": [10, 0, 0],
						"1.125": [-5, 0, 0],
						"1.5": [0, 0, 0]
					},
					"position": {
						"1.0": [0, 0, 0],
						"1.125": [0, 0, 1],
						"1.25": [0, 0, 0]
					}
				},
				"gun4": {
					"position": {
						"0.75": [0, 0, 0],
						"0.875": [0, 0, 1],
						"1.0": [0, 0, 1],
						"1.125": [0, 0, 0]
					},
					"scale": {
						"1.0": [1, 1, 1],
						"1.125": [1.3, 1.5, 1.3],
						"1.25": [1.3, 1, 1.3],
						"1.375": [1, 1, 1]
					}
				},
				"torso5": {
					"rotation": {
						"1.125": [0, 0, 0],
						"1.25": [5, 0, 0],
						"1.375": [10, 0, 0],
						"1.5": [-5, 0, 0],
						"1.875": [0, 0, 0]
					},
					"position": {
						"1.375": [0, 0, 0],
						"1.5": [0, 0, 1],
						"1.625": [0, 0, 0]
					}
				},
				"gun5": {
					"position": {
						"1.125": [0, 0, 0],
						"1.25": [0, 0, 1],
						"1.375": [0, 0, 1],
						"1.5": [0, 0, 0]
					},
					"scale": {
						"1.375": [1, 1, 1],
						"1.5": [1.3, 1.5, 1.3],
						"1.625": [1.3, 1, 1.3],
						"1.75": [1, 1, 1]
					}
				}
			}
		}
	}
}