{
	"format_version": "1.8.0",
	"animations": {
		"animation.hatenna_midnight.ground_idle": {
			"loop": true,
			"bones": {
				"torso": {
					"rotation": [0, 0, 0]
				},
				"right_foot": {
					"rotation": [10, 10, 0]
				},
				"right_toe": {
					"rotation": [-12.5, 0, 0]
				},
				"left_foot": {
					"rotation": [10, -12.5, 0]
				},
				"left_toe": {
					"rotation": [-12.5, 0, 0]
				},
				"left_hair_arm": {
					"rotation": [2, 8, 0]
				},
				"left_hair_elbow": {
					"rotation": [0, 0, 15]
				},
				"left_hair_hand": {
					"rotation": [0, 0, 45],
					"position": [-1, 0, 0]
				},
				"right_hair_arm": {
					"rotation": [2, -8, 0]
				},
				"right_hair_elbow": {
					"rotation": [0, 0, -15]
				},
				"right_hair_hand": {
					"rotation": [0, 0, -45],
					"position": [1, 0, 0]
				}
			}
		},
		"animation.hatenna_midnight.cry": {
			"animation_length": 1.2,
			"bones": {
				"mouth_closed": {
					"position": [0, 0, 0.1]
				},
				"mouth_open": {
					"position": [0, 0, -0.1]
				}
			},
			"sound_effects": {
				"0.0417": {
					"effect": "pokemon.hatenna.cry"
				}
			}
		}
	}
}