{
	"format_version": "1.8.0",
	"animations": {
		"animation.lucario_y.ground_idle": {
			"loop": true,
			"bones": {
				"arm_left": {
					"rotation": [-5.75887, 15.63357, 49.34182]
				},
				"arm_left2": {
					"rotation": [0, 17.5, 0]
				},
				"hand_left": {
					"rotation": [0, 0, 12.5]
				},
				"figner_front_left": {
					"rotation": [0, 0, 20]
				},
				"figner_back_left": {
					"rotation": [0, 0, 12.5]
				},
				"dread_left": {
					"rotation": [-57.5, 50, 0],
					"position": [0, 0, 0]
				},
				"dread_left2": {
					"rotation": [-20, 0, 0]
				},
				"dread_back_left": {
					"rotation": [-50, 17.5, 2.5]
				},
				"dread_back_left2": {
					"rotation": [-20, 0, 0]
				},
				"dread_back_right": {
					"rotation": [-50, -17.5, -2.5]
				},
				"dread_back_right2": {
					"rotation": [-20, 0, 0]
				},
				"leg_left": {
					"rotation": [2.5, -15, -10],
					"position": [0, 0, -0.175]
				},
				"leg_left2": {
					"rotation": [0, -7.5, -2.5]
				},
				"leg_left4": {
					"rotation": [7.5, 0, 7.5],
					"position": [-0.25, 0, 0]
				},
				"leg_right": {
					"rotation": [-5, 5, 10]
				},
				"figner_center_left": {
					"rotation": [0, 0, 5]
				},
				"shoulder_left": {
					"rotation": [0, 0, 5]
				},
				"dread_right": {
					"rotation": [-57.5, -50, 0]
				},
				"dread_right2": {
					"rotation": [-20, 0, 0]
				},
				"shoulder_right": {
					"rotation": [0, 0, -5]
				},
				"arm_right": {
					"rotation": [0, -25, -52.5]
				},
				"arm_right2": {
					"rotation": [0, -17.5, 0]
				},
				"hand_right": {
					"rotation": [0, 0, -10]
				},
				"figner_front_right": {
					"rotation": [0, 0, -22.5]
				},
				"figner_center_right": {
					"rotation": [0, 0, -10]
				},
				"figner_back_right": {
					"rotation": [0, 0, -27.5]
				},
				"tail": {
					"rotation": [27.5, 0, 0]
				},
				"tail2": {
					"rotation": [-82.5, 0, 0],
					"position": [0, 0, -1]
				},
				"tail3": {
					"rotation": [27.5, 0, 0]
				},
				"tail_end": {
					"rotation": [55, 0, 0],
					"position": [0, -2, -3]
				},
				"crotch_fur": {
					"rotation": [-15, 0, 0]
				},
				"ear_left": {
					"rotation": [0, 0, 7.5]
				},
				"ear_right": {
					"rotation": [0, 0, -7.5]
				},
				"tail_end2": {
					"rotation": [45, 0, 0],
					"position": [0, 2, -1]
				},
				"leg_right2": {
					"rotation": [0, 7.5, 0]
				},
				"leg_right3": {
					"rotation": [-2.5, 0, 0]
				},
				"leg_right4": {
					"rotation": [0, 0, -10],
					"position": [0.25, 0, 0]
				},
				"foot_right": {
					"rotation": [10, 0, -2.5]
				},
				"leg_left3": {
					"rotation": [-2.5, 0, 0]
				},
				"foot_left": {
					"rotation": [-1.5, 0, 6.5]
				},
				"head_angle": {
					"rotation": [2.5, 0, 0]
				},
				"jaw": {
					"position": [0, 0, 0.25]
				},
				"aura_sensor_left": {
					"rotation": [-57.5, 50, 0]
				},
				"aura_sensor_left2": {
					"rotation": [20, 0, 0]
				},
				"aura_sensor_back_left": {
					"rotation": [-50, 17.5, 2.5]
				},
				"aura_sensor_back_left2": {
					"rotation": [10, 0, 0]
				},
				"aura_sensor_right": {
					"rotation": [-57.5, -50, 0]
				},
				"aura_sensor_right2": {
					"rotation": [15, 0, 0]
				},
				"aura_sensor_back_right": {
					"rotation": [-50, -17.5, -2.5]
				},
				"aura_sensor_back_right2": {
					"rotation": [10, 0, 0]
				},
				"fingers_left": {
					"rotation": [0, 0, 15]
				},
				"fingers_right": {
					"rotation": [0, 0, -15]
				},
				"eyes": {
					"scale": [1, 0.92, 1]
				},
				"torso2": {
					"rotation": [22.5, 0, 0]
				},
				"neck": {
					"rotation": [-15, 0, 0]
				},
				"back1": {
					"rotation": [2.5, 0, 0]
				},
				"back2": {
					"rotation": [2.5, 0, 0]
				},
				"aura_sensor_back_left3": {
					"rotation": [27.5, 0, 0]
				},
				"aura_sensor_back_right3": {
					"rotation": [35, 0, 0]
				},
				"aura_sensor_left3": {
					"rotation": [37.5, 0, 0]
				},
				"aura_sensor_right3": {
					"rotation": [37.5, 0, 0]
				}
			}
		},
		"animation.lucario_y.battle_idle": {
			"loop": true,
			"animation_length": 3.4167,
			"bones": {
				"body": {
					"rotation": [0, -10, 0],
					"position": [0, -2.325, 0]
				},
				"torso": {
					"rotation": [25, -7.5, 2],
					"position": [-0.75, -0.2, 0]
				},
				"torso2": {
					"rotation": [23.8369, 12.18012, -11.92436]
				},
				"torso3": {
					"rotation": [-5, 7.5, 0]
				},
				"chest_fur": {
					"rotation": [-5.76795, 0, -1.73205]
				},
				"chest_fur_left": {
					"rotation": [0, 0, 8]
				},
				"chest_fur_right": {
					"rotation": [0, 0, -8]
				},
				"chest_fur_front2": {
					"rotation": [11.7101, 0, 0]
				},
				"chest_fur_back2": {
					"rotation": [0.86824, 0, 0]
				},
				"shoulder_left": {
					"rotation": [12.5, -22.5, 2.5],
					"position": [0, 0, 0.25]
				},
				"arm_left": {
					"rotation": [33.43765, 63.44927, 70.81973]
				},
				"arm_left2": {
					"rotation": [8.9264, 20.023, -21.83682],
					"position": [0, 0, -0.25]
				},
				"arm_spike_left": {
					"rotation": [0, 0, 27.5]
				},
				"hand_left": {
					"rotation": [0, 0, 22.5]
				},
				"fingers_left": {
					"rotation": [0, 0, 27.5]
				},
				"figner_center_left": {
					"rotation": [0, 0, 15]
				},
				"figner_back_left": {
					"rotation": [0, 0, 32.5]
				},
				"shoulder_right": {
					"rotation": [0, -20.17365, 0.3473],
					"position": [0, 0, -0.5]
				},
				"arm_right": {
					"rotation": [23.9709, -65.74311, -78.13991],
					"position": [0, -0.5, 0]
				},
				"arm_right2": {
					"rotation": [25.61727, 5.13182, 10.71545]
				},
				"arm_spike_right": {
					"rotation": [0, 0, -27.5]
				},
				"wrist_right": {
					"rotation": [0, -6.16978, 0]
				},
				"hand_right": {
					"rotation": [1.31845, -9.91358, -20.11435]
				},
				"fingers_right": {
					"rotation": [0, 0, -12.5]
				},
				"figner_front_right": {
					"rotation": [0, 0, 0.86824]
				},
				"figner_center_right": {
					"rotation": [0, 0, -11.5]
				},
				"figner_back_right": {
					"rotation": [0, 0, -28.87164]
				},
				"neck": {
					"rotation": [8.78689, -24.5927, -4.10248]
				},
				"head": {
					"rotation": [-38.76408, 21.05926, -0.79982]
				},
				"ear_left": {
					"rotation": [0, 0, 7.5]
				},
				"ear_right": {
					"rotation": [0, 0, -7.5]
				},
				"dread_left": {
					"rotation": [-10, 50, 10]
				},
				"dread_left2": {
					"rotation": [17.32051, 0, 0]
				},
				"dread_back_left": {
					"rotation": [-22.99038, 20, 2.5]
				},
				"dread_back_left2": {
					"rotation": [17.32051, 0, 0]
				},
				"dread_right": {
					"rotation": [-10, -50, -10]
				},
				"dread_right2": {
					"rotation": [-21.65064, 0, 0]
				},
				"dread_back_right": {
					"rotation": [-22.99038, -20, -2.5]
				},
				"dread_back_right2": {
					"rotation": [0, 0, 0]
				},
				"tail": {
					"rotation": [-0.92985, 15.60628, -10.92044]
				},
				"tail2": {
					"rotation": [-60, 0, 0]
				},
				"tail3": {
					"rotation": [-32.5, 0, 0]
				},
				"tail_end": {
					"rotation": [50, 0, 0],
					"position": [0, -2, -2]
				},
				"tail_end2": {
					"rotation": [20, 0, 0],
					"position": [0, 1, 0]
				},
				"leg_right": {
					"rotation": [-16.72963, 18.23584, 20.01038],
					"position": [-0.5, -0.5, 0.75]
				},
				"leg_right2": {
					"rotation": [0, 2.5, 0]
				},
				"leg_right3": {
					"rotation": [10.5, 0, 0]
				},
				"leg_right4": {
					"rotation": [-18.61949, 5.06614, 7.43095]
				},
				"foot_right": {
					"rotation": [30.86709, 23.37759, -14.28299],
					"position": [0.46742, 0.00599, -0.17744]
				},
				"leg_left": {
					"rotation": [10.5, -22.5, -30],
					"position": [-1, 0, 0.5]
				},
				"leg_left2": {
					"rotation": [5, 0, 0]
				},
				"leg_left3": {
					"rotation": [-7.5, 0, 0]
				},
				"leg_left4": {
					"rotation": [-20, 2.5, 12.5]
				},
				"foot_left": {
					"rotation": [25, 2.5, 19.5]
				},
				"head_angle": {
					"rotation": [12.47203, -2.49338, -0.17904]
				},
				"aura_sensor_left": {
					"rotation": [-40, 50, 10]
				},
				"aura_sensor_left2": {
					"rotation": [37.55813, -5.95814, -4.56352]
				},
				"aura_sensor_back_left": {
					"rotation": [-21.77947, 8.43464, 7.40251]
				},
				"aura_sensor_back_left2": {
					"rotation": [39.82051, 0, 0]
				},
				"aura_sensor_right": {
					"rotation": [-42.5, -50, -10]
				},
				"aura_sensor_right2": {
					"rotation": [43.34936, 0, 0]
				},
				"aura_sensor_back_right": {
					"rotation": [-22.99038, -20, -2.5]
				},
				"aura_sensor_back_right2": {
					"rotation": [45, 0, 0]
				},
				"arms": {
					"rotation": [0, 15, 0]
				},
				"wrist_left": {
					"rotation": [-24.95567, -12.06292, -8.19056]
				},
				"back1": {
					"rotation": [-0.23749, -4.55749, 5.96275]
				},
				"back2": {
					"rotation": [7.5, 0, 0]
				},
				"aura_sensor_back_left3": {
					"rotation": [40, 0, 0]
				},
				"aura_sensor_back_right3": {
					"rotation": [35, 0, 0]
				},
				"aura_sensor_left3": {
					"rotation": [27.5, -20, 0]
				},
				"aura_sensor_right3": {
					"rotation": [32.5, 0, 0]
				}
			}
		},
		"animation.lucario_y.blink": {
			"animation_length": 0.1667,
			"bones": {
				"eye_right": {
					"position": {
						"0.0": [0.1, 0, 0.1],
						"0.125": [0.1, 0, 0.1],
						"0.1667": {"pre": [0.1, 0, 0.1], "post": [0, 0, 0]}
					}
				},
				"pupil_right": {
					"position": {
						"0.0": [0, 0, 0.01],
						"0.125": [0, 0, 0.01],
						"0.1667": {"pre": [0, 0, 0.01], "post": [0, 0, 0]}
					}
				},
				"eye_left": {
					"position": {
						"0.0": [-0.1, 0, 0.1],
						"0.125": [-0.1, 0, 0.1],
						"0.1667": {"pre": [-0.1, 0, 0.1], "post": [0, 0, 0]}
					}
				},
				"pupil_left": {
					"position": {
						"0.0": [0, 0, 0.01],
						"0.125": [0, 0, 0.01],
						"0.1667": {"pre": [0, 0, 0.01], "post": [0, 0, 0]}
					}
				},
				"eyelid_right": {
					"position": {
						"0.0": [-0.1, 0, -0.1],
						"0.125": [-0.1, 0, -0.1],
						"0.1667": {"pre": [-0.1, 0, -0.1], "post": [0, 0, 0]}
					}
				},
				"eyelid_right_emote": {
					"scale": {
						"0.0": [1, 1, 1],
						"0.125": [1, 1, 1],
						"0.1667": [1, 1, 1]
					}
				},
				"eyelid_left": {
					"position": {
						"0.0": [0.1, 0, -0.1],
						"0.125": [0.1, 0, -0.1],
						"0.1667": {"pre": [0.1, 0, -0.1], "post": [0, 0, 0]}
					}
				},
				"eyelid_left_emote": {
					"scale": {
						"0.0": [1, 1, 1],
						"0.125": [1, 1, 1],
						"0.1667": [1, 1, 1]
					}
				}
			}
		},
		"animation.lucario_y.cry_test": {
			"animation_length": 0.75,
			"bones": {
				"torso3": {
					"rotation": {
						"0.0": [0, 0, 0],
						"0.125": [-0.5, 0, 0],
						"0.25": [-0.46, 0, 0],
						"0.5": [-0.07, 0, 0],
						"0.625": [0, 0, 0]
					}
				},
				"fangs": {
					"position": {
						"0.0": [0, 0, 0],
						"0.0417": {"pre": [0, 0, 0], "post": [0, -1, 0]},
						"0.5833": [0, -1, 0],
						"0.625": {"pre": [0, -1, 0], "post": [0, 0, 0]}
					}
				},
				"jaw": {
					"position": {
						"0.0": [0, 0, 0],
						"0.0417": {"pre": [0, 0, 0], "post": [0, 1, 0]},
						"0.5833": [0, 1, 0],
						"0.625": {"pre": [0, 1, 0], "post": [0, 0, 0]}
					}
				},
				"mouth_open2": {
					"position": {
						"0.0": [0, 0, 0],
						"0.0417": {"pre": [0, 0, 0], "post": [0, -1.1, -0.1]},
						"0.125": [0, -1.1, -0.1],
						"0.25": [0, -0.9, -0.1],
						"0.4167": [0, -0.9, -0.1],
						"0.5": [0, -1, -0.1],
						"0.5833": [0, -0.8, -0.1],
						"0.625": {"pre": [0, -0.8, -0.1], "post": [0, 0, 0]}
					}
				},
				"torso2": {
					"rotation": {
						"0.0": [0, 0, 0],
						"0.125": [-0.5, 0, 0],
						"0.25": [-0.46, 0, 0],
						"0.5": [-0.07, 0, 0],
						"0.625": [0, 0, 0]
					}
				},
				"head": {
					"rotation": {
						"0.0": [0, 0, 0],
						"0.0417": [-1.5, 0, 0],
						"0.0833": [-1.6, 0, 0],
						"0.1667": [-1.37, 0, 0],
						"0.2917": [0.58, 0, 0],
						"0.375": [0.68, 0, 0],
						"0.5417": [-0.42, 0, 0],
						"0.5833": [-0.5, 0, 0],
						"0.6667": [-0.02, 0, 0],
						"0.7083": [0.07, 0, 0],
						"0.75": [0, 0, 0]
					}
				}
			},
			"sound_effects": {
				"0.0": {
					"effect": "pokemon.lucario.cry"
				}
			}
		},
		"animation.lucario_y.happy": {
			"loop": true,
			"bones": {
				"fangs": {
					"position": [0, -1, 0]
				},
				"jaw": {
					"position": [0, 1, 0]
				},
				"mouth_open": {
					"position": [0, -1.1, -0.1]
				},
				"eye_right_emote2": {
					"position": [-0.1, 0.6, 0]
				},
				"eye_left_emote2": {
					"position": [0.1, 0.6, 0]
				}
			}
		},
		"animation.lucario_y.angry": {
			"loop": true,
			"bones": {
				"muzzle": {
					"rotation": [-3, 0, 0],
					"position": [0, 0, 0]
				},
				"fangs": {
					"position": [0, -1, 0]
				},
				"jaw": {
					"position": [0, 1, 0]
				},
				"mouth_open2": {
					"position": [0, -1.1, -0.1]
				},
				"eye_right_emote": {
					"position": [-1, 0, 0],
					"scale": [0.5, 1, 1]
				},
				"pupil_right": {
					"position": [0, -0.3, 0],
					"scale": [1, 0.7, 1]
				},
				"eye_left_emote": {
					"position": [1, 0, 0],
					"scale": [0.5, 1, 1]
				},
				"pupil_left": {
					"position": [0, -0.3, 0],
					"scale": [1, 0.7, 1]
				}
			}
		},
		"animation.lucario_y.sad": {
			"loop": true,
			"bones": {
				"eye_right_emote": {
					"position": [0, -0.5, 0]
				},
				"eye_right_emote3": {
					"position": [0, 0, -0.1],
					"scale": 1
				},
				"pupil_right": {
					"position": [0, 0, 0]
				},
				"eye_left_emote": {
					"position": [0, -0.5, 0]
				},
				"eye_left_emote3": {
					"position": [0, 0, -0.1],
					"scale": 1
				}
			}
		},
		"animation.lucario_y.shocked": {
			"loop": true,
			"bones": {
				"fangs": {
					"position": [0, -1, 0]
				},
				"jaw": {
					"position": [0, 1, 0]
				},
				"mouth_open2": {
					"position": [0, -1.2, -0.1]
				},
				"pupil_right": {
					"scale": [0.7, 0.5, 1]
				},
				"pupil_left": {
					"scale": [0.7, 0.5, 1]
				}
			}
		},
		"animation.lucario_y.hurt": {
			"loop": true,
			"animation_length": 0.1667,
			"bones": {
				"muzzle": {
					"rotation": [-2, 0, 0],
					"position": [0, 0, 0]
				},
				"jaw": {
					"position": [0, 1, 1]
				},
				"teeth_clench": {
					"position": [0, -0.1, -0.1]
				},
				"eye_right": {
					"position": [0.1, 0, 0.1]
				},
				"eye_right_core": {
					"position": [0.1, 0, 0.1]
				},
				"pupil_right": {
					"position": [0, 0, 0.1]
				},
				"eyelid_right": {
					"position": [-0.1, 0, -0.1]
				},
				"eyelid_right_emote": {
					"position": [0, 0, 0]
				},
				"eyelid_right_emote2": {
					"position": [-0.2, 0.6, 0]
				},
				"eyelid_right_emote3": {
					"position": [0, 0.6, 0]
				}
			}
		},
		"animation.lucario_y.judgy": {
			"loop": true,
			"bones": {
				"eye_right_emote": {
					"position": [0.1, 0, 0.1]
				},
				"pupil_right": {
					"position": [0.5, -0.5, 0],
					"scale": [1, 0.5, 1]
				},
				"eye_left_emote": {
					"position": [1, 0, 0],
					"scale": [0.5, 1, 1]
				},
				"pupil_left": {
					"position": [0.8, 0, 0]
				}
			}
		},
		"animation.lucario_y.squint": {
			"loop": true,
			"bones": {
				"eye_right_emote": {
					"position": [0.1, 0, 0.1]
				},
				"pupil_right": {
					"position": [0, -0.5, 0],
					"scale": [1, 0.5, 1]
				},
				"eye_left_emote": {
					"position": [-0.1, 0, 0.1]
				},
				"pupil_left": {
					"position": [0, -0.5, 0],
					"scale": [1, 0.5, 1]
				}
			}
		},
		"animation.lucario_y.aura_eyes": {
			"loop": true,
			"bones": {
				"pupil_right": {
					"position": [0, 0, 0.1]
				},
				"pupil_right_aura": {
					"position": [0, 0, -0.1]
				},
				"pupil_left": {
					"position": [0, 0, 0.1]
				},
				"pupil_left_aura": {
					"position": [0, 0, -0.1]
				}
			}
		},
		"animation.lucario_y.cry": {
			"animation_length": 0.4,
			"sound_effects": {
				"0.0417": {
					"effect": "pokemon.lucario.cry"
				}
			}
		}
	}
}