{
	"format_version": "1.8.0",
	"animations": {
		"animation.norstar.ground_idle": {
			"loop": true,
			"animation_length": 2,
			"bones": {
				"body": {
					"rotation": [0, 0, "math.clamp(math.sin(q.anim_time*90*2+45)*1.6,-1.3,1.3)+math.clamp(math.sin(q.anim_time*90*2+45)*2.2,-2.2,2.2)"],
					"position": ["-math.clamp(math.sin(q.anim_time*90*2+45)*0,0,0)+math.clamp(math.sin(q.anim_time*90*2+45)*0.75,-0.75,0.75)", -0.5, 0]
				},
				"arm_top": {
					"rotation": ["math.sin(q.anim_time*90*2)*1", 0, 0]
				},
				"arm_right": {
					"rotation": [0, 0, 0]
				},
				"arm_left": {
					"rotation": [0, 0, 0]
				},
				"leg_right": {
					"rotation": [0, "math.sin(q.anim_time*90*2-90)*1", "-math.sin(q.anim_time*90*2-90)*1"]
				},
				"leg_left": {
					"rotation": [0, 0, 0]
				}
			}
		},
		"animation.norstar.ground_walk": {
			"loop": true,
			"animation_length": 2,
			"bones": {
				"body": {
					"rotation": ["5+math.sin(q.anim_time*90*8-90)*4", "math.sin(q.anim_time*90*4-135)*8", "math.sin(q.anim_time*90*4-135)*4"],
					"position": [0, "math.abs(math.sin(q.anim_time*90*4-60)*1)", 0]
				},
				"arm_top": {
					"rotation": ["-5+math.sin(q.anim_time*90*8-90)*2", 0, 0]
				},
				"arm_right": {
					"rotation": [0, "0+math.sin(q.anim_time*90*4+90)*4", 0]
				},
				"arm_left": {
					"rotation": [0, "0+math.sin(q.anim_time*90*4+90)*4", 0]
				},
				"leg_right": {
					"rotation": [0, "math.sin(q.anim_time*90*4-90)*4", 0]
				},
				"leg_right2": {
					"rotation": [0, "15+math.sin(q.anim_time*90*4-135)*16", 0]
				},
				"leg_left": {
					"rotation": [0, "math.sin(q.anim_time*90*4-90)*4", 0]
				},
				"leg_left2": {
					"rotation": [0, 0, 0]
				}
			}
		},
		"animation.norstar.ground_run": {
			"loop": true,
			"animation_length": 4,
			"bones": {
				"body": {
					"rotation": ["-88+math.sin(q.anim_time*90*1-135)*2", "((q.anim_time*90*4)*2)", "math.sin(q.anim_time*90*4-135)*8"],
					"position": ["math.sin(q.anim_time*90*4-135)*0.5", "-1+math.sin(q.anim_time*90*2-135)*0.75", "math.sin(q.anim_time*90*1-135)*2"]
				}
			}
		},
		"animation.norstar.sleep": {
			"loop": true,
			"bones": {
				"body": {
					"rotation": [-90, 0, 0],
					"position": [0, -7.75, 0]
				},
				"arm_top": {
					"rotation": [-5, 0, 0]
				},
				"arm_right": {
					"rotation": [0, 5, 0]
				},
				"arm_left": {
					"rotation": [0, -5, 0]
				},
				"leg_right": {
					"rotation": [0, 5, 0]
				},
				"leg_left": {
					"rotation": [0, -5, 0]
				}
			}
		}
	}
}