{
	"format_version": "1.8.0",
	"animations": {
		"animation.noseferatu.ground_idle": {
			"loop": true,
			"bones": {
				"torso": {
					"rotation": [0, 0, 0],
					"position": [0, "-0.1*(math.sin(q.anim_time*90*2.5-90)*1+1)", 0]
				},
				"leg_left": {
					"rotation": [10, -7.5, 10]
				},
				"leg_right": {
					"rotation": [10, 7.5, -10]
				},
				"arm_left": {
					"rotation": ["-38+2*(math.sin(q.anim_time*90*1)*2+2)", 54, "64+2*(math.sin(q.anim_time*90*1)*2+2)"],
					"position": [-1, -5, -2]
				},
				"arm_right": {
					"rotation": ["-38+2*(math.sin(q.anim_time*90*1)*2+2)", -54, "-64-2*(math.sin(q.anim_time*90*1)*2+2)"],
					"position": [1, -5, -2]
				},
				"flame": {
					"rotation": ["0+math.cos(query.anim_time*90*2)*5", "-(query.anim_time)*160", "0+math.cos(query.anim_time*90*2)*5"],
					"scale": ["1.1+math.cos(query.anim_time*90*2)*0.1", 1, "1.1+math.cos(query.anim_time*90*2)*0.1"]
				},
				"body": {
					"position": ["0+math.sin(q.anim_time*90*0.5)*4", "5+math.sin(q.anim_time*90*1)*4", 0]
				},
				"eyes": {
					"position": [0, 0, 0.9]
				},
				"cloak_back": {
					"rotation": ["2+math.sin(q.anim_time*90*1-90)*2", 0, "0-math.sin(q.anim_time*90*0.5-90)*2"]
				},
				"cloak_back2": {
					"rotation": ["2+math.sin(q.anim_time*90*1-90)*2", 0, "0-math.sin(q.anim_time*90*0.5-90)*3"]
				},
				"cloak_back3": {
					"rotation": ["2+math.sin(q.anim_time*90*1-90)*2", 0, "0-math.sin(q.anim_time*90*0.5-90)*4"]
				},
				"cloak_back4": {
					"rotation": ["2+math.sin(q.anim_time*90*1-90)*2", 0, "0-math.sin(q.anim_time*90*0.5-90)*5"]
				},
				"cloak_left": {
					"rotation": ["2+math.sin(q.anim_time*90*1-90)*2", 0, "0-math.sin(q.anim_time*90*0.5-90)*2"]
				},
				"cloak_left2": {
					"rotation": ["2+math.sin(q.anim_time*90*1-90)*2", 0, "0-math.sin(q.anim_time*90*0.5-90)*3"]
				},
				"cloak_left_3": {
					"rotation": ["2+math.sin(q.anim_time*90*1-90)*2", 0, "0-math.sin(q.anim_time*90*0.5-90)*4"]
				},
				"cloak_right": {
					"rotation": ["2+math.sin(q.anim_time*90*1-90)*2", 0, "0-math.sin(q.anim_time*90*0.5-90)*2"]
				},
				"cloak_right2": {
					"rotation": ["2+math.sin(q.anim_time*90*1-90)*2", 0, "0-math.sin(q.anim_time*90*0.5-90)*3"]
				},
				"cloak_right3": {
					"rotation": ["2+math.sin(q.anim_time*90*1-90)*2", 0, "0-math.sin(q.anim_time*90*0.5-90)*4"]
				},
				"necklace_chain_right": {
					"rotation": ["0+math.sin(q.anim_time*90*1-90)*2", 0, "0-math.sin(q.anim_time*90*0.5-90)*4"]
				},
				"necklace_chain_right2": {
					"rotation": ["0+math.sin(q.anim_time*90*1-90)*2", 0, "0-math.sin(q.anim_time*90*0.5-90)*4"]
				},
				"necklace_chain_left": {
					"rotation": ["0+math.sin(q.anim_time*90*1-90)*2", 0, "0-math.sin(q.anim_time*90*0.5-90)*4"]
				},
				"necklace_chain_left2": {
					"rotation": ["0+math.sin(q.anim_time*90*1-90)*2", 0, "0-math.sin(q.anim_time*90*0.5-90)*4"]
				},
				"necklace_chain_left3": {
					"rotation": ["0+math.sin(q.anim_time*90*1-90)*2", 0, "0+math.sin(q.anim_time*90*0.5-90)*4"]
				},
				"necklace_crystal": {
					"rotation": ["0+math.sin(q.anim_time*90*1-90)*2", 0, "0-math.sin(q.anim_time*90*0.5-90)*8"]
				},
				"necklace_crystal_glow": {
					"scale": 0.6
				},
				"amethyst_crystal": {
					"position": ["-1-math.sin(q.anim_time*90*0.5)*4", "0+math.sin(q.anim_time*90*1)*4", 0]
				},
				"amethyst_crystal_glow": {
					"scale": 0.6
				},
				"amethyst_crystal2": {
					"position": ["1-math.sin(q.anim_time*90*0.5)*4", "-5-math.sin(q.anim_time*90*1)*8", 0]
				},
				"amethyst_crystal_glow2": {
					"scale": 0.6
				},
				"amethyst_crystal3": {
					"position": ["0-math.sin(q.anim_time*90*0.5)*4", "5+math.sin(q.anim_time*45*3)*6", 0]
				},
				"amethyst_crystal_glow3": {
					"scale": 0.6
				}
			}
		},
		"animation.noseferatu.ground_walk": {
			"loop": true,
			"bones": {
				"torso": {
					"rotation": [0, 0, 0],
					"position": [0, "-0.1*(math.sin(q.anim_time*90*2.5-90)*1+1)", 0]
				},
				"leg_left": {
					"rotation": [10, -7.5, 10]
				},
				"leg_right": {
					"rotation": [10, 7.5, -10]
				},
				"arm_left": {
					"rotation": ["-38+2*(math.sin(q.anim_time*90*1)*2+2)", 54, "64+2*(math.sin(q.anim_time*90*1)*2+2)"],
					"position": [-1, -5, -2]
				},
				"arm_right": {
					"rotation": ["-38+2*(math.sin(q.anim_time*90*1)*2+2)", -54, "-64-2*(math.sin(q.anim_time*90*1)*2+2)"],
					"position": [1, -5, -2]
				},
				"flame": {
					"rotation": ["0+math.cos(query.anim_time*90*4)*5", "-(query.anim_time)*320", "0+math.cos(query.anim_time*90*4)*5"],
					"scale": ["1.1+math.cos(query.anim_time*90*2)*0.1", 1, "1.1+math.cos(query.anim_time*90*2)*0.1"]
				},
				"body": {
					"rotation": [25, 0, 0],
					"position": ["0+math.sin(q.anim_time*90*1)*2", "-1+math.sin(q.anim_time*90*2)*4", -7]
				},
				"eyes": {
					"position": [0, 0, 0.9]
				},
				"cloak_back": {
					"rotation": ["5+math.sin(q.anim_time*90*2-90)*4", 0, "0-math.sin(q.anim_time*90*1-90)*1"]
				},
				"cloak_back2": {
					"rotation": ["5+math.sin(q.anim_time*90*2-90)*6", 0, "0-math.sin(q.anim_time*90*1-90)*1.5"]
				},
				"cloak_back3": {
					"rotation": ["5+math.sin(q.anim_time*90*2-90)*6", 0, "0-math.sin(q.anim_time*90*1-90)*2"]
				},
				"cloak_back4": {
					"rotation": ["10+math.sin(q.anim_time*90*2-90)*6", 0, "0-math.sin(q.anim_time*90*1-90)*2.5"]
				},
				"cloak_left": {
					"rotation": ["5+math.sin(q.anim_time*90*2-90)*4", 0, "0-math.sin(q.anim_time*90*1-90)*1"]
				},
				"cloak_left2": {
					"rotation": ["5+math.sin(q.anim_time*90*2-90)*6", 0, "0-math.sin(q.anim_time*90*1-90)*1.5"]
				},
				"cloak_left_3": {
					"rotation": ["5+math.sin(q.anim_time*90*2-90)*6", 0, "0-math.sin(q.anim_time*90*1-90)*2"]
				},
				"cloak_right": {
					"rotation": ["5+math.sin(q.anim_time*90*2-90)*4", 0, "0-math.sin(q.anim_time*90*1-90)*1"]
				},
				"cloak_right2": {
					"rotation": ["5+math.sin(q.anim_time*90*2-90)*6", 0, "0-math.sin(q.anim_time*90*1-90)*1.5"]
				},
				"cloak_right3": {
					"rotation": ["5+math.sin(q.anim_time*90*2-90)*6", 0, "0-math.sin(q.anim_time*90*1-90)*2"]
				},
				"necklace_chain_right": {
					"rotation": ["0+math.sin(q.anim_time*90*2-90)*2", 0, "0-math.sin(q.anim_time*90*1-90)*4"]
				},
				"necklace_chain_right2": {
					"rotation": ["0+math.sin(q.anim_time*90*2-90)*2", 0, "0-math.sin(q.anim_time*90*1-90)*4"]
				},
				"necklace_chain_left": {
					"rotation": ["0+math.sin(q.anim_time*90*2-90)*2", 0, "0-math.sin(q.anim_time*90*1-90)*4"]
				},
				"necklace_chain_left2": {
					"rotation": ["0+math.sin(q.anim_time*90*2-90)*2", 0, "0-math.sin(q.anim_time*90*1-90)*4"]
				},
				"necklace_chain_left3": {
					"rotation": ["0+math.sin(q.anim_time*90*2-90)*2", 0, "0+math.sin(q.anim_time*90*1-90)*4"]
				},
				"necklace_crystal": {
					"rotation": ["0+math.sin(q.anim_time*90*2-90)*2", 0, "0-math.sin(q.anim_time*90*1-90)*8"]
				},
				"necklace_crystal_glow": {
					"scale": 0.6
				},
				"amethyst_crystal": {
					"rotation": [-25, 0, 0],
					"position": ["0-math.sin(q.anim_time*90*1)*2", "0+math.sin(q.anim_time*90*2)*4", "0+math.sin(q.anim_time*90*2)*2"]
				},
				"amethyst_crystal_glow": {
					"scale": 0.6
				},
				"amethyst_crystal2": {
					"rotation": [-25, 0, 0],
					"position": ["0-math.sin(q.anim_time*90*1)*2", "-5-math.sin(q.anim_time*90*2)*8", "0-math.sin(q.anim_time*90*2)*4"]
				},
				"amethyst_crystal_glow2": {
					"scale": 0.6
				},
				"amethyst_crystal3": {
					"rotation": [-25, 0, 0],
					"position": ["0-math.sin(q.anim_time*90*1)*2", "5+math.sin(q.anim_time*45*3)*6", "0+math.sin(q.anim_time*90*1)*1"]
				},
				"amethyst_crystal_glow3": {
					"scale": 0.6
				}
			}
		},
		"animation.noseferatu.sleep": {
			"loop": true,
			"bones": {
				"torso": {
					"rotation": [7.5, 0, 0],
					"position": [0, "-0.1*(math.sin(q.anim_time*90*2-90)*0.6)", 0]
				},
				"leg_left": {
					"rotation": [10, -7.5, 10]
				},
				"leg_right": {
					"rotation": [10, 7.5, -10]
				},
				"arm_left": {
					"rotation": [-0.88528, 5.00129, "78.6469+(math.sin(q.anim_time*90*2)*0.6)"],
					"position": [-1.5, 0, 0]
				},
				"arm_right": {
					"rotation": [-0.88528, -5.00129, "-78.6471-(math.sin(q.anim_time*90*2)*0.6)"],
					"position": [1.5, 1, 0]
				},
				"eyes": {
					"position": [0, 0, 1]
				},
				"flame": {
					"rotation": ["0+math.cos(query.anim_time*90*1)*5", "-(query.anim_time)*80", "0+math.cos(query.anim_time*90*1)*5"],
					"scale": ["1.1+math.cos(query.anim_time*90*1)*0.1", 1, "1.1+math.cos(query.anim_time*90*1)*0.1"]
				},
				"body": {
					"position": [0, "0+math.sin(q.anim_time*90*0.5)*2", 0]
				},
				"cloak_back": {
					"rotation": [-7.5, 0, 0]
				},
				"cloak_left": {
					"rotation": [-7.5, 0, 0]
				},
				"cloak_right": {
					"rotation": [-7.5, 0, 0]
				},
				"necklace_chain_right": {
					"rotation": [-7.5, 0, 0]
				},
				"necklace_chain_left": {
					"rotation": [-7.5, 0, 0]
				},
				"amethyst_crystal": {
					"position": [-1, "0+math.sin(q.anim_time*90*0.5)*2", 0]
				},
				"amethyst_crystal_glow": {
					"scale": 0
				},
				"amethyst_crystal2": {
					"position": [1, "-5-math.sin(q.anim_time*90*0.5)*4", 0]
				},
				"amethyst_crystal_glow2": {
					"scale": 0
				},
				"amethyst_crystal3": {
					"position": [0, "5+math.sin(q.anim_time*45*1.5)*3", 0]
				}
			}
		},
		"animation.noseferatu.faint": {
			"loop": true,
			"animation_length": 3,
			"bones": {
				"torso": {
					"rotation": {
						"0.0": [12.5, 0, 0],
						"0.0417": [-12.5, 0, 0],
						"0.125": [-17.5, 0, 0],
						"0.25": [-17.5, 0, 0],
						"0.375": [-12.5, 0, 0],
						"0.4583": [0, 0, 0],
						"1.7083": [0, 0, 0],
						"1.8333": [-12.5, 0, 0],
						"1.9583": [-102.5, 0, 0],
						"2.0": [-82.5, 0, 0],
						"2.0417": [-92.5, 0, 0]
					},
					"position": {
						"0.0": [0, "-0.1*(math.sin(q.anim_time*90*2.5-90)*1+1)", 0],
						"1.7083": [0, -0.1, 0],
						"2.0": [0, -0.75, 0]
					}
				},
				"leg_left": {
					"rotation": {
						"0.0": [0, -7.5, 0],
						"1.8333": [0, -7.5, 0],
						"1.9583": [-105, -7.5, 0],
						"2.0417": [-112.5, -7.5, 0],
						"2.125": [-67.5, -7.5, 0],
						"2.1667": [-77.5, -7.5, 0]
					},
					"position": {
						"1.8333": [0, 0, 0],
						"1.9583": [0, 4, -3],
						"2.125": [0, 2, -3]
					}
				},
				"leg_right": {
					"rotation": {
						"0.0": [0, 7.5, 0],
						"1.8333": [0, 7.5, 0],
						"1.9583": [-105, 7.5, 0],
						"2.0417": [-110, 7.5, 0],
						"2.125": [-65, 7.5, 0],
						"2.1667": [-82.5, 7.5, 0]
					},
					"position": {
						"1.8333": [0, 0, 0],
						"1.9583": [0, 4, -3],
						"2.125": [0, 2, -3]
					}
				},
				"arm_left": {
					"rotation": {
						"0.0": [12.13263, 44.31455, "81.4221+2*(math.sin(q.anim_time*90*2.5)*1+1)"],
						"0.3333": [-24.56513, 34.14672, "25.8077+2*(math.sin(q.anim_time*90*2.5)*1+1)"],
						"1.0833": [-30.10403, 29.54318, "15.3491+2*(math.sin(q.anim_time*90*2.5)*1+1)"],
						"1.5833": [11.53623, 39.81146, "82.6509+2*(math.sin(q.anim_time*90*2.5)*1+1)"],
						"1.7083": [11.54, 39.81, "82.6509+2*(math.sin(q.anim_time*90*2.5)*1+1)"],
						"2.0": [9.91083, -26.76557, 70.7041]
					},
					"position": [0, -1, -2]
				},
				"arm_right": {
					"rotation": {
						"0.0": [12.13263, -44.31455, "-81.4221-2*(math.sin(q.anim_time*90*2.5)*1+1)"],
						"0.3333": [-23.62116, -40.22002, "-30.2112-2*(math.sin(q.anim_time*90*2.5)*1+1)"],
						"1.0": [9.71324, -44.78384, "-77.9775-2*(math.sin(q.anim_time*90*2.5)*1+1)"],
						"1.7083": [-19.55608, -42.06189, "-36.3858-2*(math.sin(q.anim_time*90*2.5)*1+1)"],
						"1.9167": [7.24272, -45.15256, "-74.4823-2*(math.sin(q.anim_time*90*2.5)*1+1)"],
						"2.0": [5.7269, 27.00181, "-66.7263-2*(math.sin(q.anim_time*90*2.5)*1+1)"],
						"2.0417": [5.14027, 7.08962, "-68.6971-2*(math.sin(q.anim_time*90*2.5)*1+1)"],
						"2.0833": [6.01634, 31.97563, -66.1389]
					},
					"position": [0, -1, -2]
				},
				"body": {
					"rotation": {
						"0.0": [0, 0, 0],
						"0.125": [0, 10, 0],
						"0.25": [0, 17.5, 0],
						"0.375": [0, 22.5, 0],
						"0.4167": [0, 37.5, 0],
						"0.4583": [0, 22.5, 0],
						"0.5833": [0, 5, 0],
						"0.7083": [0, -55, 0],
						"0.8333": [0, -72.5, 0],
						"0.9167": [0, -85, 0],
						"0.9583": [0, -72.5, 0],
						"1.0": [0, -80, 0],
						"1.1667": [0, -70, 0],
						"1.2917": [0, -67.5, 0],
						"1.5833": [0, 125, 0],
						"1.7083": [0, 145, 0],
						"1.8333": [0, 150, 0],
						"1.9583": [0, 150, 0],
						"2.0417": [0, 162.5, 0],
						"2.125": [0, 167.5, 0]
					},
					"position": {
						"0.0": [0, 0, 0],
						"0.0417": [0, 0, 1],
						"0.125": [0, 0, 1.65],
						"0.25": [0, 0, -0.09],
						"0.2917": [-2, -1, -0.67],
						"0.3333": [0, 0, -1.25],
						"0.4583": [0, 0, -3],
						"0.5833": [0, 0, -4],
						"0.7083": [4, 0, -1],
						"0.7917": [5, 0, 0],
						"0.9167": [5, 0, 0],
						"0.9583": [4.67, -1, -3],
						"1.0": [4.34, 0, 0],
						"1.0417": [4, 0, 0],
						"1.25": [-2, 0, 0],
						"1.375": [-3, 0, 0],
						"1.5833": [0, 0, -2],
						"1.625": [0.5, -1, -3],
						"1.6667": [1, 0, -4],
						"1.7083": [0.75, -1, -3.5],
						"1.75": [0.5, 0, -3],
						"1.7917": [0.25, 0, -2.5],
						"1.9167": [-2, 0, 3],
						"1.9583": [-2, -1, 3],
						"2.0": [-2, 0, 3]
					},
					"scale": {
						"1.7083": [1, 1, 1],
						"1.8333": [0.3714, 0.9714, 0.5714],
						"1.9167": [0.8857, 0.3857, 0.1857],
						"2.0": [0, 0, 0]
					}
				},
				"eyes": {
					"position": {
						"0.0": [0, 0, 0],
						"1.9167": [0, 0, 0],
						"1.9583": [0, 0, 1]
					}
				},
				"flame": {
					"rotation": {
						"0.0": [0, 0, 0],
						"1.5": [0, 720, 0]
					},
					"scale": {
						"0.0": [1.2, 1, 1.2],
						"0.1667": [0.9, 1, 1.3],
						"0.25": [1.3, 1, 0.9],
						"0.3333": [0.9, 1, 1.3],
						"0.4167": [0.9, 1, 1.3],
						"0.5": [1.3, 1, 0.9],
						"0.5833": [0.9, 1, 1.3],
						"0.6667": [0.9, 1, 1.3],
						"0.75": [1.3, 1, 0.9],
						"0.8333": [0.9, 1, 1.3],
						"0.9167": [0.9, 1, 1.3],
						"1.0": [1.3, 1, 0.9],
						"1.0833": [0.9, 1, 1.3],
						"1.3333": [1.5, 1, 1.5],
						"1.5": [0, 0, 0]
					}
				},
				"eye_right": {
					"rotation": [0, 0, -25]
				},
				"eye_left": {
					"rotation": [0, 0, 25]
				},
				"cloak_back": {
					"rotation": [-12.5, 0, 0]
				},
				"cloak_left": {
					"rotation": [-12.5, 0, 0]
				},
				"cloak_right": {
					"rotation": [-12.5, 0, 0]
				}
			}
		},
		"animation.noseferatu.cry": {
			"animation_length": 3,
			"bones": {
				"body": {
					"position": {
						"0.0": [0, 0, 0],
						"0.25": [0, -5, 0],
						"0.375": [0, -6, 0],
						"1.0": [0, 3, 0],
						"1.25": [0, 7, 0],
						"1.5": [0, 3, 0],
						"1.75": [0, 7, 0],
						"2.0": [0, 3, 0],
						"2.25": [0, 7, 0],
						"3.0": [0, 0, 0]
					}
				},
				"torso": {
					"rotation": {
						"0.0": [0, 0, 0],
						"0.25": [20, 0, 0],
						"0.375": [25, 0, 0],
						"1.0": [-20, 0, 0],
						"1.25": [-15, 0, 0],
						"1.5": [-25, 0, 0],
						"1.75": [-15, 0, 0],
						"2.25": [-20, 0, 0],
						"3.0": [0, 0, 0]
					}
				},
				"eyes": {
					"position": [0, 0, -0.9]
				},
				"arm_right": {
					"rotation": {
						"0.0": [0, 0, 0],
						"0.25": [0, 0, -20],
						"0.375": [0, 0, -21.25],
						"0.75": [0, 0, 25],
						"2.5": [0, 0, 25],
						"3.0": [0, 0, 0]
					}
				},
				"arm_left": {
					"rotation": {
						"0.0": [0, 0, 0],
						"0.25": [0, 0, 20],
						"0.375": [0, 0, 21.25],
						"0.75": [0, 0, -25],
						"2.5": [0, 0, -25],
						"3.0": [0, 0, 0]
					}
				},
				"flame": {
					"rotation": {
						"0.0": [0, 0, 0],
						"3.0": [0, -1440, 0]
					}
				},
				"cloak_back": {
					"rotation": {
						"0.0": [0, 0, 0],
						"0.25": [-20, 0, 0],
						"0.375": [-25, 0, 0],
						"1.0": [20, 0, 0],
						"1.25": [15, 0, 0],
						"1.5": [25, 0, 0],
						"1.75": [15, 0, 0],
						"2.25": [20, 0, 0],
						"3.0": [0, 0, 0]
					}
				},
				"cloak_left": {
					"rotation": {
						"0.0": [0, 0, 0],
						"0.25": [-20, 0, 0],
						"0.375": [-25, 0, 0],
						"1.0": [20, 0, 0],
						"1.25": [15, 0, 0],
						"1.5": [25, 0, 0],
						"1.75": [15, 0, 0],
						"2.25": [20, 0, 0],
						"3.0": [0, 0, 0]
					}
				},
				"cloak_right": {
					"rotation": {
						"0.0": [0, 0, 0],
						"0.25": [-20, 0, 0],
						"0.375": [-25, 0, 0],
						"1.0": [20, 0, 0],
						"1.25": [15, 0, 0],
						"1.5": [25, 0, 0],
						"1.75": [15, 0, 0],
						"2.25": [20, 0, 0],
						"3.0": [0, 0, 0]
					}
				},
				"necklace_chain_right": {
					"rotation": {
						"0.0": [0, 0, 0],
						"0.25": [-20, 0, 0],
						"0.375": [-25, 0, 0],
						"1.0": [20, 0, 0],
						"1.25": [15, 0, 0],
						"1.5": [25, 0, 0],
						"1.75": [15, 0, 0],
						"2.25": [20, 0, 0],
						"3.0": [0, 0, 0]
					}
				},
				"necklace_chain_left": {
					"rotation": {
						"0.0": [0, 0, 0],
						"0.25": [-20, 0, 0],
						"0.375": [-25, 0, 0],
						"1.0": [20, 0, 0],
						"1.25": [15, 0, 0],
						"1.5": [25, 0, 0],
						"1.75": [15, 0, 0],
						"2.25": [20, 0, 0],
						"3.0": [0, 0, 0]
					}
				},
				"amethyst_crystal": {
					"position": {
						"0.0": [0, 0, 0],
						"0.125": [0, -6, 0],
						"0.5": [0, 9, 0],
						"0.75": [0, -6, 0],
						"1.0": [0, 9, 0],
						"1.25": [0, -6, 0],
						"1.5": [0, 9, 0],
						"1.75": [0, -6, 0],
						"2.0": [0, 9, 0],
						"2.25": [0, -6, 0],
						"2.5": [0, 9, 0],
						"2.75": [0, -6, 0],
						"3.0": [0, 0, 0]
					}
				},
				"amethyst_crystal_glow": {
					"scale": {
						"0.0": [1, 1, 1],
						"0.25": [2, 2, 2],
						"2.75": [2, 2, 2],
						"3.0": [1, 1, 1]
					}
				},
				"amethyst_crystal2": {
					"position": {
						"0.0": [0, 0, 0],
						"0.125": [0, -6, 0],
						"0.5": [0, 9, 0],
						"0.75": [0, -6, 0],
						"1.0": [0, 9, 0],
						"1.25": [0, -6, 0],
						"1.5": [0, 9, 0],
						"1.75": [0, -6, 0],
						"2.0": [0, 9, 0],
						"2.25": [0, -6, 0],
						"2.5": [0, 9, 0],
						"2.75": [0, -6, 0],
						"3.0": [0, 0, 0]
					}
				},
				"amethyst_crystal_glow2": {
					"scale": {
						"0.0": [1, 1, 1],
						"0.25": [2, 2, 2],
						"2.75": [2, 2, 2],
						"3.0": [1, 1, 1]
					}
				},
				"amethyst_crystal3": {
					"position": {
						"0.0": [0, 0, 0],
						"0.125": [0, -6, 0],
						"0.5": [0, 9, 0],
						"0.75": [0, -6, 0],
						"1.0": [0, 9, 0],
						"1.25": [0, -6, 0],
						"1.5": [0, 9, 0],
						"1.75": [0, -6, 0],
						"2.0": [0, 9, 0],
						"2.25": [0, -6, 0],
						"2.5": [0, 9, 0],
						"2.75": [0, -6, 0],
						"3.0": [0, 0, 0]
					}
				},
				"amethyst_crystal_glow3": {
					"scale": {
						"0.0": [1, 1, 1],
						"0.25": [2, 2, 2],
						"2.75": [2, 2, 2],
						"3.0": [1, 1, 1]
					}
				}
			}
		}
	}
}