{
	"format_version": "1.8.0",
	"animations": {
		"animation.salamarine.water_idle": {
			"loop": true,
			"bones": {
				"body": {
					"rotation": ["Math.sin((query.anim_time) * 180) * 1", 0, 0],
					"position": [0, "Math.sin((query.anim_time) * 180) * 1", 0]
				},
				"torso": {
					"rotation": ["Math.cos((query.anim_time+0.2) * 180) * 3", 0, 0]
				},
				"head": {
					"rotation": ["Math.cos((query.anim_time+0.4) * 180) * 4", 0, 0]
				},
				"arm_front_right": {
					"rotation": [0, "Math.sin((query.anim_time + 1.4) * 90) * 10", "-5+Math.sin((query.anim_time + 0.4) * 90) * 10"]
				},
				"arm_front_right2": {
					"rotation": [0, 0, "Math.sin((query.anim_time+0.6) * 90) * 10"]
				},
				"arm_front_left": {
					"rotation": [0, "Math.cos((query.anim_time + 1) * 90) * 10", "5+Math.cos(query.anim_time * 90) * 10"]
				},
				"arm_front_left2": {
					"rotation": [0, 0, "Math.cos((query.anim_time+0.2) * 90) * 10"]
				},
				"arm_back_right": {
					"rotation": [0, "Math.cos((query.anim_time + 1) * 90) * 10", "-5+Math.cos(query.anim_time * 90) * 10"]
				},
				"arm_back_right2": {
					"rotation": [0, 0, "Math.cos((query.anim_time+0.2) * 90) * 10"]
				},
				"arm_back_left": {
					"rotation": [0, "Math.sin((query.anim_time + 1.4) * 90) * 10", "5+Math.sin((query.anim_time + 0.4) * 90) * 10"]
				},
				"arm_back_left2": {
					"rotation": [0, 0, "Math.sin((query.anim_time+0.6) * 90) * 10"]
				},
				"tail1": {
					"rotation": [35, "Math.cos((query.anim_time) * 90) * 10", 0]
				},
				"tail2": {
					"rotation": [60, "Math.cos((query.anim_time-0.2) * 90) * 10", 0]
				},
				"tail3": {
					"rotation": [-27.5, "Math.cos((query.anim_time-0.5) * 90) * 10", 0]
				},
				"tail4": {
					"rotation": [-80, "Math.cos((query.anim_time-0.8) * 90) * 10", 0]
				}
			}
		},
		"animation.salamarine.water_swim": {
			"loop": true,
			"bones": {
				"body": {
					"rotation": ["Math.cos((query.anim_time - 0.1) * 90*2) * 5", 0, 0],
					"position": [0, "Math.cos((query.anim_time - 0.3) * 90*4) * 1", 0]
				},
				"torso": {
					"rotation": ["Math.cos((query.anim_time - 0.4) * 90*2) * -3", 0, 0]
				},
				"head": {
					"rotation": ["Math.cos((query.anim_time - 0.6) * 90*2) * -3", 0, 0]
				},
				"arm_front_right": {
					"rotation": [-5.72511, 29.4987, "-11.5083+Math.cos((query.anim_time) * 90*4) * -10"]
				},
				"arm_front_right2": {
					"rotation": [0, 12.5, "-(Math.cos((query.anim_time - 0.4) * 90*4) * 10)"]
				},
				"flipper_front_right": {
					"rotation": [0, 15, "-(Math.cos((query.anim_time - 0.5) * 90*4) * 10)"]
				},
				"arm_front_left": {
					"rotation": [-5.72511, -29.4987, "11.5083+Math.cos((query.anim_time) * 90*4) * 10"]
				},
				"arm_front_left2": {
					"rotation": [0, -12.5, "Math.cos((query.anim_time - 0.4) * 90*4) * 10"]
				},
				"flipper_front_left": {
					"rotation": [0, -15, "Math.cos((query.anim_time - 0.5) * 90*4) * 10"]
				},
				"arm_back_right": {
					"rotation": [-11.1943, 41.27121, "-16.7003+Math.cos((query.anim_time + 0.1) * 90*4) * -10"]
				},
				"arm_back_right2": {
					"rotation": [0, 12.5, "-(Math.cos((query.anim_time - 0.3) * 90*4) * 10)"]
				},
				"flipper_back_right": {
					"rotation": [0, 15, "-(Math.cos((query.anim_time - 0.4) * 90*4) * 10)"]
				},
				"arm_back_left": {
					"rotation": [-11.1943, -41.27121, "16.7003+Math.cos((query.anim_time + 0.1) * 90*4) * 10"]
				},
				"arm_back_left2": {
					"rotation": [0, -12.5, "Math.cos((query.anim_time - 0.3) * 90*4) * 10"]
				},
				"flipper_back_left": {
					"rotation": [0, -15, "Math.cos((query.anim_time - 0.4) * 90*4) * 10"]
				},
				"tail1": {
					"rotation": ["Math.cos((query.anim_time - 0.4) * 90*2) * 8", 0, 0]
				},
				"tail2": {
					"rotation": ["Math.cos((query.anim_time - 0.6) * 90*2) * 8", 0, 0]
				},
				"tail3": {
					"rotation": ["Math.cos((query.anim_time - 0.8) * 90*2) * 8", 0, 0]
				},
				"tail4": {
					"rotation": ["Math.cos((query.anim_time - 1) * 90*2) * 8", 0, 0]
				}
			}
		}
	}
}