{
    "implemented": true,
    "nationalPokedexNumber": 184,
    "name": "Ascenshark",
    "primaryType": "psychic",
    "secondaryType": "dragon",
    "maleRatio": -1,
    "height": 70,
    "weight": 2065,
    "pokedex": [
        "spaceworldmons.species.ascenshark.desc1",
        "spaceworldmons.species.ascenshark.desc2"
    ],
    "labels": [
        "gen3beta",
        "legendary",
        "restricted"
    ],
    "aspects": ["spaceworldmons"],
    
    "abilities": [
        "levitate",
        "h:magicbounce"
    ],
    "eggGroups": [
        "undiscovered"
    ],
    "baseStats": {
        "hp": 105,
        "attack": 90,
        "defence": 150,
        "special_attack": 90,
        "special_defence": 150,
        "speed": 95
    },
    "behaviour": {
        "resting": {
            "canSleep": true,
            "willSleepOnBed": false,
            "depth": "normal",
            "light": "0-4"
        }
    },
    "evYield": {
        "hp": 0,
        "attack": 0,
        "defence": 2,
        "special_attack": 0,
        "special_defence": 1,
        "speed": 0
    },
    "baseExperienceYield": 340,
    "experienceGroup": "slow",
    "catchRate": 3,
    "eggCycles": 120,
    "baseFriendship": 0,
    "baseScale": 1.5,
    "hitbox": {
        "width": 2.5,
        "height": 2.1,
        "fixed": false
    },
    "drops": {
        "amount": 5,
        "entries": [{
                "item": "minecraft:dragon_breath",
                "quantityRange": "3-5"
            }
        ]
    },
    "moves": [
        "1:charm",
        "1:dragondance",
        "1:healblock",
        "1:psychoshift",
        "1:psywave",
        "1:refresh",
        "1:storedpower",
        "5:helpinghand",
        "10:recover",
        "15:confusion",
        "20:tailwind",
        "25:dragonbreath",
        "31:allyswitch",
        "35:wish",
        "40:psychic",
        "45:dragonpulse",
        "50:healpulse",
        "55:reflecttype",
        "57:simplebeam",
        "60:lusterpurge",
        "65:guardsplit",
        "67:powersplit",
        "70:healingwish",
        "73:memento",
        "tm:aerialace",
        "tm:agility",
        "tm:aircutter",
        "tm:airslash",
        "tm:alluringvoice",
        "tm:allyswitch",
        "tm:aurasphere",
        "tm:batonpass",
        "tm:bodyslam",
        "tm:breakingswipe",
        "tm:bulldoze",
        "tm:calmmind",
        "tm:chargebeam",
        "tm:charm",
        "tm:chillingwater",
        "tm:covet",
        "tm:cut",
        "tm:defog",
        "tm:disarmingvoice",
        "tm:dive",
        "tm:doubleedge",
        "tm:dracometeor",
        "tm:dragoncheer",
        "tm:dragonclaw",
        "tm:dragondance",
        "tm:dragonpulse",
        "tm:drainingkiss",
        "tm:dreameater",
        "tm:dualwingbeat",
        "tm:earthquake",
        "tm:endure",
        "tm:energyball",
        "tm:facade",
        "tm:flash",
        "tm:flipturn",
        "tm:fly",
        "tm:furycutter",
        "tm:futuresight",
        "tm:gigaimpact",
        "tm:grassknot",
        "tm:helpinghand",
        "tm:honeclaws",
        "tm:hyperbeam",
        "tm:icebeam",
        "tm:icywind",
        "tm:laserfocus",
        "tm:lastresort",
        "tm:lightscreen",
        "tm:liquidation",
        "tm:magiccoat",
        "tm:magicroom",
        "tm:mysticalfire",
        "tm:outrage",
        "tm:protect",
        "tm:psychic",
        "tm:psychicnoise",
        "tm:psychocut",
        "tm:psychup",
        "tm:psyshock",
        "tm:raindance",
        "tm:reflect",
        "tm:rest",
        "tm:retaliate",
        "tm:roar",
        "tm:roleplay",
        "tm:roost",
        "tm:safeguard",
        "tm:sandstorm",
        "tm:scaleshot",
        "tm:shadowball",
        "tm:shadowclaw",
        "tm:shockwave",
        "tm:sleeptalk",
        "tm:solarbeam",
        "tm:steelwing",
        "tm:storedpower",
        "tm:substitute",
        "tm:suckerpunch",
        "tm:sunnyday",
        "tm:surf",
        "tm:swift",
        "tm:tailwind",
        "tm:takedown",
        "tm:telekinesis",
        "tm:terablast",
        "tm:thunder",
        "tm:thunderbolt",
        "tm:thunderwave",
        "tm:triattack",
        "tm:trick",
        "tm:twister",
        "tm:waterfall",
        "tm:waterpulse",
        "tm:weatherball",
        "tm:whirlpool",
        "tm:wonderroom",
        "tm:zenheadbutt",
        "tutor:aerialace",
        "tutor:aircutter",
        "tutor:allyswitch",
        "tutor:block",
        "tutor:bulldoze",
        "tutor:calmmind",
        "tutor:chargebeam",
        "tutor:covet",
        "tutor:defog",
        "tutor:dive",
        "tutor:dracometeor",
        "tutor:dragonpulse",
        "tutor:dualwingbeat",
        "tutor:energyball",
        "tutor:flipturn",
        "tutor:furycutter",
        "tutor:gigaimpact",
        "tutor:helpinghand",
        "tutor:hyperbeam",
        "tutor:icebeam",
        "tutor:icywind",
        "tutor:laserfocus",
        "tutor:lastresort",
        "tutor:liquidation",
        "tutor:magiccoat",
        "tutor:magicroom",
        "tutor:mysticalfire",
        "tutor:outrage",
        "tutor:psychic",
        "tutor:psychocut",
        "tutor:rest",
        "tutor:roleplay",
        "tutor:roost",
        "tutor:scaleshot",
        "tutor:shadowball",
        "tutor:shadowclaw",
        "tutor:shockwave",
        "tutor:sleeptalk",
        "tutor:suckerpunch",
        "tutor:swift",
        "tutor:tailwind",
        "tutor:telekinesis",
        "tutor:thunderbolt",
        "tutor:trick",
        "tutor:twister",
        "tutor:waterpulse",
        "tutor:wonderroom",
        "tutor:zenheadbutt"
    ],
    "evolutions": [{
            "id": "ascenshark-correction-spaceworldmons",
            "variant": "level_up",
            "result": "ascenshark spaceworldmons",
            "consumeHeldItem": false,
            "optional": false
        }
    ]
}
