{
    "implemented": true,
    "name": "Evolotto",
    "nationalPokedexNumber": 156,
    "primaryType": "Normal",
    "abilities": [
        "superluck"
    ],
    "baseStats": {
        "hp": 35,
        "attack": 35,
        "defence": 35,
        "special_attack": 35,
        "special_defence": 35,
        "speed": 35
    },
    "drops": {
        "amount": 2,
        "entries": [{
                "item": "cobblemon:oran_berry"
            }
        ]
    },
    "catchRate": 30,
    "maleRatio": -1,
    "shoulderMountable": true,
    "baseExperienceYield": 74,
    "experienceGroup": "erratic",
    "eggCycles": 40,
    "eggGroups": [
        "undiscovered"
    ],
    "behaviour": {
        "resting": {
            "canSleep": true,
            "willSleepOnBed": true,
            "depth": "normal",
            "light": "0-4"
        }
    },
    "moves": [
        "1:endure",
        "5:protect",
        "7:facade",
        "15:rest",
        "16:sleeptalk",
        "23:substitute",
        "75:refresh",
        "80:helpinghand",
        "90:healbell",
        "95:batonpass"
    ],
    "labels": [
        "gen3beta"
    ],
    "pokedex": [
        "spaceworldmons.species.evolotto.desc1",
        "spaceworldmons.species.evolotto.desc2"
    ],
    "evolutions": [{
            "id": "evolotto-correction-spaceworldmons",
            "variant": "level_up",
            "result": "evolotto spaceworldmons",
            "consumeHeldItem": false,
            "optional": false
        }
    ],
    "baseScale": 1,
    "hitbox": {
        "width": 0.4,
        "height": 0.4,
        "fixed": false
    },
    "baseFriendship": 35,
    "evYield": {
        "hp": 0,
        "attack": 0,
        "defence": 0,
        "special_attack": 0,
        "special_defence": 1,
        "speed": 0
    },
    "height": 4,
    "weight": 80,
    "aspects": ["spaceworldmons"],
    
    "cannotDynamax": false
}
