{
    "implemented": true,
    "name": "Warabbit",
    "nationalPokedexNumber": 181,
    "primaryType": "water",
    "abilities": [
        "torrent",
        "h:hugepower"
    ],
    "baseStats": {
        "hp": 45,
        "attack": 55,
        "defence": 40,
        "special_attack": 55,
        "special_defence": 40,
        "speed": 95
    },
    "catchRate": 45,
    "maleRatio": 0.875,
    "shoulderMountable": false,
    "baseExperienceYield": 65,
    "experienceGroup": "medium_slow",
    "eggCycles": 20,
    "eggGroups": [
        "field",
        "water_1"
    ],
    "drops": {
        "amount": 5,
        "entries": [{
                "item": "minecraft:rabbit_hide",
                "quantityRange": "0-2"
            }, {
                "item": "minecraft:rabbit"
            }, {
                "item": "minecraft:rabbit_foot",
                "percentage": 10.0
            }, {
                "item": "cobblemon:mystic_water",
                "percentage": 10.0
            }
        ]
    },
    "behaviour": {
        "resting": {
            "canSleep": true,
            "willSleepOnBed": true,
            "depth": "normal",
            "light": "0-4"
        }
    },
    "moves": [
        "1:growl",
        "1:tackle",
        "3:watergun",
        "9:watersport",
        "12:foresight",
        "12:detect",
        "15:supersonic",
        "17:bide",
        "18:waterpulse",
        "21:doublekick",
        "24:takedown",
        "27:amnesia",
        "30:surf",
        "33:screech",
        "33:whirlpool",
        "36:endeavor",
        "39:hydropump",
        "40:bounce",
        "tm:amnesia",
        "tm:attract",
        "tm:avalanche",
        "tm:blizzard",
        "tm:bodyslam",
        "tm:brickbreak",
        "tm:bulldoze",
        "tm:captivate",
        "tm:chillingwater",
        "tm:confide",
        "tm:curse",
        "tm:dig",
        "tm:dive",
        "tm:doubleedge",
        "tm:doubleteam",
        "tm:earthpower",
        "tm:earthquake",
        "tm:echoedvoice",
        "tm:endeavor",
        "tm:endure",
        "tm:facade",
        "tm:fling",
        "tm:focuspunch",
        "tm:frustration",
        "tm:hail",
        "tm:helpinghand",
        "tm:hiddenpower",
        "tm:hydropump",
        "tm:icebeam",
        "tm:icepunch",
        "tm:icywind",
        "tm:irontail",
        "tm:liquidation",
        "tm:lowkick",
        "tm:megakick",
        "tm:megapunch",
        "tm:muddywater",
        "tm:mudshot",
        "tm:mudslap",
        "tm:naturalgift",
        "tm:poweruppunch",
        "tm:protect",
        "tm:raindance",
        "tm:rest",
        "tm:return",
        "tm:roar",
        "tm:rockslide",
        "tm:rocksmash",
        "tm:rocktomb",
        "tm:round",
        "tm:sandtomb",
        "tm:scald",
        "tm:screech",
        "tm:secretpower",
        "tm:sleeptalk",
        "tm:sludgewave",
        "tm:snore",
        "tm:stealthrock",
        "tm:strength",
        "tm:substitute",
        "tm:superpower",
        "tm:surf",
        "tm:swagger",
        "tm:takedown",
        "tm:terablast",
        "tm:toxic",
        "tm:uproar",
        "tm:waterfall",
        "tm:waterpledge",
        "tm:waterpulse",
        "tm:whirlpool",
        "tm:workup",
        "tutor:ancientpower",
        "tutor:aquatail",
        "tutor:bodyslam",
        "tutor:counter",
        "tutor:defensecurl",
        "tutor:dive",
        "tutor:doubleedge",
        "tutor:dynamicpunch",
        "tutor:earthpower",
        "tutor:endeavor",
        "tutor:endure",
        "tutor:headbutt",
        "tutor:icepunch",
        "tutor:icywind",
        "tutor:irontail",
        "tutor:lowkick",
        "tutor:megakick",
        "tutor:megapunch",
        "tutor:mimic",
        "tutor:mudslap",
        "tutor:rockslide",
        "tutor:rollout",
        "tutor:seismictoss",
        "tutor:sleeptalk",
        "tutor:snore",
        "tutor:stealthrock",
        "tutor:substitute",
        "tutor:superpower",
        "tutor:swagger",
        "tutor:uproar",
        "tutor:waterpledge",
        "tutor:waterpulse"
    ],
    "labels": [
        "gen3beta"
    ],
    "pokedex": [
        "spaceworldmons.species.warabbit.desc1",
        "spaceworldmons.species.warabbit.desc2"
    ],
    "evolutions": [{
            "id": "warabbit-correction-spaceworldmons",
            "variant": "level_up",
            "result": "warabbit spaceworldmons",
            "consumeHeldItem": false,
            "optional": false
        }
    ],
    "baseScale": 0.6,
    "hitbox": {
        "width": 0.5,
        "height": 1,
        "fixed": false
    },
    "baseFriendship": 50,
    "evYield": {
        "hp": 0,
        "attack": 0,
        "defence": 0,
        "special_attack": 0,
        "special_defence": 0,
        "speed": 1
    },
    "height": 9,
    "weight": 145,
    "aspects": ["spaceworldmons"],
    
    "cannotDynamax": false
}
