{
 "head": "head",
 "portraitScale": 1,
 "portraitTranslation": [ 0, 0.5, 0 ],
 "profileScale": 0.8,
 "profileTranslation": [ 0, 0.6, 0 ],
 "faint": "bedrock(bouldorc, faint)",
 "poses": {
   "standing": {
     "poseName": "standing",
     "transformTicks": 10,
     "poseTypes": [
       "STAND",
       "NONE",
       "PORTRAIT",
       "PROFILE"
     ],
     "animations": [
       "look",
       "bedrock(bouldorc, ground_idle)"
     ]
   },
   "walking": {
     "poseName": "walking",
     "transformTicks": 10,
     "poseTypes": [ "WALK" ],
     "animations": [ "bedrock(bouldorc, ground_walk)" ]
   }
 }
}