{
 "head": "head",
 "portraitScale": 3,
 "portraitTranslation": [ 0, 0, 0 ],
 "profileScale": 1,
 "profileTranslation": [ 0, 0, 0 ],
 "faint": "bedrock(colonant, faint)",
 "poses": {
	 "battle-standing":{
		 "poseTypes": ["STAND", "POSE"],
		 "isBattle": true,
		 "animations": ["q.look('head')", "q.bedrock('colonant', 'battle_idle')"]
	 },
   "standing": {
     "poseName": "standing",
     "transformTicks": 10,
     "poseTypes": [
       "STAND",
       "NONE",
       "PORTRAIT",
       "PROFILE"
     ],
     "animations": [
       "look",
       "bedrock(colonant, ground_idle)"
     ]
   },
   "walking": {
     "poseName": "walking",
     "transformTicks": 10,
     "poseTypes": [ "WALK" ],
     "animations": [ "bedrock(colonant, ground_walk)" ]
   }
 }
}