{
 "head": "head",
 "portraitScale": 0.8,
 "portraitTranslation": [ -1, 2.5, 0 ],
 "profileScale": 0.4,
 "profileTranslation": [ 0, 1.2, 0 ],
 "faint": "bedrock(lochtrier, faint)",
 "poses": {
   "standing": {
     "poseName": "standing",
     "transformTicks": 10,
     "poseTypes": [
       "STAND",
       "NONE",
       "PORTRAIT",
       "PROFILE"
     ],
     "animations": [
       "look",
       "bedrock(lochtrier, ground_idle)"
     ]
   },
   "walking": {
     "poseName": "walking",
     "transformTicks": 10,
     "poseTypes": [ "WALK" ],
     "animations": [ "bedrock(lochtrier, ground_walk)" ]
   }
 }
}