{
 "head": "head",
 "portraitScale": 1,
 "portraitTranslation": [ 0, 0.6, 0 ],
 "profileScale": 0.3,
 "profileTranslation": [ 0, 1, 0 ],
 "rootBone": "nautilord",
 "faint": "bedrock(nautilord, faint)",
 "poses": {
   "standing": {
     "poseName": "standing",
     "transformTicks": 10,
     "poseTypes": [
       "STAND",
       "NONE",
       "PORTRAIT",
       "PROFILE"
     ],
     "animations": [
       "look",
       "bedrock(nautilord, ground_idle)"
     ]
   },
   "walking": {
     "poseName": "walking",
     "transformTicks": 10,
     "poseTypes": [ "WALK" ],
     "animations": [ "bedrock(nautilord, ground_walk)" ]
   },
   "float": {
     "poseName": "float",
     "transformTicks": 10,
     "poseTypes": [ "FLOAT" ],
     "animations": [ "bedrock(nautilord, water_idle)" ]
   },
   "swim": {
     "poseName": "swim",
     "transformTicks": 10,
     "poseTypes": [ "SWIM" ],
     "animations": [ "bedrock(nautilord, water_swim)" ]
   }
 }
}