{
 "head": "head",
 "portraitScale": 1,
 "portraitTranslation": [ 0, 1.5, 0 ],
 "profileScale": 0.40,
 "profileTranslation": [ 0, 1, 0 ],
 "faint": "bedrock(reginigma, faint)",
 "poses": {
   "standing": {
     "poseName": "standing",
     "transformTicks": 10,
     "poseTypes": [
       "STAND",
       "NONE",
       "PORTRAIT",
       "PROFILE"
     ],
     "animations": [
       "look",
       "bedrock(reginigma, ground_idle)"
     ]
   },
   "walking": {
     "poseName": "walking",
     "transformTicks": 10,
     "poseTypes": [ "WALK" ],
     "animations": [ "bedrock(reginigma, ground_walk)" ]
   },
   "hover": {
     "poseName": "hover",
     "transformTicks": 10,
     "poseTypes": [ "HOVER" ],
     "animations": [ "bedrock(reginigma, air_idle)" ]
   },
   "fly": {
     "poseName": "fly",
     "transformTicks": 10,
     "poseTypes": [ "FLY", "SWIM" ],
     "animations": [ "bedrock(reginigma, air_fly)" ]
   }
 }
}