{
 "head": "head",
 "portraitScale": 1.4,
 "portraitTranslation": [ 0, 0, 0 ],
 "profileScale": 0.8,
 "profileTranslation": [ 0, 0.5, 0 ],
 "rootBone": "wailnaut",
 "faint": "bedrock(wailnaut, faint)",
 "poses": {
   "standing": {
     "poseName": "standing",
     "transformTicks": 10,
     "poseTypes": [
       "STAND",
       "NONE",
       "PORTRAIT",
       "PROFILE"
     ],
     "animations": [
       "look",
       "bedrock(wailnaut, ground_idle)"
     ]
   },
   "walking": {
     "poseName": "walking",
     "transformTicks": 10,
     "poseTypes": [ "WALK" ],
     "animations": [ "bedrock(wailnaut, ground_walk)" ]
   },
   "float": {
     "poseName": "float",
     "transformTicks": 10,
     "poseTypes": [ "FLOAT" ],
     "animations": [ "bedrock(wailnaut, water_idle)" ]
   },
   "swim": {
     "poseName": "swim",
     "transformTicks": 10,
     "poseTypes": [ "SWIM" ],
     "animations": [ "bedrock(wailnaut, water_swim)" ]
   }
 }
}