{
  "species": "cobblemon:bergmite",
  "order": 0,
  "variations": [
    {
      "aspects": ["ultravariant"],
      "poser": "cobblemon:bergmite_ultravariant",
      "model": "cobblemon:bergmite_ultravariant.geo"
    },
    {
      "aspects": ["ultravariant", "ore-diamond"],
      "texture": "cobblemon:textures/pokemon/0712_bergmite/bergmite_ultravariant_diamond.png",
      "layers": [
        {
          "name": "transparent_emissive",
          "emissive": true,
          "texture": "cobblemon:textures/pokemon/0712_bergmite/bergmite_ultravariant_diamond_emissive.png",
          "translucent": true
        }
      ]
    },
    {
      "aspects": ["ultravariant", "ore-coal"],
      "texture": "cobblemon:textures/pokemon/0712_bergmite/bergmite_ultravariant_coal.png",
      "layers": [
        {
          "name": "transparent_emissive",
          "emissive": true,
          "texture": "cobblemon:textures/pokemon/0712_bergmite/bergmite_ultravariant_coal_emissive.png",
          "translucent": true
        }
      ]
    },
    {
      "aspects": ["ultravariant", "ore-iron"],
      "texture": "cobblemon:textures/pokemon/0712_bergmite/bergmite_ultravariant_iron.png",
      "layers": [
        {
          "name": "transparent_emissive",
          "emissive": true,
          "texture": "cobblemon:textures/pokemon/0712_bergmite/bergmite_ultravariant_iron_emissive.png",
          "translucent": true
        }
      ]
    },
    {
      "aspects": ["ultravariant", "ore-emerald"],
      "texture": "cobblemon:textures/pokemon/0712_bergmite/bergmite_ultravariant_emerald.png",
      "layers": [
        {
          "name": "transparent_emissive",
          "emissive": true,
          "texture": "cobblemon:textures/pokemon/0712_bergmite/bergmite_ultravariant_emerald_emissive.png",
          "translucent": true
        }
      ]
    },
    {
      "aspects": ["ultravariant", "ore-gold"],
      "texture": "cobblemon:textures/pokemon/0712_bergmite/bergmite_ultravariant_gold.png",
      "layers": [
        {
          "name": "transparent_emissive",
          "emissive": true,
          "texture": "cobblemon:textures/pokemon/0712_bergmite/bergmite_ultravariant_gold_emissive.png",
          "translucent": true
        }
      ]
    },
    {
      "aspects": ["ultravariant", "ore-redstone"],
      "texture": "cobblemon:textures/pokemon/0712_bergmite/bergmite_ultravariant_redstone.png",
      "layers": [
        {
          "name": "transparent_emissive",
          "emissive": true,
          "texture": "cobblemon:textures/pokemon/0712_bergmite/bergmite_ultravariant_redstone_emissive.png",
          "translucent": true
        }
      ]
    },
    {
      "aspects": ["ultravariant", "ore-lapis"],
      "texture": "cobblemon:textures/pokemon/0712_bergmite/bergmite_ultravariant_lapis.png",
      "layers": [
        {
          "name": "transparent_emissive",
          "emissive": true,
          "texture": "cobblemon:textures/pokemon/0712_bergmite/bergmite_ultravariant_lapis_emissive.png",
          "translucent": true
        }
      ]
    },
    {
      "aspects": ["ultravariant", "ore-copper"],
      "texture": "cobblemon:textures/pokemon/0712_bergmite/bergmite_ultravariant_copper.png",
      "layers": [
        {
          "name": "transparent_emissive",
          "emissive": true,
          "texture": "cobblemon:textures/pokemon/0712_bergmite/bergmite_ultravariant_copper_emissive.png",
          "translucent": true
        }
      ]
    },
    {
      "aspects": ["ultravariant", "ore-diamond", "shiny"],
      "texture": "cobblemon:textures/pokemon/0712_bergmite/bergmite_ultravariant_diamond_shiny.png",
      "layers": [
        {
          "name": "transparent_emissive",
          "emissive": true,
          "texture": "cobblemon:textures/pokemon/0712_bergmite/bergmite_ultravariant_diamond_emissive.png",
          "translucent": true
        }
      ]
    },
    {
      "aspects": ["ultravariant", "ore-coal", "shiny"],
      "texture": "cobblemon:textures/pokemon/0712_bergmite/bergmite_ultravariant_coal_shiny.png",
      "layers": [
        {
          "name": "transparent_emissive",
          "emissive": true,
          "texture": "cobblemon:textures/pokemon/0712_bergmite/bergmite_ultravariant_coal_emissive.png",
          "translucent": true
        }
      ]
    },
    {
      "aspects": ["ultravariant", "ore-iron", "shiny"],
      "texture": "cobblemon:textures/pokemon/0712_bergmite/bergmite_ultravariant_iron_shiny.png",
      "layers": [
        {
          "name": "transparent_emissive",
          "emissive": true,
          "texture": "cobblemon:textures/pokemon/0712_bergmite/bergmite_ultravariant_iron_emissive.png",
          "translucent": true
        }
      ]
    },
    {
      "aspects": ["ultravariant", "ore-emerald", "shiny"],
      "texture": "cobblemon:textures/pokemon/0712_bergmite/bergmite_ultravariant_emerald_shiny.png",
      "layers": [
        {
          "name": "transparent_emissive",
          "emissive": true,
          "texture": "cobblemon:textures/pokemon/0712_bergmite/bergmite_ultravariant_emerald_emissive.png",
          "translucent": true
        }
      ]
    },
    {
      "aspects": ["ultravariant", "ore-gold", "shiny"],
      "texture": "cobblemon:textures/pokemon/0712_bergmite/bergmite_ultravariant_gold_shiny.png",
      "layers": [
        {
          "name": "transparent_emissive",
          "emissive": true,
          "texture": "cobblemon:textures/pokemon/0712_bergmite/bergmite_ultravariant_gold_emissive.png",
          "translucent": true
        }
      ]
    },
    {
      "aspects": ["ultravariant", "ore-redstone", "shiny"],
      "texture": "cobblemon:textures/pokemon/0712_bergmite/bergmite_ultravariant_redstone_shiny.png",
      "layers": [
        {
          "name": "transparent_emissive",
          "emissive": true,
          "texture": "cobblemon:textures/pokemon/0712_bergmite/bergmite_ultravariant_redstone_emissive.png",
          "translucent": true
        }
      ]
    },
    {
      "aspects": ["ultravariant", "ore-lapis", "shiny"],
      "texture": "cobblemon:textures/pokemon/0712_bergmite/bergmite_ultravariant_lapis_shiny.png",
      "layers": [
        {
          "name": "transparent_emissive",
          "emissive": true,
          "texture": "cobblemon:textures/pokemon/0712_bergmite/bergmite_ultravariant_lapis_emissive.png",
          "translucent": true
        }
      ]
    },
    {
      "aspects": ["ultravariant", "ore-copper", "shiny"],
      "texture": "cobblemon:textures/pokemon/0712_bergmite/bergmite_ultravariant_copper_shiny.png",
      "layers": [
        {
          "name": "transparent_emissive",
          "emissive": true,
          "texture": "cobblemon:textures/pokemon/0712_bergmite/bergmite_ultravariant_copper_emissive.png",
          "translucent": true
        }
      ]
    },
    {
      "aspects": ["ultravariant", "ore-diamond", "shining"],
      "texture": "cobblemon:textures/pokemon/0712_bergmite/bergmite_ultravariant_diamond_shining.png",
      "layers": [
        {
          "name": "transparent_emissive",
          "emissive": true,
          "texture": "cobblemon:textures/pokemon/0712_bergmite/bergmite_ultravariant_diamond_emissive.png",
          "translucent": true
        }
      ]
    },
    {
      "aspects": ["ultravariant", "ore-coal", "shining"],
      "texture": "cobblemon:textures/pokemon/0712_bergmite/bergmite_ultravariant_coal_shining.png",
      "layers": [
        {
          "name": "transparent_emissive",
          "emissive": true,
          "texture": "cobblemon:textures/pokemon/0712_bergmite/bergmite_ultravariant_coal_emissive.png",
          "translucent": true
        }
      ]
    },
    {
      "aspects": ["ultravariant", "ore-iron", "shining"],
      "texture": "cobblemon:textures/pokemon/0712_bergmite/bergmite_ultravariant_iron_shining.png",
      "layers": [
        {
          "name": "transparent_emissive",
          "emissive": true,
          "texture": "cobblemon:textures/pokemon/0712_bergmite/bergmite_ultravariant_iron_emissive.png",
          "translucent": true
        }
      ]
    },
    {
      "aspects": ["ultravariant", "ore-emerald", "shining"],
      "texture": "cobblemon:textures/pokemon/0712_bergmite/bergmite_ultravariant_emerald_shining.png",
      "layers": [
        {
          "name": "transparent_emissive",
          "emissive": true,
          "texture": "cobblemon:textures/pokemon/0712_bergmite/bergmite_ultravariant_emerald_emissive.png",
          "translucent": true
        }
      ]
    },
    {
      "aspects": ["ultravariant", "ore-gold", "shining"],
      "texture": "cobblemon:textures/pokemon/0712_bergmite/bergmite_ultravariant_gold_shining.png",
      "layers": [
        {
          "name": "transparent_emissive",
          "emissive": true,
          "texture": "cobblemon:textures/pokemon/0712_bergmite/bergmite_ultravariant_gold_emissive.png",
          "translucent": true
        }
      ]
    },
    {
      "aspects": ["ultravariant", "ore-redstone", "shining"],
      "texture": "cobblemon:textures/pokemon/0712_bergmite/bergmite_ultravariant_redstone_shining.png",
      "layers": [
        {
          "name": "transparent_emissive",
          "emissive": true,
          "texture": "cobblemon:textures/pokemon/0712_bergmite/bergmite_ultravariant_redstone_emissive.png",
          "translucent": true
        }
      ]
    },
    {
      "aspects": ["ultravariant", "ore-lapis", "shining"],
      "texture": "cobblemon:textures/pokemon/0712_bergmite/bergmite_ultravariant_lapis_shining.png",
      "layers": [
        {
          "name": "transparent_emissive",
          "emissive": true,
          "texture": "cobblemon:textures/pokemon/0712_bergmite/bergmite_ultravariant_lapis_emissive.png",
          "translucent": true
        }
      ]
    },
    {
      "aspects": ["ultravariant", "ore-copper", "shining"],
      "texture": "cobblemon:textures/pokemon/0712_bergmite/bergmite_ultravariant_copper_shining.png",
      "layers": [
        {
          "name": "transparent_emissive",
          "emissive": true,
          "texture": "cobblemon:textures/pokemon/0712_bergmite/bergmite_ultravariant_copper_emissive.png",
          "translucent": true
        }
      ]
    }
  ]
}