{
	"format_version": "1.12.0",
	"minecraft:geometry": [
		{
			"description": {
				"identifier": "geometry.bayleef_jetian",
				"texture_width": 128,
				"texture_height": 128,
				"visible_bounds_width": 6,
				"visible_bounds_height": 4.5,
				"visible_bounds_offset": [0, 1.75, 0]
			},
			"bones": [
				{
					"name": "bayleef",
					"pivot": [0, 0, 0]
				},
				{
					"name": "body",
					"parent": "bayleef",
					"pivot": [0, 9, 0]
				},
				{
					"name": "torso",
					"parent": "body",
					"pivot": [0, 9, 5],
					"cubes": [
						{"origin": [-6, 5.25, -9], "size": [12, 9, 11], "uv": [0, 0]}
					]
				},
				{
					"name": "neck",
					"parent": "torso",
					"pivot": [0, 10.75, -5.75],
					"cubes": [
						{"origin": [-4.5, 9.75, -8.25], "size": [9, 6, 7], "uv": [38, 20]}
					]
				},
				{
					"name": "vines",
					"parent": "neck",
					"pivot": [-3.15, 13.75, -4]
				},
				{
					"name": "vine_right",
					"parent": "vines",
					"pivot": [-2.4, 13.75, -4],
					"cubes": [
						{"origin": [-6.4, 13.25, -4], "size": [4, 1, 0], "uv": [24, 46]}
					]
				},
				{
					"name": "vine_right2",
					"parent": "vine_right",
					"pivot": [-6.4, 13.75, -4],
					"cubes": [
						{"origin": [-10.4, 13.25, -4], "size": [4, 1, 0], "uv": [16, 55]}
					]
				},
				{
					"name": "vine_right3",
					"parent": "vine_right2",
					"pivot": [-10.4, 13.75, -4],
					"cubes": [
						{"origin": [-14.4, 13.25, -4], "size": [4, 1, 0], "uv": [16, 56]}
					]
				},
				{
					"name": "vine_right4",
					"parent": "vine_right3",
					"pivot": [-14.4, 13.75, -4],
					"cubes": [
						{"origin": [-18.4, 13.25, -4], "size": [4, 1, 0], "uv": [68, 46]}
					]
				},
				{
					"name": "vine_right5",
					"parent": "vine_right4",
					"pivot": [-18.4, 13.75, -4],
					"cubes": [
						{"origin": [-22.4, 13.25, -4], "size": [4, 1, 0], "uv": [70, 5]}
					]
				},
				{
					"name": "vine_right6",
					"parent": "vine_right5",
					"pivot": [-22.4, 13.75, -4],
					"cubes": [
						{"origin": [-26.4, 13.25, -4], "size": [4, 1, 0], "uv": [70, 32]}
					]
				},
				{
					"name": "vine_right7",
					"parent": "vine_right6",
					"pivot": [-26.4, 13.75, -4],
					"cubes": [
						{"origin": [-30.4, 13.25, -4], "size": [4, 1, 0], "uv": [36, 71]}
					]
				},
				{
					"name": "vine_right_end",
					"parent": "vine_right7",
					"pivot": [-30.4, 13.75, -4],
					"cubes": [
						{"origin": [-33.4, 12.75, -4], "size": [3, 2, 0], "uv": [72, 54]}
					]
				},
				{
					"name": "vine_left",
					"parent": "vines",
					"pivot": [2.4, 13.75, -4],
					"cubes": [
						{"origin": [2.4, 13.25, -4], "size": [4, 1, 0], "uv": [44, 71]}
					]
				},
				{
					"name": "vine_left2",
					"parent": "vine_left",
					"pivot": [6.4, 13.75, -4],
					"cubes": [
						{"origin": [6.4, 13.25, -4], "size": [4, 1, 0], "uv": [52, 71]}
					]
				},
				{
					"name": "vine_left3",
					"parent": "vine_left2",
					"pivot": [10.4, 13.75, -4],
					"cubes": [
						{"origin": [10.4, 13.25, -4], "size": [4, 1, 0], "uv": [36, 72]}
					]
				},
				{
					"name": "vine_left4",
					"parent": "vine_left3",
					"pivot": [14.4, 13.75, -4],
					"cubes": [
						{"origin": [14.4, 13.25, -4], "size": [4, 1, 0], "uv": [44, 72]}
					]
				},
				{
					"name": "vine_left5",
					"parent": "vine_left4",
					"pivot": [18.4, 13.75, -4],
					"cubes": [
						{"origin": [18.4, 13.25, -4], "size": [4, 1, 0], "uv": [72, 47]}
					]
				},
				{
					"name": "vine_left6",
					"parent": "vine_left5",
					"pivot": [22.4, 13.75, -4],
					"cubes": [
						{"origin": [22.4, 13.25, -4], "size": [4, 1, 0], "uv": [72, 48]}
					]
				},
				{
					"name": "vine_left7",
					"parent": "vine_left6",
					"pivot": [26.4, 13.75, -4],
					"cubes": [
						{"origin": [26.4, 13.25, -4], "size": [4, 1, 0], "uv": [72, 49]}
					]
				},
				{
					"name": "vine_left_end",
					"parent": "vine_left7",
					"pivot": [30.4, 13.75, -4],
					"cubes": [
						{"origin": [30.4, 12.75, -4], "size": [3, 2, 0], "uv": [58, 72]}
					]
				},
				{
					"name": "leaves",
					"parent": "neck",
					"pivot": [0, 20, -4.75],
					"rotation": [20, 0, 0]
				},
				{
					"name": "leaf1",
					"parent": "leaves",
					"pivot": [-1.25, 19.75, -6.75],
					"cubes": [
						{"origin": [-2.75, 19.75, -12.75], "size": [3, 0, 6], "uv": [64, 57]}
					]
				},
				{
					"name": "leaf2",
					"parent": "leaves",
					"pivot": [1.25, 19.75, -6.75],
					"cubes": [
						{"origin": [-0.25, 19.75, -12.75], "size": [3, 0, 6], "uv": [64, 63]}
					]
				},
				{
					"name": "leaf3",
					"parent": "leaves",
					"pivot": [2, 20, -5.5],
					"rotation": [0, -90, 0],
					"cubes": [
						{"origin": [0.5, 20, -11.5], "size": [3, 0, 6], "uv": [0, 65]}
					]
				},
				{
					"name": "leaf4",
					"parent": "leaves",
					"pivot": [-2, 20, -5.5],
					"rotation": [0, 90, 0],
					"cubes": [
						{"origin": [-3.5, 20, -11.5], "size": [3, 0, 6], "uv": [18, 65]}
					]
				},
				{
					"name": "leaf5",
					"parent": "leaves",
					"pivot": [1.5, 20.25, -3.25],
					"cubes": [
						{"origin": [1.5, 20.25, -4.25], "size": [6, 0, 3], "uv": [66, 14]}
					]
				},
				{
					"name": "leaf6",
					"parent": "leaves",
					"pivot": [0, 20.5, -2.75],
					"rotation": [0, 180, 0],
					"cubes": [
						{"origin": [-1.5, 20.5, -8.75], "size": [3, 0, 6], "uv": [36, 65]}
					]
				},
				{
					"name": "leaf7",
					"parent": "leaves",
					"pivot": [-1.5, 20.25, -3.25],
					"cubes": [
						{"origin": [-7.5, 20.25, -4.25], "size": [6, 0, 3], "uv": [66, 17]}
					]
				},
				{
					"name": "neck2",
					"parent": "neck",
					"pivot": [0, 14.75, -8.25],
					"cubes": [
						{"origin": [-3.5, 14.75, -7.25], "size": [7, 6, 5], "inflate": 0.01, "uv": [0, 44]}
					]
				},
				{
					"name": "head",
					"parent": "neck2",
					"pivot": [0, 19.75, -4],
					"cubes": [
						{"origin": [-3.5, 19.75, -7], "size": [7, 1, 5], "inflate": 0.01, "uv": [46, 0]},
						{"origin": [-3.5, 20.75, -10], "size": [7, 6, 8], "inflate": 0.01, "uv": [38, 33]},
						{"origin": [-3.5, 20.25, -10], "size": [7, 1, 0], "uv": [24, 44]},
						{"origin": [-2, 21.5, -10.01], "size": [4, 1, 0], "inflate": 0.01, "uv": [24, 45]},
						{"origin": [-1.5, 25.75, -7.5], "size": [3, 2, 3], "uv": [68, 41]}
					]
				},
				{
					"name": "eyes",
					"parent": "head",
					"pivot": [0.5, 0.25, 1.25]
				},
				{
					"name": "eye_right",
					"parent": "eyes",
					"pivot": [-3.5, 23.7, -8]
				},
				{
					"name": "angry_eye_left3",
					"parent": "eye_right",
					"pivot": [-3.41225, 24.075, -7.9375],
					"cubes": [
						{"origin": [-3.41, 21.95, -9.25], "size": [0, 4, 3], "inflate": 0.01, "uv": [26, 71]},
						{"origin": [-3.412, 22.45, -9], "size": [0, 2, 1], "inflate": 0.01, "uv": [38, 73]},
						{"origin": [-3.413, 23.45, -8.25], "size": [0, 1, 1], "inflate": 0.01, "uv": [48, 73]},
						{"origin": [-3.414, 23.95, -9.25], "size": [0, 2, 3], "inflate": 0.01, "uv": [70, 27]}
					]
				},
				{
					"name": "idle_eye_right",
					"parent": "eye_right",
					"pivot": [-3.51167, 23.95, -8.33333],
					"cubes": [
						{"origin": [-3.51, 21.95, -9.25], "size": [0, 4, 3], "inflate": 0.01, "uv": [8, 71]},
						{"origin": [-3.512, 22.45, -9], "size": [0, 2, 1], "inflate": 0.01, "uv": [36, 73]},
						{"origin": [-3.513, 23.95, -9.25], "size": [0, 1, 1], "inflate": 0.01, "uv": [48, 73]}
					]
				},
				{
					"name": "eyelid_right",
					"parent": "eye_right",
					"pivot": [-2.9, 23.8, -7.75],
					"cubes": [
						{"origin": [-3.41, 21.8, -9.25], "size": [1, 4, 3], "inflate": 0.02, "uv": [70, 20]}
					]
				},
				{
					"name": "eye_left",
					"parent": "eyes",
					"pivot": [3.5, 23.7, -8]
				},
				{
					"name": "angry_eye_right3",
					"parent": "eye_left",
					"pivot": [3.41225, 24.075, -7.9375],
					"cubes": [
						{"origin": [3.41, 21.95, -9.25], "size": [0, 4, 3], "inflate": 0.01, "uv": [20, 71]},
						{"origin": [3.412, 22.45, -9], "size": [0, 2, 1], "inflate": 0.01, "uv": [36, 73]},
						{"origin": [3.413, 23.45, -8.25], "size": [0, 1, 1], "inflate": 0.01, "uv": [48, 73]},
						{"origin": [3.414, 23.95, -9.25], "size": [0, 2, 3], "inflate": 0.01, "uv": [70, 0]}
					]
				},
				{
					"name": "idle_eye_right2",
					"parent": "eye_left",
					"pivot": [3.51167, 23.95, -8.33333],
					"cubes": [
						{"origin": [3.51, 21.95, -9.25], "size": [0, 4, 3], "inflate": 0.01, "uv": [14, 71]},
						{"origin": [3.512, 22.45, -9], "size": [0, 2, 1], "inflate": 0.01, "uv": [38, 73]},
						{"origin": [3.513, 23.95, -9.25], "size": [0, 1, 1], "inflate": 0.01, "uv": [48, 73]}
					]
				},
				{
					"name": "eyelid_left",
					"parent": "eye_left",
					"pivot": [2.9, 23.8, -7.75],
					"cubes": [
						{"origin": [2.41, 21.8, -9.25], "size": [1, 4, 3], "inflate": 0.02, "uv": [0, 71]}
					]
				},
				{
					"name": "jaw",
					"parent": "head",
					"pivot": [0, 20.75, -6.75],
					"cubes": [
						{"origin": [-3.5, 19.75, -9.75], "size": [7, 1, 3], "uv": [46, 16]}
					]
				},
				{
					"name": "head_leaf",
					"parent": "head",
					"pivot": [0, 28.05, -7.1],
					"cubes": [
						{"origin": [0, 22.55, -16.6], "size": [0, 3, 2], "inflate": 0.01, "pivot": [0.5, -2.2, -3.35], "rotation": [-15, 0, 0], "uv": [32, 71]}
					]
				},
				{
					"name": "head_leaf2",
					"parent": "head_leaf",
					"pivot": [0, 27.4, -8.6],
					"cubes": [
						{"origin": [0, 26.9, -13.1], "size": [0, 1, 5], "uv": [54, 65]}
					]
				},
				{
					"name": "head_leaf3",
					"parent": "head_leaf2",
					"pivot": [0, 26.9, -13.1],
					"cubes": [
						{"origin": [0, 26.9, -18.1], "size": [0, 1, 5], "uv": [64, 69]}
					]
				},
				{
					"name": "head_leaf4",
					"parent": "head_leaf3",
					"pivot": [0, 26.9, -18.1],
					"cubes": [
						{"origin": [0, 26.9, -37.1], "size": [0, 5, 19], "inflate": 0.01, "uv": [0, 20]}
					]
				},
				{
					"name": "tail",
					"parent": "torso",
					"pivot": [-0.5, 9.9, 7.75],
					"cubes": [
						{"origin": [-2.5, 7.9, -1.25], "size": [5, 5, 5], "uv": [46, 6]}
					]
				},
				{
					"name": "tail2",
					"parent": "tail",
					"pivot": [-0.5, 10.4, 9.75],
					"cubes": [
						{"origin": [-1.5, 8.65, 2.25], "size": [3, 4, 4], "uv": [68, 33]}
					]
				},
				{
					"name": "leg_back_right",
					"parent": "body",
					"pivot": [-3.75, 8.5, -0.5],
					"cubes": [
						{"origin": [-5.75, 4, -2.5], "size": [4, 6, 4], "inflate": 0.01, "uv": [0, 55]}
					]
				},
				{
					"name": "leg_back_right2",
					"parent": "leg_back_right",
					"pivot": [-3.75, 4, -2.5],
					"cubes": [
						{"origin": [-5.75, 0, -2.5], "size": [4, 4, 4], "uv": [48, 57]},
						{"origin": [-4.75, 0, -3.25], "size": [2, 1, 1], "uv": [52, 72]}
					]
				},
				{
					"name": "leg_back_left",
					"parent": "body",
					"pivot": [3.75, 8.5, -0.5],
					"cubes": [
						{"origin": [1.75, 4, -2.5], "size": [4, 6, 4], "inflate": 0.01, "uv": [40, 47]}
					]
				},
				{
					"name": "leg_back_left2",
					"parent": "leg_back_left",
					"pivot": [3.75, 4, -2.5],
					"cubes": [
						{"origin": [1.75, 0, -2.5], "size": [4, 4, 4], "uv": [32, 57]},
						{"origin": [2.75, 0, -3.25], "size": [2, 1, 1], "uv": [72, 50]}
					]
				},
				{
					"name": "leg_front_right",
					"parent": "body",
					"pivot": [-4.75, 8.5, -8.25],
					"rotation": [0, 32.5, 0],
					"cubes": [
						{"origin": [-6.75, 1, -12.25], "size": [4, 6, 4], "inflate": 0.01, "pivot": [-0.5, -4, -3], "rotation": [-20, 0, 0], "uv": [56, 47]}
					]
				},
				{
					"name": "leg_front_right2",
					"parent": "leg_front_right",
					"pivot": [-4.75, 4, -10.25],
					"cubes": [
						{"origin": [-6.75, 0, -10.25], "size": [4, 4, 4], "uv": [66, 6]},
						{"origin": [-3.3, 0, -11], "size": [0, 1, 1], "pivot": [-3.3, 0.5, -10], "rotation": [0, -20, 0], "uv": [44, 73]},
						{"origin": [-5.75, 0, -11], "size": [2, 1, 1], "uv": [72, 52]},
						{"origin": [-6.2, 0, -11], "size": [0, 1, 1], "pivot": [-6.2, 0.5, -10], "rotation": [0, 20, 0], "uv": [46, 73]}
					]
				},
				{
					"name": "leg_front_left",
					"parent": "body",
					"pivot": [4.75, 8.5, -8.25],
					"rotation": [0, -32.5, 0],
					"cubes": [
						{"origin": [2.75, 1, -12.25], "size": [4, 6, 4], "inflate": 0.01, "pivot": [0.5, -4, -3], "rotation": [-20, 0, 0], "uv": [24, 47]}
					]
				},
				{
					"name": "leg_front_left2",
					"parent": "leg_front_left",
					"pivot": [4.75, 4, -10.25],
					"cubes": [
						{"origin": [2.75, 0, -10.25], "size": [4, 4, 4], "uv": [16, 57]},
						{"origin": [3.3, 0, -11], "size": [0, 1, 1], "pivot": [3.3, 0.5, -10], "rotation": [0, 20, 0], "uv": [40, 73]},
						{"origin": [3.75, 0, -11], "size": [2, 1, 1], "uv": [32, 45]},
						{"origin": [6.2, 0, -11], "size": [0, 1, 1], "pivot": [6.2, 0.5, -10], "rotation": [0, -20, 0], "uv": [42, 73]}
					]
				}
			]
		}
	]
}