{
  "implemented": true,
  "name": "Sculking",
  "nationalPokedexNumber": 5001,
  "primaryType": "dark",
  "secondaryType": "rock",
  "abilities": [
    "rockhead",
    "intimidate",
    "h:sniper"
  ],
  "baseStats": {
    "hp": 50,
    "attack": 75,
    "defence": 75,
    "special_attack": 65,
    "special_defence": 65,
    "speed": 50
  },
  "features": [
    "shining"
  ],
  "catchRate": 45,
  "maleRatio": 0.5,
  "shoulderMountable": false,
  "baseExperienceYield": 133,
  "forms": [
    {
      "name": "shiny",
      "primaryType": "dark",
      "secondaryType": "rock",
      "abilities": [
        "rockhead",
        "intimidate",
        "h:sniper"
      ],
      "drops": {
        "amount": 5,
        "entries": [
          {
            "item": "minecraft:sculk_block",
            "quantityRange": "0-2"
          },
          {
            "item": "minecraft:sculk_shrieker",
            "percentage": 5.0
          }
        ]
      },
      "baseStats": {
        "hp": 50,
        "attack": 75,
        "defence": 75,
        "special_attack": 65,
        "special_defence": 65,
        "speed": 50
      },
      "catchRate": 45,
      "maleRatio": 0.5,
      "shoulderMountable": false,
      "baseExperienceYield": 133,
      "baseFriendship": 35,
      "evYield": {
        "hp": 0,
        "attack": 1,
        "defence": 1,
        "special_attack": 0,
        "special_defence": 0,
        "speed": 0
      },
      "experienceGroup": "medium_slow",
      "eggCycles": 25,
      "eggGroups": [
        "human_like"
      ],
      "moves": [
        "1:leer",
        "1:scratch",
        "3:astonish",
        "4:foresight",
        "6:confuseray",
        "9:shadowsneak",
        "12:fakeout",
        "15:disable",
        "18:detect",
        "19:feintattack",
        "20:nightslash",
        "21:nightshade",
        "24:furyswipes",
        "24:punishment",
        "27:knockoff",
        "30:quash",
        "33:shadowclaw",
        "36:meanlook",
        "39:powergem",
        "40:nightdaze",
        "40:darkpulse",
        "42:zenheadbutt",
        "41:partingshot",
        "43:suckerpunch",
        "45:shadowball",
        "48:foulplay",
        "egg:captivate",
        "egg:feint",
        "egg:flatter",
        "egg:imprison",
        "egg:meanlook",
        "egg:metalburst",
        "egg:moonlight",
        "egg:nastyplot",
        "egg:psychup",
        "egg:recover",
        "egg:suckerpunch",
        "egg:torment",
        "egg:trick",
        "tm:aerialace",
        "tm:allyswitch",
        "tm:attract",
        "tm:bodyslam",
        "tm:brickbreak",
        "tm:bulkup",
        "tm:calmmind",
        "tm:captivate",
        "tm:confide",
        "tm:confuseray",
        "tm:cut",
        "tm:darkpulse",
        "tm:dazzlinggleam",
        "tm:dig",
        "tm:doubleteam",
        "tm:drainpunch",
        "tm:dreameater",
        "tm:embargo",
        "tm:encore",
        "tm:endure",
        "tm:energyball",
        "tm:facade",
        "tm:firepunch",
        "tm:flash",
        "tm:fling",
        "tm:focuspunch",
        "tm:foulplay",
        "tm:frustration",
        "tm:gigadrain",
        "tm:gigaimpact",
        "tm:gravity",
        "tm:gyroball",
        "tm:helpinghand",
        "tm:hex",
        "tm:hiddenpower",
        "tm:honeclaws",
        "tm:hyperbeam",
        "tm:icepunch",
        "tm:icywind",
        "tm:imprison",
        "tm:incinerate",
        "tm:knockoff",
        "tm:lashout",
        "tm:lightscreen",
        "tm:lowkick",
        "tm:lowsweep",
        "tm:megakick",
        "tm:megapunch",
        "tm:metalclaw",
        "tm:metronome",
        "tm:mudshot",
        "tm:mudslap",
        "tm:nastyplot",
        "tm:naturalgift",
        "tm:nightshade",
        "tm:painsplit",
        "tm:payback",
        "tm:phantomforce",
        "tm:poisonjab",
        "tm:poltergeist",
        "tm:powergem",
        "tm:poweruppunch",
        "tm:protect",
        "tm:psybeam",
        "tm:psychic",
        "tm:psychup",
        "tm:quash",
        "tm:raindance",
        "tm:reflect",
        "tm:rest",
        "tm:retaliate",
        "tm:return",
        "tm:rocksmash",
        "tm:rocktomb",
        "tm:round",
        "tm:secretpower",
        "tm:shadowball",
        "tm:shadowclaw",
        "tm:shockwave",
        "tm:skillswap",
        "tm:skittersmack",
        "tm:sleeptalk",
        "tm:snarl",
        "tm:snatch",
        "tm:snore",
        "tm:spite",
        "tm:substitute",
        "tm:sunnyday",
        "tm:swagger",
        "tm:takedown",
        "tm:taunt",
        "tm:telekinesis",
        "tm:terablast",
        "tm:thief",
        "tm:throatchop",
        "tm:thunderpunch",
        "tm:thunderwave",
        "tm:torment",
        "tm:toxic",
        "tm:trick",
        "tm:waterpulse",
        "tm:willowisp",
        "tm:wonderroom",
        "tm:xscissor",
        "tm:zenheadbutt",
        "tutor:allyswitch",
        "tutor:bodyslam",
        "tutor:calmmind",
        "tutor:counter",
        "tutor:darkpulse",
        "tutor:doubleedge",
        "tutor:dreameater",
        "tutor:dynamicpunch",
        "tutor:endure",
        "tutor:feintattack",
        "tutor:firepunch",
        "tutor:focuspunch",
        "tutor:foresight",
        "tutor:foulplay",
        "tutor:furycutter",
        "tutor:gravity",
        "tutor:headbutt",
        "tutor:helpinghand",
        "tutor:icepunch",
        "tutor:icywind",
        "tutor:knockoff",
        "tutor:lashout",
        "tutor:leer",
        "tutor:lowkick",
        "tutor:magiccoat",
        "tutor:megakick",
        "tutor:megapunch",
        "tutor:metronome",
        "tutor:mimic",
        "tutor:mudslap",
        "tutor:nightmare",
        "tutor:nightshade",
        "tutor:octazooka",
        "tutor:ominouswind",
        "tutor:painsplit",
        "tutor:poltergeist",
        "tutor:psychup",
        "tutor:recover",
        "tutor:roleplay",
        "tutor:scratch",
        "tutor:seismictoss",
        "tutor:shadowball",
        "tutor:shockwave",
        "tutor:signalbeam",
        "tutor:sleeptalk",
        "tutor:snatch",
        "tutor:snore",
        "tutor:spite",
        "tutor:substitute",
        "tutor:suckerpunch",
        "tutor:swagger",
        "tutor:taunt",
        "tutor:telekinesis",
        "tutor:thunderpunch",
        "tutor:tickle",
        "tutor:trick",
        "tutor:waterpulse",
        "tutor:willowisp",
        "tutor:wonderroom",
        "tutor:zenheadbutt"
      ],
      "pokedex": [
        
      ],
      "preEvolution": "sableye sculkborne",
       "evolutions": [
        {
        "id": "sculking_sculking-shining",
        "variant": "level_up",
        "result": "sculking shining",
        "consumeHeldItem": true,
        "learnableMoves": [],
        "requirements": [
          {
          "variant": "held_item",
          "itemCondition": "cobblemon:shiny_stone_block"
          }
        ]
        }
      ],
      "baseScale": 2,
      "hitbox": {
        "width": 1.1,
        "height": 1.8,
        "fixed": false},
      "aspects": [
        "shiny"
      ],
      "height": 20,
      "weight": 210,
      "cannotDynamax": false,
      "battleOnly": false
    }
  ],
  "experienceGroup": "medium_slow",
  "eggCycles": 25,
  "eggGroups": [
    "human_like"
  ],
  "drops": {
    "amount": 5,
    "entries": [
      {
        "item": "minecraft:sculk_block",
        "quantityRange": "0-2"
      },
      {
        "item": "minecraft:sculk_shrieker",
        "percentage": 5.0
      }
    ]
  },
  "moves": [
    "1:leer",
    "1:scratch",
    "3:astonish",
    "4:foresight",
    "6:confuseray",
    "9:shadowsneak",
    "12:fakeout",
    "15:disable",
    "18:detect",
    "19:feintattack",
    "20:nightslash",
    "21:nightshade",
    "24:furyswipes",
    "24:punishment",
    "27:knockoff",
    "30:quash",
    "33:shadowclaw",
    "36:meanlook",
    "39:powergem",
    "40:nightdaze",
    "40:darkpulse",
    "42:zenheadbutt",
    "41:partingshot",
    "43:suckerpunch",
    "45:shadowball",
    "48:foulplay",
    "egg:captivate",
    "egg:feint",
    "egg:flatter",
    "egg:imprison",
    "egg:meanlook",
    "egg:metalburst",
    "egg:moonlight",
    "egg:nastyplot",
    "egg:psychup",
    "egg:recover",
    "egg:suckerpunch",
    "egg:torment",
    "egg:trick",
    "tm:aerialace",
    "tm:allyswitch",
    "tm:attract",
    "tm:bodyslam",
    "tm:brickbreak",
    "tm:bulkup",
    "tm:calmmind",
    "tm:captivate",
    "tm:confide",
    "tm:confuseray",
    "tm:cut",
    "tm:darkpulse",
    "tm:dazzlinggleam",
    "tm:dig",
    "tm:doubleteam",
    "tm:drainpunch",
    "tm:dreameater",
    "tm:embargo",
    "tm:encore",
    "tm:endure",
    "tm:energyball",
    "tm:facade",
    "tm:firepunch",
    "tm:flash",
    "tm:fling",
    "tm:focuspunch",
    "tm:foulplay",
    "tm:frustration",
    "tm:gigadrain",
    "tm:gigaimpact",
    "tm:gravity",
    "tm:gyroball",
    "tm:helpinghand",
    "tm:hex",
    "tm:hiddenpower",
    "tm:honeclaws",
    "tm:hyperbeam",
    "tm:icepunch",
    "tm:icywind",
    "tm:imprison",
    "tm:incinerate",
    "tm:knockoff",
    "tm:lashout",
    "tm:lightscreen",
    "tm:lowkick",
    "tm:lowsweep",
    "tm:megakick",
    "tm:megapunch",
    "tm:metalclaw",
    "tm:metronome",
    "tm:mudshot",
    "tm:mudslap",
    "tm:nastyplot",
    "tm:naturalgift",
    "tm:nightshade",
    "tm:painsplit",
    "tm:payback",
    "tm:phantomforce",
    "tm:poisonjab",
    "tm:poltergeist",
    "tm:powergem",
    "tm:poweruppunch",
    "tm:protect",
    "tm:psybeam",
    "tm:psychic",
    "tm:psychup",
    "tm:quash",
    "tm:raindance",
    "tm:reflect",
    "tm:rest",
    "tm:retaliate",
    "tm:return",
    "tm:rocksmash",
    "tm:rocktomb",
    "tm:round",
    "tm:secretpower",
    "tm:shadowball",
    "tm:shadowclaw",
    "tm:shockwave",
    "tm:skillswap",
    "tm:skittersmack",
    "tm:sleeptalk",
    "tm:snarl",
    "tm:snatch",
    "tm:snore",
    "tm:spite",
    "tm:substitute",
    "tm:sunnyday",
    "tm:swagger",
    "tm:takedown",
    "tm:taunt",
    "tm:telekinesis",
    "tm:terablast",
    "tm:thief",
    "tm:throatchop",
    "tm:thunderpunch",
    "tm:thunderwave",
    "tm:torment",
    "tm:toxic",
    "tm:trick",
    "tm:waterpulse",
    "tm:willowisp",
    "tm:wonderroom",
    "tm:xscissor",
    "tm:zenheadbutt",
    "tutor:allyswitch",
    "tutor:bodyslam",
    "tutor:calmmind",
    "tutor:counter",
    "tutor:darkpulse",
    "tutor:doubleedge",
    "tutor:dreameater",
    "tutor:dynamicpunch",
    "tutor:endure",
    "tutor:feintattack",
    "tutor:firepunch",
    "tutor:focuspunch",
    "tutor:foresight",
    "tutor:foulplay",
    "tutor:furycutter",
    "tutor:gravity",
    "tutor:headbutt",
    "tutor:helpinghand",
    "tutor:icepunch",
    "tutor:icywind",
    "tutor:knockoff",
    "tutor:lashout",
    "tutor:leer",
    "tutor:lowkick",
    "tutor:magiccoat",
    "tutor:megakick",
    "tutor:megapunch",
    "tutor:metronome",
    "tutor:mimic",
    "tutor:mudslap",
    "tutor:nightmare",
    "tutor:nightshade",
    "tutor:octazooka",
    "tutor:ominouswind",
    "tutor:painsplit",
    "tutor:poltergeist",
    "tutor:psychup",
    "tutor:recover",
    "tutor:roleplay",
    "tutor:scratch",
    "tutor:seismictoss",
    "tutor:shadowball",
    "tutor:shockwave",
    "tutor:signalbeam",
    "tutor:sleeptalk",
    "tutor:snatch",
    "tutor:snore",
    "tutor:spite",
    "tutor:substitute",
    "tutor:suckerpunch",
    "tutor:swagger",
    "tutor:taunt",
    "tutor:telekinesis",
    "tutor:thunderpunch",
    "tutor:tickle",
    "tutor:trick",
    "tutor:waterpulse",
    "tutor:willowisp",
    "tutor:wonderroom",
    "tutor:zenheadbutt"
  ],
  "pokedex": [
  ],
  "preEvolution": "sableye sculkborne",
  "baseScale": 2,
  "hitbox": {
    "width": 1.1,
    "height": 1.8,
    "fixed": false
  },
  "baseFriendship": 35,
  "evYield": {
    "hp": 0,
    "attack": 1,
    "defence": 1,
    "special_attack": 0,
    "special_defence": 0,
    "speed": 0
  },
  "height": 20,
  "weight": 210,
  "aspects": [],
  "cannotDynamax": false
}
