{
	"format_version": "1.12.0",
	"minecraft:geometry": [
		{
			"description": {
				"identifier": "geometry.falinks",
				"texture_width": 128,
				"texture_height": 128,
				"visible_bounds_width": 4,
				"visible_bounds_height": 2.5,
				"visible_bounds_offset": [0, 0.75, 0]
			},
			"bones": [
				{
					"name": "falinks",
					"pivot": [0, 0, 0]
				},
				{
					"name": "body2",
					"parent": "falinks",
					"pivot": [0, 5.5, -13]
				},
				{
					"name": "torso2",
					"parent": "body2",
					"pivot": [0, 2.5, -13.5],
					"cubes": [
						{"origin": [-1, 12, -17], "size": [2, 3, 2], "pivot": [0, 9.5, -16.5], "rotation": [45, 0, 0], "uv": [52, 12]},
						{"origin": [-4, 2, -17.5], "size": [8, 8, 8], "uv": [24, 42]},
						{"origin": [-1, 10, -15.5], "size": [2, 2, 5], "uv": [66, 55]},
						{"origin": [-1.5, 8.5, -17.5], "size": [3, 4, 3], "pivot": [0, 9.5, -16.5], "rotation": [45, 0, 0], "uv": [70, 25]}
					]
				},
				{
					"name": "eye_left2",
					"parent": "torso2",
					"pivot": [2, 6, -17.0125],
					"cubes": [
						{"origin": [1, 4.5, -17.51], "size": [2, 3, 1], "uv": [69, 80]},
						{"origin": [1.5, 5, -17.515], "size": [1, 2, 1], "uv": [58, 35]}
					]
				},
				{
					"name": "eyelid_left2",
					"parent": "eye_left2",
					"pivot": [2, 6, -16.91],
					"cubes": [
						{"origin": [1, 4.5, -17.41], "size": [2, 3, 1], "inflate": 0.01, "uv": [63, 80]}
					]
				},
				{
					"name": "eye_right2",
					"parent": "torso2",
					"pivot": [-2, 6, -17.0125],
					"cubes": [
						{"origin": [-3, 4.5, -17.51], "size": [2, 3, 1], "uv": [80, 13]},
						{"origin": [-2.5, 5, -17.515], "size": [1, 2, 1], "uv": [56, 32]}
					]
				},
				{
					"name": "eyelid_right2",
					"parent": "eye_right2",
					"pivot": [-2, 6, -16.91],
					"cubes": [
						{"origin": [-3, 4.5, -17.41], "size": [2, 3, 1], "inflate": 0.01, "uv": [80, 0]}
					]
				},
				{
					"name": "shield_left2",
					"parent": "torso2",
					"pivot": [4.75, 6, -13.5],
					"cubes": [
						{"origin": [3.75, 3, -16.5], "size": [1, 6, 6], "uv": [62, 26]},
						{"origin": [4.75, 5, -14.5], "size": [1, 2, 2], "uv": [32, 79]}
					]
				},
				{
					"name": "shield_right2",
					"parent": "torso2",
					"pivot": [-4.75, 6, -13.5],
					"cubes": [
						{"origin": [-4.75, 3, -16.5], "size": [1, 6, 6], "uv": [60, 6]},
						{"origin": [-5.75, 5, -14.5], "size": [1, 2, 2], "uv": [18, 79]}
					]
				},
				{
					"name": "leg_left2",
					"parent": "body2",
					"pivot": [2, 2.5, -13.5],
					"cubes": [
						{"origin": [0.5, 0, -15], "size": [3, 3, 3], "uv": [74, 7]}
					]
				},
				{
					"name": "leg_right2",
					"parent": "body2",
					"pivot": [-2, 2.5, -13.5],
					"cubes": [
						{"origin": [-3.5, 0, -15], "size": [3, 3, 3], "uv": [73, 46]}
					]
				},
				{
					"name": "body3",
					"parent": "falinks",
					"pivot": [10, 1.5, -10],
					"rotation": [-15.62633, -22.91934, 35.68672]
				},
				{
					"name": "torso3",
					"parent": "body3",
					"pivot": [10, -1.5, -10.5],
					"cubes": [
						{"origin": [9, 8, -14], "size": [2, 3, 2], "pivot": [10, 5.5, -13.5], "rotation": [45, 0, 0], "uv": [49, 0]},
						{"origin": [6, -2, -14.5], "size": [8, 8, 8], "uv": [0, 34]},
						{"origin": [9, 6, -12.5], "size": [2, 2, 5], "uv": [47, 65]},
						{"origin": [8.5, 4.5, -14.5], "size": [3, 4, 3], "pivot": [10, 5.5, -13.5], "rotation": [45, 0, 0], "uv": [25, 70]}
					]
				},
				{
					"name": "eye_left3",
					"parent": "torso3",
					"pivot": [12, 2, -14.0125],
					"cubes": [
						{"origin": [11, 0.5, -14.51], "size": [2, 3, 1], "uv": [79, 74]},
						{"origin": [11.5, 1, -14.515], "size": [1, 2, 1], "uv": [0, 54]}
					]
				},
				{
					"name": "eyelid_left3",
					"parent": "eye_left3",
					"pivot": [12, 2, -13.91],
					"cubes": [
						{"origin": [11, 0.5, -14.41], "size": [2, 3, 1], "inflate": 0.01, "uv": [48, 79]}
					]
				},
				{
					"name": "eye_right3",
					"parent": "torso3",
					"pivot": [8, 2, -14.0125],
					"cubes": [
						{"origin": [7, 0.5, -14.51], "size": [2, 3, 1], "uv": [79, 42]},
						{"origin": [7.5, 1, -14.515], "size": [1, 2, 1], "uv": [18, 50]}
					]
				},
				{
					"name": "eyelid_right3",
					"parent": "eye_right3",
					"pivot": [8, 2, -13.91],
					"cubes": [
						{"origin": [7, 0.5, -14.41], "size": [2, 3, 1], "inflate": 0.01, "uv": [79, 38]}
					]
				},
				{
					"name": "shield_left3",
					"parent": "torso3",
					"pivot": [14.75, 2, -10.5],
					"cubes": [
						{"origin": [13.75, -1, -13.5], "size": [1, 6, 6], "uv": [59, 43]},
						{"origin": [14.75, 1, -11.5], "size": [1, 2, 2], "uv": [77, 78]}
					]
				},
				{
					"name": "shield_right3",
					"parent": "torso3",
					"pivot": [5.25, 2, -10.5],
					"cubes": [
						{"origin": [5.25, -1, -13.5], "size": [1, 6, 6], "uv": [58, 58]},
						{"origin": [4.25, 1, -11.5], "size": [1, 2, 2], "uv": [42, 77]}
					]
				},
				{
					"name": "leg_left3",
					"parent": "body3",
					"pivot": [12, -1.5, -10.5]
				},
				{
					"name": "leg_right3",
					"parent": "body3",
					"pivot": [8, -1.5, -10.5]
				},
				{
					"name": "body4",
					"parent": "falinks",
					"pivot": [0, 5.5, 0]
				},
				{
					"name": "torso4",
					"parent": "body4",
					"pivot": [0, 2.5, -0.5],
					"cubes": [
						{"origin": [-1, 12, -4], "size": [2, 3, 2], "pivot": [0, 9.5, -3.5], "rotation": [45, 0, 0], "uv": [0, 34]},
						{"origin": [-4, 2, -4.5], "size": [8, 8, 8], "uv": [28, 10]},
						{"origin": [-1, 10, -2.5], "size": [2, 2, 5], "uv": [14, 65]},
						{"origin": [-1.5, 8.5, -4.5], "size": [3, 4, 3], "pivot": [0, 9.5, -3.5], "rotation": [45, 0, 0], "uv": [69, 67]}
					]
				},
				{
					"name": "eye_left4",
					"parent": "torso4",
					"pivot": [2, 6, -4.0125],
					"cubes": [
						{"origin": [1, 4.5, -4.51], "size": [2, 3, 1], "uv": [78, 66]},
						{"origin": [1.5, 5, -4.515], "size": [1, 2, 1], "uv": [4, 39]}
					]
				},
				{
					"name": "eyelid_left4",
					"parent": "eye_left4",
					"pivot": [2, 6, -3.91],
					"cubes": [
						{"origin": [1, 4.5, -4.41], "size": [2, 3, 1], "inflate": 0.01, "uv": [78, 62]}
					]
				},
				{
					"name": "eye_right4",
					"parent": "torso4",
					"pivot": [-2, 6, -4.0125],
					"cubes": [
						{"origin": [-3, 4.5, -4.51], "size": [2, 3, 1], "uv": [12, 78]},
						{"origin": [-2.5, 5, -4.515], "size": [1, 2, 1], "uv": [0, 39]}
					]
				},
				{
					"name": "eyelid_right4",
					"parent": "eye_right4",
					"pivot": [-2, 6, -3.91],
					"cubes": [
						{"origin": [-3, 4.5, -4.41], "size": [2, 3, 1], "inflate": 0.01, "uv": [58, 77]}
					]
				},
				{
					"name": "shield_left4",
					"parent": "torso4",
					"pivot": [4.75, 6, -0.5],
					"cubes": [
						{"origin": [3.75, 3, -3.5], "size": [1, 6, 6], "uv": [38, 58]},
						{"origin": [4.75, 5, -1.5], "size": [1, 2, 2], "uv": [28, 77]}
					]
				},
				{
					"name": "shield_right4",
					"parent": "torso4",
					"pivot": [-4.75, 6, -0.5],
					"cubes": [
						{"origin": [-4.75, 3, -3.5], "size": [1, 6, 6], "uv": [24, 58]},
						{"origin": [-5.75, 5, -1.5], "size": [1, 2, 2], "uv": [22, 77]}
					]
				},
				{
					"name": "leg_left4",
					"parent": "body4",
					"pivot": [2, 2.5, -0.5],
					"cubes": [
						{"origin": [0.5, 0, -2], "size": [3, 3, 3], "uv": [58, 71]}
					]
				},
				{
					"name": "leg_right4",
					"parent": "body4",
					"pivot": [-2, 2.5, -0.5],
					"cubes": [
						{"origin": [-3.5, 0, -2], "size": [3, 3, 3], "uv": [71, 15]}
					]
				},
				{
					"name": "body5",
					"parent": "falinks",
					"pivot": [0, 4.5, 15],
					"rotation": [55, 0, -90]
				},
				{
					"name": "torso5",
					"parent": "body5",
					"pivot": [0, 1.5, 14.5],
					"cubes": [
						{"origin": [4, 7, 13], "size": [2, 3, 2], "pivot": [5, 4.5, 13.5], "rotation": [45, 0, 0], "uv": [0, 18]},
						{"origin": [-4, 1, 10.5], "size": [8, 8, 8], "uv": [24, 26]},
						{"origin": [-2, 9, 12.5], "size": [2, 2, 5], "pivot": [-1, 4, 15], "rotation": [0, -32.5, 0], "uv": [0, 64]},
						{"origin": [3.5, 3.5, 12.5], "size": [3, 4, 3], "pivot": [5, 4.5, 13.5], "rotation": [45, 0, 0], "uv": [68, 0]}
					]
				},
				{
					"name": "eye_left5",
					"parent": "torso5",
					"pivot": [2, 5, 10.9875],
					"cubes": [
						{"origin": [1, 3.5, 10.49], "size": [2, 3, 1], "uv": [6, 77]},
						{"origin": [1.5, 4, 10.485], "size": [1, 2, 1], "uv": [24, 21]}
					]
				},
				{
					"name": "eyelid_left5",
					"parent": "eye_left5",
					"pivot": [2, 5, 11.09],
					"cubes": [
						{"origin": [1, 3.5, 10.59], "size": [2, 3, 1], "inflate": 0.01, "uv": [0, 77]}
					]
				},
				{
					"name": "eye_right5",
					"parent": "torso5",
					"pivot": [-2, 5, 10.9875],
					"cubes": [
						{"origin": [-3, 3.5, 10.49], "size": [2, 3, 1], "uv": [36, 76]},
						{"origin": [-2.5, 4, 10.485], "size": [1, 2, 1], "uv": [24, 18]}
					]
				},
				{
					"name": "eyelid_right5",
					"parent": "eye_right5",
					"pivot": [-2, 5, 11.09],
					"cubes": [
						{"origin": [-3, 3.5, 10.59], "size": [2, 3, 1], "inflate": 0.01, "uv": [76, 21]}
					]
				},
				{
					"name": "shield_left5",
					"parent": "torso5",
					"pivot": [4.75, 5, 14.5],
					"cubes": [
						{"origin": [3.75, 2, 11.5], "size": [1, 6, 6], "uv": [54, 20]},
						{"origin": [4.75, 4, 13.5], "size": [1, 2, 2], "uv": [72, 62]}
					]
				},
				{
					"name": "shield_right5",
					"parent": "torso5",
					"pivot": [-4.75, 5, 14.5],
					"cubes": [
						{"origin": [-4.75, 2, 11.5], "size": [1, 6, 6], "uv": [50, 52]}
					]
				},
				{
					"name": "leg_left5",
					"parent": "body5",
					"pivot": [2, 1.5, 14.5]
				},
				{
					"name": "leg_right5",
					"parent": "body5",
					"pivot": [-2, 1.5, 14.5],
					"cubes": [
						{"origin": [-4.5, -1, 14], "size": [3, 3, 3], "uv": [37, 70]}
					]
				},
				{
					"name": "body6",
					"parent": "falinks",
					"pivot": [-14, 2.5, -1],
					"rotation": [0, 27.5, 0]
				},
				{
					"name": "torso6",
					"parent": "body6",
					"pivot": [-14, -0.5, -1.5],
					"rotation": [-15, 0, 0],
					"cubes": [
						{"origin": [-15, 9, -5], "size": [2, 3, 2], "pivot": [-14, 6.5, -4.5], "rotation": [45, 0, 0], "uv": [0, 0]},
						{"origin": [-18, -1, -5.5], "size": [8, 8, 8], "uv": [0, 18]},
						{"origin": [-15, 7, -3.5], "size": [2, 2, 5], "uv": [62, 18]},
						{"origin": [-15.5, 5.5, -5.5], "size": [3, 4, 3], "pivot": [-14, 6.5, -4.5], "rotation": [45, 0, 0], "uv": [9, 50]}
					]
				},
				{
					"name": "eye_left6",
					"parent": "torso6",
					"pivot": [-12, 3, -5.0125],
					"cubes": [
						{"origin": [-13, 1.5, -5.51], "size": [2, 3, 1], "uv": [9, 64]},
						{"origin": [-12.5, 2, -5.515], "size": [1, 2, 1], "uv": [4, 23]}
					]
				},
				{
					"name": "eyelid_left6",
					"parent": "eye_left6",
					"pivot": [-12, 3, -4.91],
					"cubes": [
						{"origin": [-13, 1.5, -5.41], "size": [2, 3, 1], "inflate": 0.01, "uv": [58, 38]}
					]
				},
				{
					"name": "eye_right6",
					"parent": "torso6",
					"pivot": [-16, 3, -5.0125],
					"cubes": [
						{"origin": [-17, 1.5, -5.51], "size": [2, 3, 1], "uv": [0, 50]},
						{"origin": [-16.5, 2, -5.515], "size": [1, 2, 1], "uv": [0, 23]}
					]
				},
				{
					"name": "eyelid_right6",
					"parent": "eye_right6",
					"pivot": [-16, 3, -4.91],
					"cubes": [
						{"origin": [-17, 1.5, -5.41], "size": [2, 3, 1], "inflate": 0.01, "uv": [48, 30]}
					]
				},
				{
					"name": "shield_left6",
					"parent": "torso6",
					"pivot": [-9.25, 3, -1.5],
					"cubes": [
						{"origin": [-10.25, 0, -4.5], "size": [1, 6, 6], "uv": [16, 52]},
						{"origin": [-9.25, 2, -2.5], "size": [1, 2, 2], "uv": [48, 26]}
					]
				},
				{
					"name": "shield_right6",
					"parent": "torso6",
					"pivot": [-18.75, 3, -1.5],
					"cubes": [
						{"origin": [-18.75, 0, -4.5], "size": [1, 6, 6], "uv": [52, 0]},
						{"origin": [-19.75, 2, -2.5], "size": [1, 2, 2], "uv": [27, 0]}
					]
				},
				{
					"name": "leg_left6",
					"parent": "body6",
					"pivot": [-12, -0.5, -1.5]
				},
				{
					"name": "leg_right6",
					"parent": "body6",
					"pivot": [-16, -0.5, -1.5]
				}
			]
		}
	]
}