{
	"format_version": "1.12.0",
	"minecraft:geometry": [
		{
			"description": {
				"identifier": "geometry.diglett",
				"texture_width": 48,
				"texture_height": 48,
				"visible_bounds_width": 2,
				"visible_bounds_height": 2.5,
				"visible_bounds_offset": [0, 0.75, 0]
			},
			"bones": [
				{
					"name": "diglett",
					"pivot": [0, 1, 0]
				},
				{
					"name": "ground",
					"parent": "diglett",
					"pivot": [0, -1, 0],
					"cubes": [
						{"origin": [-5, -4, -4.5], "size": [10, 6, 9], "uv": [0, 21]}
					]
				},
				{
					"name": "body",
					"parent": "ground",
					"pivot": [0, 2, -3.5],
					"cubes": [
						{"origin": [-4.5, 0.25, -3.5], "size": [9, 9, 7], "uv": [0, 0]},
						{"origin": [-2, 4.75, -4.5], "size": [4, 2, 1], "uv": [0, 18]}
					]
				},
				{
					"name": "eyes",
					"parent": "body",
					"pivot": [0, 8, -3.55]
				},
				{
					"name": "eye_right",
					"parent": "eyes",
					"pivot": [-1.75, 8, -3.51],
					"cubes": [
						{"origin": [-2.25, 7, -3.51], "size": [1, 2, 0], "uv": [0, 0]}
					]
				},
				{
					"name": "eyelid_right",
					"parent": "eye_right",
					"pivot": [-2, 8, -2.91],
					"cubes": [
						{"origin": [-3, 7, -3.41], "size": [2, 2, 1], "inflate": 0.01, "uv": [0, 3]}
					]
				},
				{
					"name": "eye_left",
					"parent": "eyes",
					"pivot": [1.75, 8, -3.51],
					"cubes": [
						{"origin": [1.25, 7, -3.51], "size": [1, 2, 0], "uv": [0, 0], "mirror": true}
					]
				},
				{
					"name": "eyelid_left",
					"parent": "eye_left",
					"pivot": [2, 8, -2.91],
					"cubes": [
						{"origin": [1, 7, -3.41], "size": [2, 2, 1], "inflate": 0.01, "uv": [0, 3], "mirror": true}
					]
				}
			]
		}
	]
}