{
	"format_version": "1.8.0",
	"animations": {
		"animation.torracat_ultravariant.ground_idle2": {
			"loop": true,
			"animation_length": 4,
			"bones": {
				"neck": {
					"rotation": ["71-0.3*math.cos(q.anim_time*90*1-90)", 0, "-0.4*math.cos(q.anim_time*90*1-115)"]
				},
				"head_angle": {
					"rotation": ["-67-0.6*math.cos(q.anim_time*90*2-120)", "0.3*math.cos(q.anim_time*90*1-70)", "0.4*math.cos(q.anim_time*90*1-145)"]
				},
				"whisker_top_right1": {
					"rotation": [0, 0, "-2.5+2*math.cos(q.anim_time*90*2-125)"]
				},
				"whisker_top_right2": {
					"rotation": [0, 0, "-7.5+2*math.cos(q.anim_time*90*2-125)"]
				},
				"whisker_top_left1": {
					"rotation": [0, 0, "2.5-2*math.cos(q.anim_time*90*2-125)"]
				},
				"whisker_top_left2": {
					"rotation": [0, 0, "7.5-2*math.cos(q.anim_time*90*2-125)"]
				},
				"head_spike1": {
					"rotation": ["-22.5-1*math.cos(q.anim_time*90*2-140)", 0, 0]
				},
				"head_spike2": {
					"rotation": ["-3.75-2*math.cos(q.anim_time*90*2-170)", 0, 0]
				},
				"head_spike3": {
					"rotation": ["7.5-3*math.cos(q.anim_time*90*2-200)", 0, 0]
				},
				"head_spike4": {
					"rotation": ["2.25-5*math.cos(q.anim_time*90*2-240)", 0, 0]
				},
				"ear_right1": {
					"rotation": ["2.5-3*math.cos(q.anim_time*90*2-140)", 0, -7.5]
				},
				"ear_right2": {
					"rotation": ["5-6*math.cos(q.anim_time*90*2-170)", 0, 0]
				},
				"ear_left1": {
					"rotation": ["2.5-3*math.cos(q.anim_time*90*2-140)", 0, 7.5]
				},
				"ear_left2": {
					"rotation": ["5-6*math.cos(q.anim_time*90*2-170)", 0, 0]
				},
				"tail2": {
					"rotation": ["7.5-3*math.cos(q.anim_time*90*2-130)", "-5*math.cos(q.anim_time*90*3-110)", 0]
				},
				"tail3": {
					"rotation": ["7.5-4*math.cos(q.anim_time*90*2-160)", "-6*math.cos(q.anim_time*90*3-140)", 0]
				},
				"tail4": {
					"rotation": ["7.5-5*math.cos(q.anim_time*90*2-180)", "-7.5*math.cos(q.anim_time*90*3-180)", 0]
				},
				"leg_front_left1": {
					"rotation": ["9.9162-1.2*math.cos(q.anim_time*90*2)", 1.29876, -7.38733],
					"position": [0, "-0.34+0.038*math.cos(q.anim_time*90*2)", "0.163*math.cos(q.anim_time*90*2)"]
				},
				"leg_front_left2": {
					"rotation": ["-22.3265+0.8*math.cos(q.anim_time*90*2)", 2.86313, 6.93488],
					"position": [0, 0.3, 0]
				},
				"leg_front_left3": {
					"rotation": ["12.5+0.4*math.cos(q.anim_time*90*2)", "-0.16*math.cos(q.anim_time*90*2)", 0]
				},
				"leg_front_right1": {
					"rotation": ["9.9162-1.2*math.cos(q.anim_time*90*2)", -1.29876, 7.38733],
					"position": [0, "-0.34+0.038*math.cos(q.anim_time*90*2)", "0.163*math.cos(q.anim_time*90*2)"]
				},
				"leg_front_right2": {
					"rotation": ["-22.3265+0.8*math.cos(q.anim_time*90*2)", -2.86313, -6.93488],
					"position": [0, 0.3, 0]
				},
				"leg_front_right3": {
					"rotation": ["12.5+0.4*math.cos(q.anim_time*90*2)", "0.16*math.cos(q.anim_time*90*2)", 0]
				},
				"leg_back_left1": {
					"rotation": ["9.9907-0.5*math.cos(q.anim_time*90*2)", 0.43399, -2.46207],
					"position": [0, "0.08+0.024*math.cos(q.anim_time*90*2)", "0.07*math.cos(q.anim_time*90*2)"]
				},
				"leg_back_left2": {
					"rotation": ["-24.9791+0.3*math.cos(q.anim_time*90*2)", 1.05627, 2.26603],
					"position": [-0.1, 0, 0]
				},
				"leg_back_left3": {
					"rotation": ["15+0.2*math.cos(q.anim_time*90*2)", 0, 0]
				},
				"leg_back_right1": {
					"rotation": ["9.9907-0.5*math.cos(q.anim_time*90*2)", -0.43399, 2.46207],
					"position": [0, "0.08+0.024*math.cos(q.anim_time*90*2)", "0.07*math.cos(q.anim_time*90*2)"]
				},
				"leg_back_right2": {
					"rotation": ["-24.9791+0.3*math.cos(q.anim_time*90*2)", -1.05627, -2.26603],
					"position": [0.1, 0, 0]
				},
				"leg_back_right3": {
					"rotation": ["15+0.2*math.cos(q.anim_time*90*2)", 0, 0]
				},
				"hips": {
					"rotation": ["4+0.3*math.cos(q.anim_time*90*2-20)", "-0.6*math.cos(q.anim_time*90*1-50)", 0],
					"position": [0, "0.1*math.cos(q.anim_time*90*2)", "0.07*math.cos(q.anim_time*90*2)"]
				},
				"chest": {
					"rotation": ["-2.5-1*math.cos(q.anim_time*90*2-40)", "0.3*math.cos(q.anim_time*90*1-50)", 0]
				},
				"orb": {
					"position": [0, -1.75, -0.5]
				},
				"tail1": {
					"rotation": ["35-2*math.cos(q.anim_time*90*2-100)", "-4*math.cos(q.anim_time*90*3-80)", 0]
				},
				"torso": {
					"rotation": ["-0.3*math.cos(q.anim_time*90*2-30)", "0.3*math.cos(q.anim_time*90*1-50)", 0]
				},
				"whisker_bottom_right": {
					"rotation": ["-2*math.cos(q.anim_time*90*2-150)", 0, "2*math.cos(q.anim_time*90*2-145)"]
				},
				"whisker_bottom_left": {
					"rotation": ["-2*math.cos(q.anim_time*90*2-150)", 0, "-2*math.cos(q.anim_time*90*2-145)"]
				},
				"bone2": {
					"rotation": ["math.sin(query.anim_time * 180) * 6", 0, 0]
				},
				"bone3": {
					"rotation": ["math.sin(query.anim_time * 180) * 6", 0, 0]
				},
				"bone5": {
					"rotation": [25, 0, 0]
				},
				"bone6": {
					"rotation": [15, 0, 0]
				},
				"bone9": {
					"rotation": [15, 0, 0]
				},
				"bone10": {
					"rotation": [25, 0, 0]
				}
			}
		},
		"animation.torracat_ultravariant.ground_walk": {
			"loop": true,
			"animation_length": 1.3333,
			"bones": {
				"neck": {
					"rotation": ["76.5+2*math.cos(q.anim_time*90*6-120)", "-3*math.cos(q.anim_time*90*3-30)", "2*math.cos(q.anim_time*90*3+30)"]
				},
				"head_angle": {
					"rotation": ["-73.5-1*math.cos(q.anim_time*90*6-120)", "-1*math.cos(q.anim_time*90*3-80)", 0]
				},
				"whisker_top_right1": {
					"rotation": [0, "3*math.cos(q.anim_time*90*3-120)", "-2.5+3*math.cos(q.anim_time*90*6-270)"]
				},
				"whisker_top_right2": {
					"rotation": [0, "3*math.cos(q.anim_time*90*3-120)", "-7.5+3*math.cos(q.anim_time*90*6-270)"]
				},
				"whisker_top_left1": {
					"rotation": [0, "-3*math.cos(q.anim_time*90*3-120)", "2.5-3*math.cos(q.anim_time*90*6-270)"]
				},
				"whisker_top_left2": {
					"rotation": [0, "-3*math.cos(q.anim_time*90*3-120)", "7.5-3*math.cos(q.anim_time*90*6-270)"]
				},
				"head_spike1": {
					"rotation": ["-19.5+4*math.cos(q.anim_time*90*3-230)", 0, 0]
				},
				"head_spike2": {
					"rotation": ["-10.5+6*math.cos(q.anim_time*90*3-260)", 0, 0]
				},
				"head_spike3": {
					"rotation": ["-10.25+8.5*math.cos(q.anim_time*90*3-300)", 0, 0]
				},
				"head_spike4": {
					"rotation": ["-16.75+10*math.cos(q.anim_time*90*3-340)", 0, 0]
				},
				"ear_right1": {
					"rotation": ["2.5-4*math.cos(q.anim_time*90*6-240)", 0, "-7.5+3*math.cos(q.anim_time*90*3-210)"]
				},
				"ear_right2": {
					"rotation": ["5-7*math.cos(q.anim_time*90*6-270)", 0, 0]
				},
				"ear_left1": {
					"rotation": ["2.5-4*math.cos(q.anim_time*90*6-240)", 0, "7.5+3*math.cos(q.anim_time*90*3-210)"]
				},
				"ear_left2": {
					"rotation": ["5-7*math.cos(q.anim_time*90*6-270)", 0, 0]
				},
				"tail2": {
					"rotation": ["2.5-6*math.sin(q.anim_time*90*3-70)", "-10*math.cos(q.anim_time*90*3-110)", 0]
				},
				"tail3": {
					"rotation": ["-0.75-8*math.sin(q.anim_time*90*3-100)", "-12*math.cos(q.anim_time*90*3-140)", 0]
				},
				"tail4": {
					"rotation": ["-10*math.sin(q.anim_time*90*3-120)", "-15*math.cos(q.anim_time*90*3-180)", 0]
				},
				"leg_front_left1": {
					"rotation": {
						"0.0": [-21, -4.75, -5.38733],
						"0.0833": [-13.5, -3.89, -5.65],
						"0.1667": [-6, -3.03, -6.41],
						"0.25": [1.5, -1.92, -6.67],
						"0.3333": [9, -1.31, -6.93],
						"0.4167": [16.5, -0.95, -7],
						"0.5": [24, 1.01335, -6.95138],
						"0.5833": [28.25, 1.01, -6.95],
						"0.6667": [34, 1.01335, -6.95138],
						"0.75": {
							"pre": [43.75, 1.01335, -6.95138],
							"post": [43.75, 1.01335, -6.95138],
							"lerp_mode": "catmullrom"
						},
						"0.875": {
							"post": [35.075, 1.01335, -6.95138],
							"lerp_mode": "catmullrom"
						},
						"1.0": {
							"post": [13.55, -1.23665, -6.95138],
							"lerp_mode": "catmullrom"
						},
						"1.125": {
							"post": [-8, -2.73665, -6.95138],
							"lerp_mode": "catmullrom"
						},
						"1.25": [-20.675, -3.23665, -6.95138],
						"1.3333": [-21, -4.75, -5.38733]
					},
					"position": {
						"0.0": [0, -2.025, 0],
						"0.0833": [0.08, -1.33, 0.145],
						"0.1667": [0.04, -0.825, 0.205],
						"0.25": [0.07, -0.5, 0.22],
						"0.3333": [0.03, -0.37, 0.2],
						"0.4167": [0.005, -0.435, 0.17],
						"0.5": [0.05, -0.68, 0.2],
						"0.5833": [0.04, -0.44, 0.33],
						"0.6667": [0.03, -0.405, 0.15],
						"0.75": {
							"pre": [0.02, -0.42, 0.03],
							"post": [0.02, -0.42, 0.03],
							"lerp_mode": "catmullrom"
						},
						"0.8333": {
							"post": [0.02, 0.325, -0.03],
							"lerp_mode": "catmullrom"
						},
						"0.9583": {
							"post": [0.01, 0.36, -0.13],
							"lerp_mode": "catmullrom"
						},
						"1.0833": {
							"post": [0.01, -0.325, -0.25],
							"lerp_mode": "catmullrom"
						},
						"1.25": [0, -2.12, -0.23],
						"1.3333": [0, -2.025, 0]
					}
				},
				"leg_front_left2": {
					"rotation": {
						"0.0": [-18, 2.86313, 6.93488],
						"0.5": [-21, 2.86313, 6.93488],
						"0.6667": [-17.5, 2.86313, 6.93488],
						"0.75": {
							"pre": [-37.15, 2.86313, 3.15988],
							"post": [-37.15, 2.86313, 3.15988],
							"lerp_mode": "catmullrom"
						},
						"0.8333": {
							"post": [-50.79687, 2.86313, 1.13488],
							"lerp_mode": "catmullrom"
						},
						"0.9167": {
							"post": [-57.15, 2.86313, -0.01512],
							"lerp_mode": "catmullrom"
						},
						"1.0417": {
							"post": [-53.15, 2.86313, 1.13488],
							"lerp_mode": "catmullrom"
						},
						"1.1667": {
							"post": [-39.25, 2.86313, 3.15988],
							"lerp_mode": "catmullrom"
						},
						"1.25": [-23.5, 2.86313, 6.93488],
						"1.3333": [-18, 2.86313, 6.93488]
					}
				},
				"leg_front_left3": {
					"rotation": {
						"0.0": [39, 0, 0],
						"0.5": [-3, 0, 0],
						"0.6667": [-1, 0, 0],
						"0.75": {
							"pre": [13.51, 0, 0],
							"post": [13.51, 0, 0],
							"lerp_mode": "catmullrom"
						},
						"0.875": {
							"post": [57.55, 0, 0],
							"lerp_mode": "catmullrom"
						},
						"1.0": {
							"post": [61.1, 0, 0],
							"lerp_mode": "catmullrom"
						},
						"1.125": {
							"post": [35.85, 0, 0],
							"lerp_mode": "catmullrom"
						},
						"1.25": [26.22458, -0.14955, -0.0435],
						"1.3333": [39, 0, 0]
					},
					"position": {
						"0.0": [0, 0.275, -0.725],
						"1.3333": [0, 0.275, -0.725]
					}
				},
				"leg_front_right1": {
					"rotation": {
						"0.0": [34, -1.01335, 6.95138],
						"0.0833": {
							"pre": [43.75, -1.01335, 6.95138],
							"post": [43.75, -1.01335, 6.95138],
							"lerp_mode": "catmullrom"
						},
						"0.2083": {
							"post": [35.075, -1.01335, 6.95138],
							"lerp_mode": "catmullrom"
						},
						"0.3333": {
							"post": [13.55, 1.23665, 6.95138],
							"lerp_mode": "catmullrom"
						},
						"0.4583": {
							"post": [-8, 2.73665, 6.95138],
							"lerp_mode": "catmullrom"
						},
						"0.5833": [-20.675, 3.23665, 6.95138],
						"0.6667": [-21, 4.75, 5.38733],
						"0.75": [-13.5, 3.89, 5.65],
						"0.8333": [-6, 3.03, 6.41],
						"0.9167": [1.5, 1.92, 6.67],
						"1.0": [9, 1.31, 6.93],
						"1.0833": [16.5, 0.95, 7],
						"1.1667": [24, -1.01335, 6.95138],
						"1.25": [28.25, -1.01, 6.95],
						"1.3333": [34, -1.01335, 6.95138]
					},
					"position": {
						"0.0": [-0.03, -0.405, 0.15],
						"0.0833": {
							"pre": [-0.02, -0.42, 0.03],
							"post": [-0.02, -0.42, 0.03],
							"lerp_mode": "catmullrom"
						},
						"0.1667": {
							"post": [-0.02, 0.325, -0.03],
							"lerp_mode": "catmullrom"
						},
						"0.2917": {
							"post": [-0.01, 0.36, -0.13],
							"lerp_mode": "catmullrom"
						},
						"0.4167": {
							"post": [-0.01, -0.325, -0.25],
							"lerp_mode": "catmullrom"
						},
						"0.5833": [0, -2.12, -0.23],
						"0.6667": [0, -2.025, 0],
						"0.75": [-0.08, -1.33, 0.145],
						"0.8333": [-0.04, -0.825, 0.205],
						"0.9167": [-0.07, -0.5, 0.22],
						"1.0": [-0.03, -0.37, 0.2],
						"1.0833": [-0.005, -0.435, 0.17],
						"1.1667": [-0.05, -0.68, 0.2],
						"1.25": [-0.04, -0.44, 0.33],
						"1.3333": [-0.03, -0.405, 0.15]
					}
				},
				"leg_front_right2": {
					"rotation": {
						"0.0": [-17.5, -2.86313, -6.93488],
						"0.0833": {
							"pre": [-37.15, -2.86313, -3.15988],
							"post": [-37.15, -2.86313, -3.15988],
							"lerp_mode": "catmullrom"
						},
						"0.1667": {
							"post": [-50.79687, -2.86313, -1.13488],
							"lerp_mode": "catmullrom"
						},
						"0.25": {
							"post": [-57.15, -2.86313, 0.01512],
							"lerp_mode": "catmullrom"
						},
						"0.375": {
							"post": [-53.15, -2.86313, -1.13488],
							"lerp_mode": "catmullrom"
						},
						"0.5": {
							"post": [-39.25, -2.86313, -3.15988],
							"lerp_mode": "catmullrom"
						},
						"0.5833": [-23.5, -2.86313, -6.93488],
						"0.6667": [-18, -2.86313, -6.93488],
						"1.1667": [-21, -2.86313, -6.93488],
						"1.3333": [-17.5, -2.86313, -6.93488]
					}
				},
				"leg_front_right3": {
					"rotation": {
						"0.0": [-1, 0, 0],
						"0.0833": {
							"pre": [13.51, 0, 0],
							"post": [13.51, 0, 0],
							"lerp_mode": "catmullrom"
						},
						"0.2083": {
							"post": [57.55, 0, 0],
							"lerp_mode": "catmullrom"
						},
						"0.3333": {
							"post": [61.1, 0, 0],
							"lerp_mode": "catmullrom"
						},
						"0.4583": {
							"post": [35.85, 0, 0],
							"lerp_mode": "catmullrom"
						},
						"0.5833": [26.22458, 0.14955, 0.0435],
						"0.6667": [39, 0, 0],
						"1.1667": [-3, 0, 0],
						"1.3333": [-1, 0, 0]
					},
					"position": {
						"0.0": [0, 0.28, -0.72],
						"0.6667": [0, 0.275, -0.725],
						"1.3333": [0, 0.28, -0.72]
					}
				},
				"leg_back_left1": {
					"rotation": {
						"0.0": [9.99067, 0.43399, -2.46207],
						"0.0833": [12.49, 0.43, -2.46],
						"0.1667": [15.915, 0.43, -2.46],
						"0.25": [19, 0.43, -2.46],
						"0.3333": [21, 0.43, -2.46],
						"0.4167": [30.75, 0.43399, -2.46207],
						"0.5": {
							"pre": [35, 0.43399, -2.46207],
							"post": [35, 0.43399, -2.46207],
							"lerp_mode": "catmullrom"
						},
						"0.6667": {
							"post": [25.21, 0.43, -2.46],
							"lerp_mode": "catmullrom"
						},
						"0.75": {
							"post": [17.5, 0.43, -2.46],
							"lerp_mode": "catmullrom"
						},
						"1.0": [-14.5, 0.43, -2.46],
						"1.0833": [-10, 0.43399, -2.46207],
						"1.1667": [-3.34, 0.43, -2.46],
						"1.25": [3.33, 0.43, -2.46],
						"1.3333": [9.99067, 0.43399, -2.46207]
					},
					"position": {
						"0.0": [-0.075, -0.015, 0.045],
						"0.0833": [-0.075, 0.11, 0.35],
						"0.1667": [-0.1, 0.085, 0.425],
						"0.25": [-0.113, -0.11, 0.6],
						"0.3333": [-0.11, -0.255, 1],
						"0.4167": [0, -0.35, 0.3],
						"0.5": {
							"pre": [0, -0.075, 0],
							"post": [0, -0.075, 0],
							"lerp_mode": "catmullrom"
						},
						"0.5833": {
							"post": [0, 0.555, -0.01],
							"lerp_mode": "catmullrom"
						},
						"0.6667": {
							"post": [0, 0.89, 0],
							"lerp_mode": "catmullrom"
						},
						"0.7083": {
							"post": [0, 0.98, 0],
							"lerp_mode": "catmullrom"
						},
						"0.8333": {
							"post": [0, 0.75, 0.01],
							"lerp_mode": "catmullrom"
						},
						"0.9167": [0, 0.33, 0.02],
						"1.0": [0, -0.02, 0],
						"1.0833": [0, -0.27, -0.325],
						"1.1667": [-0.025, -0.035, -0.2],
						"1.25": [-0.05, 0.05, -0.085],
						"1.3333": [-0.075, -0.015, 0.045]
					}
				},
				"leg_back_left2": {
					"rotation": {
						"0.0": [-24.97911, 1.05627, 2.26603],
						"0.25": [-10.74, 1.06, 2.27],
						"0.3333": [-6, 1.05627, 2.26603],
						"0.4167": [-14.5, 1.05627, 2.26603],
						"0.5833": {
							"pre": [-21.45, 1.05627, 2.26603],
							"post": [-21.45, 1.05627, 2.26603],
							"lerp_mode": "catmullrom"
						},
						"0.6667": {
							"post": [-25.66, 1.06, 2.27],
							"lerp_mode": "catmullrom"
						},
						"0.75": {
							"post": [-29.05073, 1.05627, 2.26603],
							"lerp_mode": "catmullrom"
						},
						"0.875": {
							"post": [-29.5, 1.05627, 2.26603],
							"lerp_mode": "catmullrom"
						},
						"1.0": [-22.75, 1.05627, 2.26603],
						"1.0833": [-23, 1.05627, 2.26603],
						"1.3333": [-24.97911, 1.05627, 2.26603]
					},
					"position": {
						"0.0": [-0.1, 0, 0],
						"0.6667": [-0.1, 0, 0],
						"1.3333": [-0.1, 0, 0]
					}
				},
				"leg_back_left3": {
					"rotation": {
						"0.0": [15, 0, 0],
						"0.25": [-8.1, 0, 0],
						"0.3333": [-15, 0, 0],
						"0.4167": [13.0739, 0, 0],
						"0.5": {
							"pre": [31.56, 0, 0],
							"post": [31.56, 0, 0],
							"lerp_mode": "catmullrom"
						},
						"0.6667": {
							"post": [47.47, 0, 0],
							"lerp_mode": "catmullrom"
						},
						"0.75": {
							"post": [49.58, 0, 0],
							"lerp_mode": "catmullrom"
						},
						"0.8333": [42.02, 0, 0],
						"1.0": [7.77, 0, 0],
						"1.0833": [33, 0, 0],
						"1.3333": [15, 0, 0]
					}
				},
				"leg_back_right1": {
					"rotation": {
						"0.0": {
							"post": [25.21, -0.43, 2.46],
							"lerp_mode": "catmullrom"
						},
						"0.0833": {
							"post": [17.5, -0.43, 2.46],
							"lerp_mode": "catmullrom"
						},
						"0.3333": [-14.5, -0.43, 2.46],
						"0.4167": [-10, -0.43399, 2.46207],
						"0.5": [-3.34, -0.43, 2.46],
						"0.5833": [3.33, -0.43, 2.46],
						"0.6667": [9.99067, -0.43399, 2.46207],
						"0.75": [12.49, -0.43, 2.46],
						"0.8333": [15.915, -0.43, 2.46],
						"0.9167": [19, -0.43, 2.46],
						"1.0": [21, -0.43, 2.46],
						"1.0833": [30.75, -0.43399, 2.46207],
						"1.1667": {
							"pre": [35, -0.43399, 2.46207],
							"post": [35, -0.43399, 2.46207],
							"lerp_mode": "catmullrom"
						},
						"1.3333": {
							"post": [25.21, -0.43, 2.46],
							"lerp_mode": "catmullrom"
						}
					},
					"position": {
						"0.0": {
							"post": [0, 0.89, 0],
							"lerp_mode": "catmullrom"
						},
						"0.0417": {
							"post": [0, 0.98, 0],
							"lerp_mode": "catmullrom"
						},
						"0.1667": {
							"post": [0, 0.75, 0.01],
							"lerp_mode": "catmullrom"
						},
						"0.25": [0, 0.33, 0.02],
						"0.3333": [0, -0.02, 0],
						"0.4167": [0, -0.27, -0.325],
						"0.5": [0.025, -0.035, -0.2],
						"0.5833": [0.05, 0.05, -0.085],
						"0.6667": [0.075, -0.015, 0.045],
						"0.75": [0.075, 0.11, 0.35],
						"0.8333": [0.1, 0.085, 0.425],
						"0.9167": [0.113, -0.11, 0.6],
						"1.0": [0.11, -0.255, 1],
						"1.0833": [0, -0.35, 0.3],
						"1.1667": {
							"pre": [0, -0.075, 0],
							"post": [0, -0.075, 0],
							"lerp_mode": "catmullrom"
						},
						"1.25": {
							"post": [0, 0.555, -0.01],
							"lerp_mode": "catmullrom"
						},
						"1.3333": {
							"post": [0, 0.89, 0],
							"lerp_mode": "catmullrom"
						}
					}
				},
				"leg_back_right2": {
					"rotation": {
						"0.0": {
							"post": [-25.66, -1.06, -2.27],
							"lerp_mode": "catmullrom"
						},
						"0.0833": {
							"post": [-29.05073, -1.05627, -2.26603],
							"lerp_mode": "catmullrom"
						},
						"0.2083": {
							"post": [-29.5, -1.05627, -2.26603],
							"lerp_mode": "catmullrom"
						},
						"0.3333": [-22.75, -1.05627, -2.26603],
						"0.4167": [-23, -1.05627, -2.26603],
						"0.6667": [-24.97911, -1.05627, -2.26603],
						"0.9167": [-10.74, -1.06, -2.27],
						"1.0": [-6, -1.05627, -2.26603],
						"1.0833": [-14.5, -1.05627, -2.26603],
						"1.25": {
							"pre": [-21.45, -1.05627, -2.26603],
							"post": [-21.45, -1.05627, -2.26603],
							"lerp_mode": "catmullrom"
						},
						"1.3333": {
							"post": [-25.66, -1.06, -2.27],
							"lerp_mode": "catmullrom"
						}
					},
					"position": {
						"0.0": [0.1, 0, 0],
						"0.6667": [0.1, 0, 0],
						"1.3333": [0.1, 0, 0]
					}
				},
				"leg_back_right3": {
					"rotation": {
						"0.0": {
							"post": [47.47, 0, 0],
							"lerp_mode": "catmullrom"
						},
						"0.0833": {
							"post": [49.58, 0, 0],
							"lerp_mode": "catmullrom"
						},
						"0.1667": [42.02, 0, 0],
						"0.3333": [7.77, 0, 0],
						"0.4167": [33, 0, 0],
						"0.6667": [15, 0, 0],
						"0.9167": [-8.1, 0, 0],
						"1.0": [-15, 0, 0],
						"1.0833": [13.0739, 0, 0],
						"1.1667": {
							"pre": [31.56, 0, 0],
							"post": [31.56, 0, 0],
							"lerp_mode": "catmullrom"
						},
						"1.3333": {
							"post": [47.47, 0, 0],
							"lerp_mode": "catmullrom"
						}
					}
				},
				"hips": {
					"rotation": ["7.75+1.5*math.cos(q.anim_time*90*6-50)", "2*math.cos(q.anim_time*90*3-10)", "-3*math.cos(q.anim_time*90*3+50)"],
					"position": [0, "0.95-0.3*math.cos(q.anim_time*90*6)", "-0.2*math.cos(q.anim_time*90*6)"]
				},
				"chest": {
					"rotation": ["-2.5-2*math.cos(q.anim_time*90*6-90)", 0, 0]
				},
				"orb": {
					"position": [0, -1.75, -0.5]
				},
				"tail1": {
					"rotation": ["28-4*math.sin(q.anim_time*90*3-40)", "-8*math.cos(q.anim_time*90*3-80)", 0]
				},
				"torso": {
					"rotation": ["-6.75-1*math.cos(q.anim_time*90*6-70)", 0, 0]
				},
				"whisker_bottom_right": {
					"rotation": ["3*math.cos(q.anim_time*90*6-250)", 0, "3*math.cos(q.anim_time*90*6-280)"]
				},
				"whisker_bottom_left": {
					"rotation": ["3*math.cos(q.anim_time*90*6-250)", 0, "-3*math.cos(q.anim_time*90*6-280)"]
				},
				"leg_front_right4": {
					"rotation": {
						"0.0": [0, 0, 0],
						"0.0833": {
							"pre": [13.23, 0, 0],
							"post": [13.23, 0, 0],
							"lerp_mode": "catmullrom"
						},
						"0.25": {
							"post": [18.33, 0, 0],
							"lerp_mode": "catmullrom"
						},
						"0.375": {
							"post": [20.47, 0, 0],
							"lerp_mode": "catmullrom"
						},
						"0.5": {
							"post": [0, 0, 0],
							"lerp_mode": "catmullrom"
						},
						"0.5833": [0, 0, 0],
						"0.6667": [0, 0, 0],
						"1.1667": [0, 0, 0],
						"1.3333": [0, 0, 0]
					}
				},
				"leg_front_left4": {
					"rotation": {
						"0.0": [0, 0, 0],
						"0.5": [0, 0, 0],
						"0.6667": [0, 0, 0],
						"0.75": {
							"pre": [13.23, 0, 0],
							"post": [13.23, 0, 0],
							"lerp_mode": "catmullrom"
						},
						"0.9167": {
							"post": [18.33, 0, 0],
							"lerp_mode": "catmullrom"
						},
						"1.0417": {
							"post": [20.47, 0, 0],
							"lerp_mode": "catmullrom"
						},
						"1.1667": {
							"post": [0, 0, 0],
							"lerp_mode": "catmullrom"
						},
						"1.25": [0, 0, 0],
						"1.3333": [0, 0, 0]
					}
				},
				"bone2": {
					"rotation": ["math.sin(query.anim_time * 240) * 6", 0, 0]
				},
				"bone3": {
					"rotation": ["math.sin(query.anim_time * 220) * 6", 0, 0]
				},
				"bone5": {
					"rotation": [25, 0, 0]
				},
				"bone6": {
					"rotation": [15, 0, 0]
				},
				"bone9": {
					"rotation": [15, 0, 0]
				},
				"bone10": {
					"rotation": [25, 0, 0]
				}
			}
		},
		"animation.torracat_ultravariant.battle_idle": {
			"loop": true,
			"bones": {
				"neck": {
					"rotation": ["78.9953+0.7*math.cos(q.anim_time*90*3-85)", 2.1775, "-0.3726-1.3*math.cos(q.anim_time*90*1.33-125)"]
				},
				"head_angle": {
					"rotation": ["-74.2527+0.7*math.cos(q.anim_time*90*3-95)", "1.5714+1.3*math.cos(q.anim_time*90*1.33-155)", -4.1969]
				},
				"whisker_top_right1": {
					"rotation": [0, "2*math.cos(q.anim_time*90*3-190)", "-2.5+2*math.cos(q.anim_time*90*3-160)"]
				},
				"whisker_top_right2": {
					"rotation": [0, "2*math.cos(q.anim_time*90*3-190)", "-7.5+2*math.cos(q.anim_time*90*3-160)"]
				},
				"whisker_top_left1": {
					"rotation": [0, "-2*math.cos(q.anim_time*90*3-190)", "2.5-2*math.cos(q.anim_time*90*3-160)"]
				},
				"whisker_top_left2": {
					"rotation": [0, "-2*math.cos(q.anim_time*90*3-190)", "7.5-2*math.cos(q.anim_time*90*3-160)"]
				},
				"head_spike1": {
					"rotation": ["-22.5+2*math.cos(q.anim_time*90*3-180)", 0, 0]
				},
				"head_spike2": {
					"rotation": ["-5.5+3*math.cos(q.anim_time*90*3-210)", 0, 0]
				},
				"head_spike3": {
					"rotation": ["5+4*math.cos(q.anim_time*90*3-240)", 0, 0]
				},
				"head_spike4": {
					"rotation": ["6*math.cos(q.anim_time*90*3-280)", 0, 0]
				},
				"ear_right1": {
					"rotation": ["17.5488-2*math.cos(q.anim_time*90*3-145)", 1.6394, -29.38051]
				},
				"ear_right2": {
					"rotation": ["24.5-6*math.cos(q.anim_time*90*3-175)", 0, 0]
				},
				"ear_left1": {
					"rotation": ["17.5488-2*math.cos(q.anim_time*90*3-145)", -1.6394, 29.38051]
				},
				"ear_left2": {
					"rotation": ["24.5-6*math.cos(q.anim_time*90*3-175)", 0, 0]
				},
				"tail2": {
					"rotation": ["-2.5-3*math.cos(q.anim_time*90*3-130)", "-6*math.cos(q.anim_time*90*4-110)", 0]
				},
				"tail3": {
					"rotation": ["-4.5-5*math.cos(q.anim_time*90*3-160)", "-12*math.cos(q.anim_time*90*4-140)", 0]
				},
				"tail4": {
					"rotation": ["-15-6*math.cos(q.anim_time*90*3-180)", "-16*math.cos(q.anim_time*90*4-180)", 0]
				},
				"leg_front_left1": {
					"rotation": ["43+1.5*math.cos(q.anim_time*90*3+60)", 1.29876, -7.38733],
					"position": [0.875, "-0.825-0.19*math.cos(q.anim_time*90*3+60)", "1.425+0.01*math.cos(q.anim_time*90*3+60)"]
				},
				"leg_front_left2": {
					"rotation": ["-53-2.5*math.cos(q.anim_time*90*3+60)", 3.27516, 7.21854],
					"position": [-0.2, 0, 0]
				},
				"leg_front_left3": {
					"rotation": ["10+1*math.cos(q.anim_time*90*3+60)", "+0.2*math.cos(q.anim_time*90*3+60)", 0]
				},
				"leg_front_right1": {
					"rotation": ["4.5+1.5*math.cos(q.anim_time*90*3+60)", -0.86717, 4.92442],
					"position": [-0.4, "0.6-0.11*math.cos(q.anim_time*90*3+60)", "0.35-0.08*math.cos(q.anim_time*90*3+60)"]
				},
				"leg_front_right2": {
					"rotation": ["-29.5-2.5*math.cos(q.anim_time*90*3+60)", -1.91134, -4.62111],
					"position": [0.075, 0, 0]
				},
				"leg_front_right3": {
					"rotation": ["25+1*math.cos(q.anim_time*90*3+60)", 0, 0],
					"position": [0, 0.525, 0.125]
				},
				"leg_back_left1": {
					"rotation": ["25+2*math.cos(q.anim_time*90*3)", 0.43399, -2.46207],
					"position": [0, "0.765-0.145*math.cos(q.anim_time*90*3)", "0.425-0.28*math.cos(q.anim_time*90*3)"]
				},
				"leg_back_left2": {
					"rotation": ["-32.5-1*math.cos(q.anim_time*90*3)", 1.05627, 2.26603],
					"position": [-0.1, 0, 0]
				},
				"leg_back_left3": {
					"rotation": ["7.5-1*math.cos(q.anim_time*90*3)", 0, 0]
				},
				"leg_back_right1": {
					"rotation": ["35+2*math.cos(q.anim_time*90*3)", -0.43399, 2.46207],
					"position": [-0.4, "-0.21*math.cos(q.anim_time*90*3)", "0.425-0.25*math.cos(q.anim_time*90*3)"]
				},
				"leg_back_right2": {
					"rotation": ["-25-1*math.cos(q.anim_time*90*3)", -1.05627, -2.26603],
					"position": [0.1, 0, 0]
				},
				"leg_back_right3": {
					"rotation": ["-10-1*math.cos(q.anim_time*90*3)", 0, 0]
				},
				"hips": {
					"rotation": ["8.526+0.73*math.cos(q.anim_time*90*3-30)", 3.96866, 0.52498],
					"position": [-0.4, "0.575-0.2*math.cos(q.anim_time*90*3)", "-0.15*math.cos(q.anim_time*90*3+10)"]
				},
				"chest": {
					"rotation": ["-3.5187-1*math.cos(q.anim_time*90*3-60)", -5.48319, 0.4207]
				},
				"orb": {
					"position": [0, -1.75, -0.5]
				},
				"tail1": {
					"rotation": ["35-2*math.cos(q.anim_time*90*3-100)", "-5*math.cos(q.anim_time*90*4-80)", 0]
				},
				"body": {
					"position": [0, -1.55, -1]
				},
				"torso": {
					"rotation": ["-7.5376-1.6*math.cos(q.anim_time*90*3-50)", -5.45098, 0.71324],
					"position": [0.15, 0, 0]
				},
				"eyebrow_right": {
					"rotation": [0, 0, 5],
					"position": [0, -0.7, 0]
				},
				"eyebrow_left": {
					"rotation": [0, 0, -5],
					"position": [0, -0.7, 0]
				},
				"whisker_bottom_right": {
					"rotation": ["2*math.cos(q.anim_time*90*3-210)", 0, "2*math.cos(q.anim_time*90*3-180)"]
				},
				"whisker_bottom_left": {
					"rotation": ["2*math.cos(q.anim_time*90*3-210)", 0, "-2*math.cos(q.anim_time*90*3-180)"]
				},
				"mouth_closed": {
					"position": [0, 0, 1]
				},
				"mouth_angry": {
					"position": [0, 0, -1]
				},
				"bone2": {
					"rotation": ["math.sin(query.anim_time * 180) * 6", 0, 0]
				},
				"bone3": {
					"rotation": ["math.sin(query.anim_time * 180) * 6", 0, 0]
				},
				"bone4": {
					"rotation": [-45, 0, 0]
				},
				"bone5": {
					"rotation": [25, 0, 0]
				},
				"bone6": {
					"rotation": [15, 0, 0]
				},
				"bone9": {
					"rotation": [15, 0, 0]
				},
				"bone10": {
					"rotation": [25, 0, 0]
				}
			}
		},
		"animation.torracat_ultravariant.ground_idle": {
			"loop": true,
			"bones": {
				"neck": {
					"rotation": ["78.9953+0.7*math.cos(q.anim_time*90*3-85)", 2.1775, "-0.3726-1.3*math.cos(q.anim_time*90*1.33-125)"]
				},
				"head_angle": {
					"rotation": ["-74.2527+0.7*math.cos(q.anim_time*90*3-95)", "1.5714+1.3*math.cos(q.anim_time*90*1.33-155)", -4.1969]
				},
				"whisker_top_right1": {
					"rotation": [0, "2*math.cos(q.anim_time*90*3-190)", "-2.5+2*math.cos(q.anim_time*90*3-160)"]
				},
				"whisker_top_right2": {
					"rotation": [0, "2*math.cos(q.anim_time*90*3-190)", "-7.5+2*math.cos(q.anim_time*90*3-160)"]
				},
				"whisker_top_left1": {
					"rotation": [0, "-2*math.cos(q.anim_time*90*3-190)", "2.5-2*math.cos(q.anim_time*90*3-160)"]
				},
				"whisker_top_left2": {
					"rotation": [0, "-2*math.cos(q.anim_time*90*3-190)", "7.5-2*math.cos(q.anim_time*90*3-160)"]
				},
				"head_spike1": {
					"rotation": ["-22.5+2*math.cos(q.anim_time*90*3-180)", 0, 0]
				},
				"head_spike2": {
					"rotation": ["-5.5+3*math.cos(q.anim_time*90*3-210)", 0, 0]
				},
				"head_spike3": {
					"rotation": ["5+4*math.cos(q.anim_time*90*3-240)", 0, 0]
				},
				"head_spike4": {
					"rotation": ["6*math.cos(q.anim_time*90*3-280)", 0, 0]
				},
				"ear_right1": {
					"rotation": ["17.5488-2*math.cos(q.anim_time*90*3-145)", 1.6394, -29.38051]
				},
				"ear_right2": {
					"rotation": ["24.5-6*math.cos(q.anim_time*90*3-175)", 0, 0]
				},
				"ear_left1": {
					"rotation": ["17.5488-2*math.cos(q.anim_time*90*3-145)", -1.6394, 29.38051]
				},
				"ear_left2": {
					"rotation": ["24.5-6*math.cos(q.anim_time*90*3-175)", 0, 0]
				},
				"tail2": {
					"rotation": ["-2.5-3*math.cos(q.anim_time*90*3-130)", "-6*math.cos(q.anim_time*90*4-110)", 0]
				},
				"tail3": {
					"rotation": ["-4.5-5*math.cos(q.anim_time*90*3-160)", "-12*math.cos(q.anim_time*90*4-140)", 0]
				},
				"tail4": {
					"rotation": ["-15-6*math.cos(q.anim_time*90*3-180)", "-16*math.cos(q.anim_time*90*4-180)", 0]
				},
				"leg_front_left1": {
					"rotation": ["43+1.5*math.cos(q.anim_time*90*3+60)", 1.29876, -7.38733],
					"position": [0.875, "-0.825-0.19*math.cos(q.anim_time*90*3+60)", "1.425+0.01*math.cos(q.anim_time*90*3+60)"]
				},
				"leg_front_left2": {
					"rotation": ["-53-2.5*math.cos(q.anim_time*90*3+60)", 3.27516, 7.21854],
					"position": [-0.2, 0, 0]
				},
				"leg_front_left3": {
					"rotation": ["10+1*math.cos(q.anim_time*90*3+60)", "+0.2*math.cos(q.anim_time*90*3+60)", 0]
				},
				"leg_front_right1": {
					"rotation": ["4.5+1.5*math.cos(q.anim_time*90*3+60)", -0.86717, 4.92442],
					"position": [-0.4, "0.6-0.11*math.cos(q.anim_time*90*3+60)", "0.35-0.08*math.cos(q.anim_time*90*3+60)"]
				},
				"leg_front_right2": {
					"rotation": ["-29.5-2.5*math.cos(q.anim_time*90*3+60)", -1.91134, -4.62111],
					"position": [0.075, 0, 0]
				},
				"leg_front_right3": {
					"rotation": ["25+1*math.cos(q.anim_time*90*3+60)", 0, 0],
					"position": [0, 0.525, 0.125]
				},
				"leg_back_left1": {
					"rotation": ["25+2*math.cos(q.anim_time*90*3)", 0.43399, -2.46207],
					"position": [0, "0.765-0.145*math.cos(q.anim_time*90*3)", "0.425-0.28*math.cos(q.anim_time*90*3)"]
				},
				"leg_back_left2": {
					"rotation": ["-32.5-1*math.cos(q.anim_time*90*3)", 1.05627, 2.26603],
					"position": [-0.1, 0, 0]
				},
				"leg_back_left3": {
					"rotation": ["7.5-1*math.cos(q.anim_time*90*3)", 0, 0]
				},
				"leg_back_right1": {
					"rotation": ["35+2*math.cos(q.anim_time*90*3)", -0.43399, 2.46207],
					"position": [-0.4, "-0.21*math.cos(q.anim_time*90*3)", "0.425-0.25*math.cos(q.anim_time*90*3)"]
				},
				"leg_back_right2": {
					"rotation": ["-25-1*math.cos(q.anim_time*90*3)", -1.05627, -2.26603],
					"position": [0.1, 0, 0]
				},
				"leg_back_right3": {
					"rotation": ["-10-1*math.cos(q.anim_time*90*3)", 0, 0]
				},
				"hips": {
					"rotation": ["8.526+0.73*math.cos(q.anim_time*90*3-30)", 3.96866, 0.52498],
					"position": [-0.4, "0.575-0.2*math.cos(q.anim_time*90*3)", "-0.15*math.cos(q.anim_time*90*3+10)"]
				},
				"chest": {
					"rotation": ["-3.5187-1*math.cos(q.anim_time*90*3-60)", -5.48319, 0.4207]
				},
				"orb": {
					"position": [0, -1.75, -0.5]
				},
				"tail1": {
					"rotation": ["35-2*math.cos(q.anim_time*90*3-100)", "-5*math.cos(q.anim_time*90*4-80)", 0]
				},
				"body": {
					"position": [0, -1.55, -1]
				},
				"torso": {
					"rotation": ["-7.5376-1.6*math.cos(q.anim_time*90*3-50)", -5.45098, 0.71324],
					"position": [0.15, 0, 0]
				},
				"eyebrow_right": {
					"rotation": [0, 0, 5],
					"position": [0, -0.7, 0]
				},
				"eyebrow_left": {
					"rotation": [0, 0, -5],
					"position": [0, -0.7, 0]
				},
				"whisker_bottom_right": {
					"rotation": ["2*math.cos(q.anim_time*90*3-210)", 0, "2*math.cos(q.anim_time*90*3-180)"]
				},
				"whisker_bottom_left": {
					"rotation": ["2*math.cos(q.anim_time*90*3-210)", 0, "-2*math.cos(q.anim_time*90*3-180)"]
				},
				"mouth_closed": {
					"position": [0, 0, 1]
				},
				"mouth_angry": {
					"position": [0, 0, -1]
				},
				"bone2": {
					"rotation": ["math.sin(query.anim_time * 180) * 6", 0, 0]
				},
				"bone3": {
					"rotation": ["math.sin(query.anim_time * 180) * 6", 0, 0]
				},
				"bone4": {
					"rotation": [-45, 0, 0]
				},
				"bone5": {
					"rotation": [25, 0, 0]
				},
				"bone6": {
					"rotation": [15, 0, 0]
				},
				"bone9": {
					"rotation": [15, 0, 0]
				},
				"bone10": {
					"rotation": [25, 0, 0]
				}
			}
		},
		"animation.torracat_ultravariant.sleep": {
			"loop": true,
			"bones": {
				"neck": {
					"rotation": ["75.4006+0.3*math.cos(q.anim_time*90*1-190)", -14.18513, 5.89519]
				},
				"head_angle": {
					"rotation": ["-71.4552+0.3*math.cos(q.anim_time*90*1-220)", -12.75045, 18.56735]
				},
				"whisker_top_right1": {
					"rotation": [0, 0, "-2.5+1.5*math.cos(q.anim_time*90*1-240)"]
				},
				"whisker_top_right2": {
					"rotation": [0, 0, "-7.5+1.5*math.cos(q.anim_time*90*1-240)"]
				},
				"whisker_top_left1": {
					"rotation": [0, 0, "2.5-1.5*math.cos(q.anim_time*90*1-240)"]
				},
				"whisker_top_left2": {
					"rotation": [0, 0, "7.5-1.5*math.cos(q.anim_time*90*1-240)"]
				},
				"head_spike1": {
					"rotation": ["-27.75+1*math.cos(q.anim_time*90*1-240)", 0, 0]
				},
				"head_spike2": {
					"rotation": ["-1.75+3*math.cos(q.anim_time*90*1-270)", 0, 0]
				},
				"head_spike3": {
					"rotation": ["-5.75+4*math.cos(q.anim_time*90*1-310)", 0, 0]
				},
				"head_spike4": {
					"rotation": ["-17+5*math.cos(q.anim_time*90*1-360)", 0, 0]
				},
				"ear_right1": {
					"rotation": ["21.8474+3*math.cos(q.anim_time*90*1-320)", 4.30371, -24.73667]
				},
				"ear_right2": {
					"rotation": ["20+4*math.cos(q.anim_time*90*1-380)", 0, 0]
				},
				"ear_left1": {
					"rotation": ["21.8474+3*math.cos(q.anim_time*90*1-320)", -4.30371, 24.73667]
				},
				"ear_left2": {
					"rotation": ["20+4*math.cos(q.anim_time*90*1-380)", 0, 0]
				},
				"tail2": {
					"rotation": ["3.8563+1*math.cos(q.anim_time*90*1-100)", 22.12347, 3.108]
				},
				"tail3": {
					"rotation": ["15.3045+1.3*math.cos(q.anim_time*90*1-130)", 36.98182, 15.30452]
				},
				"tail4": {
					"rotation": ["8.2486+1.6*math.cos(q.anim_time*90*1-160)", 24.52423, 3.44353]
				},
				"leg_front_left1": {
					"rotation": ["-68.1931+0.5*math.cos(q.anim_time*90*1-120)", -72.87781, 0.05589],
					"position": ["1.175+0.03*math.cos(q.anim_time*90*1-120)", "0.025+0.03*math.cos(q.anim_time*90*1-120)", "3.125-0.03*math.cos(q.anim_time*90*1-120)"]
				},
				"leg_front_left2": {
					"rotation": ["-24.0141-0.5*math.cos(q.anim_time*90*1-120)", "5.7321-0.1*math.cos(q.anim_time*90*1-120)", 25.5682],
					"position": [-0.125, 1.425, 0.925]
				},
				"leg_front_left3": {
					"rotation": [85.08842, 0.49395, 20.22035],
					"position": [-0.35, 0.025, -0.75]
				},
				"leg_front_right1": {
					"rotation": ["-77.0346+0.7*math.cos(q.anim_time*90*1-120)", -10.08546, 4.89251],
					"position": [3.7, "-0.05+0.03*math.cos(q.anim_time*90*1-120)", "-1.8-0.03*math.cos(q.anim_time*90*1-120)"]
				},
				"leg_front_right2": {
					"rotation": ["-16.2697-0.5*math.cos(q.anim_time*90*1-120)", -14.47764, -51.41919],
					"position": [0, 1.35, 0.15]
				},
				"leg_front_right3": {
					"rotation": [93.14357, 1.75676, -22.93644],
					"position": [0.575, -0.425, -0.975]
				},
				"leg_back_left1": {
					"rotation": ["-32.9306+0.5*math.cos(q.anim_time*90*1-50)", -49.03714, -1.87073],
					"position": ["0.2+0.03*math.cos(q.anim_time*90*1-50)", 1.175, "-0.35-0.03*math.cos(q.anim_time*90*1-50)"]
				},
				"leg_back_left2": {
					"rotation": ["-63.4799-0.5*math.cos(q.anim_time*90*1-50)", 0, 0],
					"position": [-0.1, 0, 0]
				},
				"leg_back_left3": {
					"rotation": ["51+1*math.cos(q.anim_time*90*1-150)", 0, 0]
				},
				"leg_back_right1": {
					"rotation": ["-34.0093+0.5*math.cos(q.anim_time*90*1-50)", 7.81601, 2.46207],
					"position": [-0.575, 1.3, "-0.80-0.06*math.cos(q.anim_time*90*1-50)"]
				},
				"leg_back_right2": {
					"rotation": ["-63.4791-0.5*math.cos(q.anim_time*90*1-50)", -1.05627, -2.26603],
					"position": [0.1, 0, 0]
				},
				"leg_back_right3": {
					"rotation": ["51+1*math.cos(q.anim_time*90*1-150)", 0, 0]
				},
				"hips": {
					"rotation": ["0.5+0.6*math.cos(q.anim_time*90*1-40)", 0, 0],
					"position": [0, "-0.725-0.05*math.cos(q.anim_time*90*1)", -0.45]
				},
				"chest": {
					"rotation": ["-2.6234-0.6*math.cos(q.anim_time*90*1-100)", -9.67816, 1.2711]
				},
				"orb": {
					"position": [0, -1.75, -0.5]
				},
				"tail1": {
					"rotation": ["-40.2502+0.7*math.cos(q.anim_time*90*1-70)", 28.91223, -4.02855],
					"position": [0, -0.6, 0]
				},
				"body": {
					"rotation": [8.53528, -5.19217, -0.77813],
					"position": [-3, -9.55, 2]
				},
				"torso": {
					"rotation": ["-7.0551-0.3*math.cos(q.anim_time*90*1-70)", -18.26433, 2.84165]
				},
				"eyelid_right": {
					"position": [0.1, 0, -0.1]
				},
				"eyelid_left": {
					"position": [-0.1, 0, -0.1]
				},
				"leg_front_left4": {
					"rotation": [5.50255, 1.74194, 0.16778]
				},
				"bone2": {
					"rotation": ["math.sin(query.anim_time * 180) * 6", 0, 0]
				},
				"bone3": {
					"rotation": ["math.sin(query.anim_time * 180) * 6", 0, 0]
				},
				"bone5": {
					"rotation": [25, 0, 0]
				},
				"bone6": {
					"rotation": [15, 0, 0]
				},
				"bone9": {
					"rotation": [15, 0, 0]
				},
				"bone10": {
					"rotation": [25, 0, 0]
				}
			}
		},
		"animation.torracat_ultravariant.cry": {
			"animation_length": 2.6667,
			"bones": {
				"mouth_closed": {
					"position": {
						"0.0": [0, 0, 0],
						"0.0417": {
							"pre": [0, 0, 0],
							"post": [0, 0, 1]
						},
						"0.75": {
							"pre": [0, 0, 1],
							"post": [0, 0, 1]
						},
						"1.9583": {
							"pre": [0, 0, 1],
							"post": [0, 0, 0]
						}
					}
				},
				"mouth_open": {
					"position": {
						"0.0": [0, 0, 0],
						"0.0417": {
							"pre": [0, 0, 0],
							"post": [0, 0, -1]
						},
						"0.75": {
							"pre": [0, 0, -1],
							"post": [0, 0, 0]
						}
					}
				},
				"mouth_smug": {
					"position": {
						"0.0": [0, 0, 0],
						"0.0417": {
							"pre": [0, 0, 0],
							"post": [0, 0, 1]
						},
						"0.75": {
							"pre": [0, 0, 1],
							"post": [0, 0, -1]
						},
						"1.9583": {
							"pre": [0, 0, -1],
							"post": [0, 0, 0]
						}
					}
				},
				"mouth_angry": {
					"position": {
						"0.0": [0, 0, 0],
						"0.0417": {
							"pre": [0, 0, 0],
							"post": [0, 0, 1]
						},
						"0.75": {
							"pre": [0, 0, 1],
							"post": [0, 0, 1]
						},
						"1.9583": {
							"pre": [0, 0, 1],
							"post": [0, 0, 0]
						}
					}
				},
				"hips": {
					"rotation": {
						"0.0": [0, 0, 0],
						"0.125": {
							"pre": [1.25, 0, 0],
							"post": [1.25, 0, 0],
							"lerp_mode": "catmullrom"
						},
						"0.3333": {
							"post": [-2.25, 0, 0],
							"lerp_mode": "catmullrom"
						},
						"0.5833": {
							"post": [-1.75, 0, 0],
							"lerp_mode": "catmullrom"
						},
						"0.9167": {
							"post": [-2.25, 0, 0],
							"lerp_mode": "catmullrom"
						},
						"1.3333": {
							"post": [-2.25, 0, 0],
							"lerp_mode": "catmullrom"
						},
						"1.9167": {
							"post": [-0.225, 0, 0],
							"lerp_mode": "catmullrom"
						},
						"2.5": [0, 0, 0]
					}
				},
				"torso": {
					"rotation": {
						"0.0": [0, 0, 0],
						"0.1667": {
							"pre": [0, 0, 0],
							"post": [0, 0, 0],
							"lerp_mode": "catmullrom"
						},
						"0.375": {
							"post": [-1.5, 0, 0],
							"lerp_mode": "catmullrom"
						},
						"0.7917": {
							"post": [-3.5, 0, 0],
							"lerp_mode": "catmullrom"
						},
						"1.4583": {
							"post": [-3.5, 0, 0],
							"lerp_mode": "catmullrom"
						},
						"2.0": {
							"post": [-0.325, 0, 0],
							"lerp_mode": "catmullrom"
						},
						"2.5": [0, 0, 0]
					}
				},
				"chest": {
					"rotation": {
						"0.0": [0, 0, 0],
						"0.2083": {
							"pre": [-3.75, 0, 0],
							"post": [-3.75, 0, 0],
							"lerp_mode": "catmullrom"
						},
						"0.4167": {
							"post": [-1.25, 0, 0],
							"lerp_mode": "catmullrom"
						},
						"0.8333": {
							"post": [0.75, 0, 0],
							"lerp_mode": "catmullrom"
						},
						"1.5417": {
							"post": [0.75, 0, 0],
							"lerp_mode": "catmullrom"
						},
						"2.0833": {
							"post": [0, 0, 0],
							"lerp_mode": "catmullrom"
						},
						"2.5": {
							"post": [0, 0, 0],
							"lerp_mode": "catmullrom"
						}
					}
				},
				"orb": {
					"rotation": {
						"0.5": [0, 0, 0],
						"0.7083": {
							"pre": ["0.2*math.cos(q.anim_time*90*30-40)", "-0.2*math.sin(q.anim_time*90*30-10)", "0.2*math.cos(q.anim_time*90*30-150)"],
							"post": ["0.2*math.cos(q.anim_time*90*30-40)", "-0.2*math.sin(q.anim_time*90*30-10)", "0.2*math.cos(q.anim_time*90*30-150)"],
							"lerp_mode": "catmullrom"
						},
						"0.75": {
							"post": ["0.5*math.cos(q.anim_time*90*50-40)", "-0.5*math.sin(q.anim_time*90*50-10)", "0.5*math.cos(q.anim_time*90*50-150)"],
							"lerp_mode": "catmullrom"
						},
						"1.0417": {
							"post": ["0.3*math.cos(q.anim_time*90*50-40)", "-0.3*math.sin(q.anim_time*90*50-10)", "0.3*math.cos(q.anim_time*90*50-150)"],
							"lerp_mode": "catmullrom"
						},
						"1.2083": {
							"post": [0, 0, 0],
							"lerp_mode": "catmullrom"
						},
						"1.4167": [0, 0, 0]
					},
					"scale": {
						"0.5": [1, 1, 1],
						"0.7083": {
							"pre": [1.01, 1.01, 1.01],
							"post": [1.01, 1.01, 1.01],
							"lerp_mode": "catmullrom"
						},
						"0.75": {
							"post": [1.03, 1.03, 1.03],
							"lerp_mode": "catmullrom"
						},
						"1.2083": {
							"post": [1, 1, 1],
							"lerp_mode": "catmullrom"
						},
						"1.4167": [1, 1, 1]
					}
				},
				"neck": {
					"rotation": {
						"0.0": [0, 0, 0],
						"0.1667": {
							"pre": [3.475, 0, 0],
							"post": [3.475, 0, 0],
							"lerp_mode": "catmullrom"
						},
						"0.4167": {
							"post": [-0.475, 0, 0],
							"lerp_mode": "catmullrom"
						},
						"1.0": {
							"post": [-0.05, 0, 0],
							"lerp_mode": "catmullrom"
						},
						"1.5": {
							"post": [0.275, 0, 0],
							"lerp_mode": "catmullrom"
						},
						"2.1667": {
							"post": [0, 0, 0],
							"lerp_mode": "catmullrom"
						},
						"2.5": {
							"post": [0, 0, 0],
							"lerp_mode": "catmullrom"
						}
					}
				},
				"head_angle": {
					"rotation": {
						"0.0": [0, 0, 0],
						"0.2083": {
							"pre": [2.55, 0, 0],
							"post": [2.55, 0, 0],
							"lerp_mode": "catmullrom"
						},
						"0.4583": {
							"post": [-2.1, 0, 0],
							"lerp_mode": "catmullrom"
						},
						"0.7083": {
							"post": [0.5, 0, 0],
							"lerp_mode": "catmullrom"
						},
						"1.0": {
							"post": [1.05, 0, 0],
							"lerp_mode": "catmullrom"
						},
						"1.4167": {
							"post": [0.66, 0, 0],
							"lerp_mode": "catmullrom"
						},
						"1.75": {
							"post": [-2.325, 0, 0],
							"lerp_mode": "catmullrom"
						},
						"2.2083": {
							"post": [-0.175, 0, 0],
							"lerp_mode": "catmullrom"
						},
						"2.5": [0, 0, 0]
					}
				},
				"pupil_left_normal": {
					"position": [0, 0, 0]
				},
				"eyelid_right": {
					"position": {
						"0.0": [0, 0, 0],
						"0.0833": {
							"pre": [0, 0, 0],
							"post": [0.1, 0, -0.1]
						},
						"0.25": {
							"pre": [0.1, 0, -0.1],
							"post": [0, 0, 0]
						}
					}
				},
				"eyelid_left": {
					"position": {
						"0.0": [0, 0, 0],
						"0.0833": {
							"pre": [0, 0, 0],
							"post": [-0.1, 0, -0.1]
						},
						"0.25": {
							"pre": [-0.1, 0, -0.1],
							"post": [0, 0, 0]
						}
					}
				},
				"head_spike1": {
					"rotation": {
						"0.0": [0, 0, 0],
						"0.3333": {
							"pre": [2.55, 0, 0],
							"post": [2.55, 0, 0],
							"lerp_mode": "catmullrom"
						},
						"0.5833": {
							"post": [-2.1, 0, 0],
							"lerp_mode": "catmullrom"
						},
						"0.8333": {
							"post": [0.5, 0, 0],
							"lerp_mode": "catmullrom"
						},
						"1.125": {
							"post": [1.05, 0, 0],
							"lerp_mode": "catmullrom"
						},
						"1.5417": {
							"post": [0.66, 0, 0],
							"lerp_mode": "catmullrom"
						},
						"1.875": {
							"post": [-2.325, 0, 0],
							"lerp_mode": "catmullrom"
						},
						"2.3333": {
							"post": [-0.175, 0, 0],
							"lerp_mode": "catmullrom"
						},
						"2.5417": [0, 0, 0]
					}
				},
				"head_spike2": {
					"rotation": {
						"0.0": [0, 0, 0],
						"0.375": {
							"pre": [2.55, 0, 0],
							"post": [2.55, 0, 0],
							"lerp_mode": "catmullrom"
						},
						"0.625": {
							"post": [-2.1, 0, 0],
							"lerp_mode": "catmullrom"
						},
						"0.875": {
							"post": [0.5, 0, 0],
							"lerp_mode": "catmullrom"
						},
						"1.1667": {
							"post": [1.05, 0, 0],
							"lerp_mode": "catmullrom"
						},
						"1.5833": {
							"post": [0.66, 0, 0],
							"lerp_mode": "catmullrom"
						},
						"1.9167": {
							"post": [-2.325, 0, 0],
							"lerp_mode": "catmullrom"
						},
						"2.375": {
							"post": [-0.175, 0, 0],
							"lerp_mode": "catmullrom"
						},
						"2.5833": [0, 0, 0]
					}
				},
				"head_spike3": {
					"rotation": {
						"0.0": [0, 0, 0],
						"0.4167": {
							"pre": [2.55, 0, 0],
							"post": [2.55, 0, 0],
							"lerp_mode": "catmullrom"
						},
						"0.6667": {
							"post": [-2.1, 0, 0],
							"lerp_mode": "catmullrom"
						},
						"0.9167": {
							"post": [0.5, 0, 0],
							"lerp_mode": "catmullrom"
						},
						"1.2083": {
							"post": [1.05, 0, 0],
							"lerp_mode": "catmullrom"
						},
						"1.625": {
							"post": [0.66, 0, 0],
							"lerp_mode": "catmullrom"
						},
						"1.9583": {
							"post": [-2.325, 0, 0],
							"lerp_mode": "catmullrom"
						},
						"2.4167": {
							"post": [-0.175, 0, 0],
							"lerp_mode": "catmullrom"
						},
						"2.625": [0, 0, 0]
					}
				},
				"head_spike4": {
					"rotation": {
						"0.0": [0, 0, 0],
						"0.4583": {
							"pre": [2.55, 0, 0],
							"post": [2.55, 0, 0],
							"lerp_mode": "catmullrom"
						},
						"0.7083": {
							"post": [-2.1, 0, 0],
							"lerp_mode": "catmullrom"
						},
						"0.9583": {
							"post": [0.5, 0, 0],
							"lerp_mode": "catmullrom"
						},
						"1.25": {
							"post": [1.05, 0, 0],
							"lerp_mode": "catmullrom"
						},
						"1.6667": {
							"post": [0.66, 0, 0],
							"lerp_mode": "catmullrom"
						},
						"2.0": {
							"post": [-2.325, 0, 0],
							"lerp_mode": "catmullrom"
						},
						"2.4583": {
							"post": [-0.175, 0, 0],
							"lerp_mode": "catmullrom"
						},
						"2.6667": [0, 0, 0]
					}
				},
				"ear_right1": {
					"rotation": {
						"0.0": [0, 0, 0],
						"0.2917": {
							"pre": [2.55, 0, 0],
							"post": [2.55, 0, 0],
							"lerp_mode": "catmullrom"
						},
						"0.5417": {
							"post": [-2.1, 0, 0],
							"lerp_mode": "catmullrom"
						},
						"0.7917": {
							"post": [0.5, 0, 0],
							"lerp_mode": "catmullrom"
						},
						"1.0833": {
							"post": [1.05, 0, 0],
							"lerp_mode": "catmullrom"
						},
						"1.5": {
							"post": [0.66, 0, 0],
							"lerp_mode": "catmullrom"
						},
						"1.8333": {
							"post": [-2.325, 0, 0],
							"lerp_mode": "catmullrom"
						},
						"2.2917": {
							"post": [-0.175, 0, 0],
							"lerp_mode": "catmullrom"
						},
						"2.5": [0, 0, 0]
					}
				},
				"ear_right2": {
					"rotation": {
						"0.0": [0, 0, 0],
						"0.375": {
							"pre": [2.55, 0, 0],
							"post": [2.55, 0, 0],
							"lerp_mode": "catmullrom"
						},
						"0.625": {
							"post": [-2.1, 0, 0],
							"lerp_mode": "catmullrom"
						},
						"0.875": {
							"post": [0.5, 0, 0],
							"lerp_mode": "catmullrom"
						},
						"1.1667": {
							"post": [1.05, 0, 0],
							"lerp_mode": "catmullrom"
						},
						"1.5833": {
							"post": [0.66, 0, 0],
							"lerp_mode": "catmullrom"
						},
						"1.9167": {
							"post": [-2.325, 0, 0],
							"lerp_mode": "catmullrom"
						},
						"2.375": {
							"post": [-0.175, 0, 0],
							"lerp_mode": "catmullrom"
						},
						"2.5": [0, 0, 0]
					}
				},
				"ear_left1": {
					"rotation": {
						"0.0": [0, 0, 0],
						"0.2917": {
							"pre": [2.55, 0, 0],
							"post": [2.55, 0, 0],
							"lerp_mode": "catmullrom"
						},
						"0.5417": {
							"post": [-2.1, 0, 0],
							"lerp_mode": "catmullrom"
						},
						"0.7917": {
							"post": [0.5, 0, 0],
							"lerp_mode": "catmullrom"
						},
						"1.0833": {
							"post": [1.05, 0, 0],
							"lerp_mode": "catmullrom"
						},
						"1.5": {
							"post": [0.66, 0, 0],
							"lerp_mode": "catmullrom"
						},
						"1.8333": {
							"post": [-2.325, 0, 0],
							"lerp_mode": "catmullrom"
						},
						"2.2917": {
							"post": [-0.175, 0, 0],
							"lerp_mode": "catmullrom"
						},
						"2.5": [0, 0, 0]
					}
				},
				"ear_left2": {
					"rotation": {
						"0.0": [0, 0, 0],
						"0.375": {
							"pre": [2.55, 0, 0],
							"post": [2.55, 0, 0],
							"lerp_mode": "catmullrom"
						},
						"0.625": {
							"post": [-2.1, 0, 0],
							"lerp_mode": "catmullrom"
						},
						"0.875": {
							"post": [0.5, 0, 0],
							"lerp_mode": "catmullrom"
						},
						"1.1667": {
							"post": [1.05, 0, 0],
							"lerp_mode": "catmullrom"
						},
						"1.5833": {
							"post": [0.66, 0, 0],
							"lerp_mode": "catmullrom"
						},
						"1.9167": {
							"post": [-2.325, 0, 0],
							"lerp_mode": "catmullrom"
						},
						"2.375": {
							"post": [-0.175, 0, 0],
							"lerp_mode": "catmullrom"
						},
						"2.5": [0, 0, 0]
					}
				},
				"tail1": {
					"rotation": {
						"0.0": [0, 0, 0],
						"0.1667": {
							"pre": [1.85, 0, 0],
							"post": [1.85, 0, 0],
							"lerp_mode": "catmullrom"
						},
						"0.375": {
							"post": [-2.25, 0, 0],
							"lerp_mode": "catmullrom"
						},
						"0.625": {
							"post": [0.775, 0, 0],
							"lerp_mode": "catmullrom"
						},
						"0.9583": {
							"post": [-0.35, 0, 0],
							"lerp_mode": "catmullrom"
						},
						"1.375": {
							"post": [0.25, 0, 0],
							"lerp_mode": "catmullrom"
						},
						"1.9583": {
							"post": [0, 0, 0],
							"lerp_mode": "catmullrom"
						},
						"2.5": [0, 0, 0]
					}
				},
				"tail2": {
					"rotation": {
						"0.0": [0, 0, 0],
						"0.25": {
							"pre": [1.85, 0, 0],
							"post": [1.85, 0, 0],
							"lerp_mode": "catmullrom"
						},
						"0.4583": {
							"post": [-2.25, 0, 0],
							"lerp_mode": "catmullrom"
						},
						"0.7083": {
							"post": [0.775, 0, 0],
							"lerp_mode": "catmullrom"
						},
						"1.0417": {
							"post": [-0.35, 0, 0],
							"lerp_mode": "catmullrom"
						},
						"1.4583": {
							"post": [0.25, 0, 0],
							"lerp_mode": "catmullrom"
						},
						"2.0417": {
							"post": [0, 0, 0],
							"lerp_mode": "catmullrom"
						},
						"2.5": [0, 0, 0]
					}
				},
				"tail3": {
					"rotation": {
						"0.0": [0, 0, 0],
						"0.3333": {
							"pre": [1.85, 0, 0],
							"post": [1.85, 0, 0],
							"lerp_mode": "catmullrom"
						},
						"0.5417": {
							"post": [-2.25, 0, 0],
							"lerp_mode": "catmullrom"
						},
						"0.7917": {
							"post": [0.775, 0, 0],
							"lerp_mode": "catmullrom"
						},
						"1.125": {
							"post": [-0.35, 0, 0],
							"lerp_mode": "catmullrom"
						},
						"1.5417": {
							"post": [0.25, 0, 0],
							"lerp_mode": "catmullrom"
						},
						"2.125": {
							"post": [0, 0, 0],
							"lerp_mode": "catmullrom"
						},
						"2.5": [0, 0, 0]
					}
				},
				"tail4": {
					"rotation": {
						"0.0": [0, 0, 0],
						"0.4167": {
							"pre": [1.85, 0, 0],
							"post": [1.85, 0, 0],
							"lerp_mode": "catmullrom"
						},
						"0.625": {
							"post": [-2.25, 0, 0],
							"lerp_mode": "catmullrom"
						},
						"0.875": {
							"post": [0.775, 0, 0],
							"lerp_mode": "catmullrom"
						},
						"1.2083": {
							"post": [-0.35, 0, 0],
							"lerp_mode": "catmullrom"
						},
						"1.625": {
							"post": [0.25, 0, 0],
							"lerp_mode": "catmullrom"
						},
						"2.2083": {
							"post": [0, 0, 0],
							"lerp_mode": "catmullrom"
						},
						"2.5": [0, 0, 0]
					}
				},
				"whisker_top_right1": {
					"rotation": {
						"0.0": [0, 0, 0],
						"0.125": {
							"pre": [0, 0, -4],
							"post": [0, 0, -4],
							"lerp_mode": "catmullrom"
						},
						"0.5": {
							"post": [0, 0, 2.75],
							"lerp_mode": "catmullrom"
						},
						"0.8333": {
							"post": [0, 0, -1],
							"lerp_mode": "catmullrom"
						},
						"1.3333": {
							"post": [0, 0, 0],
							"lerp_mode": "catmullrom"
						},
						"1.8333": {
							"post": [0, 0, 3.5],
							"lerp_mode": "catmullrom"
						},
						"2.1667": {
							"post": [0, 0, -0.75],
							"lerp_mode": "catmullrom"
						},
						"2.4167": {
							"post": [0, 0, 0],
							"lerp_mode": "catmullrom"
						},
						"2.6667": [0, 0, 0]
					}
				},
				"whisker_top_right2": {
					"rotation": {
						"0.0": [0, 0, 0],
						"0.125": {
							"pre": [0, 0, -4],
							"post": [0, 0, -4],
							"lerp_mode": "catmullrom"
						},
						"0.5": {
							"post": [0, 0, 2.75],
							"lerp_mode": "catmullrom"
						},
						"0.8333": {
							"post": [0, 0, -1],
							"lerp_mode": "catmullrom"
						},
						"1.3333": {
							"post": [0, 0, 0],
							"lerp_mode": "catmullrom"
						},
						"1.8333": {
							"post": [0, 0, 3.5],
							"lerp_mode": "catmullrom"
						},
						"2.1667": {
							"post": [0, 0, -0.75],
							"lerp_mode": "catmullrom"
						},
						"2.4167": {
							"post": [0, 0, 0],
							"lerp_mode": "catmullrom"
						},
						"2.6667": [0, 0, 0]
					}
				},
				"whisker_top_left1": {
					"rotation": {
						"0.0": [0, 0, 0],
						"0.125": {
							"pre": [0, 0, 4],
							"post": [0, 0, 4],
							"lerp_mode": "catmullrom"
						},
						"0.5": {
							"post": [0, 0, -2.75],
							"lerp_mode": "catmullrom"
						},
						"0.8333": {
							"post": [0, 0, 1],
							"lerp_mode": "catmullrom"
						},
						"1.3333": {
							"post": [0, 0, 0],
							"lerp_mode": "catmullrom"
						},
						"1.8333": {
							"post": [0, 0, -3.5],
							"lerp_mode": "catmullrom"
						},
						"2.1667": {
							"post": [0, 0, 0.75],
							"lerp_mode": "catmullrom"
						},
						"2.4167": {
							"post": [0, 0, 0],
							"lerp_mode": "catmullrom"
						},
						"2.6667": [0, 0, 0]
					}
				},
				"whisker_top_left2": {
					"rotation": {
						"0.0": [0, 0, 0],
						"0.125": {
							"pre": [0, 0, 4],
							"post": [0, 0, 4],
							"lerp_mode": "catmullrom"
						},
						"0.5": {
							"post": [0, 0, -2.75],
							"lerp_mode": "catmullrom"
						},
						"0.8333": {
							"post": [0, 0, 1],
							"lerp_mode": "catmullrom"
						},
						"1.3333": {
							"post": [0, 0, 0],
							"lerp_mode": "catmullrom"
						},
						"1.8333": {
							"post": [0, 0, -3.5],
							"lerp_mode": "catmullrom"
						},
						"2.1667": {
							"post": [0, 0, 0.75],
							"lerp_mode": "catmullrom"
						},
						"2.4167": {
							"post": [0, 0, 0],
							"lerp_mode": "catmullrom"
						},
						"2.6667": [0, 0, 0]
					}
				}
			},
			"sound_effects": {
				"0.0417": {
					"effect": "pokemon.torracat.cry"
				}
			}
		},
		"animation.torracat_ultravariant.blink": {
			"animation_length": 0.1667,
			"bones": {
				"eyelid_right": {
					"position": {
						"0.0": [0.1, 0, -0.1],
						"0.125": [0.1, 0, -0.1],
						"0.1667": [0, 0, 0]
					}
				},
				"eyelid_left": {
					"position": {
						"0.0": [-0.1, 0, -0.1],
						"0.125": [-0.1, 0, -0.1],
						"0.1667": [0, 0, 0]
					}
				}
			}
		},
		"animation.torracat_ultravariant.recoil": {
			"animation_length": 1.5,
			"bones": {
				"hips": {
					"rotation": {
						"0.0": [0, 0, 0],
						"0.0417": [-4.25, 0, 0],
						"0.5417": {
							"pre": [0.6, 0, 0],
							"post": [0.6, 0, 0],
							"lerp_mode": "catmullrom"
						},
						"1.0417": {
							"post": [0, 0, 0],
							"lerp_mode": "catmullrom"
						},
						"1.5": [0, 0, 0]
					},
					"position": {
						"0.0": [0, 0, 0],
						"0.0417": [0, 0, 0.725],
						"0.5": {
							"pre": [0, 0, 0],
							"post": [0, 0, 0],
							"lerp_mode": "catmullrom"
						},
						"1.0": {
							"post": [0, 0, 0],
							"lerp_mode": "catmullrom"
						},
						"1.5": [0, 0, 0]
					}
				},
				"torso": {
					"rotation": {
						"0.0": [0, 0, 0],
						"0.0417": [-3, 0, 0],
						"0.5833": {
							"pre": [0.6, 0, 0],
							"post": [0.6, 0, 0],
							"lerp_mode": "catmullrom"
						},
						"1.0833": {
							"post": [0, 0, 0],
							"lerp_mode": "catmullrom"
						},
						"1.5": [0, 0, 0]
					}
				},
				"chest": {
					"rotation": {
						"0.0": [0, 0, 0],
						"0.0417": [9.5, 0, 0],
						"0.625": {
							"pre": [-1.9, 0, 0],
							"post": [-1.9, 0, 0],
							"lerp_mode": "catmullrom"
						},
						"1.125": {
							"post": [0, 0, 0],
							"lerp_mode": "catmullrom"
						},
						"1.5": [0, 0, 0]
					}
				},
				"neck": {
					"rotation": {
						"0.0": [0, 0, 0],
						"0.0417": [-7.21191, 3.56205, 0.48828],
						"0.7083": {
							"pre": [2.25, 0, 0],
							"post": [2.25, 0, 0],
							"lerp_mode": "catmullrom"
						},
						"1.1667": {
							"post": [0, 0, 0],
							"lerp_mode": "catmullrom"
						},
						"1.5": [0, 0, 0]
					}
				},
				"head_angle": {
					"rotation": {
						"0.0": [0, 0, 0],
						"0.0417": [-11.95171, 3.33053, 0.68524],
						"0.75": {
							"pre": [4.5, 0, 0],
							"post": [4.5, 0, 0],
							"lerp_mode": "catmullrom"
						},
						"1.1667": {
							"post": [0.275, 0, 0],
							"lerp_mode": "catmullrom"
						},
						"1.5": [0, 0, 0]
					}
				},
				"eyelid_right": {
					"position": {
						"0.0": [0.1, 0, -0.1],
						"0.25": {
							"pre": [0.1, 0, -0.1],
							"post": [0, 0, 0]
						},
						"0.4583": {
							"pre": [0, 0, 0],
							"post": [0.1, 0, -0.1]
						},
						"0.5833": {
							"pre": [0.1, 0, -0.1],
							"post": [0, 0, 0]
						}
					}
				},
				"eyelid_left": {
					"position": {
						"0.0": [-0.1, 0, -0.1],
						"0.25": {
							"pre": [-0.1, 0, -0.1],
							"post": [0, 0, 0]
						},
						"0.4583": {
							"pre": [0, 0, 0],
							"post": [-0.1, 0, -0.1]
						},
						"0.5833": {
							"pre": [-0.1, 0, -0.1],
							"post": [0, 0, 0]
						}
					}
				},
				"whisker_top_right1": {
					"rotation": {
						"0.0": [0, 0, 0],
						"0.1667": {
							"pre": [0, 16.26947, 0],
							"post": [0, 16.26947, 0],
							"lerp_mode": "catmullrom"
						},
						"0.875": {
							"post": [0, -4.6, 0],
							"lerp_mode": "catmullrom"
						},
						"1.2917": {
							"post": [0.275, 0, 0],
							"lerp_mode": "catmullrom"
						},
						"1.5": [0, 0, 0]
					}
				},
				"whisker_top_right2": {
					"rotation": {
						"0.0": [0, 0, 0],
						"0.1667": {
							"pre": [0, 16.26947, 0],
							"post": [0, 16.26947, 0],
							"lerp_mode": "catmullrom"
						},
						"0.875": {
							"post": [0, -4.6, 0],
							"lerp_mode": "catmullrom"
						},
						"1.2917": {
							"post": [0.275, 0, 0],
							"lerp_mode": "catmullrom"
						},
						"1.5": [0, 0, 0]
					}
				},
				"whisker_bottom_right": {
					"rotation": {
						"0.0": [0, 0, 0],
						"0.1667": {
							"pre": [7, 0, 0],
							"post": [7, 0, 0],
							"lerp_mode": "catmullrom"
						},
						"0.875": {
							"post": [-3.4, 0, 0],
							"lerp_mode": "catmullrom"
						},
						"1.2917": {
							"post": [-0.025, 0, 0],
							"lerp_mode": "catmullrom"
						},
						"1.5": [0, 0, 0]
					}
				},
				"whisker_top_left1": {
					"rotation": {
						"0.0": [0, 0, 0],
						"0.1667": {
							"pre": [0, -16.26947, 0],
							"post": [0, -16.26947, 0],
							"lerp_mode": "catmullrom"
						},
						"0.875": {
							"post": [0, 4.6, 0],
							"lerp_mode": "catmullrom"
						},
						"1.2917": {
							"post": [0.275, 0, 0],
							"lerp_mode": "catmullrom"
						},
						"1.5": [0, 0, 0]
					}
				},
				"whisker_top_left2": {
					"rotation": {
						"0.0": [0, 0, 0],
						"0.1667": {
							"pre": [0, -16.26947, 0],
							"post": [0, -16.26947, 0],
							"lerp_mode": "catmullrom"
						},
						"0.875": {
							"post": [0, 4.6, 0],
							"lerp_mode": "catmullrom"
						},
						"1.2917": {
							"post": [0.275, 0, 0],
							"lerp_mode": "catmullrom"
						},
						"1.5": [0, 0, 0]
					}
				},
				"whisker_bottom_left": {
					"rotation": {
						"0.0": [0, 0, 0],
						"0.1667": {
							"pre": [7, 0, 0],
							"post": [7, 0, 0],
							"lerp_mode": "catmullrom"
						},
						"0.875": {
							"post": [-3.4, 0, 0],
							"lerp_mode": "catmullrom"
						},
						"1.2917": {
							"post": [-0.025, 0, 0],
							"lerp_mode": "catmullrom"
						},
						"1.5": [0, 0, 0]
					}
				},
				"head_spike1": {
					"rotation": {
						"0.0": [0, 0, 0],
						"0.1667": {
							"pre": [-11.20171, 3.33053, 0.68524],
							"post": [-11.20171, 3.33053, 0.68524],
							"lerp_mode": "catmullrom"
						},
						"0.875": {
							"post": [0.6, 0, 0],
							"lerp_mode": "catmullrom"
						},
						"1.2917": {
							"post": [0.275, 0, 0],
							"lerp_mode": "catmullrom"
						},
						"1.5": [0, 0, 0]
					}
				},
				"head_spike2": {
					"rotation": {
						"0.0": [0, 0, 0],
						"0.2083": {
							"pre": [-11.20171, 3.33053, 0.68524],
							"post": [-11.20171, 3.33053, 0.68524],
							"lerp_mode": "catmullrom"
						},
						"0.9167": {
							"post": [2.775, 0, 0],
							"lerp_mode": "catmullrom"
						},
						"1.3333": {
							"post": [0.275, 0, 0],
							"lerp_mode": "catmullrom"
						},
						"1.5": [0, 0, 0]
					}
				},
				"head_spike3": {
					"rotation": {
						"0.0": [0, 0, 0],
						"0.25": {
							"pre": [-11.20171, 3.33053, 0.68524],
							"post": [-11.20171, 3.33053, 0.68524],
							"lerp_mode": "catmullrom"
						},
						"0.9583": {
							"post": [2.05, 0, 0],
							"lerp_mode": "catmullrom"
						},
						"1.375": {
							"post": [0.275, 0, 0],
							"lerp_mode": "catmullrom"
						},
						"1.5": [0, 0, 0]
					}
				},
				"head_spike4": {
					"rotation": {
						"0.0": [0, 0, 0],
						"0.2917": {
							"pre": [-11.20171, 3.33053, 0.68524],
							"post": [-11.20171, 3.33053, 0.68524],
							"lerp_mode": "catmullrom"
						},
						"1.0": {
							"post": [3.525, 0, 0],
							"lerp_mode": "catmullrom"
						},
						"1.4167": {
							"post": [0.275, 0, 0],
							"lerp_mode": "catmullrom"
						},
						"1.5": [0, 0, 0]
					}
				},
				"ear_right1": {
					"rotation": {
						"0.0": [0, 0, 0],
						"0.0833": {
							"pre": [-10.95171, -3.33053, -0.68524],
							"post": [-10.95171, -3.33053, -0.68524],
							"lerp_mode": "catmullrom"
						},
						"0.7917": {
							"post": [4.5, 0, 0],
							"lerp_mode": "catmullrom"
						},
						"1.2083": {
							"post": [0.275, 0, 0],
							"lerp_mode": "catmullrom"
						},
						"1.5": [0, 0, 0]
					}
				},
				"ear_right2": {
					"rotation": {
						"0.0": [0, 0, 0],
						"0.125": {
							"pre": [-24.90171, -3.33053, -0.68524],
							"post": [-24.90171, -3.33053, -0.68524],
							"lerp_mode": "catmullrom"
						},
						"0.8333": {
							"post": [4.5, 0, 0],
							"lerp_mode": "catmullrom"
						},
						"1.25": {
							"post": [0.275, 0, 0],
							"lerp_mode": "catmullrom"
						},
						"1.5": [0, 0, 0]
					}
				},
				"ear_left1": {
					"rotation": {
						"0.0": [0, 0, 0],
						"0.0833": {
							"pre": [-10.95171, 3.33053, 0.68524],
							"post": [-10.95171, 3.33053, 0.68524],
							"lerp_mode": "catmullrom"
						},
						"0.7917": {
							"post": [4.5, 0, 0],
							"lerp_mode": "catmullrom"
						},
						"1.2083": {
							"post": [0.275, 0, 0],
							"lerp_mode": "catmullrom"
						},
						"1.5": [0, 0, 0]
					}
				},
				"ear_left2": {
					"rotation": {
						"0.0": [0, 0, 0],
						"0.125": {
							"pre": [-24.90171, 3.33053, 0.68524],
							"post": [-24.90171, 3.33053, 0.68524],
							"lerp_mode": "catmullrom"
						},
						"0.8333": {
							"post": [4.5, 0, 0],
							"lerp_mode": "catmullrom"
						},
						"1.25": {
							"post": [0.275, 0, 0],
							"lerp_mode": "catmullrom"
						},
						"1.5": [0, 0, 0]
					}
				},
				"tail1": {
					"rotation": {
						"0.0": [0, 0, 0],
						"0.125": {
							"pre": [-4.25, 0, 0],
							"post": [-4.25, 0, 0],
							"lerp_mode": "catmullrom"
						},
						"0.625": {
							"post": [0.6, 0, 0],
							"lerp_mode": "catmullrom"
						},
						"1.125": {
							"post": [0, 0, 0],
							"lerp_mode": "catmullrom"
						},
						"1.5": [0, 0, 0]
					}
				},
				"tail2": {
					"rotation": {
						"0.0": [0, 0, 0],
						"0.2083": {
							"pre": [-4.25, 0, 0],
							"post": [-4.25, 0, 0],
							"lerp_mode": "catmullrom"
						},
						"0.7083": {
							"post": [0.6, 0, 0],
							"lerp_mode": "catmullrom"
						},
						"1.2083": {
							"post": [0, 0, 0],
							"lerp_mode": "catmullrom"
						},
						"1.5": [0, 0, 0]
					}
				},
				"tail3": {
					"rotation": {
						"0.0": [0, 0, 0],
						"0.2917": {
							"pre": [-4.25, 0, 0],
							"post": [-4.25, 0, 0],
							"lerp_mode": "catmullrom"
						},
						"0.7917": {
							"post": [0.6, 0, 0],
							"lerp_mode": "catmullrom"
						},
						"1.2917": {
							"post": [0, 0, 0],
							"lerp_mode": "catmullrom"
						},
						"1.5": [0, 0, 0]
					}
				},
				"tail4": {
					"rotation": {
						"0.0": [0, 0, 0],
						"0.375": {
							"pre": [-4.25, 0, 0],
							"post": [-4.25, 0, 0],
							"lerp_mode": "catmullrom"
						},
						"0.875": {
							"post": [0.6, 0, 0],
							"lerp_mode": "catmullrom"
						},
						"1.375": {
							"post": [0, 0, 0],
							"lerp_mode": "catmullrom"
						},
						"1.5": [0, 0, 0]
					}
				}
			}
		},
		"animation.torracat_ultravariant.look_quirk": {
			"animation_length": 5,
			"bones": {
				"hips": {
					"rotation": {
						"0.0": [0, 0, 0],
						"0.2917": {
							"pre": [0.9, 0, 0],
							"post": [0.9, 0, 0],
							"lerp_mode": "catmullrom"
						},
						"0.7083": {
							"post": [-8.675, 0, 0],
							"lerp_mode": "catmullrom"
						},
						"1.3333": {
							"post": [-8.675, 0, 0],
							"lerp_mode": "catmullrom"
						},
						"2.7917": {
							"post": [-10.175, 0, 0],
							"lerp_mode": "catmullrom"
						},
						"3.75": {
							"post": [-0.95, 0, 0],
							"lerp_mode": "catmullrom"
						},
						"5.0": [0, 0, 0]
					}
				},
				"torso": {
					"rotation": {
						"0.0": [0, 0, 0],
						"0.375": {
							"pre": [0.9, 0, 0],
							"post": [0.9, 0, 0],
							"lerp_mode": "catmullrom"
						},
						"0.7917": {
							"post": [1.725, 0, 0],
							"lerp_mode": "catmullrom"
						},
						"1.5417": {
							"post": [1.875, 0, 0],
							"lerp_mode": "catmullrom"
						},
						"2.875": {
							"post": [1.875, 0, 0],
							"lerp_mode": "catmullrom"
						},
						"3.8333": {
							"post": [0.75, 0, 0],
							"lerp_mode": "catmullrom"
						},
						"4.4583": {
							"post": [0, 0, 0],
							"lerp_mode": "catmullrom"
						},
						"5.0": [0, 0, 0]
					}
				},
				"chest": {
					"rotation": {
						"0.0": [0, 0, 0],
						"0.3333": {
							"pre": [4.45, 0, 0],
							"post": [4.45, 0, 0],
							"lerp_mode": "catmullrom"
						},
						"0.9167": {
							"post": [8.725, 0, 0],
							"lerp_mode": "catmullrom"
						},
						"1.6667": {
							"post": [9.375, 0, 0],
							"lerp_mode": "catmullrom"
						},
						"3.0": {
							"post": [8.875, 0, 0],
							"lerp_mode": "catmullrom"
						},
						"3.9583": {
							"post": [0.75, 0, 0],
							"lerp_mode": "catmullrom"
						},
						"4.5833": {
							"post": [0, 0, 0],
							"lerp_mode": "catmullrom"
						},
						"5.0": [0, 0, 0]
					}
				},
				"neck": {
					"rotation": {
						"0.0": [0, 0, 0],
						"0.4167": {
							"pre": [5.75, 0, 0],
							"post": [5.75, 0, 0],
							"lerp_mode": "catmullrom"
						},
						"0.9583": {
							"post": [-0.77127, 2.58323, -0.94342],
							"lerp_mode": "catmullrom"
						},
						"1.6667": {
							"post": [-0.78438, 3.28832, -1.19938],
							"lerp_mode": "catmullrom"
						},
						"2.25": {
							"post": [-0.80083, -4.0072, 1.41737],
							"lerp_mode": "catmullrom"
						},
						"3.0417": {
							"post": [-4.1135, -6.31713, 2.37718],
							"lerp_mode": "catmullrom"
						},
						"3.7083": {
							"post": [0, 0, 0],
							"lerp_mode": "catmullrom"
						},
						"5.0": [0, 0, 0]
					}
				},
				"head_angle": {
					"rotation": {
						"0.0": [0, 0, 0],
						"0.5417": {
							"pre": [5.75, 0, 0],
							"post": [5.75, 0, 0],
							"lerp_mode": "catmullrom"
						},
						"1.0833": {
							"post": [-0.77127, 2.58323, -0.94342],
							"lerp_mode": "catmullrom"
						},
						"1.7917": {
							"post": [-0.78438, 3.28832, -1.19938],
							"lerp_mode": "catmullrom"
						},
						"2.375": {
							"post": [-0.80083, -4.0072, 1.41737],
							"lerp_mode": "catmullrom"
						},
						"3.1667": {
							"post": [-4.1135, -6.31713, 2.37718],
							"lerp_mode": "catmullrom"
						},
						"3.8333": {
							"post": [0, 0, 0],
							"lerp_mode": "catmullrom"
						},
						"5.0": [0, 0, 0]
					}
				},
				"pupil_right_normal": {
					"position": {
						"0.0": [0, 0, 0],
						"0.75": {
							"pre": [0, 0, 0],
							"post": [-1, 0, 0]
						},
						"2.0": {
							"pre": [-1, 0, 0],
							"post": [0.5, 0, 0]
						},
						"3.875": {
							"pre": [0.5, 0, 0],
							"post": [0, 0, 0]
						}
					}
				},
				"pupil_left_normal": {
					"position": {
						"0.0": [0, 0, 0],
						"0.75": {
							"pre": [0, 0, 0],
							"post": [-0.5, 0, 0]
						},
						"2.0": {
							"pre": [-0.5, 0, 0],
							"post": [1, 0, 0]
						},
						"3.875": {
							"pre": [1, 0, 0],
							"post": [0, 0, 0]
						}
					}
				},
				"eyelid_right": {
					"position": {
						"0.0": [0, 0, 0],
						"0.1667": {
							"pre": [0, 0, 0],
							"post": [0.1, 0, -0.1]
						},
						"0.75": {
							"pre": [0.1, 0, -0.1],
							"post": [0, 0, 0]
						},
						"1.875": {
							"pre": [0, 0, 0],
							"post": [0.1, 0, -0.1]
						},
						"2.0": {
							"pre": [0.1, 0, -0.1],
							"post": [0, 0, 0]
						},
						"3.7083": {
							"pre": [0, 0, 0],
							"post": [0.1, 0, -0.1]
						},
						"3.875": {
							"pre": [0.1, 0, -0.1],
							"post": [0, 0, 0]
						}
					}
				},
				"eyelid_left": {
					"position": {
						"0.0": [0, 0, 0],
						"0.1667": {
							"pre": [0, 0, 0],
							"post": [-0.1, 0, -0.1]
						},
						"0.75": {
							"pre": [-0.1, 0, -0.1],
							"post": [0, 0, 0]
						},
						"1.875": {
							"pre": [0, 0, 0],
							"post": [-0.1, 0, -0.1]
						},
						"2.0": {
							"pre": [-0.1, 0, -0.1],
							"post": [0, 0, 0]
						},
						"3.7083": {
							"pre": [0, 0, 0],
							"post": [-0.1, 0, -0.1]
						},
						"3.875": {
							"pre": [-0.1, 0, -0.1],
							"post": [0, 0, 0]
						}
					}
				},
				"whisker_top_right1": {
					"rotation": {
						"0.0": [0, 0, 0],
						"0.625": {
							"pre": [0, 0, -6],
							"post": [0, 0, -6],
							"lerp_mode": "catmullrom"
						},
						"1.1667": {
							"post": [0, 3.75, 2.5],
							"lerp_mode": "catmullrom"
						},
						"1.7917": {
							"post": [0, 11, -2.75],
							"lerp_mode": "catmullrom"
						},
						"2.625": {
							"post": [0, 2.23824, -2.75],
							"lerp_mode": "catmullrom"
						},
						"3.4583": {
							"post": [-0.71926, 4.53163, 6.2785],
							"lerp_mode": "catmullrom"
						},
						"4.0417": {
							"post": [0, 6.35464, -2.75],
							"lerp_mode": "catmullrom"
						},
						"4.5833": {
							"post": [0, 0, 0],
							"lerp_mode": "catmullrom"
						},
						"5.0": [0, 0, 0]
					}
				},
				"whisker_top_right2": {
					"rotation": {
						"0.0": [0, 0, 0],
						"0.625": {
							"pre": [0, 0, -6],
							"post": [0, 0, -6],
							"lerp_mode": "catmullrom"
						},
						"1.1667": {
							"post": [0, 3.75, 2.5],
							"lerp_mode": "catmullrom"
						},
						"1.7917": {
							"post": [0, 11, -2.75],
							"lerp_mode": "catmullrom"
						},
						"2.625": {
							"post": [0, 2.23824, -2.75],
							"lerp_mode": "catmullrom"
						},
						"3.4583": {
							"post": [-0.71926, 4.53163, 6.2785],
							"lerp_mode": "catmullrom"
						},
						"4.0417": {
							"post": [0, 6.35464, -2.75],
							"lerp_mode": "catmullrom"
						},
						"4.5833": {
							"post": [0, 0, 0],
							"lerp_mode": "catmullrom"
						},
						"5.0": [0, 0, 0]
					}
				},
				"whisker_top_left1": {
					"rotation": {
						"0.0": [0, 0, 0],
						"0.625": {
							"pre": [0, 0, 6],
							"post": [0, 0, 6],
							"lerp_mode": "catmullrom"
						},
						"1.1667": {
							"post": [0, 3.75, -2.5],
							"lerp_mode": "catmullrom"
						},
						"1.7917": {
							"post": [0, 11, 2.75],
							"lerp_mode": "catmullrom"
						},
						"2.625": {
							"post": [0, 2.23824, 2.75],
							"lerp_mode": "catmullrom"
						},
						"3.4583": {
							"post": [-0.71926, 4.53163, -6.27846],
							"lerp_mode": "catmullrom"
						},
						"4.0417": {
							"post": [0, 6.35464, 2.75],
							"lerp_mode": "catmullrom"
						},
						"4.5833": {
							"post": [0, 0, 0],
							"lerp_mode": "catmullrom"
						},
						"5.0": [0, 0, 0]
					}
				},
				"whisker_top_left2": {
					"rotation": {
						"0.0": [0, 0, 0],
						"0.625": {
							"pre": [0, 0, 6],
							"post": [0, 0, 6],
							"lerp_mode": "catmullrom"
						},
						"1.1667": {
							"post": [0, 3.75, -2.5],
							"lerp_mode": "catmullrom"
						},
						"1.7917": {
							"post": [0, 11, 2.75],
							"lerp_mode": "catmullrom"
						},
						"2.625": {
							"post": [0, 2.23824, 2.75],
							"lerp_mode": "catmullrom"
						},
						"3.4583": {
							"post": [-0.71926, 4.53163, -6.27846],
							"lerp_mode": "catmullrom"
						},
						"4.0417": {
							"post": [0, 6.35464, 2.75],
							"lerp_mode": "catmullrom"
						},
						"4.5833": {
							"post": [0, 0, 0],
							"lerp_mode": "catmullrom"
						},
						"5.0": [0, 0, 0]
					}
				},
				"head_spike1": {
					"rotation": {
						"0.0": [0, 0, 0],
						"0.625": {
							"pre": [7.15, 0, 0],
							"post": [7.15, 0, 0],
							"lerp_mode": "catmullrom"
						},
						"1.1667": {
							"post": [-6.47127, 0, 0],
							"lerp_mode": "catmullrom"
						},
						"1.875": {
							"post": [-0.78438, 0, 0],
							"lerp_mode": "catmullrom"
						},
						"2.4583": {
							"post": [-0.80083, 0, 0],
							"lerp_mode": "catmullrom"
						},
						"3.25": {
							"post": [-4.1135, 0, 0],
							"lerp_mode": "catmullrom"
						},
						"3.9167": {
							"post": [0, 0, 0],
							"lerp_mode": "catmullrom"
						},
						"5.0": [0, 0, 0]
					}
				},
				"head_spike2": {
					"rotation": {
						"0.0": [0, 0, 0],
						"0.7083": {
							"pre": [11.35, 0, 0],
							"post": [11.35, 0, 0],
							"lerp_mode": "catmullrom"
						},
						"1.25": {
							"post": [-6.47127, 0, 0],
							"lerp_mode": "catmullrom"
						},
						"1.9583": {
							"post": [-0.78438, 0, 0],
							"lerp_mode": "catmullrom"
						},
						"2.5417": {
							"post": [-0.80083, 0, 0],
							"lerp_mode": "catmullrom"
						},
						"3.3333": {
							"post": [-4.1135, 0, 0],
							"lerp_mode": "catmullrom"
						},
						"4.0": {
							"post": [0, 0, 0],
							"lerp_mode": "catmullrom"
						},
						"5.0": [0, 0, 0]
					}
				},
				"head_spike3": {
					"rotation": {
						"0.0": [0, 0, 0],
						"0.7917": {
							"pre": [11.75, 0, 0],
							"post": [11.75, 0, 0],
							"lerp_mode": "catmullrom"
						},
						"1.3333": {
							"post": [-6.47127, 0, 0],
							"lerp_mode": "catmullrom"
						},
						"2.0417": {
							"post": [-0.78438, 0, 0],
							"lerp_mode": "catmullrom"
						},
						"2.625": {
							"post": [-0.80083, 0, 0],
							"lerp_mode": "catmullrom"
						},
						"3.4167": {
							"post": [-4.1135, 0, 0],
							"lerp_mode": "catmullrom"
						},
						"4.0833": {
							"post": [0, 0, 0],
							"lerp_mode": "catmullrom"
						},
						"5.0": [0, 0, 0]
					}
				},
				"head_spike4": {
					"rotation": {
						"0.0": [0, 0, 0],
						"0.875": {
							"pre": [17.25, 0, 0],
							"post": [17.25, 0, 0],
							"lerp_mode": "catmullrom"
						},
						"1.4167": {
							"post": [-6.47127, 0, 0],
							"lerp_mode": "catmullrom"
						},
						"2.125": {
							"post": [-0.78438, 0, 0],
							"lerp_mode": "catmullrom"
						},
						"2.7083": {
							"post": [-0.80083, 0, 0],
							"lerp_mode": "catmullrom"
						},
						"3.5": {
							"post": [-4.1135, 0, 0],
							"lerp_mode": "catmullrom"
						},
						"4.1667": {
							"post": [0, 0, 0],
							"lerp_mode": "catmullrom"
						},
						"5.0": [0, 0, 0]
					}
				},
				"ear_right1": {
					"rotation": {
						"0.0": [0, 0, 0],
						"0.625": {
							"pre": [16.25, 0, 0],
							"post": [16.25, 0, 0],
							"lerp_mode": "catmullrom"
						},
						"1.1667": {
							"post": [-6.97127, 0, 0],
							"lerp_mode": "catmullrom"
						},
						"1.875": {
							"post": [1.69062, 0, 0],
							"lerp_mode": "catmullrom"
						},
						"2.4583": {
							"post": [1.67417, 0, 0],
							"lerp_mode": "catmullrom"
						},
						"3.25": {
							"post": [-4.1135, 0, 0],
							"lerp_mode": "catmullrom"
						},
						"3.9167": {
							"post": [0, 0, 0],
							"lerp_mode": "catmullrom"
						},
						"5.0": [0, 0, 0]
					}
				},
				"ear_right2": {
					"rotation": {
						"0.0": [0, 0, 0],
						"0.75": {
							"pre": [16.25, 0, 0],
							"post": [16.25, 0, 0],
							"lerp_mode": "catmullrom"
						},
						"1.2917": {
							"post": [-6.97127, 0, 0],
							"lerp_mode": "catmullrom"
						},
						"2.0": {
							"post": [1.69062, 0, 0],
							"lerp_mode": "catmullrom"
						},
						"2.5833": {
							"post": [1.67417, 0, 0],
							"lerp_mode": "catmullrom"
						},
						"3.375": {
							"post": [-4.1135, 0, 0],
							"lerp_mode": "catmullrom"
						},
						"4.0417": {
							"post": [0, 0, 0],
							"lerp_mode": "catmullrom"
						},
						"5.0": [0, 0, 0]
					}
				},
				"ear_left1": {
					"rotation": {
						"0.0": [0, 0, 0],
						"0.625": {
							"pre": [16.25, 0, 0],
							"post": [16.25, 0, 0],
							"lerp_mode": "catmullrom"
						},
						"1.1667": {
							"post": [-6.97127, 0, 0],
							"lerp_mode": "catmullrom"
						},
						"1.875": {
							"post": [1.69062, 0, 0],
							"lerp_mode": "catmullrom"
						},
						"2.4583": {
							"post": [1.67417, 0, 0],
							"lerp_mode": "catmullrom"
						},
						"3.25": {
							"post": [-4.1135, 0, 0],
							"lerp_mode": "catmullrom"
						},
						"3.9167": {
							"post": [0, 0, 0],
							"lerp_mode": "catmullrom"
						},
						"5.0": [0, 0, 0]
					}
				},
				"ear_left2": {
					"rotation": {
						"0.0": [0, 0, 0],
						"0.75": {
							"pre": [16.25, 0, 0],
							"post": [16.25, 0, 0],
							"lerp_mode": "catmullrom"
						},
						"1.2917": {
							"post": [-6.97127, 0, 0],
							"lerp_mode": "catmullrom"
						},
						"2.0": {
							"post": [1.69062, 0, 0],
							"lerp_mode": "catmullrom"
						},
						"2.5833": {
							"post": [1.67417, 0, 0],
							"lerp_mode": "catmullrom"
						},
						"3.375": {
							"post": [-4.1135, 0, 0],
							"lerp_mode": "catmullrom"
						},
						"4.0417": {
							"post": [0, 0, 0],
							"lerp_mode": "catmullrom"
						},
						"5.0": [0, 0, 0]
					}
				}
			}
		},
		"animation.torracat_ultravariant.yawn_quirk": {
			"animation_length": 5,
			"bones": {
				"chest": {
					"rotation": {
						"0.0": [0, 0, 0],
						"0.2917": {
							"pre": [1.25, 0, 0],
							"post": [1.25, 0, 0],
							"lerp_mode": "catmullrom"
						},
						"0.875": {
							"post": [2.75, 0, 0],
							"lerp_mode": "catmullrom"
						},
						"1.4583": {
							"post": [2.15, 0, 0],
							"lerp_mode": "catmullrom"
						},
						"2.5833": {
							"post": [-2, 0, 0],
							"lerp_mode": "catmullrom"
						},
						"3.9167": {
							"post": [0, 0, 0],
							"lerp_mode": "catmullrom"
						},
						"5.0": [0, 0, 0]
					}
				},
				"neck": {
					"rotation": {
						"0.0": [0, 0, 0],
						"0.4167": {
							"pre": [-1.15, 0, 0],
							"post": [-1.15, 0, 0],
							"lerp_mode": "catmullrom"
						},
						"1.0": {
							"post": [-0.25, 0, 0],
							"lerp_mode": "catmullrom"
						},
						"1.375": {
							"post": [-0.45, 0, 0],
							"lerp_mode": "catmullrom"
						},
						"2.2083": {
							"post": [-2, 0, 0],
							"lerp_mode": "catmullrom"
						},
						"3.0833": {
							"post": [-2.8, 0, 0],
							"lerp_mode": "catmullrom"
						},
						"3.6667": {
							"post": [0, 0, 0],
							"lerp_mode": "catmullrom"
						},
						"5.0": [0, 0, 0]
					}
				},
				"head_angle": {
					"rotation": {
						"0.0": [0, 0, 0],
						"0.5": {
							"pre": [-0.75, 0, 0],
							"post": [-0.75, 0, 0],
							"lerp_mode": "catmullrom"
						},
						"1.0833": {
							"post": [-0.05, 0, 0],
							"lerp_mode": "catmullrom"
						},
						"1.4583": {
							"post": [-0.45, 0, 0],
							"lerp_mode": "catmullrom"
						},
						"1.9583": {
							"post": [-1.4, 0, 0],
							"lerp_mode": "catmullrom"
						},
						"3.1667": {
							"post": [-4.75, 0, 0],
							"lerp_mode": "catmullrom"
						},
						"4.2083": {
							"post": [0, 0, 0],
							"lerp_mode": "catmullrom"
						},
						"5.0": [0, 0, 0]
					}
				},
				"mouth_closed": {
					"position": {
						"0.0": [0, 0, 0],
						"1.0": {
							"pre": [0, 0, 0],
							"post": [0, 0, 1]
						},
						"3.2083": {
							"pre": [0, 0, 1],
							"post": [0, 0, 0]
						},
						"3.5833": {
							"pre": [0, 0, 0],
							"post": [0, 0, 1]
						},
						"3.8333": {
							"pre": [0, 0, 1],
							"post": [0, 0, 0]
						}
					}
				},
				"mouth_open": {
					"position": {
						"0.0": [0, 0, 0],
						"1.0": {
							"pre": [0, 0, 0],
							"post": [0, 0, -1]
						},
						"3.2083": {
							"pre": [0, 0, -1],
							"post": [0, 0, 0]
						},
						"3.5833": {
							"pre": [0, 0, 0],
							"post": [0, 0, -1]
						},
						"3.8333": {
							"pre": [0, 0, -1],
							"post": [0, 0, 0]
						}
					}
				}
			}
		},
		"animation.torracat_ultravariant.lefteartwitch_quirk": {
			"animation_length": 0.1667,
			"bones": {
				"ear_left1": {
					"rotation": {
						"0.0": [0, 0, 0],
						"0.0833": {
							"pre": [0, "-5*math.cos(q.anim_time*90*40-90)", "7-7*math.cos(q.anim_time*90*40)"],
							"post": [0, "-5*math.cos(q.anim_time*90*40-90)", "7-7*math.cos(q.anim_time*90*40)"],
							"lerp_mode": "catmullrom"
						},
						"0.1667": {
							"post": [0, 0, 0],
							"lerp_mode": "catmullrom"
						}
					}
				}
			}
		},
		"animation.torracat_ultravariant.righteartwitch_quirk": {
			"animation_length": 0.1667,
			"bones": {
				"ear_right1": {
					"rotation": {
						"0.0": [0, 0, 0],
						"0.0833": {
							"pre": [0, "5*math.cos(q.anim_time*90*40-90)", "-7+7*math.cos(q.anim_time*90*40)"],
							"post": [0, "5*math.cos(q.anim_time*90*40-90)", "-7+7*math.cos(q.anim_time*90*40)"],
							"lerp_mode": "catmullrom"
						},
						"0.1667": {
							"post": [0, 0, 0],
							"lerp_mode": "catmullrom"
						}
					}
				}
			}
		},
		"animation.torracat_ultravariant.tailtwitch_quirk": {
			"animation_length": 0.2917,
			"bones": {
				"tail3": {
					"rotation": {
						"0.0": [0, 0, 0],
						"0.0833": {
							"pre": ["-2+2*math.cos(q.anim_time*90*40)", "1*math.cos(q.anim_time*90*40-90)", 0],
							"post": ["-2+2*math.cos(q.anim_time*90*40)", "1*math.cos(q.anim_time*90*40-90)", 0],
							"lerp_mode": "catmullrom"
						},
						"0.1667": {
							"post": [0, 0, 0],
							"lerp_mode": "catmullrom"
						}
					}
				},
				"tail4": {
					"rotation": {
						"0.0417": [0, 0, 0],
						"0.125": {
							"pre": ["-3+3*math.cos(q.anim_time*90*40-30)", "1*math.cos(q.anim_time*90*40-120)", 0],
							"post": ["-3+3*math.cos(q.anim_time*90*40-30)", "1*math.cos(q.anim_time*90*40-120)", 0],
							"lerp_mode": "catmullrom"
						},
						"0.2083": {
							"post": [0, 0, 0],
							"lerp_mode": "catmullrom"
						}
					}
				}
			}
		},
		"animation.torracat_ultravariant.angry": {
			"loop": true,
			"bones": {
				"eye_right_normal": {
					"rotation": [0, 0, 0]
				},
				"eye_left_normal": {
					"rotation": [0, 0, 0]
				},
				"eyebrow_left": {
					"rotation": [0, 0, -5],
					"position": [0, -0.7, 0]
				},
				"eyebrow_right": {
					"rotation": [0, 0, 5],
					"position": [0, -0.7, 0]
				}
			}
		},
		"animation.torracat_ultravariant.antena": {
			"loop": true,
			"bones": {
				"bone2": {
					"rotation": ["math.sin(query.anim_time * 180) * 6", 0, 0]
				},
				"bone3": {
					"rotation": ["math.sin(query.anim_time * 180) * 6", 0, 0]
				},
				"bone10": {
					"rotation": [25, 0, 0]
				},
				"bone9": {
					"rotation": [15, 0, 0]
				},
				"bone5": {
					"rotation": [25, 0, 0]
				},
				"bone6": {
					"rotation": [15, 0, 0]
				}
			}
		}
	}
}