{
	"format_version": "1.12.0",
	"minecraft:geometry": [
		{
			"description": {
				"identifier": "geometry.turtwig",
				"texture_width": 128,
				"texture_height": 128,
				"visible_bounds_width": 3,
				"visible_bounds_height": 2.5,
				"visible_bounds_offset": [0, 0.75, 0]
			},
			"bones": [
				{
					"name": "turtwig",
					"pivot": [0, 0, 0]
				},
				{
					"name": "body",
					"parent": "turtwig",
					"pivot": [0, 7, 2]
				},
				{
					"name": "bush_left",
					"parent": "body",
					"pivot": [5, 1.75, 2.5],
					"rotation": [0, 0, -90],
					"cubes": [
						{"origin": [2.5, 2.25, -3], "size": [6, 0, 11], "uv": [83, 73]},
						{"origin": [2.5, 2.25, 8], "size": [6, 9, 0], "uv": [116, 119]},
						{"origin": [2.5, 11.25, -3], "size": [6, 0, 11], "uv": [87, 45]},
						{"origin": [2.5, 2.25, -3], "size": [6, 9, 0], "uv": [104, 119]},
						{"origin": [2.5, 2.25, -3], "size": [0, 9, 11], "uv": [28, 103]},
						{"origin": [8.5, 2.25, -3], "size": [0, 9, 11], "uv": [58, 102]},
						{"origin": [3, 2.75, -2.5], "size": [5, 8, 10], "uv": [58, 86]}
					]
				},
				{
					"name": "torso",
					"parent": "body",
					"pivot": [0, 8.33833, 2.82407],
					"cubes": [
						{"origin": [-4, 4.9981, -1.95642], "size": [8, 4, 9], "uv": [0, 14]},
						{"origin": [-4.5, 7.2481, -1.45642], "size": [9, 5, 9], "inflate": -0.01, "pivot": [0, 9.2481, 2.54358], "rotation": [-7.5, 0, 0], "uv": [0, 0]},
						{"origin": [0, 10.9981, 1.79358], "size": [0, 5, 7], "pivot": [0, 12.9981, 4.79358], "rotation": [-7.5, 0, 0], "uv": [0, 46]},
						{"origin": [4, 11.2481, 0.79358], "size": [0, 5, 7], "pivot": [4, 13.2481, 3.79358], "rotation": [-6.80423, 3.1622, 24.81197], "uv": [0, 52]},
						{"origin": [-4, 11.2481, 0.79358], "size": [0, 5, 7], "pivot": [-4, 13.2481, 3.79358], "rotation": [-6.80423, -3.1622, -24.81197], "uv": [15, 52]}
					]
				},
				{
					"name": "tail",
					"parent": "torso",
					"pivot": [-0.5, 5.7481, 5.79358],
					"rotation": [-20, 0, 0]
				},
				{
					"name": "bone",
					"parent": "tail",
					"pivot": [-0.5, 6.9981, 1.04358],
					"cubes": [
						{"origin": [-1.5, 5.9981, 5.54358], "size": [3, 2, 4], "uv": [50, 0]}
					]
				},
				{
					"name": "bone2",
					"parent": "bone",
					"pivot": [-1, 4.9981, 5.04358],
					"rotation": [25, 0, 0],
					"cubes": [
						{"origin": [-1, 3.9981, 9.54358], "size": [2, 2, 3], "uv": [54, 8]}
					]
				},
				{
					"name": "bone3",
					"parent": "bone2",
					"pivot": [-1, 4.9981, 8.04358],
					"cubes": [
						{"origin": [0, 3.9981, 12.54358], "size": [0, 2, 3], "uv": [18, 25]}
					]
				},
				{
					"name": "head",
					"parent": "torso",
					"pivot": [0, 10.25, -1.75],
					"cubes": [
						{"origin": [-3.5, 9.75, -9], "size": [7, 7, 8], "inflate": 0.01, "uv": [26, 19]},
						{"origin": [3.5, 8.75, -5], "size": [1, 4, 4], "inflate": 0.01, "uv": [36, 34]},
						{"origin": [-4.5, 8.75, -5], "size": [1, 4, 4], "inflate": 0.01, "uv": [36, 3]},
						{"origin": [-2, 7.75, -9], "size": [4, 2, 0], "inflate": 0.01, "uv": [0, 7]},
						{"origin": [-3.5, 7.75, -5.5], "size": [7, 2, 4], "inflate": 0.01, "uv": [0, 27]}
					]
				},
				{
					"name": "visor",
					"parent": "head",
					"pivot": [0, 16.5, -7.5],
					"cubes": [
						{"origin": [-3, 15, -8.25], "size": [6, 2, 2], "inflate": 0.01, "pivot": [0, 17, -6.5], "rotation": [-45, 0, 0], "uv": [32, 60]},
						{"origin": [-3, 16, -7.25], "size": [6, 3, 1], "inflate": 0.01, "pivot": [0, 18, -5.5], "rotation": [-45, 0, 0], "uv": [50, 60]}
					]
				},
				{
					"name": "twig",
					"parent": "head",
					"pivot": [0, 15.25, -4],
					"rotation": [-65, 0, 0],
					"cubes": [
						{"origin": [-0.5, 18.5, -5], "size": [1, 5, 1], "uv": [22, 30]},
						{"origin": [-1, 16.5, -5], "size": [2, 3, 2], "uv": [42, 0]}
					]
				},
				{
					"name": "leaf_left",
					"parent": "head",
					"pivot": [0.5, 16.25, -7],
					"rotation": [-15, 0, -27.5],
					"cubes": [
						{"origin": [0.5, 27.25, -10], "size": [6, 4, 0], "pivot": [0, 17.75, -15.25], "rotation": [-65, 0, 0], "uv": [40, 11]}
					]
				},
				{
					"name": "leaf_right",
					"parent": "head",
					"pivot": [-0.5, 16.25, -7],
					"rotation": [-15, 0, 27.5],
					"cubes": [
						{"origin": [-6.5, 27.25, -10], "size": [6, 4, 0], "pivot": [0, 17.75, -15.25], "rotation": [-65, 0, 0], "uv": [0, 40]}
					]
				},
				{
					"name": "jaw",
					"parent": "head",
					"pivot": [0, 9.5, -5],
					"cubes": [
						{"origin": [-3, 7.75, -8.5], "size": [6, 2, 3], "inflate": 0.01, "uv": [25, 14]}
					]
				},
				{
					"name": "eyes",
					"parent": "head",
					"pivot": [0, 11.75, -6.2]
				},
				{
					"name": "eye_left",
					"parent": "eyes",
					"pivot": [3.01, 12.75, -7],
					"cubes": [
						{"origin": [2.51, 10.75, -8.5], "size": [1, 4, 3], "inflate": 0.01, "uv": [20, 41]}
					]
				},
				{
					"name": "eyelid_left",
					"parent": "eye_left",
					"pivot": [2.91, 12.75, -7],
					"cubes": [
						{"origin": [2.41, 10.75, -8.5], "size": [1, 4, 3], "inflate": 0.02, "uv": [0, 14]}
					]
				},
				{
					"name": "eye_right",
					"parent": "eyes",
					"pivot": [-3.01, 12.75, -7],
					"cubes": [
						{"origin": [-3.51, 10.75, -8.5], "size": [1, 4, 3], "inflate": 0.01, "uv": [12, 40]}
					]
				},
				{
					"name": "eyelid_right",
					"parent": "eye_right",
					"pivot": [-2.91, 12.75, -7],
					"cubes": [
						{"origin": [-3.41, 10.75, -8.5], "size": [1, 4, 3], "inflate": 0.02, "uv": [0, 0]}
					]
				},
				{
					"name": "leg_front_right",
					"parent": "body",
					"pivot": [-3.25, 6, -1.75],
					"rotation": [-45, 0, 0],
					"cubes": [
						{"origin": [-4.75, 3, -3.25], "size": [3, 4, 3], "uv": [24, 34]}
					]
				},
				{
					"name": "leg_front_left",
					"parent": "body",
					"pivot": [3.25, 6, -1.75],
					"rotation": [-45, 0, 0],
					"cubes": [
						{"origin": [1.75, 3, -3.25], "size": [3, 4, 3], "uv": [12, 33]}
					]
				},
				{
					"name": "leg_back_right",
					"parent": "body",
					"pivot": [-3.25, 5.5, 5],
					"rotation": [0, 0, 15],
					"cubes": [
						{"origin": [-4.75, 2.5, 3.5], "size": [3, 4, 3], "uv": [0, 33]}
					]
				},
				{
					"name": "leg_back_left",
					"parent": "body",
					"pivot": [3.25, 5.5, 5],
					"rotation": [0, 0, -15],
					"cubes": [
						{"origin": [1.75, 2.5, 3.5], "size": [3, 4, 3], "uv": [27, 0]}
					]
				}
			]
		}
	]
}