{
	"format_version": "1.8.0",
	"animations": {
		"animation.mareep_vanguard.ground_walk": {
			"loop": true,
			"animation_length": 1.5,
			"bones": {
				"torso": {
					"rotation": [
						"(math.sin((q.anim_time - 1.45) * 360 / (3/4)) * 2.2)",
						"(math.sin((q.anim_time - 0.05) * 360 / (3/2)) * 3.35) - 0.25",
						"(math.sin((q.anim_time - 0.05) * 360 / (3/2)) * 2.2)"
					],
					"position": ["(math.sin((q.anim_time - 0.15) * 360 / (3/2)) * 0.295) - 0.015", "-(math.sin((q.anim_time - 0) * 360 / (3/4)) * 0.22)", 0]
				},
				"leg_front_left": {
					"rotation": {
						"0.0": [-18.21875, 0, 0],
						"0.1667": [-9.7946, 0, 0.98156],
						"0.4167": [4.6875, 0, 0.5],
						"0.625": [15.565, 0, 0.25],
						"0.75": [18.75, 0, 0],
						"0.9167": [13.4375, 0, -1.125],
						"1.1667": [-13.84375, 0, -0.96875],
						"1.375": [-22, 0, -0.375],
						"1.5": [-18.21875, 0, 0]
					},
					"position": {
						"0.0": [0, -0.33375, 0.6325],
						"0.1667": [0, -0.17375, 0.91125],
						"0.4167": [0, -0.1125, 1.1925],
						"0.625": [0, -0.20625, 1.6025],
						"0.75": [0, -0.36575, 1.6875],
						"0.9167": [0, -0.1425, 0.72],
						"1.1667": [0, -0.08, 0.7225],
						"1.375": [0, -0.0525, 0.6],
						"1.5": [0, -0.33375, 0.6325]
					}
				},
				"leg_front_left2": {
					"rotation": {
						"0.0": [2.6821, 0, 0],
						"0.1667": [5.02875, 0, 0],
						"0.4167": [4.375, 0, 0],
						"0.625": [2.5625, 0, 0],
						"0.75": [7.4375, 0, 0],
						"0.9167": [13.96875, 0, 0],
						"1.1667": [24.9375, 0, 0],
						"1.375": [20.0571, 0, 0],
						"1.5": [2.6821, 0, 0]
					}
				},
				"leg_front_left3": {
					"rotation": {
						"0.0": [14.40625, 0, 0],
						"0.1667": [3.80875, 0, 0],
						"0.4167": [-1.6875, 0, 0],
						"0.625": [0.25, 0, 0],
						"0.75": [6.03125, 0, 0],
						"0.9167": [14.4375, 0, 0],
						"1.1667": [19.38, 0, 0],
						"1.375": [18.90625, 0, 0],
						"1.5": [14.40625, 0, 0]
					}
				},
				"leg_back_left": {
					"rotation": {
						"0.0": [3.34, 0, 0.42],
						"0.1667": [9.6875, 0, 0.34375],
						"0.4167": [5.87625, 0, -0.125],
						"0.5833": [15.76625, 0, -0.62],
						"0.75": {
							"pre": [18.1875, 0, -1.125],
							"post": [18.1875, 0, -1.125],
							"lerp_mode": "catmullrom"
						},
						"0.9167": {
							"post": [-3.09375, 0, -0.875],
							"lerp_mode": "catmullrom"
						},
						"1.1667": {
							"post": [-18.8125, 0, 0.3125],
							"lerp_mode": "catmullrom"
						},
						"1.4583": [1.7525, 0, 0.4375],
						"1.5": [3.34, 0, 0.42]
					},
					"position": {
						"0.0": [0, -0.27875, 0],
						"0.1667": [0, -0.33, 0],
						"0.4167": [0, -0.2075, 0.6875],
						"0.5833": [0, -0.07125, 0.15625],
						"0.75": [0, 0.125, 0],
						"0.9167": [0, 0.21875, 0],
						"1.1667": [0, -0.5075, 0],
						"1.4583": [0, -0.30375, 0],
						"1.5": [0, -0.27875, 0]
					}
				},
				"leg_back_left2": {
					"rotation": {
						"0.0": [-16.7125, 0, 0],
						"0.1667": [-8.77375, 0, 0],
						"0.4167": {
							"pre": [8.035, 0, 0],
							"post": [8.035, 0, 0],
							"lerp_mode": "catmullrom"
						},
						"0.5833": {
							"post": [-8.98625, 0, 0],
							"lerp_mode": "catmullrom"
						},
						"0.75": {
							"post": [-27, 0, 0],
							"lerp_mode": "catmullrom"
						},
						"0.9167": [-17.5, 0, 0],
						"1.1667": {
							"pre": [-13.46875, 0, 0],
							"post": [-13.46875, 0, 0],
							"lerp_mode": "catmullrom"
						},
						"1.4167": {
							"post": [-18.4325, 0, 0],
							"lerp_mode": "catmullrom"
						},
						"1.5": {
							"post": [-16.7125, 0, 0],
							"lerp_mode": "catmullrom"
						}
					}
				},
				"leg_back_left3": {
					"rotation": {
						"0.0": [15.0525, 0, 0],
						"0.1667": {
							"pre": [4.81375, 0, 0],
							"post": [4.81375, 0, 0],
							"lerp_mode": "catmullrom"
						},
						"0.4167": {
							"post": [11.62625, 0, 0],
							"lerp_mode": "catmullrom"
						},
						"0.5833": {
							"post": [20.45125, 0, 0],
							"lerp_mode": "catmullrom"
						},
						"0.75": {
							"post": [28.21875, 0, 0],
							"lerp_mode": "catmullrom"
						},
						"1.0": {
							"post": [18.4375, 0, 0],
							"lerp_mode": "catmullrom"
						},
						"1.1667": {
							"post": [12.93875, 0, 0],
							"lerp_mode": "catmullrom"
						},
						"1.2083": {
							"post": [28.14, 0, 0],
							"lerp_mode": "catmullrom"
						},
						"1.4583": {
							"post": [16.8075, 0, 0],
							"lerp_mode": "catmullrom"
						},
						"1.5": [15.0525, 0, 0]
					}
				},
				"leg_front_right": {
					"rotation": {
						"0.0": [18.75, 0, 0],
						"0.1667": [13.4375, 0, 1.125],
						"0.4167": [-13.84375, 0, 0.96875],
						"0.625": [-22, 0, 0.375],
						"0.75": [-18.21875, 0, 0],
						"0.9167": [-9.7946, 0, -0.98156],
						"1.1667": [4.6875, 0, -0.5],
						"1.375": [15.565, 0, -0.25],
						"1.5": [18.75, 0, 0]
					},
					"position": {
						"0.0": [0, -0.36575, 1.6875],
						"0.1667": [0, -0.1425, 0.72],
						"0.4167": [0, -0.08, 0.7225],
						"0.625": [0, -0.0525, 0.6],
						"0.75": [0, -0.33375, 0.6325],
						"0.9167": [0, -0.17375, 0.91125],
						"1.1667": [0, -0.1125, 1.1925],
						"1.375": [0, -0.20625, 1.6025],
						"1.5": [0, -0.36575, 1.6875]
					}
				},
				"leg_front_right2": {
					"rotation": {
						"0.0": [7.4375, 0, 0],
						"0.1667": [13.96875, 0, 0],
						"0.4167": [24.9375, 0, 0],
						"0.625": [20.0571, 0, 0],
						"0.75": [2.6821, 0, 0],
						"0.9167": [5.02875, 0, 0],
						"1.1667": [4.375, 0, 0],
						"1.375": [2.5625, 0, 0],
						"1.5": [7.4375, 0, 0]
					}
				},
				"leg_front_right3": {
					"rotation": {
						"0.0": [6.03125, 0, 0],
						"0.1667": [14.4375, 0, 0],
						"0.4167": [19.38, 0, 0],
						"0.625": [18.90625, 0, 0],
						"0.75": [14.40625, 0, 0],
						"0.9167": [3.80875, 0, 0],
						"1.1667": [-1.6875, 0, 0],
						"1.375": [0.25, 0, 0],
						"1.5": [6.03125, 0, 0]
					}
				},
				"leg_back_right": {
					"rotation": {
						"0.0": {
							"post": [18.1875, 0, 1.125],
							"lerp_mode": "catmullrom"
						},
						"0.1667": {
							"post": [-3.09375, 0, 0.875],
							"lerp_mode": "catmullrom"
						},
						"0.4167": {
							"post": [-18.8125, 0, -0.3125],
							"lerp_mode": "catmullrom"
						},
						"0.7083": [1.7525, 0, -0.4375],
						"0.75": [3.34, 0, -0.42],
						"0.9167": [9.6875, 0, -0.34375],
						"1.1667": [5.87625, 0, 0.125],
						"1.3333": [15.76625, 0, 0.62],
						"1.5": [18.1875, 0, 1.125]
					},
					"position": {
						"0.0": [0, 0.125, 0],
						"0.1667": [0, 0.21875, 0],
						"0.4167": [0, -0.5075, 0],
						"0.7083": [0, -0.30375, 0],
						"0.75": [0, -0.27875, 0],
						"0.9167": [0, -0.33, 0],
						"1.1667": [0, -0.2075, 0.6875],
						"1.3333": [0, -0.07125, 0.15625],
						"1.5": [0, 0.125, 0]
					}
				},
				"leg_back_right2": {
					"rotation": {
						"0.0": {
							"post": [-27, 0, 0],
							"lerp_mode": "catmullrom"
						},
						"0.1667": {
							"post": [-17.5, 0, 0],
							"lerp_mode": "catmullrom"
						},
						"0.4167": {
							"post": [-13.46875, 0, 0],
							"lerp_mode": "catmullrom"
						},
						"0.6667": {
							"post": [-18.4325, 0, 0],
							"lerp_mode": "catmullrom"
						},
						"0.75": {
							"post": [-16.7125, 0, 0],
							"lerp_mode": "catmullrom"
						},
						"0.9167": [-8.77375, 0, 0],
						"1.1667": {
							"pre": [8.035, 0, 0],
							"post": [8.035, 0, 0],
							"lerp_mode": "catmullrom"
						},
						"1.3333": {
							"post": [-8.98625, 0, 0],
							"lerp_mode": "catmullrom"
						},
						"1.5": {
							"post": [-27, 0, 0],
							"lerp_mode": "catmullrom"
						}
					}
				},
				"leg_back_right3": {
					"rotation": {
						"0.0": [28.21875, 0, 0],
						"0.25": {
							"pre": [18.4375, 0, 0],
							"post": [18.4375, 0, 0],
							"lerp_mode": "catmullrom"
						},
						"0.4167": {
							"post": [12.93875, 0, 0],
							"lerp_mode": "catmullrom"
						},
						"0.5": {
							"post": [31.43, 0, 0],
							"lerp_mode": "catmullrom"
						},
						"0.7083": {
							"post": [16.4075, 0, 0],
							"lerp_mode": "catmullrom"
						},
						"0.9167": {
							"post": [4.81375, 0, 0],
							"lerp_mode": "catmullrom"
						},
						"1.1667": {
							"post": [11.62625, 0, 0],
							"lerp_mode": "catmullrom"
						},
						"1.3333": {
							"post": [20.45125, 0, 0],
							"lerp_mode": "catmullrom"
						},
						"1.5": [28.21875, 0, 0]
					}
				},
				"neck": {
					"rotation": ["-(math.sin((q.anim_time - 1.45) * 360 / (3/4)) * 1)", 0, 0]
				},
				"head": {
					"rotation": [
						"-3.0313-(math.sin((q.anim_time - 1.55) * 360 / (3/4)) * 2)",
						"(math.sin((q.anim_time - 0.15) * 360 / (3/2)) * 0.5)",
						"(math.sin((q.anim_time - 0.1) * 360 / (3/2)) * 0.5)"
					]
				},
				"tail": {
					"rotation": [
						"12.5-(math.sin((q.anim_time - 1.55) * 360 / (3/4)) * 3)",
						"(math.sin((q.anim_time - 0.15) * 360 / (3/2)) * 3.35)",
						"(math.sin((q.anim_time - 0.3) * 360 / (3/2)) * 4)"
					],
					"position": [0, 0.21875, 0.65625]
				},
				"tail2": {
					"rotation": ["22.5-(math.sin((q.anim_time - 1.65) * 360 / (3/4)) * 8)", "0+(math.sin((q.anim_time - 0.25) * 360 / (3/2)) * 6)", 0]
				},
				"tail3": {
					"rotation": ["5-(math.sin((q.anim_time - 1.7) * 360 / (3/4)) * 7)", 0, 0]
				},
				"tail4": {
					"rotation": ["12.5-(math.sin((q.anim_time - 1.725) * 360 / (3/4)) * 12)", "(math.sin((q.anim_time - 0.275) * 360 / (3/2)) * 10)", 0]
				},
				"tail_end": {
					"rotation": [0, "(math.sin((q.anim_time - 0.275) * 360 / (3/2)) * 10)", 0]
				},
				"head_rotation": {
					"rotation": [0, "math.sin((q.anim_time - 1.725) * 360 / (3/2)) * -5", 0]
				}
			}
		},
		"animation.mareep_vanguard.ground_idle": {
			"loop": true,
			"bones": {
				"torso": {
					"rotation": [
						"(math.sin((q.anim_time - 0.2 + (math.sin((q.anim_time - 0.2) * 360 / 1 ) * 0.05)) * 360 / 1 ) * 1)",
						0,
						"(math.sin((q.anim_time - 0) * 360 / 2 ) * 1)"
					],
					"position": [
						"(math.sin((q.anim_time - 0.2) * 360 / 2 ) * 0.1)",
						"0.1 - (math.sin((q.anim_time - 0.3 + (math.sin((q.anim_time - 0.05) * 360 / 1 ) * 0.05)) * 360 / 1 ) * 0.1)",
						0
					]
				},
				"neck": {
					"rotation": ["(math.sin((q.anim_time - 0.2) * 360 / 1) * 1)", 0, 0]
				},
				"head": {
					"rotation": ["(math.sin((q.anim_time - 0.3) * 360 / 1) * 2)", 0, 0]
				},
				"tail": {
					"rotation": [
						"10 - (math.sin((q.anim_time - 0.4 + (math.sin((q.anim_time - 0.15) * 360 / 1 ) * 0.05)) * 360 / 1 ) * 2)",
						"(math.sin((q.anim_time - 0.3) * 360 / 2 ) * 2)",
						"(math.sin((q.anim_time - 0.5) * 360 / 2 ) * 1)"
					],
					"position": [0, 0, 0.90625]
				},
				"tail2": {
					"rotation": [
						"30 - (math.sin((q.anim_time - 0.5 + (math.sin((q.anim_time - 0.25) * 360 / 1 ) * 0.05)) * 360 / 1 ) * 3)",
						"(math.sin((q.anim_time - 0.5) * 360 / 2 ) * 3)",
						"(math.sin((q.anim_time - 0.6) * 360 / 2 ) * 2)"
					]
				},
				"tail3": {
					"rotation": [
						"25 - (math.sin((q.anim_time - 0.55 + (math.sin((q.anim_time - 0.3) * 360 / 1 ) * 0.05)) * 360 / 1 ) * 4)",
						"(math.sin((q.anim_time - 0.6) * 360 / 2 ) * 0)",
						"(math.sin((q.anim_time - 0.65) * 360 / 2 ) * 0)"
					]
				},
				"tail4": {
					"rotation": [
						"22.5 - (math.sin((q.anim_time - 0.675 + (math.sin((q.anim_time - 0.325) * 360 / 1 ) * 0.05)) * 360 / 1 ) * 5)",
						"(math.sin((q.anim_time - 0.65) * 360 / 2 ) * 9)",
						"(math.sin((q.anim_time - 0.675) * 360 / 2 ) * 5)"
					]
				},
				"leg_front_left": {
					"rotation": ["- 1 - (math.sin((q.anim_time - 0.3 + (math.sin((q.anim_time - 0.05) * 360 / 1 ) * 0.05)) * 360 / 1 ) * 1)  ", 0, 0],
					"position": [
						0,
						"- 0.01 - (math.sin((q.anim_time - 0.3 + (math.sin((q.anim_time - 0.05) * 360 / 1 ) * 0.05)) * 360 / 1 ) * 0.01) ",
						"0.06 + (math.sin((q.anim_time - 0.3 + (math.sin((q.anim_time - 0.05) * 360 / 1 ) * 0.05)) * 360 / 1 ) * 0.06) "
					]
				},
				"leg_front_left2": {
					"rotation": ["1 + (math.sin((q.anim_time - 0.3 + (math.sin((q.anim_time - 0.05) * 360 / 1 ) * 0.05)) * 360 / 1 ) * 1) ", 0, 0]
				},
				"leg_front_right": {
					"rotation": ["- 1 - (math.sin((q.anim_time - 0.3 + (math.sin((q.anim_time - 0.05) * 360 / 1 ) * 0.05)) * 360 / 1 ) * 1)  ", 0, 0],
					"position": [
						0,
						"- 0.01 - (math.sin((q.anim_time - 0.3 + (math.sin((q.anim_time - 0.05) * 360 / 1 ) * 0.05)) * 360 / 1 ) * 0.01) ",
						"0.06 + (math.sin((q.anim_time - 0.3 + (math.sin((q.anim_time - 0.05) * 360 / 1 ) * 0.05)) * 360 / 1 ) * 0.06) "
					]
				},
				"leg_front_right2": {
					"rotation": ["1 + (math.sin((q.anim_time - 0.3 + (math.sin((q.anim_time - 0.05) * 360 / 1 ) * 0.05)) * 360 / 1 ) * 1) ", 0, 0]
				}
			}
		},
		"animation.mareep_vanguard.battle_idle": {
			"loop": true,
			"bones": {
				"torso": {
					"rotation": ["7.5 + (math.sin((q.anim_time - 0.6) * 360 / 1 ) * 0.6)", 0, 0],
					"position": [0, "-0.5625 + (math.sin((q.anim_time - 0) * 360 / 1 ) * 0.2) + 0.2", -1.15625]
				},
				"wool": {
					"rotation": [-5, 0, 0],
					"position": [0, 0.40625, -0.1875],
					"scale": 1
				},
				"neck": {
					"rotation": ["-22.5 + (math.sin((q.anim_time - 0.65) * 360 / 1 ) * 1)", 0, 0],
					"position": [0, 0.3125, 0]
				},
				"head": {
					"rotation": ["(math.sin((q.anim_time - 0.7) * 360 / 1 ) * 1) + 1 ", 0, 0]
				},
				"head_rotation": {
					"rotation": [-2.5, 0, 0]
				},
				"head_wool": {
					"rotation": [-5, 0, 0]
				},
				"tail": {
					"rotation": ["25 - (math.cos((q.anim_time - 0) * 360 / 1 ) * 5)", "(math.sin((q.anim_time - 0) * 360 / 2 ) * 14)", 0]
				},
				"tail2": {
					"rotation": ["23.5 - (math.cos((q.anim_time - 0.1) * 360 / 1 ) * 7)", "(math.sin((q.anim_time - 0.1) * 360 / 2 ) * 10)", 0]
				},
				"tail3": {
					"rotation": [
						"22.5 + (math.cos((q.anim_time - 0.1) * 360 / 1 ) * 4)",
						"(math.sin((q.anim_time - 0.1) * 360 / 2 ) * 0.9)",
						"(math.sin((q.anim_time - 0.1) * 360 / 2 ) * 0.5)"
					]
				},
				"tail4": {
					"rotation": ["10 + (math.cos((q.anim_time - 0.2) * 360 / 1 ) * 5)", "(math.sin((q.anim_time - 0.5) * 360 / 2 ) * 5)", 0]
				},
				"tail_end": {
					"rotation": [
						"4 + (math.cos((q.anim_time - 0) * 360 / 1 ) * 5)",
						"(math.sin((q.anim_time - 0.5) * 360 / 2 ) * 6)",
						"-(math.sin((q.anim_time - 0.6) * 360 / 2 ) * 3)"
					]
				},
				"leg_front_left": {
					"rotation": ["(math.sin((q.anim_time - 0) * 360 / 1 ) * 6) - 6", 0, -15],
					"position": [
						"0.375 -(math.sin((q.anim_time - 0) * 360 / 1 ) * 0.02) - 0.02",
						"-0.3125 + (math.sin((q.anim_time - 0) * 360 / 1 ) * 0.1) - 0.1",
						"-(math.sin((q.anim_time - 0) * 360 / 1 ) * 0.425) - 0.425"
					]
				},
				"leg_front_left2": {
					"rotation": ["-(math.sin((q.anim_time - 0) * 360 / 1 ) * 5) + 5", 0, 7.5]
				},
				"leg_front_left3": {
					"rotation": ["-(math.sin((q.anim_time - 0) * 360 / 1 ) * 1) + 1", 0, 0]
				},
				"leg_back_left": {
					"rotation": ["2.5 - (math.sin((q.anim_time - 0) * 360 / 1 ) * 3) + 3", -0.10901, -7.50238],
					"position": [
						"0.1563 -(math.sin((q.anim_time - 0) * 360 / 1 ) * 0.01) - 0.01",
						"-0.375 + (math.sin((q.anim_time - 0) * 360 / 1 ) * 0.09) - 0.1",
						"(math.sin((q.anim_time - 0) * 360 / 1 ) * 0.225) + 0.225"
					]
				},
				"leg_back_left2": {
					"rotation": ["-12.5 + (math.sin((q.anim_time - 0) * 360 / 1 ) * 2) - 2", 0, 0]
				},
				"leg_back_left3": {
					"rotation": ["10 + (math.sin((q.anim_time - 0) * 360 / 1 ) * 1) - 1", 0, 0]
				},
				"leg_front_right": {
					"rotation": ["(math.sin((q.anim_time - 0) * 360 / 1 ) * 6) - 6", 0, 15],
					"position": [
						"-0.375+(math.sin((q.anim_time - 0) * 360 / 1 ) * 0.02) + 0.02",
						"-0.3125 + (math.sin((q.anim_time - 0) * 360 / 1 ) * 0.1) - 0.1",
						"-(math.sin((q.anim_time - 0) * 360 / 1 ) * 0.425) - 0.425"
					]
				},
				"leg_front_right2": {
					"rotation": ["-(math.sin((q.anim_time - 0) * 360 / 1 ) * 5) + 5", 0, -7.5]
				},
				"leg_front_right3": {
					"rotation": ["-(math.sin((q.anim_time - 0) * 360 / 1 ) * 1) + 1", 0, 0]
				},
				"leg_back_right": {
					"rotation": ["2.5 - (math.sin((q.anim_time - 0) * 360 / 1 ) * 3) + 3", 0.10901, 7.50238],
					"position": [
						"-0.1563-(math.sin((q.anim_time - 0) * 360 / 1 ) * 0.01) - 0.01",
						"-0.375 + (math.sin((q.anim_time - 0) * 360 / 1 ) * 0.09) - 0.1",
						"(math.sin((q.anim_time - 0) * 360 / 1 ) * 0.225) + 0.225"
					]
				},
				"leg_back_right2": {
					"rotation": ["-12.5 + (math.sin((q.anim_time - 0) * 360 / 1 ) * 2) - 2", 0, 0]
				},
				"leg_back_right3": {
					"rotation": ["10 + (math.sin((q.anim_time - 0) * 360 / 1 ) * 1) - 1", 0, 0]
				}
			}
		},
		"animation.mareep_vanguard.ground_walk_sheared": {
			"loop": true,
			"animation_length": 1,
			"bones": {
				"torso": {
					"rotation": [
						"(math.sin((q.anim_time - 0.04) * 360 * 2) * 2.2)",
						"(math.sin((q.anim_time - 0.15) * 360 / 1) * 3)",
						"-(math.sin((q.anim_time - 0) * 360 / 1) * 2.2)"
					],
					"position": ["(math.sin((q.anim_time - 0) * 360 / 1) * 0.2)", "-(math.cos((q.anim_time - 0) * 360 * 2) * 0.22)", 0]
				},
				"leg_front_left": {
					"rotation": {
						"0.0": {
							"post": [-27.125, 0, 0],
							"lerp_mode": "catmullrom"
						},
						"0.125": {
							"post": [-16.5625, 0, 0.4375],
							"lerp_mode": "catmullrom"
						},
						"0.25": {
							"post": [0.1875, 0, 0.5],
							"lerp_mode": "catmullrom"
						},
						"0.375": {
							"post": [17.125, 0, 0.4375],
							"lerp_mode": "catmullrom"
						},
						"0.5": {
							"post": [23.375, 0, 0.28125],
							"lerp_mode": "catmullrom"
						},
						"0.625": {
							"post": [17.5, 0, -1.125],
							"lerp_mode": "catmullrom"
						},
						"0.75": {
							"post": [-3.5, 0, -0.96875],
							"lerp_mode": "catmullrom"
						},
						"0.875": {
							"post": [-23, 0, -0.375],
							"lerp_mode": "catmullrom"
						},
						"1.0": {
							"post": [-27.125, 0, 0],
							"lerp_mode": "catmullrom"
						}
					},
					"position": {
						"0.0": {
							"post": [0, -0.615, 0],
							"lerp_mode": "catmullrom"
						},
						"0.125": {
							"post": [0, -0.2475, 0],
							"lerp_mode": "catmullrom"
						},
						"0.25": {
							"post": [0, -0.03125, 0],
							"lerp_mode": "catmullrom"
						},
						"0.375": {
							"post": [0, -0.40625, 0.4],
							"lerp_mode": "catmullrom"
						},
						"0.5": {
							"post": [0, -0.46625, 0.53125],
							"lerp_mode": "catmullrom"
						},
						"0.625": {
							"post": [0, -0.33, 0.34375],
							"lerp_mode": "catmullrom"
						},
						"0.75": {
							"post": [0, 0.12, 0],
							"lerp_mode": "catmullrom"
						},
						"0.875": {
							"post": [0, 0.1475, 0],
							"lerp_mode": "catmullrom"
						},
						"1.0": {
							"post": [0, -0.615, 0],
							"lerp_mode": "catmullrom"
						}
					}
				},
				"leg_front_left2": {
					"rotation": {
						"0.0": {
							"post": [-2.0679, 0, 0],
							"lerp_mode": "catmullrom"
						},
						"0.125": {
							"post": [0.9375, 0, 0],
							"lerp_mode": "catmullrom"
						},
						"0.25": {
							"post": [0, 0, 0],
							"lerp_mode": "catmullrom"
						},
						"0.375": {
							"post": [0.34375, 0, 0],
							"lerp_mode": "catmullrom"
						},
						"0.5": {
							"post": [4.3125, 0, 0],
							"lerp_mode": "catmullrom"
						},
						"0.6667": {
							"post": [6.71875, 0, 0],
							"lerp_mode": "catmullrom"
						},
						"0.7917": {
							"post": [15.5, 0, 0],
							"lerp_mode": "catmullrom"
						},
						"0.9167": {
							"post": [10.0571, 0, 0],
							"lerp_mode": "catmullrom"
						},
						"1.0": {
							"post": [-2.0679, 0, 0],
							"lerp_mode": "catmullrom"
						}
					}
				},
				"leg_front_left3": {
					"rotation": {
						"0.0": [15.5625, 0, 0],
						"0.125": [7.78125, 0, 0],
						"0.25": [0, 0, 0],
						"0.375": [-11.40625, 0, 0],
						"0.5": [4.90625, 0, 0],
						"0.625": [16.375, 0, 0],
						"0.75": [20.42125, 0, 0],
						"0.875": [18.90625, 0, 0],
						"1.0": [15.5625, 0, 0]
					}
				},
				"leg_back_left": {
					"rotation": {
						"0.0": [9.2525, 0, 0.4375],
						"0.125": [17.90625, 0, 0.34375],
						"0.25": [24.75125, 0, -0.125],
						"0.375": [26.55125, 0, -0.63],
						"0.5": [7.28125, 0, -1.125],
						"0.625": [-6.96875, 0, -0.875],
						"0.75": [-13.48625, 0, 0],
						"0.875": [-0.71875, 0, 0.3125],
						"1.0": [9.2525, 0, 0.4375]
					},
					"position": {
						"0.0": [0, -0.36625, -0.03],
						"0.125": {
							"pre": [0, -0.48625, 0.50125],
							"post": [0, -0.48625, 0.50125],
							"lerp_mode": "catmullrom"
						},
						"0.25": {
							"post": [0, -0.73875, 0.84875],
							"lerp_mode": "catmullrom"
						},
						"0.375": {
							"post": [0, -0.1225, 0.42],
							"lerp_mode": "catmullrom"
						},
						"0.5": {
							"post": [0, 0.3125, 0],
							"lerp_mode": "catmullrom"
						},
						"0.625": {
							"post": [0, 0.375, -0.1525],
							"lerp_mode": "catmullrom"
						},
						"0.75": {
							"post": [0, -0.53, -0.35],
							"lerp_mode": "catmullrom"
						},
						"0.875": {
							"post": [0, -0.495, -0.27625],
							"lerp_mode": "catmullrom"
						},
						"1.0": [0, -0.36625, -0.03]
					}
				},
				"leg_back_left2": {
					"rotation": {
						"0.0": {
							"post": [-13.62, 0, 0],
							"lerp_mode": "catmullrom"
						},
						"0.125": {
							"post": [-6.02375, 0, 0],
							"lerp_mode": "catmullrom"
						},
						"0.25": {
							"post": [-1.09, 0, 0],
							"lerp_mode": "catmullrom"
						},
						"0.375": {
							"post": [-16.9325, 0, 0],
							"lerp_mode": "catmullrom"
						},
						"0.5": {
							"post": [-19.15625, 0, 0],
							"lerp_mode": "catmullrom"
						},
						"0.625": {
							"post": [-17.5, 0, 0],
							"lerp_mode": "catmullrom"
						},
						"0.75": {
							"post": [-11.79875, 0, 0],
							"lerp_mode": "catmullrom"
						},
						"0.875": {
							"post": [-20.15625, 0, 0],
							"lerp_mode": "catmullrom"
						},
						"1.0": {
							"post": [-13.62, 0, 0],
							"lerp_mode": "catmullrom"
						}
					}
				},
				"leg_back_left3": {
					"rotation": {
						"0.0": [6.095, 0, 0],
						"0.125": [-2.62375, 0, 0],
						"0.25": [17.345, 0, 0],
						"0.375": [34.88875, 0, 0],
						"0.5": [28.21875, 0, 0],
						"0.625": [13.375, 0, 0],
						"0.75": [23.555, 0, 0],
						"0.875": [20.47, 0, 0],
						"1.0": [6.095, 0, 0]
					}
				},
				"leg_front_right": {
					"rotation": {
						"0.0": {
							"post": [23.375, 0, -0.28125],
							"lerp_mode": "catmullrom"
						},
						"0.125": {
							"post": [17.5, 0, 1.125],
							"lerp_mode": "catmullrom"
						},
						"0.25": {
							"post": [-3.5, 0, 0.96875],
							"lerp_mode": "catmullrom"
						},
						"0.375": {
							"post": [-23, 0, 0.375],
							"lerp_mode": "catmullrom"
						},
						"0.5": {
							"post": [-27.125, 0, 0],
							"lerp_mode": "catmullrom"
						},
						"0.625": {
							"post": [-16.5625, 0, -0.4375],
							"lerp_mode": "catmullrom"
						},
						"0.75": {
							"post": [0.1875, 0, -0.5],
							"lerp_mode": "catmullrom"
						},
						"0.875": {
							"post": [17.125, 0, -0.4375],
							"lerp_mode": "catmullrom"
						},
						"1.0": {
							"post": [23.375, 0, -0.28125],
							"lerp_mode": "catmullrom"
						}
					},
					"position": {
						"0.0": {
							"post": [0, -0.46625, 0.53125],
							"lerp_mode": "catmullrom"
						},
						"0.125": {
							"post": [0, -0.33, 0.34375],
							"lerp_mode": "catmullrom"
						},
						"0.25": {
							"post": [0, 0.12, 0],
							"lerp_mode": "catmullrom"
						},
						"0.375": {
							"post": [0, 0.1475, 0],
							"lerp_mode": "catmullrom"
						},
						"0.5": {
							"post": [0, -0.615, 0],
							"lerp_mode": "catmullrom"
						},
						"0.625": {
							"post": [0, -0.2475, 0],
							"lerp_mode": "catmullrom"
						},
						"0.75": {
							"post": [0, -0.03125, 0],
							"lerp_mode": "catmullrom"
						},
						"0.875": {
							"post": [0, -0.40625, 0.4],
							"lerp_mode": "catmullrom"
						},
						"1.0": {
							"post": [0, -0.46625, 0.53125],
							"lerp_mode": "catmullrom"
						}
					}
				},
				"leg_front_right2": {
					"rotation": {
						"0.0": {
							"post": [4.3125, 0, 0],
							"lerp_mode": "catmullrom"
						},
						"0.1667": {
							"post": [6.71875, 0, 0],
							"lerp_mode": "catmullrom"
						},
						"0.2917": {
							"post": [15.5, 0, 0],
							"lerp_mode": "catmullrom"
						},
						"0.4167": {
							"post": [10.0571, 0, 0],
							"lerp_mode": "catmullrom"
						},
						"0.5": {
							"post": [-2.0679, 0, 0],
							"lerp_mode": "catmullrom"
						},
						"0.625": {
							"post": [0.9375, 0, 0],
							"lerp_mode": "catmullrom"
						},
						"0.75": {
							"post": [0, 0, 0],
							"lerp_mode": "catmullrom"
						},
						"0.875": {
							"post": [0.34375, 0, 0],
							"lerp_mode": "catmullrom"
						},
						"1.0": {
							"post": [4.3125, 0, 0],
							"lerp_mode": "catmullrom"
						}
					}
				},
				"leg_front_right3": {
					"rotation": {
						"0.0": [4.90625, 0, 0],
						"0.125": [16.375, 0, 0],
						"0.25": [20.42125, 0, 0],
						"0.375": [18.90625, 0, 0],
						"0.5": [15.5625, 0, 0],
						"0.625": [7.78125, 0, 0],
						"0.75": [0, 0, 0],
						"0.875": [-11.40625, 0, 0],
						"1.0": [4.90625, 0, 0]
					}
				},
				"leg_back_right": {
					"rotation": {
						"0.0": [7.28125, 0, 1.125],
						"0.125": [-6.96875, 0, 0.875],
						"0.25": [-22.68625, 0, 0],
						"0.375": [-0.71875, 0, -0.3125],
						"0.5": [9.2525, 0, -0.4375],
						"0.625": [17.90625, 0, -0.34375],
						"0.75": [24.75125, 0, 0.125],
						"0.875": [26.55125, 0, 0.63],
						"1.0": [7.28125, 0, 1.125]
					},
					"position": {
						"0.0": {
							"post": [0, 0.3125, 0],
							"lerp_mode": "catmullrom"
						},
						"0.125": {
							"post": [0, 0.375, -0.1525],
							"lerp_mode": "catmullrom"
						},
						"0.25": {
							"post": [0, -0.53, -0.35],
							"lerp_mode": "catmullrom"
						},
						"0.375": {
							"post": [0, -0.495, -0.27625],
							"lerp_mode": "catmullrom"
						},
						"0.5": {
							"post": [0, -0.36625, -0.03],
							"lerp_mode": "catmullrom"
						},
						"0.625": {
							"post": [0, -0.48625, 0.50125],
							"lerp_mode": "catmullrom"
						},
						"0.75": {
							"post": [0, -0.73875, 0.84875],
							"lerp_mode": "catmullrom"
						},
						"0.875": {
							"post": [0, -0.1225, 0.42],
							"lerp_mode": "catmullrom"
						},
						"1.0": {
							"post": [0, 0.3125, 0],
							"lerp_mode": "catmullrom"
						}
					}
				},
				"leg_back_right2": {
					"rotation": {
						"0.0": [-19.15625, 0, 0],
						"0.125": [-17.5, 0, 0],
						"0.25": [-11.79875, 0, 0],
						"0.375": [-22.65625, 0, 0],
						"0.5": [-13.62, 0, 0],
						"0.625": [-6.02375, 0, 0],
						"0.75": [-1.09, 0, 0],
						"0.875": [-16.9325, 0, 0],
						"1.0": [-19.15625, 0, 0]
					}
				},
				"leg_back_right3": {
					"rotation": {
						"0.0": [28.21875, 0, 0],
						"0.125": [13.375, 0, 0],
						"0.25": [23.555, 0, 0],
						"0.375": [20.47, 0, 0],
						"0.5": [6.095, 0, 0],
						"0.625": [-2.62375, 0, 0],
						"0.75": [17.345, 0, 0],
						"0.875": [34.88875, 0, 0],
						"1.0": [28.21875, 0, 0]
					}
				},
				"neck": {
					"rotation": ["-(math.sin((q.anim_time - 1.4) * 360 * 2) * 2)", 0, 0]
				},
				"head": {
					"rotation": [
						"-3.0313-(math.sin((q.anim_time - 1.55) * 360 * 2) * 2)",
						"(math.sin((q.anim_time - 0.15) * 360 / 1) * 0.5)",
						"(math.sin((q.anim_time - 0.1) * 360 / 1) * 0.5)"
					]
				},
				"tail": {
					"rotation": [
						"22.0001-(math.sin((q.anim_time - 1.55) * 360 * 2) * 3)",
						"(math.sin((q.anim_time - 0.15) * 360 / 1) * 3)",
						"(math.sin((q.anim_time - 0.3) * 360 / 1) * 4)"
					],
					"position": [0, 0.53125, 0]
				},
				"tail2": {
					"rotation": ["22.5-(math.sin((q.anim_time - 1.65) * 360 * 2) * 8)", "(math.sin((q.anim_time - 0.25) * 360 / 1) * 6)", 0]
				},
				"tail3": {
					"rotation": ["5-(math.sin((q.anim_time - 1.7) * 360 * 2) * 7)", 0, 0]
				},
				"tail4": {
					"rotation": ["12.5-(math.sin((q.anim_time - 1.725) * 360 * 2) * 12)", "(math.sin((q.anim_time - 0.275) * 360 / 1) * 10)", 0]
				},
				"tail_end": {
					"rotation": [0, "(math.sin((q.anim_time - 0.275) * 360 / 1) * 10)", 0]
				}
			}
		},
		"animation_vanguard.mareep.blink": {
			"animation_length": 0.16667,
			"bones": {
				"eyelid_left": {
					"position": {
						"0.0": [0.1, 0, 0],
						"0.125": [0.1, 0, 0],
						"0.1667": {
							"pre": [0.1, 0, 0],
							"post": [0, 0, 0]
						}
					}
				},
				"eyelid_right": {
					"position": {
						"0.0": [-0.1, 0, 0],
						"0.125": [-0.1, 0, 0],
						"0.1667": {
							"pre": [-0.1, 0, 0],
							"post": [0, 0, 0]
						}
					}
				}
			}
		},
		"animation.mareep_vanguard.sleep": {
			"loop": true,
			"bones": {
				"torso": {
					"rotation": ["-(math.sin((q.anim_time - 0.2 - (math.sin((q.anim_time - 0.2) * 360 / 4  ) * 0.3)) * 360 / 4  ) * 1)", 0, 0],
					"position": [0, "-4.7813 + (math.sin((q.anim_time - 0 - (math.sin((q.anim_time - 0) * 360 / 4  ) * 0.3)) * 360 / 4  ) * 0.1) + 0.1", 0]
				},
				"wool": {
					"rotation": ["(math.sin((q.anim_time - 0.2 - (math.sin((q.anim_time - 0.2) * 360 / 4  ) * 0.3)) * 360 / 4  ) * 1)", 0, 0],
					"position": [0, "1.7188 + (math.sin((q.anim_time - 0.2 - (math.sin((q.anim_time - 0.2) * 360 / 4  ) * 0.1)) * 360 / 4  ) * 0.1) + 0.1", 0]
				},
				"neck": {
					"rotation": ["15 + (math.sin((q.anim_time - 0.1 - (math.sin((q.anim_time - 0.1) * 360 / 4  ) * 0.1)) * 360 / 4  ) * 1) + 1", 0, 0],
					"position": [0, -1.03125, -0.5]
				},
				"eyelid_left": {
					"position": [0.1, 0, 0]
				},
				"eyelid_right": {
					"position": [-0.1, 0, 0]
				},
				"tail": {
					"rotation": [48.44429, "0.4281 + (math.sin((q.anim_time - 0) * 360 / 4 ) * 5) + 5", "100.2447 - (math.sin((q.anim_time - 0) * 360 / 4 ) * 10) - 10"],
					"position": [0, 0, 0.34375]
				},
				"tail2": {
					"rotation": [22.57734, "4.6185 - (math.sin((q.anim_time - 0.5) * 360 / 4 ) * 10) - 4", 1.9]
				},
				"tail3": {
					"rotation": [40, 0, 0]
				},
				"tail4": {
					"rotation": [35.29211, "1.2108 - (math.sin((q.anim_time - 1.2) * 360 / 4 ) * 10) - 10", 6.96258],
					"position": [0, 0, 0.09375]
				},
				"tail_end": {
					"rotation": [
						"18.8961 - (math.sin((q.anim_time - 0.6) * 360 / 4 ) * 2) - 2",
						"- 10 - (math.sin((q.anim_time - 1) * 360 / 4 ) * 7)",
						"5.4682 - (math.sin((q.anim_time - 0.6) * 360 / 4 ) * 10)"
					]
				},
				"leg_front_left": {
					"rotation": [-4.62111, -1.91134, -22.42287],
					"position": [0, -4.9375, -0.09375]
				},
				"leg_front_left2": {
					"rotation": [87.5, 0, 0]
				},
				"leg_front_left3": {
					"rotation": [7.5, 0, 0]
				},
				"leg_back_left": {
					"rotation": [9.73521, -7.28179, -16.46649],
					"position": [0, -4.28125, 0.96875]
				},
				"leg_front_right": {
					"rotation": [-4.62111, 1.91134, 22.42287],
					"position": [0, -4.9375, -0.09375]
				},
				"leg_front_right2": {
					"rotation": [87.5, 0, 0]
				},
				"leg_front_right3": {
					"rotation": [7.5, 0, 0]
				},
				"leg_back_right": {
					"rotation": [9.73521, 7.28179, 16.46649],
					"position": [0, -4.28125, 0.96875]
				},
				"leg_back_left2": {
					"rotation": [-85, 0, 0]
				},
				"leg_back_left3": {
					"rotation": [72.5, 0, 0]
				},
				"leg_back_right2": {
					"rotation": [-85, 0, 0]
				},
				"leg_back_right3": {
					"rotation": [72.5, 0, 0]
				},
				"head": {
					"rotation": ["-35 + (math.sin((q.anim_time - 0.2 - (math.sin((q.anim_time - 0.2) * 360 / 4  ) * 0.1)) * 360 / 4  ) * 2) - 2", 0, 0]
				}
			}
		},
		"animation.mareep_vanguard.ground_run": {
			"loop": true,
			"animation_length": 0.5,
			"bones": {
				"torso": {
					"rotation": [
						"-(math.sin((q.anim_time - 0.25 + (math.sin((q.anim_time - 0.25 + (math.sin((q.anim_time - 0.25) * 360 * 2) * 0.03)) * 360 * 2 ) * 0.04)) * 360 * 2 ) * 4)",
						0,
						0
					],
					"position": [0, "0.045-(math.sin((q.anim_time - 0.3 + (math.sin((q.anim_time - 0.3) * 360 * 2) * 0.03)) * 360 * 2) * 0.3) ", 0]
				},
				"leg_front_left": {
					"rotation": {
						"0.0": [-11.625, 0, 0],
						"0.125": [20, 0, 0],
						"0.25": [3.78227, -7.48385, -0.49333],
						"0.3333": [-15, 0, 0],
						"0.4167": [-20.78125, 0, 0],
						"0.5": [-11.625, 0, 0]
					},
					"position": {
						"0.0": [0, -0.125, 0],
						"0.125": [0, -0.46875, 0.59375],
						"0.25": [-0.5625, 0.15625, 0.34375],
						"0.3333": [0, 0.15625, 0],
						"0.4167": [0, 0.07625, 0],
						"0.5": [0, -0.125, 0]
					},
					"scale": 1
				},
				"leg_front_left2": {
					"rotation": {
						"0.0": [2.5, 0, 0],
						"0.125": [7, 0, 0],
						"0.25": [16.25, 0, 0],
						"0.3333": [17.5, 0, 0],
						"0.4167": [5.15625, 0, 0],
						"0.5": [2.5, 0, 0]
					}
				},
				"leg_front_left3": {
					"rotation": {
						"0.0": [7.375, 0, 0],
						"0.125": [3.28125, 0, 0],
						"0.25": [56.25, 0, 0],
						"0.3333": [55, 0, 0],
						"0.4167": [14.125, 0, 0],
						"0.5": [7.375, 0, 0]
					}
				},
				"leg_front_right": {
					"rotation": {
						"0.0": [7.65625, 0, 0],
						"0.0417": [13.92875, 0, 0],
						"0.0833": [2.92375, 0, 0],
						"0.125": [-12.125, 0, 0],
						"0.2083": [-18.27, 0, 0],
						"0.2917": [-29.03125, 0, 0],
						"0.375": [-19.84375, 0, 0],
						"0.4167": [-14.59125, 0, 0],
						"0.5": [7.65625, 0, 0]
					},
					"position": {
						"0.0": [0, -0.34375, 0.90625],
						"0.0417": [0, -0.09625, 1.1],
						"0.0833": [0, 0.06, 0.88375],
						"0.125": [0, 0.15375, 0.52875],
						"0.2083": [0, 0.29, 0.03875],
						"0.2917": [0, 0.2, -0.165],
						"0.375": [0, -0.09625, -0.06875],
						"0.4583": [0, -0.14, 0.69],
						"0.5": [0, -0.34375, 0.90625]
					}
				},
				"leg_front_right2": {
					"rotation": {
						"0.0": [4.5, 0, 0],
						"0.0417": [7.18375, 0, 0],
						"0.125": [27.5, 0, 0],
						"0.2083": [22.76375, 0, 0],
						"0.2917": [12.875, 0, 0],
						"0.375": [1.9375, 0, 0],
						"0.5": [4.5, 0, 0]
					}
				},
				"leg_back_left": {
					"rotation": {
						"0.0": [18.40625, 0, 0],
						"0.0833": [12.03125, 0, 0],
						"0.2083": [-15.48, -4.57, -1],
						"0.3333": [11.58, -1.95857, -0.42857],
						"0.4167": [15.7275, -0.98, -0.21],
						"0.5": [18.40625, 0, 0]
					},
					"position": {
						"0.0": [0, -0.28125, 0],
						"0.0833": [0, -0.26375, 0],
						"0.2083": [0.71875, -0.185, -0.53125],
						"0.3333": [0.48, -0.31375, 0],
						"0.4167": [0.24, 0.04375, 0],
						"0.5": [0, -0.28125, 0]
					}
				},
				"leg_back_left2": {
					"rotation": {
						"0.0": [-39.48125, 0, 0],
						"0.0833": {
							"pre": [-42.90625, 0, 0],
							"post": [-42.90625, 0, 0],
							"lerp_mode": "catmullrom"
						},
						"0.2083": {
							"post": [-19.33125, 0, 0],
							"lerp_mode": "catmullrom"
						},
						"0.3333": {
							"post": [-6.2346, -0.30474, 0.04748],
							"lerp_mode": "catmullrom"
						},
						"0.4167": {
							"post": [-15.6825, -0.15, 0.02],
							"lerp_mode": "catmullrom"
						},
						"0.5": [-39.48125, 0, 0]
					}
				},
				"leg_back_left3": {
					"rotation": {
						"0.0": [38.3375, 0, 0],
						"0.0833": {
							"pre": [35, 0, 0],
							"post": [35, 0, 0],
							"lerp_mode": "catmullrom"
						},
						"0.2083": {
							"post": [21.58125, 0, 0],
							"lerp_mode": "catmullrom"
						},
						"0.3333": {
							"post": [14.0025, 0, 0],
							"lerp_mode": "catmullrom"
						},
						"0.375": {
							"post": [31.09, 0, 0],
							"lerp_mode": "catmullrom"
						},
						"0.4167": {
							"post": [37.175, 0, 0],
							"lerp_mode": "catmullrom"
						},
						"0.5": [38.3375, 0, 0]
					}
				},
				"leg_front_right3": {
					"rotation": {
						"0.0": [-12, 0, 0],
						"0.0417": [3.94875, 0, 0],
						"0.125": [85, 0, 0],
						"0.2917": [16.15625, 0, 0],
						"0.375": [11.6875, 0, 0],
						"0.5": [-12, 0, 0]
					}
				},
				"leg_back_right": {
					"rotation": {
						"0.0": [26.65625, 0, 0],
						"0.0833": [13.33, 0, 0],
						"0.125": [-7.5, 0, 0],
						"0.2083": [-23.04, 0, 0],
						"0.2917": [7.98625, 0, 0],
						"0.375": [21.8425, 0, 0],
						"0.5": [26.65625, 0, 0]
					},
					"position": {
						"0.0": [0, -0.28125, 0],
						"0.0833": [0, -0.165, 0],
						"0.125": [0, -0.1875, 0],
						"0.2083": [0, -0.6575, -1.32375],
						"0.2917": [0, -0.60375, -0.78125],
						"0.375": [0, -0.5825, -0.6875],
						"0.4583": [0, -0.595, -0.46875],
						"0.5": [0, -0.28125, 0]
					}
				},
				"leg_back_right2": {
					"rotation": {
						"0.0": [-42.5, 0, 0],
						"0.0833": [-30.83, 0, 0],
						"0.125": [-27.3125, 0, 0],
						"0.2083": [-14.885, 0, 0],
						"0.2917": [-27.82625, 0, 0],
						"0.375": [-7.7275, 0, 0],
						"0.4583": [-12.8075, 0, 0],
						"0.5": [-42.5, 0, 0]
					}
				},
				"leg_back_right3": {
					"rotation": {
						"0.0": [69.46875, 0, 0],
						"0.0833": [35, 0, 0],
						"0.125": [28.75, 0, 0],
						"0.2917": [18.02, 0, 0],
						"0.375": [9.43, 0, 0],
						"0.4583": [27.60875, 0, 0],
						"0.5": [69.46875, 0, 0]
					}
				},
				"wool": {
					"rotation": [
						"2.3-(math.sin((q.anim_time - 0.1 + (math.sin((q.anim_time - 0.1 + (math.sin((q.anim_time - 0.1) * 360 * 2) * 0.03)) * 360 * 2 ) * 0.06)) * 360 * 2 ) * 4)",
						0,
						0
					],
					"position": [0, 0, "-0.6-(math.sin((q.anim_time - 0.7) * 360 * 2) * 0.3)"],
					"scale": [1, "1 - (math.sin((q.anim_time - 0.35 + (math.sin((q.anim_time - 0.35) * 360 * 2) * 0.01)) * 360 * 2) * 0.02) - 0.02", 1]
				},
				"neck": {
					"rotation": ["-9 + (math.cos((q.anim_time - 0.2) * 360 * 2 ) * 3)", 0, 0],
					"position": [0, 0, -0.75]
				},
				"head": {
					"rotation": ["-2.0627- (math.cos((q.anim_time - 0.1) * 360 * 2 ) * 6)", 0, 0]
				},
				"tail": {
					"rotation": ["(math.sin((q.anim_time - 0.2 + (math.sin((q.anim_time - 0.2) * 360 * 2 ) * 0.03)) * 360 * 2 ) * 13)", 0, 0]
				},
				"tail2": {
					"rotation": ["(math.sin((q.anim_time - 0.24 + (math.sin((q.anim_time - 0.24) * 360 * 2 ) * 0.03)) * 360 * 2 ) * 7)", 0, 0]
				},
				"tail3": {
					"rotation": ["(math.sin((q.anim_time - 0.3 + (math.sin((q.anim_time - 0.3) * 360 * 2 ) * 0.03)) * 360 * 2 ) * 10)", 0, 0]
				},
				"tail4": {
					"rotation": ["(math.sin((q.anim_time - 0.34 + (math.sin((q.anim_time - 0.34) * 360 * 2 ) * 0.03)) * 360 * 2 ) * 12)", 0, 0]
				},
				"tail_end": {
					"rotation": ["(math.sin((q.anim_time - 0.4 + (math.sin((q.anim_time - 0.4) * 360 * 2 ) * 0.03)) * 360 * 2 ) * 15)", 0, 0]
				}
			}
		},
		"animation.mareep_vanguard.quirk_static": {
			"animation_length": 1.25,
			"bones": {
				"wool": {
					"position": {
						"0.0": [0, 0, 0],
						"0.0833": {
							"pre": [0, -0.1, 0],
							"post": [0, -0.1, 0],
							"lerp_mode": "catmullrom"
						},
						"0.1667": {
							"post": [0, 0, 0],
							"lerp_mode": "catmullrom"
						},
						"0.2083": {
							"post": [0, 0, 0],
							"lerp_mode": "catmullrom"
						},
						"0.25": {
							"post": [0, 0, 0],
							"lerp_mode": "catmullrom"
						},
						"0.2917": {
							"post": [0, 0.1, 0],
							"lerp_mode": "catmullrom"
						},
						"0.375": {
							"post": [0, 0, 0],
							"lerp_mode": "catmullrom"
						},
						"1.25": [0, 0, 0]
					},
					"scale": {
						"0.0": [1, 1, 1],
						"0.0417": {
							"pre": [1.05, 1.05, 1.05],
							"post": [1.05, 1.05, 1.05],
							"lerp_mode": "catmullrom"
						},
						"0.125": {
							"post": [1, 1, 1],
							"lerp_mode": "catmullrom"
						},
						"0.1667": {
							"post": [1.02, 1.02, 1.02],
							"lerp_mode": "catmullrom"
						},
						"0.3333": {
							"post": [1, 1, 1],
							"lerp_mode": "catmullrom"
						},
						"0.375": {
							"post": [1.01, 1.01, 1.01],
							"lerp_mode": "catmullrom"
						},
						"0.5833": {
							"post": [0.98, 0.98, 0.98],
							"lerp_mode": "catmullrom"
						},
						"1.25": [1, 1, 1]
					}
				},
				"head_wool": {
					"position": {
						"0.0": [0, 0, 0],
						"1.25": [0, 0, 0]
					},
					"scale": {
						"0.0": [1, 1, 1],
						"0.0417": {
							"pre": [1.05, 1.05, 1.05],
							"post": [1.05, 1.05, 1.05],
							"lerp_mode": "catmullrom"
						},
						"0.125": {
							"post": [1, 1, 1],
							"lerp_mode": "catmullrom"
						},
						"0.1667": {
							"post": [1.02, 1.02, 1.02],
							"lerp_mode": "catmullrom"
						},
						"0.3333": {
							"post": [1, 1, 1],
							"lerp_mode": "catmullrom"
						},
						"0.375": {
							"post": [1.01, 1.01, 1.01],
							"lerp_mode": "catmullrom"
						},
						"0.5833": {
							"post": [0.98, 0.98, 0.98],
							"lerp_mode": "catmullrom"
						},
						"1.25": [1, 1, 1]
					}
				}
			}
		},
		"animation.mareep_vanguard.walk_test": {
			"loop": true,
			"bones": {
				"body": {
					"position": [0, 0, "-q.anim_time*90*walk"]
				}
			}
		},
		"animation.mareep_vanguard.walk_test_sheared": {
			"loop": true,
			"bones": {
				"body": {
					"position": [0, 0, "-q.anim_time*90*walk_sheared"]
				}
			}
		},
		"animation.mareep_vanguard.run_test": {
			"loop": true,
			"bones": {
				"body": {
					"position": [0, 0, "-q.anim_time*90*run"]
				}
			}
		},
		"animation.mareep_vanguard.cry": {
			"animation_length": 0.66667,
			"bones": {
				"head_rotation": {
					"rotation": {
						"0.0": {
							"post": [0, 0, 0],
							"lerp_mode": "catmullrom"
						},
						"0.0833": {
							"post": [-7.5, 0, 0],
							"lerp_mode": "catmullrom"
						},
						"0.2917": {
							"post": [-10, 0, 0],
							"lerp_mode": "catmullrom"
						},
						"0.5": {
							"post": [0, 0, 0],
							"lerp_mode": "catmullrom"
						},
						"0.6667": {
							"post": [0, 0, 0],
							"lerp_mode": "catmullrom"
						}
					}
				}
			},
			"sound_effects": {
				"0.0417": {
					"effect": "pokemon.mareep.cry"
				}
			}
		},
		"animation.mareep_vanguard.demo": {
			"loop": true,
			"bones": {
				"head": {
					"rotation": [-12.5, 0, 0]
				},
				"head_rotation": {
					"rotation": [12.5, 0, 0]
				},
				"tail": {
					"rotation": [5, 0, 0]
				},
				"tail2": {
					"rotation": [30, 0, 0]
				},
				"tail3": {
					"rotation": [30, 0, 0]
				},
				"tail4": {
					"rotation": [22.5, 0, 0]
				},
				"tail_end": {
					"rotation": [7.36541, 0.33098, -1.76734]
				},
				"leg_front_left": {
					"rotation": [0, -5, 0]
				},
				"leg_back_left": {
					"rotation": [0, -10, 0]
				},
				"leg_front_right": {
					"rotation": [0, 5, 0]
				},
				"leg_back_right": {
					"rotation": [0, 10, 0]
				}
			}
		}
	}
}