{
	"format_version": "1.12.0",
	"minecraft:geometry": [
		{
			"description": {
				"identifier": "geometry.kabumaldo",
				"texture_width": 256,
				"texture_height": 256,
				"visible_bounds_width": 7,
				"visible_bounds_height": 3,
				"visible_bounds_offset": [0, 0.5, 0]
			},
			"bones": [
				{
					"name": "kabumaldo",
					"pivot": [0, 0, 0]
				},
				{
					"name": "body",
					"parent": "kabumaldo",
					"pivot": [0, 3.87655, 0.27488]
				},
				{
					"name": "leg2",
					"parent": "body",
					"pivot": [-3.82635, 13.16584, -0.0975],
					"cubes": [
						{"origin": [-7.82635, 5.7, -3.81519], "size": [6, 9, 8], "inflate": 0.02, "pivot": [-4.57635, 6.95, 0.43481], "rotation": [5, 0, 0], "uv": [76, 102], "mirror": true}
					]
				},
				{
					"name": "knee2",
					"parent": "leg2",
					"pivot": [-4.82635, 8.06876, 1.61641],
					"cubes": [
						{"origin": [-7.32635, 2.1863, -0.18731], "size": [5, 6, 5], "inflate": 0.02, "pivot": [-4.82635, 3.39177, 1.7928], "rotation": [-10, 0, 0], "uv": [34, 118], "mirror": true}
					]
				},
				{
					"name": "foot2",
					"parent": "knee2",
					"pivot": [-4.94212, 2.68271, 2.71849],
					"cubes": [
						{"origin": [-7.32635, 0.14938, -1.38151], "size": [5, 3, 6], "uv": [54, 118], "mirror": true},
						{"origin": [-7.67365, 0.24938, -2.38151], "size": [2, 2, 2], "pivot": [-6.67365, 1.74938, -1.38151], "rotation": [0, 20, 0], "uv": [62, 127]},
						{"origin": [-4.32635, 0.24938, -2.38151], "size": [2, 2, 2], "pivot": [-3.32635, 1.74938, -1.38151], "rotation": [0, -20, 0], "uv": [54, 127], "mirror": true}
					]
				},
				{
					"name": "leg",
					"parent": "body",
					"pivot": [4.82635, 13.16584, -0.0975],
					"cubes": [
						{"origin": [1.82635, 5.7, -3.81519], "size": [6, 9, 8], "inflate": 0.02, "pivot": [4.57635, 6.95, 0.43481], "rotation": [5, 0, 0], "uv": [76, 102]}
					]
				},
				{
					"name": "knee",
					"parent": "leg",
					"pivot": [4.82635, 8.06876, 1.61641],
					"cubes": [
						{"origin": [2.32635, 2.1863, -0.18731], "size": [5, 6, 5], "inflate": 0.02, "pivot": [4.82635, 3.39177, 1.7928], "rotation": [-10, 0, 0], "uv": [34, 118]}
					]
				},
				{
					"name": "foot",
					"parent": "knee",
					"pivot": [4.94212, 2.38271, 2.61849],
					"cubes": [
						{"origin": [5.67365, 0.24938, -2.38151], "size": [2, 2, 2], "pivot": [6.67365, 1.74938, -1.38151], "rotation": [0, -20, 0], "uv": [54, 127], "mirror": true},
						{"origin": [2.32635, 0.14938, -1.38151], "size": [5, 3, 6], "uv": [54, 118]},
						{"origin": [2.32635, 0.24938, -2.38151], "size": [2, 2, 2], "pivot": [3.32635, 1.74938, -1.38151], "rotation": [0, 20, 0], "uv": [54, 127]}
					]
				},
				{
					"name": "torso",
					"parent": "body",
					"pivot": [0, 12.61004, -0.34753],
					"cubes": [
						{"origin": [-5, 11.4, -5.8], "size": [10, 5, 11], "uv": [100, 66]},
						{"origin": [-6, 15.4, -6.4], "size": [12, 5, 12], "uv": [52, 68]},
						{"origin": [4, 17.90156, -0.02845], "size": [0, 6, 4], "inflate": 0.01, "pivot": [4, 19.91675, 2.14519], "rotation": [-8.88927, 4.59902, 27.14233], "uv": [26, 123], "mirror": true},
						{"origin": [-4, 17.90156, -0.02845], "size": [0, 6, 4], "inflate": 0.01, "pivot": [-4, 19.91675, 2.14519], "rotation": [-8.88927, -4.59902, -27.14233], "uv": [26, 123]},
						{"origin": [-4, 15.0637, -4.6052], "size": [0, 6, 4], "inflate": 0.01, "pivot": [-4, 19.91675, 2.14519], "rotation": [-8.88927, -4.59902, -27.14233], "uv": [26, 123]},
						{"origin": [4, 15.0637, -4.6052], "size": [0, 6, 4], "inflate": 0.01, "pivot": [4, 19.91675, 2.14519], "rotation": [-8.88927, 4.59902, 27.14233], "uv": [26, 123], "mirror": true}
					]
				},
				{
					"name": "tail",
					"parent": "torso",
					"pivot": [0, 16.79345, 5.64884],
					"cubes": [
						{"origin": [-5.5, 15.2, 4.6], "size": [11, 4, 12], "pivot": [0, 15.7, 10.65], "rotation": [-2.5, 0, 0], "uv": [0, 69]},
						{"origin": [-4.5, 11.2, 5.2], "size": [9, 5, 11], "pivot": [0, 15.7, 10.65], "rotation": [-2.5, 0, 0], "uv": [0, 102]},
						{"origin": [-4, 16.90156, 10.97155], "size": [0, 6, 4], "inflate": 0.01, "pivot": [-4, 18.91675, 13.14519], "rotation": [-8.88927, -4.59902, -27.14233], "uv": [26, 123]},
						{"origin": [4, 16.90156, 10.97155], "size": [0, 6, 4], "inflate": 0.01, "pivot": [4, 18.91675, 13.14519], "rotation": [-8.88927, 4.59902, 27.14233], "uv": [26, 123], "mirror": true},
						{"origin": [-4, 14.0637, 6.3948], "size": [0, 6, 4], "inflate": 0.01, "pivot": [-4, 18.91675, 13.14519], "rotation": [-8.88927, -4.59902, -27.14233], "uv": [26, 123]},
						{"origin": [4, 14.0637, 6.3948], "size": [0, 6, 4], "inflate": 0.01, "pivot": [4, 18.91675, 13.14519], "rotation": [-8.88927, 4.59902, 27.14233], "uv": [26, 123], "mirror": true}
					]
				},
				{
					"name": "tail2",
					"parent": "tail",
					"pivot": [0, 14.65921, 16.50291],
					"cubes": [
						{"origin": [-4, 11.2, 16.2], "size": [8, 4, 13], "pivot": [-0.5, 14.7, 21.65], "rotation": [-2.5, 0, 0], "uv": [44, 85]},
						{"origin": [-5, 14.2, 15.6], "size": [10, 4, 14], "pivot": [-0.5, 14.7, 21.65], "rotation": [-2.5, 0, 0], "uv": [52, 50]},
						{"origin": [4, 13.0637, 19.3948], "size": [0, 6, 4], "inflate": 0.01, "pivot": [4, 17.91675, 26.14519], "rotation": [-8.88927, 4.59902, 27.14233], "uv": [26, 123], "mirror": true},
						{"origin": [-4, 13.0637, 19.3948], "size": [0, 6, 4], "inflate": 0.01, "pivot": [-4, 17.91675, 26.14519], "rotation": [-8.88927, -4.59902, -27.14233], "uv": [26, 123]}
					]
				},
				{
					"name": "tail3",
					"parent": "tail2",
					"pivot": [0, 14.18028, 29.20361],
					"cubes": [
						{"origin": [-4, 13.3, 28.6], "size": [8, 4, 14], "pivot": [-0.5, 13.8, 34.65], "rotation": [-2.5, 0, 0], "uv": [78, 0]},
						{"origin": [-3, 11.3, 29.2], "size": [6, 3, 13], "pivot": [-0.5, 13.8, 34.65], "rotation": [-2.5, 0, 0], "uv": [102, 18]},
						{"origin": [-10, 15.25713, 33.66452], "size": [8, 0, 4], "inflate": 0.01, "pivot": [-2, 15.25713, 35.66452], "rotation": [-1.60757, 1.91486, 49.97313], "uv": [78, 18]},
						{"origin": [2, 15.25713, 33.66452], "size": [8, 0, 4], "inflate": 0.01, "pivot": [2, 15.25713, 35.66452], "rotation": [-1.60757, -1.91486, -49.97313], "uv": [76, 119]}
					]
				},
				{
					"name": "tail4",
					"parent": "tail3",
					"pivot": [0, 13.69685, 43.42935],
					"cubes": [
						{"origin": [-3.5, 12.8, 41.6], "size": [7, 3, 14], "pivot": [-1, 13.3, 47.65], "rotation": [-2.5, 0, 0], "uv": [86, 85]},
						{"origin": [-2.5, 11.2, 42.2], "size": [5, 3, 13], "pivot": [-1, 13.7, 47.65], "rotation": [-2.5, 0, 0], "uv": [102, 34]},
						{"origin": [-10, 14.25713, 44.66452], "size": [8, 0, 3], "inflate": 0.01, "pivot": [-2, 14.25713, 46.66452], "rotation": [-1.60757, 1.91486, 49.97313], "uv": [100, 82]},
						{"origin": [2, 14.25713, 44.66452], "size": [8, 0, 3], "inflate": 0.01, "pivot": [2, 14.25713, 46.66452], "rotation": [-1.60757, -1.91486, -49.97313], "uv": [122, 82]}
					]
				},
				{
					"name": "tailtip",
					"parent": "tail4",
					"pivot": [3, 14.25713, 53.66452],
					"cubes": [
						{"origin": [2, 14.25713, 48.66452], "size": [24, 0, 11], "inflate": 0.01, "pivot": [3, 14.25713, 53.66452], "rotation": [-2.46876, -49.38933, -48.15221], "uv": [0, 22], "mirror": true}
					]
				},
				{
					"name": "tailtip2",
					"parent": "tail4",
					"pivot": [-2.53991, 14.29395, 52.34033],
					"cubes": [
						{"origin": [-26, 14.25713, 48.66452], "size": [24, 0, 11], "inflate": 0.01, "pivot": [-3, 14.25713, 53.66452], "rotation": [-2.46876, 49.38933, 48.15221], "uv": [0, 22]}
					]
				},
				{
					"name": "frill2",
					"parent": "tail3",
					"pivot": [-3.46667, 12.19829, 35.67814],
					"cubes": [
						{"origin": [-13.8, 12.19829, 27.17814], "size": [12, 0, 5], "inflate": 0.01, "pivot": [-7.8, 12.19829, 29.67814], "rotation": [-2.81797, -27.47162, 1.30078], "uv": [0, 118], "mirror": true},
						{"origin": [-14.8, 12.2, 33.2], "size": [12, 0, 5], "inflate": 0.01, "pivot": [2.7, 12.7, 35.65], "rotation": [-2.5, 0, 0], "uv": [0, 118], "mirror": true},
						{"origin": [-14.8, 12.19829, 39.17814], "size": [12, 0, 5], "inflate": 0.01, "pivot": [-8.8, 12.19829, 41.67814], "rotation": [-2.66022, 19.98015, -0.90956], "uv": [0, 118], "mirror": true}
					]
				},
				{
					"name": "frill",
					"parent": "tail3",
					"pivot": [3.46667, 12.19829, 35.67814],
					"cubes": [
						{"origin": [1.8, 12.19829, 27.17814], "size": [12, 0, 5], "inflate": 0.01, "pivot": [7.8, 12.19829, 29.67814], "rotation": [-2.81797, 27.47162, -1.30078], "uv": [0, 118]},
						{"origin": [2.8, 12.2, 33.2], "size": [12, 0, 5], "inflate": 0.01, "pivot": [-2.7, 12.7, 35.65], "rotation": [-2.5, 0, 0], "uv": [0, 118]},
						{"origin": [2.8, 12.19829, 39.17814], "size": [12, 0, 5], "inflate": 0.01, "pivot": [8.8, 12.19829, 41.67814], "rotation": [-2.66022, -19.98015, 0.90956], "uv": [0, 118]}
					]
				},
				{
					"name": "uppertorso",
					"parent": "torso",
					"pivot": [0, 14.17611, -3.9918],
					"cubes": [
						{"origin": [-6, 15.4, -17.4], "size": [12, 5, 12], "inflate": 0.5, "uv": [54, 33]},
						{"origin": [-5, 11.4, -16.8], "size": [10, 5, 11], "inflate": 0.5, "uv": [100, 50]},
						{"origin": [-4, 18.90156, -12.02845], "size": [0, 6, 4], "inflate": 0.01, "pivot": [-4, 20.91675, -9.85481], "rotation": [-8.88927, -4.59902, -27.14233], "uv": [26, 123]},
						{"origin": [4, 18.90156, -12.02845], "size": [0, 6, 4], "inflate": 0.01, "pivot": [4, 20.91675, -9.85481], "rotation": [-8.88927, 4.59902, 27.14233], "uv": [26, 123], "mirror": true},
						{"origin": [-4, 16.0637, -16.6052], "size": [0, 6, 4], "inflate": 0.01, "pivot": [-4, 20.91675, -9.85481], "rotation": [-8.88927, -4.59902, -27.14233], "uv": [26, 123]},
						{"origin": [4, 16.0637, -16.6052], "size": [0, 6, 4], "inflate": 0.01, "pivot": [4, 20.91675, -9.85481], "rotation": [-8.88927, 4.59902, 27.14233], "uv": [26, 123], "mirror": true}
					]
				},
				{
					"name": "leg3",
					"parent": "uppertorso",
					"pivot": [4.24037, 12.85066, -11.975],
					"cubes": [
						{"origin": [2.12573, 9.6677, -14], "size": [3, 4, 4], "pivot": [4.12573, 10.6677, -11], "rotation": [0, 0, 45], "uv": [0, 123]},
						{"origin": [5.12573, 10.6677, -13], "size": [5, 2, 2], "inflate": 0.3, "pivot": [4.12573, 10.6677, -11], "rotation": [0, 0, 45], "uv": [76, 123]},
						{"origin": [8.8281, 7.92556, -14], "size": [5, 4, 4], "pivot": [7.8281, 8.92556, -11], "rotation": [0, 0, 92.5], "uv": [100, 122]},
						{"origin": [13.8281, 8.92556, -13.4], "size": [3, 2, 3], "pivot": [7.8281, 8.92556, -11.4], "rotation": [0, 0, 92.5], "uv": [126, 116]}
					]
				},
				{
					"name": "leg4",
					"parent": "uppertorso",
					"pivot": [-4.24037, 11.85066, -11.975],
					"cubes": [
						{"origin": [-5.12573, 9.6677, -14], "size": [3, 4, 4], "pivot": [-4.12573, 10.6677, -11], "rotation": [0, 0, -45], "uv": [0, 123], "mirror": true},
						{"origin": [-10.12573, 10.6677, -13], "size": [5, 2, 2], "inflate": 0.3, "pivot": [-4.12573, 10.6677, -11], "rotation": [0, 0, -45], "uv": [76, 123], "mirror": true},
						{"origin": [-13.8281, 7.92556, -14], "size": [5, 4, 4], "pivot": [-7.8281, 8.92556, -11], "rotation": [0, 0, -92.5], "uv": [100, 122], "mirror": true},
						{"origin": [-16.8281, 8.92556, -13.4], "size": [3, 2, 3], "pivot": [-7.8281, 8.92556, -11.4], "rotation": [0, 0, -92.5], "uv": [126, 116], "mirror": true}
					]
				},
				{
					"name": "chest",
					"parent": "uppertorso",
					"pivot": [0, 15.12801, -17.42063],
					"cubes": [
						{"origin": [-6, 15.5, -31.4], "size": [12, 5, 14], "inflate": 1, "pivot": [0, 16.5, -24.4], "rotation": [5, 0, 0], "uv": [0, 50]},
						{"origin": [-5, 11.7, -30], "size": [10, 5, 12], "inflate": 1, "uv": [0, 85]},
						{"origin": [0, 18.91675, -21.85481], "size": [0, 6, 4], "inflate": 0.01, "pivot": [0, 21.91675, -19.85481], "rotation": [-10, 0, 0], "uv": [26, 123]},
						{"origin": [0, 18.91675, -31.85481], "size": [0, 6, 4], "inflate": 0.01, "pivot": [0, 21.91675, -29.85481], "rotation": [-10, 0, 0], "uv": [26, 123]},
						{"origin": [-2, 20.40156, -27.02845], "size": [0, 6, 4], "inflate": 0.01, "pivot": [-2, 22.41675, -24.85481], "rotation": [-9.07947, -4.20854, -24.66569], "uv": [26, 123]},
						{"origin": [-2, 17.5637, -31.6052], "size": [0, 6, 4], "inflate": 0.01, "pivot": [-2, 22.41675, -24.85481], "rotation": [-9.07947, -4.20854, -24.66569], "uv": [26, 123]},
						{"origin": [-1, 19.30019, -21.75712], "size": [0, 6, 4], "inflate": 0.01, "pivot": [-1, 22.41675, -24.85481], "rotation": [-9.07947, -4.20854, -24.66569], "uv": [26, 123]},
						{"origin": [2, 20.40156, -27.02845], "size": [0, 6, 4], "inflate": 0.01, "pivot": [2, 22.41675, -24.85481], "rotation": [-9.07947, 4.20854, 24.66569], "uv": [26, 123], "mirror": true},
						{"origin": [2, 17.5637, -31.6052], "size": [0, 6, 4], "inflate": 0.01, "pivot": [2, 22.41675, -24.85481], "rotation": [-9.07947, 4.20854, 24.66569], "uv": [26, 123], "mirror": true},
						{"origin": [1, 19.30019, -21.75712], "size": [0, 6, 4], "inflate": 0.01, "pivot": [1, 22.41675, -24.85481], "rotation": [-9.07947, 4.20854, 24.66569], "uv": [26, 123], "mirror": true},
						{"origin": [0, 20.91675, -26.85481], "size": [0, 6, 4], "inflate": 0.01, "pivot": [0, 23.91675, -24.85481], "rotation": [-10, 0, 0], "uv": [26, 123]}
					]
				},
				{
					"name": "head",
					"parent": "chest",
					"pivot": [-0.00001, 14.63204, -32.23626],
					"cubes": [
						{"origin": [-7, 12.2, -43], "size": [14, 4, 13], "inflate": 0.01, "uv": [0, 33]},
						{"origin": [0.5, 15.2, -46.3], "size": [17, 0, 22], "inflate": 0.01, "pivot": [10.5, 15.2, -35.3], "rotation": [5, 7.5, 0], "uv": [0, 0]},
						{"origin": [-17.5, 15.2, -46.3], "size": [17, 0, 22], "inflate": 0.01, "pivot": [-10.5, 15.2, -35.3], "rotation": [5, -7.5, 0], "uv": [0, 0], "mirror": true},
						{"origin": [-2, 13.2, -45.8], "size": [7, 3, 7], "pivot": [0, 14.7, -40.8], "rotation": [0, 45, 0], "uv": [70, 22]},
						{"origin": [-3, 14.85585, -43.73845], "size": [6, 4, 12], "pivot": [-0.5, 18.90865, -30.99601], "rotation": [12.5, 0, 0], "uv": [40, 102]}
					]
				},
				{
					"name": "jaw",
					"parent": "head",
					"pivot": [-0.00026, 13.04485, -42.4948],
					"cubes": [
						{"origin": [-2, 12.2, -45.92843], "size": [5, 2, 5], "inflate": 0.01, "pivot": [0, 13.7, -42.92843], "rotation": [19.31492, 43.45799, 13.45039], "uv": [122, 0]}
					]
				},
				{
					"name": "eye2",
					"parent": "head",
					"pivot": [3.14066, 16.39436, -36],
					"cubes": [
						{"origin": [6, 19.2, -37], "size": [4, 8, 2], "inflate": 0.02, "pivot": [7.5, 23.2, -36], "rotation": [0, 0, 35], "uv": [118, 122], "mirror": true},
						{"origin": [6.6, 14.2, -37], "size": [3, 5, 2], "inflate": 0.01, "pivot": [8.1, 23.2, -36], "rotation": [0, 0, 35], "uv": [90, 123]}
					]
				},
				{
					"name": "eyes2",
					"parent": "eye2",
					"pivot": [7.34194, 21.98006, -37],
					"cubes": [
						{"origin": [7.2, 20, -37], "size": [2, 5, 0], "inflate": 0.04, "pivot": [6.7, 23, -36], "rotation": [0, 0, 35], "uv": [46, 69], "mirror": true},
						{"origin": [6.04194, 21.73006, -37], "size": [2, 1, 0], "inflate": 0.05, "pivot": [7.04194, 22.23006, -37], "rotation": [0, 0, 87.5], "uv": [74, 32]}
					]
				},
				{
					"name": "eye",
					"parent": "head",
					"pivot": [-2.7413, 16.18721, -36.5],
					"cubes": [
						{"origin": [-10, 19.2, -37], "size": [4, 8, 2], "inflate": 0.02, "pivot": [-7.5, 23.2, -36], "rotation": [0, 0, -35], "uv": [118, 122]},
						{"origin": [-9.6, 14.2, -37], "size": [3, 5, 2], "inflate": 0.01, "pivot": [-8.1, 23.2, -36], "rotation": [0, 0, -35], "uv": [126, 102]}
					]
				},
				{
					"name": "eyes",
					"parent": "eye",
					"pivot": [-7.34194, 21.98006, -37],
					"cubes": [
						{"origin": [-9.2, 20, -37], "size": [2, 5, 0], "inflate": 0.04, "pivot": [-6.7, 23, -36], "rotation": [0, 0, -35], "uv": [46, 69]},
						{"origin": [-8.04194, 21.73006, -37], "size": [2, 1, 0], "inflate": 0.05, "pivot": [-7.04194, 22.23006, -37], "rotation": [0, 0, -87.5], "uv": [70, 32]}
					]
				},
				{
					"name": "arm",
					"parent": "head",
					"pivot": [5, 12.2, -37.5],
					"cubes": [
						{"origin": [4, 8.2, -39], "size": [2, 4, 3], "inflate": 0.4, "uv": [126, 109], "mirror": true}
					]
				},
				{
					"name": "elbow",
					"parent": "arm",
					"pivot": [5, 8.2, -36.5],
					"cubes": [
						{"origin": [4, 7.2, -43], "size": [2, 2, 7], "inflate": 0.1, "uv": [122, 7], "mirror": true}
					]
				},
				{
					"name": "claw",
					"parent": "elbow",
					"pivot": [5, 7.95428, -42.68474],
					"cubes": [
						{"origin": [5, 1.2, -54], "size": [0, 9, 11], "inflate": 0.01, "pivot": [5, 6.7, -48.5], "rotation": [7.5, 0, 0], "uv": [104, 102], "mirror": true},
						{"origin": [4, 7.2, -47], "size": [2, 2, 4], "uv": [14, 123], "mirror": true}
					]
				},
				{
					"name": "arm2",
					"parent": "head",
					"pivot": [-5, 12.2, -37.5],
					"cubes": [
						{"origin": [-6, 8.2, -39], "size": [2, 4, 3], "inflate": 0.4, "uv": [126, 109]}
					]
				},
				{
					"name": "elbow2",
					"parent": "arm2",
					"pivot": [-5, 8.2, -36.5],
					"cubes": [
						{"origin": [-6, 7.2, -43], "size": [2, 2, 7], "inflate": 0.1, "uv": [122, 7]}
					]
				},
				{
					"name": "claw2",
					"parent": "elbow2",
					"pivot": [-5, 7.95428, -43.68474],
					"cubes": [
						{"origin": [-6, 7.2, -47], "size": [2, 2, 4], "uv": [14, 123]},
						{"origin": [-5, 1.2, -54], "size": [0, 9, 11], "inflate": 0.01, "pivot": [-5, 6.7, -48.5], "rotation": [7.5, 0, 0], "uv": [104, 102]}
					]
				},
				{
					"name": "leg5",
					"parent": "chest",
					"pivot": [-5.24037, 12.85066, -23.975],
					"cubes": [
						{"origin": [-17.8281, 8.92556, -25.4], "size": [3, 2, 3], "pivot": [-8.8281, 8.92556, -23.4], "rotation": [0, 0, -92.5], "uv": [126, 116], "mirror": true},
						{"origin": [-14.8281, 7.92556, -26], "size": [5, 4, 4], "pivot": [-8.8281, 8.92556, -23], "rotation": [0, 0, -92.5], "uv": [100, 122], "mirror": true},
						{"origin": [-11.12573, 10.6677, -25], "size": [5, 2, 2], "inflate": 0.3, "pivot": [-5.12573, 10.6677, -23], "rotation": [0, 0, -45], "uv": [76, 123], "mirror": true},
						{"origin": [-6.12573, 9.6677, -26], "size": [3, 4, 4], "pivot": [-5.12573, 10.6677, -23], "rotation": [0, 0, -45], "uv": [0, 123], "mirror": true}
					]
				},
				{
					"name": "leg6",
					"parent": "chest",
					"pivot": [5.24037, 12.85066, -23.975],
					"cubes": [
						{"origin": [3.12573, 9.6677, -26], "size": [3, 4, 4], "pivot": [5.12573, 10.6677, -23], "rotation": [0, 0, 45], "uv": [0, 123]},
						{"origin": [6.12573, 10.6677, -25], "size": [5, 2, 2], "inflate": 0.3, "pivot": [5.12573, 10.6677, -23], "rotation": [0, 0, 45], "uv": [76, 123]},
						{"origin": [9.8281, 7.92556, -26], "size": [5, 4, 4], "pivot": [8.8281, 8.92556, -23], "rotation": [0, 0, 92.5], "uv": [100, 122]},
						{"origin": [14.8281, 8.92556, -25.4], "size": [3, 2, 3], "pivot": [8.8281, 8.92556, -23.4], "rotation": [0, 0, 92.5], "uv": [126, 116]}
					]
				}
			]
		}
	]
}