{
	"format_version": "1.12.0",
	"minecraft:geometry": [
		{
			"description": {
				"identifier": "geometry.ambipom_female",
				"texture_width": 128,
				"texture_height": 128,
				"visible_bounds_width": 8,
				"visible_bounds_height": 4.5,
				"visible_bounds_offset": [0, 1.75, 0]
			},
			"bones": [
				{
					"name": "ambipom",
					"pivot": [0, -1, 0]
				},
				{
					"name": "body",
					"parent": "ambipom",
					"pivot": [0, -1, 0]
				},
				{
					"name": "left_upper_leg",
					"parent": "body",
					"pivot": [2.25, 11, 0],
					"cubes": [
						{"origin": [0.75, 6, -1.5], "size": [3, 5, 3], "inflate": 0.01, "uv": [73, 0]}
					]
				},
				{
					"name": "left_lower_leg",
					"parent": "left_upper_leg",
					"pivot": [2.25, 6, -1],
					"cubes": [
						{"origin": [1.25, 1, -1], "size": [2, 5, 2], "uv": [69, 78]}
					]
				},
				{
					"name": "left_foot",
					"parent": "left_lower_leg",
					"pivot": [2.25, 2, 0],
					"cubes": [
						{"origin": [0.75, 0, -2.5], "size": [3, 2, 4], "inflate": 0.01, "uv": [64, 71]}
					]
				},
				{
					"name": "left_toes",
					"parent": "left_foot",
					"pivot": [2.25, 1, -2],
					"cubes": [
						{"origin": [0.75, 0, -4], "size": [3, 2, 2], "uv": [78, 14]}
					]
				},
				{
					"name": "right_upper_leg",
					"parent": "body",
					"pivot": [-2.25, 11, 0],
					"cubes": [
						{"origin": [-3.75, 6, -1.5], "size": [3, 5, 3], "inflate": 0.01, "uv": [71, 19]}
					]
				},
				{
					"name": "right_lower_leg",
					"parent": "right_upper_leg",
					"pivot": [-2.25, 6, -1],
					"cubes": [
						{"origin": [-3.25, 1, -1], "size": [2, 5, 2], "uv": [0, 0]}
					]
				},
				{
					"name": "right_foot",
					"parent": "right_lower_leg",
					"pivot": [-2.25, 2, 0],
					"cubes": [
						{"origin": [-3.75, 0, -2.5], "size": [3, 2, 4], "inflate": 0.01, "uv": [70, 35]}
					]
				},
				{
					"name": "right_toes",
					"parent": "right_foot",
					"pivot": [-2.25, 1, -2],
					"cubes": [
						{"origin": [-3.75, 0, -4], "size": [3, 2, 2], "uv": [30, 25]}
					]
				},
				{
					"name": "torso",
					"parent": "body",
					"pivot": [0, 9.25, 0],
					"cubes": [
						{"origin": [-3, 10, -3], "size": [6, 6, 6], "uv": [0, 35]}
					]
				},
				{
					"name": "upper_torso",
					"parent": "torso",
					"pivot": [0, 16, 0],
					"cubes": [
						{"origin": [-2.5, 15.5, -2.5], "size": [5, 5, 5], "uv": [42, 9]},
						{"origin": [-1, 17.5, -2.5], "size": [2, 1, 0], "inflate": 0.01, "uv": [17, 47]}
					]
				},
				{
					"name": "left_upper_arm",
					"parent": "upper_torso",
					"pivot": [2.5, 20, 0],
					"cubes": [
						{"origin": [2.5, 18, -1], "size": [6, 2, 2], "uv": [32, 73]}
					]
				},
				{
					"name": "left_lower_arm",
					"parent": "left_upper_arm",
					"pivot": [8.5, 19, 1],
					"cubes": [
						{"origin": [8.5, 17.5, -1.5], "size": [7, 3, 3], "inflate": 0.01, "uv": [61, 47]}
					]
				},
				{
					"name": "left_hand",
					"parent": "left_lower_arm",
					"pivot": [15.5, 19, 0],
					"cubes": [
						{"origin": [15, 18, -1], "size": [2, 2, 2], "inflate": 0.01, "uv": [28, 69]}
					]
				},
				{
					"name": "right_upper_arm",
					"parent": "upper_torso",
					"pivot": [-2.5, 20, 0],
					"cubes": [
						{"origin": [-8.5, 18, -1], "size": [6, 2, 2], "uv": [60, 31]}
					]
				},
				{
					"name": "right_lower_arm",
					"parent": "right_upper_arm",
					"pivot": [-8.5, 19, 1],
					"cubes": [
						{"origin": [-15.5, 17.5, -1.5], "size": [7, 3, 3], "inflate": 0.01, "uv": [61, 41]}
					]
				},
				{
					"name": "right_hand",
					"parent": "right_lower_arm",
					"pivot": [-15.5, 19, 0],
					"cubes": [
						{"origin": [-17, 18, -1], "size": [2, 2, 2], "inflate": 0.01, "uv": [12, 67]}
					]
				},
				{
					"name": "neck",
					"parent": "upper_torso",
					"pivot": [0, 20.5, 0],
					"cubes": [
						{"origin": [-2, 19.5, -2], "size": [4, 4, 4], "uv": [16, 69]}
					]
				},
				{
					"name": "head",
					"parent": "neck",
					"pivot": [0, 22, -0.5],
					"cubes": [
						{"origin": [-6, 22, -4.5], "size": [12, 10, 9], "uv": [0, 0]},
						{"origin": [2.25, 25, -4.5], "size": [3, 4, 0], "inflate": 0.01, "uv": [22, 50]},
						{"origin": [-5.25, 25, -4.5], "size": [3, 4, 0], "inflate": 0.01, "uv": [0, 35]}
					]
				},
				{
					"name": "left_ear",
					"parent": "head",
					"pivot": [6, 25.5, -0.5],
					"rotation": [0, -22.5, 0],
					"cubes": [
						{"origin": [5, 23.5, -0.5], "size": [5, 9, 0], "pivot": [6, 25.5, -0.5], "rotation": [0, 0, 22.5], "uv": [0, 75]}
					]
				},
				{
					"name": "right_ear",
					"parent": "head",
					"pivot": [-6, 25.5, -0.5],
					"rotation": [0, 22.5, 0],
					"cubes": [
						{"origin": [-10, 23.5, -0.5], "size": [5, 9, 0], "pivot": [-6, 25.5, -0.5], "rotation": [0, 0, -22.5], "uv": [0, 19]}
					]
				},
				{
					"name": "eyes",
					"parent": "head",
					"pivot": [0, 21, -1]
				},
				{
					"name": "open",
					"parent": "eyes",
					"pivot": [0, 21, -1]
				},
				{
					"name": "left_eye",
					"parent": "open",
					"pivot": [3.25, 26.75, -4.5],
					"cubes": [
						{"origin": [2.75, 25.5, -4.5], "size": [2, 3, 0], "inflate": 0.015, "uv": [0, 56]},
						{"origin": [3.25, 26.75, -4.5], "size": [1, 1, 0], "inflate": 0.02, "uv": [56, 24]}
					]
				},
				{
					"name": "right_eye",
					"parent": "open",
					"pivot": [-3.25, 26.75, -4.5],
					"cubes": [
						{"origin": [-4.75, 25.5, -4.5], "size": [2, 3, 0], "inflate": 0.015, "uv": [42, 9]},
						{"origin": [-4.25, 26.75, -4.5], "size": [1, 1, 0], "inflate": 0.02, "uv": [4, 40]}
					]
				},
				{
					"name": "closed_happy",
					"parent": "eyes",
					"pivot": [0, 26, -0.9],
					"cubes": [
						{"origin": [3.25, 26.5, -4.4], "size": [2, 1, 0], "inflate": 0.015, "uv": [28, 50]},
						{"origin": [-5.25, 26.5, -4.4], "size": [2, 1, 0], "inflate": 0.015, "uv": [0, 40]},
						{"origin": [2.25, 26, -4.4], "size": [1, 1, 0], "inflate": 0.015, "uv": [54, 24]},
						{"origin": [-3.25, 26, -4.4], "size": [1, 1, 0], "inflate": 0.015, "uv": [27, 37]}
					]
				},
				{
					"name": "closed_exhausted",
					"parent": "eyes",
					"pivot": [0.75, 26.25, -0.9],
					"cubes": [
						{"origin": [3.25, 26.25, -4.4], "size": [2, 1, 0], "inflate": 0.015, "uv": [17, 48]},
						{"origin": [-5.25, 26.25, -4.4], "size": [2, 1, 0], "inflate": 0.015, "uv": [6, 28]},
						{"origin": [2.25, 26.75, -4.4], "size": [1, 1, 0], "inflate": 0.015, "uv": [52, 24]},
						{"origin": [-3.25, 26.75, -4.4], "size": [1, 1, 0], "inflate": 0.015, "uv": [18, 37]}
					]
				},
				{
					"name": "mouth",
					"parent": "head",
					"pivot": [0, 21, -1]
				},
				{
					"name": "grin",
					"parent": "mouth",
					"pivot": [0, 23, -4.5],
					"cubes": [
						{"origin": [0.25, 22.25, -4.5], "size": [1, 2, 0], "inflate": 0.01, "uv": [4, 58]},
						{"origin": [-1.25, 22.25, -4.5], "size": [1, 2, 0], "inflate": 0.01, "uv": [57, 11]},
						{"origin": [1.75, 22.75, -4.5], "size": [1, 2, 0], "inflate": 0.01, "uv": [56, 44]},
						{"origin": [-2.75, 22.75, -4.5], "size": [1, 2, 0], "inflate": 0.01, "uv": [4, 56]},
						{"origin": [-0.5, 22.25, -4.5], "size": [1, 2, 0], "inflate": 0.005, "uv": [26, 54]},
						{"origin": [1.25, 22.75, -4.5], "size": [1, 2, 0], "inflate": 0.005, "uv": [24, 54]},
						{"origin": [-2.25, 22.75, -4.5], "size": [1, 2, 0], "inflate": 0.005, "uv": [22, 54]}
					]
				},
				{
					"name": "frown",
					"parent": "mouth",
					"pivot": [0, 23.9, -4.4],
					"rotation": [0, 0, -180],
					"cubes": [
						{"origin": [0.25, 23.05, -4.4], "size": [1, 2, 0], "inflate": 0.01, "uv": [47, 53]},
						{"origin": [-1.25, 23.05, -4.4], "size": [1, 2, 0], "inflate": 0.01, "uv": [21, 47]},
						{"origin": [1.75, 23.55, -4.4], "size": [1, 2, 0], "inflate": 0.01, "uv": [38, 25]},
						{"origin": [-2.75, 23.55, -4.4], "size": [1, 2, 0], "inflate": 0.01, "uv": [27, 35]},
						{"origin": [-0.5, 23.05, -4.4], "size": [1, 2, 0], "inflate": 0.005, "uv": [18, 35]},
						{"origin": [1.25, 23.55, -4.4], "size": [1, 2, 0], "inflate": 0.005, "uv": [30, 25]},
						{"origin": [-2.25, 23.55, -4.4], "size": [1, 2, 0], "inflate": 0.005, "uv": [6, 0]}
					]
				},
				{
					"name": "closed_grin",
					"parent": "mouth",
					"pivot": [0, 21.25, -0.9],
					"cubes": [
						{"origin": [-1.5, 22.75, -4.4], "size": [3, 1, 0], "inflate": 0.01, "uv": [0, 39]},
						{"origin": [-2.5, 23.25, -4.4], "size": [1, 1, 0], "inflate": 0.01, "uv": [43, 50]},
						{"origin": [1.5, 23.25, -4.4], "size": [1, 1, 0], "inflate": 0.01, "uv": [41, 50]}
					]
				},
				{
					"name": "closed_frown",
					"parent": "mouth",
					"pivot": [0, 23.08333, -4.4],
					"rotation": [0, 0, -180],
					"cubes": [
						{"origin": [-1.5, 22.25, -4.4], "size": [3, 1, 0], "inflate": 0.01, "uv": [0, 28]},
						{"origin": [-2.5, 22.75, -4.4], "size": [1, 1, 0], "inflate": 0.01, "uv": [39, 50]},
						{"origin": [1.5, 22.75, -4.4], "size": [1, 1, 0], "inflate": 0.01, "uv": [22, 49]}
					]
				},
				{
					"name": "open_grin",
					"parent": "mouth",
					"pivot": [0, 23.1, -4.4],
					"cubes": [
						{"origin": [-2, 22.1, -4.4], "size": [4, 2, 0], "inflate": 0.02, "uv": [39, 53]},
						{"origin": [-3, 22.85, -4.4], "size": [6, 2, 0], "inflate": 0.01, "uv": [74, 71]}
					]
				},
				{
					"name": "open_frown",
					"parent": "mouth",
					"pivot": [0, 23.1, -4.4],
					"cubes": [
						{"origin": [-2, 22.85, -4.4], "size": [4, 2, 0], "inflate": 0.02, "uv": [0, 7]},
						{"origin": [-3, 22.1, -4.4], "size": [6, 2, 0], "inflate": 0.01, "uv": [52, 22]}
					]
				},
				{
					"name": "o_mouth",
					"parent": "mouth",
					"pivot": [0, 23, -4.4],
					"cubes": [
						{"origin": [-0.5, 22.5, -4.4], "size": [1, 2, 0], "inflate": 0.02, "uv": [0, 0]}
					]
				},
				{
					"name": "bangs",
					"parent": "head",
					"pivot": [0, 31.5, -4.5],
					"rotation": [-7.5, 0, 0],
					"cubes": [
						{"origin": [-6, 29.5, -4.5], "size": [12, 2, 0], "uv": [57, 9]}
					]
				},
				{
					"name": "nose",
					"parent": "head",
					"pivot": [0, 26, -4.5],
					"cubes": [
						{"origin": [-1, 25, -4.5], "size": [2, 2, 0], "inflate": 0.01, "pivot": [0, 26, -4.5], "rotation": [0, 0, 45], "uv": [42, 12]}
					]
				},
				{
					"name": "hair",
					"parent": "head",
					"pivot": [0, 32, 0]
				},
				{
					"name": "left_hair_tuft",
					"parent": "hair",
					"pivot": [0, 32, 0],
					"rotation": [0, 0, 30],
					"cubes": [
						{"origin": [0, 32, -1.5], "size": [0, 7, 3], "uv": [6, 82]}
					]
				},
				{
					"name": "left_hair_tuft_tip",
					"parent": "left_hair_tuft",
					"pivot": [0, 39, 0],
					"rotation": [0, 0, 30],
					"cubes": [
						{"origin": [0, 39, -1.5], "size": [0, 7, 3], "uv": [6, 89]}
					]
				},
				{
					"name": "right_hair_tuft",
					"parent": "hair",
					"pivot": [0, 32, 0],
					"rotation": [0, 0, -30],
					"cubes": [
						{"origin": [0, 32, -1.5], "size": [0, 7, 3], "uv": [0, 82]}
					]
				},
				{
					"name": "right_hair_tuft_tip",
					"parent": "right_hair_tuft",
					"pivot": [0, 39, 0],
					"rotation": [0, 0, -30],
					"cubes": [
						{"origin": [0, 39, -1.5], "size": [0, 7, 3], "uv": [0, 89]}
					]
				},
				{
					"name": "left_butt_tuft",
					"parent": "torso",
					"pivot": [0.5, 12, 3],
					"rotation": [0, 0, 15],
					"cubes": [
						{"origin": [0.5, 10, 3], "size": [9, 9, 0], "pivot": [0.5, 10, 3], "rotation": [0, -15, 0], "uv": [40, 55]}
					]
				},
				{
					"name": "right_butt_tuft",
					"parent": "torso",
					"pivot": [-0.5, 12, 3],
					"rotation": [0, 0, -15],
					"cubes": [
						{"origin": [-9.5, 10, 3], "size": [9, 9, 0], "pivot": [-0.5, 10, 3], "rotation": [0, 15, 0], "uv": [55, 0]}
					]
				},
				{
					"name": "tail_rotation",
					"parent": "torso",
					"pivot": [0, 11, 3]
				},
				{
					"name": "tail_left",
					"parent": "tail_rotation",
					"pivot": [0.75, 11, 2],
					"rotation": [0, 22.5, 0],
					"cubes": [
						{"origin": [-0.25, 10, 2], "size": [2, 2, 7], "inflate": 0.02, "uv": [60, 22]}
					]
				},
				{
					"name": "tail_left2",
					"parent": "tail_left",
					"pivot": [0.75, 11, 8.5],
					"cubes": [
						{"origin": [-0.25, 10, 8.5], "size": [2, 2, 7], "inflate": 0.01, "uv": [22, 60]}
					]
				},
				{
					"name": "tail_left3",
					"parent": "tail_left2",
					"pivot": [0.75, 11, 15],
					"cubes": [
						{"origin": [-0.25, 10, 15], "size": [2, 2, 7], "uv": [11, 58]}
					]
				},
				{
					"name": "tail_left4",
					"parent": "tail_left3",
					"pivot": [0.75, 11, 21.5],
					"cubes": [
						{"origin": [-0.25, 10, 21.5], "size": [2, 2, 7], "inflate": -0.01, "uv": [51, 57]}
					]
				},
				{
					"name": "tail_left5",
					"parent": "tail_left4",
					"pivot": [0.75, 11, 28],
					"cubes": [
						{"origin": [-0.25, 10, 28], "size": [2, 2, 7], "inflate": -0.02, "uv": [0, 56]}
					]
				},
				{
					"name": "tail_hand_left",
					"parent": "tail_left5",
					"pivot": [0.75, 11, 35],
					"cubes": [
						{"origin": [-4.25, 8, 34.5], "size": [10, 6, 10], "inflate": -0.01, "uv": [30, 25]}
					]
				},
				{
					"name": "left_middle_finger",
					"parent": "tail_hand_left",
					"pivot": [0.75, 10, 44.5],
					"cubes": [
						{"origin": [-0.75, 9.5, 43.5], "size": [3, 3, 3], "uv": [78, 44]}
					]
				},
				{
					"name": "left_middle_finger2",
					"parent": "left_middle_finger",
					"pivot": [0.75, 10, 46.5],
					"cubes": [
						{"origin": [-1.25, 9, 46.5], "size": [4, 4, 4], "inflate": 0.01, "uv": [52, 67]}
					]
				},
				{
					"name": "left_middle_finger_tip",
					"parent": "left_middle_finger2",
					"pivot": [0.75, 10, 49.5],
					"cubes": [
						{"origin": [-0.75, 9.5, 49.5], "size": [3, 3, 3], "uv": [34, 78]}
					]
				},
				{
					"name": "left_outer_finger",
					"parent": "tail_hand_left",
					"pivot": [5.25, 10, 43],
					"rotation": [0, 90, 0],
					"cubes": [
						{"origin": [3.75, 9.5, 42], "size": [3, 3, 3], "uv": [78, 8]}
					]
				},
				{
					"name": "left_outer_finger2",
					"parent": "left_outer_finger",
					"pivot": [5.25, 10, 45],
					"cubes": [
						{"origin": [3.25, 9, 45], "size": [4, 4, 4], "inflate": 0.01, "uv": [0, 67]}
					]
				},
				{
					"name": "left_outer_finger_tip",
					"parent": "left_outer_finger2",
					"pivot": [5.25, 10, 48],
					"cubes": [
						{"origin": [3.75, 9.5, 48], "size": [3, 3, 3], "uv": [77, 60]}
					]
				},
				{
					"name": "left_inner_finger",
					"parent": "tail_hand_left",
					"pivot": [-3.75, 10, 43],
					"rotation": [0, -90, 0],
					"cubes": [
						{"origin": [-5.25, 9.5, 42], "size": [3, 3, 3], "uv": [57, 77]}
					]
				},
				{
					"name": "left_inner_finger2",
					"parent": "left_inner_finger",
					"pivot": [-3.75, 10, 45],
					"cubes": [
						{"origin": [-5.75, 9, 45], "size": [4, 4, 4], "inflate": 0.01, "uv": [65, 63]}
					]
				},
				{
					"name": "left_inner_finger_tip",
					"parent": "left_inner_finger2",
					"pivot": [-3.75, 10, 48],
					"cubes": [
						{"origin": [-5.25, 9.5, 48], "size": [3, 3, 3], "uv": [22, 77]}
					]
				},
				{
					"name": "left_tail_tuft",
					"parent": "tail_left5",
					"pivot": [0.75, 11, 34],
					"cubes": [
						{"origin": [-4.75, 6.25, 34], "size": [11, 9, 0], "uv": [24, 41]},
						{"origin": [-4.75, 10.75, 32], "size": [11, 0, 3], "uv": [27, 22]},
						{"origin": [-3.75, 10.75, 32], "size": [9, 0, 3], "pivot": [0.75, 11, 34], "rotation": [0, 0, 90], "uv": [49, 19]}
					]
				},
				{
					"name": "tail_right",
					"parent": "tail_rotation",
					"pivot": [-0.75, 11, 2],
					"rotation": [0, -22.5, 0],
					"cubes": [
						{"origin": [-1.75, 10, 2], "size": [2, 2, 7], "inflate": 0.02, "uv": [22, 51]}
					]
				},
				{
					"name": "tail_right2",
					"parent": "tail_right",
					"pivot": [-0.75, 11, 8.5],
					"cubes": [
						{"origin": [-1.75, 10, 8.5], "size": [2, 2, 7], "inflate": 0.01, "uv": [50, 46]}
					]
				},
				{
					"name": "tail_right3",
					"parent": "tail_right2",
					"pivot": [-0.75, 11, 15],
					"cubes": [
						{"origin": [-1.75, 10, 15], "size": [2, 2, 7], "uv": [11, 49]}
					]
				},
				{
					"name": "tail_right4",
					"parent": "tail_right3",
					"pivot": [-0.75, 11, 21.5],
					"cubes": [
						{"origin": [-1.75, 10, 21.5], "size": [2, 2, 7], "inflate": -0.01, "uv": [0, 47]}
					]
				},
				{
					"name": "tail_right5",
					"parent": "tail_right4",
					"pivot": [-0.75, 11, 28],
					"cubes": [
						{"origin": [-1.75, 10, 28], "size": [2, 2, 7], "inflate": -0.02, "uv": [39, 44]}
					]
				},
				{
					"name": "tail_hand_right",
					"parent": "tail_right5",
					"pivot": [-0.75, 11, 35],
					"cubes": [
						{"origin": [-5.75, 8, 34.5], "size": [10, 6, 10], "inflate": -0.02, "uv": [0, 19]}
					]
				},
				{
					"name": "right_middle_finger",
					"parent": "tail_hand_right",
					"pivot": [-0.75, 10, 44.5],
					"cubes": [
						{"origin": [-2.25, 9.5, 43.5], "size": [3, 3, 3], "uv": [10, 77]}
					]
				},
				{
					"name": "right_middle_finger2",
					"parent": "right_middle_finger",
					"pivot": [-0.75, 10, 46.5],
					"cubes": [
						{"origin": [-2.75, 9, 46.5], "size": [4, 4, 4], "inflate": 0.01, "uv": [36, 65]}
					]
				},
				{
					"name": "right_middle_finger_tip",
					"parent": "right_middle_finger2",
					"pivot": [-0.75, 10, 49.5],
					"cubes": [
						{"origin": [-2.25, 9.5, 49.5], "size": [3, 3, 3], "uv": [76, 28]}
					]
				},
				{
					"name": "right_outer_finger",
					"parent": "tail_hand_right",
					"pivot": [-5.25, 10, 43],
					"rotation": [0, -90, 0],
					"cubes": [
						{"origin": [-6.75, 9.5, 42], "size": [3, 3, 3], "uv": [75, 74]}
					]
				},
				{
					"name": "right_outer_finger2",
					"parent": "right_outer_finger",
					"pivot": [-5.25, 10, 45],
					"cubes": [
						{"origin": [-7.25, 9, 45], "size": [4, 4, 4], "inflate": 0.01, "uv": [62, 55]}
					]
				},
				{
					"name": "right_outer_finger_tip",
					"parent": "right_outer_finger2",
					"pivot": [-5.25, 10, 48],
					"cubes": [
						{"origin": [-6.75, 9.5, 48], "size": [3, 3, 3], "uv": [45, 75]}
					]
				},
				{
					"name": "right_inner_finger",
					"parent": "tail_hand_right",
					"pivot": [3.75, 10, 43],
					"rotation": [0, 90, 0],
					"cubes": [
						{"origin": [2.25, 9.5, 42], "size": [3, 3, 3], "uv": [74, 53]}
					]
				},
				{
					"name": "right_inner_finger2",
					"parent": "right_inner_finger",
					"pivot": [3.75, 10, 45],
					"cubes": [
						{"origin": [1.75, 9, 45], "size": [4, 4, 4], "inflate": 0.01, "uv": [62, 11]}
					]
				},
				{
					"name": "right_inner_finger_tip",
					"parent": "right_inner_finger2",
					"pivot": [3.75, 10, 48],
					"cubes": [
						{"origin": [2.25, 9.5, 48], "size": [3, 3, 3], "uv": [18, 35]}
					]
				},
				{
					"name": "right_tail_tuft",
					"parent": "tail_right5",
					"pivot": [-0.75, 11, 34],
					"cubes": [
						{"origin": [-6.25, 6.25, 34], "size": [11, 9, 0], "uv": [33, 0]},
						{"origin": [-6.25, 10.75, 32], "size": [11, 0, 3], "uv": [27, 19]},
						{"origin": [-5.25, 10.75, 32], "size": [9, 0, 3], "pivot": [-0.75, 11, 34], "rotation": [0, 0, -90], "uv": [43, 41]}
					]
				}
			]
		}
	]
}