{
  "portraitScale": 1.8,
  "portraitTranslation": [0.11, 0.21, 0],
  "profileScale": 0.75,
  "profileTranslation": [0.08, 0.78, 0],
  "rootBone": "alloette",
  "animations": {
    "cry": "q.bedrock_stateful('alloette', 'cry')",
    "recoil": "q.bedrock_stateful('alloette', 'recoil')"
  },
  "poses": {
    "battle-standing": {
      "poseTypes": ["STAND"],
      "isBattle": true,
      "animations": ["q.look('head')", "q.bedrock('alloette', 'battle_idle')"],
      "quirks": ["q.bedrock_quirk('alloette', 'blink')"]
    },
    "standing": {
      "poseTypes": ["STAND", "HOVER", "FLOAT", "NONE", "PORTRAIT", "PROFILE"],
      "isBattle": false,
      "animations": ["q.look('head')", "q.bedrock('alloette', 'ground_idle')"],
      "quirks": ["q.bedrock_quirk('alloette', 'blink')"]
    },
    "walking": {
      "poseTypes": ["WALK", "FLY", "SWIM"],
      "animations": ["q.look('head')", "q.bedrock('alloette', 'ground_walk')"],
      "quirks": ["q.bedrock_quirk('alloette', 'blink')"]
    },
    "sleep": {
      "poseTypes": ["SLEEP"],
      "namedAnimations": {
        "cry": "q.bedrock_stateful('dummy', 'cry')"
      },
      "animations": ["q.bedrock('alloette', 'sleep')"]
    }
  }
}
