{
  "portraitScale": 1.25,
  "portraitTranslation": [-0.65, 4.15, 0],
  "profileScale": 0.325,
  "profileTranslation": [0, 1.5, 0],
  "animations": {
    "faint": "q.bedrock_primary('dhelmise_sculk', 'faint', q.curve('one'))"
  },
  "poses": {
    "standing": {
      "poseTypes": ["STAND", "NONE", "PORTRAIT", "PROFILE"],
      "isBattle": false,
      "animations": ["q.look('head')", "q.bedrock('dhelmise_sculk', 'ground_idle')"]
    },
    "walking": {
      "poseTypes": ["WALK"],
      "animations": ["q.look('head')", "q.bedrock('dhelmise_sculk', 'ground_walk')"],
      "quirks": ["q.bedrock_quirk('dhelmise_sculk', 'blink')"]
    },
    "sleep": {
      "poseTypes": ["SLEEP"],
      "animations": ["q.bedrock('dhelmise_sculk', 'sleep')"]
    }
  }
}
