{
  "portraitScale": 1.4,
  "portraitTranslation": [-0.4, 3, 0],
  "profileScale": 0.4,
  "profileTranslation": [0, 1.35, 0],
  "rootBone": "djinnferno",
  "animations": {
    "faint": "q.bedrock_primary('djinnferno', 'faint')",
    "physical": "q.bedrock_primary('djinnferno', 'physical')"
  },
  "poses": {
    "standing": {
      "poseTypes": ["STAND", "FLOAT", "HOVER", "NONE", "PORTRAIT", "PROFILE"],
      "animations": ["q.bedrock('djinnferno', 'ground_idle')"]
    },
    "walking": {
      "poseTypes": ["WALK", "FLY"],
      "animations": ["q.bedrock('djinnferno', 'ground_walk')"]
    },
    "sleep": {
      "poseTypes": ["SLEEP"],
      "animations": ["q.bedrock('djinnferno', 'sleep')"]
    }
  }
}
