{
  "portraitScale": 1.7,
  "portraitTranslation": [-0.7, -0.55, 0],
  "profileScale": 0.8,
  "profileTranslation": [0, 0.5, 0],
  "animations": {
    "cry": "q.bedrock_stateful('dunecargo', 'cry')"
  },
  "poses": {
    "standing": {
      "poseTypes": ["STAND", "NONE", "PORTRAIT", "PROFILE"],
      "animations": ["q.look('head')", "q.bedrock('dunecargo', 'ground_idle')"],
      "quirks": ["q.bedrock_quirk('dunecargo', 'blink')"]
    },
    "walking": {
      "poseTypes": ["WALK"],
      "animations": ["q.look('head')", "q.bedrock('dunecargo', 'ground_walk')"],
      "quirks": ["q.bedrock_quirk('dunecargo', 'blink')"]
    },
    "sleep": {
      "poseTypes": ["SLEEP"],
      "animations": ["q.bedrock('dunecargo', 'sleep')"]
    }
  }
}
