{
  "portraitScale": 2.0,
  "portraitTranslation": [0, 1.25, 0],
  "profileScale": 0.6,
  "profileTranslation": [0, 1, 0],
  "animations": {},
  "poses": {
    "battle_standing": {
      "poseTypes": ["STAND", "FLOAT", "HOVER", "NONE", "PORTRAIT", "PROFILE"],
      "isBattle": true,
      "animations": ["q.look('head')", "q.bedrock('echolyte', 'battle_idle')"],
      "quirks": ["q.bedrock_quirk('echolyte', 'blink')"]
    },
    "standing": {
      "poseTypes": ["STAND", "FLOAT", "HOVER", "NONE", "PORTRAIT", "PROFILE"],
      "isBattle": false,
      "animations": ["q.look('head')", "q.bedrock('echolyte', 'air_idle')"],
      "quirks": ["q.bedrock_quirk('echolyte', 'blink')"]
    },
    "walking": {
      "poseTypes": ["WALK", "FLY"],
      "animations": ["q.look('head')", "q.bedrock('echolyte', 'air_idle')"],
      "quirks": ["q.bedrock_quirk('echolyte', 'blink')"]
    }
  }
}
