{
  "portraitScale": 1.9,
  "portraitTranslation": [-0.4, 1.6, 0],
  "profileScale": 0.65,
  "profileTranslation": [0, 0.85, 0],
  "rootBone": "falinks",
  "animations": {
    "faint": "q.bedrock_stateful('falinks_gunslinger', 'faint')",
    "cry": "q.bedrock_stateful('falinks_gunslinger', 'cry')",
    "status": "q.bedrock_primary('falinks_gunslinger', 'cry')",
    "physical": "q.bedrock_primary('falinks_gunslinger', 'attack')",
    "special": "q.bedrock_primary('falinks_gunslinger', 'attack')"
  },
  "poses": {
    "portrait": {
      "poseTypes": ["PORTRAIT", "PROFILE"],
      "isBattle": false,
      "animations": ["q.bedrock('falinks_gunslinger', 'summary_idle')"],
      "quirks": [
          "q.bedrock_quirk('falinks_gunslinger', 'blink')",
          "q.bedrock_quirk('falinks_gunslinger', 'blink2')",
          "q.bedrock_quirk('falinks_gunslinger', 'blink3')",
          "q.bedrock_quirk('falinks_gunslinger', 'blink4')",
          "q.bedrock_quirk('falinks_gunslinger', 'blink5')"
      ]
    },
    "standing": {
      "poseTypes": ["STAND", "NONE"],
      "isBattle": false,
      "animations": ["q.bedrock('falinks_gunslinger', 'ground_idle')"],
      "quirks": [
          "q.bedrock_quirk('falinks_gunslinger', 'blink')",
          "q.bedrock_quirk('falinks_gunslinger', 'blink2')",
          "q.bedrock_quirk('falinks_gunslinger', 'blink3')",
          "q.bedrock_quirk('falinks_gunslinger', 'blink4')",
          "q.bedrock_quirk('falinks_gunslinger', 'blink5')"
      ]
    },
    "battle-standing": {
      "poseTypes": ["STAND"],
      "isBattle": true,
      "animations": ["q.bedrock('falinks_gunslinger', 'battle_idle')"],
      "quirks": [
          "q.bedrock_quirk('falinks_gunslinger', 'blink')",
          "q.bedrock_quirk('falinks_gunslinger', 'blink2')",
          "q.bedrock_quirk('falinks_gunslinger', 'blink3')",
          "q.bedrock_quirk('falinks_gunslinger', 'blink4')",
          "q.bedrock_quirk('falinks_gunslinger', 'blink5')"
      ]
    },
    "walking": {
      "poseTypes": ["WALK", "SWIM"],
      "animations": ["q.bedrock('falinks_gunslinger', 'ground_walk')"],
      "quirks": [
          "q.bedrock_quirk('falinks_gunslinger', 'blink')",
          "q.bedrock_quirk('falinks_gunslinger', 'blink2')",
          "q.bedrock_quirk('falinks_gunslinger', 'blink3')",
          "q.bedrock_quirk('falinks_gunslinger', 'blink4')",
          "q.bedrock_quirk('falinks_gunslinger', 'blink5')"
      ]
    }
  }
}
