{
  "portraitScale": 2.6,
  "portraitTranslation": [-0.22, -1.6, 0],
  "profileScale": 0.75,
  "profileTranslation": [0, 0.67, 0],
  "rootBone": "fomantis",
  "animations": {
    "cry": "q.bedrock_stateful('fomantis_lunar', 'cry')"
  },
  "poses": {
    "standing": {
      "poseTypes": ["STAND", "NONE", "PORTRAIT", "PROFILE"],
      "isBattle": false,
      "animations": ["q.look('head')", "q.bedrock('fomantis_lunar', 'ground_idle')"],
      "quirks": ["q.bedrock_quirk('fomantis_lunar', 'blink')"]
    },
    "walking": {
      "poseTypes": ["WALK"],
      "animations": ["q.look('head')", "q.bedrock('fomantis_lunar', 'ground_walk')"],
      "quirks": ["q.bedrock_quirk('fomantis_lunar', 'blink')"]
    },
    "sleep": {
      "poseTypes": ["SLEEP"],
      "isWild": false,
      "namedAnimations": {
        "cry": "q.bedrock_stateful('dummy', 'cry')"
      },
      "animations": ["q.bedrock('fomantis_lunar', 'sleep')"]
    },
    "wild_sleep": {
      "poseTypes": ["SLEEP"],
      "isWild": true,
      "namedAnimations": {
        "cry": "q.bedrock_stateful('dummy', 'cry')"
      },
      "animations": ["q.bedrock('fomantis_lunar', 'wild_sleep')"]
    }
  }
}
