{
  "portraitScale": 1.45,
  "portraitTranslation": [-0.1, 0.5, 0],
  "profileScale": 0.6,
  "profileTranslation": [0, 0.9, 0],
  "animations": {
    "faint": "q.bedrock_primary('gildenose', 'faint')"
  },
  "poses": {
    "standing": {
      "poseTypes": ["STAND", "NONE", "PORTRAIT", "PROFILE"],
      "animations": ["q.bedrock('gildenose', 'ground_idle')"]
    },
    "walking": {
      "poseTypes": ["WALK"],
      "animations": ["q.bedrock('gildenose', 'ground_walk')"]
    },
    "sleep": {
      "poseTypes": ["SLEEP"],
      "animations": ["q.bedrock('gildenose', 'sleep')"]
    }
  }
}
