{
  "portraitScale": 2.75,
  "portraitTranslation": [0, -0.25, 0],
  "profileScale": 0.8,
  "profileTranslation": [0, 0.55, 0],
  "rootBone": "golett",
  "animations": {
    "faint": "q.bedrock_primary('golett_copper', 'faint', q.curve('one'))",
    "cry": "q.bedrock_stateful('golett_copper', 'cry')",
    "special": "q.bedrock_primary('golett_copper', 'special_attack')"
  },
  "poses": {
    "standing": {
      "poseTypes": ["STAND", "NONE", "PORTRAIT", "PROFILE"],
      "animations": ["q.look('head')", "q.bedrock('golett_copper', 'ground_idle')"],
      "quirks": ["q.bedrock_quirk('golett_copper', 'blink')"]
    },
    "walking": {
      "poseTypes": ["WALK"],
      "animations": ["q.look('head')", "q.bedrock('golett_copper', 'ground_walk')"],
      "quirks": ["q.bedrock_quirk('golett_copper', 'blink')"]
    },
    "sleep": {
      "poseTypes": ["SLEEP"],
      "animations": ["q.bedrock('golett_copper', 'sleep')"]
    }
  }
}
