{
  "portraitScale": 2.5,
  "portraitTranslation": [-0.25, 4.75, 0],
  "profileScale": 0.4,
  "profileTranslation": [0, 1.15, 0],
  "rootBone": "golurk",
  "animations": {
    "faint": "q.bedrock_primary('golurk_copper', 'faint', q.curve('one'))",
    "cry": "q.bedrock_stateful('golurk_copper', 'cry')",
    "special": "q.bedrock_primary('golurk_copper', 'special_attack')"
  },
  "poses": {
    "standing": {
      "poseTypes": ["STAND", "NONE", "PORTRAIT", "PROFILE"],
      "animations": ["q.look('head')", "q.bedrock('golurk_copper', 'ground_idle')"],
      "quirks": ["q.bedrock_quirk('golurk_copper', 'blink')"]
    },
    "walking": {
      "poseTypes": ["WALK"],
      "animations": ["q.look('head')", "q.bedrock('golurk_copper', 'ground_walk')"],
      "quirks": ["q.bedrock_quirk('golurk_copper', 'blink')"]
    },
    "sleep": {
      "poseTypes": ["SLEEP"],
      "animations": ["q.bedrock('golurk_copper', 'sleep')"]
    }
  }
}
