{
  "portraitScale": 1.5,
  "portraitTranslation": [-1, -0.85, 0],
  "profileScale": 0.5,
  "profileTranslation": [0.0, 0.75, 0.0],
  "rootBone": "goodra",
  "animations": {
    "cry": "q.bedrock_stateful('goodra_bogland', 'cry')"
  },
  "poses": {
    "standing": {
      "poseTypes": ["STAND", "NONE", "PORTRAIT", "PROFILE"],
      "animations": ["q.bedrock('goodra_bogland', 'ground_idle')"],
      "quirks": ["q.bedrock_quirk('goodra_bogland', 'blink')"]
    },
    "walking": {
      "poseTypes": ["WALK"],
      "animations": ["q.look('head')", "q.bedrock('goodra_bogland', 'ground_walk')"],
      "quirks": ["q.bedrock_quirk('goodra_bogland', 'blink')"]
    },
    "sleep": {
      "poseTypes": ["SLEEP"],
      "animations": ["q.bedrock('goodra_bogland', 'sleep')"]
    }
  }
}
