{
  "portraitScale": 1.75,
  "portraitTranslation": [-1.14, 3.45, 0],
  "profileScale": 0.34,
  "profileTranslation": [0.0, 1.29, 0],
  "rootBone": "hattertainer",
  "animations": {
    "cry": "q.bedrock_stateful('hattertainer', 'cry')"
  },
  "poses": {
    "battle_standing": {
      "poseTypes": ["STAND"],
      "isBattle": true,
      "animations": ["q.look('head_ai')", "q.bedrock('hattertainer', 'battle_idle')"],
      "quirks": ["q.bedrock_quirk('hattertainer', 'blink')"]
    },
    "standing": {
      "poseTypes": ["STAND", "NONE", "PORTRAIT", "PROFILE", "FLOAT", "HOVER"],
      "isBattle": false,
      "animations": ["q.look('head_ai')", "q.bedrock('hattertainer', 'ground_idle')"],
      "quirks": ["q.bedrock_quirk('hattertainer', 'blink')"]
    },
    "walking": {
      "poseTypes": ["WALK", "SWIM", "FLY"],
      "animations": ["q.bedrock('hattertainer', 'ground_walk')"],
      "quirks": ["q.bedrock_quirk('hattertainer', 'blink')"]
    },
    "sleep": {
      "poseTypes": ["SLEEP"],
      "animations": ["q.bedrock('hattertainer', 'sleep')"]
    }
  }
}
