{
  "portraitScale": 1.45,
  "portraitTranslation": [-0.1, -0.15, 0],
  "profileScale": 0.75,
  "profileTranslation": [0, 0.65, 0],
  "animations": {
    "faint": "q.bedrock_primary('nosepyre', 'faint')"
  },
  "poses": {
    "standing": {
      "poseTypes": ["STAND", "NONE", "PORTRAIT", "PROFILE"],
      "animations": ["q.bedrock('nosepyre', 'ground_idle')"]
    },
    "walking": {
      "poseTypes": ["WALK"],
      "animations": ["q.bedrock('nosepyre', 'ground_walk')"]
    },
    "sleep": {
      "poseTypes": ["SLEEP"],
      "animations": ["q.bedrock('nosepyre', 'sleep')"]
    }
  }
}
