{
  "portraitScale": 2.0,
  "portraitTranslation": [-0.34, -1.2, 0],
  "profileScale": 1.0,
  "profileTranslation": [0, 0.2, 0],
  "animations": {
    "faint": "q.bedrock_primary('papersol', 'faint', q.curve('one'))",
    "cry": "q.bedrock_stateful('papersol', 'cry')"
  },
  "poses": {
    "battle-standing": {
      "poseTypes": ["STAND"],
      "isBattle": true,
      "animations": ["q.look('head')", "q.bedrock('papersol', 'ground_idle')"],
      "quirks": ["q.bedrock_quirk('papersol', 'blink')"]
    },
    "standing": {
      "poseTypes": ["STAND", "NONE", "PORTRAIT", "PROFILE"],
      "isBattle": false,
      "animations": ["q.look('head')", "q.bedrock('papersol', 'ground_idle')"],
      "quirks": ["q.bedrock_quirk('papersol', 'blink')"]
    },
    "walking": {
      "poseTypes": ["WALK"],
      "animations": ["q.look('head')", "q.bedrock('papersol', 'ground_walk')"],
      "quirks": ["q.bedrock_quirk('papersol', 'blink')"]
    },
    "sleep": {
      "poseTypes": ["SLEEP"],
      "animations": ["q.bedrock('papersol', 'sleep')"]
    }
  }
}
