{
  "portraitScale": 1.46,
  "portraitTranslation": [-0.11, 0.4, 0],
  "profileScale": 0.75,
  "profileTranslation": [0, 0.85, 0],
  "rootBone": "pillowisp",
  "animations": {
    "faint": "q.bedrock_primary('pillowisp', 'faint', q.curve('one'))",
    "cry": "q.bedrock_stateful('pillowisp', 'cry')",
    "recoil": "q.bedrock_stateful('pillowisp', 'recoil')"
  },
  "poses": {
    "standing": {
      "poseTypes": ["STAND", "FLOAT", "HOVER", "NONE", "PORTRAIT", "PROFILE"],
      "animations": ["q.bedrock('pillowisp', 'ground_idle')"],
      "quirks": ["q.bedrock_quirk('pillowisp', 'blink')"]
    },
    "walking": {
      "poseTypes": ["WALK", "FLY"],
      "animations": ["q.bedrock('pillowisp', 'ground_walk')"],
      "quirks": ["q.bedrock_quirk('pillowisp', 'blink')"]
    }
  }
}
