{
  "portraitScale": 1.7,
  "portraitTranslation": [-0.6, -0.8, 0],
  "profileScale": 0.8,
  "profileTranslation": [-0.1, 0.45, 0],
  "animations": {
    "cry": "q.bedrock_stateful('slugrit', 'cry')"
  },
  "poses": {
    "standing": {
      "poseTypes": ["STAND", "NONE", "PORTRAIT", "PROFILE"],
      "animations": ["q.look('head')", "q.bedrock('slugrit', 'ground_idle')"],
      "quirks": ["q.bedrock_quirk('slugrit', 'blink')"]
    },
    "walking": {
      "poseTypes": ["WALK"],
      "animations": ["q.look('head')", "q.bedrock('slugrit', 'ground_walk')"],
      "quirks": ["q.bedrock_quirk('slugrit', 'blink')"]
    },
    "sleep": {
      "poseTypes": ["SLEEP"],
      "animations": ["q.bedrock('slugrit', 'sleep')"]
    }
  }
}
