{
  "portraitScale": 2.0,
  "portraitTranslation": [-0.34, 0.9, 0],
  "profileScale": 0.7,
  "profileTranslation": [0, 0.7, 0],
  "animations": {
   "faint": "q.bedrock_primary('umbrelligant', 'faint', q.curve('one'))",
    "cry": "q.bedrock_stateful('umbrelligant', 'cry')"
  },
  "poses": {
    "battle-standing": {
      "poseTypes": ["STAND"],
      "isBattle": true,
      "animations": ["q.look('head')", "q.bedrock('umbrelligant', 'ground_idle')"],
      "quirks": ["q.bedrock_quirk('umbrelligant', 'blink')"]
    },
    "standing": {
      "poseTypes": ["STAND", "NONE", "PORTRAIT", "PROFILE"],
      "isBattle": false,
      "animations": ["q.look('head')", "q.bedrock('umbrelligant', 'ground_idle')"],
      "quirks": ["q.bedrock_quirk('umbrelligant', 'blink')"]
    },
    "walking": {
      "poseTypes": ["WALK"],
      "animations": ["q.look('head')", "q.bedrock('umbrelligant', 'ground_walk')"],
      "quirks": ["q.bedrock_quirk('umbrelligant', 'blink')"]
    },
    "sleep": {
      "poseTypes": ["SLEEP"],
      "animations": ["q.bedrock('umbrelligant', 'sleep')"]
    }
  }
}
