{
	"format_version": "1.12.0",
	"minecraft:geometry": [
		{
			"description": {
				"identifier": "geometry.florges",
				"texture_width": 128,
				"texture_height": 128,
				"visible_bounds_width": 5,
				"visible_bounds_height": 6.5,
				"visible_bounds_offset": [0, 2.75, 0]
			},
			"bones": [
				{
					"name": "florges",
					"pivot": [0, 0, 0]
				},
				{
					"name": "body",
					"parent": "florges",
					"pivot": [0, 18.5, 3],
					"rotation": [42.5, 0, 0],
					"cubes": [
						{"origin": [-3, 16.5, -1], "size": [6, 6, 6], "inflate": 0.03, "uv": [56, 61]},
						{"origin": [-2.5, 11.5, 2], "size": [5, 6, 2], "pivot": [0, 15.5, 3], "rotation": [-20, 0, 0], "uv": [28, 73]}
					]
				},
				{
					"name": "waist",
					"parent": "body",
					"pivot": [0, 22.5, -0.5],
					"rotation": [-37.5, 0, 0],
					"cubes": [
						{"origin": [-1.5, 22.5, -0.5], "size": [3, 4, 3], "inflate": 0.01, "uv": [56, 73]}
					]
				},
				{
					"name": "chest",
					"parent": "waist",
					"pivot": [0, 26.5, 0],
					"rotation": [-7.5, 0, 0],
					"cubes": [
						{"origin": [-1, 26, 0], "size": [2, 3, 2], "inflate": 0.01, "uv": [68, 79]},
						{"origin": [-0.5, 25.5, 2.02], "size": [1, 3, 0], "uv": [32, 81]}
					]
				},
				{
					"name": "leaf_right",
					"parent": "chest",
					"pivot": [-1.5, 24.5, -2.25],
					"rotation": [174.3024, 53.1782, 41.6218]
				},
				{
					"name": "leaf_right_rotation",
					"parent": "leaf_right",
					"pivot": [-5.5, 20.5, -3.25],
					"rotation": [0, 0, 47.5],
					"cubes": [
						{"origin": [-13, 20.5, -7.75], "size": [8, 0, 9], "uv": [46, 9]}
					]
				},
				{
					"name": "leaf_right2",
					"parent": "leaf_right_rotation",
					"pivot": [-13, 20.5, -3.25],
					"cubes": [
						{"origin": [-24, 20.5, -8.75], "size": [11, 0, 11], "inflate": 0.01, "uv": [42, 41]}
					]
				},
				{
					"name": "leaf_right3",
					"parent": "leaf_right2",
					"pivot": [-24, 20.5, -3.25],
					"cubes": [
						{"origin": [-31, 20.5, -7.75], "size": [7, 0, 9], "uv": [0, 57]}
					]
				},
				{
					"name": "leaf_right4",
					"parent": "leaf_right3",
					"pivot": [-31, 20.5, -3.25],
					"cubes": [
						{"origin": [-38, 20.5, -5.75], "size": [7, 0, 5], "uv": [70, 25]}
					]
				},
				{
					"name": "leaf_left",
					"parent": "chest",
					"pivot": [0.5, 28.5, 1.75],
					"rotation": [-174.30242, -53.17817, -49.1218]
				},
				{
					"name": "leaf_left_rotation",
					"parent": "leaf_left",
					"pivot": [0.5, 28.5, 1.75],
					"rotation": [0, 0, -47.5],
					"cubes": [
						{"origin": [0, 28.5, -2.75], "size": [8, 0, 9], "uv": [46, 0]}
					]
				},
				{
					"name": "leaf_left2",
					"parent": "leaf_left_rotation",
					"pivot": [8, 28.5, 1.75],
					"cubes": [
						{"origin": [8, 28.5, -3.75], "size": [11, 0, 11], "inflate": 0.01, "uv": [42, 30]}
					]
				},
				{
					"name": "leaf_left3",
					"parent": "leaf_left2",
					"pivot": [19, 28.5, 1.75],
					"cubes": [
						{"origin": [19, 28.5, -2.75], "size": [7, 0, 9], "uv": [38, 52]}
					]
				},
				{
					"name": "leaf_left4",
					"parent": "leaf_left3",
					"pivot": [26, 28.5, 1.75],
					"cubes": [
						{"origin": [26, 28.5, -0.75], "size": [7, 0, 5], "uv": [46, 25]}
					]
				},
				{
					"name": "arms",
					"parent": "chest",
					"pivot": [0, 29.5, 1],
					"rotation": [2.5, 0, 0]
				},
				{
					"name": "arm_left",
					"parent": "arms",
					"pivot": [1, 29, 1],
					"cubes": [
						{"origin": [0.5, 28.5, 0.5], "size": [3, 1, 1], "uv": [80, 10]},
						{"origin": [3.5, 28.5, 0], "size": [4, 1, 2], "inflate": 0.01, "uv": [68, 73]}
					]
				},
				{
					"name": "arm_left2",
					"parent": "arm_left",
					"pivot": [7.5, 29.5, 2],
					"rotation": [0, 0, -10],
					"cubes": [
						{"origin": [7.5, 28.5, 0], "size": [4, 1, 2], "inflate": 0.02, "uv": [0, 74]}
					]
				},
				{
					"name": "hand_left",
					"parent": "arm_left2",
					"pivot": [11.5, 29, 1],
					"cubes": [
						{"origin": [11.5, 28.5, 0.5], "size": [2, 1, 1], "inflate": 0.01, "uv": [80, 74]}
					]
				},
				{
					"name": "fingers_left",
					"parent": "hand_left",
					"pivot": [13.5, 28.5, 0.9]
				},
				{
					"name": "finger_back_left",
					"parent": "fingers_left",
					"pivot": [13.5, 29.5, 1.5],
					"rotation": [0, -10, 0],
					"cubes": [
						{"origin": [13.5, 28.5, 1.5], "size": [2, 1, 0], "uv": [38, 51]}
					]
				},
				{
					"name": "finger_center_left",
					"parent": "fingers_left",
					"pivot": [13.5, 29.5, 1],
					"cubes": [
						{"origin": [13.5, 28.5, 1], "size": [2, 1, 0], "uv": [38, 50]}
					]
				},
				{
					"name": "finger_front_left",
					"parent": "fingers_left",
					"pivot": [13.5, 29.5, 0.5],
					"rotation": [0, 10, 0],
					"cubes": [
						{"origin": [13.5, 28.5, 0.5], "size": [2, 1, 0], "uv": [80, 78]}
					]
				},
				{
					"name": "arm_right",
					"parent": "arms",
					"pivot": [-1, 29, 1],
					"cubes": [
						{"origin": [-3.5, 28.5, 0.5], "size": [3, 1, 1], "uv": [80, 12]},
						{"origin": [-7.5, 28.5, 0], "size": [4, 1, 2], "inflate": 0.01, "uv": [12, 74]}
					]
				},
				{
					"name": "arm_right2",
					"parent": "arm_right",
					"pivot": [-7.5, 29.5, 2],
					"rotation": [0, 0, 10],
					"cubes": [
						{"origin": [-11.5, 28.5, 0], "size": [4, 1, 2], "inflate": 0.02, "uv": [68, 76]}
					]
				},
				{
					"name": "hand_right",
					"parent": "arm_right2",
					"pivot": [-11.5, 29, 1],
					"cubes": [
						{"origin": [-13.5, 28.5, 0.5], "size": [2, 1, 1], "inflate": 0.01, "uv": [80, 76]}
					]
				},
				{
					"name": "fingers_right",
					"parent": "hand_right",
					"pivot": [-13.5, 28.5, 0.9]
				},
				{
					"name": "finger_back_right",
					"parent": "fingers_right",
					"pivot": [-13.5, 29.5, 1.5],
					"rotation": [0, 10, 0],
					"cubes": [
						{"origin": [-15.5, 28.5, 1.5], "size": [2, 1, 0], "uv": [12, 81]}
					]
				},
				{
					"name": "finger_center_right",
					"parent": "fingers_right",
					"pivot": [-13.5, 29.5, 1],
					"cubes": [
						{"origin": [-15.5, 28.5, 1], "size": [2, 1, 0], "uv": [16, 81]}
					]
				},
				{
					"name": "finger_front_right",
					"parent": "fingers_right",
					"pivot": [-13.5, 29.5, 0.5],
					"rotation": [0, -10, 0],
					"cubes": [
						{"origin": [-15.5, 28.5, 0.5], "size": [2, 1, 0], "uv": [28, 81]}
					]
				},
				{
					"name": "neck",
					"parent": "chest",
					"pivot": [0, 29, 1.75],
					"rotation": [2.5, 0, 0],
					"cubes": [
						{"origin": [-0.5, 29, 0.75], "size": [1, 5, 1], "uv": [38, 44]}
					]
				},
				{
					"name": "head",
					"parent": "neck",
					"pivot": [0, 33, 1.5],
					"cubes": [
						{"origin": [-3, 32, -2.25], "size": [6, 6, 6], "uv": [32, 61]},
						{"origin": [-0.5, 36, -2.25], "size": [1, 2, 0], "inflate": 0.01, "uv": [34, 81]},
						{"origin": [-0.5, 36, 3.75], "size": [1, 2, 0], "inflate": 0.01, "uv": [36, 81]},
						{"origin": [-0.5, 38, -2.25], "size": [1, 0, 6], "inflate": 0.01, "uv": [42, 73]}
					]
				},
				{
					"name": "eyes",
					"parent": "head",
					"pivot": [0, 34.5, -1.25]
				},
				{
					"name": "eye_left",
					"parent": "eyes",
					"pivot": [2.01, 34.5, -1.26],
					"cubes": [
						{"origin": [1.01, 33.5, -2.26], "size": [2, 2, 1], "uv": [80, 61]}
					]
				},
				{
					"name": "pupil_left",
					"parent": "eye_left",
					"pivot": [1.77, 34.25, -2.27],
					"cubes": [
						{"origin": [1.27, 33.75, -2.27], "size": [1, 1, 0], "uv": [38, 81]}
					]
				},
				{
					"name": "eyelid_half_left",
					"parent": "eye_left",
					"pivot": [2.02, 35.5, -1.77],
					"cubes": [
						{"origin": [1.02, 34.5, -2.27], "size": [2, 2, 1], "inflate": 0.01, "uv": [62, 80]}
					]
				},
				{
					"name": "eyelid_full_left",
					"parent": "eye_left",
					"pivot": [1.92, 35, -1.67],
					"cubes": [
						{"origin": [0.92, 33.5, -2.17], "size": [2, 3, 1], "inflate": 0.01, "uv": [32, 57]}
					]
				},
				{
					"name": "eyelash_left",
					"parent": "eye_left",
					"pivot": [-1.99, 37.5, -1.26],
					"rotation": [90, 20, 0],
					"cubes": [
						{"origin": [-1.99, 37.5, -1.26], "size": [0, 1, 2], "uv": [28, 70]}
					]
				},
				{
					"name": "eyelash_left2",
					"parent": "eyelash_left",
					"pivot": [-1.99, 37.5, 0.74],
					"rotation": [17.5, 0, 0],
					"cubes": [
						{"origin": [-1.99, 37.5, 0.74], "size": [0, 1.5, 3], "inflate": 0.01, "uv": [80, 14]}
					]
				},
				{
					"name": "eyelash_left3",
					"parent": "eyelash_left2",
					"pivot": [-1.99, 37.5, 3.74],
					"rotation": [5, 0, 0],
					"cubes": [
						{"origin": [-1.99, 37.5, 3.74], "size": [0, 2, 4], "uv": [20, 77]}
					]
				},
				{
					"name": "eye_right",
					"parent": "eyes",
					"pivot": [-2.01, 34.5, -1.26],
					"cubes": [
						{"origin": [-3.01, 33.5, -2.26], "size": [2, 2, 1], "uv": [80, 64]}
					]
				},
				{
					"name": "pupil_right",
					"parent": "eye_right",
					"pivot": [-1.77, 34.25, -2.27],
					"cubes": [
						{"origin": [-2.27, 33.75, -2.27], "size": [1, 1, 0], "uv": [40, 81]}
					]
				},
				{
					"name": "eyelid_half_right",
					"parent": "eye_right",
					"pivot": [-2.02, 35.5, -1.77],
					"cubes": [
						{"origin": [-3.02, 34.5, -2.27], "size": [2, 2, 1], "inflate": 0.01, "uv": [80, 67]}
					]
				},
				{
					"name": "eyelid_full_right",
					"parent": "eye_right",
					"pivot": [-1.92, 35, -1.67],
					"cubes": [
						{"origin": [-2.92, 33.5, -2.17], "size": [2, 3, 1], "inflate": 0.01, "uv": [50, 79]}
					]
				},
				{
					"name": "eyelash_right",
					"parent": "eye_right",
					"pivot": [1.99, 37.5, -1.26],
					"rotation": [90, -20, 0],
					"cubes": [
						{"origin": [1.99, 37.5, -1.26], "size": [0, 1, 2], "uv": [24, 74]}
					]
				},
				{
					"name": "eyelash_right2",
					"parent": "eyelash_right",
					"pivot": [1.99, 37.5, 0.74],
					"rotation": [17.5, 0, 0],
					"cubes": [
						{"origin": [1.99, 37.5, 0.74], "size": [0, 1.5, 3], "inflate": 0.01, "uv": [56, 80]}
					]
				},
				{
					"name": "eyelash_right3",
					"parent": "eyelash_right2",
					"pivot": [1.99, 37.5, 3.74],
					"rotation": [5, 0, 0],
					"cubes": [
						{"origin": [1.99, 37.5, 3.74], "size": [0, 2, 4], "uv": [42, 79]}
					]
				},
				{
					"name": "muzzle",
					"parent": "head",
					"pivot": [0, 34.1, -2.25],
					"rotation": [17.5, 0, 0],
					"cubes": [
						{"origin": [-1, 32.1, -3.25], "size": [2, 2, 2], "pivot": [0, 33.6, -2.25], "rotation": [0, 45, 0], "uv": [80, 3]}
					]
				},
				{
					"name": "mouth",
					"parent": "muzzle",
					"pivot": [0, 33.6, -2.15],
					"cubes": [
						{"origin": [-1, 32.1, -3.15], "size": [2, 1, 2], "inflate": 0.01, "pivot": [0, 33.6, -2.15], "rotation": [0, 45, 0], "uv": [80, 7]}
					]
				},
				{
					"name": "ears",
					"parent": "head",
					"pivot": [0, 38, 0.75]
				},
				{
					"name": "ear_left",
					"parent": "ears",
					"pivot": [2, 37.5, 0.75],
					"rotation": [0, 0, -65],
					"cubes": [
						{"origin": [2, 36.5, 0.25], "size": [2, 1, 1], "uv": [0, 81]}
					]
				},
				{
					"name": "ear_left2",
					"parent": "ear_left",
					"pivot": [3.5, 37, 0.75],
					"cubes": [
						{"origin": [3.5, 36.5, -0.25], "size": [3, 1, 2], "inflate": 0.01, "uv": [76, 79]}
					]
				},
				{
					"name": "ear_left3",
					"parent": "ear_left2",
					"pivot": [6, 37, 0.75],
					"cubes": [
						{"origin": [6, 36, -0.25], "size": [3, 2, 2], "inflate": 0.02, "uv": [0, 77]}
					]
				},
				{
					"name": "ear_right",
					"parent": "ears",
					"pivot": [-2, 37.5, 0.75],
					"rotation": [0, 0, 65],
					"cubes": [
						{"origin": [-4, 36.5, 0.25], "size": [2, 1, 1], "uv": [6, 81]}
					]
				},
				{
					"name": "ear_right2",
					"parent": "ear_right",
					"pivot": [-3.5, 37, 0.75],
					"cubes": [
						{"origin": [-6.5, 36.5, -0.25], "size": [3, 1, 2], "inflate": 0.01, "uv": [80, 0]}
					]
				},
				{
					"name": "ear_right3",
					"parent": "ear_right2",
					"pivot": [-6, 37, 0.75],
					"cubes": [
						{"origin": [-9, 36, -0.25], "size": [3, 2, 2], "inflate": 0.02, "uv": [10, 77]}
					]
				},
				{
					"name": "hair",
					"parent": "head",
					"pivot": [0, 32, 0.5],
					"rotation": [17.5, 0, 0],
					"cubes": [
						{"origin": [-7, 30.5, -1.25], "size": [14, 3, 4], "uv": [46, 18]}
					]
				},
				{
					"name": "hair_front",
					"parent": "hair",
					"pivot": [0, 32.5, -0.75],
					"rotation": [10, 0, 0],
					"cubes": [
						{"origin": [-4.5, 30.5, -3.25], "size": [9, 2, 3], "uv": [70, 52]},
						{"origin": [-4.5, 30.5, -3.25], "size": [9, 1, 0], "pivot": [0, 31.5, -3.25], "rotation": [-10, 0, 0], "uv": [70, 60]},
						{"origin": [-4.5, 32.5, -3], "size": [9, 0, 3], "pivot": [0, 32.5, -0.75], "rotation": [-5, 0, 0], "uv": [70, 57]}
					]
				},
				{
					"name": "hair2",
					"parent": "hair",
					"pivot": [0, 30.5, 3],
					"rotation": [12.5, 0, 0],
					"cubes": [
						{"origin": [-5, 30.75, 3], "size": [10, 4, 4], "uv": [0, 66]}
					]
				},
				{
					"name": "hair3",
					"parent": "hair2",
					"pivot": [0, 32.25, 7.5],
					"rotation": [7.5, 0, 0]
				},
				{
					"name": "tail",
					"parent": "body",
					"pivot": [0, 18.5, 3],
					"rotation": [-42.5, 0, 0],
					"cubes": [
						{"origin": [-5, 14.5, -4], "size": [10, 4, 9], "inflate": 0.02, "uv": [0, 44]}
					]
				},
				{
					"name": "tail2",
					"parent": "tail",
					"pivot": [0, 14.5, 1],
					"cubes": [
						{"origin": [-6, 11.5, -4.75], "size": [12, 4, 11], "inflate": 0.01, "uv": [0, 0]}
					]
				},
				{
					"name": "bra_right",
					"parent": "tail2",
					"pivot": [3, 14.5, -4.85],
					"rotation": [-3.91775, -2.32012, -61.33968],
					"cubes": [
						{"origin": [1, 12.5, -4.85], "size": [2, 4, 0], "uv": [80, 70]}
					]
				},
				{
					"name": "bra_left",
					"parent": "tail2",
					"pivot": [-3, 14.5, -4.85],
					"rotation": [-3.91775, 2.32012, 61.33968],
					"cubes": [
						{"origin": [-3, 12.5, -4.85], "size": [2, 4, 0], "uv": [28, 66]}
					]
				},
				{
					"name": "tail3",
					"parent": "tail2",
					"pivot": [0, 11.5, 0.75],
					"cubes": [
						{"origin": [-5.5, 8, -4.25], "size": [11, 4, 10], "uv": [0, 30]}
					]
				},
				{
					"name": "tail4",
					"parent": "tail3",
					"pivot": [0, 8, 0.5],
					"cubes": [
						{"origin": [-6, 4.5, -4.75], "size": [12, 4, 11], "uv": [0, 15]}
					]
				}
			]
		}
	]
}