{
	"format_version": "1.12.0",
	"minecraft:geometry": [
		{
			"description": {
				"identifier": "geometry.unknown",
				"texture_width": 64,
				"texture_height": 64,
				"visible_bounds_width": 2,
				"visible_bounds_height": 3.5,
				"visible_bounds_offset": [0, 1.25, 0]
			},
			"bones": [
				{
					"name": "minior",
					"pivot": [0, 0.5, 0]
				},
				{
					"name": "bone17",
					"parent": "minior",
					"pivot": [0, 22, 0]
				},
				{
					"name": "bone7",
					"parent": "bone17",
					"pivot": [0, 18.25, 0]
				},
				{
					"name": "bone16",
					"parent": "bone7",
					"pivot": [0, 20.75, -3],
					"cubes": [
						{"origin": [-0.75, 20.25, -3.01], "size": [1, 1, 0], "uv": [52, 42]},
						{"origin": [-0.25, 20.25, -3.01], "size": [1, 1, 0], "uv": [54, 42]}
					]
				},
				{
					"name": "bone8",
					"parent": "bone7",
					"pivot": [-2, 22.5, -3],
					"rotation": [0, 0, -90],
					"cubes": [
						{"origin": [-3, 21.5, -3.02], "size": [2, 2, 0], "uv": [47, 39]},
						{"origin": [-4.25, 21.75, -3.01], "size": [3, 2, 0], "uv": [47, 37]}
					]
				},
				{
					"name": "bone9",
					"parent": "bone7",
					"pivot": [2, 22.5, -3],
					"rotation": [0, 0, -90],
					"cubes": [
						{"origin": [1, 21.5, -3.02], "size": [2, 2, 0], "uv": [47, 41]},
						{"origin": [1.25, 21.25, -3.01], "size": [3, 2, 0], "uv": [47, 35]}
					]
				},
				{
					"name": "bone18",
					"parent": "bone17",
					"pivot": [0, 22, 0]
				},
				{
					"name": "bone15",
					"parent": "bone18",
					"pivot": [0, 19, 0],
					"cubes": [
						{"origin": [-3, 19, -3], "size": [6, 6, 6], "uv": [12, 52]}
					]
				},
				{
					"name": "bone6",
					"parent": "bone18",
					"pivot": [-0.5, 18.5, 0.5],
					"cubes": [
						{"origin": [-3.5, 18.5, -3.5], "size": [7, 7, 7], "uv": [36, 50]},
						{"origin": [-3, 22.5, -3.51], "size": [2, 2, 0], "uv": [49, 48]},
						{"origin": [1, 22.5, -3.51], "size": [2, 2, 0], "uv": [53, 48]},
						{"origin": [-1.5, 21, 3.51], "size": [3, 3, 0], "uv": [52, 43]},
						{"origin": [-0.5, 24.25, 3.52], "size": [1, 1, 0], "uv": [49, 47]},
						{"origin": [-1.75, 19.75, 3.52], "size": [1, 1, 0], "uv": [43, 49]},
						{"origin": [0.75, 19.75, 3.52], "size": [1, 1, 0], "uv": [45, 47]},
						{"origin": [1.75, 22.75, 3.52], "size": [1, 1, 0], "uv": [47, 47]},
						{"origin": [-3, 22.5, 3.52], "size": [2, 2, 0], "uv": [45, 48]},
						{"origin": [2.25, 22.25, -3.52], "size": [1, 1, 0], "uv": [51, 47]},
						{"origin": [-4, 25, -3.509], "size": [1, 1, 0], "pivot": [-4, 24, -2.5], "rotation": [0, 0, 45], "uv": [53, 47]},
						{"origin": [-2.5, 25, -3.509], "size": [1, 1, 0], "pivot": [-2.5, 24, -2.5], "rotation": [0, 0, 45], "uv": [53, 46]},
						{"origin": [1.25, 25, -3.509], "size": [1, 1, 0], "pivot": [1.25, 24, -2.5], "rotation": [0, 0, 45], "uv": [55, 47]},
						{"origin": [-0.25, 25, -3.509], "size": [1, 1, 0], "pivot": [-0.25, 24, -2.5], "rotation": [0, 0, 45], "uv": [55, 46]}
					]
				},
				{
					"name": "bone",
					"parent": "bone18",
					"pivot": [0, 25, 0],
					"cubes": [
						{"origin": [-0.5, 27.5, 0], "size": [1, 1, 0], "uv": [15, 53]},
						{"origin": [-1, 25.5, 0], "size": [2, 2, 0], "uv": [60, 42]},
						{"origin": [-1, 25, -1], "size": [2, 1, 2], "uv": [35, 42]}
					]
				},
				{
					"name": "bone14",
					"parent": "bone",
					"pivot": [-0.5, 24.75, 0.5],
					"cubes": [
						{"origin": [-1.5, 24.75, -1.5], "size": [3, 2, 3], "uv": [0, 39]}
					]
				},
				{
					"name": "bone4",
					"parent": "bone18",
					"pivot": [-2, 19.5, 0],
					"rotation": [0, 0, -150],
					"cubes": [
						{"origin": [-2.5, 22, 0], "size": [1, 1, 0], "uv": [15, 55]},
						{"origin": [-3, 20, 0], "size": [2, 2, 0], "uv": [60, 51]},
						{"origin": [-3, 19.5, -1], "size": [2, 1, 2], "uv": [35, 51]}
					]
				},
				{
					"name": "bone13",
					"parent": "bone4",
					"pivot": [-2.5, 20.25, 0.5],
					"cubes": [
						{"origin": [-3.5, 19.25, -1.5], "size": [3, 2, 3], "uv": [0, 54]}
					]
				},
				{
					"name": "bone5",
					"parent": "bone18",
					"pivot": [2, 19.5, 0],
					"rotation": [0, 0, 150],
					"cubes": [
						{"origin": [1.5, 22, 0], "size": [1, 1, 0], "uv": [15, 56]},
						{"origin": [1, 20, 0], "size": [2, 2, 0], "uv": [60, 54]},
						{"origin": [1, 19.5, -1], "size": [2, 1, 2], "uv": [35, 54]}
					]
				},
				{
					"name": "bone12",
					"parent": "bone5",
					"pivot": [1.5, 20.25, -0.5],
					"cubes": [
						{"origin": [0.5, 19.25, -1.5], "size": [3, 2, 3], "uv": [0, 59]}
					]
				},
				{
					"name": "bone3",
					"parent": "bone18",
					"pivot": [-2.75, 24, 0],
					"rotation": [0, 0, -80],
					"cubes": [
						{"origin": [-3.25, 26.5, 0], "size": [1, 1, 0], "uv": [15, 54]},
						{"origin": [-3.75, 24.5, 0], "size": [2, 2, 0], "uv": [60, 48]},
						{"origin": [-3.75, 24, -1], "size": [2, 1, 2], "uv": [35, 48]}
					]
				},
				{
					"name": "bone11",
					"parent": "bone3",
					"pivot": [-3.25, 24.75, -0.5],
					"cubes": [
						{"origin": [-4.25, 23.75, -1.5], "size": [3, 2, 3], "uv": [0, 49]}
					]
				},
				{
					"name": "bone2",
					"parent": "bone18",
					"pivot": [2.75, 24, 0],
					"rotation": [0, 0, 80],
					"cubes": [
						{"origin": [2.25, 26.5, 0], "size": [1, 1, 0], "uv": [15, 57]},
						{"origin": [1.75, 24.5, 0], "size": [2, 2, 0], "uv": [60, 45]},
						{"origin": [1.75, 24, -1], "size": [2, 1, 2], "uv": [35, 45]}
					]
				},
				{
					"name": "bone10",
					"parent": "bone2",
					"pivot": [3.25, 24.75, -0.5],
					"cubes": [
						{"origin": [1.25, 23.75, -1.5], "size": [3, 2, 3], "uv": [0, 44]}
					]
				}
			]
		}
	]
}