{
	"format_version": "1.12.0",
	"minecraft:geometry": [
		{
			"description": {
				"identifier": "geometry.bewear",
				"texture_width": 128,
				"texture_height": 128,
				"visible_bounds_width": 5,
				"visible_bounds_height": 4.5,
				"visible_bounds_offset": [0, 1.75, 0]
			},
			"bones": [
				{
					"name": "bewear",
					"pivot": [0, 0, 0]
				},
				{
					"name": "body",
					"parent": "bewear",
					"pivot": [0, 1, 0]
				},
				{
					"name": "torso",
					"parent": "body",
					"pivot": [0, 17.75, 0],
					"cubes": [
						{"origin": [-6, 15.75, -6], "size": [12, 19, 11], "inflate": 0.01, "uv": [0, 27]}
					]
				},
				{
					"name": "head",
					"parent": "torso",
					"pivot": [0, 34.75, -0.5],
					"cubes": [
						{"origin": [-7, 34.75, -7], "size": [14, 14, 13], "uv": [0, 0]},
						{"origin": [-4.5, 39, -10], "size": [9, 4, 3], "uv": [54, 18]}
					]
				},
				{
					"name": "jaw",
					"parent": "head",
					"pivot": [0, 42, -7.2],
					"rotation": [90, 0, 0],
					"cubes": [
						{"origin": [-4.5, 41.9, -9.95], "size": [9, 0, 3], "uv": [74, 56]}
					]
				},
				{
					"name": "eyes",
					"parent": "head",
					"pivot": [0, 44, -7]
				},
				{
					"name": "eye_right",
					"parent": "eyes",
					"pivot": [-3.15, 44, -7],
					"rotation": [0, 0, 17.5],
					"cubes": [
						{"origin": [-4.15, 42.5, -7], "size": [2, 3, 0], "inflate": 0.01, "uv": [12, 83]}
					]
				},
				{
					"name": "eyelid_right",
					"parent": "eye_right",
					"pivot": [-3.29645, 44.61237, -6.4],
					"cubes": [
						{"origin": [-4.15, 42.5, -6.9], "size": [2, 3, 1], "inflate": 0.02, "uv": [82, 10]}
					]
				},
				{
					"name": "eye_left",
					"parent": "eyes",
					"pivot": [3.15, 44, -7],
					"rotation": [0, 0, -17.5],
					"cubes": [
						{"origin": [2.15, 42.5, -7], "size": [2, 3, 0], "inflate": 0.01, "uv": [82, 14]}
					]
				},
				{
					"name": "eyelid_left",
					"parent": "eye_left",
					"pivot": [3.29645, 44.61237, -6.4],
					"cubes": [
						{"origin": [2.15, 42.5, -6.9], "size": [2, 3, 1], "inflate": 0.02, "uv": [40, 57]}
					]
				},
				{
					"name": "ear_right_upper",
					"parent": "head",
					"pivot": [-6.25, 44.75, -5.5],
					"rotation": [0, 0, -70],
					"cubes": [
						{"origin": [-9.25, 43.75, -5.5], "size": [6, 10, 0], "inflate": 0.01, "uv": [0, 83]}
					]
				},
				{
					"name": "ear_right_bottom",
					"parent": "head",
					"pivot": [-7.5, 43, -5.5],
					"rotation": [0, 0, -115],
					"cubes": [
						{"origin": [-9.5, 42, -5.5], "size": [3, 5, 0], "uv": [34, 57]}
					]
				},
				{
					"name": "head_ruff_right",
					"parent": "head",
					"pivot": [-0.5, 48, -1],
					"rotation": [-10, 0, -37.5],
					"cubes": [
						{"origin": [-2.5, 47, -4], "size": [2, 5, 0], "uv": [52, 82]}
					]
				},
				{
					"name": "head_ruff_top",
					"parent": "head",
					"pivot": [0, 48.75, -0.85],
					"rotation": [-12.5, 0, 0],
					"cubes": [
						{"origin": [-1, 47.75, -3.85], "size": [2, 3, 0], "inflate": 0.01, "uv": [80, 59]}
					]
				},
				{
					"name": "head_ruff_left",
					"parent": "head",
					"pivot": [0.5, 48, -1],
					"rotation": [-10, 0, 37.5],
					"cubes": [
						{"origin": [0.5, 47, -4], "size": [2, 5, 0], "uv": [52, 77]}
					]
				},
				{
					"name": "ear_left_upper",
					"parent": "head",
					"pivot": [6.25, 44.75, -5.5],
					"rotation": [0, 0, 70],
					"cubes": [
						{"origin": [3.25, 43.75, -5.5], "size": [6, 10, 0], "inflate": 0.01, "uv": [82, 0]}
					]
				},
				{
					"name": "ear_left_bottom",
					"parent": "head",
					"pivot": [7.5, 43, -5.5],
					"rotation": [0, 0, 115],
					"cubes": [
						{"origin": [6.5, 42, -5.5], "size": [3, 5, 0], "uv": [28, 57]}
					]
				},
				{
					"name": "arm_right",
					"parent": "torso",
					"pivot": [-9, 34.5, -0.5],
					"cubes": [
						{"origin": [-14, 28.5, -3.5], "size": [8, 5, 6], "inflate": 0.01, "uv": [56, 62]}
					]
				},
				{
					"name": "arm_right2",
					"parent": "arm_right",
					"pivot": [-14, 31.5, 2.5],
					"cubes": [
						{"origin": [-20, 28, -3.5], "size": [6, 6, 6], "uv": [56, 73]}
					]
				},
				{
					"name": "arm_right3",
					"parent": "arm_right2",
					"pivot": [-20, 31.5, 3],
					"cubes": [
						{"origin": [-26, 28, -3.5], "size": [6, 6, 6], "inflate": 0.01, "uv": [74, 44]},
						{"origin": [-25.5, 28, -4], "size": [5, 0, 7], "inflate": 0.02, "uv": [80, 80]}
					]
				},
				{
					"name": "arm_left",
					"parent": "torso",
					"pivot": [9, 34.5, -0.5],
					"cubes": [
						{"origin": [6, 28.5, -3.5], "size": [8, 5, 6], "inflate": 0.01, "uv": [0, 72]}
					]
				},
				{
					"name": "arm_left2",
					"parent": "arm_left",
					"pivot": [14, 31, 2.5],
					"cubes": [
						{"origin": [14, 28, -3.5], "size": [6, 6, 6], "uv": [28, 77]}
					]
				},
				{
					"name": "arm_left3",
					"parent": "arm_left2",
					"pivot": [20, 31, 3],
					"cubes": [
						{"origin": [20, 28, -3.5], "size": [6, 6, 6], "inflate": 0.01, "uv": [80, 18]},
						{"origin": [20.5, 28, -4], "size": [5, 0, 7], "inflate": 0.02, "uv": [80, 73]}
					]
				},
				{
					"name": "tail",
					"parent": "torso",
					"pivot": [0, 20.25, 7],
					"cubes": [
						{"origin": [-3, 17.25, 4.75], "size": [6, 6, 5], "uv": [80, 30]}
					]
				},
				{
					"name": "tail2",
					"parent": "tail",
					"pivot": [0, 20.25, 9.75],
					"cubes": [
						{"origin": [-3.5, 16.75, 9.75], "size": [7, 7, 10], "uv": [46, 27]}
					]
				},
				{
					"name": "leg_right",
					"parent": "body",
					"pivot": [-4, 13.75, 0],
					"cubes": [
						{"origin": [-7.5, 8, -3.5], "size": [7, 11, 7], "inflate": 0.01, "uv": [54, 0]}
					]
				},
				{
					"name": "leg_right2",
					"parent": "leg_right",
					"pivot": [-4, 8, -3.5],
					"cubes": [
						{"origin": [-7.5, 0, -3.5], "size": [7, 8, 7], "uv": [28, 62]},
						{"origin": [-6.85, 0.45, -3.75], "size": [1, 1, 1], "uv": [54, 25]},
						{"origin": [-5, 0.25, -4], "size": [2, 2, 1], "uv": [74, 59]},
						{"origin": [-2.1, 0.45, -3.75], "size": [1, 1, 1], "uv": [58, 25]}
					]
				},
				{
					"name": "leg_left",
					"parent": "body",
					"pivot": [4, 13.75, 0],
					"cubes": [
						{"origin": [0.5, 8, -3.5], "size": [7, 11, 7], "inflate": 0.01, "uv": [46, 44]}
					]
				},
				{
					"name": "leg_left2",
					"parent": "leg_left",
					"pivot": [4, 8, -3.5],
					"cubes": [
						{"origin": [0.5, 0, -3.5], "size": [7, 8, 7], "uv": [0, 57]},
						{"origin": [1.1, 0.45, -3.75], "size": [1, 1, 1], "uv": [66, 25]},
						{"origin": [3, 0.25, -4], "size": [2, 2, 1], "uv": [80, 41]},
						{"origin": [5.85, 0.45, -3.75], "size": [1, 1, 1], "uv": [62, 25]}
					]
				}
			]
		}
	]
}