{
	"format_version": "1.12.0",
	"minecraft:geometry": [
		{
			"description": {
				"identifier": "geometry.kaburion",
				"texture_width": 128,
				"texture_height": 128,
				"visible_bounds_width": 6,
				"visible_bounds_height": 4.5,
				"visible_bounds_offset": [0, 1.75, 0]
			},
			"bones": [
				{
					"name": "kaburion",
					"pivot": [0, 0, 0]
				},
				{
					"name": "body",
					"parent": "kaburion",
					"pivot": [0, 11.75, 0]
				},
				{
					"name": "torso",
					"parent": "body",
					"pivot": [0, 11.75, 2],
					"cubes": [
						{"origin": [-3, 15.25, -1], "size": [6, 1, 6], "uv": [28, 49]},
						{"origin": [-4, 8.25, -2], "size": [8, 7, 8], "uv": [42, 34]},
						{"origin": [-3, 7.25, -1], "size": [6, 1, 6], "uv": [0, 50]}
					]
				},
				{
					"name": "wings",
					"parent": "torso",
					"pivot": [0, 15.25, 6],
					"cubes": [
						{"origin": [0, 5.25, 6.01], "size": [6, 10, 0], "uv": [42, 58]},
						{"origin": [-6, 5.25, 6.01], "size": [6, 10, 0], "uv": [54, 58]}
					]
				},
				{
					"name": "arm_left",
					"parent": "torso",
					"pivot": [4, 14.25, 2],
					"cubes": [
						{"origin": [4, 13.25, 1], "size": [2.5, 2, 2], "uv": [34, 75]}
					]
				},
				{
					"name": "arm_left2",
					"parent": "arm_left",
					"pivot": [6.5, 14.25, 2],
					"cubes": [
						{"origin": [6.5, 13.25, 1], "size": [3, 2, 2], "uv": [32, 62]}
					]
				},
				{
					"name": "arm_left3",
					"parent": "arm_left2",
					"pivot": [9.5, 14.25, 2],
					"cubes": [
						{"origin": [9.5, 12.75, 0.5], "size": [6, 3, 3], "uv": [24, 56]}
					]
				},
				{
					"name": "hand_left",
					"parent": "arm_left3",
					"pivot": [15.5, 14.375, 2],
					"cubes": [
						{"origin": [15.5, 13.25, 1], "size": [2, 2, 2], "uv": [0, 76]},
						{"origin": [17.5, 14, 1.5], "size": [2, 1, 1], "uv": [18, 60]}
					]
				},
				{
					"name": "arm_right",
					"parent": "torso",
					"pivot": [-4, 14.25, 2],
					"cubes": [
						{"origin": [-6.5, 13.25, 1], "size": [2.5, 2, 2], "uv": [58, 76]}
					]
				},
				{
					"name": "arm_right2",
					"parent": "arm_right",
					"pivot": [-6.5, 14.25, 2],
					"cubes": [
						{"origin": [-9.5, 13.25, 1], "size": [3, 2, 2], "uv": [58, 72]}
					]
				},
				{
					"name": "arm_right3",
					"parent": "arm_right2",
					"pivot": [-9.5, 14.25, 2],
					"cubes": [
						{"origin": [-15.5, 12.75, 0.5], "size": [6, 3, 3], "uv": [0, 57]}
					]
				},
				{
					"name": "hand_right",
					"parent": "arm_right3",
					"pivot": [-15.5, 14.375, 2],
					"cubes": [
						{"origin": [-17.5, 13.25, 1], "size": [2, 2, 2], "uv": [76, 72]},
						{"origin": [-19.5, 14, 1.5], "size": [2, 1, 1], "uv": [32, 66]}
					]
				},
				{
					"name": "head",
					"parent": "torso",
					"pivot": [0, 16.25, 1.75],
					"cubes": [
						{"origin": [-5.5, 16.25, -3.25], "size": [11, 8, 10], "uv": [0, 25]}
					]
				},
				{
					"name": "eyes",
					"parent": "head",
					"pivot": [0, 20, -3.24]
				},
				{
					"name": "eye_left",
					"parent": "eyes",
					"pivot": [2.5, 20, -3.26],
					"cubes": [
						{"origin": [1, 18.5, -3.26], "size": [3, 3, 0], "uv": [18, 57]}
					]
				},
				{
					"name": "pupil_left",
					"parent": "eye_left",
					"pivot": [2.5, 20, -3.27],
					"cubes": [
						{"origin": [2, 19, -3.27], "size": [1, 2, 0], "uv": [40, 43]}
					]
				},
				{
					"name": "eye_angry_left",
					"parent": "eye_left",
					"pivot": [2.5, 21, -3.17],
					"cubes": [
						{"origin": [2, 20.5, -3.17], "size": [1, 1, 0], "inflate": 0.01, "uv": [40, 47]},
						{"origin": [1, 20, -3.17], "size": [1, 1, 0], "inflate": 0.01, "uv": [40, 48]}
					]
				},
				{
					"name": "eye_sad_left",
					"parent": "eye_left",
					"pivot": [3.5, 21.5, -3.17],
					"cubes": [
						{"origin": [3, 21, -3.17], "size": [1, 1, 0], "inflate": 0.01, "uv": [24, 55]}
					]
				},
				{
					"name": "eyelid_left",
					"parent": "eye_left",
					"pivot": [2.5, 20, -2.67],
					"cubes": [
						{"origin": [1, 18.5, -3.17], "size": [3, 3, 1], "inflate": 0.01, "uv": [58, 68]}
					]
				},
				{
					"name": "eyelid_happy_left",
					"parent": "eye_left",
					"pivot": [2.5, 20, -2.67],
					"cubes": [
						{"origin": [1, 18.5, -3.17], "size": [3, 3, 1], "inflate": 0.01, "uv": [74, 5]}
					]
				},
				{
					"name": "eyelid_recoil_left",
					"parent": "eye_left",
					"pivot": [2.5, 20, -2.67],
					"cubes": [
						{"origin": [1, 18.5, -3.17], "size": [3, 3, 1], "inflate": 0.01, "uv": [74, 34]}
					]
				},
				{
					"name": "eye_right",
					"parent": "eyes",
					"pivot": [-2.5, 20, -3.26],
					"cubes": [
						{"origin": [-4, 18.5, -3.26], "size": [3, 3, 0], "uv": [26, 69]}
					]
				},
				{
					"name": "eye_angry_right",
					"parent": "eye_right",
					"pivot": [-2.5, 21, -3.17],
					"cubes": [
						{"origin": [-3, 20.5, -3.17], "size": [1, 1, 0], "inflate": 0.01, "uv": [26, 55]},
						{"origin": [-2, 20, -3.17], "size": [1, 1, 0], "inflate": 0.01, "uv": [50, 56]}
					]
				},
				{
					"name": "eye_sad_right",
					"parent": "eye_right",
					"pivot": [-3.5, 21.5, -3.17],
					"cubes": [
						{"origin": [-4, 21, -3.17], "size": [1, 1, 0], "inflate": 0.01, "uv": [50, 57]}
					]
				},
				{
					"name": "pupil_right",
					"parent": "eye_right",
					"pivot": [-2.5, 20, -3.27],
					"cubes": [
						{"origin": [-3, 19, -3.27], "size": [1, 2, 0], "uv": [40, 45]}
					]
				},
				{
					"name": "eyelid_right",
					"parent": "eye_right",
					"pivot": [-2.5, 20, -2.67],
					"cubes": [
						{"origin": [-4, 18.5, -3.17], "size": [3, 3, 1], "inflate": 0.01, "uv": [74, 38]}
					]
				},
				{
					"name": "eyelid_happy_right",
					"parent": "eye_right",
					"pivot": [-2.5, 20, -2.67],
					"cubes": [
						{"origin": [-4, 18.5, -3.17], "size": [3, 3, 1], "inflate": 0.01, "uv": [74, 42]}
					]
				},
				{
					"name": "eyelid_recoil_right",
					"parent": "eye_right",
					"pivot": [-2.5, 20, -2.67],
					"cubes": [
						{"origin": [-4, 18.5, -3.17], "size": [3, 3, 1], "inflate": 0.01, "uv": [26, 75]}
					]
				},
				{
					"name": "mouth",
					"parent": "head",
					"pivot": [0, 17.8, -3.26]
				},
				{
					"name": "mouth_closed",
					"parent": "mouth",
					"pivot": [0, 17.3, -3.26],
					"cubes": [
						{"origin": [-1, 16.8, -3.26], "size": [2, 1, 0], "inflate": 0.01, "uv": [24, 54]},
						{"origin": [1, 17.3, -3.26], "size": [1, 1, 0], "inflate": 0.01, "uv": [14, 65]},
						{"origin": [-2, 17.3, -3.26], "size": [1, 1, 0], "inflate": 0.01, "uv": [14, 64]},
						{"origin": [0.75, 16.8, -3.26], "size": [1, 1, 0], "pivot": [1.25, 17.3, -3.26], "rotation": [0, 0, -45], "uv": [16, 64]}
					]
				},
				{
					"name": "mouth_open",
					"parent": "mouth",
					"pivot": [0, 16.8, -2.26],
					"cubes": [
						{"origin": [-2, 16.8, -2.26], "size": [4, 2, 0], "inflate": 0.01, "uv": [42, 56]},
						{"origin": [0.8, 18.35, -2.26], "size": [1, 1, 0], "pivot": [1.3, 18.85, -2.26], "rotation": [-12.5, -12.25, -43.5], "uv": [14, 63]}
					]
				},
				{
					"name": "hair",
					"parent": "head",
					"pivot": [0, 22.28333, 1.5],
					"cubes": [
						{"origin": [-9, 16.55, -2], "size": [18, 15, 10], "uv": [0, 0]},
						{"origin": [-9, 15.05, 1], "size": [18, 2, 7], "uv": [42, 25]},
						{"origin": [-6, 24.25, -4], "size": [12, 5, 2], "uv": [0, 43]}
					]
				},
				{
					"name": "puff",
					"parent": "hair",
					"pivot": [0, 23.25, 0],
					"cubes": [
						{"origin": [-4, 22.25, -5], "size": [5, 5, 2], "uv": [18, 62]}
					]
				},
				{
					"name": "puff2",
					"parent": "puff",
					"pivot": [0, 23.25, -4],
					"cubes": [
						{"origin": [-0.75, 22.75, -6], "size": [3, 3, 3], "uv": [28, 43]}
					]
				},
				{
					"name": "bangs",
					"parent": "hair",
					"pivot": [0, 18, 0]
				},
				{
					"name": "bang_left",
					"parent": "bangs",
					"pivot": [7.36589, 17.26734, 0.7919],
					"rotation": [0, -30, 0],
					"cubes": [
						{"origin": [5.73192, 15.25, -4.65952], "size": [3, 3, 4], "pivot": [5.83192, 17.25, -0.65952], "rotation": [-15, 0, 0], "uv": [66, 58]},
						{"origin": [5.23192, 15.25, -2.65952], "size": [4, 4, 5], "uv": [56, 0]}
					]
				},
				{
					"name": "bang_right",
					"parent": "bangs",
					"pivot": [-7.36589, 17.26734, 0.7919],
					"rotation": [0, 30, 0],
					"cubes": [
						{"origin": [-9.23192, 15.25, -2.65952], "size": [4, 4, 5], "uv": [52, 49]},
						{"origin": [-8.73192, 15.25, -4.65952], "size": [3, 3, 4], "pivot": [-5.83192, 17.25, -0.65952], "rotation": [-15, 0, 0], "uv": [0, 63]}
					]
				},
				{
					"name": "horns",
					"parent": "hair",
					"pivot": [0, 30.57593, -2.92482],
					"rotation": [-30, 0, 0],
					"cubes": [
						{"origin": [-7.4, 28.56954, -4.25517], "size": [3, 3, 4], "pivot": [-4.5, 30.56954, -1.25517], "rotation": [-17.5, 0, 0], "uv": [66, 65]},
						{"origin": [-6.9, 28.81954, -6.25517], "size": [2, 2, 6], "pivot": [-4, 30.81954, -1.25517], "rotation": [-25, 0, 0], "uv": [56, 9]},
						{"origin": [4.4, 28.56954, -4.25517], "size": [3, 3, 4], "pivot": [4.5, 30.56954, -1.25517], "rotation": [-17.5, 0, 0], "uv": [32, 68]},
						{"origin": [4.9, 28.81954, -6.25517], "size": [2, 2, 6], "pivot": [4, 30.81954, -1.25517], "rotation": [-25, 0, 0], "uv": [56, 17]}
					]
				},
				{
					"name": "legs",
					"parent": "body",
					"pivot": [0, 8, 0]
				},
				{
					"name": "leg_left",
					"parent": "legs",
					"pivot": [4, 8.18226, 1.13373],
					"rotation": [-17.5, 0, 0],
					"cubes": [
						{"origin": [4, 6.56624, -0.79928], "size": [2, 4, 3], "inflate": 0.01, "pivot": [5, 7.56624, 0.20072], "rotation": [-30, 0, 0], "uv": [72, 9]}
					]
				},
				{
					"name": "leg_left2",
					"parent": "leg_left",
					"pivot": [5, 6.99925, 2.54879],
					"cubes": [
						{"origin": [4, 6.56624, 2.20072], "size": [2, 3, 2], "pivot": [5, 7.56624, 0.20072], "rotation": [-30, 0, 0], "uv": [68, 72]}
					]
				},
				{
					"name": "leg_left3",
					"parent": "leg_left2",
					"pivot": [5, 5.95021, 3.96386],
					"cubes": [
						{"origin": [3.5, 3.56624, 4.20072], "size": [3, 6, 3], "pivot": [4.5, 7.56624, 0.20072], "rotation": [-30, 0, 0], "uv": [46, 68]}
					]
				},
				{
					"name": "leg_left4",
					"parent": "leg_left3",
					"pivot": [5, 1.58156, 2.34907],
					"cubes": [
						{"origin": [3.5, 5.61624, 4.10072], "size": [3, 3, 3], "inflate": 0.01, "pivot": [4.5, 6.56624, 0.20072], "rotation": [-72.5, 0, 0], "uv": [0, 70]}
					]
				},
				{
					"name": "leg_left5",
					"parent": "leg_left4",
					"pivot": [5, 0.52429, 0.90419],
					"cubes": [
						{"origin": [4, 4.06624, 5.10072], "size": [2, 2, 2], "inflate": -0.01, "pivot": [4.5, 6.56624, 0.20072], "rotation": [-72.5, 0, 0], "uv": [76, 76]},
						{"origin": [4.5, 3.06624, 6.10072], "size": [1, 1, 1], "inflate": 0.01, "pivot": [5, 6.56624, 0.20072], "rotation": [-72.5, 0, 0], "uv": [24, 50]}
					]
				},
				{
					"name": "leg_right",
					"parent": "legs",
					"pivot": [-4, 8.18226, 1.13373],
					"rotation": [-17.5, 0, 0],
					"cubes": [
						{"origin": [-6, 6.56624, -0.79928], "size": [2, 4, 3], "inflate": 0.01, "pivot": [-5, 7.56624, 0.20072], "rotation": [-30, 0, 0], "uv": [72, 16]}
					]
				},
				{
					"name": "leg_right2",
					"parent": "leg_right",
					"pivot": [-5, 6.99925, 2.54879],
					"cubes": [
						{"origin": [-6, 6.56624, 2.20072], "size": [2, 3, 2], "pivot": [-5, 7.56624, 0.20072], "rotation": [-30, 0, 0], "uv": [74, 0]}
					]
				},
				{
					"name": "leg_right3",
					"parent": "leg_right2",
					"pivot": [-5, 5.95021, 3.96386],
					"cubes": [
						{"origin": [-6.5, 3.56624, 4.20072], "size": [3, 6, 3], "pivot": [-4.5, 7.56624, 0.20072], "rotation": [-30, 0, 0], "uv": [14, 69]}
					]
				},
				{
					"name": "leg_right4",
					"parent": "leg_right3",
					"pivot": [-5, 1.58156, 2.34907],
					"cubes": [
						{"origin": [-6.5, 5.61624, 4.10072], "size": [3, 3, 3], "inflate": 0.01, "pivot": [-4.5, 6.56624, 0.20072], "rotation": [-72.5, 0, 0], "uv": [70, 49]}
					]
				},
				{
					"name": "leg_right5",
					"parent": "leg_right4",
					"pivot": [-5, 0.52429, 0.90419],
					"cubes": [
						{"origin": [-6, 4.06624, 5.10072], "size": [2, 2, 2], "inflate": -0.01, "pivot": [-4.5, 6.56624, 0.20072], "rotation": [-72.5, 0, 0], "uv": [42, 77]},
						{"origin": [-5.5, 3.06624, 6.10072], "size": [1, 1, 1], "inflate": 0.01, "pivot": [-5, 6.56624, 0.20072], "rotation": [-72.5, 0, 0], "uv": [24, 52]}
					]
				}
			]
		}
	]
}