{
	"format_version": "1.12.0",
	"minecraft:geometry": [
		{
			"description": {
				"identifier": "geometry.ceruledge",
				"texture_width": 128,
				"texture_height": 128,
				"visible_bounds_width": 7,
				"visible_bounds_height": 4.5,
				"visible_bounds_offset": [0, 1.75, 0]
			},
			"bones": [
				{
					"name": "ceruledge",
					"pivot": [0, 0, 0]
				},
				{
					"name": "body",
					"parent": "ceruledge",
					"pivot": [0, 29.2, -1]
				},
				{
					"name": "torso",
					"parent": "body",
					"pivot": [0, 27.7, -1],
					"cubes": [
						{"origin": [-2, 24.7, -3], "size": [4, 4, 4], "inflate": 0.01, "uv": [78, 64]},
						{"origin": [0.6, 25.1, -3], "size": [2, 3, 4], "pivot": [2.1, 26.6, -1], "rotation": [0, 0, 42.5], "uv": [12, 84]},
						{"origin": [-2.6, 25.1, -3], "size": [2, 3, 4], "pivot": [-2.1, 26.6, -1], "rotation": [0, 0, -45], "uv": [84, 13]}
					]
				},
				{
					"name": "hips_armor_front",
					"parent": "torso",
					"pivot": [0, 25.7, 2.3],
					"rotation": [152.5, 0, 180],
					"cubes": [
						{"origin": [0, 17.7, 2.3], "size": [3, 8, 0], "pivot": [0, 21.7, 2.3], "rotation": [0, -20, 0], "uv": [92, 26]},
						{"origin": [-3, 17.7, 2.3], "size": [3, 8, 0], "pivot": [0, 21.7, 2.3], "rotation": [0, 20, 0], "uv": [92, 80]}
					]
				},
				{
					"name": "hips_armor_back",
					"parent": "torso",
					"pivot": [0, 27.7, 1],
					"rotation": [42.5, 0, 0],
					"cubes": [
						{"origin": [0, 21.2, 1], "size": [3, 7, 0], "pivot": [0, 24.7, 1], "rotation": [0, 20, 0], "uv": [24, 93]},
						{"origin": [-3, 21.2, 1], "size": [3, 7, 0], "pivot": [0, 24.7, 1], "rotation": [0, -20, 0], "uv": [50, 93]}
					]
				},
				{
					"name": "waist",
					"parent": "torso",
					"pivot": [0, 28.7, -0.9],
					"rotation": [40, 0, 0],
					"cubes": [
						{"origin": [-2, 28.4, -2.5], "size": [4, 2, 3], "uv": [84, 8]}
					]
				},
				{
					"name": "chest",
					"parent": "waist",
					"pivot": [0, 30.1, 0.6],
					"rotation": [-5, 0, 0],
					"cubes": [
						{"origin": [-3, 30.1, -2.5], "size": [6, 4, 5], "inflate": 0.01, "uv": [64, 38]}
					]
				},
				{
					"name": "torso_armor",
					"parent": "chest",
					"pivot": [0, 33, 1.5],
					"cubes": [
						{"origin": [-2, 30.5, -4.5], "size": [4, 3, 2], "pivot": [0, 30.5, -2.5], "rotation": [-40, 0, 0], "uv": [72, 90]}
					]
				},
				{
					"name": "neck_armor_left",
					"parent": "torso_armor",
					"pivot": [1.1, 34.1, -1.825],
					"rotation": [35, 20, 7.5],
					"cubes": [
						{"origin": [0.6, 32.1, -1.825], "size": [1, 2, 3], "inflate": 0.01, "uv": [16, 93]},
						{"origin": [0.6, 32.1, 0.6], "size": [1, 1, 3], "pivot": [1.1, 32.1, 1.1], "rotation": [20, 0, 0], "uv": [94, 64]}
					]
				},
				{
					"name": "neck_armor_right",
					"parent": "torso_armor",
					"pivot": [-1.1, 34.1, -1.825],
					"rotation": [35, -20, -7.5],
					"cubes": [
						{"origin": [-1.6, 32.1, -1.825], "size": [1, 2, 3], "inflate": 0.01, "uv": [42, 93]},
						{"origin": [-1.6, 32.1, 0.6], "size": [1, 1, 3], "pivot": [-1.1, 32.1, 1.1], "rotation": [20, 0, 0], "uv": [94, 68]}
					]
				},
				{
					"name": "back_armor_spike",
					"parent": "torso_armor",
					"pivot": [0, 32.1, 2.5],
					"rotation": [30, 0, 0],
					"cubes": [
						{"origin": [0, 31.1, -0.5], "size": [0, 3, 6.9], "pivot": [0, 31.3, 1.8], "rotation": [-55, 0, 0], "uv": [32, 82]}
					]
				},
				{
					"name": "arms",
					"parent": "chest",
					"pivot": [0, 32.9, 0.5],
					"rotation": [2.5, 0, 0]
				},
				{
					"name": "arm_left",
					"parent": "arms",
					"pivot": [3, 33.6, 0.7],
					"cubes": [
						{"origin": [3, 31.6, -0.3], "size": [5, 2, 2], "uv": [84, 20]}
					]
				},
				{
					"name": "shoulder_left",
					"parent": "arm_left",
					"pivot": [2.5, 34.4, 0.7],
					"cubes": [
						{"origin": [2.5, 32.4, -1.3], "size": [4, 4, 4], "inflate": 0.01, "uv": [46, 81]},
						{"origin": [2.5, 32.4, -0.31], "size": [4, 2, 0], "inflate": 0.009, "uv": [20, 68]},
						{"origin": [2.5, 32.4, 1.71], "size": [4, 2, 0], "inflate": 0.009, "uv": [92, 36]},
						{"origin": [2.5, 34.41, -0.3], "size": [4, 0, 2], "inflate": 0.009, "uv": [46, 70]},
						{"origin": [6.3, 34.25, -3.1], "size": [3, 0, 4], "pivot": [6.35, 34.45, -0.3], "rotation": [45, 0, -5], "uv": [86, 56]},
						{"origin": [6.3, 34.25, 0.48], "size": [3, 0, 4], "pivot": [6.35, 34.45, 1.7], "rotation": [-45, 0, -5], "uv": [86, 52]}
					]
				},
				{
					"name": "arm_left2",
					"parent": "arm_left",
					"pivot": [8, 32.6, 1.7],
					"cubes": [
						{"origin": [8, 31.6, -0.3], "size": [3, 2, 2], "inflate": 0.01, "uv": [32, 91]}
					]
				},
				{
					"name": "arm_left3",
					"parent": "arm_left2",
					"pivot": [10.5, 32.6, 0.7],
					"cubes": [
						{"origin": [10.5, 31.1, -1.8], "size": [4, 3, 5], "inflate": 0.1, "uv": [46, 73]},
						{"origin": [14.5, 31.6, -0.8], "size": [5, 2, 3], "uv": [64, 47]}
					]
				},
				{
					"name": "blade_left",
					"parent": "arm_left3",
					"pivot": [17.5, 32.6, 0.8],
					"cubes": [
						{"origin": [15.5, 32.6, -5.7], "size": [29, 0, 13], "uv": [0, 0]}
					]
				},
				{
					"name": "passive_blade_left",
					"parent": "arm_left3",
					"pivot": [17.5, 32.6, 0.8],
					"cubes": [
						{"origin": [15.5, 32.6, -5.7], "size": [19, 0, 13], "uv": [0, 26]}
					]
				},
				{
					"name": "arm_right",
					"parent": "arms",
					"pivot": [-3, 33.6, 0.7],
					"cubes": [
						{"origin": [-8, 31.6, -0.3], "size": [5, 2, 2], "uv": [86, 60]}
					]
				},
				{
					"name": "shoulder_right",
					"parent": "arm_right",
					"pivot": [-2.5, 34.4, 0.7],
					"cubes": [
						{"origin": [-6.5, 32.4, -1.3], "size": [4, 4, 4], "inflate": 0.01, "uv": [62, 81]},
						{"origin": [-6.5, 32.4, -0.31], "size": [4, 2, 0], "inflate": 0.009, "uv": [96, 0]},
						{"origin": [-6.5, 32.4, 1.71], "size": [4, 2, 0], "inflate": 0.009, "uv": [96, 2]},
						{"origin": [-6.5, 34.41, -0.3], "size": [4, 0, 2], "inflate": 0.009, "uv": [92, 34]},
						{"origin": [-9.3, 34.25, -3.1], "size": [3, 0, 4], "pivot": [-6.35, 34.45, -0.3], "rotation": [45, 0, 5], "uv": [44, 89]},
						{"origin": [-9.3, 34.25, 0.48], "size": [3, 0, 4], "pivot": [-6.35, 34.45, 1.7], "rotation": [-45, 0, 5], "uv": [58, 89]}
					]
				},
				{
					"name": "arm_right2",
					"parent": "arm_right",
					"pivot": [-8, 32.6, 1.7],
					"cubes": [
						{"origin": [-11, 31.6, -0.3], "size": [3, 2, 2], "inflate": 0.01, "uv": [92, 88]}
					]
				},
				{
					"name": "arm_right3",
					"parent": "arm_right2",
					"pivot": [-10.5, 32.6, 0.7],
					"cubes": [
						{"origin": [-14.5, 31.1, -1.8], "size": [4, 3, 5], "inflate": 0.1, "uv": [64, 73]},
						{"origin": [-19.5, 31.6, -0.8], "size": [5, 2, 3], "uv": [80, 47]}
					]
				},
				{
					"name": "blade_right",
					"parent": "arm_right3",
					"pivot": [-17.5, 32.6, 0.8],
					"cubes": [
						{"origin": [-44.5, 32.6, -5.7], "size": [29, 0, 13], "uv": [0, 13]}
					]
				},
				{
					"name": "passive_blade_right",
					"parent": "arm_right3",
					"pivot": [-17.5, 32.6, 0.8],
					"cubes": [
						{"origin": [-34.5, 32.6, -5.7], "size": [19, 0, 13], "uv": [0, 39]}
					]
				},
				{
					"name": "neck",
					"parent": "chest",
					"pivot": [0, 34.1, 0.25],
					"rotation": [5, 0, 0],
					"cubes": [
						{"origin": [-1, 33, -0.75], "size": [2, 5, 2], "uv": [12, 77]}
					]
				},
				{
					"name": "head",
					"parent": "neck",
					"pivot": [0, 36.8, 0.25],
					"rotation": [-32.5, 0, 0],
					"cubes": [
						{"origin": [-3.5, 36.55, -3.65], "size": [7, 8, 8], "uv": [0, 52]}
					]
				},
				{
					"name": "eyes",
					"parent": "head",
					"pivot": [0, 39.45, -2.95]
				},
				{
					"name": "eye_left",
					"parent": "eyes",
					"pivot": [2.51, 39.35, -3.16],
					"cubes": [
						{"origin": [1.51, 38.35, -3.66], "size": [2, 2, 1], "uv": [96, 13]}
					]
				},
				{
					"name": "eye_angry_left",
					"parent": "eye_left",
					"pivot": [2.41, 39.85, -3.58],
					"cubes": [
						{"origin": [1.41, 39.35, -3.58], "size": [1, 1, 0], "inflate": 0.01, "uv": [52, 72]},
						{"origin": [2.41, 39.85, -3.58], "size": [1, 1, 0], "inflate": 0.01, "uv": [54, 72]}
					]
				},
				{
					"name": "eye_sad_left",
					"parent": "eye_left",
					"pivot": [2.41, 39.85, -3.58],
					"cubes": [
						{"origin": [2.41, 39.85, -3.57], "size": [1, 1, 1], "inflate": 0.02, "uv": [80, 95]}
					]
				},
				{
					"name": "eye_unamused_left",
					"parent": "eye_left",
					"pivot": [2.41, 39.85, -3.08],
					"cubes": [
						{"origin": [1.41, 39.35, -3.57], "size": [2, 1, 1], "inflate": 0.02, "uv": [98, 10]}
					]
				},
				{
					"name": "pupil_left",
					"parent": "eye_left",
					"pivot": [2.26, 39.35, -3.67],
					"cubes": [
						{"origin": [1.76, 38.35, -3.67], "size": [1, 2, 0], "uv": [28, 68]}
					]
				},
				{
					"name": "eyelid_left",
					"parent": "eye_left",
					"pivot": [2.41, 39.35, -3.08],
					"cubes": [
						{"origin": [1.41, 38.35, -3.58], "size": [2, 2, 1], "inflate": 0.01, "uv": [96, 16]}
					]
				},
				{
					"name": "eyelid_happy_left",
					"parent": "eye_left",
					"pivot": [2.41, 39.35, -2.58],
					"cubes": [
						{"origin": [1.41, 38.35, -3.58], "size": [2, 2, 2], "inflate": 0.01, "uv": [30, 95]}
					]
				},
				{
					"name": "eyelid_recoil_left",
					"parent": "eye_left",
					"pivot": [2.41, 39.35, -3.08],
					"cubes": [
						{"origin": [1.41, 38.35, -3.58], "size": [2, 2, 1], "inflate": 0.01, "uv": [96, 38]}
					]
				},
				{
					"name": "eye_right",
					"parent": "eyes",
					"pivot": [-2.51, 39.35, -3.16],
					"cubes": [
						{"origin": [-3.51, 38.35, -3.66], "size": [2, 2, 1], "uv": [96, 41]}
					]
				},
				{
					"name": "eye_angry_right",
					"parent": "eye_right",
					"pivot": [-2.41, 39.85, -3.58],
					"cubes": [
						{"origin": [-2.41, 39.35, -3.58], "size": [1, 1, 0], "inflate": 0.01, "uv": [56, 72]},
						{"origin": [-3.41, 39.85, -3.58], "size": [1, 1, 0], "inflate": 0.01, "uv": [78, 72]}
					]
				},
				{
					"name": "eye_sad_right",
					"parent": "eye_right",
					"pivot": [-2.41, 39.85, -3.58],
					"cubes": [
						{"origin": [-3.41, 39.85, -3.57], "size": [1, 1, 1], "inflate": 0.02, "uv": [80, 97]}
					]
				},
				{
					"name": "eye_unamused_right",
					"parent": "eye_right",
					"pivot": [-2.41, 39.85, -3.08],
					"cubes": [
						{"origin": [-3.41, 39.35, -3.57], "size": [2, 1, 1], "inflate": 0.02, "uv": [16, 98]}
					]
				},
				{
					"name": "pupil_right",
					"parent": "eye_right",
					"pivot": [-2.26, 39.35, -3.67],
					"cubes": [
						{"origin": [-2.76, 38.35, -3.67], "size": [1, 2, 0], "uv": [44, 82]}
					]
				},
				{
					"name": "eyelid_right",
					"parent": "eye_right",
					"pivot": [-2.41, 39.35, -3.08],
					"cubes": [
						{"origin": [-3.41, 38.35, -3.58], "size": [2, 2, 1], "inflate": 0.01, "uv": [96, 44]}
					]
				},
				{
					"name": "eyelid_happy_right",
					"parent": "eye_right",
					"pivot": [-2.41, 39.35, -2.58],
					"cubes": [
						{"origin": [-3.41, 38.35, -3.58], "size": [2, 2, 2], "inflate": 0.01, "uv": [72, 95]}
					]
				},
				{
					"name": "eyelid_recoil_right",
					"parent": "eye_right",
					"pivot": [-2.41, 39.35, -3.08],
					"cubes": [
						{"origin": [-3.41, 38.35, -3.58], "size": [2, 2, 1], "inflate": 0.01, "uv": [96, 47]}
					]
				},
				{
					"name": "helmet",
					"parent": "head",
					"pivot": [0, 45.3, 0.65],
					"rotation": [2.5, 0, 0],
					"cubes": [
						{"origin": [-4, 39.3, -5.35], "size": [8, 6, 6], "inflate": 0.005, "uv": [30, 52]},
						{"origin": [-4, 40.3, -5.35], "size": [8, 0, 6], "uv": [30, 64]},
						{"origin": [-0.5, 40.3, -5.36], "size": [1, 1, 0], "inflate": 0.01, "uv": [50, 72]},
						{"origin": [-0.5, 43.31, -5.36], "size": [1, 2, 2], "inflate": 0.01, "uv": [96, 4]},
						{"origin": [2.01, 40.8, -5.36], "size": [2, 1, 1], "inflate": 0.01, "uv": [96, 50]},
						{"origin": [-4.01, 40.8, -5.36], "size": [2, 1, 1], "inflate": 0.01, "uv": [98, 8]},
						{"origin": [-1, 38.3, -5.34], "size": [2, 1, 0], "uv": [46, 72]}
					]
				},
				{
					"name": "head_flame",
					"parent": "head",
					"pivot": [0, 43.2, -4.98],
					"rotation": [-155, 0, -180],
					"cubes": [
						{"origin": [0, 39.7, -5.5], "size": [0, 5, 7], "uv": [32, 70]},
						{"origin": [-1, 41.7, -3.5], "size": [2, 4, 5], "uv": [78, 81]}
					]
				},
				{
					"name": "head_flame2",
					"parent": "head_flame",
					"pivot": [0, 45.01596, -0.85939],
					"rotation": [20, 0, 0],
					"cubes": [
						{"origin": [-0.5, 45.01596, -2.87939], "size": [1, 5, 4], "inflate": 0.005, "uv": [86, 38]}
					]
				},
				{
					"name": "head_flame4",
					"parent": "head_flame2",
					"pivot": [0, 45.51596, 1.12061],
					"rotation": [-27.5, 0, 0],
					"cubes": [
						{"origin": [0, 45.01596, 0.12061], "size": [0, 4, 2], "inflate": 0.005, "uv": [38, 95]}
					]
				},
				{
					"name": "head_flame3",
					"parent": "head_flame2",
					"pivot": [0, 50.01596, -2.85939],
					"rotation": [-27.5, 0, 0],
					"cubes": [
						{"origin": [0, 50.01596, -2.87939], "size": [0, 5, 4], "uv": [0, 91]}
					]
				},
				{
					"name": "cheek_spikes",
					"parent": "head",
					"pivot": [0.1, 36.8, -0.05],
					"rotation": [5, 0, 0],
					"cubes": [
						{"origin": [2.6, 34.8, -6.05], "size": [7, 2, 0], "pivot": [2.6, 34.8, -6.05], "rotation": [21.74252, -56.74144, -56.52947], "uv": [84, 24]},
						{"origin": [-9.6, 34.8, -6.05], "size": [7, 2, 0], "pivot": [-2.6, 34.8, -6.05], "rotation": [27.5122, 55.68422, 57.23543], "uv": [8, 91]}
					]
				},
				{
					"name": "legs",
					"parent": "body",
					"pivot": [0, 27.2, -1.1]
				},
				{
					"name": "leg_left",
					"parent": "legs",
					"pivot": [2.6, 26.5, -1],
					"cubes": [
						{"origin": [1.1, 15.5, -2.5], "size": [3, 11, 3], "pivot": [1, 12.2, 0.1], "rotation": [0, 0, -5], "uv": [20, 70]}
					]
				},
				{
					"name": "leg_left2",
					"parent": "leg_left",
					"pivot": [2.6, 16.5, -2.5],
					"rotation": [0, 0, 2.5]
				},
				{
					"name": "leg_left2_rotation",
					"parent": "leg_left2",
					"pivot": [2.6, 17, -2.5],
					"rotation": [0, 45, 0],
					"cubes": [
						{"origin": [-1.75, 11, -5.1], "size": [7, 5, 7], "inflate": 0.02, "pivot": [-1.75, 16, 1.9], "rotation": [-5, 0, -5], "uv": [58, 52]},
						{"origin": [-0.75, 8, -4.1], "size": [5, 4, 5], "inflate": 0.02, "pivot": [4.25, 12.5, -4.1], "rotation": [-2.5, 0, -2.5], "uv": [58, 64]},
						{"origin": [0, 3.5, -2.85], "size": [3, 5, 3], "inflate": 0.01, "pivot": [0, 7.5, 0.15], "rotation": [-2.5, 0, -2.5], "uv": [82, 72]},
						{"origin": [0.5, 0, -2.35], "size": [2, 4, 2], "pivot": [0, 7.5, 0.15], "rotation": [-2.5, 0, -2.5], "uv": [92, 92]}
					]
				},
				{
					"name": "knee_left_detail",
					"parent": "leg_left2_rotation",
					"pivot": [5.25, 15.5, -5.15],
					"rotation": [7.5, 0, 7.5],
					"cubes": [
						{"origin": [5.25, 15.5, -5.15], "size": [0, 5, 4], "uv": [24, 84]},
						{"origin": [1.25, 15.5, -5.15], "size": [4, 5, 0], "uv": [56, 93]}
					]
				},
				{
					"name": "foot_left",
					"parent": "leg_left2_rotation",
					"pivot": [2.35, 0, -2.2],
					"rotation": [0, -45, 0]
				},
				{
					"name": "foot_left_rotation",
					"parent": "foot_left",
					"pivot": [2.35, 0, -2.2],
					"cubes": [
						{"origin": [1.33, -1, -2.65], "size": [2, 2, 2], "inflate": 0.02, "pivot": [2.3, 0, -1.65], "rotation": [0, 45, 0], "uv": [94, 72]}
					]
				},
				{
					"name": "leg_right",
					"parent": "legs",
					"pivot": [-2.6, 26.5, -1],
					"cubes": [
						{"origin": [-4.1, 15.5, -2.5], "size": [3, 11, 3], "pivot": [-1, 12.2, 0.1], "rotation": [0, 0, 5], "uv": [0, 77]}
					]
				},
				{
					"name": "leg_right2",
					"parent": "leg_right",
					"pivot": [-2.6, 16.5, -2.5],
					"rotation": [0, 0, -2.5]
				},
				{
					"name": "leg_right2_rotation",
					"parent": "leg_right2",
					"pivot": [-2.6, 17, -2.5],
					"rotation": [0, -45, 0],
					"cubes": [
						{"origin": [-5.25, 11, -5.1], "size": [7, 5, 7], "inflate": 0.02, "pivot": [1.75, 16, 1.9], "rotation": [-5, 0, 5], "uv": [64, 26]},
						{"origin": [-4.25, 8, -4.1], "size": [5, 4, 5], "inflate": 0.02, "pivot": [-4.25, 12.5, -4.1], "rotation": [-2.5, 0, 2.5], "uv": [0, 68]},
						{"origin": [-3, 3.5, -2.85], "size": [3, 5, 3], "inflate": 0.01, "pivot": [0, 7.5, 0.15], "rotation": [-2.5, 0, 2.5], "uv": [84, 0]},
						{"origin": [-2.5, 0, -2.35], "size": [2, 4, 2], "pivot": [0, 7.5, 0.15], "rotation": [-2.5, 0, 2.5], "uv": [8, 93]}
					]
				},
				{
					"name": "knee_right_detail",
					"parent": "leg_right2_rotation",
					"pivot": [-5.25, 15.5, -5.15],
					"rotation": [7.5, 0, -7.5],
					"cubes": [
						{"origin": [-5.25, 15.5, -5.15], "size": [0, 5, 4], "uv": [84, 90]},
						{"origin": [-5.25, 15.5, -5.15], "size": [4, 5, 0], "uv": [64, 93]}
					]
				},
				{
					"name": "foot_right",
					"parent": "leg_right2_rotation",
					"pivot": [-2.35, 0, -2.2],
					"rotation": [0, 45, 0]
				},
				{
					"name": "foot_right_rotation",
					"parent": "foot_right",
					"pivot": [-2.35, 0, -2.2],
					"cubes": [
						{"origin": [-3.33, -1, -2.65], "size": [2, 2, 2], "inflate": 0.02, "pivot": [-2.3, 0, -1.65], "rotation": [0, -45, 0], "uv": [94, 76]}
					]
				}
			]
		}
	]
}