{
	"format_version": "1.12.0",
	"minecraft:geometry": [
		{
			"description": {
				"identifier": "geometry.arcanine",
				"texture_width": 256,
				"texture_height": 256,
				"visible_bounds_width": 6,
				"visible_bounds_height": 4.5,
				"visible_bounds_offset": [0, 1.75, 0]
			},
			"bones": [
				{
					"name": "arqilin",
					"pivot": [0, 0, 0]
				},
				{
					"name": "body",
					"parent": "arqilin",
					"pivot": [0, -1, 0]
				},
				{
					"name": "torso",
					"parent": "body",
					"pivot": [0.5, 16, 7],
					"cubes": [
						{"origin": [-5.5, 10, -4], "size": [11, 11, 15], "uv": [0, 26]}
					]
				},
				{
					"name": "leg_fur1",
					"parent": "torso",
					"pivot": [4.5, 19.5, 9.5],
					"rotation": [25, 0, 0],
					"cubes": [
						{"origin": [4.5, 18, 10], "size": [0, 3, 6], "uv": [0, 29]}
					]
				},
				{
					"name": "leg_fur6",
					"parent": "torso",
					"pivot": [-4.5, 19.5, 9.5],
					"rotation": [25, 0, 0],
					"cubes": [
						{"origin": [-4.5, 18, 10], "size": [0, 3, 6], "uv": [0, 26]}
					]
				},
				{
					"name": "upper_torso",
					"parent": "torso",
					"pivot": [0.5, 21, -1],
					"cubes": [
						{"origin": [-6.5, 9, -14], "size": [13, 13, 13], "uv": [0, 0]}
					]
				},
				{
					"name": "neck",
					"parent": "upper_torso",
					"pivot": [0, 21.25, -7.5],
					"rotation": [32.5, 0, 0],
					"cubes": [
						{"origin": [-4.5, 17.25, -13.75], "size": [9, 12, 8], "uv": [44, 44]}
					]
				},
				{
					"name": "head",
					"parent": "neck",
					"pivot": [0, 29.5, -7.75],
					"rotation": [-32.5, 0, 0],
					"cubes": [
						{"origin": [-5, 25, -13], "size": [10, 9, 9], "uv": [43, 17]},
						{"origin": [-4, 27.25, -16.75], "size": [8, 3, 4], "inflate": -0.01, "uv": [105, 57]},
						{"origin": [-0.5, 26.65, -16.75], "size": [2, 2, 0], "pivot": [0, 28.15, -16.75], "rotation": [0, 0, 45], "uv": [76, 24]},
						{"origin": [2.1, 26.65, -16.75], "size": [2, 2, 0], "pivot": [2.6, 28.15, -16.75], "rotation": [0, 0, 45], "uv": [18, 76]},
						{"origin": [-2.9, 26.65, -16.75], "size": [2, 2, 0], "pivot": [-2.4, 28.15, -16.75], "rotation": [0, 0, 45], "uv": [74, 49]},
						{"origin": [-4, 27.55, -15.35], "size": [0, 1, 1], "pivot": [-3.5, 29.05, -16.35], "rotation": [-45, 0, 0], "uv": [12, 36]},
						{"origin": [-4, 27.55, -13.75], "size": [0, 1, 1], "pivot": [-3.5, 29.05, -14.75], "rotation": [-45, 0, 0], "uv": [12, 35]},
						{"origin": [4, 27.55, -13.75], "size": [0, 1, 1], "pivot": [4.5, 29.05, -14.75], "rotation": [-45, 0, 0], "uv": [12, 33]},
						{"origin": [4, 27.55, -15.35], "size": [0, 1, 1], "pivot": [4.5, 29.05, -16.35], "rotation": [-45, 0, 0], "uv": [12, 34]},
						{"origin": [-3.5, 25.75, -13.02], "size": [7, 3, 0], "inflate": -0.01, "uv": [0, 38]},
						{"origin": [-1, 29.25, -16.75], "size": [2, 1, 1], "inflate": 0.01, "uv": [0, 76]}
					]
				},
				{
					"name": "whisker_left",
					"parent": "head",
					"pivot": [4, 28.7576, -15.22815],
					"cubes": [
						{"origin": [3, 28.2576, -15.22815], "size": [5, 1, 0], "uv": [0, 127]}
					]
				},
				{
					"name": "whisker_left2",
					"parent": "whisker_left",
					"pivot": [8, 28.7576, -15.22815],
					"cubes": [
						{"origin": [8, 28.2576, -15.22815], "size": [4, 1, 0], "uv": [10, 127]}
					]
				},
				{
					"name": "whisker_left3",
					"parent": "whisker_left2",
					"pivot": [12, 28.7576, -15.22815],
					"cubes": [
						{"origin": [12, 28.2576, -15.22815], "size": [4, 1, 0], "uv": [0, 128]}
					]
				},
				{
					"name": "whisker_left4",
					"parent": "whisker_left3",
					"pivot": [16, 28.7576, -15.22815],
					"cubes": [
						{"origin": [16, 28.2576, -15.22815], "size": [3, 1, 0], "uv": [8, 128]}
					]
				},
				{
					"name": "whisker_right",
					"parent": "head",
					"pivot": [-4, 28.7576, -15.22815],
					"cubes": [
						{"origin": [-8, 28.2576, -15.22815], "size": [5, 1, 0], "uv": [0, 127], "mirror": true}
					]
				},
				{
					"name": "whisker_right2",
					"parent": "whisker_right",
					"pivot": [-8, 28.7576, -15.22815],
					"cubes": [
						{"origin": [-12, 28.2576, -15.22815], "size": [4, 1, 0], "uv": [10, 127], "mirror": true}
					]
				},
				{
					"name": "whisker_right3",
					"parent": "whisker_right2",
					"pivot": [-12, 28.7576, -15.22815],
					"cubes": [
						{"origin": [-16, 28.2576, -15.22815], "size": [4, 1, 0], "uv": [0, 128], "mirror": true}
					]
				},
				{
					"name": "whisker_right4",
					"parent": "whisker_right3",
					"pivot": [-16, 28.7576, -15.22815],
					"cubes": [
						{"origin": [-19, 28.2576, -15.22815], "size": [3, 1, 0], "uv": [8, 128], "mirror": true}
					]
				},
				{
					"name": "eyes_open",
					"parent": "head",
					"pivot": [0, 30.7076, -12.02815]
				},
				{
					"name": "left_eye",
					"parent": "eyes_open",
					"pivot": [2, 31.4576, -12.52815],
					"cubes": [
						{"origin": [2, 30.5, -13], "size": [3, 2, 2], "inflate": 0.01, "uv": [43, 123]},
						{"origin": [2.5, 30.5, -13.01], "size": [1, 2, 0], "inflate": 0.01, "uv": [41, 52]}
					]
				},
				{
					"name": "right_eye",
					"parent": "eyes_open",
					"pivot": [-2, 31.4576, -12.52815],
					"cubes": [
						{"origin": [-5, 30.5, -13], "size": [3, 2, 2], "inflate": 0.01, "uv": [33, 122]},
						{"origin": [-3.5, 30.5, -13.01], "size": [1, 2, 0], "inflate": 0.01, "uv": [12, 32]}
					]
				},
				{
					"name": "left_eyelid",
					"parent": "eyes_open",
					"pivot": [3.4, 31.5, -11.9],
					"cubes": [
						{"origin": [1.9, 30.5, -12.9], "size": [3, 2, 2], "inflate": 0.03, "uv": [0, 123]}
					]
				},
				{
					"name": "right_eyelid",
					"parent": "eyes_open",
					"pivot": [-3.4, 31.5, -11.9],
					"cubes": [
						{"origin": [-4.9, 30.5, -12.9], "size": [3, 2, 2], "inflate": 0.03, "uv": [122, 34]}
					]
				},
				{
					"name": "jaw",
					"parent": "head",
					"pivot": [0, 27.2076, -13.02815],
					"cubes": [
						{"origin": [-3.5, 25.25, -15.5], "size": [7, 2, 3], "inflate": 0.01, "uv": [77, 0]},
						{"origin": [-2.5, 25.25, -16.5], "size": [5, 2, 1], "inflate": 0.01, "uv": [53, 77]}
					]
				},
				{
					"name": "teeth2",
					"parent": "jaw",
					"pivot": [0, 27.3576, -11.52815]
				},
				{
					"name": "left_tooth2",
					"parent": "teeth2",
					"pivot": [2.15, 27.2076, -15.67815],
					"rotation": [0, -12.5, 0],
					"cubes": [
						{"origin": [1.55, 26.7, -15.75], "size": [1, 1, 0], "pivot": [2.17268, 27.2076, -15.67723], "rotation": [-33.16757, -28.26351, 54.0759], "uv": [37, 40]}
					]
				},
				{
					"name": "right_tooth2",
					"parent": "teeth2",
					"pivot": [-2.15, 27.2076, -15.67815],
					"rotation": [0, 12.5, 0],
					"cubes": [
						{"origin": [-2.55, 26.7, -15.75], "size": [1, 1, 0], "pivot": [-2.17268, 27.2076, -15.67723], "rotation": [-33.16757, 28.26351, -54.0759], "uv": [39, 12]}
					]
				},
				{
					"name": "left_ear",
					"parent": "head",
					"pivot": [5, 31, -9.25],
					"rotation": [7.5, -40, -15],
					"cubes": [
						{"origin": [4, 29, -9.25], "size": [9, 5, 0], "uv": [115, 0]}
					]
				},
				{
					"name": "right_ear",
					"parent": "head",
					"pivot": [-5, 31, -9.25],
					"rotation": [7.5, 40, 15],
					"cubes": [
						{"origin": [-13, 29, -9.25], "size": [9, 5, 0], "uv": [57, 35]}
					]
				},
				{
					"name": "head_fluff_top",
					"parent": "head",
					"pivot": [0, 30.75211, -7.02495],
					"rotation": [7.5, 0, 0],
					"cubes": [
						{"origin": [-3.5, 27.75211, -10.52495], "size": [7, 9, 9], "uv": [0, 52]}
					]
				},
				{
					"name": "head_fluff_top1",
					"parent": "head_fluff_top",
					"pivot": [0, 34.25211, -6.52495],
					"cubes": [
						{"origin": [0, 28.75211, -9.52495], "size": [0, 13, 12], "uv": [53, 52]}
					]
				},
				{
					"name": "head_fluff_top2",
					"parent": "head_fluff_top",
					"pivot": [0, 35.25211, -4.52495],
					"rotation": [-35, 0, 0],
					"cubes": [
						{"origin": [-9.5, 31.75211, -4.52495], "size": [19, 12, 0], "uv": [39, 0]}
					]
				},
				{
					"name": "head_fluff_top3",
					"parent": "head_fluff_top",
					"pivot": [0, 35.25211, -8.52495],
					"rotation": [-25, 0, 0],
					"cubes": [
						{"origin": [-5.5, 33.75211, -8.52495], "size": [11, 8, 0], "uv": [107, 21]}
					]
				},
				{
					"name": "head_fluff_top4",
					"parent": "head_fluff_top",
					"pivot": [0, 32.25211, -2.52495],
					"rotation": [-80, 0, 0],
					"cubes": [
						{"origin": [-6.5, 28.75211, -2.52495], "size": [13, 10, 0], "uv": [81, 24]}
					]
				},
				{
					"name": "head_fluff_left",
					"parent": "head",
					"pivot": [5, 29.5, -7],
					"rotation": [-16.5, 30, -15],
					"cubes": [
						{"origin": [5, 24.5, -8], "size": [0, 9, 12], "uv": [48, 75]}
					]
				},
				{
					"name": "head_fluff_right",
					"parent": "head",
					"pivot": [-5, 29.5, -7],
					"rotation": [-16.5, -30, 15],
					"cubes": [
						{"origin": [-5, 24.5, -8], "size": [0, 9, 12], "uv": [24, 68]}
					]
				},
				{
					"name": "head_fluff_left2",
					"parent": "head",
					"pivot": [5, 27.5, -10],
					"rotation": [-55.5, 38.75, -42.5],
					"cubes": [
						{"origin": [5, 24.5, -11], "size": [0, 9, 8], "uv": [78, 92]}
					]
				},
				{
					"name": "head_fluff_right2",
					"parent": "head",
					"pivot": [-5, 27.5, -10],
					"rotation": [-55.5, -38.75, 42.5],
					"cubes": [
						{"origin": [-5, 24.5, -11], "size": [0, 9, 8], "uv": [62, 90]}
					]
				},
				{
					"name": "chin_fluff",
					"parent": "head",
					"pivot": [0, 25, -13],
					"rotation": [-22.5, 0, 0],
					"cubes": [
						{"origin": [-4.5, 22, -13], "size": [9, 3, 0], "uv": [22, 112]}
					]
				},
				{
					"name": "left_chin_fluff",
					"parent": "head",
					"pivot": [5, 25, -10.5],
					"rotation": [0, 0, -22.5],
					"cubes": [
						{"origin": [5, 21, -13], "size": [0, 4, 5], "uv": [78, 55]}
					]
				},
				{
					"name": "right_chin_fluff",
					"parent": "head",
					"pivot": [-5, 25, -11],
					"rotation": [0, 0, 22.5],
					"cubes": [
						{"origin": [-5, 21, -13], "size": [0, 4, 5], "uv": [77, 59]}
					]
				},
				{
					"name": "forehead_fluff",
					"parent": "head",
					"pivot": [0, 34, -13],
					"rotation": [40, 0, 0],
					"cubes": [
						{"origin": [1, 32.5, -14], "size": [0, 3, 2], "pivot": [1, 33.50211, -13.02495], "rotation": [0, 0, 60], "uv": [68, 10]},
						{"origin": [-1, 32.5, -14], "size": [0, 3, 2], "pivot": [-1, 33.50211, -13.02495], "rotation": [0, 0, -60], "uv": [39, 56]},
						{"origin": [-1, 32, -14], "size": [2, 5, 2], "uv": [25, 122]}
					]
				},
				{
					"name": "chest_fluff",
					"parent": "upper_torso",
					"pivot": [0, 21.9, -14],
					"rotation": [-7.5, 0, 0],
					"cubes": [
						{"origin": [-5.5, 12.9, -16.5], "size": [11, 9, 5], "uv": [70, 35]}
					]
				},
				{
					"name": "chest_fluff2",
					"parent": "chest_fluff",
					"pivot": [0, 12.9, -15.5],
					"rotation": [17.5, 0, 0],
					"cubes": [
						{"origin": [-4, 8.9, -15.5], "size": [8, 4, 4], "inflate": 0.01, "uv": [100, 13]}
					]
				},
				{
					"name": "bottom_chest_fluff",
					"parent": "chest_fluff2",
					"pivot": [0, 8.9, -14],
					"rotation": [12.5, 0, 0],
					"cubes": [
						{"origin": [-3.5, 2.9, -14], "size": [7, 7, 0], "uv": [117, 48]}
					]
				},
				{
					"name": "left_chest_fluff",
					"parent": "chest_fluff",
					"pivot": [5.5, 16.9, -15],
					"rotation": [0, -45, 0],
					"cubes": [
						{"origin": [4.5, 10.9, -15], "size": [6, 11, 0], "uv": [60, 116]}
					]
				},
				{
					"name": "right_chest_fluff",
					"parent": "chest_fluff",
					"pivot": [-5.5, 16.9, -15],
					"rotation": [0, 45, 0],
					"cubes": [
						{"origin": [-10.5, 10.9, -15], "size": [6, 11, 0], "uv": [0, 0]}
					]
				},
				{
					"name": "front_chest_fluff",
					"parent": "chest_fluff",
					"pivot": [0, 19.9, -16.5],
					"rotation": [-19, 0, 0],
					"cubes": [
						{"origin": [-5, 15.9, -16.5], "size": [10, 4, 0], "uv": [0, 70]}
					]
				},
				{
					"name": "front_chest_fluff2",
					"parent": "chest_fluff",
					"pivot": [0, 15.4, -16.5],
					"rotation": [-15, 0, 0],
					"cubes": [
						{"origin": [-4.5, 11.4, -16.5], "size": [9, 4, 0], "uv": [52, 40]}
					]
				},
				{
					"name": "front_chest_fluff3",
					"parent": "chest_fluff",
					"pivot": [-0.5, 10.9, -16.5],
					"rotation": [10, 0, 0]
				},
				{
					"name": "tail",
					"parent": "torso",
					"pivot": [0, 18.75, 6.75],
					"rotation": [-55, 0, 0],
					"cubes": [
						{"origin": [-3, 18.5, 3.75], "size": [6, 16, 6], "inflate": 0.01, "uv": [0, 74]},
						{"origin": [0, 18.5, -0.25], "size": [0, 16, 4], "inflate": 0.01, "uv": [0, 103]}
					]
				},
				{
					"name": "tail3",
					"parent": "tail",
					"pivot": [0, 31.6492, 8.37643],
					"rotation": [-32.5, 0, 0],
					"cubes": [
						{"origin": [-3.5, 30.6492, 5.37643], "size": [7, 12, 7], "uv": [72, 5]}
					]
				},
				{
					"name": "tail4",
					"parent": "tail3",
					"pivot": [0, 42.6492, 7.87643],
					"rotation": [17.5, 0, 0],
					"cubes": [
						{"origin": [0, 41.1492, 2.37643], "size": [0, 5, 10], "uv": [37, 25]},
						{"origin": [-2, 41.6492, 5.87643], "size": [4, 5, 4], "uv": [96, 113]}
					]
				},
				{
					"name": "tail_fluff5",
					"parent": "tail4",
					"pivot": [0, 46.1492, 7.87643],
					"rotation": [-22.5, 0, 0],
					"cubes": [
						{"origin": [0, 46.1492, 2.87643], "size": [0, 7, 8], "uv": [30, 95]}
					]
				},
				{
					"name": "tail_fluff_left",
					"parent": "tail3",
					"pivot": [3.5, 39.6492, 8.87643],
					"rotation": [0, 0, 20]
				},
				{
					"name": "tail_fluff_right",
					"parent": "tail3",
					"pivot": [-3.5, 39.6492, 8.87643],
					"rotation": [0, 0, -20]
				},
				{
					"name": "tail_fluff",
					"parent": "tail",
					"pivot": [0, 34.5, 3.75],
					"rotation": [-45, 0, 0],
					"cubes": [
						{"origin": [-2.5, 34.5, 3.75], "size": [5, 4, 0], "uv": [97, 122]}
					]
				},
				{
					"name": "tail_fluff2",
					"parent": "tail",
					"pivot": [0, 31.5, 3.75],
					"rotation": [25, 0, 0],
					"cubes": [
						{"origin": [-2, 31.5, 3.75], "size": [4, 4, 0], "uv": [97, 0]}
					]
				},
				{
					"name": "tail_fluff3",
					"parent": "tail",
					"pivot": [0, 34.5, 4.5],
					"rotation": [-60, 0, 0],
					"cubes": [
						{"origin": [-3, 33.5, 4.5], "size": [6, 6, 0], "uv": [112, 117]}
					]
				},
				{
					"name": "left_thigh",
					"parent": "body",
					"pivot": [5.5, 15.75, 6.75],
					"cubes": [
						{"origin": [2, 8.75, 2.75], "size": [6, 10, 9], "uv": [68, 68]}
					]
				},
				{
					"name": "leg_fur2",
					"parent": "left_thigh",
					"pivot": [7.5, 16, 10.5],
					"rotation": [30, 0, 0],
					"cubes": [
						{"origin": [7.5, 14.5, 11], "size": [0, 3, 8], "uv": [52, 4]}
					]
				},
				{
					"name": "leg_fur3",
					"parent": "left_thigh",
					"pivot": [7.5, 10.8, 10.5],
					"rotation": [37.5, 0, 0],
					"cubes": [
						{"origin": [7.5, 9.3, 11], "size": [0, 3, 7], "uv": [0, 22]}
					]
				},
				{
					"name": "left_knee",
					"parent": "left_thigh",
					"pivot": [5, 8.75, 2.75],
					"rotation": [50, 0, 0],
					"cubes": [
						{"origin": [2.5, 0.75, 2.75], "size": [5, 8, 6], "inflate": 0.01, "uv": [89, 60]}
					]
				},
				{
					"name": "left_ankle",
					"parent": "left_knee",
					"pivot": [5, 0.75, 8.75],
					"rotation": [-50, 0, 0],
					"cubes": [
						{"origin": [2.5, -6.25, 3.75], "size": [5, 7, 5], "uv": [102, 29]}
					]
				},
				{
					"name": "left_backpaw",
					"parent": "left_ankle",
					"pivot": [5, -5.5, 6],
					"cubes": [
						{"origin": [2.5, -7.5, 4], "size": [5, 3, 4], "inflate": 0.02, "uv": [8, 112]}
					]
				},
				{
					"name": "left_toe7",
					"parent": "left_backpaw",
					"pivot": [5, -6.5, 4],
					"cubes": [
						{"origin": [4, -7.5, 1], "size": [2, 2, 3], "uv": [77, 120]}
					]
				},
				{
					"name": "left_toe8",
					"parent": "left_toe7",
					"pivot": [5, -5.5, 1],
					"cubes": [
						{"origin": [5, -7.5, -1], "size": [0, 2, 2], "uv": [70, 47]}
					]
				},
				{
					"name": "left_toe9",
					"parent": "left_backpaw",
					"pivot": [3, -6.5, 4],
					"cubes": [
						{"origin": [2, -7.5, 1], "size": [2, 2, 3], "uv": [120, 10]}
					]
				},
				{
					"name": "left_toe10",
					"parent": "left_toe9",
					"pivot": [3, -5.5, 1],
					"cubes": [
						{"origin": [3, -7.5, -1], "size": [0, 2, 2], "uv": [68, 13]}
					]
				},
				{
					"name": "left_toe11",
					"parent": "left_backpaw",
					"pivot": [7, -6.5, 4],
					"cubes": [
						{"origin": [6, -7.5, 1], "size": [2, 2, 3], "uv": [120, 5]}
					]
				},
				{
					"name": "left_toe12",
					"parent": "left_toe11",
					"pivot": [7, -5.5, 1],
					"cubes": [
						{"origin": [7, -7.5, -1], "size": [0, 2, 2], "uv": [64, 13]}
					]
				},
				{
					"name": "left_ankle_fluff",
					"parent": "left_ankle",
					"pivot": [5, -3.75, 5.65],
					"cubes": [
						{"origin": [2, -5.25, 2.9], "size": [6, 3, 3], "uv": [23, 116]},
						{"origin": [2, -5.25, 5.4], "size": [6, 5, 4], "inflate": 0.01, "uv": [109, 96]}
					]
				},
				{
					"name": "left_ankle_fluff2",
					"parent": "left_ankle_fluff",
					"pivot": [5, -5.25, 9.4],
					"rotation": [27.5, 5, 2.5],
					"cubes": [
						{"origin": [3, -5.25, 9.4], "size": [4, 5, 6], "uv": [40, 107]}
					]
				},
				{
					"name": "left_ankle_fluff6",
					"parent": "left_ankle_fluff2",
					"pivot": [7, -2.75, 14.4],
					"rotation": [0, 30, 0],
					"cubes": [
						{"origin": [7, -5.75, 14.4], "size": [0, 6, 4], "uv": [72, 112]}
					]
				},
				{
					"name": "left_ankle_fluff7",
					"parent": "left_ankle_fluff2",
					"pivot": [3, -2.75, 14.4],
					"rotation": [0, -30, 0],
					"cubes": [
						{"origin": [3, -5.75, 14.4], "size": [0, 6, 4], "uv": [40, 85]}
					]
				},
				{
					"name": "left_ankle_fluff8",
					"parent": "left_ankle_fluff2",
					"pivot": [5, -3.25, 11.4],
					"cubes": [
						{"origin": [5.01, -8.25, 9.4], "size": [0, 11, 8], "uv": [46, 88]}
					]
				},
				{
					"name": "left_ankle_fluff9",
					"parent": "left_ankle_fluff2",
					"pivot": [5, -3.25, 15.4],
					"cubes": [
						{"origin": [5, -8.25, 14.4], "size": [0, 11, 9], "uv": [72, 78]}
					]
				},
				{
					"name": "left_ankle_fluff4",
					"parent": "left_ankle_fluff",
					"pivot": [8, -2.75, 4.9],
					"rotation": [0, 25, 0],
					"cubes": [
						{"origin": [8, -4.75, 4.9], "size": [0, 4, 4], "uv": [41, 114]}
					]
				},
				{
					"name": "left_ankle_fluff5",
					"parent": "left_ankle_fluff",
					"pivot": [2, -2.75, 4.9],
					"rotation": [0, -25, 0],
					"cubes": [
						{"origin": [2, -4.75, 4.9], "size": [0, 4, 4], "uv": [105, 83]}
					]
				},
				{
					"name": "right_thigh",
					"parent": "body",
					"pivot": [-5.5, 15.75, 6.75],
					"cubes": [
						{"origin": [-8, 8.75, 2.75], "size": [6, 10, 9], "uv": [23, 61]}
					]
				},
				{
					"name": "leg_fur4",
					"parent": "right_thigh",
					"pivot": [-7.5, 16, 10.5],
					"rotation": [30, 0, 0],
					"cubes": [
						{"origin": [-7.5, 14.5, 11], "size": [0, 3, 8], "uv": [23, 50]}
					]
				},
				{
					"name": "leg_fur5",
					"parent": "right_thigh",
					"pivot": [-7.5, 10.8, 10.5],
					"rotation": [37.5, 0, 0],
					"cubes": [
						{"origin": [-7.5, 9.3, 11], "size": [0, 3, 7], "uv": [0, 19]}
					]
				},
				{
					"name": "right_knee",
					"parent": "right_thigh",
					"pivot": [-5, 8.75, 2.75],
					"rotation": [50, 0, 0],
					"cubes": [
						{"origin": [-7.5, 0.75, 2.75], "size": [5, 8, 6], "inflate": 0.01, "uv": [24, 89]}
					]
				},
				{
					"name": "right_ankle",
					"parent": "right_knee",
					"pivot": [-5, 0.75, 8.75],
					"rotation": [-50, 0, 0],
					"cubes": [
						{"origin": [-7.5, -6.25, 3.75], "size": [5, 7, 5], "uv": [94, 100]}
					]
				},
				{
					"name": "right_backpaw",
					"parent": "right_ankle",
					"pivot": [-5, -5.5, 6],
					"cubes": [
						{"origin": [-7.5, -7.5, 4], "size": [5, 3, 4], "inflate": 0.02, "uv": [111, 64]}
					]
				},
				{
					"name": "right_toe7",
					"parent": "right_backpaw",
					"pivot": [-5, -6.5, 4],
					"cubes": [
						{"origin": [-6, -7.5, 1], "size": [2, 2, 3], "uv": [8, 119]}
					]
				},
				{
					"name": "right_toe8",
					"parent": "right_toe7",
					"pivot": [-5, -5.5, 1],
					"cubes": [
						{"origin": [-5, -7.5, -1], "size": [0, 2, 2], "uv": [60, 13]}
					]
				},
				{
					"name": "right_toe9",
					"parent": "right_backpaw",
					"pivot": [-3, -6.5, 4],
					"cubes": [
						{"origin": [-4, -7.5, 1], "size": [2, 2, 3], "uv": [118, 105]}
					]
				},
				{
					"name": "right_toe10",
					"parent": "right_toe9",
					"pivot": [-3, -5.5, 1],
					"cubes": [
						{"origin": [-3, -7.5, -1], "size": [0, 2, 2], "uv": [56, 13]}
					]
				},
				{
					"name": "right_toe11",
					"parent": "right_backpaw",
					"pivot": [-7, -6.5, 4],
					"cubes": [
						{"origin": [-8, -7.5, 1], "size": [2, 2, 3], "uv": [118, 82]}
					]
				},
				{
					"name": "right_toe12",
					"parent": "right_toe11",
					"pivot": [-7, -5.5, 1],
					"cubes": [
						{"origin": [-7, -7.5, -1], "size": [0, 2, 2], "uv": [52, 13]}
					]
				},
				{
					"name": "right_ankle_fluff",
					"parent": "right_ankle",
					"pivot": [-5, -3.75, 5.65],
					"cubes": [
						{"origin": [-8, -5.25, 2.9], "size": [6, 3, 3], "uv": [113, 71]},
						{"origin": [-8, -5.25, 5.4], "size": [6, 5, 4], "inflate": 0.01, "uv": [60, 107]}
					]
				},
				{
					"name": "right_ankle_fluff2",
					"parent": "right_ankle_fluff",
					"pivot": [-5, -5.25, 9.4],
					"rotation": [27.5, -5, -2.5],
					"cubes": [
						{"origin": [-7, -5.25, 9.4], "size": [4, 5, 6], "uv": [10, 101]}
					]
				},
				{
					"name": "right_ankle_fluff6",
					"parent": "right_ankle_fluff2",
					"pivot": [-7, -2.75, 14.4],
					"rotation": [0, -30, 0],
					"cubes": [
						{"origin": [-7, -5.75, 14.4], "size": [0, 6, 4], "uv": [44, 60]}
					]
				},
				{
					"name": "right_ankle_fluff7",
					"parent": "right_ankle_fluff2",
					"pivot": [-3, -2.75, 14.4],
					"rotation": [0, 30, 0],
					"cubes": [
						{"origin": [-3, -5.75, 14.4], "size": [0, 6, 4], "uv": [0, 48]}
					]
				},
				{
					"name": "right_ankle_fluff8",
					"parent": "right_ankle_fluff2",
					"pivot": [-5, -3.25, 11.4],
					"cubes": [
						{"origin": [-5.01, -8.25, 9.4], "size": [0, 11, 8], "uv": [0, 88]}
					]
				},
				{
					"name": "right_ankle_fluff9",
					"parent": "right_ankle_fluff2",
					"pivot": [-5, -3.25, 15.4],
					"cubes": [
						{"origin": [-5, -8.25, 14.4], "size": [0, 11, 9], "uv": [78, 40]}
					]
				},
				{
					"name": "right_ankle_fluff4",
					"parent": "right_ankle_fluff",
					"pivot": [-8, -2.75, 4.9],
					"rotation": [0, -25, 0],
					"cubes": [
						{"origin": [-8, -4.75, 4.9], "size": [0, 4, 4], "uv": [54, 103]}
					]
				},
				{
					"name": "right_ankle_fluff5",
					"parent": "right_ankle_fluff",
					"pivot": [-2, -2.75, 4.9],
					"rotation": [0, 25, 0],
					"cubes": [
						{"origin": [-2, -4.75, 4.9], "size": [0, 4, 4], "uv": [16, 92]}
					]
				},
				{
					"name": "left_shoulder",
					"parent": "body",
					"pivot": [6, 15.5, -9],
					"cubes": [
						{"origin": [3, 9.5, -11.5], "size": [5, 8, 5], "inflate": 0.01, "uv": [100, 0]}
					]
				},
				{
					"name": "left_elbow",
					"parent": "left_shoulder",
					"pivot": [5.5, 9.5, -6.5],
					"cubes": [
						{"origin": [3, 1.5, -11.5], "size": [5, 8, 5], "uv": [98, 74]}
					]
				},
				{
					"name": "left_elbow_fluff",
					"parent": "left_elbow",
					"pivot": [6.5, 7.25, -7.1],
					"rotation": [22.5, 10, 0],
					"cubes": [
						{"origin": [5.5, 4.75, -8.35], "size": [2, 5, 6], "uv": [80, 109]}
					]
				},
				{
					"name": "left_elbow_fluff2",
					"parent": "left_elbow_fluff",
					"pivot": [6.5, 7.25, -4.35],
					"cubes": [
						{"origin": [6.5, 4.25, -6.35], "size": [0, 6, 9], "uv": [48, 71]}
					]
				},
				{
					"name": "left_elbow_fluff3",
					"parent": "left_elbow_fluff",
					"pivot": [7.5, 7.25, -5.35],
					"rotation": [0, 22.5, 0],
					"cubes": [
						{"origin": [7.5, 5.75, -5.35], "size": [0, 3, 3], "uv": [0, 55]}
					]
				},
				{
					"name": "left_elbow_fluff4",
					"parent": "left_elbow_fluff",
					"pivot": [5.5, 7.25, -5.35],
					"rotation": [0, -22.5, 0],
					"cubes": [
						{"origin": [5.5, 5.75, -5.35], "size": [0, 3, 3], "uv": [37, 29]}
					]
				},
				{
					"name": "left_frontpaw",
					"parent": "left_elbow",
					"pivot": [5.5, 2, -9],
					"cubes": [
						{"origin": [3, 0, -11], "size": [5, 3, 4], "inflate": 0.02, "uv": [112, 41]}
					]
				},
				{
					"name": "left_toe1",
					"parent": "left_frontpaw",
					"pivot": [5.5, 1, -11],
					"cubes": [
						{"origin": [4.5, 0, -14], "size": [2, 2, 3], "uv": [121, 120]}
					]
				},
				{
					"name": "left_toe2",
					"parent": "left_toe1",
					"pivot": [5.5, 2, -14],
					"cubes": [
						{"origin": [5.5, 0, -16], "size": [0, 2, 2], "uv": [72, 22]}
					]
				},
				{
					"name": "left_toe3",
					"parent": "left_frontpaw",
					"pivot": [3.5, 1, -11],
					"cubes": [
						{"origin": [2.5, 0, -14], "size": [2, 2, 3], "uv": [15, 121]}
					]
				},
				{
					"name": "left_toe4",
					"parent": "left_toe3",
					"pivot": [3.5, 2, -14],
					"cubes": [
						{"origin": [3.5, 0, -16], "size": [0, 2, 2], "uv": [18, 72]}
					]
				},
				{
					"name": "left_toe5",
					"parent": "left_frontpaw",
					"pivot": [7.5, 1, -11],
					"cubes": [
						{"origin": [6.5, 0, -14], "size": [2, 2, 3], "uv": [87, 120]}
					]
				},
				{
					"name": "left_toe6",
					"parent": "left_toe5",
					"pivot": [7.5, 2, -14],
					"cubes": [
						{"origin": [7.5, 0, -16], "size": [0, 2, 2], "uv": [0, 72]}
					]
				},
				{
					"name": "right_shoulder",
					"parent": "body",
					"pivot": [-6, 15.5, -9],
					"cubes": [
						{"origin": [-8, 9.5, -11.5], "size": [5, 8, 5], "inflate": 0.01, "uv": [97, 44]}
					]
				},
				{
					"name": "right_elbow",
					"parent": "right_shoulder",
					"pivot": [-5.5, 9.5, -6.5],
					"cubes": [
						{"origin": [-8, 1.5, -11.5], "size": [5, 8, 5], "uv": [90, 87]}
					]
				},
				{
					"name": "right_elbow_fluff",
					"parent": "right_elbow",
					"pivot": [-6.5, 7.25, -7.1],
					"rotation": [22.5, -10, 0],
					"cubes": [
						{"origin": [-7.5, 4.75, -8.35], "size": [2, 5, 6], "uv": [108, 106]}
					]
				},
				{
					"name": "right_elbow_fluff2",
					"parent": "right_elbow_fluff",
					"pivot": [-6.5, 7.25, -4.35],
					"cubes": [
						{"origin": [-6.5, 4.25, -6.35], "size": [0, 6, 9], "uv": [23, 43]}
					]
				},
				{
					"name": "right_elbow_fluff3",
					"parent": "right_elbow_fluff",
					"pivot": [-7.5, 7.25, -5.35],
					"rotation": [0, -22.5, 0],
					"cubes": [
						{"origin": [-7.5, 5.75, -5.35], "size": [0, 3, 3], "uv": [37, 26]}
					]
				},
				{
					"name": "right_elbow_fluff4",
					"parent": "right_elbow_fluff",
					"pivot": [-5.5, 7.25, -5.35],
					"rotation": [0, 22.5, 0],
					"cubes": [
						{"origin": [-5.5, 5.75, -5.35], "size": [0, 3, 3], "uv": [37, 23]}
					]
				},
				{
					"name": "right_frontpaw",
					"parent": "right_elbow",
					"pivot": [-5.5, 2, -9],
					"cubes": [
						{"origin": [-8, 0, -11], "size": [5, 3, 4], "inflate": 0.02, "uv": [110, 87]}
					]
				},
				{
					"name": "right_toe1",
					"parent": "right_frontpaw",
					"pivot": [-5.5, 1, -11],
					"cubes": [
						{"origin": [-6.5, 0, -14], "size": [2, 2, 3], "uv": [118, 77]}
					]
				},
				{
					"name": "right_toe2",
					"parent": "right_toe1",
					"pivot": [-5.5, 2, -14],
					"cubes": [
						{"origin": [-5.5, 0, -16], "size": [0, 2, 2], "uv": [8, 9]}
					]
				},
				{
					"name": "right_toe3",
					"parent": "right_frontpaw",
					"pivot": [-3.5, 1, -11],
					"cubes": [
						{"origin": [-4.5, 0, -14], "size": [2, 2, 3], "uv": [49, 118]}
					]
				},
				{
					"name": "right_toe4",
					"parent": "right_toe3",
					"pivot": [-3.5, 2, -14],
					"cubes": [
						{"origin": [-3.5, 0, -16], "size": [0, 2, 2], "uv": [4, 9]}
					]
				},
				{
					"name": "right_toe5",
					"parent": "right_frontpaw",
					"pivot": [-7.5, 1, -11],
					"cubes": [
						{"origin": [-8.5, 0, -14], "size": [2, 2, 3], "uv": [117, 29]}
					]
				},
				{
					"name": "right_toe6",
					"parent": "right_toe5",
					"pivot": [-7.5, 2, -14],
					"cubes": [
						{"origin": [-7.5, 0, -16], "size": [0, 2, 2], "uv": [0, 9]}
					]
				}
			]
		}
	]
}