{
 "portraitScale": 1.5,
 "portraitTranslation": [0.1, 0.6, 0],
 "profileScale": 1,
 "profileTranslation": [0, 0.6, 0],
 "animations": {
   "cry": "q.bedrock_stateful('feralwish', 'cry')"
 },
 "poses": {
   "battle-standing": {
     "poseTypes": ["STAND"],
     "isBattle": true,
     "animations": [
       "q.look('head')",
       "q.bedrock('feralwish', 'ground_idle')"
     ],
     "quirks": ["q.bedrock_quirk('feralwish', 'blink')"]
   },
   "standing": {
     "poseTypes": ["STAND", "NONE", "PORTRAIT", "PROFILE"],
     "isBattle": false,
     "animations": [
       "q.look('head')",
       "q.bedrock('feralwish', 'ground_idle')"
     ],
     "quirks": ["q.bedrock_quirk('feralwish', 'blink')"]
   },
   "walking": {
     "poseTypes": ["WALK"],
     "animations": [
       "q.look('head')",
       "q.bedrock('feralwish', 'ground_walk')"
     ],
     "quirks": ["q.bedrock_quirk('feralwish', 'blink')"]
   },
   "sleep": {
      "poseTypes": ["SLEEP"],
      "animations": ["q.bedrock('feralwish', 'sleep')"]
    }
 }
}