{
 "portraitScale": 1,
 "portraitTranslation": [-0.1, 2.3, 0],
 "profileScale": 0.4,
 "profileTranslation": [0, 1.2, 0],
 "animations": {
   "cry": "q.bedrock_stateful('ironvirus', 'cry')"
 },
 "poses": {
   "battle-standing": {
     "poseTypes": ["STAND"],
     "isBattle": true,
     "animations": [
       "q.look('head')",
       "q.bedrock('ironvirus', 'battle_idle')"
     ],
     "quirks": []
   },
   "standing": {
     "poseTypes": ["STAND", "NONE", "PORTRAIT", "PROFILE"],
     "isBattle": false,
     "animations": [
       "q.look('head')",
       "q.bedrock('ironvirus', 'ground_idle')"
     ],
     "quirks": []
   },
   "walking": {
     "poseTypes": ["WALK"],
     "animations": [
       "q.look('head')",
       "q.bedrock('ironvirus', 'ground_walk')"
     ],
     "quirks": []
   },
   "sleep": {
      "poseTypes": ["SLEEP"],
      "animations": ["q.bedrock('ironvirus', 'sleep')"]
    }
 }
}