{
	"format_version": "1.12.0",
	"minecraft:geometry": [
		{
			"description": {
				"identifier": "geometry.gallade_mega",
				"texture_width": 128,
				"texture_height": 128,
				"visible_bounds_width": 5,
				"visible_bounds_height": 4.5,
				"visible_bounds_offset": [0, 1.75, 0]
			},
			"bones": [
				{
					"name": "gallade_mega",
					"pivot": [0, 0, 0]
				},
				{
					"name": "body",
					"parent": "gallade_mega",
					"pivot": [0, 20, 0]
				},
				{
					"name": "torso",
					"parent": "body",
					"pivot": [0, 16.5, 0],
					"cubes": [
						{"origin": [-4, 16.5, -4], "size": [8, 4, 8], "inflate": 0.01, "uv": [0, 38]}
					]
				},
				{
					"name": "waist",
					"parent": "torso",
					"pivot": [0, 20.5, 0],
					"cubes": [
						{"origin": [-1.5, 20, -1.5], "size": [3, 3, 3], "uv": [14, 67]}
					]
				},
				{
					"name": "chest",
					"parent": "waist",
					"pivot": [0, 22.5, 0],
					"cubes": [
						{"origin": [-1.5, 22.5, -1.5], "size": [3, 5, 3], "inflate": 0.01, "uv": [66, 49]}
					]
				},
				{
					"name": "cloak_left",
					"parent": "chest",
					"pivot": [0.5, 25.5, 1.5],
					"cubes": [
						{"origin": [0.5, 23.5, 1.5], "size": [0, 4, 4], "uv": [34, 70]}
					]
				},
				{
					"name": "cloak_left2",
					"parent": "cloak_left",
					"pivot": [0.5, 25.5, 5.5],
					"cubes": [
						{"origin": [0.5, 20.5, 5.5], "size": [0, 10, 7], "uv": [28, 50]}
					]
				},
				{
					"name": "cloak_left3",
					"parent": "cloak_left2",
					"pivot": [0.5, 25.5, 12.5],
					"cubes": [
						{"origin": [0.5, 17.5, 12.5], "size": [0, 16, 12], "uv": [24, 10]}
					]
				},
				{
					"name": "cloak_right",
					"parent": "chest",
					"pivot": [-0.5, 25.5, 1.5],
					"cubes": [
						{"origin": [-0.5, 23.5, 1.5], "size": [0, 4, 4], "uv": [26, 70]}
					]
				},
				{
					"name": "cloak_right2",
					"parent": "cloak_right",
					"pivot": [-0.5, 25.5, 5.5],
					"cubes": [
						{"origin": [-0.5, 20.5, 5.5], "size": [0, 10, 7], "uv": [14, 50]}
					]
				},
				{
					"name": "cloak_right3",
					"parent": "cloak_right2",
					"pivot": [-0.5, 25.5, 12.5],
					"cubes": [
						{"origin": [-0.5, 17.5, 12.5], "size": [0, 16, 12], "uv": [0, 10]}
					]
				},
				{
					"name": "chest_spike",
					"parent": "chest",
					"pivot": [0, 26.2, -1.5],
					"cubes": [
						{"origin": [0, 22.2, -4], "size": [0, 4, 9], "uv": [48, 22]}
					]
				},
				{
					"name": "arms",
					"parent": "chest",
					"pivot": [0, 27.5, 0]
				},
				{
					"name": "arm_left",
					"parent": "arms",
					"pivot": [1.5, 27.5, 0],
					"cubes": [
						{"origin": [1.5, 26.5, -0.5], "size": [9, 1, 1], "uv": [56, 45]}
					]
				},
				{
					"name": "arm_left2",
					"parent": "arm_left",
					"pivot": [10, 27, -0.5],
					"rotation": [0, 90, 0],
					"cubes": [
						{"origin": [8, 25.8, -0.5], "size": [10, 2, 2], "inflate": 0.01, "uv": [42, 50]},
						{"origin": [7, 26.2, -0.5], "size": [1, 1, 2], "inflate": 0.01, "uv": [8, 69]},
						{"origin": [-6.5, 26.8, -0.5], "size": [24, 0, 6], "uv": [-6, 0]},
						{"origin": [3, 26.2, -0.5], "size": [5, 1, 2], "uv": [66, 31]}
					]
				},
				{
					"name": "hand_left",
					"parent": "arm_left2",
					"pivot": [18, 27.8, 0.5]
				},
				{
					"name": "finger_front_left",
					"parent": "hand_left",
					"pivot": [18, 25.8, -0.5],
					"cubes": [
						{"origin": [18, 25.8, -0.5], "size": [2, 2, 0], "uv": [72, 34]}
					]
				},
				{
					"name": "finger_center_left",
					"parent": "hand_left",
					"pivot": [18, 25.8, 0.5],
					"cubes": [
						{"origin": [17.5, 25.8, 0.5], "size": [4, 2, 0], "uv": [48, 35]}
					]
				},
				{
					"name": "finger_back_left",
					"parent": "hand_left",
					"pivot": [18, 25.8, 1.5],
					"cubes": [
						{"origin": [18, 25.8, 1.5], "size": [2, 2, 0], "uv": [72, 36]}
					]
				},
				{
					"name": "arm_right",
					"parent": "arms",
					"pivot": [-1.5, 27.5, 0],
					"cubes": [
						{"origin": [-10.5, 26.5, -0.5], "size": [9, 1, 1], "uv": [56, 47]}
					]
				},
				{
					"name": "arm_right2",
					"parent": "arm_right",
					"pivot": [-10, 27, -0.5],
					"rotation": [0, -90, 0],
					"cubes": [
						{"origin": [-18, 25.8, -0.5], "size": [10, 2, 2], "inflate": 0.01, "uv": [42, 54]},
						{"origin": [-8, 26.2, -0.5], "size": [1, 1, 2], "inflate": 0.01, "uv": [8, 72]},
						{"origin": [-17.5, 26.8, -0.5], "size": [24, 0, 6], "uv": [-6, 16]},
						{"origin": [-8, 26.2, -0.5], "size": [5, 1, 2], "uv": [26, 67]}
					]
				},
				{
					"name": "hand_right",
					"parent": "arm_right2",
					"pivot": [-18, 27.8, 0.5]
				},
				{
					"name": "finger_front_right",
					"parent": "hand_right",
					"pivot": [-18, 25.8, -0.5],
					"cubes": [
						{"origin": [-20, 25.8, -0.5], "size": [2, 2, 0], "uv": [72, 38]}
					]
				},
				{
					"name": "finger_center_right",
					"parent": "hand_right",
					"pivot": [-18, 25.8, 0.5],
					"cubes": [
						{"origin": [-21.5, 25.8, 0.5], "size": [4, 2, 0], "uv": [72, 13]}
					]
				},
				{
					"name": "finger_back_right",
					"parent": "hand_right",
					"pivot": [-18, 25.8, 1.5],
					"cubes": [
						{"origin": [-20, 25.8, 1.5], "size": [2, 2, 0], "uv": [72, 40]}
					]
				},
				{
					"name": "neck",
					"parent": "chest",
					"pivot": [0, 27.5, 0],
					"cubes": [
						{"origin": [-0.5, 26.75, -0.5], "size": [1, 3, 1], "uv": [62, 67]}
					]
				},
				{
					"name": "Head",
					"parent": "neck",
					"pivot": [0, 28.5, 0],
					"cubes": [
						{"origin": [-1.8, 28.5, -2.7], "size": [6, 6, 6], "pivot": [0, 28.5, 1.5], "rotation": [0, 45, 0], "uv": [32, 38]}
					]
				},
				{
					"name": "mouth_open",
					"parent": "Head",
					"pivot": [0, 28.6, 1.6],
					"cubes": [
						{"origin": [3.2, 28.6, -2.6], "size": [1, 1, 1], "inflate": 0.01, "pivot": [0, 28.6, 1.6], "rotation": [0, 45, 0], "uv": [72, 42]}
					]
				},
				{
					"name": "hair",
					"parent": "Head",
					"pivot": [0, 32.25, -0.7],
					"rotation": [7.5, 0, 0],
					"cubes": [
						{"origin": [-1.8, 29.25, -3.4], "size": [6, 6, 6], "pivot": [0, 29.25, 0.8], "rotation": [0, 45, 0], "uv": [48, 10]},
						{"origin": [0.2, 30.75, 3.6], "size": [2, 4, 2], "pivot": [-1, 28.75, 3.8], "rotation": [7.5, 45, 0], "uv": [38, 40]},
						{"origin": [0.98391, 33.90628, -1.81662], "size": [2, 2, 2], "pivot": [1.98391, 33.90628, -0.81662], "rotation": [-2.60483, 45.42981, -14.20086], "uv": [38, 42]},
						{"origin": [-2.93315, 33.70588, -2.57501], "size": [2, 2, 1], "pivot": [-1.43315, 34.70588, -2.07501], "rotation": [-164.41678, 29.12223, -142.98376], "uv": [57, 16]},
						{"origin": [-2.74053, 32.25605, -4.05782], "size": [3, 2, 1], "pivot": [-1.24053, 33.25605, -3.55782], "rotation": [50.3017, 64.18057, 55.58156], "uv": [53, 15]},
						{"origin": [-1.29575, 32.09099, -4.8297], "size": [1, 1, 0], "pivot": [-0.79575, 32.59099, -4.8297], "rotation": [-55.15206, 60.86506, -56.34147], "uv": [61, 17]}
					]
				},
				{
					"name": "eyes",
					"parent": "Head",
					"pivot": [0, 31.5, 3.5]
				},
				{
					"name": "eye_left",
					"parent": "eyes",
					"pivot": [2.75, 31.25, -1.7],
					"rotation": [0, -45, 0]
				},
				{
					"name": "eye_left_rotation",
					"parent": "eye_left",
					"pivot": [2.5, 31.25, -1.7],
					"rotation": [0, 0, -5],
					"cubes": [
						{"origin": [0.75, 29.5, -1.71], "size": [3, 3, 0], "uv": [72, 15]},
						{"origin": [1, 30, -1.72], "size": [2, 3, 0], "uv": [50, 70]}
					]
				},
				{
					"name": "pupil_left",
					"parent": "eye_left_rotation",
					"pivot": [2, 31.5, -1.73],
					"cubes": [
						{"origin": [1.5, 30.5, -1.73], "size": [1, 2, 0], "uv": [40, 67]}
					]
				},
				{
					"name": "eye_shine_left",
					"parent": "eye_left_rotation",
					"pivot": [1.5, 32, -1.74],
					"cubes": [
						{"origin": [1, 31.5, -1.74], "size": [1, 1, 0], "uv": [48, 37]}
					]
				},
				{
					"name": "eyelid_left",
					"parent": "eye_left_rotation",
					"pivot": [2.25, 31, -1.1],
					"cubes": [
						{"origin": [0.75, 29.5, -1.64], "size": [3, 3, 1], "inflate": 0.01, "uv": [72, 5]}
					]
				},
				{
					"name": "eye_right",
					"parent": "eyes",
					"pivot": [-2.75, 31.25, -1.7],
					"rotation": [0, 45, 0]
				},
				{
					"name": "eye_right_rotation",
					"parent": "eye_right",
					"pivot": [-2.5, 31.25, -1.7],
					"rotation": [0, 0, 5],
					"cubes": [
						{"origin": [-3.75, 29.5, -1.71], "size": [3, 3, 0], "uv": [72, 18]},
						{"origin": [-3, 30, -1.72], "size": [2, 3, 0], "uv": [62, 71]}
					]
				},
				{
					"name": "pupil_right",
					"parent": "eye_right_rotation",
					"pivot": [-2, 31.5, -1.73],
					"cubes": [
						{"origin": [-2.5, 30.5, -1.73], "size": [1, 2, 0], "uv": [14, 73]}
					]
				},
				{
					"name": "eye_shine_right",
					"parent": "eye_right_rotation",
					"pivot": [-1.5, 32, -1.74],
					"cubes": [
						{"origin": [-2, 31.5, -1.74], "size": [1, 1, 0], "uv": [50, 37]}
					]
				},
				{
					"name": "eyelid_right",
					"parent": "eye_right_rotation",
					"pivot": [-2.25, 31, -1.1],
					"cubes": [
						{"origin": [-3.75, 29.5, -1.64], "size": [3, 3, 1], "inflate": 0.01, "uv": [72, 9]}
					]
				},
				{
					"name": "hair_blade",
					"parent": "Head",
					"pivot": [0, 35.15, -1.15],
					"cubes": [
						{"origin": [0, 29.65, -1.15], "size": [0, 12, 7], "uv": [0, 50]},
						{"origin": [0, 29.55, -6.35], "size": [0, 6, 6], "inflate": 0.01, "pivot": [0, 34.4, -5.5], "rotation": [7.5, 0, 0], "uv": [42, 58]}
					]
				},
				{
					"name": "head_side_left",
					"parent": "Head",
					"pivot": [3.5, 29.2, -1],
					"rotation": [27.5, 47.5, 0],
					"cubes": [
						{"origin": [3.47, 29.15, -0.95], "size": [0, 3, 6], "uv": [54, 58]},
						{"origin": [3.45, 29.4, -0.2], "size": [0, 1, 4], "pivot": [3.45, 29.15, -0.95], "rotation": [-10, 0, 0], "uv": [42, 70]}
					]
				},
				{
					"name": "head_side_right",
					"parent": "Head",
					"pivot": [-3.5, 29.2, -1],
					"rotation": [27.5, -47.5, 0],
					"cubes": [
						{"origin": [-3.47, 29.15, -0.95], "size": [0, 3, 6], "uv": [66, 22]},
						{"origin": [-3.45, 29.4, -0.2], "size": [0, 1, 4], "pivot": [-3.45, 29.15, -0.95], "rotation": [-10, 0, 0], "uv": [72, 0]}
					]
				},
				{
					"name": "gammawisp",
					"parent": "torso",
					"pivot": [-0.34633, 21.47759, 0],
					"rotation": [0, 0, -20],
					"cubes": [
						{"origin": [-1.34633, 20.47759, 17], "size": [2, 2, 2], "uv": [120, 124]},
						{"origin": [-2.34633, 19.47759, 18], "size": [4, 4, 0], "uv": [120, 120]},
						{"origin": [-0.34633, 19.47759, 16], "size": [0, 4, 4], "uv": [120, 116]}
					]
				},
				{
					"name": "legs",
					"parent": "body",
					"pivot": [0, 16.5, 0]
				},
				{
					"name": "leg_right",
					"parent": "legs",
					"pivot": [-2, 16.5, 0],
					"cubes": [
						{"origin": [-3, 9.5, -1], "size": [2, 7, 2], "uv": [54, 67]}
					]
				},
				{
					"name": "leg_right2",
					"parent": "leg_right",
					"pivot": [-2, 10, -1],
					"cubes": [
						{"origin": [-3.5, 5, -1.5], "size": [3, 5, 3], "uv": [66, 57]}
					]
				},
				{
					"name": "foot_right",
					"parent": "leg_right2",
					"pivot": [-2, 5, 0],
					"cubes": [
						{"origin": [-4, 0, -2], "size": [4, 6, 4], "uv": [56, 0]}
					]
				},
				{
					"name": "leg_left",
					"parent": "legs",
					"pivot": [2, 16.5, 0],
					"cubes": [
						{"origin": [1, 9.5, -1], "size": [2, 7, 2], "uv": [0, 69]}
					]
				},
				{
					"name": "leg_left2",
					"parent": "leg_left",
					"pivot": [2, 10, -1],
					"cubes": [
						{"origin": [0.5, 5, -1.5], "size": [3, 5, 3], "uv": [66, 65]}
					]
				},
				{
					"name": "foot_left",
					"parent": "leg_left2",
					"pivot": [2, 5, 0],
					"cubes": [
						{"origin": [0, 0, -2], "size": [4, 6, 4], "uv": [56, 35]}
					]
				}
			]
		}
	]
}