{
    
    "target": "cobblemon:meganium",
    "features": ["jetian"],
    "forms": [
  {
    "implemented": true,
    "nationalPokedexNumber": 154,
    "name": "Jetian",
    "primaryType": "grass",
    "secondaryType": "fairy",
    "maleRatio": 0.875,
    "height": 50,
    "weight": 240,
    "pokedex": [
      "cobblemon.species.meganium_jetian.desc"
    ],
    "labels": [
      "gen2",
      "starter",
      "jetian"
    ],
    "aspects": ["jetian"],
    "abilities": [
      "overgrow",
      "h:flowerveil"
    ],
    "eggGroups": [
      "monster",
      "grass"
    ],
    "baseStats": {
      "hp": 200,
      "attack": 85,
      "defence": 100,
      "special_attack": 50,
      "special_defence": 75,
      "speed": 15
    },
    "evYield": {
      "hp": 0,
      "attack": 0,
      "defence": 0,
      "special_attack": 0,
      "special_defence": 1,
      "speed": 0
    },
    "baseExperienceYield": 64,
    "experienceGroup": "slow",
    "catchRate": 25,
    "eggCycles": 20,
    "baseFriendship": 50,
    "baseScale": 1.1,
    "hitbox": {
      "width": 0.7,
      "height": 1.1,
      "fixed": false
    },
    "behaviour": {
      "resting": {
        "canSleep": true,
        "willSleepOnBed": false,
        "light": "0-4"
      },
      "moving": {
        "walk": {
          "walkSpeed": 0.2
        }
      }
    },
    "drops": {
      "amount": 3,
      "entries": [
        {
          "item": "cobblemon:miracle_seed",
          "percentage": 5.0
        },
        {
            "item": "minecraft:allium",
            "percentage": 85   
        },
        {
            "item": "minecraft:pitcher_pod",
            "percentage": 20
        }
      ]
    },
    "moves": [
      "1:tackle",
      "1:growl",
      "1:razorleaf",
      "1:poisonpowder",
      "1:petaldance",
      "1:petalblizzard",
      "1:flowershield",
      "1:floralhealing",
      "12:synthesis",
      "18:reflect",
      "22:magicalleaf",
      "26:leechseed",
      "34:sweetscent",
      "40:moonblast",
      "46:bodyslam",
      "54:disarmingvoice",
      "60:gigadrain",
      "65:solarbeam",
      "67:mistyexplosion",
      "egg:ancientpower",
      "egg:aromatherapy",
      "egg:counter",
      "egg:flail",
      "egg:grasswhistle",
      "egg:healpulse",
      "egg:ingrain",
      "egg:leechseed",
      "egg:refresh",
      "egg:vinewhip",
      "egg:wringout",
      "tm:ancientpower",
      "tm:bodypress",
      "tm:bodyslam",
      "tm:bulldoze",
      "tm:bulletseed",
      "tm:charm",
      "tm:curse",
      "tm:cut",
      "tm:doubleedge",
      "tm:dragontail",
      "tm:earthquake",
      "tm:echoedvoice",
      "tm:encore",
      "tm:endeavor",
      "tm:endure",
      "tm:energyball",
      "tm:facade",
      "tm:faketears",
      "tm:flash",
      "tm:frenzyplant",
      "tm:furycutter",
      "tm:gigadrain",
      "tm:gigaimpact",
      "tm:grassknot",
      "tm:grasspledge",
      "tm:grassyglide",
      "tm:grassyterrain",
      "tm:headbutt",
      "tm:helpinghand",
      "tm:hyperbeam",
      "tm:irontail",
      "tm:knockoff",
      "tm:laserfocus",
      "tm:leafstorm",
      "tm:lightscreen",
      "tm:magicalleaf",
      "tm:magiccoat",
      "tm:mudslap",
      "tm:naturalgift",
      "tm:naturepower",
      "tm:outrage",
      "tm:petalblizzard",
      "tm:protect",
      "tm:reflect",
      "tm:rest",
      "tm:rockclimb",
      "tm:rocksmash",
      "tm:safeguard",
      "tm:seedbomb",
      "tm:sleeptalk",
      "tm:solarbeam",
      "tm:solarblade",
      "tm:stompingtantrum",
      "tm:strength",
      "tm:substitute",
      "tm:sunnyday",
      "tm:swordsdance",
      "tm:synthesis",
      "tm:takedown",
      "tm:terablast",
      "tm:trailblaze",
      "tm:weatherball",
      "tm:workup",
      "tm:worryseed",
      "tm:zenheadbutt",
      "tutor:ancientpower",
      "tutor:bulldoze",
      "tutor:endeavor",
      "tutor:energyball",
      "tutor:frenzyplant",
      "tutor:furycutter",
      "tutor:gigadrain",
      "tutor:gigaimpact",
      "tutor:grasspledge",
      "tutor:grassyglide",
      "tutor:helpinghand",
      "tutor:hyperbeam",
      "tutor:irontail",
      "tutor:knockoff",
      "tutor:laserfocus",
      "tutor:magicalleaf",
      "tutor:magiccoat",
      "tutor:mudslap",
      "tutor:outrage",
      "tutor:rest",
      "tutor:rocksmash",
      "tutor:seedbomb",
      "tutor:sleeptalk",
      "tutor:stompingtantrum",
      "tutor:synthesis",
      "tutor:worryseed",
      "tutor:zenheadbutt"  
    ]
  }]}