{
	"format_version": "1.8.0",
	"animations": {
		"animation.kabumaldo.ground_idle": {
			"loop": true,
			"animation_length": 4,
			"bones": {
				"leg2": {
					"rotation": ["0-math.sin(query.anim_time*90*2)*2", 12.5, "0+math.sin(query.anim_time*90*2)*0.2"],
					"position": [0, "0+math.sin(query.anim_time*90*2)*0.1", "0+math.sin(query.anim_time*90*2)*0.2"]
				},
				"knee2": {
					"rotation": ["0+math.sin(query.anim_time*90*2)*2", 0, 0]
				},
				"leg": {
					"rotation": ["0-math.sin(query.anim_time*90*2)*2", -7.5, 0],
					"position": [0, "0+math.sin(query.anim_time*90*2)*0.1", "0+math.sin(query.anim_time*90*2)*0.2"]
				},
				"knee": {
					"rotation": ["0+math.sin(query.anim_time*90*2)*2", 0, 0]
				},
				"torso": {
					"rotation": ["0-math.sin(query.anim_time*90*2+60)", 2.5, 0],
					"position": [0, "0+math.sin(query.anim_time*90*2)*0.2", 0]
				},
				"tail": {
					"rotation": ["-5-math.sin(query.anim_time*90*2)*5", "2.5-math.sin(query.anim_time*90*2)*5", 0]
				},
				"tail2": {
					"rotation": ["2.5-math.sin(query.anim_time*90*2-60)*5", "-7.5-math.sin(query.anim_time*90*2-120)*8", 0]
				},
				"tail3": {
					"rotation": ["7.5-math.sin(query.anim_time*90*2-120)*5", "-5-math.sin(query.anim_time*90*2-180)*8", 0]
				},
				"tail4": {
					"rotation": ["-7.5-math.sin(query.anim_time*90*2-180)*10", "10-math.sin(query.anim_time*90*2-240)*15", 0]
				},
				"uppertorso": {
					"rotation": ["0-math.sin(query.anim_time*90*2+120)", 0, 0]
				},
				"leg3": {
					"rotation": ["2.5-math.sin(query.anim_time*90*2-120)", 0, 0],
					"position": [0, "0-math.sin(query.anim_time*90*2+60)*0.3", "0+math.sin(query.anim_time*90*2+60)*0.1"]
				},
				"leg4": {
					"rotation": ["0-math.sin(query.anim_time*90*2-60)", 0, 0],
					"position": [0, "0-math.sin(query.anim_time*90*2+60)*0.3", "0+math.sin(query.anim_time*90*2+60)*0.1"]
				},
				"chest": {
					"rotation": [0, -5, 0]
				},
				"head": {
					"rotation": ["2.5+math.sin(query.anim_time*90*2)*2", 0, "0+math.sin(query.anim_time*90*2+60)*2"]
				},
				"arm": {
					"rotation": ["2.5433+math.sin(query.anim_time*90*2-60)*5", -0.39606, "-12.4938+math.sin(query.anim_time*90*2)*5"]
				},
				"leg5": {
					"rotation": ["0-math.sin(query.anim_time*90*2-120)", 0, 0],
					"position": [0, "0+math.sin(query.anim_time*90*2-120)*0.4", "0+math.sin(query.anim_time*90*2+60)*0.1"]
				},
				"leg6": {
					"rotation": ["2.5-math.sin(query.anim_time*90*2-120)", 0, 0],
					"position": [0, "0+math.sin(query.anim_time*90*2-120)*0.4", "0+math.sin(query.anim_time*90*2+60)*0.1"]
				},
				"claw": {
					"rotation": ["-15+math.sin(query.anim_time*90*2-120)*10", 0, 37.5]
				},
				"arm2": {
					"rotation": ["0.147+math.sin(query.anim_time*90*2-60)*5", 1.11973, "14.9591-math.sin(query.anim_time*90*2)*5"]
				},
				"claw2": {
					"rotation": ["-12.5+math.sin(query.anim_time*90*2-120)*10", 0, -35]
				},
				"eye": {
					"rotation": [0, 0, "0-math.sin(query.anim_time*90*2-180)*2"]
				},
				"eye2": {
					"rotation": [0, 0, "0-math.sin(query.anim_time*90*2-240)*2"]
				},
				"tailtip": {
					"rotation": [0, "0-math.sin(query.anim_time*90*2-300)*8", 0]
				},
				"tailtip2": {
					"rotation": [0, "0-math.sin(query.anim_time*90*2-300)*8", 0]
				}
			}
		},
		"animation.kabumaldo.ground_walk": {
			"loop": true,
			"animation_length": 2,
			"bones": {
				"body": {
					"rotation": [0, "0-math.sin(query.anim_time*90*2+60)*10", "0-math.sin(query.anim_time*90*2+60)*2"],
					"position": ["0+math.sin(query.anim_time*90*2)*5", 0, 0]
				},
				"leg2": {
					"rotation": {
						"0.0": {
							"post": [12.5, 0, 0],
							"lerp_mode": "catmullrom"
						},
						"0.25": {
							"post": [-20, 0, 0],
							"lerp_mode": "catmullrom"
						},
						"0.7083": {
							"post": [-25, 0, 0],
							"lerp_mode": "catmullrom"
						},
						"1.125": {
							"post": [-1.08, 0, 0],
							"lerp_mode": "catmullrom"
						},
						"2.0": {
							"post": [12.5, 0, 0],
							"lerp_mode": "catmullrom"
						}
					},
					"position": {
						"0.0": {
							"post": [0, 0, 5],
							"lerp_mode": "catmullrom"
						},
						"0.5": {
							"post": [0, 2, 0],
							"lerp_mode": "catmullrom"
						},
						"1.0": {
							"post": [0, 0, -2],
							"lerp_mode": "catmullrom"
						},
						"1.5": {
							"post": [0, 0, 1],
							"lerp_mode": "catmullrom"
						},
						"2.0": {
							"post": [0, 0, 5],
							"lerp_mode": "catmullrom"
						}
					}
				},
				"knee2": {
					"rotation": {
						"0.0": {
							"post": [0, 0, 0],
							"lerp_mode": "catmullrom"
						},
						"0.2917": {
							"post": [-12.5, 0, 0],
							"lerp_mode": "catmullrom"
						},
						"0.7917": {
							"post": [22.5, 0, 0],
							"lerp_mode": "catmullrom"
						},
						"1.0833": {
							"post": [5, 0, 0],
							"lerp_mode": "catmullrom"
						},
						"2.0": {
							"post": [0, 0, 0],
							"lerp_mode": "catmullrom"
						}
					},
					"position": {
						"0.0": {
							"post": [0, 0, 0],
							"lerp_mode": "catmullrom"
						},
						"0.2917": {
							"post": [0, 1, 0],
							"lerp_mode": "catmullrom"
						},
						"0.625": {
							"post": [0, 0, 0],
							"lerp_mode": "catmullrom"
						}
					}
				},
				"foot2": {
					"rotation": {
						"0.0": {
							"post": [0, 0, 0],
							"lerp_mode": "catmullrom"
						},
						"0.2917": {
							"post": [17.5, 0, 0],
							"lerp_mode": "catmullrom"
						},
						"0.5833": {
							"post": [-12.5, 0, 0],
							"lerp_mode": "catmullrom"
						},
						"1.0": {
							"post": [-2.5, 0, 0],
							"lerp_mode": "catmullrom"
						},
						"1.2917": {
							"post": [0, 0, 0],
							"lerp_mode": "catmullrom"
						}
					}
				},
				"leg": {
					"rotation": {
						"0.0": {
							"post": [-17.5, 0, 0],
							"lerp_mode": "catmullrom"
						},
						"1.0": {
							"post": [10, 0, 0],
							"lerp_mode": "catmullrom"
						},
						"1.1667": {
							"post": [-2.5, 0, 0],
							"lerp_mode": "catmullrom"
						},
						"1.625": {
							"post": [-15, 0, 0],
							"lerp_mode": "catmullrom"
						},
						"1.75": {
							"post": [-15, 0, 0],
							"lerp_mode": "catmullrom"
						},
						"2.0": {
							"post": [-17.5, 0, 0],
							"lerp_mode": "catmullrom"
						}
					},
					"position": {
						"0.0": {
							"post": [0, 0, -1],
							"lerp_mode": "catmullrom"
						},
						"0.5": {
							"post": [0, 0, 1],
							"lerp_mode": "catmullrom"
						},
						"1.0": {
							"post": [0, 0, 2],
							"lerp_mode": "catmullrom"
						},
						"1.5": {
							"post": [0, 2, 0.5],
							"lerp_mode": "catmullrom"
						},
						"2.0": {
							"post": [0, 0, -1],
							"lerp_mode": "catmullrom"
						}
					}
				},
				"knee": {
					"rotation": {
						"0.0": {
							"post": [0, 0, 0],
							"lerp_mode": "catmullrom"
						},
						"0.5417": {
							"post": [2.5, 0, 0],
							"lerp_mode": "catmullrom"
						},
						"1.0833": {
							"post": [-10, 0, 0],
							"lerp_mode": "catmullrom"
						},
						"1.5833": {
							"post": [-12.54196, -0.0422, -1.02907],
							"lerp_mode": "catmullrom"
						},
						"2.0": {
							"post": [0, 0, 0],
							"lerp_mode": "catmullrom"
						}
					},
					"position": {
						"0.0": {
							"post": [0, 0, 0],
							"lerp_mode": "catmullrom"
						},
						"1.0833": {
							"post": [0, 0, 0],
							"lerp_mode": "catmullrom"
						},
						"1.5833": {
							"post": [0, 1, 0],
							"lerp_mode": "catmullrom"
						},
						"2.0": {
							"post": [0, 0, 0],
							"lerp_mode": "catmullrom"
						}
					}
				},
				"foot": {
					"rotation": {
						"0.0": {
							"post": [17.5, 0, 0],
							"lerp_mode": "catmullrom"
						},
						"0.7917": {
							"post": [0, 0, 0],
							"lerp_mode": "catmullrom"
						},
						"1.125": {
							"post": [27.5, 0, 0],
							"lerp_mode": "catmullrom"
						},
						"1.5833": {
							"post": [-7.5, 0, 0],
							"lerp_mode": "catmullrom"
						},
						"1.8333": {
							"post": [0, 0, 0],
							"lerp_mode": "catmullrom"
						},
						"2.0": {
							"post": [17.5, 0, 0],
							"lerp_mode": "catmullrom"
						}
					}
				},
				"torso": {
					"position": {
						"0.0": [0, -0.2, 0],
						"0.5": [0, 0.7, 0],
						"0.75": [0, -0.85, 0],
						"0.875": [0, 0.07, 0],
						"1.0": [0, -0.2, 0],
						"1.5": [0, 0.7, 0],
						"1.7917": [0, -0.95, 0],
						"1.9167": [0, 0.07, 0],
						"2.0": [0, -0.2, 0]
					}
				},
				"tail": {
					"rotation": [0, "0+math.sin(query.anim_time*90*2-180)*15", 0]
				},
				"tail2": {
					"rotation": [0, "0+math.sin(query.anim_time*90*2-240)*20", 0]
				},
				"tail3": {
					"rotation": [0, "0+math.sin(query.anim_time*90*2-300)*25", 0]
				},
				"tail4": {
					"rotation": [0, "0+math.sin(query.anim_time*90*2-360)*35", 0]
				},
				"tailtip": {
					"rotation": ["-5+math.sin(query.anim_time*90*4-120)*10", 0, 0]
				},
				"tailtip2": {
					"rotation": ["-5+math.sin(query.anim_time*90*4-120)*10", 0, 0]
				},
				"uppertorso": {
					"rotation": [0, "0+math.sin(query.anim_time*90*2)*15", 0]
				},
				"leg3": {
					"rotation": {
						"0.0": {
							"post": [7.5, 0, 0],
							"lerp_mode": "catmullrom"
						},
						"0.25": {
							"post": [-10, 0, -15],
							"lerp_mode": "catmullrom"
						},
						"0.375": {
							"post": [-10, 0, -7.5],
							"lerp_mode": "catmullrom"
						},
						"0.5": {
							"post": [0, 0, 0],
							"lerp_mode": "catmullrom"
						},
						"1.0": {
							"post": [15, 0, 0],
							"lerp_mode": "catmullrom"
						},
						"1.25": {
							"post": [-12.5, 0, -12.5],
							"lerp_mode": "catmullrom"
						},
						"1.375": {
							"post": [-13.75, 0, -6.25],
							"lerp_mode": "catmullrom"
						},
						"1.5": {
							"post": [0, 0, 0],
							"lerp_mode": "catmullrom"
						},
						"2.0": {
							"post": [7.5, 0, 0],
							"lerp_mode": "catmullrom"
						}
					},
					"position": {
						"0.0": {
							"post": [0, 0, 2],
							"lerp_mode": "catmullrom"
						},
						"0.5": {
							"post": [0, 0, -2],
							"lerp_mode": "catmullrom"
						},
						"1.0": {
							"post": [0, 0, 2],
							"lerp_mode": "catmullrom"
						},
						"1.5": {
							"post": [0, 0, -1],
							"lerp_mode": "catmullrom"
						},
						"2.0": {
							"post": [0, 0, 2],
							"lerp_mode": "catmullrom"
						}
					}
				},
				"leg4": {
					"rotation": {
						"0.0": {
							"post": [-12.5, 0, 0],
							"lerp_mode": "catmullrom"
						},
						"0.5": {
							"post": [12.5, 0, 0],
							"lerp_mode": "catmullrom"
						},
						"0.75": {
							"post": [6.03864, -1.61463, 14.91483],
							"lerp_mode": "catmullrom"
						},
						"1.0": {
							"post": [-7.5, 0, 0],
							"lerp_mode": "catmullrom"
						},
						"1.5": {
							"post": [12.5, 0, 0],
							"lerp_mode": "catmullrom"
						},
						"1.75": {
							"post": [6.03864, -1.61463, 14.91483],
							"lerp_mode": "catmullrom"
						},
						"2.0": {
							"post": [-12.5, 0, 0],
							"lerp_mode": "catmullrom"
						}
					},
					"position": {
						"0.0": {
							"post": [0, 0, -1],
							"lerp_mode": "catmullrom"
						},
						"0.5": {
							"post": [0, 0, 2],
							"lerp_mode": "catmullrom"
						},
						"1.0": {
							"post": [0, 0, -1],
							"lerp_mode": "catmullrom"
						},
						"1.5": {
							"post": [0, 0, 2],
							"lerp_mode": "catmullrom"
						},
						"2.0": {
							"post": [0, 0, -1],
							"lerp_mode": "catmullrom"
						}
					}
				},
				"chest": {
					"rotation": [0, "0+math.sin(query.anim_time*90*2+60)*15", 0]
				},
				"head": {
					"rotation": [0, "0-math.sin(query.anim_time*90*2-20)*25", "0+math.sin(query.anim_time*90*2+60)*4"]
				},
				"eye2": {
					"rotation": [12.48848, -0.54094, "2.4408125559+math.sin(query.anim_time*90*4-120)"]
				},
				"eye": {
					"rotation": [12.48848, 0.54094, "-2.4408125559-math.sin(query.anim_time*90*4-120)"]
				},
				"arm": {
					"rotation": ["2.5+math.sin(query.anim_time*90*4)*5", 0, 0]
				},
				"elbow": {
					"rotation": ["7.5+math.sin(query.anim_time*90*4-60)*5", 0, 0]
				},
				"claw": {
					"rotation": ["-10+math.sin(query.anim_time*90*4-120)*10", 0, 0]
				},
				"arm2": {
					"rotation": ["0+math.sin(query.anim_time*90*4)*5", 0, 0]
				},
				"elbow2": {
					"rotation": ["5+math.sin(query.anim_time*90*4-60)*5", 0, 0]
				},
				"claw2": {
					"rotation": ["-5+math.sin(query.anim_time*90*4-120)*10", 0, 0]
				},
				"leg5": {
					"rotation": {
						"0.0": {
							"post": [0, 0, 0],
							"lerp_mode": "catmullrom"
						},
						"0.25": {
							"post": [-8.88927, 4.59902, 12.14233],
							"lerp_mode": "catmullrom"
						},
						"0.375": {
							"post": [-9.96271, 0.86717, -2.57558],
							"lerp_mode": "catmullrom"
						},
						"0.5": {
							"post": [0, 0, 0],
							"lerp_mode": "catmullrom"
						},
						"1.0": {
							"post": [0, 0, 0],
							"lerp_mode": "catmullrom"
						},
						"1.25": {
							"post": [-11.36081, 5.24826, 11.97761],
							"lerp_mode": "catmullrom"
						},
						"1.375": {
							"post": [-13.54886, 2.36548, 3.46896],
							"lerp_mode": "catmullrom"
						},
						"1.5": {
							"post": [0, 0, 0],
							"lerp_mode": "catmullrom"
						},
						"2.0": {
							"post": [0, 0, 0],
							"lerp_mode": "catmullrom"
						}
					},
					"position": {
						"0.0": {
							"post": [0, 0, 2],
							"lerp_mode": "catmullrom"
						},
						"0.5": {
							"post": [0, 0, -2],
							"lerp_mode": "catmullrom"
						},
						"1.0": {
							"post": [0, 0, 2],
							"lerp_mode": "catmullrom"
						},
						"1.5": {
							"post": [0, 0, -1],
							"lerp_mode": "catmullrom"
						},
						"2.0": {
							"post": [0, 0, 2],
							"lerp_mode": "catmullrom"
						}
					}
				},
				"leg6": {
					"rotation": {
						"0.0": {
							"post": [-7.5, 0, 0],
							"lerp_mode": "catmullrom"
						},
						"0.5": {
							"post": [12.5, 0, 0],
							"lerp_mode": "catmullrom"
						},
						"0.75": {
							"post": [-8.96136, 1.61463, -14.91483],
							"lerp_mode": "catmullrom"
						},
						"1.0": {
							"post": [-7.5, 0, 0],
							"lerp_mode": "catmullrom"
						},
						"1.5": {
							"post": [12.5, 0, 0],
							"lerp_mode": "catmullrom"
						},
						"1.75": {
							"post": [-18.89702, 1.35019, -12.42802],
							"lerp_mode": "catmullrom"
						},
						"2.0": {
							"post": [-7.5, 0, 0],
							"lerp_mode": "catmullrom"
						}
					},
					"position": {
						"0.0": {
							"post": [0, 0, -1],
							"lerp_mode": "catmullrom"
						},
						"0.5": {
							"post": [0, 0, 2],
							"lerp_mode": "catmullrom"
						},
						"1.0": {
							"post": [0, 0, -1],
							"lerp_mode": "catmullrom"
						},
						"1.5": {
							"post": [0, 0, 2],
							"lerp_mode": "catmullrom"
						},
						"2.0": {
							"post": [0, 0, -1],
							"lerp_mode": "catmullrom"
						}
					}
				}
			}
		},
		"animation.kabumaldo.battle_idle": {
			"loop": true,
			"animation_length": 2,
			"bones": {
				"body": {
					"rotation": [0, 40, 0],
					"position": [2, 0, 0]
				},
				"leg2": {
					"rotation": ["-5+math.sin(query.anim_time*90*4)*5", -7.5, 0]
				},
				"knee2": {
					"rotation": ["5-math.sin(query.anim_time*90*4)*10", 0, 0]
				},
				"foot2": {
					"rotation": ["5+math.sin(query.anim_time*90*4)*5", 0, 0]
				},
				"leg": {
					"rotation": ["-5+math.sin(query.anim_time*90*4)*5", -57.5, 0],
					"position": [1, 0, -3]
				},
				"knee": {
					"rotation": ["7.5-math.sin(query.anim_time*90*4)*10", 0, 0]
				},
				"foot": {
					"rotation": ["2.5+math.sin(query.anim_time*90*4)*5", 0, 0]
				},
				"torso": {
					"rotation": ["-10-math.sin(query.anim_time*90*4)", "0-math.sin(query.anim_time*90*4)", 0],
					"position": [0, "-1+math.sin(query.anim_time*90*4)*0.2", 0]
				},
				"tail": {
					"rotation": [4.7023, "10.0356-math.sin(query.anim_time*90*4-60)*5", -0.89516]
				},
				"tail2": {
					"rotation": [12.5, "30-math.sin(query.anim_time*90*4-120)*10", 0]
				},
				"tail3": {
					"rotation": ["15-math.sin(query.anim_time*90*8-80)*10", "42.5-math.sin(query.anim_time*90*8-180)*15", 0]
				},
				"tail4": {
					"rotation": ["15-math.sin(query.anim_time*90*8-180)*20", "37.5-math.sin(query.anim_time*90*8-240)*20", 0]
				},
				"uppertorso": {
					"rotation": [-15, "-17.5+math.sin(query.anim_time*90*4-60)", 0]
				},
				"leg3": {
					"rotation": [0, 0, "0+math.sin(query.anim_time*90*4-20)*10"]
				},
				"leg4": {
					"rotation": [0, -2.5, "0+math.sin(query.anim_time*90*4-120)*10"]
				},
				"chest": {
					"rotation": [17.5, "-15+math.sin(query.anim_time*90*4-120)*5", 0]
				},
				"head": {
					"rotation": [7.5, "-25+math.sin(query.anim_time*90*4+60)*10", 0]
				},
				"jaw": {
					"rotation": [47.5, 0, 0]
				},
				"eye2": {
					"rotation": [25, "0-math.sin(query.anim_time*90*4+70)*15", "0-math.sin(query.anim_time*90*4+120)*5"]
				},
				"eye": {
					"rotation": [17.5, 0, "0-math.sin(query.anim_time*90*4+120)*5"]
				},
				"arm": {
					"rotation": [-25.33761, -9.05478, 4.26175]
				},
				"elbow": {
					"rotation": ["0+math.sin(query.anim_time*90*4)*10", 0, 0]
				},
				"claw": {
					"rotation": ["-5+math.sin(query.anim_time*90*4-60)*10", 0, 0]
				},
				"arm2": {
					"rotation": [-28.60996, 33.39405, 11.02669]
				},
				"elbow2": {
					"rotation": ["15+math.sin(query.anim_time*90*4)*10", 0, 0]
				},
				"claw2": {
					"rotation": ["0+math.sin(query.anim_time*90*4-60)*10", 0, 0]
				},
				"leg5": {
					"rotation": [-27.5, 0, "0+math.sin(query.anim_time*90*4)*10"]
				},
				"leg6": {
					"rotation": [-25, 0, "0+math.sin(query.anim_time*90*4)*5"]
				}
			}
		},
		"animation.kabumaldo.sleep": {
			"loop": true,
			"bones": {
				"body": {
					"rotation": [0, 0, 87.5],
					"position": [0, 1, 0]
				},
				"leg2": {
					"rotation": [12.5, 0, -30]
				},
				"foot2": {
					"rotation": [37.5, 0, 0]
				},
				"foot": {
					"rotation": [30, 0, 0]
				},
				"tail": {
					"rotation": [-50, 0, 0]
				},
				"tail2": {
					"rotation": [-40, 0, 0]
				},
				"tail3": {
					"rotation": [-45, 0, 0]
				},
				"tail4": {
					"rotation": [-32.5, 0, 0]
				},
				"tailtip": {
					"rotation": [-9.84994, 1.49638, -72.76454]
				},
				"tailtip2": {
					"rotation": [-27.5, 0, 0]
				},
				"uppertorso": {
					"rotation": [22.5, 0, 0]
				},
				"leg3": {
					"rotation": [0, 0, 32.5]
				},
				"leg4": {
					"rotation": [15, 0, -35]
				},
				"chest": {
					"rotation": [50, 0, 0]
				},
				"head": {
					"rotation": [60, 0, 0]
				},
				"eye2": {
					"rotation": [45.80233, 17.611, -29.15735]
				},
				"eye": {
					"rotation": [57.5, 0, 25]
				},
				"arm": {
					"rotation": [0, 7.5, 10]
				},
				"elbow2": {
					"rotation": [12.5, -35, 0]
				},
				"leg5": {
					"rotation": [-22.5, 0, -40]
				},
				"leg6": {
					"rotation": [0, 0, 35]
				},
				"eyes2": {
					"position": [0, 0, 0.5]
				},
				"eyes": {
					"position": [0, 0, 0.5]
				}
			}
		},
		"animation.kabumaldo.blink": {
			"animation_length": 0.0833,
			"bones": {
				"eyes": {
					"position": {
						"0.0": [0, 0, 0],
						"0.0417": [0, 0, 0.4]
					}
				},
				"eyes2": {
					"position": {
						"0.0": [0, 0, 0],
						"0.0417": [0, 0, 0.5]
					}
				}
			}
		}
	}
}