{
	"format_version": "1.8.0",
	"animations": {
		"animation.kindachi-spaceworldmons.ground_idle": {
			"loop": true,
			"animation_length": 1,
			"bones": {
				"body": {
					"rotation": {
						"0.0": {
							"post": [0, 0, 0],
							"lerp_mode": "catmullrom"
						},
						"0.25": {
							"post": [0, 0, 2.5],
							"lerp_mode": "catmullrom"
						},
						"0.5": {
							"post": [0, 0, 0],
							"lerp_mode": "catmullrom"
						},
						"0.75": {
							"post": [0, 0, -2.5],
							"lerp_mode": "catmullrom"
						},
						"1.0": {
							"post": [0, 0, 0],
							"lerp_mode": "catmullrom"
						}
					},
					"position": {
						"0.0": {
							"post": [0, 0, 0],
							"lerp_mode": "catmullrom"
						},
						"0.25": {
							"post": [0, 1, 0],
							"lerp_mode": "catmullrom"
						},
						"0.5": {
							"post": [0, 0, 0],
							"lerp_mode": "catmullrom"
						},
						"0.75": {
							"post": [0, 1, 0],
							"lerp_mode": "catmullrom"
						},
						"1.0": {
							"post": [0, 0, 0],
							"lerp_mode": "catmullrom"
						}
					}
				},
				"head": {
					"rotation": {
						"0.0": {
							"post": [0, 0, 0],
							"lerp_mode": "catmullrom"
						},
						"0.25": {
							"post": [-20.15874, -7.04533, 2.57816],
							"lerp_mode": "catmullrom"
						},
						"0.5": {
							"post": [0, 0, 0],
							"lerp_mode": "catmullrom"
						},
						"0.75": {
							"post": [-20.15874, 7.04533, -2.57816],
							"lerp_mode": "catmullrom"
						},
						"1.0": {
							"post": [0, 0, 0],
							"lerp_mode": "catmullrom"
						}
					}
				},
				"left_ear": {
					"rotation": {
						"0.0": {
							"post": [0, 0, 0],
							"lerp_mode": "catmullrom"
						},
						"0.25": {
							"post": [-5, 0, 7.5],
							"lerp_mode": "catmullrom"
						},
						"0.5": {
							"post": [0, 0, 0],
							"lerp_mode": "catmullrom"
						},
						"0.75": {
							"post": [-5, 0, 7.5],
							"lerp_mode": "catmullrom"
						},
						"1.0": {
							"post": [0, 0, 0],
							"lerp_mode": "catmullrom"
						}
					}
				},
				"right_ear": {
					"rotation": {
						"0.0": {
							"post": [0, 0, 0],
							"lerp_mode": "catmullrom"
						},
						"0.25": {
							"post": [-5, 0, -7.5],
							"lerp_mode": "catmullrom"
						},
						"0.5": {
							"post": [0, 0, 0],
							"lerp_mode": "catmullrom"
						},
						"0.75": {
							"post": [-5, 0, -7.5],
							"lerp_mode": "catmullrom"
						},
						"1.0": {
							"post": [0, 0, 0],
							"lerp_mode": "catmullrom"
						}
					}
				},
				"left_arm": {
					"rotation": {
						"0.0": {
							"post": [0, 0, -10],
							"lerp_mode": "catmullrom"
						},
						"0.25": {
							"post": [0, 0, -30],
							"lerp_mode": "catmullrom"
						},
						"0.5": {
							"post": [0, 0, -10],
							"lerp_mode": "catmullrom"
						},
						"0.75": {
							"post": [0, 0, -30],
							"lerp_mode": "catmullrom"
						},
						"1.0": {
							"post": [0, 0, -10],
							"lerp_mode": "catmullrom"
						}
					}
				},
				"right_arm": {
					"rotation": {
						"0.0": {
							"post": [0, 0, 10],
							"lerp_mode": "catmullrom"
						},
						"0.25": {
							"post": [0, 0, 30],
							"lerp_mode": "catmullrom"
						},
						"0.5": {
							"post": [0, 0, 10],
							"lerp_mode": "catmullrom"
						},
						"0.75": {
							"post": [0, 0, 30],
							"lerp_mode": "catmullrom"
						},
						"1.0": {
							"post": [0, 0, 10],
							"lerp_mode": "catmullrom"
						}
					}
				},
				"tail": {
					"rotation": {
						"0.0": {
							"post": [7.5, 0, 0],
							"lerp_mode": "catmullrom"
						},
						"0.25": {
							"post": [7.38565, 9.91358, -1.31845],
							"lerp_mode": "catmullrom"
						},
						"0.5": {
							"post": [7.5, 0, 0],
							"lerp_mode": "catmullrom"
						},
						"0.75": {
							"post": [7.38565, -9.91358, 1.31845],
							"lerp_mode": "catmullrom"
						},
						"1.0": {
							"post": [7.5, 0, 0],
							"lerp_mode": "catmullrom"
						}
					}
				},
				"tail_end": {
					"rotation": {
						"0.0": {
							"post": [20, 0, 0],
							"lerp_mode": "catmullrom"
						},
						"0.25": {
							"post": [20.28356, 9.39129, 3.45118],
							"lerp_mode": "catmullrom"
						},
						"0.5": {
							"post": [20, 0, 0],
							"lerp_mode": "catmullrom"
						},
						"0.75": {
							"post": [20.28356, -9.39129, -3.45118],
							"lerp_mode": "catmullrom"
						},
						"1.0": {
							"post": [20, 0, 0],
							"lerp_mode": "catmullrom"
						}
					}
				},
				"left_leg": {
					"rotation": {
						"0.0": {
							"post": [0, 0, 0],
							"lerp_mode": "catmullrom"
						},
						"0.5": {
							"post": [0, 0, 0],
							"lerp_mode": "catmullrom"
						},
						"0.75": {
							"post": [-15, 0, -17.5],
							"lerp_mode": "catmullrom"
						},
						"1.0": {
							"post": [0, 0, 0],
							"lerp_mode": "catmullrom"
						}
					}
				},
				"right_leg": {
					"rotation": {
						"0.0": {
							"post": [0, 0, 0],
							"lerp_mode": "catmullrom"
						},
						"0.25": {
							"post": [-15, 0, 17.5],
							"lerp_mode": "catmullrom"
						},
						"0.5": {
							"post": [0, 0, 0],
							"lerp_mode": "catmullrom"
						}
					}
				},
				"right_pupil": {
					"position": {
						"0.0": {
							"post": [0, 0, 0],
							"lerp_mode": "catmullrom"
						},
						"0.0833": {
							"post": [-0.25, 0, 0],
							"lerp_mode": "catmullrom"
						},
						"0.1667": {
							"post": [0, 0, 0],
							"lerp_mode": "catmullrom"
						},
						"0.25": {
							"post": [-0.25, 0, 0],
							"lerp_mode": "catmullrom"
						},
						"0.3333": {
							"post": [0, 0, 0],
							"lerp_mode": "catmullrom"
						},
						"0.4167": {
							"post": [-0.25, 0, 0],
							"lerp_mode": "catmullrom"
						},
						"0.5": {
							"post": [0, 0, 0],
							"lerp_mode": "catmullrom"
						},
						"0.5833": {
							"post": [-0.25, 0, 0],
							"lerp_mode": "catmullrom"
						},
						"0.6667": {
							"post": [0, 0, 0],
							"lerp_mode": "catmullrom"
						},
						"0.75": {
							"post": [-0.25, 0, 0],
							"lerp_mode": "catmullrom"
						},
						"0.8333": {
							"post": [0, 0, 0],
							"lerp_mode": "catmullrom"
						},
						"0.9167": {
							"post": [-0.25, 0, 0],
							"lerp_mode": "catmullrom"
						},
						"1.0": {
							"post": [0, 0, 0],
							"lerp_mode": "catmullrom"
						}
					},
					"scale": {
						"0.0": {
							"post": [1, 1, 1],
							"lerp_mode": "catmullrom"
						},
						"0.0833": {
							"post": [0.9, 0.9, 1],
							"lerp_mode": "catmullrom"
						},
						"0.1667": {
							"post": [1, 1, 1],
							"lerp_mode": "catmullrom"
						},
						"0.25": {
							"post": [0.9, 0.9, 1],
							"lerp_mode": "catmullrom"
						},
						"0.3333": {
							"post": [1, 1, 1],
							"lerp_mode": "catmullrom"
						},
						"0.4167": {
							"post": [0.9, 0.9, 1],
							"lerp_mode": "catmullrom"
						},
						"0.5": {
							"post": [1, 1, 1],
							"lerp_mode": "catmullrom"
						},
						"0.5833": {
							"post": [0.9, 0.9, 1],
							"lerp_mode": "catmullrom"
						},
						"0.6667": {
							"post": [1, 1, 1],
							"lerp_mode": "catmullrom"
						},
						"0.75": {
							"post": [0.9, 0.9, 1],
							"lerp_mode": "catmullrom"
						},
						"0.8333": {
							"post": [1, 1, 1],
							"lerp_mode": "catmullrom"
						},
						"0.9167": {
							"post": [0.9, 0.9, 1],
							"lerp_mode": "catmullrom"
						},
						"1.0": {
							"post": [1, 1, 1],
							"lerp_mode": "catmullrom"
						}
					}
				},
				"left_pupil": {
					"position": {
						"0.0": {
							"post": [0, 0, 0],
							"lerp_mode": "catmullrom"
						},
						"0.0833": {
							"post": [0.25, 0, 0],
							"lerp_mode": "catmullrom"
						},
						"0.1667": {
							"post": [0, 0, 0],
							"lerp_mode": "catmullrom"
						},
						"0.25": {
							"post": [0.25, 0, 0],
							"lerp_mode": "catmullrom"
						},
						"0.3333": {
							"post": [0, 0, 0],
							"lerp_mode": "catmullrom"
						},
						"0.4167": {
							"post": [0.25, 0, 0],
							"lerp_mode": "catmullrom"
						},
						"0.5": {
							"post": [0, 0, 0],
							"lerp_mode": "catmullrom"
						},
						"0.5833": {
							"post": [0.25, 0, 0],
							"lerp_mode": "catmullrom"
						},
						"0.6667": {
							"post": [0, 0, 0],
							"lerp_mode": "catmullrom"
						},
						"0.75": {
							"post": [0.25, 0, 0],
							"lerp_mode": "catmullrom"
						},
						"0.8333": {
							"post": [0, 0, 0],
							"lerp_mode": "catmullrom"
						},
						"0.9167": {
							"post": [0.25, 0, 0],
							"lerp_mode": "catmullrom"
						},
						"1.0": {
							"post": [0, 0, 0],
							"lerp_mode": "catmullrom"
						}
					},
					"scale": {
						"0.0": {
							"post": [1, 1, 1],
							"lerp_mode": "catmullrom"
						},
						"0.0833": {
							"post": [0.9, 0.9, 1],
							"lerp_mode": "catmullrom"
						},
						"0.1667": {
							"post": [1, 1, 1],
							"lerp_mode": "catmullrom"
						},
						"0.25": {
							"post": [0.9, 0.9, 1],
							"lerp_mode": "catmullrom"
						},
						"0.3333": {
							"post": [1, 1, 1],
							"lerp_mode": "catmullrom"
						},
						"0.4167": {
							"post": [0.9, 0.9, 1],
							"lerp_mode": "catmullrom"
						},
						"0.5": {
							"post": [1, 1, 1],
							"lerp_mode": "catmullrom"
						},
						"0.5833": {
							"post": [0.9, 0.9, 1],
							"lerp_mode": "catmullrom"
						},
						"0.6667": {
							"post": [1, 1, 1],
							"lerp_mode": "catmullrom"
						},
						"0.75": {
							"post": [0.9, 0.9, 1],
							"lerp_mode": "catmullrom"
						},
						"0.8333": {
							"post": [1, 1, 1],
							"lerp_mode": "catmullrom"
						},
						"0.9167": {
							"post": [0.9, 0.9, 1],
							"lerp_mode": "catmullrom"
						},
						"1.0": {
							"post": [1, 1, 1],
							"lerp_mode": "catmullrom"
						}
					}
				}
			}
		},
		"animation.kindachi-spaceworldmons.cry": {
			"animation_length": 0.75,
			"bones": {
				"body": {
					"position": {
						"0.0": {
							"post": [0, 0, 0],
							"lerp_mode": "catmullrom"
						},
						"0.25": {
							"post": [0, 5, 0],
							"lerp_mode": "catmullrom"
						},
						"0.4583": {
							"post": [0, 5, 0],
							"lerp_mode": "catmullrom"
						},
						"0.7083": {
							"post": [0, 0, 0],
							"lerp_mode": "catmullrom"
						}
					}
				},
				"head": {
					"rotation": {
						"0.0": {
							"post": [0, 0, 0],
							"lerp_mode": "catmullrom"
						},
						"0.25": {
							"post": [-35, 0, 0],
							"lerp_mode": "catmullrom"
						},
						"0.4583": {
							"post": [-35, 0, 0],
							"lerp_mode": "catmullrom"
						},
						"0.7083": {
							"post": [0, 0, 0],
							"lerp_mode": "catmullrom"
						}
					}
				},
				"left_ear": {
					"rotation": {
						"0.0": {
							"post": [0, 0, 0],
							"lerp_mode": "catmullrom"
						},
						"0.25": {
							"post": [0, 0, 27.5],
							"lerp_mode": "catmullrom"
						},
						"0.5": {
							"post": [0, 0, 27.5],
							"lerp_mode": "catmullrom"
						},
						"0.75": {
							"post": [0, 0, 0],
							"lerp_mode": "catmullrom"
						}
					}
				},
				"right_ear": {
					"rotation": {
						"0.0": {
							"post": [0, 0, 0],
							"lerp_mode": "catmullrom"
						},
						"0.25": {
							"post": [0, 0, -27.5],
							"lerp_mode": "catmullrom"
						},
						"0.5": {
							"post": [0, 0, -27.5],
							"lerp_mode": "catmullrom"
						},
						"0.75": {
							"post": [0, 0, 0],
							"lerp_mode": "catmullrom"
						}
					}
				},
				"left_arm": {
					"rotation": {
						"0.0": {
							"post": [0, 0, 32.5],
							"lerp_mode": "catmullrom"
						},
						"0.25": {
							"post": [0, 30, -55],
							"lerp_mode": "catmullrom"
						},
						"0.4583": {
							"post": [0, 30, -55],
							"lerp_mode": "catmullrom"
						},
						"0.7083": {
							"post": [0, 0, 32.5],
							"lerp_mode": "catmullrom"
						}
					}
				},
				"right_arm": {
					"rotation": {
						"0.0": {
							"post": [0, 0, -32.5],
							"lerp_mode": "catmullrom"
						},
						"0.25": {
							"post": [0, -30, 55],
							"lerp_mode": "catmullrom"
						},
						"0.4583": {
							"post": [0, -30, 55],
							"lerp_mode": "catmullrom"
						},
						"0.7083": {
							"post": [0, 0, -32.5],
							"lerp_mode": "catmullrom"
						}
					}
				},
				"tail": {
					"rotation": {
						"0.0": {
							"post": [7.5, 0, 0],
							"lerp_mode": "catmullrom"
						},
						"0.25": {
							"post": [-7.5, 0, 0],
							"lerp_mode": "catmullrom"
						},
						"0.4583": {
							"post": [-7.5, 0, 0],
							"lerp_mode": "catmullrom"
						},
						"0.7083": {
							"post": [7.5, 0, 0],
							"lerp_mode": "catmullrom"
						}
					}
				},
				"tail_end": {
					"rotation": {
						"0.0": {
							"post": [20, 0, 0],
							"lerp_mode": "catmullrom"
						},
						"0.25": {
							"post": [-17.5, 0, 0],
							"lerp_mode": "catmullrom"
						},
						"0.4583": {
							"post": [-17.5, 0, 0],
							"lerp_mode": "catmullrom"
						},
						"0.7083": {
							"post": [20, 0, 0],
							"lerp_mode": "catmullrom"
						}
					}
				},
				"left_leg": {
					"rotation": {
						"0.0": {
							"post": [0, 0, 0],
							"lerp_mode": "catmullrom"
						},
						"0.25": {
							"post": [20, 0, 0],
							"lerp_mode": "catmullrom"
						},
						"0.4583": {
							"post": [20, 0, 0],
							"lerp_mode": "catmullrom"
						},
						"0.7083": {
							"post": [0, 0, 0],
							"lerp_mode": "catmullrom"
						}
					},
					"position": {
						"0.0": {
							"post": [0, 0, 0],
							"lerp_mode": "catmullrom"
						},
						"0.25": {
							"post": [0, 0, 1.5],
							"lerp_mode": "catmullrom"
						},
						"0.4583": {
							"post": [0, 0, 1.5],
							"lerp_mode": "catmullrom"
						},
						"0.7083": {
							"post": [0, 0, 0],
							"lerp_mode": "catmullrom"
						}
					}
				},
				"right_leg": {
					"rotation": {
						"0.0": {
							"post": [0, 0, 0],
							"lerp_mode": "catmullrom"
						},
						"0.25": {
							"post": [-20, 0, 0],
							"lerp_mode": "catmullrom"
						},
						"0.4583": {
							"post": [-20, 0, 0],
							"lerp_mode": "catmullrom"
						},
						"0.7083": {
							"post": [0, 0, 0],
							"lerp_mode": "catmullrom"
						}
					},
					"position": {
						"0.0": {
							"post": [0, 0, 0],
							"lerp_mode": "catmullrom"
						},
						"0.25": {
							"post": [0, 0, -1.5],
							"lerp_mode": "catmullrom"
						},
						"0.4583": {
							"post": [0, 0, -1.5],
							"lerp_mode": "catmullrom"
						},
						"0.7083": {
							"post": [0, 0, 0],
							"lerp_mode": "catmullrom"
						}
					}
				}
			}
		},
		"animation.kindachi-spaceworldmons.faint": {
			"loop": "hold_on_last_frame",
			"animation_length": 2.5063,
			"bones": {
				"body": {
					"rotation": {
						"0.0": {
							"post": [0, 0, 0],
							"lerp_mode": "catmullrom"
						},
						"0.5": {
							"post": [90, 0, 0],
							"lerp_mode": "catmullrom"
						}
					},
					"position": {
						"0.0": {
							"post": [0, 0, 0],
							"lerp_mode": "catmullrom"
						},
						"0.5": {
							"post": [0, 4, 0],
							"lerp_mode": "catmullrom"
						}
					}
				},
				"head": {
					"rotation": {
						"0.0": {
							"post": [0, 0, 0],
							"lerp_mode": "catmullrom"
						},
						"0.5": {
							"post": [-57.5, 0, 0],
							"lerp_mode": "catmullrom"
						},
						"1.0": {
							"post": [-10, 0, 0],
							"lerp_mode": "catmullrom"
						}
					},
					"position": {
						"0.0": {
							"post": [0, 0, 0],
							"lerp_mode": "catmullrom"
						},
						"0.5": {
							"post": [0, 2.25, -1],
							"lerp_mode": "catmullrom"
						}
					}
				},
				"left_ear": {
					"rotation": {
						"0.0": {
							"post": [0, 0, 0],
							"lerp_mode": "catmullrom"
						},
						"0.5": {
							"post": [-22.32648, 2.86313, 6.93488],
							"lerp_mode": "catmullrom"
						},
						"1.0": {
							"post": [25.17352, 2.86313, 6.93488],
							"lerp_mode": "catmullrom"
						}
					}
				},
				"right_ear": {
					"rotation": {
						"0.0": {
							"post": [0, 0, 0],
							"lerp_mode": "catmullrom"
						},
						"0.5": {
							"post": [-22.32648, -2.86313, -6.93488],
							"lerp_mode": "catmullrom"
						},
						"1.0": {
							"post": [25.17352, -2.86313, -6.93488],
							"lerp_mode": "catmullrom"
						}
					}
				},
				"left_arm": {
					"rotation": {
						"0.0": {
							"post": [0, 0, -10],
							"lerp_mode": "catmullrom"
						},
						"0.5": {
							"post": [0, 35, -50],
							"lerp_mode": "catmullrom"
						},
						"1.0": {
							"post": [0, 50, -50],
							"lerp_mode": "catmullrom"
						}
					}
				},
				"right_arm": {
					"rotation": {
						"0.0": {
							"post": [0, 0, 10],
							"lerp_mode": "catmullrom"
						},
						"0.5": {
							"post": [0, -35, 60],
							"lerp_mode": "catmullrom"
						},
						"1.0": {
							"post": [0, -50, 60],
							"lerp_mode": "catmullrom"
						}
					}
				},
				"fire": {
					"rotation": {
						"0.0": {
							"post": [0, 0, 0],
							"lerp_mode": "catmullrom"
						},
						"0.5": {
							"post": [-75, 0, 0],
							"lerp_mode": "catmullrom"
						}
					},
					"position": {
						"0.0": {
							"post": [0, 0, 0],
							"lerp_mode": "catmullrom"
						},
						"1.0": {
							"post": [0, 0, -9],
							"lerp_mode": "catmullrom"
						}
					},
					"scale": {
						"0.0": {
							"post": [1, 1, 1],
							"lerp_mode": "catmullrom"
						},
						"1.0": {
							"post": [1.5, 1.5, 1.5],
							"lerp_mode": "catmullrom"
						}
					}
				},
				"tail": {
					"rotation": {
						"0.0": {
							"post": [7.5, 0, 0],
							"lerp_mode": "catmullrom"
						},
						"0.5": {
							"post": [-57.5, 0, 0],
							"lerp_mode": "catmullrom"
						},
						"1.0": {
							"post": [-117.5, 0, 0],
							"lerp_mode": "catmullrom"
						}
					}
				},
				"tail_end": {
					"rotation": {
						"0.0": {
							"post": [20, 0, 0],
							"lerp_mode": "catmullrom"
						}
					}
				},
				"left_leg": {
					"rotation": {
						"0.0": {
							"post": [0, 0, 0],
							"lerp_mode": "catmullrom"
						},
						"0.5": {
							"post": [17.5, 0, 0],
							"lerp_mode": "catmullrom"
						},
						"1.0": {
							"post": [-37.5, 0, 0],
							"lerp_mode": "catmullrom"
						}
					}
				},
				"right_leg": {
					"rotation": {
						"0.0": {
							"post": [0, 0, 0],
							"lerp_mode": "catmullrom"
						},
						"0.5": {
							"post": [17.5, 0, 0],
							"lerp_mode": "catmullrom"
						},
						"1.0": {
							"post": [-37.5, 0, 0],
							"lerp_mode": "catmullrom"
						}
					}
				},
				"right_pupil": {
					"position": {
						"0.0": {
							"post": [0, 0, 0],
							"lerp_mode": "catmullrom"
						},
						"0.0833": {
							"post": [-0.25, 0, 0],
							"lerp_mode": "catmullrom"
						},
						"0.1667": {
							"post": [0, 0, 0],
							"lerp_mode": "catmullrom"
						},
						"0.25": {
							"post": [-0.25, 0, 0],
							"lerp_mode": "catmullrom"
						}
					},
					"scale": {
						"0.0": [1.3, 1.3, 1],
						"0.0833": [1.2, 1.2, 1],
						"0.1667": [1.3, 1.3, 1],
						"0.25": [1.2, 1.2, 1]
					}
				},
				"left_pupil": {
					"position": {
						"0.0": {
							"post": [0, 0, 0],
							"lerp_mode": "catmullrom"
						},
						"0.0833": {
							"post": [0.25, 0, 0],
							"lerp_mode": "catmullrom"
						},
						"0.1667": {
							"post": [0, 0, 0],
							"lerp_mode": "catmullrom"
						},
						"0.25": {
							"post": [0.25, 0, 0],
							"lerp_mode": "catmullrom"
						}
					},
					"scale": {
						"0.0": [1.3, 1.3, 1],
						"0.0833": [1.2, 1.2, 1],
						"0.1667": [1.3, 1.3, 1],
						"0.25": [1.2, 1.2, 1]
					}
				}
			}
		},
		"animation.kindachi-spaceworldmons.ground_walk": {
			"loop": true,
			"animation_length": 1,
			"bones": {
				"body": {
					"rotation": {
						"0.0": {
							"post": [0, 0, 0],
							"lerp_mode": "catmullrom"
						},
						"0.25": {
							"post": [0, 0, 2.5],
							"lerp_mode": "catmullrom"
						},
						"0.5": {
							"post": [0, 0, 0],
							"lerp_mode": "catmullrom"
						},
						"0.75": {
							"post": [0, 0, -2.5],
							"lerp_mode": "catmullrom"
						},
						"1.0": {
							"post": [0, 0, 0],
							"lerp_mode": "catmullrom"
						}
					},
					"position": {
						"0.0": {
							"post": [0, 0, 0],
							"lerp_mode": "catmullrom"
						},
						"0.25": {
							"post": [0, 1, 0],
							"lerp_mode": "catmullrom"
						},
						"0.5": {
							"post": [0, 0, 0],
							"lerp_mode": "catmullrom"
						},
						"0.75": {
							"post": [0, 1, 0],
							"lerp_mode": "catmullrom"
						},
						"1.0": {
							"post": [0, 0, 0],
							"lerp_mode": "catmullrom"
						}
					}
				},
				"head": {
					"rotation": {
						"0.0": {
							"post": [0, 0, 0],
							"lerp_mode": "catmullrom"
						},
						"0.25": {
							"post": [-20.15874, -7.04533, 2.57816],
							"lerp_mode": "catmullrom"
						},
						"0.5": {
							"post": [0, 0, 0],
							"lerp_mode": "catmullrom"
						},
						"0.75": {
							"post": [-20.15874, 7.04533, -2.57816],
							"lerp_mode": "catmullrom"
						},
						"1.0": {
							"post": [0, 0, 0],
							"lerp_mode": "catmullrom"
						}
					}
				},
				"left_ear": {
					"rotation": {
						"0.0": {
							"post": [0, 0, 0],
							"lerp_mode": "catmullrom"
						},
						"0.25": {
							"post": [-5, 0, 7.5],
							"lerp_mode": "catmullrom"
						},
						"0.5": {
							"post": [0, 0, 0],
							"lerp_mode": "catmullrom"
						},
						"0.75": {
							"post": [-5, 0, 7.5],
							"lerp_mode": "catmullrom"
						},
						"1.0": {
							"post": [0, 0, 0],
							"lerp_mode": "catmullrom"
						}
					}
				},
				"right_ear": {
					"rotation": {
						"0.0": {
							"post": [0, 0, 0],
							"lerp_mode": "catmullrom"
						},
						"0.25": {
							"post": [-5, 0, -7.5],
							"lerp_mode": "catmullrom"
						},
						"0.5": {
							"post": [0, 0, 0],
							"lerp_mode": "catmullrom"
						},
						"0.75": {
							"post": [-5, 0, -7.5],
							"lerp_mode": "catmullrom"
						},
						"1.0": {
							"post": [0, 0, 0],
							"lerp_mode": "catmullrom"
						}
					}
				},
				"left_arm": {
					"rotation": {
						"0.0": {
							"post": [63.25979, 78.83105, 63.69751],
							"lerp_mode": "catmullrom"
						},
						"0.25": {
							"post": [12.11447, 77.3292, 11.07791],
							"lerp_mode": "catmullrom"
						},
						"0.5": {
							"post": [63.25979, 78.83105, 63.69751],
							"lerp_mode": "catmullrom"
						},
						"0.75": {
							"post": [12.11447, 77.3292, 11.07791],
							"lerp_mode": "catmullrom"
						},
						"1.0": {
							"post": [63.25979, 78.83105, 63.69751],
							"lerp_mode": "catmullrom"
						}
					}
				},
				"right_arm": {
					"rotation": {
						"0.0": {
							"post": [63.25979, -78.83105, -63.69751],
							"lerp_mode": "catmullrom"
						},
						"0.25": {
							"post": [12.11447, -77.3292, -11.07791],
							"lerp_mode": "catmullrom"
						},
						"0.5": {
							"post": [63.25979, -78.83105, -63.69751],
							"lerp_mode": "catmullrom"
						},
						"0.75": {
							"post": [12.11447, -77.3292, -11.07791],
							"lerp_mode": "catmullrom"
						},
						"1.0": {
							"post": [63.25979, -78.83105, -63.69751],
							"lerp_mode": "catmullrom"
						}
					}
				},
				"fire": {
					"rotation": {
						"0.0": {
							"post": [-22.5, 0, 0],
							"lerp_mode": "catmullrom"
						},
						"0.25": {
							"post": [-30, 0, 0],
							"lerp_mode": "catmullrom"
						},
						"0.5": {
							"post": [-22.5, 0, 0],
							"lerp_mode": "catmullrom"
						},
						"0.75": {
							"post": [-30, 0, 0],
							"lerp_mode": "catmullrom"
						},
						"1.0": {
							"post": [-22.5, 0, 0],
							"lerp_mode": "catmullrom"
						}
					}
				},
				"tail": {
					"rotation": {
						"0.0": {
							"post": [7.5, 0, 0],
							"lerp_mode": "catmullrom"
						},
						"0.25": {
							"post": [7.38565, 9.91358, -1.31845],
							"lerp_mode": "catmullrom"
						},
						"0.5": {
							"post": [7.5, 0, 0],
							"lerp_mode": "catmullrom"
						},
						"0.75": {
							"post": [7.38565, -9.91358, 1.31845],
							"lerp_mode": "catmullrom"
						},
						"1.0": {
							"post": [7.5, 0, 0],
							"lerp_mode": "catmullrom"
						}
					}
				},
				"tail_end": {
					"rotation": {
						"0.0": {
							"post": [20, 0, 0],
							"lerp_mode": "catmullrom"
						},
						"0.25": {
							"post": [20.28356, 9.39129, 3.45118],
							"lerp_mode": "catmullrom"
						},
						"0.5": {
							"post": [20, 0, 0],
							"lerp_mode": "catmullrom"
						},
						"0.75": {
							"post": [20.28356, -9.39129, -3.45118],
							"lerp_mode": "catmullrom"
						},
						"1.0": {
							"post": [20, 0, 0],
							"lerp_mode": "catmullrom"
						}
					}
				},
				"left_leg": {
					"rotation": {
						"0.0": {
							"post": [0, 0, 0],
							"lerp_mode": "catmullrom"
						},
						"0.25": {
							"post": [17.5, 0, 0],
							"lerp_mode": "catmullrom"
						},
						"0.5": {
							"post": [0, 0, 0],
							"lerp_mode": "catmullrom"
						},
						"0.75": {
							"post": [-17.5, 0, 0],
							"lerp_mode": "catmullrom"
						},
						"1.0": {
							"post": [0, 0, 0],
							"lerp_mode": "catmullrom"
						}
					},
					"position": {
						"0.0": {
							"post": [0, 0, 0],
							"lerp_mode": "catmullrom"
						},
						"0.25": {
							"post": [0, 0, 1.75],
							"lerp_mode": "catmullrom"
						},
						"0.5": {
							"post": [0, 0, 0],
							"lerp_mode": "catmullrom"
						},
						"0.75": {
							"post": [0, 0, -1.75],
							"lerp_mode": "catmullrom"
						},
						"1.0": {
							"post": [0, 0, 0],
							"lerp_mode": "catmullrom"
						}
					}
				},
				"right_leg": {
					"rotation": {
						"0.0": {
							"post": [0, 0, 0],
							"lerp_mode": "catmullrom"
						},
						"0.25": {
							"post": [-17.5, 0, 0],
							"lerp_mode": "catmullrom"
						},
						"0.5": {
							"post": [0, 0, 0],
							"lerp_mode": "catmullrom"
						},
						"0.75": {
							"post": [17.5, 0, 0],
							"lerp_mode": "catmullrom"
						},
						"1.0": {
							"post": [0, 0, 0],
							"lerp_mode": "catmullrom"
						}
					},
					"position": {
						"0.0": {
							"post": [0, 0, 0],
							"lerp_mode": "catmullrom"
						},
						"0.25": {
							"post": [0, 0, -1.5],
							"lerp_mode": "catmullrom"
						},
						"0.5": {
							"post": [0, 0, 0],
							"lerp_mode": "catmullrom"
						},
						"0.75": {
							"post": [0, 0, 1.75],
							"lerp_mode": "catmullrom"
						},
						"1.0": {
							"post": [0, 0, 0],
							"lerp_mode": "catmullrom"
						}
					}
				},
				"right_pupil": {
					"position": {
						"0.0": {
							"post": [0, 0, 0],
							"lerp_mode": "catmullrom"
						},
						"0.0833": {
							"post": [-0.25, 0, 0],
							"lerp_mode": "catmullrom"
						},
						"0.1667": {
							"post": [0, 0, 0],
							"lerp_mode": "catmullrom"
						},
						"0.25": {
							"post": [-0.25, 0, 0],
							"lerp_mode": "catmullrom"
						},
						"0.3333": {
							"post": [0, 0, 0],
							"lerp_mode": "catmullrom"
						},
						"0.4167": {
							"post": [-0.25, 0, 0],
							"lerp_mode": "catmullrom"
						},
						"0.5": {
							"post": [0, 0, 0],
							"lerp_mode": "catmullrom"
						},
						"0.5833": {
							"post": [-0.25, 0, 0],
							"lerp_mode": "catmullrom"
						},
						"0.6667": {
							"post": [0, 0, 0],
							"lerp_mode": "catmullrom"
						},
						"0.75": {
							"post": [-0.25, 0, 0],
							"lerp_mode": "catmullrom"
						},
						"0.8333": {
							"post": [0, 0, 0],
							"lerp_mode": "catmullrom"
						},
						"0.9167": {
							"post": [-0.25, 0, 0],
							"lerp_mode": "catmullrom"
						},
						"1.0": {
							"post": [0, 0, 0],
							"lerp_mode": "catmullrom"
						}
					},
					"scale": {
						"0.0": {
							"post": [1, 1, 1],
							"lerp_mode": "catmullrom"
						},
						"0.0833": {
							"post": [0.9, 0.9, 1],
							"lerp_mode": "catmullrom"
						},
						"0.1667": {
							"post": [1, 1, 1],
							"lerp_mode": "catmullrom"
						},
						"0.25": {
							"post": [0.9, 0.9, 1],
							"lerp_mode": "catmullrom"
						},
						"0.3333": {
							"post": [1, 1, 1],
							"lerp_mode": "catmullrom"
						},
						"0.4167": {
							"post": [0.9, 0.9, 1],
							"lerp_mode": "catmullrom"
						},
						"0.5": {
							"post": [1, 1, 1],
							"lerp_mode": "catmullrom"
						},
						"0.5833": {
							"post": [0.9, 0.9, 1],
							"lerp_mode": "catmullrom"
						},
						"0.6667": {
							"post": [1, 1, 1],
							"lerp_mode": "catmullrom"
						},
						"0.75": {
							"post": [0.9, 0.9, 1],
							"lerp_mode": "catmullrom"
						},
						"0.8333": {
							"post": [1, 1, 1],
							"lerp_mode": "catmullrom"
						},
						"0.9167": {
							"post": [0.9, 0.9, 1],
							"lerp_mode": "catmullrom"
						},
						"1.0": {
							"post": [1, 1, 1],
							"lerp_mode": "catmullrom"
						}
					}
				},
				"left_pupil": {
					"position": {
						"0.0": {
							"post": [0, 0, 0],
							"lerp_mode": "catmullrom"
						},
						"0.0833": {
							"post": [0.25, 0, 0],
							"lerp_mode": "catmullrom"
						},
						"0.1667": {
							"post": [0, 0, 0],
							"lerp_mode": "catmullrom"
						},
						"0.25": {
							"post": [0.25, 0, 0],
							"lerp_mode": "catmullrom"
						},
						"0.3333": {
							"post": [0, 0, 0],
							"lerp_mode": "catmullrom"
						},
						"0.4167": {
							"post": [0.25, 0, 0],
							"lerp_mode": "catmullrom"
						},
						"0.5": {
							"post": [0, 0, 0],
							"lerp_mode": "catmullrom"
						},
						"0.5833": {
							"post": [0.25, 0, 0],
							"lerp_mode": "catmullrom"
						},
						"0.6667": {
							"post": [0, 0, 0],
							"lerp_mode": "catmullrom"
						},
						"0.75": {
							"post": [0.25, 0, 0],
							"lerp_mode": "catmullrom"
						},
						"0.8333": {
							"post": [0, 0, 0],
							"lerp_mode": "catmullrom"
						},
						"0.9167": {
							"post": [0.25, 0, 0],
							"lerp_mode": "catmullrom"
						},
						"1.0": {
							"post": [0, 0, 0],
							"lerp_mode": "catmullrom"
						}
					},
					"scale": {
						"0.0": {
							"post": [1, 1, 1],
							"lerp_mode": "catmullrom"
						},
						"0.0833": {
							"post": [0.9, 0.9, 1],
							"lerp_mode": "catmullrom"
						},
						"0.1667": {
							"post": [1, 1, 1],
							"lerp_mode": "catmullrom"
						},
						"0.25": {
							"post": [0.9, 0.9, 1],
							"lerp_mode": "catmullrom"
						},
						"0.3333": {
							"post": [1, 1, 1],
							"lerp_mode": "catmullrom"
						},
						"0.4167": {
							"post": [0.9, 0.9, 1],
							"lerp_mode": "catmullrom"
						},
						"0.5": {
							"post": [1, 1, 1],
							"lerp_mode": "catmullrom"
						},
						"0.5833": {
							"post": [0.9, 0.9, 1],
							"lerp_mode": "catmullrom"
						},
						"0.6667": {
							"post": [1, 1, 1],
							"lerp_mode": "catmullrom"
						},
						"0.75": {
							"post": [0.9, 0.9, 1],
							"lerp_mode": "catmullrom"
						},
						"0.8333": {
							"post": [1, 1, 1],
							"lerp_mode": "catmullrom"
						},
						"0.9167": {
							"post": [0.9, 0.9, 1],
							"lerp_mode": "catmullrom"
						},
						"1.0": {
							"post": [1, 1, 1],
							"lerp_mode": "catmullrom"
						}
					}
				}
			}
		}
	}
}