{
	"target": "cobblemon:doublade",
	"forms": [
		{
			"aspects": ["sword_material=diamond"],
			"evolutions": [
				{
					"id": "doublade_aegislash_diamond",
					"variant": "level_up",
					"result": "aegislash sword_material=diamond",
					"consumeHeldItem": false,
					"requirements": [],
					"requiredContext": "cobblemon:dusk_stone"
				}
			]
		},
		{
			"aspects": ["sword_material=netherite"],
			"evolutions": [
				{
					"id": "doublade_aegislash_netherite",
					"variant": "level_up",
					"result": "aegislash sword_material=netherite",
					"consumeHeldItem": false,
					"requirements": [],
					"requiredContext": "cobblemon:dusk_stone"
				}
			]
		},
		{
			"aspects": ["sword_material=golden"],
			"evolutions": [
				{
					"id": "doublade_aegislash_golden",
					"variant": "level_up",
					"result": "aegislash sword_material=golden",
					"consumeHeldItem": false,
					"requirements": [],
					"requiredContext": "cobblemon:dusk_stone"
				}
			]
		},
		{
			"aspects": ["sword_material=iron"],
			"evolutions": [
				{
					"id": "doublade_aegislash_iron",
					"variant": "level_up",
					"result": "aegislash sword_material=iron",
					"consumeHeldItem": false,
					"requirements": [],
					"requiredContext": "cobblemon:dusk_stone"
				}
			]
		},
		{
			"aspects": ["sword_material=stone"],
			"evolutions": [
				{
					"id": "doublade_aegislash_stone",
					"variant": "level_up",
					"result": "aegislash sword_material=stone",
					"consumeHeldItem": false,
					"requirements": [],
					"requiredContext": "cobblemon:dusk_stone"
				}
			]
		},
		{
			"aspects": ["sword_material=wooden"],
			"evolutions": [
				{
					"id": "doublade_aegislash_wooden",
					"variant": "level_up",
					"result": "aegislash sword_material=wooden",
					"consumeHeldItem": false,
					"requirements": [],
					"requiredContext": "cobblemon:dusk_stone"
				}
			]
		},
		{
			"aspects": ["sword_material=copper"],
			"evolutions": [
				{
					"id": "doublade_aegislash_copper",
					"variant": "level_up",
					"result": "aegislash sword_material=copper",
					"consumeHeldItem": false,
					"requirements": [],
					"requiredContext": "cobblemon:dusk_stone"
				}
			]
		},
		{
			"aspects": ["sword_material=emerald"],
			"evolutions": [
				{
					"id": "doublade_aegislash_emerald",
					"variant": "level_up",
					"result": "aegislash sword_material=emerald",
					"consumeHeldItem": false,
					"requirements": [],
					"requiredContext": "cobblemon:dusk_stone"
				}
			]
		}
	],
	"evolutions": [
		{
			"id": "doublade_doublade_normal",
			"variant": "item_interact",
			"result": "doublade sword_material=normal",
			"consumeHeldItem": false,
			"requiredContext": "minecraft:brush",
			"requirements": [
				{
					"variant": "level",
					"minLevel": 1
				}
			]
		},
		{
			"id": "doublade_doublade_diamond",
			"variant": "item_interact",
			"result": "doublade sword_material=diamond",
			"consumeHeldItem": false,
			"requiredContext": "minecraft:diamond",
			"requirements": [
				{
					"variant": "level",
					"minLevel": 1
				}
			]
		},
		{
			"id": "doublade_doublade_netherite",
			"variant": "item_interact",
			"result": "doublade sword_material=netherite",
			"consumeHeldItem": false,
			"requiredContext": "minecraft:netherite_ingot",
			"requirements": [
				{
					"variant": "level",
					"minLevel": 1
				}
			]
		},
		{
			"id": "doublade_doublade_golden",
			"variant": "item_interact",
			"result": "doublade sword_material=golden",
			"consumeHeldItem": false,
			"requiredContext": "minecraft:gold_ingot",
			"requirements": [
				{
					"variant": "level",
					"minLevel": 1
				}
			]
		},
		{
			"id": "doublade_doublade_iron",
			"variant": "item_interact",
			"result": "doublade sword_material=iron",
			"consumeHeldItem": false,
			"requiredContext": "minecraft:iron_ingot",
			"requirements": [
				{
					"variant": "level",
					"minLevel": 1
				}
			]
		},
		{
			"id": "doublade_doublade_stone",
			"variant": "item_interact",
			"result": "doublade sword_material=stone",
			"consumeHeldItem": false,
			"requiredContext": "minecraft:cobblestone",
			"requirements": [
				{
					"variant": "level",
					"minLevel": 1
				}
			]
		},
		{
			"id": "doublade_doublade_wooden",
			"variant": "item_interact",
			"result": "doublade sword_material=wooden",
			"consumeHeldItem": false,
			"requiredContext": "minecraft:oak_planks",
			"requirements": [
				{
					"variant": "level",
					"minLevel": 1
				}
			]
		},
		{
			"id": "doublade_doublade_emerald",
			"variant": "item_interact",
			"result": "doublade sword_material=emerald",
			"consumeHeldItem": false,
			"requiredContext": "minecraft:emerald",
			"requirements": [
				{
					"variant": "level",
					"minLevel": 1
				}
			]
		},
		{
			"id": "doublade_doublade_copper",
			"variant": "item_interact",
			"result": "doublade sword_material=copper",
			"consumeHeldItem": false,
			"requiredContext": "minecraft:copper_ingot",
			"requirements": [
				{
					"variant": "level",
					"minLevel": 1
				}
			]
		}
	]
}