{
	"format_version": "1.12.0",
	"minecraft:geometry": [
		{
			"description": {
				"identifier": "geometry.alloette",
				"texture_width": 64,
				"texture_height": 32,
				"visible_bounds_width": 3,
				"visible_bounds_height": 4.5,
				"visible_bounds_offset": [0, 1.75, 0]
			},
			"bones": [
				{
					"name": "alloette",
					"pivot": [0, 0, 0]
				},
				{
					"name": "body",
					"parent": "alloette",
					"pivot": [0, 11, 0],
					"cubes": [
						{"origin": [-1.5, 9, -1.5], "size": [3, 4, 3], "uv": [27, 6]}
					]
				},
				{
					"name": "wings",
					"parent": "body",
					"pivot": [0, 11, 1.5]
				},
				{
					"name": "wing_right",
					"parent": "wings",
					"pivot": [0, 11, 1.5],
					"rotation": [20, -45, 0],
					"cubes": [
						{"origin": [0, 7, 3.5], "size": [0, 8, 12], "uv": [36, 10]}
					]
				},
				{
					"name": "wing_left",
					"parent": "wings",
					"pivot": [0, 11, 1.5],
					"rotation": [20, 45, 0],
					"cubes": [
						{"origin": [0, 7, 3.5], "size": [0, 8, 12], "uv": [36, 10], "mirror": true}
					]
				},
				{
					"name": "wings_lower",
					"parent": "wings",
					"pivot": [0, 9, 1.5]
				},
				{
					"name": "wing_lower_right",
					"parent": "wings_lower",
					"pivot": [0, 9, 1.5],
					"rotation": [-30, -45, 0],
					"cubes": [
						{"origin": [0, 8, 2.5], "size": [0, 4, 6], "uv": [52, 6]}
					]
				},
				{
					"name": "wing_lower_left",
					"parent": "wings_lower",
					"pivot": [0, 9, 1.5],
					"rotation": [-30, 45, 0],
					"cubes": [
						{"origin": [0, 8, 2.5], "size": [0, 4, 6], "uv": [52, 6], "mirror": true}
					]
				},
				{
					"name": "arms",
					"parent": "body",
					"pivot": [0, 12.75, 0]
				},
				{
					"name": "arm_left",
					"parent": "arms",
					"pivot": [1.5, 12.25, 0],
					"cubes": [
						{"origin": [1, 11.75, -0.5], "size": [3, 1, 1], "uv": [36, 4]}
					]
				},
				{
					"name": "arm_left2",
					"parent": "arm_left",
					"pivot": [4, 12.75, 0.5],
					"cubes": [
						{"origin": [4, 11.75, -0.5], "size": [1, 1, 1], "inflate": 0.01, "uv": [44, 4]}
					]
				},
				{
					"name": "arm_left3",
					"parent": "arm_left2",
					"pivot": [5, 12.75, 0.5],
					"cubes": [
						{"origin": [5, 11.75, -0.5], "size": [3, 1, 1], "inflate": 0.02, "uv": [39, 8]}
					]
				},
				{
					"name": "hand_left",
					"parent": "arm_left3",
					"pivot": [8, 12.25, 0],
					"cubes": [
						{"origin": [8, 11.75, -1], "size": [1, 1, 2], "inflate": 0.1, "uv": [47, 4]}
					]
				},
				{
					"name": "hand_left2",
					"parent": "hand_left",
					"pivot": [9.1, 12.75, 0],
					"cubes": [
						{"origin": [9.1, 11.75, -1], "size": [2, 1, 2], "inflate": 0.09, "uv": [54, 2]}
					]
				},
				{
					"name": "thumb_left",
					"parent": "hand_left",
					"pivot": [8, 12.75, -1],
					"cubes": [
						{"origin": [8, 11.75, -3], "size": [1, 1, 2], "uv": [57, 6]}
					]
				},
				{
					"name": "arm_right",
					"parent": "arms",
					"pivot": [-1.5, 12.25, 0],
					"cubes": [
						{"origin": [-4, 11.75, -0.5], "size": [3, 1, 1], "uv": [36, 6], "mirror": true}
					]
				},
				{
					"name": "arm_right2",
					"parent": "arm_right",
					"pivot": [-4, 12.75, 0.5],
					"cubes": [
						{"origin": [-5, 11.75, -0.5], "size": [1, 1, 1], "inflate": 0.01, "uv": [44, 6], "mirror": true}
					]
				},
				{
					"name": "arm_right3",
					"parent": "arm_right2",
					"pivot": [-5, 12.75, 0.5],
					"cubes": [
						{"origin": [-8, 11.75, -0.5], "size": [3, 1, 1], "inflate": 0.02, "uv": [39, 10], "mirror": true}
					]
				},
				{
					"name": "hand_right",
					"parent": "arm_right3",
					"pivot": [-8, 12.25, 0],
					"cubes": [
						{"origin": [-9, 11.75, -1], "size": [1, 1, 2], "inflate": 0.1, "uv": [47, 7], "mirror": true}
					]
				},
				{
					"name": "hand_right2",
					"parent": "hand_right",
					"pivot": [-9.1, 12.75, 0],
					"cubes": [
						{"origin": [-11.1, 11.75, -1], "size": [2, 1, 2], "inflate": 0.09, "uv": [51, 5], "mirror": true}
					]
				},
				{
					"name": "thumb_right",
					"parent": "hand_right",
					"pivot": [-8, 12.75, -1],
					"cubes": [
						{"origin": [-9, 11.75, -3], "size": [1, 1, 2], "uv": [51, 8], "mirror": true}
					]
				},
				{
					"name": "neck",
					"parent": "body",
					"pivot": [0, 13, 0],
					"cubes": [
						{"origin": [-0.5, 12.5, -0.5], "size": [1, 2, 1], "uv": [18, 3]}
					]
				},
				{
					"name": "head",
					"parent": "neck",
					"pivot": [0, 14.5, 0],
					"cubes": [
						{"origin": [-3, 13.5, -3], "size": [6, 6, 6], "uv": [0, 0]},
						{"origin": [-0.5, 17.5, -3], "size": [1, 2, 0], "inflate": 0.01, "uv": [24, 8]},
						{"origin": [-0.5, 17.5, 3], "size": [1, 2, 0], "inflate": 0.01, "uv": [24, 10]},
						{"origin": [-0.5, 19.5, -3], "size": [1, 0, 6], "inflate": 0.01, "uv": [-2, 0]}
					]
				},
				{
					"name": "halo",
					"parent": "head",
					"pivot": [0, 23.7, 0],
					"rotation": [0, -45, 0],
					"cubes": [
						{"origin": [-2.5, 23.2, -2.5], "size": [5, 1, 0], "uv": [12, 20]},
						{"origin": [-2.5, 23.2, 2.5], "size": [5, 1, 0], "uv": [18, 20]},
						{"origin": [2.5, 23.2, -2.5], "size": [0, 1, 5], "uv": [18, 16]},
						{"origin": [-2.5, 23.2, -2.5], "size": [0, 1, 5], "uv": [12, 16], "mirror": true}
					]
				},
				{
					"name": "eyes",
					"parent": "head",
					"pivot": [0, 16.5, -3.01]
				},
				{
					"name": "eye_left",
					"parent": "eyes",
					"pivot": [1.5, 16.5, -3.01],
					"cubes": [
						{"origin": [1, 15.5, -3.01], "size": [1, 2, 0], "uv": [0, 0]},
						{"origin": [1, 16, -3.02], "size": [1, 1, 0], "uv": [0, 2]}
					]
				},
				{
					"name": "eyelash_left",
					"parent": "eye_left",
					"pivot": [1.5, 17.5, -3.01],
					"rotation": [10, 0, 0],
					"cubes": [
						{"origin": [1, 17, -3.01], "size": [1, 2, 0], "uv": [18, 0]}
					]
				},
				{
					"name": "eyelash_left2",
					"parent": "eyelash_left",
					"pivot": [1.5, 19, -3.01],
					"rotation": [-12.5, 0, 0],
					"cubes": [
						{"origin": [1, 19, -3.01], "size": [1, 2, 0], "uv": [22, 0]}
					]
				},
				{
					"name": "eyelash_left3",
					"parent": "eyelash_left2",
					"pivot": [1.5, 21, -3.01],
					"rotation": [-15, 0, 0],
					"cubes": [
						{"origin": [1, 21, -3.01], "size": [1, 1, 0], "uv": [18, 2]}
					]
				},
				{
					"name": "eyelid_left",
					"parent": "eye_left",
					"pivot": [1.5, 16.5, -2.91],
					"cubes": [
						{"origin": [1, 15.5, -2.92], "size": [1, 2, 1], "inflate": 0.01, "uv": [0, 3]}
					]
				},
				{
					"name": "eye_right",
					"parent": "eyes",
					"pivot": [-1.5, 16.5, -3.01],
					"cubes": [
						{"origin": [-2, 15.5, -3.01], "size": [1, 2, 0], "uv": [2, 0], "mirror": true},
						{"origin": [-2, 16, -3.02], "size": [1, 1, 0], "uv": [0, 2], "mirror": true}
					]
				},
				{
					"name": "eyelash_right",
					"parent": "eye_right",
					"pivot": [-1.5, 17.5, -3.01],
					"rotation": [10, 0, 0],
					"cubes": [
						{"origin": [-2, 17, -3.01], "size": [1, 2, 0], "uv": [20, 0], "mirror": true}
					]
				},
				{
					"name": "eyelash_right2",
					"parent": "eyelash_right",
					"pivot": [-1.5, 19, -3.01],
					"rotation": [-12.5, 0, 0],
					"cubes": [
						{"origin": [-2, 19, -3.01], "size": [1, 2, 0], "uv": [24, 0], "mirror": true}
					]
				},
				{
					"name": "eyelash_right3",
					"parent": "eyelash_right2",
					"pivot": [-1.5, 21, -3.01],
					"rotation": [-15, 0, 0],
					"cubes": [
						{"origin": [-2, 21, -3.01], "size": [1, 1, 0], "uv": [20, 2], "mirror": true}
					]
				},
				{
					"name": "eyelid_right",
					"parent": "eye_right",
					"pivot": [-1.5, 16.5, -2.91],
					"cubes": [
						{"origin": [-2, 15.5, -2.92], "size": [1, 2, 1], "inflate": 0.01, "uv": [60, 9], "mirror": true}
					]
				},
				{
					"name": "mouth",
					"parent": "head",
					"pivot": [0, 14.5, -3.01]
				},
				{
					"name": "mouth_closed",
					"parent": "mouth",
					"pivot": [0, 14.5, -3.01],
					"cubes": [
						{"origin": [-0.5, 13.75, -3.01], "size": [1, 1, 0], "inflate": 0.01, "uv": [22, 2]},
						{"origin": [0.5, 14.1, -3.01], "size": [1, 1, 0], "uv": [22, 3]},
						{"origin": [-1.5, 14.1, -3.01], "size": [1, 1, 0], "uv": [22, 4], "mirror": true}
					]
				},
				{
					"name": "mouth_open",
					"parent": "mouth",
					"pivot": [0, 14.6, -2.91],
					"cubes": [
						{"origin": [-1, 13.6, -2.91], "size": [2, 1, 0], "inflate": 0.01, "uv": [23, 19]},
						{"origin": [-1.5, 14.2, -2.91], "size": [3, 1, 0], "uv": [22, 18]}
					]
				},
				{
					"name": "ears",
					"parent": "head",
					"pivot": [0, 16.5, 0]
				},
				{
					"name": "ear_left_base",
					"parent": "ears",
					"pivot": [2.5, 16.5, 0],
					"cubes": [
						{"origin": [3, 15.5, -1], "size": [1, 2, 2], "pivot": [2.5, 16.5, 0], "rotation": [45, 0, 0], "uv": [24, 0]}
					]
				},
				{
					"name": "ear_left",
					"parent": "ear_left_base",
					"pivot": [4, 16.5, 0],
					"cubes": [
						{"origin": [3.5, 14, 0], "size": [3, 3, 0], "uv": [30, 0]}
					]
				},
				{
					"name": "ear_left2",
					"parent": "ear_left",
					"pivot": [6.5, 17, 0],
					"cubes": [
						{"origin": [6.5, 13, 0], "size": [5, 4, 0], "inflate": 0.01, "uv": [36, 0]}
					]
				},
				{
					"name": "ear_right_base",
					"parent": "ears",
					"pivot": [-2.5, 16.5, 0],
					"cubes": [
						{"origin": [-4, 15.5, -1], "size": [1, 2, 2], "pivot": [-2.5, 16.5, 0], "rotation": [45, 0, 0], "uv": [24, 4], "mirror": true}
					]
				},
				{
					"name": "ear_right",
					"parent": "ear_right_base",
					"pivot": [-4, 16.5, 0],
					"cubes": [
						{"origin": [-6.5, 14, 0], "size": [3, 3, 0], "uv": [30, 3], "mirror": true}
					]
				},
				{
					"name": "ear_right2",
					"parent": "ear_right",
					"pivot": [-6.5, 17, 0],
					"cubes": [
						{"origin": [-11.5, 13, 0], "size": [5, 4, 0], "inflate": 0.01, "uv": [46, 0], "mirror": true}
					]
				},
				{
					"name": "tail",
					"parent": "body",
					"pivot": [0, 9, 0],
					"cubes": [
						{"origin": [-0.5, 6.75, -0.5], "size": [1, 3, 1], "inflate": 0.05, "uv": [1, 13]}
					]
				},
				{
					"name": "tail2",
					"parent": "tail",
					"pivot": [0, 7, 0],
					"cubes": [
						{"origin": [-0.5, 5, -0.5], "size": [1, 2, 1], "inflate": 0.06, "uv": [15, 14]}
					]
				},
				{
					"name": "tail_end",
					"parent": "tail2",
					"pivot": [0, 4.5, 0],
					"cubes": [
						{"origin": [0.05, 2.5, -0.5], "size": [3, 2, 1], "inflate": 0.11, "pivot": [0, 2.5, 0], "rotation": [0, 0, -37.5], "uv": [18, 12]},
						{"origin": [-3.05, 2.5, -0.5], "size": [3, 2, 1], "inflate": 0.1, "pivot": [0, 2.5, 0], "rotation": [0, 0, 37.5], "uv": [20, 15], "mirror": true}
					]
				}
			]
		}
	]
}