{
	"format_version": "1.12.0",
	"minecraft:geometry": [
		{
			"description": {
				"identifier": "geometry.carbink_amethyst",
				"texture_width": 64,
				"texture_height": 64,
				"visible_bounds_width": 3,
				"visible_bounds_height": 2.5,
				"visible_bounds_offset": [0, 0.75, 0]
			},
			"bones": [
				{
					"name": "carbink",
					"pivot": [0, 0, 0]
				},
				{
					"name": "body",
					"parent": "carbink",
					"pivot": [0, 8, 0],
					"cubes": [
						{"origin": [-3, -1, -3], "size": [6, 3, 6], "pivot": [0, 0, 0], "rotation": [0, 45, 0], "uv": [22, 40]},
						{"origin": [-6, 3, -6], "size": [12, 9, 12], "pivot": [0, 3, 0], "rotation": [0, 45, 0], "uv": [0, 0]},
						{"origin": [-2, 1, -3.25], "size": [8, 2, 8], "pivot": [0, 1, 2.75], "rotation": [0, 45, 0], "uv": [0, 49]},
						{"origin": [-5, 12, -5], "size": [10, 2, 10], "pivot": [0, 13, 0], "rotation": [0, 45, 0], "uv": [0, 21]}
					]
				},
				{
					"name": "neck_fluff_front_left_top",
					"parent": "body",
					"pivot": [3.5355, 13, -3.5355],
					"rotation": [0, -45, 0],
					"cubes": [
						{"origin": [-1.46447, 13, -3.53553], "size": [10, 2, 0], "uv": [0, 44]}
					]
				},
				{
					"name": "neck_fluff_front_left_bottom",
					"parent": "body",
					"pivot": [3.5355, 13, -3.5355],
					"rotation": [0, -45, 0],
					"cubes": [
						{"origin": [-1.46447, 12, -3.53553], "size": [10, 1, 0], "uv": [0, 44]}
					]
				},
				{
					"name": "neck_fluff_back_left",
					"parent": "body",
					"pivot": [3.5355, 13, 3.5345],
					"rotation": [0, 45, 0],
					"cubes": [
						{"origin": [-1.4645, 13, 3.53455], "size": [10, 2, 0], "uv": [0, 46]}
					]
				},
				{
					"name": "neck_fluff_back_right",
					"parent": "body",
					"pivot": [-3.5348, 13, 3.5343],
					"rotation": [0, -45, 0],
					"cubes": [
						{"origin": [-8.53479, 13, 3.53426], "size": [10, 2, 0], "uv": [0, 46]}
					]
				},
				{
					"name": "neck_fluff_front_right_top",
					"parent": "body",
					"pivot": [-3.5355, 13, -3.5356],
					"rotation": [0, 45, 0],
					"cubes": [
						{"origin": [-8.53552, 13, -3.53556], "size": [10, 2, 0], "uv": [0, 44]}
					]
				},
				{
					"name": "neck_fluff_front_right_bottom",
					"parent": "body",
					"pivot": [-3.5355, 13, -3.5356],
					"rotation": [0, 45, 0],
					"cubes": [
						{"origin": [-8.53552, 12, -3.53556], "size": [10, 1, 0], "uv": [0, 45]}
					]
				},
				{
					"name": "head",
					"parent": "body",
					"pivot": [0, 14, 0],
					"cubes": [
						{"origin": [-3.5, 13, -3.5], "size": [7, 4, 7], "uv": [0, 33]},
						{"origin": [-1.5, 17, -1.5], "size": [3, 1, 3], "uv": [0, 8]},
						{"origin": [-3.5, 17, 0], "size": [7, 6, 0], "pivot": [0, 18, 0], "rotation": [0, -45, 0], "uv": [21, 34]},
						{"origin": [-3.5, 17, 0], "size": [7, 6, 0], "pivot": [0, 18, 0], "rotation": [0, 45, 0], "uv": [21, 34]}
					]
				},
				{
					"name": "ear_left",
					"parent": "head",
					"pivot": [3.5, 17, 0],
					"cubes": [
						{"origin": [3.5, 17, -2.5], "size": [9, 0, 5], "uv": [31, 1]}
					]
				},
				{
					"name": "ear_right",
					"parent": "head",
					"pivot": [-3.5, 17, 0],
					"cubes": [
						{"origin": [-12.5, 17, -2.5], "size": [9, 0, 5], "uv": [25, 22]}
					]
				},
				{
					"name": "eyes",
					"parent": "head",
					"pivot": [0, 15, -3.5]
				},
				{
					"name": "eye_left",
					"parent": "eyes",
					"pivot": [2, 15.5, -3.5],
					"rotation": [0, 0, 10],
					"cubes": [
						{"origin": [1, 14.5, -3.501], "size": [2, 2, 0], "uv": [6, 0]}
					]
				},
				{
					"name": "eyelid_left",
					"parent": "eye_left",
					"pivot": [2, 15.5, -3.4],
					"cubes": [
						{"origin": [1, 14.5, -3.401], "size": [2, 2, 1], "inflate": 0.01, "uv": [0, 3]}
					]
				},
				{
					"name": "pupil_left",
					"parent": "eye_left",
					"pivot": [1.75, 15.75, -3.5],
					"cubes": [
						{"origin": [1.25, 15.25, -3.51], "size": [1, 1, 0], "uv": [0, 8]}
					]
				},
				{
					"name": "eye_right",
					"parent": "eyes",
					"pivot": [-2, 15.5, -3.5],
					"rotation": [0, 0, -10],
					"cubes": [
						{"origin": [-3, 14.5, -3.501], "size": [2, 2, 0], "uv": [0, 6]}
					]
				},
				{
					"name": "eyelid_right",
					"parent": "eye_right",
					"pivot": [-2, 15.5, -3.4],
					"cubes": [
						{"origin": [-3, 14.5, -3.401], "size": [2, 2, 1], "inflate": 0.01, "uv": [0, 0]}
					]
				},
				{
					"name": "pupil_right",
					"parent": "eye_right",
					"pivot": [-2, 15.5, -3.5],
					"cubes": [
						{"origin": [-2.25, 15.25, -3.51], "size": [1, 1, 0], "uv": [0, 8]}
					]
				}
			]
		}
	]
}