{
	"format_version": "1.12.0",
	"minecraft:geometry": [
		{
			"description": {
				"identifier": "geometry.dreaneuma",
				"texture_width": 64,
				"texture_height": 64,
				"visible_bounds_width": 5,
				"visible_bounds_height": 5,
				"visible_bounds_offset": [0, 1.5, 0]
			},
			"bones": [
				{
					"name": "dreaneuma",
					"pivot": [0, 0, 0]
				},
				{
					"name": "body",
					"parent": "dreaneuma",
					"pivot": [1, 14, 0],
					"rotation": [10, 10, -45],
					"cubes": [
						{"origin": [-1.5, 9.75, -3.5], "size": [7, 12, 7], "uv": [36, 30]}
					]
				},
				{
					"name": "torso",
					"parent": "body",
					"pivot": [-1.25, 22.75, 0],
					"rotation": [-10, 10, 90],
					"cubes": [
						{"origin": [-3.25, 22.54289, -2], "size": [4, 10, 4], "uv": [20, 30]}
					]
				},
				{
					"name": "head",
					"parent": "torso",
					"pivot": [-3.25, 33.75, 0],
					"rotation": [0, 0, 45],
					"cubes": [
						{"origin": [-17.25, 27.25, -4], "size": [15, 12, 8], "uv": [0, 0]},
						{"origin": [-3.75, 31.75, -1.5], "size": [3, 3, 3], "uv": [41, 57]}
					]
				},
				{
					"name": "face",
					"parent": "head",
					"pivot": [-10.25, 33.75, -4],
					"rotation": [0, 0, -90]
				},
				{
					"name": "eye_right",
					"parent": "face",
					"pivot": [-13.75, 32.75, -4],
					"cubes": [
						{"origin": [-15.75, 31.25, -4.1], "size": [4, 2, 0], "uv": [0, 0]}
					]
				},
				{
					"name": "eye_left",
					"parent": "face",
					"pivot": [-7.25, 32.75, -4],
					"cubes": [
						{"origin": [-9.75, 31.25, -4.1], "size": [4, 2, 0], "uv": [0, 0], "mirror": true}
					]
				},
				{
					"name": "eye_right_ouch",
					"parent": "face",
					"pivot": [-13.25, 32.75, -3],
					"cubes": [
						{"origin": [-15.75, 31.25, -3.1], "size": [4, 2, 0], "uv": [0, 4]}
					]
				},
				{
					"name": "eye_left_ouch",
					"parent": "face",
					"pivot": [-7.25, 32.75, -3],
					"cubes": [
						{"origin": [-9.75, 31.25, -3.1], "size": [4, 2, 0], "uv": [0, 4], "mirror": true}
					]
				},
				{
					"name": "eye_right_happy",
					"parent": "face",
					"pivot": [-13.25, 32.75, -4],
					"cubes": [
						{"origin": [-15.75, 31.25, -3.1], "size": [4, 2, 0], "uv": [0, 2]}
					]
				},
				{
					"name": "eye_left_happy",
					"parent": "face",
					"pivot": [-7.25, 32.75, -4],
					"cubes": [
						{"origin": [-9.75, 31.25, -3.1], "size": [4, 2, 0], "uv": [0, 2], "mirror": true}
					]
				},
				{
					"name": "mouth",
					"parent": "face",
					"pivot": [-10.25, 28.75, -4],
					"cubes": [
						{"origin": [-18.5, 24.75, -4.1], "size": [8, 8, 0], "pivot": [-11.5, 24.75, -3.1], "rotation": [0, 0, 45], "uv": [46, 8]}
					]
				},
				{
					"name": "corner_top_right_1",
					"parent": "head",
					"pivot": [-19, 38.25, 0],
					"rotation": [0, 12.5, 30],
					"cubes": [
						{"origin": [-22.58318, 36.56699, -2.35217], "size": [6, 5, 5], "uv": [0, 20]}
					]
				},
				{
					"name": "corner_top_right_2",
					"parent": "corner_top_right_1",
					"pivot": [-23, 41.75, 0.5],
					"rotation": [0, 12.5, -17.5],
					"cubes": [
						{"origin": [-26.71484, 39.37494, -0.72994], "size": [6, 4, 2], "uv": [22, 20]}
					]
				},
				{
					"name": "corner_top_right_3",
					"parent": "corner_top_right_2",
					"pivot": [-26.25, 42.25, 0.5],
					"rotation": [0, 12.5, -22.5],
					"cubes": [
						{"origin": [-31.96588, 41.69869, 0.33961], "size": [7, 4, 0], "uv": [22, 26]}
					]
				},
				{
					"name": "corner_top_left_1",
					"parent": "head",
					"pivot": [-3.5, 39.75, 0.5],
					"rotation": [6, -24, -60],
					"cubes": [
						{"origin": [-5.07133, 37.06699, -1.03961], "size": [6, 4, 2], "uv": [22, 20], "mirror": true}
					]
				},
				{
					"name": "corner_top_left_2",
					"parent": "corner_top_left_1",
					"pivot": [-0.25, 40.25, 0.5],
					"rotation": [0, -12.5, -7.5],
					"cubes": [
						{"origin": [-0.17266, 38.54951, -0.05772], "size": [6, 4, 0], "uv": [37, 26], "mirror": true}
					]
				},
				{
					"name": "corner_bottom_left_1",
					"parent": "head",
					"pivot": [-3, 27.75, 0.5],
					"rotation": [6, -24, 60],
					"cubes": [
						{"origin": [-4.06031, 25.71916, -1.1529], "size": [6, 4, 2], "uv": [38, 20], "mirror": true}
					]
				},
				{
					"name": "corner_bottom_left_2",
					"parent": "corner_bottom_left_1",
					"pivot": [0.25, 27.25, 0.5],
					"rotation": [10, -7, 16],
					"cubes": [
						{"origin": [-0.10217, 26.44858, -0.20218], "size": [6, 4, 0], "uv": [49, 26], "mirror": true}
					]
				},
				{
					"name": "corner_bottom_right_1",
					"parent": "head",
					"pivot": [-18.5, 27.75, 0.5],
					"rotation": [0, 12.5, -42.5],
					"cubes": [
						{"origin": [-22.71989, 25.04357, -1.49332], "size": [6, 4, 3], "uv": [42, 1]}
					]
				},
				{
					"name": "corner_bottom_right_2",
					"parent": "corner_bottom_right_1",
					"pivot": [-21.75, 27.25, 0.5],
					"rotation": [0, 0, 17.5],
					"cubes": [
						{"origin": [-27.51601, 23.58532, 0.05871], "size": [7, 4, 0], "pivot": [-20.75, 28.25, 1], "rotation": [0, 12.5, 0], "uv": [50, 16]}
					]
				},
				{
					"name": "arm_right",
					"parent": "torso",
					"pivot": [-6.25, 24.75, -2],
					"rotation": [-20, -20, 10],
					"cubes": [
						{"origin": [-7.25, 20.75, -3], "size": [2, 5, 2], "uv": [12, 30]}
					]
				},
				{
					"name": "elbow_right",
					"parent": "arm_right",
					"pivot": [-6.25, 20.75, -2],
					"cubes": [
						{"origin": [-13.25, 17.75, -4], "size": [8, 4, 4], "uv": [0, 40]}
					]
				},
				{
					"name": "hand_right",
					"parent": "elbow_right",
					"pivot": [-11.25, 18.75, -3],
					"cubes": [
						{"origin": [-14.25, 13, -4.5], "size": [5, 9, 5], "uv": [13, 48]}
					]
				},
				{
					"name": "finger_right_1",
					"parent": "hand_right",
					"pivot": [-13.25, 13.75, -3],
					"cubes": [
						{"origin": [-14.25, 8.75, -2], "size": [3, 5, 0], "uv": [0, 35]}
					]
				},
				{
					"name": "finger_right_2",
					"parent": "hand_right",
					"pivot": [-10.25, 12.75, -3],
					"rotation": [0, 0, -45],
					"cubes": [
						{"origin": [-12.25, 7.75, -2.25], "size": [4, 7, 0], "uv": [33, 57]}
					]
				},
				{
					"name": "finger_right_3",
					"parent": "hand_right",
					"pivot": [-10.75, 15.25, -2.75],
					"rotation": [0, 0, -90],
					"cubes": [
						{"origin": [-12.75, 10.25, -1.75], "size": [3, 4, 0], "uv": [6, 35], "mirror": true}
					]
				},
				{
					"name": "arm_left",
					"parent": "torso",
					"pivot": [5.25, 34.75, -2],
					"rotation": [-20, 20, -100],
					"cubes": [
						{"origin": [4.25, 30.75, -3], "size": [2, 5, 2], "uv": [12, 30], "mirror": true}
					]
				},
				{
					"name": "elbow_left",
					"parent": "arm_left",
					"pivot": [5.25, 30.75, -2],
					"cubes": [
						{"origin": [4.25, 27.75, -4], "size": [8, 4, 4], "uv": [0, 40], "mirror": true}
					]
				},
				{
					"name": "hand_left",
					"parent": "elbow_left",
					"pivot": [10.25, 28.75, -3],
					"cubes": [
						{"origin": [8.25, 23, -4.5], "size": [5, 9, 5], "uv": [13, 48], "mirror": true}
					]
				},
				{
					"name": "finger_left_1",
					"parent": "hand_left",
					"pivot": [12.25, 23.75, -3],
					"cubes": [
						{"origin": [10.25, 18.75, -2], "size": [3, 5, 0], "uv": [0, 35], "mirror": true}
					]
				},
				{
					"name": "finger_left_2",
					"parent": "hand_left",
					"pivot": [9.25, 22.75, -3],
					"rotation": [0, 0, 45],
					"cubes": [
						{"origin": [7.25, 17.75, -2.25], "size": [4, 7, 0], "uv": [33, 57], "mirror": true}
					]
				},
				{
					"name": "finger_left_3",
					"parent": "hand_left",
					"pivot": [9.75, 25.25, -2.75],
					"rotation": [0, 0, 90],
					"cubes": [
						{"origin": [8.75, 20.25, -1.75], "size": [3, 4, 0], "uv": [6, 35]}
					]
				},
				{
					"name": "tail1",
					"parent": "body",
					"pivot": [-1, 12, -0.5],
					"rotation": [10, 25, 0],
					"cubes": [
						{"origin": [-9, 10, -2], "size": [9, 4, 4], "uv": [38, 49]}
					]
				},
				{
					"name": "tail2",
					"parent": "tail1",
					"pivot": [-7, 11, -0.5],
					"cubes": [
						{"origin": [-8, 4, -1], "size": [2, 6, 2], "uv": [28, 44]}
					]
				},
				{
					"name": "tail3",
					"parent": "tail2",
					"pivot": [-7, 5, -0.5],
					"cubes": [
						{"origin": [-12, 4, 0], "size": [5, 3, 0], "uv": [33, 30]}
					]
				}
			]
		}
	]
}