{
	"format_version": "1.12.0",
	"minecraft:geometry": [
		{
			"description": {
				"identifier": "geometry.falinks_last_soldier",
				"texture_width": 128,
				"texture_height": 128,
				"visible_bounds_width": 6,
				"visible_bounds_height": 2.5,
				"visible_bounds_offset": [0, 0.75, 0]
			},
			"bones": [
				{
					"name": "falinks",
					"pivot": [0, 0, 0]
				},
				{
					"name": "body",
					"parent": "falinks",
					"pivot": [0, 6.5, -25]
				},
				{
					"name": "torso1",
					"parent": "body",
					"pivot": [0, 2.5, -25],
					"cubes": [
						{"origin": [0, 14.5, -29], "size": [1, 2, 2], "pivot": [0, 10.5, -28.5], "rotation": [45, 0, 0], "uv": [60, 0]},
						{"origin": [-1, 14.5, -29], "size": [1, 1, 1], "pivot": [-1, 10.5, -28.5], "rotation": [45, 0, 0], "uv": [66, 0]},
						{"origin": [-4.5, 2, -29.5], "size": [9, 9, 9], "uv": [0, 0]},
						{"origin": [-1, 11, -28], "size": [2, 3, 6], "uv": [27, 0]},
						{"origin": [-1.5, 9.5, -29.5], "size": [3, 5, 3], "pivot": [0, 10.5, -28.5], "rotation": [45, 0, 0], "uv": [67, 38]},
						{"origin": [-1, 6.5, -29.5], "size": [2, 5, 3], "pivot": [0.5, 7.5, -28.5], "rotation": [15, 0, 0], "uv": [75, 52]}
					]
				},
				{
					"name": "eye_left1",
					"parent": "torso1",
					"pivot": [2.25, 6.5, -29.0125],
					"cubes": [
						{"origin": [1.25, 5, -29.51], "size": [2, 2, 1], "uv": [6, 81]},
						{"origin": [1.75, 5.5, -29.515], "size": [1, 2, 1], "uv": [46, 58]}
					]
				},
				{
					"name": "eyelid_left1",
					"parent": "eye_left1",
					"pivot": [2.25, 6.5, -28.91],
					"cubes": [
						{"origin": [1.25, 5, -29.41], "size": [2, 3, 1], "inflate": 0.01, "uv": [0, 81]}
					]
				},
				{
					"name": "eyebrow_left1",
					"parent": "eye_left1",
					"pivot": [2.25, 7, -29.5],
					"cubes": [
						{"origin": [0.95, 6.65, -29.525], "size": [3, 1, 0], "pivot": [2.45, 7.15, -29.525], "rotation": [0, 0, -12.5], "uv": [56, 82]}
					]
				},
				{
					"name": "shield_left1",
					"parent": "torso1",
					"pivot": [5.5, 6.5, -25],
					"cubes": [
						{"origin": [4.5, 3, -28.5], "size": [1, 7, 7], "uv": [0, 50]},
						{"origin": [5.5, 5.5, -26], "size": [2, 2, 2], "uv": [43, 6]},
						{"origin": [4.5, 8, -28.5], "size": [1, 0, 2], "uv": [4, 5]},
						{"origin": [4.5, 8, -26.5], "size": [1, 2, 0], "uv": [0, 5]}
					]
				},
				{
					"name": "shield_right1",
					"parent": "torso1",
					"pivot": [-5.5, 6.5, -25],
					"cubes": [
						{"origin": [-5.5, 3, -28.5], "size": [1, 7, 7], "uv": [49, 35]},
						{"origin": [-7.5, 5.5, -26], "size": [2, 2, 2], "uv": [0, 5]},
						{"origin": [-5.5, 8, -28.5], "size": [1, 0, 2], "uv": [4, 0]},
						{"origin": [-5.5, 8, -26.5], "size": [1, 2, 0], "uv": [0, 0]}
					]
				},
				{
					"name": "leg_left1",
					"parent": "body",
					"pivot": [2, 3, -25],
					"cubes": [
						{"origin": [0.5, 0, -26.5], "size": [3, 3, 3], "uv": [76, 32]}
					]
				},
				{
					"name": "leg_right1",
					"parent": "body",
					"pivot": [-2, 3, -25],
					"cubes": [
						{"origin": [-3.5, 0, -26.5], "size": [3, 3, 3], "uv": [67, 74]}
					]
				},
				{
					"name": "body2",
					"parent": "falinks",
					"pivot": [0, 5.5, -13]
				},
				{
					"name": "torso2",
					"parent": "body2",
					"pivot": [0, 2.5, -13.5],
					"cubes": [
						{"origin": [-1, 12, -17], "size": [2, 3, 2], "pivot": [0, 9.5, -16.5], "rotation": [45, 0, 0], "uv": [52, 12]},
						{"origin": [-4, 2, -17.5], "size": [8, 8, 8], "uv": [24, 42]},
						{"origin": [-1, 10, -15.5], "size": [2, 2, 5], "uv": [66, 55]},
						{"origin": [-1.5, 8.5, -17.5], "size": [3, 4, 3], "pivot": [0, 9.5, -16.5], "rotation": [45, 0, 0], "uv": [70, 25]}
					]
				},
				{
					"name": "eye_left2",
					"parent": "torso2",
					"pivot": [2, 6, -17.0125],
					"cubes": [
						{"origin": [1, 4.5, -17.51], "size": [2, 3, 1], "uv": [69, 80]},
						{"origin": [1.5, 5, -17.515], "size": [1, 2, 1], "uv": [58, 35]}
					]
				},
				{
					"name": "eye_right2",
					"parent": "torso2",
					"pivot": [-2, 6, -17.0125],
					"cubes": [
						{"origin": [-3, 4.5, -17.51], "size": [2, 3, 1], "uv": [80, 13]},
						{"origin": [-2.5, 5, -17.515], "size": [1, 2, 1], "uv": [56, 32]}
					]
				},
				{
					"name": "shield_left2",
					"parent": "torso2",
					"pivot": [4.75, 6, -13.5],
					"cubes": [
						{"origin": [3.75, 3, -16.5], "size": [1, 6, 6], "uv": [62, 26]},
						{"origin": [4.75, 5, -14.5], "size": [1, 2, 2], "uv": [32, 79]}
					]
				},
				{
					"name": "shield_right2",
					"parent": "torso2",
					"pivot": [-4.75, 6, -13.5],
					"cubes": [
						{"origin": [-4.75, 3, -16.5], "size": [1, 6, 6], "uv": [60, 6]},
						{"origin": [-5.75, 5, -14.5], "size": [1, 2, 2], "uv": [18, 79]}
					]
				},
				{
					"name": "leg_left2",
					"parent": "body2",
					"pivot": [2, 2.5, -13.5],
					"cubes": [
						{"origin": [0.5, 0, -15], "size": [3, 3, 3], "uv": [74, 7]}
					]
				},
				{
					"name": "leg_right2",
					"parent": "body2",
					"pivot": [-2, 2.5, -13.5],
					"cubes": [
						{"origin": [-3.5, 0, -15], "size": [3, 3, 3], "uv": [73, 46]}
					]
				},
				{
					"name": "flame2",
					"parent": "body2",
					"pivot": [0, 5.5, -13.5],
					"cubes": [
						{"origin": [-2, 3.5, -15.5], "size": [4, 4, 4], "uv": [100, 0]},
						{"origin": [-1.5, 4, -15], "size": [3, 3, 3], "uv": [116, 0]}
					]
				},
				{
					"name": "flame2_2",
					"parent": "flame2",
					"pivot": [0, 7.5, -13.5],
					"cubes": [
						{"origin": [-1, 7.5, -14.5], "size": [2, 2, 2], "uv": [100, 8]}
					]
				},
				{
					"name": "flame2_3",
					"parent": "flame2_2",
					"pivot": [0, 9.5, -13.5],
					"cubes": [
						{"origin": [0, 8.5, -13.5], "size": [0, 3, 2], "uv": [100, -2]}
					]
				},
				{
					"name": "body3",
					"parent": "falinks",
					"pivot": [0, 5.5, -2]
				},
				{
					"name": "torso3",
					"parent": "body3",
					"pivot": [0, 2.5, -2.5],
					"cubes": [
						{"origin": [-1, 12, -6], "size": [2, 3, 2], "pivot": [0, 9.5, -5.5], "rotation": [45, 0, 0], "uv": [49, 0]},
						{"origin": [-4, 2, -6.5], "size": [8, 8, 8], "uv": [0, 34]},
						{"origin": [-1, 10, -4.5], "size": [2, 2, 5], "uv": [47, 65]},
						{"origin": [-1.5, 8.5, -6.5], "size": [3, 4, 3], "pivot": [0, 9.5, -5.5], "rotation": [45, 0, 0], "uv": [25, 70]}
					]
				},
				{
					"name": "eye_left3",
					"parent": "torso3",
					"pivot": [2, 6, -6.0125],
					"cubes": [
						{"origin": [1, 4.5, -6.51], "size": [2, 3, 1], "uv": [79, 74]},
						{"origin": [1.5, 5, -6.515], "size": [1, 2, 1], "uv": [0, 54]}
					]
				},
				{
					"name": "eye_right3",
					"parent": "torso3",
					"pivot": [-2, 6, -6.0125],
					"cubes": [
						{"origin": [-3, 4.5, -6.51], "size": [2, 3, 1], "uv": [79, 42]},
						{"origin": [-2.5, 5, -6.515], "size": [1, 2, 1], "uv": [18, 50]}
					]
				},
				{
					"name": "shield_left3",
					"parent": "torso3",
					"pivot": [4.75, 6, -2.5],
					"cubes": [
						{"origin": [3.75, 3, -5.5], "size": [1, 6, 6], "uv": [59, 43]},
						{"origin": [4.75, 5, -3.5], "size": [1, 2, 2], "uv": [77, 78]}
					]
				},
				{
					"name": "shield_right3",
					"parent": "torso3",
					"pivot": [-4.75, 6, -2.5],
					"cubes": [
						{"origin": [-4.75, 3, -5.5], "size": [1, 6, 6], "uv": [58, 58]},
						{"origin": [-5.75, 5, -3.5], "size": [1, 2, 2], "uv": [42, 77]}
					]
				},
				{
					"name": "leg_left3",
					"parent": "body3",
					"pivot": [2, 2.5, -2.5],
					"cubes": [
						{"origin": [0.5, 0, -4], "size": [3, 3, 3], "uv": [46, 73]}
					]
				},
				{
					"name": "leg_right3",
					"parent": "body3",
					"pivot": [-2, 2.5, -2.5],
					"cubes": [
						{"origin": [-3.5, 0, -4], "size": [3, 3, 3], "uv": [12, 72]}
					]
				},
				{
					"name": "flame3",
					"parent": "body3",
					"pivot": [0, 5.5, -2.5],
					"cubes": [
						{"origin": [-2, 3.5, -4.5], "size": [4, 4, 4], "uv": [100, 12]},
						{"origin": [-1.5, 4, -4], "size": [3, 3, 3], "uv": [116, 12]}
					]
				},
				{
					"name": "flame3_2",
					"parent": "flame3",
					"pivot": [0, 7.5, -2.5],
					"cubes": [
						{"origin": [-1, 7.5, -3.5], "size": [2, 2, 2], "uv": [100, 20]}
					]
				},
				{
					"name": "flame3_3",
					"parent": "flame3_2",
					"pivot": [0, 9.5, -2.5],
					"cubes": [
						{"origin": [0, 8.5, -2.5], "size": [0, 3, 2], "uv": [100, 10]}
					]
				},
				{
					"name": "body4",
					"parent": "falinks",
					"pivot": [0, 5.5, 9]
				},
				{
					"name": "torso4",
					"parent": "body4",
					"pivot": [0, 2.5, 8.5],
					"cubes": [
						{"origin": [-1, 12, 5], "size": [2, 3, 2], "pivot": [0, 9.5, 5.5], "rotation": [45, 0, 0], "uv": [0, 34]},
						{"origin": [-4, 2, 4.5], "size": [8, 8, 8], "uv": [28, 10]},
						{"origin": [-1, 10, 6.5], "size": [2, 2, 5], "uv": [14, 65]},
						{"origin": [-1.5, 8.5, 4.5], "size": [3, 4, 3], "pivot": [0, 9.5, 5.5], "rotation": [45, 0, 0], "uv": [69, 67]}
					]
				},
				{
					"name": "eye_left4",
					"parent": "torso4",
					"pivot": [2, 6, 4.9875],
					"cubes": [
						{"origin": [1, 4.5, 4.49], "size": [2, 3, 1], "uv": [78, 66]},
						{"origin": [1.5, 5, 4.485], "size": [1, 2, 1], "uv": [4, 39]}
					]
				},
				{
					"name": "eye_right4",
					"parent": "torso4",
					"pivot": [-2, 6, 4.9875],
					"cubes": [
						{"origin": [-3, 4.5, 4.49], "size": [2, 3, 1], "uv": [12, 78]},
						{"origin": [-2.5, 5, 4.485], "size": [1, 2, 1], "uv": [0, 39]}
					]
				},
				{
					"name": "shield_left4",
					"parent": "torso4",
					"pivot": [4.75, 6, 8.5],
					"cubes": [
						{"origin": [3.75, 3, 5.5], "size": [1, 6, 6], "uv": [38, 58]},
						{"origin": [4.75, 5, 7.5], "size": [1, 2, 2], "uv": [28, 77]}
					]
				},
				{
					"name": "shield_right4",
					"parent": "torso4",
					"pivot": [-4.75, 6, 8.5],
					"cubes": [
						{"origin": [-4.75, 3, 5.5], "size": [1, 6, 6], "uv": [24, 58]},
						{"origin": [-5.75, 5, 7.5], "size": [1, 2, 2], "uv": [22, 77]}
					]
				},
				{
					"name": "leg_left4",
					"parent": "body4",
					"pivot": [2, 2.5, 8.5],
					"cubes": [
						{"origin": [0.5, 0, 7], "size": [3, 3, 3], "uv": [58, 71]}
					]
				},
				{
					"name": "leg_right4",
					"parent": "body4",
					"pivot": [-2, 2.5, 8.5],
					"cubes": [
						{"origin": [-3.5, 0, 7], "size": [3, 3, 3], "uv": [71, 15]}
					]
				},
				{
					"name": "flame4",
					"parent": "body4",
					"pivot": [0, 5.5, 8.5],
					"cubes": [
						{"origin": [-2, 3.5, 6.5], "size": [4, 4, 4], "uv": [100, 24]},
						{"origin": [-1.5, 4, 7], "size": [3, 3, 3], "uv": [116, 24]}
					]
				},
				{
					"name": "flame4_2",
					"parent": "flame4",
					"pivot": [0, 7.5, 8.5],
					"cubes": [
						{"origin": [-1, 7.5, 7.5], "size": [2, 2, 2], "uv": [100, 32]}
					]
				},
				{
					"name": "flame4_3",
					"parent": "flame4_2",
					"pivot": [0, 9.5, 8.5],
					"cubes": [
						{"origin": [0, 8.5, 8.5], "size": [0, 3, 2], "uv": [100, 22]}
					]
				},
				{
					"name": "body5",
					"parent": "falinks",
					"pivot": [0, 5.5, 20]
				},
				{
					"name": "torso5",
					"parent": "body5",
					"pivot": [0, 2.5, 19.5],
					"cubes": [
						{"origin": [-1, 12, 16], "size": [2, 3, 2], "pivot": [0, 9.5, 16.5], "rotation": [45, 0, 0], "uv": [0, 18]},
						{"origin": [-4, 2, 15.5], "size": [8, 8, 8], "uv": [24, 26]},
						{"origin": [-1, 10, 17.5], "size": [2, 2, 5], "uv": [0, 64]},
						{"origin": [-1.5, 8.5, 15.5], "size": [3, 4, 3], "pivot": [0, 9.5, 16.5], "rotation": [45, 0, 0], "uv": [68, 0]}
					]
				},
				{
					"name": "eye_left5",
					"parent": "torso5",
					"pivot": [2, 6, 15.9875],
					"cubes": [
						{"origin": [1, 4.5, 15.49], "size": [2, 3, 1], "uv": [6, 77]},
						{"origin": [1.5, 5, 15.485], "size": [1, 2, 1], "uv": [24, 21]}
					]
				},
				{
					"name": "eye_right5",
					"parent": "torso5",
					"pivot": [-2, 6, 15.9875],
					"cubes": [
						{"origin": [-3, 4.5, 15.49], "size": [2, 3, 1], "uv": [36, 76]},
						{"origin": [-2.5, 5, 15.485], "size": [1, 2, 1], "uv": [24, 18]}
					]
				},
				{
					"name": "shield_left5",
					"parent": "torso5",
					"pivot": [4.75, 6, 19.5],
					"cubes": [
						{"origin": [3.75, 3, 16.5], "size": [1, 6, 6], "uv": [54, 20]},
						{"origin": [4.75, 5, 18.5], "size": [1, 2, 2], "uv": [72, 62]}
					]
				},
				{
					"name": "shield_right5",
					"parent": "torso5",
					"pivot": [-4.75, 6, 19.5],
					"cubes": [
						{"origin": [-4.75, 3, 16.5], "size": [1, 6, 6], "uv": [50, 52]},
						{"origin": [-5.75, 5, 18.5], "size": [1, 2, 2], "uv": [68, 7]}
					]
				},
				{
					"name": "leg_left5",
					"parent": "body5",
					"pivot": [2, 2.5, 19.5],
					"cubes": [
						{"origin": [0.5, 0, 18], "size": [3, 3, 3], "uv": [0, 71]}
					]
				},
				{
					"name": "leg_right5",
					"parent": "body5",
					"pivot": [-2, 2.5, 19.5],
					"cubes": [
						{"origin": [-3.5, 0, 18], "size": [3, 3, 3], "uv": [37, 70]}
					]
				},
				{
					"name": "flame5",
					"parent": "body5",
					"pivot": [0, 5.5, 19.5],
					"cubes": [
						{"origin": [-2, 3.5, 17.5], "size": [4, 4, 4], "uv": [100, 36]},
						{"origin": [-1.5, 4, 18], "size": [3, 3, 3], "uv": [116, 36]}
					]
				},
				{
					"name": "flame5_2",
					"parent": "flame5",
					"pivot": [0, 7.5, 19.5],
					"cubes": [
						{"origin": [-1, 7.5, 18.5], "size": [2, 2, 2], "uv": [100, 44]}
					]
				},
				{
					"name": "flame5_3",
					"parent": "flame5_2",
					"pivot": [0, 9.5, 19.5],
					"cubes": [
						{"origin": [0, 8.5, 19.5], "size": [0, 3, 2], "uv": [100, 34]}
					]
				},
				{
					"name": "body6",
					"parent": "falinks",
					"pivot": [0, 5.5, 31]
				},
				{
					"name": "torso6",
					"parent": "body6",
					"pivot": [0, 2.5, 30.5],
					"cubes": [
						{"origin": [-1, 12, 27], "size": [2, 3, 2], "pivot": [0, 9.5, 27.5], "rotation": [45, 0, 0], "uv": [0, 0]},
						{"origin": [-4, 2, 26.5], "size": [8, 8, 8], "uv": [0, 18]},
						{"origin": [-1, 10, 28.5], "size": [2, 2, 5], "uv": [62, 18]},
						{"origin": [-1.5, 8.5, 26.5], "size": [3, 4, 3], "pivot": [0, 9.5, 27.5], "rotation": [45, 0, 0], "uv": [9, 50]}
					]
				},
				{
					"name": "eye_left6",
					"parent": "torso6",
					"pivot": [2, 6, 26.9875],
					"cubes": [
						{"origin": [1, 4.5, 26.49], "size": [2, 3, 1], "uv": [9, 64]},
						{"origin": [1.5, 5, 26.485], "size": [1, 2, 1], "uv": [4, 23]}
					]
				},
				{
					"name": "eye_right6",
					"parent": "torso6",
					"pivot": [-2, 6, 26.9875],
					"cubes": [
						{"origin": [-3, 4.5, 26.49], "size": [2, 3, 1], "uv": [0, 50]},
						{"origin": [-2.5, 5, 26.485], "size": [1, 2, 1], "uv": [0, 23]}
					]
				},
				{
					"name": "shield_left6",
					"parent": "torso6",
					"pivot": [4.75, 6, 30.5],
					"cubes": [
						{"origin": [3.75, 3, 27.5], "size": [1, 6, 6], "uv": [16, 52]},
						{"origin": [4.75, 5, 29.5], "size": [1, 2, 2], "uv": [48, 26]}
					]
				},
				{
					"name": "shield_right6",
					"parent": "torso6",
					"pivot": [-4.75, 6, 30.5],
					"cubes": [
						{"origin": [-4.75, 3, 27.5], "size": [1, 6, 6], "uv": [52, 0]},
						{"origin": [-5.75, 5, 29.5], "size": [1, 2, 2], "uv": [27, 0]}
					]
				},
				{
					"name": "leg_left6",
					"parent": "body6",
					"pivot": [2, 2.5, 30.5],
					"cubes": [
						{"origin": [0.5, 0, 29], "size": [3, 3, 3], "uv": [32, 58]}
					]
				},
				{
					"name": "leg_right6",
					"parent": "body6",
					"pivot": [-2, 2.5, 30.5],
					"cubes": [
						{"origin": [-3.5, 0, 29], "size": [3, 3, 3], "uv": [37, 0]}
					]
				},
				{
					"name": "flame6",
					"parent": "body6",
					"pivot": [0, 5.5, 30.5],
					"cubes": [
						{"origin": [-2, 3.5, 28.5], "size": [4, 4, 4], "uv": [100, 48]},
						{"origin": [-1.5, 4, 29], "size": [3, 3, 3], "uv": [116, 48]}
					]
				},
				{
					"name": "flame6_2",
					"parent": "flame6",
					"pivot": [0, 7.5, 30.5],
					"cubes": [
						{"origin": [-1, 7.5, 29.5], "size": [2, 2, 2], "uv": [100, 56]}
					]
				},
				{
					"name": "flame6_3",
					"parent": "flame6_2",
					"pivot": [0, 9.5, 30.5],
					"cubes": [
						{"origin": [0, 8.5, 30.5], "size": [0, 3, 2], "uv": [100, 46]}
					]
				}
			]
		}
	]
}