{
	"format_version": "1.12.0",
	"minecraft:geometry": [
		{
			"description": {
				"identifier": "geometry.falinks_gunslinger",
				"texture_width": 128,
				"texture_height": 128,
				"visible_bounds_width": 6,
				"visible_bounds_height": 5.5,
				"visible_bounds_offset": [0, 2.25, 0]
			},
			"bones": [
				{
					"name": "falinks",
					"pivot": [0, 0, 0]
				},
				{
					"name": "body",
					"parent": "falinks",
					"pivot": [0, 58.5, 0]
				},
				{
					"name": "torso1",
					"parent": "body",
					"pivot": [0, 54.5, 0],
					"cubes": [
						{"origin": [-4.5, 54, -4.5], "size": [9, 9, 9], "uv": [0, 0]},
						{"origin": [-3, 63, -3], "size": [2, 3, 6], "uv": [27, 0]},
						{"origin": [-1, 63, -3], "size": [2, 3, 6], "uv": [27, 0]},
						{"origin": [1, 63, -3], "size": [2, 3, 6], "uv": [27, 0], "mirror": true},
						{"origin": [-0.5, 58.5, -4.5], "size": [1, 5, 3], "pivot": [0, 59.5, -3.5], "rotation": [15, 0, 0], "uv": [76, 52]}
					]
				},
				{
					"name": "gun1",
					"parent": "torso1",
					"pivot": [0, 64, -3],
					"rotation": [90, 0, 0],
					"cubes": [
						{"origin": [-1, 64, -4], "size": [2, 3, 2], "uv": [60, 0]},
						{"origin": [-1.5, 67, -4.5], "size": [3, 5, 3], "uv": [67, 38]},
						{"origin": [-1, 72.1, -4], "size": [2, 0, 2], "uv": [-2, 64]}
					]
				},
				{
					"name": "eye_left1",
					"parent": "torso1",
					"pivot": [2.25, 58.5, -4.0125],
					"cubes": [
						{"origin": [1.25, 57, -4.51], "size": [2, 3, 1], "uv": [6, 81]},
						{"origin": [1.75, 57.5, -4.515], "size": [1, 2, 1], "uv": [46, 58]}
					]
				},
				{
					"name": "eyelid_left1",
					"parent": "eye_left1",
					"pivot": [2.25, 58.5, -3.91],
					"cubes": [
						{"origin": [1.25, 57, -4.41], "size": [2, 3, 1], "inflate": 0.01, "uv": [0, 81]}
					]
				},
				{
					"name": "eye_right1",
					"parent": "torso1",
					"pivot": [-2.25, 58.5, -4.0125],
					"cubes": [
						{"origin": [-3.25, 57, -4.51], "size": [2, 3, 1], "uv": [81, 24]},
						{"origin": [-2.75, 57.5, -4.515], "size": [1, 2, 1], "uv": [58, 55]}
					]
				},
				{
					"name": "eyelid_right1",
					"parent": "eye_right1",
					"pivot": [-2.25, 58.5, -3.91],
					"cubes": [
						{"origin": [-3.25, 57, -4.41], "size": [2, 3, 1], "inflate": 0.01, "uv": [24, 81]}
					]
				},
				{
					"name": "shield_left1",
					"parent": "torso1",
					"pivot": [5.5, 58.5, 0],
					"cubes": [
						{"origin": [4.5, 55, -3.5], "size": [1, 7, 7], "uv": [0, 50]},
						{"origin": [5.5, 57.5, -1], "size": [1, 2, 2], "uv": [44, 6]},
						{"origin": [4.5, 60, -3.5], "size": [1, 0, 2], "uv": [4, 5]},
						{"origin": [4.5, 60, -1.5], "size": [1, 2, 0], "uv": [0, 5]}
					]
				},
				{
					"name": "shield_right1",
					"parent": "torso1",
					"pivot": [-5.5, 58.5, 0],
					"cubes": [
						{"origin": [-5.5, 55, -3.5], "size": [1, 7, 7], "uv": [49, 35]},
						{"origin": [-6.5, 57.5, -1], "size": [1, 2, 2], "uv": [1, 5]},
						{"origin": [-5.5, 60, -3.5], "size": [1, 0, 2], "uv": [4, 0]},
						{"origin": [-5.5, 60, -1.5], "size": [1, 2, 0], "uv": [0, 0]}
					]
				},
				{
					"name": "leg_left1",
					"parent": "body",
					"pivot": [2, 55, 0],
					"cubes": [
						{"origin": [0.5, 52, -1.5], "size": [3, 3, 3], "uv": [76, 32]}
					]
				},
				{
					"name": "leg_right1",
					"parent": "body",
					"pivot": [-2, 55, 0],
					"cubes": [
						{"origin": [-3.5, 52, -1.5], "size": [3, 3, 3], "uv": [67, 74]}
					]
				},
				{
					"name": "body2",
					"parent": "falinks",
					"pivot": [0, 5.5, 0.5]
				},
				{
					"name": "torso2",
					"parent": "body2",
					"pivot": [0, 2.5, 0],
					"cubes": [
						{"origin": [-4, 2, -4], "size": [8, 8, 8], "uv": [24, 42]},
						{"origin": [-3, 10, -2], "size": [2, 3, 5], "uv": [28, 1]},
						{"origin": [1, 10, -2], "size": [2, 3, 5], "uv": [28, 1], "mirror": true},
						{"origin": [-1, 10, -2], "size": [2, 3, 5], "uv": [28, 1], "mirror": true}
					]
				},
				{
					"name": "gun2",
					"parent": "torso2",
					"pivot": [0, 11, -2],
					"rotation": [90, 0, 0],
					"cubes": [
						{"origin": [-1, 11, -3], "size": [2, 3, 2], "uv": [52, 12]},
						{"origin": [-1.5, 14, -3.5], "size": [3, 4, 3], "uv": [70, 25]},
						{"origin": [-1, 18.1, -3], "size": [2, 0, 2], "uv": [-2, 64]}
					]
				},
				{
					"name": "eye_left2",
					"parent": "torso2",
					"pivot": [2, 6, -3.5125],
					"cubes": [
						{"origin": [1, 4.5, -4.01], "size": [2, 3, 1], "uv": [69, 80]},
						{"origin": [1.5, 5, -4.015], "size": [1, 2, 1], "uv": [58, 35]}
					]
				},
				{
					"name": "eyelid_left2",
					"parent": "eye_left2",
					"pivot": [2, 6, -3.41],
					"cubes": [
						{"origin": [1, 4.5, -3.91], "size": [2, 3, 1], "inflate": 0.01, "uv": [63, 80]}
					]
				},
				{
					"name": "eye_right2",
					"parent": "torso2",
					"pivot": [-2, 6, -3.5125],
					"cubes": [
						{"origin": [-3, 4.5, -4.01], "size": [2, 3, 1], "uv": [80, 13]},
						{"origin": [-2.5, 5, -4.015], "size": [1, 2, 1], "uv": [56, 32]}
					]
				},
				{
					"name": "eyelid_right2",
					"parent": "eye_right2",
					"pivot": [-2, 6, -3.41],
					"cubes": [
						{"origin": [-3, 4.5, -3.91], "size": [2, 3, 1], "inflate": 0.01, "uv": [80, 0]}
					]
				},
				{
					"name": "shield_left2",
					"parent": "torso2",
					"pivot": [4.75, 6, 0],
					"cubes": [
						{"origin": [3.75, 3, -3], "size": [1, 6, 6], "uv": [62, 26]},
						{"origin": [4.75, 5, -1], "size": [1, 2, 2], "uv": [32, 79]}
					]
				},
				{
					"name": "shield_right2",
					"parent": "torso2",
					"pivot": [-4.75, 6, 0],
					"cubes": [
						{"origin": [-4.75, 3, -3], "size": [1, 6, 6], "uv": [60, 6]},
						{"origin": [-5.75, 5, -1], "size": [1, 2, 2], "uv": [18, 79]}
					]
				},
				{
					"name": "leg_left2",
					"parent": "body2",
					"pivot": [2, 2.5, 0],
					"cubes": [
						{"origin": [0.5, 0, -1.5], "size": [3, 3, 3], "uv": [74, 7]}
					]
				},
				{
					"name": "leg_right2",
					"parent": "body2",
					"pivot": [-2, 2.5, 0],
					"cubes": [
						{"origin": [-3.5, 0, -1.5], "size": [3, 3, 3], "uv": [73, 46]}
					]
				},
				{
					"name": "body3",
					"parent": "falinks",
					"pivot": [0, 18.5, 0.5]
				},
				{
					"name": "torso3",
					"parent": "body3",
					"pivot": [0, 15.5, 0],
					"cubes": [
						{"origin": [-4, 15, -4], "size": [8, 8, 8], "uv": [24, 42]},
						{"origin": [-3, 23, -2], "size": [2, 3, 5], "uv": [28, 1]},
						{"origin": [1, 23, -2], "size": [2, 3, 5], "uv": [28, 1], "mirror": true},
						{"origin": [-1, 23, -2], "size": [2, 3, 5], "uv": [28, 1], "mirror": true}
					]
				},
				{
					"name": "gun3",
					"parent": "torso3",
					"pivot": [0, 24, -2],
					"rotation": [90, 0, 0],
					"cubes": [
						{"origin": [-1, 24, -3], "size": [2, 3, 2], "uv": [52, 12]},
						{"origin": [-1.5, 27, -3.5], "size": [3, 4, 3], "uv": [70, 25]},
						{"origin": [-1, 31.1, -3], "size": [2, 0, 2], "uv": [-2, 64]}
					]
				},
				{
					"name": "eye_left3",
					"parent": "torso3",
					"pivot": [2, 19, -3.5125],
					"cubes": [
						{"origin": [1, 17.5, -4.01], "size": [2, 3, 1], "uv": [69, 80]},
						{"origin": [1.5, 18, -4.015], "size": [1, 2, 1], "uv": [58, 35]}
					]
				},
				{
					"name": "eyelid_left3",
					"parent": "eye_left3",
					"pivot": [2, 19, -3.41],
					"cubes": [
						{"origin": [1, 17.5, -3.91], "size": [2, 3, 1], "inflate": 0.01, "uv": [63, 80]}
					]
				},
				{
					"name": "eye_right3",
					"parent": "torso3",
					"pivot": [-2, 19, -3.5125],
					"cubes": [
						{"origin": [-3, 17.5, -4.01], "size": [2, 3, 1], "uv": [80, 13]},
						{"origin": [-2.5, 18, -4.015], "size": [1, 2, 1], "uv": [56, 32]}
					]
				},
				{
					"name": "eyelid_right3",
					"parent": "eye_right3",
					"pivot": [-2, 19, -3.41],
					"cubes": [
						{"origin": [-3, 17.5, -3.91], "size": [2, 3, 1], "inflate": 0.01, "uv": [80, 0]}
					]
				},
				{
					"name": "shield_left3",
					"parent": "torso3",
					"pivot": [4.75, 19, 0],
					"cubes": [
						{"origin": [3.75, 16, -3], "size": [1, 6, 6], "uv": [62, 26]},
						{"origin": [4.75, 18, -1], "size": [1, 2, 2], "uv": [32, 79]}
					]
				},
				{
					"name": "shield_right3",
					"parent": "torso3",
					"pivot": [-4.75, 19, 0],
					"cubes": [
						{"origin": [-4.75, 16, -3], "size": [1, 6, 6], "uv": [60, 6]},
						{"origin": [-5.75, 18, -1], "size": [1, 2, 2], "uv": [18, 79]}
					]
				},
				{
					"name": "leg_left3",
					"parent": "body3",
					"pivot": [2, 15.5, 0],
					"cubes": [
						{"origin": [0.5, 13, -1.5], "size": [3, 3, 3], "uv": [74, 7]}
					]
				},
				{
					"name": "leg_right3",
					"parent": "body3",
					"pivot": [-2, 15.5, 0],
					"cubes": [
						{"origin": [-3.5, 13, -1.5], "size": [3, 3, 3], "uv": [73, 46]}
					]
				},
				{
					"name": "body4",
					"parent": "falinks",
					"pivot": [0, 31.5, 0.5]
				},
				{
					"name": "torso4",
					"parent": "body4",
					"pivot": [0, 28.5, 0],
					"cubes": [
						{"origin": [-4, 28, -4], "size": [8, 8, 8], "uv": [24, 42]},
						{"origin": [-3, 36, -2], "size": [2, 3, 5], "uv": [28, 1]},
						{"origin": [1, 36, -2], "size": [2, 3, 5], "uv": [28, 1], "mirror": true},
						{"origin": [-1, 36, -2], "size": [2, 3, 5], "uv": [28, 1], "mirror": true}
					]
				},
				{
					"name": "gun4",
					"parent": "torso4",
					"pivot": [0, 37, -2],
					"rotation": [90, 0, 0],
					"cubes": [
						{"origin": [-1, 37, -3], "size": [2, 3, 2], "uv": [52, 12]},
						{"origin": [-1.5, 40, -3.5], "size": [3, 4, 3], "uv": [70, 25]},
						{"origin": [-1, 44.1, -3], "size": [2, 0, 2], "uv": [-2, 64]}
					]
				},
				{
					"name": "eye_left4",
					"parent": "torso4",
					"pivot": [2, 32, -3.5125],
					"cubes": [
						{"origin": [1, 30.5, -4.01], "size": [2, 3, 1], "uv": [69, 80]},
						{"origin": [1.5, 31, -4.015], "size": [1, 2, 1], "uv": [58, 35]}
					]
				},
				{
					"name": "eyelid_left4",
					"parent": "eye_left4",
					"pivot": [2, 32, -3.41],
					"cubes": [
						{"origin": [1, 30.5, -3.91], "size": [2, 3, 1], "inflate": 0.01, "uv": [63, 80]}
					]
				},
				{
					"name": "eye_right4",
					"parent": "torso4",
					"pivot": [-2, 32, -3.5125],
					"cubes": [
						{"origin": [-3, 30.5, -4.01], "size": [2, 3, 1], "uv": [80, 13]},
						{"origin": [-2.5, 31, -4.015], "size": [1, 2, 1], "uv": [56, 32]}
					]
				},
				{
					"name": "eyelid_right4",
					"parent": "eye_right4",
					"pivot": [-2, 32, -3.41],
					"cubes": [
						{"origin": [-3, 30.5, -3.91], "size": [2, 3, 1], "inflate": 0.01, "uv": [80, 0]}
					]
				},
				{
					"name": "shield_left4",
					"parent": "torso4",
					"pivot": [4.75, 32, 0],
					"cubes": [
						{"origin": [3.75, 29, -3], "size": [1, 6, 6], "uv": [62, 26]},
						{"origin": [4.75, 31, -1], "size": [1, 2, 2], "uv": [32, 79]}
					]
				},
				{
					"name": "shield_right4",
					"parent": "torso4",
					"pivot": [-4.75, 32, 0],
					"cubes": [
						{"origin": [-4.75, 29, -3], "size": [1, 6, 6], "uv": [60, 6]},
						{"origin": [-5.75, 31, -1], "size": [1, 2, 2], "uv": [18, 79]}
					]
				},
				{
					"name": "leg_left4",
					"parent": "body4",
					"pivot": [2, 28.5, 0],
					"cubes": [
						{"origin": [0.5, 26, -1.5], "size": [3, 3, 3], "uv": [74, 7]}
					]
				},
				{
					"name": "leg_right4",
					"parent": "body4",
					"pivot": [-2, 28.5, 0],
					"cubes": [
						{"origin": [-3.5, 26, -1.5], "size": [3, 3, 3], "uv": [73, 46]}
					]
				},
				{
					"name": "body5",
					"parent": "falinks",
					"pivot": [0, 44.5, 0.5]
				},
				{
					"name": "torso5",
					"parent": "body5",
					"pivot": [0, 41.5, 0],
					"cubes": [
						{"origin": [-4, 41, -4], "size": [8, 8, 8], "uv": [24, 42]},
						{"origin": [-3, 49, -2], "size": [2, 3, 5], "uv": [28, 1]},
						{"origin": [1, 49, -2], "size": [2, 3, 5], "uv": [28, 1], "mirror": true},
						{"origin": [-1, 49, -2], "size": [2, 3, 5], "uv": [28, 1], "mirror": true}
					]
				},
				{
					"name": "gun5",
					"parent": "torso5",
					"pivot": [0, 50, -2],
					"rotation": [90, 0, 0],
					"cubes": [
						{"origin": [-1, 50, -3], "size": [2, 3, 2], "uv": [52, 12]},
						{"origin": [-1.5, 53, -3.5], "size": [3, 4, 3], "uv": [70, 25]},
						{"origin": [-1, 57.1, -3], "size": [2, 0, 2], "uv": [-2, 64]}
					]
				},
				{
					"name": "eye_left5",
					"parent": "torso5",
					"pivot": [2, 45, -3.5125],
					"cubes": [
						{"origin": [1, 43.5, -4.01], "size": [2, 3, 1], "uv": [69, 80]},
						{"origin": [1.5, 44, -4.015], "size": [1, 2, 1], "uv": [58, 35]}
					]
				},
				{
					"name": "eyelid_left5",
					"parent": "eye_left5",
					"pivot": [2, 45, -3.41],
					"cubes": [
						{"origin": [1, 43.5, -3.91], "size": [2, 3, 1], "inflate": 0.01, "uv": [63, 80]}
					]
				},
				{
					"name": "eye_right5",
					"parent": "torso5",
					"pivot": [-2, 45, -3.5125],
					"cubes": [
						{"origin": [-3, 43.5, -4.01], "size": [2, 3, 1], "uv": [80, 13]},
						{"origin": [-2.5, 44, -4.015], "size": [1, 2, 1], "uv": [56, 32]}
					]
				},
				{
					"name": "eyelid_right5",
					"parent": "eye_right5",
					"pivot": [-2, 45, -3.41],
					"cubes": [
						{"origin": [-3, 43.5, -3.91], "size": [2, 3, 1], "inflate": 0.01, "uv": [80, 0]}
					]
				},
				{
					"name": "shield_left5",
					"parent": "torso5",
					"pivot": [4.75, 45, 0],
					"cubes": [
						{"origin": [3.75, 42, -3], "size": [1, 6, 6], "uv": [62, 26]},
						{"origin": [4.75, 44, -1], "size": [1, 2, 2], "uv": [32, 79]}
					]
				},
				{
					"name": "shield_right5",
					"parent": "torso5",
					"pivot": [-4.75, 45, 0],
					"cubes": [
						{"origin": [-4.75, 42, -3], "size": [1, 6, 6], "uv": [60, 6]},
						{"origin": [-5.75, 44, -1], "size": [1, 2, 2], "uv": [18, 79]}
					]
				},
				{
					"name": "leg_left5",
					"parent": "body5",
					"pivot": [2, 41.5, 0],
					"cubes": [
						{"origin": [0.5, 39, -1.5], "size": [3, 3, 3], "uv": [74, 7]}
					]
				},
				{
					"name": "leg_right5",
					"parent": "body5",
					"pivot": [-2, 41.5, 0],
					"cubes": [
						{"origin": [-3.5, 39, -1.5], "size": [3, 3, 3], "uv": [73, 46]}
					]
				}
			]
		}
	]
}