{
	"format_version": "1.12.0",
	"minecraft:geometry": [
		{
			"description": {
				"identifier": "geometry.golurk_copper",
				"texture_width": 128,
				"texture_height": 128,
				"visible_bounds_width": 7,
				"visible_bounds_height": 5.5,
				"visible_bounds_offset": [0, 2.25, 0]
			},
			"bones": [
				{
					"name": "golurk",
					"pivot": [0, 0, 0]
				},
				{
					"name": "body",
					"parent": "golurk",
					"pivot": [0, 38, 0]
				},
				{
					"name": "torso",
					"parent": "body",
					"pivot": [0, 21.5, 0],
					"cubes": [
						{"origin": [-9, 19, -9], "size": [18, 5, 18], "uv": [0, 40]},
						{"origin": [-7.5, 24, -7.5], "size": [15, 2, 15], "uv": [54, 40]},
						{"origin": [-10, 26, -10], "size": [20, 20, 20], "uv": [0, 0]},
						{"origin": [-4, 33, -11], "size": [8, 7, 1], "uv": [110, 57]}
					]
				},
				{
					"name": "torso_glow",
					"parent": "torso",
					"pivot": [0, 36.5, -10.9],
					"cubes": [
						{"origin": [-3, 34, -10.01], "size": [6, 5, 0], "uv": [114, 52]}
					]
				},
				{
					"name": "head",
					"parent": "torso",
					"pivot": [0.5, 46, 0.5],
					"cubes": [
						{"origin": [-3, 44.75, -3], "size": [6, 6, 6], "uv": [83, 99]}
					]
				},
				{
					"name": "lightning_rod",
					"parent": "head",
					"pivot": [0, 50.75, 0],
					"cubes": [
						{"origin": [-1, 50.75, -1], "size": [2, 4, 2], "uv": [118, 26]},
						{"origin": [-1.5, 54.75, -1.5], "size": [3, 3, 3], "uv": [15, 99]}
					]
				},
				{
					"name": "lightning_rod_glow",
					"parent": "lightning_rod",
					"pivot": [0, 56.25, 0],
					"cubes": [
						{"origin": [1.5, 50.75, -1.5], "size": [-3, 4, 3], "uv": [8, 119]},
						{"origin": [2, 54.25, -2], "size": [-4, 4, 4], "uv": [2, 118]}
					]
				},
				{
					"name": "eye_left",
					"parent": "head",
					"pivot": [1.4, 47.5, -2.51],
					"cubes": [
						{"origin": [0.65, 46.5, -3.01], "size": [1, 3, 1], "uv": [15, 12]},
						{"origin": [1.15, 46.5, -3.01], "size": [1, 1, 1], "uv": [4, 18]}
					]
				},
				{
					"name": "eyelid_left",
					"parent": "eye_left",
					"pivot": [1.4, 47.5, -2.41],
					"cubes": [
						{"origin": [0.65, 46.5, -2.91], "size": [1, 3, 1], "inflate": 0.001, "uv": [15, 0]},
						{"origin": [1.15, 46.5, -2.91], "size": [1, 1, 1], "inflate": 0.001, "uv": [0, 18]}
					]
				},
				{
					"name": "eye_right",
					"parent": "head",
					"pivot": [-1.65, 48.25, -2.51],
					"cubes": [
						{"origin": [-1.65, 46.5, -3.01], "size": [1, 3, 1], "uv": [0, 12]}
					]
				},
				{
					"name": "eyelid_right",
					"parent": "eye_right",
					"pivot": [-1.15, 48, -2.41],
					"cubes": [
						{"origin": [-1.65, 46.5, -2.91], "size": [1, 3, 1], "inflate": 0.001, "uv": [0, 0]}
					]
				},
				{
					"name": "arm_left",
					"parent": "torso",
					"pivot": [13.6, 44, 0]
				},
				{
					"name": "arm_left2",
					"parent": "arm_left",
					"pivot": [16.1, 43.9, 0],
					"cubes": [
						{"origin": [11.1, 40.9, 4.5], "size": [7, 7, 2], "uv": [107, 17]},
						{"origin": [11.1, 40.9, -6.5], "size": [7, 7, 2], "uv": [29, 63]},
						{"origin": [9.6, 39.4, -4.5], "size": [10, 10, 9], "uv": [0, 63]},
						{"origin": [16.6, 41.4, -2.5], "size": [9, 5, 5], "uv": [99, 42]}
					]
				},
				{
					"name": "arm_left_glow",
					"parent": "arm_left2",
					"pivot": [14.6, 44.4, -6.5],
					"cubes": [
						{"origin": [12.1, 41.9, -5.501], "size": [5, 5, 0], "uv": [47, 63]}
					]
				},
				{
					"name": "hand_left",
					"parent": "arm_left2",
					"pivot": [24.85, 44, 0],
					"cubes": [
						{"origin": [26.6, 38.4, -5.5], "size": [5, 11, 11], "uv": [38, 68]},
						{"origin": [23.6, 39.4, -4.5], "size": [3, 9, 9], "uv": [0, 96]}
					]
				},
				{
					"name": "hand_cannon_glow_left",
					"parent": "hand_left",
					"pivot": [30.75, 44, 0],
					"cubes": [
						{"origin": [30.65, 40.4, -3.5], "size": [0, 7, 7], "uv": [113, 58]}
					]
				},
				{
					"name": "hand_left2",
					"parent": "hand_left",
					"pivot": [31.85, 42.5, 0],
					"cubes": [
						{"origin": [32, 46.9, -2.5], "size": [5, 1, 5], "uv": [101, 99]},
						{"origin": [31.1, 40.9, -4.5], "size": [7, 6, 9], "uv": [27, 90]}
					]
				},
				{
					"name": "hand_left_glow",
					"parent": "hand_left2",
					"pivot": [34.5, 46.9, 0],
					"cubes": [
						{"origin": [33, 46.901, -1.5], "size": [3, 0, 3], "uv": [77, 27]}
					]
				},
				{
					"name": "finger_left",
					"parent": "hand_left2",
					"pivot": [38.1, 46.4, -3.5],
					"cubes": [
						{"origin": [38.1, 44.4, -4.5], "size": [3, 2, 2], "inflate": 0.001, "uv": [92, 32]}
					]
				},
				{
					"name": "finger_left2",
					"parent": "finger_left",
					"pivot": [41.1, 46.4, -3.5],
					"cubes": [
						{"origin": [41.1, 44.4, -4.5], "size": [2, 2, 2], "uv": [60, 94]}
					]
				},
				{
					"name": "finger_left3",
					"parent": "hand_left2",
					"pivot": [38.1, 46.4, -1.25],
					"cubes": [
						{"origin": [38.1, 44.4, -2.25], "size": [3, 2, 2], "inflate": 0.001, "uv": [86, 84]}
					]
				},
				{
					"name": "finger_left4",
					"parent": "finger_left3",
					"pivot": [41.1, 46.4, -1.25],
					"cubes": [
						{"origin": [41.1, 44.4, -2.25], "size": [3, 2, 2], "uv": [27, 86]}
					]
				},
				{
					"name": "finger_left5",
					"parent": "hand_left2",
					"pivot": [38.1, 46.4, 1],
					"cubes": [
						{"origin": [38.1, 44.4, 0], "size": [3, 2, 2], "inflate": 0.001, "uv": [27, 82]}
					]
				},
				{
					"name": "finger_left6",
					"parent": "finger_left5",
					"pivot": [41.1, 46.4, 1],
					"cubes": [
						{"origin": [41.1, 44.4, 0], "size": [2, 2, 2], "uv": [90, 36]}
					]
				},
				{
					"name": "finger_left7",
					"parent": "hand_left2",
					"pivot": [38.1, 46.4, 3.25],
					"cubes": [
						{"origin": [38.1, 44.4, 2.25], "size": [2, 2, 2], "inflate": 0.001, "uv": [0, 86]}
					]
				},
				{
					"name": "finger_left8",
					"parent": "finger_left7",
					"pivot": [40.1, 46.4, 3.25],
					"cubes": [
						{"origin": [40.1, 44.4, 2.25], "size": [2, 2, 2], "uv": [0, 82]}
					]
				},
				{
					"name": "finger_left9",
					"parent": "hand_left2",
					"pivot": [35.6, 43.15, -3.5],
					"cubes": [
						{"origin": [35.1, 41.65, -5.5], "size": [3, 3, 3], "inflate": 0.001, "uv": [50, 90]}
					]
				},
				{
					"name": "finger_left10",
					"parent": "finger_left9",
					"pivot": [38.1, 43.15, -5.5],
					"cubes": [
						{"origin": [38.1, 41.65, -5.5], "size": [3, 3, 3], "uv": [89, 0]}
					]
				},
				{
					"name": "arm_right",
					"parent": "torso",
					"pivot": [-13.6, 44, 0]
				},
				{
					"name": "arm_right2",
					"parent": "arm_right",
					"pivot": [-16.1, 43.9, 0],
					"cubes": [
						{"origin": [-25.6, 41.4, -2.5], "size": [9, 5, 5], "uv": [99, 32]},
						{"origin": [-19.6, 39.4, -4.5], "size": [10, 10, 9], "uv": [60, 0]},
						{"origin": [-18.1, 40.9, -6.5], "size": [7, 7, 2], "uv": [0, 40]},
						{"origin": [-18.1, 40.9, 4.5], "size": [7, 7, 2], "uv": [0, 49]}
					]
				},
				{
					"name": "arm_right_glow",
					"parent": "arm_right2",
					"pivot": [-14.6, 44.4, -6.5],
					"cubes": [
						{"origin": [-17.1, 41.9, -5.501], "size": [5, 5, 0], "uv": [39, 105]}
					]
				},
				{
					"name": "hand_right",
					"parent": "arm_right2",
					"pivot": [-24.85, 44, 0],
					"cubes": [
						{"origin": [-31.6, 38.4, -5.5], "size": [5, 11, 11], "uv": [61, 57]},
						{"origin": [-26.6, 39.4, -4.5], "size": [3, 9, 9], "uv": [59, 92]}
					]
				},
				{
					"name": "hand_cannon_right_glow",
					"parent": "hand_right",
					"pivot": [-30.75, 44, 0],
					"cubes": [
						{"origin": [-30.65, 40.4, -3.5], "size": [0, 7, 7], "uv": [113, 58]}
					]
				},
				{
					"name": "hand_right2",
					"parent": "hand_right",
					"pivot": [-31.85, 42.5, 0],
					"cubes": [
						{"origin": [-37, 46.9, -2.5], "size": [5, 1, 5], "uv": [0, 12]},
						{"origin": [-38.1, 40.9, -4.5], "size": [7, 6, 9], "uv": [88, 84]}
					]
				},
				{
					"name": "hand_right_glow",
					"parent": "hand_right2",
					"pivot": [-34.5, 46.9, 0],
					"cubes": [
						{"origin": [-36, 46.901, -1.5], "size": [3, 0, 3], "uv": [77, 27]}
					]
				},
				{
					"name": "finger_right",
					"parent": "hand_right2",
					"pivot": [-38.1, 46.4, -3.5],
					"cubes": [
						{"origin": [-41.1, 44.4, -4.5], "size": [3, 2, 2], "inflate": 0.001, "uv": [80, 23]}
					]
				},
				{
					"name": "finger_right2",
					"parent": "finger_right",
					"pivot": [-41.1, 46.4, -3.5],
					"cubes": [
						{"origin": [-43.1, 44.4, -4.5], "size": [2, 2, 2], "uv": [0, 67]}
					]
				},
				{
					"name": "finger_right3",
					"parent": "hand_right2",
					"pivot": [-38.1, 46.4, -1.25],
					"cubes": [
						{"origin": [-41.1, 44.4, -2.25], "size": [3, 2, 2], "inflate": 0.001, "uv": [80, 19]}
					]
				},
				{
					"name": "finger_right4",
					"parent": "finger_right3",
					"pivot": [-41.1, 46.4, -1.25],
					"cubes": [
						{"origin": [-44.1, 44.4, -2.25], "size": [3, 2, 2], "uv": [38, 72]}
					]
				},
				{
					"name": "finger_right5",
					"parent": "hand_right2",
					"pivot": [-38.1, 46.4, 1],
					"cubes": [
						{"origin": [-41.1, 44.4, 0], "size": [3, 2, 2], "inflate": 0.001, "uv": [59, 63]}
					]
				},
				{
					"name": "finger_right6",
					"parent": "finger_right5",
					"pivot": [-41.1, 46.4, 1],
					"cubes": [
						{"origin": [-43.1, 44.4, 0], "size": [2, 2, 2], "uv": [0, 63]}
					]
				},
				{
					"name": "finger_right7",
					"parent": "hand_right2",
					"pivot": [-38.1, 46.4, 3.25],
					"cubes": [
						{"origin": [-40.1, 44.4, 2.25], "size": [2, 2, 2], "inflate": 0.001, "uv": [60, 4]}
					]
				},
				{
					"name": "finger_right8",
					"parent": "finger_right7",
					"pivot": [-40.1, 46.4, 3.25],
					"cubes": [
						{"origin": [-42.1, 44.4, 2.25], "size": [2, 2, 2], "uv": [60, 0]}
					]
				},
				{
					"name": "finger_right9",
					"parent": "hand_right2",
					"pivot": [-35.6, 43.15, -3.5],
					"cubes": [
						{"origin": [-38.1, 41.65, -5.5], "size": [3, 3, 3], "inflate": 0.001, "uv": [80, 32]}
					]
				},
				{
					"name": "finger_right10",
					"parent": "finger_right9",
					"pivot": [-38.1, 43.15, -5.5],
					"cubes": [
						{"origin": [-41.1, 41.65, -5.5], "size": [3, 3, 3], "uv": [54, 49]}
					]
				},
				{
					"name": "leg_left",
					"parent": "body",
					"pivot": [5, 20, 0],
					"cubes": [
						{"origin": [2.5, 14, -2.5], "size": [5, 7, 5], "uv": [24, 105]}
					]
				},
				{
					"name": "leg_left2",
					"parent": "leg_left",
					"pivot": [5, 15, -0.25],
					"cubes": [
						{"origin": [3.5, 10, -2.25], "size": [3, 5, 4], "uv": [74, 92]}
					]
				},
				{
					"name": "foot_left",
					"parent": "leg_left2",
					"pivot": [5, 9.5, 0],
					"cubes": [
						{"origin": [1.5, 7, -3.5], "size": [7, 4, 7], "uv": [98, 0]},
						{"origin": [0.5, 2, -4.5], "size": [9, 5, 9], "uv": [86, 70]},
						{"origin": [1, 0, -7.5], "size": [8, 2, 11], "uv": [80, 19]}
					]
				},
				{
					"name": "leg_right",
					"parent": "body",
					"pivot": [-5, 20, 0],
					"cubes": [
						{"origin": [-7.5, 14, -2.5], "size": [5, 7, 5], "uv": [0, 0]}
					]
				},
				{
					"name": "leg_right2",
					"parent": "leg_right",
					"pivot": [-5, 15, -0.25],
					"cubes": [
						{"origin": [-6.5, 10, -2.25], "size": [3, 5, 4], "uv": [54, 40]}
					]
				},
				{
					"name": "foot_right",
					"parent": "leg_right2",
					"pivot": [-5, 10.5, 0],
					"cubes": [
						{"origin": [-8.5, 7, -3.5], "size": [7, 4, 7], "uv": [82, 57]},
						{"origin": [-9.5, 2, -4.5], "size": [9, 5, 9], "uv": [0, 82]},
						{"origin": [-9, 0, -7.5], "size": [8, 2, 11], "uv": [59, 79]}
					]
				}
			]
		}
	]
}