{
	"format_version": "1.12.0",
	"minecraft:geometry": [
		{
			"description": {
				"identifier": "geometry.hatenna_midnight",
				"texture_width": 128,
				"texture_height": 128,
				"visible_bounds_width": 4,
				"visible_bounds_height": 3.5,
				"visible_bounds_offset": [0, 1.25, 0]
			},
			"bones": [
				{
					"name": "hatenna",
					"pivot": [0, 0, 0]
				},
				{
					"name": "body",
					"parent": "hatenna",
					"pivot": [0, 17, 0]
				},
				{
					"name": "torso",
					"parent": "body",
					"pivot": [0, 12, 1.5],
					"cubes": [
						{"origin": [-5, 12, -5.5], "size": [10, 8, 11], "uv": [0, 0]}
					]
				},
				{
					"name": "hat",
					"parent": "torso",
					"pivot": [0, 12, 0],
					"cubes": [
						{"origin": [-9, 9, -9], "size": [18, 3, 18], "uv": [0, 57]},
						{"origin": [-5.5, 0, -5.5], "size": [11, 10, 11], "uv": [54, 54]}
					]
				},
				{
					"name": "mouth_closed",
					"parent": "torso",
					"pivot": [0, 13.5, -5.5],
					"cubes": [
						{"origin": [-0.5, 12.5, -5.5], "size": [1, 1, 0], "inflate": 0.01, "uv": [0, 63]},
						{"origin": [-1.5, 13, -5.5], "size": [3, 1, 0], "inflate": 0.01, "uv": [0, 62]}
					]
				},
				{
					"name": "mouth_open",
					"parent": "torso",
					"pivot": [0, 13.5, -5.4],
					"cubes": [
						{"origin": [-1, 12, -5.4], "size": [2, 3, 0], "inflate": 0.01, "uv": [0, 64]}
					]
				},
				{
					"name": "hair",
					"parent": "torso",
					"pivot": [1, 20, 3.5],
					"rotation": [-2.5, 0, 0],
					"cubes": [
						{"origin": [-6, 17, -0.5], "size": [12, 4, 5], "inflate": 0.01, "uv": [27, 28]},
						{"origin": [-6, 27.5, -3], "size": [12, 2, 5], "inflate": 0.01, "pivot": [0, 20.5, -2.5], "rotation": [-90, 0, 0], "uv": [27, 28]}
					]
				},
				{
					"name": "left_hair_arm",
					"parent": "hair",
					"pivot": [3, 20, 1.5],
					"rotation": [-90, 0, -75],
					"cubes": [
						{"origin": [3, 17.5, -1], "size": [4, 2, 5], "inflate": 0.01, "uv": [53, 38]}
					]
				},
				{
					"name": "left_hair_elbow",
					"parent": "left_hair_arm",
					"pivot": [7, 17.5, 1.5],
					"cubes": [
						{"origin": [7, 17.5, -1.5], "size": [6, 3, 6], "uv": [33, 0]}
					]
				},
				{
					"name": "left_hair_hand",
					"parent": "left_hair_elbow",
					"pivot": [13, 17.5, 1.5],
					"cubes": [
						{"origin": [13, 17.5, -0.5], "size": [5, 2, 4], "inflate": 0.02, "uv": [53, 19]}
					]
				},
				{
					"name": "right_hair_arm",
					"parent": "hair",
					"pivot": [-3, 20, 1.5],
					"rotation": [-90, 0, 75],
					"cubes": [
						{"origin": [-7, 17.5, -1], "size": [4, 2, 5], "inflate": 0.01, "uv": [53, 38], "mirror": true}
					]
				},
				{
					"name": "right_hair_elbow",
					"parent": "right_hair_arm",
					"pivot": [-7, 17.5, 1.5],
					"cubes": [
						{"origin": [-13, 17.5, -1.5], "size": [6, 3, 6], "uv": [33, 0], "mirror": true}
					]
				},
				{
					"name": "right_hair_hand",
					"parent": "right_hair_elbow",
					"pivot": [-13, 17.5, 1.5],
					"cubes": [
						{"origin": [-18, 17.5, -0.5], "size": [5, 2, 4], "inflate": 0.02, "uv": [53, 19], "mirror": true}
					]
				},
				{
					"name": "hair_bend",
					"parent": "hair",
					"pivot": [1, 20.9, -0.5],
					"rotation": [5, 0, 0],
					"cubes": [
						{"origin": [-2, 16, -6.51], "size": [4, 5, 6], "inflate": 0.01, "uv": [0, 44]},
						{"origin": [-6, 14.99, -6.5], "size": [4, 6, 6], "inflate": 0.02, "uv": [24, 37]},
						{"origin": [2, 14.99, -6.5], "size": [4, 6, 6], "inflate": 0.02, "uv": [38, 43]}
					]
				},
				{
					"name": "right_foot",
					"parent": "body",
					"pivot": [-2.75, 12, 1.5],
					"cubes": [
						{"origin": [-4.25, 10, 0.5], "size": [3, 2, 2], "uv": [14, 44]}
					]
				},
				{
					"name": "right_toe",
					"parent": "right_foot",
					"pivot": [-2.75, 10, 0.5],
					"cubes": [
						{"origin": [-4.25, 10, -2.5], "size": [3, 2, 3], "inflate": 0.01, "uv": [38, 37]}
					]
				},
				{
					"name": "left_foot",
					"parent": "body",
					"pivot": [2.75, 12, 1.5],
					"cubes": [
						{"origin": [1.25, 10, 0.5], "size": [3, 2, 2], "uv": [0, 5]}
					]
				},
				{
					"name": "left_toe",
					"parent": "left_foot",
					"pivot": [2.75, 10, 0.5],
					"cubes": [
						{"origin": [1.25, 10, -2.5], "size": [3, 2, 3], "inflate": 0.01, "uv": [25, 19]}
					]
				}
			]
		}
	]
}