{
	"format_version": "1.12.0",
	"minecraft:geometry": [
		{
			"description": {
				"identifier": "geometry.spiritube",
				"texture_width": 128,
				"texture_height": 64,
				"visible_bounds_width": 3,
				"visible_bounds_height": 3.5,
				"visible_bounds_offset": [0, 1.25, 0]
			},
			"bones": [
				{
					"name": "spiritube",
					"pivot": [0, 0, 0]
				},
				{
					"name": "body",
					"parent": "spiritube",
					"pivot": [0, 5.5, 0]
				},
				{
					"name": "tomb",
					"parent": "body",
					"pivot": [0, 1.5, 0],
					"cubes": [
						{"origin": [-5, 0, -3], "size": [10, 8, 7], "uv": [94, 15]},
						{"origin": [-3, 2, -4], "size": [6, 4, 1], "uv": [92, 6]},
						{"origin": [-3.5, 1.5, -4.5], "size": [7, 5, 2], "uv": [74, 0]},
						{"origin": [-2, 7, -1.5], "size": [4, 2, 4], "uv": [92, 0]}
					]
				},
				{
					"name": "antenna",
					"parent": "tomb",
					"pivot": [0, 9, 0.5]
				},
				{
					"name": "antenna_right",
					"parent": "antenna",
					"pivot": [-0.5, 9, 0.5],
					"rotation": [0, 0, -25],
					"cubes": [
						{"origin": [-1, 8, 0.5], "size": [1, 5, 0], "uv": [99, 17]},
						{"origin": [-1, 13, 0], "size": [1, 1, 1], "uv": [95, 20]}
					]
				},
				{
					"name": "antenna_left",
					"parent": "antenna",
					"pivot": [0.5, 9, 0.5],
					"rotation": [0, 0, 25],
					"cubes": [
						{"origin": [0, 8, 0.5], "size": [1, 5, 0], "uv": [99, 17], "mirror": true},
						{"origin": [0, 13, 0], "size": [1, 1, 1], "uv": [95, 20], "mirror": true}
					]
				},
				{
					"name": "stem",
					"parent": "tomb",
					"pivot": [0, 11, -1.5],
					"rotation": [-15, 0, 0],
					"cubes": [
						{"origin": [0, 9.5, -10], "size": [0, 9, 10], "uv": [108, -10]},
						{"origin": [0, 0.5, -10], "size": [0, 9, 10], "uv": [108, 22]}
					]
				},
				{
					"name": "lightning",
					"parent": "stem",
					"pivot": [0, 15.5, -9]
				},
				{
					"name": "spark_upper_right",
					"parent": "lightning",
					"pivot": [0, 15.5, -9],
					"rotation": [0, 0, 45],
					"cubes": [
						{"origin": [-18, 12, -9], "size": [14, 7, 0], "uv": [100, 57]}
					]
				},
				{
					"name": "spark_lower_right",
					"parent": "lightning",
					"pivot": [0, 15.5, -9],
					"rotation": [0, 0, -45],
					"cubes": [
						{"origin": [-18, 12, -9], "size": [14, 7, 0], "uv": [100, 57]}
					]
				},
				{
					"name": "spark_lower_left",
					"parent": "lightning",
					"pivot": [0, 15.5, -9],
					"rotation": [0, 0, 45],
					"cubes": [
						{"origin": [4, 12, -9], "size": [14, 7, 0], "uv": [100, 57], "mirror": true}
					]
				},
				{
					"name": "spark_upper_left",
					"parent": "lightning",
					"pivot": [0, 15.5, -9],
					"rotation": [0, 0, -45],
					"cubes": [
						{"origin": [4, 12, -9], "size": [14, 7, 0], "uv": [100, 57], "mirror": true}
					]
				},
				{
					"name": "spirit",
					"parent": "stem",
					"pivot": [0, 15, -10]
				},
				{
					"name": "face",
					"parent": "spirit",
					"pivot": [0, 15, -10.01],
					"cubes": [
						{"origin": [-5.5, 15, -10.01], "size": [11, 5, 0], "uv": [70, 16]}
					]
				},
				{
					"name": "mouth_open",
					"parent": "face",
					"pivot": [0, 12, -10.01],
					"cubes": [
						{"origin": [-5.5, 8.5, -10.01], "size": [11, 7, 0], "uv": [70, 26]}
					]
				},
				{
					"name": "mouth_closed",
					"parent": "face",
					"pivot": [0, 12.5, -10.01],
					"cubes": [
						{"origin": [-5.5, 10, -10.01], "size": [11, 5, 0], "uv": [70, 21]}
					]
				},
				{
					"name": "back",
					"parent": "spirit",
					"pivot": [0, 15, -10],
					"cubes": [
						{"origin": [-14, 1, -10], "size": [28, 28, 0], "uv": [0, 29]}
					]
				},
				{
					"name": "orbs",
					"parent": "back",
					"pivot": [0, 15, -10.1],
					"cubes": [
						{"origin": [-14, 1, -10], "size": [28, 28, 0], "inflate": 0.02, "uv": [0, 0]}
					]
				}
			]
		}
	]
}