{
	"format_version": "1.12.0",
	"minecraft:geometry": [
		{
			"description": {
				"identifier": "geometry.tyrogue",
				"texture_width": 64,
				"texture_height": 64,
				"visible_bounds_width": 4,
				"visible_bounds_height": 5.5,
				"visible_bounds_offset": [0, 2.25, 0]
			},
			"bones": [
				{
					"name": "tyrogue",
					"pivot": [0, 0, 0]
				},
				{
					"name": "body",
					"parent": "tyrogue",
					"pivot": [0, 9, 0]
				},
				{
					"name": "torso",
					"parent": "body",
					"pivot": [0, 10, 1],
					"cubes": [
						{"origin": [-2.5, 8, -1.5], "size": [5, 4, 4], "pivot": [0, 8, 1], "rotation": [22.5, 0, 0], "uv": [0, 11]},
						{"origin": [-2, 5, -1], "size": [4, 4, 3], "uv": [0, 46]}
					]
				},
				{
					"name": "tail",
					"parent": "torso",
					"pivot": [0, 11.5, 2],
					"rotation": [50, 0, 0]
				},
				{
					"name": "tail2",
					"parent": "tail",
					"pivot": [0, 5.5, 2.5],
					"rotation": [30, 0, 0]
				},
				{
					"name": "tail3",
					"parent": "tail2",
					"pivot": [0, -0.5, 2.5],
					"rotation": [40, 0, 0]
				},
				{
					"name": "tail4",
					"parent": "tail3",
					"pivot": [0, -2.5, 2.5],
					"rotation": [42.5, 0, 0]
				},
				{
					"name": "neck",
					"parent": "torso",
					"pivot": [0, 15.75, -1],
					"rotation": [20, 0, 0],
					"cubes": [
						{"origin": [-1, 11.5, -4], "size": [2, 2, 2], "uv": [40, 25]}
					]
				},
				{
					"name": "head",
					"parent": "neck",
					"pivot": [0, 17.5, -4],
					"rotation": [-40, 0, 0],
					"cubes": [
						{"origin": [-1.5, 13.5, -5], "size": [3, 6, 5], "pivot": [0, 17.5, -4], "rotation": [20, 0, 0], "uv": [0, 0]},
						{"origin": [-1.5, 11.85, -4.5], "size": [3, 3, 4], "inflate": -0.01, "pivot": [0, 17.5, -4], "rotation": [87.5, 0, 0], "uv": [0, 19]}
					]
				},
				{
					"name": "mask",
					"parent": "head",
					"pivot": [0, 17.5, -8],
					"rotation": [17.5, 0, 0],
					"cubes": [
						{"origin": [-3, 11.5, -5.5], "size": [6, 8, 1], "uv": [18, 14]}
					]
				},
				{
					"name": "head_thing",
					"parent": "head",
					"pivot": [0, 22.815, -2.065],
					"rotation": [55, 0, 0],
					"cubes": [
						{"origin": [-1, 20.815, -6.065], "size": [2, 4, 3], "uv": [0, 35]}
					]
				},
				{
					"name": "head_thing2",
					"parent": "head_thing",
					"pivot": [0, 26.815, -2.065],
					"rotation": [-50, 0, 0],
					"cubes": [
						{"origin": [-0.5, 20.815, -3.065], "size": [1, 4, 2], "uv": [40, 39]},
						{"origin": [-0.5, 22.815, -4.065], "size": [1, 2, 1], "uv": [14, 19]}
					]
				},
				{
					"name": "eyes",
					"parent": "head",
					"pivot": [0, 17.5, -3],
					"rotation": [125, 0, 0]
				},
				{
					"name": "eye_left2",
					"parent": "eyes",
					"pivot": [0, 17.5, -3],
					"cubes": [
						{"origin": [1.51, 15.5, -6], "size": [0, 4, 5], "uv": [26, 29]},
						{"origin": [1.52, 18, -4.5], "size": [0, 1, 1], "uv": [16, 7]}
					]
				},
				{
					"name": "eyelid_left2",
					"parent": "eye_left2",
					"pivot": [0.92, 17.5, -3.5],
					"cubes": [
						{"origin": [0.42, 15.5, -6], "size": [1, 4, 5], "inflate": 0.01, "uv": [0, 26]}
					]
				},
				{
					"name": "eye_right2",
					"parent": "eyes",
					"pivot": [0, 17.5, -3],
					"cubes": [
						{"origin": [-1.51, 15.5, -6], "size": [0, 4, 5], "uv": [12, 32]},
						{"origin": [-1.52, 18, -4.5], "size": [0, 1, 1], "uv": [16, 9]}
					]
				},
				{
					"name": "eyelid_right2",
					"parent": "eye_right2",
					"pivot": [-0.92, 17.5, -3.5],
					"cubes": [
						{"origin": [-1.42, 15.5, -6], "size": [1, 4, 5], "inflate": 0.01, "uv": [14, 23]}
					]
				},
				{
					"name": "arm_left",
					"parent": "torso",
					"pivot": [2, 10, -1],
					"cubes": [
						{"origin": [1, 9.5, -2], "size": [5, 1, 2], "uv": [32, 0]}
					]
				},
				{
					"name": "arm_left2",
					"parent": "arm_left",
					"pivot": [6, 10, 0],
					"rotation": [0, 35, 0],
					"cubes": [
						{"origin": [6, 9.5, -2], "size": [3, 1, 2], "inflate": 0.001, "uv": [30, 39]}
					]
				},
				{
					"name": "hand_left",
					"parent": "arm_left2",
					"pivot": [8, 10, -1],
					"cubes": [
						{"origin": [7.5, 9, -2.5], "size": [3, 2, 3], "uv": [32, 14]}
					]
				},
				{
					"name": "finger_left",
					"parent": "hand_left",
					"pivot": [10.5, 11, -1.75],
					"cubes": [
						{"origin": [10.5, 10, -2.25], "size": [2, 1, 1], "inflate": 0.001, "uv": [10, 41]}
					]
				},
				{
					"name": "finger_left2",
					"parent": "finger_left",
					"pivot": [12.5, 11, -1.75],
					"cubes": [
						{"origin": [12.5, 10, -2.25], "size": [2, 1, 1], "uv": [0, 42]}
					]
				},
				{
					"name": "finger_left3",
					"parent": "hand_left",
					"pivot": [10.5, 11, -0.25],
					"cubes": [
						{"origin": [10.5, 10, -0.75], "size": [2, 1, 1], "inflate": 0.001, "uv": [16, 41]}
					]
				},
				{
					"name": "finger_left4",
					"parent": "finger_left3",
					"pivot": [12.5, 11, -0.25],
					"cubes": [
						{"origin": [12.5, 10, -0.75], "size": [2, 1, 1], "uv": [42, 8]}
					]
				},
				{
					"name": "arm_right",
					"parent": "torso",
					"pivot": [-2, 10, -1],
					"cubes": [
						{"origin": [-6, 9.5, -2], "size": [5, 1, 2], "uv": [32, 19]}
					]
				},
				{
					"name": "arm_right2",
					"parent": "arm_right",
					"pivot": [-6, 10, 0],
					"rotation": [0, -35, 0],
					"cubes": [
						{"origin": [-9, 9.5, -2], "size": [3, 1, 2], "inflate": 0.001, "uv": [40, 22]}
					]
				},
				{
					"name": "hand_right",
					"parent": "arm_right2",
					"pivot": [-8, 10, -1],
					"cubes": [
						{"origin": [-10.5, 9, -2.5], "size": [3, 2, 3], "uv": [34, 3]}
					]
				},
				{
					"name": "finger_right",
					"parent": "hand_right",
					"pivot": [-10.5, 11, -1.75],
					"cubes": [
						{"origin": [-12.5, 10, -2.25], "size": [2, 1, 1], "inflate": 0.001, "uv": [42, 12]}
					]
				},
				{
					"name": "finger_right2",
					"parent": "finger_right",
					"pivot": [-12.5, 11, -1.75],
					"cubes": [
						{"origin": [-14.5, 10, -2.25], "size": [2, 1, 1], "uv": [42, 10]}
					]
				},
				{
					"name": "finger_right3",
					"parent": "hand_right",
					"pivot": [-10.5, 11, -0.25],
					"cubes": [
						{"origin": [-12.5, 10, -0.75], "size": [2, 1, 1], "inflate": 0.001, "uv": [6, 43]}
					]
				},
				{
					"name": "finger_right4",
					"parent": "finger_right3",
					"pivot": [-12.5, 11, -0.25],
					"cubes": [
						{"origin": [-14.5, 10, -0.75], "size": [2, 1, 1], "uv": [30, 42]}
					]
				},
				{
					"name": "leg_right",
					"parent": "body",
					"pivot": [-1, 8.25, 0]
				},
				{
					"name": "leg_right2",
					"parent": "leg_right",
					"pivot": [-1.5, 6.75, 0],
					"cubes": [
						{"origin": [-2.5, 4, -0.5], "size": [2, 2, 2], "inflate": 0.001, "uv": [36, 34]}
					]
				},
				{
					"name": "leg_right3",
					"parent": "leg_right2",
					"pivot": [-1.5, 4.25, -0.5],
					"cubes": [
						{"origin": [-2.5, 1.5, -0.5], "size": [2, 3, 2], "uv": [22, 38]}
					]
				},
				{
					"name": "foot_right",
					"parent": "leg_right3",
					"pivot": [-1.5, 2, 0.5],
					"cubes": [
						{"origin": [-3, 0, -3], "size": [3, 2, 5], "uv": [18, 7]}
					]
				},
				{
					"name": "leg_left",
					"parent": "body",
					"pivot": [1, 8.25, 0]
				},
				{
					"name": "leg_left2",
					"parent": "leg_left",
					"pivot": [1.5, 6.75, 0],
					"cubes": [
						{"origin": [0.5, 4, -0.5], "size": [2, 2, 2], "inflate": 0.001, "uv": [34, 8]}
					]
				},
				{
					"name": "leg_left3",
					"parent": "leg_left2",
					"pivot": [1.5, 4.25, -0.5],
					"cubes": [
						{"origin": [0.5, 1.5, -0.5], "size": [2, 3, 2], "uv": [36, 29]}
					]
				},
				{
					"name": "foot_left",
					"parent": "leg_left3",
					"pivot": [1.5, 2, 0.5],
					"cubes": [
						{"origin": [0, 0, -3], "size": [3, 2, 5], "uv": [16, 0]}
					]
				}
			]
		}
	]
}