{
	"format_version": "1.12.0",
	"minecraft:geometry": [
		{
			"description": {
				"identifier": "geometry.diglord",
				"texture_width": 256,
				"texture_height": 256,
				"visible_bounds_width": 5,
				"visible_bounds_height": 6.5,
				"visible_bounds_offset": [0, 2.75, 0]
			},
			"bones": [
				{
					"name": "diglord",
					"pivot": [0, 14, 0]
				},
				{
					"name": "body",
					"parent": "diglord",
					"pivot": [3.5, 56, -3.5],
					"cubes": [
						{"origin": [-7, 58, -7], "size": [14, 17, 14], "inflate": 0.01, "uv": [0, 108]}
					]
				},
				{
					"name": "headtop",
					"parent": "body",
					"pivot": [3.5, 56, -3.5],
					"cubes": [
						{"origin": [-5, 69, -3], "size": [10, 13, 12], "inflate": 0.01, "pivot": [0, 73.5, 3], "rotation": [-22.5, 0, 0], "uv": [112, 108]},
						{"origin": [-3.6, 71, -5], "size": [14.9, 0, 12.1], "inflate": 0.01, "pivot": [-3.1, 75, 4.5], "rotation": [0, 0, 90], "uv": [136, 94]},
						{"origin": [10.62, 71, -5], "size": [14.9, 0, 12.1], "inflate": 0.01, "pivot": [11.12, 75, 4.5], "rotation": [0, 0, 90], "uv": [136, 133]},
						{"origin": [-7.1, 75.5, -5], "size": [14.2, 0, 12.1], "inflate": 0.01, "uv": [0, 139]},
						{"origin": [-5.6, 70.5, 0.62], "size": [14.9, 0, 14.2], "inflate": 0.01, "pivot": [-0.6, 70.5, 7.12], "rotation": [90, 0, 90], "uv": [147, 0]},
						{"origin": [-4, 66, -4], "size": [8, 11, 12], "inflate": 0.01, "pivot": [0, 68.5, 2], "rotation": [-45, 0, 0], "uv": [136, 145]}
					]
				},
				{
					"name": "hair",
					"parent": "headtop",
					"pivot": [0, 77.5, 5],
					"rotation": [-7.5, 0, 0],
					"cubes": [
						{"origin": [-6, 73, -15], "size": [12, 10, 21], "inflate": 0.01, "uv": [0, 48]},
						{"origin": [-0.5, 69, -14], "size": [1, 8, 19], "inflate": 0.01, "pivot": [0, 73, -4.5], "rotation": [0, 0, 90], "uv": [96, 133]},
						{"origin": [5.5, 74, -14], "size": [1, 8, 19], "inflate": 0.01, "uv": [56, 122]},
						{"origin": [-0.5, 79, -14], "size": [1, 8, 19], "inflate": 0.01, "pivot": [0, 83, -4.5], "rotation": [0, 0, 90], "uv": [136, 67]},
						{"origin": [-6.5, 74, -14], "size": [1, 8, 19], "inflate": 0.01, "uv": [134, 40]}
					]
				},
				{
					"name": "nose",
					"parent": "body",
					"pivot": [0.01, 60.74, -3.51],
					"cubes": [
						{"origin": [-3.99, 63.99, -9.01], "size": [8, 5, 2], "uv": [0, 79]},
						{"origin": [0.51, 60.99, -8.51], "size": [5, 6, 2], "pivot": [3.01, 63.99, -7.51], "rotation": [0, 0, -25], "uv": [20, 79]},
						{"origin": [-5.49, 60.99, -8.51], "size": [5, 6, 2], "pivot": [-2.99, 63.99, -7.51], "rotation": [0, 0, 25], "uv": [34, 79]}
					]
				},
				{
					"name": "eyebrows",
					"parent": "body",
					"pivot": [4, 71.3, -6.5],
					"cubes": [
						{"origin": [2, 70.3, -7.5], "size": [4, 2, 2], "uv": [0, 157]},
						{"origin": [-6, 70.3, -7.5], "size": [4, 2, 2], "uv": [12, 157]}
					]
				},
				{
					"name": "eyes",
					"parent": "body",
					"pivot": [2.6, 69.5, -6.2],
					"cubes": [
						{"origin": [3.6, 69.5, -7.2], "size": [1, 2, 2], "uv": [60, 81]},
						{"origin": [-4.4, 69.5, -7.2], "size": [1, 2, 2], "uv": [60, 81]}
					]
				},
				{
					"name": "rock",
					"parent": "diglord",
					"pivot": [0, 46, 0],
					"cubes": [
						{"origin": [-12, 34, -12], "size": [24, 24, 24], "uv": [0, 0]}
					]
				},
				{
					"name": "ground",
					"parent": "rock",
					"pivot": [0, 54, 0],
					"cubes": [
						{"origin": [-8.5, 56.9, -8.5], "size": [17, 3, 17], "uv": [0, 88]},
						{"origin": [-8.5, 31.9, -8.5], "size": [17, 3, 17], "uv": [0, 88]},
						{"origin": [-8.5, 46, -19.5], "size": [17, 3, 17], "pivot": [0, 46, -11], "rotation": [90, 0, 0], "uv": [0, 88]},
						{"origin": [3.5, 46, -8.5], "size": [17, 3, 17], "pivot": [12, 46, 0], "rotation": [0, -90, 90], "uv": [0, 88]},
						{"origin": [-23.5, 46, -8.5], "size": [17, 3, 17], "pivot": [-15, 46, 0], "rotation": [0, -90, 90], "uv": [0, 88]},
						{"origin": [-8.5, 46, 5.5], "size": [17, 3, 17], "pivot": [0, 46, 14], "rotation": [90, 0, 0], "uv": [0, 88]},
						{"origin": [8, 35, -10], "size": [6, 6, 6], "uv": [36, 18]},
						{"origin": [8, 46, -13], "size": [6, 6, 6], "pivot": [11, 53, 1], "rotation": [0, 0, 80], "uv": [36, 18]},
						{"origin": [7.7, 50, -9], "size": [6, 6, 6], "pivot": [10.7, 57, 5], "rotation": [0, 0, 80], "uv": [36, 18]},
						{"origin": [-1.93923, 53.30541, -10], "size": [6, 6, 6], "pivot": [1.06077, 56.30541, -7], "rotation": [0, 0, 107.5], "uv": [36, 18]},
						{"origin": [-8.93923, 53.30541, -9], "size": [6, 9, 6], "pivot": [-5.93923, 56.30541, -6], "rotation": [0, 0, 87.5], "uv": [36, 18]},
						{"origin": [-9.93923, 53.90541, -3], "size": [6, 9, 6], "pivot": [-6.93923, 56.90541, 0], "rotation": [77.5, 0, 87.5], "uv": [36, 18]},
						{"origin": [-0.46331, 60.14539, 0], "size": [6, 6, 6], "pivot": [1.07294, 56.61249, 4.76778], "rotation": [180, 0, 100], "uv": [36, 18]},
						{"origin": [-1.93123, 54.64693, -1], "size": [6, 6, 6], "pivot": [1.07294, 56.61249, 4.76778], "rotation": [180, 0, 72.5], "uv": [36, 18]},
						{"origin": [-1.88251, 47.59264, 0], "size": [6, 9, 6], "pivot": [1.07294, 56.61249, 4.76778], "rotation": [180, 0, 92.5], "uv": [36, 18]},
						{"origin": [-2.52556, 47.96708, -4.14317], "size": [6, 9, 6], "pivot": [1.07294, 56.61249, 4.76778], "rotation": [-102.5, 0, 92.5], "uv": [36, 18]},
						{"origin": [-4, 33, -13], "size": [6, 6, 6], "pivot": [-1, 40, 1], "rotation": [0, 0, 80], "uv": [36, 18]},
						{"origin": [-8, 29, 0], "size": [6, 6, 6], "pivot": [-5, 36, 14], "rotation": [0, 0, 97.5], "uv": [36, 18]}
					]
				},
				{
					"name": "orbitrock",
					"parent": "rock",
					"pivot": [-0.5, 45.5, 0.5],
					"rotation": [0, 0, -62.5]
				},
				{
					"name": "orbitrock_rotate",
					"parent": "orbitrock",
					"pivot": [7.04891, 76.40676, 1],
					"cubes": [
						{"origin": [5.04891, 80.40676, 0], "size": [3, 3, 3], "uv": [72, 149]},
						{"origin": [4.04891, 77.40676, -1], "size": [5, 5, 5], "uv": [52, 149]},
						{"origin": [5.04891, 78.40676, 2], "size": [3, 3, 3], "uv": [72, 149]},
						{"origin": [7.04891, 78.40676, 0], "size": [3, 3, 3], "uv": [72, 149]},
						{"origin": [5.04891, 78.40676, -2], "size": [3, 3, 3], "uv": [72, 149]},
						{"origin": [3.04891, 78.40676, 0], "size": [3, 3, 3], "uv": [72, 149]},
						{"origin": [5.04891, 76.40676, 0], "size": [3, 3, 3], "uv": [72, 149]},
						{"origin": [8.00244, 82.27685, 0.3], "size": [1, 3, 1], "pivot": [7.04891, 83.40676, 1.3], "rotation": [0, 0, 60], "uv": [52, 139]},
						{"origin": [8.01047, 76.53119, 0.9], "size": [1, 3, 1], "pivot": [9.51047, 77.63119, 1.4], "rotation": [0, 0, -37.5], "uv": [52, 139]},
						{"origin": [2.73434, 78.68237, 3.3], "size": [1, 3, 1], "pivot": [3.23434, 80.88237, 3.4], "rotation": [-35, 0, -37.5], "uv": [52, 139]},
						{"origin": [8.95786, 81.23419, 4.5], "size": [1, 1, 1], "pivot": [7.04891, 83.40676, 1], "rotation": [0, 0, 60], "uv": [52, 139]},
						{"origin": [9.91329, 80.19152, -2.5], "size": [1, 1, 1], "pivot": [7.04891, 83.40676, 1], "rotation": [0, 0, 60], "uv": [0, 86]}
					]
				},
				{
					"name": "crystals",
					"parent": "rock",
					"pivot": [0, 46, 0],
					"cubes": [
						{"origin": [9, 56.4, 1], "size": [2, 5, 2], "pivot": [10, 59.4, 2], "rotation": [-156.24471, 29.91193, -138.56862], "uv": [72, 155]},
						{"origin": [-10, 52.4, -13], "size": [2, 5, 2], "pivot": [-9, 55.4, -12], "rotation": [47.77372, -46.60184, -56.59734], "uv": [72, 155]},
						{"origin": [8, 36.4, -13], "size": [2, 8, 2], "pivot": [9, 39.4, -12], "rotation": [132.22629, -46.60183, -123.40267], "uv": [72, 155]},
						{"origin": [1, 38.4, 12], "size": [2, 8, 2], "pivot": [2, 41.4, 13], "rotation": [-135.18786, 45.18665, -125.52964], "uv": [72, 155]},
						{"origin": [12, 38.4, 4], "size": [2, 8, 2], "pivot": [13, 41.4, 5], "rotation": [-172.75323, 10.21236, -144.35159], "uv": [72, 155]},
						{"origin": [-13, 54.4, 0], "size": [2, 8, 2], "pivot": [-12, 57.4, 1], "rotation": [-18.32252, 24.1782, -38.95658], "uv": [72, 155]},
						{"origin": [-13, 33.4, -9], "size": [2, 8, 2], "pivot": [-12, 36.4, -8], "rotation": [-18.32252, 24.1782, 38.54342], "uv": [72, 155]},
						{"origin": [3.4, 51, 13], "size": [2, 2, 2], "uv": [56, 159]},
						{"origin": [-1.6, 35, 11], "size": [2, 2, 2], "uv": [56, 159]},
						{"origin": [13.4, 49, -7], "size": [2, 4, 6], "uv": [96, 122]},
						{"origin": [13.4, 46, 0], "size": [2, 2, 2], "uv": [56, 159]},
						{"origin": [-15.6, 42, -6], "size": [2, 2, 2], "uv": [56, 159]},
						{"origin": [-15.6, 47, 2], "size": [2, 4, 4], "uv": [97, 124]},
						{"origin": [-1.6, 48, -15], "size": [2, 4, 4], "pivot": [-0.6, 48, -14], "rotation": [0, -90, 0], "uv": [96, 40]},
						{"origin": [-1.6, 32, -1], "size": [2, 4, 4], "pivot": [-0.6, 32, 0], "rotation": [90, 0, -90], "uv": [96, 40]},
						{"origin": [3.4, 32, 5], "size": [2, 4, 4], "pivot": [4.4, 32, 6], "rotation": [90, 0, -90], "uv": [96, 40]},
						{"origin": [3.4, 38, -15], "size": [2, 2, 4], "pivot": [4.4, 38, -14], "rotation": [0, -90, 0], "uv": [156, 126]}
					]
				},
				{
					"name": "ring",
					"parent": "rock",
					"pivot": [0.5, 46, 0],
					"cubes": [
						{"origin": [-30.5, 47, -31], "size": [62, 0, 62], "pivot": [0.5, 46, 0], "rotation": [7.5, 0, -45], "uv": [-56, 175]}
					]
				}
			]
		}
	]
}