{
	"format_version": "1.12.0",
	"minecraft:geometry": [
		{
			"description": {
				"identifier": "geometry.ludicolo_male",
				"texture_width": 128,
				"texture_height": 128,
				"visible_bounds_width": 3,
				"visible_bounds_height": 3.5,
				"visible_bounds_offset": [0, 1.25, 0]
			},
			"bones": [
				{
					"name": "ludicolo",
					"pivot": [0, 0, 0]
				},
				{
					"name": "body",
					"parent": "ludicolo",
					"pivot": [0, 11.5, 0]
				},
				{
					"name": "torso",
					"parent": "body",
					"pivot": [0, 7.5, 0],
					"cubes": [
						{"origin": [-6.5, 10.5, -6.5], "size": [13, 12, 13], "uv": [0, 0]},
						{"origin": [-5.5, 6.5, -5.5], "size": [11, 4, 11], "uv": [0, 25]}
					]
				},
				{
					"name": "mouth",
					"parent": "torso",
					"pivot": [0, 16.5, -6.66667],
					"cubes": [
						{"origin": [-2, 16, -7.25], "size": [1, 1, 1], "inflate": 0.02, "uv": [32, 69]},
						{"origin": [1, 16, -7.25], "size": [1, 1, 1], "inflate": 0.02, "uv": [54, 69]},
						{"origin": [-1, 16, -6.5], "size": [2, 1, 0], "inflate": 0.02, "uv": [44, 39]}
					]
				},
				{
					"name": "upper_lip",
					"parent": "mouth",
					"pivot": [0, 17, -6.5],
					"cubes": [
						{"origin": [-2, 17, -7.25], "size": [4, 1, 1], "inflate": 0.01, "uv": [66, 45]}
					]
				},
				{
					"name": "lower_lip",
					"parent": "mouth",
					"pivot": [0, 16, -6.5],
					"cubes": [
						{"origin": [-2, 14, -7.25], "size": [4, 1, 1], "inflate": 0.01, "uv": [66, 47]},
						{"origin": [-1, 15, -6.5], "size": [2, 1, 0], "inflate": 0.01, "uv": [70, 12]},
						{"origin": [1, 15, -7.25], "size": [1, 1, 1], "inflate": 0.01, "uv": [58, 69]},
						{"origin": [-2, 15, -7.25], "size": [1, 1, 1], "inflate": 0.01, "uv": [12, 70]}
					]
				},
				{
					"name": "tail",
					"parent": "torso",
					"pivot": [0, 8.5, -2.5],
					"rotation": [-10, 0, 0]
				},
				{
					"name": "tail4",
					"parent": "torso",
					"pivot": [0, 7.5, -0.5],
					"rotation": [0, 0, -90]
				},
				{
					"name": "tail2",
					"parent": "tail4",
					"pivot": [0, 7.5, 4],
					"cubes": [
						{"origin": [0.5, 5, 3], "size": [3, 5, 4], "pivot": [2, 7.5, 1.5], "rotation": [-12.5, 0, 90], "uv": [18, 56]}
					]
				},
				{
					"name": "tail3",
					"parent": "tail2",
					"pivot": [0, 7.5, 7],
					"rotation": [0, 0, 90],
					"cubes": [
						{"origin": [0, 1.5, 6], "size": [0, 14, 6], "uv": [36, 51]}
					]
				},
				{
					"name": "jaw",
					"parent": "torso",
					"pivot": [0, 15.5, -6.5]
				},
				{
					"name": "eye_left",
					"parent": "torso",
					"pivot": [4, 18.5, -5.51]
				},
				{
					"name": "eye_left2",
					"parent": "eye_left",
					"pivot": [4, 18.5, -5.511],
					"cubes": [
						{"origin": [3.5, 17.5, -6.515], "size": [1, 1, 2], "uv": [68, 21]},
						{"origin": [3, 17, -6.51], "size": [2, 2, 2], "uv": [12, 65]}
					]
				},
				{
					"name": "eyelid_left",
					"parent": "eye_left",
					"pivot": [4, 18.5, -5.51],
					"cubes": [
						{"origin": [3, 17, -6.415], "size": [2, 2, 2], "inflate": 0.01, "uv": [20, 65]}
					]
				},
				{
					"name": "eye_right",
					"parent": "torso",
					"pivot": [-4, 18.5, -5.51]
				},
				{
					"name": "eye_right2",
					"parent": "eye_right",
					"pivot": [-4, 18.5, -5.511],
					"cubes": [
						{"origin": [-4.5, 17.5, -6.515], "size": [1, 1, 2], "uv": [48, 68]},
						{"origin": [-5, 17, -6.51], "size": [2, 2, 2], "uv": [66, 41]}
					]
				},
				{
					"name": "eyelid_right",
					"parent": "eye_right",
					"pivot": [-4, 18.5, -5.41],
					"cubes": [
						{"origin": [-5, 17, -6.415], "size": [2, 2, 2], "inflate": 0.01, "uv": [28, 65]}
					]
				},
				{
					"name": "arm_left",
					"parent": "torso",
					"pivot": [6, 15, 0],
					"rotation": [0, 0, -45],
					"cubes": [
						{"origin": [5, 14, -1], "size": [6, 1, 2], "inflate": 0.01, "uv": [50, 46]}
					]
				},
				{
					"name": "hand_left",
					"parent": "arm_left",
					"pivot": [11, 15, 0],
					"cubes": [
						{"origin": [10, 14, -2], "size": [4, 1, 4], "inflate": 0.01, "uv": [50, 41]}
					]
				},
				{
					"name": "thumb_left",
					"parent": "hand_left",
					"pivot": [11.5, 16, -3]
				},
				{
					"name": "finger_left",
					"parent": "hand_left",
					"pivot": [14, 16, 0],
					"cubes": [
						{"origin": [14, 14, -2], "size": [4, 1, 4], "inflate": 0.01, "uv": [48, 63]}
					]
				},
				{
					"name": "arm_left2",
					"parent": "arm_left",
					"pivot": [11, 16, 1]
				},
				{
					"name": "arm_right",
					"parent": "torso",
					"pivot": [-6, 15, 0],
					"rotation": [0, 0, 45],
					"cubes": [
						{"origin": [-11, 14, -1], "size": [6, 1, 2], "inflate": 0.01, "uv": [52, 21]}
					]
				},
				{
					"name": "hand_right",
					"parent": "arm_right",
					"pivot": [-11, 15, 0],
					"cubes": [
						{"origin": [-14, 14, -2], "size": [4, 1, 4], "inflate": 0.01, "uv": [64, 56]}
					]
				},
				{
					"name": "thumb_right",
					"parent": "hand_right",
					"pivot": [-11.5, 16, -3]
				},
				{
					"name": "finger_right",
					"parent": "hand_right",
					"pivot": [-14, 16, 0],
					"cubes": [
						{"origin": [-18, 14, -2], "size": [4, 1, 4], "inflate": 0.01, "uv": [64, 51]}
					]
				},
				{
					"name": "arm_right2",
					"parent": "arm_right",
					"pivot": [-11, 16, 1]
				},
				{
					"name": "whiskers",
					"parent": "torso",
					"pivot": [0, 16.5, -7],
					"rotation": [-60, 0, 0]
				},
				{
					"name": "whisker_left",
					"parent": "whiskers",
					"pivot": [2, 16.5, -7],
					"rotation": [-2.71994, -19.82169, 15.47532],
					"cubes": [
						{"origin": [2, 16, -7], "size": [4, 1, 0], "uv": [68, 10]}
					]
				},
				{
					"name": "whisker_left2",
					"parent": "whisker_left",
					"pivot": [6, 17, -7],
					"rotation": [0, -12.5, 0],
					"cubes": [
						{"origin": [6, 16, -7], "size": [5, 1, 0], "inflate": 0.01, "uv": [52, 24]}
					]
				},
				{
					"name": "whisker_left3",
					"parent": "whisker_left2",
					"pivot": [11, 16, -7],
					"rotation": [0, -30, 0],
					"cubes": [
						{"origin": [11, 16, -7], "size": [4, 1, 0], "uv": [68, 11]}
					]
				},
				{
					"name": "whisker_right",
					"parent": "whiskers",
					"pivot": [-2, 16.5, -7],
					"rotation": [-2.71994, 19.82169, -15.47532],
					"cubes": [
						{"origin": [-6, 16, -7], "size": [4, 1, 0], "uv": [54, 68]}
					]
				},
				{
					"name": "whisker_right2",
					"parent": "whisker_right",
					"pivot": [-6, 17, -7],
					"rotation": [0, 12.5, 0],
					"cubes": [
						{"origin": [-11, 16, -7], "size": [5, 1, 0], "inflate": 0.01, "uv": [62, 24]}
					]
				},
				{
					"name": "whisker_right3",
					"parent": "whisker_right2",
					"pivot": [-11, 16, -7],
					"rotation": [0, 30, 0],
					"cubes": [
						{"origin": [-15, 16, -7], "size": [4, 1, 0], "uv": [12, 69]}
					]
				},
				{
					"name": "hat",
					"parent": "torso",
					"pivot": [0, 7.5, 0],
					"cubes": [
						{"origin": [-8.5, 15.6, 9], "size": [17, 1, 1], "pivot": [0, 15.5, 9], "rotation": [10, 0, 0], "uv": [50, 39]},
						{"origin": [-8.5, 16.6, 9], "size": [1, 5, 1], "pivot": [0, 15.5, 9], "rotation": [10, 0, 0], "uv": [32, 56]},
						{"origin": [7.5, 16.6, 9], "size": [1, 5, 1], "pivot": [0, 15.5, 9], "rotation": [10, 0, 0], "uv": [68, 4]},
						{"origin": [-8.5, 15.6, 8], "size": [17, 6, 1], "pivot": [0, 15.5, 9], "rotation": [10, 0, 0], "uv": [0, 49]},
						{"origin": [7.5, 22.85, 5], "size": [1, 1, 2], "pivot": [0, 21.5, 6], "rotation": [-47.5, 0, 0], "uv": [20, 69]},
						{"origin": [7.5, 22.49, 4.73], "size": [1, 2, 1], "pivot": [16, 21.5, 5], "rotation": [-30, 0, 0], "uv": [40, 74]},
						{"origin": [-8.5, 22.49, 4.73], "size": [1, 2, 1], "pivot": [0, 21.5, 5], "rotation": [-30, 0, 0], "uv": [32, 62]},
						{"origin": [7.5, 22.035, 6.5], "size": [1, 2, 1], "pivot": [16, 21.5, 6], "rotation": [-57.5, 0, 0], "uv": [16, 76]},
						{"origin": [-8.5, 22.035, 6.5], "size": [1, 2, 1], "pivot": [0, 21.5, 6], "rotation": [-57.5, 0, 0], "uv": [35, 76]},
						{"origin": [-8.5, 22.85, 5], "size": [1, 1, 2], "pivot": [0, 21.5, 6], "rotation": [-47.5, 0, 0], "uv": [26, 69]},
						{"origin": [-8.5, 21.85, 5], "size": [17, 1, 2], "pivot": [0, 21.5, 6], "rotation": [-47.5, 0, 0], "uv": [44, 36]},
						{"origin": [7.5, 23.5, 1.2], "size": [1, 1, 5], "pivot": [0, 22.5, 3], "rotation": [-5, 0, 0], "uv": [64, 61]},
						{"origin": [-8.5, 23.5, 1.2], "size": [1, 1, 5], "pivot": [0, 22.5, 3], "rotation": [-5, 0, 0], "uv": [0, 65]},
						{"origin": [-8.5, 22.5, 1.2], "size": [17, 1, 5], "pivot": [0, 22.5, 3], "rotation": [-5, 0, 0], "uv": [44, 25]},
						{"origin": [7.5, 23.6, -6], "size": [1, 1, 8], "pivot": [0, 22.5, 1], "rotation": [5, 0, 0], "uv": [52, 12]},
						{"origin": [-8.5, 23.6, -6], "size": [1, 1, 8], "pivot": [0, 22.5, 1], "rotation": [5, 0, 0], "uv": [0, 56]},
						{"origin": [-8.5, 22.6, -6], "size": [17, 1, 8], "pivot": [0, 22.5, 1], "rotation": [5, 0, 0], "uv": [0, 40]},
						{"origin": [-8.5, 22.5, -8], "size": [1, 1, 3], "pivot": [0, 23.5, -4], "rotation": [-17.5, 0, 0], "uv": [64, 67]},
						{"origin": [-8.5, 22.5, -9], "size": [17, 1, 1], "pivot": [0, 23.5, -4], "rotation": [-17.5, 0, 0], "uv": [36, 49]},
						{"origin": [7.5, 22.5, -8], "size": [1, 1, 3], "pivot": [0, 23.5, -4], "rotation": [-17.5, 0, 0], "uv": [68, 0]},
						{"origin": [-8.5, 21.5, -9], "size": [17, 1, 4], "pivot": [0, 23.5, -4], "rotation": [-17.5, 0, 0], "uv": [44, 31]}
					]
				},
				{
					"name": "leg_left",
					"parent": "body",
					"pivot": [3.25, 4.5, 0],
					"cubes": [
						{"origin": [1.25, 0, -2], "size": [4, 8, 4], "uv": [48, 51]}
					]
				},
				{
					"name": "leg_right",
					"parent": "body",
					"pivot": [-3.25, 4.5, 0],
					"cubes": [
						{"origin": [-5.25, 0, -2], "size": [4, 8, 4], "uv": [52, 0]}
					]
				}
			]
		}
	]
}