{
	"format_version": "1.12.0",
	"minecraft:geometry": [
		{
			"description": {
				"identifier": "geometry.ludicolo_male",
				"texture_width": 128,
				"texture_height": 128,
				"visible_bounds_width": 3,
				"visible_bounds_height": 3.5,
				"visible_bounds_offset": [0, 1.25, 0]
			},
			"bones": [
				{
					"name": "ludicolo",
					"pivot": [0, 0, 0]
				},
				{
					"name": "body",
					"parent": "ludicolo",
					"pivot": [0, 11.5, 0]
				},
				{
					"name": "torso",
					"parent": "body",
					"pivot": [0, 7.5, 0],
					"cubes": [
						{"origin": [-5.5, 10.5, -6.5], "size": [11, 11, 11], "uv": [0, 0]},
						{"origin": [-4.5, 6.5, -3.5], "size": [9, 4, 7], "uv": [0, 42]}
					]
				},
				{
					"name": "mouth",
					"parent": "torso",
					"pivot": [0, 16.5, -6.66667],
					"cubes": [
						{"origin": [-2, 16, -8.25], "size": [1, 1, 2], "inflate": 0.02, "uv": [64, 49]},
						{"origin": [1, 16, -8.25], "size": [1, 1, 2], "inflate": 0.02, "uv": [64, 52]},
						{"origin": [-1, 16, -6.5], "size": [2, 1, 0], "inflate": 0.02, "uv": [44, 36]}
					]
				},
				{
					"name": "upper_lip",
					"parent": "mouth",
					"pivot": [0, 17, -6.5],
					"cubes": [
						{"origin": [-2, 17, -9.25], "size": [4, 1, 3], "inflate": 0.01, "uv": [36, 58]}
					]
				},
				{
					"name": "lower_lip",
					"parent": "mouth",
					"pivot": [0, 16, -6.5],
					"cubes": [
						{"origin": [-2, 14, -8.25], "size": [4, 1, 2], "inflate": 0.01, "uv": [20, 53]},
						{"origin": [-1, 15, -6.5], "size": [2, 1, 0], "inflate": 0.01, "uv": [48, 36]},
						{"origin": [1, 15, -7.25], "size": [1, 1, 1], "inflate": 0.01, "uv": [20, 56]},
						{"origin": [-2, 15, -7.25], "size": [1, 1, 1], "inflate": 0.01, "uv": [56, 20]}
					]
				},
				{
					"name": "tail",
					"parent": "torso",
					"pivot": [0, 8.5, -2.5],
					"rotation": [-10, 0, 0]
				},
				{
					"name": "tail4",
					"parent": "torso",
					"pivot": [0, 7.5, -0.5],
					"rotation": [0, 0, -90]
				},
				{
					"name": "tail2",
					"parent": "tail4",
					"pivot": [0, 7.5, 4],
					"cubes": [
						{"origin": [0.5, 5, 3], "size": [3, 5, 4], "pivot": [2, 7.5, 1.5], "rotation": [-12.5, 0, 90], "uv": [50, 49]}
					]
				},
				{
					"name": "tail3",
					"parent": "tail2",
					"pivot": [0, 7.5, 7],
					"rotation": [0, 0, 90],
					"cubes": [
						{"origin": [0, 1.5, 6], "size": [0, 14, 6], "uv": [44, 2]}
					]
				},
				{
					"name": "jaw",
					"parent": "torso",
					"pivot": [0, 15.5, -6.5]
				},
				{
					"name": "eye_left",
					"parent": "torso",
					"pivot": [3, 18.5, -5.51],
					"rotation": [0, 0, -30]
				},
				{
					"name": "eye_left2",
					"parent": "eye_left",
					"pivot": [3, 18.5, -5.511],
					"cubes": [
						{"origin": [2.5, 17.3, -6.515], "size": [1, 1, 2], "uv": [12, 64]},
						{"origin": [2, 17, -6.51], "size": [2, 1, 2], "uv": [62, 62]}
					]
				},
				{
					"name": "eyelid_left",
					"parent": "eye_left",
					"pivot": [3, 18.5, -5.51],
					"cubes": [
						{"origin": [2, 17, -6.415], "size": [2, 2, 2], "inflate": 0.01, "uv": [20, 61]}
					]
				},
				{
					"name": "eye_right",
					"parent": "torso",
					"pivot": [-3, 18.5, -5.51],
					"rotation": [0, 0, 30]
				},
				{
					"name": "eye_right2",
					"parent": "eye_right",
					"pivot": [-3, 18.5, -5.511],
					"cubes": [
						{"origin": [-3.5, 17.3, -6.515], "size": [1, 1, 2], "uv": [48, 64]},
						{"origin": [-4, 17, -6.51], "size": [2, 1, 2], "uv": [0, 64]}
					]
				},
				{
					"name": "eyelid_right",
					"parent": "eye_right",
					"pivot": [-3, 18.5, -5.41],
					"cubes": [
						{"origin": [-4, 17, -6.415], "size": [2, 2, 2], "inflate": 0.01, "uv": [28, 61]}
					]
				},
				{
					"name": "arm_left",
					"parent": "torso",
					"pivot": [6, 15, 0],
					"rotation": [0, 0, -45],
					"cubes": [
						{"origin": [5, 14, -1], "size": [6, 1, 2], "inflate": 0.01, "uv": [56, 17]}
					]
				},
				{
					"name": "hand_left",
					"parent": "arm_left",
					"pivot": [11, 15, 0],
					"cubes": [
						{"origin": [10, 14, -2], "size": [4, 1, 4], "inflate": 0.01, "uv": [44, 31]}
					]
				},
				{
					"name": "thumb_left",
					"parent": "hand_left",
					"pivot": [11.5, 16, -3]
				},
				{
					"name": "finger_left",
					"parent": "hand_left",
					"pivot": [14, 16, 0],
					"cubes": [
						{"origin": [14, 14, -2], "size": [4, 1, 4], "inflate": 0.01, "uv": [56, 2]}
					]
				},
				{
					"name": "arm_left2",
					"parent": "arm_left",
					"pivot": [11, 16, 1]
				},
				{
					"name": "arm_right",
					"parent": "torso",
					"pivot": [-6, 15, 0],
					"rotation": [0, 0, 45],
					"cubes": [
						{"origin": [-11, 14, -1], "size": [6, 1, 2], "inflate": 0.01, "uv": [20, 58]}
					]
				},
				{
					"name": "hand_right",
					"parent": "arm_right",
					"pivot": [-11, 15, 0],
					"cubes": [
						{"origin": [-14, 14, -2], "size": [4, 1, 4], "inflate": 0.01, "uv": [56, 12]}
					]
				},
				{
					"name": "thumb_right",
					"parent": "hand_right",
					"pivot": [-11.5, 16, -3]
				},
				{
					"name": "finger_right",
					"parent": "hand_right",
					"pivot": [-14, 16, 0],
					"cubes": [
						{"origin": [-18, 14, -2], "size": [4, 1, 4], "inflate": 0.01, "uv": [56, 7]}
					]
				},
				{
					"name": "arm_right2",
					"parent": "arm_right",
					"pivot": [-11, 16, 1]
				},
				{
					"name": "hat",
					"parent": "torso",
					"pivot": [0, 6.5, -2],
					"cubes": [
						{"origin": [-8.5, 14.6, 7], "size": [17, 1, 1], "pivot": [0, 14.5, 7], "rotation": [10, 0, 0], "uv": [44, 0]},
						{"origin": [-8.5, 15.6, 7], "size": [1, 5, 1], "pivot": [0, 14.5, 7], "rotation": [10, 0, 0], "uv": [44, 62]},
						{"origin": [7.5, 15.6, 7], "size": [1, 5, 1], "pivot": [0, 14.5, 7], "rotation": [10, 0, 0], "uv": [8, 64]},
						{"origin": [-8.5, 14.6, 6], "size": [17, 6, 1], "pivot": [0, 14.5, 7], "rotation": [10, 0, 0], "uv": [32, 42]},
						{"origin": [7.5, 21.85, 3], "size": [1, 1, 2], "pivot": [0, 20.5, 4], "rotation": [-47.5, 0, 0], "uv": [54, 64]},
						{"origin": [7.5, 21.49, 2.73], "size": [1, 2, 1], "pivot": [16, 20.5, 3], "rotation": [-30, 0, 0], "uv": [22, 65]},
						{"origin": [-8.5, 21.49, 2.73], "size": [1, 2, 1], "pivot": [0, 20.5, 3], "rotation": [-30, 0, 0], "uv": [18, 65]},
						{"origin": [7.5, 21.035, 4.5], "size": [1, 2, 1], "pivot": [16, 20.5, 4], "rotation": [-57.5, 0, 0], "uv": [30, 65]},
						{"origin": [-8.5, 21.035, 4.5], "size": [1, 2, 1], "pivot": [0, 20.5, 4], "rotation": [-57.5, 0, 0], "uv": [26, 65]},
						{"origin": [-8.5, 21.85, 3], "size": [1, 1, 2], "pivot": [0, 20.5, 4], "rotation": [-47.5, 0, 0], "uv": [64, 55]},
						{"origin": [-8.5, 20.85, 3], "size": [17, 1, 2], "pivot": [0, 20.5, 4], "rotation": [-47.5, 0, 0], "uv": [42, 37]},
						{"origin": [7.5, 22.5, -0.8], "size": [1, 1, 5], "pivot": [0, 21.5, 1], "rotation": [-5, 0, 0], "uv": [50, 58]},
						{"origin": [-8.5, 22.5, -0.8], "size": [1, 1, 5], "pivot": [0, 21.5, 1], "rotation": [-5, 0, 0], "uv": [60, 31]},
						{"origin": [-8.5, 21.5, -0.8], "size": [17, 1, 5], "pivot": [0, 21.5, 1], "rotation": [-5, 0, 0], "uv": [0, 31]},
						{"origin": [7.5, 22.6, -8], "size": [1, 1, 8], "pivot": [0, 21.5, -1], "rotation": [5, 0, 0], "uv": [32, 49]},
						{"origin": [-8.5, 22.6, -8], "size": [1, 1, 8], "pivot": [0, 21.5, -1], "rotation": [5, 0, 0], "uv": [50, 22]},
						{"origin": [-8.5, 21.6, -8], "size": [17, 1, 8], "pivot": [0, 21.5, -1], "rotation": [5, 0, 0], "uv": [0, 22]},
						{"origin": [-8.5, 21.5, -10], "size": [1, 1, 3], "pivot": [0, 22.5, -6], "rotation": [-17.5, 0, 0], "uv": [36, 62]},
						{"origin": [-8.5, 21.5, -11], "size": [17, 1, 1], "pivot": [0, 22.5, -6], "rotation": [-17.5, 0, 0], "uv": [42, 40]},
						{"origin": [7.5, 21.5, -10], "size": [1, 1, 3], "pivot": [0, 22.5, -6], "rotation": [-17.5, 0, 0], "uv": [62, 58]},
						{"origin": [-8.5, 20.5, -11], "size": [17, 1, 4], "pivot": [0, 22.5, -6], "rotation": [-17.5, 0, 0], "uv": [0, 37]}
					]
				},
				{
					"name": "leg_left",
					"parent": "body",
					"pivot": [3.25, 4.5, 0],
					"cubes": [
						{"origin": [1.25, 0, -1], "size": [2, 8, 3], "uv": [0, 53]}
					]
				},
				{
					"name": "leg_right",
					"parent": "body",
					"pivot": [-3.25, 4.5, 0],
					"cubes": [
						{"origin": [-3.25, 0, -1], "size": [2, 8, 3], "uv": [10, 53]}
					]
				}
			]
		}
	]
}