{
	"format_version": "1.8.0",
	"animations": {
		"animation.flaaffy_vanguard.ground_idle": {
			"loop": true,
			"bones": {
				"torso": {
					"rotation": ["2.5*math.cos(q.anim_time*90*2)*0.3", "0.0425+2.4905*math.sin(q.anim_time*90*2)*0.1", "0-2.5003*math.cos(q.anim_time*90*2)*0.1"]
				},
				"chest": {
					"rotation": ["3.5+2*math.cos((q.anim_time+0.1)*90*2)*-0.2", 0, "-2.5003*math.cos(q.anim_time*90*2)*-0.2"]
				},
				"arm_left_rotation": {
					"rotation": [85.07483, 32.82521, 48.16476]
				},
				"arm_left2": {
					"rotation": [0, "25+10*math.sin((q.anim_time-0.1)*90*2)*-0.3", 0]
				},
				"arm_right_rotation": {
					"rotation": [92.5067, -30.32766, -48.03468],
					"position": [0, 0, 0]
				},
				"arm_right2": {
					"rotation": [0, "-25+10*math.sin((q.anim_time-0.2)*90*2)*0.3", 0]
				},
				"neck": {
					"rotation": ["2.5*math.sin((q.anim_time-0.3)*90*2)*-0.5", 0, 0],
					"position": [0, "-0.4*math.cos((q.anim_time-0.1)*90*2)*0.3", 0]
				},
				"neck2": {
					"position": [0, "-0.4*math.cos((q.anim_time-0.3)*90*2)*0.1", 0]
				},
				"head_back": {
					"rotation": ["5*math.cos((q.anim_time-0.1)*90*2)*-0.3", 0, 0]
				},
				"arm_left": {
					"position": [-0.3, 0, 0]
				},
				"arm_right": {
					"position": [0.3, 0, 0]
				},
				"tail": {
					"rotation": ["7.5+Math.sin(q.anim_time * 180) * 3", "math.cos(q.anim_time*180-60)*-10", 0]
				},
				"tail2": {
					"rotation": [17.5, "1*Math.cos((q.anim_time) * 180-70) * -15", -0.87419]
				},
				"tail3": {
					"rotation": ["Math.cos(q.anim_time * 360) * 1", "Math.cos((q.anim_time) * 180-90) * -20", 0]
				},
				"tail4": {
					"rotation": [35, "Math.cos((q.anim_time) * 180-110) * -15", 0]
				},
				"tail_end": {
					"rotation": ["Math.cos(q.anim_time * 360) * 1", "Math.cos((q.anim_time) * 180-130) * -10", 0]
				},
				"leg_left": {
					"rotation": [0, -7.5, 0]
				},
				"leg_right": {
					"rotation": [0, 7.5, 0]
				}
			}
		},
		"animation.flaaffy_vanguard.ground_walk": {
			"loop": true,
			"animation_length": 2,
			"bones": {
				"torso": {
					"rotation": ["7.5+1*math.cos(q.anim_time*90*8)", "0-10*math.cos(q.anim_time*90*4)", "0+1*math.cos((q.anim_time-0.1)*90*4)*1"],
					"position": [0, "-0.25*math.cos(q.anim_time*180*4)", 0]
				},
				"chest": {
					"rotation": [0, "3*math.cos(q.anim_time*90*4)", "-2*math.cos((q.anim_time-0.1)*90*4)"],
					"position": [0, -0.2, 0]
				},
				"neck": {
					"rotation": ["-10+1*math.cos((q.anim_time-0.1)*180*4)", "2*math.cos(q.anim_time*90*4)*1", "2*math.cos(q.anim_time*90*4)"],
					"position": [0, "-0.25*math.cos((q.anim_time-0.1)*180*4)", 0]
				},
				"neck2": {
					"rotation": ["-1*math.sin((q.anim_time-0.3)*180*4)", "-2*math.cos(q.anim_time*90*4)*1", "2*math.cos(q.anim_time*90*4)"]
				},
				"hairtuffs": {
					"rotation": ["2*math.cos((q.anim_time-0.1)*180*4)*2", 0, 0]
				},
				"head": {
					"rotation": ["-3*math.cos((q.anim_time-0.1)*180*4)", "3*math.cos(q.anim_time*90*4)*1", "2*math.cos(q.anim_time*90*4)"]
				},
				"arm_left": {
					"rotation": ["2*math.sin((q.anim_time-0.1)*90*8)", 0, 0]
				},
				"arm_left_rotation": {
					"rotation": [58.61998, 29.08527, 44.1144]
				},
				"arm_left2": {
					"rotation": [0, 27.5, 0]
				},
				"arm_right": {
					"rotation": ["2*math.sin((q.anim_time-0.1)*90*8)", 0, 0]
				},
				"arm_right_rotation": {
					"rotation": [54.48076, -23.55988, -34.80705]
				},
				"arm_right2": {
					"rotation": [0, -27.5, 0]
				},
				"tail": {
					"rotation": ["5*math.cos((q.anim_time-0.1)*180*4)*1", "-8*Math.cos((q.anim_time-0.1)*90*4)*1", 0]
				},
				"tail2": {
					"rotation": ["5*math.cos((q.anim_time)*180*4-120)*1", "-12*Math.cos((q.anim_time-0.2)*90*4)*1", 0]
				},
				"tail3": {
					"rotation": ["17.5-5*math.cos((q.anim_time-0.1)*180*4)*1", "0-20*Math.cos((q.anim_time-0.3)*90*4)*1", 0]
				},
				"tail4": {
					"rotation": [7.5, "0-20*Math.cos((q.anim_time-0.4)*90*4)*1", 0]
				},
				"tail_end": {
					"rotation": [10, "20*Math.cos((q.anim_time-0.7)*90*4)*1", 0]
				},
				"leg_left": {
					"rotation": {
						"0.0": {
							"post": [18.71132, -17.59817, 0.89678],
							"lerp_mode": "catmullrom"
						},
						"0.125": {
							"post": [16.5617, -17.22333, 0.56451],
							"lerp_mode": "catmullrom"
						},
						"0.25": {
							"post": [1.40425, -13.13393, 1.41127],
							"lerp_mode": "catmullrom"
						},
						"0.375": {
							"post": [-30.23849, -10.1337, -0.22936],
							"lerp_mode": "catmullrom"
						},
						"0.5": {
							"post": [-19.0943, -17.0202, -0.3848],
							"lerp_mode": "catmullrom"
						},
						"0.75": {
							"post": [-1.55242, -15.88558, -1.24841],
							"lerp_mode": "catmullrom"
						},
						"1.0": {
							"post": [18.71132, -17.59817, 0.89678],
							"lerp_mode": "catmullrom"
						},
						"1.125": {
							"post": [16.5617, -17.22333, 0.56451],
							"lerp_mode": "catmullrom"
						},
						"1.25": {
							"post": [1.40425, -13.13393, 1.41127],
							"lerp_mode": "catmullrom"
						},
						"1.375": {
							"post": [-30.23849, -10.1337, -0.22936],
							"lerp_mode": "catmullrom"
						},
						"1.5": {
							"post": [-19.0943, -17.0202, -0.3848],
							"lerp_mode": "catmullrom"
						},
						"1.75": {
							"post": [-1.55242, -15.88558, -1.24841],
							"lerp_mode": "catmullrom"
						},
						"2.0": {
							"post": [18.71132, -17.59817, 0.89678],
							"lerp_mode": "catmullrom"
						}
					},
					"position": {
						"0.0": [0.5, -1, 0.75],
						"0.2083": [0.5, 0.14, -0.14],
						"0.375": [0.22, -0.39, -0.98],
						"0.5": [0, -1, -2],
						"1.0": [0.5, -1, 0.75],
						"1.2083": [0.5, 0.14, -0.14],
						"1.375": [0.22, -0.39, -0.98],
						"1.5": [0, -1, -2],
						"2.0": [0.5, -1, 0.75]
					}
				},
				"foot_left": {
					"rotation": {
						"0.0": [8, 0, 0],
						"0.1667": [20.5, 0, 0],
						"0.375": [15.5, 0, 0],
						"0.5": [18, 0, 0],
						"1.0": [8, 0, 0],
						"1.1667": [20.5, 0, 0],
						"1.375": [15.5, 0, 0],
						"1.5": [18, 0, 0],
						"2.0": [8, 0, 0]
					},
					"position": {
						"0.2083": {
							"pre": [0, 2.8, 0],
							"post": [0, 2.8, 0],
							"lerp_mode": "catmullrom"
						},
						"0.5": {
							"post": [0, 1.8, 0],
							"lerp_mode": "catmullrom"
						},
						"1.2083": {
							"post": [0, 2.8, 0],
							"lerp_mode": "catmullrom"
						},
						"1.5": {
							"post": [0, 1.8, 0],
							"lerp_mode": "catmullrom"
						},
						"2.0": {
							"post": [0, 2.8, 0],
							"lerp_mode": "catmullrom"
						}
					}
				},
				"foot_left_rotation": {
					"rotation": {
						"0.0": [-27.5, 0, 0],
						"0.25": [-7.12, 0, 0],
						"0.5": [0, 0, 0],
						"0.75": [-12.12, 0, 0],
						"1.0": [-27.5, 0, 0],
						"1.25": [-7.12, 0, 0],
						"1.5": [0, 0, 0],
						"1.75": [-12.12, 0, 0],
						"2.0": [-27.5, 0, 0]
					},
					"position": {
						"0.0": {
							"post": [0, -0.25, 0],
							"lerp_mode": "catmullrom"
						},
						"0.5": {
							"post": [0, -0.25, 0],
							"lerp_mode": "catmullrom"
						},
						"1.0": {
							"post": [0, -0.25, 0],
							"lerp_mode": "catmullrom"
						},
						"1.5": {
							"post": [0, -0.25, 0],
							"lerp_mode": "catmullrom"
						},
						"2.0": {
							"post": [0, -0.25, 0],
							"lerp_mode": "catmullrom"
						}
					}
				},
				"leg_right": {
					"rotation": {
						"0.0": {
							"post": [-19.0943, 17.0202, 0.3848],
							"lerp_mode": "catmullrom"
						},
						"0.25": {
							"post": [-1.55242, 15.88558, 1.24841],
							"lerp_mode": "catmullrom"
						},
						"0.5": {
							"post": [18.71132, 17.59817, -0.89678],
							"lerp_mode": "catmullrom"
						},
						"0.625": {
							"post": [16.5617, 17.22333, -0.56451],
							"lerp_mode": "catmullrom"
						},
						"0.75": {
							"post": [1.40425, 13.13393, -1.41127],
							"lerp_mode": "catmullrom"
						},
						"0.875": {
							"post": [-30.23849, 10.1337, 0.22936],
							"lerp_mode": "catmullrom"
						},
						"1.0": {
							"post": [-19.0943, 17.0202, 0.3848],
							"lerp_mode": "catmullrom"
						},
						"1.25": {
							"post": [-1.55242, 15.88558, 1.24841],
							"lerp_mode": "catmullrom"
						},
						"1.5": {
							"post": [18.71132, 17.59817, -0.89678],
							"lerp_mode": "catmullrom"
						},
						"1.625": {
							"post": [16.5617, 17.22333, -0.56451],
							"lerp_mode": "catmullrom"
						},
						"1.75": {
							"post": [1.40425, 13.13393, -1.41127],
							"lerp_mode": "catmullrom"
						},
						"1.875": {
							"post": [-30.23849, 10.1337, 0.22936],
							"lerp_mode": "catmullrom"
						},
						"2.0": {
							"post": [-19.0943, 17.0202, 0.3848],
							"lerp_mode": "catmullrom"
						}
					},
					"position": {
						"0.0": [0, -1, -2],
						"0.5": [-0.5, -1, 0.75],
						"0.7083": [-0.5, 0.14, -0.14],
						"0.875": [-0.22, -0.39, -0.98],
						"1.0": [0, -1, -2],
						"1.5": [-0.5, -1, 0.75],
						"1.7083": [-0.5, 0.14, -0.14],
						"1.875": [-0.22, -0.39, -0.98],
						"2.0": [0, -1, -2]
					}
				},
				"foot_right": {
					"rotation": {
						"0.0": [18, 0, 0],
						"0.5": [8, 0, 0],
						"0.6667": [20.5, 0, 0],
						"0.875": [15.5, 0, 0],
						"1.0": [18, 0, 0],
						"1.5": [8, 0, 0],
						"1.6667": [20.5, 0, 0],
						"1.875": [15.5, 0, 0],
						"2.0": [18, 0, 0]
					},
					"position": {
						"0.0": {
							"post": [0, 1.8, 0],
							"lerp_mode": "catmullrom"
						},
						"0.7083": {
							"post": [0, 2.8, 0],
							"lerp_mode": "catmullrom"
						},
						"1.0": {
							"post": [0, 1.8, 0],
							"lerp_mode": "catmullrom"
						},
						"1.7083": {
							"post": [0, 2.8, 0],
							"lerp_mode": "catmullrom"
						},
						"2.0": {
							"post": [0, 1.8, 0],
							"lerp_mode": "catmullrom"
						}
					}
				},
				"foot_right_rotation": {
					"rotation": {
						"0.0": [0, 0, 0],
						"0.25": [-12.12, 0, 0],
						"0.5": [-27.5, 0, 0],
						"0.75": [-7.12, 0, 0],
						"1.0": [0, 0, 0],
						"1.25": [-12.12, 0, 0],
						"1.5": [-27.5, 0, 0],
						"1.75": [-7.12, 0, 0],
						"2.0": [0, 0, 0]
					},
					"position": {
						"0.0": {
							"post": [0, -0.25, 0],
							"lerp_mode": "catmullrom"
						},
						"0.5": {
							"post": [0, -0.25, 0],
							"lerp_mode": "catmullrom"
						},
						"1.0": {
							"post": [0, -0.25, 0],
							"lerp_mode": "catmullrom"
						},
						"1.5": {
							"post": [0, -0.25, 0],
							"lerp_mode": "catmullrom"
						},
						"2.0": {
							"post": [0, -0.25, 0],
							"lerp_mode": "catmullrom"
						}
					}
				},
				"head_back": {
					"position": [0, "0.1*math.cos((q.anim_time-0.1)*180*4)", 0]
				}
			}
		},
		"animation.flaaffy_vanguard.ground_run": {
			"loop": true,
			"animation_length": 1.33333,
			"bones": {
				"torso": {
					"rotation": ["5+8*math.cos((q.anim_time-0.1)*180*6)*0.5", "5*math.sin((q.anim_time-0.1)*90*6)*1.5", "0+1*math.cos((q.anim_time-0.1)*180*6)*1"],
					"position": [0, 0, 0]
				},
				"chest": {
					"rotation": [1.84962, "7.5005*math.cos(q.anim_time*90*6)*0.3", "-0.143+1*math.cos((q.anim_time-0.1)*180*6)*1"]
				},
				"arm_left_rotation": {
					"rotation": [
						"-0.1829+5*math.cos((q.anim_time-0.1)*90*6)*4",
						"-3.5032-4*math.cos((q.anim_time-0.1)*90*6)*4",
						"13.0269-10*math.cos((q.anim_time-0.1)*180*6)*1"
					]
				},
				"arm_left2": {
					"rotation": [0, "20.9508-35*math.cos((q.anim_time-0.1)*90*6)*0.5", 0]
				},
				"arm_right_rotation": {
					"rotation": [
						"-0.1829+5*math.cos((q.anim_time-0.1)*90*6)*-4",
						"3.5032-4*math.cos((q.anim_time-0.1)*90*6)*4",
						"-13.0269-10*math.cos((q.anim_time-0.1)*180*6)*-1"
					]
				},
				"arm_right2": {
					"rotation": [0, "-20.9508-35*math.cos((q.anim_time-0.1)*90*6)*0.5", 0]
				},
				"leg_right": {
					"rotation": ["-1.3988-40.2824*math.cos(q.anim_time*90*6)*1.5", 4.291, -5.94316],
					"position": [-0.5, "-0.5*math.cos((q.anim_time-0.1)*180*6)*1", 0]
				},
				"body": {
					"rotation": [10, 0, 0],
					"position": [0, "2+6*math.sin((q.anim_time+0.1)*180*6)*0.2", 0]
				},
				"neck": {
					"rotation": [-3.15038, "7.5005*math.cos((q.anim_time-0.1)*90*6)*-0.5", "-0.143+1*math.cos((q.anim_time-0.1)*180*6)*1"],
					"position": [0, "1*math.sin((q.anim_time-0.1)*180*6)*-0.2", 0]
				},
				"neck2": {
					"rotation": [5, 0, 0],
					"position": [0, "1*math.sin((q.anim_time-0.2)*180*6)*0.3", 0]
				},
				"head_back": {
					"rotation": [
						"-17.5+7.5005*math.sin((q.anim_time-0.1)*90*6)*-0.5",
						"7.5005*math.sin((q.anim_time-0.1)*90*6)*-0.5",
						"-0.143+1*math.sin((q.anim_time-0.1)*180*6)*2"
					]
				},
				"hairtuffs": {
					"rotation": ["1.5*math.cos((q.anim_time-0.1)*180*6)*-5", 0, 0]
				},
				"leg_left": {
					"rotation": ["-1.3988-40.2824*math.cos(q.anim_time*90*6)*-1.5", -4.29, 5.94],
					"position": [0.5, "-0.5*math.cos((q.anim_time-0.1)*180*6)*1", 0]
				},
				"foot_left": {
					"rotation": ["20*math.cos((q.anim_time-0.3)*180*3)*-0.5", -13.08, 1.11]
				},
				"foot_left_rotation": {
					"rotation": [0, 0, 0]
				},
				"foot_right": {
					"rotation": ["20*math.cos((q.anim_time-0.3)*180*3)*0.5", 13.0808, -1.11416]
				},
				"foot_right_rotation": {
					"rotation": [0, 0, 0]
				},
				"tail": {
					"rotation": ["-5*math.sin((q.anim_time-0.2)*180*6)*1", "20*Math.cos((q.anim_time-0.1)*90*6)*0.7", 0]
				},
				"tail2": {
					"rotation": ["12.5-5*math.sin((q.anim_time-0.1)*180*6)*0.2", "0+20*Math.cos((q.anim_time-0.1)*90*6)*0.2", 0]
				},
				"tail3": {
					"rotation": ["7.5-5*math.sin((q.anim_time-0.1)*180*6)*2", "20*Math.cos((q.anim_time-0.1)*90*6)*0.5", 0]
				},
				"tail4": {
					"rotation": ["7.5-5*math.cos((q.anim_time-0.1)*180*6)*0.5", "0+20*Math.cos((q.anim_time-0.1)*90*6)*0.5", 0]
				},
				"tail_end": {
					"rotation": ["7.5-5*math.cos((q.anim_time-0.1)*180*6)*1", "0+20*Math.cos((q.anim_time-0.1)*90*6)*0.5", 0]
				}
			}
		},
		"animation.flaaffy_vanguard.faint": {
			"animation_length": 3,
			"bones": {
				"body": {
					"rotation": {
						"0.0": [0, 0, 0],
						"0.375": [2.55449, 11.59738, 0.51398],
						"1.375": [2.55449, 11.59738, 0.51398],
						"1.4583": [2.55449, 11.59738, 0.51398],
						"1.625": [27.60161, -15.87585, -0.71201],
						"1.7917": [47.60161, -15.87585, -0.71201],
						"2.0": [106.27993, -1.18784, -19.56089],
						"2.0833": [101.27993, -1.18784, -19.56089],
						"2.1667": [101.27993, -1.18784, -19.56089],
						"2.25": [106.27993, -1.18784, -19.56089]
					},
					"position": {
						"0.0": [0, 0, 0],
						"0.375": [0, 0, 1],
						"1.375": [0, 0, 1],
						"1.4583": [0, 0, 1],
						"1.7083": [0, 5.61, 1],
						"1.8333": [0, 5.61, 1],
						"1.9167": [0, 4.7, 1],
						"2.0": [0, 6.6, 1],
						"2.0833": [0, 7.45, 1],
						"2.1667": [0, 6.3, 1],
						"2.25": [0, 6.2, 1]
					}
				},
				"torso": {
					"rotation": {
						"0.0": {
							"post": [2.5, 0, 0],
							"lerp_mode": "catmullrom"
						},
						"0.0833": {
							"post": [18.15262, 2.72035, -7.4609],
							"lerp_mode": "catmullrom"
						},
						"0.2083": {
							"post": [-7.5, 0, 0],
							"lerp_mode": "catmullrom"
						},
						"0.375": {
							"post": [-11.50839, -29.4987, 5.72511],
							"lerp_mode": "catmullrom"
						},
						"0.4583": {
							"post": [-3.18475, -30.11687, 9.91521],
							"lerp_mode": "catmullrom"
						},
						"0.7917": {
							"post": [-0.8204, -30.17214, 2.65159],
							"lerp_mode": "catmullrom"
						},
						"0.9583": {
							"post": [3.09078, -30.1169, 2.6516],
							"lerp_mode": "catmullrom"
						},
						"1.0417": {
							"post": [2.09078, -30.1169, 2.6516],
							"lerp_mode": "catmullrom"
						},
						"1.125": {
							"post": [3.09078, -30.1169, 2.6516],
							"lerp_mode": "catmullrom"
						},
						"1.2083": {
							"post": [2.09078, -30.1169, 2.6516],
							"lerp_mode": "catmullrom"
						},
						"1.2917": {
							"post": [3.09078, -30.1169, 2.6516],
							"lerp_mode": "catmullrom"
						},
						"1.375": {
							"post": [2.09078, -30.1169, 2.6516],
							"lerp_mode": "catmullrom"
						},
						"1.4583": {
							"post": [3.09078, -30.1169, 2.6516],
							"lerp_mode": "catmullrom"
						},
						"1.625": {
							"post": [-15.692, 17.29489, -3.36285],
							"lerp_mode": "catmullrom"
						},
						"2.0417": {
							"post": [-18.192, 17.29489, -3.36285],
							"lerp_mode": "catmullrom"
						},
						"2.125": {
							"post": [-10.692, 17.29489, -3.36285],
							"lerp_mode": "catmullrom"
						},
						"2.3333": [-13.192, 17.29489, -3.36285]
					},
					"position": {
						"0.0": [0, 0, 0],
						"0.4583": [-0.4, 0, 0],
						"1.375": [0, 0, 0],
						"1.4583": [0, -0.5, 0],
						"1.625": [0, 0, 0]
					}
				},
				"chest": {
					"rotation": {
						"0.0": [0, 0, 0],
						"0.125": [5, 0, 0],
						"0.2917": [2.5, 0, 0],
						"0.4167": [15, 0, 0],
						"0.5833": [17.5, 0, 0],
						"1.0833": [15, 0, 0],
						"1.2083": [17.5, 0, 0],
						"1.3333": [15, 0, 0],
						"1.625": [5, 0, 0],
						"1.8333": [2.5, 0, 0],
						"1.9583": [5, 0, 0],
						"2.0833": [7.5, 0, 0]
					}
				},
				"neck": {
					"rotation": {
						"0.0": [0, 0, 0],
						"0.1667": [-10, 0, 0],
						"0.2917": [-2.5, 0, 0],
						"0.4583": [0, 0, 0],
						"0.75": [8.82372, -7.5, 0],
						"0.9167": [6.2694, -0.04511, 0.82376],
						"1.0417": [1.14485, -2.501, 0.10063],
						"1.3333": [3.62581, -2.51007, 0.31853],
						"1.5833": [-8.84637, -7.5, 0],
						"1.7917": [-11.34637, -7.5, 0],
						"1.9583": [-16.08637, -7.5, 0],
						"2.0417": [-1.08637, -7.5, 0],
						"2.1667": [-11.98069, -7.5, 0]
					},
					"position": {
						"0.0": [0, 0, 0],
						"0.125": [0, -0.6, 0],
						"0.25": [0, 0.1, 0],
						"0.4167": [0, 0, 0],
						"1.375": [0, 0, 0],
						"1.5": [0, -1.1, 0],
						"1.6667": [0, 0, 0]
					}
				},
				"neck2": {
					"rotation": {
						"0.0": [0, 0, 0],
						"0.0833": [10, 0, 0],
						"0.2917": [-5, 0, 0],
						"0.4583": [5.03852, -9.99038, -0.44067],
						"1.2083": [-6.85701, -9.99038, -0.44067],
						"1.4167": [-3.77244, -9.99038, -0.44067],
						"1.5833": [-8.77244, -9.99038, -0.44067],
						"1.7083": [-8.77244, -9.99038, -0.44067],
						"1.875": [-11.27244, -9.99038, -0.44067],
						"2.0": [4.72756, -9.99038, -0.44067],
						"2.0833": [-1.27244, -9.99038, -0.44067],
						"2.25": [0.67448, -9.99038, -0.44067],
						"2.375": [0.67448, -9.99038, -0.44067]
					}
				},
				"head_back": {
					"rotation": {
						"0.0": [0, 0, 0],
						"0.0833": [5.04292, 7.4713, 0.6574],
						"0.25": [-7.45708, 7.4713, 0.6574],
						"0.4167": [-0.02249, -1.67982, 1.85019],
						"0.625": [-2.52249, -1.67982, 1.85019],
						"0.8333": [-0.02249, -1.67982, 1.85019],
						"0.9583": [-2.52249, -1.67982, 1.85019],
						"1.0833": [-0.02249, -1.67982, 1.85019],
						"1.25": [-2.52249, -1.67982, 1.85019],
						"1.4167": [-0.03445, 5.8129, 1.51934],
						"1.5833": [-26.97885, 5.8129, 1.51934],
						"1.7083": [-11.12728, 5.8129, 1.51934],
						"1.9167": [-18.62728, 5.8129, 1.51934],
						"2.0417": [-40.09313, -30.24243, 21.70473],
						"2.1667": [-59.0773, -34.32443, 29.15199],
						"2.25": [-71.5773, -34.32443, 29.15199]
					},
					"position": {
						"0.0": [0, 0, 0],
						"2.1667": [0, 0, -1.2]
					}
				},
				"eyelid_left": {
					"rotation": [0, 0, 0],
					"position": {
						"0.0": [0, 0, 0],
						"0.0833": [0, 0, 0],
						"0.125": [0.1, 0, 0],
						"0.5417": [0.1, 0, 0],
						"0.5833": [0, 0, 0],
						"0.9583": [0, 0, 0],
						"1.0": [0.1, 0, 0],
						"1.1667": [0.1, 0, 0],
						"1.2083": [0, 0, 0],
						"1.3333": [0, 0, 0],
						"1.375": [0.1, 0, 0],
						"1.5": [0.1, 0, 0],
						"1.5417": [0, 0, 0],
						"1.8333": [0, 0, 0],
						"1.875": [0.1, 0, 0]
					}
				},
				"eyelid_right": {
					"rotation": [0, 0, 0],
					"position": {
						"0.0": [0, 0, 0],
						"0.0833": [0, 0, 0],
						"0.125": [-0.1, 0, 0],
						"0.5417": [-0.1, 0, 0],
						"0.5833": [0, 0, 0],
						"0.9583": [0, 0, 0],
						"1.0": [-0.1, 0, 0],
						"1.1667": [-0.1, 0, 0],
						"1.2083": [0, 0, 0],
						"1.3333": [0, 0, 0],
						"1.375": [-0.1, 0, 0],
						"1.5": [-0.1, 0, 0],
						"1.5417": [0, 0, 0],
						"1.8333": [0, 0, 0],
						"1.875": [-0.1, 0, 0]
					}
				},
				"arm_left_rotation": {
					"rotation": {
						"0.0": [58.69815, 26.41215, 39.25882],
						"0.125": [51.89596, 13.46765, 19.61169],
						"0.25": [50.07714, 2.12301, 5.62842],
						"0.4167": [50.32733, 5.32461, 9.4776],
						"0.625": [51.94424, 32.0548, 16.74998],
						"0.75": [53.22483, 33.57402, 19.11259],
						"0.9167": [62.26877, 45.84183, 32.12958],
						"1.2917": [56.05661, 41.9876, 23.18749],
						"1.4167": [56.29117, 42.15402, 23.53449],
						"1.625": [39.89689, 15.12376, -9.25066],
						"1.75": [38.25869, -0.46635, -21.92338],
						"1.9583": [40.26816, -24.45551, -23.78004],
						"2.0417": [37.89615, -16.68359, -17.05108],
						"2.2083": [69.78678, -42.73416, -66.51222],
						"2.3333": [42.66917, -41.62656, -59.54708]
					}
				},
				"arm_left2": {
					"rotation": {
						"0.0": [0, 27.5, 0],
						"0.1667": [0, 7.5, 0],
						"0.4583": [0, 10, 0],
						"0.6667": [0, 22.5, 0],
						"0.8333": [0, 22.5, 0],
						"1.0833": [0, 32.5, 0],
						"1.4167": [0, 22.5, 0],
						"1.5417": [0, 7.5, 0],
						"1.875": [0, 5, 0],
						"2.0833": [0, 2.5, 0],
						"2.25": [0, 15, 0],
						"2.375": [0, 7.5, 0]
					}
				},
				"arm_right_rotation": {
					"rotation": {
						"0.0": [58.69815, -26.41215, -39.25882],
						"0.125": [51.89596, -13.46765, -19.61169],
						"0.25": [50.07714, -2.12301, -5.62842],
						"0.4167": [50.32733, -5.32461, -9.4776],
						"0.625": [51.94424, -32.0548, -16.74998],
						"0.75": [53.22483, -33.57402, -19.11259],
						"0.9167": [62.26877, -45.84183, -32.12958],
						"1.2917": [56.05661, -41.9876, -23.18749],
						"1.4167": [56.29117, -42.15402, -23.53449],
						"1.625": [39.89689, -15.12376, 9.25066],
						"1.75": [38.25869, 0.46635, 21.92338],
						"1.9583": [40.26816, 24.45551, 23.78004],
						"2.0417": [37.89615, 16.68359, 17.05108],
						"2.2083": [69.78678, 42.73416, 66.51222],
						"2.3333": [42.66917, 41.62656, 59.54708]
					}
				},
				"arm_right2": {
					"rotation": {
						"0.0": [0, -27.5, 0],
						"0.1667": [0, -7.5, 0],
						"0.4583": [0, -10, 0],
						"0.6667": [0, -22.5, 0],
						"0.8333": [0, -22.5, 0],
						"1.0833": [0, -32.5, 0],
						"1.4167": [0, -22.5, 0],
						"1.5417": [0, -7.5, 0],
						"1.875": [0, -5, 0],
						"2.0833": [0, -2.5, 0],
						"2.25": [0, -15, 0],
						"2.375": [0, -7.5, 0]
					}
				},
				"leg_left": {
					"rotation": {
						"0.0": [0, 0, 0],
						"0.125": [-22.5, -19.5, 0],
						"0.3333": [0, -40, 0],
						"0.5": [0, -42, 0],
						"1.4583": [0, -42, 0],
						"1.625": [27.73875, 9.58296, -14.42326],
						"1.9167": [27.73875, 9.58296, -14.42326],
						"2.0833": [-19.42405, -2.2167, -13.54364],
						"2.2083": [0.58608, -1.27358, -13.87626],
						"2.3333": [-19.51972, -5.98809, -12.20708]
					},
					"position": {
						"0.0": [0, 0, 0],
						"0.125": [0, 0.5, 0.9],
						"0.3333": [0.1, 0, 2.3],
						"0.5": [0.1, 0, 2.3],
						"1.4583": [0.1, 0, 2.3],
						"1.625": [1.4, -0.34, 1.3],
						"1.75": [1.4, -0.34, 1.3],
						"1.9167": [1.4, -0.34, 1.3],
						"2.0417": [0.4, -0.34, -0.7],
						"2.1667": [0.8, -0.34, 0],
						"2.2917": [0.4, -0.34, -0.7]
					}
				},
				"foot_left": {
					"rotation": [0, 0, 0]
				},
				"foot_left_rotation": {
					"rotation": {
						"0.0": [0, 0, 0],
						"0.125": [17.5, 0, 0],
						"0.25": [2.5, 0, 0],
						"1.4167": [2.5, 0, 0],
						"1.5417": [10, 0, 0],
						"1.875": [35, 0, 0],
						"2.125": [10, 0, 0],
						"2.25": [20, 0, 0]
					}
				},
				"leg_right": {
					"rotation": {
						"0.0": [0, 7.5, 0],
						"0.25": [0, 0, 0],
						"0.5": [0, 7.5, 0],
						"1.0": [0, 7.5, 0],
						"1.375": [0, 7.5, 0],
						"1.5": [4.90009, 5.02789, -0.65433],
						"1.5833": [29.38301, 5.02789, -0.65433],
						"1.9167": [14.8147, 5.02789, -0.65433],
						"2.0833": [-26.96081, 20.77242, -8.52058],
						"2.2083": [-10.95464, 26.18604, -8.2906],
						"2.3333": [-9.94847, 31.59965, -8.06062]
					},
					"position": {
						"0.0": [0, 0, 0],
						"0.25": [0.2, 0.2, -1.1],
						"0.5": [0.4, 0.2, -1.8],
						"1.0": [0.4, 0.2, -1.8],
						"1.4583": [0.4, 0.2, -1.8],
						"1.7083": [-0.96, -0.36, 2.04],
						"1.7917": [-1.3, -0.5, 1.5],
						"1.9167": [-1.11, -0.5, 2.04],
						"2.0417": [-0.4, -0.5, 2.5],
						"2.1667": [-0.5, -0.5, 2.95],
						"2.2917": [-0.6, -0.5, 2]
					}
				},
				"foot_right_rotation": {
					"rotation": {
						"1.4167": [2.5, 0, 0],
						"1.5417": [10, 0, 0],
						"1.875": [35, 0, 0],
						"2.125": [10, 0, 0],
						"2.25": [20, 0, 0]
					}
				},
				"hairtuffs": {
					"rotation": {
						"0.0": [0, 0, 0],
						"0.125": [5, 0, 0],
						"0.2917": [-7.5, 0, 0],
						"0.375": [-20, 0, 0],
						"0.4583": [0, 0, 0],
						"0.5833": [2.5, 0, 0],
						"0.75": [-2.5, 0, 0],
						"0.9167": [-7.5, 0, 0],
						"1.1667": [-7.5, 0, 0],
						"1.4583": [2.5, 0, 0],
						"1.625": [-10, 0, 0],
						"1.7917": [-5, 0, 0],
						"1.9167": [-35, 0, 0],
						"2.0417": [-5, 0, 0],
						"2.2083": [-15, 0, 12.5],
						"2.3333": [-9.91015, -6.03254, 23.36481]
					}
				},
				"head_rotation": {
					"rotation": {
						"0.0": [0, 0, 0],
						"0.2083": [-12.5, 0, 0],
						"0.3333": [0, 0, 0],
						"0.8333": [0, 0, 0],
						"1.125": [-2.5, -2.40571, 0],
						"1.25": [-2.4978, 0.09191, -0.10901],
						"1.4167": [0.00013, -2.26085, -0.00632],
						"1.5417": [-2.63321, -2.26085, -0.00632],
						"1.6667": [-15.13321, -2.26085, -0.00632],
						"1.9167": [-20.13321, -2.26085, -0.00632],
						"2.0417": [-48.22009, 4.82024, 17.13947],
						"2.25": [-4.35742, 11.90133, 34.28526]
					}
				},
				"mouth": {
					"position": {
						"0.0": [0, 0, 0],
						"0.125": {
							"pre": [0, 0, 0],
							"post": [0, 0, -0.1]
						},
						"0.4167": {
							"pre": [0, 0, -0.1],
							"post": [0, 0, 0]
						},
						"1.5": {
							"pre": [0, 0, 0],
							"post": [0, 0, -0.1]
						},
						"1.875": {
							"pre": [0, 0, -0.1],
							"post": [0, 0, 0]
						}
					}
				},
				"tail": {
					"rotation": {
						"0.0": [5, -22.5, 0],
						"0.0833": [-10, -22.5, 0],
						"0.2083": [25, -22.5, 0],
						"0.4583": [-1.70135, -16.44503, -0.0346],
						"0.5833": [-8.15513, -16.44503, -0.0346],
						"0.75": [-1.51913, -16.44503, -0.0346],
						"1.0": [3.48087, -16.44503, -0.0346],
						"1.2083": [-1.39513, -16.44503, -0.0346],
						"1.4167": [-6.05832, -18.51879, -1.78809],
						"1.5417": [-7.94602, -3.94856, -0.33725],
						"1.6667": [-7.94602, -3.94856, -0.33725],
						"1.8333": [17.05398, -3.94856, -0.33725],
						"1.9167": [-20.44602, -3.94856, -0.33725],
						"2.0": [-7.94602, -3.94856, -0.33725],
						"2.0833": [9.55398, -3.94856, -0.33725],
						"2.25": [10.41448, -23.6522, -3.89034]
					},
					"position": [0, 0.4, 0]
				},
				"tail2": {
					"rotation": {
						"0.0": [2.5, -15, 0],
						"0.0833": [-2.5, -15, 0],
						"0.25": [10, -15, 0],
						"0.4167": [0.15756, -23.75202, 0.19587],
						"0.625": [-9.7099, -23.75202, 0.19587],
						"0.875": [-2.2099, -23.75202, 0.19587],
						"1.0": [-12.2099, -23.75202, 0.19587],
						"1.1667": [-7.2649, -23.75202, 0.19587],
						"1.2917": [-7.99386, -33.66414, 1.70771],
						"1.5417": [-13.83329, -41.08385, 3.08765],
						"1.625": [9.98305, 12.06657, 2.4792],
						"1.75": [-2.51695, 12.06657, 2.4792],
						"1.875": [14.98305, 12.06657, 2.4792],
						"2.0833": [17.47889, 6.8036, 0.94633],
						"2.2917": [17.64038, -14.19719, -5.74752]
					}
				},
				"tail3": {
					"rotation": {
						"0.0": [17.5, -15, 0],
						"0.125": [40, -15, 0],
						"0.375": [-7.5, -15, 0],
						"0.7083": [9.17405, -15, 0],
						"1.0": [16.67405, -15, 0],
						"1.1667": [9.17405, -15, 0],
						"1.3333": [14.17405, -15, 0],
						"1.5": [11.24126, -5.29376, 2.44745],
						"1.6667": [-6.25874, -5.29376, 2.44745],
						"1.7917": [-16.06051, -5.29376, 2.44745],
						"1.9167": [16.43949, -5.29376, 2.44745],
						"2.0417": [18.93949, -5.29376, 2.44745],
						"2.3333": [20.65727, -20.59503, -3.21739]
					}
				},
				"tail4": {
					"rotation": {
						"0.0": [20, -10, 0],
						"0.2083": [35, -10, 0],
						"0.4167": [-9.36526, -10, 0],
						"0.5833": [5.63474, -10, 0],
						"0.7917": [-1.86526, -10, 0],
						"1.0": [5.24571, -10, 0],
						"1.1667": [2.74571, -10, 0],
						"1.375": [3.12185, -29.97442, -1.08374],
						"1.5": [3.66588, -42.45281, -1.9991],
						"1.6667": [-7.25429, -10, 0],
						"1.8333": [-24.08327, -10, 0],
						"1.9167": [13.57525, -7.71615, -1.02921],
						"2.0417": [18.57525, -7.71615, -1.02921],
						"2.375": [19.88845, -21.88872, -6.12679]
					}
				},
				"tail_end": {
					"rotation": {
						"0.0": [10.00933, -2.462, -0.43439],
						"0.2083": [34.64721, -2.462, -0.43439],
						"0.375": [-0.35279, -2.462, -0.43439],
						"0.6667": [9.64721, -2.462, -0.43439],
						"0.8333": [-0.35279, -2.462, -0.43439],
						"1.0417": [7.14721, -2.462, -0.43439],
						"1.2083": [7.31157, -12.38291, -1.70186],
						"1.375": [14.81157, -12.38291, -1.70186],
						"1.5833": [16.06901, -25.31911, -5.48602],
						"1.7083": [-0.10381, -13.26869, -1.95709],
						"1.875": [-10.10381, -13.26869, -1.95709],
						"2.0": [-0.10381, -13.26869, -1.95709],
						"2.3333": [-0.10381, -13.26869, -1.95709]
					}
				}
			}
		},
		"animation.flaaffy_vanguard.battle_idle": {
			"loop": true,
			"bones": {
				"chest": {
					"rotation": [0, "Math.cos((q.anim_time -0.1) * 180) *2", 0]
				},
				"neck2": {
					"rotation": ["-4.5*math.sin((q.anim_time * 180*2)-0.3)*0.5", 0, 0],
					"position": [0, "-0.2+math.cos((q.anim_time -0.3) * 180*2)*0.1", 0]
				},
				"arm_left_rotation": {
					"rotation": [0, "30.5+math.cos((q.anim_time - 0.1) * 360) * 1", 33.76386]
				},
				"arm_left2": {
					"rotation": [0, 25, 0]
				},
				"arm_right_rotation": {
					"rotation": [0, "-30.5+math.cos((q.anim_time - 0.1) * 360) * -1", -33.76386]
				},
				"arm_right2": {
					"rotation": [0, -25, 0]
				},
				"tail": {
					"rotation": ["Math.cos(q.anim_time * 180) * 4", "Math.cos(q.anim_time * 180) * -40", 0]
				},
				"tail2": {
					"rotation": [20, "Math.cos((q.anim_time -0.1) * 180) * -20", 0]
				},
				"tail3": {
					"rotation": ["Math.cos(q.anim_time * 360) * 1", "Math.cos((q.anim_time -0.3) * 180) * -40", 0]
				},
				"tail4": {
					"rotation": [35, "Math.cos((q.anim_time -0.4) * 180) * -25", 0]
				},
				"tail_end": {
					"rotation": ["Math.cos(q.anim_time * 360) * 1", "Math.cos((q.anim_time -0.4) * 180) * -50", 0]
				},
				"torso": {
					"rotation": [0, "Math.cos(q.anim_time * 180) * -4", "Math.cos(q.anim_time * 180) * 4"],
					"position": [0, "math.cos(q.anim_time * 360) * 0.25", 0.4]
				},
				"neck": {
					"rotation": [-7.5, 0, "0+Math.cos((q.anim_time -0.1) * 180) * 4"],
					"position": [0, "-0.5+math.cos(q.anim_time * 360)*0.3", 0]
				},
				"head": {
					"rotation": ["-27.911+math.cos(q.anim_time * 360) * -3", 0, "Math.cos(q.anim_time * 180) * 4"]
				},
				"arm_left": {
					"rotation": [18.76623, 2.07619, 4.74315]
				},
				"arm_right": {
					"rotation": [18.76623, -2.07619, -4.74315]
				},
				"foot_right_rotation": {
					"position": [0, 0, 0]
				},
				"hairtuffs": {
					"rotation": ["math.cos((q.anim_time - 0.2) * 360) * -5", 0, 0]
				},
				"leg_left": {
					"rotation": [0, -10, 0],
					"position": [0.5, 0, 0]
				},
				"leg_right": {
					"rotation": [0, 10, 0],
					"position": [-0.5, 0, 0]
				}
			}
		},
		"animation.flaaffy_vanguard.battle_faint": {
			"animation_length": 3,
			"bones": {
				"body": {
					"rotation": {
						"0.0": [0, 0, 0],
						"0.0833": [-25, 0, 0],
						"0.5417": [-52.5, 0, 0],
						"0.625": [-65.5, 0, 0],
						"0.75": [-102.5, 0, 0],
						"0.8333": [-130, 0, 0],
						"1.0": [-154.3, 0, 0],
						"1.0833": [-164.3, 0, 0],
						"1.1667": [-149.3, 0, 0],
						"1.25": {
							"pre": [-125, 0, 0],
							"post": [-125, 0, 0],
							"lerp_mode": "catmullrom"
						},
						"1.375": {
							"post": [-75, 0, 0],
							"lerp_mode": "catmullrom"
						},
						"1.5417": {
							"post": [-67.5, 0, 0],
							"lerp_mode": "catmullrom"
						},
						"1.8333": [-60, 0, 0],
						"2.0": {
							"pre": [-57.14, 0, 0],
							"post": [-57.14, 0, 0],
							"lerp_mode": "catmullrom"
						},
						"2.125": {
							"post": [-52.14, 0, 0],
							"lerp_mode": "catmullrom"
						},
						"2.25": {
							"post": [-76, 0, 0],
							"lerp_mode": "catmullrom"
						},
						"2.3333": {
							"post": [-127.5, 0, 0],
							"lerp_mode": "catmullrom"
						},
						"2.4167": [-132, 0, 0],
						"2.5": [-127.5, 0, 0]
					},
					"position": {
						"0.0": [0, 0, 0],
						"0.0833": [0, 2, 1],
						"0.2083": [0, 4, 4],
						"0.4583": [0, 4.25, 6],
						"0.6667": [0, 3.35, 6],
						"0.75": [0, 7.25, 7.1],
						"0.8333": [0, 9.25, 9],
						"1.0": [0, 14.63, 12.1],
						"1.0833": [0, 15.23, 14],
						"1.1667": [0, 11.83, 9.5],
						"1.25": [0, 8.55, 5.1],
						"1.375": [0, 3.75, 1],
						"1.5417": [0, 3.05, 0.8],
						"1.8333": [0, 2.05, 0.9],
						"2.0": [0, 1.56, 0.6],
						"2.125": [0, 0.76, 0.6],
						"2.25": {
							"pre": [0, 3.85, 2.2],
							"post": [0, 3.85, 2.2],
							"lerp_mode": "catmullrom"
						},
						"2.3333": {
							"post": [0, 7.45, 6.9],
							"lerp_mode": "catmullrom"
						},
						"2.4167": {
							"post": [0, 8.31, 7.42],
							"lerp_mode": "catmullrom"
						},
						"2.5": {
							"post": [0, 7.45, 6.7],
							"lerp_mode": "catmullrom"
						},
						"2.5833": {
							"post": [0, 5.85, 6.7],
							"lerp_mode": "catmullrom"
						},
						"2.625": {
							"post": [0, 5.95, 6.7],
							"lerp_mode": "catmullrom"
						},
						"2.6667": [0, 5.45, 6.7]
					}
				},
				"torso": {
					"rotation": {
						"0.0": [17.5, 0, 0],
						"0.1667": {
							"pre": [7.5, 0, 0],
							"post": [7.5, 0, 0],
							"lerp_mode": "catmullrom"
						},
						"0.375": {
							"post": [27.5, 0, 0],
							"lerp_mode": "catmullrom"
						},
						"0.6667": {
							"post": [32.5, 0, 0],
							"lerp_mode": "catmullrom"
						},
						"0.8333": {
							"post": [15, 0, 0],
							"lerp_mode": "catmullrom"
						},
						"1.0417": {
							"post": [12.5, 0, 0],
							"lerp_mode": "catmullrom"
						},
						"1.25": {
							"post": [15, 0, 0],
							"lerp_mode": "catmullrom"
						},
						"1.4583": {
							"post": [20, 0, 0],
							"lerp_mode": "catmullrom"
						},
						"1.75": {
							"post": [15, 0, 0],
							"lerp_mode": "catmullrom"
						},
						"1.9583": [17.5, 0, 0]
					}
				},
				"chest": {
					"rotation": {
						"0.0": [10, 0, 0],
						"0.2083": [17.5, 0, 0],
						"0.4583": [10, 0, 0]
					}
				},
				"neck": {
					"rotation": {
						"0.0": [-7.5, 0, 0],
						"0.125": [22.5, 0, 0],
						"0.7917": [-2.5, 0, 0],
						"0.875": [-7.5, 0, 0],
						"0.9583": [0, 0, 0],
						"1.0833": [17.5, 0, 0],
						"1.2083": [27.5, 0, 0],
						"1.375": [32.5, 0, 0],
						"1.7917": [10, 0, 0],
						"2.0": [10, 0, 0]
					},
					"position": {
						"0.0": [0, 0, 0],
						"0.125": [0, -1, 0],
						"0.3333": [0, 0, 0],
						"0.875": [0, 0, 0],
						"1.0": [0, 0, 0],
						"1.125": [0, -1, 0],
						"1.375": [0, 0, 0],
						"2.3333": [0, 0, 0],
						"2.4583": [0, 0, -0.5],
						"2.5833": [0, 0, 0]
					}
				},
				"neck2": {
					"rotation": {
						"0.0": [7.5, 0, 0],
						"0.125": [-12.5, 0, 0],
						"0.25": [-5, 0, 0],
						"0.7917": [15, 0, 0],
						"0.875": [20, 0, 0],
						"1.0833": [-10, 0, 0],
						"1.25": [0, 0, 0],
						"1.5417": [-2.5, 0, 0],
						"1.8333": [-7.5, 0, 0],
						"2.2083": [5, 0, 0]
					},
					"position": {
						"0.0": [0, 0, 0],
						"2.3333": [0, 0, 0],
						"2.4583": [0, -0.3, 0.6],
						"2.5833": [0, 0, 0]
					}
				},
				"head_back": {
					"rotation": {
						"0.0": [5, 0, 0],
						"0.1667": [-57.5, 0, 0],
						"0.5833": [-7.5, 0, 0],
						"0.7917": [-7.5, 0, 0],
						"0.875": [-53.5, 0, 0],
						"1.0833": [15, 0, 0],
						"1.3333": [2.5, 0, 0],
						"1.4583": [2.5, 0, 0],
						"1.7083": [-30, 0, 0],
						"1.875": [-12.5, 0, 0],
						"2.3333": [3.57, 0, 0],
						"2.4583": [-32.5, 0, 0],
						"2.5833": [-42.5, 0, 0]
					}
				},
				"eyelid_left": {
					"position": {
						"0.0": [0.1, 0, 0],
						"0.0417": [0, 0, 0],
						"0.4583": [0, 0, 0],
						"0.5": [0.1, 0, 0],
						"1.2083": [0.1, 0, 0],
						"1.25": [0, 0, 0],
						"1.5": [0, 0, 0],
						"1.5417": [0.1, 0, 0],
						"1.6667": [0.1, 0, 0],
						"1.7083": [0, 0, 0],
						"2.0417": [0, 0, 0],
						"2.0833": [0.1, 0, 0]
					}
				},
				"eyelid_right": {
					"position": {
						"0.0": [0, 0, 0],
						"0.0833": [0, 0, 0],
						"0.5": {
							"pre": [0, 0, 0],
							"post": [-0.1, 0, 0]
						},
						"1.2917": {
							"pre": [-0.1, 0, 0],
							"post": [0, 0, 0]
						},
						"1.5": {
							"pre": [0, 0, 0],
							"post": [-0.1, 0, 0]
						},
						"1.7083": {
							"pre": [-0.1, 0, 0],
							"post": [0, 0, 0]
						},
						"1.9583": {
							"pre": [0, 0, 0],
							"post": [-0.1, 0, 0]
						}
					}
				},
				"arm_left_rotation": {
					"rotation": {
						"0.0": [30.27318, 29.89932, 30.54251],
						"0.0833": [31.73884, 31.14741, 32.08687],
						"0.2083": [27.98889, -11.63339, 8.46123],
						"0.4167": [28.25527, -13.83834, 7.25321],
						"0.5": [28.90664, -18.01158, 4.88847],
						"0.625": [27.96748, -11.41417, 8.579],
						"0.75": [27.38352, 1.88624, 15.55446],
						"1.0": [23.24056, -37.99561, 12.59856],
						"1.125": [23.24056, -37.99561, 12.59856],
						"1.2917": [18.74298, -14.59004, 22.52122],
						"1.4583": [17.85568, -3.83941, 33.91542],
						"1.5833": [17.20101, 6.19449, 2.95656],
						"1.875": [17.44441, 5.44999, 5.35553],
						"2.0": [17.20101, 6.19449, 2.95656],
						"2.1667": [18.84649, 20.64742, 12.72677],
						"2.25": [31.10308, -54.1853, -20.20576],
						"2.375": [84.62183, -72.32477, -78.49336],
						"2.4583": [35.20354, -58.37483, -25.13139],
						"2.5833": [43.94276, -64.1761, -35.07848]
					}
				},
				"arm_left2": {
					"rotation": {
						"0.0": [0, 32.5, 0],
						"0.1667": [0, 25, 0],
						"0.2917": [0, 20, 0],
						"0.4583": [0, 17.5, 0],
						"0.8333": [0, 27.5, 0],
						"1.0": [0, 0, 0],
						"1.125": [0, 15, 0],
						"1.375": [0, 47.5, 0],
						"1.5833": [0, 42.5, 0],
						"1.75": [0, 37.5, 0],
						"1.875": [0, 50, 0],
						"2.0": [0, 37.5, 0],
						"2.2083": [0, 60, 0],
						"2.3333": [0, 32.5, 0],
						"2.4583": [0, 20.5, 0],
						"2.5833": [0, 0, 0]
					}
				},
				"arm_right_rotation": {
					"rotation": {
						"0.0": [30.27318, -29.89932, -30.54251],
						"0.0833": [31.73884, -31.14741, -32.08687],
						"0.2083": [27.98889, 11.63339, -8.46123],
						"0.4167": [28.25527, 13.83834, -7.25321],
						"0.5": [28.90664, 18.01158, -4.88847],
						"0.625": [27.96748, 11.41417, -8.579],
						"0.75": [27.38352, -1.88624, -15.55446],
						"1.0": [23.24056, 37.99561, -12.59856],
						"1.125": [23.24056, 37.99561, -12.59856],
						"1.2917": [18.74298, 14.59004, -22.52122],
						"1.4583": [17.85568, 3.83941, -33.91542],
						"1.5833": [17.20101, -6.19449, -2.95656],
						"1.875": [17.44441, -5.44999, -5.35553],
						"2.0": [17.20101, -6.19449, -2.95656],
						"2.1667": [18.84649, -20.64742, -12.72677],
						"2.25": [31.10308, 54.1853, 20.20576],
						"2.375": [84.62183, 72.32477, 78.49336],
						"2.4583": [35.20354, 58.37483, 25.13139],
						"2.5833": [43.94276, 64.1761, 35.07848]
					}
				},
				"arm_right2": {
					"rotation": {
						"0.0": [0, -32.5, 0],
						"0.1667": [0, -25, 0],
						"0.2917": [0, -20, 0],
						"0.4583": [0, -17.5, 0],
						"0.8333": [0, -27.5, 0],
						"1.0": [0, 0, 0],
						"1.125": [0, -15, 0],
						"1.375": [0, -47.5, 0],
						"1.5833": [0, -42.5, 0],
						"1.75": [0, -37.5, 0],
						"1.875": [0, -50, 0],
						"2.0": [0, -37.5, 0],
						"2.2083": [0, -60, 0],
						"2.3333": [0, -32.5, 0],
						"2.4583": [0, -20.5, 0],
						"2.5833": [0, 0, 0]
					}
				},
				"leg_left": {
					"rotation": {
						"0.0": [0, 0, 0],
						"0.0833": {
							"pre": [25, 0, 0],
							"post": [25, 0, 0],
							"lerp_mode": "catmullrom"
						},
						"0.375": {
							"post": [-27.5, 0, 0],
							"lerp_mode": "catmullrom"
						},
						"0.5": {
							"post": [-17.5, 0, 0],
							"lerp_mode": "catmullrom"
						},
						"0.75": {
							"post": [-22.5, 0, 0],
							"lerp_mode": "catmullrom"
						},
						"1.0417": {
							"post": [0, 0, 0],
							"lerp_mode": "catmullrom"
						},
						"1.25": {
							"post": [-47.5, 0, 0],
							"lerp_mode": "catmullrom"
						},
						"1.375": {
							"post": [-50, 0, 0],
							"lerp_mode": "catmullrom"
						},
						"1.6667": {
							"post": [-20, 0, 0],
							"lerp_mode": "catmullrom"
						},
						"1.75": {
							"post": [-10, 0, 0],
							"lerp_mode": "catmullrom"
						},
						"1.8333": {
							"post": [-27.5, 0, 0],
							"lerp_mode": "catmullrom"
						},
						"1.9167": {
							"post": [-20, 0, 0],
							"lerp_mode": "catmullrom"
						},
						"2.0": {
							"post": [-30, 0, 0],
							"lerp_mode": "catmullrom"
						},
						"2.125": {
							"post": [-30, 0, 0],
							"lerp_mode": "catmullrom"
						},
						"2.25": {
							"post": [-30, 0, 0],
							"lerp_mode": "catmullrom"
						},
						"2.3333": {
							"post": [32.5, 0, 0],
							"lerp_mode": "catmullrom"
						},
						"2.4583": {
							"post": [7.5, 0, 0],
							"lerp_mode": "catmullrom"
						},
						"2.5833": [27.5, 0, 0]
					},
					"position": {
						"0.0": [0, 0, 0],
						"0.0833": [0, -2.1, -0.9],
						"0.25": [0, 0, 0]
					}
				},
				"foot_left": {
					"rotation": {
						"0.0": [0, 0, 0],
						"0.125": [1.67, 0, 0],
						"0.2083": [30.28, 0, 0],
						"0.375": [27.5, 0, 0],
						"0.5833": [15, 0, 0],
						"0.7917": [20, 0, 0],
						"1.0": [2.5, 0, 0],
						"1.3333": [15, 0, 0],
						"1.5": [35, 0, 0],
						"1.6667": [20, 0, 0],
						"1.75": [20, 0, 0],
						"1.8333": [17.5, 0, 0],
						"1.9167": [20, 0, 0],
						"2.0": [17.5, 0, 0]
					}
				},
				"foot_left_rotation": {
					"rotation": {
						"0.0": [0, 0, 0],
						"0.125": [22.5, 0, 0],
						"0.25": [25, 0, 0]
					},
					"position": [0, 0, 0]
				},
				"leg_right": {
					"rotation": {
						"0.0": [0, 0, 0],
						"0.0833": [25, 0, 0],
						"0.375": [-27.5, 0, 0],
						"0.5": [-17.5, 0, 0],
						"0.75": [-22.5, 0, 0],
						"1.0417": [0, 0, 0],
						"1.25": [-47.5, 0, 0],
						"1.375": [-50, 0, 0],
						"1.6667": [-10, 0, 0],
						"1.75": [-27.5, 0, 0],
						"1.8333": [-20, 0, 0],
						"1.9167": [-30, 0, 0],
						"2.0": [-20, 0, 0],
						"2.125": [-20, 0, 0],
						"2.25": [-30, 0, 0],
						"2.3333": [32.5, 0, 0],
						"2.4583": [7.5, 0, 0],
						"2.5833": [27.5, 0, 0]
					},
					"position": {
						"0.0": [0, 0, 0],
						"0.0833": [0, -2.1, -0.9],
						"0.2917": [0, 0, 0]
					}
				},
				"foot_right": {
					"rotation": {
						"0.0": [0, 0, 0],
						"0.125": [1.67, 0, 0],
						"0.2083": [30.28, 0, 0],
						"0.375": [27.5, 0, 0],
						"0.5833": [15, 0, 0],
						"0.7917": [20, 0, 0],
						"1.0": [2.5, 0, 0],
						"1.3333": [15, 0, 0],
						"1.5": [35, 0, 0],
						"1.6667": [20, 0, 0],
						"1.75": [17.5, 0, 0],
						"1.8333": [20, 0, 0],
						"1.9167": [17.5, 0, 0],
						"2.0": [20, 0, 0]
					}
				},
				"foot_right_rotation": {
					"rotation": {
						"0.0": [0, 0, 0],
						"0.125": [22.5, 0, 0],
						"0.25": [25, 0, 0]
					},
					"position": [0, 0, 0]
				},
				"hairtuffs": {
					"rotation": {
						"0.0": [0, 0, 0],
						"0.125": [-10, 0, 0],
						"0.25": [2.5, 0, 0],
						"0.375": [7.5, 0, 0],
						"0.5833": [5, 0, 0],
						"0.7083": [12.5, 0, 0],
						"0.8333": [0, 0, 0],
						"0.9583": [-22.5, 0, 0],
						"1.125": [0, 0, 0],
						"1.25": [-12.5, 0, 0],
						"1.375": [-20, 0, 0],
						"1.5": [7.5, 0, 0],
						"1.625": [-2.5, 0, 0],
						"1.7917": [2.5, 0, 0],
						"1.9583": [-2.5, 0, 0],
						"2.0417": [10, 0, 0],
						"2.1667": [15, 0, 0],
						"2.3333": [5, 0, 0],
						"2.4167": [-20, 0, 0],
						"2.5": [-2.5, 0, 0]
					},
					"position": [0, 0, 0]
				},
				"mouth": {
					"position": {
						"0.0": [0, 0, 0],
						"0.125": {
							"pre": [0, 0, 0],
							"post": [0, 0, -0.1]
						},
						"0.4583": {
							"pre": [0, 0, -0.1],
							"post": [0, 0, 0]
						},
						"1.4167": {
							"pre": [0, 0, 0],
							"post": [0, 0, -0.1]
						},
						"2.0833": {
							"pre": [0, 0, -0.1],
							"post": [0, 0, 0]
						}
					}
				},
				"tail": {
					"rotation": {
						"0.0": [5, -22.5, 0],
						"0.1667": [-3.05513, -7.57989, -1.29821],
						"0.25": [-14.93758, -7.57989, -1.29821],
						"0.5417": [25.91084, -35.2121, -14.03144],
						"0.7917": [-0.25142, -67.34036, -2.75634],
						"0.9167": [22.75408, -65.0663, -32.23654],
						"1.3333": [54.94301, -64.18958, -23.25403],
						"1.5": [61.50892, -58.30005, -30.74123],
						"1.625": [41.21793, -52.99121, -21.32091],
						"2.25": [41.11689, -56.61241, -27.31118],
						"2.4167": [64.20461, -63.86238, -48.05071],
						"2.5833": [82.08799, -66.21711, -64.99343]
					},
					"position": [0, 0.4, 0]
				},
				"tail2": {
					"rotation": {
						"0.0": [2.5, -15, 0],
						"0.125": [40.76322, 1.91475, 14.99185],
						"0.25": [48.26322, 1.91475, 14.99185],
						"0.3333": [40.76322, 1.91475, 14.99185],
						"0.4583": [48.26322, 1.91475, 14.99185],
						"0.5833": [45.76322, 1.91475, 14.99185],
						"0.7083": [60.7105, -0.53054, 10.62994],
						"0.8333": [15.28154, -31.82143, -16.84076],
						"1.1667": [21.06468, -17.28744, -12.74393],
						"1.375": [-0.1924, -17.28744, -12.74393],
						"1.7083": [6.26226, -17.28744, -12.74393],
						"1.9583": [13.2925, -17.28744, -12.74393],
						"2.0833": [18.1325, -17.28744, -12.74393],
						"2.25": [22.8675, -17.28744, -12.74393],
						"2.375": [0.09333, -22.68722, -11.93116],
						"2.4583": [-2.59209, -22.12041, -11.38208],
						"2.7083": [-7.1325, -17.28744, -12.74393]
					}
				},
				"tail3": {
					"rotation": {
						"0.0": [17.5, -15, 0],
						"0.3333": [24.704, -15, 0],
						"0.4583": [32.204, -15, 0],
						"0.625": [34.704, -15, 0],
						"0.7083": [13.09193, -15, 0],
						"0.7917": [12.88142, -6.52663, 1.94365],
						"0.9583": [12.68849, 3.10991, 4.13878],
						"1.0833": [14.18426, -24.88015, -2.62647],
						"1.1667": [13.51612, -12.71254, 0.40594],
						"1.2917": [12.88574, 10.42443, 5.80926],
						"1.4583": [19.98198, -50.07212, -12.14156],
						"1.625": [15.68416, -35.77525, -5.88308],
						"1.8333": [14.85557, -31.17505, -4.37996],
						"2.2917": [16.19365, -38.11176, -6.72473],
						"2.375": [12.93386, -9.93062, 1.14862],
						"2.4583": [13.36165, -18.14696, -0.79723],
						"2.5": [14.97677, -15.83715, -1.00659],
						"2.5833": [14.28284, 5.81032, 4.35778],
						"2.6667": [14.23331, 3.38731, 3.74011]
					}
				},
				"tail4": {
					"rotation": {
						"0.0": [20, -10, 0],
						"0.125": [-1.11249, -10, 0],
						"0.25": [20.98954, -10, 0],
						"0.375": [25.98954, -10, 0],
						"0.5417": [21.22454, -10, 0],
						"0.6667": [28.72454, -10, 0],
						"0.7917": [17.65304, -2.85735, 2.30351],
						"0.9167": [11.23564, -53.18177, -6.77262],
						"1.125": [8.8774, -29.7932, -3.07224],
						"1.2917": [3.20383, -22.48181, -0.70378],
						"1.4167": [3.20383, -22.48181, -0.70378],
						"1.625": [3.07048, -15.34672, -0.29117],
						"1.7917": [2.98898, -7.85717, 0.11322],
						"1.9583": [3.21295, -22.83548, -0.72583],
						"2.125": [3.11265, -17.94793, -0.43789],
						"2.375": [3.00817, 4.87731, 0.76781],
						"2.4583": [2.98989, -7.96203, 0.10762],
						"2.5833": [3.16988, -0.43604, 0.51864],
						"2.7083": [3.3623, -2.89386, 0.36187]
					}
				},
				"tail_end": {
					"rotation": {
						"0.0": [10.00933, -2.462, -0.43439],
						"0.1667": [0.00933, -2.462, -0.43439],
						"0.3333": [9.11049, -2.462, -0.43439],
						"0.4583": [-7.56928, -2.462, -0.43439],
						"0.625": [-0.15892, -2.462, -0.43439],
						"0.7917": [-0.16175, 9.20463, -0.46697],
						"0.875": [-0.18978, 32.72304, -0.54375],
						"0.9583": [-0.18364, -25.90104, -0.36236],
						"1.0833": [-0.18613, -26.33754, -0.35725],
						"1.2917": [6.89493, 21.05981, 17.85203],
						"1.4583": [-0.16009, -7.25814, -0.42099],
						"1.6667": [-0.15893, -2.25816, -0.43495],
						"1.8333": [-0.16629, -17.2581, -0.39188],
						"2.0": [-0.16089, -8.8162, -0.41651],
						"2.125": [-0.17379, -23.81614, -0.37099],
						"2.25": [-0.17737, -26.31613, -0.36254],
						"2.375": [-1.71518, 11.338, 9.10649],
						"2.4583": [-0.16373, -13.81618, -0.40207],
						"2.75": [1.73648, 8.51115, 12.17598]
					}
				}
			}
		},
		"animation.flaaffy_vanguard.sleep": {
			"loop": true,
			"bones": {
				"torso": {
					"rotation": [85, -20, 0],
					"position": [-2, "1.6+0.1*math.sin(q.anim_time*90*1)", 7]
				},
				"chest": {
					"rotation": [0, 0, -17.5],
					"position": [0.35, -1.3, 0]
				},
				"neck": {
					"rotation": ["2+math.sin((q.anim_time-0.2)*90*1)*3", 0, 0],
					"position": [0, 0, "0.2+0.1*math.sin((q.anim_time+0.2)*90*1)"]
				},
				"neck2": {
					"rotation": ["-4.4643+math.sin((q.anim_time-0.2)*90*1)*-1", -0.54655, -7.48017],
					"position": [0, -1, -1]
				},
				"head_back": {
					"rotation": [-88.30418, 0.26726, -28.52289],
					"position": [-0.4, -0.8, -3]
				},
				"hairtuffs": {
					"rotation": ["math.sin((q.anim_time-0.1)*90)*-5", 0, 0]
				},
				"head": {
					"rotation": ["-21.4321+math.sin((q.anim_time-8)*90*1)*-2", 11.10743, 2.2517],
					"position": [-0.3, "0.25+math.sin((q.anim_time*90*1)-0.2)*0.1", 0]
				},
				"eyelid_left": {
					"rotation": [0, 0, 0],
					"position": [0.1, 0, 0]
				},
				"eyelid_right": {
					"rotation": [0, 0, 0],
					"position": [-0.1, 0, 0]
				},
				"arm_left": {
					"rotation": [0, 7, -7.5],
					"position": [-0.3, -0.4, "-1.9-math.sin(q.anim_time*90*1)*0.1"]
				},
				"arm_left_rotation": {
					"rotation": [58.14952, "-9.1303+1*math.sin(q.anim_time*90*-1)", -427.882],
					"position": [-0.37031, -0.68375, -0.64883]
				},
				"arm_right": {
					"rotation": [0, -7, 7.5],
					"position": [0.3, -0.4, "-1.9-math.sin(q.anim_time*90*1)*0.1"]
				},
				"arm_right_rotation": {
					"rotation": [34.82621, "34.5465+1*math.sin(q.anim_time*90*-1)", 395.71125],
					"position": [0.75, 0, 0]
				},
				"tail": {
					"rotation": ["-122.1038+math.sin((q.anim_time*90+0.1))*-2", -5.35406, -8.45829],
					"position": [0, -0.5, -2.5]
				},
				"tail2": {
					"rotation": ["-5.1983+math.sin((q.anim_time*90-0.3))*2", -17.49819, 0.47338]
				},
				"tail3": {
					"rotation": ["-3.5527+math.cos(q.anim_time*90*1)", -14.81666, 1.43619],
					"position": [0, -0.2, 0]
				},
				"tail4": {
					"rotation": ["42.393+math.sin((q.anim_time*90+0.1))*-2", -11.65755, -31.21379]
				},
				"tail_end": {
					"rotation": [0, -20, 0]
				},
				"leg_left": {
					"rotation": ["83.6887+math.sin((q.anim_time-0.2)*90*1)*2", -4.44227, 5.33006],
					"position": [-0.5, "-1.4+math.sin((q.anim_time+0.1)*90*1)*0.3", 5.5]
				},
				"foot_left": {
					"rotation": ["math.sin((q.anim_time-0.1)*90*1)*-1", 0, 0],
					"position": [0.6, -1.2, "-0.2+math.sin(q.anim_time*90*1)*-0.2"]
				},
				"foot_left_rotation": {
					"rotation": ["42.746+math.sin((q.anim_time-0.3)*90*1)*-5", -5.19886, -5.41316]
				},
				"leg_right": {
					"rotation": ["90.1506+math.sin((q.anim_time-0.2)*90*1)*2", -28.19155, -7.18374],
					"position": [-1, "-1.4+math.sin((q.anim_time+0.1)*90*1)*0.3", 2.4]
				},
				"foot_right": {
					"rotation": ["math.sin((q.anim_time-0.1)*90*1)*-1", 0, 0],
					"position": [-0.6, -1.2, "-0.2+math.sin(q.anim_time*90*1)*-0.2"]
				},
				"foot_right_rotation": {
					"rotation": ["42.746+math.sin((q.anim_time-0.3)*90*1)*-5", 5.19886, 5.41316]
				}
			}
		},
		"animation.flaaffy_vanguard.cry": {
			"animation_length": 0.75,
			"bones": {
				"head_rotation": {
					"rotation": {
						"0.0": {
							"post": [0, 0, 0],
							"lerp_mode": "catmullrom"
						},
						"0.125": {
							"post": [-5, 0, 0],
							"lerp_mode": "catmullrom"
						},
						"0.5417": {
							"post": [-7.5, 0, 0],
							"lerp_mode": "catmullrom"
						},
						"0.75": {
							"post": [0, 0, 0],
							"lerp_mode": "catmullrom"
						}
					}
				}
			},
			"sound_effects": {
				"0.0417": {
					"effect": "pokemon.flaaffy.cry"
				}
			}
		},
		"animation.flaaffy_vanguard.blink": {
			"animation_length": 0.16667,
			"bones": {
				"eyelid_left": {
					"position": {
						"0.0": [0.1, 0, 0],
						"0.125": [0.1, 0, 0],
						"0.1667": [0, 0, 0]
					}
				},
				"eyelid_right": {
					"position": {
						"0.0": [-0.1, 0, 0],
						"0.125": [-0.1, 0, 0],
						"0.1667": [0, 0, 0]
					}
				}
			}
		},
		"animation.flaaffy_vanguard.walkspeedtest": {
			"loop": true,
			"bones": {
				"flaaffy": {
					"position": [0, 0, "-q.anim_time*90*0.1"]
				}
			}
		},
		"animation.flaaffy_vanguard.runspeedtest": {
			"loop": true,
			"bones": {
				"flaaffy": {
					"position": [0, 0, "-q.anim_time*90*0.5"]
				}
			}
		}
	}
}