{
	"format_version": "1.12.0",
	"minecraft:geometry": [
		{
			"description": {
				"identifier": "geometry.barunda",
				"texture_width": 64,
				"texture_height": 64,
				"visible_bounds_width": 4,
				"visible_bounds_height": 3.5,
				"visible_bounds_offset": [0, 1.25, 0]
			},
			"bones": [
				{
					"name": "barunda",
					"pivot": [0, 0, 0]
				},
				{
					"name": "body",
					"parent": "barunda",
					"pivot": [0, 21, 0]
				},
				{
					"name": "body_rotation",
					"parent": "body",
					"pivot": [0, 1, 0]
				},
				{
					"name": "head",
					"parent": "body_rotation",
					"pivot": [0, 20.5, 0],
					"cubes": [
						{"origin": [-5.5, 15.5, -5], "size": [11, 10, 11], "uv": [0, 0]}
					]
				},
				{
					"name": "eyes",
					"parent": "head",
					"pivot": [0, 20, -5.01]
				},
				{
					"name": "eye_left",
					"parent": "eyes",
					"pivot": [1.5, 20, -5.01],
					"cubes": [
						{"origin": [0.9, 19, -5.01], "size": [1, 2, 0], "uv": [16, 23]}
					]
				},
				{
					"name": "eyelid_left",
					"parent": "eye_left",
					"pivot": [1.5, 20, -4.41],
					"cubes": [
						{"origin": [0.4, 18.5, -4.91], "size": [2, 3, 1], "inflate": 0.01, "uv": [0, 21]}
					]
				},
				{
					"name": "eye_right",
					"parent": "eyes",
					"pivot": [-1.5, 20, -5.01],
					"cubes": [
						{"origin": [-1.9, 19, -5.01], "size": [1, 2, 0], "uv": [18, 23]}
					]
				},
				{
					"name": "eyelid_right",
					"parent": "eye_right",
					"pivot": [-1.5, 20, -4.41],
					"cubes": [
						{"origin": [-2.4, 18.5, -4.91], "size": [2, 3, 1], "inflate": 0.01, "uv": [6, 21]}
					]
				},
				{
					"name": "mouth",
					"parent": "head",
					"pivot": [0, 19.5, -5],
					"cubes": [
						{"origin": [0.4, 17, -5.01], "size": [1, 1, 0], "uv": [20, 23]},
						{"origin": [-1.4, 17, -5.01], "size": [1, 1, 0], "uv": [22, 23]},
						{"origin": [-0.5, 16.8, -5.011], "size": [1, 1, 0], "uv": [20, 24]}
					]
				},
				{
					"name": "mouth_open",
					"parent": "mouth",
					"pivot": [0, 19.5, -4.92],
					"cubes": [
						{"origin": [-1, 16, -4.99], "size": [2, 2, 0], "uv": [12, 23]}
					]
				},
				{
					"name": "arm_left",
					"parent": "body",
					"pivot": [0.5, 15.5, 0.5],
					"rotation": [0, 0, 90],
					"cubes": [
						{"origin": [0.5, 14.5, 0.5], "size": [3, 1, 0], "uv": [20, 22]}
					]
				},
				{
					"name": "arm_left2",
					"parent": "arm_left",
					"pivot": [3.5, 15, 0.5],
					"cubes": [
						{"origin": [3.5, 14.5, 0.5], "size": [4, 1, 0], "inflate": 0.01, "uv": [12, 21]}
					]
				},
				{
					"name": "arm_left3",
					"parent": "arm_left2",
					"pivot": [7.5, 15, 0.5],
					"cubes": [
						{"origin": [7.5, 14.5, 0.5], "size": [4, 1, 0], "uv": [20, 21]}
					]
				},
				{
					"name": "arm_left4",
					"parent": "arm_left3",
					"pivot": [11.5, 15, 0.5],
					"cubes": [
						{"origin": [11.5, 14.5, 0.5], "size": [4, 1, 0], "inflate": 0.01, "uv": [12, 22]}
					]
				}
			]
		}
	]
}