{
	"format_version": "1.8.0",
	"animations": {
		"animation.amoonguss.ground_idle": {
			"loop": true,
			"bones": {
				"arm_left": {
					"rotation": [0, 7.5, 27.5]
				},
				"arm_left2": {
					"rotation": [0, 20, 0]
				},
				"arm_right": {
					"rotation": [0, -7.5, -27.5]
				},
				"arm_right2": {
					"rotation": [0, -20, 0]
				},
				"mouth": {
					"rotation": [-7.5, 0, 0]
				},
				"torso_squish": {
					"scale": 1
				}
			}
		},
		"animation.amoonguss.sleep": {
			"loop": true,
			"bones": {
				"head": {
					"rotation": [20, 0, 0]
				},
				"mouth": {
					"rotation": [10, 0, 0]
				},
				"arm_left": {
					"rotation": [0, 37.5, 32.5]
				},
				"arm_left2": {
					"rotation": [0, 35, -20]
				},
				"hand_left": {
					"rotation": [0, 0, -12.5]
				},
				"arm_right": {
					"rotation": [0, -37.5, -32.5]
				},
				"arm_right2": {
					"rotation": [0, -35, 20]
				},
				"hand_right": {
					"rotation": [0, 0, 12.5]
				},
				"eye_left": {
					"position": [0, 0, 0.1]
				},
				"eyelid_left": {
					"position": [0, 0, -0.1]
				},
				"eye_right": {
					"position": [0, 0, 0.1]
				},
				"eyelid_right": {
					"position": [0, 0, -0.1]
				},
				"hat": {
					"rotation": [7.5, 0, 0]
				}
			}
		},
		"animation.amoonguss.blink": {
			"animation_length": 0.1667,
			"bones": {
				"eye_right": {
					"position": {
						"0.0": [0, 0, 0.1],
						"0.125": {
							"pre": [0, 0, 0.1],
							"post": [0, 0, 0.1]
						},
						"0.1667": {
							"pre": [0, 0, 0.1],
							"post": [0, 0, 0]
						}
					}
				},
				"eye_left": {
					"position": {
						"0.0": [0, 0, 0.1],
						"0.125": {
							"pre": [0, 0, 0.1],
							"post": [0, 0, 0.1]
						},
						"0.1667": {
							"pre": [0, 0, 0.1],
							"post": [0, 0, 0]
						}
					}
				},
				"eyelid_right": {
					"position": {
						"0.0": [0, 0, -0.1],
						"0.125": {
							"pre": [0, 0, -0.1],
							"post": [0, 0, -0.1]
						},
						"0.1667": {
							"pre": [0, 0, -0.1],
							"post": [0, 0, 0]
						}
					}
				},
				"eyelid_left": {
					"position": {
						"0.0": [0, 0, -0.1],
						"0.125": {
							"pre": [0, 0, -0.1],
							"post": [0, 0, -0.1]
						},
						"0.1667": {
							"pre": [0, 0, -0.1],
							"post": [0, 0, 0]
						}
					}
				}
			}
		}
	}
}