{
	"format_version": "1.12.0",
	"minecraft:geometry": [
		{
			"description": {
				"identifier": "geometry.lunage",
				"texture_width": 128,
				"texture_height": 64,
				"visible_bounds_width": 4,
				"visible_bounds_height": 3.5,
				"visible_bounds_offset": [0, 1.25, 0]
			},
			"bones": [
				{
					"name": "lunage",
					"pivot": [0, 0, 0]
				},
				{
					"name": "master",
					"parent": "lunage",
					"pivot": [0, 2, 0]
				},
				{
					"name": "body",
					"parent": "master",
					"pivot": [0, 0, 0]
				},
				{
					"name": "dog",
					"parent": "body",
					"pivot": [0, 6, 0]
				},
				{
					"name": "torso",
					"parent": "dog",
					"pivot": [0, 1, -3],
					"cubes": [
						{"origin": [-4.5, 2, -4.5], "size": [9, 6, 8], "uv": [0, 31]},
						{"origin": [-4, 1, -4], "size": [8, 1, 7], "uv": [0, 23]},
						{"origin": [-1, 2.5, -5], "size": [2, 2, 1], "pivot": [0, 4, -5], "rotation": [12.5, 0, 0], "uv": [57, 24]},
						{"origin": [-0.5, 2.8, -5.075], "size": [1, 1, 0], "pivot": [0, 4, -5], "rotation": [12.5, 0, 0], "uv": [61, 18]}
					]
				},
				{
					"name": "tail",
					"parent": "torso",
					"pivot": [0, 2, 3.5],
					"cubes": [
						{"origin": [-1, 2, 3.5], "size": [2, 0, 3], "uv": [35, 19]}
					]
				},
				{
					"name": "uppertorso",
					"parent": "torso",
					"pivot": [0, 8, 3],
					"cubes": [
						{"origin": [-3.5, 8, -3], "size": [7, 2, 6], "uv": [38, 35]}
					]
				},
				{
					"name": "arm_left",
					"parent": "uppertorso",
					"pivot": [3.5, 10, 0],
					"cubes": [
						{"origin": [2.5, 8, -1], "size": [3, 2, 2], "uv": [81, 15]}
					]
				},
				{
					"name": "hand_left",
					"parent": "arm_left",
					"pivot": [5.5, 10, 0],
					"cubes": [
						{"origin": [5.5, 8, -1], "size": [1, 2, 2], "inflate": 0.001, "uv": [92, 15]},
						{"origin": [6.525, 8.5, -0.5], "size": [0, 1, 1], "uv": [94, 10]}
					]
				},
				{
					"name": "finger_left",
					"parent": "hand_left",
					"pivot": [5.5, 10, 0],
					"cubes": [
						{"origin": [5.5, 10, -1], "size": [1, 1, 1], "inflate": 0.002, "uv": [4, 10]}
					]
				},
				{
					"name": "finger_left2",
					"parent": "hand_left",
					"pivot": [5.5, 10, 0],
					"cubes": [
						{"origin": [5.5, 10, 0], "size": [1, 1, 1], "inflate": 0.002, "uv": [4, 12]}
					]
				},
				{
					"name": "arm_right",
					"parent": "uppertorso",
					"pivot": [-3.5, 10, 0],
					"cubes": [
						{"origin": [-5.5, 8, -1], "size": [3, 2, 2], "uv": [81, 20], "mirror": true}
					]
				},
				{
					"name": "hand_right",
					"parent": "arm_right",
					"pivot": [-5.5, 10, 0],
					"cubes": [
						{"origin": [-6.5, 8, -1], "size": [1, 2, 2], "inflate": 0.001, "uv": [92, 20], "mirror": true},
						{"origin": [-6.55, 8.5, -0.5], "size": [0, 1, 1], "uv": [94, 12], "mirror": true}
					]
				},
				{
					"name": "finger_right",
					"parent": "hand_right",
					"pivot": [-5.5, 10, 0],
					"cubes": [
						{"origin": [-6.5, 10, -1], "size": [1, 1, 1], "inflate": 0.002, "uv": [0, 10], "mirror": true}
					]
				},
				{
					"name": "finger_right2",
					"parent": "hand_right",
					"pivot": [-5.5, 10, 0],
					"cubes": [
						{"origin": [-6.5, 10, 0], "size": [1, 1, 1], "inflate": 0.002, "uv": [0, 12], "mirror": true}
					]
				},
				{
					"name": "head",
					"parent": "uppertorso",
					"pivot": [0, 10.14693, 0.2375],
					"cubes": [
						{"origin": [-4, 10, -3.75], "size": [8, 6, 7], "uv": [34, 51]},
						{"origin": [-3.5, 16, -3.25], "size": [7, 2, 6], "uv": [38, 43]},
						{"origin": [-2.85, 10.325, -4.75], "size": [3, 3, 1], "pivot": [-1.5, 12.25, -4.25], "rotation": [0, 0, -15], "uv": [52, 18]},
						{"origin": [-1.5, 12.875, -4.825], "size": [3, 1, 1], "uv": [72, 25]},
						{"origin": [-0.15, 10.325, -4.75], "size": [3, 3, 1], "inflate": -0.001, "pivot": [1.5, 12.25, -4.25], "rotation": [0, 0, 15], "uv": [43, 18], "mirror": true}
					]
				},
				{
					"name": "ear_left",
					"parent": "head",
					"pivot": [3.5, 16.75, 2.25],
					"cubes": [
						{"origin": [3.5, 16.75, -1], "size": [3, 0, 3], "uv": [49, 5]}
					]
				},
				{
					"name": "ear_right",
					"parent": "head",
					"pivot": [-3.5, 16.75, 2.25],
					"cubes": [
						{"origin": [-6.5, 16.75, -1], "size": [3, 0, 3], "uv": [55, 5], "mirror": true}
					]
				},
				{
					"name": "antenna_left",
					"parent": "head",
					"pivot": [2.5, 18, 0.75],
					"cubes": [
						{"origin": [2, 17, 0.25], "size": [1, 4, 1], "uv": [86, 25]}
					]
				},
				{
					"name": "antennatop_left",
					"parent": "antenna_left",
					"pivot": [2.5, 20, 0.75],
					"cubes": [
						{"origin": [1.5, 20, -0.25], "size": [2, 2, 2], "uv": [31, 28]}
					]
				},
				{
					"name": "antenna_right",
					"parent": "head",
					"pivot": [-2.5, 18, 0.75],
					"cubes": [
						{"origin": [-3, 17, 0.25], "size": [1, 4, 1], "uv": [81, 25], "mirror": true}
					]
				},
				{
					"name": "antennatop_right",
					"parent": "antenna_right",
					"pivot": [-2.5, 20, 0.75],
					"cubes": [
						{"origin": [-3.5, 20, -0.25], "size": [2, 2, 2], "uv": [31, 23], "mirror": true}
					]
				},
				{
					"name": "jaw",
					"parent": "head",
					"pivot": [0, 10.75, -3.75],
					"cubes": [
						{"origin": [-1.5, 9.75, -4.75], "size": [3, 1, 1], "inflate": -0.002, "uv": [64, 25]}
					]
				},
				{
					"name": "eye_right",
					"parent": "head",
					"pivot": [-3.025, 14.25, -2.775],
					"cubes": [
						{"origin": [-4.025, 13.25, -3.775], "size": [2, 2, 2], "uv": [64, 20]}
					]
				},
				{
					"name": "eyelid_right",
					"parent": "eye_right",
					"pivot": [-2.925, 14.25, -2.675],
					"cubes": [
						{"origin": [-3.925, 13.25, -3.675], "size": [2, 2, 2], "inflate": 0.05, "uv": [72, 20]}
					]
				},
				{
					"name": "eye_left",
					"parent": "head",
					"pivot": [3.025, 14.25, -2.775],
					"cubes": [
						{"origin": [2.025, 13.25, -3.775], "size": [2, 2, 2], "uv": [64, 15], "mirror": true}
					]
				},
				{
					"name": "eyelid_left",
					"parent": "eye_left",
					"pivot": [2.925, 14.25, -2.675],
					"cubes": [
						{"origin": [1.925, 13.25, -3.675], "size": [2, 2, 2], "inflate": 0.05, "uv": [72, 15], "mirror": true}
					]
				},
				{
					"name": "leg_left",
					"parent": "dog",
					"pivot": [3.25, 3.5, -3.5],
					"cubes": [
						{"origin": [2.25, 1.5, -5.5], "size": [2, 2, 2], "inflate": -0.001, "uv": [40, 28]}
					]
				},
				{
					"name": "foot_left",
					"parent": "leg_left",
					"pivot": [3.25, 3.5, -5.5],
					"cubes": [
						{"origin": [2.25, 1.5, -7.5], "size": [2, 2, 2], "uv": [48, 28]},
						{"origin": [2.75, 2, -7.525], "size": [1, 1, 0], "uv": [97, 11]}
					]
				},
				{
					"name": "toe_left",
					"parent": "foot_left",
					"pivot": [3.25, 3.5, -7.5],
					"cubes": [
						{"origin": [2.25, 3.5, -7.5], "size": [1, 1, 1], "inflate": 0.001, "uv": [12, 12]}
					]
				},
				{
					"name": "toe_left2",
					"parent": "foot_left",
					"pivot": [3.25, 3.5, -7.5],
					"cubes": [
						{"origin": [3.25, 3.5, -7.5], "size": [1, 1, 1], "inflate": 0.001, "uv": [12, 10]}
					]
				},
				{
					"name": "leg_right",
					"parent": "dog",
					"pivot": [-3.25, 3.5, -3.5],
					"cubes": [
						{"origin": [-4.25, 1.5, -5.5], "size": [2, 2, 2], "inflate": -0.001, "uv": [40, 23], "mirror": true}
					]
				},
				{
					"name": "foot_right",
					"parent": "leg_right",
					"pivot": [-3.25, 3.5, -5.5],
					"cubes": [
						{"origin": [-4.25, 1.5, -7.5], "size": [2, 2, 2], "uv": [48, 23], "mirror": true},
						{"origin": [-3.75, 2, -7.575], "size": [1, 1, 0], "uv": [97, 13], "mirror": true}
					]
				},
				{
					"name": "toe_right",
					"parent": "foot_right",
					"pivot": [-3.25, 3.5, -7.5],
					"cubes": [
						{"origin": [-3.25, 3.5, -7.5], "size": [1, 1, 1], "inflate": 0.001, "uv": [8, 12], "mirror": true}
					]
				},
				{
					"name": "toe_right2",
					"parent": "foot_right",
					"pivot": [-3.25, 3.5, -7.5],
					"cubes": [
						{"origin": [-4.25, 3.5, -7.5], "size": [1, 1, 1], "inflate": 0.001, "uv": [8, 10], "mirror": true}
					]
				},
				{
					"name": "ufo",
					"parent": "master",
					"pivot": [0, -0.0875, 0],
					"cubes": [
						{"origin": [-7, 0.925, -7.5], "size": [14, 0, 15], "uv": [49, 0]},
						{"origin": [-4, -6.1, -4], "size": [8, 6, 8], "uv": [0, 45]}
					]
				},
				{
					"name": "seatflower1_1",
					"parent": "ufo",
					"pivot": [0, 0.9, 6],
					"cubes": [
						{"origin": [-4.5, 0.9, 6], "size": [9, 0, 8], "uv": [10, 10]},
						{"origin": [-1.5, 1, 9.5], "size": [3, 3, 3], "uv": [52, 11]}
					]
				},
				{
					"name": "seatflower2_1",
					"parent": "seatflower1_1",
					"pivot": [0, 0.9, 14],
					"cubes": [
						{"origin": [-3, 0.9, 14], "size": [6, 0, 5], "uv": [47, 0]}
					]
				},
				{
					"name": "seatflower1_2",
					"parent": "ufo",
					"pivot": [-5.76057, 0.9, 1.84017],
					"rotation": [0, -72, 0],
					"cubes": [
						{"origin": [-10.23056, 0.9, 1.7929], "size": [9, 0, 8], "uv": [10, 10]},
						{"origin": [-7.23056, 1, 5.2929], "size": [3, 3, 3], "uv": [52, 11]}
					]
				},
				{
					"name": "seatflower2_2",
					"parent": "seatflower1_2",
					"pivot": [-5.73056, 0.9, 9.7929],
					"cubes": [
						{"origin": [-8.73056, 0.9, 9.7929], "size": [6, 0, 5], "uv": [47, 0]}
					]
				},
				{
					"name": "seatflower1_3",
					"parent": "ufo",
					"pivot": [5.76057, 0.9, 1.84017],
					"rotation": [0, 72, 0],
					"cubes": [
						{"origin": [1.23056, 0.9, 1.7929], "size": [9, 0, 8], "uv": [10, 10], "mirror": true},
						{"origin": [4.23056, 0.975, 5.2929], "size": [3, 3, 3], "uv": [52, 11], "mirror": true}
					]
				},
				{
					"name": "seatflower2_3",
					"parent": "seatflower1_3",
					"pivot": [5.73056, 0.9, 9.7929],
					"cubes": [
						{"origin": [2.73056, 0.9, 9.7929], "size": [6, 0, 5], "uv": [47, 0], "mirror": true}
					]
				},
				{
					"name": "seatflower1_4",
					"parent": "ufo",
					"pivot": [3.69533, 0.9, -4.10456],
					"rotation": [-180, 33, 180],
					"cubes": [
						{"origin": [-0.77726, 0.9, -3.97215], "size": [9, 0, 8], "uv": [10, 10], "mirror": true},
						{"origin": [2.22274, 0.95, -0.47215], "size": [3, 3, 3], "uv": [52, 11], "mirror": true}
					]
				},
				{
					"name": "seatflower2_4",
					"parent": "seatflower1_4",
					"pivot": [3.72274, 0.9, 4.02785],
					"cubes": [
						{"origin": [0.72274, 0.9, 4.02785], "size": [6, 0, 5], "uv": [47, 0], "mirror": true}
					]
				},
				{
					"name": "seatflower1_5",
					"parent": "ufo",
					"pivot": [-3.76057, 0.9, -4.15983],
					"rotation": [-180, -33, -180],
					"cubes": [
						{"origin": [-8.31259, 0.9, -4.1093], "size": [9, 0, 8], "uv": [10, 10]},
						{"origin": [-5.31259, 0.975, -0.6093], "size": [3, 3, 3], "uv": [52, 11]}
					]
				},
				{
					"name": "seatflower2_5",
					"parent": "seatflower1_5",
					"pivot": [-3.81259, 0.9, 3.8907],
					"cubes": [
						{"origin": [-6.81259, 0.9, 3.8907], "size": [6, 0, 5], "uv": [47, 0]}
					]
				},
				{
					"name": "petal1_1",
					"parent": "ufo",
					"pivot": [0, 0, 0],
					"cubes": [
						{"origin": [-7, 0, -10], "size": [14, 0, 10], "uv": [-10, 0]}
					]
				},
				{
					"name": "petal2_1",
					"parent": "petal1_1",
					"pivot": [0, -0.05, -6],
					"cubes": [
						{"origin": [-6, -0.05, -16], "size": [12, 0, 10], "uv": [18, 0]}
					]
				},
				{
					"name": "petal3_1",
					"parent": "petal2_1",
					"pivot": [0, -0.125, -13],
					"cubes": [
						{"origin": [-4, -0.125, -20], "size": [8, 0, 7], "uv": [29, 10]}
					]
				},
				{
					"name": "petal1_2",
					"parent": "ufo",
					"pivot": [0, -0.1, 0],
					"rotation": [0, -72, 0],
					"cubes": [
						{"origin": [-7, -0.1, -10], "size": [14, 0, 10], "uv": [-10, 0]}
					]
				},
				{
					"name": "petal2_2",
					"parent": "petal1_2",
					"pivot": [0, -0.15, -6],
					"cubes": [
						{"origin": [-6, -0.15, -16], "size": [12, 0, 10], "uv": [18, 0]}
					]
				},
				{
					"name": "petal3_2",
					"parent": "petal2_2",
					"pivot": [0, -0.225, -13],
					"cubes": [
						{"origin": [-4, -0.225, -20], "size": [8, 0, 7], "uv": [29, 10]}
					]
				},
				{
					"name": "petal1_3",
					"parent": "ufo",
					"pivot": [0, 0, 0],
					"rotation": [-180, -36, 180],
					"cubes": [
						{"origin": [-7, 0, -10], "size": [14, 0, 10], "uv": [-10, 0]}
					]
				},
				{
					"name": "petal2_3",
					"parent": "petal1_3",
					"pivot": [0, -0.05, -6],
					"cubes": [
						{"origin": [-6, -0.05, -16], "size": [12, 0, 10], "uv": [18, 0]}
					]
				},
				{
					"name": "petal3_3",
					"parent": "petal2_3",
					"pivot": [0, -0.125, -13],
					"cubes": [
						{"origin": [-4, -0.125, -20], "size": [8, 0, 7], "uv": [29, 10]}
					]
				},
				{
					"name": "petal1_4",
					"parent": "ufo",
					"pivot": [0, -0.05, 0],
					"rotation": [0, 72, 0],
					"cubes": [
						{"origin": [-7, -0.05, -10], "size": [14, 0, 10], "uv": [-10, 0]}
					]
				},
				{
					"name": "petal2_4",
					"parent": "petal1_4",
					"pivot": [0, -0.1, -6],
					"cubes": [
						{"origin": [-6, -0.1, -16], "size": [12, 0, 10], "uv": [18, 0]}
					]
				},
				{
					"name": "petal3_4",
					"parent": "petal2_4",
					"pivot": [0, -0.175, -13],
					"cubes": [
						{"origin": [-4, -0.175, -20], "size": [8, 0, 7], "uv": [29, 10]}
					]
				},
				{
					"name": "petal1_5",
					"parent": "ufo",
					"pivot": [0, 0, 0],
					"rotation": [-180, 36.5, 180],
					"cubes": [
						{"origin": [-7, 0, -10], "size": [14, 0, 10], "uv": [-10, 0]}
					]
				},
				{
					"name": "petal2_5",
					"parent": "petal1_5",
					"pivot": [0, -0.05, -6],
					"cubes": [
						{"origin": [-6, -0.05, -16], "size": [12, 0, 10], "uv": [18, 0]}
					]
				},
				{
					"name": "petal3_5",
					"parent": "petal2_5",
					"pivot": [0, -0.125, -13],
					"cubes": [
						{"origin": [-4, -0.125, -20], "size": [8, 0, 7], "uv": [29, 10]}
					]
				}
			]
		}
	]
}