{
	"format_version": "1.12.0",
	"minecraft:geometry": [
		{
			"description": {
				"identifier": "geometry.warabbit",
				"texture_width": 64,
				"texture_height": 64,
				"visible_bounds_width": 6,
				"visible_bounds_height": 3.5,
				"visible_bounds_offset": [0, 1.25, 0]
			},
			"bones": [
				{
					"name": "warabbit",
					"pivot": [0, 0.75, 0]
				},
				{
					"name": "body",
					"parent": "warabbit",
					"pivot": [0, 0.75, 0]
				},
				{
					"name": "torso",
					"parent": "body",
					"pivot": [0, 7.75, 0],
					"cubes": [
						{"origin": [-2, 3.75, -2], "size": [4, 7, 4], "uv": [22, 11]},
						{"origin": [-2, 7.25, -2], "size": [4, 4, 0], "pivot": [0, 7.25, -2], "rotation": [7.5, 0, 0], "uv": [0, 44]},
						{"origin": [-2, 7.25, 2], "size": [4, 4, 0], "pivot": [0, 7.25, 2], "rotation": [-172.5, 0, 180], "uv": [0, 44]},
						{"origin": [-4, 7.25, 0], "size": [4, 4, 0], "pivot": [-2, 7.25, 0], "rotation": [0, 90, -7.5], "uv": [0, 44]},
						{"origin": [0, 7.25, 0], "size": [4, 4, 0], "pivot": [2, 7.25, 0], "rotation": [0, -90, 7.5], "uv": [0, 44]},
						{"origin": [-2, 3.25, -2], "size": [4, 4, 0], "pivot": [0, 7.25, -2], "rotation": [-7.5, 0, 0], "uv": [8, 44]},
						{"origin": [-2, 3.25, 2], "size": [4, 4, 0], "pivot": [0, 7.25, 2], "rotation": [172.5, 0, 180], "uv": [8, 44]},
						{"origin": [-4, 3.25, 0], "size": [4, 4, 0], "pivot": [-2, 7.25, 0], "rotation": [0, 90, 7.5], "uv": [8, 44]},
						{"origin": [0, 3.25, 0], "size": [4, 4, 0], "pivot": [2, 7.25, 0], "rotation": [0, -90, -7.5], "uv": [8, 44]}
					]
				},
				{
					"name": "tail_base",
					"parent": "torso",
					"pivot": [0, 6.25, 2.5],
					"rotation": [0, -90, 0],
					"cubes": [
						{"origin": [-1.5, 4.75, 1.5], "size": [3, 3, 5], "inflate": 0.1, "uv": [20, 31]}
					]
				},
				{
					"name": "tail_segment_one",
					"parent": "tail_base",
					"pivot": [0, 6.25, 6],
					"rotation": [0, -90, 0],
					"cubes": [
						{"origin": [-1.5, 4.75, 6], "size": [3, 3, 6], "uv": [20, 22]}
					]
				},
				{
					"name": "tail_segment_two",
					"parent": "tail_segment_one",
					"pivot": [0, 6.25, 12],
					"rotation": [0, -90, 0],
					"cubes": [
						{"origin": [-1.5, 4.75, 11.5], "size": [3, 3, 8], "inflate": 0.1, "uv": [0, 11]}
					]
				},
				{
					"name": "tail_segment_three",
					"parent": "tail_segment_two",
					"pivot": [0, 6.25, 19],
					"rotation": [0, -90, 0],
					"cubes": [
						{"origin": [-1.5, 4.75, 19], "size": [3, 3, 6], "uv": [28, 0]}
					]
				},
				{
					"name": "tail_segment_four",
					"parent": "tail_segment_three",
					"pivot": [0, 6.25, 25],
					"rotation": [0, -90, 0],
					"cubes": [
						{"origin": [-1.5, 4.75, 24.5], "size": [3, 3, 4], "inflate": 0.1, "uv": [0, 32]}
					]
				},
				{
					"name": "tail_tip",
					"parent": "tail_segment_four",
					"pivot": [0, 6.25, 28.5],
					"rotation": [0, 90, 0],
					"cubes": [
						{"origin": [-2.5, 3.75, 28], "size": [5, 5, 5], "uv": [0, 22]},
						{"origin": [2.5, 6.25, 28], "size": [0, 3, 5], "pivot": [2.5, 6.25, 31], "rotation": [0, 0, 12.5], "uv": [38, 9]},
						{"origin": [0, 3.75, 28], "size": [0, 3, 5], "pivot": [0, 3.75, 30.5], "rotation": [90, -12.5, 90], "uv": [38, 9]},
						{"origin": [0, 8.75, 28], "size": [0, 3, 5], "pivot": [0, 8.75, 30.5], "rotation": [90, -12.5, -90], "uv": [38, 9]},
						{"origin": [-2.5, 6.25, 27], "size": [0, 3, 5], "pivot": [-2.5, 6.25, 30], "rotation": [0, 180, -12.5], "uv": [38, 9]},
						{"origin": [0.5, 6.25, 25], "size": [0, 3, 5], "pivot": [0.5, 6.25, 28], "rotation": [90, 77.5, 90], "uv": [38, 9]},
						{"origin": [-0.5, 6.25, 30], "size": [0, 3, 5], "pivot": [-0.5, 6.25, 33], "rotation": [-90, -77.5, 90], "uv": [38, 9]},
						{"origin": [2.5, 3.25, 28], "size": [0, 3, 5], "pivot": [2.5, 6.25, 30.5], "rotation": [0, 0, -12.5], "uv": [38, 17]},
						{"origin": [0, 0.75, 28], "size": [0, 3, 5], "pivot": [0, 3.75, 30.5], "rotation": [90, 12.5, 90], "uv": [38, 17]},
						{"origin": [0, 5.75, 28], "size": [0, 3, 5], "pivot": [0, 8.75, 30.5], "rotation": [90, 12.5, -90], "uv": [38, 17]},
						{"origin": [-2.5, 3.25, 28], "size": [0, 3, 5], "pivot": [-2.5, 6.25, 30.5], "rotation": [0, 180, 12.5], "uv": [38, 17]},
						{"origin": [0, 3.25, 25.5], "size": [0, 3, 5], "pivot": [0, 6.25, 28], "rotation": [-90, 77.5, -90], "uv": [38, 17]},
						{"origin": [0, 3.25, 30.5], "size": [0, 3, 5], "pivot": [0, 6.25, 33], "rotation": [90, -77.5, -90], "uv": [38, 17]}
					]
				},
				{
					"name": "upper_torso",
					"parent": "torso",
					"pivot": [0, 10.25, 0],
					"cubes": [
						{"origin": [-1.5, 10.25, -1.5], "size": [3, 3, 3], "uv": [38, 25]}
					]
				},
				{
					"name": "left_arm",
					"parent": "upper_torso",
					"pivot": [1, 11.25, 0],
					"cubes": [
						{"origin": [0.5, 10.25, -1], "size": [6, 2, 2], "uv": [36, 31]}
					]
				},
				{
					"name": "left_paw",
					"parent": "left_arm",
					"pivot": [6, 11.25, 0],
					"cubes": [
						{"origin": [6, 10.25, -1.5], "size": [2, 2, 3], "inflate": 0.1, "uv": [0, 39]}
					]
				},
				{
					"name": "right_arm",
					"parent": "upper_torso",
					"pivot": [-1, 11.25, 0],
					"cubes": [
						{"origin": [-6.5, 10.25, -1], "size": [6, 2, 2], "uv": [36, 35]}
					]
				},
				{
					"name": "right_paw",
					"parent": "right_arm",
					"pivot": [-6, 11.25, 0],
					"cubes": [
						{"origin": [-8, 10.25, -1.5], "size": [2, 2, 3], "inflate": 0.1, "uv": [10, 39]}
					]
				},
				{
					"name": "head",
					"parent": "upper_torso",
					"pivot": [0, 13.25, 0],
					"rotation": [7.5, 0, 0],
					"cubes": [
						{"origin": [-3.5, 12.75, -3.5], "size": [7, 4, 7], "pivot": [0, 0, 0], "rotation": [0, 45, 0], "uv": [0, 0]}
					]
				},
				{
					"name": "left_whiskers",
					"parent": "head",
					"pivot": [1.5, 13.75, -3.6],
					"rotation": [0, -12.5, 0],
					"cubes": [
						{"origin": [1.5, 13.25, -3.5], "size": [2, 1, 1], "uv": [0, 50]}
					]
				},
				{
					"name": "right_whiskers",
					"parent": "head",
					"pivot": [-1.5, 13.75, -3.6],
					"rotation": [0, 12.5, 0],
					"cubes": [
						{"origin": [-3.5, 13.25, -3.5], "size": [2, 1, 1], "uv": [6, 50]}
					]
				},
				{
					"name": "left_ear",
					"parent": "head",
					"pivot": [2, 16.25, 1.5],
					"rotation": [-52, 8, 6],
					"cubes": [
						{"origin": [1, 19.25, 1], "size": [2, 7, 1], "uv": [36, 39]},
						{"origin": [1, 16.25, 1], "size": [1, 3, 1], "uv": [32, 46]}
					]
				},
				{
					"name": "right_ear",
					"parent": "head",
					"pivot": [-2, 16.25, 1.5],
					"rotation": [-52, -8, -6],
					"cubes": [
						{"origin": [-3, 19.25, 1], "size": [2, 7, 1], "uv": [42, 39]},
						{"origin": [-2, 16.25, 1], "size": [1, 3, 1], "uv": [36, 47]}
					]
				},
				{
					"name": "eyes",
					"parent": "head",
					"pivot": [0, 13.25, 0]
				},
				{
					"name": "eye_right",
					"parent": "eyes",
					"pivot": [0, 13.25, 0],
					"cubes": [
						{"origin": [-5.1, 14.75, -2.1], "size": [1, 1, 1], "pivot": [-1.5, 0, 1.5], "rotation": [0, -45, 0], "uv": [28, 9]},
						{"origin": [-5.1, 15.15, -1.1], "size": [1, 1, 2], "pivot": [-1.5, 0, 1.5], "rotation": [0, -45, 0], "uv": [14, 32]}
					]
				},
				{
					"name": "eye_left",
					"parent": "eyes",
					"pivot": [0, 13.25, 0],
					"cubes": [
						{"origin": [4.1, 14.75, -2.1], "size": [1, 1, 1], "pivot": [1.5, 0, 1.5], "rotation": [0, 45, 0], "uv": [32, 9]},
						{"origin": [4.1, 15.15, -1.1], "size": [1, 1, 2], "pivot": [1.5, 0, 1.5], "rotation": [0, 45, 0], "uv": [14, 35]}
					]
				},
				{
					"name": "mouth",
					"parent": "head",
					"pivot": [0, 13.25, 0]
				},
				{
					"name": "mouth_closed",
					"parent": "mouth",
					"pivot": [0, 13.25, 0],
					"cubes": [
						{"origin": [2.5, 13.5, -3.501], "size": [1, 1, 0], "pivot": [0, 0, 0], "rotation": [0, 45, 0], "uv": [36, 9]},
						{"origin": [1.5, 12.75, -3.501], "size": [1, 1, 0], "pivot": [0, 0, 0], "rotation": [0, 45, 0], "uv": [36, 10]},
						{"origin": [-3.5, 13.5, -3.501], "size": [1, 1, 0], "pivot": [0, 0, 0], "rotation": [0, -45, 0], "uv": [36, 9], "mirror": true},
						{"origin": [-2.5, 12.75, -3.501], "size": [1, 1, 0], "pivot": [0, 0, 0], "rotation": [0, -45, 0], "uv": [36, 10], "mirror": true}
					]
				},
				{
					"name": "mouth_open",
					"parent": "mouth",
					"pivot": [0, 13.25, 0],
					"cubes": [
						{"origin": [1.5, 12.75, -3.4], "size": [2, 2, 0], "pivot": [0, 0, 0], "rotation": [0, 45, 0], "uv": [16, 44]},
						{"origin": [-3.5, 12.75, -3.4], "size": [2, 2, 0], "pivot": [0, 0, 0], "rotation": [0, -45, 0], "uv": [40, 47]}
					]
				},
				{
					"name": "left_upper_leg",
					"parent": "body",
					"pivot": [2, 6.25, -1],
					"rotation": [32.5, 0, 0],
					"cubes": [
						{"origin": [1, 1.25, -2], "size": [2, 5, 2], "uv": [20, 39]}
					]
				},
				{
					"name": "left_lower_leg",
					"parent": "left_upper_leg",
					"pivot": [2, 1.75, -1],
					"rotation": [-40, 0, 0],
					"cubes": [
						{"origin": [1, -0.25, -2], "size": [2, 2, 2], "inflate": -0.1, "uv": [46, 0]}
					]
				},
				{
					"name": "left_foot",
					"parent": "left_lower_leg",
					"pivot": [2, 0.25, -1],
					"rotation": [7.5, 0, 0],
					"cubes": [
						{"origin": [1, -0.75, -2.5], "size": [2, 1, 2], "uv": [16, 46]},
						{"origin": [1.5, -0.85, -2], "size": [1, 1, 1], "uv": [44, 47]}
					]
				},
				{
					"name": "left_inner_toe",
					"parent": "left_foot",
					"pivot": [1.3, -0.25, -2.3],
					"rotation": [0, 22.5, 0],
					"cubes": [
						{"origin": [0.8, -0.75, -3.3], "size": [1, 1, 1], "uv": [0, 48]}
					]
				},
				{
					"name": "left_middle_toe",
					"parent": "left_foot",
					"pivot": [2, -0.25, -2.5],
					"cubes": [
						{"origin": [1.5, -0.75, -3.5], "size": [1, 1, 1], "uv": [4, 48]}
					]
				},
				{
					"name": "left_outer_toe",
					"parent": "left_foot",
					"pivot": [2.7, -0.25, -2.3],
					"rotation": [0, -22.5, 0],
					"cubes": [
						{"origin": [2.2, -0.75, -3.3], "size": [1, 1, 1], "uv": [8, 48]}
					]
				},
				{
					"name": "right_upper_leg",
					"parent": "body",
					"pivot": [-2, 6.25, -1],
					"rotation": [32.5, 0, 0],
					"cubes": [
						{"origin": [-3, 1.25, -2], "size": [2, 5, 2], "uv": [28, 39]}
					]
				},
				{
					"name": "right_lower_leg",
					"parent": "right_upper_leg",
					"pivot": [-2, 1.75, -1],
					"rotation": [-40, 0, 0],
					"cubes": [
						{"origin": [-3, -0.25, -2], "size": [2, 2, 2], "inflate": -0.1, "uv": [46, 4]}
					]
				},
				{
					"name": "right_foot",
					"parent": "right_lower_leg",
					"pivot": [-2, 0.25, -1],
					"rotation": [7.5, 0, 0],
					"cubes": [
						{"origin": [-3, -0.75, -2.5], "size": [2, 1, 2], "uv": [24, 46]},
						{"origin": [-2.5, -0.85, -2], "size": [1, 1, 1], "uv": [48, 8]}
					]
				},
				{
					"name": "right_outer_toe",
					"parent": "right_foot",
					"pivot": [-2.7, -0.25, -2.4],
					"rotation": [0, 22.5, 0],
					"cubes": [
						{"origin": [-3.2, -0.75, -3.3], "size": [1, 1, 1], "uv": [48, 10]}
					]
				},
				{
					"name": "right_middle_toe",
					"parent": "right_foot",
					"pivot": [-2, -0.25, -2.5],
					"cubes": [
						{"origin": [-2.5, -0.75, -3.5], "size": [1, 1, 1], "uv": [12, 48]}
					]
				},
				{
					"name": "right_inner_toe",
					"parent": "right_foot",
					"pivot": [-1.3, -0.25, -2.3],
					"rotation": [0, -22.5, 0],
					"cubes": [
						{"origin": [-1.8, -0.75, -3.3], "size": [1, 1, 1], "uv": [48, 12]}
					]
				}
			]
		}
	]
}