{
	"format_version": "1.12.0",
	"minecraft:geometry": [
		{
			"description": {
				"identifier": "geometry.eggdino",
				"texture_width": 64,
				"texture_height": 64,
				"visible_bounds_width": 2,
				"visible_bounds_height": 2.5,
				"visible_bounds_offset": [0, 0.75, 0]
			},
			"bones": [
				{
					"name": "bone2",
					"pivot": [0, 0, 0]
				},
				{
					"name": "bone10",
					"parent": "bone2",
					"pivot": [0.5, -0.1, -3.2]
				},
				{
					"name": "l_leg",
					"parent": "bone10",
					"pivot": [2.58571, 3.53238, -0.36286]
				},
				{
					"name": "l_thigh",
					"parent": "l_leg",
					"pivot": [1.1, 2, 0.2],
					"cubes": [
						{"origin": [1.5, 2.3, -1.8], "size": [2, 3, 3], "inflate": 0.1, "pivot": [0.5, 2, 0.2], "rotation": [6, 0, 0], "uv": [12, 34]},
						{"origin": [2.1, 2.3, -1.8], "size": [2, 3, 3], "inflate": -0.3, "pivot": [1.1, 2, 0.2], "rotation": [6, 0, 0], "uv": [32, 37]}
					]
				},
				{
					"name": "l_lower_leg",
					"parent": "l_leg",
					"pivot": [2.5, 0.57013, -0.03275],
					"cubes": [
						{"origin": [1.5, 0, -1.4], "size": [2, 3, 2], "inflate": -0.2, "pivot": [0.5, 2.6, -0.4], "rotation": [17.5, 0, 0], "uv": [20, 40]},
						{"origin": [1.5, 0, -1.4], "size": [2, 1, 3], "inflate": 0.01, "uv": [40, 8]},
						{"origin": [2, -0.1, 1.5], "size": [1, 1, 1], "inflate": -0.1, "uv": [28, 40]},
						{"origin": [1.5, -0.1, -2.3], "size": [1, 1, 1], "inflate": -0.1, "uv": [28, 42]},
						{"origin": [2.5, -0.1, -2.3], "size": [1, 1, 1], "inflate": -0.1, "uv": [12, 32]},
						{"origin": [1.5, -0.26, -1.4], "size": [2, 1, 3], "inflate": -0.2, "uv": [40, 14]},
						{"origin": [2, 0, 0.74], "size": [1, 1, 1], "inflate": -0.1, "uv": [15, 46]}
					]
				},
				{
					"name": "r_leg",
					"parent": "bone10",
					"pivot": [-2.5, 3.8, -0.5]
				},
				{
					"name": "r_thigh",
					"parent": "r_leg",
					"pivot": [-2.8, 3.8, -0.3],
					"cubes": [
						{"origin": [-3.5, 2.3, -1.8], "size": [2, 3, 3], "inflate": 0.1, "pivot": [-0.5, 2, 0.2], "rotation": [6, 0, 0], "uv": [22, 34]},
						{"origin": [-4.1, 2.3, -1.8], "size": [2, 3, 3], "inflate": -0.3, "pivot": [-1.1, 2, 0.2], "rotation": [6, 0, 0], "uv": [0, 40]}
					]
				},
				{
					"name": "lower_leg",
					"parent": "r_thigh",
					"pivot": [-2.5, 2.67013, -0.43275],
					"cubes": [
						{"origin": [-3.5, 0, -1.4], "size": [2, 3, 2], "inflate": -0.2, "pivot": [-0.5, 2.6, -0.4], "rotation": [17.5, 0, 0], "uv": [42, 37]},
						{"origin": [-3.5, 0, -1.4], "size": [2, 1, 3], "inflate": 0.01, "uv": [10, 40]},
						{"origin": [-3, -0.1, 1.5], "size": [1, 1, 1], "inflate": -0.1, "uv": [10, 44]},
						{"origin": [-2.5, -0.1, -2.3], "size": [1, 1, 1], "inflate": -0.1, "uv": [32, 43]},
						{"origin": [-3.5, -0.1, -2.3], "size": [1, 1, 1], "inflate": -0.1, "uv": [36, 43]},
						{"origin": [-3.5, -0.26, -1.4], "size": [2, 1, 3], "inflate": -0.2, "uv": [40, 14], "mirror": true},
						{"origin": [-3, 0, 0.74], "size": [1, 1, 1], "inflate": -0.1, "uv": [15, 46], "mirror": true}
					]
				},
				{
					"name": "bone",
					"parent": "bone2",
					"pivot": [0, 2, 0],
					"cubes": [
						{"origin": [-1, 3.84695, -1.36896], "size": [2, 4, 2], "inflate": -0.21, "uv": [2, 56]},
						{"origin": [-1, 7.426, -1.36896], "size": [2, 3, 2], "inflate": -0.21, "pivot": [0, 7.626, 1.43104], "rotation": [7.5, 0, 0], "uv": [2, 56]}
					]
				},
				{
					"name": "bone9",
					"parent": "bone",
					"pivot": [0, 5.51344, -0.4461]
				},
				{
					"name": "bone7",
					"parent": "bone9",
					"pivot": [0, 8.20196, -0.87176],
					"cubes": [
						{"origin": [-3, 7.14695, -3.35], "size": [0, 2, 6], "uv": [32, 13]},
						{"origin": [-3, 7.14695, -3.35], "size": [6, 2, 0], "uv": [40, 0]},
						{"origin": [-3, 9.142, -3.35], "size": [6, 1, 6], "uv": [0, 9]},
						{"origin": [-2, 9.64695, -2.36896], "size": [4, 1, 4], "uv": [24, 8]},
						{"origin": [3, 7.14695, -3.35], "size": [0, 2, 6], "uv": [0, 32]},
						{"origin": [-3, 7.14695, 2.65], "size": [6, 2, 0], "uv": [40, 2]},
						{"origin": [-2, 5.14695, -2.36896], "size": [4, 4, 4], "inflate": 0.3, "uv": [24, 0]},
						{"origin": [-1.6, 6.14695, -2.67896], "size": [1, 2, 0], "uv": [30, 13]},
						{"origin": [0.6, 6.14695, -2.67896], "size": [1, 2, 0], "uv": [40, 43]}
					]
				},
				{
					"name": "bone8",
					"parent": "bone7",
					"pivot": [-1.5, 9.04695, -3.2],
					"cubes": [
						{"origin": [0.5, 8.54695, -3.7], "size": [2, 1, 1], "uv": [24, 13]},
						{"origin": [-2.5, 8.54695, -3.7], "size": [2, 1, 1], "uv": [42, 42]}
					]
				},
				{
					"name": "bone5",
					"parent": "bone",
					"pivot": [0, 7.69695, -0.36896]
				},
				{
					"name": "bone6",
					"parent": "bone5",
					"pivot": [0, 3.14695, -0.36896],
					"cubes": [
						{"origin": [-3, 5.14695, -3.35], "size": [6, 2, 0], "uv": [40, 6]},
						{"origin": [-3, 5.14695, 2.65], "size": [6, 2, 0], "uv": [40, 4]},
						{"origin": [-3, 5.14695, -3.35], "size": [0, 2, 6], "uv": [32, 21]},
						{"origin": [3, 5.14695, -3.35], "size": [0, 2, 6], "uv": [32, 29]}
					]
				},
				{
					"name": "bone4",
					"parent": "bone",
					"pivot": [0, 6.65547, -0.20441],
					"rotation": [5, 0, 0],
					"cubes": [
						{"origin": [-3, 2.46324, -3.44206], "size": [6, 3, 6], "inflate": 0.002, "uv": [0, 0]},
						{"origin": [-2, 1.96324, -2.44206], "size": [4, 1, 4], "uv": [16, 24]},
						{"origin": [-2, 1.36324, -2.44206], "size": [4, 1, 4], "inflate": -0.4, "uv": [16, 29]}
					]
				},
				{
					"name": "bone3",
					"parent": "bone4",
					"pivot": [0, 3.24123, 6.5536]
				},
				{
					"name": "bone11",
					"parent": "bone",
					"pivot": [0, 4.1, 2],
					"cubes": [
						{"origin": [-1, 3.16324, -1.44206], "size": [2, 2, 5], "inflate": 0.2, "uv": [1, 17]},
						{"origin": [-0.5, 4.9, 2.7], "size": [1, 1, 1], "inflate": -0.3, "uv": [28, 40]}
					]
				},
				{
					"name": "bone12",
					"parent": "bone11",
					"pivot": [0, 4.09186, 3.63704],
					"cubes": [
						{"origin": [-1, 3.10218, -0.45917], "size": [2, 2, 6], "uv": [16, 16]},
						{"origin": [-0.5, 4.58153, 4.23325], "size": [1, 1, 1], "inflate": -0.3, "uv": [28, 40]}
					]
				},
				{
					"name": "bone13",
					"parent": "bone12",
					"pivot": [0, 4.10334, 5.50985],
					"cubes": [
						{"origin": [-1, 3.10218, 1.54083], "size": [2, 2, 6], "inflate": -0.4, "uv": [0, 24]},
						{"origin": [-0.5, 4.14123, 6.0536], "size": [1, 1, 1], "inflate": -0.3, "uv": [28, 40]}
					]
				}
			]
		}
	]
}