{
	"format_version": "1.8.0",
	"animations": {
		"animation.ralts_altered.ground_idle": {
			"loop": true,
			"bones": {
				"arm_left": {
					"rotation": [6.30213, -8.96527, "52.6391+1*math.sin(q.anim_time*90*2-20)"]
				},
				"arm_left2": {
					"rotation": [0, "5+math.sin(q.anim_time*90*1-150)*3", 0]
				},
				"arm_right": {
					"rotation": [6.30213, 8.96527, "-52.6391-1*math.sin(q.anim_time*90*2-20)"]
				},
				"arm_right2": {
					"rotation": [0, "-5+math.sin(q.anim_time*90*1-150)*3", 0]
				},
				"leg_left": {
					"rotation": [0, -2.5, 0],
					"position": [-0.1, "math.sin(q.anim_time*90*1-150)*0.04", 0]
				},
				"leg_right": {
					"rotation": [0, 2.5, 0],
					"position": [0.1, "math.sin(q.anim_time*90*1-150)*0.04", 0]
				},
				"leg_robe_left": {
					"rotation": [0, 0, 0]
				},
				"leg_robe_right": {
					"rotation": [0, 0, 0]
				},
				"torso": {
					"rotation": ["2*math.sin(q.anim_time*90*1-60)", 0, 0],
					"position": [0, "math.sin(q.anim_time*90*1-150)*0.05", 0]
				},
				"chest": {
					"rotation": [-2.5, 0, "1*math.cos(q.anim_time*90*1-60)"],
					"position": [0, "0.02*math.sin(q.anim_time*90*1)", 0]
				},
				"head": {
					"rotation": ["14.5-3*math.sin(q.anim_time*90*1-90)", 0, 0]
				},
				"leg_robe_left2": {
					"rotation": ["-3*math.sin(q.anim_time*90*1-50)", 0, 0]
				},
				"leg_robe_right2": {
					"rotation": ["3*math.sin(q.anim_time*90*1)", 0, 0]
				},
				"leg_left2": {
					"position": [0, "-math.sin(q.anim_time*90*1-150)*0.04", 0]
				},
				"leg_right2": {
					"position": [0, "-math.sin(q.anim_time*90*1-150)*0.04", 0]
				},
				"gammawisp": {
					"rotation": [0, "math.mod(query.anim_time*0.3,1)*360", 0]
				}
			}
		},
		"animation.ralts_altered.battle_idle": {
			"loop": true,
			"bones": {
				"arm_left": {
					"rotation": [56.06706, 23.72019, 64.43547]
				},
				"arm_left2": {
					"rotation": [0, 55, 0]
				},
				"arm_right": {
					"rotation": [56.06706, -23.72019, -64.43547]
				},
				"arm_right2": {
					"rotation": [0, -55, 0]
				},
				"leg_left": {
					"rotation": [0, 2.5, 0],
					"position": [-0.1, 0, 0]
				},
				"leg_right": {
					"rotation": [0, -2.5, 0],
					"position": [0.1, 0, 0]
				},
				"leg_robe_left": {
					"rotation": [0, 0, 0]
				},
				"leg_robe_right": {
					"rotation": [0, 0, 0]
				},
				"torso": {
					"rotation": [0, 0, 0]
				},
				"chest": {
					"rotation": ["-5+3*math.sin(q.anim_time*90*1-60)", 0, "0+1*math.cos(q.anim_time*90*1-60)"],
					"position": [0, "0.02*math.sin(q.anim_time*90*1)", 0]
				},
				"head": {
					"rotation": ["25-1*math.sin(q.anim_time*90*1-120)", 0, 0]
				},
				"leg_robe_left2": {
					"rotation": ["-3*math.sin(q.anim_time*90*1-50)", 0, 0]
				},
				"leg_robe_right2": {
					"rotation": ["3*math.sin(q.anim_time*90*1)", 0, 0]
				},
				"gammawisp": {
					"rotation": [0, "math.mod(query.anim_time*0.3,1)*360", 0]
				}
			}
		},
		"animation.ralts_altered.ground_walk": {
			"loop": true,
			"animation_length": 2,
			"bones": {
				"arm_left": {
					"rotation": [8.55028, "-1.6249+2*math.sin(q.anim_time*90*6-20)", "51.0337+1*math.sin(q.anim_time*90*12-20)"]
				},
				"arm_left2": {
					"rotation": [0, "5+2*math.sin(q.anim_time*90*6-60)", 0]
				},
				"arm_right": {
					"rotation": [8.55028, "1.6249+2*math.sin(q.anim_time*90*6-20)", "-51.0337-1*math.sin(q.anim_time*90*12-20)"]
				},
				"arm_right2": {
					"rotation": [0, "-5+2*math.sin(q.anim_time*90*6-60)", 0]
				},
				"leg_left": {
					"rotation": {
						"0.0": {
							"post": [6.09, 0, 0],
							"lerp_mode": "catmullrom"
						},
						"0.1667": {
							"post": [7.5, 0, 0],
							"lerp_mode": "catmullrom"
						},
						"0.375": {
							"post": [-15, 0, 0],
							"lerp_mode": "catmullrom"
						},
						"0.5": {
							"post": [0, 0, 0],
							"lerp_mode": "catmullrom"
						},
						"0.8333": {
							"post": [7.5, 0, 0],
							"lerp_mode": "catmullrom"
						},
						"1.0417": {
							"post": [-15, 0, 0],
							"lerp_mode": "catmullrom"
						},
						"1.1667": {
							"post": [0, 0, 0],
							"lerp_mode": "catmullrom"
						},
						"1.3333": {
							"post": [6.09, 0, 0],
							"lerp_mode": "catmullrom"
						},
						"1.5": {
							"post": [7.5, 0, 0],
							"lerp_mode": "catmullrom"
						},
						"1.7083": {
							"post": [-15, 0, 0],
							"lerp_mode": "catmullrom"
						},
						"1.8333": {
							"post": [0, 0, 0],
							"lerp_mode": "catmullrom"
						},
						"2.0": {
							"post": [6.09, 0, 0],
							"lerp_mode": "catmullrom"
						}
					},
					"position": {
						"0.0": [-0.1, -0.21, 0.02],
						"0.1667": [-0.1, 0, 0.3],
						"0.4167": [-0.1, 0.1, -0.15],
						"0.5": [-0.1, 0, -0.3],
						"0.6667": [-0.1, -0.21, 0.02],
						"0.8333": [-0.1, 0, 0.3],
						"1.0833": [-0.1, 0.1, -0.15],
						"1.1667": [-0.1, 0, -0.3],
						"1.3333": [-0.1, -0.21, 0.02],
						"1.5": [-0.1, 0, 0.3],
						"1.75": [-0.1, 0.1, -0.15],
						"1.8333": [-0.1, 0, -0.3],
						"2.0": [-0.1, -0.21, 0.02]
					}
				},
				"leg_right": {
					"rotation": {
						"0.0": {
							"post": [-12.52, 0, 0],
							"lerp_mode": "catmullrom"
						},
						"0.0417": {
							"post": [-15, 0, 0],
							"lerp_mode": "catmullrom"
						},
						"0.1667": {
							"post": [0, 0, 0],
							"lerp_mode": "catmullrom"
						},
						"0.3333": {
							"post": [6.09, 0, 0],
							"lerp_mode": "catmullrom"
						},
						"0.5": {
							"post": [7.5, 0, 0],
							"lerp_mode": "catmullrom"
						},
						"0.7083": {
							"post": [-15, 0, 0],
							"lerp_mode": "catmullrom"
						},
						"0.8333": {
							"post": [0, 0, 0],
							"lerp_mode": "catmullrom"
						},
						"1.1667": {
							"post": [7.5, 0, 0],
							"lerp_mode": "catmullrom"
						},
						"1.375": {
							"post": [-15, 0, 0],
							"lerp_mode": "catmullrom"
						},
						"1.5": {
							"post": [0, 0, 0],
							"lerp_mode": "catmullrom"
						},
						"1.6667": {
							"post": [6.09, 0, 0],
							"lerp_mode": "catmullrom"
						},
						"1.8333": {
							"post": [7.5, 0, 0],
							"lerp_mode": "catmullrom"
						},
						"2.0": {
							"post": [-12.52, 0, 0],
							"lerp_mode": "catmullrom"
						}
					},
					"position": {
						"0.0": [0.1, 0.07, 0],
						"0.0833": [0.1, 0.1, -0.15],
						"0.1667": [0.1, 0, -0.3],
						"0.3333": [0.1, -0.21, 0.02],
						"0.5": [0.1, 0, 0.3],
						"0.75": [0.1, 0.1, -0.15],
						"0.8333": [0.1, 0, -0.3],
						"1.0": [0.1, -0.21, 0.02],
						"1.1667": [0.1, 0, 0.3],
						"1.4167": [0.1, 0.1, -0.15],
						"1.5": [0.1, 0, -0.3],
						"1.6667": [0.1, -0.21, 0.02],
						"1.8333": [0.1, 0, 0.3],
						"2.0": [0.1, 0.07, 0]
					}
				},
				"leg_robe_left": {
					"rotation": ["11-12*math.cos(q.anim_time*90*6+50)", 0, 0]
				},
				"leg_robe_right": {
					"rotation": ["11-12*math.cos(q.anim_time*90*6+50)", 0, 0]
				},
				"torso": {
					"rotation": ["1*math.sin(q.anim_time*90*12-20)", "-3*math.sin(q.anim_time*90*6-20)", "5*math.sin(q.anim_time*90*6)"],
					"position": [0, "0.08*math.sin(q.anim_time*90*12-50)", 0]
				},
				"chest": {
					"rotation": ["2.5+1*math.sin(q.anim_time*90*6-60)", "4*math.sin(q.anim_time*90*6-30)", "-5*math.sin(q.anim_time*90*6-10)"],
					"position": [0, "0.02*math.sin(q.anim_time*90*6)", -0.1]
				},
				"head": {
					"rotation": ["12.5-0.5*math.sin(q.anim_time*90*12-120)", 0, "2*math.sin(q.anim_time*90*6-120)"]
				},
				"leg_robe_left2": {
					"rotation": ["-22.5-15*math.sin(q.anim_time*90*2-50)", 0, 0]
				},
				"leg_robe_right2": {
					"rotation": ["-22.5+15*math.sin(q.anim_time*90*2-50)", 0, 0]
				},
				"leg_left2": {
					"rotation": {
						"0.0": [3.75, 0, 0],
						"0.1667": [7.5, 0, 0],
						"0.3333": [7.5, 0, 0],
						"0.4167": [6.25, 0, 0],
						"0.5": [0, 0, 0],
						"0.8333": [7.5, 0, 0],
						"1.0": [7.5, 0, 0],
						"1.0833": [6.25, 0, 0],
						"1.1667": [0, 0, 0],
						"1.3333": [3.75, 0, 0],
						"1.5": [7.5, 0, 0],
						"1.6667": [7.5, 0, 0],
						"1.75": [6.25, 0, 0],
						"1.8333": [0, 0, 0],
						"2.0": [3.75, 0, 0]
					}
				},
				"leg_right2": {
					"rotation": {
						"0.0": [7.5, 0, 0],
						"0.0833": [6.25, 0, 0],
						"0.1667": [0, 0, 0],
						"0.3333": [3.75, 0, 0],
						"0.5": [7.5, 0, 0],
						"0.6667": [7.5, 0, 0],
						"0.75": [6.25, 0, 0],
						"0.8333": [0, 0, 0],
						"1.1667": [7.5, 0, 0],
						"1.3333": [7.5, 0, 0],
						"1.4167": [6.25, 0, 0],
						"1.5": [0, 0, 0],
						"1.6667": [3.75, 0, 0],
						"1.8333": [7.5, 0, 0],
						"2.0": [7.5, 0, 0]
					}
				},
				"gammawisp": {
					"rotation": [0, "math.mod(query.anim_time*0.3,1)*360", 0]
				}
			}
		},
		"animation.ralts_altered.sleep": {
			"loop": true,
			"animation_length": 10.2917,
			"bones": {
				"arm_left": {
					"rotation": [24.21289, 29.26111, 30.5183],
					"position": [-0.25, 0, 0]
				},
				"arm_left2": {
					"rotation": [0, 100, 0]
				},
				"arm_right": {
					"rotation": [24.21289, -29.26111, -30.5183],
					"position": [0.25, 0, 0]
				},
				"arm_right2": {
					"rotation": [0, -100, 0]
				},
				"leg_left": {
					"rotation": [-15, 0, 0],
					"position": [-0.1, 0, 0]
				},
				"leg_right": {
					"rotation": [-15, 0, 0],
					"position": [0.1, 0, 0]
				},
				"leg_robe_left": {
					"rotation": [-5, 0, 0]
				},
				"leg_robe_right": {
					"rotation": [-5, 0, 0]
				},
				"torso": {
					"rotation": ["-12.5+2*math.sin(q.anim_time*90*0.5-60)", 0, 0],
					"position": [0, -1.1, 0.2]
				},
				"chest": {
					"rotation": [17.5, 0, "0.2*math.cos(q.anim_time*90*2-60)"],
					"position": [0, "-0.5+0.02*math.sin(q.anim_time*90*1)", -0.05]
				},
				"head": {
					"rotation": ["22-1*math.sin(q.anim_time*90*0.5-90)", 0, 0],
					"position": [0, -0.3, 0]
				},
				"leg_robe_left2": {
					"rotation": ["-3*math.sin(q.anim_time*90*1-50)", 0, 0]
				},
				"leg_robe_right2": {
					"rotation": ["3*math.sin(q.anim_time*90*1)", 0, 0]
				},
				"body": {
					"position": [0, -0.5, 0]
				},
				"eyelid_left": {
					"position": [0.1, 0, -0.1]
				},
				"eyelid_right": {
					"position": [-0.1, 0, -0.1]
				},
				"leg_left2": {
					"rotation": [17.5, 0, 0]
				},
				"leg_right2": {
					"rotation": [17.5, 0, 0]
				},
				"gammawisp": {
					"rotation": [0, "math.mod(query.anim_time*0.3,1)*360", 0]
				}
			}
		},
		"animation.ralts_altered.blink": {
			"animation_length": 0.1667,
			"bones": {
				"eyelid_left": {
					"position": {
						"0.0": [0.1, 0, -0.1],
						"0.125": [0.1, 0, -0.1],
						"0.1667": [0, 0, 0]
					}
				},
				"eyelid_right": {
					"position": {
						"0.0": [-0.1, 0, -0.1],
						"0.125": [-0.1, 0, -0.1],
						"0.1667": [0, 0, 0]
					}
				}
			}
		},
		"animation.ralts_altered.cry": {
			"animation_length": 2,
			"bones": {
				"chest": {
					"rotation": {
						"0.0": {
							"post": [0, 0, 0],
							"lerp_mode": "catmullrom"
						},
						"0.375": {
							"post": [2.5, 0, 0],
							"lerp_mode": "catmullrom"
						},
						"1.5": {
							"post": [0, 0, 0],
							"lerp_mode": "catmullrom"
						},
						"2.0": {
							"post": [0, 0, 0],
							"lerp_mode": "catmullrom"
						}
					}
				},
				"head": {
					"rotation": {
						"0.0": [0, 0, 0],
						"0.125": {
							"pre": [1.5, 0, 0],
							"post": [1.5, 0, 0],
							"lerp_mode": "catmullrom"
						},
						"0.2917": {
							"post": [-2.5, 0, 0],
							"lerp_mode": "catmullrom"
						},
						"0.4583": {
							"post": [-3.5, 0, 0],
							"lerp_mode": "catmullrom"
						},
						"0.625": {
							"post": [0.75, 0, 0],
							"lerp_mode": "catmullrom"
						},
						"0.875": {
							"post": [1.85, 0, 0],
							"lerp_mode": "catmullrom"
						},
						"1.4583": {
							"post": [0.23, 0, 0],
							"lerp_mode": "catmullrom"
						},
						"2.0": [0, 0, 0]
					}
				},
				"mouth_closed": {
					"position": {
						"0.0": [0, 0, 0],
						"0.2083": {"pre": [0, 0, 0], "post": [0, 0, 0.1]},
						"1.0417": {"pre": [0, 0, 0.1], "post": [0, 0, 0]}
					}
				},
				"mouth_o": {
					"position": {
						"0.0": [0, 0, 0],
						"0.4167": {"pre": [0, 0, 0], "post": [0, 0, -0.1]},
						"1.0417": {"pre": [0, 0, -0.1], "post": [0, 0, 0]}
					}
				},
				"mouth_open": {
					"position": {
						"0.0": [0, 0, 0],
						"0.2083": {"pre": [0, 0, 0], "post": [0, 0, -0.1]},
						"0.4167": {"pre": [0, 0, -0.1], "post": [0, 0, 0]}
					}
				}
			},
			"sound_effects": {
				"0.2083": {
					"effect": "pokemon.ralts_altered.cry"
				}
			}
		},
		"animation.ralts_altered.quirk_idle": {
			"animation_length": 4,
			"bones": {
				"torso": {
					"rotation": {
						"0.0": {
							"post": [0, 0, 0],
							"lerp_mode": "catmullrom"
						},
						"0.375": {
							"post": [0, -1, 0],
							"lerp_mode": "catmullrom"
						},
						"1.1667": {
							"post": [0, 2, 0],
							"lerp_mode": "catmullrom"
						},
						"2.3333": {
							"post": [0, 0, 0],
							"lerp_mode": "catmullrom"
						},
						"2.7083": {
							"post": [0, 0, 0],
							"lerp_mode": "catmullrom"
						}
					}
				},
				"chest": {
					"rotation": {
						"0.0": {
							"post": [0, 0, 0],
							"lerp_mode": "catmullrom"
						},
						"0.4167": {
							"post": [2.5, 0, 0],
							"lerp_mode": "catmullrom"
						},
						"1.5833": {
							"post": [0, 0, 0],
							"lerp_mode": "catmullrom"
						}
					}
				},
				"arm_left": {
					"rotation": {
						"0.0": [0, 0, 0],
						"0.6667": {
							"pre": [-7.5, -10, 0],
							"post": [-7.5, -10, 0],
							"lerp_mode": "catmullrom"
						},
						"2.375": {
							"post": [-7.5, -10, 0],
							"lerp_mode": "catmullrom"
						},
						"3.1667": {
							"post": [0, 0, 0],
							"lerp_mode": "catmullrom"
						},
						"4.0": [0, 0, 0]
					}
				},
				"arm_right": {
					"rotation": {
						"0.0": [0, 0, 0],
						"0.875": [-7.5, -55, 0],
						"2.25": {
							"pre": [-7.5, -55, 0],
							"post": [-7.5, -55, 0],
							"lerp_mode": "catmullrom"
						},
						"3.125": {
							"post": [0, 1, -1],
							"lerp_mode": "catmullrom"
						},
						"3.9583": {
							"post": [0, 0, 0],
							"lerp_mode": "catmullrom"
						}
					}
				},
				"arm_right2": {
					"rotation": {
						"0.0": [0, 0, 0],
						"0.4167": [0, 0, 0],
						"0.75": [0, -65, 0],
						"0.875": [0, -65, 0],
						"2.75": {
							"pre": [0, -65, 0],
							"post": [0, -65, 0],
							"lerp_mode": "catmullrom"
						},
						"3.3333": {
							"post": [0, 0, 0],
							"lerp_mode": "catmullrom"
						},
						"4.0": {
							"post": [0, 0, 0],
							"lerp_mode": "catmullrom"
						}
					}
				},
				"head": {
					"rotation": {
						"0.0": [0, 0, 0],
						"0.25": {
							"pre": [2.5, 0, 0],
							"post": [2.5, 0, 0],
							"lerp_mode": "catmullrom"
						},
						"0.5833": {
							"post": [2.5, 5, 0],
							"lerp_mode": "catmullrom"
						},
						"1.2083": {
							"post": [0.65, 5.62, 0],
							"lerp_mode": "catmullrom"
						},
						"1.875": {
							"post": [0.65, 5.62, 0],
							"lerp_mode": "catmullrom"
						},
						"2.3333": {
							"post": [-7.5, -4, 0],
							"lerp_mode": "catmullrom"
						},
						"2.875": {
							"post": [-7.5, -4, 0],
							"lerp_mode": "catmullrom"
						},
						"3.4167": {
							"post": [0, 0, 0],
							"lerp_mode": "catmullrom"
						},
						"4.0": {
							"post": [0, 0, 0],
							"lerp_mode": "catmullrom"
						}
					}
				},
				"mouth_closed": {
					"position": {
						"0.0": [0, 0, 0],
						"0.75": {"pre": [0, 0, 0], "post": [0, 0, 0.1]},
						"2.5833": {"pre": [0, 0, 0.1], "post": [0, 0, 0]}
					}
				},
				"mouth_o": {
					"position": {
						"0.0": [0, 0, 0],
						"0.75": {"pre": [0, 0, 0], "post": [0, 0, -0.1]},
						"2.5833": {"pre": [0, 0, -0.1], "post": [0, 0, 0]}
					}
				}
			}
		},
		"animation.ralts_altered.quirk_battle_idle": {
			"animation_length": 4,
			"bones": {
				"torso": {
					"rotation": {
						"0.0": {
							"post": [0, 0, 0],
							"lerp_mode": "catmullrom"
						},
						"0.375": {
							"post": [0, -1, 0],
							"lerp_mode": "catmullrom"
						},
						"1.1667": {
							"post": [0, 2, 0],
							"lerp_mode": "catmullrom"
						},
						"2.3333": {
							"post": [0, 0, 0],
							"lerp_mode": "catmullrom"
						},
						"2.7083": {
							"post": [-5, 0, 0],
							"lerp_mode": "catmullrom"
						},
						"3.4167": {
							"post": [0, 0, 0],
							"lerp_mode": "catmullrom"
						},
						"3.9583": {
							"post": [0, 0, 0],
							"lerp_mode": "catmullrom"
						}
					}
				},
				"chest": {
					"rotation": {
						"0.0": {
							"post": [0, 0, 0],
							"lerp_mode": "catmullrom"
						},
						"0.4167": {
							"post": [2.5, 0, 0],
							"lerp_mode": "catmullrom"
						},
						"1.5833": {
							"post": [0, 0, 0],
							"lerp_mode": "catmullrom"
						},
						"2.3333": {
							"post": [0, 0, 0],
							"lerp_mode": "catmullrom"
						},
						"2.5833": {
							"post": [-2.5, 0, 0],
							"lerp_mode": "catmullrom"
						},
						"3.1667": {
							"post": [0, 0, 0],
							"lerp_mode": "catmullrom"
						},
						"3.375": {
							"post": [0, 0, 0],
							"lerp_mode": "catmullrom"
						}
					}
				},
				"arm_left": {
					"rotation": {
						"0.0": [0, 0, 0],
						"0.6667": {
							"pre": [-7.5, -10, 0],
							"post": [-7.5, -10, 0],
							"lerp_mode": "catmullrom"
						},
						"2.375": {
							"post": [-7.5, -10, -5],
							"lerp_mode": "catmullrom"
						},
						"3.1667": {
							"post": [0, 0, 0],
							"lerp_mode": "catmullrom"
						},
						"4.0": [0, 0, 0]
					}
				},
				"arm_right": {
					"rotation": {
						"0.0": [0, 0, 0],
						"0.875": [-42.5, -20, 17.5],
						"2.25": [-42.5, -20, 17.5],
						"3.125": {
							"pre": [0, 0, 0],
							"post": [0, 0, 0],
							"lerp_mode": "catmullrom"
						},
						"3.9583": {
							"post": [0, 0, 0],
							"lerp_mode": "catmullrom"
						}
					}
				},
				"arm_right2": {
					"rotation": {
						"0.0": [0, 0, 0],
						"0.4167": [0, 0, 0],
						"1.125": [0, -19.12, 0],
						"2.75": {
							"pre": [0, -19.12, 0],
							"post": [0, -19.12, 0],
							"lerp_mode": "catmullrom"
						},
						"3.3333": {
							"post": [0, 0, 0],
							"lerp_mode": "catmullrom"
						},
						"4.0": {
							"post": [0, 0, 0],
							"lerp_mode": "catmullrom"
						}
					}
				},
				"head": {
					"rotation": {
						"0.0": [0, 0, 0],
						"0.25": {
							"pre": [2.5, 0, 0],
							"post": [2.5, 0, 0],
							"lerp_mode": "catmullrom"
						},
						"0.5833": {
							"post": [2.5, 5, 0],
							"lerp_mode": "catmullrom"
						},
						"1.2083": {
							"post": [-1.85, 5.62, 0],
							"lerp_mode": "catmullrom"
						},
						"1.875": {
							"post": [0.65, 5.62, 0],
							"lerp_mode": "catmullrom"
						},
						"2.3333": {
							"post": [-7.5, 1, 0],
							"lerp_mode": "catmullrom"
						},
						"2.5833": {
							"post": [-2.16, -4.87, 0],
							"lerp_mode": "catmullrom"
						},
						"2.7917": {
							"post": [-7.5, -4, 0],
							"lerp_mode": "catmullrom"
						},
						"3.0417": {
							"post": [-7.5, -4, 0],
							"lerp_mode": "catmullrom"
						},
						"3.3333": {
							"post": [0, 0, 0],
							"lerp_mode": "catmullrom"
						},
						"3.7917": {
							"post": [0, 0, 0],
							"lerp_mode": "catmullrom"
						}
					}
				},
				"mouth_closed": {
					"position": {
						"0.0": [0, 0, 0],
						"0.75": {"pre": [0, 0, 0], "post": [0, 0, 0.1]},
						"2.5833": {"pre": [0, 0, 0.1], "post": [0, 0, 0]}
					}
				},
				"mouth_o": {
					"position": {
						"0.0": [0, 0, 0],
						"0.75": {"pre": [0, 0, 0], "post": [0, 0, -0.1]},
						"2.5833": {"pre": [0, 0, -0.1], "post": [0, 0, 0]}
					}
				},
				"arm_left2": {
					"rotation": {
						"0.0": {
							"post": [0, 0, 0],
							"lerp_mode": "catmullrom"
						},
						"1.375": {
							"post": [0, -25, 0],
							"lerp_mode": "catmullrom"
						},
						"2.5417": {
							"post": [0, -25, 0],
							"lerp_mode": "catmullrom"
						},
						"3.9167": {
							"post": [0, 0, 0],
							"lerp_mode": "catmullrom"
						}
					}
				}
			}
		},
		"animation.ralts_altered.shoulder_left": {
			"loop": true,
			"bones": {
				"arm_left": {
					"rotation": [28.80213, 46.03473, 30.1391],
					"position": [0, 0, "0.1*math.sin(q.anim_time*90*1-60)"]
				},
				"arm_left2": {
					"rotation": [0, 85, 0]
				},
				"arm_right": {
					"rotation": [28.8021, -46.0347, -30.1391],
					"position": [0, 0, "0.1*math.sin(q.anim_time*90*1-60)"]
				},
				"arm_right2": {
					"rotation": [0, -85, 0]
				},
				"leg_left": {
					"rotation": [-75, -2.5, 0],
					"position": [-0.1, 0, 0]
				},
				"leg_right": {
					"rotation": [-77.5, 2.5, 0],
					"position": [0.1, 0, 0]
				},
				"leg_robe_left": {
					"rotation": ["-22.5+6*math.cos(q.anim_time*90*4-90)", 0, 0]
				},
				"leg_robe_right": {
					"rotation": ["-22.5-6*math.cos(q.anim_time*90*4-90)", 0, 0]
				},
				"torso": {
					"rotation": ["-22.5+2*math.sin(q.anim_time*90*1-60)", 0, 0]
				},
				"chest": {
					"rotation": [30, 0, "0.2*math.cos(q.anim_time*90*1-60)"],
					"position": [0, "-0.2+0.02*math.sin(q.anim_time*90*1)", -0.1]
				},
				"head": {
					"rotation": ["7.6869-1*math.sin(q.anim_time*90*1-90)", 24.84328, 2.27488]
				},
				"leg_robe_left2": {
					"rotation": ["-47.5+6*math.cos(q.anim_time*90*4-150)", 0, 0]
				},
				"leg_robe_right2": {
					"rotation": ["-47.5-6*math.cos(q.anim_time*90*4-150)", 0, 0]
				},
				"body": {
					"rotation": [0, -40, 0],
					"position": [0, -3.25, -1]
				},
				"leg_left2": {
					"rotation": ["15+2*math.cos(q.anim_time*90*4-60)", 0, 0]
				},
				"leg_right2": {
					"rotation": ["22.5-2*math.cos(q.anim_time*90*4-60)", 0, 0]
				},
				"gammawisp": {
					"rotation": [0, "math.mod(query.anim_time*0.3,1)*360", 0]
				}
			}
		},
		"animation.ralts_altered.shoulder_right": {
			"loop": true,
			"bones": {
				"arm_left": {
					"rotation": [28.80213, 46.03473, 30.1391],
					"position": [0, 0, "0.1*math.sin(q.anim_time*90*1-60)"]
				},
				"arm_left2": {
					"rotation": [0, 85, 0]
				},
				"arm_right": {
					"rotation": [28.8021, -46.0347, -30.1391],
					"position": [0, 0, "0.1*math.sin(q.anim_time*90*1-60)"]
				},
				"arm_right2": {
					"rotation": [0, -85, 0]
				},
				"leg_left": {
					"rotation": [-75, -2.5, 0],
					"position": [-0.1, 0, 0]
				},
				"leg_right": {
					"rotation": [-77.5, 2.5, 0],
					"position": [0.1, 0, 0]
				},
				"leg_robe_left": {
					"rotation": ["-22.5+6*math.cos(q.anim_time*90*4-90)", 0, 0]
				},
				"leg_robe_right": {
					"rotation": ["-22.5-6*math.cos(q.anim_time*90*4-90)", 0, 0]
				},
				"torso": {
					"rotation": ["-22.5+2*math.sin(q.anim_time*90*1-60)", 0, 0]
				},
				"chest": {
					"rotation": [30, 0, "-(0.2*math.cos(q.anim_time*90*1-60))"],
					"position": [0, "-0.2+0.02*math.sin(q.anim_time*90*1)", -0.1]
				},
				"head": {
					"rotation": ["7.6869-1*math.sin(q.anim_time*90*1-90)", -24.84328, -2.27488]
				},
				"leg_robe_left2": {
					"rotation": ["-47.5+6*math.cos(q.anim_time*90*4-150)", 0, 0]
				},
				"leg_robe_right2": {
					"rotation": ["-47.5-6*math.cos(q.anim_time*90*4-150)", 0, 0]
				},
				"body": {
					"rotation": [0, 40, 0],
					"position": [0, -3.25, -1]
				},
				"leg_left2": {
					"rotation": ["17.5+2*math.cos(q.anim_time*90*4-60)", 0, 0]
				},
				"leg_right2": {
					"rotation": ["17.5-2*math.cos(q.anim_time*90*4-60)", 0, 0]
				},
				"gammawisp": {
					"rotation": [0, "math.mod(query.anim_time*0.3,1)*360", 0]
				}
			}
		},
		"animation.ralts_altered.pose": {
			"loop": true,
			"bones": {
				"arm_left": {
					"rotation": [56.06706, 23.72019, 64.43547]
				},
				"arm_left2": {
					"rotation": [0, 55, 0]
				},
				"arm_right": {
					"rotation": [15.36044, -35.82847, -68.02586]
				},
				"arm_right2": {
					"rotation": [0, -82.5, 0]
				},
				"leg_left": {
					"rotation": [0, 2.5, 0]
				},
				"leg_right": {
					"rotation": [0, -2.5, 0]
				},
				"leg_robe_left": {
					"rotation": [0, 0, 0]
				},
				"leg_robe_right": {
					"rotation": [0, 0, 0]
				},
				"torso": {
					"rotation": [0, 0, 0]
				},
				"chest": {
					"rotation": [-7.5, 0, 0]
				},
				"head": {
					"rotation": [17.5, 0, 0]
				},
				"mouth_closed": {
					"position": [0, 0, 0.1]
				},
				"mouth_o": {
					"position": [0, 0, -0.1]
				}
			}
		},
		"animation.ralts_altered.walkspeedtest": {
			"loop": true,
			"bones": {
				"ralts": {
					"position": [0, 0, "-q.anim_time*90*0.06"]
				}
			}
		}
	}
}