{
    
    "target": "cobblemon:goldeen",
    "features": ["jetian"],
    "forms": [
      {
        "implemented": true,
        "nationalPokedexNumber": 118,
        "name": "Jetian",
        "primaryType": "steel",
        "secondaryType": "water",
        "maleRatio": 0.5,
        "height": 6,
        "weight": 150,
        "pokedex": [
          "cobblemon.species.goldeen_jetian.desc"
        ],
        "labels": [
          "gen1",
          "jetian"
        ],
        "aspects": ["jetian"],
        "abilities": [
          "swiftswim",
          "battlearmor",
          "h:oblivious"
        ],
        "eggGroups": [
          "water_2"
        ],
        "baseStats": {
          "hp": 45,
          "attack": 63,
          "defence": 60,
          "special_attack": 50,
          "special_defence": 35,
          "speed": 67
        },
        "evYield": {
          "hp": 0,
          "attack": 0,
          "defence": 0,
          "special_attack": 0,
          "special_defence": 0,
          "speed": 1
        },
        "baseExperienceYield": 64,
        "experienceGroup": "medium_fast",
        "catchRate": 225,
        "eggCycles": 20,
        "baseFriendship": 50,
        "baseScale": 0.6,
        "hitbox": {
          "width": 1,
          "height": 0.8,
          "fixed": false
        },
        "behaviour": {
          "moving": {
            "canLook": false,
            "walk": {
              "avoidsLand": true
            },
            "swim": {
              "swimSpeed": 0.1,
              "canBreatheUnderwater": true,
              "canSwimInWater": true,
              "canSwimInLava": false
            }
          }
        },
        "drops": {
          "amount": 4,
          "entries": [
            {
              "item": "minecraft:salmon"
            },
            {
              "item": "minecraft:bone_meal",
              "percentage": 5.0
            },
            {
              "item": "cobblemon:mystic_water",
              "percentage": 2.5
            },
            {
              "item": "cobblemon:wacan_berry",
              "percentage": 2.5
            }
          ]
        },
        "moves": [
          "1:peck",
          "1:tailwhip",
          "1:watersport",
          "5:supersonic",
          "10:waterpulse",
          "15:bulletpunch",
          "20:agility",
          "25:aquaring",
          "30:shelter",
          "35:waterfall",
          "40:soak",
          "45:spinout",
          "50:horndrill",
          "56:makeitrain",
          "egg:acupressure",
          "egg:aquatail",
          "egg:furyattack",
          "egg:haze",
          "egg:mudslap",
          "egg:mudsport",
          "egg:psybeam",
          "egg:skullbash",
          "tm:agility",
          "tm:aquatail",
          "tm:blizzard",
          "tm:bodyslam",
          "tm:bounce",
          "tm:dive",
          "tm:drillrun",
          "tm:endure",
          "tm:facade",
          "tm:flipturn",
          "tm:furycutter",
          "tm:hail",
          "tm:haze",
          "tm:hydropump",
          "tm:icebeam",
          "tm:icywind",
          "tm:knockoff",
          "tm:megahorn",
          "tm:muddywater",
          "tm:mudshot",
          "tm:mudslap",
          "tm:poisonjab",
          "tm:protect",
          "tm:psybeam",
          "tm:raindance",
          "tm:rest",
          "tm:scald",
          "tm:scaleshot",
          "tm:signalbeam",
          "tm:sleeptalk",
          "tm:smartstrike",
          "tm:substitute",
          "tm:surf",
          "tm:swift",
          "tm:swordsdance",
          "tm:terablast",
          "tm:throatchop",
          "tm:waterfall",
          "tm:waterpulse",
          "tm:whirlpool",
          "tutor:aquatail",
          "tutor:bounce",
          "tutor:dive",
          "tutor:drillrun",
          "tutor:flipturn",
          "tutor:furycutter",
          "tutor:icebeam",
          "tutor:icywind",
          "tutor:knockoff",
          "tutor:megahorn",
          "tutor:mudslap",
          "tutor:poisonjab",
          "tutor:rest",
          "tutor:scaleshot",
          "tutor:signalbeam",
          "tutor:sleeptalk",
          "tutor:swift",
          "tutor:throatchop",
          "tutor:waterpulse"
        ],
        "evolutions": [
          {
            "id": "goldeen_seaking_jetian",
            "variant": "level_up",
            "result": "seaking jetian",
            "consumeHeldItem": false,
            "learnableMoves": [],
            "requirements": [
              {
                "variant": "level",
                "minLevel": 33
              }
            ]
          }
        ]
  }]}