{
    
    "target": "cobblemon:gyarados",
    "features": ["jetian"],
    "forms": [
  {
    "implemented": true,
    "nationalPokedexNumber": 130,
    "name": "Jetian",
    "primaryType": "water",
    "secondaryType": "fighting",
    "shoulderMountable": false,
    "maleRatio": 0.875,
    "height": 7,
    "weight": 96,
    "pokedex": [
      "cobblemon.species.gyarados_jetian.desc"
    ],
    "labels": [
      "gen1",
      "jetian"
    ],
    "aspects": ["jetian"],
    "abilities": [
      "rivalry",
      "swiftswim",
      "h:moxie"
    ],
    "eggGroups": [
      "water_1"
    ],
    "baseStats": {
      "hp": 90,
    "attack": 95,
    "defence": 95,
    "special_attack": 70,
    "special_defence": 90,
    "speed": 70
    },
    "evYield": {
      "hp": 0,
      "attack": 3,
      "defence": 0,
      "special_attack": 0,
      "special_defence": 0,
      "speed": 0
    },
  "baseExperienceYield": 189,
  "experienceGroup": "slow",
  "catchRate": 45,
  "eggCycles": 5,
  "baseFriendship": 50,
  "baseScale": 1,
  "hitbox": {
    "width": 2,
    "height": 3.3,
    "fixed": false
  },
    "behaviour": {
    "moving": {
      "walk": {
        "avoidsLand": true
      },
      "swim": {
        "swimSpeed": 0.1,
        "canBreatheUnderwater": true,
        "canWalkOnWater": true,
        "canSwimInWater": true,
        "canSwimInLava": false
      }
    }
  },
    "drops": {
      "amount": 3,
      "entries": [
        {
          "item": "cobblemon:mystic_water",
          "percentage": 5.0
        },
        {
            "item": "minecraft:salmon",
            "percentage": 85   
        },
        {
            "item": "minecraft:bone",
            "percentage": 20
        }
      ]
    },
    "moves": [
          "1:splash",
          "1:tackle",
          "1:flail",
          "1:bubblebeam",
          "1:hypnosis",
          "1:doubleslap",
          "1:submission",
          "1:dynamicpunch",
          "1:mindreader",
          "1:raindance",
          "1:circlethrow",
          "1:bodyslam",
          "1:earthpower",
          "1:hydropump",
          "1:bellydrum",
          "1:doubleedge",
          "1:watergun",
          "1:pound",
          "1:mudshot",
          "1:watersport",
          "1:wakeupslap",
          "1:mudbomb",
          "1:bubble",
          "egg:doubleslap",
          "egg:endeavor",
          "egg:mindreader",
          "egg:mist",
          "egg:mudbomb",
          "egg:muddywater",
          "egg:refresh",
          "egg:splash",
          "egg:wakeupslap",
          "egg:waterpulse",
          "egg:watersport",
          "tm:amnesia",
          "tm:batonpass",
          "tm:blizzard",
          "tm:bodyslam",
          "tm:brickbreak",
          "tm:bulkup",
          "tm:bulldoze",
          "tm:chillingwater",
          "tm:closecombat",
          "tm:coaching",
          "tm:darkestlariat",
          "tm:dig",
          "tm:dive",
          "tm:doubleedge",
          "tm:drainpunch",
          "tm:dualchop",
          "tm:earthpower",
          "tm:earthquake",
          "tm:encore",
          "tm:endeavor",
          "tm:endure",
          "tm:facade",
          "tm:fling",
          "tm:focusblast",
          "tm:focuspunch",
          "tm:gigaimpact",
          "tm:hail",
          "tm:haze",
          "tm:headbutt",
          "tm:helpinghand",
          "tm:highhorsepower",
          "tm:hydropump",
          "tm:hyperbeam",
          "tm:icebeam",
          "tm:icepunch",
          "tm:icywind",
          "tm:knockoff",
          "tm:liquidation",
          "tm:lowkick",
          "tm:lowsweep",
          "tm:megakick",
          "tm:megapunch",
          "tm:metronome",
          "tm:muddywater",
          "tm:mudshot",
          "tm:mudslap",
          "tm:payback",
          "tm:poisonjab",
          "tm:poweruppunch",
          "tm:protect",
          "tm:psychic",
          "tm:psychup",
          "tm:raindance",
          "tm:rest",
          "tm:reversal",
          "tm:rockclimb",
          "tm:rockslide",
          "tm:rocksmash",
          "tm:rocktomb",
          "tm:scaryface",
          "tm:sleeptalk",
          "tm:strength",
          "tm:substitute",
          "tm:superpower",
          "tm:surf",
          "tm:swift",
          "tm:takedown",
          "tm:taunt",
          "tm:terablast",
          "tm:thief",
          "tm:throatchop",
          "tm:upperhand",
          "tm:vacuumwave",
          "tm:waterfall",
          "tm:waterpulse",
          "tm:weatherball",
          "tm:whirlpool",
          "tm:workup",
          "tutor:bulkup",
          "tutor:bulldoze",
          "tutor:coaching",
          "tutor:dive",
          "tutor:drainpunch",
          "tutor:dualchop",
          "tutor:earthpower",
          "tutor:endeavor",
          "tutor:focuspunch",
          "tutor:gigaimpact",
          "tutor:helpinghand",
          "tutor:highhorsepower",
          "tutor:hyperbeam",
          "tutor:icebeam",
          "tutor:icepunch",
          "tutor:icywind",
          "tutor:knockoff",
          "tutor:liquidation",
          "tutor:lowkick",
          "tutor:mudslap",
          "tutor:poisonjab",
          "tutor:psychic",
          "tutor:rest",
          "tutor:rockslide",
          "tutor:rocksmash",
          "tutor:sleeptalk",
          "tutor:superpower",
          "tutor:swift",
          "tutor:throatchop",
          "tutor:vacuumwave",
          "tutor:waterpulse"
    ],
    "evolutions": [
    ]
  }]}