{
    
    "target": "cobblemon:squirtle",
    "features": ["jetian"],
    "forms": [
  {
    "implemented": true,
    "nationalPokedexNumber": 7,
    "name": "Jetian",
    "primaryType": "water",
    "secondaryType": "grass",
    "shoulderMountable": false,
    "maleRatio": 0.875,
    "height": 7,
    "weight": 96,
    "pokedex": [
      "cobblemon.species.squirtle_jetian.desc"
    ],
    "labels": [
      "gen1",
      "starter",
      "jetian"
    ],
    "aspects": ["jetian"],
    "abilities": [
      "hospitality",
      "h:heatproof"
    ],
    "eggGroups": [
      "water_1",
      "grass"
    ],
    "baseStats": {
      "hp": 50,
    "attack": 48,
    "defence": 65,
    "special_attack": 44,
    "special_defence": 64,
    "speed": 43
    },
    "evYield": {
      "hp": 0,
      "attack": 0,
      "defence": 0,
      "special_attack": 0,
      "special_defence": 1,
      "speed": 0
    },
    "baseExperienceYield": 64,
    "experienceGroup": "medium_slow",
    "catchRate": 45,
    "eggCycles": 20,
    "baseFriendship": 50,
    "baseScale": 0.7,
    "hitbox": {
      "width": 0.7,
      "height": 1.1,
      "fixed": false
    },
    "behaviour": {
      "resting": {
        "canSleep": true,
        "willSleepOnBed": true,
        "light": "0-4"
      },
      "moving": {
        "walk": {
          "walkSpeed": 0.4
        }
      }
    },
    "drops": {
      "amount": 3,
      "entries": [
        {
          "item": "cobblemon:mystic_water",
          "percentage": 5.0
        },
        {
            "item": "minecraft:turtle_scute",
            "percentage": 85   
        },
        {
            "item": "minecraft:kelp",
            "percentage": 20
        }
      ]
    },
    "moves": [
      "1:astonish",
      "1:growl",
      "1:bubble",
      "1:naturalgift",
      "3:absorb",
      "6:watergun",
      "9:mist",
      "12:megadrain",
      "16:flail",
      "20:bubblebeam",
      "24:leechseed",
      "28:gigadrain",
      "33:raindance",
      "38:zenheadbutt",
      "43:energyball",
      "egg:counter",
      "egg:razorleaf",
      "egg:sweetscent",
      "egg:synthesis",
      "egg:teeterdance",
      "egg:tickle",
      "tm:blizzard",
      "tm:bodyslam",
      "tm:bulletseed",
      "tm:chillingwater",
      "tm:disarmingvoice",
      "tm:doubleedge",
      "tm:echoedvoice",
      "tm:endure",
      "tm:energyball",
      "tm:facade",
      "tm:flash",
      "tm:gigadrain",
      "tm:grassknot",
      "tm:grassyglide",
      "tm:grassyterrain",
      "tm:hail",
      "tm:headbutt",
      "tm:icebeam",
      "tm:icywind",
      "tm:magicalleaf",
      "tm:muddywater",
      "tm:naturalgift",
      "tm:naturepower",
      "tm:protect",
      "tm:raindance",
      "tm:rest",
      "tm:seedbomb",
      "tm:sleeptalk",
      "tm:solarbeam",
      "tm:substitute",
      "tm:sunnyday",
      "tm:surf",
      "tm:swordsdance",
      "tm:synthesis",
      "tm:takedown",
      "tm:terablast",
      "tm:thief",
      "tm:trailblaze",
      "tm:uproar",
      "tm:waterpulse",
      "tm:weatherball",
      "tm:whirlpool",
      "tm:zenheadbutt",
      "tutor:energyball",
      "tutor:gigadrain",
      "tutor:grassyglide",
      "tutor:icebeam",
      "tutor:icywind",
      "tutor:magicalleaf",
      "tutor:rest",
      "tutor:seedbomb",
      "tutor:sleeptalk",
      "tutor:synthesis",
      "tutor:uproar",
      "tutor:waterpulse",
      "tutor:zenheadbutt"
    ],
    "evolutions": [
      {
        "id": "squirtle_wartortle_jetian",
        "variant": "level_up",
        "result": "wartortle jetian",
        "consumeHeldItem": false,
        "learnableMoves": [],
        "requirements": [
          {
            "variant": "level",
            "minLevel": 16
          }
        ]
      }
    ]
  }]}