{
    
    "target": "cobblemon:wartortle",
    "features": ["jetian"],
    "forms": [
  {
    "implemented": true,
    "nationalPokedexNumber": 8,
    "name": "Jetian",
    "primaryType": "water",
    "secondaryType": "grass",
    "shoulderMountable": false,
    "maleRatio": 0.875,
    "height": 7,
    "weight": 96,
    "pokedex": [
      "cobblemon.species.wartortle_jetian.desc"
    ],
    "labels": [
      "gen1",
      "starter",
      "jetian"
    ],
    "aspects": ["jetian"],
    "abilities": [
      "hospitality",
      "h:heatproof"
    ],
    "eggGroups": [
      "water_1",
      "grass"
    ],
    "baseStats": {
      "hp": 65,
      "attack": 63,
      "defence": 80,
      "special_attack": 59,
      "special_defence": 80,
      "speed": 58

    },
    "evYield": {
      "hp": 0,
      "attack": 0,
      "defence": 1,
      "special_attack": 0,
      "special_defence": 1,
      "speed": 0
    },
    "baseExperienceYield": 64,
    "experienceGroup": "medium_slow",
    "catchRate": 45,
    "eggCycles": 20,
    "baseFriendship": 50,
    "baseScale": 0.7,
    "hitbox": {
      "width": 0.7,
      "height": 1.1,
      "fixed": false
    },
    "behaviour": {
      "resting": {
        "canSleep": true,
        "willSleepOnBed": false,
        "light": "0-4"
      },
      "moving": {
        "walk": {
          "walkSpeed": 0.4
        }
      }
    },
    "drops": {
      "amount": 3,
      "entries": [
        {
          "item": "cobblemon:mystic_water",
          "percentage": 5.0
        },
        {
            "item": "minecraft:turtle_scute",
            "percentage": 85   
        },
        {
            "item": "minecraft:kelp",
            "percentage": 20
        }
      ]
    },
    "moves": [
      "1:astonish",
      "1:growl",
      "1:absorb",
      "1:fakeout",
      "1:watersport",
      "1:bubble",
      "1:knockoff",
      "1:teeterdance",
      "1:flail",
      "1:watergun",
      "1:naturalgift",
      "9:mist",
      "12:megadrain",
      "18:furyswipes",
      "24:bubblebeam",
      "30:leechseed",
      "36:gigadrain",
      "50:zenheadbutt",
      "57:energyball",
      "64:hydropump",
      "egg:counter",
      "egg:razorleaf",
      "egg:sweetscent",
      "egg:synthesis",
      "egg:teeterdance",
      "egg:tickle",
      "tm:blizzard",
      "tm:bodyslam",
      "tm:brickbreak",
      "tm:bulletseed",
      "tm:chillingwater",
      "tm:disarmingvoice",
      "tm:dive",
      "tm:doubleedge",
      "tm:drainpunch",
      "tm:echoedvoice",
      "tm:encore",
      "tm:endure",
      "tm:energyball",
      "tm:facade",
      "tm:firepunch",
      "tm:flash",
      "tm:fling",
      "tm:gigadrain",
      "tm:grassknot",
      "tm:grassyglide",
      "tm:grassyterrain",
      "tm:hail",
      "tm:headbutt",
      "tm:honeclaws",
      "tm:hydropump",
      "tm:hypervoice",
      "tm:icebeam",
      "tm:icepunch",
      "tm:icywind",
      "tm:knockoff",
      "tm:magicalleaf",
      "tm:megakick",
      "tm:megapunch",
      "tm:metronome",
      "tm:muddywater",
      "tm:mudshot",
      "tm:naturalgift",
      "tm:naturepower",
      "tm:poweruppunch",
      "tm:protect",
      "tm:raindance",
      "tm:rest",
      "tm:rocksmash",
      "tm:seedbomb",
      "tm:sleeptalk",
      "tm:solarbeam",
      "tm:strength",
      "tm:substitute",
      "tm:sunnyday",
      "tm:surf",
      "tm:swordsdance",
      "tm:synthesis",
      "tm:takedown",
      "tm:terablast",
      "tm:thief",
      "tm:thunderpunch",
      "tm:trailblaze",
      "tm:uproar",
      "tm:waterfall",
      "tm:waterpulse",
      "tm:weatherball",
      "tm:whirlpool",
      "tm:zenheadbutt",
      "tutor:dive",
      "tutor:drainpunch",
      "tutor:energyball",
      "tutor:firepunch",
      "tutor:gigadrain",
      "tutor:grassyglide",
      "tutor:hypervoice",
      "tutor:icebeam",
      "tutor:icepunch",
      "tutor:icywind",
      "tutor:knockoff",
      "tutor:magicalleaf",
      "tutor:rest",
      "tutor:rocksmash",
      "tutor:seedbomb",
      "tutor:sleeptalk",
      "tutor:synthesis",
      "tutor:thunderpunch",
      "tutor:uproar",
      "tutor:waterpulse",
      "tutor:zenheadbutt"  
    ],
    "evolutions": [
      {
        "id": "wartortle_blastoise_jetian",
        "variant": "level_up",
        "result": "blastoise jetian",
        "consumeHeldItem": false,
        "learnableMoves": [],
        "requirements": [
          {
            "variant": "level",
            "minLevel": 36
          }
        ]
      }
    ]
  }]}