{
	"format_version": "1.12.0",
	"minecraft:geometry": [
		{
			"description": {
				"identifier": "geometry.pidgey",
				"texture_width": 64,
				"texture_height": 64,
				"visible_bounds_width": 3,
				"visible_bounds_height": 2.5,
				"visible_bounds_offset": [0, 0.75, 0]
			},
			"bones": [
				{
					"name": "pidgey",
					"pivot": [0, 0, 0]
				},
				{
					"name": "locator_root",
					"parent": "pidgey",
					"pivot": [0, 0, 0],
					"locators": {
						"root": [0, 0, 0]
					}
				},
				{
					"name": "locator_top",
					"parent": "pidgey",
					"pivot": [0, 11.75, -0.25],
					"locators": {
						"top": [0, 11.75, -0.25]
					}
				},
				{
					"name": "body",
					"parent": "pidgey",
					"pivot": [0, 5.25, -0.75]
				},
				{
					"name": "locator_target",
					"parent": "body",
					"pivot": [0, 6, -5.5],
					"locators": {
						"target": [0, 6, -5.5]
					}
				},
				{
					"name": "locator_middle",
					"parent": "body",
					"pivot": [0, 5.25, 0],
					"locators": {
						"middle": [0, 5.25, 0]
					}
				},
				{
					"name": "torso",
					"parent": "body",
					"pivot": [0, 5.25, -0.75],
					"cubes": [
						{"origin": [-2, 2.75, -3.25], "size": [4, 5, 5], "inflate": 0.01, "uv": [0, 10]},
						{"origin": [-2, 3.25, 1.25], "size": [4, 4, 3], "uv": [0, 20]}
					]
				},
				{
					"name": "neck",
					"parent": "torso",
					"pivot": [0, 5.25, -1.5]
				},
				{
					"name": "head_ai",
					"parent": "neck",
					"pivot": [0, 5.25, -1.5]
				},
				{
					"name": "head",
					"parent": "head_ai",
					"pivot": [0, 9.25, -1.5]
				},
				{
					"name": "wishiwashi",
					"parent": "head",
					"pivot": [0, 7, 0],
					"rotation": [-32.5, 0, 0]
				},
				{
					"name": "body2",
					"parent": "wishiwashi",
					"pivot": [-0.265, 9.5, -1]
				},
				{
					"name": "torso2",
					"parent": "body2",
					"pivot": [0, 9.5, -1.5],
					"cubes": [
						{"origin": [-2.5, 7, -5.5], "size": [5, 5, 5], "pivot": [0, 8, -5.5], "rotation": [-22.5, 0, 0], "uv": [0, 0]},
						{"origin": [0, 6, -2], "size": [0, 2, 4], "pivot": [0, 8, -2], "rotation": [22.5, 0, 0], "uv": [0, 36]}
					]
				},
				{
					"name": "head2",
					"parent": "torso2",
					"pivot": [0, 9.5, -3],
					"rotation": [27.5, 0, 0],
					"cubes": [
						{"origin": [-2.5, 7, -7], "size": [5, 5, 4], "inflate": 0.01, "uv": [18, 10]},
						{"origin": [-1, 8.75, -8.5], "size": [2, 1, 2], "inflate": 0.01, "pivot": [0, 9.75, -6.5], "rotation": [10, 0, 0], "uv": [38, 4]}
					]
				},
				{
					"name": "jaw",
					"parent": "head2",
					"pivot": [0, 15.5, -2.5],
					"rotation": [-5, 0, 0],
					"cubes": [
						{"origin": [-1, 7.75, -7], "size": [2, 1, 2], "uv": [14, 40]}
					]
				},
				{
					"name": "locator_jaw_lower",
					"parent": "jaw",
					"pivot": [0, 15.75, -4],
					"locators": {
						"jaw2": [0, 15.75, -4]
					}
				},
				{
					"name": "locator_item",
					"parent": "jaw",
					"pivot": [0, 15.75, -4],
					"locators": {
						"item": [0, 15.75, -4]
					}
				},
				{
					"name": "eye_left",
					"parent": "head2",
					"pivot": [2.17833, 10, -5],
					"rotation": [-7.5, 0, 0],
					"cubes": [
						{"origin": [2.515, 8, -6.5], "size": [0, 3, 3], "inflate": 0.01, "pivot": [2.015, 9.5, -5], "rotation": [-45, 0, 0], "uv": [36, 7]},
						{"origin": [1.51, 8, -6.5], "size": [1, 3, 3], "inflate": 0.01, "uv": [18, 34]},
						{"origin": [1.51, 10.5, -6.5], "size": [1, 1, 3], "inflate": 0.02, "uv": [36, 13]}
					]
				},
				{
					"name": "eyelid_left2",
					"parent": "eye_left",
					"pivot": [1.91, 9.5, -5],
					"cubes": [
						{"origin": [1.41, 8, -6.5], "size": [1, 3, 3], "inflate": 0.02, "uv": [26, 34]}
					]
				},
				{
					"name": "eye_right",
					"parent": "head2",
					"pivot": [-2.17833, 10, -5],
					"rotation": [-7.5, 0, 0],
					"cubes": [
						{"origin": [-2.515, 8, -6.5], "size": [0, 3, 3], "inflate": 0.01, "pivot": [-2.015, 9.5, -5], "rotation": [-45, 0, 0], "uv": [8, 37]},
						{"origin": [-2.51, 8, -6.5], "size": [1, 3, 3], "inflate": 0.01, "uv": [34, 26]},
						{"origin": [-2.51, 10.5, -6.5], "size": [1, 1, 3], "inflate": 0.02, "uv": [38, 0]}
					]
				},
				{
					"name": "eyelid_right2",
					"parent": "eye_right",
					"pivot": [-1.91, 9.5, -5],
					"cubes": [
						{"origin": [-2.41, 8, -6.5], "size": [1, 3, 3], "inflate": 0.02, "uv": [34, 32]}
					]
				},
				{
					"name": "jaw2",
					"parent": "head2",
					"pivot": [0, 8, -7],
					"rotation": [7.5, 0, 0]
				},
				{
					"name": "fin_left",
					"parent": "torso2",
					"pivot": [2.5, 7.5, -2.5]
				},
				{
					"name": "fin_right",
					"parent": "torso2",
					"pivot": [-2.5, 7.5, -2.5]
				},
				{
					"name": "tail2",
					"parent": "torso2",
					"pivot": [0, 9.5, 0.5],
					"cubes": [
						{"origin": [-1.5, 5.5, -3], "size": [3, 4, 4], "uv": [18, 19]}
					]
				},
				{
					"name": "locator_mouth",
					"parent": "head",
					"pivot": [0, 8.6, -3.55],
					"locators": {
						"mouth": [0, 8.6, -3.55],
						"special": [0, 8.6, -3.55]
					}
				},
				{
					"name": "locator_face",
					"parent": "head",
					"pivot": [0, 9.75, -4.2],
					"locators": {
						"face": [0, 9.75, -4.2]
					}
				},
				{
					"name": "locator_item_face",
					"parent": "head",
					"pivot": [0, 9.75, -3.55],
					"locators": {
						"item_face": [0, 9.75, -3.55]
					}
				},
				{
					"name": "locator_head",
					"parent": "head",
					"pivot": [0, 11.25, -2],
					"locators": {
						"head": [0, 11.25, -2]
					}
				},
				{
					"name": "locator_item_hat",
					"parent": "head",
					"pivot": [0, 11.25, -1.5],
					"locators": {
						"item_hat": [0, 11.25, -1.5]
					}
				},
				{
					"name": "locator_eye_right",
					"parent": "head",
					"pivot": [-1.75, 9.775, -3.525],
					"locators": {
						"eye1": [-1.75, 9.775, -3.525]
					}
				},
				{
					"name": "locator_eye_left",
					"parent": "head",
					"pivot": [1.75, 9.775, -3.525],
					"locators": {
						"eye2": [1.75, 9.775, -3.525]
					}
				},
				{
					"name": "locator_beak",
					"parent": "head",
					"pivot": [0, 8.775, -5.375],
					"locators": {
						"beak": [0, 8.775, -5.375],
						"physical": [0, 8.775, -5.375],
						"jaw1": [0, 8.775, -5.375]
					}
				},
				{
					"name": "hair",
					"parent": "head",
					"pivot": [0, 9.25, -3.53],
					"rotation": [2.5, 0, 0]
				},
				{
					"name": "hair2",
					"parent": "hair",
					"pivot": [0, 11.25, -3.53],
					"rotation": [-70, 0, 0]
				},
				{
					"name": "hair3",
					"parent": "hair2",
					"pivot": [0, 13.25, -3.53],
					"rotation": [-12.5, 0, 0]
				},
				{
					"name": "eyelid_right",
					"parent": "head",
					"pivot": [-1.41, 9.75, -2.41]
				},
				{
					"name": "eyelid_left",
					"parent": "head",
					"pivot": [1.41, 9.75, -2.41]
				},
				{
					"name": "wing_closed_left",
					"parent": "torso",
					"pivot": [2, 5.75, -2],
					"cubes": [
						{"origin": [2, 2.75, -3], "size": [1, 5, 4], "uv": [0, 27]}
					]
				},
				{
					"name": "wing_closed_left2",
					"parent": "wing_closed_left",
					"pivot": [3, 2.75, 1],
					"cubes": [
						{"origin": [2, 2.75, 1], "size": [1, 4, 3], "inflate": 0.01, "uv": [30, 0]}
					]
				},
				{
					"name": "wing_closed_left3",
					"parent": "wing_closed_left2",
					"pivot": [3, 2.75, 4],
					"cubes": [
						{"origin": [3, 2.75, 4], "size": [0, 3, 4], "uv": [32, 19]}
					]
				},
				{
					"name": "wing_closed_right",
					"parent": "torso",
					"pivot": [-2, 5.75, -2],
					"cubes": [
						{"origin": [-3, 2.75, -3], "size": [1, 5, 4], "uv": [20, 0]}
					]
				},
				{
					"name": "wing_closed_right2",
					"parent": "wing_closed_right",
					"pivot": [-3, 2.75, 1],
					"cubes": [
						{"origin": [-3, 2.75, 1], "size": [1, 4, 3], "inflate": 0.01, "uv": [26, 27]}
					]
				},
				{
					"name": "wing_closed_right3",
					"parent": "wing_closed_right2",
					"pivot": [-3, 2.75, 4],
					"cubes": [
						{"origin": [-3, 2.75, 4], "size": [0, 3, 4], "uv": [18, 27]}
					]
				},
				{
					"name": "wing_open_left",
					"parent": "torso",
					"pivot": [2, 6, -2.25],
					"cubes": [
						{"origin": [2, 5.5, -2.75], "size": [3, 1, 3], "uv": [29, 48], "mirror": true},
						{"origin": [1.65, 6, -0.75], "size": [4, 0, 3], "pivot": [3.5, 5, 0.75], "rotation": [0, -17.5, 0], "uv": [48, 53], "mirror": true}
					]
				},
				{
					"name": "wing_open_left2",
					"parent": "wing_open_left",
					"pivot": [4.75, 6, -2.75],
					"cubes": [
						{"origin": [4.75, 5.5, -3], "size": [4, 1, 3], "inflate": 0.01, "uv": [18, 49], "mirror": true},
						{"origin": [4.75, 6.01, 0], "size": [4, 0, 3], "uv": [48, 49], "mirror": true}
					]
				},
				{
					"name": "wing_open_left3",
					"parent": "wing_open_left2",
					"pivot": [8.75, 6, -2.75],
					"cubes": [
						{"origin": [8.75, 6.01, -2.75], "size": [4, 0, 5], "uv": [39, 29], "mirror": true}
					]
				},
				{
					"name": "locator_wing_left",
					"parent": "wing_open_left3",
					"pivot": [10.7, 6, -1.8],
					"rotation": [0, -90, 0],
					"locators": {
						"wing2": {
							"offset": [10.7, 6, -1.8],
							"rotation": [0, -90, 0]
						}
					}
				},
				{
					"name": "wing_open_right",
					"parent": "torso",
					"pivot": [-2, 6, -2.25],
					"cubes": [
						{"origin": [-5, 5.5, -2.75], "size": [3, 1, 3], "uv": [43, 59]},
						{"origin": [-5.65, 6, -0.75], "size": [4, 0, 3], "pivot": [-3.5, 5, 0.75], "rotation": [0, 17.5, 0], "uv": [53, 60]}
					]
				},
				{
					"name": "wing_open_right2",
					"parent": "wing_open_right",
					"pivot": [-4.75, 6, -2.75],
					"cubes": [
						{"origin": [-8.75, 5.5, -3], "size": [4, 1, 3], "inflate": 0.01, "uv": [32, 60]},
						{"origin": [-8.75, 6.01, 0], "size": [4, 0, 3], "uv": [53, 56]}
					]
				},
				{
					"name": "wing_open_right3",
					"parent": "wing_open_right2",
					"pivot": [-8.75, 6, -2.75],
					"cubes": [
						{"origin": [-12.75, 6.01, -2.75], "size": [4, 0, 5], "uv": [43, 36]}
					]
				},
				{
					"name": "locator_wing_right",
					"parent": "wing_open_right3",
					"pivot": [-10.7, 6, -1.8],
					"rotation": [0, 90, 0],
					"locators": {
						"wing1": {
							"offset": [-10.7, 6, -1.8],
							"rotation": [0, 90, 0]
						}
					}
				},
				{
					"name": "tail",
					"parent": "torso",
					"pivot": [0, 5.25, 4.25]
				},
				{
					"name": "tail3",
					"parent": "tail",
					"pivot": [0, 8.5, 4],
					"cubes": [
						{"origin": [0, 2.5, 3.5], "size": [0, 6, 4], "uv": [10, 27]}
					]
				},
				{
					"name": "leg_left",
					"parent": "body",
					"pivot": [1.4, 3, 0.75],
					"rotation": [5, 0, 0],
					"cubes": [
						{"origin": [0.9, 1.75, 0.25], "size": [1, 1, 1], "uv": [14, 20], "mirror": true}
					]
				},
				{
					"name": "leg_left2",
					"parent": "leg_left",
					"pivot": [1.4, 1.75, 1.25],
					"rotation": [-15, 0, 0],
					"cubes": [
						{"origin": [0.9, 0.75, 0.25], "size": [1, 1, 1], "inflate": 0.01, "uv": [14, 22], "mirror": true}
					]
				},
				{
					"name": "foot_left",
					"parent": "leg_left2",
					"pivot": [1.4, 0.75, 0.25],
					"rotation": [10, 0, 0],
					"cubes": [
						{"origin": [0.4, -0.25, -0.5], "size": [2, 1, 2], "inflate": 0.01, "uv": [34, 38], "mirror": true}
					]
				},
				{
					"name": "locator_foot_secondary",
					"parent": "foot_left",
					"pivot": [1.5, 0.25, 0.5],
					"rotation": [90, 0, 0],
					"locators": {
						"foot_secondary": [1.5, 0.25, 0.5]
					}
				},
				{
					"name": "toe_back_left",
					"parent": "foot_left",
					"pivot": [1.4, 0.75, 1.5],
					"cubes": [
						{"origin": [1.4, -0.25, 1.5], "size": [0, 1, 1], "inflate": 0.01, "uv": [14, 37]}
					]
				},
				{
					"name": "claw_back_left",
					"parent": "toe_back_left",
					"pivot": [1.4, 0.75, 2.5],
					"cubes": [
						{"origin": [1.4, -0.25, 2.5], "size": [0, 1, 1], "uv": [16, 37]}
					]
				},
				{
					"name": "toe_inner_left",
					"parent": "foot_left",
					"pivot": [0.9, 0.75, -0.5],
					"cubes": [
						{"origin": [0.9, -0.25, -1.5], "size": [0, 1, 1], "inflate": 0.01, "uv": [38, 17]}
					]
				},
				{
					"name": "claw_inner_left",
					"parent": "toe_inner_left",
					"pivot": [0.9, 0.75, -1.5],
					"cubes": [
						{"origin": [0.9, -0.25, -2.5], "size": [0, 1, 1], "uv": [40, 17]}
					]
				},
				{
					"name": "toe_outer_left",
					"parent": "foot_left",
					"pivot": [1.9, 0.75, -0.5],
					"cubes": [
						{"origin": [1.9, -0.25, -1.5], "size": [0, 1, 1], "inflate": 0.01, "uv": [40, 19]}
					]
				},
				{
					"name": "claw_outer_left",
					"parent": "toe_outer_left",
					"pivot": [1.9, 0.75, -1.5],
					"cubes": [
						{"origin": [1.9, -0.25, -2.5], "size": [0, 1, 1], "uv": [40, 21]}
					]
				},
				{
					"name": "leg_right",
					"parent": "body",
					"pivot": [-1.4, 3, 0.75],
					"rotation": [5, 0, 0],
					"cubes": [
						{"origin": [-1.9, 1.75, 0.25], "size": [1, 1, 1], "uv": [14, 20]}
					]
				},
				{
					"name": "leg_right2",
					"parent": "leg_right",
					"pivot": [-1.4, 1.75, 1.25],
					"rotation": [-15, 0, 0],
					"cubes": [
						{"origin": [-1.9, 0.75, 0.25], "size": [1, 1, 1], "inflate": 0.01, "uv": [14, 22]}
					]
				},
				{
					"name": "foot_right",
					"parent": "leg_right2",
					"pivot": [-1.4, 0.75, 0.25],
					"rotation": [10, 0, 0],
					"cubes": [
						{"origin": [-2.4, -0.25, -0.5], "size": [2, 1, 2], "inflate": 0.01, "uv": [34, 38]}
					]
				},
				{
					"name": "locator_foot_primary",
					"parent": "foot_right",
					"pivot": [-1.5, 0.25, 0.5],
					"rotation": [90, 0, 0],
					"locators": {
						"foot_primary": [-1.5, 0.25, 0.5]
					}
				},
				{
					"name": "toe_back_right",
					"parent": "foot_right",
					"pivot": [-1.4, 0.75, 1.5],
					"cubes": [
						{"origin": [-1.4, -0.25, 1.5], "size": [0, 1, 1], "inflate": 0.01, "uv": [14, 24]}
					]
				},
				{
					"name": "claw_back_right",
					"parent": "toe_back_right",
					"pivot": [-1.4, 0.75, 2.5],
					"cubes": [
						{"origin": [-1.4, -0.25, 2.5], "size": [0, 1, 1], "uv": [36, 17]}
					]
				},
				{
					"name": "toe_inner_right",
					"parent": "foot_right",
					"pivot": [-0.9, 0.75, -0.5],
					"cubes": [
						{"origin": [-0.9, -0.25, -1.5], "size": [0, 1, 1], "inflate": 0.01, "uv": [16, 24]}
					]
				},
				{
					"name": "claw_inner_right",
					"parent": "toe_inner_right",
					"pivot": [-0.9, 0.75, -1.5],
					"cubes": [
						{"origin": [-0.9, -0.25, -2.5], "size": [0, 1, 1], "uv": [34, 7]}
					]
				},
				{
					"name": "toe_outer_right",
					"parent": "foot_right",
					"pivot": [-1.9, 0.75, -0.5],
					"cubes": [
						{"origin": [-1.9, -0.25, -1.5], "size": [0, 1, 1], "inflate": 0.01, "uv": [30, 7]}
					]
				},
				{
					"name": "claw_outer_right",
					"parent": "toe_outer_right",
					"pivot": [-1.9, 0.75, -1.5],
					"cubes": [
						{"origin": [-1.9, -0.25, -2.5], "size": [0, 1, 1], "uv": [32, 7]}
					]
				}
			]
		}
	]
}