{
	"format_version": "1.12.0",
	"minecraft:geometry": [
		{
			"description": {
				"identifier": "geometry.sneezing",
				"texture_width": 128,
				"texture_height": 128,
				"visible_bounds_width": 4,
				"visible_bounds_height": 3.5,
				"visible_bounds_offset": [0, 1.25, 0]
			},
			"bones": [
				{
					"name": "sneezing",
					"pivot": [0, 0, 0]
				},
				{
					"name": "bone",
					"parent": "sneezing",
					"pivot": [-1, 15, 0],
					"rotation": [2.5, 0, 5]
				},
				{
					"name": "joint",
					"parent": "bone",
					"pivot": [-7, 23, 1.25],
					"cubes": [
						{"origin": [-3.5, 21, -1.5], "size": [3, 8, 3], "pivot": [-2, 22, 0], "rotation": [-10, 0, -42.5], "uv": [0, 0]},
						{"origin": [-8.75, 23.75, -1.25], "size": [5, 5, 5], "pivot": [-7, 26.5, 1.25], "rotation": [-9.08552, 20.79897, -14.3055], "uv": [31, 42]},
						{"origin": [-8.79708, 18.56827, -0.46879], "size": [3, 7, 3], "pivot": [-7, 23, 1.25], "rotation": [-5, 0, 12.5], "uv": [52, 13]}
					]
				},
				{
					"name": "bighead",
					"parent": "bone",
					"pivot": [4, 8.5, 0],
					"cubes": [
						{"origin": [-9.5, 7, 0], "size": [5, 17, 0], "pivot": [4, 8.5, 0], "rotation": [0, -45, 0], "uv": [51, 46]},
						{"origin": [-2.5, 9, -6.5], "size": [13, 13, 13], "uv": [0, 0]},
						{"origin": [-4.5, 1, 0], "size": [17, 8, 0], "pivot": [4, 8.5, 0], "rotation": [0, 45, 0], "uv": [36, 34]},
						{"origin": [-9.5, 7, 0], "size": [5, 17, 0], "pivot": [4, 8.5, 0], "rotation": [0, 45, 0], "uv": [0, 58]},
						{"origin": [12.5, 7, 0], "size": [5, 17, 0], "pivot": [4, 8.5, 0], "rotation": [0, 45, 0], "uv": [32, 52]},
						{"origin": [-4.5, 1, 0], "size": [17, 8, 0], "pivot": [4, 8.5, 0], "rotation": [0, -45, 0], "uv": [27, 26]},
						{"origin": [-4.5, 22, 0], "size": [17, 4, 0], "pivot": [4, 29.5, 0], "rotation": [0, 45, 0], "uv": [39, 0]},
						{"origin": [-4.5, 22, 0], "size": [17, 4, 0], "pivot": [4, 29.5, 0], "rotation": [0, -45, 0], "uv": [39, 4]},
						{"origin": [12.5, 7, 0], "size": [5, 17, 0], "pivot": [4, 8.5, 0], "rotation": [0, -45, 0], "uv": [22, 52]}
					]
				},
				{
					"name": "eyeclosed_L",
					"parent": "bighead",
					"pivot": [4, 13.5, -5.75],
					"cubes": [
						{"origin": [-2, 16.5, -6.25], "size": [5, 4, 0], "pivot": [0.5, 18.5, -6.25], "rotation": [0, 0, -20], "uv": [61, 54]}
					]
				},
				{
					"name": "eyeclosed_R",
					"parent": "bighead",
					"pivot": [4, 13.5, -5.75],
					"cubes": [
						{"origin": [5, 16.5, -6.25], "size": [5, 4, 0], "pivot": [7.5, 18.5, -6.25], "rotation": [0, 0, 20], "uv": [61, 58]}
					]
				},
				{
					"name": "eyeopen_L",
					"parent": "bighead",
					"pivot": [4, 13.5, -6.25],
					"cubes": [
						{"origin": [-2, 16.5, -6.75], "size": [5, 4, 0], "pivot": [0.5, 18.5, -6.75], "rotation": [0, 0, -20], "uv": [61, 50]}
					]
				},
				{
					"name": "eyeopen_R",
					"parent": "bighead",
					"pivot": [4, 13.5, -6.25],
					"cubes": [
						{"origin": [5, 16.5, -6.75], "size": [5, 4, 0], "pivot": [7.5, 18.5, -6.75], "rotation": [0, 0, 20], "uv": [61, 46]}
					]
				},
				{
					"name": "mouthsneeze",
					"parent": "bighead",
					"pivot": [4, 13.5, -6.25],
					"cubes": [
						{"origin": [-2, 11, -6.25], "size": [12, 5, 0], "uv": [14, 82]}
					]
				},
				{
					"name": "mouthopen",
					"parent": "bighead",
					"pivot": [4, 13.83333, -6.91667],
					"cubes": [
						{"origin": [-2, 11, -6.75], "size": [12, 5, 0], "uv": [39, 8]},
						{"origin": [8, 11, -7], "size": [2, 3, 0], "pivot": [-1, 12.5, -7], "rotation": [7.5, 0, 0], "uv": [7, 84]},
						{"origin": [-2, 11, -7], "size": [2, 3, 0], "pivot": [-1, 12.5, -7], "rotation": [7.5, 0, 0], "uv": [1, 84]}
					]
				},
				{
					"name": "littlehead",
					"parent": "bone",
					"pivot": [-7, 15.16667, 1.25],
					"rotation": [8.91109, 41.13621, -13.61402],
					"cubes": [
						{"origin": [-1.5, 10, 1.25], "size": [3, 11, 0], "pivot": [-7, 8.5, 1.25], "rotation": [0, -45, 0], "uv": [61, 23]},
						{"origin": [-15.5, 10, 1.25], "size": [3, 11, 0], "pivot": [-7, 8.5, 1.25], "rotation": [0, -45, 0], "uv": [16, 58]},
						{"origin": [-11.5, 11, -3.25], "size": [9, 9, 9], "uv": [0, 26]},
						{"origin": [-11.5, 16, -3.5], "size": [4, 3, 0], "pivot": [-9.5, 17.5, -3.5], "rotation": [0, 0, 20], "uv": [0, 29]},
						{"origin": [-6.5, 16, -3.5], "size": [4, 3, 0], "pivot": [-4.5, 17.5, -3.5], "rotation": [0, 0, -20], "uv": [0, 26]},
						{"origin": [-10.5, 13.75, -3.5], "size": [7, 2, 0], "uv": [22, 44]},
						{"origin": [-12.5, 5, 1.25], "size": [11, 7, 0], "pivot": [-7, 11.5, 1.25], "rotation": [0, 45, 0], "uv": [0, 51]},
						{"origin": [-15.5, 10, 1.25], "size": [3, 11, 0], "pivot": [-7, 8.5, 1.25], "rotation": [0, 45, 0], "uv": [10, 58]},
						{"origin": [-1.5, 10, 1.25], "size": [3, 11, 0], "pivot": [-7, 8.5, 1.25], "rotation": [0, 45, 0], "uv": [42, 52]},
						{"origin": [-12.5, 5, 1.25], "size": [11, 7, 0], "pivot": [-7, 11.5, 1.25], "rotation": [0, -45, 0], "uv": [0, 44]},
						{"origin": [-13.5, 20, 1.25], "size": [13, 2, 0], "pivot": [-7, 27.5, 1.25], "rotation": [0, 45, 0], "uv": [46, 44]},
						{"origin": [-13.5, 20, 1.25], "size": [13, 2, 0], "pivot": [-7, 27.5, 1.25], "rotation": [0, -45, 0], "uv": [46, 42]}
					]
				}
			]
		}
	]
}