{
	"format_version": "1.12.0",
	"minecraft:geometry": [
		{
			"description": {
				"identifier": "geometry.unknown",
				"texture_width": 128,
				"texture_height": 128,
				"visible_bounds_width": 5,
				"visible_bounds_height": 3.5,
				"visible_bounds_offset": [0, 1.25, 0]
			},
			"bones": [
				{
					"name": "ascenshark",
					"pivot": [0, 0, 0]
				},
				{
					"name": "body",
					"parent": "ascenshark",
					"pivot": [0, 25, 8],
					"cubes": [
						{"origin": [-5, 20, -8.5], "size": [10, 8, 17], "uv": [0, 0]},
						{"origin": [5.01, 24.5, -4.5], "size": [0, 3, 4], "uv": [14, 99]},
						{"origin": [-5.01, 24.5, -4.5], "size": [0, 3, 4], "uv": [14, 99], "mirror": true},
						{"origin": [5.01, 25, -0.5], "size": [0, 3, 4], "uv": [16, 105]},
						{"origin": [5.01, 25.5, 3.5], "size": [0, 2, 4], "uv": [16, 112]},
						{"origin": [-5.01, 25.5, 3.5], "size": [0, 2, 4], "uv": [16, 112], "mirror": true},
						{"origin": [-5.01, 25, -0.5], "size": [0, 3, 4], "uv": [16, 105], "mirror": true},
						{"origin": [-4, 26, 8.5], "size": [8, 2, 7], "inflate": -0.01, "pivot": [0, 28, 8.5], "rotation": [-17.5, 0, 0], "uv": [54, 0]},
						{"origin": [-4, 20, 8.5], "size": [8, 2, 7], "inflate": -0.01, "pivot": [0, 20, 8.5], "rotation": [17.5, 0, 0], "uv": [54, 9]},
						{"origin": [-4, 22, 8.5], "size": [8, 4, 7], "inflate": 0.01, "uv": [0, 53]},
						{"origin": [-3, 22.5, 15.5], "size": [6, 3, 2], "inflate": 0.01, "uv": [84, 12]},
						{"origin": [-1.5, 23, 17.5], "size": [3, 2, 4], "inflate": 0.01, "uv": [44, 66]},
						{"origin": [-1, 23.5, 21.5], "size": [2, 1, 7], "inflate": 0.01, "uv": [0, 77]}
					]
				},
				{
					"name": "fin",
					"parent": "body",
					"pivot": [-1, 28, 2.5],
					"cubes": [
						{"origin": [0, 28, -1.5], "size": [0, 5, 8], "uv": [20, 74]},
						{"origin": [-0.5, 33, 0], "size": [1, 1, 8], "uv": [36, 74]}
					]
				},
				{
					"name": "head",
					"parent": "body",
					"pivot": [0, 24, -8.5],
					"cubes": [
						{"origin": [3, 22, -16.5], "size": [2, 5, 8], "pivot": [5, 25, -8.5], "rotation": [0, 14.5, 0], "uv": [58, 61]},
						{"origin": [5.01, 23.5, -12.5], "size": [0, 3, 4], "pivot": [5, 24.5, -8.5], "rotation": [0, 14.5, 0], "uv": [0, 111]},
						{"origin": [-5.01, 23.5, -12.5], "size": [0, 3, 4], "pivot": [-5, 24.5, -8.5], "rotation": [0, -14.5, 0], "uv": [0, 111], "mirror": true},
						{"origin": [-3, 27, -15.5], "size": [6, 1, 7], "inflate": 0.01, "pivot": [0, 28, -8.5], "rotation": [8.5, 0, 0], "uv": [58, 53]},
						{"origin": [-3, 22, -16.5], "size": [6, 5, 8], "inflate": 0.01, "uv": [30, 53]},
						{"origin": [-5, 22, -16.5], "size": [2, 5, 8], "pivot": [-5, 25, -8.5], "rotation": [0, -14.5, 0], "uv": [0, 64]},
						{"origin": [-2, 25, -22.5], "size": [4, 2, 6], "pivot": [0, 27, -16.5], "rotation": [32.5, 0, 0], "uv": [54, 74]},
						{"origin": [2.03, 24, -20.5], "size": [0, 3, 4], "pivot": [0, 27, -16.5], "rotation": [32.5, 0, 0], "uv": [0, 100]},
						{"origin": [-2.03, 24, -20.5], "size": [0, 3, 4], "pivot": [0, 27, -16.5], "rotation": [32.5, 0, 0], "uv": [0, 100], "mirror": true},
						{"origin": [-2, 22, -22.5], "size": [4, 2, 6], "inflate": 0.01, "uv": [74, 74]},
						{"origin": [-2, 22.5, -22.5], "size": [4, 1, 4], "inflate": 0.02, "uv": [0, 108]},
						{"origin": [-2, 24, -19.5], "size": [4, 1, 2], "pivot": [0, 27, -16.5], "rotation": [32.5, 0, 0], "uv": [88, 25]},
						{"origin": [3.19364, 24.1, -16.32221], "size": [0, 2, 2], "pivot": [3, 24.1, -15.6], "rotation": [-45, 14.5, 0], "uv": [14, 119]},
						{"origin": [-3.19364, 24.1, -16.32221], "size": [0, 2, 2], "pivot": [-3, 24.1, -15.6], "rotation": [-45, -14.5, 0], "uv": [14, 119], "mirror": true}
					]
				},
				{
					"name": "jaw",
					"parent": "head",
					"pivot": [0, 22, -8.5],
					"cubes": [
						{"origin": [-2.5, 20, -15.5], "size": [5, 2, 7], "uv": [64, 18]},
						{"origin": [-2.5, 22, -15.5], "size": [5, 2, 0], "uv": [54, 23]},
						{"origin": [2.5, 22, -15.5], "size": [0, 2, 7], "uv": [36, 84]},
						{"origin": [-2.5, 22, -15.5], "size": [0, 2, 7], "uv": [84, 51]},
						{"origin": [1.5, 20.5, -16.5], "size": [2, 1, 2], "uv": [88, 48]},
						{"origin": [-3.5, 20.5, -16.5], "size": [2, 1, 2], "uv": [10, 93]}
					]
				},
				{
					"name": "eye_left",
					"parent": "head",
					"pivot": [3.2, 25.1, -15],
					"rotation": [12.4705, 0.86509, -3.90548],
					"cubes": [
						{"origin": [5.18, 24.6, -16], "size": [0, 1, 2], "pivot": [5.2, 24.6, -8], "rotation": [0, 14.5, 0], "uv": [0, 118]}
					]
				},
				{
					"name": "eye_right",
					"parent": "head",
					"pivot": [-3.2, 25.1, -15],
					"rotation": [12.4705, -0.86509, 3.90548],
					"cubes": [
						{"origin": [-5.18, 24.6, -16], "size": [0, 1, 2], "pivot": [-5.2, 24.6, -8], "rotation": [0, -14.5, 0], "uv": [0, 118], "mirror": true}
					]
				},
				{
					"name": "leg_front_left",
					"parent": "body",
					"pivot": [5, 24, -6.5],
					"cubes": [
						{"origin": [5, 23, -7.5], "size": [8, 2, 2], "inflate": 0.01, "uv": [78, 61]}
					]
				},
				{
					"name": "leg_front_left2",
					"parent": "leg_front_left",
					"pivot": [13, 24, -6.5],
					"cubes": [
						{"origin": [13, 23, -7.5], "size": [8, 2, 2], "uv": [78, 65]}
					]
				},
				{
					"name": "booster_front_left",
					"parent": "leg_front_left2",
					"pivot": [21, 24, -6.5],
					"cubes": [
						{"origin": [21, 21, -10.5], "size": [8, 6, 8], "uv": [0, 25]},
						{"origin": [23, 17, -10.5], "size": [4, 4, 1], "uv": [54, 18]},
						{"origin": [21.5, 17, -10], "size": [2, 4, 0], "pivot": [21.5, 21, -10], "rotation": [0, 0, -25], "uv": [82, 94]},
						{"origin": [26.5, 17, -10], "size": [2, 4, 0], "pivot": [28.5, 21, -10], "rotation": [0, 0, 25], "uv": [86, 94]},
						{"origin": [26.5, 17, -3], "size": [2, 4, 0], "pivot": [28.5, 21, -3], "rotation": [0, 0, 25], "uv": [18, 95]},
						{"origin": [21.5, 17, -3], "size": [2, 4, 0], "pivot": [21.5, 21, -3], "rotation": [0, 0, -25], "uv": [22, 95]},
						{"origin": [28.5, 17, -10], "size": [0, 4, 2], "pivot": [28.5, 21, -10], "rotation": [25, 0, 0], "uv": [30, 87]},
						{"origin": [28.5, 17, -5], "size": [0, 4, 2], "pivot": [28.5, 21, -3], "rotation": [-25, 0, 0], "uv": [30, 93]},
						{"origin": [21.5, 17, -5], "size": [0, 4, 2], "pivot": [21.5, 21, -3], "rotation": [-25, 0, 0], "uv": [34, 93]},
						{"origin": [21.5, 17, -10], "size": [0, 4, 2], "pivot": [21.5, 21, -10], "rotation": [25, 0, 0], "uv": [38, 93]},
						{"origin": [23, 17, -3.5], "size": [4, 4, 1], "uv": [88, 28]},
						{"origin": [21, 17, -8.5], "size": [1, 4, 4], "uv": [0, 85]},
						{"origin": [28, 17, -8.5], "size": [1, 4, 4], "uv": [10, 85]},
						{"origin": [22, 27, -9.5], "size": [6, 2, 6], "uv": [64, 27]}
					]
				},
				{
					"name": "booster_energy_front_left",
					"parent": "booster_front_left",
					"pivot": [21, 24, -6.5],
					"cubes": [
						{"origin": [19, 15, -12.5], "size": [12, 0, 12], "uv": [92, 0]},
						{"origin": [19, 13, -12.5], "size": [12, 0, 12], "uv": [92, 12]},
						{"origin": [19, 11, -12.5], "size": [12, 0, 12], "uv": [92, 24]},
						{"origin": [19, 9, -12.5], "size": [12, 0, 12], "uv": [92, 36]}
					]
				},
				{
					"name": "leg_back_left",
					"parent": "body",
					"pivot": [5, 24, 5.5],
					"cubes": [
						{"origin": [5, 23, 4.5], "size": [8, 2, 2], "inflate": 0.01, "uv": [74, 82]}
					]
				},
				{
					"name": "leg_back_left2",
					"parent": "leg_back_left",
					"pivot": [13, 24, 5.5],
					"cubes": [
						{"origin": [13, 23, 4.5], "size": [8, 2, 2], "uv": [84, 0]}
					]
				},
				{
					"name": "booster_back_left",
					"parent": "leg_back_left2",
					"pivot": [21, 24, 5.5],
					"cubes": [
						{"origin": [21, 21, 1.5], "size": [8, 6, 8], "uv": [0, 39]},
						{"origin": [23, 17, 1.5], "size": [4, 4, 1], "uv": [88, 43]},
						{"origin": [21.5, 17, 2], "size": [2, 4, 0], "pivot": [21.5, 21, 2], "rotation": [0, 0, -25], "uv": [94, 96]},
						{"origin": [26.5, 17, 2], "size": [2, 4, 0], "pivot": [28.5, 21, 2], "rotation": [0, 0, 25], "uv": [0, 98]},
						{"origin": [26.5, 17, 9], "size": [2, 4, 0], "pivot": [28.5, 21, 9], "rotation": [0, 0, 25], "uv": [4, 98]},
						{"origin": [21.5, 17, 9], "size": [2, 4, 0], "pivot": [21.5, 21, 9], "rotation": [0, 0, -25], "uv": [98, 17]},
						{"origin": [28.5, 17, 2], "size": [0, 4, 2], "pivot": [28.5, 21, 2], "rotation": [25, 0, 0], "uv": [58, 94]},
						{"origin": [28.5, 17, 7], "size": [0, 4, 2], "pivot": [28.5, 21, 9], "rotation": [-25, 0, 0], "uv": [62, 94]},
						{"origin": [21.5, 17, 7], "size": [0, 4, 2], "pivot": [21.5, 21, 9], "rotation": [-25, 0, 0], "uv": [66, 94]},
						{"origin": [21.5, 17, 2], "size": [0, 4, 2], "pivot": [21.5, 21, 2], "rotation": [25, 0, 0], "uv": [70, 94]},
						{"origin": [23, 17, 8.5], "size": [4, 4, 1], "uv": [90, 86]},
						{"origin": [21, 17, 3.5], "size": [1, 4, 4], "uv": [70, 86]},
						{"origin": [28, 17, 3.5], "size": [1, 4, 4], "uv": [80, 86]},
						{"origin": [22, 27, 2.5], "size": [6, 2, 6], "uv": [64, 43]}
					]
				},
				{
					"name": "booster_energy_back_left",
					"parent": "booster_back_left",
					"pivot": [21, 24, 5.5],
					"cubes": [
						{"origin": [19, 15, -0.5], "size": [12, 0, 12], "uv": [92, 0]},
						{"origin": [19, 13, -0.5], "size": [12, 0, 12], "uv": [92, 12]},
						{"origin": [19, 11, -0.5], "size": [12, 0, 12], "uv": [92, 24]},
						{"origin": [19, 9, -0.5], "size": [12, 0, 12], "uv": [92, 36]}
					]
				},
				{
					"name": "leg_back_right",
					"parent": "body",
					"pivot": [-5, 24, 5.5],
					"cubes": [
						{"origin": [-13, 23, 4.5], "size": [8, 2, 2], "inflate": 0.01, "uv": [84, 4]}
					]
				},
				{
					"name": "leg_back_right2",
					"parent": "leg_back_right",
					"pivot": [-13, 24, 5.5],
					"cubes": [
						{"origin": [-21, 23, 4.5], "size": [8, 2, 2], "uv": [84, 8]}
					]
				},
				{
					"name": "booster_back_right",
					"parent": "leg_back_right2",
					"pivot": [-21, 24, 5.5],
					"cubes": [
						{"origin": [-29, 21, 1.5], "size": [8, 6, 8], "uv": [32, 39]},
						{"origin": [-27, 17, 1.5], "size": [4, 4, 1], "uv": [90, 91]},
						{"origin": [-23.5, 17, 2], "size": [2, 4, 0], "pivot": [-21.5, 21, 2], "rotation": [0, 0, 25], "uv": [98, 21]},
						{"origin": [-28.5, 17, 2], "size": [2, 4, 0], "pivot": [-28.5, 21, 2], "rotation": [0, 0, -25], "uv": [98, 28]},
						{"origin": [-28.5, 17, 9], "size": [2, 4, 0], "pivot": [-28.5, 21, 9], "rotation": [0, 0, -25], "uv": [98, 32]},
						{"origin": [-23.5, 17, 9], "size": [2, 4, 0], "pivot": [-21.5, 21, 9], "rotation": [0, 0, 25], "uv": [98, 36]},
						{"origin": [-28.5, 17, 2], "size": [0, 4, 2], "pivot": [-28.5, 21, 2], "rotation": [25, 0, 0], "uv": [94, 73]},
						{"origin": [-28.5, 17, 7], "size": [0, 4, 2], "pivot": [-28.5, 21, 9], "rotation": [-25, 0, 0], "uv": [74, 94]},
						{"origin": [-21.5, 17, 7], "size": [0, 4, 2], "pivot": [-21.5, 21, 9], "rotation": [-25, 0, 0], "uv": [78, 94]},
						{"origin": [-21.5, 17, 2], "size": [0, 4, 2], "pivot": [-21.5, 21, 2], "rotation": [25, 0, 0], "uv": [94, 79]},
						{"origin": [-27, 17, 8.5], "size": [4, 4, 1], "uv": [0, 93]},
						{"origin": [-22, 17, 3.5], "size": [1, 4, 4], "uv": [20, 87]},
						{"origin": [-29, 17, 3.5], "size": [1, 4, 4], "uv": [88, 17]},
						{"origin": [-28, 27, 2.5], "size": [6, 2, 6], "uv": [20, 66]}
					]
				},
				{
					"name": "booster_energy_back_right",
					"parent": "booster_back_right",
					"pivot": [-29, 24, 5.5],
					"cubes": [
						{"origin": [-31, 15, -0.5], "size": [12, 0, 12], "uv": [92, 0]},
						{"origin": [-31, 13, -0.5], "size": [12, 0, 12], "uv": [92, 12]},
						{"origin": [-31, 11, -0.5], "size": [12, 0, 12], "uv": [92, 24]},
						{"origin": [-31, 9, -0.5], "size": [12, 0, 12], "uv": [92, 36]}
					]
				},
				{
					"name": "leg_front_right",
					"parent": "body",
					"pivot": [-5, 24, -6.5],
					"cubes": [
						{"origin": [-13, 23, -7.5], "size": [8, 2, 2], "inflate": 0.01, "uv": [78, 69]}
					]
				},
				{
					"name": "leg_front_right2",
					"parent": "leg_front_right",
					"pivot": [-13, 24, -6.5],
					"cubes": [
						{"origin": [-21, 23, -7.5], "size": [8, 2, 2], "uv": [54, 82]}
					]
				},
				{
					"name": "booster_front_right",
					"parent": "leg_front_right2",
					"pivot": [-21, 24, -6.5],
					"cubes": [
						{"origin": [-29, 21, -10.5], "size": [8, 6, 8], "uv": [32, 25]},
						{"origin": [-27, 17, -10.5], "size": [4, 4, 1], "uv": [88, 33]},
						{"origin": [-23.5, 17, -10], "size": [2, 4, 0], "pivot": [-21.5, 21, -10], "rotation": [0, 0, 25], "uv": [26, 95]},
						{"origin": [-28.5, 17, -10], "size": [2, 4, 0], "pivot": [-28.5, 21, -10], "rotation": [0, 0, -25], "uv": [10, 96]},
						{"origin": [-28.5, 17, -3], "size": [2, 4, 0], "pivot": [-28.5, 21, -3], "rotation": [0, 0, -25], "uv": [14, 96]},
						{"origin": [-23.5, 17, -3], "size": [2, 4, 0], "pivot": [-21.5, 21, -3], "rotation": [0, 0, 25], "uv": [90, 96]},
						{"origin": [-28.5, 17, -10], "size": [0, 4, 2], "pivot": [-28.5, 21, -10], "rotation": [25, 0, 0], "uv": [42, 93]},
						{"origin": [-28.5, 17, -5], "size": [0, 4, 2], "pivot": [-28.5, 21, -3], "rotation": [-25, 0, 0], "uv": [46, 93]},
						{"origin": [-21.5, 17, -5], "size": [0, 4, 2], "pivot": [-21.5, 21, -3], "rotation": [-25, 0, 0], "uv": [50, 94]},
						{"origin": [-21.5, 17, -10], "size": [0, 4, 2], "pivot": [-21.5, 21, -10], "rotation": [25, 0, 0], "uv": [54, 94]},
						{"origin": [-27, 17, -3.5], "size": [4, 4, 1], "uv": [88, 38]},
						{"origin": [-22, 17, -8.5], "size": [1, 4, 4], "uv": [50, 86]},
						{"origin": [-29, 17, -8.5], "size": [1, 4, 4], "uv": [60, 86]},
						{"origin": [-28, 27, -9.5], "size": [6, 2, 6], "uv": [64, 35]}
					]
				},
				{
					"name": "booster_energy_front_right",
					"parent": "booster_front_right",
					"pivot": [-29, 24, -6.5],
					"cubes": [
						{"origin": [-31, 15, -12.5], "size": [12, 0, 12], "uv": [92, 0]},
						{"origin": [-31, 13, -12.5], "size": [12, 0, 12], "uv": [92, 12]},
						{"origin": [-31, 11, -12.5], "size": [12, 0, 12], "uv": [92, 24]},
						{"origin": [-31, 11, -12.5], "size": [12, 0, 12], "uv": [92, 36]}
					]
				}
			]
		}
	]
}