{
	"format_version": "1.12.0",
	"minecraft:geometry": [
		{
			"description": {
				"identifier": "geometry.lanturn",
				"texture_width": 256,
				"texture_height": 360,
				"visible_bounds_width": 5,
				"visible_bounds_height": 4.5,
				"visible_bounds_offset": [0, 1.75, 0]
			},
			"bones": [
				{
					"name": "lanturn",
					"pivot": [0, 0, 0]
				},
				{
					"name": "body",
					"parent": "lanturn",
					"pivot": [0, 0, 0]
				},
				{
					"name": "torso",
					"parent": "body",
					"pivot": [0, 7, -3.5],
					"rotation": [-20, 0, 0],
					"cubes": [
						{"origin": [-7, 0, -9], "size": [14, 14, 11], "uv": [0, 0]}
					]
				},
				{
					"name": "neck3",
					"parent": "torso",
					"pivot": [0, 9.5, -9],
					"rotation": [5, 0, 0],
					"cubes": [
						{"origin": [-2, 5.96575, -11.2156], "size": [4, 10, 4], "inflate": 0.1, "pivot": [1, 9.96575, -7.2156], "rotation": [37.5, 0, 0], "uv": [72, 188]}
					]
				},
				{
					"name": "neck4",
					"parent": "neck3",
					"pivot": [0, 27.96575, -8.7156],
					"rotation": [-10, 0, 0],
					"cubes": [
						{"origin": [-2, 11.96575, -12.2156], "size": [4, 14, 4], "inflate": 0.15, "pivot": [1, 17.96575, -9.2156], "rotation": [10, 0, 0], "uv": [100, 91]}
					]
				},
				{
					"name": "neck_spine2",
					"parent": "neck4",
					"pivot": [1, 33.96575, -1.9656],
					"rotation": [-15, 0, 0]
				},
				{
					"name": "neck5",
					"parent": "neck4",
					"pivot": [0, 18.96575, -11.2156]
				},
				{
					"name": "neck_spine1",
					"parent": "neck5",
					"pivot": [0, 28.96575, -16.2156],
					"rotation": [-7.5, 0, 0]
				},
				{
					"name": "scale_neck_left",
					"parent": "neck5",
					"pivot": [7, 20.96575, -16.9656],
					"rotation": [12.5, 0, 15]
				},
				{
					"name": "scale_neck_right",
					"parent": "neck5",
					"pivot": [-7, 20.96575, -16.9656],
					"rotation": [12.5, 0, -15]
				},
				{
					"name": "head2",
					"parent": "neck5",
					"pivot": [0, 24.96575, -10.7156],
					"rotation": [10, 0, 0],
					"cubes": [
						{"origin": [-6, 17.96575, -21.2156], "size": [12, 11, 12], "uv": [43, 203]}
					]
				},
				{
					"name": "locator_head2",
					"parent": "head2",
					"pivot": [0, 31.96575, -18.2156],
					"locators": {
						"head": [0, 31.96575, -18.2156]
					}
				},
				{
					"name": "locator_item_hat2",
					"parent": "head2",
					"pivot": [0, 31.96575, -15.2156],
					"locators": {
						"item_hat": [0, 31.96575, -15.2156]
					}
				},
				{
					"name": "locator_face2",
					"parent": "head2",
					"pivot": [0, 24.46575, -26.2156],
					"locators": {
						"face": [0, 24.46575, -26.2156]
					}
				},
				{
					"name": "locator_item_face2",
					"parent": "head2",
					"pivot": [0, 25.96575, -24.2156],
					"locators": {
						"item_face": [0, 25.96575, -24.2156]
					}
				},
				{
					"name": "locator_seat_2",
					"parent": "head2",
					"pivot": [0, 31.96575, -9.2156],
					"locators": {
						"seat_1": [0, 31.96575, -9.2156]
					}
				},
				{
					"name": "head_scales",
					"parent": "head2",
					"pivot": [-6, 28.96575, -13.2156],
					"rotation": [-90, 0, 180]
				},
				{
					"name": "left_head_scales",
					"parent": "head_scales",
					"pivot": [-6, 28.96575, -13.2156],
					"cubes": [
						{"origin": [-6, 27.96575, -13.2156], "size": [4, 4, 0], "pivot": [-6, 29.96575, -13.2156], "rotation": [0, -27.5, 0], "uv": [27, 81]},
						{"origin": [-6.5, 23.71575, -14.2156], "size": [3, 4, 0], "pivot": [-6, 26.96575, -14.2156], "rotation": [0, -22.5, 0], "uv": [65, 97]},
						{"origin": [-6.25, 20.21575, -14.7156], "size": [2, 3, 0], "pivot": [-6, 21.96575, -14.7156], "rotation": [0, -35, 0], "uv": [15, 81]}
					]
				},
				{
					"name": "right_head_scales",
					"parent": "head_scales",
					"pivot": [-18, 28.96575, -13.2156],
					"cubes": [
						{"origin": [-22, 27.96575, -13.2156], "size": [4, 4, 0], "pivot": [-18, 29.96575, -13.2156], "rotation": [0, 27.5, 0], "uv": [27, 125]},
						{"origin": [-20.5, 23.71575, -14.2156], "size": [3, 4, 0], "pivot": [-18, 26.96575, -14.2156], "rotation": [0, 22.5, 0], "uv": [71, 97]},
						{"origin": [-19.75, 20.21575, -14.7156], "size": [2, 3, 0], "pivot": [-18, 21.96575, -14.7156], "rotation": [0, 35, 0], "uv": [33, 120]}
					]
				},
				{
					"name": "head_fins",
					"parent": "head2",
					"pivot": [6, 23.21575, -15.4656]
				},
				{
					"name": "head_left_fin",
					"parent": "head_fins",
					"pivot": [6, 23.21575, -15.4656],
					"cubes": [
						{"origin": [6, 16.21575, -15.4656], "size": [13, 14, 0], "uv": [149, 222]}
					]
				},
				{
					"name": "head_right_fin",
					"parent": "head_fins",
					"pivot": [-6, 23.21575, -15.4656],
					"cubes": [
						{"origin": [-19, 16.21575, -15.4656], "size": [13, 14, 0], "uv": [161, 188]}
					]
				},
				{
					"name": "mouth",
					"parent": "head2",
					"pivot": [0, 24.46575, -21.2156]
				},
				{
					"name": "muzzle",
					"parent": "mouth",
					"pivot": [0, 24.46575, -21.2156],
					"rotation": [-5, 0, 0],
					"cubes": [
						{"origin": [-4.5, 21.96575, -26.2156], "size": [9, 3, 6], "inflate": 0.01, "uv": [85, 225]}
					]
				},
				{
					"name": "locator_jaw_upper",
					"parent": "muzzle",
					"pivot": [0, 21.96575, -26.2156],
					"locators": {
						"jaw1": [0, 21.96575, -26.2156]
					}
				},
				{
					"name": "upper_left_tooth",
					"parent": "muzzle",
					"pivot": [2.75, 21.86575, -26.2156],
					"cubes": [
						{"origin": [3.26, 20.36575, -26.7156], "size": [0, 2, 1], "uv": [33, 94]}
					]
				},
				{
					"name": "upper_right_tooth",
					"parent": "muzzle",
					"pivot": [-3.25, 21.86575, -26.2156],
					"cubes": [
						{"origin": [-3.26, 20.36575, -26.7156], "size": [0, 2, 1], "uv": [33, 96]}
					]
				},
				{
					"name": "top_lip",
					"parent": "muzzle",
					"pivot": [0, 22.96575, -26.2156],
					"rotation": [-20, 0, 0],
					"cubes": [
						{"origin": [-4.5, 21.96575, -26.7156], "size": [9, 1, 9], "inflate": 0.1, "uv": [81, 110]},
						{"origin": [-4.5, 22.96575, -24.7156], "size": [0, 7, 6], "uv": [15, 130]},
						{"origin": [4.5, 22.96575, -24.7156], "size": [0, 7, 6], "uv": [15, 87]}
					]
				},
				{
					"name": "jaw",
					"parent": "mouth",
					"pivot": [0.5, 17.96575, -13.7156],
					"rotation": [10, 0, 0],
					"cubes": [
						{"origin": [-4.5, 17.96575, -21.7156], "size": [9, 5, 8], "inflate": 0.01, "uv": [65, 81]}
					]
				},
				{
					"name": "locator_mouth2",
					"parent": "jaw",
					"pivot": [0, 23.71575, -24.2156],
					"locators": {
						"mouth": {
							"offset": [0, 23.71575, -24.2156],
							"rotation": [-40, 0, 0]
						},
						"special": {
							"offset": [0, 23.71575, -24.2156],
							"rotation": [-40, 0, 0]
						}
					}
				},
				{
					"name": "locator_item2",
					"parent": "jaw",
					"pivot": [0, 25.06575, -25.6156],
					"locators": {
						"item": [0, 25.06575, -25.6156]
					}
				},
				{
					"name": "jaw2",
					"parent": "jaw",
					"pivot": [0.5, 17.96575, -21.7156],
					"rotation": [-17.5, 0, 0],
					"cubes": [
						{"origin": [-4.5, 17.96575, -29.7156], "size": [9, 2, 8], "uv": [15, 221]}
					]
				},
				{
					"name": "locator_jaw_lower",
					"parent": "jaw2",
					"pivot": [0, 19.96575, -29.2156],
					"locators": {
						"jaw2": [0, 19.96575, -29.2156]
					}
				},
				{
					"name": "jaw_right_tooth",
					"parent": "jaw2",
					"pivot": [-3.25, 20.11575, -29.2156],
					"rotation": [-10, 0, 0],
					"cubes": [
						{"origin": [-3.25, 19.86575, -29.7156], "size": [0, 2, 1], "uv": [33, 122]}
					]
				},
				{
					"name": "jaw_left_tooth",
					"parent": "jaw2",
					"pivot": [3.25, 20.11575, -29.2156],
					"rotation": [-10, 0, 0],
					"cubes": [
						{"origin": [3.25, 19.86575, -29.7156], "size": [0, 2, 1], "uv": [33, 92]}
					]
				},
				{
					"name": "jaw_lips",
					"parent": "jaw2",
					"pivot": [0.5, 18.71575, -29.7156],
					"rotation": [15, 0, 0],
					"cubes": [
						{"origin": [-4.5, 18.96575, -29.9656], "size": [9, 1, 8], "inflate": 0.15, "uv": [115, 221]},
						{"origin": [4.5, 16.96575, -26.4656], "size": [0, 3, 6], "inflate": -0.01, "uv": [15, 119]},
						{"origin": [-4.5, 16.96575, -26.4656], "size": [0, 3, 6], "inflate": -0.01, "uv": [65, 88]}
					]
				},
				{
					"name": "tongue",
					"parent": "jaw_lips",
					"pivot": [0, 19.86575, -21.7156],
					"cubes": [
						{"origin": [-3, 19.96575, -27.9656], "size": [6, 1, 6], "inflate": 0.15, "uv": [15, 129]}
					]
				},
				{
					"name": "eyes",
					"parent": "head2",
					"pivot": [0, 25.46575, -16.2156]
				},
				{
					"name": "right_eye",
					"parent": "eyes",
					"pivot": [-1, 26.46575, -14.2156],
					"rotation": [-90.00001, -65, -89.99999],
					"cubes": [
						{"origin": [-7, 25.46575, -19.2156], "size": [5, 3, 2], "inflate": 0.01, "uv": [71, 156]}
					]
				},
				{
					"name": "locator_eye_right2",
					"parent": "right_eye",
					"pivot": [-4.75, 26.96575, -19.2156],
					"locators": {
						"eye1": [-4.75, 26.96575, -19.2156]
					}
				},
				{
					"name": "tear_right",
					"parent": "right_eye",
					"pivot": [-6.4, 25.96575, -18.6156],
					"cubes": [
						{"origin": [-6.9, 25.46575, -19.1156], "size": [1, 1, 1], "inflate": 0.03, "uv": [33, 257]}
					]
				},
				{
					"name": "right_pupil",
					"parent": "right_eye",
					"pivot": [-4.75, 26.96575, -19.2156],
					"cubes": [
						{"origin": [-5.75, 25.46575, -19.2156], "size": [2, 3, 0], "inflate": 0.02, "uv": [38, 232]},
						{"origin": [-5.25, 25.96575, -19.2156], "size": [1, 2, 0], "inflate": 0.025, "uv": [39, 235]}
					]
				},
				{
					"name": "right_sad_pupil",
					"parent": "right_eye",
					"pivot": [-4.75, 26.96575, -19.1156],
					"cubes": [
						{"origin": [-5.75, 25.46575, -19.1156], "size": [2, 3, 0], "inflate": 0.02, "uv": [38, 243]},
						{"origin": [-5.25, 25.96575, -19.1156], "size": [1, 2, 0], "inflate": 0.025, "uv": [39, 246]}
					]
				},
				{
					"name": "right_happy_pupil",
					"parent": "right_eye",
					"pivot": [-5, 26.71575, -19.1156],
					"cubes": [
						{"origin": [-5.5, 26.46575, -19.1156], "size": [1, 1, 0], "inflate": 0.02, "uv": [37, 238]},
						{"origin": [-6.5, 25.96575, -19.1156], "size": [3, 1, 0], "inflate": 0.02, "uv": [37, 231]}
					]
				},
				{
					"name": "eyelid_right2",
					"parent": "right_eye",
					"pivot": [-0.9, 26.46575, -14.1156],
					"cubes": [
						{"origin": [-6.9, 25.46575, -19.1156], "size": [5, 3, 2], "inflate": 0.03, "uv": [15, 251]}
					]
				},
				{
					"name": "eyelid_expressions_right",
					"parent": "right_eye",
					"pivot": [-0.8, 26.46575, -14.0156]
				},
				{
					"name": "eyelid_expressions_right1",
					"parent": "eyelid_expressions_right",
					"pivot": [-5.9, 27.96575, -19.1156],
					"cubes": [
						{"origin": [-6.9, 27.46575, -19.1156], "size": [1, 1, 1], "inflate": 0.03, "uv": [29, 252]}
					]
				},
				{
					"name": "eyelid_expressions_right2",
					"parent": "eyelid_expressions_right",
					"pivot": [-3.9, 27.96575, -19.1156],
					"cubes": [
						{"origin": [-5.9, 27.46575, -19.1156], "size": [2, 2, 0], "inflate": 0.03, "uv": [29, 254]}
					]
				},
				{
					"name": "eyelid_expressions_right3",
					"parent": "eyelid_expressions_right2",
					"pivot": [-2.9, 27.96575, -19.1156],
					"cubes": [
						{"origin": [-3.9, 27.46575, -19.1156], "size": [2, 1, 0], "inflate": 0.03, "uv": [29, 256]}
					]
				},
				{
					"name": "left_eye",
					"parent": "eyes",
					"pivot": [1, 26.46575, -14.2156],
					"rotation": [-90, 65, 90],
					"cubes": [
						{"origin": [2, 25.46575, -19.2156], "size": [5, 3, 2], "inflate": 0.01, "uv": [71, 151]}
					]
				},
				{
					"name": "locator_eye_left2",
					"parent": "left_eye",
					"pivot": [4.75, 26.96575, -19.2156],
					"locators": {
						"eye2": [4.75, 26.96575, -19.2156]
					}
				},
				{
					"name": "tear_left",
					"parent": "left_eye",
					"pivot": [6.4, 25.96575, -18.6156],
					"cubes": [
						{"origin": [5.9, 25.46575, -19.1156], "size": [1, 1, 1], "inflate": 0.03, "uv": [29, 257]}
					]
				},
				{
					"name": "left_sad_pupil",
					"parent": "left_eye",
					"pivot": [4.75, 26.96575, -19.1156],
					"cubes": [
						{"origin": [3.75, 25.46575, -19.1156], "size": [2, 3, 0], "inflate": 0.02, "uv": [38, 250]},
						{"origin": [4.25, 25.96575, -19.1156], "size": [1, 2, 0], "inflate": 0.025, "uv": [39, 248]}
					]
				},
				{
					"name": "left_pupil",
					"parent": "left_eye",
					"pivot": [4.75, 26.96575, -19.2156],
					"cubes": [
						{"origin": [3.75, 25.46575, -19.2156], "size": [2, 3, 0], "inflate": 0.02, "uv": [38, 239]},
						{"origin": [4.25, 25.96575, -19.2156], "size": [1, 2, 0], "inflate": 0.025, "uv": [39, 237]}
					]
				},
				{
					"name": "eyelid_left2",
					"parent": "left_eye",
					"pivot": [0.9, 26.46575, -14.1156],
					"cubes": [
						{"origin": [1.9, 25.46575, -19.1156], "size": [5, 3, 2], "inflate": 0.03, "uv": [15, 256]}
					]
				},
				{
					"name": "left_happy_pupil",
					"parent": "left_eye",
					"pivot": [5, 26.71575, -19.1156],
					"cubes": [
						{"origin": [4.5, 26.46575, -19.1156], "size": [1, 1, 0], "inflate": 0.02, "uv": [41, 238]},
						{"origin": [3.5, 25.96575, -19.1156], "size": [3, 1, 0], "inflate": 0.02, "uv": [37, 242]}
					]
				},
				{
					"name": "eyelid_expressions_left",
					"parent": "left_eye",
					"pivot": [0.8, 26.46575, -14.0156]
				},
				{
					"name": "eyelid_expressions_left1",
					"parent": "eyelid_expressions_left",
					"pivot": [5.9, 27.96575, -19.1156],
					"cubes": [
						{"origin": [5.9, 27.46575, -19.1156], "size": [1, 1, 1], "inflate": 0.03, "uv": [33, 252], "mirror": true}
					]
				},
				{
					"name": "eyelid_expressions_left2",
					"parent": "eyelid_expressions_left",
					"pivot": [3.9, 27.96575, -19.1156],
					"cubes": [
						{"origin": [3.9, 27.46575, -19.1156], "size": [2, 2, 0], "inflate": 0.03, "uv": [33, 254], "mirror": true}
					]
				},
				{
					"name": "eyelid_expressions_left3",
					"parent": "eyelid_expressions_left2",
					"pivot": [2.9, 27.96575, -19.1156],
					"cubes": [
						{"origin": [1.9, 27.46575, -19.1156], "size": [2, 1, 0], "inflate": 0.03, "uv": [33, 256], "mirror": true}
					]
				},
				{
					"name": "crest",
					"parent": "head2",
					"pivot": [8.5, 26.46575, -21.7156],
					"rotation": [90, 15, 90]
				},
				{
					"name": "crest_center",
					"parent": "crest",
					"pivot": [8, 26.21575, -30.2156],
					"cubes": [
						{"origin": [6.5, 24.21575, -32.2156], "size": [3, 4, 4], "inflate": 0.01, "uv": [15, 143]}
					]
				},
				{
					"name": "crest_middle",
					"parent": "crest_center",
					"pivot": [8, 27.71575, -31.4656],
					"cubes": [
						{"origin": [6.5, 27.21575, -31.2156], "size": [3, 5, 2], "uv": [15, 166]}
					]
				},
				{
					"name": "crest_middle2",
					"parent": "crest_middle",
					"pivot": [8, 32.21575, -30.7156],
					"cubes": [
						{"origin": [7, 32.21575, -30.7156], "size": [2, 6, 1], "uv": [27, 93]}
					]
				},
				{
					"name": "crest_middle3",
					"parent": "crest_middle2",
					"pivot": [8, 38.21575, -30.7156],
					"cubes": [
						{"origin": [7.5, 38.21575, -30.7156], "size": [1, 6, 1], "uv": [77, 94]}
					]
				},
				{
					"name": "crest_left",
					"parent": "crest_center",
					"pivot": [7, 26.46575, -30.2156],
					"rotation": [0, 0, -57.5],
					"cubes": [
						{"origin": [5.5, 25.96575, -31.2156], "size": [3, 6, 2], "inflate": 0.01, "uv": [57, 143]}
					]
				},
				{
					"name": "crest_left2",
					"parent": "crest_left",
					"pivot": [7, 31.96575, -30.7156],
					"cubes": [
						{"origin": [6, 31.96575, -30.7156], "size": [2, 5, 1], "uv": [65, 81]}
					]
				},
				{
					"name": "crest_left3",
					"parent": "crest_left2",
					"pivot": [7, 36.96575, -30.7156],
					"cubes": [
						{"origin": [6.5, 36.96575, -30.7156], "size": [1, 6, 1], "uv": [33, 113]}
					]
				},
				{
					"name": "locator_seat_1",
					"parent": "torso",
					"pivot": [0, 15.93522, -2.37082],
					"rotation": [20, 0, 0],
					"locators": {
						"seat_1": [0, 15.93522, -2.37082]
					}
				},
				{
					"name": "arm_left",
					"parent": "torso",
					"pivot": [6.5, 4, -6.5],
					"cubes": [
						{"origin": [6, 4, -9], "size": [5, 0, 5], "uv": [34, 5]}
					]
				},
				{
					"name": "arm_left2",
					"parent": "arm_left",
					"pivot": [11, 4, -9],
					"cubes": [
						{"origin": [11, 4, -9], "size": [5, 0, 5], "inflate": 0.01, "uv": [34, 0]}
					]
				},
				{
					"name": "arm_right",
					"parent": "torso",
					"pivot": [-6.5, 4, -6.5],
					"cubes": [
						{"origin": [-11, 4, -9], "size": [5, 0, 5], "uv": [23, 25]}
					]
				},
				{
					"name": "arm_right2",
					"parent": "arm_right",
					"pivot": [-11, 4, -9],
					"cubes": [
						{"origin": [-16, 4, -9], "size": [5, 0, 5], "inflate": 0.01, "uv": [23, 30]}
					]
				},
				{
					"name": "locator_item",
					"parent": "arm_right2",
					"pivot": [-14, 4, -6.5],
					"rotation": [180, 0, 0],
					"locators": {
						"item": [-14, 4, -6.5]
					}
				},
				{
					"name": "tail",
					"parent": "torso",
					"pivot": [0, 6, -1],
					"rotation": [20, 0, 0],
					"cubes": [
						{"origin": [-5.5, 1, -1], "size": [11, 10, 7], "uv": [81, 24]}
					]
				},
				{
					"name": "tail2",
					"parent": "tail",
					"pivot": [0, 6, 4],
					"cubes": [
						{"origin": [-3.5, 2.5, 3], "size": [7, 7, 7], "uv": [50, 0]}
					]
				},
				{
					"name": "tail3",
					"parent": "tail2",
					"pivot": [0, 6, 8],
					"cubes": [
						{"origin": [-2, 3.5, 7], "size": [4, 5, 6], "uv": [50, 14]}
					]
				},
				{
					"name": "tail4",
					"parent": "tail3",
					"pivot": [0, 6, 11.5],
					"cubes": [
						{"origin": [0, -5.5, 11], "size": [0, 30, 14], "uv": [200, 191]}
					]
				},
				{
					"name": "locator_tail",
					"parent": "tail4",
					"pivot": [0, 10, 16],
					"locators": {
						"tail": [0, 10, 16]
					}
				},
				{
					"name": "locator_tail_tip",
					"parent": "tail4",
					"pivot": [0, 24, 22.75],
					"locators": {
						"tail_tip": [0, 24, 22.75]
					}
				},
				{
					"name": "locator_target",
					"parent": "body",
					"pivot": [0, 10, -23],
					"locators": {
						"target": [0, 10, -23]
					}
				},
				{
					"name": "locator_middle",
					"parent": "body",
					"pivot": [0, 8, -2.75],
					"locators": {
						"middle": [0, 8, -2.75]
					}
				},
				{
					"name": "locator_root",
					"parent": "lanturn",
					"pivot": [0, 0, 0],
					"locators": {
						"root": [0, 0, 0]
					}
				},
				{
					"name": "locator_top",
					"parent": "lanturn",
					"pivot": [0, 20.75, 0],
					"locators": {
						"top": [0, 20.75, 0]
					}
				},
				{
					"name": "gyarados",
					"pivot": [0, 0, 0]
				},
				{
					"name": "locator_root2",
					"parent": "gyarados",
					"pivot": [0, 0, 0],
					"locators": {
						"root": [0, 0, 0]
					}
				},
				{
					"name": "locator_top2",
					"parent": "gyarados",
					"pivot": [0, 55, 0],
					"locators": {
						"top": [0, 55, 0]
					}
				},
				{
					"name": "body2",
					"parent": "gyarados",
					"pivot": [0, 28, 0]
				},
				{
					"name": "locator_target2",
					"parent": "body2",
					"pivot": [0, 0, -7],
					"locators": {
						"target": [0, 0, -7]
					}
				},
				{
					"name": "locator_middle2",
					"parent": "body2",
					"pivot": [0, 0, 0],
					"locators": {
						"middle": [0, 0, 0]
					}
				},
				{
					"name": "neck1",
					"parent": "body2",
					"pivot": [0, 9, 0],
					"rotation": [25, 0, 0]
				},
				{
					"name": "neck2",
					"parent": "neck1",
					"pivot": [0, 14, -6],
					"rotation": [35, 0, 0]
				}
			]
		}
	]
}