{
	"format_version": "1.12.0",
	"minecraft:geometry": [
		{
			"description": {
				"identifier": "geometry.unknown",
				"texture_width": 64,
				"texture_height": 64,
				"visible_bounds_width": 3,
				"visible_bounds_height": 2.5,
				"visible_bounds_offset": [0, 0.75, 0]
			},
			"bones": [
				{
					"name": "ponku",
					"pivot": [0, 0, 0]
				},
				{
					"name": "body",
					"parent": "ponku",
					"pivot": [0, 2, 0],
					"cubes": [
						{"origin": [-3.5, 1.5, -3.5], "size": [7, 7, 7], "uv": [0, 0]},
						{"origin": [-1.5, 3, -3.51], "size": [3, 5, 0], "uv": [2, 41]},
						{"origin": [2.5, 6, -1.5], "size": [2, 3, 3], "uv": [28, 0]},
						{"origin": [-4.5, 6, -1.5], "size": [2, 3, 3], "uv": [28, 6]},
						{"origin": [-2.5, 8.5, -2.5], "size": [5, 1, 5], "uv": [0, 14]}
					]
				},
				{
					"name": "foot_left",
					"parent": "body",
					"pivot": [2, 2, 0],
					"cubes": [
						{"origin": [1, 0, -1], "size": [2, 2, 2], "uv": [32, 22]}
					]
				},
				{
					"name": "foot_right",
					"parent": "body",
					"pivot": [-2, 2, 0],
					"cubes": [
						{"origin": [-3, 0, -1], "size": [2, 2, 2], "uv": [32, 26]}
					]
				},
				{
					"name": "head",
					"parent": "body",
					"pivot": [0, 9.5, 0],
					"cubes": [
						{"origin": [-1, 9.5, -1], "size": [2, 4, 2], "uv": [24, 30]},
						{"origin": [-1, 12, -3], "size": [2, 2, 4], "inflate": 0.01, "pivot": [0, 12, 1], "rotation": [-5, 0, 0], "uv": [2, 22]},
						{"origin": [-2, 11.43958, -3.93187], "size": [4, 4, 1], "inflate": 0.01, "pivot": [0, 13.5, -4], "rotation": [-5, 5, 45], "uv": [14, 30]}
					]
				},
				{
					"name": "eye_left",
					"parent": "head",
					"pivot": [-0.5, 9, -0.1],
					"cubes": [
						{"origin": [0.5, 13, -1.1], "size": [1, 1, 2], "inflate": 0.01, "pivot": [-0.5, 13, 0.9], "rotation": [-5, 0, 0], "uv": [9, 40]}
					]
				},
				{
					"name": "pupil_left",
					"parent": "eye_left",
					"pivot": [-0.5, 8.5, -0.7],
					"cubes": [
						{"origin": [1.52, 13.5, -0.7], "size": [0, 1, 1], "pivot": [-0.5, 12.5, 0.3], "rotation": [-5, 0, 0], "uv": [16, 20]}
					]
				},
				{
					"name": "eyelid_left",
					"parent": "eye_left",
					"pivot": [-0.5, 9, -0.1],
					"cubes": [
						{"origin": [0.51, 14, -1.1], "size": [1, 1, 2], "inflate": 0.03, "pivot": [-0.5, 13, 0.9], "rotation": [-5, 0, 0], "uv": [12, 35]}
					]
				},
				{
					"name": "eye_right",
					"parent": "head",
					"pivot": [0.5, 9, -0.1],
					"cubes": [
						{"origin": [-1.5, 13, -1.1], "size": [1, 1, 2], "inflate": 0.01, "pivot": [0.5, 13, 0.9], "rotation": [-5, 0, 0], "uv": [9, 40]}
					]
				},
				{
					"name": "pupil_right",
					"parent": "eye_right",
					"pivot": [0.5, 8.5, -0.7],
					"cubes": [
						{"origin": [-1.52, 13.5, -0.7], "size": [0, 1, 1], "pivot": [0.5, 12.5, 0.3], "rotation": [-5, 0, 0], "uv": [18, 20]}
					]
				},
				{
					"name": "eyelid_right",
					"parent": "eye_right",
					"pivot": [0.5, 9, -0.1],
					"cubes": [
						{"origin": [-1.51, 14, -1.1], "size": [1, 1, 2], "inflate": 0.03, "pivot": [0.5, 13, 0.9], "rotation": [-5, 0, 0], "uv": [18, 35]}
					]
				},
				{
					"name": "hand_left",
					"parent": "body",
					"pivot": [4.5, 7.5, 0],
					"cubes": [
						{"origin": [4.5, 6.5, -1], "size": [2, 2, 2], "uv": [32, 30]}
					]
				},
				{
					"name": "hand_right",
					"parent": "body",
					"pivot": [-4.5, 7.5, 0],
					"cubes": [
						{"origin": [-6.5, 6.5, -1], "size": [2, 2, 2], "uv": [32, 34]}
					]
				},
				{
					"name": "tail",
					"parent": "body",
					"pivot": [0, 3, 3],
					"cubes": [
						{"origin": [-1, 2, 3], "size": [2, 2, 6], "inflate": 0.01, "uv": [20, 14]}
					]
				},
				{
					"name": "tail2",
					"parent": "tail",
					"pivot": [0, 2, 9],
					"cubes": [
						{"origin": [-1, 2, 9], "size": [2, 2, 6], "uv": [16, 22]},
						{"origin": [-2.5, 0.5, 14], "size": [5, 5, 2], "uv": [0, 28]}
					]
				}
			]
		}
	]
}