{
	"species": "cobblemon:doublade",
	"order": 1,
	"variations": [
		{
			"aspects": ["sword-material-normal"],
			"texture": "cobblemon:textures/pokemon/0680_doublade/default/doublade.png"
		},
		{
			"aspects": ["sword-material-diamond"],
			"texture": "cobblemon:textures/pokemon/0680_doublade/doublade_sword/doublade_diamond.png"
		},
		{
			"aspects": ["sword-material-netherite"],
			"texture": "cobblemon:textures/pokemon/0680_doublade/doublade_sword/doublade_netherite.png"
		},
		{
			"aspects": ["sword-material-golden"],
			"texture": "cobblemon:textures/pokemon/0680_doublade/doublade_sword/doublade_golden.png"
		},
		{
			"aspects": ["sword-material-iron"],  
			"texture": "cobblemon:textures/pokemon/0680_doublade/doublade_sword/doublade_iron.png"
		},
		{
			"aspects": ["sword-material-stone"], 
			"texture": "cobblemon:textures/pokemon/0680_doublade/doublade_sword/doublade_stone.png"
		},
		{
			"aspects": ["sword-material-wooden"],
			"texture": "cobblemon:textures/pokemon/0680_doublade/doublade_sword/doublade_wooden.png"
		},
		{
			"aspects": ["sword-material-emerald"], 
			"texture": "cobblemon:textures/pokemon/0680_doublade/doublade_sword/doublade_emerald.png"
		},
		{
			"aspects": ["sword-material-copper"], 
			"texture": "cobblemon:textures/pokemon/0680_doublade/doublade_sword/doublade_copper.png"
		},
		{
			"aspects": ["sword-material-normal", "shiny"],
			"texture": "cobblemon:textures/pokemon/0680_doublade/default/doublade_shiny.png"
		},
		{
			"aspects": ["sword-material-diamond", "shiny"], 
			"texture": "cobblemon:textures/pokemon/0680_doublade/doublade_sword/doublade_diamond_shiny.png"
		},
		{
			"aspects": ["sword-material-netherite", "shiny"],
			"texture": "cobblemon:textures/pokemon/0680_doublade/doublade_sword/doublade_netherite_shiny.png"
		},
		{
			"aspects": ["sword-material-golden", "shiny"],
			"texture": "cobblemon:textures/pokemon/0680_doublade/doublade_sword/doublade_golden_shiny.png"
		},
		{
			"aspects": ["sword-material-iron", "shiny"],  
			"texture": "cobblemon:textures/pokemon/0680_doublade/doublade_sword/doublade_iron_shiny.png"
		},
		{
			"aspects": ["sword-material-stone", "shiny"], 
			"texture": "cobblemon:textures/pokemon/0680_doublade/doublade_sword/doublade_stone_shiny.png"
		},
		{
			"aspects": ["sword-material-wooden", "shiny"],
			"texture": "cobblemon:textures/pokemon/0680_doublade/doublade_sword/doublade_wooden_shiny.png"
		},
		{
			"aspects": ["sword-material-emerald", "shiny"], 
			"texture": "cobblemon:textures/pokemon/0680_doublade/doublade_sword/doublade_emerald_shiny.png"
		},
		{
			"aspects": ["sword-material-copper", "shiny"], 
			"texture": "cobblemon:textures/pokemon/0680_doublade/doublade_sword/doublade_copper_shiny.png"
		}
	]
}