{
  "implemented": true,
  "name": "Croconaw",
  "nationalPokedexNumber": 159,
  "primaryType": "water",
  "abilities": [
    "torrent",
    "h:sheerforce"
  ],
  "drops": {
    "amount": 1,
    "entries": [
      {
        "item": "cobblemon:mystic_water",
        "percentage": 10.0
      }
    ]
  },
  "baseStats": {
    "hp": 65,
    "attack": 80,
    "defence": 80,
    "special_attack": 59,
    "special_defence": 63,
    "speed": 58
  },
  "features": [
    "ultravariant",
    "shining"
  ],
  "catchRate": 45,
  "maleRatio": 0.875,
  "shoulderMountable": false,
  "forms": [
    {
      "name": "ultravariant",
      "primaryType": "steel",
      "secondaryType": "ice",
      "abilities": [
        "slushrush",
        "h:strongjaw"
      ],
      "drops": {
        "amount": 1,
        "entries": [
          {
            "item": "cobblemon:never_melt_ice",
            "percentage": 25.0
          },
          {
            "item": "minecraft:iron_ingot",
            "percentage": 50.0
          }
        ]
      },
      "baseStats": {
        "hp": 65,
        "attack": 80,
        "defence": 80,
        "special_attack": 52,
        "special_defence": 80,
        "speed": 48
      },
      "catchRate": 45,
      "maleRatio": 0.875,
      "shoulderMountable": false,
      "baseExperienceYield": 142,
      "baseFriendship": 70,
      "evYield": {
        "hp": 0,
        "attack": 1,
        "defence": 1,
        "special_attack": 0,
        "special_defence": 0,
        "speed": 0
      },
      "experienceGroup": "medium_slow",
      "eggCycles": 20,
      "eggGroups": [
        "monster",
        "mineral"
      ],
      "behaviour": {
        "resting": {
          "canSleep": true,
          "willSleepOnBed": false,
          "depth": "normal",
          "light": "0-4"
        },
        "moving": {
          "swim": {
            "canSwimInWater": true,
            "canBreatheUnderwater": true
          },
          "walk": {
            "walkSpeed": 0.2
          }
        }
      },
      "moves": [
        "1:leer",
        "1:scratch",
        "1:bulletpunch",
        "8:rage",
        "13:bite",
        "15:scaryface",
        "21:icefang",
        "24:flail",
        "30:crunch",
        "33:chipaway",
        "34:slash",
        "37:screech",
        "42:thrash",
        "47:icebeam",
        "50:superpower",
        "55:irontail",
        "60:icepunch",
        "60:metalburst",
        "egg:ancientpower",
        "egg:metalburst",
        "egg:block",
        "egg:counter",
        "egg:crunch",
        "egg:dragonclaw",
        "egg:dragondance",
        "egg:faketears",
        "egg:flatter",
        "egg:hydropump",
        "egg:icepunch",
        "egg:metalclaw",
        "egg:mudsport",
        "egg:rockslide",
        "egg:thrash",
        "egg:avalanche",
        "egg:shelter",
        "tm:aerialace",
        "tm:attract",
        "tm:blizzard",
        "tm:breakingswipe",
        "tm:brickbreak",
        "tm:captivate",
        "tm:chillingwater",
        "tm:confide",
        "tm:crunch",
        "tm:cut",
        "tm:curse",
        "tm:dig",
        "tm:dive",
        "tm:doubleedge",
        "tm:doubleteam",
        "tm:dragonclaw",
        "tm:dragondance",
        "tm:endeavor",
        "tm:endure",
        "tm:facade",
        "tm:faketears",
        "tm:fling",
        "tm:snowscape",
        "tm:focuspunch",
        "tm:frustration",
        "tm:hail",
        "tm:hiddenpower",
        "tm:honeclaws",
        "tm:hydropump",
        "tm:icebeam",
        "tm:icefang",
        "tm:icepunch",
        "tm:icywind",
        "tm:irontail",
        "tm:ironhead",
        "tm:lowkick",
        "tm:metalclaw",
        "tm:steelbeam",
        "tm:mudslap",
        "tm:naturalgift",
        "tm:poweruppunch",
        "tm:protect",
        "tm:irondefense",
        "tm:rest",
        "tm:return",
        "tm:rockslide",
        "tm:rocktomb",
        "tm:round",
        "tm:scald",
        "tm:scaryface",
        "tm:secretpower",
        "tm:shadowclaw",
        "tm:sleeptalk",
        "tm:spite",
        "tm:substitute",
        "tm:surf",
        "tm:swagger",
        "tm:swordsdance",
        "tm:takedown",
        "tm:terablast",
        "tm:thief",
        "tm:toxic",
        "tm:trailblaze",
        "tm:uproar",
        "tm:icespinner",
        "tm:flashcannon",
        "tm:waterpulse",
        "tm:snarl",
        "tm:workup",
        "tutor:ancientpower",
        "tutor:aquatail",
        "tutor:attract",
        "tutor:bite",
        "tutor:blizzard",
        "tutor:block",
        "tutor:bodyslam",
        "tutor:counter",
        "tutor:crunch",
        "tutor:curse",
        "tutor:cut",
        "tutor:detect",
        "tutor:dig",
        "tutor:dive",
        "tutor:doubleedge",
        "tutor:doubleteam",
        "tutor:dynamicpunch",
        "tutor:endure",
        "tutor:focuspunch",
        "tutor:frustration",
        "tutor:headbutt",
        "tutor:hiddenpower",
        "tutor:hydrocannon",
        "tutor:hydropump",
        "tutor:icepunch",
        "tutor:icywind",
        "tutor:irontail",
        "tutor:leer",
        "tutor:lowkick",
        "tutor:megakick",
        "tutor:megapunch",
        "tutor:mimic",
        "tutor:mudslap",
        "tutor:protect",
        "tutor:rage",
        "tutor:raindance",
        "tutor:razorwind",
        "tutor:rest",
        "tutor:return",
        "tutor:rockslide",
        "tutor:scaryface",
        "tutor:scratch",
        "tutor:screech",
        "tutor:seismictoss",
        "tutor:slash",
        "tutor:sleeptalk",
        "tutor:snore",
        "tutor:spite",
        "tutor:substitute",
        "tutor:superpower",
        "tutor:surf",
        "tutor:swagger",
        "tutor:swordsdance",
        "tutor:thrash",
        "tutor:toxic",
        "tutor:uproar",
        "tutor:watergun",
        "tutor:waterpledge",
        "tutor:waterpulse",
        "tutor:whirlpool"
      ],
      "labels": [
        "gen2",
        "ultravariant_regional"
      ],
      "pokedex": [
        
      ],
      "preEvolution": "totodile ultravariant",
       "evolutions": [
        {
          "id": "croconaw_feraligatr_ultravariant",
          "variant": "level_up",
          "result": "feraligatr ultravariant",
          "consumeHeldItem": false,
          "learnableMoves": [],
          "requirements": [
            {
              "variant": "level",
              "minLevel": 30
            }
          ]
        }
      ],
      "baseScale": 0.6,
      "hitbox": {
        "width": 0.9,
        "height": 1.9,
        "fixed": false},
      "aspects": [
        "ultravariant"
      ],
      "height": 11,
      "weight": 450,
      "cannotDynamax": false,
      "battleOnly": false
    },
    {
      "name": "ultravariant shiny",
      "primaryType": "steel",
      "secondaryType": "ice",
      "abilities": [
        "slushrush",
        "h:strongjaw"
      ],
      "drops": {
        "amount": 1,
        "entries": [
          {
            "item": "cobblemon:never_melt_ice",
            "percentage": 25.0
          },
          {
            "item": "minecraft:iron_ingot",
            "percentage": 50.0
          }
        ]
      },
      "baseStats": {
        "hp": 65,
        "attack": 80,
        "defence": 80,
        "special_attack": 52,
        "special_defence": 80,
        "speed": 48
      },
      "catchRate": 45,
      "maleRatio": 0.875,
      "shoulderMountable": false,
      "baseExperienceYield": 142,
      "baseFriendship": 70,
      "evYield": {
        "hp": 0,
        "attack": 1,
        "defence": 1,
        "special_attack": 0,
        "special_defence": 0,
        "speed": 0
      },
      "experienceGroup": "medium_slow",
      "eggCycles": 20,
      "eggGroups": [
        "monster",
        "mineral"
      ],
      "behaviour": {
        "resting": {
          "canSleep": true,
          "willSleepOnBed": false,
          "depth": "normal",
          "light": "0-4"
        },
        "moving": {
          "swim": {
            "canSwimInWater": true,
            "canBreatheUnderwater": true
          },
          "walk": {
            "walkSpeed": 0.2
          }
        }
      },
      "moves": [
        "1:leer",
        "1:scratch",
        "1:bulletpunch",
        "8:rage",
        "13:bite",
        "15:scaryface",
        "21:icefang",
        "24:flail",
        "30:crunch",
        "33:chipaway",
        "34:slash",
        "37:screech",
        "42:thrash",
        "47:icebeam",
        "50:superpower",
        "55:irontail",
        "60:icepunch",
        "60:metalburst",
        "egg:ancientpower",
        "egg:metalburst",
        "egg:block",
        "egg:counter",
        "egg:crunch",
        "egg:dragonclaw",
        "egg:dragondance",
        "egg:faketears",
        "egg:flatter",
        "egg:hydropump",
        "egg:icepunch",
        "egg:metalclaw",
        "egg:mudsport",
        "egg:rockslide",
        "egg:thrash",
        "egg:avalanche",
        "egg:shelter",
        "tm:aerialace",
        "tm:attract",
        "tm:blizzard",
        "tm:breakingswipe",
        "tm:brickbreak",
        "tm:captivate",
        "tm:chillingwater",
        "tm:confide",
        "tm:crunch",
        "tm:cut",
        "tm:curse",
        "tm:dig",
        "tm:dive",
        "tm:doubleedge",
        "tm:doubleteam",
        "tm:dragonclaw",
        "tm:dragondance",
        "tm:endeavor",
        "tm:endure",
        "tm:facade",
        "tm:faketears",
        "tm:fling",
        "tm:snowscape",
        "tm:focuspunch",
        "tm:frustration",
        "tm:hail",
        "tm:hiddenpower",
        "tm:honeclaws",
        "tm:hydropump",
        "tm:icebeam",
        "tm:icefang",
        "tm:icepunch",
        "tm:icywind",
        "tm:irontail",
        "tm:ironhead",
        "tm:lowkick",
        "tm:metalclaw",
        "tm:steelbeam",
        "tm:mudslap",
        "tm:naturalgift",
        "tm:poweruppunch",
        "tm:protect",
        "tm:irondefense",
        "tm:rest",
        "tm:return",
        "tm:rockslide",
        "tm:rocktomb",
        "tm:round",
        "tm:scald",
        "tm:scaryface",
        "tm:secretpower",
        "tm:shadowclaw",
        "tm:sleeptalk",
        "tm:spite",
        "tm:substitute",
        "tm:surf",
        "tm:swagger",
        "tm:swordsdance",
        "tm:takedown",
        "tm:terablast",
        "tm:thief",
        "tm:toxic",
        "tm:trailblaze",
        "tm:uproar",
        "tm:icespinner",
        "tm:flashcannon",
        "tm:waterpulse",
        "tm:snarl",
        "tm:workup",
        "tutor:ancientpower",
        "tutor:aquatail",
        "tutor:attract",
        "tutor:bite",
        "tutor:blizzard",
        "tutor:block",
        "tutor:bodyslam",
        "tutor:counter",
        "tutor:crunch",
        "tutor:curse",
        "tutor:cut",
        "tutor:detect",
        "tutor:dig",
        "tutor:dive",
        "tutor:doubleedge",
        "tutor:doubleteam",
        "tutor:dynamicpunch",
        "tutor:endure",
        "tutor:focuspunch",
        "tutor:frustration",
        "tutor:headbutt",
        "tutor:hiddenpower",
        "tutor:hydrocannon",
        "tutor:hydropump",
        "tutor:icepunch",
        "tutor:icywind",
        "tutor:irontail",
        "tutor:leer",
        "tutor:lowkick",
        "tutor:megakick",
        "tutor:megapunch",
        "tutor:mimic",
        "tutor:mudslap",
        "tutor:protect",
        "tutor:rage",
        "tutor:raindance",
        "tutor:razorwind",
        "tutor:rest",
        "tutor:return",
        "tutor:rockslide",
        "tutor:scaryface",
        "tutor:scratch",
        "tutor:screech",
        "tutor:seismictoss",
        "tutor:slash",
        "tutor:sleeptalk",
        "tutor:snore",
        "tutor:spite",
        "tutor:substitute",
        "tutor:superpower",
        "tutor:surf",
        "tutor:swagger",
        "tutor:swordsdance",
        "tutor:thrash",
        "tutor:toxic",
        "tutor:uproar",
        "tutor:watergun",
        "tutor:waterpledge",
        "tutor:waterpulse",
        "tutor:whirlpool"
      ],
      "labels": [
        "gen2",
        "ultravariant_regional"
      ],
      "pokedex": [
        
      ],
      "preEvolution": "totodile ultravariant",
       "evolutions": [
        {
          "id": "croconaw_feraligatr_ultravariant",
          "variant": "level_up",
          "result": "feraligatr ultravariant",
          "consumeHeldItem": false,
          "learnableMoves": [],
          "requirements": [
            {
              "variant": "level",
              "minLevel": 30
            }
          ]
        },
        {
        "id": "croconaw_croconaw_ultravariant-shining",
        "variant": "level_up",
        "result": "croconaw ultravariant shining",
        "consumeHeldItem": true,
        "learnableMoves": [],
        "requirements": [
          {
          "variant": "held_item",
          "itemCondition": "cobblemon:shiny_stone_block"
          }
        ]
        }
      ],
      "baseScale": 0.6,
      "hitbox": {
        "width": 0.9,
        "height": 1.9,
        "fixed": false},
      "aspects": [
        "ultravariant",
        "shiny"
      ],
      "height": 11,
      "weight": 450,
      "cannotDynamax": false,
      "battleOnly": false
    }
  ],
  "baseExperienceYield": 142,
  "experienceGroup": "medium_slow",
  "eggCycles": 20,
  "eggGroups": [
    "monster",
    "water_1"
  ],
  "behaviour": {
    "resting": {
      "canSleep": true,
      "willSleepOnBed": false,
      "depth": "normal",
      "light": "0-4"
    },
    "moving": {
      "swim": {
        "canSwimInWater": true,
        "canBreatheUnderwater": true
      },
      "walk": {
        "walkSpeed": 0.2
      }
    }
  },
  "moves": [
    "1:leer",
    "1:scratch",
    "1:watergun",
    "8:rage",
    "13:bite",
    "15:scaryface",
    "21:icefang",
    "24:flail",
    "30:crunch",
    "33:chipaway",
    "34:slash",
    "37:screech",
    "42:thrash",
    "47:aquatail",
    "50:superpower",
    "55:hydropump",
    "tm:aerialace",
    "tm:attract",
    "tm:blizzard",
    "tm:breakingswipe",
    "tm:brickbreak",
    "tm:captivate",
    "tm:chillingwater",
    "tm:confide",
    "tm:crunch",
    "tm:curse",
    "tm:cut",
    "tm:dig",
    "tm:dive",
    "tm:doubleedge",
    "tm:doubleteam",
    "tm:dragonclaw",
    "tm:dragondance",
    "tm:endeavor",
    "tm:endure",
    "tm:facade",
    "tm:faketears",
    "tm:fling",
    "tm:flipturn",
    "tm:focuspunch",
    "tm:frustration",
    "tm:hail",
    "tm:hiddenpower",
    "tm:honeclaws",
    "tm:hydropump",
    "tm:icebeam",
    "tm:icefang",
    "tm:icepunch",
    "tm:icywind",
    "tm:irontail",
    "tm:liquidation",
    "tm:lowkick",
    "tm:metalclaw",
    "tm:muddywater",
    "tm:mudslap",
    "tm:naturalgift",
    "tm:poweruppunch",
    "tm:protect",
    "tm:psychicfangs",
    "tm:raindance",
    "tm:rest",
    "tm:return",
    "tm:roar",
    "tm:rockslide",
    "tm:rocksmash",
    "tm:rocktomb",
    "tm:round",
    "tm:scald",
    "tm:scaryface",
    "tm:secretpower",
    "tm:shadowclaw",
    "tm:sleeptalk",
    "tm:spite",
    "tm:strength",
    "tm:substitute",
    "tm:surf",
    "tm:swagger",
    "tm:swordsdance",
    "tm:takedown",
    "tm:terablast",
    "tm:thief",
    "tm:toxic",
    "tm:trailblaze",
    "tm:uproar",
    "tm:waterfall",
    "tm:waterpledge",
    "tm:waterpulse",
    "tm:whirlpool",
    "tm:workup",
    "tutor:ancientpower",
    "tutor:aquatail",
    "tutor:attract",
    "tutor:bite",
    "tutor:blizzard",
    "tutor:block",
    "tutor:bodyslam",
    "tutor:counter",
    "tutor:curse",
    "tutor:cut",
    "tutor:detect",
    "tutor:dig",
    "tutor:dive",
    "tutor:doubleedge",
    "tutor:doubleteam",
    "tutor:dynamicpunch",
    "tutor:endure",
    "tutor:focuspunch",
    "tutor:frustration",
    "tutor:furycutter",
    "tutor:headbutt",
    "tutor:hiddenpower",
    "tutor:hydropump",
    "tutor:icepunch",
    "tutor:icywind",
    "tutor:irontail",
    "tutor:leer",
    "tutor:lowkick",
    "tutor:megakick",
    "tutor:megapunch",
    "tutor:mimic",
    "tutor:mudslap",
    "tutor:protect",
    "tutor:rage",
    "tutor:raindance",
    "tutor:rest",
    "tutor:return",
    "tutor:roar",
    "tutor:rockslide",
    "tutor:rocksmash",
    "tutor:scaryface",
    "tutor:scratch",
    "tutor:screech",
    "tutor:seismictoss",
    "tutor:slash",
    "tutor:sleeptalk",
    "tutor:snore",
    "tutor:spite",
    "tutor:strength",
    "tutor:substitute",
    "tutor:superpower",
    "tutor:surf",
    "tutor:swagger",
    "tutor:swordsdance",
    "tutor:toxic",
    "tutor:uproar",
    "tutor:watergun",
    "tutor:waterpledge",
    "tutor:waterpulse",
    "tutor:whirlpool"
  ],
  "labels": [
    "gen2"
  ],
  "pokedex": [
    "cobblemon.species.croconaw.desc"
  ],
  "preEvolution": "totodile",
  "evolutions": [
    {
      "id": "croconaw_feraligatr",
      "variant": "level_up",
      "result": "feraligatr",
      "consumeHeldItem": false,
      "learnableMoves": [],
      "requirements": [
        {
          "variant": "level",
          "minLevel": 30
        }
      ]
    }
  ],
  "baseScale": 0.6,
  "hitbox": {
    "width": 0.9,
    "height": 1.9,
    "fixed": false
  },
  "baseFriendship": 70,
  "evYield": {
    "hp": 0,
    "attack": 1,
    "defence": 1,
    "special_attack": 0,
    "special_defence": 0,
    "speed": 0
  },
  "height": 11,
  "weight": 250,
  "aspects": [],
  "cannotDynamax": false
}
