{
  "implemented": true,
  "name": "feraligatr",
  "nationalPokedexNumber": 158,
  "primaryType": "water",
  "abilities": [
    "torrent",
    "h:sheerforce"
  ],
  "drops": {
    "amount": 1,
    "entries": [
      {
        "item": "cobblemon:mystic_water",
        "percentage": 5.0
      }
    ]
  },
  "baseStats": {
    "hp": 50,
    "attack": 65,
    "defence": 64,
    "special_attack": 44,
    "special_defence": 48,
    "speed": 43
  },
  "features": [
    "ultravariant",
    "shining"
  ],
  "catchRate": 45,
  "maleRatio": 0.875,
  "shoulderMountable": true,
  "forms": [
    {
      "name": "ultravariant",
      "primaryType": "steel",
      "secondaryType": "ice",
      "abilities": [
        "slushrush",
        "h:icescales"
      ],
      "drops": {
        "amount": 1,
        "entries": [
          {
            "item": "cobblemon:ice_stone",
            "percentage": 25.0
          },
          {
            "item": "minecraft:iron_block",
            "percentage": 50.0
          }
        ]
      },
      "baseStats": {
        "hp": 85,
        "attack": 100,
        "defence": 100,
        "special_attack": 72,
        "special_defence": 105,
        "speed": 68
      },
      "catchRate": 45,
      "maleRatio": 0.875,
      "shoulderMountable": false,
      "baseExperienceYield": 239,
      "baseFriendship": 70,
      "evYield": {
        "hp": 0,
        "attack": 1,
        "defence": 2,
        "special_attack": 0,
        "special_defence": 0,
        "speed": 0
      },
      "experienceGroup": "medium_slow",
      "eggCycles": 20,
      "eggGroups": [
        "monster",
        "mineral"
      ],
      "behaviour": {
        "resting": {
          "canSleep": true,
          "willSleepOnBed": false,
          "depth": "normal",
          "light": "0-4"
        },
        "moving": {
          "swim": {
            "canSwimInWater": true,
            "canBreatheUnderwater": true
          },
          "walk": {
            "walkSpeed": 0.2
          }
        }
      },
      "moves": [
        "1:agility",
        "1:leer",
        "1:rage",
        "1:scratch",
        "1:bulletpunch",
        "13:bite",
        "15:scaryface",
        "21:icefang",
        "24:flail",
        "30:spikyshield",
        "32:crunch",
        "37:chipaway",
        "37:slash",
        "44:screech",
        "51:thrash",
        "59:irontail",
        "65:superpower",
        "70:icebeam",
        "75:metalburst",
        "75:swordsdance",
        "tm:aerialace",
        "tm:attract",
        "tm:blizzard",
        "tm:breakingswipe",
        "tm:brickbreak",
        "tm:captivate",
        "tm:chillingwater",
        "tm:confide",
        "tm:crunch",
        "tm:cut",
        "tm:curse",
        "tm:dig",
        "tm:dive",
        "tm:doubleedge",
        "tm:doubleteam",
        "tm:dragonclaw",
        "tm:dragondance",
        "tm:endeavor",
        "tm:endure",
        "tm:facade",
        "tm:faketears",
        "tm:fling",
        "tm:snowscape",
        "tm:focuspunch",
        "tm:frustration",
        "tm:hail",
        "tm:hiddenpower",
        "tm:honeclaws",
        "tm:hydropump",
        "tm:icebeam",
        "tm:icefang",
        "tm:icepunch",
        "tm:icywind",
        "tm:irontail",
        "tm:ironhead",
        "tm:lowkick",
        "tm:metalclaw",
        "tm:steelbeam",
        "tm:mudslap",
        "tm:naturalgift",
        "tm:poweruppunch",
        "tm:protect",
        "tm:irondefense",
        "tm:rest",
        "tm:return",
        "tm:rockslide",
        "tm:rocktomb",
        "tm:round",
        "tm:scald",
        "tm:scaryface",
        "tm:secretpower",
        "tm:shadowclaw",
        "tm:sleeptalk",
        "tm:spite",
        "tm:substitute",
        "tm:surf",
        "tm:swagger",
        "tm:swordsdance",
        "tm:takedown",
        "tm:terablast",
        "tm:thief",
        "tm:toxic",
        "tm:trailblaze",
        "tm:uproar",
        "tm:icespinner",
        "tm:flashcannon",
        "tm:waterpulse",
        "tm:snarl",
        "tm:workup",
        "tutor:ancientpower",
        "tutor:aquatail",
        "tutor:attract",
        "tutor:bite",
        "tutor:blizzard",
        "tutor:block",
        "tutor:bodyslam",
        "tutor:counter",
        "tutor:crunch",
        "tutor:curse",
        "tutor:cut",
        "tutor:detect",
        "tutor:dig",
        "tutor:dive",
        "tutor:doubleedge",
        "tutor:doubleteam",
        "tutor:dynamicpunch",
        "tutor:endure",
        "tutor:focuspunch",
        "tutor:frustration",
        "tutor:headbutt",
        "tutor:hiddenpower",
        "tutor:hydrocannon",
        "tutor:hydropump",
        "tutor:icepunch",
        "tutor:icywind",
        "tutor:irontail",
        "tutor:leer",
        "tutor:lowkick",
        "tutor:megakick",
        "tutor:megapunch",
        "tutor:mimic",
        "tutor:mudslap",
        "tutor:protect",
        "tutor:rage",
        "tutor:raindance",
        "tutor:razorwind",
        "tutor:rest",
        "tutor:return",
        "tutor:rockslide",
        "tutor:scaryface",
        "tutor:scratch",
        "tutor:screech",
        "tutor:seismictoss",
        "tutor:slash",
        "tutor:sleeptalk",
        "tutor:snore",
        "tutor:spite",
        "tutor:substitute",
        "tutor:superpower",
        "tutor:surf",
        "tutor:swagger",
        "tutor:swordsdance",
        "tutor:thrash",
        "tutor:toxic",
        "tutor:uproar",
        "tutor:watergun",
        "tutor:waterpledge",
        "tutor:waterpulse",
        "tutor:whirlpool"
      ],
      "labels": [
        "gen2",
        "ultravariant_regional"
      ],
      "pokedex": [
        
      ],
      "preEvolution": "croconaw ultravariant",
       "evolutions": [],
      "baseScale": 1.05,
      "hitbox": {
        "width": 1.2,
        "height": 2.1,
        "fixed": false},
      "aspects": [
        "ultravariant"
      ],
      "height": 23,
      "weight": 999,
      "cannotDynamax": false,
      "battleOnly": false
    },
    {
      "name": "ultravariant shiny",
      "primaryType": "steel",
      "secondaryType": "ice",
      "abilities": [
        "slushrush",
        "h:icescales"
      ],
      "drops": {
        "amount": 1,
        "entries": [
          {
            "item": "cobblemon:ice_stone",
            "percentage": 25.0
          },
          {
            "item": "minecraft:iron_block",
            "percentage": 50.0
          }
        ]
      },
      "baseStats": {
        "hp": 85,
        "attack": 100,
        "defence": 100,
        "special_attack": 72,
        "special_defence": 105,
        "speed": 68
      },
      "catchRate": 45,
      "maleRatio": 0.875,
      "shoulderMountable": false,
      "baseExperienceYield": 239,
      "baseFriendship": 70,
      "evYield": {
        "hp": 0,
        "attack": 1,
        "defence": 2,
        "special_attack": 0,
        "special_defence": 0,
        "speed": 0
      },
      "experienceGroup": "medium_slow",
      "eggCycles": 20,
      "eggGroups": [
        "monster",
        "mineral"
      ],
      "behaviour": {
        "resting": {
          "canSleep": true,
          "willSleepOnBed": false,
          "depth": "normal",
          "light": "0-4"
        },
        "moving": {
          "swim": {
            "canSwimInWater": true,
            "canBreatheUnderwater": true
          },
          "walk": {
            "walkSpeed": 0.2
          }
        }
      },
      "moves": [
        "1:agility",
        "1:leer",
        "1:rage",
        "1:scratch",
        "1:bulletpunch",
        "13:bite",
        "15:scaryface",
        "21:icefang",
        "24:flail",
        "30:spikyshield",
        "32:crunch",
        "37:chipaway",
        "37:slash",
        "44:screech",
        "51:thrash",
        "59:irontail",
        "65:superpower",
        "70:icebeam",
        "75:metalburst",
        "75:swordsdance",
        "tm:aerialace",
        "tm:attract",
        "tm:blizzard",
        "tm:breakingswipe",
        "tm:brickbreak",
        "tm:captivate",
        "tm:chillingwater",
        "tm:confide",
        "tm:crunch",
        "tm:cut",
        "tm:curse",
        "tm:dig",
        "tm:dive",
        "tm:doubleedge",
        "tm:doubleteam",
        "tm:dragonclaw",
        "tm:dragondance",
        "tm:endeavor",
        "tm:endure",
        "tm:facade",
        "tm:faketears",
        "tm:fling",
        "tm:snowscape",
        "tm:focuspunch",
        "tm:frustration",
        "tm:hail",
        "tm:hiddenpower",
        "tm:honeclaws",
        "tm:hydropump",
        "tm:icebeam",
        "tm:icefang",
        "tm:icepunch",
        "tm:icywind",
        "tm:irontail",
        "tm:ironhead",
        "tm:lowkick",
        "tm:metalclaw",
        "tm:steelbeam",
        "tm:mudslap",
        "tm:naturalgift",
        "tm:poweruppunch",
        "tm:protect",
        "tm:irondefense",
        "tm:rest",
        "tm:return",
        "tm:rockslide",
        "tm:rocktomb",
        "tm:round",
        "tm:scald",
        "tm:scaryface",
        "tm:secretpower",
        "tm:shadowclaw",
        "tm:sleeptalk",
        "tm:spite",
        "tm:substitute",
        "tm:surf",
        "tm:swagger",
        "tm:swordsdance",
        "tm:takedown",
        "tm:terablast",
        "tm:thief",
        "tm:toxic",
        "tm:trailblaze",
        "tm:uproar",
        "tm:icespinner",
        "tm:flashcannon",
        "tm:waterpulse",
        "tm:snarl",
        "tm:workup",
        "tutor:ancientpower",
        "tutor:aquatail",
        "tutor:attract",
        "tutor:bite",
        "tutor:blizzard",
        "tutor:block",
        "tutor:bodyslam",
        "tutor:counter",
        "tutor:crunch",
        "tutor:curse",
        "tutor:cut",
        "tutor:detect",
        "tutor:dig",
        "tutor:dive",
        "tutor:doubleedge",
        "tutor:doubleteam",
        "tutor:dynamicpunch",
        "tutor:endure",
        "tutor:focuspunch",
        "tutor:frustration",
        "tutor:headbutt",
        "tutor:hiddenpower",
        "tutor:hydrocannon",
        "tutor:hydropump",
        "tutor:icepunch",
        "tutor:icywind",
        "tutor:irontail",
        "tutor:leer",
        "tutor:lowkick",
        "tutor:megakick",
        "tutor:megapunch",
        "tutor:mimic",
        "tutor:mudslap",
        "tutor:protect",
        "tutor:rage",
        "tutor:raindance",
        "tutor:razorwind",
        "tutor:rest",
        "tutor:return",
        "tutor:rockslide",
        "tutor:scaryface",
        "tutor:scratch",
        "tutor:screech",
        "tutor:seismictoss",
        "tutor:slash",
        "tutor:sleeptalk",
        "tutor:snore",
        "tutor:spite",
        "tutor:substitute",
        "tutor:superpower",
        "tutor:surf",
        "tutor:swagger",
        "tutor:swordsdance",
        "tutor:thrash",
        "tutor:toxic",
        "tutor:uproar",
        "tutor:watergun",
        "tutor:waterpledge",
        "tutor:waterpulse",
        "tutor:whirlpool"
      ],
      "labels": [
        "gen2",
        "ultravariant_regional"
      ],
      "pokedex": [
        
      ],
      "preEvolution": "croconaw ultravariant",
       "evolutions": [
        {
        "id": "feraligatr_feraligatr_ultravariant-shining",
        "variant": "level_up",
        "result": "feraligatr ultravariant shining",
        "consumeHeldItem": true,
        "learnableMoves": [],
        "requirements": [
          {
          "variant": "held_item",
          "itemCondition": "cobblemon:shiny_stone_block"
          }
        ]
        }
      ],
      "baseScale": 1.05,
      "hitbox": {
        "width": 1.2,
        "height": 2.1,
        "fixed": false},
      "aspects": [
        "ultravariant",
        "shiny"
      ],
      "height": 23,
      "weight": 999,
      "cannotDynamax": false,
      "battleOnly": false
    }
  ],
  "baseExperienceYield": 239,
  "experienceGroup": "medium_slow",
  "eggCycles": 20,
  "eggGroups": [
    "monster",
    "water_1"
  ],
  "behaviour": {
    "resting": {
      "canSleep": true,
      "willSleepOnBed": false,
      "depth": "normal",
      "light": "0-4"
    },
    "moving": {
      "swim": {
        "canSwimInWater": true,
        "canBreatheUnderwater": true
      },
      "walk": {
        "walkSpeed": 0.2
      }
    }
  },
  "moves": [
    "1:agility",
    "1:leer",
    "1:rage",
    "1:scratch",
    "1:watergun",
    "13:bite",
    "15:scaryface",
    "21:icefang",
    "24:flail",
    "32:crunch",
    "37:chipaway",
    "37:slash",
    "44:screech",
    "51:thrash",
    "59:aquatail",
    "65:superpower",
    "70:hydropump",
    "tm:aerialace",
    "tm:agility",
    "tm:attract",
    "tm:avalanche",
    "tm:blizzard",
    "tm:bodyslam",
    "tm:breakingswipe",
    "tm:brickbreak",
    "tm:bulldoze",
    "tm:captivate",
    "tm:chillingwater",
    "tm:confide",
    "tm:crunch",
    "tm:curse",
    "tm:cut",
    "tm:dig",
    "tm:dive",
    "tm:doubleedge",
    "tm:doubleteam",
    "tm:dragonclaw",
    "tm:dragondance",
    "tm:dragonpulse",
    "tm:dragontail",
    "tm:earthquake",
    "tm:endeavor",
    "tm:endure",
    "tm:facade",
    "tm:faketears",
    "tm:fling",
    "tm:flipturn",
    "tm:focusblast",
    "tm:focuspunch",
    "tm:frustration",
    "tm:gigaimpact",
    "tm:hail",
    "tm:helpinghand",
    "tm:hiddenpower",
    "tm:honeclaws",
    "tm:hydrocannon",
    "tm:hydropump",
    "tm:hyperbeam",
    "tm:icebeam",
    "tm:icefang",
    "tm:icepunch",
    "tm:icywind",
    "tm:irontail",
    "tm:lashout",
    "tm:liquidation",
    "tm:lowkick",
    "tm:metalclaw",
    "tm:muddywater",
    "tm:mudslap",
    "tm:naturalgift",
    "tm:outrage",
    "tm:poweruppunch",
    "tm:protect",
    "tm:psychicfangs",
    "tm:raindance",
    "tm:rest",
    "tm:return",
    "tm:roar",
    "tm:rockclimb",
    "tm:rockslide",
    "tm:rocksmash",
    "tm:rocktomb",
    "tm:round",
    "tm:scald",
    "tm:scaleshot",
    "tm:scaryface",
    "tm:secretpower",
    "tm:shadowclaw",
    "tm:sleeptalk",
    "tm:snarl",
    "tm:spite",
    "tm:stompingtantrum",
    "tm:strength",
    "tm:substitute",
    "tm:surf",
    "tm:swagger",
    "tm:swordsdance",
    "tm:takedown",
    "tm:terablast",
    "tm:thief",
    "tm:toxic",
    "tm:trailblaze",
    "tm:uproar",
    "tm:waterfall",
    "tm:waterpledge",
    "tm:waterpulse",
    "tm:whirlpool",
    "tm:workup",
    "tutor:ancientpower",
    "tutor:aquatail",
    "tutor:attract",
    "tutor:bite",
    "tutor:blizzard",
    "tutor:block",
    "tutor:bodyslam",
    "tutor:counter",
    "tutor:crunch",
    "tutor:curse",
    "tutor:cut",
    "tutor:detect",
    "tutor:dig",
    "tutor:dive",
    "tutor:doubleedge",
    "tutor:doubleteam",
    "tutor:dragonpulse",
    "tutor:dynamicpunch",
    "tutor:earthquake",
    "tutor:endure",
    "tutor:focuspunch",
    "tutor:frustration",
    "tutor:furycutter",
    "tutor:headbutt",
    "tutor:hiddenpower",
    "tutor:hydrocannon",
    "tutor:hydropump",
    "tutor:hyperbeam",
    "tutor:icepunch",
    "tutor:icywind",
    "tutor:irontail",
    "tutor:leer",
    "tutor:liquidation",
    "tutor:lowkick",
    "tutor:megakick",
    "tutor:megapunch",
    "tutor:mimic",
    "tutor:mudslap",
    "tutor:outrage",
    "tutor:protect",
    "tutor:rage",
    "tutor:raindance",
    "tutor:rest",
    "tutor:return",
    "tutor:roar",
    "tutor:rockslide",
    "tutor:rocksmash",
    "tutor:scaryface",
    "tutor:scratch",
    "tutor:screech",
    "tutor:seismictoss",
    "tutor:slash",
    "tutor:sleeptalk",
    "tutor:snore",
    "tutor:spite",
    "tutor:strength",
    "tutor:substitute",
    "tutor:superpower",
    "tutor:surf",
    "tutor:swagger",
    "tutor:swordsdance",
    "tutor:toxic",
    "tutor:uproar",
    "tutor:waterfall",
    "tutor:watergun",
    "tutor:waterpledge",
    "tutor:waterpulse",
    "tutor:whirlpool"
  ],
  "labels": [
    "gen2"
  ],
  "pokedex": [
    "cobblemon.species.feraligatr.desc"
  ],
  "preEvolution": "croconaw",
  "evolutions": [],
  "baseScale": 1.05,
  "hitbox": {
    "width": 1.2,
    "height": 2.1,
    "fixed": false
  },
  "baseFriendship": 70,
  "evYield": {
    "hp": 0,
    "attack": 2,
    "defence": 1,
    "special_attack": 0,
    "special_defence": 0,
    "speed": 0
  },
  "height": 23,
  "weight": 888,
  "aspects": [],
  "cannotDynamax": false
}
