{
	"format_version": "1.12.0",
	"minecraft:geometry": [
		{
			"description": {
				"identifier": "geometry.turbann",
				"texture_width": 64,
				"texture_height": 64,
				"visible_bounds_width": 3,
				"visible_bounds_height": 2.5,
				"visible_bounds_offset": [0, 0.75, 0]
			},
			"bones": [
				{
					"name": "turbann",
					"pivot": [0, 1, 0],
					"rotation": [-2.5, 0, 0]
				},
				{
					"name": "head",
					"parent": "turbann",
					"pivot": [0, 11.5, 6.7],
					"rotation": [87.5, 0, 0]
				},
				{
					"name": "shell_top",
					"parent": "head",
					"pivot": [0, 0, 0],
					"cubes": [
						{"origin": [-5, 12.23576, -2.19152], "size": [10, 10, 5], "uv": [0, 10]},
						{"origin": [5.14848, 9.58769, -1.19152], "size": [0, 2, 2], "pivot": [2.5, 6.5, 8], "rotation": [0, 0, -27.5], "uv": [0, 23]},
						{"origin": [-5.14848, 9.58769, -1.19152], "size": [0, 2, 2], "pivot": [-2.5, 6.5, 8], "rotation": [0, 0, 27.5], "uv": [0, 10]},
						{"origin": [-4, 12.23576, 2.80848], "size": [8, 8, 4], "uv": [0, 25]},
						{"origin": [-1.3, 22.2558, 0.6], "size": [2, 0, 2], "pivot": [0, 5, -3], "rotation": [0, 10, 0], "uv": [23, 10]},
						{"origin": [0, 18.98576, 6.80848], "size": [0, 2, 2], "uv": [0, 8]},
						{"origin": [0, 11.5, 6.80848], "size": [0, 2, 2], "uv": [0, 35]},
						{"origin": [-3, 13.23576, 6.80848], "size": [6, 6, 3], "uv": [24, 25]},
						{"origin": [-1.5, 15.73576, 9.80848], "size": [3, 3, 3], "uv": [30, 0]},
						{"origin": [0, 18.73576, 10.55848], "size": [0, 1, 1], "uv": [0, 2]},
						{"origin": [0, 14.98576, 10.55848], "size": [0, 1, 1], "uv": [0, 0]},
						{"origin": [-1, 11.5, 1.7], "size": [2, 1, 2], "uv": [0, 0]},
						{"origin": [-10.5, 16, 2.8], "size": [10, 0, 5], "pivot": [0, 0, 0], "rotation": [0, 0, 7.5], "uv": [19, 39]},
						{"origin": [0, 15, -2], "size": [10, 0, 5], "uv": [19, 39]},
						{"origin": [-10, 15, -2], "size": [10, 0, 5], "uv": [19, 39]},
						{"origin": [0.5, 16, 2.8], "size": [10, 0, 5], "pivot": [0, 0, 0], "rotation": [0, 0, -7.5], "uv": [19, 39]}
					]
				},
				{
					"name": "shell_eye_left",
					"parent": "shell_top",
					"pivot": [2.26, 16.01, 8.25],
					"rotation": [0, -10, 0],
					"cubes": [
						{"origin": [-0.66244, 21.24576, -0.31707], "size": [3, 1, 2], "pivot": [0, 5, -3], "rotation": [0, 5, 0], "uv": [37, 16]},
						{"origin": [-0.66244, 22.24, -0.56707], "size": [3, 0, 1], "pivot": [0, 5, -3], "rotation": [0, 5, 0], "uv": [31, 22]}
					]
				},
				{
					"name": "shell_eyelid_left",
					"parent": "shell_eye_left",
					"pivot": [1.26, 15.91, 8.25],
					"rotation": [0, 5, 0],
					"cubes": [
						{"origin": [0.33756, 21.14576, -1.31707], "size": [3, 1, 3], "inflate": 0.01, "uv": [36, 7]}
					]
				},
				{
					"name": "shell_eye_right",
					"parent": "shell_top",
					"pivot": [-3.26, 16.01, 8.25],
					"rotation": [0, 5, 0],
					"cubes": [
						{"origin": [-3.33756, 21.24576, -0.31707], "size": [3, 1, 2], "uv": [34, 34]},
						{"origin": [-3.33756, 22.24, -0.51707], "size": [3, 0, 1], "uv": [31, 24]}
					]
				},
				{
					"name": "shell_eyelid_right",
					"parent": "shell_eye_right",
					"pivot": [-3.26, 15.91, 8.25],
					"cubes": [
						{"origin": [-3.33756, 21.14576, -1.31707], "size": [3, 1, 3], "inflate": 0.01, "uv": [21, 34]}
					]
				},
				{
					"name": "tail",
					"parent": "shell_top",
					"pivot": [0, 11.5, 6.7],
					"cubes": [
						{"origin": [-2, 8.8, -11], "size": [4, 3.1, 4], "pivot": [0, 0, 0], "rotation": [-32.5, 0, 0], "uv": [0, 45]},
						{"origin": [-1, 7.4, -10.5], "size": [2, 2, 3], "pivot": [0, 0, 0], "rotation": [-32.5, 0, 0], "uv": [16, 45]},
						{"origin": [-0.14848, 2.18769, -5.19152], "size": [0, 2, 2], "pivot": [-2.5, 6.5, 8], "rotation": [-35, 0, 5], "uv": [0, 10]}
					]
				},
				{
					"name": "shell_jaw",
					"parent": "head",
					"pivot": [0, 7.5, 6],
					"rotation": [-25, 0, 0],
					"cubes": [
						{"origin": [-5.5, 5.23648, -16.84808], "size": [11, 2, 8], "pivot": [0, 5, -3], "rotation": [-60, 0, 0], "uv": [0, 0]},
						{"origin": [-4.5, 4.23648, -15.84808], "size": [9, 1, 6], "pivot": [0, 5, -3], "rotation": [-60, 0, 0], "uv": [0, 38]},
						{"origin": [5, 15.5, -2], "size": [1, 2, 3], "pivot": [0, 7.5, 6], "rotation": [30, 0, 0], "uv": [31, 17]},
						{"origin": [-6, 15.5, -2], "size": [1, 2, 3], "pivot": [0, 7.5, 6], "rotation": [30, 0, 0], "uv": [31, 11]},
						{"origin": [-5, 23.5, -2], "size": [3, 0, 4], "pivot": [0, 7.5, 6], "rotation": [30, 0, 0], "uv": [36, 20]},
						{"origin": [-2.5, 23.65, -2], "size": [3, 0, 2], "pivot": [0, 7.5, 6], "rotation": [30, 0, 0], "uv": [-2, 39]},
						{"origin": [3, 23.5, -2], "size": [3, 0, 4], "pivot": [0, 7.5, 6], "rotation": [30, 0, 0], "uv": [36, 23]},
						{"origin": [0.5, 23.65, -2], "size": [3, 0, 2], "pivot": [0, 7.5, 6], "rotation": [30, 0, 0], "uv": [-2, 41]},
						{"origin": [-2.5, 15.75, -1], "size": [5, 5, 1], "pivot": [0, 7.5, 6], "rotation": [30, 0, 0], "uv": [26, 45]}
					]
				}
			]
		}
	]
}