{
    "enabled": true,
    "neededInstalledMods": [],
    "neededUninstalledMods": [],
    "spawns": [
        {
            "id": "falinks-jetian-1",
            "pokemon": "falinks jetian",
            "presets": [],
            "type": "pokemon",
            "context": "grounded",
            "bucket": "common",
            "level": "5-20",
            "weight": 10.0,
            "condition": {
                "neededNearbyBlocks": [
                    "minecraft:furnace"
                ],
                "biomes": [
                    "#cobblemon:is_overworld"
                ]
            }
        }
    ]
}