{
    "enabled": true,
    "neededInstalledMods": [],
    "neededUninstalledMods": [],
    "spawns": [
        {
            "id": "fomantis-jetian-1",
            "pokemon": "fomantis jetian",
            "presets": [],
            "type": "pokemon",
            "context": "grounded",
            "bucket": "uncommon",
            "level": "5-20",
            "weight": 10.0,
            "condition": {
                "biomes": [
                    "#cobblemon:is_jungle"
                ],
                "timeRange": "night",
                "canSeeSky": true,
                "isRaining": false,
                "isThundering": false
            }
        }
    ]
}