{
    "enabled": true,
    "neededInstalledMods": [],
    "neededUninstalledMods": [],
    "spawns": [
        {
            "id": "magikarp-jetian-1",
            "pokemon": "magikarp jetian",
            "presets": [
                "water"
            ],
            "type": "pokemon",
            "context": "surface",
            "bucket": "rare",
            "level": "29-54",
            "weight": 2.0,
            "condition": {
                "minSkyLight": 8,
                "maxSkyLight": 15,
                "biomes": [
                    "#cobblemon:is_freshwater"
                ]
            }
        },
        {
            "id": "magikarp-jetian-2",
            "pokemon": "magikarp jetian",
            "presets": [
                "water"
            ],
            "type": "pokemon",
            "context": "surface",
            "bucket": "ultra-rare",
            "level": "29-54",
            "weight": 10.0,
            "condition": {
                "minSkyLight": 8,
                "maxSkyLight": 15,
                "biomes": [
                    "#cobblemon:is_ocean"
                ]
            },
            "anticondition": {
                "biomes": [
                    "#cobblemon:is_freshwater"
                ]
            }
        },
        {
            "id": "magikarp-jetian-3",
            "pokemon": "magikarp jetian",
            "type": "pokemon",
            "context": "fishing",
            "bucket": "rare",
            "level": "29-54",
            "weight": 2.0,
            "condition": {
                "canSeeSky": true,
                "biomes": [
                    "#cobblemon:is_freshwater"
                ]
            },
            "anticondition": {
                "minLureLevel": 1
            }
        },
        {
            "id": "magikarp-jetian-4",
            "pokemon": "magikarp jetian",
            "type": "pokemon",
            "context": "fishing",
            "bucket": "rare",
            "level": "29-54",
            "weight": 2.0,
            "weightMultiplier": {
                "multiplier": 3.0,
                "condition": {
                    "minLureLevel": 3
                }
            },
            "condition": {
                "canSeeSky": true,
                "biomes": [
                    "#cobblemon:is_freshwater"
                ],
                "minLureLevel": 1
            }
        },
        {
            "id": "magikarp-jetian-5",
            "pokemon": "magikarp jetian",
            "type": "pokemon",
            "context": "fishing",
            "bucket": "ultra-rare",
            "level": "29-54",
            "weight": 10.0,
            "condition": {
                "canSeeSky": true,
                "biomes": [
                    "#cobblemon:is_ocean"
                ]
            },
            "anticondition": {
                "biomes": [
                    "#cobblemon:is_freshwater"
                ]
            }
        },
        {
            "id": "magikarp-jetian-6",
            "pokemon": "magikarp jetian",
            "type": "pokemon",
            "context": "fishing",
            "bucket": "rare",
            "level": "29-54",
            "weight": 2.0,
            "condition": {
                "canSeeSky": false,
                "minSkyLight": 8,
                "maxSkyLight": 15,
                "biomes": [
                    "#cobblemon:is_freshwater"
                ]
            },
            "anticondition": {
                "minLureLevel": 1
            }
        },
        {
            "id": "magikarp-jetian-7",
            "pokemon": "magikarp jetian",
            "type": "pokemon",
            "context": "fishing",
            "bucket": "ultra-rare",
            "level": "29-54",
            "weight": 2.0,
            "weightMultiplier": {
                "multiplier": 3.0,
                "condition": {
                    "minLureLevel": 3
                }
            },
            "condition": {
                "canSeeSky": false,
                "minSkyLight": 8,
                "maxSkyLight": 15,
                "biomes": [
                    "#cobblemon:is_frozen_ocean"
                ],
                "minLureLevel": 1
            }
        },
        {
            "id": "magikarp-jetian-8",
            "pokemon": "magikarp jetian",
            "type": "pokemon",
            "context": "fishing",
            "bucket": "ultra-rare",
            "level": "29-54",
            "weight": 10.0,
            "condition": {
                "canSeeSky": false,
                "minSkyLight": 8,
                "maxSkyLight": 15,
                "biomes": [
                    "#cobblemon:is_ocean"
                ]
            },
            "anticondition": {
                "biomes": [
                    "#cobblemon:is_freshwater"
                ]
            }
        }
    ]
}
