{
    "target": "cobblemon:hakogame",
	"features": ["spaceworldmons"],
    "forms": [{
            "implemented": true,
            "nationalPokedexNumber": 168,
            "name": "Spaceworldmons",
            "primaryType": "normal",
            "maleRatio": 0.5,
            "height": 5,
            "weight": 804,
            "pokedex": [
                "spaceworldmons.species.hakogame.desc1",
                "spaceworldmons.species.hakogame.desc2"
            ],
            "labels": [
                "gen3beta"
            ],
            "aspects": ["spaceworldmons"],
            "abilities": [
                "shellarmor",
                "h:sturdy"
            ],
            "eggGroups": [
                "field"
            ],
            "baseStats": {
                "hp": 85,
                "attack": 80,
                "defence": 130,
                "special_attack": 75,
                "special_defence": 120,
                "speed": 5
            },
            "evYield": {
                "hp": 0,
                "attack": 0,
                "defence": 1,
                "special_attack": 0,
                "special_defence": 1,
                "speed": 0
            },
            "baseExperienceYield": 80,
            "experienceGroup": "medium_slow",
            "catchRate": 190,
            "eggCycles": 20,
            "baseFriendship": 70,
            "baseScale": 1,
            "hitbox": {
                "width": 1,
                "height": 1,
                "fixed": false
            },
            "behaviour": {
                "resting": {
                    "canSleep": true
                }
            },
            "drops": {
                "amount": 5,
                "entries": [{
                        "item": "minecraft:snowball",
                        "quantityRange": "0-2"
                    }, {
                        "item": "minecraft:coal",
                        "percentage": 5.0
                    }, {
                        "item": "minecraft:diamond",
                        "percentage": 1.0
                    }, {
                        "item": "cobblemon:oran_berry",
                        "percentage": 5.0
                    }
                ]
            },
            "moves": [
                "1:present",
                "1:defensecurl",
                "10:curse",
                "15:rollout",
                "18:headbutt",
                "24:yawn",
                "28:rest",
                "28:snore",
                "33:bodyslam",
                "35:irondefense",
                "40:covet",
                "43:flail",
                "45:memento",
                "egg:auroraveil",
                "egg:barrier",
                "egg:mirrorcoat",
                "egg:mist",
                "egg:sharpen",
                "tm:afteryou",
                "tm:auroraveil",
                "tm:avalanche",
                "tm:blizzard",
                "tm:bodyslam",
                "tm:bulldoze",
                "tm:chillingwater",
                "tm:crunch",
                "tm:curse",
                "tm:doubleedge",
                "tm:endure",
                "tm:facade",
                "tm:flash",
                "tm:frostbreath",
                "tm:gyroball",
                "tm:hail",
                "tm:iceball",
                "tm:icebeam",
                "tm:icefang",
                "tm:icespinner",
                "tm:iciclespear",
                "tm:icywind",
                "tm:irondefense",
                "tm:protect",
                "tm:raindance",
                "tm:rest",
                "tm:rockpolish",
                "tm:rockslide",
                "tm:rocksmash",
                "tm:rocktomb",
                "tm:safeguard",
                "tm:sleeptalk",
                "tm:snowscape",
                "tm:stoneedge",
                "tm:strength",
                "tm:substitute",
                "tm:takedown",
                "tm:terablast",
                "tutor:afteryou",
                "tutor:bulldoze",
                "tutor:iceball",
                "tutor:icebeam",
                "tutor:icefang",
                "tutor:icywind",
                "tutor:irondefense",
                "tutor:rest",
                "tutor:rockslide",
                "tutor:rocksmash",
                "tutor:sleeptalk",
                "tutor:stoneedge"
            ],
            "evolutions": []
        }
    ]
}
