{
    "target": "cobblemon:penpin",
	"features": ["spaceworldmons"],
    "forms": [{
            "implemented": true,
            "nationalPokedexNumber": 142,
            "name": "Spaceworldmons",
            "primaryType": "ice",
            "secondaryType": "normal",
            "maleRatio": 0.5,
            "height": 14,
            "weight": 890,
            "baseScale": 0.85,
            "pokedex": [
                "spaceworldmons.species.penpin.desc1",
                "spaceworldmons.species.penpin.desc2"
            ],
            "labels": [
                "gen3beta"
            ],
            "aspects": ["spaceworldmons"],
            "abilities": [
                "klutz",
                "wimpout",
                "h:hustle"
            ],
            "eggGroups": [
                "water_1",
                "field"
            ],
            "baseStats": {
                "hp": 45,
                "attack": 80,
                "defence": 110,
                "special_attack": 65,
                "special_defence": 110,
                "speed": 50
            },
            "evYield": {
                "hp": 0,
                "attack": 0,
                "defence": 1,
                "special_attack": 0,
                "special_defence": 1,
                "speed": 0
            },
            "baseExperienceYield": 116,
            "experienceGroup": "fast",
            "catchRate": 60,
            "eggCycles": 25,
            "baseFriendship": 50,
            "hitbox": {
                "width": 0.8,
                "height": 2,
                "fixed": false
            },
            "behaviour": {
                "resting": {
                    "canSleep": true,
                    "light": "0-4"
                },
                "moving": {
                    "walk": {
                        "walkSpeed": 0.15
                    },
                    "swim": {
                        "canSwimInWater": true,
                        "canSwimInLava": false,
                        "canBreatheUnderwater": true,
                        "swimSpeed": "0.2"
                    }
                }
            },
            "drops": {
                "amount": 5,
                "entries": [{
                        "item": "minecraft:feather",
                        "quantityRange": "0-1"
                    }, {
                        "item": "minecraft:chicken"
                    }, {
                        "item": "minecraft:cod",
                        "quantityRange": "0-1"
                    }, {
                        "item": "minecraft:blue_ice"
                    }, {
                        "item": "cobblemon:aspear_berry",
                        "percentage": 5.0
                    }
                ]
            },
            "moves": [
                "1:powdersnow",
                "1:tackle",
                "6:mist",
                "10:doublekick",
                "18:icywind",
                "22:feintattack",
                "24:headbutt",
                "28:jumpkick",
                "30:amnesia",
                "32:weatherball",
                "35:snowscape",
                "39:doubleedge",
                "44:auroraveil",
                "55:freezedry",
                "60:blizzard",
                "egg:aquaring",
                "egg:bellydrum",
                "egg:doubleedge",
                "egg:headsmash",
                "egg:iciclecrash",
                "egg:soak",
                "tm:agility",
                "tm:amnesia",
                "tm:auroraveil",
                "tm:avalanche",
                "tm:blizzard",
                "tm:bodyslam",
                "tm:brine",
                "tm:chillingwater",
                "tm:dive",
                "tm:doubleedge",
                "tm:endure",
                "tm:facade",
                "tm:featherdance",
                "tm:flipturn",
                "tm:gigaimpact",
                "tm:hail",
                "tm:headbutt",
                "tm:hydropump",
                "tm:hyperbeam",
                "tm:icebeam",
                "tm:icepunch",
                "tm:icespinner",
                "tm:iciclespear",
                "tm:icywind",
                "tm:irondefense",
                "tm:ironhead",
                "tm:liquidation",
                "tm:protect",
                "tm:raindance",
                "tm:reflect",
                "tm:rest",
                "tm:reversal",
                "tm:sleeptalk",
                "tm:snowscape",
                "tm:substitute",
                "tm:surf",
                "tm:takedown",
                "tm:terablast",
                "tm:waterfall",
                "tm:waterpulse",
                "tm:weatherball",
                "tm:whirlpool",
                "tm:zenheadbutt",
                "tutor:dive",
                "tutor:flipturn",
                "tutor:gigaimpact",
                "tutor:hyperbeam",
                "tutor:icebeam",
                "tutor:icepunch",
                "tutor:icywind",
                "tutor:irondefense",
                "tutor:ironhead",
                "tutor:liquidation",
                "tutor:rest",
                "tutor:sleeptalk",
                "tutor:waterpulse",
                "tutor:zenheadbutt"
            ],
            "evolutions": []
        }
    ]
}
