{
    "target": "cobblemon:ponku",
	"features": ["spaceworldmons"],
    "forms": [{
            "implemented": true,
            "nationalPokedexNumber": 161,
            "name": "Spaceworldmons",
            "primaryType": "water",
            "secondaryType": "fighting",
            "maleRatio": -1,
            "height": 10,
            "weight": 350,
            "pokedex": [
                "spaceworldmons.species.ponku.desc1",
                "spaceworldmons.species.ponku.desc2"
            ],
            "labels": [
                "gen3beta"
            ],
            "aspects": ["spaceworldmons"],
            "abilities": [
                "filter",
                "waterabsorb",
                "h:megalauncher"
            ],
            "eggGroups": [
                "mineral"
            ],
            "baseStats": {
                "hp": 45,
                "attack": 30,
                "defence": 63,
                "special_attack": 70,
                "special_defence": 55,
                "speed": 37
            },
            "evYield": {
                "hp": 0,
                "attack": 0,
                "defence": 0,
                "special_attack": 1,
                "special_defence": 0,
                "speed": 0
            },
            "baseExperienceYield": 139,
            "experienceGroup": "medium_fast",
            "catchRate": 45,
            "eggCycles": 20,
            "baseFriendship": 50,
            "baseScale": 0.9,
            "hitbox": {
                "width": 0.75,
                "height": 1,
                "fixed": false
            },
            "behaviour": {
                "resting": {
                    "canSleep": true,
                    "light": "0-4"
                },
                "moving": {
                    "swim": {
                        "avoidsWater": false,
                        "canSwimInWater": false
                    }
                }
            },
            "drops": {
                "amount": 3,
                "entries": [{
                        "item": "minecraft:iron_nugget",
                        "quantityRange": "0-1"
                    }, {
                        "item": "minecraft:water_bucket",
                        "percentage": 2.5
                    }, {
                        "item": "cobblemon:wacan_berry",
                        "percentage": 2.5
                    }
                ]
            },
            "moves": [
                "1:pound",
                "1:bubble",
                "6:watergun",
                "13:raindance",
                "17:vacuumwave",
                "22:waterpulse",
                "26:screech",
                "29:swagger",
                "33:taunt",
                "36:flashcannon",
                "38:whirlpool",
                "42:uturn",
                "45:focusblast",
                "50:soak",
                "egg:haze",
                "egg:partingshot",
                "egg:selfdestruct",
                "egg:torment",
                "egg:toxic",
                "tm:amnesia",
                "tm:batonpass",
                "tm:blizzard",
                "tm:bodyslam",
                "tm:brickbreak",
                "tm:bulkup",
                "tm:bulldoze",
                "tm:chillingwater",
                "tm:closecombat",
                "tm:coaching",
                "tm:darkestlariat",
                "tm:dig",
                "tm:dive",
                "tm:doubleedge",
                "tm:drainpunch",
                "tm:dualchop",
                "tm:earthpower",
                "tm:earthquake",
                "tm:encore",
                "tm:endeavor",
                "tm:endure",
                "tm:facade",
                "tm:fling",
                "tm:focusblast",
                "tm:focuspunch",
                "tm:gigaimpact",
                "tm:hail",
                "tm:haze",
                "tm:headbutt",
                "tm:helpinghand",
                "tm:highhorsepower",
                "tm:hydropump",
                "tm:hyperbeam",
                "tm:icebeam",
                "tm:icepunch",
                "tm:icywind",
                "tm:knockoff",
                "tm:liquidation",
                "tm:lowkick",
                "tm:lowsweep",
                "tm:megakick",
                "tm:megapunch",
                "tm:metronome",
                "tm:muddywater",
                "tm:mudshot",
                "tm:mudslap",
                "tm:payback",
                "tm:poisonjab",
                "tm:poweruppunch",
                "tm:protect",
                "tm:psychic",
                "tm:psychup",
                "tm:raindance",
                "tm:rest",
                "tm:reversal",
                "tm:rockclimb",
                "tm:rockslide",
                "tm:rocksmash",
                "tm:rocktomb",
                "tm:scaryface",
                "tm:sleeptalk",
                "tm:strength",
                "tm:substitute",
                "tm:superpower",
                "tm:surf",
                "tm:swift",
                "tm:takedown",
                "tm:taunt",
                "tm:terablast",
                "tm:thief",
                "tm:throatchop",
                "tm:upperhand",
                "tm:vacuumwave",
                "tm:waterfall",
                "tm:waterpulse",
                "tm:weatherball",
                "tm:whirlpool",
                "tm:workup",
                "tutor:bulldoze",
                "tutor:flashcannon",
                "tutor:gunkshot",
                "tutor:irondefense",
                "tutor:ironhead",
                "tutor:rest",
                "tutor:sleeptalk",
                "tutor:sludgebomb",
                "tutor:spikes",
                "tutor:steelbeam",
                "tutor:uproar",
                "tutor:zenheadbutt"
            ],
            "evolutions": [{
                    "id": "ponku_tanpu-spaceworldmons",
                    "variant": "level_up",
                    "result": "tanpu spaceworldmons",
                    "consumeHeldItem": false,
                    "requirements": [{
                            "variant": "level",
                            "minLevel": 31
                        }
                    ]
                }
            ]
        }
    ]
}
