{
    "target": "cobblemon:psykou",
	"features": ["spaceworldmons"],
    "forms": [{
            "implemented": true,
            "nationalPokedexNumber": 185,
            "name": "Spaceworldmons",
            "primaryType": "psychic",
            "maleRatio": 0.5,
            "height": 3,
            "weight": 45,
            "pokedex": [
                "spaceworldmons.species.psykou.desc1",
                "spaceworldmons.species.psykou.desc2"
            ],
            "labels": [
                "gen3beta"
            ],
            "aspects": ["spaceworldmons"],
            "abilities": [
                "strongjaw",
                "psychicsurge",
                "h:levitate"
            ],
            "eggGroups": [
                "field",
                "amorphous"
            ],
            "baseStats": {
                "hp": 28,
                "attack": 65,
                "defence": 57,
                "special_attack": 35,
                "special_defence": 35,
                "speed": 80
            },
            "behaviour": {
                "resting": {
                    "canSleep": true,
                    "willSleepOnBed": false,
                    "depth": "normal",
                    "light": "0-4"
                }
            },
            "evYield": {
                "hp": 0,
                "attack": 1,
                "defence": 0,
                "special_attack": 0,
                "special_defence": 0,
                "speed": 0
            },
            "baseExperienceYield": 54,
            "experienceGroup": "slow",
            "catchRate": 255,
            "eggCycles": 20,
            "baseFriendship": 50,
            "baseScale": 0.65,
            "hitbox": {
                "width": 0.7,
                "height": 0.9,
                "fixed": false
            },
            "behaviour": {
                "moving": {
                    "walk": {
                        "walkSpeed": 0.25
                    }
                },
                "resting": {
                    "canSleep": true,
                    "light": "0-4"
                }
            },
            "drops": {
                "amount": 3,
                "entries": [{
                        "item": "minecraft:bone",
                        "quantityRange": "0-2"
                    }, {
                        "item": "cobblemon:kasib_berry",
                        "percentage": 10.0
                    }
                ]
            },
            "moves": [
                "1:tackle",
                "1:odorsleuth",
                "4:howl",
                "6:spark",
                "7:sandattack",
                "10:bite",
                "13:leer",
                "16:roar",
                "19:swagger",
                "22:psychicfangs",
                "25:scaryface",
                "28:taunt",
                "31:psychocut",
                "34:psychicterrain",
                "36:electricterrain",
                "40:suckerpunch",
                "44:playrough",
                "egg:astonish",
                "egg:covet",
                "egg:electrify",
                "egg:mefirst",
                "egg:poisonfang",
                "tm:assurance",
                "tm:aurasphere",
                "tm:beatup",
                "tm:bodyslam",
                "tm:charm",
                "tm:covet",
                "tm:crunch",
                "tm:darkpulse",
                "tm:dig",
                "tm:doubleedge",
                "tm:embargo",
                "tm:endeavor",
                "tm:endure",
                "tm:expandingforce",
                "tm:facade",
                "tm:firefang",
                "tm:foulplay",
                "tm:futuresight",
                "tm:gigaimpact",
                "tm:headbutt",
                "tm:helpinghand",
                "tm:hyperbeam",
                "tm:hypervoice",
                "tm:icefang",
                "tm:imprison",
                "tm:incinerate",
                "tm:irontail",
                "tm:laserfocus",
                "tm:lashout",
                "tm:mudslap",
                "tm:nastyplot",
                "tm:payback",
                "tm:playrough",
                "tm:protect",
                "tm:psybeam",
                "tm:psychic",
                "tm:psychicfangs",
                "tm:psychicnoise",
                "tm:psychicterrain",
                "tm:psychup",
                "tm:psyshock",
                "tm:raindance",
                "tm:rest",
                "tm:retaliate",
                "tm:roar",
                "tm:rocksmash",
                "tm:scaryface",
                "tm:shadowball",
                "tm:sleeptalk",
                "tm:snarl",
                "tm:snatch",
                "tm:spite",
                "tm:strength",
                "tm:substitute",
                "tm:suckerpunch",
                "tm:sunnyday",
                "tm:superfang",
                "tm:swagger",
                "tm:takedown",
                "tm:taunt",
                "tm:terablast",
                "tm:thief",
                "tm:throatchop",
                "tm:thunderfang",
                "tm:torment",
                "tm:trailblaze",
                "tm:uproar",
                "tutor:covet",
                "tutor:darkpulse",
                "tutor:endeavor",
                "tutor:firefang",
                "tutor:foulplay",
                "tutor:gigaimpact",
                "tutor:helpinghand",
                "tutor:hyperbeam",
                "tutor:hypervoice",
                "tutor:icefang",
                "tutor:irontail",
                "tutor:laserfocus",
                "tutor:lashout",
                "tutor:mudslap",
                "tutor:playrough",
                "tutor:psychic",
                "tutor:rest",
                "tutor:rocksmash",
                "tutor:shadowball",
                "tutor:sleeptalk",
                "tutor:snarl",
                "tutor:snatch",
                "tutor:spite",
                "tutor:suckerpunch",
                "tutor:superfang",
                "tutor:throatchop",
                "tutor:thunderfang",
                "tutor:uproar"
            ],
            "evolutions": [{
                    "id": "psykou_psyking-spaceworldmons",
                    "variant": "level_up",
                    "result": "psyking spaceworldmons",
                    "consumeHeldItem": false,
                    "learnableMoves": [],
                    "requirements": [{
                            "variant": "level",
                            "minLevel": 30
                        }
                    ]
                }
            ]
        }
    ]
}
