{
    "target": "cobblemon:tanpu",
	"features": ["spaceworldmons"],
    "forms": [{
            "implemented": true,
            "nationalPokedexNumber": 162,
            "name": "Spaceworldmons",
            "primaryType": "water",
            "secondaryType": "fighting",
            "maleRatio": -1,
            "height": 18,
            "weight": 1200,
            "pokedex": [
                "spaceworldmons.species.tanpu.desc1",
                "spaceworldmons.species.tanpu.desc2"
            ],
            "labels": [
                "gen3beta"
            ],
            "aspects": ["spaceworldmons"],
            "abilities": [
                "filter",
                "waterabsorb",
                "h:megalauncher"
            ],
            "eggGroups": [
                "mineral"
            ],
            "baseStats": {
                "hp": 80,
                "attack": 54,
                "defence": 90,
                "special_attack": 119,
                "special_defence": 87,
                "speed": 70
            },
            "evYield": {
                "hp": 0,
                "attack": 0,
                "defence": 0,
                "special_attack": 2,
                "special_defence": 0,
                "speed": 0
            },
            "baseExperienceYield": 139,
            "experienceGroup": "medium_fast",
            "catchRate": 45,
            "eggCycles": 20,
            "baseFriendship": 50,
            "baseScale": 0.9,
            "hitbox": {
                "width": 1.4,
                "height": 1.8,
                "fixed": false
            },
            "behaviour": {
                "resting": {
                    "canSleep": true,
                    "light": "0-4"
                },
                "moving": {
                    "swim": {
                        "avoidsWater": false,
                        "canSwimInWater": false
                    }
                }
            },
            "drops": {
                "amount": 3,
                "entries": [{
                        "item": "minecraft:iron_nugget",
                        "quantityRange": "0-1"
                    }, {
                        "item": "minecraft:water_bucket",
                        "percentage": 2.5
                    }, {
                        "item": "cobblemon:wacan_berry",
                        "percentage": 2.5
                    }
                ]
            },
            "moves": [
                "1:shiftgear",
                "1:magnetrise",
                "16:watergun",
                "23:raindance",
                "27:vacuumwave",
                "32:waterpulse",
                "36:screech",
                "39:swagger",
                "43:taunt",
                "46:flashcannon",
                "48:whirlpool",
                "52:uturn",
                "55:focusblast",
                "69:soak",
                "egg:haze",
                "egg:partingshot",
                "egg:selfdestruct",
                "egg:torment",
                "egg:toxic",
                "tm:amnesia",
                "tm:batonpass",
                "tm:blizzard",
                "tm:bodyslam",
                "tm:brickbreak",
                "tm:bulkup",
                "tm:bulldoze",
                "tm:chillingwater",
                "tm:closecombat",
                "tm:coaching",
                "tm:darkestlariat",
                "tm:dig",
                "tm:dive",
                "tm:doubleedge",
                "tm:drainpunch",
                "tm:dualchop",
                "tm:earthpower",
                "tm:earthquake",
                "tm:encore",
                "tm:endeavor",
                "tm:endure",
                "tm:facade",
                "tm:fling",
                "tm:focusblast",
                "tm:focuspunch",
                "tm:gigaimpact",
                "tm:hail",
                "tm:haze",
                "tm:headbutt",
                "tm:helpinghand",
                "tm:highhorsepower",
                "tm:hydropump",
                "tm:hyperbeam",
                "tm:icebeam",
                "tm:icepunch",
                "tm:icywind",
                "tm:knockoff",
                "tm:liquidation",
                "tm:lowkick",
                "tm:lowsweep",
                "tm:megakick",
                "tm:megapunch",
                "tm:metronome",
                "tm:muddywater",
                "tm:mudshot",
                "tm:mudslap",
                "tm:payback",
                "tm:poisonjab",
                "tm:poweruppunch",
                "tm:protect",
                "tm:psychic",
                "tm:psychup",
                "tm:raindance",
                "tm:rest",
                "tm:reversal",
                "tm:rockclimb",
                "tm:rockslide",
                "tm:rocksmash",
                "tm:rocktomb",
                "tm:scaryface",
                "tm:sleeptalk",
                "tm:strength",
                "tm:substitute",
                "tm:superpower",
                "tm:surf",
                "tm:swift",
                "tm:takedown",
                "tm:taunt",
                "tm:terablast",
                "tm:thief",
                "tm:throatchop",
                "tm:upperhand",
                "tm:vacuumwave",
                "tm:waterfall",
                "tm:waterpulse",
                "tm:weatherball",
                "tm:whirlpool",
                "tm:workup",
                "tutor:bulldoze",
                "tutor:flashcannon",
                "tutor:gunkshot",
                "tutor:irondefense",
                "tutor:ironhead",
                "tutor:rest",
                "tutor:sleeptalk",
                "tutor:sludgebomb",
                "tutor:spikes",
                "tutor:steelbeam",
                "tutor:uproar",
                "tutor:zenheadbutt"
            ],
            "preEvolution": "ponku spaceworldmons",
            "evolutions": []
        }
    ]
}
