{
	"format_version": "1.12.0",
	"minecraft:geometry": [
		{
			"description": {
				"identifier": "geometry.shieldon",
				"texture_width": 64,
				"texture_height": 64,
				"visible_bounds_width": 3,
				"visible_bounds_height": 2.5,
				"visible_bounds_offset": [0, 0.75, 0]
			},
			"bones": [
				{
					"name": "shieldon",
					"pivot": [0, 0, 0]
				},
				{
					"name": "body",
					"parent": "shieldon",
					"pivot": [0, 0, 0]
				},
				{
					"name": "torso",
					"parent": "body",
					"pivot": [0, 6.5, 2],
					"cubes": [
						{"origin": [-4, 4, -4.5], "size": [8, 7, 7], "inflate": 0.01, "pivot": [0, 5, -3], "rotation": [-22.5, 0, 0], "uv": [0, 0]}
					]
				},
				{
					"name": "tail_1",
					"parent": "torso",
					"pivot": [0, 7, 5.5],
					"cubes": [
						{"origin": [-2.5, 3.5, 2.5], "size": [5, 5, 4], "uv": [32, 31]}
					]
				},
				{
					"name": "tail_2",
					"parent": "tail_1",
					"pivot": [0, 7, 8.5],
					"cubes": [
						{"origin": [-1.5, 5.5, 5.5], "size": [3, 3, 3], "uv": [30, 46]}
					]
				},
				{
					"name": "front_torso",
					"parent": "torso",
					"pivot": [0, 6.5, -1.5],
					"cubes": [
						{"origin": [-2.5, 4, -10.5], "size": [5, 7, 5], "pivot": [0, 5, -5], "rotation": [150, 0, 180], "uv": [30, 0]}
					]
				},
				{
					"name": "head",
					"parent": "front_torso",
					"pivot": [0, 12, -4.5],
					"rotation": [55, 0, 0],
					"cubes": [
						{"origin": [-3.5, 11.40833, -8.72105], "size": [7, 4, 8], "inflate": 0.01, "uv": [0, 14]}
					]
				},
				{
					"name": "shield",
					"parent": "head",
					"pivot": [0, 14.90833, -8.27105],
					"rotation": [-90, 0, 0],
					"cubes": [
						{"origin": [-2.5, 11.15833, -9.97105], "size": [5, 4, 3], "inflate": 0.015, "pivot": [0, 14.90833, -7.77105], "rotation": [-7.5, 0, 0], "uv": [0, 36]},
						{"origin": [-6, 16, -9.75], "size": [8, 4, 3], "inflate": 0.005, "pivot": [-2, 15.90833, -8.27105], "rotation": [0, -5, 90], "uv": [32, 24]},
						{"origin": [-3, 19.65833, -9.5], "size": [6, 9, 3], "inflate": 0.005, "pivot": [0, 20.40833, -9.27105], "rotation": [-17.5, 0, 0], "uv": [30, 12]},
						{"origin": [3, 15.15833, -10.9], "size": [3, 3, 1], "inflate": 0.01, "pivot": [2, 14.9083, -9.27105], "rotation": [90, -85, -90], "uv": [50, 37]},
						{"origin": [-6, 15.15833, -10.9], "size": [3, 3, 1], "inflate": 0.01, "pivot": [-2, 14.9083, -9.27105], "rotation": [90, 85, 90], "uv": [50, 41]}
					]
				},
				{
					"name": "upper_ring",
					"parent": "shield",
					"pivot": [0, 17.90833, -10.97105],
					"rotation": [5, 0, 0],
					"cubes": [
						{"origin": [-3, 18.40833, -14.47105], "size": [6, 2, 3], "inflate": 0.01, "pivot": [0, 15.40833, -10.97105], "rotation": [-60, 0, 0], "uv": [16, 40]}
					],
					"locators": {
						"glint": [0, 18.5, -11.5]
					}
				},
				{
					"name": "jaw",
					"parent": "shield",
					"pivot": [0, 14.65833, -5.97105],
					"rotation": [-10, 0, 0],
					"cubes": [
						{"origin": [-2.5, 11.91261, -6.90579], "size": [5, 3, 2], "uv": [16, 45]}
					]
				},
				{
					"name": "eyes",
					"parent": "shield",
					"pivot": [0, 14.9083, -8.2711],
					"rotation": [5, 0, 0]
				},
				{
					"name": "left_eye",
					"parent": "eyes",
					"pivot": [2, 14.40833, -9.77105],
					"rotation": [0, -90, 0],
					"cubes": [
						{"origin": [4, 16.65833, -11.47], "size": [1, 1, 0], "inflate": 0.025, "uv": [30, 45]},
						{"origin": [3.5, 15.65833, -11.47], "size": [2, 2, 0], "inflate": 0.02, "uv": [28, 38]}
					]
				},
				{
					"name": "left_eye_closed",
					"parent": "eyes",
					"pivot": [1.4, 14.65833, -9.67105],
					"rotation": [0, -90, 0],
					"cubes": [
						{"origin": [2.9, 15.90833, -11.37105], "size": [3, 1, 0], "inflate": 0.02, "uv": [16, 39]}
					]
				},
				{
					"name": "right_eye_closed",
					"parent": "eyes",
					"pivot": [-1.4, 14.65833, -9.67105],
					"rotation": [0, 90, 0],
					"cubes": [
						{"origin": [-5.9, 15.90833, -11.37105], "size": [3, 1, 0], "inflate": 0.02, "uv": [22, 39]}
					]
				},
				{
					"name": "right_eye",
					"parent": "eyes",
					"pivot": [-2, 14.40833, -9.77105],
					"rotation": [0, 90, 0],
					"cubes": [
						{"origin": [-5, 16.65833, -11.47], "size": [1, 1, 0], "inflate": 0.025, "uv": [32, 45]},
						{"origin": [-5.5, 15.65833, -11.47], "size": [2, 2, 0], "inflate": 0.02, "uv": [24, 50]}
					]
				},
				{
					"name": "collar",
					"parent": "front_torso",
					"pivot": [0, 8.85, -4.25],
					"rotation": [55, 0, 0],
					"cubes": [
						{"origin": [-4, 7.50833, -8.47105], "size": [8, 2, 8], "inflate": 0.2, "uv": [0, 26]},
						{"origin": [-3, 8.50833, -0.47105], "size": [6, 0, 2], "uv": [16, 36]},
						{"origin": [4, 8.50833, -7.47105], "size": [2, 0, 6], "pivot": [0, 10.50833, -4.47105], "rotation": [0, 45, 0], "uv": [34, 40]},
						{"origin": [-6, 8.50833, -7.47105], "size": [2, 0, 6], "pivot": [0, 10.50833, -4.47105], "rotation": [0, -45, 0], "uv": [0, 43]}
					]
				},
				{
					"name": "chain",
					"parent": "collar",
					"pivot": [0, 8.6, -8.75]
				},
				{
					"name": "left_front_upper_leg",
					"parent": "body",
					"pivot": [3.5, 5, -2.5],
					"cubes": [
						{"origin": [1.5, 3, -4], "size": [3, 3, 3], "inflate": 0.01, "uv": [42, 46]}
					]
				},
				{
					"name": "left_front_lower_leg",
					"parent": "left_front_upper_leg",
					"pivot": [3, 3, -4],
					"cubes": [
						{"origin": [1.5, 0, -4], "size": [3, 3, 3], "uv": [48, 12]}
					]
				},
				{
					"name": "right_front_upper_leg",
					"parent": "body",
					"pivot": [-3.5, 5, -2.5],
					"cubes": [
						{"origin": [-4.5, 3, -4], "size": [3, 3, 3], "inflate": 0.01, "uv": [50, 0]}
					]
				},
				{
					"name": "right_front_lower_leg",
					"parent": "right_front_upper_leg",
					"pivot": [-3, 3, -4],
					"cubes": [
						{"origin": [-4.5, 0, -4], "size": [3, 3, 3], "uv": [50, 6]}
					]
				},
				{
					"name": "left_back_upper_leg",
					"parent": "body",
					"pivot": [4, 5, 3.5],
					"cubes": [
						{"origin": [2, 3, 1], "size": [3, 3, 3], "inflate": 0.01, "uv": [48, 18]}
					]
				},
				{
					"name": "left_back_lower_leg",
					"parent": "left_back_upper_leg",
					"pivot": [3.5, 3, 2],
					"cubes": [
						{"origin": [2, 0, 1], "size": [3, 3, 3], "uv": [0, 49]}
					]
				},
				{
					"name": "right_back_upper_leg",
					"parent": "body",
					"pivot": [-4, 5, 3.5],
					"cubes": [
						{"origin": [-5, 3, 1], "size": [3, 3, 3], "inflate": 0.01, "uv": [12, 50]}
					]
				},
				{
					"name": "right_back_lower_leg",
					"parent": "right_back_upper_leg",
					"pivot": [-3.5, 3, 2],
					"cubes": [
						{"origin": [-5, 0, 1], "size": [3, 3, 3], "uv": [50, 31]}
					]
				}
			]
		}
	]
}