{
	"format_version": "1.12.0",
	"minecraft:geometry": [
		{
			"description": {
				"identifier": "geometry.squashologne",
				"texture_width": 128,
				"texture_height": 128,
				"visible_bounds_width": 4,
				"visible_bounds_height": 4.5,
				"visible_bounds_offset": [0, 1.75, 0]
			},
			"bones": [
				{
					"name": "oinkologne",
					"pivot": [0, 0, 0]
				},
				{
					"name": "body",
					"parent": "oinkologne",
					"pivot": [0, 0, 0]
				},
				{
					"name": "torso",
					"parent": "body",
					"pivot": [0, 9.5, -0.25],
					"cubes": [
						{"origin": [-6.5, 3, -7.25], "size": [13, 12, 14], "uv": [0, 0]}
					]
				},
				{
					"name": "tail",
					"parent": "torso",
					"pivot": [0, 13.5, -0.25],
					"rotation": [-81.32742, 54.68982, -172.90481],
					"cubes": [
						{"origin": [0, 13, -1.25], "size": [0, 1, 8], "inflate": 0.01, "uv": [32, 50]}
					]
				},
				{
					"name": "tail2",
					"parent": "tail",
					"pivot": [0, 13, 6.75],
					"cubes": [
						{"origin": [0, 13, 6.75], "size": [0, 1, 4], "uv": [48, 55]}
					]
				},
				{
					"name": "tail3",
					"parent": "tail2",
					"pivot": [0, 13, 10.75],
					"cubes": [
						{"origin": [0, 13, 10.75], "size": [0, 1, 4], "inflate": 0.01, "uv": [16, 57]}
					]
				},
				{
					"name": "tail4",
					"parent": "tail3",
					"pivot": [0, 13, 14.75],
					"cubes": [
						{"origin": [0, 13, 14.75], "size": [0, 1, 4], "uv": [24, 57]}
					]
				},
				{
					"name": "tail5",
					"parent": "tail4",
					"pivot": [0, 13, 18.75],
					"cubes": [
						{"origin": [0, 13, 18.75], "size": [0, 1, 6], "uv": [54, 5]}
					]
				},
				{
					"name": "tail6",
					"parent": "tail5",
					"pivot": [0, 13, 24.75],
					"cubes": [
						{"origin": [0, 13, 24.75], "size": [0, 1, 6], "uv": [54, 12]}
					]
				},
				{
					"name": "tail7",
					"parent": "tail6",
					"pivot": [0, 13.5, 29.75],
					"cubes": [
						{"origin": [-1, 12.5, 29.75], "size": [2, 2, 2], "uv": [56, 58]}
					]
				},
				{
					"name": "tail_finger1",
					"parent": "tail7",
					"pivot": [-1, 13, 31.75]
				},
				{
					"name": "tail_finger1_2",
					"parent": "tail_finger1",
					"pivot": [-1, 13, 33.75]
				},
				{
					"name": "tail_finger2",
					"parent": "tail7",
					"pivot": [0, 13, 31.75]
				},
				{
					"name": "tail_finger2_2",
					"parent": "tail_finger2",
					"pivot": [0, 13, 33.75]
				},
				{
					"name": "tail_finger3",
					"parent": "tail7",
					"pivot": [1, 13, 31.75]
				},
				{
					"name": "tail_finger3_2",
					"parent": "tail_finger3",
					"pivot": [1, 13, 33.75]
				},
				{
					"name": "neck",
					"parent": "torso",
					"pivot": [0, 9.25, -4.75],
					"rotation": [55, 0, 0]
				},
				{
					"name": "head_rot",
					"parent": "neck",
					"pivot": [0, 14.75, -5],
					"rotation": [-55, 0, 0]
				},
				{
					"name": "head",
					"parent": "head_rot",
					"pivot": [0, 11.75, -2],
					"cubes": [
						{"origin": [-5, 8.75, -6], "size": [10, 8, 8], "inflate": 0.01, "uv": [0, 26]}
					]
				},
				{
					"name": "mouth_open",
					"parent": "head",
					"pivot": [-1, -1.25, 1],
					"cubes": [
						{"origin": [-2, 8.75, -5.91], "size": [4, 2, 0], "inflate": 0.01, "uv": [6, 62]}
					]
				},
				{
					"name": "nose",
					"parent": "head",
					"pivot": [0, 11.75, -6],
					"cubes": [
						{"origin": [-2, 10.25, -7], "size": [4, 2, 1], "uv": [56, 55]},
						{"origin": [-1.5, 12.25, -6.99], "size": [3, 1, 1], "uv": [40, 59]},
						{"origin": [-1.5, 11, -7.01], "size": [1, 2, 0], "pivot": [-1, 11.5, -7.01], "rotation": [0, 0, 12.5], "uv": [46, 61]},
						{"origin": [0.5, 11, -7.01], "size": [1, 2, 0], "pivot": [1, 11.5, -7.01], "rotation": [0, 0, -12.5], "uv": [54, 60]}
					]
				},
				{
					"name": "eye_left",
					"parent": "head",
					"pivot": [3.5, 12.75, -6.01],
					"cubes": [
						{"origin": [1.75, 12.75, -6.02], "size": [2, 1, 0], "inflate": 0.01, "uv": [54, 49]},
						{"origin": [2, 12.25, -6.01], "size": [2, 1, 0], "inflate": 0.01, "uv": [22, 62]},
						{"origin": [2.5, 11.25, -6.01], "size": [1, 1, 0], "pivot": [3, 12.25, -6.01], "rotation": [-50, 0, 0], "uv": [62, 46]},
						{"origin": [3.5, 11.75, -6.01], "size": [2, 1, 0], "pivot": [3.5, 12.75, -6.01], "rotation": [-22.5, 0, -15], "uv": [62, 43]}
					]
				},
				{
					"name": "pupil_left",
					"parent": "eye_left",
					"pivot": [-1, -1.25, 1],
					"cubes": [
						{"origin": [2.25, 12.75, -6.03], "size": [1, 1, 0], "inflate": 0.01, "uv": [30, 62]}
					]
				},
				{
					"name": "eyelid_half_left",
					"parent": "eye_left",
					"pivot": [-1, -1.25, 1],
					"cubes": [
						{"origin": [1.75, 13.75, -6.03], "size": [2, 2, 0], "inflate": 0.02, "uv": [32, 48]}
					]
				},
				{
					"name": "eyelid_left",
					"parent": "eye_left",
					"pivot": [-1, -1.25, 1.1],
					"cubes": [
						{"origin": [1.75, 12.5, -5.93], "size": [2, 3, 0], "inflate": 0.02, "uv": [14, 62]}
					]
				},
				{
					"name": "eye_right",
					"parent": "head",
					"pivot": [-3.5, 12.75, -6.01],
					"cubes": [
						{"origin": [-3.75, 12.75, -6.02], "size": [2, 1, 0], "inflate": 0.01, "uv": [58, 49]},
						{"origin": [-4, 12.25, -6.01], "size": [2, 1, 0], "inflate": 0.01, "uv": [26, 62]},
						{"origin": [-3.5, 11.25, -6.01], "size": [1, 1, 0], "pivot": [-3, 12.25, -6.01], "rotation": [-50, 0, 0], "uv": [62, 47]},
						{"origin": [-5.5, 11.75, -6.01], "size": [2, 1, 0], "pivot": [-3.5, 12.75, -6.01], "rotation": [-22.5, 0, 15], "uv": [62, 44]}
					]
				},
				{
					"name": "pupil_right",
					"parent": "eye_right",
					"pivot": [-1, -1.25, 1],
					"cubes": [
						{"origin": [-3.25, 12.75, -6.03], "size": [1, 1, 0], "inflate": 0.01, "uv": [62, 45]}
					]
				},
				{
					"name": "eyelid_half_right",
					"parent": "eye_right",
					"pivot": [-1, -1.25, 1],
					"cubes": [
						{"origin": [-3.75, 13.75, -6.03], "size": [2, 2, 0], "inflate": 0.02, "uv": [28, 55]}
					]
				},
				{
					"name": "eyelid_right",
					"parent": "eye_right",
					"pivot": [-1, -1.25, 1.1],
					"cubes": [
						{"origin": [-3.75, 12.5, -5.93], "size": [2, 3, 0], "inflate": 0.02, "uv": [18, 62]}
					]
				},
				{
					"name": "ear_left",
					"parent": "head",
					"pivot": [2, 16.75, -3],
					"rotation": [-40, 0, 0],
					"cubes": [
						{"origin": [0, 15.75, -3], "size": [4, 4, 0], "uv": [32, 59]}
					]
				},
				{
					"name": "ear_left2",
					"parent": "ear_left",
					"pivot": [2, 19.75, -3],
					"cubes": [
						{"origin": [0, 19.75, -3], "size": [4, 5, 0], "uv": [8, 57]}
					]
				},
				{
					"name": "ear_right",
					"parent": "head",
					"pivot": [-2, 16.75, -3],
					"rotation": [-15, 0, 0],
					"cubes": [
						{"origin": [-4, 15.75, -3], "size": [4, 5, 0], "uv": [0, 57]}
					]
				},
				{
					"name": "ear_right2",
					"parent": "ear_right",
					"pivot": [-2, 20.75, -3],
					"cubes": [
						{"origin": [-4, 20.75, -3], "size": [4, 6, 0], "uv": [54, 43]}
					]
				},
				{
					"name": "leg_front_right",
					"parent": "body",
					"pivot": [-4, 9, -3.75],
					"cubes": [
						{"origin": [-6, 4, -5.75], "size": [4, 6, 4], "uv": [0, 42]}
					]
				},
				{
					"name": "leg_front_right2",
					"parent": "leg_front_right",
					"pivot": [-3.75, 4, -5.75],
					"cubes": [
						{"origin": [-5.25, 1, -5.75], "size": [3, 3, 3], "uv": [54, 19]}
					]
				},
				{
					"name": "foot_front_right",
					"parent": "leg_front_right2",
					"pivot": [-3.75, 1, -5.75],
					"cubes": [
						{"origin": [-5.25, 0, -6.75], "size": [3, 1, 4], "inflate": 0.01, "uv": [48, 50]}
					]
				},
				{
					"name": "leg_front_left",
					"parent": "body",
					"pivot": [4, 9, -3.75],
					"cubes": [
						{"origin": [2, 4, -5.75], "size": [4, 6, 4], "uv": [16, 42]}
					]
				},
				{
					"name": "leg_front_left2",
					"parent": "leg_front_left",
					"pivot": [3.75, 4, -5.75],
					"cubes": [
						{"origin": [2.25, 1, -5.75], "size": [3, 3, 3], "uv": [54, 31]}
					]
				},
				{
					"name": "foot_front_left",
					"parent": "leg_front_left2",
					"pivot": [3.75, 1, -5.75],
					"cubes": [
						{"origin": [2.25, 0, -6.75], "size": [3, 1, 4], "inflate": 0.01, "uv": [14, 52]}
					]
				},
				{
					"name": "leg_back_right",
					"parent": "body",
					"pivot": [-3.5, 9.5, 2.75],
					"cubes": [
						{"origin": [-5.5, 4, 0.25], "size": [4, 7, 5], "uv": [36, 38]}
					]
				},
				{
					"name": "leg_back_right2",
					"parent": "leg_back_right",
					"pivot": [-3.5, 4, 5.25],
					"cubes": [
						{"origin": [-5, 1, 3], "size": [3, 3, 3], "uv": [54, 37]}
					]
				},
				{
					"name": "foot_back_right",
					"parent": "leg_back_right2",
					"pivot": [-3.5, 1, 3],
					"cubes": [
						{"origin": [-5, 0, 2], "size": [3, 1, 4], "inflate": 0.01, "uv": [54, 0]}
					]
				},
				{
					"name": "leg_back_left",
					"parent": "body",
					"pivot": [3.5, 9.5, 2.75],
					"cubes": [
						{"origin": [1.5, 4, 0.25], "size": [4, 7, 5], "uv": [36, 26]}
					]
				},
				{
					"name": "leg_back_left2",
					"parent": "leg_back_left",
					"pivot": [3.5, 4, 5.25],
					"cubes": [
						{"origin": [2, 1, 3], "size": [3, 3, 3], "uv": [54, 25]}
					]
				},
				{
					"name": "foot_back_left",
					"parent": "leg_back_left2",
					"pivot": [3.5, 1, 3],
					"cubes": [
						{"origin": [2, 0, 2], "size": [3, 1, 4], "inflate": 0.01, "uv": [0, 52]}
					]
				}
			]
		}
	]
}