{
	"format_version": "1.12.0",
	"minecraft:geometry": [
		{
			"description": {
				"identifier": "geometry.milcery",
				"texture_width": 64,
				"texture_height": 32,
				"visible_bounds_width": 2,
				"visible_bounds_height": 1.5,
				"visible_bounds_offset": [0, 0.25, 0]
			},
			"bones": [
				{
					"name": "milcery",
					"pivot": [0, 0, 0]
				},
				{
					"name": "body",
					"parent": "milcery",
					"pivot": [0, 2.5, 0]
				},
				{
					"name": "head",
					"parent": "body",
					"pivot": [0, 2, 0]
				},
				{
					"name": "headsegment1",
					"parent": "head",
					"pivot": [0, 2, 0],
					"cubes": [
						{"origin": [-4, 0, -4], "size": [8, 2, 8], "uv": [0, 10]}
					]
				},
				{
					"name": "headsegment2",
					"parent": "head",
					"pivot": [0, 2, 0],
					"cubes": [
						{"origin": [-4, 1.5, -4], "size": [8, 2, 8], "uv": [32, 0]}
					]
				},
				{
					"name": "headsegment3",
					"parent": "head",
					"pivot": [0, 4, 0],
					"cubes": [
						{"origin": [-4, 3, -4], "size": [8, 2, 8], "uv": [0, 0]}
					]
				},
				{
					"name": "headdrops",
					"parent": "headsegment3",
					"pivot": [0, 2, 0]
				},
				{
					"name": "drop1",
					"parent": "headdrops",
					"pivot": [3, 5.25, 1.5]
				},
				{
					"name": "drop2",
					"parent": "headdrops",
					"pivot": [0, 5.75, 3]
				},
				{
					"name": "drop3",
					"parent": "headdrops",
					"pivot": [-3, 5.75, 1.5]
				},
				{
					"name": "drop4",
					"parent": "headdrops",
					"pivot": [3, 5.75, -1.5],
					"cubes": [
						{"origin": [1, 5, -2.5], "size": [3, 2, 2], "uv": [7, 6]}
					]
				},
				{
					"name": "drop5",
					"parent": "headdrops",
					"pivot": [-3, 5.75, -1.5],
					"cubes": [
						{"origin": [-4, 5, -2.5], "size": [3, 2, 2], "uv": [7, 6]}
					]
				},
				{
					"name": "drop6",
					"parent": "headdrops",
					"pivot": [0, 3, 0]
				},
				{
					"name": "innerdrop",
					"parent": "headdrops",
					"pivot": [3, 5, 1]
				},
				{
					"name": "innerdrop3",
					"parent": "headdrops",
					"pivot": [-3, 4.5, 2]
				},
				{
					"name": "innerdrop5",
					"parent": "headdrops",
					"pivot": [-3, 4.5, -3],
					"cubes": [
						{"origin": [-4, 4.5, -2.5], "size": [2, 2, 2], "inflate": -0.5, "uv": [32, 14]}
					]
				},
				{
					"name": "innerdrop6",
					"parent": "headdrops",
					"pivot": [0, 5.5, -3]
				},
				{
					"name": "innerdrop2",
					"parent": "headdrops",
					"pivot": [0, 0.5, 0]
				},
				{
					"name": "innerdrop4",
					"parent": "headdrops",
					"pivot": [3, 4.5, -3],
					"cubes": [
						{"origin": [2, 4.5, -2.5], "size": [2, 2, 2], "inflate": -0.5, "uv": [48, 10]}
					]
				},
				{
					"name": "eyes",
					"parent": "head",
					"pivot": [0, 2, 0]
				},
				{
					"name": "left_eye",
					"parent": "eyes",
					"pivot": [0, 2, 0],
					"cubes": [
						{"origin": [-2.5, 1.25, -4.01], "size": [1, 2, 0], "uv": [2, 1]},
						{"origin": [-2.5, 1.25, -3.975], "size": [1.01, 2, 0], "inflate": 0.03, "uv": [2, 3], "mirror": true}
					]
				},
				{
					"name": "left_eyelid",
					"parent": "left_eye",
					"pivot": [-2, 2.25, -3.41],
					"cubes": [
						{"origin": [-3, 1.25, -3.875], "size": [2, 2, 1], "inflate": 0.04, "uv": [34, 3], "mirror": true}
					]
				},
				{
					"name": "right_eye",
					"parent": "eyes",
					"pivot": [3.5, 2, 0],
					"cubes": [
						{"origin": [1.49, 1.25, -4.01], "size": [1.01, 2, 0], "uv": [0, 1]},
						{"origin": [1.49, 1.25, -3.975], "size": [1.01, 2, 0], "inflate": 0.03, "uv": [0, 3]}
					]
				},
				{
					"name": "right_eyelid",
					"parent": "right_eye",
					"pivot": [1.995, 2.25, -3.41],
					"cubes": [
						{"origin": [0.99, 1.25, -3.875], "size": [2.01, 2, 1], "inflate": 0.04, "uv": [34, 0]}
					]
				},
				{
					"name": "mouth",
					"parent": "head",
					"pivot": [1.25, 2, 0],
					"cubes": [
						{"origin": [-0.5, 1, -4.01], "size": [1, 1, 0], "uv": [0, 0]}
					]
				},
				{
					"name": "left_fin",
					"parent": "body",
					"pivot": [3, 1.75, 0]
				}
			]
		}
	]
}