{
  "target": "cobblemon:eevee",
  "features": ["altered"],
  "forms": [
		{
	  "name": "Altered A",
	  "primaryType": "normal",
	  "abilities": [
		    "runaway",
		    "adaptability",
		    "h:anticipation"
	  ],
	  "drops": {
	    "amount": 4,
	    "entries": [
	      {
	        "item": "minecraft:silk_scarf",
	        "percentage": 5
	      },
	      {
	        "item": "cobblemon:eviolite",
	        "percentage": 5
	      },
	      {
	        "item": "cobblemon:black_glasses",
	        "percentage": 2.5
	      },
	      {
	        "item": "minecraft:nether_star",
	        "percentage": 0.5
	      }
	    ]
	  },
	  "baseStats": {
		    "hp": 65,
		    "attack": 75,
		    "defence": 90,
		    "special_attack": 50,
		    "special_defence": 95,
		    "speed": 45
	  },
	  "catchRate": 45,
	  "maleRatio": 0.875,
	  "shoulderMountable": true,
	  "baseExperienceYield": 65,
	  "experienceGroup": "medium_fast",
	  "eggCycles": 35,
	  "eggGroups": [
	    "field"
	  ],
	  "behaviour": {
	    "resting": {
	      "canSleep": true,
	      "willSleepOnBed": true,
	      "depth": "normal",
	      "light": "0-4"
	    },
	    "moving": {
	      "walk": {
	        "walkSpeed": 0.4
	      }
	    }
	  },
	  "moves": [
    "1:tailwhip",
    "1:tackle",
    "1:helpinghand",
    "1:growl",
    "1:covet",
    "5:sandattack",
    "10:quickattack",
    "15:babydolleyes",
    "20:refresh",
    "25:bite",
    "30:copycat",
    "35:batonpass",
    "40:takedown",
    "45:trumpcard",
    "50:doubleedge",
    "55:lastresort",
    "egg:captivate",
    "egg:curse",
    "egg:detect",
    "egg:doublekick",
    "egg:flail",
    "egg:mudslap",
    "egg:naturalgift",
    "egg:synchronoise",
    "egg:tickle",
    "egg:wish",
    "egg:yawn",
    "tm:alluringvoice",
    "tm:babydolleyes",
    "tm:batonpass",
    "tm:bodyslam",
    "tm:calmmind",
    "tm:captivate",
    "tm:charm",
    "tm:covet",
    "tm:curse",
    "tm:dig",
    "tm:doubleedge",
    "tm:echoedvoice",
    "tm:endure",
    "tm:facade",
    "tm:faketears",
    "tm:focusenergy",
    "tm:headbutt",
    "tm:healbell",
    "tm:helpinghand",
    "tm:hypervoice",
    "tm:irontail",
    "tm:laserfocus",
    "tm:lastresort",
    "tm:mudslap",
    "tm:naturalgift",
    "tm:payday",
    "tm:protect",
    "tm:raindance",
    "tm:rest",
    "tm:retaliate",
    "tm:roar",
    "tm:shadowball",
    "tm:sleeptalk",
    "tm:storedpower",
    "tm:substitute",
    "tm:sunnyday",
    "tm:swift",
    "tm:takedown",
    "tm:terablast",
    "tm:trailblaze",
    "tm:weatherball",
    "tm:workup",
    "tutor:babydolleyes",
    "tutor:calmmind",
    "tutor:covet",
    "tutor:focusenergy",
    "tutor:healbell",
    "tutor:helpinghand",
    "tutor:hypervoice",
    "tutor:irontail",
    "tutor:laserfocus",
    "tutor:lastresort",
    "tutor:mudslap",
    "tutor:rest",
    "tutor:shadowball",
    "tutor:sleeptalk",
    "tutor:swift"
	  ],
	  "labels": [
		    "gen1",
		    "altered",
		    "altered_a"
	  ],
	  "pokedex": [
		    "cobblemon.species.eevee_altered_a.desc"
	  ],
	  "evolutions": [
	    {
	      "id": "eevee_umbreon",
	      "variant": "level_up",
	      "result": "umbreon altered",
	      "consumeHeldItem": false,
	      "learnableMoves": ["foulplay", "spiritbreak"],
	      "requirements": [
	        {
	          "variant": "friendship",
	          "amount": 200
	        },
	        {
	          "variant": "time_range",
	          "range": "midnight"
	        },
	        {
	          "variant": "held_item",
	          "itemCondition": "cobblemon:moon_stone"
	        }
	      ]
	    },
	    {
	      "id": "eevee_umbreon_2",
	      "variant": "item_interact",
	      "result": "umbreon altered",
	      "consumeHeldItem": true,
	      "learnableMoves": ["foulplay", "spiritbreak"],
	      "requirements": [],
	      "requiredContext": "minecraft:nether_star"
	    }
	  ],
	  "baseScale": 0.5,
	  "hitbox": {
		    "width": 0.9,
		    "height": 1,
		    "fixed": false
	  },
	  "baseFriendship": 50,
	  "evYield": {
			    "hp": 0,
			    "attack": 0,
			    "defence": 0,
 			    "special_attack": 0,
			    "special_defence": 1,
			    "speed": 0
		  },
		  "height": 3,
		  "weight": 65,
		  "aspects": ["altered_a"],
		  "cannotDynamax": false
		},
		{
	  "name": "Altered B",
	  "primaryType": "normal",
	  "abilities": [
		    "runaway",
		    "adaptability",
		    "h:anticipation"
	  ],
	  "drops": {
	    "amount": 4,
	    "entries": [
	      {
	        "item": "minecraft:silk_scarf",
	        "percentage": 5
	      },
	      {
	        "item": "cobblemon:eviolite",
	        "percentage": 5
	      },
	      {
	        "item": "cobblemon:twisted_spoon",
	        "percentage": 2.5
	      },
	      {
	        "item": "minecraft:nether_star",
	        "percentage": 0.5
	      }
	    ]
	  },
	  "baseStats": {
		    "hp": 75,
		    "attack": 45,
		    "defence": 50,
		    "special_attack": 95,
		    "special_defence": 90,
		    "speed": 65
	  },
	  "catchRate": 45,
	  "maleRatio": 0.875,
	  "shoulderMountable": true,
	  "baseExperienceYield": 65,
	  "experienceGroup": "medium_fast",
	  "eggCycles": 35,
	  "eggGroups": [
	    "field"
	  ],
	  "behaviour": {
	    "resting": {
	      "canSleep": true,
	      "willSleepOnBed": true,
	      "depth": "normal",
	      "light": "0-4"
	    },
	    "moving": {
	      "walk": {
	        "walkSpeed": 0.4
	      }
	    }
	  },
	  "moves": [
    "1:tailwhip",
    "1:tackle",
    "1:helpinghand",
    "1:growl",
    "1:covet",
    "5:sandattack",
    "10:quickattack",
    "15:babydolleyes",
    "20:refresh",
    "25:bite",
    "30:copycat",
    "35:batonpass",
    "40:takedown",
    "45:trumpcard",
    "50:doubleedge",
    "55:lastresort",
    "egg:captivate",
    "egg:curse",
    "egg:detect",
    "egg:doublekick",
    "egg:flail",
    "egg:mudslap",
    "egg:naturalgift",
    "egg:synchronoise",
    "egg:tickle",
    "egg:wish",
    "egg:yawn",
    "tm:alluringvoice",
    "tm:babydolleyes",
    "tm:batonpass",
    "tm:bodyslam",
    "tm:calmmind",
    "tm:captivate",
    "tm:charm",
    "tm:covet",
    "tm:curse",
    "tm:dig",
    "tm:doubleedge",
    "tm:echoedvoice",
    "tm:endure",
    "tm:facade",
    "tm:faketears",
    "tm:focusenergy",
    "tm:headbutt",
    "tm:healbell",
    "tm:helpinghand",
    "tm:hypervoice",
    "tm:irontail",
    "tm:laserfocus",
    "tm:lastresort",
    "tm:mudslap",
    "tm:naturalgift",
    "tm:payday",
    "tm:protect",
    "tm:raindance",
    "tm:rest",
    "tm:retaliate",
    "tm:roar",
    "tm:shadowball",
    "tm:sleeptalk",
    "tm:storedpower",
    "tm:substitute",
    "tm:sunnyday",
    "tm:swift",
    "tm:takedown",
    "tm:terablast",
    "tm:trailblaze",
    "tm:weatherball",
    "tm:workup",
    "tutor:babydolleyes",
    "tutor:calmmind",
    "tutor:covet",
    "tutor:focusenergy",
    "tutor:healbell",
    "tutor:helpinghand",
    "tutor:hypervoice",
    "tutor:irontail",
    "tutor:laserfocus",
    "tutor:lastresort",
    "tutor:mudslap",
    "tutor:rest",
    "tutor:shadowball",
    "tutor:sleeptalk",
    "tutor:swift"
	  ],
	  "labels": [
		    "gen1",
		    "altered",
		    "altered_b"
	  ],
	  "pokedex": [
		    "cobblemon.species.eevee_altered_b.desc"
	  ],
	  "evolutions": [
	    {
	      "id": "eevee_espeon",
	      "variant": "level_up",
	      "result": "espeon altered",
	      "consumeHeldItem": false,
	      "learnableMoves": ["psyshock", "mysticalfire"],
	      "requirements": [
	        {
	          "variant": "friendship",
	          "amount": 200
	        },
	        {
	          "variant": "time_range",
	          "range": "noon"
	        },
	        {
	          "variant": "held_item",
	          "itemCondition": "cobblemon:sun_stone"
	        }
	      ]
	    },
	    {
	      "id": "eevee_espeon_2",
	      "variant": "item_interact",
	      "result": "espeon altered",
	      "consumeHeldItem": true,
	      "learnableMoves": ["psyshock", "mysticalfire"],
	      "requirements": [],
	      "requiredContext": "minecraft:nether_star"
	    }
	  ],
	  "baseScale": 0.5,
	  "hitbox": {
		    "width": 0.9,
		    "height": 1,
		    "fixed": false
	  },
	  "baseFriendship": 50,
	  "evYield": {
			    "hp": 0,
			    "attack": 0,
			    "defence": 0,
 			    "special_attack": 1,
			    "special_defence": 0,
			    "speed": 0
		  },
		  "height": 3,
		  "weight": 65,
		  "aspects": ["altered_b"],
		  "cannotDynamax": false
		}
	]
}