{
    "target": "cobblemon:espeon",
    "features": [
        "altered"
    ],
    "forms": [
        {
            "name": "Altered",
            "primaryType": "psychic",
            "secondaryType": "fire",
            "abilities": [
                "solarpower",
                "psychicsurge",
                "h:drought"
            ],
            "drops": {
                "amount": 4,
                "entries": [
                    {
                        "item": "minecraft:charcoal",
                        "percentage": 25
                    },
                    {
                        "item": "cobblemon:twisted_spoon",
                        "percentage": 25
                    },
                    {
                        "item": "minecraft:nether_star",
                        "percentage": 1
                    }
                ]
            },
            "baseStats": {
                "hp": 95,
                "attack": 40,
                "defence": 65,
                "special_attack": 135,
                "special_defence": 130,
                "speed": 105
            },
            "catchRate": 45,
            "maleRatio": 0.875,
            "baseExperienceYield": 184,
            "experienceGroup": "medium_fast",
            "eggCycles": 35,
            "eggGroups": [
                "field"
            ],
            "behaviour": {
                "resting": {
                    "canSleep": true,
                    "willSleepOnBed": true,
                    "depth": "normal",
                    "light": "0-4"
                },
                "moving": {
                    "walk": {
                        "walkSpeed": 0.4
                    }
                }
            },
            "moves": [
                "1:morningsun",
                "1:tackle",
                "1:helpinghand",
                "1:confusion",
                "1:covet",
                "1:bite",
                "1:endure",
                "1:batonpass",
                "1:takedown",
                "1:charm",
                "1:doubleedge",
                "1:psyshock",
                "1:mysticalfire",
                "1:sunnyday",
                "1:refresh",
                "5:trick",
                "10:quickattack",
                "15:babydolleyes",
                "20:swift",
                "25:twinbeam",
                "30:morningsun",
                "35:lightscreen",
                "40:flamethrower",
                "40:psychic",
                "45:reflect",
                "50:futuresight",
                "55:lastresort",
                "60:fireblast",
                "65:mysticalpower",
                "100:prismaticlaser",
                "egg:captivate",
                "egg:curse",
                "egg:detect",
                "egg:doublekick",
                "egg:flail",
                "egg:mudslap",
                "egg:naturalgift",
                "egg:synchronoise",
                "egg:tickle",
                "egg:wish",
                "egg:yawn",
                "tm:alluringvoice",
                "tm:allyswitch",
                "tm:babydolleyes",
                "tm:batonpass",
                "tm:bodyslam",
                "tm:calmmind",
                "tm:captivate",
                "tm:charm",
                "tm:confuseray",
                "tm:covet",
                "tm:curse",
                "tm:cut",
                "tm:dazzlinggleam",
                "tm:dig",
                "tm:doubleedge",
                "tm:drainingkiss",
                "tm:dreameater",
                "tm:echoedvoice",
                "tm:endure",
                "tm:expandingforce",
                "tm:facade",
                "tm:faketears",
                "tm:flash",
                "tm:focusenergy",
                "tm:futuresight",
                "tm:gigaimpact",
                "tm:grassknot",
                "tm:gravity",
                "tm:headbutt",
                "tm:healbell",
                "tm:helpinghand",
                "tm:hyperbeam",
                "tm:hypervoice",
                "tm:imprison",
                "tm:irontail",
                "tm:laserfocus",
                "tm:lastresort",
                "tm:lightscreen",
                "tm:magicalleaf",
                "tm:magiccoat",
                "tm:magicroom",
                "tm:mudslap",
                "tm:naturalgift",
                "tm:payday",
                "tm:powergem",
                "tm:powerswap",
                "tm:protect",
                "tm:psybeam",
                "tm:psychic",
                "tm:psychicfangs",
                "tm:psychicnoise",
                "tm:psychicterrain",
                "tm:psychup",
                "tm:psyshock",
                "tm:raindance",
                "tm:reflect",
                "tm:rest",
                "tm:retaliate",
                "tm:roar",
                "tm:shadowball",
                "tm:signalbeam",
                "tm:skillswap",
                "tm:sleeptalk",
                "tm:storedpower",
                "tm:substitute",
                "tm:sunnyday",
                "tm:swift",
                "tm:takedown",
                "tm:telekinesis",
                "tm:terablast",
                "tm:thunderwave",
                "tm:trailblaze",
                "tm:trick",
                "tm:trickroom",
                "tm:weatherball",
                "tm:workup",
                "tm:zenheadbutt",
                "tutor:allyswitch",
                "tutor:babydolleyes",
                "tutor:calmmind",
                "tutor:covet",
                "tutor:dazzlinggleam",
                "tutor:expandingforce",
                "tutor:focusenergy",
                "tutor:gigaimpact",
                "tutor:gravity",
                "tutor:healbell",
                "tutor:helpinghand",
                "tutor:hyperbeam",
                "tutor:hypervoice",
                "tutor:irontail",
                "tutor:laserfocus",
                "tutor:lastresort",
                "tutor:magicalleaf",
                "tutor:magiccoat",
                "tutor:magicroom",
                "tutor:mudslap",
                "tutor:psychic",
                "tutor:rest",
                "tutor:shadowball",
                "tutor:signalbeam",
                "tutor:skillswap",
                "tutor:sleeptalk",
                "tutor:swift",
                "tutor:telekinesis",
                "tutor:trick",
                "tutor:zenheadbutt"
            ],
            "labels": [
                "gen2",
                "altered"
            ],
            "pokedex": [
                "cobblemon.species.espeon_altered.desc"
            ],
            "preEvolution": "eevee altered b",
            "evolutions": [],
            "baseScale": 0.8,
            "hitbox": {
                "width": 0.9,
                "height": 1.1,
                "fixed": false
            },
            "baseFriendship": 50,
            "evYield": {
                "hp": 0,
                "attack": 0,
                "defence": 0,
                "special_attack": 3,
                "special_defence": 0,
                "speed": 0
            },
            "height": 9,
            "weight": 265,
            "aspects": [
                "altered"
            ],
            "cannotDynamax": false
        }
    ]
}