{
  "target": "cobblemon:gallade",
  "features": ["altered", "gamma"],
  "forms": [
		{
	  "name": "Altered",
	  "primaryType": "ghost",
	  "secondaryType": "ice",
	  "abilities": [
		    "cursedbody",
		    "sheerforce",
		    "h:infiltrator"
	  ],
	  "drops": {
	    "amount": 6,
	    "entries": [
	      {
	        "item": "minecraft:ender_pearl",
	        "quantityRange": "0-3"
	      },
	      {
	        "item": "cobblemon:ice_stone",
	        "percentage": 10
	      },
	      {
	        "item": "cobblemon:ice_gem",
	        "percentage": 20
	      },
	      {
	        "item": "cobblemon:kasib_berry",
	        "percentage": 10
	      }
	    ]
	  },
	  "baseStats": {
		    "hp": 58,
		    "attack": 135,
		    "defence": 115,
		    "special_attack": 45,
		    "special_defence": 65,
		    "speed": 100
	  },
	  "catchRate": 45,
	  "maleRatio": 0.5,
	  "baseExperienceYield": 208,
	  "experienceGroup": "slow",
	  "eggCycles": 20,
	  "eggGroups": [
	    "human_like",
	    "amorphous"
	  ],
	  "behaviour": {
	    "resting": {
	      "canSleep": true,
	      "willSleepOnBed": true,
	      "depth": "normal",
	      "light": "0-4"
	    },
	    "moving": {
	      "walk": {
	        "walkSpeed": 0.2
	      }
	    }
	  },
	  "moves": [
		    "0:phantomforce",
		    "1:phantomforce",
		    "1:slash",
		    "1:leer",
		    "1:leafblade",
		    "1:icepunch",
		    "1:nightshade",
		    "1:teleport",
		    "3:astonish",
		    "6:confusion",
		    "9:teleport",
		    "11:shadowpunch",
		    "14:poweruppunch",
		    "17:aerialace",
		    "19:curse",
		    "23:destinybond",
		    "26:bulkup",
		    "31:shadowclaw",
		    "35:reflect",
		    "37:ominouswind",
		    "40:iciclecrash",
		    "44:falseswipe",
		    "46:icepunch",
		    "46:firepunch",
		    "46:thunderpunch",
		    "46:drainpunch",
		    "49:protect",
		    "53:closecombat",
		    "58:swordsdance",
		    "62:icehammer",
		    "egg:allyswitch",
		    "egg:confuseray",
		    "egg:destinybond",
		    "egg:disable",
		    "egg:encore",
		    "egg:grudge",
		    "egg:knockoff",
		    "egg:meanlook",
		    "egg:memento",
		    "egg:mistyterrain",
		    "egg:mysticalfire",
		    "egg:shadowsneak",
		    "egg:skillswap",
		    "egg:synchronoise",
		    "egg:thunderwave",
		    "tm:alluringvoice",
		    "tm:allyswitch",
		    "tm:attract",
		    "tm:bodyslam",
		    "tm:calmmind",
		    "tm:captivate",
		    "tm:chargebeam",
		    "tm:charm",
		    "tm:confide",
		    "tm:confuseray",
		    "tm:dazzlinggleam",
		    "tm:disarmingvoice",
		    "tm:doubleteam",
		    "tm:drainingkiss",
		    "tm:dreameater",
		    "tm:echoedvoice",
		    "tm:encore",
		    "tm:endure",
		    "tm:expandingforce",
		    "tm:facade",
		    "tm:firepunch",
		    "tm:flash",
		    "tm:fling",
		    "tm:frustration",
		    "tm:futuresight",
		    "tm:grassknot",
		    "tm:helpinghand",
		    "tm:hiddenpower",
		    "tm:hypervoice",
		    "tm:icepunch",
		    "tm:icywind",
		    "tm:imprison",
		    "tm:knockoff",
		    "tm:lightscreen",
		    "tm:magicalleaf",
		    "tm:magicroom",
		    "tm:megakick",
		    "tm:megapunch",
		    "tm:metronome",
		    "tm:mistyterrain",
		    "tm:naturalgift",
		    "tm:painsplit",
		    "tm:protect",
		    "tm:psybeam",
		    "tm:psychic",
		    "tm:psychicterrain",
		    "tm:psychup",
		    "tm:psyshock",
		    "tm:raindance",
		    "tm:recycle",
		    "tm:reflect",
		    "tm:rest",
		    "tm:return",
		    "tm:round",
		    "tm:safeguard",
		    "tm:secretpower",
		    "tm:shadowball",
		    "tm:shockwave",
		    "tm:skillswap",
		    "tm:sleeptalk",
		    "tm:snatch",
		    "tm:snore",
		    "tm:storedpower",
		    "tm:substitute",
		    "tm:sunnyday",
		    "tm:swagger",
		    "tm:swift",
		    "tm:taunt",
		    "tm:telekinesis",
		    "tm:terablast",
		    "tm:thief",
		    "tm:thunderbolt",
		    "tm:thunderpunch",
		    "tm:thunderwave",
		    "tm:torment",
		    "tm:toxic",
		    "tm:trick",
		    "tm:trickroom",
		    "tm:willowisp",
		    "tm:wonderroom",
		    "tm:zenheadbutt",
		    "tutor:allyswitch",
		    "tutor:bodyslam",
		    "tutor:charm",
		    "tutor:confusion",
		    "tutor:defensecurl",
		    "tutor:destinybond",
		    "tutor:doubleedge",
		    "tutor:dreameater",
		    "tutor:encore",
		    "tutor:endure",
		    "tutor:expandingforce",
		    "tutor:firepunch",
		    "tutor:growl",
		    "tutor:headbutt",
		    "tutor:helpinghand",
		    "tutor:hypervoice",
		    "tutor:icepunch",
		    "tutor:icywind",
		    "tutor:magiccoat",
		    "tutor:magicroom",
		    "tutor:mimic",
		    "tutor:mudslap",
		    "tutor:nightmare",
		    "tutor:painsplit",
		    "tutor:psychup",
		    "tutor:recycle",
		    "tutor:reflect",
		    "tutor:shockwave",
		    "tutor:signalbeam",
		    "tutor:sing",
		    "tutor:skillswap",
		    "tutor:sleeptalk",
		    "tutor:snatch",
		    "tutor:snore",
		    "tutor:substitute",
		    "tutor:swagger",
		    "tutor:swift",
		    "tutor:telekinesis",
		    "tutor:thunderpunch",
		    "tutor:thunderwave",
		    "tutor:trick",
		    "tutor:wish",
		    "tutor:wonderroom",
		    "tutor:zenheadbutt"
	  ],
	  "labels": [
		    "gen3",
		    "altered"
	  ],
	  "pokedex": [
		    "cobblemon.species.gallade_altered.desc"
	  ],
	  "preEvolution": "kirlia altered",
	  "evolutions": [],
	  "baseScale": 1,
	  "hitbox": {
		    "width": 0.6,
		    "height": 2.25,
		    "fixed": false
	  },
	  "baseFriendship": 35,
	  "evYield": {
			    "hp": 0,
			    "attack": 3,
			    "defence": 0,
 			    "special_attack": 0,
			    "special_defence": 0,
			    "speed": 0
		  },
		  "height": 16,
		  "weight": 520,
		  "aspects": ["altered"],
		  "cannotDynamax": false
		},
		{
		  "name": "Altered Mega",
		  "primaryType": "ghost",
		  "secondaryType": "ice",
		  "maleRatio": 1,
		  "height": 16,
		  "weight": 564,
		  "pokedex": ["cobblemon.species.gallade_altered-mega.desc"],
		  "labels": ["gen6", "mega", "altered"],
		  "aspects": ["mega", "altered"],
		  "abilities": ["moxie", "h:moxie"],
		  "eggGroups": ["amorphous", "human_like"],
		  "baseStats": {
			"hp": 58,
			"attack": 175,
			"defence": 115,
			"special_attack": 45,
			"special_defence": 110,
			"speed": 115
		  },
	  "moves": [
		    "0:phantomforce",
		    "1:phantomforce",
		    "1:slash",
		    "1:leer",
		    "1:leafblade",
		    "1:icepunch",
		    "1:nightshade",
		    "1:teleport",
		    "3:astonish",
		    "6:confusion",
		    "9:teleport",
		    "11:shadowpunch",
		    "14:poweruppunch",
		    "17:aerialace",
		    "19:curse",
		    "23:destinybond",
		    "26:bulkup",
		    "31:shadowclaw",
		    "35:reflect",
		    "37:ominouswind",
		    "40:iciclecrash",
		    "44:falseswipe",
		    "46:icepunch",
		    "46:firepunch",
		    "46:thunderpunch",
		    "46:drainpunch",
		    "49:protect",
		    "53:closecombat",
		    "58:swordsdance",
		    "62:icehammer",
		    "egg:allyswitch",
		    "egg:confuseray",
		    "egg:destinybond",
		    "egg:disable",
		    "egg:encore",
		    "egg:grudge",
		    "egg:knockoff",
		    "egg:meanlook",
		    "egg:memento",
		    "egg:mistyterrain",
		    "egg:mysticalfire",
		    "egg:shadowsneak",
		    "egg:skillswap",
		    "egg:synchronoise",
		    "egg:thunderwave",
		    "tm:alluringvoice",
		    "tm:allyswitch",
		    "tm:attract",
		    "tm:bodyslam",
		    "tm:calmmind",
		    "tm:captivate",
		    "tm:chargebeam",
		    "tm:charm",
		    "tm:confide",
		    "tm:confuseray",
		    "tm:dazzlinggleam",
		    "tm:disarmingvoice",
		    "tm:doubleteam",
		    "tm:drainingkiss",
		    "tm:dreameater",
		    "tm:echoedvoice",
		    "tm:encore",
		    "tm:endure",
		    "tm:expandingforce",
		    "tm:facade",
		    "tm:firepunch",
		    "tm:flash",
		    "tm:fling",
		    "tm:frustration",
		    "tm:futuresight",
		    "tm:grassknot",
		    "tm:helpinghand",
		    "tm:hiddenpower",
		    "tm:hypervoice",
		    "tm:icepunch",
		    "tm:icywind",
		    "tm:imprison",
		    "tm:knockoff",
		    "tm:lightscreen",
		    "tm:magicalleaf",
		    "tm:magicroom",
		    "tm:megakick",
		    "tm:megapunch",
		    "tm:metronome",
		    "tm:mistyterrain",
		    "tm:naturalgift",
		    "tm:painsplit",
		    "tm:protect",
		    "tm:psybeam",
		    "tm:psychic",
		    "tm:psychicterrain",
		    "tm:psychup",
		    "tm:psyshock",
		    "tm:raindance",
		    "tm:recycle",
		    "tm:reflect",
		    "tm:rest",
		    "tm:return",
		    "tm:round",
		    "tm:safeguard",
		    "tm:secretpower",
		    "tm:shadowball",
		    "tm:shockwave",
		    "tm:skillswap",
		    "tm:sleeptalk",
		    "tm:snatch",
		    "tm:snore",
		    "tm:storedpower",
		    "tm:substitute",
		    "tm:sunnyday",
		    "tm:swagger",
		    "tm:swift",
		    "tm:taunt",
		    "tm:telekinesis",
		    "tm:terablast",
		    "tm:thief",
		    "tm:thunderbolt",
		    "tm:thunderpunch",
		    "tm:thunderwave",
		    "tm:torment",
		    "tm:toxic",
		    "tm:trick",
		    "tm:trickroom",
		    "tm:willowisp",
		    "tm:wonderroom",
		    "tm:zenheadbutt",
		    "tutor:allyswitch",
		    "tutor:bodyslam",
		    "tutor:charm",
		    "tutor:confusion",
		    "tutor:defensecurl",
		    "tutor:destinybond",
		    "tutor:doubleedge",
		    "tutor:dreameater",
		    "tutor:encore",
		    "tutor:endure",
		    "tutor:expandingforce",
		    "tutor:firepunch",
		    "tutor:growl",
		    "tutor:headbutt",
		    "tutor:helpinghand",
		    "tutor:hypervoice",
		    "tutor:icepunch",
		    "tutor:icywind",
		    "tutor:magiccoat",
		    "tutor:magicroom",
		    "tutor:mimic",
		    "tutor:mudslap",
		    "tutor:nightmare",
		    "tutor:painsplit",
		    "tutor:psychup",
		    "tutor:recycle",
		    "tutor:reflect",
		    "tutor:shockwave",
		    "tutor:signalbeam",
		    "tutor:sing",
		    "tutor:skillswap",
		    "tutor:sleeptalk",
		    "tutor:snatch",
		    "tutor:snore",
		    "tutor:substitute",
		    "tutor:swagger",
		    "tutor:swift",
		    "tutor:telekinesis",
		    "tutor:thunderpunch",
		    "tutor:thunderwave",
		    "tutor:trick",
		    "tutor:wish",
		    "tutor:wonderroom",
		    "tutor:zenheadbutt"
	  ],
		  "baseExperienceYield": 309,
		  "dynamaxBlocked": true,
		  "evolutions": [],
		  "battleOnly": false
		}
	]
}