{
    "target": "cobblemon:gardevoir",
    "features": ["altered", "gamma"],
    "forms": [
          {
        "name": "Altered",
        "primaryType": "ghost",
        "secondaryType": "fire",
        "abilities": [
              "cursedbody",
              "magicbounce",
              "h:magicguard"
        ],
        "drops": {
          "amount": 6,
          "entries": [
            {
              "item": "minecraft:ender_pearl",
              "quantityRange": "0-3"
            },
            {
              "item": "cobblemon:ice_stone",
              "percentage": 10
            },
            {
              "item": "cobblemon:fire_gem",
              "percentage": 20
            },
            {
              "item": "cobblemon:kasib_berry",
              "percentage": 10
            }
          ]
        },
        "baseStats": {
              "hp": 68,
              "attack": 55,
              "defence": 85,
              "special_attack": 145,
              "special_defence": 125,
              "speed": 40
        },
        "catchRate": 45,
        "maleRatio": 0.5,
        "baseExperienceYield": 259,
        "experienceGroup": "slow",
        "eggCycles": 20,
        "eggGroups": [
          "human_like",
          "amorphous"
        ],
        "behaviour": {
          "resting": {
            "canSleep": true,
            "willSleepOnBed": true,
            "depth": "normal",
            "light": "0-4"
          },
          "moving": {
            "walk": {
              "walkSpeed": 0.2
            }
          }
        },
        "moves": [
              "0:infernalparade",
              "1:infernalparade",
              "1:shadowball",
              "1:nastyplot",
              "1:mistyterrain",
              "1:willowisp",
              "1:nightshade",
              "1:teleport",
              "3:astonish",
              "6:confusion",
              "9:teleport",
              "11:drainingkiss",
              "11:confusion",
              "14:destinybond",
              "17:magicalleaf",
              "19:curse",
              "23:hex",
              "26:calmmind",
              "31:flamethrower",
              "35:lightscreen",
              "37:ominouswind",
              "40:willowisp",
              "44:shadowball",
              "49:hypnosis",
              "53:dreameater",
              "58:nastyplot",
              "62:fireblast",
              "egg:allyswitch",
              "egg:confuseray",
              "egg:destinybond",
              "egg:disable",
              "egg:encore",
              "egg:grudge",
              "egg:knockoff",
              "egg:meanlook",
              "egg:memento",
              "egg:mistyterrain",
              "egg:mysticalfire",
              "egg:shadowsneak",
              "egg:skillswap",
              "egg:synchronoise",
              "egg:thunderwave",
              "tm:alluringvoice",
              "tm:allyswitch",
              "tm:attract",
              "tm:bodyslam",
              "tm:calmmind",
              "tm:captivate",
              "tm:chargebeam",
              "tm:charm",
              "tm:confide",
              "tm:confuseray",
              "tm:dazzlinggleam",
              "tm:disarmingvoice",
              "tm:doubleteam",
              "tm:drainingkiss",
              "tm:dreameater",
              "tm:echoedvoice",
              "tm:encore",
              "tm:endure",
              "tm:expandingforce",
              "tm:facade",
              "tm:firepunch",
              "tm:flash",
              "tm:fling",
              "tm:frustration",
              "tm:futuresight",
              "tm:grassknot",
              "tm:helpinghand",
              "tm:hiddenpower",
              "tm:hypervoice",
              "tm:icepunch",
              "tm:icywind",
              "tm:imprison",
              "tm:knockoff",
              "tm:lightscreen",
              "tm:magicalleaf",
              "tm:magicroom",
              "tm:megakick",
              "tm:megapunch",
              "tm:metronome",
              "tm:mistyterrain",
              "tm:naturalgift",
              "tm:painsplit",
              "tm:protect",
              "tm:psybeam",
              "tm:psychic",
              "tm:psychicterrain",
              "tm:psychup",
              "tm:psyshock",
              "tm:raindance",
              "tm:recycle",
              "tm:reflect",
              "tm:rest",
              "tm:return",
              "tm:round",
              "tm:safeguard",
              "tm:secretpower",
              "tm:shadowball",
              "tm:shockwave",
              "tm:skillswap",
              "tm:sleeptalk",
              "tm:snatch",
              "tm:snore",
              "tm:storedpower",
              "tm:substitute",
              "tm:sunnyday",
              "tm:swagger",
              "tm:swift",
              "tm:taunt",
              "tm:telekinesis",
              "tm:terablast",
              "tm:thief",
              "tm:thunderbolt",
              "tm:thunderpunch",
              "tm:thunderwave",
              "tm:torment",
              "tm:toxic",
              "tm:trick",
              "tm:trickroom",
              "tm:willowisp",
              "tm:wonderroom",
              "tm:zenheadbutt",
              "tutor:allyswitch",
              "tutor:bodyslam",
              "tutor:charm",
              "tutor:confusion",
              "tutor:defensecurl",
              "tutor:destinybond",
              "tutor:doubleedge",
              "tutor:dreameater",
              "tutor:encore",
              "tutor:endure",
              "tutor:expandingforce",
              "tutor:firepunch",
              "tutor:growl",
              "tutor:headbutt",
              "tutor:helpinghand",
              "tutor:hypervoice",
              "tutor:icepunch",
              "tutor:icywind",
              "tutor:magiccoat",
              "tutor:magicroom",
              "tutor:mimic",
              "tutor:mudslap",
              "tutor:nightmare",
              "tutor:painsplit",
              "tutor:psychup",
              "tutor:recycle",
              "tutor:reflect",
              "tutor:shockwave",
              "tutor:signalbeam",
              "tutor:sing",
              "tutor:skillswap",
              "tutor:sleeptalk",
              "tutor:snatch",
              "tutor:snore",
              "tutor:substitute",
              "tutor:swagger",
              "tutor:swift",
              "tutor:telekinesis",
              "tutor:thunderpunch",
              "tutor:thunderwave",
              "tutor:trick",
              "tutor:wish",
              "tutor:wonderroom",
              "tutor:zenheadbutt"
        ],
        "labels": [
              "gen3",
              "altered"
        ],
        "pokedex": [
              "cobblemon.species.gardevoir_altered.desc"
        ],
        "preEvolution": "kirlia altered",
        "evolutions": [],
        "baseScale": 1,
        "hitbox": {
              "width": 0.6,
              "height": 2.2,
              "fixed": false
        },
        "baseFriendship": 35,
        "evYield": {
                  "hp": 0,
                  "attack": 0,
                  "defence": 0,
                   "special_attack": 3,
                  "special_defence": 0,
                  "speed": 0
            },
            "height": 16,
            "weight": 484,
            "aspects": ["altered"],
            "cannotDynamax": false
            },
          {
            "name": "Altered Mega",
            "primaryType": "ghost",
            "secondaryType": "fire",
            "maleRatio": 0.5,
            "height": 16,
            "weight": 484,
            "pokedex": ["cobblemon.species.gardevoir_altered-mega.desc"],
            "labels": ["gen6", "mega", "altered"],
            "aspects": ["mega", "altered"],
            "abilities": ["soulheart", "h:soulheart"],
            "eggGroups": ["amorphous", "human_like"],
            "baseStats": {
              "hp": 68,
              "attack": 75,
              "defence": 100,
              "special_attack": 175,
              "special_defence": 150,
              "speed": 50
            },
        "moves": [
              "0:infernalparade",
              "1:infernalparade",
              "1:shadowball",
              "1:nastyplot",
              "1:mistyterrain",
              "1:willowisp",
              "1:nightshade",
              "1:teleport",
              "3:astonish",
              "6:confusion",
              "9:teleport",
              "11:drainingkiss",
              "11:confusion",
              "14:destinybond",
              "17:magicalleaf",
              "19:curse",
              "23:hex",
              "26:calmmind",
              "31:flamethrower",
              "35:lightscreen",
              "37:ominouswind",
              "40:willowisp",
              "44:shadowball",
              "49:hypnosis",
              "53:dreameater",
              "58:nastyplot",
              "62:fireblast",
              "egg:allyswitch",
              "egg:confuseray",
              "egg:destinybond",
              "egg:disable",
              "egg:encore",
              "egg:grudge",
              "egg:knockoff",
              "egg:meanlook",
              "egg:memento",
              "egg:mistyterrain",
              "egg:mysticalfire",
              "egg:shadowsneak",
              "egg:skillswap",
              "egg:synchronoise",
              "egg:thunderwave",
              "tm:alluringvoice",
              "tm:allyswitch",
              "tm:attract",
              "tm:bodyslam",
              "tm:calmmind",
              "tm:captivate",
              "tm:chargebeam",
              "tm:charm",
              "tm:confide",
              "tm:confuseray",
              "tm:dazzlinggleam",
              "tm:disarmingvoice",
              "tm:doubleteam",
              "tm:drainingkiss",
              "tm:dreameater",
              "tm:echoedvoice",
              "tm:encore",
              "tm:endure",
              "tm:expandingforce",
              "tm:facade",
              "tm:firepunch",
              "tm:flash",
              "tm:fling",
              "tm:frustration",
              "tm:futuresight",
              "tm:grassknot",
              "tm:helpinghand",
              "tm:hiddenpower",
              "tm:hypervoice",
              "tm:icepunch",
              "tm:icywind",
              "tm:imprison",
              "tm:knockoff",
              "tm:lightscreen",
              "tm:magicalleaf",
              "tm:magicroom",
              "tm:megakick",
              "tm:megapunch",
              "tm:metronome",
              "tm:mistyterrain",
              "tm:naturalgift",
              "tm:painsplit",
              "tm:protect",
              "tm:psybeam",
              "tm:psychic",
              "tm:psychicterrain",
              "tm:psychup",
              "tm:psyshock",
              "tm:raindance",
              "tm:recycle",
              "tm:reflect",
              "tm:rest",
              "tm:return",
              "tm:round",
              "tm:safeguard",
              "tm:secretpower",
              "tm:shadowball",
              "tm:shockwave",
              "tm:skillswap",
              "tm:sleeptalk",
              "tm:snatch",
              "tm:snore",
              "tm:storedpower",
              "tm:substitute",
              "tm:sunnyday",
              "tm:swagger",
              "tm:swift",
              "tm:taunt",
              "tm:telekinesis",
              "tm:terablast",
              "tm:thief",
              "tm:thunderbolt",
              "tm:thunderpunch",
              "tm:thunderwave",
              "tm:torment",
              "tm:toxic",
              "tm:trick",
              "tm:trickroom",
              "tm:willowisp",
              "tm:wonderroom",
              "tm:zenheadbutt",
              "tutor:allyswitch",
              "tutor:bodyslam",
              "tutor:charm",
              "tutor:confusion",
              "tutor:defensecurl",
              "tutor:destinybond",
              "tutor:doubleedge",
              "tutor:dreameater",
              "tutor:encore",
              "tutor:endure",
              "tutor:expandingforce",
              "tutor:firepunch",
              "tutor:growl",
              "tutor:headbutt",
              "tutor:helpinghand",
              "tutor:hypervoice",
              "tutor:icepunch",
              "tutor:icywind",
              "tutor:magiccoat",
              "tutor:magicroom",
              "tutor:mimic",
              "tutor:mudslap",
              "tutor:nightmare",
              "tutor:painsplit",
              "tutor:psychup",
              "tutor:recycle",
              "tutor:reflect",
              "tutor:shockwave",
              "tutor:signalbeam",
              "tutor:sing",
              "tutor:skillswap",
              "tutor:sleeptalk",
              "tutor:snatch",
              "tutor:snore",
              "tutor:substitute",
              "tutor:swagger",
              "tutor:swift",
              "tutor:telekinesis",
              "tutor:thunderpunch",
              "tutor:thunderwave",
              "tutor:trick",
              "tutor:wish",
              "tutor:wonderroom",
              "tutor:zenheadbutt"
        ],
            "baseExperienceYield": 309,
            "dynamaxBlocked": true,
            "evolutions": [],
            "battleOnly": false
          }
    ]
}