{
  "target": "cobblemon:ralts",
  "features": ["altered", "gamma"],
  "forms": [
		{
	  "name": "Altered",
	  "primaryType": "ghost",
	  "abilities": [
		    "cursedbody",
		    "magicbounce",
		    "h:magicguard"
	  ],
	  "drops": {
	    "amount": 4,
	    "entries": [
	      {
	        "item": "minecraft:ender_pearl",
	        "quantityRange": "0-1"
	      },
	      {
	        "item": "cobblemon:ice_stone",
	        "percentage": 2.5
	      },
	      {
	        "item": "cobblemon:spell_tag",
	        "percentage": 2.5
	      },
	      {
	        "item": "cobblemon:kasib_berry",
	        "percentage": 2.5
	      }
	    ]
	  },
	  "baseStats": {
		    "hp": 28,
		    "attack": 15,
		    "defence": 35,
		    "special_attack": 55,
		    "special_defence": 45,
		    "speed": 20
	  },
	  "catchRate": 235,
	  "maleRatio": 0.5,
	  "shoulderMountable": true,
	  "baseExperienceYield": 40,
	  "experienceGroup": "slow",
	  "eggCycles": 20,
	  "eggGroups": [
	    "human_like",
	    "amorphous"
	  ],
	  "behaviour": {
	    "resting": {
	      "canSleep": true,
	      "willSleepOnBed": true,
	      "depth": "normal",
	      "light": "0-4"
	    },
	    "moving": {
	      "walk": {
	        "walkSpeed": 0.2
	      }
	    }
	  },
	  "moves": [
		    "1:growl",
		    "1:nightshade",
		    "3:astonish",
		    "6:confusion",
		    "9:teleport",
		    "12:drainingkiss",
		    "14:confusion",
		    "15:destinybond",
		    "17:magicalleaf",
		    "18:curse",
		    "21:hex",
		    "24:calmmind",
		    "27:willowisp",
		    "29:lightscreen",
		    "30:ominouswind",
		    "33:hex",
		    "36:hypnosis",
		    "39:dreameater",
		    "42:nastyplot",
		    "egg:allyswitch",
		    "egg:confuseray",
		    "egg:destinybond",
		    "egg:disable",
		    "egg:encore",
		    "egg:grudge",
		    "egg:knockoff",
		    "egg:meanlook",
		    "egg:memento",
		    "egg:mistyterrain",
		    "egg:mysticalfire",
		    "egg:shadowsneak",
		    "egg:skillswap",
		    "egg:synchronoise",
		    "egg:thunderwave",
		    "tm:alluringvoice",
		    "tm:allyswitch",
		    "tm:attract",
		    "tm:bodyslam",
		    "tm:calmmind",
		    "tm:captivate",
		    "tm:chargebeam",
		    "tm:charm",
		    "tm:confide",
		    "tm:confuseray",
		    "tm:dazzlinggleam",
		    "tm:disarmingvoice",
		    "tm:doubleteam",
		    "tm:drainingkiss",
		    "tm:dreameater",
		    "tm:echoedvoice",
		    "tm:encore",
		    "tm:endure",
		    "tm:expandingforce",
		    "tm:facade",
		    "tm:firepunch",
		    "tm:flash",
		    "tm:fling",
		    "tm:frustration",
		    "tm:futuresight",
		    "tm:grassknot",
		    "tm:helpinghand",
		    "tm:hiddenpower",
		    "tm:hypervoice",
		    "tm:icepunch",
		    "tm:icywind",
		    "tm:imprison",
		    "tm:knockoff",
		    "tm:lightscreen",
		    "tm:magicalleaf",
		    "tm:magicroom",
		    "tm:megakick",
		    "tm:megapunch",
		    "tm:metronome",
		    "tm:mistyterrain",
		    "tm:naturalgift",
		    "tm:painsplit",
		    "tm:protect",
		    "tm:psybeam",
		    "tm:psychic",
		    "tm:psychicterrain",
		    "tm:psychup",
		    "tm:psyshock",
		    "tm:raindance",
		    "tm:recycle",
		    "tm:reflect",
		    "tm:rest",
		    "tm:return",
		    "tm:round",
		    "tm:safeguard",
		    "tm:secretpower",
		    "tm:shadowball",
		    "tm:shockwave",
		    "tm:skillswap",
		    "tm:sleeptalk",
		    "tm:snatch",
		    "tm:snore",
		    "tm:storedpower",
		    "tm:substitute",
		    "tm:sunnyday",
		    "tm:swagger",
		    "tm:swift",
		    "tm:taunt",
		    "tm:telekinesis",
		    "tm:terablast",
		    "tm:thief",
		    "tm:thunderbolt",
		    "tm:thunderpunch",
		    "tm:thunderwave",
		    "tm:torment",
		    "tm:toxic",
		    "tm:trick",
		    "tm:trickroom",
		    "tm:willowisp",
		    "tm:wonderroom",
		    "tm:zenheadbutt",
		    "tutor:allyswitch",
		    "tutor:bodyslam",
		    "tutor:charm",
		    "tutor:confusion",
		    "tutor:defensecurl",
		    "tutor:destinybond",
		    "tutor:doubleedge",
		    "tutor:dreameater",
		    "tutor:encore",
		    "tutor:endure",
		    "tutor:expandingforce",
		    "tutor:firepunch",
		    "tutor:growl",
		    "tutor:headbutt",
		    "tutor:helpinghand",
		    "tutor:hypervoice",
		    "tutor:icepunch",
		    "tutor:icywind",
		    "tutor:magiccoat",
		    "tutor:magicroom",
		    "tutor:mimic",
		    "tutor:mudslap",
		    "tutor:nightmare",
		    "tutor:painsplit",
		    "tutor:psychup",
		    "tutor:recycle",
		    "tutor:reflect",
		    "tutor:shockwave",
		    "tutor:signalbeam",
		    "tutor:sing",
		    "tutor:skillswap",
		    "tutor:sleeptalk",
		    "tutor:snatch",
		    "tutor:snore",
		    "tutor:substitute",
		    "tutor:swagger",
		    "tutor:swift",
		    "tutor:telekinesis",
		    "tutor:thunderpunch",
		    "tutor:thunderwave",
		    "tutor:trick",
		    "tutor:wish",
		    "tutor:wonderroom",
		    "tutor:zenheadbutt"
	  ],
	  "labels": [
		    "gen3",
		    "altered"
	  ],
	  "pokedex": [
		    "cobblemon.species.ralts_altered.desc"
	  ],
	  "evolutions": [
	    {
	      "id": "ralts_kirlia",
	      "variant": "level_up",
	      "result": "kirlia altered",
	      "consumeHeldItem": false,
	      "learnableMoves": [],
	      "requirements": [
	        {
	          "variant": "level",
	          "minLevel": 20
	        }
	      ]
	    }
	  ],
	  "baseScale": 0.8,
	  "hitbox": {
		    "width": 0.5,
		    "height": 0.9,
		    "fixed": false
	  },
	  "baseFriendship": 35,
	  "evYield": {
			    "hp": 0,
			    "attack": 0,
			    "defence": 0,
 			    "special_attack": 1,
			    "special_defence": 0,
			    "speed": 0
		  },
		  "height": 4,
		  "weight": 66,
		  "aspects": ["altered"],
		  "cannotDynamax": false
		}
	]
}