{
    "target": "cobblemon:umbreon",
    "features": ["altered"],
    "forms": [
          {
        "name": "Altered",
        "primaryType": "dark",
        "secondaryType": "fairy",
        "abilities": [
		    "darkaura",
		    "mistysurge",
		    "h:magicguard"
	  ],
	  "drops": {
	    "amount": 4,
	    "entries": [
	      {
	        "item": "minecraft:fairy_feather",
	        "percentage": 25
	      },
	      {
	        "item": "cobblemon:black_glasses",
	        "percentage": 25
	      },
	      {
	        "item": "minecraft:nether_star",
	        "percentage": 1
	      }
	    ]
	  },
	  "baseStats": {
		    "hp": 95,
		    "attack": 105,
		    "defence": 130,
		    "special_attack": 40,
		    "special_defence": 135,
		    "speed": 65
	  },
	  "catchRate": 45,
	  "maleRatio": 0.875,
	  "baseExperienceYield": 184,
	  "experienceGroup": "medium_fast",
	  "eggCycles": 35,
	  "eggGroups": [
	    "field"
	  ],
	  "behaviour": {
	    "resting": {
	      "canSleep": true,
	      "willSleepOnBed": true,
	      "depth": "normal",
	      "light": "0-4"
	    },
	    "moving": {
	      "walk": {
	        "walkSpeed": 0.4
	      }
	    }
	  },
	  "moves": [
    "1:moonlight",
    "1:tackle",
    "1:helpinghand",
    "1:pursuit",
    "1:feintattack",
    "1:swift",
    "1:covet",
    "1:snarl",
    "1:bite",
    "1:endure",
    "1:batonpass",
    "1:takedown",
    "1:charm",
    "1:doubleedge",
    "1:foulplay",
    "1:spiritbreak",
    "1:mistyterrain",
    "1:refresh",
    "5:sweetkiss",
    "10:quickattack",
    "15:babydolleyes",
    "20:confuseray",
    "25:assurance",
    "30:moonlight",
    "35:taunt",
    "40:knockoff",
    "40:moonblast",
    "45:screech",
    "50:fairylock",
    "55:lastresort",
    "60:playrough",
    "65:crunch",
    "100:lunarblessing",
    "egg:captivate",
    "egg:curse",
    "egg:detect",
    "egg:doublekick",
    "egg:flail",
    "egg:mudslap",
    "egg:naturalgift",
    "egg:synchronoise",
    "egg:tickle",
    "egg:wish",
    "egg:yawn",
    "tm:alluringvoice",
    "tm:assurance",
    "tm:babydolleyes",
    "tm:batonpass",
    "tm:bodyslam",
    "tm:calmmind",
    "tm:captivate",
    "tm:charm",
    "tm:confuseray",
    "tm:covet",
    "tm:crunch",
    "tm:curse",
    "tm:cut",
    "tm:darkpulse",
    "tm:dig",
    "tm:doubleedge",
    "tm:dreameater",
    "tm:echoedvoice",
    "tm:endure",
    "tm:facade",
    "tm:faketears",
    "tm:flash",
    "tm:focusenergy",
    "tm:foulplay",
    "tm:gigaimpact",
    "tm:guardswap",
    "tm:headbutt",
    "tm:healbell",
    "tm:helpinghand",
    "tm:hyperbeam",
    "tm:hypervoice",
    "tm:irontail",
    "tm:laserfocus",
    "tm:lashout",
    "tm:lastresort",
    "tm:lightscreen",
    "tm:mudslap",
    "tm:naturalgift",
    "tm:payback",
    "tm:payday",
    "tm:powershift",
    "tm:protect",
    "tm:psychic",
    "tm:psychup",
    "tm:raindance",
    "tm:reflect",
    "tm:rest",
    "tm:retaliate",
    "tm:roar",
    "tm:scaryface",
    "tm:screech",
    "tm:shadowball",
    "tm:skillswap",
    "tm:sleeptalk",
    "tm:snarl",
    "tm:snatch",
    "tm:spite",
    "tm:storedpower",
    "tm:substitute",
    "tm:suckerpunch",
    "tm:sunnyday",
    "tm:swift",
    "tm:takedown",
    "tm:taunt",
    "tm:terablast",
    "tm:thief",
    "tm:throatchop",
    "tm:thunderwave",
    "tm:torment",
    "tm:toxic",
    "tm:trailblaze",
    "tm:weatherball",
    "tm:wonderroom",
    "tm:workup",
    "tutor:babydolleyes",
    "tutor:calmmind",
    "tutor:covet",
    "tutor:darkpulse",
    "tutor:focusenergy",
    "tutor:foulplay",
    "tutor:gigaimpact",
    "tutor:healbell",
    "tutor:helpinghand",
    "tutor:hyperbeam",
    "tutor:hypervoice",
    "tutor:irontail",
    "tutor:laserfocus",
    "tutor:lashout",
    "tutor:lastresort",
    "tutor:mudslap",
    "tutor:powershift",
    "tutor:psychic",
    "tutor:rest",
    "tutor:shadowball",
    "tutor:skillswap",
    "tutor:sleeptalk",
    "tutor:snarl",
    "tutor:snatch",
    "tutor:spite",
    "tutor:suckerpunch",
    "tutor:swift",
    "tutor:throatchop",
    "tutor:wonderroom"
	  ],
	  "labels": [
		    "gen2",
		    "altered"
	  ],
	  "pokedex": [
		    "cobblemon.species.umbreon_altered.desc"
	  ],
        "preEvolution": "eevee altered a",
        "evolutions": [],
        "baseScale": 0.8,
        "hitbox": {
              "width": 0.9,
              "height": 1.1,
              "fixed": false
        },
        "baseFriendship": 35,
        "evYield": {
                  "hp": 0,
                  "attack": 0,
                  "defence": 0,
                   "special_attack": 0,
                  "special_defence": 3,
                  "speed": 0
            },
            "height": 10,
            "weight": 270,
            "aspects": ["altered"],
            "cannotDynamax": false
            }
    ]
}