{
	"format_version": "1.12.0",
	"minecraft:geometry": [
		{
			"description": {
				"identifier": "geometry.kyonpan",
				"texture_width": 128,
				"texture_height": 128,
				"visible_bounds_width": 3,
				"visible_bounds_height": 3.5,
				"visible_bounds_offset": [0, 1.25, 0]
			},
			"bones": [
				{
					"name": "kyonpan",
					"pivot": [0, 0, 0]
				},
				{
					"name": "body",
					"parent": "kyonpan",
					"pivot": [0, 10, 0],
					"cubes": [
						{"origin": [-4, 4.2, -1.5], "size": [8, 5, 6], "pivot": [1, 1, 2], "rotation": [15, 0, 0], "uv": [0, 27]}
					]
				},
				{
					"name": "tail",
					"parent": "body",
					"pivot": [0, 5, 3],
					"cubes": [
						{"origin": [-3, 3, 2], "size": [6, 6, 6], "uv": [28, 16]}
					]
				},
				{
					"name": "torso",
					"parent": "body",
					"pivot": [0, 8, 0],
					"cubes": [
						{"origin": [-3.5, 10, -2.55], "size": [7, 4, 5], "inflate": -0.01, "uv": [28, 28]},
						{"origin": [-4, 8, -3.5], "size": [8, 5, 6], "inflate": -0.01, "uv": [0, 16]},
						{"origin": [-3, 14, -2], "size": [6, 3, 4], "uv": [34, 7]}
					]
				},
				{
					"name": "head",
					"parent": "torso",
					"pivot": [0, 14, 0],
					"cubes": [
						{"origin": [-4, 14, -4.5], "size": [8, 7, 9], "uv": [0, 0]},
						{"origin": [-0.6, 16.9, -4.52], "size": [1, 1, 0], "inflate": -0.01, "uv": [44, 52]}
					]
				},
				{
					"name": "eyes",
					"parent": "head",
					"pivot": [0, 18.5, -4]
				},
				{
					"name": "eye_left",
					"parent": "eyes",
					"pivot": [0, 7, 0],
					"cubes": [
						{"origin": [2, 18.2, -4.54], "size": [1, 1, 0], "inflate": -0.01, "uv": [46, 52]},
						{"origin": [9.4, 21.3, -4.52], "size": [2, 2, 0], "inflate": -0.01, "pivot": [11, 11, 0], "rotation": [0, 0, -45], "uv": [0, 54]}
					]
				},
				{
					"name": "eye_right",
					"parent": "eyes",
					"pivot": [0, 7, 0],
					"cubes": [
						{"origin": [-3, 18.2, -4.54], "size": [1, 1, 0], "inflate": -0.01, "uv": [54, 9]},
						{"origin": [-11.4, 21.3, -4.52], "size": [2, 2, 0], "inflate": -0.01, "pivot": [-11, 11, 0], "rotation": [0, 0, 45], "uv": [4, 54]}
					]
				},
				{
					"name": "closed_right",
					"parent": "eyes",
					"pivot": [0, 7, 1],
					"cubes": [
						{"origin": [-11.4, 21.3, -3.52], "size": [2, 2, 1], "inflate": -0.01, "pivot": [-11, 11, 1], "rotation": [0, 0, 45], "uv": [42, 53]}
					]
				},
				{
					"name": "closed_left",
					"parent": "eyes",
					"pivot": [0, 7, 1],
					"cubes": [
						{"origin": [9.4, 21.3, -3.52], "size": [2, 2, 1], "inflate": -0.01, "pivot": [11, 11, 1], "rotation": [0, 0, -45], "uv": [36, 53]}
					]
				},
				{
					"name": "ears",
					"parent": "head",
					"pivot": [0, 18, 0]
				},
				{
					"name": "right_ear",
					"parent": "ears",
					"pivot": [-4, 18, 1],
					"cubes": [
						{"origin": [-8, 15.7, -0.5], "size": [5, 5, 3], "uv": [0, 38]}
					]
				},
				{
					"name": "left_ear",
					"parent": "ears",
					"pivot": [4, 18, 1],
					"cubes": [
						{"origin": [3, 15.7, -0.5], "size": [5, 5, 3], "uv": [16, 44]}
					]
				},
				{
					"name": "hat",
					"parent": "head",
					"pivot": [0, 6, 0],
					"cubes": [
						{"origin": [-3, 21, -3], "size": [6, 1, 6], "uv": [34, 0]},
						{"origin": [-2.5, 22, -2.5], "size": [5, 2, 5], "uv": [28, 37]},
						{"origin": [-1.5, 23, -1.5], "size": [3, 2, 3], "uv": [52, 20]}
					]
				},
				{
					"name": "mouth",
					"parent": "head",
					"pivot": [0, 9, 0]
				},
				{
					"name": "open_mouth",
					"parent": "mouth",
					"pivot": [0, 9, 0],
					"cubes": [
						{"origin": [-2.5, 14.8, -4.51], "size": [5, 2, 0], "uv": [34, 14]},
						{"origin": [-2, 14.3, -4.505], "size": [4, 1, 0], "uv": [52, 35]},
						{"origin": [-2, 14.8, -4.52], "size": [1, 2, 0], "uv": [54, 7]},
						{"origin": [1, 14.8, -4.52], "size": [1, 2, 0], "uv": [8, 54]}
					]
				},
				{
					"name": "closed_mouth",
					"parent": "mouth",
					"pivot": [0, 9, 1],
					"cubes": [
						{"origin": [-2.5, 15.8, -3.51], "size": [5, 1, 0], "uv": [52, 30]},
						{"origin": [-2, 15.3, -3.505], "size": [4, 1, 0], "uv": [52, 36]},
						{"origin": [-2, 15, -3.52], "size": [1, 1, 0], "uv": [10, 54]},
						{"origin": [1, 15, -3.52], "size": [1, 1, 0], "uv": [54, 10]}
					]
				},
				{
					"name": "fulu",
					"parent": "torso",
					"pivot": [0, 13, -3.5],
					"cubes": [
						{"origin": [-2, 11, -3.55], "size": [4, 2, 0], "uv": [44, 14]}
					]
				},
				{
					"name": "fulu2",
					"parent": "fulu",
					"pivot": [0, 11, -3.5],
					"cubes": [
						{"origin": [-2, 9, -3.55], "size": [4, 2, 0], "uv": [52, 31]}
					]
				},
				{
					"name": "fulu3",
					"parent": "fulu2",
					"pivot": [0, 9, -3.5],
					"cubes": [
						{"origin": [-2, 7, -3.55], "size": [4, 2, 0], "uv": [52, 33]}
					]
				},
				{
					"name": "fulu4",
					"parent": "fulu3",
					"pivot": [0, 7, -3.5],
					"cubes": [
						{"origin": [-2, 6, -3.55], "size": [4, 1, 0], "uv": [36, 52]}
					]
				},
				{
					"name": "arm_right",
					"parent": "torso",
					"pivot": [-4, 11.5, -0.25],
					"cubes": [
						{"origin": [-6, 9.5, -1], "size": [2, 3, 2], "pivot": [-5, 12, 0], "rotation": [-20, 0, 0], "uv": [52, 25]}
					]
				},
				{
					"name": "arm_right2",
					"parent": "arm_right",
					"pivot": [-5, 9.5, -0.75],
					"cubes": [
						{"origin": [-7, 6.5, -7], "size": [4, 4, 4], "pivot": [-5, 12, 0], "rotation": [-20, 0, 0], "uv": [32, 44]},
						{"origin": [-6, 7.5, -3], "size": [2, 2, 4], "pivot": [-5, 12, 0], "rotation": [-20, 0, 0], "uv": [16, 38]}
					]
				},
				{
					"name": "arm_left",
					"parent": "torso",
					"pivot": [4, 12, 0],
					"cubes": [
						{"origin": [4, 9.5, -1], "size": [2, 3, 2], "pivot": [5, 12, 0], "rotation": [-20, 0, 0], "uv": [28, 52]}
					]
				},
				{
					"name": "arm_left2",
					"parent": "arm_left",
					"pivot": [5, 9.5, -0.75],
					"cubes": [
						{"origin": [3, 6.5, -7], "size": [4, 4, 4], "pivot": [5, 12, 0], "rotation": [-20, 0, 0], "uv": [0, 46]},
						{"origin": [4, 7.5, -3], "size": [2, 2, 4], "pivot": [5, 12, 0], "rotation": [-20, 0, 0], "uv": [16, 52]}
					]
				},
				{
					"name": "right_leg",
					"parent": "body",
					"pivot": [-2, 4, 1],
					"cubes": [
						{"origin": [-3, 0, -1], "size": [3, 2, 4], "uv": [48, 51]},
						{"origin": [-3.3, 2, -1], "size": [3, 3, 4], "inflate": 0.3, "uv": [48, 37]}
					]
				},
				{
					"name": "left_leg",
					"parent": "body",
					"pivot": [2, 4, 1],
					"cubes": [
						{"origin": [0, 0, -1], "size": [3, 2, 4], "uv": [52, 14]},
						{"origin": [0.3, 2, -1], "size": [3, 3, 4], "inflate": 0.3, "uv": [48, 44]}
					]
				}
			]
		}
	]
}