{
	"format_version": "1.12.0",
	"minecraft:geometry": [
		{
			"description": {
				"identifier": "geometry.sableye",
				"texture_width": 128,
				"texture_height": 128,
				"visible_bounds_width": 3,
				"visible_bounds_height": 3.5,
				"visible_bounds_offset": [0, 1.25, 0]
			},
			"bones": [
				{
					"name": "sableye",
					"pivot": [0, 0, 0]
				},
				{
					"name": "body",
					"parent": "sableye",
					"pivot": [0, 7.5, 0.5]
				},
				{
					"name": "torso",
					"parent": "body",
					"pivot": [0, 7, 0.5],
					"cubes": [
						{"origin": [-2.5, 6, -1], "size": [5, 3, 3], "uv": [16, 14]}
					]
				},
				{
					"name": "coin",
					"parent": "torso",
					"pivot": [0, 8.75, -1],
					"cubes": [
						{"origin": [-4.25, 11.75, -1.5], "size": [5, 3, 1], "pivot": [-2.75, 10.5, 0.5], "rotation": [0, 0, 90], "uv": [52, 21]},
						{"origin": [-4.75, 11.25, -1.4], "size": [4, 1, 1], "pivot": [-3.25, 10, 0.5], "rotation": [0, 0, 90], "uv": [41, 23]},
						{"origin": [-1.75, 11.25, -1.4], "size": [4, 1, 1], "pivot": [-0.25, 10, 0.5], "rotation": [0, 0, 90], "uv": [41, 26]}
					]
				},
				{
					"name": "chest",
					"parent": "torso",
					"pivot": [0, 9, 2],
					"cubes": [
						{"origin": [-2.5, 9, -1], "size": [5, 4, 3], "inflate": 0.01, "uv": [0, 14]}
					]
				},
				{
					"name": "backpack",
					"parent": "chest",
					"pivot": [-0.5, 9.5, 5],
					"cubes": [
						{"origin": [-2.5, 6, 2], "size": [5, 4, 2], "uv": [0, 51]},
						{"origin": [-3.5, 10, 1.5], "size": [7, 3, 3], "uv": [11, 56]},
						{"origin": [-2, 6, 4], "size": [4, 3, 1], "uv": [0, 58]},
						{"origin": [-0.5, 7.5, 5.01], "size": [1, 1, 0], "uv": [10, 58]}
					]
				},
				{
					"name": "head",
					"parent": "chest",
					"pivot": [0.5, 12.5, 0.5],
					"cubes": [
						{"origin": [-4.5, 12.5, -3], "size": [9, 5, 7], "inflate": 0.01, "uv": [1, 1]}
					]
				},
				{
					"name": "mask",
					"parent": "head",
					"pivot": [0, 2, 1.5]
				},
				{
					"name": "bone",
					"parent": "mask",
					"pivot": [-3.75, 14, -2.25],
					"cubes": [
						{"origin": [2.75, 14, -3.25], "size": [2, 2, 4], "uv": [116, 0]},
						{"origin": [-4.75, 14, -3.25], "size": [2, 2, 4], "uv": [102, 0]}
					]
				},
				{
					"name": "eeveemask",
					"parent": "mask",
					"pivot": [0, 13.75, 0.7],
					"rotation": [10, 0, 0]
				},
				{
					"name": "head_ai",
					"parent": "eeveemask",
					"pivot": [0, 13.75, 0.7]
				},
				{
					"name": "head_angle",
					"parent": "head_ai",
					"pivot": [0, 13.75, 0.7],
					"rotation": [-10, 0, 0],
					"cubes": [
						{"origin": [-3.5, 11.5, -5], "size": [7, 7, 2], "inflate": 0.16, "uv": [7, 77]}
					]
				},
				{
					"name": "muzzle",
					"parent": "head_angle",
					"pivot": [0, 13, -4.05],
					"rotation": [10, 0, 0],
					"cubes": [
						{"origin": [-3.5, 11.25, -5.3], "size": [7, 2, 2], "inflate": 0.15, "uv": [44, 72]}
					]
				},
				{
					"name": "mouth2",
					"parent": "muzzle",
					"pivot": [0, 14.4, -3.95]
				},
				{
					"name": "eyes2",
					"parent": "head_angle",
					"pivot": [0, 17.1, -3.65]
				},
				{
					"name": "eye_left2",
					"parent": "eyes2",
					"pivot": [2.4, 16.1, -3.65]
				},
				{
					"name": "eye_left_emote",
					"parent": "eye_left2",
					"pivot": [2.4, 15.6, -3.67],
					"cubes": [
						{"origin": [1.4, 13.1, -5.17], "size": [2, 2, 0], "uv": [30, 88]}
					]
				},
				{
					"name": "eye_left_emote2",
					"parent": "eye_left2",
					"pivot": [2.4, 17.1, -3.67],
					"cubes": [
						{"origin": [2.4, 15.1, -5.17], "size": [1, 1, 0], "uv": [30, 87]}
					]
				},
				{
					"name": "eyeshine_left",
					"parent": "eye_left2",
					"pivot": [1.9, 17.6, -3.67],
					"cubes": [
						{"origin": [1.4, 15.1, -5.17], "size": [1, 1, 0], "inflate": 0.005, "uv": [32, 87]}
					]
				},
				{
					"name": "eye_right2",
					"parent": "eyes2",
					"pivot": [-2.4, 16.1, -3.65]
				},
				{
					"name": "eye_right_emote",
					"parent": "eye_right2",
					"pivot": [-2.4, 15.6, -3.67],
					"cubes": [
						{"origin": [-3.4, 13.1, -5.17], "size": [2, 2, 0], "uv": [25, 88]}
					]
				},
				{
					"name": "eye_right_emote2",
					"parent": "eye_right2",
					"pivot": [-2.4, 17.1, -3.67],
					"cubes": [
						{"origin": [-3.4, 15.1, -5.17], "size": [1, 1, 0], "uv": [25, 87]}
					]
				},
				{
					"name": "eyeshine_right",
					"parent": "eye_right2",
					"pivot": [-1.9, 17.6, -3.67],
					"cubes": [
						{"origin": [-2.4, 15.1, -5.17], "size": [1, 1, 0], "inflate": 0.005, "uv": [27, 87]}
					]
				},
				{
					"name": "hair",
					"parent": "head_angle",
					"pivot": [0.25, 20.5, -1.35]
				},
				{
					"name": "hair_left",
					"parent": "hair",
					"pivot": [0.75, 20.65, -1.35],
					"rotation": [5, -10, 0],
					"cubes": [
						{"origin": [0.25, 18.15, -4.05], "size": [2, 2, 0], "uv": [29, 126]}
					]
				},
				{
					"name": "hair_right",
					"parent": "hair",
					"pivot": [-0.2, 20.65, -1.35],
					"rotation": [5, 5, -20],
					"cubes": [
						{"origin": [-2, 17.75, -3.85], "size": [3, 3, 0], "uv": [21, 125]}
					]
				},
				{
					"name": "ears",
					"parent": "head_angle",
					"pivot": [-3, 19.2, 0.15]
				},
				{
					"name": "ear_right2",
					"parent": "ears",
					"pivot": [-2, 19.2, -1.85],
					"rotation": [0, 0, 45],
					"cubes": [
						{"origin": [-7, 15.2, -3.35], "size": [5, 4, 0], "uv": [106, 74]}
					]
				},
				{
					"name": "ear_scruff_right",
					"parent": "ear_right2",
					"pivot": [-2, 18.7, -1.85],
					"rotation": [0, -12.5, -12.5],
					"cubes": [
						{"origin": [-4, 16.2, -3.35], "size": [2, 2, 0], "uv": [35, 126]}
					]
				},
				{
					"name": "ear2_right",
					"parent": "ear_right2",
					"pivot": [-7, 19.2, -1.85],
					"cubes": [
						{"origin": [-12, 15.2, -3.35], "size": [5, 4, 0], "uv": [106, 80]}
					]
				},
				{
					"name": "ear_left2",
					"parent": "ears",
					"pivot": [2, 19.2, -1.85],
					"rotation": [0, 0, -45],
					"cubes": [
						{"origin": [2, 15.2, -3.35], "size": [5, 4, 0], "uv": [118, 74]}
					]
				},
				{
					"name": "ear_scruff_left",
					"parent": "ear_left2",
					"pivot": [2, 18.7, -1.85],
					"rotation": [0, 12.5, 12.5],
					"cubes": [
						{"origin": [2, 16.2, -3.35], "size": [2, 2, 0], "uv": [41, 126]}
					]
				},
				{
					"name": "ear2_left",
					"parent": "ear_left2",
					"pivot": [7, 19.2, -1.85],
					"cubes": [
						{"origin": [7, 15.2, -3.35], "size": [5, 4, 0], "uv": [118, 80]}
					]
				},
				{
					"name": "bulbasaurmask",
					"parent": "mask",
					"pivot": [0, 15.5, -0.25],
					"cubes": [
						{"origin": [-4.5, 12.5, -6], "size": [9, 6, 3], "uv": [104, 28]},
						{"origin": [-3.5, 12.5, -6.5], "size": [7, 1, 1], "inflate": 0.01, "uv": [98, 22]},
						{"origin": [-1.5, 12, -6.5], "size": [3, 1, 0], "inflate": 0.02, "uv": [73, 9]}
					]
				},
				{
					"name": "pattern",
					"parent": "bulbasaurmask",
					"pivot": [0, 8, 2.25],
					"cubes": [
						{"origin": [-4, 12.5, -6], "size": [8, 6, 2], "inflate": 0.01, "uv": [78, 56]}
					]
				},
				{
					"name": "jaw",
					"parent": "bulbasaurmask",
					"pivot": [0, 12.5, -3],
					"cubes": [
						{"origin": [-4, 11.5, -6], "size": [8, 1, 3], "uv": [73, 31]}
					]
				},
				{
					"name": "eyes3",
					"parent": "bulbasaurmask",
					"pivot": [0, 15, -5.2]
				},
				{
					"name": "eye_right3",
					"parent": "eyes3",
					"pivot": [-3.515, 15, -5.015],
					"cubes": [
						{"origin": [-4.5, 13.5, -6], "size": [2, 3, 3], "inflate": 0.01, "uv": [107, 45]}
					]
				},
				{
					"name": "pupil_right",
					"parent": "eye_right3",
					"pivot": [-3.5, 14.75, -6],
					"cubes": [
						{"origin": [-4, 13.75, -6], "size": [1, 2, 0], "inflate": 0.02, "uv": [80, 0]}
					]
				},
				{
					"name": "eye_left3",
					"parent": "eyes3",
					"pivot": [3.515, 15, -5.015],
					"cubes": [
						{"origin": [2.5, 13.5, -6], "size": [2, 3, 3], "inflate": 0.01, "uv": [97, 43]}
					]
				},
				{
					"name": "pupil_left",
					"parent": "eye_left3",
					"pivot": [3.5, 14.75, -6],
					"cubes": [
						{"origin": [3, 13.75, -6], "size": [1, 2, 0], "inflate": 0.02, "uv": [73, 0]}
					]
				},
				{
					"name": "ears2",
					"parent": "bulbasaurmask",
					"pivot": [0, 18.5, -2.5]
				},
				{
					"name": "ear_right3",
					"parent": "ears2",
					"pivot": [-3, 17.625, -1.75],
					"rotation": [0, 12.5, -17.5],
					"cubes": [
						{"origin": [-4, 17.75, -4.75], "size": [4, 3, 0], "uv": [73, 21]}
					]
				},
				{
					"name": "ear_left3",
					"parent": "ears2",
					"pivot": [3, 17.625, -1.75],
					"rotation": [0, -12.5, 17.5],
					"cubes": [
						{"origin": [0, 17.75, -4.75], "size": [4, 3, 0], "uv": [73, 6]}
					]
				},
				{
					"name": "charmandermask",
					"parent": "mask",
					"pivot": [0, 14.5, -0.5]
				},
				{
					"name": "head_correction",
					"parent": "charmandermask",
					"pivot": [0, 14.5, -0.5]
				},
				{
					"name": "head_ai2",
					"parent": "head_correction",
					"pivot": [0, 14.5, -0.5]
				},
				{
					"name": "head_angle2",
					"parent": "head_ai2",
					"pivot": [0, 14.5, -0.5],
					"cubes": [
						{"origin": [-4, 13.5, -5], "size": [8, 6, 2], "uv": [71, 94]},
						{"origin": [-4, 12.5, -5], "size": [8, 1, 2], "uv": [71, 118]}
					]
				},
				{
					"name": "muzzle2",
					"parent": "head_angle2",
					"pivot": [0.5, 15, -4.75],
					"cubes": [
						{"origin": [-3, 12, -6.75], "size": [6, 3, 2], "inflate": 0.01, "uv": [112, 67]},
						{"origin": [-1.5, 12.5, -6.775], "size": [3, 1, 0], "uv": [71, 71]}
					]
				},
				{
					"name": "jaw2",
					"parent": "head_angle2",
					"pivot": [0, 12.5, -3],
					"cubes": [
						{"origin": [-4, 11.5, -5], "size": [8, 1, 2], "inflate": 0.01, "uv": [94, 66]},
						{"origin": [-2.5, 11.51, -6.5], "size": [5, 1, 2], "inflate": -0.01, "uv": [114, 117]}
					]
				},
				{
					"name": "eyes4",
					"parent": "head_angle2",
					"pivot": [0, 15, -5]
				},
				{
					"name": "eye_right4",
					"parent": "eyes4",
					"pivot": [-3.01, 15, -4.01],
					"cubes": [
						{"origin": [-4.02, 14.5, -5.01], "size": [2, 3, 1], "uv": [71, 80]},
						{"origin": [-4.01, 14.5, -4.51], "size": [0, 2, 1], "uv": [94, 68]},
						{"origin": [-3.01, 16.5, -5.03], "size": [1, 1, 0], "uv": [98, 70]},
						{"origin": [-3.51, 15, -5.02], "size": [1, 2, 0], "uv": [96, 69]}
					]
				},
				{
					"name": "eye_left4",
					"parent": "eyes4",
					"pivot": [3.01, 15, -4.01],
					"cubes": [
						{"origin": [2.02, 14.5, -5.01], "size": [2, 3, 1], "uv": [71, 66]},
						{"origin": [4.01, 14.5, -4.51], "size": [0, 2, 1], "uv": [93, 79]},
						{"origin": [2.01, 16.5, -5.03], "size": [1, 1, 0], "uv": [98, 69]},
						{"origin": [2.51, 15, -5.02], "size": [1, 2, 0], "uv": [94, 66]}
					]
				},
				{
					"name": "squirtlemask",
					"parent": "mask",
					"pivot": [0, 12, 0.5]
				},
				{
					"name": "head_ai3",
					"parent": "squirtlemask",
					"pivot": [0, 12, 0.5]
				},
				{
					"name": "head_rotation",
					"parent": "head_ai3",
					"pivot": [0, 15, 0],
					"cubes": [
						{"origin": [-4, 12, -4], "size": [8, 7, 1], "uv": [6, 89]}
					]
				},
				{
					"name": "lips",
					"parent": "head_rotation",
					"pivot": [0, 12.25, -0.5],
					"cubes": [
						{"origin": [-1, 12.25, -4], "size": [2, 1, 0], "inflate": 0.02, "uv": [0, 66]},
						{"origin": [-4, 12.75, -4], "size": [8, 2, 1], "inflate": 0.02, "uv": [29, 96]}
					]
				},
				{
					"name": "eyes5",
					"parent": "head_rotation",
					"pivot": [0, 15.5, -4]
				},
				{
					"name": "eye_right5",
					"parent": "eyes5",
					"pivot": [-2.51, 15.5, -3.01],
					"cubes": [
						{"origin": [-3.51, 14, -4.01], "size": [2, 3, 1], "uv": [41, 67]},
						{"origin": [-2.51, 16, -4.03], "size": [1, 1, 0], "uv": [46, 100], "mirror": true},
						{"origin": [-3.01, 14.5, -4.02], "size": [1, 2, 0], "uv": [43, 109], "mirror": true}
					]
				},
				{
					"name": "eyelid_right",
					"parent": "eye_right5",
					"pivot": [-2.41, 15.5, -2.91],
					"cubes": [
						{"origin": [-3.91, 14, -3.93], "size": [1, 2, 0], "inflate": 0.01, "uv": [3, 67]}
					]
				},
				{
					"name": "eye_left5",
					"parent": "eyes5",
					"pivot": [2.51, 15.5, -3.01],
					"cubes": [
						{"origin": [1.51, 14, -4.01], "size": [2, 3, 1], "uv": [41, 104]},
						{"origin": [1.51, 16, -4.03], "size": [1, 1, 0], "uv": [46, 99]},
						{"origin": [2.01, 14.5, -4.02], "size": [1, 2, 0], "uv": [41, 109]}
					]
				},
				{
					"name": "eyelid_left",
					"parent": "eye_left5",
					"pivot": [2.41, 15.5, -2.91],
					"cubes": [
						{"origin": [2.91, 14, -3.93], "size": [1, 2, 0], "inflate": 0.01, "uv": [5, 66]}
					]
				},
				{
					"name": "pikachumask",
					"parent": "mask",
					"pivot": [0, 12.25, 0],
					"cubes": [
						{"origin": [-4.5, 11.25, -4], "size": [9, 8, 1], "inflate": 0.01, "uv": [34, 56]},
						{"origin": [-0.5, 13.33, -4.78], "size": [1, 1, 1], "pivot": [0, 13.7, -3.75], "rotation": [12.5, 0, 0], "uv": [54, 48]},
						{"origin": [-4.5, 11.3, -4.75], "size": [9, 3, 2], "inflate": 0.02, "pivot": [-0.5, 13.7, -3.75], "rotation": [12.5, 0, 0], "uv": [69, 85]}
					]
				},
				{
					"name": "mouth_closed",
					"parent": "pikachumask",
					"pivot": [0, 12.7, -3.75],
					"cubes": [
						{"origin": [-1.5, 11.8, -4.78], "size": [3, 1, 0], "inflate": 0.01, "pivot": [0, 13.7, -3.75], "rotation": [12.5, 0, 0], "uv": [54, 52]},
						{"origin": [-0.5, 12.05, -4.78], "size": [1, 1, 0], "inflate": 0.01, "pivot": [0, 13.7, -3.75], "rotation": [12.5, 0, 0], "uv": [55, 54]},
						{"origin": [-2, 12.3, -4.78], "size": [4, 1, 0], "pivot": [0, 13.7, -3.75], "rotation": [12.5, 0, 0], "uv": [53, 51]}
					]
				},
				{
					"name": "eyes6",
					"parent": "pikachumask",
					"pivot": [0, 16, -4.075]
				},
				{
					"name": "eye_right6",
					"parent": "eyes6",
					"pivot": [-3, 15.5, -4.075],
					"cubes": [
						{"origin": [-4, 14.5, -4.02], "size": [2, 2, 0], "pivot": [-3, 15.5, -4.02], "rotation": [0, 0, 3], "uv": [27, 48]}
					]
				},
				{
					"name": "eye_left6",
					"parent": "eyes6",
					"pivot": [3, 15.5, -4.075],
					"cubes": [
						{"origin": [2, 14.5, -4.02], "size": [2, 2, 0], "pivot": [3, 15.5, -4.02], "rotation": [0, 0, -3], "uv": [27, 50], "mirror": true}
					]
				},
				{
					"name": "ear_left4",
					"parent": "pikachumask",
					"pivot": [3.65, 18, -3.575],
					"cubes": [
						{"origin": [1, 17.5, -3.65], "size": [3, 10, 0], "pivot": [2.65, 18, -3.575], "rotation": [-13.01844, -5.71768, 28.6888], "uv": [63, 58]}
					]
				},
				{
					"name": "ear_right4",
					"parent": "pikachumask",
					"pivot": [-3.65, 18, -3.575],
					"cubes": [
						{"origin": [-4, 17.5, -3.65], "size": [3, 10, 0], "pivot": [-2.65, 18, -3.575], "rotation": [-13.01844, 5.71768, -28.6888], "uv": [63, 69], "mirror": true}
					]
				},
				{
					"name": "mouth",
					"parent": "head",
					"pivot": [0, 13.51, -2.915],
					"cubes": [
						{"origin": [-4.5, 12.51, -2.915], "size": [9, 2, 0], "uv": [39, 30]}
					]
				},
				{
					"name": "ear_right",
					"parent": "head",
					"pivot": [-4.5, 15.24148, 1.5647],
					"rotation": [-50, 50, -50],
					"cubes": [
						{"origin": [-9.5, 13.74148, 1.5647], "size": [5, 10, 0], "uv": [16, 20]}
					]
				},
				{
					"name": "ear_left",
					"parent": "head",
					"pivot": [4.5, 15.24148, 1.5647],
					"rotation": [-50, -50, 50],
					"cubes": [
						{"origin": [4.5, 13.74148, 1.5647], "size": [5, 10, 0], "uv": [0, 21]}
					]
				},
				{
					"name": "eyes",
					"parent": "head",
					"pivot": [-0.05, 16.45, -2.75]
				},
				{
					"name": "eye_right",
					"parent": "eyes",
					"pivot": [-3.3, 17.2, -2.8],
					"cubes": [
						{"origin": [-4.8, 14.7, -3.3], "size": [3, 3, 3], "uv": [52, 0]}
					]
				},
				{
					"name": "eye_left",
					"parent": "eyes",
					"pivot": [3.3, 17.2, -2.8],
					"cubes": [
						{"origin": [1.8, 14.7, -3.3], "size": [3, 3, 3], "uv": [52, 6]}
					]
				},
				{
					"name": "arm_right",
					"parent": "chest",
					"pivot": [-2.5, 11, 0.5],
					"cubes": [
						{"origin": [-7.5, 10, -0.5], "size": [5, 2, 2], "inflate": 0.01, "uv": [26, 4]}
					]
				},
				{
					"name": "arm_right2",
					"parent": "arm_right",
					"pivot": [-7.5, 11, 1.5],
					"cubes": [
						{"origin": [-12.5, 10, -0.5], "size": [5, 2, 2], "uv": [26, 0]},
						{"origin": [-9, 11, 0], "size": [3, 0, 3], "pivot": [-7.5, 11, 1.5], "rotation": [0, -7.5, 0], "uv": [10, 14]}
					]
				},
				{
					"name": "finger_right1",
					"parent": "arm_right2",
					"pivot": [-12.5, 12, -0.5],
					"rotation": [7.5, -15, -25],
					"cubes": [
						{"origin": [-14.5, 11, -0.5], "size": [2, 1, 0], "uv": [0, 3]}
					]
				},
				{
					"name": "finger_right2",
					"parent": "arm_right2",
					"pivot": [-12.5, 12, 0.5],
					"rotation": [0, 0, -25],
					"cubes": [
						{"origin": [-14.5, 11, 0.5], "size": [2, 1, 0], "uv": [3, 0]}
					]
				},
				{
					"name": "finger_right3",
					"parent": "arm_right2",
					"pivot": [-12.5, 12, 1.5],
					"rotation": [-7.5, 15, -25],
					"cubes": [
						{"origin": [-14.5, 11, 1.5], "size": [2, 1, 0], "uv": [3, 1]}
					]
				},
				{
					"name": "arm_left",
					"parent": "chest",
					"pivot": [2.5, 11, 0.5],
					"cubes": [
						{"origin": [2.5, 10, -0.5], "size": [5, 2, 2], "inflate": 0.01, "uv": [26, 24]}
					]
				},
				{
					"name": "arm_left2",
					"parent": "arm_left",
					"pivot": [7.5, 11, 1.5],
					"cubes": [
						{"origin": [7.5, 10, -0.5], "size": [5, 2, 2], "uv": [26, 20]},
						{"origin": [6, 11, 0], "size": [3, 0, 3], "pivot": [7.5, 11, 1.5], "rotation": [0, 7.5, 0], "uv": [7, 21]}
					]
				},
				{
					"name": "finger_left1",
					"parent": "arm_left2",
					"pivot": [12.5, 12, -0.5],
					"rotation": [7.5, 15, 25],
					"cubes": [
						{"origin": [12.5, 11, -0.5], "size": [2, 1, 0], "uv": [4, 5]}
					]
				},
				{
					"name": "finger_left2",
					"parent": "arm_left2",
					"pivot": [12.5, 12, 0.5],
					"rotation": [0, 0, 25],
					"cubes": [
						{"origin": [12.5, 11, 0.5], "size": [2, 1, 0], "uv": [3, 4]}
					]
				},
				{
					"name": "finger_left3",
					"parent": "arm_left2",
					"pivot": [12.5, 12, 1.5],
					"rotation": [-7.5, -15, 25],
					"cubes": [
						{"origin": [12.5, 11, 1.5], "size": [2, 1, 0], "uv": [0, 5]}
					]
				},
				{
					"name": "leg_right",
					"parent": "body",
					"pivot": [-2, 7, 0.5],
					"cubes": [
						{"origin": [-6, 6.5, -0.5], "size": [4, 2, 2], "inflate": 0.01, "pivot": [-2, 7.5, 0.5], "rotation": [0, 0, -90], "uv": [52, 12], "mirror": true}
					]
				},
				{
					"name": "leg_right2",
					"parent": "leg_right",
					"pivot": [-2, 3.5, -0.5],
					"cubes": [
						{"origin": [-6, 2.5, -0.5], "size": [4, 2, 2], "pivot": [-2, 3.5, 0.5], "rotation": [0, 0, -90], "uv": [32, 12], "mirror": true}
					]
				},
				{
					"name": "foot_right",
					"parent": "leg_right2",
					"pivot": [-2, -0.5, 0.5],
					"cubes": [
						{"origin": [-2.5, -1.5, -0.5], "size": [1, 2, 2], "inflate": 0.01, "pivot": [-2, -0.5, 0.5], "rotation": [0, 0, -90], "uv": [34, 8], "mirror": true},
						{"origin": [-3.75, -0.25, -1.5], "size": [1, 0, 1], "pivot": [-3, -0.25, -0.5], "rotation": [-20, 0, -90], "uv": [-1, 7], "mirror": true},
						{"origin": [-2.75, -0.25, -1.5], "size": [1, 0, 1], "pivot": [-2, -0.25, -0.5], "rotation": [0, 0, -90], "uv": [1, 6], "mirror": true},
						{"origin": [-1.75, -0.25, -1.5], "size": [1, 0, 1], "pivot": [-1, -0.25, -0.5], "rotation": [20, 0, -90], "uv": [-1, 6], "mirror": true}
					]
				},
				{
					"name": "leg_left",
					"parent": "body",
					"pivot": [2, 7, 0.5],
					"cubes": [
						{"origin": [2, 6.5, -0.5], "size": [4, 2, 2], "inflate": 0.01, "pivot": [2, 7.5, 0.5], "rotation": [0, 0, 90], "uv": [52, 16]}
					]
				},
				{
					"name": "leg_left2",
					"parent": "leg_left",
					"pivot": [2, 3.5, -0.5],
					"cubes": [
						{"origin": [2, 2.5, -0.5], "size": [4, 2, 2], "pivot": [2, 3.5, 0.5], "rotation": [0, 0, 90], "uv": [32, 16]}
					]
				},
				{
					"name": "foot_left",
					"parent": "leg_left2",
					"pivot": [2, -0.5, 0.5],
					"cubes": [
						{"origin": [5, 2, -0.5], "size": [1, 2, 2], "inflate": 0.01, "pivot": [2, 3, 0.5], "rotation": [0, 0, 90], "uv": [38, 6]},
						{"origin": [2.75, -0.25, -1.5], "size": [1, 0, 1], "pivot": [3, -0.25, -0.5], "rotation": [-20, 0, 90], "uv": [0, 4]},
						{"origin": [1.75, -0.25, -1.5], "size": [1, 0, 1], "pivot": [2, -0.25, -0.5], "rotation": [0, 0, 90], "uv": [3, 3]},
						{"origin": [0.75, -0.25, -1.5], "size": [1, 0, 1], "pivot": [1, -0.25, -0.5], "rotation": [20, 0, 90], "uv": [2, 2]}
					]
				}
			]
		}
	]
}