{
	"format_version": "1.8.0",
	"animations": {
		"animation.bulbasaur.ground_idle": {
			"loop": true,
			"bones": {
				"torso": {
					"rotation": ["math.sin(q.anim_time*90*4)*0.2", 0, 0],
					"position": [0, "math.clamp(math.sin(q.anim_time*90*8+180)*0.06,-0.03,0.03)+math.clamp(math.sin(q.anim_time*90*8+180)*0.03,-0.5,0.5)", 0]
				},
				"bulb": {
					"rotation": [0, 0, "math.clamp(math.sin(q.anim_time*90*4)*2,-1.8,1.8)+math.clamp(math.sin(q.anim_time*90*4)*1,-1,1)"]
				},
				"head": {
					"rotation": [0, 0, "math.clamp(math.sin(q.anim_time*90*4+45)*0.6,-0.3,0.3)+math.clamp(math.sin(q.anim_time*90*4+45)*1.2,-1.2,1.2)"]
				}
			}
		},
		"animation.bulbasaur.ground_walk": {
			"loop": true,
			"bones": {
				"bulb": {
					"rotation": ["4*(math.sin(q.anim_time*90*4*2+150)*1+1)", 0, 0]
				},
				"head": {
					"rotation": [0, 0, 0]
				},
				"leg_front_right": {
					"rotation": [
						"math.clamp(math.sin(-q.anim_time*90*4)*40,-50,5)+math.clamp(math.sin(q.anim_time*90*4)*40,-50,5)+math.clamp(math.sin(-q.anim_time*90*8)*25,-15,50)",
						0,
						0
					],
					"position": [0, "-math.clamp(0.5*(math.sin(q.anim_time*90*4*2+50)*1),-1,0)", 0]
				},
				"leg_front_left": {
					"rotation": [
						"math.clamp(math.sin(-q.anim_time*90*4)*40,-50,5)+math.clamp(math.sin(q.anim_time*90*4)*40,-50,5)+math.clamp(math.sin(-q.anim_time*90*8)*25,-15,50)",
						0,
						0
					],
					"position": [0, "-math.clamp(0.5*(math.sin(q.anim_time*90*4*2+50)*1),-1,0)", 0]
				},
				"leg_back_right": {
					"rotation": ["math.clamp(math.sin(q.anim_time*90*8)*20,-17.5,50)-math.clamp(math.sin(-q.anim_time*90*8)*3,0,8)", 0, 0],
					"position": [
						0,
						"-math.clamp(math.sin(q.anim_time*90*4*2)*1,0,2)-math.clamp(math.sin(-q.anim_time*90*4*2)*0.5,0,2)",
						"math.clamp(math.sin(q.anim_time*90*4*2-30)*1,0,2)"
					]
				},
				"leg_back_left": {
					"rotation": ["math.clamp(math.sin(q.anim_time*90*8)*20,-17.5,50)-math.clamp(math.sin(-q.anim_time*90*8)*3,0,8)", 0, 0],
					"position": [
						0,
						"-math.clamp(math.sin(q.anim_time*90*4*2)*1,0,2)-math.clamp(math.sin(-q.anim_time*90*4*2)*0.5,0,2)",
						"math.clamp(math.sin(q.anim_time*90*4*2-30)*1,0,2)"
					]
				},
				"body": {
					"rotation": ["6*(math.sin(q.anim_time*90*4*2-120)*1+1)", 0, 0],
					"position": [0, "math.clamp(1*(math.sin(q.anim_time*90*4*2)*1.25),0,2)", "-math.clamp(math.sin(q.anim_time*90*4*2-30)*1.25,0,2)"]
				}
			}
		},
		"animation.bulbasaur_vanguard.ground_walk": {
			"loop": true,
			"bones": {
				"bulb": {
					"rotation": ["4*(math.sin(q.anim_time*90*4*2+150)*1+1)", 0, 0]
				},
				"head": {
					"rotation": [0, 0, 0]
				},
				"leg_front_right": {
					"rotation": [
						"math.clamp(math.sin(-q.anim_time*90*4)*40,-50,5)+math.clamp(math.sin(q.anim_time*90*4)*40,-50,5)+math.clamp(math.sin(-q.anim_time*90*8)*25,-15,50)",
						0,
						0
					],
					"position": [0, "-math.clamp(0.5*(math.sin(q.anim_time*90*4*2+50)*1),-1,0)", 0]
				},
				"leg_front_left": {
					"rotation": [
						"math.clamp(math.sin(-q.anim_time*90*4)*40,-50,5)+math.clamp(math.sin(q.anim_time*90*4)*40,-50,5)+math.clamp(math.sin(-q.anim_time*90*8)*25,-15,50)",
						0,
						0
					],
					"position": [0, "-math.clamp(0.5*(math.sin(q.anim_time*90*4*2+50)*1),-1,0)", 0]
				},
				"leg_back_right": {
					"rotation": ["math.clamp(math.sin(q.anim_time*90*8)*20,-17.5,50)-math.clamp(math.sin(-q.anim_time*90*8)*3,0,8)", 0, 0],
					"position": [
						0,
						"-math.clamp(math.sin(q.anim_time*90*4*2)*1,0,2)-math.clamp(math.sin(-q.anim_time*90*4*2)*0.5,0,2)",
						"math.clamp(math.sin(q.anim_time*90*4*2-30)*1,0,2)"
					]
				},
				"leg_back_left": {
					"rotation": ["math.clamp(math.sin(q.anim_time*90*8)*20,-17.5,50)-math.clamp(math.sin(-q.anim_time*90*8)*3,0,8)", 0, 0],
					"position": [
						0,
						"-math.clamp(math.sin(q.anim_time*90*4*2)*1,0,2)-math.clamp(math.sin(-q.anim_time*90*4*2)*0.5,0,2)",
						"math.clamp(math.sin(q.anim_time*90*4*2-30)*1,0,2)"
					]
				},
				"body": {
					"rotation": ["6*(math.sin(q.anim_time*90*4*2-120)*1+1)", 0, 0],
					"position": [0, "math.clamp(1*(math.sin(q.anim_time*90*4*2)*1.25),0,2)", "-math.clamp(math.sin(q.anim_time*90*4*2-30)*1.25,0,2)"]
				}
			}
		},
		"animation.bulbasaur_vanguard.sleep": {
			"loop": true,
			"animation_length": 4.75,
			"bones": {
				"torso": {
					"rotation": ["5+math.sin(q.anim_time*90*2)*0.2", 0, 0],
					"position": [0, -2, 0]
				},
				"bulb": {
					"rotation": [0, 0, "math.clamp(math.sin(q.anim_time*90*2)*0.25,-1.8,1.8)+math.clamp(math.sin(q.anim_time*90*2)*0.25,-1,1)"]
				},
				"head": {
					"rotation": [9.95744, 0.65182, -7.47178]
				},
				"eyelid_right": {
					"position": [-0.1, 0, -0.1],
					"scale": [1.025, 1, 1.025]
				},
				"eyelid_left": {
					"position": [0.1, 0, -0.1]
				},
				"leg_front_right": {
					"rotation": [-79.96258, -4.92385, -0.87038],
					"position": [-1.25, -2, 0.25]
				},
				"leg_front_left": {
					"rotation": [-79.91547, 7.38542, 1.30962],
					"position": [1.25, -2, 0]
				},
				"leg_back_right": {
					"rotation": [32, 19.5, 56.75],
					"position": [-1, -0.5, 0.25]
				},
				"leg_back_left": {
					"rotation": [32, -19.5, -56.75],
					"position": [1, -0.5, 0.25]
				}
			}
		},
		"animation.bulbasaur_vanguard.faint": {
			"loop": true,
			"animation_length": 3,
			"bones": {
				"torso": {
					"rotation": {
						"0.0": ["7.5+math.sin(q.anim_time*90*4)*0.2", 0, 0],
						"0.1": [5.59283, -0.32602, 3.73652],
						"1.35": ["-12.7771+math.sin(q.anim_time*90*4)*0.2", -0.03561, -19.71257],
						"1.55": ["-12.7771+math.sin(q.anim_time*90*4)*0.2", -0.03561, -19.71257],
						"1.65": ["27.2297+math.sin(q.anim_time*90*4)*0.2", 0.08654, -4.71307],
						"1.85": ["37.2297+math.sin(q.anim_time*90*4)*0.2", 0.08654, -4.71307],
						"1.95": ["37.2297+math.sin(q.anim_time*90*4)*0.2", 0.08654, -4.71307],
						"2.1": [4.7297, 0.08654, -4.71307]
					},
					"position": {
						"0.0": [0, "math.clamp(math.sin(q.anim_time*90*8+180)*0.06,-0.03,0.03)+math.clamp(math.sin(q.anim_time*90*8+180)*0.03,-0.5,0.5)", 0],
						"1.0": [0, "1+math.clamp(math.sin(q.anim_time*90*8+180)*0.06,-0.03,0.03)+math.clamp(math.sin(q.anim_time*90*8+180)*0.03,-0.5,0.5)", 0],
						"1.5": [0, "1+math.clamp(math.sin(q.anim_time*90*8+180)*0.06,-0.03,0.03)+math.clamp(math.sin(q.anim_time*90*8+180)*0.03,-0.5,0.5)", 0],
						"1.65": [0, "-1+math.clamp(math.sin(q.anim_time*90*8+180)*0.06,-0.03,0.03)+math.clamp(math.sin(q.anim_time*90*8+180)*0.03,-0.5,0.5)", -2],
						"1.75": [0, "math.clamp(math.sin(q.anim_time*90*8+180)*0.06,-0.03,0.03)+math.clamp(math.sin(q.anim_time*90*8+180)*0.03,-0.5,0.5)", -2],
						"2.1": [0, -2, -2]
					}
				},
				"bulb": {
					"rotation": {
						"0.0": [0, 0, "math.clamp(math.sin(q.anim_time*90*4)*2,-1.8,1.8)+math.clamp(math.sin(q.anim_time*90*4)*1,-1,1)"],
						"1.5": [0, 0, "math.clamp(math.sin(q.anim_time*90*4)*2,-1.8,1.8)+math.clamp(math.sin(q.anim_time*90*4)*1,-1,1)"],
						"1.65": [-35, 0, "math.clamp(math.sin(q.anim_time*90*4)*2,-1.8,1.8)+math.clamp(math.sin(q.anim_time*90*4)*1,-1,1)"],
						"1.75": [30, 0, "0+math.clamp(math.sin(q.anim_time*90*4)*2,-1.8,1.8)+math.clamp(math.sin(q.anim_time*90*4)*1,-1,1)"],
						"2.1": [-32.5, 0, "math.clamp(math.sin(q.anim_time*90*4)*2,-1.8,1.8)+math.clamp(math.sin(q.anim_time*90*4)*1,-1,1)"],
						"2.35": [-7.5, 0, "math.clamp(math.sin(q.anim_time*90*4)*2,-1.8,1.8)+math.clamp(math.sin(q.anim_time*90*4)*1,-1,1)"]
					}
				},
				"head": {
					"rotation": {
						"0.0": [38.46347, 11.84911, "9.2644+math.clamp(math.sin(q.anim_time*90*4+45)*0.6,-0.3,0.3)+math.clamp(math.sin(q.anim_time*90*4+45)*1.2,-1.2,1.2)"],
						"0.15": [0.46117, -37.54698, "-20.594+math.clamp(math.sin(q.anim_time*90*4+45)*0.6,-0.3,0.3)+math.clamp(math.sin(q.anim_time*90*4+45)*1.2,-1.2,1.2)"],
						"0.2": [15.37387, -29.56158, -17.59535],
						"0.3": [-8.08448, 28.56136, -19.94594],
						"0.35": [-8.87399, 13.66933, -14.49118],
						"0.5": [-14.1499, 18.35084, -6.64318],
						"0.85": [-11.67683, 24.71237, "-14.2758+math.clamp(math.sin(q.anim_time*90*4+45)*0.6,-0.3,0.3)+math.clamp(math.sin(q.anim_time*90*4+45)*1.2,-1.2,1.2)"],
						"1.55": [-11.67683, 24.71237, "-14.2758+math.clamp(math.sin(q.anim_time*90*4+45)*0.6,-0.3,0.3)+math.clamp(math.sin(q.anim_time*90*4+45)*1.2,-1.2,1.2)"],
						"1.65": [-27.03464, 27.06944, "-9.3734+math.clamp(math.sin(q.anim_time*90*4+45)*0.6,-0.3,0.3)+math.clamp(math.sin(q.anim_time*90*4+45)*1.2,-1.2,1.2)"],
						"1.75": [-34.05363, 24.34138, "-14.0248+math.clamp(math.sin(q.anim_time*90*4+45)*0.6,-0.3,0.3)+math.clamp(math.sin(q.anim_time*90*4+45)*1.2,-1.2,1.2)"],
						"2.0": [-34.05363, 24.34138, "-14.0248+math.clamp(math.sin(q.anim_time*90*4+45)*0.6,-0.3,0.3)+math.clamp(math.sin(q.anim_time*90*4+45)*1.2,-1.2,1.2)"],
						"2.1": [-0.77929, 25.14493, -0.2837]
					},
					"position": {
						"0.0": [0, 0, 1],
						"0.15": [0, 0, -1],
						"1.5": [0, 0, -1],
						"2.0": [0, 0, -1],
						"2.1": [0, -1, -1]
					}
				},
				"body": {
					"rotation": {
						"0.0": [0, 0, 0],
						"1.0": [0, 10, 0]
					},
					"position": {
						"0.0": [0, 0, 2],
						"0.05": [0, -0.2, 2],
						"0.25": [0, 0.04, 2],
						"0.3": [0, -0.16, 2],
						"0.75": [0, 0.04, 2],
						"0.8": [0, -0.16, 2],
						"1.0": [0, 0, 2]
					}
				},
				"eyelid_right": {
					"position": {
						"0.0": [-0.1, 0, -0.1],
						"0.25": [-0.1, 0, -0.1],
						"0.3": [0, 0, 0],
						"1.0": [0, 0, 0],
						"1.05": [-0.1, 0, -0.1],
						"1.35": [-0.1, 0, -0.1],
						"1.4": [0, 0, 0],
						"1.55": [0, 0, 0],
						"1.65": [-0.1, 0, -0.1]
					},
					"scale": [1.025, 1, 1.025]
				},
				"eyelid_left": {
					"position": {
						"0.0": [0.1, 0, -0.1],
						"0.4": [0.1, 0, -0.1],
						"0.45": [0, 0, 0],
						"1.0": [0, 0, 0],
						"1.05": [0.1, 0, -0.1],
						"1.35": [0.1, 0, -0.1],
						"1.4": [0, 0, 0],
						"1.65": [0.1, 0, -0.1]
					}
				},
				"ear_right": {
					"rotation": {
						"0.0": [0, 0, 0],
						"1.65": [0, 0, 0],
						"1.75": [60, 0, 0],
						"1.95": [60, 0, 0],
						"2.1": [0, 0, 0]
					}
				},
				"leg_front_right": {
					"rotation": {
						"0.0": [0, 0, 0],
						"0.95": [0, 0, -7.5],
						"1.5": [0, 0, -7.5],
						"1.7": [0, 0, 82.5]
					},
					"position": {
						"0.0": [0, 0, 0],
						"1.5": [0, 0, 0],
						"1.7": [-2, -2, 0]
					}
				},
				"leg_front_left": {
					"rotation": {
						"0.0": [0, 0, 0],
						"0.95": [-55.41141, -18.82943, -35.04707],
						"1.35": [-56.68086, -38.44868, -52.88564],
						"1.5": [-56.68086, -38.44868, -52.88564],
						"1.65": [-114.91267, -77.50831, -32.65914],
						"1.7": [-37.41267, -77.50831, -32.65914]
					},
					"position": {
						"0.0": [0, 0, 0],
						"0.95": [0, 2, 0],
						"1.5": [0, 2, 0],
						"1.65": [2, -2, -2]
					}
				},
				"leg_back_right": {
					"rotation": {
						"0.0": [0, 0, 0],
						"1.1": [56.59341, -12.60837, 8.19252],
						"1.45": [56.59341, -12.60837, 8.19252],
						"1.65": [74.09341, -12.60837, 8.19252],
						"1.9": [168.97855, -14.70948, -12.28318],
						"2.15": [121.47855, -14.70948, -12.28318],
						"2.25": [91.47855, -14.70948, -12.28318]
					},
					"position": {
						"0.0": [0, 0, 0],
						"1.55": [0, 0, 0],
						"1.8": [-1.5, 3, -1],
						"2.2": [-0.5, -2, -1],
						"2.25": [-0.5, -1.75, -1]
					}
				},
				"leg_back_left": {
					"rotation": {
						"0.0": [0, 0, 0],
						"1.0": [0, 0, 12.5],
						"1.5": [0, 0, 12.5],
						"1.75": [125, 0, 12.5],
						"1.85": [137.5, 0, 12.5],
						"2.1": [129.43149, 14.00607, 11.20779],
						"2.15": [84.59039, 22.40972, 10.43246]
					},
					"position": {
						"0.0": [0, 0, 0],
						"1.5": [0, 0, 0],
						"1.75": [1, 4, -1],
						"1.95": [1, 3, -1],
						"2.1": [1, -1, -1]
					}
				},
				"jaw": {
					"rotation": {
						"0.0": [0, 0, 0],
						"0.5": [0, 0, 0],
						"0.8": [25, 0, 0],
						"1.0": [42.5, 0, 0],
						"1.5": [47.5, 0, 0],
						"1.65": [0, 0, 0],
						"1.75": [22.5, 0, 0],
						"1.85": [0, 0, 0]
					}
				}
			}
		},
		"animation.bulbasaur_vanguard.blink": {
			"animation_length": 0.1667,
			"bones": {
				"eyelid_right": {
					"position": {
						"0.0": [-0.1, 0, -0.1],
						"0.125": [-0.1, 0, -0.1],
						"0.1667": [0, 0, 0]
					},
					"scale": [1.025, 1, 1.05]
				},
				"eyelid_left": {
					"position": {
						"0.0": [0.1, 0, -0.1],
						"0.125": [0.1, 0, -0.1],
						"0.1667": [0, 0, 0]
					}
				}
			}
		},
		"animation.bulbasaur_vanguard.cry": {
			"animation_length": 0.875,
			"bones": {
				"head": {
					"rotation": {
						"0.0417": [0, 0, 0],
						"0.125": [-10, 0, 0],
						"0.6667": [0, 0, 0]
					}
				},
				"jaw": {
					"rotation": {
						"0.0417": [0, 0, 0],
						"0.125": [20, 0, 0],
						"0.375": [37.5, 0, 0],
						"0.6667": [0, 0, 0]
					}
				}
			},
			"sound_effects": {
				"0.0417": {
					"effect": "pokemon.bulbasaur.cry"
				}
			}
		},
		"animation.bulbasaur_vanguard.render": {
			"loop": true,
			"bones": {
				"body": {
					"rotation": [0, 2.5, 0]
				},
				"torso": {
					"rotation": [-5, 0, 0]
				},
				"head": {
					"rotation": [7.51675, -7.49284, -0.11037]
				},
				"jaw": {
					"rotation": [12.5, 0, 0]
				},
				"leg_front_right": {
					"rotation": [-2.5, 0, -7.5]
				},
				"leg_front_left": {
					"rotation": [-5, 0, 10]
				},
				"leg_back_right": {
					"rotation": [0, 0, 7.5]
				},
				"leg_back_left": {
					"rotation": [-9.91615, -1.29876, -7.38733]
				}
			}
		},
		"animation.bulbasaur_vanguard.ground_idle": {
			"loop": true,
			"bones": {
				"torso": {
					"rotation": ["math.sin(q.anim_time*90*4)*0.2", 0, 0],
					"position": [0, "math.clamp(math.sin(q.anim_time*90*8+180)*0.06,-0.03,0.03)+math.clamp(math.sin(q.anim_time*90*8+180)*0.03,-0.5,0.5)", 0]
				},
				"bulb": {
					"rotation": [0, 0, "math.clamp(math.sin(q.anim_time*90*4)*2,-1.8,1.8)+math.clamp(math.sin(q.anim_time*90*4)*1,-1,1)"]
				},
				"head": {
					"rotation": [0, 0, "math.clamp(math.sin(q.anim_time*90*4+45)*0.6,-0.3,0.3)+math.clamp(math.sin(q.anim_time*90*4+45)*1.2,-1.2,1.2)"]
				}
			}
		}
	}
}