{
	"format_version": "1.8.0",
	"animations": {
		"animation.cinnamouse.ground_walk": {
			"loop": true,
			"animation_length": 2,
			"bones": {
				"body": {
					"rotation": {
						"0.0": {
							"post": [0, 0, -1],
							"lerp_mode": "catmullrom"
						},
						"0.25": {
							"post": [0, 0, 0],
							"lerp_mode": "catmullrom"
						},
						"0.5": {
							"post": [0, 0, 1],
							"lerp_mode": "catmullrom"
						},
						"0.75": {
							"post": [0, 0, 0],
							"lerp_mode": "catmullrom"
						},
						"1.0": {
							"post": [0, 0, -1],
							"lerp_mode": "catmullrom"
						},
						"1.25": {
							"post": [0, 0, 0],
							"lerp_mode": "catmullrom"
						},
						"1.5": {
							"post": [0, 0, 1],
							"lerp_mode": "catmullrom"
						},
						"1.75": {
							"post": [0, 0, 0],
							"lerp_mode": "catmullrom"
						},
						"2.0": {
							"post": [0, 0, -1],
							"lerp_mode": "catmullrom"
						}
					},
					"position": {
						"0.0": {
							"post": [0, 0.3, 0],
							"lerp_mode": "catmullrom"
						},
						"0.25": {
							"post": [0, 0, 0],
							"lerp_mode": "catmullrom"
						},
						"0.5": {
							"post": [0, 0.3, 0],
							"lerp_mode": "catmullrom"
						},
						"0.75": {
							"post": [0, 0, 0],
							"lerp_mode": "catmullrom"
						},
						"1.0": {
							"post": [0, 0.3, 0],
							"lerp_mode": "catmullrom"
						},
						"1.25": {
							"post": [0, 0, 0],
							"lerp_mode": "catmullrom"
						},
						"1.5": {
							"post": [0, 0.3, 0],
							"lerp_mode": "catmullrom"
						},
						"1.75": {
							"post": [0, 0, 0],
							"lerp_mode": "catmullrom"
						},
						"2.0": {
							"post": [0, 0.3, 0],
							"lerp_mode": "catmullrom"
						}
					}
				},
				"nose": {
					"rotation": {
						"0.25": [0, 0, 0],
						"1.25": [0, 0, 0]
					},
					"position": {
						"0.25": [0, 0, 0],
						"0.2917": [0, -0.1, 0],
						"0.3333": [0, 0, 0],
						"0.75": [0, 0, 0],
						"0.7917": [0, -0.1, 0],
						"0.8333": [0, 0, 0],
						"1.25": [0, 0, 0],
						"1.2917": [0, -0.1, 0],
						"1.3333": [0, 0, 0],
						"1.75": [0, 0, 0],
						"1.7917": [0, -0.1, 0],
						"1.8333": [0, 0, 0]
					}
				},
				"tail": {
					"position": {
						"0.2917": [0, 0, 0],
						"0.3333": [0, -0.1, 0],
						"0.375": [0, 0, 0],
						"0.7917": [0, 0, 0],
						"0.8333": [0, -0.1, 0],
						"0.875": [0, 0, 0],
						"1.2917": [0, 0, 0],
						"1.3333": [0, -0.1, 0],
						"1.375": [0, 0, 0],
						"1.7917": [0, 0, 0],
						"1.8333": [0, -0.1, 0],
						"1.875": [0, 0, 0]
					}
				},
				"ears": {
					"rotation": [0, 0, 0],
					"position": {
						"0.25": [0, 0, 0],
						"0.2917": [0, 0, 0],
						"0.3333": [0, 0, 0]
					}
				},
				"foot_front_right": {
					"rotation": {
						"0.0": {
							"post": [10, 0, 0],
							"lerp_mode": "catmullrom"
						},
						"0.25": {
							"post": [-10, 0, 0],
							"lerp_mode": "catmullrom"
						},
						"0.5": {
							"post": [-25, 0, 0],
							"lerp_mode": "catmullrom"
						},
						"0.75": {
							"post": [0, 0, 0],
							"lerp_mode": "catmullrom"
						},
						"1.0": {
							"post": [10, 0, 0],
							"lerp_mode": "catmullrom"
						},
						"1.25": {
							"post": [-10, 0, 0],
							"lerp_mode": "catmullrom"
						},
						"1.5": {
							"post": [-25, 0, 0],
							"lerp_mode": "catmullrom"
						},
						"1.75": {
							"post": [0, 0, 0],
							"lerp_mode": "catmullrom"
						},
						"2.0": {
							"post": [10, 0, 0],
							"lerp_mode": "catmullrom"
						}
					},
					"position": {
						"0.0": {
							"post": [0, 0.2, 1],
							"lerp_mode": "catmullrom"
						},
						"0.25": {
							"post": [0, 0.5, -0.4],
							"lerp_mode": "catmullrom"
						},
						"0.5": {
							"post": [0, 0.3, 0],
							"lerp_mode": "catmullrom"
						},
						"0.75": {
							"post": [0, 0, 0],
							"lerp_mode": "catmullrom"
						},
						"1.0": {
							"post": [0, 0.2, 1],
							"lerp_mode": "catmullrom"
						},
						"1.25": {
							"post": [0, 0.5, -0.4],
							"lerp_mode": "catmullrom"
						},
						"1.5": {
							"post": [0, 0.3, 0],
							"lerp_mode": "catmullrom"
						},
						"1.75": {
							"post": [0, 0, 0],
							"lerp_mode": "catmullrom"
						},
						"2.0": {
							"post": [0, 0.2, 1],
							"lerp_mode": "catmullrom"
						}
					}
				},
				"foot_front_left": {
					"rotation": {
						"0.0": {
							"post": [-25, 0, 0],
							"lerp_mode": "catmullrom"
						},
						"0.25": {
							"post": [0, 0, 0],
							"lerp_mode": "catmullrom"
						},
						"0.5": {
							"post": [10, 0, 0],
							"lerp_mode": "catmullrom"
						},
						"0.75": {
							"post": [-10, 0, 0],
							"lerp_mode": "catmullrom"
						},
						"1.0": {
							"post": [-25, 0, 0],
							"lerp_mode": "catmullrom"
						},
						"1.25": {
							"post": [0, 0, 0],
							"lerp_mode": "catmullrom"
						},
						"1.5": {
							"post": [10, 0, 0],
							"lerp_mode": "catmullrom"
						},
						"1.75": {
							"post": [-10, 0, 0],
							"lerp_mode": "catmullrom"
						},
						"2.0": {
							"post": [-25, 0, 0],
							"lerp_mode": "catmullrom"
						}
					},
					"position": {
						"0.0": {
							"post": [0, 0.3, 0],
							"lerp_mode": "catmullrom"
						},
						"0.25": {
							"post": [0, 0, 0],
							"lerp_mode": "catmullrom"
						},
						"0.5": {
							"post": [0, 0.2, 1],
							"lerp_mode": "catmullrom"
						},
						"0.75": {
							"post": [0, 0.5, -0.4],
							"lerp_mode": "catmullrom"
						},
						"1.0": {
							"post": [0, 0.3, 0],
							"lerp_mode": "catmullrom"
						},
						"1.25": {
							"post": [0, 0, 0],
							"lerp_mode": "catmullrom"
						},
						"1.5": {
							"post": [0, 0.2, 1],
							"lerp_mode": "catmullrom"
						},
						"1.75": {
							"post": [0, 0.5, -0.4],
							"lerp_mode": "catmullrom"
						},
						"2.0": {
							"post": [0, 0.3, 0],
							"lerp_mode": "catmullrom"
						}
					}
				},
				"foot_back_left": {
					"rotation": {
						"0.0": {
							"post": [10, 0, 0],
							"lerp_mode": "catmullrom"
						},
						"0.25": {
							"post": [-10, 0, 0],
							"lerp_mode": "catmullrom"
						},
						"0.5": {
							"post": [-25, 0, 0],
							"lerp_mode": "catmullrom"
						},
						"0.75": {
							"post": [0, 0, 0],
							"lerp_mode": "catmullrom"
						},
						"1.0": {
							"post": [10, 0, 0],
							"lerp_mode": "catmullrom"
						},
						"1.25": {
							"post": [-10, 0, 0],
							"lerp_mode": "catmullrom"
						},
						"1.5": {
							"post": [-25, 0, 0],
							"lerp_mode": "catmullrom"
						},
						"1.75": {
							"post": [0, 0, 0],
							"lerp_mode": "catmullrom"
						},
						"2.0": {
							"post": [10, 0, 0],
							"lerp_mode": "catmullrom"
						}
					},
					"position": {
						"0.0": {
							"post": [0, 0.2, 1],
							"lerp_mode": "catmullrom"
						},
						"0.25": {
							"post": [0, 0.5, -0.4],
							"lerp_mode": "catmullrom"
						},
						"0.5": {
							"post": [0, 0.3, 0],
							"lerp_mode": "catmullrom"
						},
						"0.75": {
							"post": [0, 0, 0],
							"lerp_mode": "catmullrom"
						},
						"1.0": {
							"post": [0, 0.2, 1],
							"lerp_mode": "catmullrom"
						},
						"1.25": {
							"post": [0, 0.5, -0.4],
							"lerp_mode": "catmullrom"
						},
						"1.5": {
							"post": [0, 0.3, 0],
							"lerp_mode": "catmullrom"
						},
						"1.75": {
							"post": [0, 0, 0],
							"lerp_mode": "catmullrom"
						},
						"2.0": {
							"post": [0, 0.2, 1],
							"lerp_mode": "catmullrom"
						}
					}
				},
				"foot_back_right": {
					"rotation": {
						"0.0": {
							"post": [-25, 0, 0],
							"lerp_mode": "catmullrom"
						},
						"0.25": {
							"post": [0, 0, 0],
							"lerp_mode": "catmullrom"
						},
						"0.5": {
							"post": [10, 0, 0],
							"lerp_mode": "catmullrom"
						},
						"0.75": {
							"post": [-10, 0, 0],
							"lerp_mode": "catmullrom"
						},
						"1.0": {
							"post": [-25, 0, 0],
							"lerp_mode": "catmullrom"
						},
						"1.25": {
							"post": [0, 0, 0],
							"lerp_mode": "catmullrom"
						},
						"1.5": {
							"post": [10, 0, 0],
							"lerp_mode": "catmullrom"
						},
						"1.75": {
							"post": [-10, 0, 0],
							"lerp_mode": "catmullrom"
						},
						"2.0": {
							"post": [-25, 0, 0],
							"lerp_mode": "catmullrom"
						}
					},
					"position": {
						"0.0": {
							"post": [0, 0.3, 0],
							"lerp_mode": "catmullrom"
						},
						"0.25": {
							"post": [0, 0, 0],
							"lerp_mode": "catmullrom"
						},
						"0.5": {
							"post": [0, 0.2, 1],
							"lerp_mode": "catmullrom"
						},
						"0.75": {
							"post": [0, 0.5, -0.4],
							"lerp_mode": "catmullrom"
						},
						"1.0": {
							"post": [0, 0.3, 0],
							"lerp_mode": "catmullrom"
						},
						"1.25": {
							"post": [0, 0, 0],
							"lerp_mode": "catmullrom"
						},
						"1.5": {
							"post": [0, 0.2, 1],
							"lerp_mode": "catmullrom"
						},
						"1.75": {
							"post": [0, 0.5, -0.4],
							"lerp_mode": "catmullrom"
						},
						"2.0": {
							"post": [0, 0.3, 0],
							"lerp_mode": "catmullrom"
						}
					}
				}
			}
		},
		"animation.cinnamouse.ground_idle": {
			"loop": true,
			"animation_length": 6,
			"bones": {
				"body": {
					"rotation": {
						"0.0": {
							"post": [0, 0, 0],
							"lerp_mode": "catmullrom"
						},
						"2.6667": {
							"post": [0, 0, 0],
							"lerp_mode": "catmullrom"
						},
						"2.7083": {
							"post": [0, 0, 1],
							"lerp_mode": "catmullrom"
						},
						"2.75": {
							"post": [0, 0, 0],
							"lerp_mode": "catmullrom"
						},
						"2.7917": {
							"post": [0, 0, -1],
							"lerp_mode": "catmullrom"
						},
						"2.8333": {
							"post": [0, 0, 0],
							"lerp_mode": "catmullrom"
						}
					},
					"position": {
						"0.0": {
							"post": [0, 0, 0],
							"lerp_mode": "catmullrom"
						}
					},
					"scale": {
						"0.0": {
							"post": [1, 1, 1],
							"lerp_mode": "catmullrom"
						},
						"3.0": {
							"post": [1, 1.0268, 1],
							"lerp_mode": "catmullrom"
						},
						"6.0": {
							"post": [1, 1, 1],
							"lerp_mode": "catmullrom"
						}
					}
				},
				"nose": {
					"rotation": {
						"1.25": [0, 0, 0],
						"1.3333": [2, 0, 0],
						"1.4167": [0, 0, 0],
						"2.0": [0, 0, 0],
						"2.0833": [2, 0, 0],
						"2.1667": [0, 0, 0],
						"2.25": [2, 0, 0],
						"2.3333": [0, 0, 0],
						"4.375": [0, 0, 0],
						"4.4167": [0, 2.5, 0],
						"4.4583": [0, 0, 0],
						"4.5": [0, -2, 0],
						"4.5417": [0, 0, 0]
					}
				},
				"tail": {
					"rotation": {
						"0.0": {
							"post": [0, 0, 0],
							"lerp_mode": "catmullrom"
						},
						"2.2083": {
							"post": [0, 0, -2],
							"lerp_mode": "catmullrom"
						},
						"3.5": {
							"post": [0, 0, 2],
							"lerp_mode": "catmullrom"
						},
						"4.3333": {
							"post": [0, 0, -2],
							"lerp_mode": "catmullrom"
						},
						"5.3333": {
							"post": [0, 0, 2],
							"lerp_mode": "catmullrom"
						},
						"6.0": {
							"post": [0, 0, 0],
							"lerp_mode": "catmullrom"
						}
					}
				},
				"eyes": {
					"scale": {
						"0.5": [1, 1, 1],
						"0.5417": [1, 0.1, 1],
						"0.5833": [1, 1, 1],
						"3.75": [1, 1, 1],
						"3.7917": [1, 0.1, 1],
						"3.8333": [1, 1, 1],
						"4.5": [1, 1, 1],
						"4.5417": [1, 0.1, 1],
						"4.5833": [1, 1, 1]
					}
				}
			}
		},
		"animation.cinnamouse.faint": {
			"loop": "hold_on_last_frame",
			"animation_length": 2.5,
			"bones": {
				"body": {
					"rotation": {
						"0.0": {
							"post": [0, 0, 0],
							"lerp_mode": "catmullrom"
						},
						"0.0417": {
							"post": [0, 0, -2],
							"lerp_mode": "catmullrom"
						},
						"0.0833": {
							"post": [0, 0, 2],
							"lerp_mode": "catmullrom"
						},
						"0.125": {
							"post": [0, 0, 0],
							"lerp_mode": "catmullrom"
						},
						"0.1667": {
							"post": [0, 0, -2],
							"lerp_mode": "catmullrom"
						},
						"0.2083": {
							"post": [0, 0, 2],
							"lerp_mode": "catmullrom"
						},
						"0.25": {
							"post": [0, 0, 0],
							"lerp_mode": "catmullrom"
						},
						"0.2917": {
							"post": [0, 0, -2],
							"lerp_mode": "catmullrom"
						},
						"0.3333": {
							"post": [0, 0, 2],
							"lerp_mode": "catmullrom"
						},
						"0.375": {
							"post": [0, 0, 0],
							"lerp_mode": "catmullrom"
						},
						"0.4167": {
							"post": [0, 0, -2],
							"lerp_mode": "catmullrom"
						},
						"0.4583": {
							"post": [0, 0, 2],
							"lerp_mode": "catmullrom"
						},
						"0.5": {
							"post": [0, 0, 0],
							"lerp_mode": "catmullrom"
						},
						"0.5417": {
							"post": [0, 0, -2],
							"lerp_mode": "catmullrom"
						},
						"0.5833": {
							"post": [0, 0, 2],
							"lerp_mode": "catmullrom"
						},
						"0.625": {
							"post": [0, 0, 0],
							"lerp_mode": "catmullrom"
						},
						"0.6667": {
							"post": [0, 0, -2],
							"lerp_mode": "catmullrom"
						},
						"0.7083": {
							"post": [0, 0, 2],
							"lerp_mode": "catmullrom"
						},
						"0.75": {
							"post": [0, 0, 0],
							"lerp_mode": "catmullrom"
						},
						"0.7917": {
							"post": [0, 0, -2],
							"lerp_mode": "catmullrom"
						},
						"0.8333": {
							"post": [0, 0, 2],
							"lerp_mode": "catmullrom"
						},
						"0.875": {
							"post": [0, 0, 0],
							"lerp_mode": "catmullrom"
						},
						"0.9167": {
							"post": [0, 0, -2],
							"lerp_mode": "catmullrom"
						},
						"0.9583": {
							"post": [0, 0, 2],
							"lerp_mode": "catmullrom"
						},
						"1.125": {
							"post": [0, 0, 2],
							"lerp_mode": "catmullrom"
						},
						"1.3333": {
							"post": [-12, 0, 0],
							"lerp_mode": "catmullrom"
						},
						"2.5": {
							"post": [0, 0, 0],
							"lerp_mode": "catmullrom"
						}
					},
					"position": {
						"1.3333": {
							"pre": [0, 0, 0],
							"post": [0, 0, 0],
							"lerp_mode": "catmullrom"
						},
						"1.875": {
							"post": [0, 0.3, 0],
							"lerp_mode": "catmullrom"
						},
						"2.0": {
							"post": [0, 0.3, 0],
							"lerp_mode": "catmullrom"
						},
						"2.5": {
							"post": [0, -2.3, 0],
							"lerp_mode": "catmullrom"
						}
					},
					"scale": {
						"2.0": {
							"pre": [1, 1, 1],
							"post": [1, 1, 1],
							"lerp_mode": "catmullrom"
						},
						"2.5": {
							"post": [1, 0.6, 1],
							"lerp_mode": "catmullrom"
						}
					}
				},
				"feet": {
					"rotation": {
						"1.3333": {
							"pre": [0, 0, 0],
							"post": [0, 0, 0],
							"lerp_mode": "catmullrom"
						},
						"2.0": {
							"post": [0, 0, 0],
							"lerp_mode": "catmullrom"
						}
					},
					"position": {
						"1.3333": {
							"pre": [0, 0, 0],
							"post": [0, 0, 0],
							"lerp_mode": "catmullrom"
						},
						"2.0": {
							"post": [0, 0, 0],
							"lerp_mode": "catmullrom"
						}
					}
				},
				"foot_front_right": {
					"position": {
						"0.9583": {
							"pre": [0, 0, 0],
							"post": [0, 0, 0],
							"lerp_mode": "catmullrom"
						},
						"1.5": {
							"post": [0, 0.6, 0],
							"lerp_mode": "catmullrom"
						},
						"1.6667": {
							"post": [0, 0.8, 0],
							"lerp_mode": "catmullrom"
						},
						"2.0": {
							"post": [0, 0.8, 0],
							"lerp_mode": "catmullrom"
						},
						"2.5": {
							"post": [0, 0, 0],
							"lerp_mode": "catmullrom"
						}
					}
				}
			}
		}
	}
}