{
	"format_version": "1.12.0",
	"minecraft:geometry": [
		{
			"description": {
				"identifier": "geometry.maractaya",
				"texture_width": 64,
				"texture_height": 64,
				"visible_bounds_width": 3,
				"visible_bounds_height": 3.5,
				"visible_bounds_offset": [0, 1.25, 0]
			},
			"bones": [
				{
					"name": "maractaya",
					"pivot": [0, 0, 0]
				},
				{
					"name": "body",
					"parent": "maractaya",
					"pivot": [0, 7.225, -0.5],
					"cubes": [
						{"origin": [-2.5, 7.975, -2.5], "size": [5, 4, 4], "uv": [23, 0]},
						{"origin": [-4, 0.975, -3.5], "size": [8, 7, 6], "uv": [0, 25]}
					]
				},
				{
					"name": "head",
					"parent": "body",
					"pivot": [0, 11.975, -0.5],
					"cubes": [
						{"origin": [-4, 11.975, -4], "size": [8, 6, 7], "uv": [0, 0]},
						{"origin": [0, 15.975, -5.75], "size": [0, 4, 3], "inflate": 0.02, "pivot": [0, 17.975, -4.25], "rotation": [45, 0, 0], "uv": [0, 57]},
						{"origin": [-2.5, 12.225, -4.025], "size": [5, 2, 0], "inflate": 0.02, "uv": [0, 51], "mirror": true}
					]
				},
				{
					"name": "eyes",
					"parent": "head",
					"pivot": [0, 15.475, -4.025],
					"cubes": [
						{"origin": [-3.5, 14.475, -4.025], "size": [2, 2, 0], "inflate": 0.02, "uv": [0, 48]},
						{"origin": [1.5, 14.475, -4.025], "size": [2, 2, 0], "inflate": 0.02, "uv": [0, 48], "mirror": true}
					]
				},
				{
					"name": "ear_right",
					"parent": "head",
					"pivot": [-3.25, 17.475, -0.5],
					"rotation": [0, 0, -30],
					"cubes": [
						{"origin": [-4.75, 17.475, -2], "size": [3, 2, 3], "uv": [19, 40]},
						{"origin": [-5.75, 19.475, -3], "size": [5, 5, 5], "uv": [31, 53]},
						{"origin": [-3.21581, 19.49776, -4.6], "size": [0, 2, 2], "uv": [54, 31]},
						{"origin": [-1.61581, 19.49776, -10.8], "size": [0, 2, 2], "pivot": [-2.44081, 20.04776, -3.6], "rotation": [0, 180, 0], "uv": [54, 31]},
						{"origin": [0.6098, 20.89776, -1.58432], "size": [0, 2, 2], "pivot": [0.2098, 20.49776, -0.88432], "rotation": [0, -90, 0], "uv": [54, 31]}
					]
				},
				{
					"name": "ear_petal_right1",
					"parent": "ear_right",
					"pivot": [-3.25, 17.475, -2],
					"rotation": [-40, 0, 0],
					"cubes": [
						{"origin": [-4.75, 17.475, -5], "size": [3, 0, 3], "inflate": 0.02, "uv": [43, 20]}
					]
				},
				{
					"name": "ear_petal_right2",
					"parent": "ear_right",
					"pivot": [-3.25, 17.475, 1],
					"rotation": [40, 0, 0],
					"cubes": [
						{"origin": [-4.75, 17.475, 1], "size": [3, 0, 3], "inflate": 0.02, "uv": [43, 17]}
					]
				},
				{
					"name": "ear_petal_right3",
					"parent": "ear_right",
					"pivot": [-4.75, 17.475, -0.5],
					"rotation": [40, -90, 0],
					"cubes": [
						{"origin": [-6.25, 17.475, -0.5], "size": [3, 0, 3], "inflate": 0.02, "uv": [47, 46]},
						{"origin": [-3.51661, 22.76662, 1.62558], "size": [3, 0, 5], "inflate": 0.02, "pivot": [-4.76919, 22.62237, -14.16607], "rotation": [0, 0, 93], "uv": [20, 52]}
					]
				},
				{
					"name": "ear_petal_right4",
					"parent": "ear_right",
					"pivot": [-1.75, 17.475, -0.5],
					"rotation": [40, 90, 0],
					"cubes": [
						{"origin": [-3.25, 17.475, -0.5], "size": [3, 0, 3], "inflate": 0.02, "uv": [43, 50]}
					]
				},
				{
					"name": "ear_left",
					"parent": "head",
					"pivot": [3.25, 17.475, -0.5],
					"rotation": [0, 0, 30],
					"cubes": [
						{"origin": [1.75, 17.475, -2], "size": [3, 2, 3], "uv": [7, 40]},
						{"origin": [0.75, 19.475, -3], "size": [5, 5, 5], "uv": [0, 13]},
						{"origin": [3.25, 19.475, -4.6], "size": [0, 2, 2], "uv": [54, 31]},
						{"origin": [3.25, 19.475, 1.2], "size": [0, 2, 2], "pivot": [3.25, 20.475, 2.4], "rotation": [0, 180, 0], "uv": [54, 31]},
						{"origin": [0.25, 20.775, -7.8], "size": [0, 2, 2], "pivot": [3.25, 20.475, -3.6], "rotation": [0, 90, 0], "uv": [54, 31]}
					]
				},
				{
					"name": "ear_petal_left1",
					"parent": "ear_left",
					"pivot": [3.25, 17.475, -2],
					"rotation": [-40, 0, 0],
					"cubes": [
						{"origin": [1.75, 17.475, -5], "size": [3, 0, 3], "inflate": 0.02, "uv": [40, 41]}
					]
				},
				{
					"name": "ear_petal_left2",
					"parent": "ear_left",
					"pivot": [3.25, 17.475, 1],
					"rotation": [40, 0, 0],
					"cubes": [
						{"origin": [1.75, 17.475, 1], "size": [3, 0, 3], "inflate": 0.02, "uv": [34, 41]}
					]
				},
				{
					"name": "ear_petal_left3",
					"parent": "ear_left",
					"pivot": [4.75, 17.475, -0.5],
					"rotation": [40, 90, 0],
					"cubes": [
						{"origin": [3.25, 17.475, -0.5], "size": [3, 0, 3], "inflate": 0.02, "uv": [28, 41]},
						{"origin": [0.61065, 17.59008, 1.7936], "size": [3, 0, 5], "inflate": 0.02, "pivot": [4.75, 17.475, 1], "rotation": [0, 0, 87.50333], "uv": [20, 52]}
					]
				},
				{
					"name": "ear_petal_left4",
					"parent": "ear_left",
					"pivot": [1.75, 17.475, -0.5],
					"rotation": [40, -90, 0],
					"cubes": [
						{"origin": [0.25, 17.475, -0.5], "size": [3, 0, 3], "inflate": 0.02, "uv": [13, 40]}
					]
				},
				{
					"name": "petal_right",
					"parent": "body",
					"pivot": [-2, 11.975, -0.5],
					"rotation": [0, 0, -5],
					"cubes": [
						{"origin": [-4, 11.975, -2.5], "size": [2, 0, 4], "inflate": 0.02, "uv": [41, 13]}
					]
				},
				{
					"name": "petal_left",
					"parent": "body",
					"pivot": [2, 11.975, -0.5],
					"rotation": [0, 0, 5],
					"cubes": [
						{"origin": [2, 11.975, -2.5], "size": [2, 0, 4], "inflate": 0.02, "uv": [19, 0]}
					]
				},
				{
					"name": "petal_front",
					"parent": "body",
					"pivot": [0, 11.975, -2.5],
					"rotation": [75, 0, 0],
					"cubes": [
						{"origin": [-3, 12.13029, -5.92044], "size": [6, 0, 4], "inflate": 0.02, "uv": [11, 13]}
					]
				},
				{
					"name": "petal_back",
					"parent": "body",
					"pivot": [-0.5, 11.975, 1.5],
					"rotation": [-75, 0, 0],
					"cubes": [
						{"origin": [-2, 11.975, 1.5], "size": [4, 0, 3], "inflate": 0.02, "uv": [1, 36]}
					]
				},
				{
					"name": "arm_right1",
					"parent": "body",
					"pivot": [-2, 10.725, -0.5],
					"cubes": [
						{"origin": [-4, 9.725, -1.5], "size": [2, 2, 2], "uv": [29, 44]}
					]
				},
				{
					"name": "arm_right2",
					"parent": "arm_right1",
					"pivot": [-4.8, 10.725, 0.5],
					"cubes": [
						{"origin": [-5.35, 11.475, -0.975], "size": [1, 2, 1], "pivot": [-4.85, 12.475, -0.475], "rotation": [0, 0, -45], "uv": [16, 49]},
						{"origin": [-9.8, 9.225, -2], "size": [6, 3, 3], "uv": [32, 27]},
						{"origin": [-9.3, 7.725, -3.5], "size": [0, 6, 6], "inflate": 0.02, "uv": [27, 7]}
					]
				},
				{
					"name": "finger_right1",
					"parent": "arm_right2",
					"pivot": [-9.8, 11.725, -0.5],
					"rotation": [10, 0, 0],
					"cubes": [
						{"origin": [-10.8, 11.225, -0.5], "size": [1, 1, 0], "inflate": 0.02, "uv": [0, 13]}
					]
				},
				{
					"name": "finger_right2",
					"parent": "arm_right2",
					"pivot": [-9.8, 10.725, 0.25],
					"rotation": [0, 10, 0],
					"cubes": [
						{"origin": [-10.8, 10.225, 0.25], "size": [1, 1, 0], "inflate": 0.02, "uv": [4, 2]}
					]
				},
				{
					"name": "finger_right3",
					"parent": "arm_right2",
					"pivot": [-9.8, 9.725, -0.5],
					"rotation": [-10, 0, 0],
					"cubes": [
						{"origin": [-10.8, 9.225, -0.5], "size": [1, 1, 0], "inflate": 0.02, "uv": [2, 2]}
					]
				},
				{
					"name": "arm_left1",
					"parent": "body",
					"pivot": [2, 10.725, -0.5],
					"cubes": [
						{"origin": [2, 9.725, -1.5], "size": [2, 2, 2], "uv": [0, 43]}
					]
				},
				{
					"name": "arm_left2",
					"parent": "arm_left1",
					"pivot": [4.8, 10.725, 0.5],
					"cubes": [
						{"origin": [4.35, 11.475, -0.975], "size": [1, 2, 1], "pivot": [4.85, 12.475, -0.475], "rotation": [0, 0, 45], "uv": [16, 49]},
						{"origin": [3.8, 9.225, -2], "size": [6, 3, 3], "uv": [30, 7]},
						{"origin": [9.3, 7.725, -3.5], "size": [0, 6, 6], "inflate": 0.02, "uv": [14, 52]}
					]
				},
				{
					"name": "finger_left1",
					"parent": "arm_left2",
					"pivot": [9.8, 11.725, -0.5],
					"rotation": [10, 0, 0],
					"cubes": [
						{"origin": [9.8, 11.225, -0.5], "size": [1, 1, 0], "inflate": 0.02, "uv": [0, 2]}
					]
				},
				{
					"name": "finger_left2",
					"parent": "arm_left2",
					"pivot": [9.8, 10.725, 0.25],
					"rotation": [0, -10, 0],
					"cubes": [
						{"origin": [9.8, 10.225, 0.25], "size": [1, 1, 0], "inflate": 0.02, "uv": [0, 1]}
					]
				},
				{
					"name": "finger_left3",
					"parent": "arm_left2",
					"pivot": [9.8, 9.725, -0.5],
					"rotation": [-10, 0, 0],
					"cubes": [
						{"origin": [9.8, 9.225, -0.5], "size": [1, 1, 0], "inflate": 0.02, "uv": [0, 0]}
					]
				},
				{
					"name": "foot1",
					"parent": "body",
					"pivot": [-1.25, 2.975, -2.25],
					"rotation": [15, 25, 0],
					"cubes": [
						{"origin": [-4.09799, 1.23272, -7.47513], "size": [4, 0, 4], "inflate": 0.02, "pivot": [-2, 1.275, -3.6], "rotation": [-0.01365, 2.41476, -0.64743], "uv": [34, 19]}
					]
				},
				{
					"name": "foot2",
					"parent": "body",
					"pivot": [1.25, 2.975, -2.25],
					"rotation": [15, -30, 0],
					"cubes": [
						{"origin": [0.15906, 1.20844, -7.38453], "size": [4, 0, 4], "inflate": 0.02, "pivot": [2.2, 1.275, -3.2], "rotation": [-0.0547, -4.82922, 1.29717], "uv": [28, 33]}
					]
				},
				{
					"name": "foot3",
					"parent": "body",
					"pivot": [2, 2.975, 0],
					"rotation": [0, -15, 15],
					"cubes": [
						{"origin": [3.43301, 1.30197, -2.38397], "size": [4, 0, 4], "inflate": 0.02, "uv": [31, 23]}
					]
				},
				{
					"name": "foot4",
					"parent": "body",
					"pivot": [-2, 2.975, 0],
					"rotation": [0, 15, -15],
					"cubes": [
						{"origin": [-7.43301, 1.30197, -2.38397], "size": [4, 0, 4], "inflate": 0.02, "uv": [31, 0]}
					]
				},
				{
					"name": "foot5",
					"parent": "body",
					"pivot": [0, 2.975, 1.75],
					"rotation": [-15, 0, 0],
					"cubes": [
						{"origin": [-2, 1.24373, 3.01623], "size": [4, 0, 4], "inflate": 0.02, "uv": [26, 19]}
					]
				}
			]
		}
	]
}