{
  "target": "cobblemon:sneasel",
  "moves": [
    "1:scratch",
    "1:leer",
    "1:feintattack",
    "6:taunt",
    "12:quickattack",
    "18:metalclaw",
    "24:icywind",
    "30:furyswipes",
    "36:honeclaws",
    "42:beatup",
    "48:agility",
    "54:screech",
    "60:slash",
    "egg:assist",
    "egg:bite",
    "egg:counter",
    "egg:crushclaw",
    "egg:doublehit",
    "egg:fakeout",
    "egg:feint",
    "egg:foresight",
    "egg:iceshard",
    "egg:iciclecrash",
    "egg:punishment",
    "egg:pursuit",
    "egg:spite",
    "tm:aerialace",
    "tm:agility",
    "tm:avalanche",
    "tm:beatup",
    "tm:blizzard",
    "tm:brickbreak",
    "tm:calmmind",
    "tm:cut",
    "tm:darkpulse",
    "tm:dig",
    "tm:dreameater",
    "tm:embargo",
    "tm:endure",
    "tm:facade",
    "tm:faketears",
    "tm:falseswipe",
    "tm:fling",
    "tm:focuspunch",
    "tm:foulplay",
    "tm:furycutter",
    "tm:gigaimpact",
    "tm:hail",
    "tm:headbutt",
    "tm:helpinghand",
    "tm:honeclaws",
    "tm:icebeam",
    "tm:icepunch",
    "tm:iciclespear",
    "tm:icywind",
    "tm:irontail",
    "tm:knockoff",
    "tm:laserfocus",
    "tm:lashout",
    "tm:lowkick",
    "tm:lowsweep",
    "tm:megakick",
    "tm:megapunch",
    "tm:metalclaw",
    "tm:nastyplot",
    "tm:payback",
    "tm:poisonjab",
    "tm:poweruppunch",
    "tm:protect",
    "tm:psychocut",
    "tm:raindance",
    "tm:rest",
    "tm:retaliate",
    "tm:reversal",
    "tm:rocksmash",
    "tm:scaryface",
    "tm:screech",
    "tm:shadowball",
    "tm:shadowclaw",
    "tm:sleeptalk",
    "tm:snarl",
    "tm:snatch",
    "tm:snowscape",
    "tm:spite",
    "tm:strength",
    "tm:substitute",
    "tm:sunnyday",
    "tm:surf",
    "tm:swift",
    "tm:swordsdance",
    "tm:takedown",
    "tm:taunt",
    "tm:terablast",
    "tm:thief",
    "tm:throatchop",
    "tm:torment",
    "tm:trailblaze",
    "tm:tripleaxel",
    "tm:upperhand",
    "tm:waterpulse",
    "tm:xscissor",
    "tutor:aerialace",
    "tutor:calmmind",
    "tutor:darkpulse",
    "tutor:falseswipe",
    "tutor:focuspunch",
    "tutor:foulplay",
    "tutor:furycutter",
    "tutor:gigaimpact",
    "tutor:helpinghand",
    "tutor:icebeam",
    "tutor:icepunch",
    "tutor:icywind",
    "tutor:irontail",
    "tutor:knockoff",
    "tutor:laserfocus",
    "tutor:lashout",
    "tutor:lowkick",
    "tutor:poisonjab",
    "tutor:psychocut",
    "tutor:rest",
    "tutor:rocksmash",
    "tutor:shadowball",
    "tutor:shadowclaw",
    "tutor:sleeptalk",
    "tutor:snarl",
    "tutor:snatch",
    "tutor:spite",
    "tutor:swift",
    "tutor:throatchop",
    "tutor:tripleaxel",
    "tutor:waterpulse",
    "tutor:xscissor",
	"39:tripleaxel"
  ],
  "evolutions": [
    {
      "id": "sneasel_sneaselhc",
      "variant": "level_up",
      "result": "sneaselhc",
      "consumeHeldItem": false,
      "learnableMoves": [],
      "requirements": [
        {
			"variant": "use_move",
			"move": "tripleaxel",
            "amount": 20
        }
      ]
    }
  ]
}