{
  "target":"cobblemon:incineroar",
  "evolutions": [
    {
      "id": "incineroar_royal_mask_incineroar",
      "variant": "item_interact",
      "result": "incineroar royal_mask=true",
      "consumeHeldItem": false,
      "learnableMoves": [],
      "requirements": [],
      "optional": false,
      "requiredContext": "minecraft:leather_helmet"
    }, 

    {
      "id": "incineroar_summer_incineroar",
      "variant": "item_interact",
      "result": "incineroar summer=true",
      "consumeHeldItem": false,
      "learnableMoves": [],
      "requirements": [],
      "optional": false,
      "requiredContext": "minecraft:melon_slice"
    }
  ],

  "moves": [
    "tm:bind",
    "tm:confide",
    "tm:covet",
    "tm:doubleteam",
    "tm:dualchop",
    "tm:embargo",
    "tm:frustration",
    "tm:hiddenpower",
    "tm:quash",
    "tm:return",
    "tm:snatch",
    "tm:torment",
    "tm:toxic"
  ],

  "forms": [

    {
      "name": "Incineroar",
      "primaryType": "fire",
      "secondaryType": "dark",
      "maleRatio": 0.875,
      "height": 18,
      "weight": 830,
      "pokedex": [
        "cobblemon.species.incineroar.desc"
      ],
      "labels": [
        "gen7"
      ],
      "aspects": ["royal_mask"],
      "abilities": [
        "blaze",
        "h:intimidate"
      ],
      "eggGroups": [
        "field"
      ],
      "baseStats": {
        "hp": 95,
        "attack": 115,
        "defence": 90,
        "special_attack": 80,
        "special_defence": 90,
        "speed": 60
      },
      "evYield": {
      "hp": 0,
        "attack": 3,
        "defence": 0,
        "special_attack": 0,
        "special_defence": 0,
        "speed": 0
      },
      "baseExperienceYield": 265,
      "experienceGroup": "medium_slow",
      "catchRate": 45,
      "eggCycles": 15,
      "baseFriendship": 50,
      "baseScale": 0.85,
      "hitbox": {
        "width": 1,
        "height": 2.9,
        "fixed": false
      },
      "standingEyeHeight": 0.94,
      
      "behaviour": {
        "moving": {
          "walk": {
            "walkSpeed": 0.28
          }
        },
        "resting": {
          "canSleep": true,
          "willSleepOnBed": true
        }
      },
      "drops": {
        "amount": 2,
        "entries": [
          {
            "item": "cobblemon:charcoal_stick",
            "percentage": 25.0
          },
          {
            "item": "cobblemon:expert_belt",
            "percentage": 25.0
          }
        ]
      },
      "moves": [
        "1:darkestlariat",
        "1:bulkup",
        "1:throatchop",
        "1:scratch",
        "1:ember",
        "1:growl",
        "1:lick",
        "1:leer",
        "1:outrage",
        "1:crosschop",
        "9:roar",
        "12:furyswipes",
        "15:bite",
        "20:doublekick",
        "25:firefang",
        "30:scaryface",
        "32:swagger",
        "44:flamethrower",
        "51:thrash",
        "58:flareblitz",
        "egg:fakeout",
        "egg:partingshot",
        "egg:powertrip",
        "tm:acrobatics",
        "tm:aerialace",
        "tm:assurance",
        "tm:attract",
        "tm:batonpass",
        "tm:bind",
        "tm:blastburn",
        "tm:blazekick",
        "tm:bodyslam",
        "tm:brickbreak",
        "tm:brutalswing",
        "tm:bulkup",
        "tm:bulldoze",
        "tm:burningjealousy",
        "tm:closecombat",
        "tm:confide",
        "tm:covet",
        "tm:crunch",
        "tm:darkestlariat",
        "tm:darkpulse",
        "tm:doubleedge",
        "tm:doubleteam",
        "tm:drainpunch",
        "tm:dualchop",
        "tm:earthquake",
        "tm:embargo",
        "tm:endeavor",
        "tm:endure",
        "tm:facade",
        "tm:fireblast",
        "tm:firefang",
        "tm:firepledge",
        "tm:firepunch",
        "tm:firespin",
        "tm:flamecharge",
        "tm:flamethrower",
        "tm:flareblitz",
        "tm:fling",
        "tm:focusblast",
        "tm:focuspunch",
        "tm:frustration",
        "tm:gigaimpact",
        "tm:heatcrash",
        "tm:heatwave",
        "tm:helpinghand",
        "tm:hiddenpower",
        "tm:hyperbeam",
        "tm:ironhead",
        "tm:knockoff",
        "tm:lashout",
        "tm:leechlife",
        "tm:lowkick",
        "tm:lowsweep",
        "tm:megakick",
        "tm:megapunch",
        "tm:nastyplot",
        "tm:outrage",
        "tm:overheat",
        "tm:payday",
        "tm:protect",
        "tm:quash",
        "tm:rest",
        "tm:return",
        "tm:revenge",
        "tm:reversal",
        "tm:roar",
        "tm:round",
        "tm:scaryface",
        "tm:scorchingsands",
        "tm:shadowclaw",
        "tm:sleeptalk",
        "tm:snarl",
        "tm:snatch",
        "tm:stompingtantrum",
        "tm:substitute",
        "tm:sunnyday",
        "tm:superpower",
        "tm:swagger",
        "tm:swordsdance",
        "tm:takedown",
        "tm:taunt",
        "tm:temperflare",
        "tm:terablast",
        "tm:thief",
        "tm:throatchop",
        "tm:thunderpunch",
        "tm:torment",
        "tm:toxic",
        "tm:trailblaze",
        "tm:uturn",
        "tm:willowisp",
        "tm:workup",
        "tutor:aerialace",
        "tutor:bind",
        "tutor:blastburn",
        "tutor:bulkup",
        "tutor:bulldoze",
        "tutor:burningjealousy",
        "tutor:covet",
        "tutor:darkpulse",
        "tutor:drainpunch",
        "tutor:dualchop",
        "tutor:endeavor",
        "tutor:firefang",
        "tutor:firepledge",
        "tutor:firepunch",
        "tutor:flamethrower",
        "tutor:focuspunch",
        "tutor:gigaimpact",
        "tutor:heatwave",
        "tutor:helpinghand",
        "tutor:hyperbeam",
        "tutor:ironhead",
        "tutor:knockoff",
        "tutor:lashout",
        "tutor:leechlife",
        "tutor:lowkick",
        "tutor:outrage",
        "tutor:rest",
        "tutor:scorchingsands",
        "tutor:shadowclaw",
        "tutor:sleeptalk",
        "tutor:snarl",
        "tutor:snatch",
        "tutor:snore",
        "tutor:stompingtantrum",
        "tutor:superpower",
        "tutor:throatchop",
        "tutor:thunderpunch"
      ],
      "preEvolution": "torracat",
      "evolutions": [
        
        {
          "id": "incineroar_royal_mask_incineroar_summer",
          "variant": "item_interact",
          "result": "incineroar summer=true royal_mask=false",
          "consumeHeldItem": false,
          "learnableMoves": [],
          "requirements": [],
          "optional": false,
          "requiredContext": "minecraft:melon_slice"
        },
        
        {
          "id": "incineroar_royal_mask_incineroar",
          "variant": "item_interact",
          "result": "incineroar royal_mask=false",
          "consumeHeldItem": false,
          "learnableMoves": [],
          "requirements": [],
          "optional": false,
          "requiredContext": "minecraft:shears"
        }

      ]

    },

    {
      "name": "Incineroar",
      "primaryType": "fire",
      "secondaryType": "dark",
      "maleRatio": 0.875,
      "height": 18,
      "weight": 830,
      "pokedex": [
        "cobblemon.species.incineroar.desc"
      ],
      "labels": [
        "gen7"
      ],
      "aspects": ["summer"],
      "abilities": [
        "blaze",
        "h:intimidate"
      ],
      "eggGroups": [
        "field"
      ],
      "baseStats": {
        "hp": 95,
        "attack": 115,
        "defence": 90,
        "special_attack": 80,
        "special_defence": 90,
        "speed": 60
      },
      "evYield": {
      "hp": 0,
        "attack": 3,
        "defence": 0,
        "special_attack": 0,
        "special_defence": 0,
        "speed": 0
      },
      "baseExperienceYield": 265,
      "experienceGroup": "medium_slow",
      "catchRate": 45,
      "eggCycles": 15,
      "baseFriendship": 50,
      "baseScale": 0.85,
      "hitbox": {
        "width": 1,
        "height": 2.9,
        "fixed": false
      },
      "standingEyeHeight": 0.94,
      
      "behaviour": {
        "moving": {
          "walk": {
            "walkSpeed": 0.28
          }
        },
        "resting": {
          "canSleep": true,
          "willSleepOnBed": true
        }
      },
      "drops": {
        "amount": 2,
        "entries": [
          {
            "item": "cobblemon:charcoal_stick",
            "percentage": 25.0
          },
          {
            "item": "cobblemon:expert_belt",
            "percentage": 25.0
          }
        ]
      },
      "moves": [
        "1:darkestlariat",
        "1:bulkup",
        "1:throatchop",
        "1:scratch",
        "1:ember",
        "1:growl",
        "1:lick",
        "1:leer",
        "1:outrage",
        "1:crosschop",
        "9:roar",
        "12:furyswipes",
        "15:bite",
        "20:doublekick",
        "25:firefang",
        "30:scaryface",
        "32:swagger",
        "44:flamethrower",
        "51:thrash",
        "58:flareblitz",
        "egg:fakeout",
        "egg:partingshot",
        "egg:powertrip",
        "tm:acrobatics",
        "tm:aerialace",
        "tm:assurance",
        "tm:attract",
        "tm:batonpass",
        "tm:bind",
        "tm:blastburn",
        "tm:blazekick",
        "tm:bodyslam",
        "tm:brickbreak",
        "tm:brutalswing",
        "tm:bulkup",
        "tm:bulldoze",
        "tm:burningjealousy",
        "tm:closecombat",
        "tm:confide",
        "tm:covet",
        "tm:crunch",
        "tm:darkestlariat",
        "tm:darkpulse",
        "tm:doubleedge",
        "tm:doubleteam",
        "tm:drainpunch",
        "tm:dualchop",
        "tm:earthquake",
        "tm:embargo",
        "tm:endeavor",
        "tm:endure",
        "tm:facade",
        "tm:fireblast",
        "tm:firefang",
        "tm:firepledge",
        "tm:firepunch",
        "tm:firespin",
        "tm:flamecharge",
        "tm:flamethrower",
        "tm:flareblitz",
        "tm:fling",
        "tm:focusblast",
        "tm:focuspunch",
        "tm:frustration",
        "tm:gigaimpact",
        "tm:heatcrash",
        "tm:heatwave",
        "tm:helpinghand",
        "tm:hiddenpower",
        "tm:hyperbeam",
        "tm:ironhead",
        "tm:knockoff",
        "tm:lashout",
        "tm:leechlife",
        "tm:lowkick",
        "tm:lowsweep",
        "tm:megakick",
        "tm:megapunch",
        "tm:nastyplot",
        "tm:outrage",
        "tm:overheat",
        "tm:payday",
        "tm:protect",
        "tm:quash",
        "tm:rest",
        "tm:return",
        "tm:revenge",
        "tm:reversal",
        "tm:roar",
        "tm:round",
        "tm:scaryface",
        "tm:scorchingsands",
        "tm:shadowclaw",
        "tm:sleeptalk",
        "tm:snarl",
        "tm:snatch",
        "tm:stompingtantrum",
        "tm:substitute",
        "tm:sunnyday",
        "tm:superpower",
        "tm:swagger",
        "tm:swordsdance",
        "tm:takedown",
        "tm:taunt",
        "tm:temperflare",
        "tm:terablast",
        "tm:thief",
        "tm:throatchop",
        "tm:thunderpunch",
        "tm:torment",
        "tm:toxic",
        "tm:trailblaze",
        "tm:uturn",
        "tm:willowisp",
        "tm:workup",
        "tutor:aerialace",
        "tutor:bind",
        "tutor:blastburn",
        "tutor:bulkup",
        "tutor:bulldoze",
        "tutor:burningjealousy",
        "tutor:covet",
        "tutor:darkpulse",
        "tutor:drainpunch",
        "tutor:dualchop",
        "tutor:endeavor",
        "tutor:firefang",
        "tutor:firepledge",
        "tutor:firepunch",
        "tutor:flamethrower",
        "tutor:focuspunch",
        "tutor:gigaimpact",
        "tutor:heatwave",
        "tutor:helpinghand",
        "tutor:hyperbeam",
        "tutor:ironhead",
        "tutor:knockoff",
        "tutor:lashout",
        "tutor:leechlife",
        "tutor:lowkick",
        "tutor:outrage",
        "tutor:rest",
        "tutor:scorchingsands",
        "tutor:shadowclaw",
        "tutor:sleeptalk",
        "tutor:snarl",
        "tutor:snatch",
        "tutor:snore",
        "tutor:stompingtantrum",
        "tutor:superpower",
        "tutor:throatchop",
        "tutor:thunderpunch"
      ],
      "preEvolution": "torracat",
      "evolutions": [
        
        {
          "id": "incineroar_summer_incineroar_royal_mask",
          "variant": "item_interact",
          "result": "incineroar royal_mask=true summer=false",
          "consumeHeldItem": false,
          "learnableMoves": [],
          "requirements": [],
          "optional": false,
          "requiredContext": "minecraft:leather_helmet"
        },
        
        {
          "id": "summer_incineroar_incineroar",
          "variant": "item_interact",
          "result": "incineroar summer=false",
          "consumeHeldItem": false,
          "learnableMoves": [],
          "requirements": [],
          "optional": false,
          "requiredContext": "minecraft:shears"
        }

      ]

    }

  ]
  
}