{
	"format_version": "1.12.0",
	"minecraft:geometry": [
		{
			"description": {
				"identifier": "geometry.venusaur_female",
				"texture_width": 128,
				"texture_height": 64,
				"visible_bounds_width": 5,
				"visible_bounds_height": 2.5,
				"visible_bounds_offset": [0, 0.75, 0]
			},
			"bones": [
				{
					"name": "venusaur",
					"pivot": [0, 0, 0]
				},
				{
					"name": "body",
					"parent": "venusaur",
					"pivot": [0, 6.74976, 3.5109]
				},
				{
					"name": "torso",
					"parent": "body",
					"pivot": [0, 6.7498, 3.5109],
					"cubes": [
						{"origin": [-7.5, 1.99976, -4.9891], "size": [15, 8, 16], "pivot": [0, 6.74976, 3.5109], "rotation": [-5, 0, 0], "uv": [0, 0]}
					]
				},
				{
					"name": "Tail",
					"parent": "torso",
					"pivot": [0, 6.74976, 3.5109],
					"cubes": [
						{"origin": [-3.5, 1.99976, 18.0109], "size": [1, 6, 5], "pivot": [0, 6.74976, 3.5109], "rotation": [-5, 0, 0], "uv": [11, 11]},
						{"origin": [-9.5, 1.99976, 18.0109], "size": [1, 5, 5], "pivot": [0, 6.74976, 3.5109], "rotation": [-5, 0, 0], "uv": [11, 11]},
						{"origin": [-8.5, 2.49976, 18.5109], "size": [5, 4, 4], "pivot": [0, 6.74976, 3.5109], "rotation": [-5, 0, 0], "uv": [12, 12]},
						{"origin": [-14.5, 2.49976, 19.0109], "size": [5, 3, 3], "pivot": [0, 6.74976, 3.5109], "rotation": [-5, 0, 0], "uv": [13, 13]},
						{"origin": [-16.5, 2.49976, 19.0109], "size": [2, 2, 2], "pivot": [0, 6.74976, 3.5109], "rotation": [-5, 0, 0], "uv": [14, 14]},
						{"origin": [19.4, 14.5, -6], "size": [0, 6, 7], "pivot": [0, 0, 0], "rotation": [-90, -90, 0], "uv": [107, 35]},
						{"origin": [-2.5, 1.99976, 11.0109], "size": [5, 6, 6], "pivot": [0, 6.74976, 3.5109], "rotation": [-5, 0, 0], "uv": [10, 10]},
						{"origin": [-2.5, 1.99976, 17.0109], "size": [4, 5, 5], "pivot": [0, 6.74976, 3.5109], "rotation": [-5, 0, 0], "uv": [11, 11]}
					]
				},
				{
					"name": "head",
					"parent": "torso",
					"pivot": [0, 6.75, -2.5],
					"cubes": [
						{"origin": [6.5, 6, -9.75], "size": [1, 1, 4], "uv": [0, 39]},
						{"origin": [-6.5, 5, -11.5], "size": [13, 6, 8], "uv": [0, 24]},
						{"origin": [-6.5, 4, -8], "size": [13, 1, 3], "inflate": 0.01, "uv": [30, 45]},
						{"origin": [-7.5, 4, -9.75], "size": [1, 1, 4], "uv": [0, 39]},
						{"origin": [-7.5, 6, -9.75], "size": [1, 1, 4], "uv": [0, 39]},
						{"origin": [-8.5, 5, -9.75], "size": [2, 1, 4], "uv": [0, 39]},
						{"origin": [6.5, 4, -9.75], "size": [1, 1, 4], "uv": [0, 39]},
						{"origin": [6.5, 5, -9.75], "size": [2, 1, 4], "uv": [0, 39]},
						{"origin": [-6.05, 4, -11.4], "size": [1, 1, 0], "inflate": 0.01, "pivot": [-5.05, 5, -11.4], "rotation": [10, 12.5, 47.5], "uv": [0, 1]},
						{"origin": [5.05, 4, -11.4], "size": [1, 1, 0], "inflate": 0.01, "pivot": [5.05, 5, -11.4], "rotation": [10, -12.5, -47.5], "uv": [0, 0], "mirror": true}
					]
				},
				{
					"name": "jaw",
					"parent": "head",
					"pivot": [0, 5.25, -8.25],
					"cubes": [
						{"origin": [-6.5, 4, -11], "size": [13, 1, 3], "uv": [30, 41]},
						{"origin": [-5, 4, -12], "size": [10, 1, 1], "uv": [34, 27]},
						{"origin": [-4.5, 4.5, -11.85], "size": [1, 1, 0], "pivot": [-4.5, 5, -11.85], "rotation": [-12.5, -15, 35], "uv": [2, 3], "mirror": true},
						{"origin": [-4, 4.5, -11.85], "size": [1, 1, 0], "pivot": [-4, 5, -11.85], "rotation": [-12.5, -15, 35], "uv": [2, 2], "mirror": true},
						{"origin": [3, 4.5, -11.85], "size": [1, 1, 0], "pivot": [4, 5, -11.85], "rotation": [-12.5, 15, -35], "uv": [2, 0]},
						{"origin": [3.5, 4.5, -11.85], "size": [1, 1, 0], "pivot": [4.5, 5, -11.85], "rotation": [-12.5, 15, -35], "uv": [2, 1]}
					]
				},
				{
					"name": "eyes",
					"parent": "head",
					"pivot": [0, 9, -11]
				},
				{
					"name": "eye_right",
					"parent": "eyes",
					"pivot": [-4.25, 8.68301, -11.501],
					"cubes": [
						{"origin": [-5.75, 7.18301, -11.51], "size": [3, 3, 0], "pivot": [-4.25, 8.68301, -11.505], "rotation": [0, 0, 30], "uv": [0, 27], "mirror": true}
					]
				},
				{
					"name": "eyelid_right",
					"parent": "eye_right",
					"pivot": [-4.25, 8.68301, -10.905],
					"cubes": [
						{"origin": [-6, 7.25, -11.41], "size": [3, 3, 1], "inflate": 0.01, "pivot": [-4.5, 8.25, -11.5], "rotation": [0, 0, 30], "uv": [84, 40], "mirror": true}
					]
				},
				{
					"name": "eye_left",
					"parent": "eyes",
					"pivot": [4.25, 8.68301, -11.505],
					"cubes": [
						{"origin": [2.75, 7.18301, -11.51], "size": [3, 3, 0], "pivot": [4.25, 8.68301, -11.505], "rotation": [0, 0, -30], "uv": [0, 24]}
					]
				},
				{
					"name": "eyelid_left",
					"parent": "eye_left",
					"pivot": [4.25, 8.68301, -10.905],
					"cubes": [
						{"origin": [3, 7.25, -11.41], "size": [3, 3, 1], "inflate": 0.01, "pivot": [4.5, 8.25, -10.5], "rotation": [0, 0, -30], "uv": [84, 40]}
					]
				},
				{
					"name": "ears",
					"parent": "head",
					"pivot": [0, 10.25, -7]
				},
				{
					"name": "ear_right",
					"parent": "ears",
					"pivot": [-3.75, 10.75, -8.25],
					"rotation": [0, -45, -20],
					"cubes": [
						{"origin": [-3.75, 9.5, -10.25], "size": [0, 7.75, 5], "uv": [0, 2], "mirror": true}
					]
				},
				{
					"name": "ear_left",
					"parent": "ears",
					"pivot": [3.75, 10.5, -8.25],
					"rotation": [0, 45, 20],
					"cubes": [
						{"origin": [3.75, 9.5, -10.25], "size": [0, 7.75, 5], "uv": [0, 2]}
					]
				},
				{
					"name": "flower",
					"parent": "torso",
					"pivot": [0, 10, 1],
					"rotation": [-2.5, 0, 0],
					"cubes": [
						{"origin": [-5.5, 10, -1.5], "size": [10, 7, 11], "uv": [82, 7]},
						{"origin": [-5.5, 15, -8.5], "size": [1, 1, 2], "pivot": [0, 0, 0], "rotation": [0, 180, 0], "uv": [94, 15]},
						{"origin": [-3.5, 17, -8.5], "size": [3, 2, 9], "pivot": [0, 0, 0], "rotation": [0, 180, 0], "uv": [94, 3]},
						{"origin": [1.5, 17, -8.5], "size": [3, 2, 9], "pivot": [0, 0, 0], "rotation": [0, 180, 0], "uv": [87, 8]},
						{"origin": [-0.5, 17, -8.5], "size": [2, 2, 2], "pivot": [0, 0, 0], "rotation": [0, 180, 0], "uv": [94, 15]},
						{"origin": [-0.5, 17, -1.5], "size": [2, 2, 2], "pivot": [0, 0, 0], "rotation": [0, 180, 0], "uv": [94, 15]},
						{"origin": [-5.5, 15, -5], "size": [1, 1, 2], "pivot": [0, 0, 0], "rotation": [0, 180, 0], "uv": [94, 15]},
						{"origin": [-5.5, 15, -2], "size": [1, 1, 2], "pivot": [0, 0, 0], "rotation": [0, 180, 0], "uv": [94, 15]},
						{"origin": [-6.5, 14, -3], "size": [1, 1, 2], "pivot": [0, 0, 0], "rotation": [0, 180, 0], "uv": [94, 15]},
						{"origin": [-6.5, 14, -8], "size": [1, 1, 2], "pivot": [0, 0, 0], "rotation": [0, 180, 0], "uv": [94, 15]},
						{"origin": [-6.5, 10, -8.5], "size": [1, 4, 3], "pivot": [0, 0, 0], "rotation": [0, 180, 0], "uv": [97, 14]},
						{"origin": [-6.5, 10, -3.5], "size": [1, 4, 3], "pivot": [0, 0, 0], "rotation": [0, 180, 0], "uv": [103, 17]},
						{"origin": [-5.5, 10, -9.5], "size": [1, 5, 11], "pivot": [0, 0, 0], "rotation": [0, 180, 0], "uv": [85, 6]},
						{"origin": [-6.5, 15, 3], "size": [1, 1, 2], "uv": [94, 15]},
						{"origin": [-6.5, 15, -0.5], "size": [1, 1, 2], "uv": [94, 15]},
						{"origin": [-6.5, 10, -1.5], "size": [1, 5, 11], "uv": [85, 6]},
						{"origin": [-2.5, 15, -3.5], "size": [1, 1, 2], "pivot": [0, 0, 0], "rotation": [0, -90, 0], "uv": [94, 15]},
						{"origin": [-2.5, 15, 0], "size": [1, 1, 2], "pivot": [0, 0, 0], "rotation": [0, -90, 0], "uv": [94, 15]},
						{"origin": [-2.5, 15, 3], "size": [1, 1, 2], "pivot": [0, 0, 0], "rotation": [0, -90, 0], "uv": [94, 15]},
						{"origin": [-3.5, 14, 2], "size": [1, 1, 2], "pivot": [0, 0, 0], "rotation": [0, -90, 0], "uv": [94, 15]},
						{"origin": [-3.5, 14, -3], "size": [1, 1, 2], "pivot": [0, 0, 0], "rotation": [0, -90, 0], "uv": [94, 15]},
						{"origin": [-3.5, 10, -3.5], "size": [1, 4, 3], "pivot": [0, 0, 0], "rotation": [0, -90, 0], "uv": [97, 16]},
						{"origin": [-3.5, 10, 1.5], "size": [1, 4, 3], "pivot": [0, 0, 0], "rotation": [0, -90, 0], "uv": [102, 12]},
						{"origin": [-2.5, 10, -4.5], "size": [1, 5, 11], "pivot": [0, 0, 0], "rotation": [0, -90, 0], "uv": [94, 3]},
						{"origin": [-10.5, 15, -4.5], "size": [1, 1, 2], "pivot": [0, 0, 0], "rotation": [0, 90, 0], "uv": [94, 15]},
						{"origin": [-10.5, 15, -1], "size": [1, 1, 2], "pivot": [0, 0, 0], "rotation": [0, 90, 0], "uv": [94, 15]},
						{"origin": [-10.5, 15, 2], "size": [1, 1, 2], "pivot": [0, 0, 0], "rotation": [0, 90, 0], "uv": [94, 15]},
						{"origin": [-11.5, 14, 1], "size": [1, 1, 2], "pivot": [0, 0, 0], "rotation": [0, 90, 0], "uv": [94, 15]},
						{"origin": [-11.5, 14, -4], "size": [1, 1, 2], "pivot": [0, 0, 0], "rotation": [0, 90, 0], "uv": [94, 15]},
						{"origin": [-11.5, 10, -4.5], "size": [1, 4, 3], "pivot": [0, 0, 0], "rotation": [0, 90, 0], "uv": [98, 12]},
						{"origin": [-11.5, 10, 0.5], "size": [1, 4, 3], "pivot": [0, 0, 0], "rotation": [0, 90, 0], "uv": [85, 18]},
						{"origin": [-10.5, 10, -5.5], "size": [1, 5, 11], "pivot": [0, 0, 0], "rotation": [0, 90, 0], "uv": [85, 6]},
						{"origin": [-7.5, 10, 4.5], "size": [1, 4, 3], "uv": [99, 10]},
						{"origin": [-7.5, 10, -0.5], "size": [1, 4, 3], "uv": [99, 14]},
						{"origin": [-7.5, 14, 5], "size": [1, 1, 2], "uv": [94, 15]},
						{"origin": [-6.5, 15, 6], "size": [1, 1, 2], "uv": [94, 15]},
						{"origin": [-7.5, 14, 0], "size": [1, 1, 2], "uv": [94, 15]}
					]
				},
				{
					"name": "leg_front_right",
					"parent": "body",
					"pivot": [-6.75, 7.5, -1.75],
					"rotation": [0, 2.5, 0],
					"cubes": [
						{"origin": [-9.25, 0, -4.25], "size": [5, 9, 5], "uv": [10, 38], "mirror": true},
						{"origin": [-8.75, 0, -5.15], "size": [0, 1, 1], "pivot": [-8.75, 0.5, -4.25], "rotation": [0, 15, 0], "uv": [13, 1]},
						{"origin": [-6.75, 0, -5.25], "size": [0, 1, 1], "uv": [13, 0]},
						{"origin": [-4.75, 0, -5.15], "size": [0, 1, 1], "pivot": [-4.75, 0.5, -4.25], "rotation": [0, -15, 0], "uv": [13, -1]}
					]
				},
				{
					"name": "leg_front_left",
					"parent": "body",
					"pivot": [6.75, 7.5, -1.75],
					"rotation": [0, -2.5, 0],
					"cubes": [
						{"origin": [4.25, 0, -4.25], "size": [5, 9, 5], "uv": [10, 38]},
						{"origin": [4.75, 0, -5.15], "size": [0, 1, 1], "pivot": [4.75, 0.5, -4.25], "rotation": [0, 15, 0], "uv": [13, 4]},
						{"origin": [6.75, 0, -5.25], "size": [0, 1, 1], "uv": [13, 3]},
						{"origin": [8.75, 0, -5.15], "size": [0, 1, 1], "pivot": [8.75, 0.5, -4.25], "rotation": [0, -15, 0], "uv": [13, 2]}
					]
				},
				{
					"name": "leg_back_right",
					"parent": "body",
					"pivot": [-7, 6.5, 7.25],
					"rotation": [0, 2.5, 0],
					"cubes": [
						{"origin": [-9.5, 3, 4.25], "size": [5, 5, 6], "inflate": 0.01, "uv": [47, 0], "mirror": true}
					]
				},
				{
					"name": "leg_back_right2",
					"parent": "leg_back_right",
					"pivot": [-7, 3, 7.25],
					"cubes": [
						{"origin": [-9.5, 0, 5.25], "size": [5, 4, 5], "uv": [63, 35], "mirror": true},
						{"origin": [-9, 0, 4.35], "size": [0, 1, 1], "pivot": [-9, 0.5, 5.25], "rotation": [0, 15, 0], "uv": [13, 7]},
						{"origin": [-7, 0, 4.25], "size": [0, 1, 1], "uv": [13, 6]},
						{"origin": [-5, 0, 4.35], "size": [0, 1, 1], "pivot": [-5, 0.5, 5.25], "rotation": [0, -15, 0], "uv": [13, 5]}
					]
				},
				{
					"name": "leg_back_left",
					"parent": "body",
					"pivot": [7, 6.5, 7.25],
					"rotation": [0, -2.5, 0],
					"cubes": [
						{"origin": [4.5, 3, 4.25], "size": [5, 5, 6], "inflate": 0.01, "uv": [47, 0]}
					]
				},
				{
					"name": "leg_back_left2",
					"parent": "leg_back_left",
					"pivot": [7, 3, 7.25],
					"cubes": [
						{"origin": [4.5, 0, 5.25], "size": [5, 4, 5], "uv": [63, 35]},
						{"origin": [5, 0, 4.35], "size": [0, 1, 1], "pivot": [5, 0.5, 5.25], "rotation": [0, 15, 0], "uv": [13, 10]},
						{"origin": [7, 0, 4.25], "size": [0, 1, 1], "uv": [13, 9]},
						{"origin": [9, 0, 4.35], "size": [0, 1, 1], "pivot": [9, 0.5, 5.25], "rotation": [0, -15, 0], "uv": [13, 8]}
					]
				}
			]
		}
	]
}