{
	"format_version": "1.12.0",
	"minecraft:geometry": [
		{
			"description": {
				"identifier": "geometry.bayleef",
				"texture_width": 128,
				"texture_height": 64,
				"visible_bounds_width": 6,
				"visible_bounds_height": 4.5,
				"visible_bounds_offset": [0, 1.75, 0]
			},
			"bones": [
				{
					"name": "bayleef",
					"pivot": [0, 0, 0]
				},
				{
					"name": "body",
					"parent": "bayleef",
					"pivot": [0, 9, 0]
				},
				{
					"name": "torso",
					"parent": "body",
					"pivot": [0, 9, 5],
					"cubes": [
						{"origin": [-5, 5.25, -8], "size": [10, 8, 16], "uv": [0, 0]},
						{"origin": [1, 9, -5], "size": [0, 8, 7], "pivot": [0, 9, 5], "rotation": [0, 180, 0], "uv": [99, 34]}
					]
				},
				{
					"name": "neck",
					"parent": "torso",
					"pivot": [0, 10.75, -5.75],
					"cubes": [
						{"origin": [-2.5, 8.75, -8.25], "size": [5, 6, 5], "uv": [36, 0]}
					]
				},
				{
					"name": "vines",
					"parent": "neck",
					"pivot": [-3.15, 13.75, -4]
				},
				{
					"name": "vine_right",
					"parent": "vines",
					"pivot": [-2.4, 13.75, -4],
					"cubes": [
						{"origin": [-6.4, 13.25, -4], "size": [4, 1, 0], "uv": [38, 59]}
					]
				},
				{
					"name": "vine_right2",
					"parent": "vine_right",
					"pivot": [-6.4, 13.75, -4],
					"cubes": [
						{"origin": [-10.4, 13.25, -4], "size": [4, 1, 0], "uv": [38, 58]}
					]
				},
				{
					"name": "vine_right3",
					"parent": "vine_right2",
					"pivot": [-10.4, 13.75, -4],
					"cubes": [
						{"origin": [-14.4, 13.25, -4], "size": [4, 1, 0], "uv": [38, 57]}
					]
				},
				{
					"name": "vine_right4",
					"parent": "vine_right3",
					"pivot": [-14.4, 13.75, -4],
					"cubes": [
						{"origin": [-18.4, 13.25, -4], "size": [4, 1, 0], "uv": [38, 56]}
					]
				},
				{
					"name": "vine_right5",
					"parent": "vine_right4",
					"pivot": [-18.4, 13.75, -4],
					"cubes": [
						{"origin": [-22.4, 13.25, -4], "size": [4, 1, 0], "uv": [38, 55]}
					]
				},
				{
					"name": "vine_right6",
					"parent": "vine_right5",
					"pivot": [-22.4, 13.75, -4],
					"cubes": [
						{"origin": [-26.4, 13.25, -4], "size": [4, 1, 0], "uv": [38, 54]}
					]
				},
				{
					"name": "vine_right7",
					"parent": "vine_right6",
					"pivot": [-26.4, 13.75, -4],
					"cubes": [
						{"origin": [-30.4, 13.25, -4], "size": [4, 1, 0], "uv": [38, 53]}
					]
				},
				{
					"name": "vine_right_end",
					"parent": "vine_right7",
					"pivot": [-30.4, 13.75, -4],
					"cubes": [
						{"origin": [-33.4, 12.75, -4], "size": [3, 2, 0], "uv": [39, 51]}
					]
				},
				{
					"name": "vine_left",
					"parent": "vines",
					"pivot": [2.4, 13.75, -4],
					"cubes": [
						{"origin": [2.4, 13.25, -4], "size": [4, 1, 0], "uv": [48, 58]}
					]
				},
				{
					"name": "vine_left2",
					"parent": "vine_left",
					"pivot": [6.4, 13.75, -4],
					"cubes": [
						{"origin": [6.4, 13.25, -4], "size": [4, 1, 0], "uv": [48, 59]}
					]
				},
				{
					"name": "vine_left3",
					"parent": "vine_left2",
					"pivot": [10.4, 13.75, -4],
					"cubes": [
						{"origin": [10.4, 13.25, -4], "size": [4, 1, 0], "uv": [48, 56]}
					]
				},
				{
					"name": "vine_left4",
					"parent": "vine_left3",
					"pivot": [14.4, 13.75, -4],
					"cubes": [
						{"origin": [14.4, 13.25, -4], "size": [4, 1, 0], "uv": [48, 55]}
					]
				},
				{
					"name": "vine_left5",
					"parent": "vine_left4",
					"pivot": [18.4, 13.75, -4],
					"cubes": [
						{"origin": [18.4, 13.25, -4], "size": [4, 1, 0], "uv": [48, 54]}
					]
				},
				{
					"name": "vine_left6",
					"parent": "vine_left5",
					"pivot": [22.4, 13.75, -4],
					"cubes": [
						{"origin": [22.4, 13.25, -4], "size": [4, 1, 0], "uv": [48, 53]}
					]
				},
				{
					"name": "vine_left7",
					"parent": "vine_left6",
					"pivot": [26.4, 13.75, -4],
					"cubes": [
						{"origin": [26.4, 13.25, -4], "size": [4, 1, 0], "uv": [48, 57]}
					]
				},
				{
					"name": "vine_left_end",
					"parent": "vine_left7",
					"pivot": [30.4, 13.75, -4],
					"cubes": [
						{"origin": [30.4, 12.75, -4], "size": [3, 2, 0], "uv": [49, 51]}
					]
				},
				{
					"name": "petals",
					"parent": "neck",
					"pivot": [0, 15.75, -5],
					"rotation": [0, 7.5, 0],
					"cubes": [
						{"origin": [-4, 14.75, -6], "size": [2, 1, 1], "uv": [98, 13]},
						{"origin": [-5, 14.75, -5], "size": [3, 2, 1], "uv": [98, 5]},
						{"origin": [-5, 15.75, -6], "size": [3, 1, 1], "uv": [102, 11]},
						{"origin": [-5, 13.75, -6], "size": [3, 1, 2], "uv": [98, 13]},
						{"origin": [-5, 13.75, -7], "size": [3, 3, 1], "uv": [102, 12]}
					]
				},
				{
					"name": "petals3",
					"parent": "neck",
					"pivot": [1, 15.75, -11.25],
					"rotation": [0, 175, 0],
					"cubes": [
						{"origin": [-3, 14.75, -18.25], "size": [2, 1, 1], "uv": [108, 3]},
						{"origin": [-4, 14.75, -17.25], "size": [3, 2, 1], "uv": [98, 5]},
						{"origin": [-4, 15.75, -18.25], "size": [3, 1, 1], "uv": [102, 11]},
						{"origin": [-4, 13.75, -18.25], "size": [3, 1, 2], "uv": [98, 13]},
						{"origin": [-4, 13.75, -19.25], "size": [3, 3, 1], "uv": [102, 12]}
					]
				},
				{
					"name": "neck3",
					"parent": "neck",
					"pivot": [0, 10.75, -5.75],
					"cubes": [
						{"origin": [-2.5, 8.75, -8.25], "size": [5, 6, 5], "uv": [36, 0]}
					]
				},
				{
					"name": "neck4",
					"parent": "neck3",
					"pivot": [0, 14.75, -8.25],
					"cubes": [
						{"origin": [-2.5, 14.75, -8.25], "size": [5, 6, 5], "inflate": 0.01, "uv": [21, 38]}
					]
				},
				{
					"name": "head2",
					"parent": "neck4",
					"pivot": [0, 19.75, -5],
					"cubes": [
						{"origin": [-3.5, 19.75, -8], "size": [7, 1, 5], "inflate": 0.01, "uv": [1, 32]},
						{"origin": [-3.5, 20.75, -12], "size": [7, 6, 9], "inflate": 0.01, "uv": [58, 34]},
						{"origin": [-3.5, 20.25, -12], "size": [7, 1, 0], "uv": [53, 33]},
						{"origin": [-2, 21.5, -12.01], "size": [4, 1, 0], "inflate": 0.01, "uv": [56, 34]}
					]
				},
				{
					"name": "eyes2",
					"parent": "head2",
					"pivot": [0.5, 0.25, 0.25]
				},
				{
					"name": "eye_right2",
					"parent": "eyes2",
					"pivot": [-3.5, 23.7, -9]
				},
				{
					"name": "angry_eye_left2",
					"parent": "eye_right2",
					"pivot": [-3.41225, 24.075, -8.9375],
					"cubes": [
						{"origin": [-3.41, 21.95, -10.25], "size": [0, 4, 3], "inflate": 0.01, "uv": [76, 23]},
						{"origin": [-3.412, 22.45, -10], "size": [0, 2, 1], "inflate": 0.01, "uv": [66, 25]},
						{"origin": [-3.413, 23.45, -9.25], "size": [0, 1, 1], "inflate": 0.01, "uv": [66, 24]},
						{"origin": [-3.414, 23.95, -10.25], "size": [0, 2, 3], "inflate": 0.01, "uv": [76, 27]}
					]
				},
				{
					"name": "idle_eye_right3",
					"parent": "eye_right2",
					"pivot": [-3.51167, 23.95, -9.33333],
					"cubes": [
						{"origin": [-3.51, 21.95, -10.25], "size": [0, 4, 3], "inflate": 0.01, "uv": [66, 14]}
					]
				},
				{
					"name": "eyelid_right2",
					"parent": "eye_right2",
					"pivot": [-2.9, 23.8, -8.75],
					"cubes": [
						{"origin": [-3.41, 21.8, -10.25], "size": [1, 4, 3], "inflate": 0.02, "uv": [82, 28]}
					]
				},
				{
					"name": "eye_left2",
					"parent": "eyes2",
					"pivot": [3.5, 23.7, -9]
				},
				{
					"name": "angry_eye_right2",
					"parent": "eye_left2",
					"pivot": [3.41225, 24.075, -8.9375],
					"cubes": [
						{"origin": [3.41, 21.95, -10.25], "size": [0, 4, 3], "inflate": 0.01, "uv": [70, 23]}
					]
				},
				{
					"name": "idle_eye_right4",
					"parent": "eye_left2",
					"pivot": [3.51167, 23.95, -9.33333],
					"cubes": [
						{"origin": [3.51, 21.95, -10.25], "size": [0, 4, 3], "inflate": 0.01, "uv": [66, 18]}
					]
				},
				{
					"name": "eyelid_left2",
					"parent": "eye_left2",
					"pivot": [2.9, 23.8, -8.75],
					"cubes": [
						{"origin": [2.41, 21.8, -10.25], "size": [1, 4, 3], "inflate": 0.02, "uv": [82, 35]}
					]
				},
				{
					"name": "jaw2",
					"parent": "head2",
					"pivot": [0, 20.75, -7.75],
					"cubes": [
						{"origin": [-3.5, 19.75, -11.75], "size": [7, 1, 4], "uv": [35, 31]}
					]
				},
				{
					"name": "head_leaf5",
					"parent": "head2",
					"pivot": [0, 25.05, -12.1],
					"rotation": [-10, 0, 0],
					"cubes": [
						{"origin": [0, 23.55, -13.6], "size": [0, 3, 2], "inflate": 0.01, "uv": [0, 29]}
					]
				},
				{
					"name": "head_leaf6",
					"parent": "head_leaf5",
					"pivot": [0, 24.4, -13.6],
					"rotation": [-80, 0, 0],
					"cubes": [
						{"origin": [0, 23.9, -18.1], "size": [0, 1, 5], "uv": [0, 10]}
					]
				},
				{
					"name": "head_leaf7",
					"parent": "head_leaf6",
					"pivot": [0, 23.9, -18.1],
					"rotation": [-65, 0, 0],
					"cubes": [
						{"origin": [0, 23.9, -23.1], "size": [0, 1, 5], "uv": [0, 9]}
					]
				},
				{
					"name": "head_leaf8",
					"parent": "head_leaf7",
					"pivot": [0, 23.9, -23.1],
					"cubes": [
						{"origin": [0, 21.9, -42.1], "size": [0, 7, 19], "inflate": 0.01, "uv": [0, 5]}
					]
				},
				{
					"name": "petals4",
					"parent": "neck3",
					"pivot": [-3.75, 15.75, -4.75],
					"rotation": [0, -82.5, 0],
					"cubes": [
						{"origin": [-7.75, 14.75, -7.75], "size": [2, 1, 1], "uv": [106, 5]},
						{"origin": [-8.75, 14.75, -6.75], "size": [3, 2, 1], "uv": [98, 5]},
						{"origin": [-8.75, 15.75, -7.75], "size": [3, 1, 1], "uv": [102, 11]},
						{"origin": [-8.75, 13.75, -7.75], "size": [3, 1, 2], "uv": [98, 13]},
						{"origin": [-8.75, 13.75, -8.75], "size": [3, 3, 1], "uv": [102, 12]}
					]
				},
				{
					"name": "petals6",
					"parent": "neck3",
					"pivot": [-5.25, 15.75, -5.75],
					"rotation": [0, -95, 0],
					"cubes": [
						{"origin": [-9.25, 14.75, -12.75], "size": [2, 1, 1], "uv": [106, 5]},
						{"origin": [-10.25, 14.75, -11.75], "size": [3, 2, 1], "uv": [98, 5]},
						{"origin": [-10.25, 15.75, -12.75], "size": [3, 1, 1], "uv": [102, 11]},
						{"origin": [-10.25, 13.75, -12.75], "size": [3, 1, 2], "uv": [98, 13]},
						{"origin": [-10.25, 13.75, -13.75], "size": [3, 3, 1], "uv": [102, 12]}
					]
				},
				{
					"name": "petals7",
					"parent": "neck",
					"pivot": [-12.75, 15.75, -6.5],
					"rotation": [0, 85, 0],
					"cubes": [
						{"origin": [-16.75, 14.75, 5.5], "size": [2, 1, 1], "uv": [107, 4]},
						{"origin": [-17.75, 14.75, 6.5], "size": [3, 2, 1], "uv": [98, 5]},
						{"origin": [-17.75, 15.75, 5.5], "size": [3, 1, 1], "uv": [102, 11]},
						{"origin": [-17.75, 13.75, 5.5], "size": [3, 1, 2], "uv": [98, 13]},
						{"origin": [-17.75, 13.75, 4.5], "size": [3, 3, 1], "uv": [102, 12]}
					]
				},
				{
					"name": "tail",
					"parent": "torso",
					"pivot": [-0.5, 9.9, 7.75]
				},
				{
					"name": "tail2",
					"parent": "tail",
					"pivot": [-0.5, 10.4, 9.75]
				},
				{
					"name": "leg_back_right",
					"parent": "body",
					"pivot": [-3.75, 8.5, 5.5],
					"cubes": [
						{"origin": [-5.75, 4, 3.5], "size": [4, 6, 4], "inflate": 0.01, "uv": [41, 38]}
					]
				},
				{
					"name": "leg_back_right2",
					"parent": "leg_back_right",
					"pivot": [-3.75, 4, 3.5],
					"cubes": [
						{"origin": [-5.75, 0, 3.5], "size": [4, 4, 4], "uv": [72, 0]},
						{"origin": [-4.75, 0, 2.75], "size": [2, 1, 1], "uv": [26, 31]}
					]
				},
				{
					"name": "leg_back_left",
					"parent": "body",
					"pivot": [3.75, 8.5, 5.5],
					"cubes": [
						{"origin": [1.75, 4, 3.5], "size": [4, 6, 4], "inflate": 0.01, "uv": [72, 16]}
					]
				},
				{
					"name": "leg_back_left2",
					"parent": "leg_back_left",
					"pivot": [3.75, 4, 3.5],
					"cubes": [
						{"origin": [1.75, 0, 3.5], "size": [4, 4, 4], "uv": [54, 25]},
						{"origin": [2.75, 0, 2.75], "size": [2, 1, 1], "uv": [32, 31]}
					]
				},
				{
					"name": "leg_front_right",
					"parent": "body",
					"pivot": [-3.75, 8.5, -5.25],
					"cubes": [
						{"origin": [-5.75, 4, -7.25], "size": [4, 6, 4], "inflate": 0.01, "uv": [0, 39]}
					]
				},
				{
					"name": "leg_front_right2",
					"parent": "leg_front_right",
					"pivot": [-3.75, 4, -7.25],
					"cubes": [
						{"origin": [-5.75, 0, -7.25], "size": [4, 4, 4], "uv": [0, 0]},
						{"origin": [-2.3, 0, -8], "size": [0, 1, 1], "pivot": [-2.3, 0.5, -7], "rotation": [0, -20, 0], "uv": [0, 1]},
						{"origin": [-4.75, 0, -8], "size": [2, 1, 1], "uv": [10, 14]},
						{"origin": [-5.2, 0, -8], "size": [0, 1, 1], "pivot": [-5.2, 0.5, -7], "rotation": [0, 20, 0], "uv": [0, 0]}
					]
				},
				{
					"name": "leg_front_left",
					"parent": "body",
					"pivot": [3.75, 8.5, -5.25],
					"cubes": [
						{"origin": [1.75, 4, -7.25], "size": [4, 6, 4], "inflate": 0.01, "uv": [56, 0]}
					]
				},
				{
					"name": "leg_front_left2",
					"parent": "leg_front_left",
					"pivot": [3.75, 4, -7.25],
					"cubes": [
						{"origin": [1.75, 0, -7.25], "size": [4, 4, 4], "uv": [72, 8]},
						{"origin": [2.3, 0, -8], "size": [0, 1, 1], "pivot": [2.3, 0.5, -7], "rotation": [0, 20, 0], "uv": [2, 0]},
						{"origin": [2.75, 0, -8], "size": [2, 1, 1], "uv": [0, 34]},
						{"origin": [5.2, 0, -8], "size": [0, 1, 1], "pivot": [5.2, 0.5, -7], "rotation": [0, -20, 0], "uv": [0, 2]}
					]
				}
			]
		}
	]
}