{
	"format_version": "1.8.0",
	"animations": {
		"animation.evolotto-spaceworldmons.ground_idle": {
			"loop": true,
			"animation_length": 4,
			"bones": {
				"body": {
					"rotation": {
						"0.0": {
							"post": [0, 0, 0],
							"lerp_mode": "catmullrom"
						}
					},
					"position": {
						"0.0": {
							"post": [0, 0, 0],
							"lerp_mode": "catmullrom"
						},
						"1.0": {
							"post": [0.3, 0, 0],
							"lerp_mode": "catmullrom"
						},
						"2.0": {
							"post": [0, 0, 0],
							"lerp_mode": "catmullrom"
						},
						"3.0": {
							"post": [-0.3, 0, 0],
							"lerp_mode": "catmullrom"
						},
						"4.0": {
							"post": [0, 0, 0],
							"lerp_mode": "catmullrom"
						}
					}
				},
				"neck": {
					"rotation": {
						"0.0": {
							"post": [0, 0, 0],
							"lerp_mode": "catmullrom"
						},
						"1.0": {
							"post": [0, 0, -2.5],
							"lerp_mode": "catmullrom"
						},
						"2.0": {
							"post": [0, 0, 0],
							"lerp_mode": "catmullrom"
						},
						"3.0": {
							"post": [0, 0, 2.5],
							"lerp_mode": "catmullrom"
						},
						"4.0": {
							"post": [0, 0, 0],
							"lerp_mode": "catmullrom"
						}
					}
				},
				"head": {
					"rotation": {
						"0.0": {
							"post": [0, 0, 0],
							"lerp_mode": "catmullrom"
						},
						"1.0": {
							"post": [5, 0, 0],
							"lerp_mode": "catmullrom"
						},
						"2.0": {
							"post": [0, 0, 0],
							"lerp_mode": "catmullrom"
						},
						"3.0": {
							"post": [-5, 0, 0],
							"lerp_mode": "catmullrom"
						},
						"4.0": {
							"post": [0, 0, 0],
							"lerp_mode": "catmullrom"
						}
					}
				},
				"leg_front_right": {
					"rotation": {
						"0.0": {
							"post": [0, 0, 0],
							"lerp_mode": "catmullrom"
						},
						"1.0": {
							"post": [0, 0, 12.5],
							"lerp_mode": "catmullrom"
						},
						"2.0": {
							"post": [0, 0, 0],
							"lerp_mode": "catmullrom"
						},
						"3.0": {
							"post": [0, 0, -12.5],
							"lerp_mode": "catmullrom"
						},
						"4.0": {
							"post": [0, 0, 0],
							"lerp_mode": "catmullrom"
						}
					}
				},
				"leg_front_left": {
					"rotation": {
						"0.0": {
							"post": [0, 0, 0],
							"lerp_mode": "catmullrom"
						},
						"1.0": {
							"post": [0, 0, 12.5],
							"lerp_mode": "catmullrom"
						},
						"2.0": {
							"post": [0, 0, 0],
							"lerp_mode": "catmullrom"
						},
						"3.0": {
							"post": [0, 0, -12.5],
							"lerp_mode": "catmullrom"
						},
						"4.0": {
							"post": [0, 0, 0],
							"lerp_mode": "catmullrom"
						}
					}
				},
				"leg_back_right": {
					"rotation": {
						"0.0": {
							"post": [0, 0, 0],
							"lerp_mode": "catmullrom"
						},
						"1.0": {
							"post": [0, 0, 7.5],
							"lerp_mode": "catmullrom"
						},
						"2.0": {
							"post": [0, 0, 0],
							"lerp_mode": "catmullrom"
						},
						"3.0": {
							"post": [0, 0, -7.5],
							"lerp_mode": "catmullrom"
						},
						"4.0": {
							"post": [0, 0, 0],
							"lerp_mode": "catmullrom"
						}
					}
				},
				"leg_back_left": {
					"rotation": {
						"0.0": {
							"post": [0, 0, 0],
							"lerp_mode": "catmullrom"
						},
						"1.0": {
							"post": [0, 0, 7.5],
							"lerp_mode": "catmullrom"
						},
						"2.0": {
							"post": [0, 0, 0],
							"lerp_mode": "catmullrom"
						},
						"3.0": {
							"post": [0, 0, -7.5],
							"lerp_mode": "catmullrom"
						},
						"4.0": {
							"post": [0, 0, 0],
							"lerp_mode": "catmullrom"
						}
					}
				},
				"tail": {
					"rotation": {
						"0.0": {
							"post": [0, 0, 0],
							"lerp_mode": "catmullrom"
						},
						"1.0": {
							"post": [0, -10, 0],
							"lerp_mode": "catmullrom"
						},
						"2.0": {
							"post": [0, 0, 0],
							"lerp_mode": "catmullrom"
						},
						"3.0": {
							"post": [0, 10, 0],
							"lerp_mode": "catmullrom"
						},
						"4.0": {
							"post": [0, 0, 0],
							"lerp_mode": "catmullrom"
						}
					}
				}
			}
		},
		"animation.evolotto-spaceworldmons.blink": {
			"animation_length": 0.1667,
			"bones": {
				"left_eye": {
					"position": {
						"0.0": [-0.1, 0, 0],
						"0.125": [-0.1, 0, 0],
						"0.1667": [0, 0, 0]
					}
				},
				"right_eye": {
					"position": {
						"0.0": [0.1, 0, 0],
						"0.125": [0.1, 0, 0],
						"0.1667": [0, 0, 0]
					}
				},
				"left_eyelid": {
					"position": {
						"0.0": [0.3, 0, 0],
						"0.125": [0.3, 0, 0],
						"0.1667": [0, 0, 0]
					}
				},
				"right_eyelid": {
					"position": {
						"0.0": [-0.3, 0, 0],
						"0.125": [-0.3, 0, 0],
						"0.1667": [0, 0, 0]
					}
				}
			}
		},
		"animation.evolotto-spaceworldmons.cry": {
			"animation_length": 1.3333,
			"bones": {
				"head": {
					"rotation": {
						"0.0": [0, 0, 0],
						"0.25": [-20, 0, 0],
						"0.375": [-27.5, 0, 0],
						"0.4583": [-24.5, 0, 0],
						"0.5417": [-27.5, 0, 0],
						"0.625": [-24.5, 0, 0],
						"0.75": [-20, 0, 0],
						"1.125": [0, 0, 0]
					}
				}
			},
			"sound_effects": {
				"0.25": {
					"effect": "spaceworldmons:pokemon.evolotto.cry"
				}
			}
		},
		"animation.evolotto-spaceworldmons.sleep": {
			"loop": true,
			"animation_length": 2.25,
			"bones": {
				"body": {
					"rotation": {
						"0.0": [15, 0, 0],
						"1.0": [14, 0, 0],
						"2.25": [15, 0, 0]
					},
					"position": {
						"0.0": [0, -3.5, 0],
						"1.0": [0, -3.3, 0],
						"1.25": [0, -3.3, 0],
						"2.25": [0, -3.5, 0]
					}
				},
				"neck": {
					"rotation": {
						"0.0": [42.5, 0, 0],
						"2.25": [42.5, 0, 0]
					},
					"position": {
						"0.0": [0, -0.1, 0],
						"1.0": [0, -0.3, 0],
						"1.25": [0, -0.3, 0],
						"2.25": [0, -0.1, 0]
					}
				},
				"head": {
					"rotation": {
						"0.0": [-100, 0, 0],
						"2.25": [-100, 0, 0]
					},
					"position": {
						"0.0": [0, 0, 0],
						"2.25": [0, 0, 0]
					}
				},
				"left_eye": {
					"position": {
						"0.0": [-0.1, 0, 0],
						"2.25": [-0.1, 0, 0]
					}
				},
				"right_eye": {
					"position": {
						"0.0": [-0.1, 0, 0],
						"2.25": [0.1, 0, 0]
					}
				},
				"leg_front_right": {
					"rotation": {
						"0.0": [-0.32598, 5.60879, 86.91273],
						"2.25": [-0.32598, 5.60879, 86.91273]
					},
					"position": {
						"0.0": [0, -0.3, 0],
						"1.0": [0, -0.5, 0],
						"1.25": [0, -0.5, 0],
						"2.25": [0, -0.3, 0]
					}
				},
				"leg_front_left": {
					"rotation": {
						"0.0": [-0.09323, -5.18362, -86.88728],
						"2.25": [-0.09323, -5.18362, -86.88728]
					},
					"position": {
						"0.0": [0, -0.3, 0],
						"1.0": [0, -0.5, 0],
						"1.25": [0, -0.5, 0],
						"2.25": [0, -0.3, 0]
					}
				},
				"leg_back_right": {
					"rotation": {
						"0.0": [-0.1841, 5.35489, 88.39788],
						"2.25": [-0.1841, 5.35489, 88.39788]
					},
					"position": {
						"0.0": [0, -0.7, 0],
						"1.0": [0, -0.9, 0],
						"1.25": [0, -0.9, 0],
						"2.25": [0, -0.7, 0]
					}
				},
				"leg_back_left": {
					"rotation": {
						"0.0": [-0.1841, -5.35489, -85.89788],
						"2.25": [-0.1841, -5.35489, -85.89788]
					},
					"position": {
						"0.0": [0, -0.7, 0],
						"1.0": [0, -0.9, 0],
						"1.25": [0, -0.9, 0],
						"2.25": [0, -0.7, 0]
					}
				},
				"tail": {
					"rotation": {
						"0.0": [-52.5, 0, 0],
						"2.25": [-52.5, 0, 0]
					},
					"position": {
						"0.0": [0, -0.25, 0],
						"1.0": [0, -0.45, 0],
						"1.25": [0, -0.45, 0],
						"2.25": [0, -0.25, 0]
					}
				},
				"left_eyelid": {
					"position": [0.3, 0, 0]
				},
				"right_eyelid": {
					"position": [-0.2, 0, 0]
				}
			}
		},
		"animation.evolotto-spaceworldmons.faint": {
			"animation_length": 2,
			"bones": {
				"body": {
					"rotation": {
						"0.0": {
							"post": [0, 0, 0],
							"lerp_mode": "catmullrom"
						},
						"0.8333": {
							"post": [-150, 0, 0],
							"lerp_mode": "catmullrom"
						},
						"0.9167": {
							"post": [-160, 0, 0],
							"lerp_mode": "catmullrom"
						}
					},
					"position": {
						"0.0": {
							"post": [0, 0, 0],
							"lerp_mode": "catmullrom"
						},
						"0.2083": {
							"post": [0, 1, 1],
							"lerp_mode": "catmullrom"
						},
						"0.3333": {
							"post": [0, 1.35, 1.6],
							"lerp_mode": "catmullrom"
						},
						"0.4167": {
							"post": [0, 1, 2.1],
							"lerp_mode": "catmullrom"
						},
						"0.625": {
							"post": [0, -1, 2.35],
							"lerp_mode": "catmullrom"
						},
						"0.8333": {
							"post": [0, -3, 2.35],
							"lerp_mode": "catmullrom"
						},
						"0.9167": {
							"post": [0, -3.4, 2.35],
							"lerp_mode": "catmullrom"
						}
					}
				},
				"neck": {
					"rotation": {
						"0.0": {
							"post": [0, 0, 0],
							"lerp_mode": "catmullrom"
						},
						"0.2083": {
							"post": [17.5, 0, 0],
							"lerp_mode": "catmullrom"
						},
						"0.4583": {
							"post": [30, 0, 0],
							"lerp_mode": "catmullrom"
						},
						"0.625": {
							"post": [42.5, 0, 0],
							"lerp_mode": "catmullrom"
						},
						"0.8333": {
							"post": [45, 0, 0],
							"lerp_mode": "catmullrom"
						}
					}
				},
				"head": {
					"rotation": {
						"0.0": {
							"post": [0, 0, 0],
							"lerp_mode": "catmullrom"
						},
						"0.4583": {
							"post": [-12.5, 0, 0],
							"lerp_mode": "catmullrom"
						},
						"0.8333": {
							"post": [7.5, 0, 0],
							"lerp_mode": "catmullrom"
						},
						"1.0": {
							"post": [15, 0, 0],
							"lerp_mode": "catmullrom"
						},
						"1.1667": {
							"post": [7.5, 0, 0],
							"lerp_mode": "catmullrom"
						},
						"1.3333": {
							"post": [15, 0, 0],
							"lerp_mode": "catmullrom"
						},
						"2.0": {
							"post": [25, 0, 0],
							"lerp_mode": "catmullrom"
						}
					}
				},
				"left_eye": {
					"position": {
						"0.0": [0, 0, 0],
						"1.1667": [-0.1, 0, 0]
					}
				},
				"left_eyelid": {
					"position": {
						"0.0": [0.3, 0, 0],
						"1.1667": [0.3, 0, 0]
					}
				},
				"right_eye": {
					"position": {
						"0.0": [0, 0, 0],
						"1.1667": [0.1, 0, 0]
					}
				},
				"right_eyelid": {
					"position": {
						"0.0": [-0.3, 0, 0],
						"1.1667": [-0.3, 0, 0]
					}
				},
				"leg_front_right": {
					"rotation": {
						"0.0": {
							"post": [0, 0, 0],
							"lerp_mode": "catmullrom"
						},
						"0.9583": {
							"post": [-4.61848, -19.291, 51.58473],
							"lerp_mode": "catmullrom"
						}
					}
				},
				"leg_front_left": {
					"rotation": {
						"0.0": {
							"post": [0, 0, 0],
							"lerp_mode": "catmullrom"
						},
						"0.9583": {
							"post": [-2.07055, 18.42031, -51.21227],
							"lerp_mode": "catmullrom"
						}
					}
				},
				"leg_back_right": {
					"rotation": {
						"0.0": {
							"post": [0, 0, 0],
							"lerp_mode": "catmullrom"
						},
						"0.9583": {
							"post": [-16.46479, 10.60046, 49.31451],
							"lerp_mode": "catmullrom"
						}
					}
				},
				"leg_back_left": {
					"rotation": {
						"0.0": {
							"post": [0, 0, 0],
							"lerp_mode": "catmullrom"
						},
						"0.9583": {
							"post": [-15.23226, -11.05267, -49.35447],
							"lerp_mode": "catmullrom"
						}
					}
				},
				"tail": {
					"rotation": {
						"0.0": {
							"post": [0, 0, 0],
							"lerp_mode": "catmullrom"
						},
						"0.4583": {
							"post": [-57.5, 0, 0],
							"lerp_mode": "catmullrom"
						}
					}
				}
			},
			"sound_effects": {
				"0.8333": {
					"effect": "spaceworldmons:pokemon.evolotto.faint"
				}
			}
		},
		"animation.evolotto-spaceworldmons.ground_walk": {
			"loop": true,
			"animation_length": 2.5,
			"bones": {
				"body": {
					"rotation": {
						"0.0": {
							"post": [25, 0, 0],
							"lerp_mode": "catmullrom"
						},
						"0.5": {
							"post": [25, 0, 0],
							"lerp_mode": "catmullrom"
						},
						"0.75": {
							"post": [7.5, 0, 0],
							"lerp_mode": "catmullrom"
						},
						"1.0": {
							"post": [-2.5, 0, 0],
							"lerp_mode": "catmullrom"
						},
						"1.4167": {
							"post": [2.5, 0, 0],
							"lerp_mode": "catmullrom"
						},
						"2.5": {
							"post": [25, 0, 0],
							"lerp_mode": "catmullrom"
						}
					},
					"position": {
						"0.0": {
							"post": [0, 0, 0],
							"lerp_mode": "catmullrom"
						},
						"0.5": {
							"post": [0, -2, 0],
							"lerp_mode": "catmullrom"
						},
						"0.75": {
							"post": [0, -2.7, 0],
							"lerp_mode": "catmullrom"
						},
						"1.0": {
							"post": [0, -2.2, 0],
							"lerp_mode": "catmullrom"
						},
						"1.5": {
							"post": [0, 0, 0],
							"lerp_mode": "catmullrom"
						}
					}
				},
				"neck": {
					"rotation": {
						"0.0": {
							"post": [-10, 0, 0],
							"lerp_mode": "catmullrom"
						},
						"0.5": {
							"post": [-17.5, 0, 0],
							"lerp_mode": "catmullrom"
						},
						"1.375": {
							"post": [-10, 0, 0],
							"lerp_mode": "catmullrom"
						},
						"2.5": {
							"post": [-10, 0, 0],
							"lerp_mode": "catmullrom"
						}
					}
				},
				"head": {
					"rotation": {
						"0.0": {
							"post": [-12.5, 0, 0],
							"lerp_mode": "catmullrom"
						},
						"0.5": {
							"post": [-20, 0, 0],
							"lerp_mode": "catmullrom"
						},
						"1.0": {
							"post": [-27.5, 0, 0],
							"lerp_mode": "catmullrom"
						},
						"1.5": {
							"post": [-15, 0, 0],
							"lerp_mode": "catmullrom"
						},
						"2.5": {
							"post": [-12.5, 0, 0],
							"lerp_mode": "catmullrom"
						}
					}
				},
				"leg_front_right": {
					"rotation": {
						"0.0": {
							"post": [-47.5, 0, 0],
							"lerp_mode": "catmullrom"
						},
						"0.5": {
							"post": [-47.5, 0, 0],
							"lerp_mode": "catmullrom"
						},
						"0.75": {
							"post": [2.5, 0, 0],
							"lerp_mode": "catmullrom"
						},
						"1.0": {
							"post": [-15, 0, 0],
							"lerp_mode": "catmullrom"
						},
						"1.125": {
							"post": [5, 0, 0],
							"lerp_mode": "catmullrom"
						},
						"1.375": {
							"post": [-35, 0, 0],
							"lerp_mode": "catmullrom"
						},
						"1.625": {
							"post": [5, 0, 0],
							"lerp_mode": "catmullrom"
						},
						"1.875": {
							"post": [-35, 0, 0],
							"lerp_mode": "catmullrom"
						},
						"2.125": {
							"post": [5, 0, 0],
							"lerp_mode": "catmullrom"
						},
						"2.5": {
							"post": [-47.5, 0, 0],
							"lerp_mode": "catmullrom"
						}
					}
				},
				"leg_front_left": {
					"rotation": {
						"0.0": {
							"post": [-47.5, 0, 0],
							"lerp_mode": "catmullrom"
						},
						"0.5": {
							"post": [-47.5, 0, 0],
							"lerp_mode": "catmullrom"
						},
						"0.75": {
							"post": [2.5, 0, 0],
							"lerp_mode": "catmullrom"
						},
						"1.0": {
							"post": [-15, 0, 0],
							"lerp_mode": "catmullrom"
						},
						"1.125": {
							"post": [-35, 0, 0],
							"lerp_mode": "catmullrom"
						},
						"1.375": {
							"post": [5, 0, 0],
							"lerp_mode": "catmullrom"
						},
						"1.625": {
							"post": [-35, 0, 0],
							"lerp_mode": "catmullrom"
						},
						"1.875": {
							"post": [5, 0, 0],
							"lerp_mode": "catmullrom"
						},
						"2.125": {
							"post": [-35, 0, 0],
							"lerp_mode": "catmullrom"
						},
						"2.5": {
							"post": [-47.5, 0, 0],
							"lerp_mode": "catmullrom"
						}
					}
				},
				"leg_back_right": {
					"rotation": {
						"0.0": {
							"post": [35, 0, 0],
							"lerp_mode": "catmullrom"
						},
						"0.75": {
							"post": [-15, 0, 0],
							"lerp_mode": "catmullrom"
						},
						"1.0": {
							"post": [0, 0, 0],
							"lerp_mode": "catmullrom"
						},
						"1.125": {
							"post": [10, 0, 0],
							"lerp_mode": "catmullrom"
						},
						"1.375": {
							"post": [-25, 0, 0],
							"lerp_mode": "catmullrom"
						},
						"1.625": {
							"post": [15, 0, 0],
							"lerp_mode": "catmullrom"
						},
						"1.875": {
							"post": [-25, 0, 0],
							"lerp_mode": "catmullrom"
						},
						"2.125": {
							"post": [15, 0, 0],
							"lerp_mode": "catmullrom"
						},
						"2.5": {
							"post": [35, 0, 0],
							"lerp_mode": "catmullrom"
						}
					}
				},
				"leg_back_left": {
					"rotation": {
						"0.0": {
							"post": [35, 0, 0],
							"lerp_mode": "catmullrom"
						},
						"0.75": {
							"post": [-15, 0, 0],
							"lerp_mode": "catmullrom"
						},
						"1.0": {
							"post": [0, 0, 0],
							"lerp_mode": "catmullrom"
						},
						"1.125": {
							"post": [10, 0, 0],
							"lerp_mode": "catmullrom"
						},
						"1.375": {
							"post": [15, 0, 0],
							"lerp_mode": "catmullrom"
						},
						"1.625": {
							"post": [-25, 0, 0],
							"lerp_mode": "catmullrom"
						},
						"1.875": {
							"post": [15, 0, 0],
							"lerp_mode": "catmullrom"
						},
						"2.125": {
							"post": [-25, 0, 0],
							"lerp_mode": "catmullrom"
						},
						"2.5": {
							"post": [35, 0, 0],
							"lerp_mode": "catmullrom"
						}
					}
				},
				"tail": {
					"rotation": {
						"0.0": {
							"post": [0, 0, 0],
							"lerp_mode": "catmullrom"
						},
						"0.375": {
							"post": [7.5, -12.5, 0],
							"lerp_mode": "catmullrom"
						},
						"0.75": {
							"post": [7.5, 0, 0],
							"lerp_mode": "catmullrom"
						},
						"1.125": {
							"post": [0, 12.5, 0],
							"lerp_mode": "catmullrom"
						},
						"1.5": {
							"post": [-7.5, 0, 0],
							"lerp_mode": "catmullrom"
						},
						"1.875": {
							"post": [-7.5, -12.5, 0],
							"lerp_mode": "catmullrom"
						},
						"2.25": {
							"post": [0, 0, 0],
							"lerp_mode": "catmullrom"
						}
					}
				}
			}
		},
		"animation.evolotto-spaceworldmons.move_overlay": {
			"loop": true,
			"bones": {
				"kyonpan": {
					"position": [0, 0, "0-query.anim_time*90*0.1"]
				},
				"evolotto": {
					"position": [0, 0, "0-query.anim_time*90*0.1"]
				}
			}
		}
	}
}