
{
    "enabled": true,
    "neededInstalledMods": [],
    "neededUninstalledMods": [],
    "spawns": [
        {
            "id": "croconaw-ultravariant-1",
            "pokemon": "croconaw ultravariant",
            "presets": [
                "natural"
            ],
            "type": "pokemon",
            "context": "grounded",
            "bucket": "rare",
            "level": "30-45",
            "weight": 2.0,
            "condition": {
                "biomes": [
                    "#cobblemon:is_tundra"
                ]
            }
        }
    ]
 }