{
    "enabled": true,
    "neededInstalledMods": [],
    "neededUninstalledMods": [],
    "spawns": [
        {
            "id": "wimpod-1",
            "pokemon": "wimpod",
            "presets": [
                "natural",
                "wild"
            ],
            "type": "pokemon",
            "context": "grounded",
            "bucket": "uncommon",
            "level": "1-23",
            "weight": 8.4,
            "condition": {
                "minSkyLight": 8,
                "maxSkyLight": 15,
                "biomes": [
                    "#cobblemon:is_coast"
                ]
            }
        },
        {
            "id": "wimpod-2",
            "pokemon": "wimpod",
            "presets": [
                "natural",
                "wild"
            ],
            "type": "pokemon",
            "context": "grounded",
            "bucket": "uncommon",
            "level": "1-23",
            "weight": 8.4,
            "condition": {
                "minSkyLight": 8,
                "maxSkyLight": 15,
                "biomes": [
                    "#cobblemon:is_tropical_island"
                ],
                "neededNearbyBlocks": [
                    "#minecraft:water"
                ]
            }
        },
        {
            "id": "wimpod-3",
            "pokemon": "wimpod",
            "presets": [
                "natural"
            ],
            "type": "pokemon",
            "context": "grounded",
            "bucket": "uncommon",
            "level": "1-23",
            "weight": 5.04,
            "condition": {
                "minSkyLight": 0,
                "maxSkyLight": 7,
                "biomes": [
                    "#cobblemon:is_overworld"
                ],
                "neededNearbyBlocks": [
                    "#minecraft:water"
                ],
                "maxY": 0
            },
            "anticondition": {
                "biomes": [
                    "#cobblemon:is_deep_dark"
                ]
            }
        },
        {
            "id": "wimpod-4",
            "pokemon": "wimpod",
            "presets": [
                "water"
            ],
            "type": "pokemon",
            "context": "seafloor",
            "bucket": "uncommon",
            "level": "1-23",
            "weight": 5.04,
            "condition": {
                "minSkyLight": 0,
                "maxSkyLight": 7,
                "biomes": [
                    "#cobblemon:is_overworld"
                ],
                "maxY": 0
            },
            "anticondition": {
                "biomes": [
                    "#cobblemon:is_deep_dark"
                ]
            }
        },
        {
            "id": "wimpod-5",
            "pokemon": "wimpod",
            "type": "pokemon",
            "context": "fishing",
            "bucket": "uncommon",
            "level": "1-23",
            "weight": 8.4,
            "condition": {
                "canSeeSky": true,
                "biomes": [
                    "#cobblemon:is_coast",
                    "#cobblemon:is_tropical_island"
                ]
            },
            "anticondition": {
                "minLureLevel": 1
            }
        },
        {
            "id": "wimpod-6",
            "pokemon": "wimpod",
            "type": "pokemon",
            "context": "fishing",
            "bucket": "common",
            "level": "1-23",
            "weight": 9.0,
            "weightMultiplier": {
                "multiplier": 0.6,
                "condition": {
                    "minLureLevel": 1,
                    "maxLureLevel": 2
                }
            },
            "condition": {
                "canSeeSky": true,
                "biomes": [
                    "#cobblemon:is_coast",
                    "#cobblemon:is_tropical_island"
                ],
                "minLureLevel": 1
            }
        },
        {
            "id": "wimpod-7",
            "pokemon": "wimpod",
            "type": "pokemon",
            "context": "fishing",
            "bucket": "common",
            "level": "1-23",
            "weight": 9.0,
            "weightMultiplier": {
                "multiplier": 0.6,
                "condition": {
                    "minLureLevel": 0,
                    "maxLureLevel": 1
                }
            },
            "condition": {
                "minSkyLight": 0,
                "maxSkyLight": 7,
                "biomes": [
                    "#cobblemon:is_overworld"
                ]
            },
            "anticondition": {
                "biomes": [
                    "#cobblemon:is_deep_dark"
                ]
            }
        },
        {
            "id": "wimpod-8",
            "pokemon": "wimpod",
            "type": "pokemon",
            "context": "fishing",
            "bucket": "uncommon",
            "level": "1-23",
            "weight": 8.4,
            "condition": {
                "canSeeSky": false,
                "minSkyLight": 8,
                "maxSkyLight": 15,
                "biomes": [
                    "#cobblemon:is_coast",
                    "#cobblemon:is_tropical_island"
                ]
            },
            "anticondition": {
                "minLureLevel": 1
            }
        },
        {
            "id": "wimpod-9",
            "pokemon": "wimpod",
            "type": "pokemon",
            "context": "fishing",
            "bucket": "common",
            "level": "1-23",
            "weight": 9.0,
            "weightMultiplier": {
                "multiplier": 0.6,
                "condition": {
                    "minLureLevel": 1,
                    "maxLureLevel": 2
                }
            },
            "condition": {
                "canSeeSky": false,
                "minSkyLight": 8,
                "maxSkyLight": 15,
                "biomes": [
                    "#cobblemon:is_coast",
                    "#cobblemon:is_tropical_island"
                ],
                "minLureLevel": 1
            }
        },
        {
            "id": "wimpod-10",
            "pokemon": "wimpod region_bias=ultraspace",
            "presets": [
                "natural",
                "wild"
            ],
            "type": "pokemon",
            "context": "grounded",
            "bucket": "uncommon",
            "level": "1-23",
            "weight": 8.4,
            "condition": {
                "biomes": [
                    "#cobblemon:is_swamp"
                ]
            }
        }
    ]
}