{
    "enabled": true,
    "neededInstalledMods": [],
    "neededUninstalledMods": [],
    "spawns": [
        {
            "id": "golisopod-1",
            "pokemon": "golisopod",
            "presets": [
                "natural",
                "wild"
            ],
            "type": "pokemon",
            "context": "grounded",
            "bucket": "uncommon",
            "level": "30-53",
            "weight": 1.6,
            "condition": {
                "minSkyLight": 8,
                "maxSkyLight": 15,
                "biomes": [
                    "#cobblemon:is_coast"
                ]
            }
        },
        {
            "id": "golisopod-2",
            "pokemon": "golisopod",
            "presets": [
                "natural",
                "wild"
            ],
            "type": "pokemon",
            "context": "grounded",
            "bucket": "uncommon",
            "level": "30-53",
            "weight": 1.6,
            "condition": {
                "minSkyLight": 8,
                "maxSkyLight": 15,
                "biomes": [
                    "#cobblemon:is_tropical_island"
                ],
                "neededNearbyBlocks": [
                    "#minecraft:water"
                ]
            }
        },
        {
            "id": "golisopod-3",
            "pokemon": "golisopod",
            "presets": [
                "natural"
            ],
            "type": "pokemon",
            "context": "grounded",
            "bucket": "uncommon",
            "level": "30-53",
            "weight": 0.96,
            "condition": {
                "minSkyLight": 0,
                "maxSkyLight": 7,
                "biomes": [
                    "#cobblemon:is_overworld"
                ],
                "neededNearbyBlocks": [
                    "#minecraft:water"
                ],
                "maxY": 0
            },
            "anticondition": {
                "biomes": [
                    "#cobblemon:is_deep_dark"
                ]
            }
        },
        {
            "id": "golisopod-4",
            "pokemon": "golisopod",
            "presets": [
                "water"
            ],
            "type": "pokemon",
            "context": "seafloor",
            "bucket": "uncommon",
            "level": "30-53",
            "weight": 0.96,
            "condition": {
                "minSkyLight": 0,
                "maxSkyLight": 7,
                "biomes": [
                    "#cobblemon:is_overworld"
                ],
                "maxY": 0
            },
            "anticondition": {
                "biomes": [
                    "#cobblemon:is_deep_dark"
                ]
            }
        },
        {
            "id": "golisopod-5",
            "pokemon": "golisopod",
            "type": "pokemon",
            "context": "fishing",
            "bucket": "uncommon",
            "level": "30-53",
            "weight": 1.6,
            "condition": {
                "canSeeSky": true,
                "biomes": [
                    "#cobblemon:is_coast",
                    "#cobblemon:is_tropical_island"
                ]
            },
            "anticondition": {
                "minLureLevel": 1
            }
        },
        {
            "id": "golisopod-6",
            "pokemon": "golisopod",
            "type": "pokemon",
            "context": "fishing",
            "bucket": "common",
            "level": "30-53",
            "weight": 1.0,
            "weightMultiplier": {
                "multiplier": 0.6,
                "condition": {
                    "minLureLevel": 1,
                    "maxLureLevel": 2
                }
            },
            "condition": {
                "canSeeSky": true,
                "biomes": [
                    "#cobblemon:is_coast",
                    "#cobblemon:is_tropical_island"
                ],
                "minLureLevel": 1
            }
        },
        {
            "id": "golisopod-7",
            "pokemon": "golisopod",
            "type": "pokemon",
            "context": "fishing",
            "bucket": "common",
            "level": "30-53",
            "weight": 1.0,
            "weightMultiplier": {
                "multiplier": 0.6,
                "condition": {
                    "minLureLevel": 0,
                    "maxLureLevel": 1
                }
            },
            "condition": {
                "minSkyLight": 0,
                "maxSkyLight": 7,
                "biomes": [
                    "#cobblemon:is_overworld"
                ]
            },
            "anticondition": {
                "biomes": [
                    "#cobblemon:is_deep_dark"
                ]
            }
        },
        {
            "id": "golisopod-8",
            "pokemon": "golisopod",
            "type": "pokemon",
            "context": "fishing",
            "bucket": "uncommon",
            "level": "30-53",
            "weight": 1.6,
            "condition": {
                "canSeeSky": false,
                "minSkyLight": 8,
                "maxSkyLight": 15,
                "biomes": [
                    "#cobblemon:is_coast",
                    "#cobblemon:is_tropical_island"
                ]
            },
            "anticondition": {
                "minLureLevel": 1
            }
        },
        {
            "id": "golisopod-9",
            "pokemon": "golisopod",
            "type": "pokemon",
            "context": "fishing",
            "bucket": "common",
            "level": "30-53",
            "weight": 1.0,
            "weightMultiplier": {
                "multiplier": 0.6,
                "condition": {
                    "minLureLevel": 1,
                    "maxLureLevel": 2
                }
            },
            "condition": {
                "canSeeSky": false,
                "minSkyLight": 8,
                "maxSkyLight": 15,
                "biomes": [
                    "#cobblemon:is_coast",
                    "#cobblemon:is_tropical_island"
                ],
                "minLureLevel": 1
            }
        },
        {
            "id": "golisopod-10",
            "pokemon": "golisopod ultravariant",
            "presets": [
                "natural",
                "wild"
            ],
            "type": "pokemon",
            "context": "grounded",
            "bucket": "uncommon",
            "level": "30-",
            "weight": 1.0,
            "condition": {
                "biomes": [
                    "#cobblemon:is_swamp"
                ]
            }
        }
    ]
}