{
	"format_version": "1.8.0",
	"animations": {
		"animation.deleaf.ground_idle": {
			"loop": true,
			"bones": {
				"neck": {
					"rotation": {
						"0.0": {
							"post": [15, 0, 0],
							"lerp_mode": "catmullrom"
						}
					},
					"position": {
						"0.0": {
							"post": [0, 0.1, -0.25],
							"lerp_mode": "catmullrom"
						}
					}
				},
				"neck_base_leaf_front": {
					"rotation": {
						"0.0": {
							"post": ["57.5-3*math.sin(q.anim_time*45*3*1.5+45)*1", 0, 0],
							"lerp_mode": "catmullrom"
						}
					},
					"position": {
						"0.0": {
							"post": [0, 0.25, 0],
							"lerp_mode": "catmullrom"
						}
					}
				},
				"neck_base_leaf_left": {
					"rotation": {
						"0.0": {
							"post": [0, "15+3*math.sin(q.anim_time*45*3*1.5+45)*1", 12.5],
							"lerp_mode": "catmullrom"
						}
					},
					"position": {
						"0.0": {
							"post": [-0.4, 0.35, 0],
							"lerp_mode": "catmullrom"
						}
					}
				},
				"neck2": {
					"rotation": {
						"0.0": {
							"post": ["-20-1*math.sin(q.anim_time*45*3*1.5-45)*1", 0, 0],
							"lerp_mode": "catmullrom"
						}
					}
				},
				"head": {
					"rotation": {
						"0.0": {
							"post": [37.5, 0, 0],
							"lerp_mode": "catmullrom"
						}
					}
				},
				"eye_left": {
					"rotation": {
						"0.0": {
							"post": [0, 0, 0],
							"lerp_mode": "catmullrom"
						}
					}
				},
				"pupil_left": {
					"rotation": {
						"0.0": {
							"post": [0, 0, 0],
							"lerp_mode": "catmullrom"
						}
					},
					"position": {
						"0.0": {
							"post": [0, 0.075, 0],
							"lerp_mode": "catmullrom"
						}
					},
					"scale": {
						"0.0": {
							"post": [1, 0.9, 0.9],
							"lerp_mode": "catmullrom"
						}
					}
				},
				"eye_right": {
					"rotation": {
						"0.0": {
							"post": [0, 0, 0],
							"lerp_mode": "catmullrom"
						}
					}
				},
				"pupil_right": {
					"rotation": {
						"0.0": {
							"post": [0, 0, 0],
							"lerp_mode": "catmullrom"
						}
					},
					"position": {
						"0.0": {
							"post": [0, 0.075, 0],
							"lerp_mode": "catmullrom"
						}
					},
					"scale": {
						"0.0": {
							"post": [1, 0.9, 0.9],
							"lerp_mode": "catmullrom"
						}
					}
				},
				"ear_left": {
					"rotation": {
						"0.0": {
							"post": [-2.57, 1.71, "-4.7+4*math.sin(q.anim_time*45*3*1.5-90)*1"],
							"lerp_mode": "catmullrom"
						}
					}
				},
				"leg_front_left": {
					"rotation": {
						"0.0": {
							"post": [0, 0, -7.5],
							"lerp_mode": "catmullrom"
						}
					},
					"position": {
						"0.0": {
							"post": [0, 0, 0.25],
							"lerp_mode": "catmullrom"
						}
					}
				},
				"leg_front_left2": {
					"rotation": {
						"0.0": {
							"post": [0, 0, 7.5],
							"lerp_mode": "catmullrom"
						}
					},
					"position": {
						"0.0": {
							"post": [-0.14872, 0.0195, 0.00171],
							"lerp_mode": "catmullrom"
						}
					}
				},
				"leg_back_left": {
					"rotation": {
						"0.0": {
							"post": [7.43656, 0.9762, -7.43656],
							"lerp_mode": "catmullrom"
						}
					}
				},
				"leg_back_left2": {
					"rotation": {
						"0.0": {
							"post": [-7.43656, 0.9762, 7.43656],
							"lerp_mode": "catmullrom"
						}
					},
					"position": {
						"0.0": {
							"post": [-0.19829, 0.02611, 0],
							"lerp_mode": "catmullrom"
						}
					}
				},
				"neck_base_leaf_right": {
					"rotation": {
						"0.0": {
							"post": [0, "-15-3*math.sin(q.anim_time*45*3*1.5+45)*1", -12.5],
							"lerp_mode": "catmullrom"
						}
					},
					"position": {
						"0.0": {
							"post": [0.4, 0.35, 0],
							"lerp_mode": "catmullrom"
						}
					}
				},
				"torso_back": {
					"rotation": {
						"0.0": {
							"post": [0, 0, 0],
							"lerp_mode": "catmullrom"
						}
					},
					"position": {
						"0.0": {
							"post": [0, 0.07471, 0.00654],
							"lerp_mode": "catmullrom"
						}
					}
				},
				"torso_front": {
					"rotation": {
						"0.0": {
							"post": ["7.5-0.8*math.sin(q.anim_time*45*3*1.5-90)*1-0.8*math.sin(q.anim_time*22.5*3*1.5-90)*1", 0, 0],
							"lerp_mode": "catmullrom"
						}
					},
					"position": {
						"0.0": {
							"post": [0, "0+0.04*math.sin(q.anim_time*45*3*1.5-90)*1+0.02*math.sin(q.anim_time*22.5*3*1.5-90)*1", 0],
							"lerp_mode": "catmullrom"
						}
					}
				},
				"tail": {
					"rotation": {
						"0.0": {
							"post": ["15-3*math.sin(q.anim_time*45*3*1.5-120)*1", 0, 0],
							"lerp_mode": "catmullrom"
						}
					}
				},
				"leg_front_right": {
					"rotation": {
						"0.0": {
							"post": [0, 0, 7.5],
							"lerp_mode": "catmullrom"
						}
					},
					"position": {
						"0.0": {
							"post": [0, 0, 0.25],
							"lerp_mode": "catmullrom"
						}
					}
				},
				"leg_front_right2": {
					"rotation": {
						"0.0": {
							"post": [0, 0, -7.5],
							"lerp_mode": "catmullrom"
						}
					},
					"position": {
						"0.0": {
							"post": [0.14872, 0.0195, 0.00171],
							"lerp_mode": "catmullrom"
						}
					}
				},
				"leg_back_right": {
					"rotation": {
						"0.0": {
							"post": [7.43656, -0.9762, 7.43656],
							"lerp_mode": "catmullrom"
						}
					}
				},
				"leg_back_right2": {
					"rotation": {
						"0.0": {
							"post": [-7.43656, -0.9762, -7.43656],
							"lerp_mode": "catmullrom"
						}
					},
					"position": {
						"0.0": {
							"post": [0.19829, 0.02611, 0],
							"lerp_mode": "catmullrom"
						}
					}
				},
				"ear_right": {
					"rotation": {
						"0.0": {
							"post": [-2.57, -1.71, "4.7-4*math.sin(q.anim_time*45*3*1.5-90)*1"],
							"lerp_mode": "catmullrom"
						}
					}
				},
				"eye_shine_left": {
					"position": {
						"0.0": {
							"post": [0, 0.15, 0.2],
							"lerp_mode": "catmullrom"
						}
					},
					"scale": {
						"0.0": {
							"post": [1, 1.1, 0.7],
							"lerp_mode": "catmullrom"
						}
					}
				},
				"eye_shine_right": {
					"position": {
						"0.0": {
							"post": [0, 0.15, 0.2],
							"lerp_mode": "catmullrom"
						}
					},
					"scale": {
						"0.0": {
							"post": [1, 1.1, 0.7],
							"lerp_mode": "catmullrom"
						}
					}
				}
			}
		},
		"animation.deleaf.battle_idle": {
			"loop": true,
			"bones": {
				"neck": {
					"rotation": {
						"0.0": {
							"post": [15, 0, 0],
							"lerp_mode": "catmullrom"
						}
					},
					"position": {
						"0.0": {
							"post": [0, 0.1, -0.25],
							"lerp_mode": "catmullrom"
						}
					}
				},
				"neck_base_leaf_front": {
					"rotation": {
						"0.0": {
							"post": ["57.5-3*math.sin(q.anim_time*90*3*1.5+45)*1", 0, 0],
							"lerp_mode": "catmullrom"
						}
					},
					"position": {
						"0.0": {
							"post": [0, 0.25, 0],
							"lerp_mode": "catmullrom"
						}
					}
				},
				"neck_base_leaf_left": {
					"rotation": {
						"0.0": {
							"post": [0, "15+3*math.sin(q.anim_time*90*3*1.5+45)*1", 12.5],
							"lerp_mode": "catmullrom"
						}
					},
					"position": {
						"0.0": {
							"post": [-0.4, 0.35, 0],
							"lerp_mode": "catmullrom"
						}
					}
				},
				"neck2": {
					"rotation": {
						"0.0": {
							"post": ["-32.5-1*math.sin(q.anim_time*90*3*1.5-45)*1", 0, 0],
							"lerp_mode": "catmullrom"
						}
					}
				},
				"head": {
					"rotation": {
						"0.0": {
							"post": ["22.5-1*math.sin(q.anim_time*90*3*1.5-120)*1", 0, 0],
							"lerp_mode": "catmullrom"
						}
					}
				},
				"eye_left": {
					"rotation": {
						"0.0": {
							"post": [0, 0, 0],
							"lerp_mode": "catmullrom"
						}
					}
				},
				"pupil_left": {
					"rotation": {
						"0.0": {
							"post": [0, 0, 0],
							"lerp_mode": "catmullrom"
						}
					},
					"position": {
						"0.0": {
							"post": [0, 0.075, 0],
							"lerp_mode": "catmullrom"
						}
					},
					"scale": {
						"0.0": {
							"post": [1, 0.9, 0.9],
							"lerp_mode": "catmullrom"
						}
					}
				},
				"eye_right": {
					"rotation": {
						"0.0": {
							"post": [0, 0, 0],
							"lerp_mode": "catmullrom"
						}
					}
				},
				"pupil_right": {
					"rotation": {
						"0.0": {
							"post": [0, 0, 0],
							"lerp_mode": "catmullrom"
						}
					},
					"position": {
						"0.0": {
							"post": [0, 0.075, 0],
							"lerp_mode": "catmullrom"
						}
					},
					"scale": {
						"0.0": {
							"post": [1, 0.9, 0.9],
							"lerp_mode": "catmullrom"
						}
					}
				},
				"ear_left": {
					"rotation": {
						"0.0": {
							"post": [-2.57, 1.71, "-4.7+4*math.sin(q.anim_time*90*3*1.5-90)*1"],
							"lerp_mode": "catmullrom"
						}
					}
				},
				"leg_front_left": {
					"rotation": {
						"0.0": {
							"post": [12.5, 0, -20],
							"lerp_mode": "catmullrom"
						}
					},
					"position": {
						"0.0": {
							"post": [0, -0.1, 0.25],
							"lerp_mode": "catmullrom"
						}
					}
				},
				"leg_front_left2": {
					"rotation": {
						"0.0": {
							"post": [-12.10967, 3.73171, 19.43845],
							"lerp_mode": "catmullrom"
						}
					},
					"position": {
						"0.0": {
							"post": [-0.14872, 0.0195, 0.00171],
							"lerp_mode": "catmullrom"
						}
					}
				},
				"leg_back_left": {
					"rotation": {
						"0.0": {
							"post": [17.43656, 0.9762, -7.43656],
							"lerp_mode": "catmullrom"
						}
					}
				},
				"leg_back_left2": {
					"rotation": {
						"0.0": {
							"post": [-17.27759, 3.56439, 7.21647],
							"lerp_mode": "catmullrom"
						}
					},
					"position": {
						"0.0": {
							"post": [-0.19829, 0.02611, 0],
							"lerp_mode": "catmullrom"
						}
					}
				},
				"neck_base_leaf_right": {
					"rotation": {
						"0.0": {
							"post": [0, "-15-3*math.sin(q.anim_time*90*3*1.5+45)*1", -12.5],
							"lerp_mode": "catmullrom"
						}
					},
					"position": {
						"0.0": {
							"post": [0.4, 0.35, 0],
							"lerp_mode": "catmullrom"
						}
					}
				},
				"torso_back": {
					"rotation": {
						"0.0": {
							"post": [-7.5, 0, 0],
							"lerp_mode": "catmullrom"
						}
					},
					"position": {
						"0.0": {
							"post": [0, 0.07471, 0.00654],
							"lerp_mode": "catmullrom"
						}
					}
				},
				"torso_front": {
					"rotation": {
						"0.0": {
							"post": ["20-0.8*math.sin(q.anim_time*90*3*1.5-90)*1-0.8*math.sin(q.anim_time*45*3*1.5-90)*1", 0, 0],
							"lerp_mode": "catmullrom"
						}
					},
					"position": {
						"0.0": {
							"post": [0, "0+0.04*math.sin(q.anim_time*90*3*1.5-90)*1+0.02*math.sin(q.anim_time*22.5*3*1.5-90)*1", 0],
							"lerp_mode": "catmullrom"
						}
					}
				},
				"tail": {
					"rotation": {
						"0.0": {
							"post": ["15-3*math.sin(q.anim_time*90*3*1.5-120)*1", 0, 0],
							"lerp_mode": "catmullrom"
						}
					}
				},
				"leg_front_right": {
					"rotation": {
						"0.0": {
							"post": [12.5, 0, 20],
							"lerp_mode": "catmullrom"
						}
					},
					"position": {
						"0.0": {
							"post": [0, -0.1, 0.25],
							"lerp_mode": "catmullrom"
						}
					}
				},
				"leg_front_right2": {
					"rotation": {
						"0.0": {
							"post": [-12.10967, -3.73171, -19.43845],
							"lerp_mode": "catmullrom"
						}
					},
					"position": {
						"0.0": {
							"post": [0.14872, 0.0195, 0.00171],
							"lerp_mode": "catmullrom"
						}
					}
				},
				"leg_back_right": {
					"rotation": {
						"0.0": {
							"post": [17.43656, -0.9762, 7.43656],
							"lerp_mode": "catmullrom"
						}
					}
				},
				"leg_back_right2": {
					"rotation": {
						"0.0": {
							"post": [-17.27759, -3.56439, -7.21647],
							"lerp_mode": "catmullrom"
						}
					},
					"position": {
						"0.0": {
							"post": [0.19829, 0.02611, 0],
							"lerp_mode": "catmullrom"
						}
					}
				},
				"ear_right": {
					"rotation": {
						"0.0": {
							"post": [-2.57, -1.71, "4.7-4*math.sin(q.anim_time*90*3*1.5-90)*1"],
							"lerp_mode": "catmullrom"
						}
					}
				},
				"eye_shine_left": {
					"position": {
						"0.0": {
							"post": [0, 0.15, 0.2],
							"lerp_mode": "catmullrom"
						}
					},
					"scale": {
						"0.0": {
							"post": [1, 1.1, 0.7],
							"lerp_mode": "catmullrom"
						}
					}
				},
				"eye_shine_right": {
					"position": {
						"0.0": {
							"post": [0, 0.15, 0.2],
							"lerp_mode": "catmullrom"
						}
					},
					"scale": {
						"0.0": {
							"post": [1, 1.1, 0.7],
							"lerp_mode": "catmullrom"
						}
					}
				},
				"body": {
					"position": [0, -0.175, 0]
				}
			}
		},
		"animation.deleaf.blink": {
			"animation_length": 0.5,
			"bones": {
				"eyelid_left": {
					"position": {
						"0.0": [0, 0, 0],
						"0.125": {"pre": [0, 0, 0], "post": [0, 0, 0]},
						"0.2083": {"pre": [0, 0, 0], "post": [1, 0, 0]},
						"0.2917": {"pre": [1, 0, 0], "post": [0, 0, 0]},
						"0.5": {"pre": [0, 0, 0], "post": [0, 0, 0]}
					}
				},
				"eyelid_right": {
					"position": {
						"0.0": [0, 0, 0],
						"0.125": {"pre": [0, 0, 0], "post": [0, 0, 0]},
						"0.2083": {"pre": [0, 0, 0], "post": [-1, 0, 0]},
						"0.2917": {"pre": [-1, 0, 0], "post": [0, 0, 0]},
						"0.5": {"pre": [0, 0, 0], "post": [0, 0, 0]}
					}
				}
			}
		},
		"animation.deleaf.cry": {
			"animation_length": 1,
			"bones": {
				"neck": {
					"rotation": {
						"0.0": {
							"post": [0, 0, 0],
							"lerp_mode": "catmullrom"
						},
						"0.25": {
							"post": [-5, 0, 0],
							"lerp_mode": "catmullrom"
						},
						"0.75": {
							"post": [0, 0, 0],
							"lerp_mode": "catmullrom"
						},
						"1.0": {
							"post": [0, 0, 0],
							"lerp_mode": "catmullrom"
						}
					}
				},
				"neck2": {
					"rotation": {
						"0.0": {
							"post": [0, 0, 0],
							"lerp_mode": "catmullrom"
						},
						"0.25": {
							"post": [22.5, 0, 0],
							"lerp_mode": "catmullrom"
						},
						"0.625": {
							"post": [22.5, 0, 0],
							"lerp_mode": "catmullrom"
						},
						"1.0": {
							"post": [0, 0, 0],
							"lerp_mode": "catmullrom"
						}
					}
				},
				"head": {
					"rotation": {
						"0.0": {
							"post": [0, 0, 0],
							"lerp_mode": "catmullrom"
						},
						"0.25": {
							"post": [-42.5, 0, 0],
							"lerp_mode": "catmullrom"
						},
						"0.75": {
							"post": [-30, 0, 0],
							"lerp_mode": "catmullrom"
						},
						"1.0": {
							"post": [0, 0, 0],
							"lerp_mode": "catmullrom"
						}
					}
				},
				"mouth_open": {
					"position": {
						"0.0": [0, 0, 0],
						"0.25": {"pre": [0, 0, 0], "post": [0, -1, -1]},
						"0.75": {"pre": [0, -1, -1], "post": [0, -1, -1]},
						"1.0": {"pre": [0, -1, -1], "post": [0, 0, 0]}
					}
				}
			}
		}
	}
}