{
	"format_version": "1.12.0",
	"minecraft:geometry": [
		{
			"description": {
				"identifier": "geometry.sableye",
				"texture_width": 64,
				"texture_height": 64,
				"visible_bounds_width": 4,
				"visible_bounds_height": 3.5,
				"visible_bounds_offset": [0, 1.25, 0]
			},
			"bones": [
				{
					"name": "sculking",
					"pivot": [0, 0, 0]
				},
				{
					"name": "body",
					"parent": "sculking",
					"pivot": [0, 10.5, 0.5]
				},
				{
					"name": "torso",
					"parent": "body",
					"pivot": [0, 10, 0.5],
					"cubes": [
						{"origin": [-2.5, 9, -1], "size": [5, 4, 3], "uv": [16, 14]},
						{"origin": [-2.75, 11, -1.25], "size": [1, 1, 3], "uv": [47, 20]},
						{"origin": [1.75, 11, -1.25], "size": [1, 1, 3], "uv": [55, 23]},
						{"origin": [0, 11.25, 1.75], "size": [0, 2, 2], "uv": [45, 2]}
					]
				},
				{
					"name": "chest",
					"parent": "torso",
					"pivot": [0, 14, 0.5],
					"cubes": [
						{"origin": [-3.5, 13, -2], "size": [7, 5, 5], "inflate": 0.01, "uv": [0, 54]},
						{"origin": [-3, 12.99, -1], "size": [6, 5, 0], "inflate": 0.01, "uv": [25, 52]},
						{"origin": [-1, 18, -0.5], "size": [2, 3, 2], "uv": [56, 52]},
						{"origin": [2.75, 14, -2.25], "size": [1, 1, 3], "uv": [48, 25]},
						{"origin": [2.75, 16, -2.25], "size": [1, 1, 3], "uv": [30, 30]},
						{"origin": [-3.75, 14, -2.25], "size": [1, 1, 3], "uv": [43, 24]},
						{"origin": [-3.75, 16, -2.25], "size": [1, 1, 3], "uv": [30, 34]},
						{"origin": [0, 14.75, 2.75], "size": [0, 3, 2], "uv": [45, -2]},
						{"origin": [-1, 15.5, 2.25], "size": [0, 2, 2], "pivot": [-1, 16.5, 3.25], "rotation": [0, -45, 0], "uv": [40, -1]},
						{"origin": [1, 15.5, 2.25], "size": [0, 2, 2], "pivot": [1, 16.5, 3.25], "rotation": [0, 45, 0], "uv": [50, -2]}
					]
				},
				{
					"name": "gem",
					"parent": "chest",
					"pivot": [0, 14.75, -1],
					"cubes": [
						{"origin": [-3.5, 14.5, -1.5], "size": [2, 2, 1], "pivot": [-2, 12.25, 0.5], "rotation": [0, 0, 47.5], "uv": [58, 28]},
						{"origin": [-1, 14.25, -1.25], "size": [1, 1, 2], "pivot": [0, 13.25, -0.25], "rotation": [47.81374, 17.38772, 18.2489], "uv": [46, 15]}
					]
				},
				{
					"name": "head",
					"parent": "chest",
					"pivot": [0.5, 18.5, 0.5],
					"cubes": [
						{"origin": [-4.5, 19.5, -3], "size": [9, 4, 7], "inflate": 0.01, "uv": [1, 1]}
					]
				},
				{
					"name": "eye",
					"parent": "head",
					"pivot": [0, 21, -0.5],
					"cubes": [
						{"origin": [-1.5, 20.5, -3.01], "size": [3, 3, 0], "inflate": 0.01, "uv": [58, 33]}
					]
				},
				{
					"name": "teeth",
					"parent": "head",
					"pivot": [0, 19.5, -0.5],
					"cubes": [
						{"origin": [3, 18.75, -2.5], "size": [1, 1, 0], "uv": [14, 26]},
						{"origin": [4, 18.75, -2], "size": [0, 1, 1], "uv": [14, 33]},
						{"origin": [4, 18.75, -0.5], "size": [0, 1, 1], "uv": [11, 27]},
						{"origin": [4, 18.75, 1], "size": [0, 1, 1], "uv": [14, 29]},
						{"origin": [1.5, 18.75, -2.5], "size": [1, 1, 0], "uv": [11, 34]},
						{"origin": [-1, 18.75, -2.5], "size": [2, 1, 0], "uv": [11, 36]},
						{"origin": [-2.5, 18.75, -2.5], "size": [1, 1, 0], "uv": [14, 28]},
						{"origin": [-4, 18.75, -2.5], "size": [1, 1, 0], "uv": [11, 30]},
						{"origin": [-4, 18.75, -2], "size": [0, 1, 1], "uv": [11, 25]},
						{"origin": [-4, 18.75, -0.5], "size": [0, 1, 1], "uv": [11, 31]},
						{"origin": [-4, 18.75, 1], "size": [0, 1, 1], "uv": [14, 31]}
					]
				},
				{
					"name": "jaw",
					"parent": "head",
					"pivot": [0, 19, 0.5],
					"cubes": [
						{"origin": [-4.5, 18.5, -3], "size": [9, 1, 7], "inflate": 0.01, "uv": [32, 32]},
						{"origin": [-4.5, 18.5, 4.01], "size": [9, 2, 0], "inflate": 0.01, "uv": [40, 46]},
						{"origin": [4.51, 18.5, -3], "size": [0, 2, 7], "inflate": 0.01, "uv": [44, 42]},
						{"origin": [-4.5, 18.5, -3.01], "size": [9, 2, 0], "inflate": 0.01, "uv": [40, 41]},
						{"origin": [-4.51, 18.5, -3], "size": [0, 2, 7], "inflate": 0.01, "uv": [44, 37]}
					]
				},
				{
					"name": "ear_right",
					"parent": "head",
					"pivot": [-4.5, 21.24148, 1.5647],
					"rotation": [-50, 50, -50]
				},
				{
					"name": "ear_right1",
					"parent": "ear_right",
					"pivot": [-5, 20.24148, 1.5647],
					"cubes": [
						{"origin": [-9.5, 19.74148, 1.5647], "size": [5, 10, 0], "uv": [16, 21]}
					]
				},
				{
					"name": "ear_right2",
					"parent": "ear_right",
					"pivot": [0, 22.24148, 0.5647],
					"cubes": [
						{"origin": [-10.59668, 20.62149, 3.75809], "size": [5, 10, 0], "pivot": [-6, 21.24148, 3.8147], "rotation": [6.68173, 29.24821, 21.93976], "uv": [16, 31]}
					]
				},
				{
					"name": "ear_left",
					"parent": "head",
					"pivot": [4.5, 21.24148, 1.5647],
					"rotation": [-50, -50, 50]
				},
				{
					"name": "ear_left1",
					"parent": "ear_left",
					"pivot": [5, 20.24148, 1.5647],
					"cubes": [
						{"origin": [4.5, 19.74148, 1.5647], "size": [5, 10, 0], "uv": [0, 22]}
					]
				},
				{
					"name": "ear_left2",
					"parent": "ear_left",
					"pivot": [0, 22.24148, 0.5647],
					"cubes": [
						{"origin": [5.59668, 20.62149, 3.75809], "size": [5, 10, 0], "pivot": [6, 21.24148, 3.8147], "rotation": [6.68173, -29.24821, -21.93976], "uv": [0, 32]}
					]
				},
				{
					"name": "arm_right",
					"parent": "chest",
					"pivot": [-3.5, 16.25, 0.5],
					"cubes": [
						{"origin": [-9.5, 15.25, -0.5], "size": [6, 2, 2], "inflate": 0.01, "uv": [26, 4]}
					]
				},
				{
					"name": "arm_right2",
					"parent": "arm_right",
					"pivot": [-10.5, 16.25, 1.5],
					"cubes": [
						{"origin": [-11.5, 15.25, -0.5], "size": [2, 2, 2], "uv": [30, 0]},
						{"origin": [-15.5, 16.25, -0.5], "size": [4, 0, 2], "uv": [28, 43]},
						{"origin": [-15.5, 15.25, 0.5], "size": [4, 2, 0], "uv": [30, 46]},
						{"origin": [-12, 16.25, 0], "size": [3, 0, 3], "pivot": [-10.5, 16.25, 1.5], "rotation": [0, -7.5, 0], "uv": [10, 14]}
					]
				},
				{
					"name": "bone2",
					"parent": "arm_right2",
					"pivot": [-11.25, 16.25, 0.5],
					"cubes": [
						{"origin": [-11.75, 14.75, -1], "size": [1, 3, 3], "uv": [21, 41]},
						{"origin": [-17.25, 14.25, -1.5], "size": [6, 4, 4], "uv": [0, 42]},
						{"origin": [-21.75, 8, 0.75], "size": [2, 4, 2], "pivot": [-16.75, 11, 1.75], "rotation": [0, 0, 90], "uv": [56, 58]},
						{"origin": [-23.75, 10.5, -1.75], "size": [2, 4, 2], "pivot": [-18.75, 13.5, -0.75], "rotation": [180, 0, 90], "uv": [48, 58]}
					]
				},
				{
					"name": "arm_left",
					"parent": "chest",
					"pivot": [3.5, 16.25, 0.5],
					"cubes": [
						{"origin": [3.5, 15.25, -0.5], "size": [6, 2, 2], "inflate": 0.01, "uv": [26, 24]}
					]
				},
				{
					"name": "arm_left2",
					"parent": "arm_left",
					"pivot": [10.5, 16.25, 1.5],
					"cubes": [
						{"origin": [9.5, 15.25, -0.5], "size": [6, 2, 2], "uv": [31, 20]},
						{"origin": [9, 16.25, 0], "size": [3, 0, 3], "pivot": [10.5, 16.25, 1.5], "rotation": [0, 7.5, 0], "uv": [7, 22]}
					]
				},
				{
					"name": "finger_left1",
					"parent": "arm_left2",
					"pivot": [15.5, 17.25, -0.5],
					"rotation": [7.5, 15, 25],
					"cubes": [
						{"origin": [15.5, 16.25, -0.5], "size": [2, 1, 0], "uv": [4, 5]}
					]
				},
				{
					"name": "finger_left2",
					"parent": "arm_left2",
					"pivot": [15.5, 17.25, 0.5],
					"rotation": [0, 0, 25],
					"cubes": [
						{"origin": [15.5, 16.25, 0.5], "size": [2, 1, 0], "uv": [3, 4]}
					]
				},
				{
					"name": "finger_left3",
					"parent": "arm_left2",
					"pivot": [15.5, 17.25, 1.5],
					"rotation": [-7.5, -15, 25],
					"cubes": [
						{"origin": [15.5, 16.25, 1.5], "size": [2, 1, 0], "uv": [0, 5]}
					]
				},
				{
					"name": "leg_right",
					"parent": "body",
					"pivot": [-2, 10, 0.5],
					"cubes": [
						{"origin": [-7, 9.5, -0.5], "size": [5, 2, 2], "inflate": 0.01, "pivot": [-2, 10.5, 0.5], "rotation": [0, 0, -90], "uv": [50, 12], "mirror": true}
					]
				},
				{
					"name": "leg_right2",
					"parent": "leg_right",
					"pivot": [-2, 4.5, 0.5],
					"cubes": [
						{"origin": [-6.5, 4, -1], "size": [6, 3, 3], "pivot": [-1.5, 5, 1], "rotation": [0, 0, -90], "uv": [26, 58], "mirror": true},
						{"origin": [-4, 4.5, -1.5], "size": [2, 1, 1], "pivot": [-3, 5, -1], "rotation": [-26.56505, 37.76124, -129.23152], "uv": [43, 57], "mirror": true}
					]
				},
				{
					"name": "leg_left",
					"parent": "body",
					"pivot": [2, 10, 0.5],
					"cubes": [
						{"origin": [2, 9.5, -0.5], "size": [5, 2, 2], "inflate": 0.01, "pivot": [2, 10.5, 0.5], "rotation": [0, 0, 90], "uv": [50, 16]}
					]
				},
				{
					"name": "leg_left2",
					"parent": "leg_left",
					"pivot": [2, 4.5, 0.5],
					"cubes": [
						{"origin": [1, 3.5, -0.5], "size": [5, 2, 2], "pivot": [2, 4.5, 0.5], "rotation": [0, 0, 90], "uv": [32, 16]}
					]
				},
				{
					"name": "foot_left",
					"parent": "leg_left2",
					"pivot": [2, 0.5, 0.5],
					"cubes": [
						{"origin": [5, 3, -0.5], "size": [1, 2, 2], "inflate": 0.01, "pivot": [2, 4, 0.5], "rotation": [0, 0, 90], "uv": [40, 6]},
						{"origin": [2.75, 0.75, -1.5], "size": [1, 0, 1], "pivot": [3, 0.75, -0.5], "rotation": [-20, 0, 90], "uv": [0, 4]},
						{"origin": [1.75, 0.75, -1.5], "size": [1, 0, 1], "pivot": [2, 0.75, -0.5], "rotation": [0, 0, 90], "uv": [3, 3]},
						{"origin": [0.75, 0.75, -1.5], "size": [1, 0, 1], "pivot": [1, 0.75, -0.5], "rotation": [20, 0, 90], "uv": [2, 2]}
					]
				}
			]
		}
	]
}