{
	"format_version": "1.12.0",
	"minecraft:geometry": [
		{
			"description": {
				"identifier": "geometry.shroodle",
				"texture_width": 64,
				"texture_height": 64,
				"visible_bounds_width": 2,
				"visible_bounds_height": 2.5,
				"visible_bounds_offset": [0, 0.75, 0]
			},
			"bones": [
				{
					"name": "shroodle",
					"pivot": [0, 0, 0]
				},
				{
					"name": "torso",
					"parent": "shroodle",
					"pivot": [0, 0, 0],
					"cubes": [
						{"origin": [-3.5, 1, -3], "size": [7, 5, 8], "inflate": 0.01, "uv": [0, 0]},
						{"origin": [-3, 5, -2], "size": [6, 2, 6], "uv": [0, 13]}
					]
				},
				{
					"name": "tail",
					"parent": "torso",
					"pivot": [0, 2, 5],
					"cubes": [
						{"origin": [0, 1, 4], "size": [0, 2, 3], "uv": [30, 28]}
					]
				},
				{
					"name": "hair",
					"parent": "torso",
					"pivot": [0, 7, 0.5],
					"cubes": [
						{"origin": [0, 6, -1], "size": [0, 4, 3], "uv": [24, 28]}
					]
				},
				{
					"name": "nose",
					"parent": "torso",
					"pivot": [0, 1, -3],
					"cubes": [
						{"origin": [-2.5, 1, -6], "size": [5, 4, 3], "uv": [0, 21]}
					]
				},
				{
					"name": "eye_left",
					"parent": "nose",
					"pivot": [1.5, 3.5, -4],
					"cubes": [
						{"origin": [0.5, 2, -6], "size": [2, 3, 4], "inflate": 0.05, "uv": [16, 21]}
					]
				},
				{
					"name": "pupil_left",
					"parent": "eye_left",
					"pivot": [2, 2.75, -5.25],
					"rotation": [0, 90, 0],
					"cubes": [
						{"origin": [1.75, 2.25, -6.25], "size": [1, 1, 1], "inflate": 0.075, "uv": [0, 35]}
					]
				},
				{
					"name": "eyelid_left",
					"parent": "eye_left",
					"pivot": [1.4, 3.5, -3.9],
					"cubes": [
						{"origin": [0.4, 2, -5.9], "size": [2, 3, 4], "inflate": 0.1, "uv": [0, 28]}
					]
				},
				{
					"name": "eye_right",
					"parent": "nose",
					"pivot": [-1.5, 3.5, -4],
					"cubes": [
						{"origin": [-2.5, 2, -6], "size": [2, 3, 4], "inflate": 0.05, "uv": [24, 13]}
					]
				},
				{
					"name": "pupil_right2",
					"parent": "eye_right",
					"pivot": [-1.5, 2.75, -5.5],
					"cubes": [
						{"origin": [-2, 2.25, -6], "size": [1, 1, 1], "inflate": 0.075, "uv": [4, 35]}
					]
				},
				{
					"name": "eyelid_right",
					"parent": "eye_right",
					"pivot": [-1.5, 3.5, -4],
					"cubes": [
						{"origin": [-2.4, 2, -5.9], "size": [2, 3, 4], "inflate": 0.1, "uv": [12, 28]}
					]
				},
				{
					"name": "mouth",
					"parent": "nose",
					"pivot": [0, 2.5, -4],
					"cubes": [
						{"origin": [-1, 1.1, -5.75], "size": [2, 1, 1], "inflate": 0.01, "uv": [30, 33]}
					]
				},
				{
					"name": "tongue",
					"parent": "nose",
					"pivot": [0, 1.5, -5.5],
					"rotation": [25, 0, 0],
					"cubes": [
						{"origin": [-1, 1.5, -7.5], "size": [2, 0, 4], "uv": [28, 20]}
					]
				},
				{
					"name": "leg_front_left",
					"parent": "shroodle",
					"pivot": [2, 2, -1],
					"cubes": [
						{"origin": [1, 0, -2], "size": [2, 2, 2], "uv": [30, 0]}
					]
				},
				{
					"name": "leg_front_right",
					"parent": "shroodle",
					"pivot": [-2, 2, -1],
					"cubes": [
						{"origin": [-3, 0, -2], "size": [2, 2, 2], "uv": [28, 24]}
					]
				},
				{
					"name": "leg_back_left",
					"parent": "shroodle",
					"pivot": [2, 2, 3.5],
					"cubes": [
						{"origin": [1, 0, 2.5], "size": [2, 2, 2], "uv": [30, 4]}
					]
				},
				{
					"name": "leg_back_right",
					"parent": "shroodle",
					"pivot": [-2, 2, 3.5],
					"cubes": [
						{"origin": [-3, 0, 2.5], "size": [2, 2, 2], "uv": [30, 8]}
					]
				}
			]
		}
	]
}