{
	"format_version": "1.8.0",
	"animations": {
		"animation.foongus.ground_idle": {
			"loop": true,
			"bones": {
				"mouth": {
					"rotation": [-7.5, 0, 0]
				},
				"hat": {
					"rotation": [-1, 0, 0]
				},
				"arm_right": {
					"rotation": [0, 0, -15]
				},
				"torso2": {
					"rotation": [-2, 0, 0]
				},
				"arm_left": {
					"rotation": [0, 0, 15]
				}
			}
		},
		"animation.foongus.sleep": {
			"loop": true,
			"bones": {
				"mouth": {
					"rotation": [10, 0, 0]
				},
				"hat": {
					"rotation": [1.5, 0, 0]
				},
				"arm_right": {
					"rotation": [0, 0, -25]
				},
				"torso2": {
					"rotation": [10, 0, 0]
				},
				"arm_left": {
					"rotation": [0, 0, 25]
				},
				"eye_left": {
					"position": [0, 0, 0.1]
				},
				"eyelid_left": {
					"position": [0, 0, -0.1]
				},
				"eye_right": {
					"position": [0, 0, 0.1]
				},
				"eyelid_right": {
					"position": [0, 0, -0.1]
				}
			}
		},
		"animation.foongus.blink": {
			"animation_length": 0.1667,
			"bones": {
				"eye_left": {
					"position": {
						"0.0": [0, 0, 0.1],
						"0.125": {"pre": [0, 0, 0.1], "post": [0, 0, 0.1]},
						"0.1667": {"pre": [0, 0, 0.1], "post": [0, 0, 0]}
					}
				},
				"eye_right": {
					"position": {
						"0.0": [0, 0, 0.1],
						"0.125": {"pre": [0, 0, 0.1], "post": [0, 0, 0.1]},
						"0.1667": {"pre": [0, 0, 0.1], "post": [0, 0, 0]}
					}
				},
				"eyelid_right": {
					"position": {
						"0.0": [0, 0, -0.1],
						"0.125": {"pre": [0, 0, -0.1], "post": [0, 0, -0.1]},
						"0.1667": {"pre": [0, 0, -0.1], "post": [0, 0, 0]}
					}
				},
				"eyelid_left": {
					"position": {
						"0.0": [0, 0, -0.1],
						"0.125": {"pre": [0, 0, -0.1], "post": [0, 0, -0.1]},
						"0.1667": {"pre": [0, 0, -0.1], "post": [0, 0, 0]}
					}
				},
				"eye_right_shocked": {
					"position": {
						"0.0": [0, 0, 0.1],
						"0.125": {"pre": [0, 0, 0.1], "post": [0, 0, 0.1]},
						"0.1667": {"pre": [0, 0, 0.1], "post": [0, 0, 0]}
					}
				},
				"eye_left_shocked": {
					"position": {
						"0.0": [0, 0, 0.1],
						"0.125": {"pre": [0, 0, 0.1], "post": [0, 0, 0.1]},
						"0.1667": {"pre": [0, 0, 0.1], "post": [0, 0, 0]}
					}
				},
				"eye_right_happy": {
					"position": {
						"0.0": [0, 0, 0.1],
						"0.125": {"pre": [0, 0, 0.1], "post": [0, 0, 0.1]},
						"0.1667": {"pre": [0, 0, 0.1], "post": [0, 0, 0]}
					}
				},
				"eye_left_happy": {
					"position": {
						"0.0": [0, 0, 0.1],
						"0.125": {"pre": [0, 0, 0.1], "post": [0, 0, 0.1]},
						"0.1667": {"pre": [0, 0, 0.1], "post": [0, 0, 0]}
					}
				}
			}
		}
	}
}