{
	"format_version": "1.12.0",
	"minecraft:geometry": [
		{
			"description": {
				"identifier": "geometry.flamandua",
				"texture_width": 512,
				"texture_height": 512,
				"visible_bounds_width": 19,
				"visible_bounds_height": 9,
				"visible_bounds_offset": [0, 3.5, 0]
			},
			"bones": [
				{
					"name": "heatmoreevo",
					"pivot": [0, 0, 0]
				},
				{
					"name": "everything",
					"parent": "heatmoreevo",
					"pivot": [0, 3, -10],
					"rotation": [-10, 0, 0]
				},
				{
					"name": "bone6",
					"parent": "everything",
					"pivot": [-0.5, 63.4527, 1.03038],
					"rotation": [10, 0, 0]
				},
				{
					"name": "body",
					"parent": "bone6",
					"pivot": [0, 40.4527, -13.46962]
				},
				{
					"name": "r_arm",
					"parent": "body",
					"pivot": [-10, 56.9527, -19.46962],
					"cubes": [
						{"origin": [-22.5, 55.4527, -20.96962], "size": [13, 3, 3], "uv": [480, 58], "mirror": true}
					]
				},
				{
					"name": "bone13",
					"parent": "r_arm",
					"pivot": [-22.45, 58.28604, -19.46962],
					"cubes": [
						{"origin": [-29.5, 55.4527, -20.96962], "size": [7, 3, 3], "uv": [492, 113], "mirror": true}
					]
				},
				{
					"name": "bone14",
					"parent": "bone13",
					"pivot": [-28.75, 56.88604, -19.46962],
					"cubes": [
						{"origin": [-35.5, 53.4527, -22.96962], "size": [7, 7, 7], "uv": [484, 358], "mirror": true},
						{"origin": [-45.5, 49.4527, -26.96962], "size": [3, 15, 15], "uv": [218, 237], "mirror": true},
						{"origin": [-47.5, 51.4527, -24.96962], "size": [2, 11, 11], "uv": [486, 210]},
						{"origin": [-45.5, 51.4527, -24.96962], "size": [11, 11, 11], "uv": [468, 319], "mirror": true},
						{"origin": [-52.5, 55.4527, -23.96962], "size": [5, 6, 3], "uv": [496, 165]},
						{"origin": [-52.5, 55.4527, -17.96962], "size": [5, 6, 3], "uv": [45, 248]},
						{"origin": [-52.5, 55.4527, -20.96962], "size": [5, 6, 3], "uv": [470, 273]}
					]
				},
				{
					"name": "bone",
					"parent": "bone14",
					"pivot": [-52.25, 60.2027, -19.46962],
					"cubes": [
						{"origin": [-57.5, 57.4527, -23.96962], "size": [9, 4, 9], "inflate": -0.01, "uv": [348, 312]}
					]
				},
				{
					"name": "bone2",
					"parent": "bone",
					"pivot": [-11.5, 67.4527, 4.03038],
					"cubes": [
						{"origin": [-90.5, 54.4527, -19.46962], "size": [38, 7, 0], "uv": [436, 343], "mirror": true}
					]
				},
				{
					"name": "bone10",
					"parent": "bone13",
					"pivot": [-28.35, 56.88604, -19.46962]
				},
				{
					"name": "bone11",
					"parent": "bone10",
					"pivot": [-52.5, 59.4527, -19.46962]
				},
				{
					"name": "bone15",
					"parent": "bone11",
					"pivot": [-52.5, 60.9527, -19.46962]
				},
				{
					"name": "l_arm",
					"parent": "body",
					"pivot": [10, 56.9527, -19.46962],
					"cubes": [
						{"origin": [9.5, 55.4527, -20.96962], "size": [13, 3, 3], "uv": [480, 43]}
					]
				},
				{
					"name": "bone12",
					"parent": "l_arm",
					"pivot": [22.45, 58.28604, -19.46962],
					"cubes": [
						{"origin": [22.5, 55.4527, -20.96962], "size": [7, 3, 3], "uv": [492, 92]}
					]
				},
				{
					"name": "bone19",
					"parent": "bone12",
					"pivot": [28.75, 56.88604, -19.46962],
					"cubes": [
						{"origin": [28.5, 53.4527, -22.96962], "size": [7, 7, 7], "uv": [250, 187]},
						{"origin": [42.5, 49.4527, -26.96962], "size": [3, 15, 15], "uv": [184, 250], "mirror": true},
						{"origin": [45.5, 51.4527, -24.96962], "size": [2, 11, 11], "uv": [249, 56]},
						{"origin": [34.5, 51.4527, -24.96962], "size": [11, 11, 11], "uv": [85, 250]},
						{"origin": [47.5, 55.4527, -23.96962], "size": [5, 6, 3], "uv": [362, 110]},
						{"origin": [47.5, 55.4527, -17.96962], "size": [5, 6, 3], "uv": [253, 254]},
						{"origin": [47.5, 55.4527, -20.96962], "size": [5, 6, 3], "uv": [3, 254], "mirror": true}
					]
				},
				{
					"name": "bone24",
					"parent": "bone19",
					"pivot": [52.25, 60.2027, -19.46962],
					"cubes": [
						{"origin": [48.5, 57.4527, -23.96962], "size": [9, 4, 9], "inflate": -0.01, "uv": [348, 312], "mirror": true}
					]
				},
				{
					"name": "bone25",
					"parent": "bone24",
					"pivot": [11.5, 67.4527, 4.03038],
					"cubes": [
						{"origin": [52.5, 54.4527, -19.46962], "size": [38, 7, 0], "uv": [436, 343]}
					]
				},
				{
					"name": "bone16",
					"parent": "bone19",
					"pivot": [52.25, 60.2027, -19.46962]
				},
				{
					"name": "bone7",
					"parent": "bone12",
					"pivot": [28.75, 56.88604, -19.46962]
				},
				{
					"name": "bone8",
					"parent": "bone7",
					"pivot": [52.25, 60.2027, -19.46962]
				},
				{
					"name": "bone9",
					"parent": "bone8",
					"pivot": [11.5, 67.4527, 4.03038]
				},
				{
					"name": "top",
					"parent": "body",
					"pivot": [0, 41.52472, -8.12475],
					"cubes": [
						{"origin": [-10.5, 38.4527, -22.96962], "size": [21, 9, 19], "pivot": [0, 44.6527, -13.46962], "rotation": [17.5, 0, 0], "uv": [432, 0]},
						{"origin": [-10.5, 42.4527, -28.96962], "size": [21, 17, 19], "uv": [0, 160]},
						{"origin": [-10.49, 41.4527, -29.96962], "size": [0, 33, 32], "uv": [0, 242], "mirror": true},
						{"origin": [10.49, 41.4527, -29.96962], "size": [0, 33, 32], "uv": [0, 294]},
						{"origin": [-6.5, 49.4527, -20.96962], "size": [13, 15, 11], "pivot": [-0.5, 63.4527, -19.96962], "rotation": [-32.5, 0, 0], "uv": [0, 196]},
						{"origin": [-12.5, 36.02472, -29.62475], "size": [25, 17, 25], "pivot": [0, 44.52472, -17.12475], "rotation": [40, 0, 0], "uv": [116, 50]},
						{"origin": [-15.5, 38.02472, -31.62475], "size": [31, 11, 30], "pivot": [0, 44.52472, -17.12475], "rotation": [40, 0, 0], "uv": [112, 105]},
						{"origin": [-5.5, 42.4527, -31.46962], "size": [11, 12, 4], "pivot": [0, 44.4527, -28.96962], "rotation": [12.5, 0, 0], "uv": [48, 196]}
					]
				},
				{
					"name": "head",
					"parent": "top",
					"pivot": [0, 64.52472, -20.12475]
				},
				{
					"name": "neck",
					"parent": "head",
					"pivot": [0, 63.86365, -20.50939],
					"rotation": [5, 0, 0],
					"cubes": [
						{"origin": [-5.5, 52.44851, -30.04934], "size": [11, 12, 10], "uv": [208, 194]},
						{"origin": [-5, 54.27878, -37.96943], "size": [10, 10, 8], "uv": [216, 50]}
					]
				},
				{
					"name": "face",
					"parent": "neck",
					"pivot": [0, 62.44851, -17.04934],
					"rotation": [5, 0, 0],
					"cubes": [
						{"origin": [-4, 58.09512, -43.73031], "size": [8, 8, 6], "uv": [80, 176]}
					]
				},
				{
					"name": "face2",
					"parent": "face",
					"pivot": [0, 62.50407, -23.1049],
					"rotation": [10, 0, 0],
					"cubes": [
						{"origin": [-3, 63.63093, -52.78289], "size": [6, 6, 10], "uv": [80, 160]}
					]
				},
				{
					"name": "eyes",
					"parent": "face2",
					"pivot": [2.5, 1.64851, -8.04934],
					"cubes": [
						{"origin": [2.0175, 66.13093, -48.78289], "size": [1, 1, 3], "uv": [148, 92]},
						{"origin": [2.01, 65.13093, -48.28289], "size": [1, 1, 2], "uv": [140, 102]},
						{"origin": [2.015, 65.63093, -47.78289], "size": [1, 1, 1], "uv": [148, 100]},
						{"origin": [1.91, 65.13093, -48.78289], "size": [1, 2, 3], "inflate": 0.01, "uv": [140, 92]},
						{"origin": [-3.0175, 66.13093, -48.78289], "size": [1, 1, 3], "uv": [148, 96]},
						{"origin": [-3.01, 65.13093, -48.28289], "size": [1, 1, 2], "uv": [146, 102]},
						{"origin": [-3.015, 65.63093, -47.78289], "size": [1, 1, 1], "uv": [152, 100]},
						{"origin": [-2.91, 65.13093, -48.78289], "size": [1, 2, 3], "inflate": 0.01, "uv": [140, 97]}
					]
				},
				{
					"name": "nose",
					"parent": "face2",
					"pivot": [1.5, 62.44851, -33.04934],
					"rotation": [5, 0, 0],
					"cubes": [
						{"origin": [-2, 67.32349, -60.08181], "size": [4, 4, 8], "uv": [116, 92]}
					]
				},
				{
					"name": "bottom",
					"parent": "body",
					"pivot": [0, 40.12545, -9.76444],
					"rotation": [20, 0, 0],
					"cubes": [
						{"origin": [-9.5, 19.4527, -22.96962], "size": [19, 21, 19], "pivot": [0, 44.9527, -13.46962], "rotation": [17.5, 0, 0], "uv": [0, 472]},
						{"origin": [0, -4.34065, -38.57838], "size": [0, 44, 34], "pivot": [0, 44.9527, -13.46962], "rotation": [17.5, 0, 0], "uv": [283, -14]},
						{"origin": [-6.5, 22.782, -24.32724], "size": [13, 17, 19], "pivot": [0, 39.282, -14.82724], "rotation": [27.5, 0, 0], "uv": [196, 375]},
						{"origin": [-8.5, 15.63292, -13.30162], "size": [17, 5, 15], "pivot": [0, 20.63292, -5.80162], "rotation": [17.5, 0, 0], "uv": [168, 222], "mirror": true},
						{"origin": [8.5, 14.4527, -16.96962], "size": [15, 15, 17], "pivot": [0, 15.2027, -8.21962], "rotation": [-20, 0, 0], "uv": [80, 190]},
						{"origin": [-23.5, 14.4527, -16.96962], "size": [15, 15, 17], "pivot": [0, 15.2027, -8.21962], "rotation": [-20, 0, 0], "uv": [144, 190]}
					]
				},
				{
					"name": "tail",
					"parent": "bottom",
					"pivot": [0, 23.12545, -1.76444],
					"cubes": [
						{"origin": [-8, 15.12545, 0.23556], "size": [16, 16, 28], "uv": [112, 146]}
					]
				},
				{
					"name": "bone22",
					"parent": "tail",
					"pivot": [0.5, 23.35905, 17.71021],
					"cubes": [
						{"origin": [-11.4, 12.12545, 17.23556], "size": [23, 22, 33], "uv": [0, 105]}
					]
				},
				{
					"name": "bone23",
					"parent": "bone22",
					"pivot": [0, 23.51479, 43.1933],
					"cubes": [
						{"origin": [-13.5, 10.12545, 43.23556], "size": [27, 26, 24], "uv": [116, 0]},
						{"origin": [-0.5, -14.87455, 32.23556], "size": [0, 84, 82], "pivot": [5, 23.12545, 43.23556], "rotation": [12.5, 0, 0], "uv": [226, 335]},
						{"origin": [0.5, -21.87455, 32.23556], "size": [0, 84, 82], "pivot": [-5, 23.12545, 43.23556], "rotation": [0, -12.5, -90], "uv": [226, 335], "mirror": true}
					]
				},
				{
					"name": "bone17",
					"parent": "tail",
					"pivot": [-0.5, 23.35905, 17.71021]
				},
				{
					"name": "bone3",
					"parent": "everything",
					"pivot": [0, 2.6503, 5.29306],
					"rotation": [30, 0, 0]
				},
				{
					"name": "bone4",
					"parent": "bone3",
					"pivot": [16, 6.15025, 9.91907],
					"cubes": [
						{"origin": [16.5, -1.903, 5.78969], "size": [3, 4, 12], "inflate": -0.1, "pivot": [3, 12.847, 19.53969], "rotation": [-20, 0, 0], "uv": [307, 104]},
						{"origin": [12.5, -1.903, 5.78969], "size": [3, 4, 12], "inflate": -0.1, "pivot": [3, 12.847, 19.53969], "rotation": [-20, 0, 0], "uv": [307, 104]},
						{"origin": [11.5, -1.903, 8.78969], "size": [9, 23, 12], "pivot": [3, 12.847, 19.53969], "rotation": [-20, 0, 0], "uv": [306, 136]}
					]
				},
				{
					"name": "bone5",
					"parent": "bone3",
					"pivot": [0, 14.853, 7.07344],
					"cubes": [
						{"origin": [-20.5, -1.903, 8.78969], "size": [9, 23, 12], "pivot": [-3, 12.847, 19.53969], "rotation": [-20, 0, 0], "uv": [331, 222]},
						{"origin": [-19.5, -1.903, 5.78969], "size": [3, 4, 12], "inflate": -0.1, "pivot": [-3, 12.847, 19.53969], "rotation": [-20, 0, 0], "uv": [307, 104], "mirror": true},
						{"origin": [-15.5, -1.903, 5.78969], "size": [3, 4, 12], "inflate": -0.1, "pivot": [-3, 12.847, 19.53969], "rotation": [-20, 0, 0], "uv": [307, 104], "mirror": true}
					]
				}
			]
		}
	]
}