{
	"format_version": "1.12.0",
	"minecraft:geometry": [
		{
			"description": {
				"identifier": "geometry.incineroar",
				"texture_width": 256,
				"texture_height": 256,
				"visible_bounds_width": 7,
				"visible_bounds_height": 4.5,
				"visible_bounds_offset": [0, 1.75, 0]
			},
			"bones": [
				{
					"name": "incineroar",
					"pivot": [0, 0, 0]
				},
				{
					"name": "body",
					"parent": "incineroar",
					"pivot": [0, 25, 0]
				},
				{
					"name": "waist",
					"parent": "body",
					"pivot": [0, 19, -0.5],
					"cubes": [
						{"origin": [-6, 17.5, -4], "size": [12, 11, 7], "uv": [0, 20]}
					]
				},
				{
					"name": "torso2",
					"parent": "waist",
					"pivot": [0, 26.25, -0.5],
					"cubes": [
						{"origin": [-6.5, 27.25, -4.5], "size": [13, 5, 8], "inflate": 0.01, "uv": [0, 38]},
						{"origin": [-1, 27.25, -4.5], "size": [2, 5, 1], "inflate": 0.02, "uv": [20, 116]},
						{"origin": [-1, 27.25, 2.5], "size": [2, 5, 1], "inflate": 0.02, "uv": [118, 19]}
					]
				},
				{
					"name": "chest",
					"parent": "torso2",
					"pivot": [0, 29.75, -0.25],
					"cubes": [
						{"origin": [-7.5, 29.75, -5.25], "size": [15, 10, 10], "uv": [0, 0]},
						{"origin": [-1, 29.75, -5.25], "size": [2, 7, 1], "inflate": 0.01, "uv": [114, 115]},
						{"origin": [-9.5, 31.75, -5.25], "size": [2, 8, 10], "uv": [42, 46], "mirror": true}
					]
				},
				{
					"name": "bone8",
					"parent": "chest",
					"pivot": [-4.40671, 26.8686, 2.09362],
					"cubes": [
						{"origin": [-7.5, 23.75, -5.25], "size": [1, 8, 10], "pivot": [-8.5, 27.75, -0.25], "rotation": [0, 0, -5], "uv": [50, 0], "mirror": true},
						{"origin": [8.96374, 31.42564, -5.25], "size": [1, 8, 10], "uv": [52, 64], "mirror": true},
						{"origin": [8.96374, 31.42564, -5.25], "size": [1, 8, 10], "uv": [52, 64], "mirror": true},
						{"origin": [9.66374, 35.42564, -5.25], "size": [1, 8, 10], "pivot": [10.16374, 39.42564, -0.25], "rotation": [0, 0, 50], "uv": [52, 64], "mirror": true},
						{"origin": [9.66374, 35.42564, -8.25], "size": [1, 8, 3], "pivot": [10.16374, 39.42564, -10.25], "rotation": [0, 0, 50], "uv": [106, 110], "mirror": true},
						{"origin": [5.36374, 33.42564, -8.25], "size": [1, 4, 3], "pivot": [5.86374, 33.42564, -10.25], "rotation": [0, 0, 20], "uv": [8, 113], "mirror": true},
						{"origin": [4.66374, 29.52564, -8.25], "size": [1, 4, 3], "pivot": [5.16374, 29.52564, -10.25], "rotation": [0, 0, 10], "uv": [8, 113], "mirror": true},
						{"origin": [4.26374, 25.52564, -8.25], "size": [1, 4, 3], "pivot": [4.76374, 25.52564, -10.25], "rotation": [0, 0, 5], "uv": [8, 113], "mirror": true},
						{"origin": [4.26374, 23.22564, -8.25], "size": [1, 4, 3], "uv": [8, 113], "mirror": true},
						{"origin": [-7.5, 23.75, -6.25], "size": [1, 8, 3], "pivot": [-8.5, 27.75, -8.25], "rotation": [0, 0, -5], "uv": [60, 110], "mirror": true},
						{"origin": [-8.90571, 31.38073, -6.95], "size": [1, 6, 3], "pivot": [-8.40571, 35.38073, -5.45], "rotation": [180, -85, 175], "uv": [0, 113], "mirror": true},
						{"origin": [-10.5036, 16.9917, 0.45], "size": [1, 8, 4], "pivot": [-8.97911, 20.0294, -1.91136], "rotation": [0, 0, 42.5], "uv": [62, 98], "mirror": true},
						{"origin": [-16.0036, 15.1917, 0.45], "size": [1, 4, 4], "pivot": [-14.47911, 14.2294, -1.91136], "rotation": [0, 0, 42.5], "uv": [94, 111], "mirror": true},
						{"origin": [-10.5036, 12.9917, -3.65], "size": [1, 4, 4], "pivot": [-8.97911, 20.0294, -1.91136], "rotation": [0, 0, 42.5], "uv": [94, 111], "mirror": true},
						{"origin": [-10.5036, 16.9917, -3.55], "size": [1, 8, 4], "pivot": [-8.97911, 20.0294, -1.91136], "rotation": [0, 0, 42.5], "uv": [62, 98], "mirror": true},
						{"origin": [-1.53993, 16.76938, 4.44828], "size": [1, 8, 4], "pivot": [-1.03993, 20.76938, 6.44828], "rotation": [82.92654, 45.43543, 87.47614], "uv": [62, 98], "mirror": true},
						{"origin": [-1.53993, 12.76938, 4.44828], "size": [1, 4, 4], "pivot": [-1.03993, 20.76938, 6.44828], "rotation": [82.92654, 45.43543, 87.47614], "uv": [94, 111], "mirror": true},
						{"origin": [-10.66374, 35.42564, -5.25], "size": [1, 8, 10], "pivot": [-10.16374, 39.42564, -0.25], "rotation": [0, 0, -50], "uv": [52, 64]},
						{"origin": [-1.93619, 35.85545, 3.10755], "size": [1, 8, 4], "pivot": [-0.43619, 39.55545, 5.60755], "rotation": [-84.56182, 24.2488, -85.23263], "uv": [62, 98], "mirror": true},
						{"origin": [-4.83619, 35.75545, 2.70755], "size": [1, 8, 4], "pivot": [-3.43619, 39.75545, 5.60755], "rotation": [-84.74785, 19.27051, -85.73398], "uv": [62, 98], "mirror": true},
						{"origin": [-10.13619, 35.75545, 2.90755], "size": [1, 8, 4], "pivot": [-9.63619, 39.75545, 4.90755], "rotation": [-36.80145, 25.18522, -54.28546], "uv": [62, 98], "mirror": true},
						{"origin": [-8.40571, 31.18073, -7.25], "size": [1, 7, 3], "pivot": [-7.90571, 35.18073, -5.75], "rotation": [-15, -85, -5], "uv": [112, 46], "mirror": true},
						{"origin": [-11.22209, 18.27518, -3.49107], "size": [1, 8, 3], "pivot": [-8.97911, 20.0294, -1.91136], "rotation": [73.97639, -71.61245, -29.74593], "uv": [60, 110], "mirror": true},
						{"origin": [-11.22209, 16.27518, -3.49107], "size": [1, 8, 3], "pivot": [-8.97911, 20.0294, -1.91136], "rotation": [73.97639, -71.61245, -29.74593], "uv": [60, 110], "mirror": true},
						{"origin": [-10.22209, 17.27518, -3.49107], "size": [1, 8, 3], "pivot": [-8.97911, 20.0294, -1.91136], "rotation": [73.97639, -71.61245, -29.74593], "uv": [60, 110], "mirror": true},
						{"origin": [-8.93619, 35.75545, 3.60755], "size": [1, 8, 4], "pivot": [-7.43619, 39.75545, 5.60755], "rotation": [-84.31761, 29.22532, -84.69033], "uv": [62, 98], "mirror": true},
						{"origin": [-6.90571, 23.88073, -7.55], "size": [1, 8, 3], "pivot": [-6.40571, 27.88073, -6.05], "rotation": [0, -85, -5], "uv": [60, 110], "mirror": true},
						{"origin": [-9.30571, 31.58073, -7.25], "size": [1, 7, 3], "pivot": [-8.80571, 35.58073, -5.75], "rotation": [0, -85, -5], "uv": [112, 46], "mirror": true},
						{"origin": [7.56624, 17.46431, -4.98978], "size": [1, 4, 3], "pivot": [8.97911, 20.0294, -1.91136], "rotation": [32.5, 0, -42.5], "uv": [8, 113], "mirror": true},
						{"origin": [7.59491, 23.1118, -5.01888], "size": [1, 4, 3], "pivot": [8.97911, 20.0294, -1.91136], "rotation": [32.5, 0, -42.5], "uv": [8, 113], "mirror": true},
						{"origin": [-8.43993, 16.76938, 3.34828], "size": [1, 8, 4], "pivot": [-7.93993, 20.76938, 5.34828], "rotation": [38.25809, 29.24871, 59.63445], "uv": [62, 98], "mirror": true},
						{"origin": [-8.43993, 12.76938, 3.34828], "size": [1, 4, 4], "pivot": [-7.93993, 20.76938, 5.34828], "rotation": [38.25809, 29.24871, 59.63445], "uv": [94, 111], "mirror": true},
						{"origin": [-5.53993, 16.76938, 4.24828], "size": [1, 8, 4], "pivot": [-5.03993, 20.76938, 6.24828], "rotation": [82.92654, 45.43543, 87.47614], "uv": [62, 98], "mirror": true},
						{"origin": [-5.53993, 12.86938, 4.54828], "size": [1, 4, 4], "pivot": [-5.03993, 20.86938, 6.54828], "rotation": [82.92654, 45.43543, 87.47614], "uv": [94, 111], "mirror": true},
						{"origin": [-9.75619, 15.95098, 10.87362], "size": [1, 4, 4], "pivot": [-9.75619, 15.25098, 12.07362], "rotation": [57.21057, 40.61427, 75.46896], "uv": [94, 111], "mirror": true},
						{"origin": [-9.75619, 19.75098, 10.87362], "size": [1, 4, 4], "pivot": [-9.75619, 15.25098, 12.07362], "rotation": [57.21057, 40.61427, 75.46896], "uv": [94, 111], "mirror": true},
						{"origin": [-13.88392, 17.05753, 5.45262], "size": [1, 4, 4], "pivot": [-14.98392, 16.15753, 8.15262], "rotation": [16.86678, 24.20853, 51.99344], "uv": [94, 111], "mirror": true},
						{"origin": [-13.88392, 21.05753, 5.45262], "size": [1, 4, 4], "pivot": [-14.98392, 16.15753, 8.15262], "rotation": [16.86678, 24.20853, 51.99344], "uv": [94, 111], "mirror": true},
						{"origin": [5.90571, 23.88073, -7.55], "size": [1, 8, 3], "pivot": [6.40571, 27.88073, -6.05], "rotation": [0, 85, 5], "uv": [60, 110]},
						{"origin": [-9.89517, 26.82638, -5.25], "size": [1, 2, 10], "pivot": [-11.79517, 30.02638, -0.25], "rotation": [0, 0, -62.5], "uv": [0, 77]},
						{"origin": [7.5, 31.75, -5.25], "size": [2, 8, 10], "uv": [42, 46]},
						{"origin": [-1, 29.75, 2.75], "size": [2, 8, 2], "inflate": 0.01, "uv": [86, 111]},
						{"origin": [6.5, 23.75, -5.25], "size": [1, 8, 10], "pivot": [8.5, 27.75, -0.25], "rotation": [0, 0, 5], "uv": [50, 0]},
						{"origin": [6.5, 23.75, -5.25], "size": [1, 8, 10], "pivot": [8.5, 27.75, -0.25], "rotation": [0, 0, 5], "uv": [50, 0]},
						{"origin": [6.5, 23.75, -6.25], "size": [1, 8, 3], "pivot": [8.5, 27.75, -8.25], "rotation": [0, 0, 5], "uv": [60, 110]},
						{"origin": [7.40571, 31.18073, -7.25], "size": [1, 6, 3], "pivot": [7.90571, 35.18073, -5.75], "rotation": [-15, 85, 5], "uv": [0, 113]},
						{"origin": [8.30571, 31.58073, -7.25], "size": [1, 7, 3], "pivot": [8.80571, 35.58073, -5.75], "rotation": [0, 85, 5], "uv": [112, 46]},
						{"origin": [12.88392, 17.05753, 5.45262], "size": [1, 6, 4], "pivot": [14.98392, 16.15753, 8.15262], "rotation": [16.86678, -24.20853, -51.99344], "uv": [108, 100]},
						{"origin": [7.43993, 12.76938, 3.34828], "size": [1, 4, 4], "pivot": [7.93993, 20.76938, 5.34828], "rotation": [38.25809, -29.24871, -59.63445], "uv": [94, 111]},
						{"origin": [7.43993, 12.76938, 3.34828], "size": [1, 4, 4], "pivot": [7.93993, 20.76938, 5.34828], "rotation": [38.25809, -29.24871, -59.63445], "uv": [94, 111]},
						{"origin": [0.53993, 12.76938, 4.44828], "size": [1, 4, 4], "pivot": [1.03993, 20.76938, 6.44828], "rotation": [82.92654, -45.43543, -87.47614], "uv": [94, 111]},
						{"origin": [1.13619, 35.85545, 1.70755], "size": [1, 8, 4], "pivot": [0.43619, 39.55545, 5.60755], "rotation": [-84.66151, -21.75985, 85.48766], "uv": [62, 98]},
						{"origin": [7.93619, 35.75545, 3.60755], "size": [1, 8, 4], "pivot": [7.43619, 39.75545, 5.60755], "rotation": [-84.56182, -24.2488, 85.23263], "uv": [62, 98]},
						{"origin": [9.13619, 35.45545, 2.90755], "size": [1, 8, 4], "pivot": [9.63619, 39.75545, 4.90755], "rotation": [-39.29658, -20.55752, 60.69432], "uv": [62, 98]},
						{"origin": [9.13619, 35.85545, 3.80755], "size": [1, 8, 4], "pivot": [9.63619, 39.75545, 4.90755], "rotation": [-71.79658, -20.55752, 60.69432], "uv": [62, 98]},
						{"origin": [3.93619, 35.75545, 3.60755], "size": [1, 8, 4], "pivot": [3.43619, 39.75545, 5.60755], "rotation": [-84.66151, -21.75985, 85.48766], "uv": [62, 98]},
						{"origin": [8.89517, 26.82638, -5.25], "size": [1, 2, 10], "pivot": [11.79517, 30.02638, -0.25], "rotation": [0, 0, 62.5], "uv": [22, 78]},
						{"origin": [-8.59491, 21.1118, -5.11888], "size": [1, 4, 3], "pivot": [-8.97911, 20.0294, -1.91136], "rotation": [32.5, 0, 42.5], "uv": [8, 113]},
						{"origin": [-8.59491, 23.1118, -5.11888], "size": [1, 4, 3], "pivot": [-8.97911, 20.0294, -1.91136], "rotation": [32.5, 0, 42.5], "uv": [8, 113]},
						{"origin": [5.70571, 23.88073, -7.35], "size": [1, 8, 3], "pivot": [6.20571, 27.88073, -5.85], "rotation": [180, 85, -175], "uv": [60, 110]},
						{"origin": [15.0036, 15.1917, 0.45], "size": [1, 4, 4], "pivot": [14.47911, 14.2294, -1.91136], "rotation": [0, 0, -42.5], "uv": [94, 111]},
						{"origin": [9.5036, 12.9917, -3.65], "size": [1, 4, 4], "pivot": [8.97911, 20.0294, -1.91136], "rotation": [0, 0, -42.5], "uv": [94, 111]},
						{"origin": [9.5036, 16.9917, 0.45], "size": [1, 8, 4], "pivot": [8.97911, 20.0294, -1.91136], "rotation": [0, 0, -42.5], "uv": [62, 98]},
						{"origin": [9.5036, 16.9917, -3.45], "size": [1, 8, 4], "pivot": [8.97911, 20.0294, -1.91136], "rotation": [0, 0, -42.5], "uv": [62, 98]},
						{"origin": [10.22209, 16.27518, -3.49107], "size": [1, 8, 3], "pivot": [8.97911, 20.0294, -1.91136], "rotation": [73.97639, 71.61245, 29.74593], "uv": [60, 110]},
						{"origin": [10.22209, 18.27518, -3.49107], "size": [1, 8, 3], "pivot": [8.97911, 20.0294, -1.91136], "rotation": [73.97639, 71.61245, 29.74593], "uv": [60, 110]},
						{"origin": [9.22209, 18.27518, -3.49107], "size": [1, 8, 3], "pivot": [8.97911, 20.0294, -1.91136], "rotation": [73.97639, 71.61245, 29.74593], "uv": [60, 110]},
						{"origin": [4.53993, 16.76938, 4.24828], "size": [1, 8, 4], "pivot": [5.03993, 20.76938, 6.24828], "rotation": [82.92654, -45.43543, -87.47614], "uv": [62, 98]},
						{"origin": [5.53993, 20.76938, 4.24828], "size": [1, 8, 4], "pivot": [5.03993, 20.76938, 6.24828], "rotation": [82.92654, -45.43543, -87.47614], "uv": [62, 98]},
						{"origin": [7.43993, 16.76938, 3.34828], "size": [1, 8, 4], "pivot": [7.93993, 20.76938, 5.34828], "rotation": [38.25809, -29.24871, -59.63445], "uv": [62, 98]},
						{"origin": [5.53993, 20.76938, 8.24828], "size": [1, 8, 4], "pivot": [5.03993, 20.76938, 6.24828], "rotation": [82.92654, -45.43543, -87.47614], "uv": [62, 98]},
						{"origin": [5.53993, 20.76938, 12.24828], "size": [1, 8, 4], "pivot": [5.03993, 20.76938, 6.24828], "rotation": [82.92654, -45.43543, -87.47614], "uv": [62, 98]},
						{"origin": [0.53993, 16.76938, 4.44828], "size": [1, 8, 4], "pivot": [1.03993, 20.76938, 6.44828], "rotation": [82.92654, -45.43543, -87.47614], "uv": [62, 98]},
						{"origin": [4.53993, 12.76938, 4.24828], "size": [1, 4, 4], "pivot": [5.03993, 20.76938, 6.24828], "rotation": [82.92654, -45.43543, -87.47614], "uv": [94, 111]},
						{"origin": [8.75619, 15.95098, 10.27362], "size": [1, 4, 4], "pivot": [9.75619, 15.25098, 11.47362], "rotation": [57.21057, -40.61427, -75.46896], "uv": [94, 111]},
						{"origin": [8.75619, 19.85098, 10.27362], "size": [1, 4, 4], "pivot": [9.75619, 15.25098, 11.47362], "rotation": [57.21057, -40.61427, -75.46896], "uv": [94, 111]},
						{"origin": [-9.96374, 31.42564, -5.25], "size": [1, 8, 10], "uv": [52, 64]},
						{"origin": [7.59491, 21.1118, -5.01888], "size": [1, 4, 3], "pivot": [8.97911, 20.0294, -1.91136], "rotation": [32.5, 0, -42.5], "uv": [8, 113], "mirror": true},
						{"origin": [-10.13619, 35.85545, 3.80755], "size": [1, 8, 4], "pivot": [-9.63619, 39.75545, 4.90755], "rotation": [-71.79658, 20.55752, -60.69432], "uv": [62, 98], "mirror": true},
						{"origin": [-7.5, 23.75, -5.25], "size": [1, 8, 10], "pivot": [-8.5, 27.75, -0.25], "rotation": [0, 0, -5], "uv": [50, 0], "mirror": true}
					]
				},
				{
					"name": "bone10",
					"parent": "chest",
					"pivot": [0.64809, 32.07809, -6.83333],
					"rotation": [0, 0, -50],
					"cubes": [
						{"origin": [-3.85191, 29.57809, -6.5], "size": [15, 5, 1], "inflate": 0.01, "uv": [223, 250]},
						{"origin": [5.76013, 29.57809, -1.62383], "size": [12, 5, 1], "inflate": 0.01, "pivot": [11.26013, 32.07809, -0.72383], "rotation": [0, -90, 0], "uv": [223, 250]},
						{"origin": [-8.85191, 29.57809, -5.5], "size": [15, 5, 1], "inflate": 0.01, "uv": [223, 250]},
						{"origin": [-1.35191, 34.57809, -7.5], "size": [4, 1, 1], "inflate": 0.01, "uv": [246, 217]},
						{"origin": [-1.35191, 28.57809, -7.5], "size": [4, 1, 1], "inflate": 0.01, "uv": [246, 217]},
						{"origin": [-2.35191, 29.57809, -7.5], "size": [6, 5, 1], "inflate": 0.01, "uv": [242, 237]},
						{"origin": [-3.35191, 30.57809, -7.5], "size": [1, 3, 1], "inflate": 0.01, "uv": [250, 217]},
						{"origin": [3.64809, 30.57809, -7.5], "size": [1, 3, 1], "inflate": 0.01, "uv": [250, 217]},
						{"origin": [-1.35191, 30.27809, -7.83333], "size": [3, 1, 2], "pivot": [0.64809, 31.87809, -6.83333], "rotation": [0, 0, 60], "uv": [96, 144]},
						{"origin": [-2.65454, 31.9611, -7.83333], "size": [3, 1, 2], "pivot": [-0.55454, 31.7611, -6.83333], "rotation": [0, 0, 115], "uv": [96, 144]},
						{"origin": [-0.56025, 31.08643, -7.83333], "size": [3, 1, 2], "pivot": [1.23975, 31.58643, -6.83333], "rotation": [0, 0, 72.5], "uv": [96, 144]},
						{"origin": [-1.35191, 32.57809, -7.83333], "size": [3, 1, 2], "pivot": [0.64809, 31.87809, -6.83333], "rotation": [0, 0, 115], "uv": [96, 144]}
					]
				},
				{
					"name": "neck",
					"parent": "chest",
					"pivot": [0, 39.75, 0.15],
					"cubes": [
						{"origin": [-3, 37.75, -2.35], "size": [6, 3, 5], "uv": [76, 83]}
					]
				},
				{
					"name": "head",
					"parent": "neck",
					"pivot": [0, 40, 0.25]
				},
				{
					"name": "head_correction",
					"parent": "head",
					"pivot": [0, 40, 0.25]
				},
				{
					"name": "head_ai",
					"parent": "head_correction",
					"pivot": [0, 40, 0.25]
				},
				{
					"name": "head_angle",
					"parent": "head_ai",
					"pivot": [0, 40, 0.25],
					"cubes": [
						{"origin": [-4, 40, -3.75], "size": [8, 7, 8], "uv": [42, 31]},
						{"origin": [-0.5, 44, -3.75], "size": [1, 3, 4], "inflate": 0.01, "uv": [112, 93]},
						{"origin": [-0.5, 42, 0.25], "size": [1, 5, 4], "inflate": 0.01, "uv": [16, 93]}
					]
				},
				{
					"name": "eyes",
					"parent": "head_angle",
					"pivot": [0, 44.5, -3.25]
				},
				{
					"name": "eye_right_normal",
					"parent": "eyes",
					"pivot": [-2.5, 44.5, -3.25],
					"cubes": [
						{"origin": [-4, 43, -3.75], "size": [3, 3, 1], "inflate": 0.01, "uv": [118, 83]}
					]
				},
				{
					"name": "pupil_right_normal",
					"parent": "eye_right_normal",
					"pivot": [-2, 43.75, -3.75],
					"cubes": [
						{"origin": [-2.5, 42.75, -3.75], "size": [1, 2, 0], "inflate": 0.02, "uv": [24, 65]}
					]
				},
				{
					"name": "eye_left_normal",
					"parent": "eyes",
					"pivot": [2.5, 44.5, -3.25],
					"cubes": [
						{"origin": [1, 43, -3.75], "size": [3, 3, 1], "inflate": 0.01, "uv": [118, 100]}
					]
				},
				{
					"name": "pupil_left_normal",
					"parent": "eye_left_normal",
					"pivot": [2, 43.75, -3.75],
					"cubes": [
						{"origin": [1.5, 42.75, -3.75], "size": [1, 2, 0], "inflate": 0.02, "uv": [24, 67]}
					]
				},
				{
					"name": "eyelid_right_normal",
					"parent": "eyes",
					"pivot": [-2.4, 44.5, -3.15],
					"cubes": [
						{"origin": [-3.9, 43, -3.65], "size": [3, 3, 1], "inflate": 0.03, "uv": [118, 104]}
					]
				},
				{
					"name": "eyelid_left_normal",
					"parent": "eyes",
					"pivot": [2.4, 44.5, -3.15],
					"cubes": [
						{"origin": [0.9, 43, -3.65], "size": [3, 3, 1], "inflate": 0.03, "uv": [94, 119]}
					]
				},
				{
					"name": "eyelid_right_half",
					"parent": "eyes",
					"pivot": [-2.4, 45, -3.15],
					"cubes": [
						{"origin": [-3.9, 44, -3.65], "size": [3, 2, 1], "inflate": 0.03, "uv": [118, 78]}
					]
				},
				{
					"name": "eyelid_left_half",
					"parent": "eyes",
					"pivot": [2.4, 45, -3.15],
					"cubes": [
						{"origin": [0.9, 44, -3.65], "size": [3, 2, 1], "inflate": 0.03, "uv": [26, 120]}
					]
				},
				{
					"name": "eyebrows",
					"parent": "head_angle",
					"pivot": [0, 43.95, -3.95]
				},
				{
					"name": "eyebrow_right",
					"parent": "eyebrows",
					"pivot": [0, 43.95, -3.95],
					"rotation": [0, 1.5, 26],
					"cubes": [
						{"origin": [-6.75, 43.45, -3.95], "size": [7, 1, 0], "uv": [26, 63]}
					]
				},
				{
					"name": "eyebrow_left",
					"parent": "eyebrows",
					"pivot": [0, 43.95, -3.95],
					"rotation": [0, -1.5, -26],
					"cubes": [
						{"origin": [-0.25, 43.45, -3.95], "size": [7, 1, 0], "uv": [66, 18]}
					]
				},
				{
					"name": "head_ruff_right1",
					"parent": "head_angle",
					"pivot": [-4, 41, -3.15],
					"rotation": [5, -15, -7.5],
					"cubes": [
						{"origin": [-6, 40, -3.65], "size": [3, 2, 1], "uv": [120, 46]}
					]
				},
				{
					"name": "head_ruff_right2",
					"parent": "head_ruff_right1",
					"pivot": [-6, 40, -3.15],
					"rotation": [0, 0, 7.5],
					"cubes": [
						{"origin": [-8, 40, -3.15], "size": [2, 2, 0], "uv": [124, 23]}
					]
				},
				{
					"name": "head_ruff_right3",
					"parent": "head_angle",
					"pivot": [-4, 41.6, -1.65],
					"rotation": [5, 0, 2.5],
					"cubes": [
						{"origin": [-6.5, 40.1, -2.65], "size": [3, 3, 2], "uv": [114, 69]}
					]
				},
				{
					"name": "head_ruff_right4",
					"parent": "head_ruff_right3",
					"pivot": [-6.5, 40.6, -1.65],
					"rotation": [0, 0, 12.5],
					"cubes": [
						{"origin": [-8.5, 40.6, -2.15], "size": [2, 2, 1], "uv": [42, 109]}
					]
				},
				{
					"name": "head_ruff_right5",
					"parent": "head_ruff_right4",
					"pivot": [-8.5, 40.6, -1.65],
					"rotation": [0, 0, 7.5],
					"cubes": [
						{"origin": [-10.5, 40.6, -1.65], "size": [2, 2, 0], "uv": [124, 37]}
					]
				},
				{
					"name": "head_ruff_right6",
					"parent": "head_angle",
					"pivot": [-4, 43.1, 0.2],
					"rotation": [5, 12.5, 12.5],
					"cubes": [
						{"origin": [-7.75, 41.6, -0.8], "size": [5, 3, 2], "uv": [110, 34]}
					]
				},
				{
					"name": "head_ruff_right7",
					"parent": "head_ruff_right6",
					"pivot": [-7.75, 42.1, 0.2],
					"rotation": [0, 0, 17.5],
					"cubes": [
						{"origin": [-10.75, 42.1, -0.3], "size": [3, 2, 1], "uv": [120, 49]}
					]
				},
				{
					"name": "head_ruff_right8",
					"parent": "head_ruff_right7",
					"pivot": [-10.75, 42.1, 0.2],
					"rotation": [0, 0, 10],
					"cubes": [
						{"origin": [-12.75, 42.1, 0.2], "size": [2, 2, 0], "uv": [124, 55]}
					]
				},
				{
					"name": "head_ruff_right9",
					"parent": "head_angle",
					"pivot": [-3.5, 44.1, 2.1],
					"rotation": [15, 32.5, 32.5],
					"cubes": [
						{"origin": [-5.5, 42.6, 1.1], "size": [3, 3, 2], "uv": [114, 110]}
					]
				},
				{
					"name": "head_ruff_right10",
					"parent": "head_ruff_right9",
					"pivot": [-5.5, 43.1, 2.1],
					"rotation": [0, 0, 12.5],
					"cubes": [
						{"origin": [-7.5, 43.1, 1.6], "size": [2, 2, 1], "uv": [84, 121]}
					]
				},
				{
					"name": "head_ruff_right11",
					"parent": "head_ruff_right10",
					"pivot": [-7.5, 43.1, 2.1],
					"rotation": [0, 0, 12.5],
					"cubes": [
						{"origin": [-9.5, 43.1, 2.1], "size": [2, 2, 0], "uv": [124, 57]}
					]
				},
				{
					"name": "head_ruff_left1",
					"parent": "head_angle",
					"pivot": [4, 41, -3.15],
					"rotation": [5, 10, 7.5],
					"cubes": [
						{"origin": [3, 40, -3.65], "size": [3, 2, 1], "uv": [120, 52]}
					]
				},
				{
					"name": "head_ruff_left2",
					"parent": "head_ruff_left1",
					"pivot": [6, 40, -3.15],
					"rotation": [0, 0, -7.5],
					"cubes": [
						{"origin": [6, 40, -3.15], "size": [2, 2, 0], "uv": [124, 59]}
					]
				},
				{
					"name": "head_ruff_left3",
					"parent": "head_angle",
					"pivot": [4, 41.6, -1.65],
					"rotation": [5, 0, -2.5],
					"cubes": [
						{"origin": [3.5, 40.1, -2.65], "size": [3, 3, 2], "uv": [28, 115]}
					]
				},
				{
					"name": "head_ruff_left4",
					"parent": "head_ruff_left3",
					"pivot": [6.5, 40.6, -1.65],
					"rotation": [0, 0, -12.5],
					"cubes": [
						{"origin": [6.5, 40.6, -2.15], "size": [2, 2, 1], "uv": [102, 121]}
					]
				},
				{
					"name": "head_ruff_left5",
					"parent": "head_ruff_left4",
					"pivot": [8.5, 40.6, -1.65],
					"rotation": [0, 0, -7.5],
					"cubes": [
						{"origin": [8.5, 40.6, -1.65], "size": [2, 2, 0], "uv": [124, 61]}
					]
				},
				{
					"name": "head_ruff_left6",
					"parent": "head_angle",
					"pivot": [4, 43.1, 0.2],
					"rotation": [5, -12.5, -12.5],
					"cubes": [
						{"origin": [2.75, 41.6, -0.8], "size": [5, 3, 2], "uv": [110, 60]}
					]
				},
				{
					"name": "head_ruff_left7",
					"parent": "head_ruff_left6",
					"pivot": [7.75, 42.1, 0.2],
					"rotation": [0, 0, -17.5],
					"cubes": [
						{"origin": [7.75, 42.1, -0.3], "size": [3, 2, 1], "uv": [68, 120]}
					]
				},
				{
					"name": "head_ruff_left8",
					"parent": "head_ruff_left7",
					"pivot": [10.75, 42.1, 0.2],
					"rotation": [0, 0, -10],
					"cubes": [
						{"origin": [10.75, 42.1, 0.2], "size": [2, 2, 0], "uv": [124, 63]}
					]
				},
				{
					"name": "head_ruff_left9",
					"parent": "head_angle",
					"pivot": [3.5, 44.1, 2.1],
					"rotation": [15, -32.5, -32.5],
					"cubes": [
						{"origin": [2.5, 42.6, 1.1], "size": [3, 3, 2], "uv": [68, 115]}
					]
				},
				{
					"name": "head_ruff_left10",
					"parent": "head_ruff_left9",
					"pivot": [5.5, 43.1, 2.1],
					"rotation": [0, 0, -12.5],
					"cubes": [
						{"origin": [5.5, 43.1, 1.6], "size": [2, 2, 1], "uv": [108, 121]}
					]
				},
				{
					"name": "head_ruff_left11",
					"parent": "head_ruff_left10",
					"pivot": [7.5, 43.1, 2.1],
					"rotation": [0, 0, -12.5],
					"cubes": [
						{"origin": [7.5, 43.1, 2.1], "size": [2, 2, 0], "uv": [124, 69]}
					]
				},
				{
					"name": "ear_right",
					"parent": "head_angle",
					"pivot": [-2.75, 46.25, -0.25],
					"rotation": [0, 0, -10],
					"cubes": [
						{"origin": [-6.25, 46.25, -0.25], "size": [3, 4, 0], "uv": [120, 115]}
					]
				},
				{
					"name": "ear_left",
					"parent": "head_angle",
					"pivot": [2.75, 46.25, -0.25],
					"rotation": [0, 0, 10],
					"cubes": [
						{"origin": [3.25, 46.25, -0.25], "size": [3, 4, 0], "uv": [120, 119]}
					]
				},
				{
					"name": "muzzle",
					"parent": "head_angle",
					"pivot": [0, 42.3, -3.75],
					"rotation": [2.5, 0, 0],
					"cubes": [
						{"origin": [-3.5, 41.3, -5.75], "size": [7, 2, 2], "inflate": 0.01, "uv": [100, 24]},
						{"origin": [-3.5, 41.3, -6.75], "size": [7, 2, 1], "inflate": 0.01, "uv": [110, 39]},
						{"origin": [-0.5, 42.2, -6.75], "size": [1, 1, 0], "inflate": 0.03, "uv": [40, 63]},
						{"origin": [-0.5, 41.3, -6.75], "size": [1, 1, 0], "inflate": 0.02, "uv": [66, 19]},
						{"origin": [0, 41, -6.7], "size": [1, 1, 0], "pivot": [0.5, 41.5, -6.7], "rotation": [0, 0, 45], "uv": [68, 19]},
						{"origin": [-1, 41, -6.7], "size": [1, 1, 0], "pivot": [-0.5, 41.5, -6.7], "rotation": [0, 0, -45], "uv": [70, 19]},
						{"origin": [2.75, 40.43431, -6.11569], "size": [0, 1, 1], "pivot": [2.75, 41.5, -5.05], "rotation": [-45, 12.5, 0], "uv": [24, 69]},
						{"origin": [2.75, 41, -5.55], "size": [0, 1, 1], "pivot": [2.75, 41.5, -5.05], "rotation": [-45, 12.5, 0], "uv": [24, 71]},
						{"origin": [2.75, 41.56569, -4.98431], "size": [0, 1, 1], "pivot": [2.75, 41.5, -5.05], "rotation": [-45, 12.5, 0], "uv": [24, 73]},
						{"origin": [-2.75, 40.43431, -6.11569], "size": [0, 1, 1], "pivot": [-2.75, 41.5, -5.05], "rotation": [-45, -12.5, 0], "uv": [24, 75]},
						{"origin": [-2.75, 41, -5.55], "size": [0, 1, 1], "pivot": [-2.75, 41.5, -5.05], "rotation": [-45, -12.5, 0], "uv": [42, 90]},
						{"origin": [-2.75, 41.56569, -4.98431], "size": [0, 1, 1], "pivot": [-2.75, 41.5, -5.05], "rotation": [-45, -12.5, 0], "uv": [42, 92]},
						{"origin": [-2.2, 40.8, -6.45], "size": [1, 1, 0], "pivot": [-1.7, 41.3, -6.45], "rotation": [-14.43276, 13.99545, -46.78082], "uv": [72, 19]},
						{"origin": [1.2, 40.8, -6.45], "size": [1, 1, 0], "pivot": [1.7, 41.3, -6.45], "rotation": [-14.43276, -13.99545, 46.78082], "uv": [74, 19]}
					]
				},
				{
					"name": "teeth_smile",
					"parent": "muzzle",
					"pivot": [0, 41.05, -5.25],
					"cubes": [
						{"origin": [-3, 40.55, -6.65], "size": [6, 1, 3], "uv": [102, 89]}
					]
				},
				{
					"name": "jaw",
					"parent": "muzzle",
					"pivot": [0, 40.85, -2.25],
					"cubes": [
						{"origin": [-3.5, 39.95, -3.75], "size": [7, 1, 2], "inflate": 0.01, "uv": [106, 28]}
					]
				},
				{
					"name": "jaw_section",
					"parent": "jaw",
					"pivot": [0, 40.85, -4.05]
				},
				{
					"name": "jaw2",
					"parent": "jaw_section",
					"pivot": [0, 39.95, -3.75],
					"cubes": [
						{"origin": [-3.5, 39.95, -5.75], "size": [7, 1, 2], "uv": [88, 108]},
						{"origin": [-3.5, 39.95, -6.75], "size": [7, 1, 1], "inflate": 0.01, "uv": [42, 112]},
						{"origin": [0.525, 40.325, -6.575], "size": [1, 1, 0], "pivot": [1.025, 40.825, -6.575], "rotation": [-5.31847, -5.29571, 45.24614], "uv": [74, 45]},
						{"origin": [-0.5, 40.325, -6.65], "size": [1, 1, 0], "pivot": [0, 40.825, -6.65], "rotation": [0, 0, 45], "uv": [76, 19]},
						{"origin": [-1.5, 40.325, -6.575], "size": [1, 1, 0], "pivot": [-1, 40.825, -6.575], "rotation": [5.31847, 5.29571, 45.24614], "uv": [76, 45]},
						{"origin": [2.8, 40.3, -6.45], "size": [0, 1, 1], "pivot": [2.8, 40.8, -5.95], "rotation": [-45, 22.5, 0], "uv": [42, 94]},
						{"origin": [3.1, 40.3, -5.45], "size": [0, 1, 1], "pivot": [3.1, 40.8, -4.95], "rotation": [-45, 12.5, 0], "uv": [42, 96]},
						{"origin": [-2.8, 40.3, -6.45], "size": [0, 1, 1], "pivot": [-2.8, 40.8, -5.95], "rotation": [-45, -22.5, 0], "uv": [60, 104]},
						{"origin": [-3.1, 40.3, -5.45], "size": [0, 1, 1], "pivot": [-3.1, 40.8, -4.95], "rotation": [-45, -2.5, 0], "uv": [60, 106]},
						{"origin": [-2.4, 40.35, -6.75], "size": [1, 1, 0], "pivot": [-1.9, 40.85, -6.75], "rotation": [5.31847, 5.29571, -44.75386], "uv": [22, 77]},
						{"origin": [1.4, 40.35, -6.75], "size": [1, 1, 0], "pivot": [1.9, 40.85, -6.75], "rotation": [5.31847, -5.29571, 44.75386], "uv": [24, 77]}
					]
				},
				{
					"name": "tongue",
					"parent": "jaw2",
					"pivot": [0, 41.45, -3.5],
					"cubes": [
						{"origin": [-2.5, 40.45, -6.45], "size": [5, 1, 4], "uv": [100, 76]}
					]
				},
				{
					"name": "bone6",
					"parent": "head_angle",
					"pivot": [-0.13609, 49.91605, 0.31196],
					"cubes": [
						{"origin": [-2.5, 43.3, -2.8], "size": [5, 1, 5], "uv": [92, 94]},
						{"origin": [-3.11449, 45.38268, -1.91449], "size": [4, 1, 1], "pivot": [-1.11449, 45.88268, -1.41449], "rotation": [177.50238, 44.94549, 176.46671], "uv": [118, 25]},
						{"origin": [-0.5, 45.46175, -2.91299], "size": [1, 1, 3], "pivot": [0, 45.96175, -1.41299], "rotation": [2.5, 0, 0], "uv": [8, 120]},
						{"origin": [2.30456, 50.52503, 3.59821], "size": [3, 1, 1], "pivot": [4.00456, 52.42503, 4.09821], "rotation": [-34.15195, -29.45879, 54.76178], "uv": [118, 87], "mirror": true},
						{"origin": [-0.88551, 45.38268, -1.91449], "size": [4, 1, 1], "pivot": [1.11449, 45.88268, -1.41449], "rotation": [177.50238, -44.94549, -176.46671], "uv": [118, 25], "mirror": true},
						{"origin": [-0.5, 44.05359, 2.84115], "size": [1, 1, 3], "pivot": [0, 46.05359, 3.94115], "rotation": [-62.5, 0, 0], "uv": [8, 120]},
						{"origin": [-0.5, 46.65359, -0.75885], "size": [1, 1, 1], "uv": [38, 36], "mirror": true},
						{"origin": [-0.5, 45.55359, -0.55885], "size": [1, 1, 3], "uv": [8, 120]},
						{"origin": [-5.24621, 51.29176, 2.94621], "size": [3, 1, 1], "pivot": [-3.24621, 52.69176, 3.44621], "rotation": [-34.04258, 31.42176, -52.34365], "uv": [60, 121]},
						{"origin": [-3.12691, 52.12262, 0.82691], "size": [4, 1, 1], "pivot": [-1.12691, 52.62262, 1.32691], "rotation": [-2.49762, 44.94549, -3.53329], "uv": [32, 102], "mirror": true},
						{"origin": [-3.5, 40.4, -4.3], "size": [7, 1, 1], "uv": [112, 42]},
						{"origin": [-0.5, 41.9, 3.1], "size": [1, 2, 1], "uv": [42, 124]},
						{"origin": [-3, 48.5, -4.1], "size": [1, 1, 1], "pivot": [-2.5, 49, -3.7], "rotation": [0, 0, -45], "uv": [98, 89], "mirror": true},
						{"origin": [0.5, 48.5, -4.2], "size": [1, 1, 1], "pivot": [1, 49, -3.7], "rotation": [0, 0, -45], "uv": [98, 89], "mirror": true},
						{"origin": [-1.6, 48.5, -4.2], "size": [1, 1, 1], "pivot": [-1.1, 49, -3.7], "rotation": [0, 0, -45], "uv": [98, 89], "mirror": true},
						{"origin": [-3.5, 40.4, 2.7], "size": [7, 1, 1], "uv": [112, 44]},
						{"origin": [-3.5, 41.4, 3.2], "size": [7, 1, 1], "uv": [112, 44]},
						{"origin": [3.4, 48.6, -2.8], "size": [1, 1, 1], "pivot": [3.9, 49.1, -2.3], "rotation": [45, 0, 0], "uv": [102, 119], "mirror": true},
						{"origin": [3.4, 48.6, -1.4], "size": [1, 1, 1], "pivot": [3.9, 49.1, -0.9], "rotation": [45, 0, 0], "uv": [102, 119], "mirror": true},
						{"origin": [3.4, 48.6, 2.2], "size": [1, 1, 1], "pivot": [3.9, 49.1, 2.7], "rotation": [45, 0, 0], "uv": [102, 119], "mirror": true},
						{"origin": [3.4, 48.6, 0.8], "size": [1, 1, 1], "pivot": [3.9, 49.1, 1.3], "rotation": [45, 0, 0], "uv": [102, 119], "mirror": true},
						{"origin": [3.4, 41.9, -0.8], "size": [1, 1, 1], "pivot": [3.9, 42.4, -0.3], "rotation": [45, 0, 0], "uv": [102, 119], "mirror": true},
						{"origin": [-2.9, 41.9, 3.1], "size": [1, 1, 1], "pivot": [-2.4, 42.4, 3.6], "rotation": [45, -90, 0], "uv": [114, 74], "mirror": true},
						{"origin": [-1.5, 41.9, 3.1], "size": [1, 1, 1], "pivot": [-1, 42.4, 3.6], "rotation": [45, 90, 0], "uv": [102, 119], "mirror": true},
						{"origin": [1.9, 41.9, 3.1], "size": [1, 1, 1], "pivot": [2.4, 42.4, 3.6], "rotation": [45, 90, 0], "uv": [114, 74], "mirror": true},
						{"origin": [0.5, 41.9, 3.1], "size": [1, 1, 1], "pivot": [1, 42.4, 3.6], "rotation": [45, 90, 0], "uv": [102, 119], "mirror": true},
						{"origin": [-4.4, 48.6, -2.7], "size": [1, 1, 1], "pivot": [-3.9, 49.1, -2.2], "rotation": [45, 0, 0], "uv": [114, 74], "mirror": true},
						{"origin": [-4.4, 48.6, 2.1], "size": [1, 1, 1], "pivot": [-3.9, 49.1, 2.6], "rotation": [45, 0, 0], "uv": [114, 74], "mirror": true},
						{"origin": [-4.4, 48.6, -1.3], "size": [1, 1, 1], "pivot": [-3.9, 49.1, -0.8], "rotation": [45, 0, 0], "uv": [114, 74], "mirror": true},
						{"origin": [-4.4, 48.6, 0.7], "size": [1, 1, 1], "pivot": [-3.9, 49.1, 1.2], "rotation": [45, 0, 0], "uv": [114, 74], "mirror": true},
						{"origin": [-4.4, 41.9, -0.8], "size": [1, 1, 1], "pivot": [-3.9, 42.4, -0.3], "rotation": [45, 0, 0], "uv": [102, 119], "mirror": true},
						{"origin": [-4.4, 48.6, -0.4], "size": [1, 1, 1], "pivot": [-4, 49.1, 0.1], "rotation": [45, 0, 0], "uv": [114, 74], "mirror": true},
						{"origin": [-3.5, 42.25, -3.75], "size": [7, 1, 7], "uv": [72, 10]}
					]
				},
				{
					"name": "bone4",
					"parent": "bone6",
					"pivot": [0.16354, 49.87678, 0.2638],
					"cubes": [
						{"origin": [-3.5, 48.1, -4.3], "size": [7, 1, 1], "uv": [110, 65]},
						{"origin": [-2.5, 50, -2.3], "size": [5, 1, 5], "uv": [94, 70]},
						{"origin": [-0.88551, 52.08268, -1.41449], "size": [4, 1, 1], "pivot": [1.11449, 52.58268, -0.91449], "rotation": [177.50238, -44.94549, -176.46671], "uv": [32, 102], "mirror": true},
						{"origin": [-0.5, 52.16175, -2.41299], "size": [1, 1, 3], "pivot": [0, 52.66175, -0.91299], "rotation": [2.5, 0, 0], "uv": [44, 78]},
						{"origin": [-5.30456, 50.52503, 3.59821], "size": [3, 1, 1], "pivot": [-4.00456, 52.42503, 4.09821], "rotation": [-34.15195, 29.45879, -54.76178], "uv": [118, 87]},
						{"origin": [-5.84022, 50.60821, -4.24022], "size": [3, 1, 1], "pivot": [-3.94022, 52.40821, -3.74022], "rotation": [147.26759, 32.79775, 130.12074], "uv": [118, 108]},
						{"origin": [-3.11449, 52.08268, -1.41449], "size": [4, 1, 1], "pivot": [-1.11449, 52.58268, -0.91449], "rotation": [177.50238, 44.94549, 176.46671], "uv": [32, 102]},
						{"origin": [-0.5, 51.10616, -4.40466], "size": [1, 1, 3], "pivot": [0, 51.60616, -2.90466], "rotation": [-127.5, 0, 0], "uv": [42, 118]},
						{"origin": [-0.5, 50.75359, 3.34115], "size": [1, 1, 3], "pivot": [0, 52.75359, 4.44115], "rotation": [-62.5, 0, 0], "uv": [44, 78]},
						{"origin": [-0.5, 53.05359, -0.25885], "size": [1, 1, 1], "uv": [38, 36]},
						{"origin": [-0.5, 52.25359, -0.05885], "size": [1, 1, 3], "uv": [118, 74]},
						{"origin": [2.84022, 50.60821, -4.24022], "size": [3, 1, 1], "pivot": [3.94022, 52.40821, -3.74022], "rotation": [147.26759, -32.79775, -130.12074], "uv": [120, 89]},
						{"origin": [2.24621, 51.29176, 2.94621], "size": [3, 1, 1], "pivot": [3.24621, 52.69176, 3.44621], "rotation": [-34.04258, -31.42176, 52.34365], "uv": [120, 91]},
						{"origin": [-0.87309, 52.12262, 0.82691], "size": [4, 1, 1], "pivot": [1.12691, 52.62262, 1.32691], "rotation": [-2.49762, -44.94549, 3.53329], "uv": [116, 81]},
						{"origin": [-3.5, 47.1, -3.8], "size": [7, 1, 1], "uv": [110, 65]},
						{"origin": [3.4, 49, -4.2], "size": [1, 2, 1], "uv": [38, 123]},
						{"origin": [-4.4, 48.9, -4.2], "size": [1, 2, 1], "uv": [38, 123]},
						{"origin": [-0.5, 48.9, -4.2], "size": [1, 2, 1], "uv": [38, 123]},
						{"origin": [-0.5, 48.6, 3.6], "size": [1, 2, 1], "uv": [124, 27]},
						{"origin": [3.4, 49, 3.6], "size": [1, 2, 1], "uv": [38, 123]},
						{"origin": [-4.4, 49, 3.6], "size": [1, 2, 1], "uv": [124, 34]},
						{"origin": [2, 48.5, -4.1], "size": [1, 1, 1], "pivot": [2.5, 49, -3.7], "rotation": [0, 0, 45], "uv": [98, 89]},
						{"origin": [-1.5, 48.5, -4.2], "size": [1, 1, 1], "pivot": [-1, 49, -3.7], "rotation": [0, 0, 45], "uv": [98, 89]},
						{"origin": [0.6, 48.5, -4.2], "size": [1, 1, 1], "pivot": [1.1, 49, -3.7], "rotation": [0, 0, 45], "uv": [98, 89]},
						{"origin": [-3.5, 47.1, 3.2], "size": [7, 1, 1], "uv": [110, 67]},
						{"origin": [-3.5, 48.1, 3.7], "size": [7, 1, 1], "uv": [110, 67]},
						{"origin": [3, 47.1, -3.3], "size": [1, 1, 7], "uv": [100, 8]},
						{"origin": [3.5, 48.1, -3.3], "size": [1, 1, 7], "uv": [100, 16]},
						{"origin": [-4.5, 48.1, -3.3], "size": [1, 1, 7], "uv": [100, 8]},
						{"origin": [-4.4, 48.6, -2.8], "size": [1, 1, 1], "pivot": [-3.9, 49.1, -2.3], "rotation": [45, 0, 0], "uv": [114, 74]},
						{"origin": [-4.4, 48.6, -1.4], "size": [1, 1, 1], "pivot": [-3.9, 49.1, -0.9], "rotation": [45, 0, 0], "uv": [114, 74]},
						{"origin": [-4.4, 48.6, 2.2], "size": [1, 1, 1], "pivot": [-3.9, 49.1, 2.7], "rotation": [45, 0, 0], "uv": [114, 74]},
						{"origin": [-4.4, 48.6, 0.8], "size": [1, 1, 1], "pivot": [-3.9, 49.1, 1.3], "rotation": [45, 0, 0], "uv": [114, 74]},
						{"origin": [-4.4, 48.6, -0.3], "size": [1, 1, 1], "pivot": [-3.9, 49.1, 0.2], "rotation": [45, 0, 0], "uv": [114, 74]},
						{"origin": [1.9, 48.6, 3.6], "size": [1, 1, 1], "pivot": [2.4, 49.1, 4.1], "rotation": [45, -90, 0], "uv": [102, 119]},
						{"origin": [0.5, 48.6, 3.6], "size": [1, 1, 1], "pivot": [1, 49.1, 4.1], "rotation": [45, -90, 0], "uv": [114, 74]},
						{"origin": [-2.9, 48.6, 3.6], "size": [1, 1, 1], "pivot": [-2.4, 49.1, 4.1], "rotation": [45, 90, 0], "uv": [102, 119]},
						{"origin": [-1.5, 48.6, 3.6], "size": [1, 1, 1], "pivot": [-1, 49.1, 4.1], "rotation": [45, 90, 0], "uv": [114, 74]},
						{"origin": [3.4, 48.6, -2.7], "size": [1, 1, 1], "pivot": [3.9, 49.1, -2.2], "rotation": [45, 0, 0], "uv": [102, 119]},
						{"origin": [3.4, 48.6, 2.1], "size": [1, 1, 1], "pivot": [3.9, 49.1, 2.6], "rotation": [45, 0, 0], "uv": [102, 119]},
						{"origin": [3.4, 48.6, -1.3], "size": [1, 1, 1], "pivot": [3.9, 49.1, -0.8], "rotation": [45, 0, 0], "uv": [102, 119]},
						{"origin": [3.4, 48.6, 0.7], "size": [1, 1, 1], "pivot": [3.9, 49.1, 1.2], "rotation": [45, 0, 0], "uv": [102, 119]},
						{"origin": [3.4, 48.6, -0.3], "size": [1, 1, 1], "pivot": [3.9, 49.1, 0.2], "rotation": [45, 0, 0], "uv": [102, 119]},
						{"origin": [3.4, 48.6, -0.4], "size": [1, 1, 1], "pivot": [4, 49.1, 0.1], "rotation": [45, 0, 0], "uv": [102, 119]},
						{"origin": [-4, 47.1, -3.3], "size": [1, 1, 7], "uv": [92, 100]},
						{"origin": [-3.5, 48.95, -3.25], "size": [7, 1, 7], "uv": [66, 56]}
					]
				},
				{
					"name": "shoulder_right_spikes",
					"parent": "chest",
					"pivot": [-9.75, 38, 0],
					"cubes": [
						{"origin": [-9.75, 34, -4], "size": [0, 7, 8], "uv": [44, 82]},
						{"origin": [-9.75, 41, -1.5], "size": [0, 4, 3], "uv": [116, 5]},
						{"origin": [-9.75, 41, 2], "size": [0, 3, 2], "pivot": [-9.75, 41, 2], "rotation": [-10, 0, 0], "uv": [38, 31]},
						{"origin": [-9.75, 41, -4], "size": [0, 3, 2], "pivot": [-9.75, 41, -2], "rotation": [10, 0, 0], "uv": [72, 98]}
					]
				},
				{
					"name": "shoulder_left_spikes",
					"parent": "chest",
					"pivot": [9.75, 38, 0],
					"cubes": [
						{"origin": [9.75, 34, -4], "size": [0, 7, 8], "uv": [60, 83]},
						{"origin": [9.75, 41, -1.5], "size": [0, 4, 3], "uv": [116, 12]},
						{"origin": [9.75, 41, 2], "size": [0, 3, 2], "pivot": [9.75, 41, 2], "rotation": [-10, 0, 0], "uv": [68, 110]},
						{"origin": [9.75, 41, -4], "size": [0, 3, 2], "pivot": [9.75, 41, -2], "rotation": [10, 0, 0], "uv": [50, 118]}
					]
				},
				{
					"name": "shoulder_right1",
					"parent": "chest",
					"pivot": [-9.5, 39, 0],
					"cubes": [
						{"origin": [-15.5, 32, -3.5], "size": [6, 7, 7], "uv": [0, 51]}
					]
				},
				{
					"name": "shoulder_right2",
					"parent": "shoulder_right1",
					"pivot": [-15, 35.25, 0],
					"cubes": [
						{"origin": [-22, 32.75, -2.5], "size": [9, 5, 5], "uv": [66, 46]}
					]
				},
				{
					"name": "arm_right1",
					"parent": "shoulder_right2",
					"pivot": [-22, 35, 1.5],
					"cubes": [
						{"origin": [-27.5, 33.5, -1.5], "size": [7, 3, 3], "uv": [42, 98]}
					]
				},
				{
					"name": "arm_right2",
					"parent": "arm_right1",
					"pivot": [-27.5, 35, 0],
					"cubes": [
						{"origin": [-30.5, 34, -1], "size": [4, 2, 2], "uv": [112, 56]}
					]
				},
				{
					"name": "hand_right",
					"parent": "arm_right2",
					"pivot": [-30.5, 35, 0],
					"cubes": [
						{"origin": [-33.5, 34, -2], "size": [3, 2, 4], "inflate": 0.01, "uv": [28, 109]}
					]
				},
				{
					"name": "finger_right_thumb1",
					"parent": "hand_right",
					"pivot": [-31.5, 35, -1.5],
					"rotation": [0, -40, 0],
					"cubes": [
						{"origin": [-33.75, 34.5, -2], "size": [2, 1, 1], "uv": [94, 76]}
					]
				},
				{
					"name": "finger_right_thumb2",
					"parent": "finger_right_thumb1",
					"pivot": [-33.55, 34.5, -1.5],
					"cubes": [
						{"origin": [-35.75, 34.5, -2], "size": [2, 1, 1], "inflate": 0.2, "uv": [122, 17]}
					]
				},
				{
					"name": "finger_right_thumb3",
					"parent": "finger_right_thumb2",
					"pivot": [-35.95, 34.95, -2.2],
					"cubes": [
						{"origin": [-37.15, 34.5, -2], "size": [1, 1, 1], "inflate": 0.21, "uv": [124, 71]}
					]
				},
				{
					"name": "fingernail_right_thumb",
					"parent": "finger_right_thumb3",
					"pivot": [-37.35, 34.5, -1.5],
					"cubes": [
						{"origin": [-38.35, 34.5, -1.5], "size": [1, 1, 0], "uv": [78, 19]}
					]
				},
				{
					"name": "finger_right_index1",
					"parent": "hand_right",
					"pivot": [-33.5, 36, -1.5],
					"cubes": [
						{"origin": [-35.5, 35, -2], "size": [2, 1, 1], "uv": [42, 122]}
					]
				},
				{
					"name": "finger_right_index2",
					"parent": "finger_right_index1",
					"pivot": [-35.3, 36, -1.5],
					"cubes": [
						{"origin": [-37.5, 35, -2], "size": [2, 1, 1], "inflate": 0.2, "uv": [54, 122]}
					]
				},
				{
					"name": "finger_right_index3",
					"parent": "finger_right_index2",
					"pivot": [-37.7, 36.2, -1.5],
					"cubes": [
						{"origin": [-38.9, 35, -2], "size": [1, 1, 1], "inflate": 0.21, "uv": [84, 124]}
					]
				},
				{
					"name": "fingernail_right_index",
					"parent": "finger_right_index3",
					"pivot": [-39.1, 36, -1.5],
					"cubes": [
						{"origin": [-40.1, 35, -1.5], "size": [1, 1, 0], "uv": [78, 45]}
					]
				},
				{
					"name": "finger_right_middle1",
					"parent": "hand_right",
					"pivot": [-33.5, 36, -0.5],
					"cubes": [
						{"origin": [-35.5, 35, -1], "size": [2, 1, 1], "uv": [122, 93]}
					]
				},
				{
					"name": "finger_right_middle2",
					"parent": "finger_right_middle1",
					"pivot": [-35.3, 36, -0.5],
					"cubes": [
						{"origin": [-37.5, 35, -1], "size": [2, 1, 1], "inflate": 0.2, "uv": [122, 95]}
					]
				},
				{
					"name": "finger_right_middle3",
					"parent": "finger_right_middle2",
					"pivot": [-37.7, 36.2, -0.5],
					"cubes": [
						{"origin": [-38.9, 35, -1], "size": [1, 1, 1], "inflate": 0.21, "uv": [100, 124]}
					]
				},
				{
					"name": "fingernail_right_middle",
					"parent": "finger_right_middle3",
					"pivot": [-39.1, 36, -0.5],
					"cubes": [
						{"origin": [-40.1, 35, -0.5], "size": [1, 1, 0], "uv": [80, 45]}
					]
				},
				{
					"name": "finger_right_ring1",
					"parent": "hand_right",
					"pivot": [-33.5, 36, 0.5],
					"cubes": [
						{"origin": [-35.5, 35, 0], "size": [2, 1, 1], "uv": [122, 97]}
					]
				},
				{
					"name": "finger_right_ring2",
					"parent": "finger_right_ring1",
					"pivot": [-35.3, 36, 0.5],
					"cubes": [
						{"origin": [-37.5, 35, 0], "size": [2, 1, 1], "inflate": 0.2, "uv": [24, 123]}
					]
				},
				{
					"name": "finger_right_ring3",
					"parent": "finger_right_ring2",
					"pivot": [-37.7, 36.2, 0.5],
					"cubes": [
						{"origin": [-38.9, 35, 0], "size": [1, 1, 1], "inflate": 0.21, "uv": [104, 124]}
					]
				},
				{
					"name": "fingernail_right_ring",
					"parent": "finger_right_ring3",
					"pivot": [-39.1, 36, 0.5],
					"cubes": [
						{"origin": [-40.1, 35, 0.5], "size": [1, 1, 0], "uv": [82, 45]}
					]
				},
				{
					"name": "finger_right_pinky1",
					"parent": "hand_right",
					"pivot": [-33.5, 36, 1.5],
					"cubes": [
						{"origin": [-34.5, 35, 1], "size": [1, 1, 1], "uv": [108, 124]}
					]
				},
				{
					"name": "finger_right_pinky2",
					"parent": "finger_right_pinky1",
					"pivot": [-34.3, 36, 1.5],
					"cubes": [
						{"origin": [-36.5, 35, 1], "size": [2, 1, 1], "inflate": 0.2, "uv": [48, 123]}
					]
				},
				{
					"name": "finger_right_pinky3",
					"parent": "finger_right_pinky2",
					"pivot": [-36.7, 36.2, 1.5],
					"cubes": [
						{"origin": [-37.9, 35, 1], "size": [1, 1, 1], "inflate": 0.21, "uv": [124, 110]}
					]
				},
				{
					"name": "fingernail_right_pinky",
					"parent": "finger_right_pinky3",
					"pivot": [-38.1, 36, 1.5],
					"cubes": [
						{"origin": [-39.1, 35, 1.5], "size": [1, 1, 0], "uv": [60, 82]}
					]
				},
				{
					"name": "shoulder_left1",
					"parent": "chest",
					"pivot": [9.5, 39, 0],
					"cubes": [
						{"origin": [9.5, 32, -3.5], "size": [6, 7, 7], "uv": [26, 64]}
					]
				},
				{
					"name": "shoulder_left2",
					"parent": "shoulder_left1",
					"pivot": [15, 35.25, 0],
					"cubes": [
						{"origin": [13, 32.75, -2.5], "size": [9, 5, 5], "uv": [72, 0]}
					]
				},
				{
					"name": "arm_left1",
					"parent": "shoulder_left2",
					"pivot": [22, 35, 1.5],
					"cubes": [
						{"origin": [20.5, 33.5, -1.5], "size": [7, 3, 3], "uv": [98, 83]}
					]
				},
				{
					"name": "arm_left2",
					"parent": "arm_left1",
					"pivot": [27.5, 35, 0],
					"cubes": [
						{"origin": [26.5, 34, -1], "size": [4, 2, 2], "uv": [42, 114]}
					]
				},
				{
					"name": "hand_left",
					"parent": "arm_left2",
					"pivot": [30.5, 35, 0],
					"cubes": [
						{"origin": [30.5, 34, -2], "size": [3, 2, 4], "inflate": 0.01, "uv": [72, 109]}
					]
				},
				{
					"name": "finger_left_thumb1",
					"parent": "hand_left",
					"pivot": [31.5, 35, -1.5],
					"rotation": [0, 40, 0],
					"cubes": [
						{"origin": [31.75, 34.5, -2], "size": [2, 1, 1], "uv": [60, 123]}
					]
				},
				{
					"name": "finger_left_thumb2",
					"parent": "finger_left_thumb1",
					"pivot": [33.55, 34.5, -1.5],
					"cubes": [
						{"origin": [33.75, 34.5, -2], "size": [2, 1, 1], "inflate": 0.2, "uv": [66, 123]}
					]
				},
				{
					"name": "finger_left_thumb3",
					"parent": "finger_left_thumb2",
					"pivot": [35.95, 34.95, -2.2],
					"cubes": [
						{"origin": [36.15, 34.5, -2], "size": [1, 1, 1], "inflate": 0.21, "uv": [124, 112]}
					]
				},
				{
					"name": "fingernail_left_thumb",
					"parent": "finger_left_thumb3",
					"pivot": [37.35, 34.5, -1.5],
					"cubes": [
						{"origin": [37.35, 34.5, -1.5], "size": [1, 1, 0], "uv": [62, 82]}
					]
				},
				{
					"name": "finger_left_index1",
					"parent": "hand_left",
					"pivot": [33.5, 36, -1.5],
					"cubes": [
						{"origin": [33.5, 35, -2], "size": [2, 1, 1], "uv": [72, 123]}
					]
				},
				{
					"name": "finger_left_index2",
					"parent": "finger_left_index1",
					"pivot": [35.3, 36, -1.5],
					"cubes": [
						{"origin": [35.5, 35, -2], "size": [2, 1, 1], "inflate": 0.2, "uv": [78, 123]}
					]
				},
				{
					"name": "finger_left_index3",
					"parent": "finger_left_index2",
					"pivot": [37.7, 36.2, -1.5],
					"cubes": [
						{"origin": [37.9, 35, -2], "size": [1, 1, 1], "inflate": 0.21, "uv": [24, 125]}
					]
				},
				{
					"name": "fingernail_left_index",
					"parent": "finger_left_index3",
					"pivot": [39.1, 36, -1.5],
					"cubes": [
						{"origin": [39.1, 35, -1.5], "size": [1, 1, 0], "uv": [64, 82]}
					]
				},
				{
					"name": "finger_left_middle1",
					"parent": "hand_left",
					"pivot": [33.5, 36, -0.5],
					"cubes": [
						{"origin": [33.5, 35, -1], "size": [2, 1, 1], "uv": [94, 123]}
					]
				},
				{
					"name": "finger_left_middle2",
					"parent": "finger_left_middle1",
					"pivot": [35.3, 36, -0.5],
					"cubes": [
						{"origin": [35.5, 35, -1], "size": [2, 1, 1], "inflate": 0.2, "uv": [114, 123]}
					]
				},
				{
					"name": "finger_left_middle3",
					"parent": "finger_left_middle2",
					"pivot": [37.7, 36.2, -0.5],
					"cubes": [
						{"origin": [37.9, 35, -1], "size": [1, 1, 1], "inflate": 0.21, "uv": [34, 125]}
					]
				},
				{
					"name": "fingernail_left_middle",
					"parent": "finger_left_middle3",
					"pivot": [39.1, 36, -0.5],
					"cubes": [
						{"origin": [39.1, 35, -0.5], "size": [1, 1, 0], "uv": [66, 82]}
					]
				},
				{
					"name": "finger_left_ring1",
					"parent": "hand_left",
					"pivot": [33.5, 36, 0.5],
					"cubes": [
						{"origin": [33.5, 35, 0], "size": [2, 1, 1], "uv": [120, 123]}
					]
				},
				{
					"name": "finger_left_ring2",
					"parent": "finger_left_ring1",
					"pivot": [35.3, 36, 0.5],
					"cubes": [
						{"origin": [35.5, 35, 0], "size": [2, 1, 1], "inflate": 0.2, "uv": [124, 0]}
					]
				},
				{
					"name": "finger_left_ring3",
					"parent": "finger_left_ring2",
					"pivot": [37.7, 36.2, 0.5],
					"cubes": [
						{"origin": [37.9, 35, 0], "size": [1, 1, 1], "inflate": 0.21, "uv": [46, 125]}
					]
				},
				{
					"name": "fingernail_left_ring",
					"parent": "finger_left_ring3",
					"pivot": [39.1, 36, 0.5],
					"cubes": [
						{"origin": [39.1, 35, 0.5], "size": [1, 1, 0], "uv": [68, 82]}
					]
				},
				{
					"name": "finger_left_pinky1",
					"parent": "hand_left",
					"pivot": [33.5, 36, 1.5],
					"cubes": [
						{"origin": [33.5, 35, 1], "size": [1, 1, 1], "uv": [50, 125]}
					]
				},
				{
					"name": "finger_left_pinky2",
					"parent": "finger_left_pinky1",
					"pivot": [34.3, 36, 1.5],
					"cubes": [
						{"origin": [34.5, 35, 1], "size": [2, 1, 1], "inflate": 0.2, "uv": [124, 2]}
					]
				},
				{
					"name": "finger_left_pinky3",
					"parent": "finger_left_pinky2",
					"pivot": [36.7, 36.2, 1.5],
					"cubes": [
						{"origin": [36.9, 35, 1], "size": [1, 1, 1], "inflate": 0.21, "uv": [58, 125]}
					]
				},
				{
					"name": "fingernail_left_pinky",
					"parent": "finger_left_pinky3",
					"pivot": [38.1, 36, 1.5],
					"cubes": [
						{"origin": [38.1, 35, 1.5], "size": [1, 1, 0], "uv": [70, 82]}
					]
				},
				{
					"name": "bone2",
					"parent": "chest",
					"pivot": [-1.1, 26, 6],
					"rotation": [0, -180, 0]
				},
				{
					"name": "bone3",
					"parent": "chest",
					"pivot": [-5.03605, 27.15773, 2.26619]
				},
				{
					"name": "bone5",
					"parent": "chest",
					"pivot": [4.40671, 26.8686, 2.09362],
					"cubes": [
						{"origin": [-10.66374, 35.42564, -8.25], "size": [1, 8, 3], "pivot": [-10.16374, 39.42564, -10.25], "rotation": [0, 0, -50], "uv": [106, 110]},
						{"origin": [-6.36374, 33.42564, -8.25], "size": [1, 4, 3], "pivot": [-5.86374, 33.42564, -10.25], "rotation": [0, 0, -20], "uv": [8, 113]},
						{"origin": [-5.66374, 29.52564, -8.25], "size": [1, 4, 3], "pivot": [-5.16374, 29.52564, -10.25], "rotation": [0, 0, -10], "uv": [8, 113]},
						{"origin": [-5.26374, 25.52564, -8.25], "size": [1, 4, 3], "pivot": [-4.76374, 25.52564, -10.25], "rotation": [0, 0, -5], "uv": [8, 113]},
						{"origin": [-5.26374, 23.32564, -8.25], "size": [1, 4, 3], "uv": [8, 113]},
						{"origin": [-8.56624, 17.46431, -5.08978], "size": [1, 4, 3], "pivot": [-8.97911, 20.0294, -1.91136], "rotation": [32.5, 0, 42.5], "uv": [8, 113]}
					]
				},
				{
					"name": "bone7",
					"parent": "chest",
					"pivot": [-0.22609, 31.875, -12.8],
					"rotation": [0, -180, 0],
					"cubes": [
						{"origin": [-0.35217, 26, -31.3], "size": [1, 4, 1], "uv": [34, 120]},
						{"origin": [-0.35217, 27, -31.3], "size": [1, 4, 1], "uv": [34, 120]},
						{"origin": [-1.35217, 33, -31.3], "size": [1, 4, 1], "uv": [34, 120]},
						{"origin": [-1.35217, 33, -32.3], "size": [1, 4, 1], "uv": [90, 121]},
						{"origin": [-2.35217, 34, -32.3], "size": [1, 1, 1], "uv": [62, 125]},
						{"origin": [-3.35217, 32, -32.3], "size": [2, 1, 1], "uv": [8, 124]},
						{"origin": [-5.35217, 32, -32.3], "size": [2, 1, 1], "uv": [14, 124]},
						{"origin": [-6.35217, 33, -32.3], "size": [1, 1, 1], "uv": [66, 125]},
						{"origin": [-7.35217, 34, -32.3], "size": [1, 1, 1], "uv": [70, 125]},
						{"origin": [-2.35217, 35, -31.3], "size": [1, 1, 1], "uv": [74, 125], "mirror": true},
						{"origin": [-2.35217, 33, -31.3], "size": [1, 1, 1], "uv": [74, 125], "mirror": true},
						{"origin": [-3.35217, 33, -31.3], "size": [1, 3, 1], "uv": [30, 123]},
						{"origin": [-4.35217, 33, -31.3], "size": [1, 3, 1], "uv": [30, 123]},
						{"origin": [-5.35217, 33, -31.3], "size": [1, 3, 1], "uv": [30, 123]},
						{"origin": [-6.35217, 32, -31.3], "size": [1, 1, 1], "uv": [74, 125], "mirror": true},
						{"origin": [-6.35217, 34, -31.3], "size": [1, 2, 1], "uv": [54, 124], "mirror": true},
						{"origin": [-6.35217, 28, -31.3], "size": [1, 4, 1], "uv": [34, 120]},
						{"origin": [-5.35217, 27, -31.3], "size": [1, 4, 1], "uv": [34, 120]},
						{"origin": [-4.35217, 26, -31.3], "size": [1, 4, 1], "uv": [34, 120]},
						{"origin": [-1.35217, 26, -31.3], "size": [1, 4, 1], "uv": [34, 120]},
						{"origin": [-1.35217, 27, -31.3], "size": [1, 4, 1], "uv": [34, 120]},
						{"origin": [0.64783, 29, -31.3], "size": [1, 2, 1], "uv": [54, 124], "mirror": true},
						{"origin": [-2.35217, 29, -31.3], "size": [1, 2, 1], "uv": [54, 124], "mirror": true},
						{"origin": [-3.35217, 28, -31.3], "size": [1, 2, 1], "uv": [54, 124], "mirror": true},
						{"origin": [4.54783, 34, -31.3], "size": [1, 2, 1], "uv": [54, 124], "mirror": true},
						{"origin": [5.54783, 31, -31.3], "size": [1, 2, 1], "uv": [54, 124], "mirror": true},
						{"origin": [5.54783, 29, -31.3], "size": [1, 2, 1], "uv": [54, 124], "mirror": true},
						{"origin": [5.54783, 27, -31.3], "size": [1, 2, 1], "uv": [54, 124], "mirror": true},
						{"origin": [6.54783, 27, -31.3], "size": [1, 2, 1], "uv": [54, 124], "mirror": true},
						{"origin": [6.54783, 30, -31.3], "size": [1, 2, 1], "uv": [54, 124], "mirror": true},
						{"origin": [7.54783, 31, -31.3], "size": [1, 1, 1], "uv": [54, 124], "mirror": true},
						{"origin": [3.54783, 30, -31.3], "size": [1, 1, 1], "uv": [74, 125], "mirror": true},
						{"origin": [4.54783, 36, -31.3], "size": [1, 1, 1], "uv": [74, 125], "mirror": true},
						{"origin": [5.54783, 34, -31.3], "size": [1, 1, 1], "uv": [74, 125], "mirror": true},
						{"origin": [1.54783, 36, -31.3], "size": [1, 1, 1], "uv": [74, 125], "mirror": true},
						{"origin": [-3.45217, 36, -31.3], "size": [1, 1, 1], "uv": [74, 125], "mirror": true},
						{"origin": [-6.35217, 36, -31.3], "size": [1, 1, 1], "uv": [74, 125], "mirror": true},
						{"origin": [-5.35217, 36, -31.3], "size": [1, 1, 1], "uv": [74, 125]},
						{"origin": [-4.35217, 36, -31.3], "size": [1, 1, 1], "uv": [74, 125], "mirror": true},
						{"origin": [-4.35217, 37, -31.3], "size": [1, 1, 1], "uv": [74, 125], "mirror": true},
						{"origin": [-5.35217, 37, -31.3], "size": [1, 1, 1], "uv": [74, 125], "mirror": true},
						{"origin": [2.54783, 36, -31.3], "size": [1, 1, 1], "uv": [74, 125], "mirror": true},
						{"origin": [5.54783, 34, -32.3], "size": [1, 1, 1], "uv": [78, 125]},
						{"origin": [-0.35217, 33, -32.3], "size": [1, 4, 1], "uv": [0, 122]},
						{"origin": [0.64783, 34, -32.3], "size": [1, 1, 1], "uv": [94, 125]},
						{"origin": [0.54783, 32, -32.3], "size": [2, 1, 1], "uv": [124, 19]},
						{"origin": [2.54783, 32, -32.3], "size": [2, 1, 1], "uv": [124, 19]},
						{"origin": [4.54783, 33, -32.3], "size": [1, 1, 1], "uv": [112, 125]},
						{"origin": [3.54783, 36, -31.3], "size": [1, 1, 1], "uv": [74, 125], "mirror": true},
						{"origin": [3.54783, 37, -31.3], "size": [1, 1, 1], "uv": [74, 125], "mirror": true},
						{"origin": [2.54783, 37, -31.3], "size": [1, 1, 1], "uv": [74, 125], "mirror": true},
						{"origin": [-7.35217, 32, -31.3], "size": [1, 1, 1], "uv": [74, 125], "mirror": true},
						{"origin": [-7.35217, 34, -31.3], "size": [1, 1, 1], "uv": [74, 125], "mirror": true},
						{"origin": [-3.35217, 27, -31.3], "size": [2, 1, 1], "uv": [124, 21]},
						{"origin": [4.64783, 25, -31.3], "size": [2, 1, 1], "uv": [124, 21]},
						{"origin": [-7.35217, 25, -31.3], "size": [2, 1, 1], "uv": [124, 21]},
						{"origin": [-5.35217, 26, -31.3], "size": [1, 1, 1], "uv": [116, 125]},
						{"origin": [0.64783, 27, -31.3], "size": [2, 1, 1], "uv": [124, 21]},
						{"origin": [7.54783, 31, -31.3], "size": [1, 1, 1], "uv": [54, 124], "mirror": true},
						{"origin": [-7.35217, 27, -31.3], "size": [1, 2, 1], "uv": [54, 124], "mirror": true},
						{"origin": [-8.35217, 27, -31.3], "size": [1, 2, 1], "uv": [54, 124], "mirror": true},
						{"origin": [-7.35217, 30, -31.3], "size": [1, 2, 1], "uv": [54, 124], "mirror": true},
						{"origin": [-8.35217, 30, -31.3], "size": [1, 2, 1], "uv": [54, 124], "mirror": true},
						{"origin": [-9.35217, 31, -31.3], "size": [1, 1, 1], "uv": [54, 124], "mirror": true},
						{"origin": [1.64783, 28, -31.3], "size": [1, 2, 1], "uv": [54, 124], "mirror": true},
						{"origin": [-6.35217, 26, -31.3], "size": [1, 2, 1], "uv": [54, 124], "mirror": true},
						{"origin": [2.54783, 26, -31.3], "size": [1, 4, 1], "uv": [34, 120]},
						{"origin": [3.54783, 26, -31.3], "size": [1, 4, 1], "uv": [34, 120]},
						{"origin": [4.54783, 26, -31.3], "size": [1, 4, 1], "uv": [34, 120]},
						{"origin": [4.54783, 30, -31.3], "size": [1, 4, 1], "uv": [34, 120]},
						{"origin": [0.54783, 33, -31.3], "size": [1, 2, 1], "uv": [54, 124], "mirror": true},
						{"origin": [0.54783, 35, -31.3], "size": [1, 1, 1], "uv": [74, 125], "mirror": true},
						{"origin": [1.54783, 33, -31.3], "size": [1, 3, 1], "uv": [30, 123]},
						{"origin": [3.54783, 33, -31.3], "size": [1, 3, 1], "uv": [30, 123]},
						{"origin": [2.54783, 34, -31.3], "size": [1, 2, 1], "uv": [54, 124], "mirror": true},
						{"origin": [2.54783, 33, -31.3], "size": [1, 3, 1], "uv": [30, 123]},
						{"origin": [-0.35217, 33, -31.3], "size": [1, 4, 1], "uv": [34, 120]},
						{"origin": [-0.22609, 25.075, -30.8], "size": [7, 1, 2], "uv": [0, 246]},
						{"origin": [-0.22609, 26.075, -30.8], "size": [7, 1, 2], "uv": [0, 246]},
						{"origin": [-0.22609, 26.95, -30.8], "size": [8, 3, 2], "uv": [0, 246]},
						{"origin": [-0.22609, 25.075, -30.8], "size": [0, 4.875, 2], "uv": [0, 246]},
						{"origin": [-7.22609, 25.075, -30.8], "size": [7, 1, 2], "uv": [0, 246]},
						{"origin": [-7.22609, 26.075, -30.8], "size": [7, 1, 2], "uv": [0, 246]},
						{"origin": [-8.22609, 26.95, -30.8], "size": [8, 0, 2], "uv": [0, 246]},
						{"origin": [-8.22609, 26.95, -30.8], "size": [8, 0, 2], "uv": [0, 246]},
						{"origin": [-8.22609, 26.95, -30.8], "size": [8, 3, 2], "uv": [0, 246]},
						{"origin": [-9.22609, 29.95, -30.8], "size": [18, 8, 2], "uv": [0, 246]}
					]
				},
				{
					"name": "bone9",
					"parent": "chest",
					"pivot": [0.22609, 31.875, 7.5],
					"rotation": [0, 180, 0]
				},
				{
					"name": "waist_fire",
					"parent": "waist",
					"pivot": [0, 21.5, -0.5],
					"cubes": [
						{"origin": [-6.5, 20, -4.5], "size": [13, 3, 8], "uv": [38, 20]},
						{"origin": [-1.5, 19.5, -5], "size": [3, 4, 1], "uv": [116, 0]}
					]
				},
				{
					"name": "waist_fire_top_right",
					"parent": "waist_fire",
					"pivot": [-6.5, 21.5, -0.5],
					"rotation": [0, 0, -5],
					"cubes": [
						{"origin": [-6.5, 21.5, -4.5], "size": [0, 4, 8], "uv": [26, 51]}
					]
				},
				{
					"name": "waist_fire_top_front",
					"parent": "waist_fire",
					"pivot": [0, 21.5, -4.5],
					"rotation": [5, 0, 0],
					"cubes": [
						{"origin": [-6.5, 21.5, -4.5], "size": [13, 5, 0], "uv": [74, 78]}
					]
				},
				{
					"name": "waist_fire_top_left",
					"parent": "waist_fire",
					"pivot": [6.5, 21.5, -0.5],
					"rotation": [0, 0, 5],
					"cubes": [
						{"origin": [6.5, 21.5, -4.5], "size": [0, 4, 8], "uv": [26, 90]}
					]
				},
				{
					"name": "waist_fire_top_back",
					"parent": "waist_fire",
					"pivot": [0, 21.5, 3.5],
					"rotation": [-5, 0, 0],
					"cubes": [
						{"origin": [-6.5, 21.5, 3.5], "size": [13, 3, 0], "uv": [80, 28]}
					]
				},
				{
					"name": "waist_fire_bottom_right",
					"parent": "waist_fire",
					"pivot": [-6.5, 21.5, -0.5],
					"rotation": [0, 0, 5],
					"cubes": [
						{"origin": [-6.5, 18.5, -4.5], "size": [0, 3, 8], "uv": [94, 31]}
					]
				},
				{
					"name": "waist_fire_bottom_front",
					"parent": "waist_fire",
					"pivot": [0, 21.5, -4.5],
					"rotation": [-5, 0, 0],
					"cubes": [
						{"origin": [-6.5, 18.5, -4.5], "size": [13, 3, 0], "uv": [0, 90]}
					]
				},
				{
					"name": "waist_fire_bottom_left",
					"parent": "waist_fire",
					"pivot": [6.5, 21.5, -0.5],
					"rotation": [0, 0, -5],
					"cubes": [
						{"origin": [6.5, 18.5, -4.5], "size": [0, 3, 8], "uv": [0, 93]}
					]
				},
				{
					"name": "waist_fire_bottom_back",
					"parent": "waist_fire",
					"pivot": [0, 21.5, 3.5],
					"rotation": [5, 0, 0],
					"cubes": [
						{"origin": [-6.5, 18.5, 3.5], "size": [13, 3, 0], "uv": [76, 91]}
					]
				},
				{
					"name": "bone14",
					"parent": "waist_fire",
					"pivot": [0.00001, 21.50662, 4.37095]
				},
				{
					"name": "bone15",
					"parent": "waist_fire",
					"pivot": [-2.5, 20.5, 5.5]
				},
				{
					"name": "bone16",
					"parent": "waist_fire",
					"pivot": [4.00002, 12.1999, 20.68211]
				},
				{
					"name": "bone17",
					"parent": "waist_fire",
					"pivot": [-2.5, 20.5, 5.5]
				},
				{
					"name": "tail1",
					"parent": "waist",
					"pivot": [0, 19.25, 3],
					"cubes": [
						{"origin": [-1, 18.25, 2], "size": [2, 2, 6], "uv": [100, 0]}
					]
				},
				{
					"name": "tail2",
					"parent": "tail1",
					"pivot": [0, 19.25, 7],
					"cubes": [
						{"origin": [-1.5, 17.75, 7], "size": [3, 3, 6], "uv": [94, 42]}
					]
				},
				{
					"name": "tail3",
					"parent": "tail2",
					"pivot": [0, 19.25, 12],
					"cubes": [
						{"origin": [-2, 17.25, 12], "size": [4, 4, 5], "uv": [94, 51]}
					]
				},
				{
					"name": "tail4",
					"parent": "tail3",
					"pivot": [0, 19.25, 17],
					"cubes": [
						{"origin": [-2, 17.25, 17], "size": [4, 4, 6], "uv": [80, 18]}
					]
				},
				{
					"name": "tail_ruff",
					"parent": "tail4",
					"pivot": [2.5, 19.25, 21.5]
				},
				{
					"name": "tail_ruff_right_1",
					"parent": "tail_ruff",
					"pivot": [-2, 19.25, 21.5],
					"rotation": [0, 35, 0],
					"cubes": [
						{"origin": [-4, 15.25, 21.5], "size": [2, 8, 0], "uv": [38, 115]}
					]
				},
				{
					"name": "tail_ruff_right_2",
					"parent": "tail_ruff_right_1",
					"pivot": [-4, 19.25, 21.5],
					"cubes": [
						{"origin": [-7, 15.25, 21.5], "size": [3, 8, 0], "uv": [78, 115]}
					]
				},
				{
					"name": "tail_ruff_top_1",
					"parent": "tail_ruff",
					"pivot": [0, 20.75, 21.5],
					"rotation": [-25, 0, 0],
					"cubes": [
						{"origin": [-4, 20.75, 21.5], "size": [8, 2, 0], "uv": [50, 18]}
					]
				},
				{
					"name": "tail_ruff_top_2",
					"parent": "tail_ruff_top_1",
					"pivot": [0, 22.75, 21.5],
					"cubes": [
						{"origin": [-4, 22.75, 21.5], "size": [8, 3, 0], "uv": [0, 110]}
					]
				},
				{
					"name": "tail_ruff_left_1",
					"parent": "tail_ruff",
					"pivot": [2, 19.25, 21.5],
					"rotation": [0, -35, 0],
					"cubes": [
						{"origin": [2, 15.25, 21.5], "size": [2, 8, 0], "uv": [16, 116]}
					]
				},
				{
					"name": "tail_ruff_left_2",
					"parent": "tail_ruff_left_1",
					"pivot": [4, 19.25, 21.5],
					"cubes": [
						{"origin": [4, 15.25, 21.5], "size": [3, 8, 0], "uv": [54, 114]}
					]
				},
				{
					"name": "tail_ruff_bottom_1",
					"parent": "tail_ruff",
					"pivot": [0, 17.75, 21.5],
					"rotation": [25, 0, 0],
					"cubes": [
						{"origin": [-4, 15.75, 21.5], "size": [8, 2, 0], "uv": [100, 81]}
					]
				},
				{
					"name": "tail_ruff_bottom_2",
					"parent": "tail_ruff_bottom_1",
					"pivot": [0, 15.75, 21.5],
					"cubes": [
						{"origin": [-4, 12.75, 21.5], "size": [8, 3, 0], "uv": [110, 31]}
					]
				},
				{
					"name": "tail5",
					"parent": "tail4",
					"pivot": [0, 19.25, 22],
					"cubes": [
						{"origin": [-2.5, 16.75, 22], "size": [5, 5, 7], "uv": [0, 65]}
					]
				},
				{
					"name": "leg_right1",
					"parent": "body",
					"pivot": [-3.55, 19, -0.5],
					"cubes": [
						{"origin": [-6.05, 11.5, -3], "size": [5, 9, 5], "uv": [74, 64]}
					]
				},
				{
					"name": "leg_right2",
					"parent": "leg_right1",
					"pivot": [-3.55, 11.5, -2.5],
					"cubes": [
						{"origin": [-5.55, 6, -2.5], "size": [4, 6, 4], "uv": [76, 94]},
						{"origin": [-5.05, 1, -2], "size": [3, 5, 3], "uv": [16, 108]}
					]
				},
				{
					"name": "foot_right1",
					"parent": "leg_right2",
					"pivot": [-3.55, 2, -0.5],
					"cubes": [
						{"origin": [-5.55, 0, -2.75], "size": [4, 2, 4], "uv": [0, 104]}
					]
				},
				{
					"name": "foot_right2",
					"parent": "foot_right1",
					"pivot": [-3.55, 0, -2.75],
					"cubes": [
						{"origin": [-6.05, 0, -5.75], "size": [5, 2, 3], "uv": [72, 104]}
					]
				},
				{
					"name": "foot_right_claw1",
					"parent": "foot_right2",
					"pivot": [-1.6, 2, -5.75]
				},
				{
					"name": "foot_right_claw2",
					"parent": "foot_right2",
					"pivot": [-3.55, 2, -5.75]
				},
				{
					"name": "foot_right_claw3",
					"parent": "foot_right2",
					"pivot": [-5.5, 2, -5.75]
				},
				{
					"name": "leg_left1",
					"parent": "body",
					"pivot": [3.55, 19, -0.5],
					"cubes": [
						{"origin": [1.05, 11.5, -3], "size": [5, 9, 5], "uv": [74, 31]}
					]
				},
				{
					"name": "leg_left2",
					"parent": "leg_left1",
					"pivot": [3.55, 11.5, -2.5],
					"cubes": [
						{"origin": [1.55, 6, -2.5], "size": [4, 6, 4], "uv": [94, 60]},
						{"origin": [2.05, 1, -2], "size": [3, 5, 3], "uv": [48, 104]}
					]
				},
				{
					"name": "foot_left1",
					"parent": "leg_left2",
					"pivot": [3.55, 2, -0.5],
					"cubes": [
						{"origin": [1.55, 0, -2.75], "size": [4, 2, 4], "uv": [16, 102]}
					]
				},
				{
					"name": "foot_left2",
					"parent": "foot_left1",
					"pivot": [3.55, 0, -2.75],
					"cubes": [
						{"origin": [1.05, 0, -5.75], "size": [5, 2, 3], "uv": [32, 104]}
					]
				},
				{
					"name": "foot_left_claw1",
					"parent": "foot_left2",
					"pivot": [1.6, 2, -5.75]
				},
				{
					"name": "foot_left_claw2",
					"parent": "foot_left2",
					"pivot": [3.55, 2, -5.75]
				},
				{
					"name": "foot_left_claw3",
					"parent": "foot_left2",
					"pivot": [5.5, 2, -5.75]
				}
			]
		}
	]
}