{
	"format_version": "1.12.0",
	"minecraft:geometry": [
		{
			"description": {
				"identifier": "geometry.chewshire",
				"texture_width": 128,
				"texture_height": 128,
				"visible_bounds_width": 4,
				"visible_bounds_height": 5,
				"visible_bounds_offset": [0, 1.5, 0]
			},
			"bones": [
				{
					"name": "chewshire",
					"pivot": [0, 0, 0]
				},
				{
					"name": "waist",
					"parent": "chewshire",
					"pivot": [0, 16, 0],
					"cubes": [
						{"origin": [-4, 12, -4], "size": [8, 8, 8], "pivot": [0, 18, 0], "rotation": [0, 45, 0], "uv": [0, 32]}
					]
				},
				{
					"name": "tail",
					"parent": "waist",
					"pivot": [0, 12, 0],
					"cubes": [
						{"origin": [-4, 8, -4], "size": [8, 4, 8], "pivot": [0, 18, 0], "rotation": [0, 45, 0], "uv": [36, 8]}
					]
				},
				{
					"name": "tail1",
					"parent": "tail",
					"pivot": [-0.04289, 8, 0],
					"cubes": [
						{"origin": [-3.25, 5, -2.5], "size": [6, 3, 6], "pivot": [-0.75, 18, 0], "rotation": [0, 45, 0], "uv": [32, 40]}
					]
				},
				{
					"name": "tail2",
					"parent": "tail1",
					"pivot": [0, 5, 0],
					"cubes": [
						{"origin": [-1.5, 1, -1.5], "size": [3, 4, 3], "pivot": [0, 10, 0], "rotation": [0, 45, 0], "uv": [32, 52]}
					]
				},
				{
					"name": "tail3",
					"parent": "tail2",
					"pivot": [0, 1, 0],
					"cubes": [
						{"origin": [-1, -4, -1], "size": [2, 5, 2], "pivot": [0, 18, 0], "rotation": [0, 45, 0], "uv": [0, 16]}
					]
				},
				{
					"name": "tail4",
					"parent": "tail3",
					"pivot": [0, -4, 0],
					"cubes": [
						{"origin": [0, -9, -2.5], "size": [0, 5, 5], "pivot": [0, -6.5, 0], "rotation": [0, 90, 0], "uv": [0, 0]}
					]
				},
				{
					"name": "torso",
					"parent": "waist",
					"pivot": [0, 20, 0],
					"cubes": [
						{"origin": [-6, 26.5, -5.25], "size": [11, 5, 11], "pivot": [0, 28.5, -0.25], "rotation": [24.03208, 42.406, 16.73634], "uv": [0, 0]},
						{"origin": [-4, 20, -4], "size": [8, 8, 8], "pivot": [0, 18, 0], "rotation": [0, 45, 0], "uv": [24, 24]},
						{"origin": [4.75, 28.05, 1.5], "size": [8, 9, 0], "pivot": [9, 30.5, 0.5], "rotation": [-11.49665, -7.44846, -19.0704], "uv": [16, 48]},
						{"origin": [-12.75, 28.05, 1.5], "size": [8, 9, 0], "pivot": [-9, 30.5, 0.5], "rotation": [-11.49665, 7.44846, 19.0704], "uv": [0, 48]}
					]
				},
				{
					"name": "shoulder_left",
					"parent": "torso",
					"pivot": [4.5, 24, 0],
					"cubes": [
						{"origin": [3, 22, -2], "size": [4, 4, 4], "pivot": [5.5, 24, 0], "rotation": [-45, 0, 0], "uv": [33, 0]}
					]
				},
				{
					"name": "arm_left",
					"parent": "shoulder_left",
					"pivot": [7, 24, 0],
					"cubes": [
						{"origin": [7, 22.5, -1.5], "size": [4, 3, 3], "pivot": [8.5, 24, 0], "rotation": [-45, 0, 0], "uv": [43, 49]}
					]
				},
				{
					"name": "forearm_left",
					"parent": "arm_left",
					"pivot": [11, 24, 0],
					"cubes": [
						{"origin": [11, 23, -1], "size": [4, 2, 2], "pivot": [8.5, 24, 0], "rotation": [-45, 0, 0], "uv": [56, 29]}
					]
				},
				{
					"name": "paw_left",
					"parent": "forearm_left",
					"pivot": [15, 24, 0],
					"cubes": [
						{"origin": [15, 23, -1.5], "size": [3, 2, 3], "uv": [54, 52]}
					]
				},
				{
					"name": "pawfinger3_left",
					"parent": "paw_left",
					"pivot": [18, 24.5, 0],
					"cubes": [
						{"origin": [18, 23.5, -1], "size": [2, 1, 2], "uv": [16, 57]}
					]
				},
				{
					"name": "pawfinger1_left",
					"parent": "paw_left",
					"pivot": [17.81699, 24.5, -1.25],
					"cubes": [
						{"origin": [17.5, 23.5, -3], "size": [2, 1, 2], "inflate": -0.01, "pivot": [19, 24, -2], "rotation": [0, 30, 0], "uv": [8, 57]}
					]
				},
				{
					"name": "pawfinger2_left",
					"parent": "paw_left",
					"pivot": [17.81699, 24.5, 1.5],
					"cubes": [
						{"origin": [17.5, 23.5, 1], "size": [2, 1, 2], "inflate": -0.01, "pivot": [19, 24, 2], "rotation": [0, -30, 0], "uv": [0, 57]}
					]
				},
				{
					"name": "shoulder_right",
					"parent": "torso",
					"pivot": [-4.5, 24, 0],
					"cubes": [
						{"origin": [-7, 22, -2], "size": [4, 4, 4], "pivot": [-5.5, 24, 0], "rotation": [-45, 0, 0], "uv": [24, 16]}
					]
				},
				{
					"name": "arm_right",
					"parent": "shoulder_right",
					"pivot": [-7, 24, 0],
					"cubes": [
						{"origin": [-11, 22.5, -1.5], "size": [4, 3, 3], "pivot": [-8.5, 24, 0], "rotation": [-45, 0, 0], "uv": [49, 0]}
					]
				},
				{
					"name": "forearm_right",
					"parent": "arm_right",
					"pivot": [-11, 24, 0],
					"cubes": [
						{"origin": [-15, 23, -1], "size": [4, 2, 2], "pivot": [-8.5, 24, 0], "rotation": [-45, 0, 0], "uv": [44, 55]}
					]
				},
				{
					"name": "paw_right",
					"parent": "forearm_right",
					"pivot": [-15, 24, 0],
					"cubes": [
						{"origin": [-18, 23, -1.5], "size": [3, 2, 3], "uv": [54, 46]}
					]
				},
				{
					"name": "pawfinger3_right",
					"parent": "paw_right",
					"pivot": [-18, 24.5, 0],
					"cubes": [
						{"origin": [-20, 23.5, -1], "size": [2, 1, 2], "uv": [56, 37]}
					]
				},
				{
					"name": "pawfinger1_right",
					"parent": "paw_right",
					"pivot": [-17.81699, 24.5, -1.25],
					"cubes": [
						{"origin": [-19.5, 23.5, -3], "size": [2, 1, 2], "inflate": -0.01, "pivot": [-19, 24, -2], "rotation": [0, -30, 0], "uv": [54, 20]}
					]
				},
				{
					"name": "pawfinger2_right",
					"parent": "paw_right",
					"pivot": [-17.81699, 24.5, 1.5],
					"cubes": [
						{"origin": [-19.5, 23.5, 1], "size": [2, 1, 2], "inflate": -0.01, "pivot": [-19, 24, 2], "rotation": [0, 30, 0], "uv": [0, 37]}
					]
				},
				{
					"name": "head",
					"parent": "torso",
					"pivot": [0.0143, 30.31842, 0.12064],
					"cubes": [
						{"origin": [-4, 29, -4], "size": [8, 7, 8], "pivot": [0, 18, 0], "rotation": [0, 45, 0], "uv": [0, 16]},
						{"origin": [4.1, 30.25, -4.1], "size": [0, 3, 7], "pivot": [0, 18, 0], "rotation": [0, 45, 0], "uv": [32, 42]},
						{"origin": [-4.1, 30.25, -4.1], "size": [0, 3, 7], "pivot": [0, 18, 0], "rotation": [0, -45, 0], "uv": [40, 13]},
						{"origin": [0.62955, 32.68288, -6.19804], "size": [0, 1, 2], "pivot": [0.62955, 33.18288, -5.19804], "rotation": [17.5, 52.5, 0], "uv": [4, 8]},
						{"origin": [-0.62955, 32.68288, -6.19804], "size": [0, 1, 2], "pivot": [-0.62955, 33.18288, -5.19804], "rotation": [17.5, -52.5, 0], "uv": [0, 8]},
						{"origin": [-2, 36, -2], "size": [4, 1, 4], "pivot": [0, 36.5, 0], "rotation": [0, 45, 0], "uv": [48, 23]},
						{"origin": [-0.95711, 36.5, -0.70711], "size": [2, 2, 2], "pivot": [0.04289, 37.75, 0.29289], "rotation": [-24.03208, 42.406, -16.73634], "uv": [56, 33]},
						{"origin": [-0.45711, 37.79003, 0.66008], "size": [1, 2, 1], "pivot": [0.04289, 38.79003, 1.16008], "rotation": [-57.05902, 28.53623, -36.40051], "uv": [24, 16]},
						{"origin": [-0.45711, 39, 1.79289], "size": [1, 1, 1], "inflate": 0.25, "pivot": [0.04289, 39.5, 2.29289], "rotation": [-75.56724, 13.99545, -43.21918], "uv": [33, 0]}
					]
				},
				{
					"name": "eye_left",
					"parent": "head",
					"pivot": [3.10442, 34.93288, -2.62316],
					"cubes": [
						{"origin": [3.10442, 32.43288, -5.02316], "size": [0, 3, 5], "pivot": [3.10442, 33.93288, -2.62316], "rotation": [17.5, 45, 0], "uv": [50, 38]}
					]
				},
				{
					"name": "eyeclosed_left",
					"parent": "head",
					"pivot": [3.10442, 33.93288, -1.62316],
					"cubes": [
						{"origin": [3.10442, 32.43288, -4.02316], "size": [0, 3, 5], "pivot": [3.10442, 33.93288, -1.62316], "rotation": [5, 45, 0], "uv": [48, 23]}
					]
				},
				{
					"name": "eyeclosed_right",
					"parent": "head",
					"pivot": [-3.10442, 33.93288, -1.62316],
					"cubes": [
						{"origin": [-3.10442, 32.43288, -4.02316], "size": [0, 3, 5], "pivot": [-3.10442, 33.93288, -1.62316], "rotation": [5, -45, 0], "uv": [33, 3]}
					]
				},
				{
					"name": "eye_right",
					"parent": "head",
					"pivot": [-3.10442, 34.93288, -2.62316],
					"cubes": [
						{"origin": [-3.10442, 32.43288, -5.02316], "size": [0, 3, 5], "pivot": [-3.10442, 33.93288, -2.62316], "rotation": [17.5, -45, 0], "uv": [50, 35]}
					]
				},
				{
					"name": "ear_right",
					"parent": "head",
					"pivot": [-3.99323, 35.36508, -0.03044],
					"cubes": [
						{"origin": [-7.15717, 35.08898, 0.72444], "size": [4, 5, 0], "pivot": [-5.15717, 38.58898, 0.72444], "rotation": [-14.81733, 4.67592, -26.58065], "uv": [0, 32]}
					]
				},
				{
					"name": "ear_left",
					"parent": "head",
					"pivot": [3.99323, 35.36508, -0.03044],
					"cubes": [
						{"origin": [3.15717, 35.08898, 0.72444], "size": [4, 5, 0], "pivot": [5.15717, 38.58898, 0.72444], "rotation": [-14.81733, -4.67592, 26.58065], "uv": [0, 0]}
					]
				}
			]
		}
	]
}