
{
  "species": "cobblemon:ascenshark",
  "order": 1997,
  "variations": [
    {
      "aspects": ["spaceworldmons"],
      "poser": "spaceworldmons:0184_ascenshark",
      "model": "spaceworldmons:ascenshark-spaceworldmons.geo",
      "texture": "spaceworldmons:textures/pokemon/0184_ascenshark/ascenshark.png",
      "layers": [
        {
          "name": "energy",
          "texture": {
            "frames": [
              "spaceworldmons:textures/pokemon/0184_ascenshark/animation/energy1.png",
              "spaceworldmons:textures/pokemon/0184_ascenshark/animation/energy2.png",
              "spaceworldmons:textures/pokemon/0184_ascenshark/animation/energy3.png",
			  "spaceworldmons:textures/pokemon/0184_ascenshark/animation/energy4.png",
			  "spaceworldmons:textures/pokemon/0184_ascenshark/animation/energy5.png",
			  "spaceworldmons:textures/pokemon/0184_ascenshark/animation/energy6.png"
			],
            "fps": 9,
            "loop": true
          },
		  "emissive": true
        }
      ]
    },
    {
      "aspects": ["spaceworldmons", "shiny"],
      "texture": "spaceworldmons:textures/pokemon/0184_ascenshark/ascenshark_shiny.png",
	  "layers": [
        {
          "name": "energy",
          "texture": {
            "frames": [
              "spaceworldmons:textures/pokemon/0184_ascenshark/animation/energy1.png",
              "spaceworldmons:textures/pokemon/0184_ascenshark/animation/energy2.png",
              "spaceworldmons:textures/pokemon/0184_ascenshark/animation/energy3.png",
			  "spaceworldmons:textures/pokemon/0184_ascenshark/animation/energy4.png",
			  "spaceworldmons:textures/pokemon/0184_ascenshark/animation/energy5.png",
			  "spaceworldmons:textures/pokemon/0184_ascenshark/animation/energy6.png"
			],
            "fps": 9,
            "loop": true
          },
		  "emissive": true
        }
      ]
    }
  ]
}
