{
	"format_version": "1.8.0",
	"animations": {
		"animation.geodude_vanguard.blink2": {
			"animation_length": 0.16667,
			"bones": {
				"eyelid_right": {
					"position": {
						"0.0": [0, 0, -0.1],
						"0.125": [0, 0, -0.1],
						"0.1667": [0, 0, 0]
					}
				},
				"eyelid_left": {
					"position": {
						"0.0": [0, 0, -0.1],
						"0.125": [0, 0, -0.1],
						"0.1667": [0, 0, 0]
					}
				}
			}
		},
		"animation.geodude_vanguard.ground_idle": {
			"loop": true,
			"bones": {
				"body": {
					"rotation": ["-2.5+math.cos(q.anim_time*90*2)*3", "0+math.sin(q.anim_time*90*1)*2", "0+math.sin(q.anim_time*90*1)*1"]
				},
				"jaw": {
					"rotation": ["7.5+math.sin(q.anim_time*90*2)*2", 0, 0]
				},
				"arm_right": {
					"rotation": [0, "0+math.sin(q.anim_time*90*2-30)*2", "-30+math.sin(q.anim_time*90*2)*2"]
				},
				"arm_right2": {
					"rotation": [-7.98, "-19.82+math.sin(q.anim_time*90*2)*5", "100.22+math.sin(q.anim_time*90*2)*3"]
				},
				"hand_right": {
					"rotation": [-23.21, "-13.83+math.sin(q.anim_time*90*2)*5", 5.85]
				},
				"finger_right_thumb": {
					"rotation": [-180, -85, "-142.5-math.sin(q.anim_time*90*2)*6"]
				},
				"finger_right_thumb2": {
					"rotation": [0, 0, "-87.5-math.sin(q.anim_time*90*2-20)*7"]
				},
				"finger_right_index": {
					"rotation": [0, "-55-math.sin(q.anim_time*90*2)*7", 12.5]
				},
				"finger_right_index2": {
					"rotation": [0, "-67.5-math.sin(q.anim_time*90*2-20)*7", 0]
				},
				"finger_right_middle": {
					"rotation": [0, "-50-math.sin(q.anim_time*90*2)*7", 0]
				},
				"finger_right_middle2": {
					"rotation": [0, "-82.5-math.sin(q.anim_time*90*2-20)*7", 0]
				},
				"finger_right_ring": {
					"rotation": [0, "-52.5-math.sin(q.anim_time*90*2)*7", 0]
				},
				"finger_right_ring2": {
					"rotation": [0, "-85-math.sin(q.anim_time*90*2-20)*7", 0]
				},
				"finger_right_pinky": {
					"rotation": [0, "-70-math.sin(q.anim_time*90*2)*7", -5]
				},
				"finger_right_pinky2": {
					"rotation": [0, "-45-math.sin(q.anim_time*90*2-20)*7", 0]
				},
				"arm_left": {
					"rotation": [0, "0-math.sin(q.anim_time*90*2-30)*2", "30-math.sin(q.anim_time*90*2)*2"]
				},
				"arm_left2": {
					"rotation": [-7.98, "19.82-math.sin(q.anim_time*90*2)*5", "-100.22-math.sin(q.anim_time*90*2)*3"]
				},
				"hand_left": {
					"rotation": [-23.21, "13.83-math.sin(q.anim_time*90*2)*5", -5.85]
				},
				"finger_left_thumb": {
					"rotation": [-180, 85, "142.5+math.sin(q.anim_time*90*2)*6"]
				},
				"finger_left_thumb2": {
					"rotation": [0, 0, "87.5+math.sin(q.anim_time*90*2-20)*7"]
				},
				"finger_left_index": {
					"rotation": [0, "55+math.sin(q.anim_time*90*2)*7", -12.5]
				},
				"finger_left_index2": {
					"rotation": [0, "67.5+math.sin(q.anim_time*90*2-20)*7", 0]
				},
				"finger_left_middle": {
					"rotation": [0, "50+math.sin(q.anim_time*90*2)*7", 0]
				},
				"finger_left_middle2": {
					"rotation": [0, "82.5+math.sin(q.anim_time*90*2-20)*7", 0]
				},
				"finger_left_ring": {
					"rotation": [0, "52.5+math.sin(q.anim_time*90*2)*7", 0]
				},
				"finger_left_ring2": {
					"rotation": [0, "85+math.sin(q.anim_time*90*2-20)*7", 0]
				},
				"finger_left_pinky": {
					"rotation": [0, "70+math.sin(q.anim_time*90*2)*7", 5]
				},
				"finger_left_pinky2": {
					"rotation": [0, "45+math.sin(q.anim_time*90*2-20)*7", 0]
				}
			}
		},
		"animation.geodude_vanguard.ground_walk": {
			"loop": true,
			"animation_length": 1,
			"bones": {
				"body": {
					"rotation": {
						"0.0": [0, 0, 0],
						"1.0": [360, 0, 0]
					},
					"position": {
						"0.0": [0, 1.5, 0],
						"0.125": [0, 4, 0],
						"0.25": [0, 7, 0],
						"0.4167": [0, 8.44, 0],
						"0.625": [0, 8, 0],
						"0.7917": [0, 6, -1],
						"0.9167": [0, 3, 0],
						"1.0": [0, 1.5, 0]
					}
				},
				"eyelid_right": {
					"position": [0, 0, -0.1]
				},
				"eyelid_left": {
					"position": [0, 0, -0.1]
				},
				"arm_right": {
					"rotation": [130.12424, -88.87745, -124.73055]
				},
				"arm_right2": {
					"rotation": [-24.68, -65.45, 23.13]
				},
				"hand_right": {
					"rotation": [0, -35, 17.5]
				},
				"finger_right_thumb": {
					"rotation": [0, -67.5, 0]
				},
				"finger_right_thumb2": {
					"rotation": [0, 0, -67.5]
				},
				"finger_right_index": {
					"rotation": [32.5, -60, 0]
				},
				"finger_right_index2": {
					"rotation": [0, -90, 0]
				},
				"finger_right_middle": {
					"rotation": [0, -50, 0]
				},
				"finger_right_middle2": {
					"rotation": [0, -70, 0]
				},
				"finger_right_ring": {
					"rotation": [0, -45, 0]
				},
				"finger_right_ring2": {
					"rotation": [0, -75, 0]
				},
				"finger_right_pinky": {
					"rotation": [0, -27.5, 0]
				},
				"finger_right_pinky2": {
					"rotation": [0, -72.5, 0]
				},
				"arm_left": {
					"rotation": [62.61422, 50.77888, 71.01412]
				},
				"arm_left2": {
					"rotation": [-13.56019, 76.80978, -18.05867]
				},
				"hand_left": {
					"rotation": [0, 35, -17.5]
				},
				"finger_left_thumb": {
					"rotation": [-241.90959, 70.3862, -274.82972]
				},
				"finger_left_thumb2": {
					"rotation": [0, 0, 72.5]
				},
				"finger_left_index": {
					"rotation": [0, 50, 0]
				},
				"finger_left_index2": {
					"rotation": [0, 85, 0]
				},
				"finger_left_middle": {
					"rotation": [0, 52.5, 0]
				},
				"finger_left_middle2": {
					"rotation": [0, 85, 0]
				},
				"finger_left_ring": {
					"rotation": [0, 62.5, 0]
				},
				"finger_left_ring2": {
					"rotation": [0, 62.5, 0]
				},
				"finger_left_pinky": {
					"rotation": [0, 60, 0]
				},
				"finger_left_pinky2": {
					"rotation": [0, 57.5, 0]
				},
				"torso": {
					"rotation": ["0-math.cos(q.anim_time*90*3+45)*10", "0-math.sin(q.anim_time*90*3+135)*5", "0-math.cos(q.anim_time*90*3+45)*20"],
					"position": ["0-math.cos(q.anim_time*90*3+45)*1", 0, 0]
				}
			}
		},
		"animation.geodude_vanguard.ground_run": {
			"loop": true,
			"animation_length": 0.75,
			"bones": {
				"body": {
					"rotation": {
						"0.0": [0, 0, 0],
						"0.75": [360, 0, 0]
					},
					"position": {
						"0.0": [0, 2, 0],
						"0.125": [0, 4, 0],
						"0.25": {
							"pre": [0, 9, 0],
							"post": [0, 9, 0],
							"lerp_mode": "catmullrom"
						},
						"0.375": {
							"post": [0, 10, 0],
							"lerp_mode": "catmullrom"
						},
						"0.5417": {
							"post": [0, 8, -1],
							"lerp_mode": "catmullrom"
						},
						"0.6667": [0, 3, 0],
						"0.75": [0, 2, 0]
					}
				},
				"eyelid_right": {
					"position": [0, 0, -0.1]
				},
				"eyelid_left": {
					"position": [0, 0, -0.1]
				},
				"arm_right": {
					"rotation": [130.12424, -88.87745, -124.73055]
				},
				"arm_right2": {
					"rotation": [-24.68194, -65.45249, 23.12705]
				},
				"hand_right": {
					"rotation": [0, -35, 17.5]
				},
				"finger_right_thumb": {
					"rotation": [0, -67.5, 0]
				},
				"finger_right_thumb2": {
					"rotation": [0, 0, -67.5]
				},
				"finger_right_index": {
					"rotation": [32.5, -60, 0]
				},
				"finger_right_index2": {
					"rotation": [0, -90, 0]
				},
				"finger_right_middle": {
					"rotation": [0, -50, 0]
				},
				"finger_right_middle2": {
					"rotation": [0, -70, 0]
				},
				"finger_right_ring": {
					"rotation": [0, -45, 0]
				},
				"finger_right_ring2": {
					"rotation": [0, -75, 0]
				},
				"finger_right_pinky": {
					"rotation": [0, -27.5, 0]
				},
				"finger_right_pinky2": {
					"rotation": [0, -72.5, 0]
				},
				"arm_left": {
					"rotation": [62.61422, 50.77888, 71.01412]
				},
				"arm_left2": {
					"rotation": [-13.56019, 76.80978, -18.05867]
				},
				"hand_left": {
					"rotation": [0, 35, -17.5]
				},
				"finger_left_thumb": {
					"rotation": [-241.90959, 70.3862, -274.82972]
				},
				"finger_left_thumb2": {
					"rotation": [0, 0, 72.5]
				},
				"finger_left_index": {
					"rotation": [0, 50, 0]
				},
				"finger_left_index2": {
					"rotation": [0, 85, 0]
				},
				"finger_left_middle": {
					"rotation": [0, 52.5, 0]
				},
				"finger_left_middle2": {
					"rotation": [0, 85, 0]
				},
				"finger_left_ring": {
					"rotation": [0, 62.5, 0]
				},
				"finger_left_ring2": {
					"rotation": [0, 62.5, 0]
				},
				"finger_left_pinky": {
					"rotation": [0, 60, 0]
				},
				"finger_left_pinky2": {
					"rotation": [0, 57.5, 0]
				},
				"torso": {
					"rotation": ["0-math.cos(q.anim_time*90*5+10)*10", "0-math.sin(q.anim_time*90*5+100)*5", "0+math.cos(q.anim_time*90*7-60)*10"],
					"position": ["0-math.cos(q.anim_time*90*6-20)*1", 0, 0]
				}
			}
		},
		"animation.geodude_vanguard.sleep": {
			"loop": true,
			"bones": {
				"eyelid_right": {
					"position": [0, 0, -0.1]
				},
				"eyelid_left": {
					"position": [0, 0, -0.1]
				},
				"arm_right": {
					"rotation": [0, 75, 0]
				},
				"arm_right2": {
					"rotation": [0, -162.5, 0],
					"position": [0, -2, -2]
				},
				"hand_right": {
					"rotation": [0, -20, 0]
				},
				"finger_right_thumb": {
					"rotation": [0, 0, -2.5]
				},
				"finger_right_thumb2": {
					"rotation": [0, 0, -60]
				},
				"finger_right_index": {
					"rotation": [0, -15, 0]
				},
				"finger_right_index2": {
					"rotation": [0, -67.5, 0]
				},
				"finger_right_middle": {
					"rotation": [0, -15, 0]
				},
				"finger_right_middle2": {
					"rotation": [0, -75, 0]
				},
				"finger_right_ring": {
					"rotation": [0, -15, 0]
				},
				"finger_right_ring2": {
					"rotation": [0, -70, 0]
				},
				"finger_right_pinky": {
					"rotation": [0, -30, 0]
				},
				"finger_right_pinky2": {
					"rotation": [0, -55, 0]
				},
				"arm_left": {
					"rotation": [0, -75, 0]
				},
				"arm_left2": {
					"rotation": [0, 162.5, 0],
					"position": [0, -2, -2]
				},
				"hand_left": {
					"rotation": [0, 20, 0]
				},
				"finger_left_thumb": {
					"rotation": [0, 5, 2.5]
				},
				"finger_left_thumb2": {
					"rotation": [0, 0, 42.5]
				},
				"finger_left_index": {
					"rotation": [0, 15, 0]
				},
				"finger_left_index2": {
					"rotation": [0, 62.5, 0]
				},
				"finger_left_middle": {
					"rotation": [0, 15, 0]
				},
				"finger_left_middle2": {
					"rotation": [0, 67.5, 0]
				},
				"finger_left_ring": {
					"rotation": [0, 15, 0]
				},
				"finger_left_ring2": {
					"rotation": [0, 55, 0]
				},
				"finger_left_pinky": {
					"rotation": [0, 25, 0]
				},
				"finger_left_pinky2": {
					"rotation": [0, 55, 0]
				}
			}
		},
		"animation.geodude_vanguard.cry": {
			"animation_length": 1.5,
			"bones": {
				"body": {
					"rotation": {
						"0.0": [0, 0, 0],
						"0.0833": {
							"pre": [7.5, 0, 0],
							"post": [7.5, 0, 0],
							"lerp_mode": "catmullrom"
						},
						"0.25": {
							"post": [-15, 0, 0],
							"lerp_mode": "catmullrom"
						},
						"1.1667": {
							"post": [-15, 0, 0],
							"lerp_mode": "catmullrom"
						},
						"1.5": [0, 0, 0]
					}
				},
				"jaw": {
					"rotation": {
						"0.0": [0, 0, 0],
						"0.1667": [0, 0, 0],
						"0.25": [22.5, 0, 0],
						"0.9167": {
							"pre": [15.5, 0, 0],
							"post": [15.5, 0, 0],
							"lerp_mode": "catmullrom"
						},
						"1.5": [0, 0, 0]
					}
				}
			}
		},
		"animation.geodude_vanguard.blink": {
			"animation_length": 0.16667,
			"bones": {
				"eyelid_right": {
					"position": {
						"0.0": [0, 0, -0.1],
						"0.125": [0, 0, -0.1],
						"0.1667": [0, 0, 0]
					}
				},
				"eyelid_left": {
					"position": {
						"0.0": [0, 0, -0.1],
						"0.125": [0, 0, -0.1],
						"0.1667": [0, 0, 0]
					}
				}
			}
		}
	},
	"geckolib_format_version": 2
}