{
	"format_version": "1.12.0",
	"minecraft:geometry": [
		{
			"description": {
				"identifier": "geometry.zorklu",
				"texture_width": 128,
				"texture_height": 128,
				"visible_bounds_width": 5,
				"visible_bounds_height": 4.5,
				"visible_bounds_offset": [0, 1.75, 0]
			},
			"bones": [
				{
					"name": "zorklu",
					"pivot": [0, 0, 0]
				},
				{
					"name": "body",
					"parent": "zorklu",
					"pivot": [0, 15.75, 0]
				},
				{
					"name": "torso",
					"parent": "body",
					"pivot": [0, 15.25, 0],
					"cubes": [
						{"origin": [-1.5, 16.25, -4.5], "size": [3, 0, 2], "pivot": [0, 16.25, -2.5], "rotation": [55, 0, 0], "uv": [6, 34]},
						{"origin": [-3, 12.25, -2.5], "size": [6, 5, 5], "uv": [11, 31]}
					]
				},
				{
					"name": "torso2",
					"parent": "torso",
					"pivot": [0, 16.75, 0],
					"cubes": [
						{"origin": [-2, 16.25, -2], "size": [4, 5, 4], "uv": [52, 9]}
					]
				},
				{
					"name": "chest",
					"parent": "torso2",
					"pivot": [0, 20.75, -0.25],
					"cubes": [
						{"origin": [-2.5, 20.25, -2.75], "size": [5, 4, 5], "uv": [40, 41]},
						{"origin": [-0.5, 21.75, -5.75], "size": [1, 1, 2], "pivot": [0, 22.25, -3.75], "rotation": [0, 0, 45], "uv": [50, 9]},
						{"origin": [-1, 21.25, -4.25], "size": [2, 2, 2], "pivot": [0, 22.25, -3.75], "rotation": [0, 0, 45], "uv": [22, 75]}
					]
				},
				{
					"name": "neck",
					"parent": "chest",
					"pivot": [0, 24.25, 0],
					"cubes": [
						{"origin": [-1, 23.75, -1], "size": [2, 3, 2], "uv": [74, 73]}
					]
				},
				{
					"name": "head",
					"parent": "neck",
					"pivot": [0, 25.75, 0],
					"cubes": [
						{"origin": [-2.5, 25.75, -3.5], "size": [5, 4, 6], "uv": [33, 31]}
					]
				},
				{
					"name": "eye_right",
					"parent": "head",
					"pivot": [-2.01, 27.5, -1.5],
					"rotation": [7.5, 0, 0],
					"cubes": [
						{"origin": [-2.51, 26.5, -3], "size": [1, 2, 3], "uv": [6, 75]},
						{"origin": [-2.515, 27.5, -2.75], "size": [1, 1, 1], "uv": [55, 44]}
					]
				},
				{
					"name": "eyelid_right",
					"parent": "eye_right",
					"pivot": [-1.91, 27.5, -1.5],
					"cubes": [
						{"origin": [-2.41, 26.5, -3], "size": [1, 2, 3], "inflate": 0.01, "uv": [72, 66]}
					]
				},
				{
					"name": "eye_left",
					"parent": "head",
					"pivot": [2.01, 27.5, -1.5],
					"rotation": [7.5, 0, 0],
					"cubes": [
						{"origin": [1.51, 26.5, -3], "size": [1, 2, 3], "uv": [72, 21]},
						{"origin": [1.515, 27.5, -2.75], "size": [1, 1, 1], "uv": [0, 2]}
					]
				},
				{
					"name": "eyelid_left",
					"parent": "eye_left",
					"pivot": [1.91, 27.5, -1.5],
					"cubes": [
						{"origin": [1.41, 26.5, -3], "size": [1, 2, 3], "inflate": 0.01, "uv": [71, 0]}
					]
				},
				{
					"name": "ear_right_pos",
					"parent": "head",
					"pivot": [-1.75, 29.25, -1.25],
					"rotation": [0, -22.5, 0]
				},
				{
					"name": "ear_right",
					"parent": "ear_right_pos",
					"pivot": [-1.75, 28.75, 0.25],
					"rotation": [-35, 0, 0],
					"cubes": [
						{"origin": [-1.75, 27.75, -1.25], "size": [0, 5, 3], "uv": [0, 72]}
					]
				},
				{
					"name": "ear_left_pos",
					"parent": "head",
					"pivot": [1.75, 29.25, -1.25],
					"rotation": [0, 22.5, 0]
				},
				{
					"name": "ear_left",
					"parent": "ear_left_pos",
					"pivot": [1.75, 28.75, 0.25],
					"rotation": [-35, 0, 0],
					"cubes": [
						{"origin": [1.75, 27.75, -1.25], "size": [0, 5, 3], "uv": [58, 68]}
					]
				},
				{
					"name": "muzzle",
					"parent": "head",
					"pivot": [0, 28.75, -3.5],
					"rotation": [20, 0, 0],
					"cubes": [
						{"origin": [-1.5, 26.75, -6], "size": [3, 2, 3], "inflate": 0.01, "uv": [68, 34]}
					]
				},
				{
					"name": "jaw",
					"parent": "head",
					"pivot": [0, 27, -3.5],
					"cubes": [
						{"origin": [-1.5, 26, -5], "size": [3, 1, 2], "uv": [72, 5]}
					]
				},
				{
					"name": "hair_front",
					"parent": "head",
					"pivot": [0, 29.75, -3],
					"cubes": [
						{"origin": [-1.5, 29.75, -3], "size": [3, 3, 0], "uv": [57, 76]}
					]
				},
				{
					"name": "hair_front2",
					"parent": "hair_front",
					"pivot": [0, 32.75, -3],
					"cubes": [
						{"origin": [-1.5, 32.75, -3], "size": [3, 3, 0], "uv": [76, 8]}
					]
				},
				{
					"name": "hair_front3",
					"parent": "hair_front2",
					"pivot": [0, 35.75, -3],
					"cubes": [
						{"origin": [-1, 35.75, -3], "size": [2, 2, 0], "uv": [59, 18]}
					]
				},
				{
					"name": "hair_back",
					"parent": "head",
					"pivot": [0, 28.25, -0.5],
					"rotation": [35, 0, 0],
					"cubes": [
						{"origin": [-2, 26.25, -1], "size": [4, 4, 6], "uv": [20, 41]},
						{"origin": [0, 29.75, -0.5], "size": [0, 5, 3], "pivot": [0, 30.25, 0], "rotation": [-55, 0, 0], "uv": [39, 71]}
					]
				},
				{
					"name": "hair_back2",
					"parent": "hair_back",
					"pivot": [0, 28.25, 3.5],
					"cubes": [
						{"origin": [-2.5, 25.75, 3], "size": [5, 5, 6], "uv": [20, 20]},
						{"origin": [0, 30.25, 3.5], "size": [0, 5, 3], "pivot": [0, 30.75, 4], "rotation": [-55, 0, 0], "uv": [71, 36]}
					]
				},
				{
					"name": "hair_back3",
					"parent": "hair_back2",
					"pivot": [0, 28.25, 8],
					"cubes": [
						{"origin": [-2, 26.25, 7.5], "size": [4, 4, 5], "uv": [49, 51]}
					]
				},
				{
					"name": "hair_back4",
					"parent": "hair_back3",
					"pivot": [0, 28.25, 12],
					"cubes": [
						{"origin": [0, 26.75, 11.5], "size": [0, 4, 5], "uv": [28, 26]}
					]
				},
				{
					"name": "hair_right_group",
					"parent": "head",
					"pivot": [-2, 27.75, 0]
				},
				{
					"name": "hair_back_top_right",
					"parent": "hair_right_group",
					"pivot": [-2, 27.75, 0],
					"rotation": [25, -22.5, 0],
					"cubes": [
						{"origin": [-2, 26.25, 0], "size": [0, 3, 4], "inflate": 0.01, "uv": [31, 70]}
					]
				},
				{
					"name": "hair_back_top_right2",
					"parent": "hair_back_top_right",
					"pivot": [-2, 29.25, 4],
					"cubes": [
						{"origin": [-2, 25.75, 4], "size": [0, 4, 6], "uv": [12, 60]}
					]
				},
				{
					"name": "hair_back_top_right3",
					"parent": "hair_back_top_right2",
					"pivot": [-2, 25.75, 10],
					"cubes": [
						{"origin": [-2, 25.25, 10], "size": [0, 6, 7], "inflate": 0.01, "uv": [49, 23]}
					]
				},
				{
					"name": "hair_back_middle_right",
					"parent": "hair_right_group",
					"pivot": [-2, 27.75, 0.25],
					"rotation": [5, -22.5, 0],
					"cubes": [
						{"origin": [-2, 26.25, 0.25], "size": [0, 3, 4], "inflate": 0.01, "uv": [42, 64]}
					]
				},
				{
					"name": "hair_back_middle_right2",
					"parent": "hair_back_middle_right",
					"pivot": [-2, 29.25, 4.25],
					"cubes": [
						{"origin": [-2, 25.75, 4.25], "size": [0, 4, 6], "uv": [0, 60]}
					]
				},
				{
					"name": "hair_back_middle_right3",
					"parent": "hair_back_middle_right2",
					"pivot": [-2, 25.75, 10.25],
					"cubes": [
						{"origin": [-2, 25.25, 10.25], "size": [0, 6, 7], "inflate": 0.01, "uv": [14, 44]}
					]
				},
				{
					"name": "hair_back_bottom_right",
					"parent": "hair_right_group",
					"pivot": [-2, 26.75, 0.5],
					"rotation": [-10, -22.5, 0],
					"cubes": [
						{"origin": [-2, 25.75, 0.5], "size": [0, 2, 4], "inflate": 0.01, "uv": [26, 1]}
					]
				},
				{
					"name": "hair_back_bottom_right2",
					"parent": "hair_back_bottom_right",
					"pivot": [-2, 27.75, 4.5],
					"cubes": [
						{"origin": [-2, 25.25, 4.5], "size": [0, 3, 6], "uv": [60, 0]}
					]
				},
				{
					"name": "hair_back_bottom_right3",
					"parent": "hair_back_bottom_right2",
					"pivot": [-2, 25.25, 10.5],
					"cubes": [
						{"origin": [-2, 24.75, 10.5], "size": [0, 4, 7], "inflate": 0.01, "uv": [42, 53]}
					]
				},
				{
					"name": "hair_back_last_right",
					"parent": "hair_right_group",
					"pivot": [-2, 27.75, 0.75],
					"rotation": [-32.5, -22.5, 0],
					"cubes": [
						{"origin": [-2, 26.25, 0.75], "size": [0, 3, 4], "inflate": 0.01, "uv": [62, 45]}
					]
				},
				{
					"name": "hair_back_last_right2",
					"parent": "hair_back_last_right",
					"pivot": [-2, 29.25, 4.75],
					"cubes": [
						{"origin": [-2, 25.75, 4.75], "size": [0, 4, 6], "uv": [26, 59]}
					]
				},
				{
					"name": "hair_back_last_right3",
					"parent": "hair_back_last_right2",
					"pivot": [-2, 25.75, 10.75],
					"cubes": [
						{"origin": [-2, 25.25, 10.75], "size": [0, 5, 7], "inflate": 0.01, "uv": [0, 50]}
					]
				},
				{
					"name": "hair_left_group",
					"parent": "head",
					"pivot": [2, 27.75, 0]
				},
				{
					"name": "hair_back_top_left",
					"parent": "hair_left_group",
					"pivot": [2, 27.75, 0],
					"rotation": [25, 22.5, 0],
					"cubes": [
						{"origin": [2, 26.25, 0], "size": [0, 3, 4], "inflate": 0.01, "uv": [18, 1]}
					]
				},
				{
					"name": "hair_back_top_left2",
					"parent": "hair_back_top_left",
					"pivot": [2, 29.25, 4],
					"cubes": [
						{"origin": [2, 25.75, 4], "size": [0, 4, 6], "uv": [38, 58]}
					]
				},
				{
					"name": "hair_back_top_left3",
					"parent": "hair_back_top_left2",
					"pivot": [2, 25.75, 10],
					"cubes": [
						{"origin": [2, 25.25, 10], "size": [0, 6, 7], "inflate": 0.01, "uv": [0, 44]}
					]
				},
				{
					"name": "hair_back_middle_left",
					"parent": "hair_left_group",
					"pivot": [2, 27.75, 0.25],
					"rotation": [5, 22.5, 0],
					"cubes": [
						{"origin": [2, 26.25, 0.25], "size": [0, 3, 4], "inflate": 0.01, "uv": [0, 14]}
					]
				},
				{
					"name": "hair_back_middle_left2",
					"parent": "hair_back_middle_left",
					"pivot": [2, 29.25, 4.25],
					"cubes": [
						{"origin": [2, 25.75, 4.25], "size": [0, 4, 6], "uv": [0, 56]}
					]
				},
				{
					"name": "hair_back_middle_left3",
					"parent": "hair_back_middle_left2",
					"pivot": [2, 25.75, 10.25],
					"cubes": [
						{"origin": [2, 25.25, 10.25], "size": [0, 6, 7], "inflate": 0.01, "uv": [40, 43]}
					]
				},
				{
					"name": "hair_back_bottom_left",
					"parent": "hair_left_group",
					"pivot": [2, 26.75, 0.5],
					"rotation": [-10, 22.5, 0],
					"cubes": [
						{"origin": [2, 25.75, 0.5], "size": [0, 2, 4], "inflate": 0.01, "uv": [18, 15]}
					]
				},
				{
					"name": "hair_back_bottom_left2",
					"parent": "hair_back_bottom_left",
					"pivot": [2, 27.75, 4.5],
					"cubes": [
						{"origin": [2, 25.25, 4.5], "size": [0, 3, 6], "uv": [38, 3]}
					]
				},
				{
					"name": "hair_back_bottom_left3",
					"parent": "hair_back_bottom_left2",
					"pivot": [2, 25.25, 10.5],
					"cubes": [
						{"origin": [2, 24.75, 10.5], "size": [0, 4, 7], "inflate": 0.01, "uv": [14, 50]}
					]
				},
				{
					"name": "hair_back_last_left",
					"parent": "hair_left_group",
					"pivot": [2, 27.75, 0.75],
					"rotation": [-32.5, 22.5, 0],
					"cubes": [
						{"origin": [2, 26.25, 0.75], "size": [0, 3, 4], "inflate": 0.01, "uv": [0, 0]}
					]
				},
				{
					"name": "hair_back_last_left2",
					"parent": "hair_back_last_left",
					"pivot": [2, 29.25, 4.75],
					"cubes": [
						{"origin": [2, 25.75, 4.75], "size": [0, 4, 6], "uv": [26, 55]}
					]
				},
				{
					"name": "hair_back_last_left3",
					"parent": "hair_back_last_left2",
					"pivot": [2, 25.75, 10.75],
					"cubes": [
						{"origin": [2, 25.25, 10.75], "size": [0, 5, 7], "inflate": 0.01, "uv": [28, 49]}
					]
				},
				{
					"name": "arm_left",
					"parent": "chest",
					"pivot": [3, 22.75, 0],
					"cubes": [
						{"origin": [2, 20.75, -2], "size": [2, 4, 4], "uv": [64, 67]},
						{"origin": [3, 19.75, -2], "size": [0, 5, 4], "pivot": [3, 24.75, -2], "rotation": [52.5, 0, 0], "uv": [0, 30]},
						{"origin": [3.5, 21.25, -1.5], "size": [2, 3, 3], "uv": [21, 69]}
					]
				},
				{
					"name": "arm_left2",
					"parent": "arm_left",
					"pivot": [4.5, 22.75, 0],
					"cubes": [
						{"origin": [4.5, 21.75, -1], "size": [5, 2, 2], "uv": [68, 13]}
					]
				},
				{
					"name": "arm_left3",
					"parent": "arm_left2",
					"pivot": [9.5, 22.75, 1],
					"cubes": [
						{"origin": [9.5, 21.75, -1.5], "size": [6, 2, 3], "inflate": 0.01, "uv": [60, 44]}
					]
				},
				{
					"name": "arm_fur",
					"parent": "arm_left3",
					"pivot": [9.5, 23.75, 0],
					"rotation": [0, 0, 32.5],
					"cubes": [
						{"origin": [8.5, 22.75, -1.5], "size": [2, 1, 0], "uv": [26, 19]},
						{"origin": [8.5, 22.75, 1.5], "size": [2, 1, 0], "uv": [4, 7]},
						{"origin": [7.5, 23.75, -1.5], "size": [2, 0, 3], "uv": [13, 26]}
					]
				},
				{
					"name": "blade_left",
					"parent": "arm_left3",
					"pivot": [11.5, 23.75, 0],
					"rotation": [0, 0, -52.5],
					"cubes": [
						{"origin": [11.5, 18.75, 0], "size": [7, 5, 0], "inflate": 0.01, "uv": [67, 57]}
					]
				},
				{
					"name": "finger_middle_left",
					"parent": "arm_left3",
					"pivot": [15.5, 23.75, 0],
					"cubes": [
						{"origin": [15.5, 21.75, -0.5], "size": [2, 2, 1], "uv": [76, 0]}
					]
				},
				{
					"name": "finger_middle_left2",
					"parent": "finger_middle_left",
					"pivot": [17.5, 23.75, 0],
					"cubes": [
						{"origin": [17.5, 21.75, -0.5], "size": [2, 2, 1], "inflate": 0.01, "uv": [63, 75]}
					]
				},
				{
					"name": "finger_middle_left3",
					"parent": "finger_middle_left2",
					"pivot": [19.5, 23.75, 0],
					"cubes": [
						{"origin": [19.5, 21.75, 0], "size": [2, 2, 0], "uv": [55, 23]}
					]
				},
				{
					"name": "finger_front_left",
					"parent": "arm_left3",
					"pivot": [15.5, 23.75, -0.5],
					"cubes": [
						{"origin": [15.5, 21.75, -1.5], "size": [2, 2, 1], "uv": [51, 75]}
					]
				},
				{
					"name": "finger_front_left2",
					"parent": "finger_front_left",
					"pivot": [17.5, 23.75, -1],
					"cubes": [
						{"origin": [17.5, 21.75, -1.5], "size": [2, 2, 1], "inflate": 0.01, "uv": [75, 49]}
					]
				},
				{
					"name": "finger_front_left3",
					"parent": "finger_front_left2",
					"pivot": [19.5, 23.75, -1],
					"cubes": [
						{"origin": [19.5, 21.75, -1], "size": [2, 2, 0], "uv": [55, 21]}
					]
				},
				{
					"name": "finger_back_left",
					"parent": "arm_left3",
					"pivot": [15.5, 23.75, 0.5],
					"cubes": [
						{"origin": [15.5, 21.75, 0.5], "size": [2, 2, 1], "uv": [45, 75]}
					]
				},
				{
					"name": "finger_back_left2",
					"parent": "finger_back_left",
					"pivot": [17.5, 23.75, 1],
					"cubes": [
						{"origin": [17.5, 21.75, 0.5], "size": [2, 2, 1], "inflate": 0.01, "uv": [75, 44]}
					]
				},
				{
					"name": "finger_back_left3",
					"parent": "finger_back_left2",
					"pivot": [19.5, 23.75, 1],
					"cubes": [
						{"origin": [19.5, 21.75, 1], "size": [2, 2, 0], "uv": [53, 5]}
					]
				},
				{
					"name": "arm_right",
					"parent": "chest",
					"pivot": [-3, 22.75, 0],
					"cubes": [
						{"origin": [-4, 20.75, -2], "size": [2, 4, 4], "uv": [67, 49]},
						{"origin": [-3, 19.75, -2], "size": [0, 5, 4], "pivot": [-3, 24.75, -2], "rotation": [52.5, 0, 0], "uv": [0, 9]},
						{"origin": [-5.5, 21.25, -1.5], "size": [2, 3, 3], "uv": [35, 68]}
					]
				},
				{
					"name": "arm_right2",
					"parent": "arm_right",
					"pivot": [-4.5, 22.75, 0],
					"cubes": [
						{"origin": [-9.5, 21.75, -1], "size": [5, 2, 2], "uv": [64, 9]}
					]
				},
				{
					"name": "arm_right3",
					"parent": "arm_right2",
					"pivot": [-9.5, 22.75, 1],
					"cubes": [
						{"origin": [-15.5, 21.75, -1.5], "size": [6, 2, 3], "inflate": 0.01, "uv": [53, 0]}
					]
				},
				{
					"name": "arm_fur2",
					"parent": "arm_right3",
					"pivot": [-9.5, 23.75, 0],
					"rotation": [0, 0, -32.5],
					"cubes": [
						{"origin": [-10.5, 22.75, -1.5], "size": [2, 1, 0], "uv": [0, 7]},
						{"origin": [-10.5, 22.75, 1.5], "size": [2, 1, 0], "uv": [4, 3]},
						{"origin": [-9.5, 23.75, -1.5], "size": [2, 0, 3], "uv": [0, 0]}
					]
				},
				{
					"name": "blade_right",
					"parent": "arm_right3",
					"pivot": [-11.5, 23.75, 0],
					"rotation": [0, 0, 52.5],
					"cubes": [
						{"origin": [-18.5, 18.75, 0], "size": [7, 5, 0], "inflate": 0.01, "uv": [63, 29]}
					]
				},
				{
					"name": "finger_middle_right",
					"parent": "arm_right3",
					"pivot": [-15.5, 23.75, 0],
					"cubes": [
						{"origin": [-17.5, 21.75, -0.5], "size": [2, 2, 1], "uv": [72, 26]}
					]
				},
				{
					"name": "finger_middle_right2",
					"parent": "finger_middle_right",
					"pivot": [-17.5, 23.75, 0],
					"cubes": [
						{"origin": [-19.5, 21.75, -0.5], "size": [2, 2, 1], "inflate": 0.01, "uv": [7, 70]}
					]
				},
				{
					"name": "finger_middle_right3",
					"parent": "finger_middle_right2",
					"pivot": [-19.5, 23.75, 0],
					"cubes": [
						{"origin": [-21.5, 21.75, 0], "size": [2, 2, 0], "uv": [43, 21]}
					]
				},
				{
					"name": "finger_front_right",
					"parent": "arm_right3",
					"pivot": [-15.5, 23.75, -0.5],
					"cubes": [
						{"origin": [-17.5, 21.75, -1.5], "size": [2, 2, 1], "uv": [28, 69]}
					]
				},
				{
					"name": "finger_front_right2",
					"parent": "finger_front_right",
					"pivot": [-17.5, 23.75, -1],
					"cubes": [
						{"origin": [-19.5, 21.75, -1.5], "size": [2, 2, 1], "inflate": 0.01, "uv": [68, 0]}
					]
				},
				{
					"name": "finger_front_right3",
					"parent": "finger_front_right2",
					"pivot": [-19.5, 23.75, -1],
					"cubes": [
						{"origin": [-21.5, 21.75, -1], "size": [2, 2, 0], "uv": [0, 43]}
					]
				},
				{
					"name": "finger_back_right",
					"parent": "arm_right3",
					"pivot": [-15.5, 23.75, 0.5],
					"cubes": [
						{"origin": [-17.5, 21.75, 0.5], "size": [2, 2, 1], "uv": [50, 64]}
					]
				},
				{
					"name": "finger_back_right2",
					"parent": "finger_back_right",
					"pivot": [-17.5, 23.75, 1],
					"cubes": [
						{"origin": [-19.5, 21.75, 0.5], "size": [2, 2, 1], "inflate": 0.01, "uv": [42, 56]}
					]
				},
				{
					"name": "finger_back_right3",
					"parent": "finger_back_right2",
					"pivot": [-19.5, 23.75, 1],
					"cubes": [
						{"origin": [-21.5, 21.75, 1], "size": [2, 2, 0], "uv": [38, 0]}
					]
				},
				{
					"name": "tail",
					"parent": "torso",
					"pivot": [0, 14.25, 2],
					"cubes": [
						{"origin": [-2.5, 11.75, 1], "size": [5, 5, 5], "uv": [0, 41]}
					]
				},
				{
					"name": "tail2",
					"parent": "tail",
					"pivot": [0, 14.25, 5],
					"cubes": [
						{"origin": [-3, 11.25, 4.5], "size": [6, 6, 6], "uv": [20, 7]},
						{"origin": [3, 11.75, 6.5], "size": [0, 5, 6], "pivot": [3, 14.25, 6.5], "rotation": [0, 12.5, 0], "uv": [14, 55]},
						{"origin": [-3, 11.75, 6.5], "size": [0, 5, 6], "pivot": [-3, 14.25, 6.5], "rotation": [0, -12.5, 0], "uv": [28, 45]},
						{"origin": [-2.5, 17.25, 5.5], "size": [5, 0, 5], "pivot": [0, 17.25, 5.5], "rotation": [12.5, 0, 0], "uv": [23, 0]},
						{"origin": [-2.5, 11.25, 5.5], "size": [5, 0, 5], "pivot": [0, 11.25, 5.5], "rotation": [-12.5, 0, 0], "uv": [13, 0]}
					]
				},
				{
					"name": "tail3",
					"parent": "tail2",
					"pivot": [0, 14.25, 10],
					"cubes": [
						{"origin": [-2, 12.25, 9.5], "size": [4, 4, 5], "uv": [42, 21]}
					]
				},
				{
					"name": "tail4",
					"parent": "tail3",
					"pivot": [0, 14.25, 13],
					"cubes": [
						{"origin": [-2.5, 11.75, 12.5], "size": [5, 5, 3], "uv": [55, 36]},
						{"origin": [-1, 16.25, 13], "size": [2, 2, 2], "pivot": [0, 17.25, 14], "rotation": [0, 45, 0], "uv": [14, 75]},
						{"origin": [-0.5, 17.75, 13.5], "size": [1, 2, 1], "pivot": [0, 17.25, 14], "rotation": [0, 45, 0], "uv": [41, 41]}
					]
				},
				{
					"name": "tail5",
					"parent": "tail4",
					"pivot": [0, 14.25, 15],
					"cubes": [
						{"origin": [-1, 12.25, 14.5], "size": [2, 4, 4], "uv": [46, 67]}
					]
				},
				{
					"name": "tail6",
					"parent": "tail5",
					"pivot": [0, 14.25, 18],
					"cubes": [
						{"origin": [0, 12.25, 16.5], "size": [0, 8, 8], "uv": [0, 18]}
					]
				},
				{
					"name": "leg_left",
					"parent": "body",
					"pivot": [3, 12.75, 0.5],
					"rotation": [62.5, 0, 0],
					"cubes": [
						{"origin": [1, 10.25, -5], "size": [5, 5, 8], "uv": [0, 13]}
					]
				},
				{
					"name": "leg_left2",
					"parent": "leg_left",
					"pivot": [3.5, 12.75, -3.5],
					"rotation": [-12.5, 0, 0],
					"cubes": [
						{"origin": [2, 6, -5], "size": [3, 8.5, 3], "uv": [56, 60]}
					]
				},
				{
					"name": "foot_left",
					"parent": "leg_left2",
					"pivot": [3.5, 7.25, -3.25],
					"rotation": [15, 0, 0],
					"cubes": [
						{"origin": [1.5, 5.25, -8.75], "size": [4, 2, 7], "uv": [38, 0]}
					]
				},
				{
					"name": "toes_left",
					"parent": "foot_left",
					"pivot": [3.5, 5.25, -8.75],
					"rotation": [-65, 0, 0],
					"cubes": [
						{"origin": [1.5, 5.25, -10.75], "size": [4, 2, 2], "inflate": 0.01, "uv": [69, 17]}
					]
				},
				{
					"name": "toe_middle_left",
					"parent": "toes_left",
					"pivot": [3.5, 7.25, -10.75],
					"cubes": [
						{"origin": [2.5, 5.25, -13.75], "size": [2, 2, 3], "inflate": 0.02, "uv": [10, 70]}
					]
				},
				{
					"name": "toe_middle_left2",
					"parent": "toe_middle_left",
					"pivot": [3.5, 7.25, -13.75],
					"cubes": [
						{"origin": [3.5, 5.25, -15.75], "size": [0, 2, 2], "uv": [22, 39]}
					]
				},
				{
					"name": "toe_inner_left",
					"parent": "toes_left",
					"pivot": [3, 7.25, -10.75],
					"cubes": [
						{"origin": [1, 5.25, -13.75], "size": [2, 2, 3], "uv": [0, 70]}
					]
				},
				{
					"name": "toe_inner_left2",
					"parent": "toe_inner_left",
					"pivot": [2, 7.25, -13.75],
					"cubes": [
						{"origin": [2, 5.25, -15.75], "size": [0, 2, 2], "uv": [0, 39]}
					]
				},
				{
					"name": "toe_outer_left",
					"parent": "toes_left",
					"pivot": [4, 7.25, -10.75],
					"cubes": [
						{"origin": [4, 5.25, -13.75], "size": [2, 2, 3], "uv": [34, 41]}
					]
				},
				{
					"name": "toe_outer_left2",
					"parent": "toe_outer_left",
					"pivot": [5, 7.25, -13.75],
					"cubes": [
						{"origin": [5, 5.25, -15.75], "size": [0, 2, 2], "uv": [4, 37]}
					]
				},
				{
					"name": "leg_right",
					"parent": "body",
					"pivot": [-3, 12.75, 0.5],
					"rotation": [62.5, 0, 0],
					"cubes": [
						{"origin": [-6, 10.25, -5], "size": [5, 5, 8], "uv": [0, 0]}
					]
				},
				{
					"name": "leg_right2",
					"parent": "leg_right",
					"pivot": [-3.5, 12.75, -3.5],
					"rotation": [-12.5, 0, 0],
					"cubes": [
						{"origin": [-5, 6, -5], "size": [3, 8.5, 3], "uv": [60, 18]}
					]
				},
				{
					"name": "foot_right",
					"parent": "leg_right2",
					"pivot": [-3.5, 7.25, -3.25],
					"rotation": [15, 0, 0],
					"cubes": [
						{"origin": [-5.5, 5.25, -8.75], "size": [4, 2, 7], "uv": [37, 12]}
					]
				},
				{
					"name": "toes_right",
					"parent": "foot_right",
					"pivot": [-3.5, 5.25, -8.75],
					"rotation": [-65, 0, 0],
					"cubes": [
						{"origin": [-5.5, 5.25, -10.75], "size": [4, 2, 2], "inflate": 0.01, "uv": [68, 62]}
					]
				},
				{
					"name": "toe_middle_right",
					"parent": "toes_right",
					"pivot": [-3.5, 7.25, -10.75],
					"cubes": [
						{"origin": [-4.5, 5.25, -13.75], "size": [2, 2, 3], "inflate": 0.02, "uv": [15, 41]}
					]
				},
				{
					"name": "toe_middle_right2",
					"parent": "toe_middle_right",
					"pivot": [-3.5, 7.25, -13.75],
					"cubes": [
						{"origin": [-3.5, 5.25, -15.75], "size": [0, 2, 2], "uv": [0, 37]}
					]
				},
				{
					"name": "toe_inner_right",
					"parent": "toes_right",
					"pivot": [-3, 7.25, -10.75],
					"cubes": [
						{"origin": [-3, 5.25, -13.75], "size": [2, 2, 3], "uv": [36, 21]}
					]
				},
				{
					"name": "toe_inner_right2",
					"parent": "toe_inner_right",
					"pivot": [-2, 7.25, -13.75],
					"cubes": [
						{"origin": [-2, 5.25, -15.75], "size": [0, 2, 2], "uv": [33, 33]}
					]
				},
				{
					"name": "toe_outer_right",
					"parent": "toes_right",
					"pivot": [-4, 7.25, -10.75],
					"cubes": [
						{"origin": [-6, 5.25, -13.75], "size": [2, 2, 3], "uv": [35, 2]}
					]
				},
				{
					"name": "toe_outer_right2",
					"parent": "toe_outer_right",
					"pivot": [-5, 7.25, -13.75],
					"cubes": [
						{"origin": [-5, 5.25, -15.75], "size": [0, 2, 2], "uv": [16, 27]}
					]
				}
			]
		}
	]
}