{
	"format_version": "1.8.0",
	"animations": {
		"animation.anobuto_fetus.float": {
			"loop": true,
			"animation_length": 4,
			"bones": {
				"body": {
					"rotation": ["25+math.sin(query.anim_time*90*1)*5", 0, 0],
					"position": [0, "0+math.sin(query.anim_time*90*1+60)", 0]
				},
				"right_front_leg": {
					"rotation": [0, 0, -52.5]
				},
				"right_back_leg": {
					"rotation": [0, 0, -50]
				},
				"left_front_leg": {
					"rotation": [0, 0, 47.5]
				},
				"left_back_leg": {
					"rotation": [0, 0, 30]
				},
				"arm": {
					"rotation": [0, 0, -32.5]
				},
				"arm2": {
					"rotation": [0, 0, 60]
				},
				"eye": {
					"rotation": ["37.5+math.sin(query.anim_time*90*1-60)*10", 0, 0],
					"position": [0, -1, 0]
				},
				"eye2": {
					"rotation": ["52.5+math.sin(query.anim_time*90*1-90)*10", 0, 0],
					"position": [0, -1, 0]
				},
				"tail": {
					"rotation": [-55, 0, 0]
				},
				"tail2": {
					"rotation": [-57.5, 0, 0]
				}
			}
		}
	}
}