{
	"format_version": "1.12.0",
	"minecraft:geometry": [
		{
			"description": {
				"identifier": "geometry.smouse",
				"texture_width": 32,
				"texture_height": 32,
				"visible_bounds_width": 3,
				"visible_bounds_height": 2.5,
				"visible_bounds_offset": [0, 0.75, 0]
			},
			"bones": [
				{
					"name": "smouse",
					"pivot": [0, 0, 0]
				},
				{
					"name": "root",
					"parent": "smouse",
					"pivot": [0, 2, 2]
				},
				{
					"name": "waist",
					"parent": "root",
					"pivot": [0, 2.05, 2],
					"cubes": [
						{"origin": [-1.5, 0.55, 2], "size": [3, 3, 4], "inflate": -0.001, "uv": [0, 10]},
						{"origin": [-1.5, 0.55, 1], "size": [3, 3, 2], "inflate": 0.1, "uv": [20, 5]}
					]
				},
				{
					"name": "tail1",
					"parent": "waist",
					"pivot": [0, 2.55, 6],
					"cubes": [
						{"origin": [-1, 1.55, 6], "size": [2, 2, 3], "inflate": -0.001, "uv": [0, 17]}
					]
				},
				{
					"name": "tail2",
					"parent": "tail1",
					"pivot": [0, 2.55, 9],
					"cubes": [
						{"origin": [-1, 1.55, 9], "size": [2, 2, 3], "inflate": -0.001, "uv": [11, 15]}
					]
				},
				{
					"name": "tail3",
					"parent": "tail2",
					"pivot": [0, 2.55, 12],
					"cubes": [
						{"origin": [-1, 1.55, 12], "size": [2, 2, 3], "inflate": -0.001, "uv": [14, 10]}
					]
				},
				{
					"name": "legback_right",
					"parent": "waist",
					"pivot": [-1.5, 1.55, 5],
					"cubes": [
						{"origin": [-2.5, 0.15, 4], "size": [1, 2, 2], "uv": [22, 13]}
					]
				},
				{
					"name": "footback_right",
					"parent": "legback_right",
					"pivot": [-1.75, 0.05, 5],
					"cubes": [
						{"origin": [-3.25, 0.05, 2.5], "size": [2, 0, 3], "uv": [0, 0]}
					]
				},
				{
					"name": "legback_left",
					"parent": "waist",
					"pivot": [1.5, 1.55, 5],
					"cubes": [
						{"origin": [1.5, 0.15, 4], "size": [1, 2, 2], "uv": [4, 24]}
					]
				},
				{
					"name": "footback_left",
					"parent": "legback_left",
					"pivot": [1.75, 0.05, 5],
					"cubes": [
						{"origin": [1.25, 0.05, 2.5], "size": [2, 0, 3], "uv": [7, 10]}
					]
				},
				{
					"name": "torso",
					"parent": "root",
					"pivot": [0, 2.05, 1.5],
					"cubes": [
						{"origin": [-1.5, 0.55, -5], "size": [3, 3, 7], "inflate": -0.001, "uv": [0, 0]}
					]
				},
				{
					"name": "head",
					"parent": "torso",
					"pivot": [0, 2.57, -4.8535],
					"cubes": [
						{"origin": [-1.5, 1.25, -9.8], "size": [3, 2, 3], "pivot": [0.5, 2.05, -7.5], "rotation": [7.5, 0, 0], "uv": [13, 0]},
						{"origin": [-1, 0.25, -9.6], "size": [2, 1, 0], "pivot": [0.5, 2.05, -7.5], "rotation": [7.5, 0, 0], "uv": [13, 5]},
						{"origin": [-0.5, 2.25, -9.8], "size": [1, 1, 1], "inflate": 0.1, "pivot": [0.5, 2.05, -7.5], "rotation": [7.5, 0, 0], "uv": [0, 12]},
						{"origin": [0.75, 2, -6.8], "size": [1, 1, 1], "inflate": 0.1, "pivot": [0.5, 2.05, -7.5], "rotation": [7.5, 0, 0], "uv": [0, 10]},
						{"origin": [-1.75, 2, -6.8], "size": [1, 1, 1], "inflate": 0.1, "pivot": [0.5, 2.05, -7.5], "rotation": [7.5, 0, 0], "uv": [0, 5]},
						{"origin": [-1.5, 0.25, -6.8], "size": [3, 3, 2], "pivot": [0.5, 2.05, -7.5], "rotation": [7.5, 0, 0], "uv": [19, 18]}
					]
				},
				{
					"name": "jaw",
					"parent": "head",
					"pivot": [0, 0.87196, -6.47775],
					"cubes": [
						{"origin": [-1, 0.25, -8.8], "size": [2, 1, 3], "pivot": [0.5, 2.05, -7.5], "rotation": [7.5, 0, 0], "uv": [7, 20]}
					]
				},
				{
					"name": "ear_left",
					"parent": "head",
					"pivot": [1.33792, 3.38882, -5.06019],
					"cubes": [
						{"origin": [2.01509, 3.46926, -6.52219], "size": [0, 3, 3], "pivot": [2.76509, 5.11926, -4.87219], "rotation": [-19.61558, 60.8867, -28.02981], "uv": [17, 20]}
					]
				},
				{
					"name": "ear_right",
					"parent": "head",
					"pivot": [-1.33792, 3.38882, -5.06019],
					"cubes": [
						{"origin": [-2.01509, 3.46926, -6.52219], "size": [0, 3, 3], "pivot": [-2.76509, 5.11926, -4.87219], "rotation": [-19.61558, -60.8867, 28.02981], "uv": [0, 19]}
					]
				},
				{
					"name": "legfront_left",
					"parent": "torso",
					"pivot": [1.5, 1.55, -3],
					"cubes": [
						{"origin": [1.5, 0.15, -4], "size": [1, 2, 2], "uv": [10, 24]}
					]
				},
				{
					"name": "footfront_left",
					"parent": "legfront_left",
					"pivot": [2.00912, 0.05, -3.05894],
					"cubes": [
						{"origin": [1.25, 0.05, -5.5], "size": [2, 0, 3], "uv": [15, 15]}
					]
				},
				{
					"name": "legfront_right",
					"parent": "torso",
					"pivot": [-1.5, 1.55, -3],
					"cubes": [
						{"origin": [-2.5, 0.15, -4], "size": [1, 2, 2], "uv": [23, 23]}
					]
				},
				{
					"name": "footfront_right",
					"parent": "legfront_right",
					"pivot": [-2.00912, 0.05, -3.05894],
					"cubes": [
						{"origin": [-3.25, 0.05, -5.5], "size": [2, 0, 3], "uv": [0, 3]}
					]
				}
			]
		}
	]
}