{
	"format_version": "1.12.0",
	"minecraft:geometry": [
		{
			"description": {
				"identifier": "geometry.salangster",
				"texture_width": 128,
				"texture_height": 128,
				"visible_bounds_width": 4,
				"visible_bounds_height": 3.5,
				"visible_bounds_offset": [0, 1.25, 0]
			},
			"bones": [
				{
					"name": "salangster",
					"pivot": [0, 0, 0]
				},
				{
					"name": "body",
					"parent": "salangster",
					"pivot": [0, 1, 0]
				},
				{
					"name": "waist",
					"parent": "body",
					"pivot": [0, 10, 0],
					"cubes": [
						{"origin": [-5, 4, -4], "size": [10, 6, 8], "uv": [0, 0]},
						{"origin": [1.5, 5.5, -4], "size": [1, 2, 0], "inflate": 0.02, "uv": [0, 6]},
						{"origin": [-2.5, 5.5, -4], "size": [1, 2, 0], "inflate": 0.02, "uv": [4, 6]},
						{"origin": [1.5, 10, 3], "size": [1, 0, 1], "inflate": 0.02, "uv": [1, 0]},
						{"origin": [-2.5, 10, 3], "size": [1, 0, 1], "inflate": 0.02, "uv": [5, 0]}
					]
				},
				{
					"name": "tail",
					"parent": "waist",
					"pivot": [0, 7, 3],
					"rotation": [90, 0, 0],
					"cubes": [
						{"origin": [-3, 1, 1], "size": [6, 6, 4], "uv": [0, 35]},
						{"origin": [-0.5, 1, 3], "size": [1, 6, 2], "inflate": 0.02, "uv": [64, 16]}
					]
				},
				{
					"name": "tail2",
					"parent": "tail",
					"pivot": [0, 1, 1.5],
					"cubes": [
						{"origin": [-2.5, -3, 1.5], "size": [5, 4, 3], "uv": [44, 24]}
					]
				},
				{
					"name": "tail3",
					"parent": "tail2",
					"pivot": [0, -3, 2],
					"cubes": [
						{"origin": [-2, -6, 1.5], "size": [4, 3, 3], "uv": [60, 0]},
						{"origin": [-0.5, -6, 2.5], "size": [1, 3, 2], "inflate": 0.02, "uv": [77, 8]}
					]
				},
				{
					"name": "tail4",
					"parent": "tail3",
					"pivot": [0, -6, 2],
					"cubes": [
						{"origin": [-1.5, -9, 2], "size": [3, 3, 2], "uv": [48, 53]}
					]
				},
				{
					"name": "tail5",
					"parent": "tail4",
					"pivot": [0, -9, 3.5],
					"cubes": [
						{"origin": [-1, -13, 2], "size": [2, 4, 2], "uv": [75, 0]},
						{"origin": [-0.5, -13, 4], "size": [1, 4, 0], "inflate": 0.02, "uv": [78, 21]}
					]
				},
				{
					"name": "torso",
					"parent": "waist",
					"pivot": [0, 10, 0],
					"cubes": [
						{"origin": [-3.5, 9, -3], "size": [7, 5, 6], "uv": [0, 14]},
						{"origin": [-1, 11, -3], "size": [2, 2, 0], "inflate": 0.02, "uv": [2, 2]},
						{"origin": [-1, 11.5, 3], "size": [2, 2, 0], "inflate": 0.02, "uv": [73, 0]},
						{"origin": [-3, 11, 3], "size": [1, 1, 0], "inflate": 0.02, "uv": [72, 0]},
						{"origin": [2, 11, 3], "size": [1, 1, 0], "inflate": 0.02, "uv": [81, 0]}
					]
				},
				{
					"name": "neck",
					"parent": "torso",
					"pivot": [0, 13, 0],
					"cubes": [
						{"origin": [-2, 13, -2], "size": [4, 6, 4], "uv": [36, 0]}
					]
				},
				{
					"name": "head",
					"parent": "neck",
					"pivot": [0, 20.5, 0],
					"cubes": [
						{"origin": [-3, 18, -1], "size": [6, 5, 4], "uv": [20, 35]},
						{"origin": [-3, 19, -4], "size": [6, 4, 3], "uv": [40, 35]},
						{"origin": [-2, 19, -8], "size": [4, 1, 4], "uv": [0, 45]},
						{"origin": [-2.5, 23, -4], "size": [5, 3, 7], "pivot": [0, 23, -4], "rotation": [-12.5, 0, 0], "uv": [0, 25]},
						{"origin": [-2, 19.5, -9], "size": [4, 2, 2], "inflate": 0.01, "pivot": [0, 19.5, -7], "rotation": [45, 0, 0], "uv": [36, 49]},
						{"origin": [-2.99, 18, -4], "size": [0, 1, 1], "inflate": 0.02, "pivot": [-3, 19, -4], "rotation": [45, 0, 0], "uv": [46, 56]},
						{"origin": [2.99, 18, -4], "size": [0, 1, 1], "inflate": 0.02, "pivot": [3, 19, -4], "rotation": [45, 0, 0], "uv": [30, 60]},
						{"origin": [1.99, 18, -7], "size": [0, 1, 1], "inflate": 0.02, "pivot": [2, 19, -7], "rotation": [45, 0, 0], "uv": [60, 33]},
						{"origin": [-2.01, 18, -7], "size": [0, 1, 1], "inflate": 0.02, "pivot": [-2, 19, -7], "rotation": [45, 0, 0], "uv": [60, 33]},
						{"origin": [2, 18.5, -7.5], "size": [0, 1, 1], "pivot": [2, 19.5, -7], "rotation": [41.57337, 19.05682, -20.20848], "uv": [10, 61]},
						{"origin": [2, 18.5, -6.5], "size": [0, 1, 1], "pivot": [2, 19.5, -6], "rotation": [41.57337, 19.05682, -20.20848], "uv": [34, 61]},
						{"origin": [-2, 18.5, -7.5], "size": [0, 1, 1], "pivot": [-2, 19.5, -7], "rotation": [41.57337, -19.05682, 20.20848], "uv": [16, 61]},
						{"origin": [-2, 18.5, -6.5], "size": [0, 1, 1], "pivot": [-2, 19.5, -6], "rotation": [41.57337, -19.05682, 20.20848], "uv": [36, 61]},
						{"origin": [2, 18.5, -5.5], "size": [0, 1, 1], "pivot": [2, 19.5, -5], "rotation": [41.57337, 19.05682, -20.20848], "uv": [12, 61]},
						{"origin": [-2, 18.5, -5.5], "size": [0, 1, 1], "pivot": [-2, 19.5, -5], "rotation": [41.57337, -19.05682, 20.20848], "uv": [14, 61]}
					]
				},
				{
					"name": "head_strips",
					"parent": "head",
					"pivot": [0, 23, 3],
					"cubes": [
						{"origin": [-5, 23, 3], "size": [10, 0, 2], "pivot": [0, 23, 3], "rotation": [17.5, 0, 0], "uv": [36, 10]}
					]
				},
				{
					"name": "head_strip_right",
					"parent": "head_strips",
					"pivot": [-4, 23, 3],
					"cubes": [
						{"origin": [-5, 23, 1], "size": [2, 0, 2], "uv": [58, 53]},
						{"origin": [-5, 23, -3], "size": [2, 0, 4], "uv": [52, 4]}
					]
				},
				{
					"name": "head_strip_right2",
					"parent": "head_strip_right",
					"pivot": [-4, 23, -3],
					"cubes": [
						{"origin": [-5, 23, -6], "size": [2, 0, 3], "uv": [10, 58]}
					]
				},
				{
					"name": "head_strip_right3",
					"parent": "head_strip_right2",
					"pivot": [-3, 23, -4],
					"cubes": [
						{"origin": [-3, 23, -7], "size": [3, 0, 3], "uv": [12, 55]}
					]
				},
				{
					"name": "head_strip_left",
					"parent": "head_strips",
					"pivot": [4, 23, 3],
					"cubes": [
						{"origin": [3, 23, 1], "size": [2, 0, 2], "uv": [52, 8]},
						{"origin": [3, 23, -3], "size": [2, 0, 4], "uv": [52, 0]}
					]
				},
				{
					"name": "head_strip_left1",
					"parent": "head_strip_left",
					"pivot": [3, 23, 1]
				},
				{
					"name": "head_strip_left2",
					"parent": "head_strip_left1",
					"pivot": [4, 23, -3],
					"cubes": [
						{"origin": [3, 23, -6], "size": [2, 0, 3], "uv": [0, 57]}
					]
				},
				{
					"name": "head_strip_left3",
					"parent": "head_strip_left2",
					"pivot": [3, 23, -4],
					"cubes": [
						{"origin": [0, 23, -7], "size": [3, 0, 3], "uv": [0, 54]}
					]
				},
				{
					"name": "eyes",
					"parent": "head",
					"pivot": [0, 21, -2],
					"rotation": [-11.25, 0, 0]
				},
				{
					"name": "eye_left",
					"parent": "eyes",
					"pivot": [3, 21, 0]
				},
				{
					"name": "eye_left_open",
					"parent": "eye_left",
					"pivot": [3, 21.25, -2],
					"cubes": [
						{"origin": [3, 20.5, -2.5], "size": [0, 1, 3], "inflate": 0.01, "uv": [46, 58]},
						{"origin": [3, 21, -3.5], "size": [0, 1, 1], "inflate": 0.01, "uv": [38, 61]}
					]
				},
				{
					"name": "eye_left_pupil",
					"parent": "eye_left_open",
					"pivot": [1, 1, 0],
					"cubes": [
						{"origin": [3, 20.5, -2.25], "size": [0, 1, 1], "inflate": 0.02, "uv": [18, 61]}
					]
				},
				{
					"name": "eye_left_closed",
					"parent": "eye_left",
					"pivot": [2.5, 21, -1.5],
					"cubes": [
						{"origin": [2.5, 20.5, -3.5], "size": [0, 1, 4], "inflate": 0.01, "uv": [24, 55]}
					]
				},
				{
					"name": "eye_right",
					"parent": "eyes",
					"pivot": [0, 0, 0]
				},
				{
					"name": "eye_right_open",
					"parent": "eye_right",
					"pivot": [-3, 21.25, -2],
					"cubes": [
						{"origin": [-3, 20.5, -2.5], "size": [0, 1, 3], "inflate": 0.01, "uv": [52, 58]},
						{"origin": [-3, 21, -3.5], "size": [0, 1, 1], "inflate": 0.01, "uv": [58, 61]}
					]
				},
				{
					"name": "eye_right_pupil",
					"parent": "eye_right_open",
					"pivot": [-3, 21, -1.5],
					"cubes": [
						{"origin": [-3, 20.5, -2], "size": [0, 1, 1], "inflate": 0.02, "uv": [32, 61]}
					]
				},
				{
					"name": "eye_right_closed",
					"parent": "eye_right",
					"pivot": [-2.5, 21, -1.5],
					"cubes": [
						{"origin": [-2.5, 20.5, -3.5], "size": [0, 1, 4], "inflate": 0.01, "uv": [32, 56]}
					]
				},
				{
					"name": "jaw",
					"parent": "head",
					"pivot": [0, 19, -1],
					"cubes": [
						{"origin": [-2.5, 18, -4], "size": [5, 1, 3], "uv": [44, 31]},
						{"origin": [-1.5, 18, -8], "size": [3, 1, 4], "uv": [46, 12]},
						{"origin": [3.003, 18, -2], "size": [0, 2, 2], "inflate": 0.02, "pivot": [3, 19, -1], "rotation": [45, 0, 0], "uv": [20, 58]},
						{"origin": [-3.003, 18, -2], "size": [0, 2, 2], "inflate": 0.02, "pivot": [-4, 19, -1], "rotation": [45, 0, 0], "uv": [0, 60]},
						{"origin": [1.5, 18, -6], "size": [0, 1, 1], "inflate": 0.02, "pivot": [2, 19, -6], "rotation": [45, 0, 0], "uv": [60, 49]},
						{"origin": [-1.5, 18, -6], "size": [0, 1, 1], "inflate": 0.02, "pivot": [2, 19, -6], "rotation": [45, 0, 0], "uv": [60, 51]}
					]
				},
				{
					"name": "tongue",
					"parent": "jaw",
					"pivot": [0, 19, -1],
					"rotation": [-8.5, 0, 0],
					"cubes": [
						{"origin": [-1.5, 19.001, -4], "size": [3, 0, 3], "uv": [36, 53]}
					]
				},
				{
					"name": "tongue2",
					"parent": "tongue",
					"pivot": [0, 19, -4],
					"cubes": [
						{"origin": [-1, 19.001, -6], "size": [2, 0, 2], "uv": [46, 22]}
					]
				},
				{
					"name": "tongue3",
					"parent": "tongue2",
					"pivot": [0, 19, -6],
					"cubes": [
						{"origin": [-0.5, 19.001, -7], "size": [1, 0, 1], "uv": [54, 22]}
					]
				},
				{
					"name": "arms",
					"parent": "torso",
					"pivot": [0, 12, 0]
				},
				{
					"name": "arm_left",
					"parent": "arms",
					"pivot": [3.5, 13, 1],
					"cubes": [
						{"origin": [3.5, 11, -1], "size": [4, 2, 2], "uv": [12, 51]}
					]
				},
				{
					"name": "arm_left2",
					"parent": "arm_left",
					"pivot": [7.5, 11, 0.5],
					"cubes": [
						{"origin": [7.5, 11, -0.5], "size": [4, 2, 1], "uv": [56, 42]}
					]
				},
				{
					"name": "hand_left",
					"parent": "arm_left2",
					"pivot": [11.5, 12, 0],
					"cubes": [
						{"origin": [11, 11, 0], "size": [3, 2, 0], "uv": [60, 8]}
					]
				},
				{
					"name": "left_finger",
					"parent": "hand_left",
					"pivot": [13, 13, 0],
					"rotation": [0, 0, -45],
					"cubes": [
						{"origin": [13, 12, 0], "size": [3, 1, 0], "uv": [56, 48]}
					]
				},
				{
					"name": "left_finger2",
					"parent": "hand_left",
					"pivot": [14, 12, 0],
					"rotation": [0, 0, -5],
					"cubes": [
						{"origin": [14, 12, 0], "size": [5, 1, 0], "uv": [26, 24]}
					]
				},
				{
					"name": "left_finger3",
					"parent": "hand_left",
					"pivot": [14, 12, 0],
					"rotation": [0, 0, 17.5],
					"cubes": [
						{"origin": [14, 11, 0], "size": [4, 1, 0], "uv": [36, 13]}
					]
				},
				{
					"name": "left_finger4",
					"parent": "hand_left",
					"pivot": [13, 11, 0],
					"rotation": [0, 0, 45],
					"cubes": [
						{"origin": [13, 11, 0], "size": [4, 1, 0], "uv": [36, 24]}
					]
				},
				{
					"name": "arm_right",
					"parent": "arms",
					"pivot": [-3.5, 13, 1],
					"cubes": [
						{"origin": [-7.5, 11, -1], "size": [4, 2, 2], "uv": [24, 51]}
					]
				},
				{
					"name": "arm_right2",
					"parent": "arm_right",
					"pivot": [-7.5, 11, 1],
					"cubes": [
						{"origin": [-11.5, 11, -0.5], "size": [4, 2, 1], "uv": [56, 45]}
					]
				},
				{
					"name": "hand_right",
					"parent": "arm_right2",
					"pivot": [-11.5, 12, 0],
					"cubes": [
						{"origin": [-14, 11, 0], "size": [3, 2, 0], "uv": [60, 10]}
					]
				},
				{
					"name": "right_finger",
					"parent": "hand_right",
					"pivot": [-13, 13, 0],
					"rotation": [0, 0, 45],
					"cubes": [
						{"origin": [-16, 12, 0], "size": [3, 1, 0], "uv": [58, 41]}
					]
				},
				{
					"name": "right_finger2",
					"parent": "hand_right",
					"pivot": [-14, 12, 0],
					"rotation": [0, 0, 5],
					"cubes": [
						{"origin": [-19, 12, 0], "size": [5, 1, 0], "uv": [36, 12]}
					]
				},
				{
					"name": "right_finger3",
					"parent": "hand_right",
					"pivot": [-14, 12, 0],
					"rotation": [0, 0, -17.5],
					"cubes": [
						{"origin": [-18, 11, 0], "size": [4, 1, 0], "uv": [12, 50]}
					]
				},
				{
					"name": "right_finger4",
					"parent": "hand_right",
					"pivot": [-13, 11, 0],
					"rotation": [0, 0, -45],
					"cubes": [
						{"origin": [-17, 11, 0], "size": [4, 1, 0], "uv": [54, 23]}
					]
				},
				{
					"name": "legs",
					"parent": "body",
					"pivot": [0, 7, 0],
					"rotation": [17.5, 0, 0]
				},
				{
					"name": "leg_left",
					"parent": "legs",
					"pivot": [5, 9.5, 2.5],
					"rotation": [3.96713, 14.47751, 15.50409],
					"cubes": [
						{"origin": [5, 4.5, -2.5], "size": [5, 5, 5], "uv": [24, 25]}
					]
				},
				{
					"name": "leg_left2",
					"parent": "leg_left",
					"pivot": [9, 7, 0],
					"cubes": [
						{"origin": [8, 5, -1.5], "size": [5, 4, 3], "uv": [40, 42]}
					]
				},
				{
					"name": "foot_left",
					"parent": "leg_left2",
					"pivot": [11, 7, 0],
					"rotation": [0, 0, 22.5],
					"cubes": [
						{"origin": [11.5, 6, -1], "size": [4, 2, 2], "uv": [48, 49]},
						{"origin": [15.5, 6, -1], "size": [0, 3, 2], "uv": [36, 44]}
					]
				},
				{
					"name": "left_toe",
					"parent": "foot_left",
					"pivot": [15.5, 8, -1],
					"rotation": [45, 0, 0],
					"cubes": [
						{"origin": [15.5, 8, -1], "size": [0, 3, 1], "uv": [28, 60]}
					]
				},
				{
					"name": "left_toe2",
					"parent": "foot_left",
					"pivot": [15.5, 9, 0],
					"rotation": [5, 0, 0],
					"cubes": [
						{"origin": [15.5, 9, -1], "size": [0, 5, 1], "uv": [4, 60]}
					]
				},
				{
					"name": "left_toe3",
					"parent": "foot_left",
					"pivot": [15.5, 9, 0],
					"rotation": [-17.5, 0, 0],
					"cubes": [
						{"origin": [15.5, 9, 0], "size": [0, 4, 1], "uv": [8, 60]}
					]
				},
				{
					"name": "left_toe4",
					"parent": "foot_left",
					"pivot": [15.5, 8, 1],
					"rotation": [-45, 0, 0],
					"cubes": [
						{"origin": [15.5, 8, 0], "size": [0, 4, 1], "uv": [24, 60]}
					]
				},
				{
					"name": "leg_right",
					"parent": "legs",
					"pivot": [-5, 9.5, 2.5],
					"rotation": [3.96713, -14.47751, -15.50409],
					"cubes": [
						{"origin": [-10, 4.5, -2.5], "size": [5, 5, 5], "uv": [26, 14]}
					]
				},
				{
					"name": "leg_right2",
					"parent": "leg_right",
					"pivot": [-9, 7, 0],
					"cubes": [
						{"origin": [-13, 5, -1.5], "size": [5, 4, 3], "uv": [20, 44]}
					]
				},
				{
					"name": "foot_right",
					"parent": "leg_right2",
					"pivot": [-11, 7, 0],
					"rotation": [0, 0, -22.5],
					"cubes": [
						{"origin": [-15.5, 6, -1], "size": [4, 2, 2], "uv": [0, 50]},
						{"origin": [-15.5, 6, -1], "size": [0, 3, 2], "uv": [16, 45]}
					]
				},
				{
					"name": "right_toe",
					"parent": "foot_right",
					"pivot": [-15.5, 8, -1],
					"rotation": [45, 0, 0],
					"cubes": [
						{"origin": [-15.5, 8, -1], "size": [0, 3, 1], "uv": [60, 29]}
					]
				},
				{
					"name": "right_toe2",
					"parent": "foot_right",
					"pivot": [-15.5, 9, 0],
					"rotation": [5, 0, 0],
					"cubes": [
						{"origin": [-15.5, 9, -1], "size": [0, 5, 1], "uv": [6, 60]}
					]
				},
				{
					"name": "right_toe3",
					"parent": "foot_right",
					"pivot": [-15.5, 9, 0],
					"rotation": [-17.5, 0, 0],
					"cubes": [
						{"origin": [-15.5, 9, 0], "size": [0, 4, 1], "uv": [60, 24]}
					]
				},
				{
					"name": "right_toe4",
					"parent": "foot_right",
					"pivot": [-15.5, 8, 1],
					"rotation": [-45, 0, 0],
					"cubes": [
						{"origin": [-15.5, 8, 0], "size": [0, 4, 1], "uv": [26, 60]}
					]
				}
			]
		}
	]
}