{
    "enabled": true,
    "neededInstalledMods": [],
    "neededUninstalledMods": [],
    "spawns": [
        {
            "id": "ampharos_vanguard-1",
            "pokemon": "ampharos_vanguard",
            "presets": [],
            "type": "pokemon",
            "context": "grounded",
            "bucket": "common",
            "level": "30-55",
            "weight": 0.5,
            "condition": {
                "canSeeSky": true,
                "biomes": [
                    "minecraft:plains"
                ]
            }
        }
    ]
}