{
    "enabled": true,
    "neededInstalledMods": [],
    "neededUninstalledMods": [],
    "spawns": [
        {
            "id": "bulbasaur_vanguard-1",
            "pokemon": "bulbasaur_vanguard",
            "presets": [],
            "type": "pokemon",
            "context": "grounded",
            "bucket": "rare",
            "level": "5-30",
            "weight": 1.0,
            "condition": {
                "canSeeSky": true,
                "biomes": [
                    "#minecraft:is_badlands"
                ]
            }
        },
        {
            "id": "bulbasaur_vanguard-2",
            "pokemon": "bulbasaur_vanguard",
            "presets": [
                "natural"
            ],
            "type": "pokemon",
            "context": "grounded",
            "bucket": "rare",
            "level": "5-30",
            "weight": 1.0,
            "condition": {
                "canSeeSky": false,
                "biomes": [
                    "#minecraft:is_badlands"
                ]
            },
            "anticondition": {
                "biomes": [
                    "#cobblemon:is_deep_dark"
                ]
            }
        }
    ]
}