{
    "enabled": true,
    "neededInstalledMods": [],
    "neededUninstalledMods": [],
    "spawns": [
        {
            "id": "chikorita_vanguard-1",
            "pokemon": "chikorita_vanguard",
            "presets": [],
            "type": "pokemon",
            "context": "grounded",
            "bucket": "rare",
            "level": "5-30",
            "weight": 1.0,
            "condition": {
                "canSeeSky": true,
                "biomes": [
                    "minecraft:cherry_grove"
                ]
            }
        }
    ]
}