{
    "enabled": true,
    "neededInstalledMods": [],
    "neededUninstalledMods": [],
    "spawns": [
        {
            "id": "diglett_vanguard-1",
            "pokemon": "diglett_vanguard",
            "presets": [
            ],
            "type": "pokemon",
            "context": "grounded",
            "bucket": "uncommon",
            "level": "5-30",
            "weight": 6.0,
            "condition": {
                "biomes": [
                    "minecraft:snowy_taiga"
                ]
            }
        }
    ]
}