{
    "enabled": true,
    "neededInstalledMods": [],
    "neededUninstalledMods": [],
    "spawns": [
        {
            "id": "golem_vanguard-1",
            "pokemon": "golem_vanguard",
            "presets": [ ],
            "type": "pokemon",
            "context": "grounded",
            "bucket": "uncommon",
            "level": "40-60",
            "weight": 0.5,
            "condition": {
                "biomes": [
                    "#minecraft:is_end"
                ]
            }
        }
    ]
}