{
    "enabled": true,
    "neededInstalledMods": [],
    "neededUninstalledMods": [],
    "spawns": [
        {
            "id": "zigzagoon_vanguard-1",
            "pokemon": "zigzagoon_vanguard",
            "presets": [],
            "type": "pokemon",
            "context": "grounded",
            "bucket": "uncommon",
            "level": "5-30",
            "weight": 3.0,
            "condition": {
                "canSeeSky": true,
                "biomes": [
                    "minecraft:cherry_grove"
                ]
            }
        }
    ]
}