{
	"format_version": "1.21.0",
	"minecraft:geometry": [
		{
			"description": {
				"identifier": "geometry.shriekumo",
				"texture_width": 128,
				"texture_height": 128,
				"visible_bounds_width": 5,
				"visible_bounds_height": 4.5,
				"visible_bounds_offset": [0, 1.75, 0]
			},
			"bones": [
				{
					"name": "shriekumo",
					"pivot": [0, 0, 0]
				},
				{
					"name": "head",
					"parent": "shriekumo",
					"pivot": [0, 18.275, 3.92],
					"cubes": [
						{"origin": [-4, 13.675, -4], "size": [8, 8, 8], "pivot": [0, 17.675, 7], "rotation": [0, 0, -45], "uv": [32, 30]},
						{"origin": [0.1, 16.675, -4.1], "size": [1, 2, 1], "uv": [5, 0]},
						{"origin": [1.2, 16.175, -4.1], "size": [1, 2, 1], "uv": [5, 0]},
						{"origin": [-2.2, 16.175, -4.1], "size": [1, 2, 1], "uv": [5, 0]},
						{"origin": [-1.1, 16.675, -4.1], "size": [1, 2, 1], "uv": [5, 0]}
					]
				},
				{
					"name": "bone",
					"parent": "head",
					"pivot": [3.8, 16.675, -3.15],
					"rotation": [15, -10, 0],
					"cubes": [
						{"origin": [2.58136, 14.70907, -7.23873], "size": [2, 2, 4], "pivot": [3.51437, 16.675, -4.98873], "rotation": [0, 15, 0], "uv": [53, 14]},
						{"origin": [0.58136, 15.70907, -11.23873], "size": [4, 0, 7], "pivot": [3.51437, 17.675, -4.98873], "rotation": [0, 15, 0], "uv": [45, 7]}
					]
				},
				{
					"name": "bone4",
					"parent": "head",
					"pivot": [-3.8, 16.675, -3.15],
					"rotation": [15, 10, 0],
					"cubes": [
						{"origin": [-4.58136, 15.70907, -11.23873], "size": [4, 0, 7], "pivot": [-3.51437, 17.675, -4.98873], "rotation": [0, -15, 0], "uv": [45, 0]},
						{"origin": [-4.58136, 14.70907, -7.23873], "size": [2, 2, 4], "pivot": [-3.51437, 16.675, -4.98873], "rotation": [0, -15, 0], "uv": [28, 32]}
					]
				},
				{
					"name": "leg1",
					"parent": "head",
					"pivot": [4.41421, 17.08921, -1],
					"rotation": [0, 0, 90],
					"cubes": [
						{"origin": [3.41421, 17.08921, -2], "size": [2, 10, 2], "pivot": [4.41421, 17.08921, -1], "rotation": [0, 0, 0], "uv": [56, 46]}
					]
				},
				{
					"name": "bone2",
					"parent": "leg1",
					"pivot": [4.41421, 27.08921, -1],
					"cubes": [
						{"origin": [3.41421, 27.08921, -2], "size": [2, 10, 2], "pivot": [4.41421, 27.08921, -1], "rotation": [0, 0, 0], "uv": [29, 16]}
					]
				},
				{
					"name": "leg7",
					"parent": "head",
					"pivot": [4.41421, 17.08921, 3],
					"rotation": [0, 0, 90],
					"cubes": [
						{"origin": [3.41421, 17.08921, 2], "size": [2, 10, 2], "pivot": [4.41421, 17.08921, 3], "rotation": [0, 0, 0], "uv": [16, 46]}
					]
				},
				{
					"name": "bone5",
					"parent": "leg7",
					"pivot": [4.41421, 27.08921, 3],
					"cubes": [
						{"origin": [3.41421, 27.08921, 2], "size": [2, 10, 2], "pivot": [4.41421, 27.08921, 3], "rotation": [0, 0, 0], "uv": [8, 46]}
					]
				},
				{
					"name": "leg2",
					"parent": "head",
					"pivot": [-4.41421, 17.08921, -1],
					"rotation": [0, 0, -90],
					"cubes": [
						{"origin": [-5.41421, 17.08921, -2], "size": [2, 10, 2], "pivot": [-4.41421, 17.08921, -1], "rotation": [0, 0, 0], "uv": [45, 16]}
					]
				},
				{
					"name": "leg3",
					"parent": "leg2",
					"pivot": [-4.41421, 27.08921, -1],
					"rotation": [0, 0, 0],
					"cubes": [
						{"origin": [-5.41421, 27.08921, -2], "size": [2, 10, 2], "pivot": [-4.41421, 27.08921, -1], "rotation": [0, 0, 0], "uv": [48, 46]}
					]
				},
				{
					"name": "leg10",
					"parent": "head",
					"pivot": [-1.41421, 14.08921, -1],
					"rotation": [0, 0, -90],
					"cubes": [
						{"origin": [-2.41421, 14.08921, -2], "size": [2, 10, 2], "pivot": [-1.41421, 14.08921, -1], "rotation": [0, 0, 0], "uv": [20, 30]}
					]
				},
				{
					"name": "leg11",
					"parent": "leg10",
					"pivot": [-1.41421, 24.08921, -1],
					"rotation": [0, 0, 0],
					"cubes": [
						{"origin": [-1.91421, 24.08921, -1.5], "size": [1, 10, 1], "pivot": [-1.41421, 24.08921, -1], "rotation": [0, 0, 0], "uv": [60, 27]}
					]
				},
				{
					"name": "bone6",
					"parent": "leg11",
					"pivot": [-1.41421, 32.58921, -1.5],
					"cubes": [
						{"origin": [-1.41421, 32.08921, -5.5], "size": [0, 2, 4], "pivot": [-1.41421, 24.08921, 0], "rotation": [0, 0, 0], "uv": [53, 16]}
					]
				},
				{
					"name": "bone7",
					"parent": "leg11",
					"pivot": [-1.41421, 30.58921, -1.5],
					"cubes": [
						{"origin": [-1.41421, 29.08921, -7.5], "size": [0, 2, 6], "pivot": [-1.41421, 22.08921, 0], "rotation": [0, 0, 0], "uv": [0, 2]}
					]
				},
				{
					"name": "bone8",
					"parent": "leg11",
					"pivot": [-1.41421, 31.58921, -0.5],
					"cubes": [
						{"origin": [-1.41421, 30.08921, -0.5], "size": [0, 3, 4], "pivot": [-1.41421, 23.08921, 6], "rotation": [0, 0, 0], "uv": [53, 18]}
					]
				},
				{
					"name": "leg12",
					"parent": "head",
					"pivot": [1.58579, 14.08921, -1],
					"rotation": [180, 0, -90],
					"cubes": [
						{"origin": [0.58579, 14.08921, -2], "size": [2, 10, 2], "pivot": [1.58579, 14.08921, -1], "rotation": [0, 0, 0], "uv": [0, 30]}
					]
				},
				{
					"name": "leg13",
					"parent": "leg12",
					"pivot": [1.58579, 24.08921, -1],
					"rotation": [0, 0, 0],
					"cubes": [
						{"origin": [1.08579, 24.08921, -1.5], "size": [1, 10, 1], "pivot": [1.58579, 24.08921, -1], "rotation": [0, 0, 0], "uv": [60, 27]}
					]
				},
				{
					"name": "bone9",
					"parent": "leg13",
					"pivot": [1.58579, 32.58921, -1.5],
					"cubes": [
						{"origin": [1.58579, 32.08921, -5.5], "size": [0, 2, 4], "pivot": [1.58579, 24.08921, 0], "rotation": [0, 0, 0], "uv": [0, 0]}
					]
				},
				{
					"name": "bone10",
					"parent": "leg13",
					"pivot": [1.58579, 30.58921, -1.5],
					"cubes": [
						{"origin": [1.58579, 29.08921, -7.5], "size": [0, 2, 6], "pivot": [1.58579, 22.08921, 0], "rotation": [0, 0, 0], "uv": [0, 0]}
					]
				},
				{
					"name": "bone11",
					"parent": "leg13",
					"pivot": [1.58579, 31.58921, -0.5],
					"cubes": [
						{"origin": [1.58579, 30.08921, -0.5], "size": [0, 3, 4], "pivot": [1.58579, 23.08921, 6], "rotation": [0, 0, 0], "uv": [53, 21]}
					]
				},
				{
					"name": "leg5",
					"parent": "head",
					"pivot": [-4.41421, 17.08921, 3],
					"rotation": [0, 0, -90],
					"cubes": [
						{"origin": [-5.41421, 17.08921, 2], "size": [2, 10, 2], "pivot": [-4.41421, 17.08921, 3], "rotation": [0, 0, 0], "uv": [32, 46]}
					]
				},
				{
					"name": "leg6",
					"parent": "leg5",
					"pivot": [-4.41421, 27.08921, 3],
					"rotation": [0, 0, 0],
					"cubes": [
						{"origin": [-5.41421, 27.08921, 2], "size": [2, 10, 2], "pivot": [-4.41421, 27.08921, 3], "rotation": [0, 0, 0], "uv": [24, 46]}
					]
				},
				{
					"name": "body",
					"parent": "shriekumo",
					"pivot": [0, 16.30343, 1.82843],
					"rotation": [0, 0, 0],
					"cubes": [
						{"origin": [-2, 15.68749, 1.21249], "size": [4, 4, 12], "pivot": [0, 17.68749, 3.21249], "rotation": [35.26439, 30, -35.26439], "uv": [0, 30]}
					]
				},
				{
					"name": "leg8",
					"parent": "body",
					"pivot": [-2.41421, 19.08921, 6],
					"rotation": [0, 0, -90],
					"cubes": [
						{"origin": [-3.41421, 19.08921, 5], "size": [2, 10, 2], "pivot": [-2.41421, 19.08921, 6], "rotation": [0, 0, 0], "uv": [0, 46]}
					]
				},
				{
					"name": "leg9",
					"parent": "leg8",
					"pivot": [-2.41421, 29.08921, 6],
					"rotation": [0, 0, 0],
					"cubes": [
						{"origin": [-3.41421, 29.08921, 5], "size": [2, 10, 2], "pivot": [-2.41421, 29.08921, 6], "rotation": [0, 0, 0], "uv": [21, 16]}
					]
				},
				{
					"name": "leg4",
					"parent": "body",
					"pivot": [2.41421, 19.08921, 6],
					"rotation": [0, 0, 90],
					"cubes": [
						{"origin": [1.41421, 19.08921, 5], "size": [2, 10, 2], "pivot": [2.41421, 19.08921, 6], "rotation": [0, 0, 0], "uv": [37, 16]}
					]
				},
				{
					"name": "bone3",
					"parent": "leg4",
					"pivot": [2.41421, 29.08921, 6],
					"cubes": [
						{"origin": [1.41421, 29.08921, 5], "size": [2, 10, 2], "pivot": [2.41421, 29.08921, 6], "rotation": [0, 0, 0], "uv": [40, 46]}
					]
				},
				{
					"name": "body2",
					"parent": "body",
					"pivot": [0, 22.48304, 8.7654],
					"rotation": [-15, 0, 0],
					"cubes": [
						{"origin": [-3, 14.48304, 7.7654], "size": [8, 16, 16], "pivot": [0, 22.48304, 8.7654], "rotation": [0, 75, -90], "uv": [65, 0], "mirror": true},
						{"origin": [5, 15.48304, 8.7654], "size": [7, 14, 0], "pivot": [0, 22.48304, 8.7654], "rotation": [0, 75, -90], "uv": [78, 46]},
						{"origin": [5, 15.48304, 22.7654], "size": [7, 14, 0], "pivot": [0, 22.48304, 8.7654], "rotation": [0, 75, -90], "uv": [78, 46]},
						{"origin": [5, 15.48304, 8.7654], "size": [7, 0, 14], "pivot": [0, 22.48304, 8.7654], "rotation": [0, 75, -90], "uv": [64, 32]},
						{"origin": [5, 29.48304, 8.7654], "size": [7, 0, 14], "pivot": [0, 22.48304, 8.7654], "rotation": [0, 75, -90], "uv": [64, 32]},
						{"origin": [12, 15.48304, 8.7654], "size": [0, 14, 14], "pivot": [0, 22.48304, 8.7654], "rotation": [0, 75, -90], "uv": [71, 46]}
					]
				}
			]
		}
	]
}