{
    "head": "head",
    "portraitScale": 2.1,
    "portraitTranslation": [ 0, -1.3, 0.8 ],
    "profileScale": 0.9,
    "profileTranslation": [ 0, 0.4, 0 ],
    "animations": {
      "faint": "q.bedrock_primary('rosebulbasaur', 'faint', q.curve('one'))",
      "cry": "q.bedrock_stateful('rosebulbasaur', 'cry')"
    },  
    "poses": {
      "standing": {
        "poseName": "standing",
        "transformTicks": 10,
        "poseTypes": [
          "STAND",
          "NONE",
          "PORTRAIT",
          "PROFILE"
        ],
        "animations": [
          "look",
          "bedrock(rosebulbasaur, ground_idle)"
        ]
      },
      "walking": {
        "poseName": "walking",
        "transformTicks": 10,
        "poseTypes": [ "WALK" ],
        "animations": [ "bedrock(rosebulbasaur, ground_walk)" ]
      },
    
      "sleeping": {
        "poseName": "sleeping",
        "transformTicks": 10,
        "poseTypes": [
          "SLEEP"
        ],
        "animations": [
          "bedrock(rosebulbasaur, sleep)"
        ]
      }
    }
  }
  