{
  "portraitScale": 1.46,
  "portraitTranslation": [-0.11, -0.17, 0],
  "profileScale": 0.75,
  "profileTranslation": [0, 0.54, 0],
  "rootBone": "bergmite",
  "animations": {
    "cry": "q.bedrock_stateful('bergmite_ultravariant', 'cry')",
      "faint": "q.bedrock_primary('bergmite_ultravariant', 'faint', q.curve('one'))"
  },
  "poses": {
    "battle-standing": {
      "poseTypes": ["STAND"],
      "isBattle": true,
      "animations": [
        "q.look('head')",
        "q.bedrock('bergmite_ultravariant', 'battle_idle')"
      ],
      "quirks": ["q.bedrock_quirk('bergmite_ultravariant', 'blink')"]
    },
    "standing": {
      "poseTypes": ["STAND", "NONE", "PORTRAIT", "PROFILE","FLOAT"],
      "isBattle": false,
      "animations": [
        "q.look('head')",
        "q.bedrock('bergmite_ultravariant', 'ground_idle')"
      ],
      "quirks": ["q.bedrock_quirk('bergmite_ultravariant', 'blink')"]
    },
    "walking": {
      "poseTypes": ["WALK","SWIM"],
      "animations": [
        "q.look('head')",
        "q.bedrock('bergmite_ultravariant', 'ground_walk')"
      ],
      "quirks": ["q.bedrock_quirk('bergmite_ultravariant', 'blink')"]
    },
    "sleep": {
      "poseTypes": ["SLEEP"],
      "namedAnimations": {
        "cry": "q.bedrock_stateful('dummy', 'cry')"
      },
      "animations": ["q.bedrock('bergmite_ultravariant', 'sleep')"]
    }
  }
}
