{
	"format_version": "1.12.0",
	"minecraft:geometry": [
		{
			"description": {
				"identifier": "geometry.suikani",
				"texture_width": 64,
				"texture_height": 64,
				"visible_bounds_width": 3,
				"visible_bounds_height": 2.5,
				"visible_bounds_offset": [0, 0.75, 0]
			},
			"bones": [
				{
					"name": "suikani",
					"pivot": [0, 0, 0]
				},
				{
					"name": "body",
					"parent": "suikani",
					"pivot": [-3.67385, 6.44523, -0.03196],
					"cubes": [
						{"origin": [-6.53878, 2.27148, -3.0882], "size": [6, 8, 6], "pivot": [-3.53878, 6.27148, -0.0882], "rotation": [-180, 0, 138], "uv": [0, 0]},
						{"origin": [-3.53878, 9.27148, -3.0882], "size": [0, 4, 6], "pivot": [-3.53878, 6.27148, -0.0882], "rotation": [0, 0, -42], "uv": [24, -4]}
					]
				},
				{
					"name": "head",
					"parent": "body",
					"pivot": [-2.53878, 3.02148, -0.0882],
					"cubes": [
						{"origin": [-2.53878, 1.02148, -2.5882], "size": [4, 3, 5], "uv": [0, 14]},
						{"origin": [-3.03878, 0.94648, -2.5882], "size": [5, 0, 5], "pivot": [-0.53878, 1.02148, -0.0882], "rotation": [0, 0, -2], "uv": [21, 9]},
						{"origin": [1.48622, 1.02148, 0.0118], "size": [0, 2, 2], "uv": [0, 12]},
						{"origin": [1.48622, 1.02148, -2.1882], "size": [0, 2, 2], "uv": [0, 14]}
					]
				},
				{
					"name": "rightarm",
					"parent": "head",
					"pivot": [1.46714, 2.49648, -2.60159],
					"cubes": [
						{"origin": [2.90989, 1.99648, -4.55099], "size": [0, 1, 3], "pivot": [3.36418, 2.20035, -3.71576], "rotation": [0, -47.5, 0], "uv": [0, 0]}
					]
				},
				{
					"name": "pincher1r",
					"parent": "rightarm",
					"pivot": [4.16122, 2.31405, -4.22551],
					"cubes": [
						{"origin": [3.66122, 2.34526, -5.20417], "size": [1, 1, 2], "pivot": [4.16122, 2.31405, -4.22551], "rotation": [0, 90, 16], "uv": [18, 18]}
					]
				},
				{
					"name": "pincher2r",
					"parent": "rightarm",
					"pivot": [-0.53878, 1.02148, -0.0882],
					"cubes": [
						{"origin": [3.66122, 1.283, -5.20048], "size": [1, 1, 2], "pivot": [4.16122, 2.31405, -4.22551], "rotation": [0, 90, 21], "uv": [13, 14]}
					]
				},
				{
					"name": "leftarm",
					"parent": "head",
					"pivot": [1.46714, 2.49648, 2.42518],
					"cubes": [
						{"origin": [1.46122, 1.99648, 2.4118], "size": [0, 1, 3], "pivot": [1.46122, 2.49648, 2.4118], "rotation": [0, 47.5, 0], "uv": [0, 1]}
					]
				},
				{
					"name": "pincher1",
					"parent": "leftarm",
					"pivot": [1.46122, 2.49648, 2.4118],
					"cubes": [
						{"origin": [3.66122, 2.34548, 3.02502], "size": [1, 1, 2], "pivot": [4.16122, 2.32396, 4.04851], "rotation": [0, -90, 16], "uv": [17, 15]}
					]
				},
				{
					"name": "pincher2",
					"parent": "leftarm",
					"pivot": [4.16122, 2.32396, 4.04851],
					"cubes": [
						{"origin": [3.66122, 1.30238, 3.02646], "size": [1, 1, 2], "pivot": [4.16122, 2.32396, 4.04851], "rotation": [0, -90, 21], "uv": [0, 0]}
					]
				},
				{
					"name": "eyes",
					"parent": "head",
					"pivot": [1.66122, 4.22148, -1.5882]
				},
				{
					"name": "righteye",
					"parent": "eyes",
					"pivot": [1.41122, 3.22148, -1.5882],
					"cubes": [
						{"origin": [1.66122, 2.72148, -2.0882], "size": [0, 3, 1], "pivot": [1.66122, 4.22148, -1.5882], "rotation": [0, 0, 10], "uv": [18, 21]}
					]
				},
				{
					"name": "lefteye",
					"parent": "eyes",
					"pivot": [1.41122, 3.22148, 1.4118],
					"cubes": [
						{"origin": [1.66122, 2.72148, 0.9118], "size": [0, 3, 1], "pivot": [1.66122, 4.22148, 1.4118], "rotation": [0, 0, 10], "uv": [20, 21]}
					]
				},
				{
					"name": "leftlegback",
					"parent": "head",
					"pivot": [-2.12628, 1.34856, 2.27901],
					"cubes": [
						{"origin": [-2.13878, 0.99648, 2.1118], "size": [0, 1, 2], "pivot": [-2.13878, 1.49648, 2.4118], "rotation": [-25, 0, 0], "uv": [0, 16]},
						{"origin": [-2.11378, -0.00352, 3.0118], "size": [0, 1, 1], "uv": [0, 0]}
					]
				},
				{
					"name": "leftlegfront",
					"parent": "head",
					"pivot": [-0.12628, 1.34856, 2.27901],
					"cubes": [
						{"origin": [-0.11378, -0.00352, 3.0118], "size": [0, 1, 1], "uv": [4, 0]},
						{"origin": [-0.13878, 0.99648, 2.1118], "size": [0, 1, 2], "pivot": [-0.13878, 1.49648, 2.4118], "rotation": [-25, 0, 0], "uv": [13, 15]}
					]
				},
				{
					"name": "rightlegback",
					"parent": "head",
					"pivot": [-2.12628, 1.34856, -2.45541],
					"cubes": [
						{"origin": [-2.13878, 0.99648, -4.2882], "size": [0, 1, 2], "pivot": [-2.13878, 1.49648, -2.5882], "rotation": [25, 0, 0], "uv": [13, 16]},
						{"origin": [-2.11378, -0.00352, -4.1882], "size": [0, 1, 1], "uv": [4, 4]}
					]
				},
				{
					"name": "rightlegfront",
					"parent": "head",
					"pivot": [-0.12628, 1.34856, -2.45541],
					"cubes": [
						{"origin": [-0.13878, 0.99648, -4.2882], "size": [0, 1, 2], "pivot": [-0.13878, 1.49648, -2.5882], "rotation": [25, 0, 0], "uv": [0, 3]},
						{"origin": [-0.11378, -0.00352, -4.1882], "size": [0, 1, 1], "uv": [13, 13]}
					]
				}
			]
		}
	]
}