{
	"format_version": "1.8.0",
	"animations": {
		"animation.veluza.water_idle": {
			"loop": true,
			"bones": {
				"fin_right": {
					"rotation": [15, 15, -20]
				},
				"fin_left": {
					"rotation": [15, -15, 20]
				},
				"fillets": {
					"scale": 0
				}
			}
		},
		"animation.veluza.blink": {
			"animation_length": 0.1667,
			"bones": {
				"pupil_right": {
					"position": {
						"0.0": [0.1, 0, 0],
						"0.125": {"pre": [0.1, 0, 0], "post": [0.1, 0, 0]},
						"0.1667": {"pre": [0.1, 0, 0], "post": [0, 0, 0]}
					}
				},
				"pupil_left": {
					"position": {
						"0.0": [-0.1, 0, 0],
						"0.125": {"pre": [-0.1, 0, 0], "post": [-0.1, 0, 0]},
						"0.1667": {"pre": [-0.1, 0, 0], "post": [0, 0, 0]}
					}
				},
				"eyelid_left": {
					"position": {
						"0.0": [0.1, 0, 0],
						"0.125": {"pre": [0.1, 0, 0], "post": [0.1, 0, 0]},
						"0.1667": {"pre": [0.1, 0, 0], "post": [0, 0, 0]}
					}
				},
				"eyelid_right": {
					"position": {
						"0.0": [-0.1, 0, 0],
						"0.125": {"pre": [-0.1, 0, 0], "post": [-0.1, 0, 0]},
						"0.1667": {"pre": [-0.1, 0, 0], "post": [0, 0, 0]}
					}
				}
			}
		},
		"animation.veluza.hurt_or_mad": {
			"animation_length": 0.1667,
			"bones": {
				"pupil_right": {
					"position": [0.1, 0, 0]
				},
				"pupil_left": {
					"position": [-0.1, 0, 0]
				},
				"eyelid_left": {
					"position": [0.1, 0, 0]
				},
				"eyelid_right": {
					"position": [-0.1, 0, 0]
				},
				"eyelid_front_right": {
					"position": [0, -0.25, 0]
				},
				"eyelid_back_right": {
					"position": [0, 0.25, 0]
				},
				"eyelid_front_left": {
					"position": [0, -0.25, 0]
				},
				"eyelid_back_left": {
					"position": [0, 0.25, 0]
				},
				"jaw": {
					"rotation": [10, 0, 0]
				}
			}
		},
		"animation.veluza.happy_or_sad": {
			"animation_length": 0.1667,
			"bones": {
				"pupil_right": {
					"position": [0.1, 0, 0]
				},
				"pupil_left": {
					"position": [-0.1, 0, 0]
				},
				"eyelid_left": {
					"position": [0.1, 0, 0]
				},
				"eyelid_right": {
					"position": [-0.1, 0, 0]
				},
				"eyelid_front_right": {
					"position": [0, 0.35, 0]
				},
				"eyelid_back_right": {
					"position": [0, 0, 0]
				},
				"eyelid_front_left": {
					"position": [0, 0.35, 0]
				},
				"eyelid_back_left": {
					"position": [0, 0, 0]
				},
				"jaw": {
					"rotation": [35, 0, 0]
				}
			}
		},
		"animation.veluza.yapyapyap": {
			"loop": true,
			"animation_length": 0.0833,
			"bones": {
				"jaw": {
					"rotation": {
						"0.0": [0, 0, 0],
						"0.0417": [54, 0, 0],
						"0.0833": [0, 0, 0]
					}
				}
			}
		},
		"animation.veluza.bend": {
			"loop": true,
			"bones": {
				"torso2": {
					"rotation": [0, 23.5, 0]
				},
				"torso3": {
					"rotation": [0, 0, 0]
				},
				"tail": {
					"rotation": [0, 19, 0]
				},
				"tail2": {
					"rotation": [0, 22, 0]
				},
				"tail3": {
					"rotation": [0, 20, 0]
				},
				"head": {
					"rotation": [0, -22, 0]
				},
				"fillets": {
					"scale": 0
				}
			}
		},
		"animation.veluza.fillet_test": {
			"animation_length": 5,
			"bones": {
				"torso": {
					"rotation": {
						"0.0": [0, 0, "-q.anim_time*90*6"],
						"0.5": [0, 0, "-q.anim_time*90*12"],
						"2.2083": [0, 0, "25-q.anim_time*90*12"],
						"2.7083": [0, 0, -2520.12],
						"2.75": {"pre": [0, 0, -2520.12], "post": [0, 0, 0]}
					}
				},
				"body_full": {
					"scale": {
						"0.0": [1, 1, 1],
						"1.0": {"pre": [1, 1, 1], "post": [0, 0, 0]}
					}
				},
				"body_full2": {
					"scale": {
						"0.0": [1, 1, 1],
						"1.0": {"pre": [1, 1, 1], "post": [0, 0, 0]}
					}
				},
				"body_full3": {
					"scale": {
						"0.0": [1, 1, 1],
						"1.0": {"pre": [1, 1, 1], "post": [0, 0, 0]}
					}
				},
				"fillets": {
					"scale": {
						"0.0": [0, 0, 0],
						"1.0": {"pre": [0, 0, 0], "post": [1, 1, 1]}
					}
				},
				"fillet_middle": {
					"rotation": [0, 0, "-q.anim_time*90*12"],
					"scale": {
						"1.125": [1, 1, 1],
						"1.1667": {"pre": [1, 1, 1], "post": [0, 0, 0]}
					}
				},
				"fillet_top_right": {
					"rotation": [0, 0, "-q.anim_time*90*12"],
					"position": {
						"1.875": [0, 0, 0],
						"2.0417": [-15, 15, 60]
					},
					"scale": {
						"2.0": [1, 1, 1],
						"2.0417": [0, 0, 0]
					}
				},
				"fillet_bottom_right": {
					"rotation": [0, 0, "-q.anim_time*90*12"],
					"position": {
						"1.2917": [0, 0, 0],
						"1.4583": [-15, -15, 60]
					},
					"scale": {
						"1.4167": [1, 1, 1],
						"1.4583": [0, 0, 0]
					}
				},
				"fillet_top_left": {
					"rotation": [0, 0, "-q.anim_time*90*12"],
					"position": {
						"1.0": [0, 0, 0],
						"1.1667": [10, 15, 60]
					},
					"scale": {
						"1.125": [1, 1, 1],
						"1.1667": [0, 0, 0]
					}
				},
				"fillet_bottom_left": {
					"rotation": [0, 0, "-q.anim_time*90*12"],
					"position": {
						"1.5833": [0, 0, 0],
						"1.75": [10, -10, 60]
					},
					"scale": {
						"1.7083": [1, 1, 1],
						"1.75": [0, 0, 0]
					}
				}
			}
		}
	}
}