{
	"format_version": "1.12.0",
	"minecraft:geometry": [
		{
			"description": {
				"identifier": "geometry.tsubomitto",
				"texture_width": 64,
				"texture_height": 64,
				"visible_bounds_width": 3,
				"visible_bounds_height": 3.5,
				"visible_bounds_offset": [0, 1.25, 0]
			},
			"bones": [
				{
					"name": "bone",
					"pivot": [0, 0, 0]
				},
				{
					"name": "tsubomitto",
					"parent": "bone",
					"pivot": [0, 0, 0],
					"rotation": [0, 90, 0]
				},
				{
					"name": "body",
					"parent": "tsubomitto",
					"pivot": [0, 0, 0]
				},
				{
					"name": "torso",
					"parent": "body",
					"pivot": [-0.72511, 5.18141, 0],
					"rotation": [0, 0, -17.5],
					"cubes": [
						{"origin": [4.5636, 19.28817, -1], "size": [4, 4, 2], "inflate": -0.03, "pivot": [11.8636, 0.48817, -2], "rotation": [0, 0, -0.5], "uv": [24, 41]},
						{"origin": [14.8636, 18.28817, -1], "size": [7, 4, 2], "inflate": -0.02, "pivot": [11.8636, 0.48817, -2], "rotation": [0, 0, -42.5], "uv": [30, 0]},
						{"origin": [16.8636, 16.38817, -1], "size": [5, 4, 2], "inflate": -0.01, "pivot": [11.8636, 0.48817, -2], "rotation": [0, 0, -60], "uv": [36, 37]},
						{"origin": [17.8636, 13.48817, -1], "size": [6, 4, 2], "pivot": [11.8636, 0.48817, -2], "rotation": [0, 0, -80], "uv": [33, 6]},
						{"origin": [14.8636, 12.13817, -2], "size": [6, 4, 4], "pivot": [11.8636, 0.48817, -2], "rotation": [0, 0, -90], "uv": [24, 24]}
					]
				},
				{
					"name": "scarf",
					"parent": "torso",
					"pivot": [-1.07589, 17.14651, -0.625],
					"cubes": [
						{"origin": [-6.1364, -8.26183, 9.5], "size": [4, 0, 9], "pivot": [-3.1364, -0.51183, -2], "rotation": [0, -90, 122.5], "uv": [8, 13]},
						{"origin": [-10.1364, -8.26183, 9.5], "size": [4, 0, 9], "pivot": [-3.1364, -0.51183, -2], "rotation": [0, -90, 122.5], "uv": [0, 13]},
						{"origin": [-13.1364, -8.26183, 10], "size": [3, 0, 8], "pivot": [-3.1364, -0.51183, -2], "rotation": [0, -90, 122.5], "uv": [16, 0]},
						{"origin": [-17.1364, -8.26183, 10.5], "size": [4, 0, 7], "pivot": [-3.1364, -0.51183, -2], "rotation": [0, -90, 122.5], "uv": [18, 8]}
					]
				},
				{
					"name": "head",
					"parent": "torso",
					"pivot": [4.99659, 22.93774, 0],
					"rotation": [0, 0, 15],
					"cubes": [
						{"origin": [5, 21, -3], "size": [6, 7, 6], "inflate": 0.02, "uv": [0, 0]},
						{"origin": [5, 20.5, 3], "size": [2, 2, 1], "pivot": [10, 19, -1], "rotation": [0, 0, 10], "uv": [12, 38]},
						{"origin": [5, 20.5, -4], "size": [2, 2, 1], "pivot": [10, 19, -1], "rotation": [0, 0, 10], "uv": [15, 29]}
					]
				},
				{
					"name": "mouthUpper",
					"parent": "head",
					"pivot": [6.67652, 21.9641, 0],
					"rotation": [0, 0, 25],
					"cubes": [
						{"origin": [7.56117, 22.88621, -3], "size": [7, 2, 6], "inflate": 0.1, "pivot": [11.56117, 20.88621, -1], "rotation": [0, 0, -15], "uv": [19, 16]}
					]
				},
				{
					"name": "mouthLower",
					"parent": "head",
					"pivot": [7.20058, 20.9879, 0],
					"rotation": [0, 0, 25],
					"cubes": [
						{"origin": [7.25522, 21.07564, -3], "size": [6, 1, 6], "inflate": 0.1, "pivot": [10.15522, 20.27564, -1], "rotation": [0, 0, -15], "uv": [0, 22]},
						{"origin": [7.15522, 22.07564, -1.5], "size": [3, 1, 3], "pivot": [10.15522, 20.27564, -1], "rotation": [0, 0, -15], "uv": [40, 24]}
					]
				},
				{
					"name": "eye_left",
					"parent": "head",
					"pivot": [10.525, 24.5, 2.55],
					"cubes": [
						{"origin": [10.025, 23.5, 2.05], "size": [1, 2, 1], "uv": [45, 12]}
					]
				},
				{
					"name": "eyelid_left",
					"parent": "eye_left",
					"pivot": [9.525, 24.5, 1.55],
					"cubes": [
						{"origin": [9.025, 23.5, 1.05], "size": [1, 2, 1], "inflate": 0.1, "uv": [24, 24]}
					]
				},
				{
					"name": "eye_right",
					"parent": "head",
					"pivot": [10.525, 24.5, -2.55],
					"cubes": [
						{"origin": [10.025, 23.5, -3.05], "size": [1, 2, 1], "uv": [44, 19]}
					]
				},
				{
					"name": "eyelid_right",
					"parent": "eye_right",
					"pivot": [9.525, 24.5, -1.55],
					"cubes": [
						{"origin": [9.025, 23.5, -2.05], "size": [1, 2, 1], "inflate": 0.1, "uv": [8, 44]}
					]
				},
				{
					"name": "leaf_right1",
					"parent": "head",
					"pivot": [4.95, 28, -0.5],
					"cubes": [
						{"origin": [-0.5, 24.5, 5.05], "size": [4, 7, 0], "inflate": 0.01, "pivot": [7, 22, 3], "rotation": [0, -90, 0], "uv": [0, 44]}
					]
				},
				{
					"name": "leaf_right2",
					"parent": "leaf_right1",
					"pivot": [4.95, 28, -4.5],
					"cubes": [
						{"origin": [-3.5, 24.5, 5.05], "size": [3, 7, 0], "inflate": 0.02, "pivot": [7, 22, 3], "rotation": [0, -90, 0], "uv": [44, 28]}
					]
				},
				{
					"name": "leaf_right3",
					"parent": "leaf_right2",
					"pivot": [4.95, 28.5, -7],
					"cubes": [
						{"origin": [-6.5, 25.5, 5.05], "size": [3, 6, 0], "inflate": 0.01, "pivot": [7, 22, 3], "rotation": [0, -90, 0], "uv": [44, 43]}
					]
				},
				{
					"name": "leaf_left1",
					"parent": "head",
					"pivot": [4.95, 28, 0.5],
					"cubes": [
						{"origin": [9.5, 24.5, -1.95], "size": [4, 7, 0], "inflate": 0.01, "pivot": [6, 22, -3], "rotation": [0, -90, 0], "uv": [36, 43]}
					]
				},
				{
					"name": "leaf_left2",
					"parent": "leaf_left1",
					"pivot": [4.95, 28, 4.5],
					"cubes": [
						{"origin": [13.5, 24.5, -1.95], "size": [3, 7, 0], "inflate": 0.02, "pivot": [6, 22, -3], "rotation": [0, -90, 0], "uv": [0, 19]}
					]
				},
				{
					"name": "leaf_left3",
					"parent": "leaf_left2",
					"pivot": [4.95, 28.5, 7.5],
					"cubes": [
						{"origin": [16.5, 25.5, -1.95], "size": [3, 6, 0], "inflate": 0.01, "pivot": [6, 22, -3], "rotation": [0, -90, 0], "uv": [0, 0]}
					]
				},
				{
					"name": "arm_right",
					"parent": "torso",
					"pivot": [-1, 12.75, -0.75],
					"rotation": [0, -90, 90],
					"cubes": [
						{"origin": [-4, 12.75, -4], "size": [3, 0, 5], "uv": [13, 0]},
						{"origin": [-7, 12.75, -4], "size": [3, 0, 4], "uv": [35, 16]}
					]
				},
				{
					"name": "leaf_right5",
					"parent": "arm_right",
					"pivot": [-7.5, 12.75, -2],
					"cubes": [
						{"origin": [-10, 12.75, -4], "size": [3, 0, 4], "uv": [35, 12]}
					]
				},
				{
					"name": "leaf_right6",
					"parent": "leaf_right5",
					"pivot": [-10.5, 12.75, -2],
					"cubes": [
						{"origin": [-13, 12.75, -3.5], "size": [3, 0, 3], "uv": [0, 16]}
					]
				},
				{
					"name": "arm_left",
					"parent": "torso",
					"pivot": [-1, 11.75, 0.75],
					"rotation": [0, -90, 90],
					"cubes": [
						{"origin": [-1, 11.75, -1.5], "size": [3, 0, 5], "uv": [31, 32]},
						{"origin": [2, 11.75, -1.5], "size": [3, 0, 4], "uv": [29, 12]}
					]
				},
				{
					"name": "leaf_left5",
					"parent": "arm_left",
					"pivot": [5.5, 11.75, 0.5],
					"cubes": [
						{"origin": [5, 11.75, -1.5], "size": [3, 0, 4], "uv": [14, 24]}
					]
				},
				{
					"name": "leaf_left6",
					"parent": "leaf_left5",
					"pivot": [5, 11.75, 1.5],
					"cubes": [
						{"origin": [8, 11.75, -1], "size": [3, 0, 3], "uv": [0, 13]}
					]
				},
				{
					"name": "leg_right",
					"parent": "body",
					"pivot": [-1.89606, 7.40036, -1.06904],
					"rotation": [0, 0, -7.5],
					"cubes": [
						{"origin": [-3.91152, 1.8956, -3.90781], "size": [6, 6, 3], "pivot": [5.35809, 2.007, 2], "rotation": [-2.5, 0, 0], "uv": [0, 29]}
					]
				},
				{
					"name": "toe_right",
					"parent": "leg_right",
					"pivot": [-1.94191, 3.52299, -2.86046],
					"cubes": [
						{"origin": [-3.94191, -2.9084, -4.10683], "size": [4, 4, 2], "pivot": [5.35809, 2.007, 2], "rotation": [-25, 0, 0], "uv": [0, 38]}
					]
				},
				{
					"name": "leg_left",
					"parent": "body",
					"pivot": [-1.89606, 7.40036, 3.06904],
					"rotation": [0, 0, -7.5],
					"cubes": [
						{"origin": [-3.91152, 1.8956, 0.90781], "size": [6, 6, 3], "pivot": [5.35809, 2.007, -2], "rotation": [2.5, 0, 0], "uv": [18, 32]}
					]
				},
				{
					"name": "toe_left",
					"parent": "leg_left",
					"pivot": [-1.94191, 3.52299, 2.86046],
					"cubes": [
						{"origin": [-3.94191, -2.9084, 2.10683], "size": [4, 4, 2], "pivot": [5.35809, 2.007, -2], "rotation": [25, 0, 0], "uv": [12, 41]}
					]
				}
			]
		}
	]
}