{
	"format_version": "1.12.0",
	"minecraft:geometry": [
		{
			"description": {
				"identifier": "geometry.unknown",
				"texture_width": 64,
				"texture_height": 64,
				"visible_bounds_width": 3,
				"visible_bounds_height": 3.5,
				"visible_bounds_offset": [0, 1.25, 0]
			},
			"bones": [
				{
					"name": "ironvictory",
					"pivot": [0, 0, 0]
				},
				{
					"name": "body",
					"parent": "ironvictory",
					"pivot": [0, 0, 0]
				},
				{
					"name": "torso",
					"parent": "body",
					"pivot": [-0.5, 7, -0.5]
				},
				{
					"name": "chest",
					"parent": "torso",
					"pivot": [0, 6, 0],
					"cubes": [
						{"origin": [-1.5, 6, -1.5], "size": [3, 4, 3], "uv": [30, 27]}
					]
				},
				{
					"name": "head",
					"parent": "chest",
					"pivot": [0, 9.5625, -0.135],
					"cubes": [
						{"origin": [-4, 9.5, -4], "size": [8, 7, 8], "uv": [4, 40]},
						{"origin": [-0.3409, 10.0159, -4.01], "size": [1, 1, 1], "pivot": [0, 10.675, -3.515], "rotation": [0, 0, -135], "uv": [18, 22], "mirror": true},
						{"origin": [-0.6591, 10.3341, -4.02], "size": [1, 1, 1], "pivot": [0, 10.675, -3.515], "rotation": [0, 0, -135], "uv": [28, 28]}
					]
				},
				{
					"name": "eyes",
					"parent": "head",
					"pivot": [-2.175, 13.125, -3.515],
					"cubes": [
						{"origin": [0.8, 11.5, -4.01], "size": [3, 3, 1], "uv": [19, 12]},
						{"origin": [-3.8, 11.5, -4.01], "size": [3, 3, 1], "uv": [19, 12], "mirror": true}
					]
				},
				{
					"name": "eye_left",
					"parent": "eyes",
					"pivot": [1.825, 13.625, -3.515],
					"cubes": [
						{"origin": [3, 12.5, -4.02], "size": [1, 1, 1], "inflate": 0.01, "uv": [22, 30]},
						{"origin": [1.45, 12, -4.02], "size": [1, 2, 1], "inflate": 0.01, "uv": [26, 30]}
					]
				},
				{
					"name": "eyelid_left",
					"parent": "eye_left",
					"pivot": [2.45, 13, -3.47],
					"cubes": [
						{"origin": [0.95, 12.5, -3.97], "size": [3, 1, 1], "inflate": 0.01, "uv": [29, 36]}
					]
				},
				{
					"name": "eye_right",
					"parent": "eyes",
					"pivot": [-1.825, 13.625, -3.515],
					"cubes": [
						{"origin": [-4, 12.5, -4.02], "size": [1, 1, 1], "inflate": 0.01, "uv": [22, 30], "mirror": true},
						{"origin": [-2.45, 12, -4.02], "size": [1, 2, 1], "inflate": 0.01, "uv": [26, 30], "mirror": true}
					]
				},
				{
					"name": "eyelid_right",
					"parent": "eye_right",
					"pivot": [-2.45, 13, -3.47],
					"cubes": [
						{"origin": [-3.95, 12.5, -3.97], "size": [3, 1, 1], "inflate": 0.01, "uv": [29, 36], "mirror": true}
					]
				},
				{
					"name": "crest",
					"parent": "head",
					"pivot": [1, 17.5, 0.5]
				},
				{
					"name": "crest_right",
					"parent": "crest",
					"pivot": [-0.9799, 17.5, 0.5],
					"cubes": [
						{"origin": [-14.0799, 14, -2.5], "size": [5, 1, 0], "pivot": [-0.9799, 17.5, 0.5], "rotation": [0, 0, 45], "uv": [32, 9]},
						{"origin": [-4.0799, 15, -4.5], "size": [7, 3, 9], "pivot": [-0.9799, 17.5, 0.5], "rotation": [0, 0, 45], "uv": [0, 0]},
						{"origin": [-9.0799, 15, -3.5], "size": [5, 2, 7], "pivot": [-0.9799, 17.5, 0.5], "rotation": [0, 0, 45], "uv": [0, 55], "mirror": true},
						{"origin": [-14.0799, 14, -2.5], "size": [0, 1, 5], "pivot": [-0.9799, 17.5, 0.5], "rotation": [0, 0, 45], "uv": [32, 0]},
						{"origin": [-14.0799, 14, 2.5], "size": [5, 1, 0], "pivot": [-0.9799, 17.5, 0.5], "rotation": [0, 0, 45], "uv": [32, 2]},
						{"origin": [-14.0799, 15, -2.5], "size": [5, 1, 5], "pivot": [-0.9799, 17.5, 0.5], "rotation": [0, 0, 45], "uv": [18, 21], "mirror": true},
						{"origin": [-9.0799, 14, 3.5], "size": [5, 1, 0], "pivot": [-0.9799, 17.5, 0.5], "rotation": [0, 0, 45], "uv": [32, 11]},
						{"origin": [-9.0799, 14, -3.5], "size": [0, 1, 7], "pivot": [-0.9799, 17.5, 0.5], "rotation": [0, 0, 45], "uv": [33, 16]},
						{"origin": [-9.0799, 14, -3.5], "size": [5, 1, 0], "pivot": [-0.9799, 17.5, 0.5], "rotation": [0, 0, 45], "uv": [30, 35]},
						{"origin": [-4.0799, 14, 4.5], "size": [8, 1, 0], "pivot": [-0.9799, 17.5, 0.5], "rotation": [0, 0, 45], "uv": [45, 0]},
						{"origin": [-4.0799, 14, -4.5], "size": [8, 1, 0], "pivot": [-0.9799, 17.5, 0.5], "rotation": [0, 0, 45], "uv": [0, 31]},
						{"origin": [-4.0799, 14, -4.5], "size": [0, 1, 9], "pivot": [-0.9799, 17.5, 0.5], "rotation": [0, 0, 45], "uv": [33, 12]}
					]
				},
				{
					"name": "crest_left",
					"parent": "crest",
					"pivot": [1, 17.5, 0.5],
					"cubes": [
						{"origin": [-3.9, 14, -4.5], "size": [8, 1, 0], "pivot": [1, 17.5, 0.5], "rotation": [0, 0, -45], "uv": [0, 31], "mirror": true},
						{"origin": [9.1, 14, -3.5], "size": [0, 1, 7], "pivot": [1, 17.5, 0.5], "rotation": [0, 0, -45], "uv": [30, 27]},
						{"origin": [9.1, 15, -2.5], "size": [5, 1, 5], "pivot": [1, 17.5, 0.5], "rotation": [0, 0, -45], "uv": [18, 21]},
						{"origin": [9.1, 14, 2.5], "size": [5, 1, 0], "pivot": [1, 17.5, 0.5], "rotation": [0, 0, -45], "uv": [32, 3]},
						{"origin": [9.1, 14, -2.5], "size": [5, 1, 0], "pivot": [1, 17.5, 0.5], "rotation": [0, 0, -45], "uv": [32, 9], "mirror": true},
						{"origin": [14.1, 14, -2.5], "size": [0, 1, 5], "pivot": [1, 17.5, 0.5], "rotation": [0, 0, -45], "uv": [32, 0], "mirror": true},
						{"origin": [4.1, 15, -3.5], "size": [5, 2, 7], "pivot": [1, 17.5, 0.5], "rotation": [0, 0, -45], "uv": [0, 55]},
						{"origin": [4.1, 14, -3.5], "size": [5, 1, 0], "pivot": [1, 17.5, 0.5], "rotation": [0, 0, -45], "uv": [30, 35], "mirror": true},
						{"origin": [4.1, 14, 3.5], "size": [5, 1, 0], "pivot": [1, 17.5, 0.5], "rotation": [0, 0, -45], "uv": [33, 24]},
						{"origin": [4.1, 14, -4.5], "size": [0, 1, 9], "pivot": [1, 17.5, 0.5], "rotation": [0, 0, -45], "uv": [0, 21]},
						{"origin": [-3.9, 14, 4.5], "size": [8, 1, 0], "pivot": [1, 17.5, 0.5], "rotation": [0, 0, -45], "uv": [33, 22]},
						{"origin": [-2.9, 15, -4.5], "size": [7, 3, 9], "pivot": [1, 17.5, 0.5], "rotation": [0, 0, -45], "uv": [0, 0], "mirror": true}
					]
				},
				{
					"name": "arms",
					"parent": "chest",
					"pivot": [6.5, 6.5, 0]
				},
				{
					"name": "arm_right",
					"parent": "arms",
					"pivot": [-1.5, 8.5, 0],
					"cubes": [
						{"origin": [-3.5, 8, -0.5], "size": [2, 1, 1], "inflate": 0.1, "uv": [8, 36]}
					]
				},
				{
					"name": "lower_arm_right",
					"parent": "arm_right",
					"pivot": [-3.5, 8.5, 0],
					"cubes": [
						{"origin": [-7.5, 7.5, -1], "size": [4, 2, 2], "uv": [0, 38]},
						{"origin": [-7.401, 8, -0.5], "size": [1, 1, 1], "inflate": 0.1, "uv": [0, 22], "mirror": true}
					]
				},
				{
					"name": "hand_right",
					"parent": "lower_arm_right",
					"pivot": [-7.41, 8.75, 0],
					"cubes": [
						{"origin": [-8.41, 8.25, -0.5], "size": [1, 1, 1], "inflate": 0.1, "uv": [12, 34]}
					]
				},
				{
					"name": "thumb_right",
					"parent": "hand_right",
					"pivot": [-7.41, 8.25, 0],
					"cubes": [
						{"origin": [-8.41, 8.25, -0.5], "size": [1, 0, 1], "uv": [11, 25]}
					]
				},
				{
					"name": "arm_left",
					"parent": "arms",
					"pivot": [1.5, 8.5, 0],
					"cubes": [
						{"origin": [1.5, 8, -0.5], "size": [2, 1, 1], "inflate": 0.1, "uv": [0, 36]}
					]
				},
				{
					"name": "lower_arm_left",
					"parent": "arm_left",
					"pivot": [3.5, 8.5, 0],
					"cubes": [
						{"origin": [3.5, 7.5, -1], "size": [4, 2, 2], "uv": [0, 32]},
						{"origin": [6.401, 8, -0.5], "size": [1, 1, 1], "inflate": 0.1, "uv": [0, 24]}
					]
				},
				{
					"name": "hand_left",
					"parent": "lower_arm_left",
					"pivot": [7.41, 8.75, 0],
					"cubes": [
						{"origin": [7.41, 8.25, -0.5], "size": [1, 1, 1], "inflate": 0.1, "uv": [12, 32]}
					]
				},
				{
					"name": "thumb_left",
					"parent": "hand_left",
					"pivot": [7.41, 8.25, 0],
					"cubes": [
						{"origin": [7.41, 8.25, -0.5], "size": [1, 0, 1], "uv": [11, 25]}
					]
				},
				{
					"name": "arms2",
					"parent": "chest",
					"pivot": [-6.5, 6.5, 0]
				},
				{
					"name": "arm_right2",
					"parent": "arms2",
					"pivot": [-1.5, 8.5, 0]
				},
				{
					"name": "lower_arm_right2",
					"parent": "arm_right2",
					"pivot": [-3.5, 8.5, 0]
				},
				{
					"name": "waist",
					"parent": "torso",
					"pivot": [0, 6, 0],
					"cubes": [
						{"origin": [-2, 2, -2], "size": [4, 4, 4], "uv": [0, 22]}
					]
				},
				{
					"name": "wings",
					"parent": "waist",
					"pivot": [-1, 5, 8]
				},
				{
					"name": "wing_left",
					"parent": "wings",
					"pivot": [1, 7.75, 4],
					"cubes": [
						{"origin": [1, 7.75, 5], "size": [0, 9, 10], "uv": [36, 39], "mirror": true}
					]
				},
				{
					"name": "wing_lower_left",
					"parent": "wing_left",
					"pivot": [1, 6.75, 5],
					"cubes": [
						{"origin": [1, 2.75, 4], "size": [0, 6, 7], "uv": [44, 18], "mirror": true}
					]
				},
				{
					"name": "wing_right",
					"parent": "wings",
					"pivot": [-1, 7.75, 4],
					"cubes": [
						{"origin": [-1, 7.75, 5], "size": [0, 9, 10], "uv": [36, 39]}
					]
				},
				{
					"name": "wing_lower_right",
					"parent": "wing_right",
					"pivot": [-1, 6.75, 5],
					"cubes": [
						{"origin": [-1, 2.75, 4], "size": [0, 6, 7], "uv": [44, 18]}
					]
				},
				{
					"name": "legs",
					"parent": "waist",
					"pivot": [-2.5, 0, -2]
				},
				{
					"name": "leg_left",
					"parent": "legs",
					"pivot": [2, 4, 0],
					"cubes": [
						{"origin": [1.5, 1, -2], "size": [3, 4, 4], "uv": [24, 12]}
					]
				},
				{
					"name": "foot_left",
					"parent": "leg_left",
					"pivot": [3, 1, 0],
					"cubes": [
						{"origin": [3.5, 0, -2], "size": [0, 1, 1], "uv": [16, 33]},
						{"origin": [2.5, 0, -2], "size": [0, 1, 1], "uv": [16, 31]},
						{"origin": [2, 0, -1], "size": [2, 1, 2], "uv": [23, 6]},
						{"origin": [2.5, -0.001, -0.5], "size": [1, 1, 1], "uv": [25, 4]}
					]
				},
				{
					"name": "leg_right",
					"parent": "legs",
					"pivot": [-2, 4, 0],
					"cubes": [
						{"origin": [-4.5, 1, -2], "size": [3, 4, 4], "uv": [38, 12]}
					]
				},
				{
					"name": "foot_right",
					"parent": "leg_right",
					"pivot": [-3, 1, 0],
					"cubes": [
						{"origin": [-2.5, 0, -2], "size": [0, 1, 1], "uv": [16, 33]},
						{"origin": [-3.5, -0.001, -0.5], "size": [1, 1, 1], "uv": [25, 4], "mirror": true},
						{"origin": [-3.5, 0, -2], "size": [0, 1, 1], "uv": [16, 31]},
						{"origin": [-4, 0, -1], "size": [2, 1, 2], "uv": [32, 6]}
					]
				}
			]
		}
	]
}