{
    "enabled": true,
    "neededInstalledMods": [],
    "neededUninstalledMods": [],
    "spawns": [
        {
            "id": "clarissie-1",
            "pokemon": "clarissie",
            "presets": [
                "natural"
            ],
            "type": "pokemon",
            "context": "grounded",
            "bucket": "common",
            "level": "45-60",
            "weight": 5.0,
            "condition": {
                "minSkyLight": 0,
                "maxSkyLight": 7,
                "biomes": [
                    "#cobblemon:is_overworld"
                ],
                "neededNearbyBlocks": [
                    "minecraft:amethyst_block",
                    "minecraft:budding_amethyst",
                    "minecraft:small_amethyst_bud",
                    "minecraft:medium_amethyst_bud",
                    "minecraft:large_amethyst_bud",
                    "minecraft:amethyst_cluster"
                ]
            },
            "anticondition": {
                "biomes": [
                    "#cobblemon:is_deep_dark"
                ]
            }
        }
    ]
}