{
    "enabled": true,
    "neededInstalledMods": [],
    "neededUninstalledMods": [],
    "spawns": [
        {
            "id": "dunecargo-1",
            "pokemon": "dunecargo",
            "presets": [
                "natural"
            ],
            "type": "pokemon",
            "context": "grounded",
            "bucket": "common",
            "level": "38-43",
            "weight": 0.6,
            "condition": {
                "biomes": [
                    "#cobblemon:is_arid"
                ],
                "neededNearbyBlocks": [
                    "#minecraft:sand"
                ]
            }
        }
    ]
}