{
    "enabled": true,
    "neededInstalledMods": [],
    "neededUninstalledMods": [],
    "spawns": [
        {
            "id": "falinks_gunslinger-1",
            "pokemon": "falinks aspect=gunslinger",
            "presets": [
                "natural"
            ],
            "type": "pokemon",
            "context": "grounded",
            "bucket": "uncommon",
            "level": "22-47",
            "weight": 2.0,
            "weightMultiplier": {
                "multiplier": 0.25,
                "condition": {
                    "timeRange": "night"
                }
            },
            "condition": {
                "minSkyLight": 8,
                "maxSkyLight": 15,
                "biomes": [
                    "#cobblemon:is_swamp"
                ]
            }
        },
        {
            "id": "falinks_gunslinger-2",
            "pokemon": "falinks aspect=gunslinger",
            "presets": [
                "trial_chambers"
            ],
            "type": "pokemon",
            "context": "grounded",
            "bucket": "uncommon",
            "level": "22-47",
            "weight": 100.0,
            "condition": {
                "minSkyLight": 0,
                "maxSkyLight": 7,
                "biomes": [
                    "#minecraft:is_overworld"
                ]
            }
        },
        {
            "id": "falinks_gunslinger-3",
            "pokemon": "falinks aspect=gunslinger",
            "presets": [
                "stronghold"
            ],
            "type": "pokemon",
            "context": "grounded",
            "bucket": "uncommon",
            "level": "22-47",
            "weight": 100.0,
            "condition": {
                "minSkyLight": 0,
                "maxSkyLight": 7,
                "biomes": [
                    "#minecraft:is_overworld"
                ]
            }
        }
    ]
}