{
    "enabled": true,
    "neededInstalledMods": [],
    "neededUninstalledMods": [],
    "spawns": [
        {
            "id": "gallade_goth-1",
            "pokemon": "gallade aspect=goth",
            "presets": [
                "natural"
            ],
            "type": "pokemon",
            "context": "grounded",
            "bucket": "rare",
            "level": "30-52",
            "weight": 0.0625,
            "condition": {
                "minSkyLight": 8,
                "maxSkyLight": 15,
                "biomes": [
                    "#cobblemon:is_spooky",
                    "#cobblemon:is_swamp"
                ],
                "timeRange": "night"
            }
        },
        {
            "id": "gallade_goth-2",
            "pokemon": "gallade aspect=goth",
            "presets": [
                "natural"
            ],
            "type": "pokemon",
            "context": "grounded",
            "bucket": "rare",
            "level": "30-52",
            "weight": 0.0125,
            "condition": {
                "minSkyLight": 8,
                "maxSkyLight": 15,
                "biomes": [
                    "#cobblemon:is_overworld"
                ],
                "structures": [
                    "minecraft:pillager_outpost"
                ],
                "timeRange": "night"
            }
        },
        {
            "id": "gallade_goth-3",
            "pokemon": "gallade aspect=goth",
            "presets": [
                "mansion"
            ],
            "type": "pokemon",
            "context": "grounded",
            "bucket": "common",
            "level": "30-52",
            "weight": 0.0025,
            "condition": {
                "canSeeSky": false,
                "biomes": [
                    "#cobblemon:is_overworld"
                ],
                "timeRange": "night"
            }
        }
    ]
}