{
    "enabled": true,
    "neededInstalledMods": [],
    "neededUninstalledMods": [],
    "spawns": [
        {
            "id": "golurk-copper-1",
            "pokemon": "golurk aspect=copper",
            "presets": [
                "natural"
            ],
            "type": "pokemon",
            "context": "grounded",
            "bucket": "common",
            "level": "43-48",
            "weight": 1.5,
            "weightMultiplier": {
                "multiplier": 10.0,
                "condition": {
                    "isThundering": true,
                    "neededNearbyBlocks": [
                        "minecraft:copper_block",
                        "minecraft:waxed_copper_block",
                        "minecraft:cut_copper",
                        "minecraft:waxed_cut_copper"
                    ]
                }
            },
            "condition": {
                "biomes": [
                    "#minecraft:is_overworld"
                ],
                "neededNearbyBlocks": [
                    "minecraft:copper_block",
                    "minecraft:waxed_copper_block",
                    "minecraft:cut_copper",
                    "minecraft:waxed_cut_copper",
                    "minecraft:oxidized_copper",
                    "minecraft:waxed_oxidized_copper",
                    "minecraft:oxidized_cut_copper",
                    "minecraft:waxed_oxidized_cut_copper",
                    "minecraft:weathered_copper",
                    "minecraft:waxed_weathered_copper",
                    "minecraft:weathered_cut_copper",
                    "minecraft:waxed_weathered_cut_copper",
                    "minecraft:exposed_copper",
                    "minecraft:waxed_exposed_copper",
                    "minecraft:exposed_cut_copper",
                    "minecraft:waxed_exposed_cut_copper",
                    "minecraft:lightning_rod",
                    "#minecraft:buttons"
                ]
            }
        },
        {
            "id": "golurk-copper-2",
            "pokemon": "golurk aspect=exposed_copper",
            "presets": [
                "natural"
            ],
            "type": "pokemon",
            "context": "grounded",
            "bucket": "common",
            "level": "43-48",
            "weight": 1.5,
            "weightMultiplier": {
                "multiplier": 10.0,
                "condition": {
                    "isThundering": true,
                    "neededNearbyBlocks": [
                        "minecraft:exposed_copper",
                        "minecraft:waxed_exposed_copper",
                        "minecraft:exposed_cut_copper",
                        "minecraft:waxed_exposed_cut_copper"
                    ]
                }
            },
            "condition": {
                "biomes": [
                    "#minecraft:is_overworld"
                ],
                "neededNearbyBlocks": [
                    "minecraft:copper_block",
                    "minecraft:waxed_copper_block",
                    "minecraft:cut_copper",
                    "minecraft:waxed_cut_copper",
                    "minecraft:oxidized_copper",
                    "minecraft:waxed_oxidized_copper",
                    "minecraft:oxidized_cut_copper",
                    "minecraft:waxed_oxidized_cut_copper",
                    "minecraft:weathered_copper",
                    "minecraft:waxed_weathered_copper",
                    "minecraft:weathered_cut_copper",
                    "minecraft:waxed_weathered_cut_copper",
                    "minecraft:exposed_copper",
                    "minecraft:waxed_exposed_copper",
                    "minecraft:exposed_cut_copper",
                    "minecraft:waxed_exposed_cut_copper",
                    "minecraft:lightning_rod",
                    "#minecraft:buttons"
                ]
            }
        },
        {
            "id": "golurk-copper-3",
            "pokemon": "golurk aspect=weathered_copper",
            "presets": [
                "natural"
            ],
            "type": "pokemon",
            "context": "grounded",
            "bucket": "common",
            "level": "43-48",
            "weight": 1.5,
            "weightMultiplier": {
                "multiplier": 10.0,
                "condition": {
                    "isThundering": true,
                    "neededNearbyBlocks": [
                        "minecraft:weathered_copper",
                        "minecraft:waxed_weathered_copper",
                        "minecraft:weathered_cut_copper",
                        "minecraft:waxed_weathered_cut_copper"
                    ]
                }
            },
            "condition": {
                "biomes": [
                    "#minecraft:is_overworld"
                ],
                "neededNearbyBlocks": [
                    "minecraft:copper_block",
                    "minecraft:waxed_copper_block",
                    "minecraft:cut_copper",
                    "minecraft:waxed_cut_copper",
                    "minecraft:oxidized_copper",
                    "minecraft:waxed_oxidized_copper",
                    "minecraft:oxidized_cut_copper",
                    "minecraft:waxed_oxidized_cut_copper",
                    "minecraft:weathered_copper",
                    "minecraft:waxed_weathered_copper",
                    "minecraft:weathered_cut_copper",
                    "minecraft:waxed_weathered_cut_copper",
                    "minecraft:exposed_copper",
                    "minecraft:waxed_exposed_copper",
                    "minecraft:exposed_cut_copper",
                    "minecraft:waxed_exposed_cut_copper",
                    "minecraft:lightning_rod",
                    "#minecraft:buttons"
                ]
            }
        },
        {
            "id": "golurk-copper-4",
            "pokemon": "golurk aspect=oxidized_copper",
            "presets": [
                "natural"
            ],
            "type": "pokemon",
            "context": "grounded",
            "bucket": "common",
            "level": "43-38",
            "weight": 1.5,
            "weightMultiplier": {
                "multiplier": 10.0,
                "condition": {
                    "isThundering": true,
                    "neededNearbyBlocks": [
                        "minecraft:oxidized_copper",
                        "minecraft:waxed_oxidized_copper",
                        "minecraft:oxidized_cut_copper",
                        "minecraft:waxed_oxidized_cut_copper"
                    ]
                }
            },
            "condition": {
                "biomes": [
                    "#minecraft:is_overworld"
                ],
                "neededNearbyBlocks": [
                    "minecraft:copper_block",
                    "minecraft:waxed_copper_block",
                    "minecraft:cut_copper",
                    "minecraft:waxed_cut_copper",
                    "minecraft:oxidized_copper",
                    "minecraft:waxed_oxidized_copper",
                    "minecraft:oxidized_cut_copper",
                    "minecraft:waxed_oxidized_cut_copper",
                    "minecraft:weathered_copper",
                    "minecraft:waxed_weathered_copper",
                    "minecraft:weathered_cut_copper",
                    "minecraft:waxed_weathered_cut_copper",
                    "minecraft:exposed_copper",
                    "minecraft:waxed_exposed_copper",
                    "minecraft:exposed_cut_copper",
                    "minecraft:waxed_exposed_cut_copper",
                    "minecraft:lightning_rod",
                    "#minecraft:buttons"
                ]
            }
        },
        {
            "id": "golurk-copper-5",
            "pokemon": "golurk aspect=copper",
            "presets": [
                "trial_chambers"
            ],
            "type": "pokemon",
            "context": "grounded",
            "bucket": "common",
            "level": "43-48",
            "weight": 5.0,
            "condition": {
                "minSkyLight": 0,
                "maxSkyLight": 7,
                "biomes": [
                    "#minecraft:is_overworld"
                ]
            }
        },
        {
            "id": "golurk-copper-6",
            "pokemon": "golurk aspect=exposed_copper",
            "presets": [
                "trial_chambers"
            ],
            "type": "pokemon",
            "context": "grounded",
            "bucket": "common",
            "level": "43-48",
            "weight": 5.0,
            "condition": {
                "minSkyLight": 0,
                "maxSkyLight": 7,
                "biomes": [
                    "#minecraft:is_overworld"
                ]
            }
        },
        {
            "id": "golurk-copper-7",
            "pokemon": "golurk aspect=weathered_copper",
            "presets": [
                "trial_chambers"
            ],
            "type": "pokemon",
            "context": "grounded",
            "bucket": "common",
            "level": "43-48",
            "weight": 25.0,
            "condition": {
                "minSkyLight": 0,
                "maxSkyLight": 7,
                "biomes": [
                    "#minecraft:is_overworld"
                ]
            }
        },
        {
            "id": "golurk-copper-8",
            "pokemon": "golurk aspect=oxidized_copper",
            "presets": [
                "trial_chambers"
            ],
            "type": "pokemon",
            "context": "grounded",
            "bucket": "common",
            "level": "43-48",
            "weight": 5.0,
            "condition": {
                "minSkyLight": 0,
                "maxSkyLight": 7,
                "biomes": [
                    "#minecraft:is_overworld"
                ]
            }
        }
    ]
}