{
    "enabled": true,
    "neededInstalledMods": [],
    "neededUninstalledMods": [],
    "spawns": [
        {
            "id": "goodra_wetland-1",
            "pokemon": "goodra aspect=wetland",
            "presets": [
                "natural",
                "wild"
            ],
            "type": "pokemon",
            "context": "grounded",
            "bucket": "rare",
            "level": "50-60",
            "weight": 0.25,
            "condition": {
                "minSkyLight": 8,
                "maxSkyLight": 15,
                "biomes": [
                    "#cobblemon:is_river"
                ],
                "isRaining": true
            }
        },
        {
            "id": "goodra_wetland-2",
            "pokemon": "goodra aspect=wetland",
            "presets": [
                "natural",
                "wild"
            ],
            "type": "pokemon",
            "context": "grounded",
            "bucket": "ultra-rare",
            "level": "50-60",
            "weight": 0.4,
            "condition": {
                "minSkyLight": 8,
                "maxSkyLight": 15,
                "biomes": [
                    "#cobblemon:is_river"
                ],
                "isRaining": false
            },
            "anticondition": {
                "isSlimeChunk": true
            }
        },
        {
            "id": "goodra_wetland-3",
            "pokemon": "goodra aspect=wetland",
            "presets": [
                "natural",
                "wild"
            ],
            "type": "pokemon",
            "context": "grounded",
            "bucket": "rare",
            "level": "50-60",
            "weight": 0.25,
            "condition": {
                "minSkyLight": 8,
                "maxSkyLight": 15,
                "biomes": [
                    "#cobblemon:is_river"
                ],
                "isRaining": false,
                "isSlimeChunk": true
            }
        },
        {
            "id": "goodra_wetland-4",
            "pokemon": "goodra aspect=wetland",
            "type": "pokemon",
            "context": "fishing",
            "bucket": "ultra-rare",
            "level": "50-60",
            "weight": 0.4,
            "condition": {
                "minSkyLight": 8,
                "maxSkyLight": 15,
                "biomes": [
                    "#cobblemon:is_river"
                ]
            },
            "anticondition": {
                "isSlimeChunk": true
            }
        },
        {
            "id": "goodra_wetland-5",
            "pokemon": "goodra aspect=wetland",
            "type": "pokemon",
            "context": "fishing",
            "bucket": "rare",
            "level": "50-60",
            "weight": 0.25,
            "condition": {
                "minSkyLight": 8,
                "maxSkyLight": 15,
                "biomes": [
                    "#cobblemon:is_river"
                ],
                "isSlimeChunk": true
            }
        }
    ]
}