{
    "enabled": true,
    "neededInstalledMods": [],
    "neededUninstalledMods": [],
    "spawns": [
        {
            "id": "hattertainer-1",
            "pokemon": "hattertainer",
            "presets": [
                "natural",
                "wild"
            ],
            "type": "pokemon",
            "context": "grounded",
            "bucket": "uncommon",
            "level": "42-51",
            "weight": 0.16,
            "condition": {
                "minSkyLight": 8,
                "maxSkyLight": 15,
                "biomes": [
                    "#cobblemon:is_magical",
                    "aether:skyroot_forest",
                    "aether:skyroot_woodland"
                ],
                "timeRange": "night"
            }
        },
        {
            "id": "hattertainer-2",
            "pokemon": "hattertainer",
            "type": "pokemon",
            "context": "grounded",
            "bucket": "common",
            "level": "42-51",
            "weight": 0.02,
            "condition": {
                "minSkyLight": 8,
                "maxSkyLight": 15,
                "biomes": [
                    "#cobblemon:is_overworld"
                ],
                "structures": [
                    "minecraft:swamp_hut"
                ],
                "timeRange": "night"
            }
        },
        {
            "id": "hattertainer-3",
            "pokemon": "hattertainer",
            "presets": [
                "mansion"
            ],
            "type": "pokemon",
            "context": "grounded",
            "bucket": "common",
            "level": "42-51",
            "weight": 0.02,
            "condition": {
                "canSeeSky": false,
                "biomes": [
                    "#cobblemon:is_overworld"
                ],
                "timeRange": "night"
            }
        }
    ]
}