{
    "enabled": true,
    "neededInstalledMods": [],
    "neededUninstalledMods": [],
    "spawns": [
        {
            "id": "lucario_y-1",
            "pokemon": "lucario aspect=y",
            "presets": [
                "natural",
                "wild"
            ],
            "type": "pokemon",
            "context": "grounded",
            "bucket": "rare",
            "level": "24-53",
            "weight": 2.5,
            "weightMultiplier": {
                "multiplier": 0.25,
                "condition": {
                    "timeRange": "day"
                }
            },
            "condition": {
                "minSkyLight": 8,
                "maxSkyLight": 15,
                "biomes": [
                    "#cobblemon:is_mountain",
                    "#cobblemon:is_spooky"
                ]
            }
        },
        {
            "id": "lucario_y-2",
            "pokemon": "lucario aspect=y",
            "presets": [
                "natural"
            ],
            "type": "pokemon",
            "context": "grounded",
            "bucket": "rare",
            "level": "24-53",
            "weight": 2.5,
            "condition": {
                "minSkyLight": 8,
                "maxSkyLight": 15,
                "biomes": [
                    "minecraft:soul_sand_valley"
                ]
            }
        }
    ]
}