{
    "enabled": true,
    "neededInstalledMods": [],
    "neededUninstalledMods": [],
    "spawns": [
        {
            "id": "nosepyre-1",
            "pokemon": "nosepyre",
            "presets": [
                "natural"
            ],
            "type": "pokemon",
            "context": "grounded",
            "bucket": "uncommon",
            "level": "13-38",
            "weight": 15.0,
            "condition": {
                "biomes": [
                    "#cobblemon:is_volcanic"
                ]
            }
        },
        {
            "id": "nosepyre-2",
            "pokemon": "nosepyre",
            "presets": [
                "natural"
            ],
            "type": "pokemon",
            "context": "grounded",
            "bucket": "uncommon",
            "level": "13-38",
            "weight": 15.0,
            "condition": {
                "biomes": [
                    "#cobblemon:nether/is_basalt"
                ]
            }
        }
    ]
}