{
    "enabled": true,
    "neededInstalledMods": [],
    "neededUninstalledMods": [],
    "spawns": [
        {
            "id": "papersol-red-1",
            "pokemon": "papersol umbrella=red",
            "presets": [
                "natural"
            ],
            "type": "pokemon",
            "context": "grounded",
            "bucket": "common",
            "level": "5-30",
            "weight": 3.0,
            "weightMultiplier": {
                "multiplier": 0.25,
                "condition": {
                    "timeRange": "night"
                }
            },
            "condition": {
                "minSkyLight": 8,
                "maxSkyLight": 15,
                "biomes": [
                    "#cobblemon:is_cherry_blossom",
                    "#cobblemon:is_bamboo"
                ]
            }
        },
        {
            "id": "papersol-yellow-2",
            "pokemon": "papersol umbrella=yellow",
            "presets": [
                "natural"
            ],
            "type": "pokemon",
            "context": "grounded",
            "bucket": "common",
            "level": "5-30",
            "weight": 3.0,
            "weightMultiplier": {
                "multiplier": 0.25,
                "condition": {
                    "timeRange": "night"
                }
            },
            "condition": {
                "minSkyLight": 8,
                "maxSkyLight": 15,
                "biomes": [
                    "#cobblemon:is_cherry_blossom",
                    "#cobblemon:is_bamboo"
                ]
            }
        },
        {
            "id": "papersol-green-3",
            "pokemon": "papersol umbrella=green",
            "presets": [
                "natural"
            ],
            "type": "pokemon",
            "context": "grounded",
            "bucket": "common",
            "level": "5-30",
            "weight": 3.0,
            "weightMultiplier": {
                "multiplier": 0.25,
                "condition": {
                    "timeRange": "night"
                }
            },
            "condition": {
                "minSkyLight": 8,
                "maxSkyLight": 15,
                "biomes": [
                    "#cobblemon:is_cherry_blossom",
                    "#cobblemon:is_bamboo"
                ]
            }
        },
        {
            "id": "papersol-blue-4",
            "pokemon": "papersol umbrella=blue",
            "presets": [
                "natural"
            ],
            "type": "pokemon",
            "context": "grounded",
            "bucket": "common",
            "level": "5-30",
            "weight": 3.0,
            "weightMultiplier": {
                "multiplier": 0.25,
                "condition": {
                    "timeRange": "night"
                }
            },
            "condition": {
                "minSkyLight": 8,
                "maxSkyLight": 15,
                "biomes": [
                    "#cobblemon:is_cherry_blossom",
                    "#cobblemon:is_bamboo"
                ]
            }
        },
        {
            "id": "papersol-light_blue-5",
            "pokemon": "papersol umbrella=light_blue",
            "presets": [
                "natural"
            ],
            "type": "pokemon",
            "context": "grounded",
            "bucket": "common",
            "level": "5-30",
            "weight": 3.0,
            "weightMultiplier": {
                "multiplier": 0.25,
                "condition": {
                    "timeRange": "night"
                }
            },
            "condition": {
                "minSkyLight": 8,
                "maxSkyLight": 15,
                "biomes": [
                    "#cobblemon:is_cherry_blossom",
                    "#cobblemon:is_bamboo"
                ]
            }
        },
        {
            "id": "papersol-pink-6",
            "pokemon": "papersol umbrella=pink",
            "presets": [
                "natural"
            ],
            "type": "pokemon",
            "context": "grounded",
            "bucket": "common",
            "level": "5-30",
            "weight": 3.0,
            "weightMultiplier": {
                "multiplier": 0.25,
                "condition": {
                    "timeRange": "night"
                }
            },
            "condition": {
                "minSkyLight": 8,
                "maxSkyLight": 15,
                "biomes": [
                    "#cobblemon:is_cherry_blossom",
                    "#cobblemon:is_bamboo"
                ]
            }
        }
    ]
}