{
    "enabled": true,
    "neededInstalledMods": [],
    "neededUninstalledMods": [],
    "spawns": [
        {
            "id": "spiritube-1",
            "pokemon": "spiritube",
            "presets": [
                "natural"
            ],
            "type": "pokemon",
            "context": "grounded",
            "bucket": "uncommon",
            "level": "24-49",
            "weight": 5.0,
            "weightMultiplier": {
                "multiplier": 10.0,
                "condition": {
                    "isThundering": true
                }
            },
            "condition": {
                "canSeeSky": false,
                "biomes": [
                    "#cobblemon:is_overworld"
                ],
                "structures": [
                    "#minecraft:village"
                ]
            }
        },
        {
            "id": "spiritube-2",
            "pokemon": "spiritube",
            "presets": [
                "mansion"
            ],
            "type": "pokemon",
            "context": "grounded",
            "bucket": "uncommon",
            "level": "24-49",
            "weight": 2.5,
            "weightMultiplier": {
                "multiplier": 10.0,
                "condition": {
                    "isThundering": true
                }
            },
            "condition": {
                "canSeeSky": false,
                "biomes": [
                    "#cobblemon:is_overworld"
                ]
            }
        },
        {
            "id": "spiritube-3",
            "pokemon": "spiritube",
            "type": "pokemon",
            "context": "grounded",
            "bucket": "uncommon",
            "level": "29-49",
            "weight": 5.0,
            "weightMultiplier": {
                "multiplier": 10.0,
                "condition": {
                    "isThundering": true
                }
            },
            "condition": {
                "biomes": [
                    "#cobblemon:is_overworld"
                ],
                "neededNearbyBlocks": [
                    "cobblemon:pc"
                ]
            }
        }
    ]
}