{
    "enabled": true,
    "neededInstalledMods": [],
    "neededUninstalledMods": [],
    "spawns": [
        {
            "id": "tanglare-1",
            "pokemon": "tanglare",
            "presets": [
                "natural",
                "wild"
            ],
            "type": "pokemon",
            "context": "grounded",
            "bucket": "common",
            "level": "29-54",
            "weight": 0.2,
            "condition": {
                "minSkyLight": 0,
                "maxSkyLight": 7,
                "biomes": [
                    "#cobblemon:is_lush"
                ]
            }
        },
        {
            "id": "tanglare-2",
            "pokemon": "tanglare",
            "presets": [
                "natural",
                "wild"
            ],
            "type": "pokemon",
            "context": "grounded",
            "bucket": "common",
            "level": "29-54",
            "weight": 1.0,
            "condition": {
                "minSkyLight": 0,
                "maxSkyLight": 7,
                "biomes": [
                    "#cobblemon:is_lush"
                ],
                "neededNearbyBlocks": [
                    "minecraft:spore_blossom"
                ]
            }
        }
    ]
}