{
  "implemented": true,
  "name": "ancientapparition",
  "nationalPokedexNumber": 9998,
  "primaryType": "ghost",
  "secondaryType": "dark",
  "abilities": [
    "protosynthesis"
  ],
  "baseStats": {
    "hp": 120,
    "attack": 30,
    "defence": 130,
    "special_attack": 60,
    "special_defence": 130,
    "speed": 100
  },
  "behaviour": {
    "resting": {
      "canSleep": true,
      "depth": "normal",
      "light": "0-4",
      "willSleepOnBed": false,
      "times": "night"
    },
    "moving": {
      "canLook": false,
      "walk": {
        "canWalk": true,
        "avoidsLand": false
      },
      "swim": {
        "swimSpeed": 0.3,
        "canSwimInWater": true,
        "canBreatheUnderwater": false
      },
      "fly": {
        "canFly": true,
        "flySpeedHorizontal": 0.3
      },
      "wanderChance": 120
    }
  },
  "catchRate": 10,
  "maleRatio": -1,
  "shoulderMountable": false,
  "baseExperienceYield": 100,
  "experienceGroup": "fluctuating",
  "eggCycles": 150,
  "eggGroups": [
    "undiscovered"
  ],
  "drops": {
    "amount": 1,
    "entries": [
      {
        "item": "cobblemon:spell_tag",
        "quantityRange": "1-1",
        "percentage": 27
      }
    ]
  },
  "moves": [
    "1:astonish",
    "1:confuseray",
    "5:knockoff",
    "10:hex",
    "15:willowisp",
    "20:shadowball",
    "25:darkpulse",
    "30:painsplit",
    "35:curse",
    "40:partingshot",
    "45:nightshade",
    "50:perishsong",
    "56:phantomforce",
    "63:nastyplot",
    "70:recover",
    "77:foulplay",
    "84:memento",
    "tm:toxic",
    "tm:terablast",
    "tm:toxicspikes",
    "tm:sunnyday",
    "tm:protect",
    "tm:return",
    "tm:torment",
    "tm:skillswap",
    "tm:rest",
    "tm:payback",
    "tm:chargebeam",
  ],
  "labels": [
    "custom"
  ],
  "pokedex": [
    "cobblemon.species.ancientapparition.desc1",
    "cobblemon.species.ancientapparition.desc2"
  ],
  "baseScale": 1,
  "hitbox": {
    "width": 1,
    "height": 1,
    "fixed": false
  },
  "baseFriendship": 50,
  "evYield": {
    "hp": 0,
    "attack": 0,
    "defence": 1,
    "special_attack": 0,
    "special_defence": 0,
    "speed": 0
  },
  "height": 3,
  "weight": 8,
  "evolutions": []
}