{
  "implemented": true,
  "name": "bouldorc",
  "nationalPokedexNumber": 9998,
  "primaryType": "rock",
  "secondaryType": "fairy",
  "abilities": [
    "sturdy",
    "sapsipper",
    "h:regenerator"
  ],
  "baseStats": {
    "hp": 65,
    "attack": 45,
    "defence": 65,
    "special_attack": 85,
    "special_defence": 125,
    "speed": 25
  },
  "behaviour": {
    "resting": {
      "canSleep": true,
      "depth": "normal",
      "light": "0-4",
      "willSleepOnBed": false,
      "times": "night"
    },
    "moving": {
      "canLook": true,
      "walk": {
        "canWalk": true,
        "avoidsLand": false
      },
      "swim": {
        "swimSpeed": 0.3,
        "canSwimInWater": false,
        "canBreatheUnderwater": false
      },
      "fly": {
        "canFly": false,
        "flySpeedHorizontal": 0.3
      },
      "wanderChance": 1
    }
  },
  "catchRate": 120,
  "maleRatio": 0.5,
  "shoulderMountable": false,
  "baseExperienceYield": 100,
  "experienceGroup": "medium_slow",
  "eggCycles": 15,
  "eggGroups": [
    "fairy",
    "mineral"
  ],
  "drops": {
    "amount": 1,
    "entries": []
  },
  "moves": [
  "1:tackle",
  "1:charm",
  "1:harden",
  "16:rockthrow",
  "12:drainingkiss",
  "1:leechseed",
  "20:irondefense",
  "24:playrough",
  "28:ancientpower",
  "36:stoneedge",
  "40:strengthsap",
  "44:moonblast",
  "48:earthpower",
  "52:woodhammer",
  "tm:rockslide",
  "tm:powergem",
  "tm:terablast",
  "tm:dazzlinggleam",
  "tm:gigadrain",
  "tm:absorb",
  "tm:megadrain",
  "tm:spikyshield",
  "tm:protect",
  "tm:substitute",
  "tm:bodypress",
  "tm:stealthrock",
  "tm:amnesia",
  "tm:calmmind",
  "tm:toxic",
  "tm:taunt",
  "tm:torment",
  "tm:reflect",
  "tm:lightscreen",
  "tm:magicroom",
  "tm:trickroom",
  "tm:rockpolish",
  "tm:frustration",
  "tm:covet",
  "tm:round"
  ],
  "labels": [
    "custom"
  ],
  "pokedex": [
    "cobblemon.species.bouldorc.desc1",
    "cobblemon.species.bouldorc.desc2"
  ],
  "baseScale": 1,
  "hitbox": {
    "width": 1,
    "height": 1,
    "fixed": false
  },
  "baseFriendship": 50,
  "evYield": {
    "hp": 0,
    "attack": 0,
    "defence": 0,
    "special_attack": 0,
    "special_defence": 1,
    "speed": 0
  },
  "height": 1,
  "weight": 1,
  "evolutions": []
}