{
  "implemented": true,
  "name": "caramouse",
  "nationalPokedexNumber": 9994,
  "primaryType": "normal",
  "secondaryType": "fairy",
  "abilities": [
    "sweetveil",
    "cutecharm",
    "h:aromaveil"
  ],
  "baseStats": {
    "hp": 110,
    "attack": 40,
    "defence": 80,
    "special_attack": 50,
    "special_defence": 80,
    "speed": 60
  },
  "behaviour": {
    "resting": {
      "canSleep": true,
      "depth": "normal",
      "light": "0-4",
      "willSleepOnBed": true,
      "times": "night"
    },
    "moving": {
      "canLook": true,
      "walk": {
        "canWalk": true,
        "avoidsLand": false
      },
      "swim": {
        "swimSpeed": 0.3,
        "canSwimInWater": true,
        "canBreatheUnderwater": false
      },
      "fly": {
        "canFly": false,
        "flySpeedHorizontal": 0.3
      },
      "wanderChance": 1
    }
  },
  "catchRate": 100,
  "maleRatio": -1,
  "shoulderMountable": false,
  "baseExperienceYield": 100,
  "experienceGroup": "medium_slow",
  "eggCycles": 25,
  "eggGroups": [
    "field"
  ],
  "drops": {
    "amount": 1,
    "entries": [
      {
        "item": "minecraft:sugar",
        "quantityRange": "1-7",
        "percentage": 100
      }
    ]
  },
  "moves": [
"1:tackle",
    "1:babydolleyes",
    "1:fairywind",
    "1:yawn",
    "1:sweetkiss",
    "1:charm",
    "1:aromaticmist",
    "1:decorate",
    "1:drainingkiss",
    "30:mistyterrain",
    "34:attract",
    "42:moonblast",
    "46:sweetscent",
    "52:followme",
    "66:healingwish",
  "tm:terablast",
  "tm:protect",
  "tm:lightscreen",
  "tm:reflect",
  "tm:safeguard",
  "tm:helpinghand",
  "tm:allyswitch",
  "tm:substitute",
  "tm:healpulse",
  "tm:lifedew",
  "tm:mistyterrain",
  "tm:calmmind",
  "tm:batonpass",
  "tm:trickroom",
  "tm:screencleaner",
  "tm:magicroom",
  "tm:wonderroom",
  "tm:skillswap",
  "tm:imprison",
  "tm:dazzlinggleam",
  "tm:disarmingvoice",
  "tm:facade",
  "tm:swift",
  "tm:round",
  "tm:hypervoice",
  "tm:playrough"
],
  "labels": [
    "custom"
  ],
  "pokedex": [
    "cobblemon.species.caramouse.desc1",
    "cobblemon.species.caramouse.desc2"
  ],
  "baseScale": 1,
  "hitbox": {
    "width": 1,
    "height": 1,
    "fixed": false
  },
  "baseFriendship": 50,
  "evYield": {
    "hp": 1,
    "attack": 0,
    "defence": 0,
    "special_attack": 0,
    "special_defence": 0,
    "speed": 0
  },
  "height": 1,
  "weight": 1,
  "evolutions": []
}