{
  "implemented": true,
  "name": "cinnamouse",
  "nationalPokedexNumber": 9999,
  "primaryType": "normal",
  "secondaryType": "fairy",
  "abilities": [
    "sweetveil",
    "cutecharm",
    "h:aromaveil"
  ],
  "baseStats": {
    "hp": 60,
    "attack": 40,
    "defence": 40,
    "special_attack": 45,
    "special_defence": 40,
    "speed": 60
  },
  "behaviour": {
    "resting": {
      "canSleep": true,
      "depth": "normal",
      "light": "0-4",
      "willSleepOnBed": true,
      "times": "night"
    },
    "moving": {
      "canLook": true,
      "walk": {
        "canWalk": true,
        "avoidsLand": false
      },
      "swim": {
        "swimSpeed": 0.3,
        "canSwimInWater": true,
        "canBreatheUnderwater": false
      },
      "fly": {
        "canFly": false,
        "flySpeedHorizontal": 0.3
      },
      "wanderChance": 120
    }
  },
  "catchRate": 150,
  "maleRatio": 0.5,
  "shoulderMountable": true,
  "baseExperienceYield": 100,
  "experienceGroup": "medium_fast",
  "eggCycles": 25,
  "eggGroups": [
    "field",
    "fairy"
  ],
  "drops": {
    "amount": 1,
    "entries": [
      {
        "item": "minecraft:sugar",
        "quantityRange": "1-4",
        "percentage": 45
      }
    ]
  },
  "moves": [
    "1:tackle",
    "1:babydolleyes",
    "5:fairywind",
    "8:yawn",
    "12:sweetkiss",
    "15:charm",
    "18:aromaticmist",
    "25:decorate",
    "30:drainingkiss",
    "35:recover",
  "tm:terablast",
  "tm:protect",
  "tm:lightscreen",
  "tm:reflect",
  "tm:safeguard",
  "tm:helpinghand",
  "tm:allyswitch",
  "tm:substitute",
  "tm:healpulse",
  "tm:lifedew",
  "tm:mistyterrain",
  "tm:calmmind",
  "tm:batonpass",
  "tm:trickroom",
  "tm:screencleaner",
  "tm:magicroom",
  "tm:wonderroom",
  "tm:skillswap",
  "tm:imprison",
  "tm:dazzlinggleam",
  "tm:disarmingvoice",
  "tm:facade",
  "tm:swift",
  "tm:round",
  "tm:hypervoice",
  "tm:playrough"
  ],
  "labels": [
    "custom"
  ],
  "pokedex": [
    "cobblemon.species.cinnamouse.desc1",
    "cobblemon.species.cinnamouse.desc2"
  ],
  "baseScale": 1,
  "hitbox": {
    "width": 1,
    "height": 1,
    "fixed": false
  },
  "baseFriendship": 50,
  "evYield": {
    "hp": 1,
    "attack": 0,
    "defence": 0,
    "special_attack": 0,
    "special_defence": 0,
    "speed": 0
  },
  "height": 1,
  "weight": 3,
  "evolutions": [
    {
      "id": "cinnamouse-caramouse-level_up",
      "variant": "level_up",
      "result": "caramouse caramouse",
      "consumeHeldItem": false,
      "learnableMoves": [],
      "requirements": [
        {
          "variant": "level",
          "minLevel": 26
        }
      ],
      "requiredContext": ""
    }
  ]
}