{
  "implemented": true,
  "name": "colonant",
  "nationalPokedexNumber": 9991,
  "primaryType": "bug",
  "abilities": [
    "swarm"
  ],
  "baseStats": {
    "hp": 20,
    "attack": 45,
    "defence": 20,
    "special_attack": 25,
    "special_defence": 20,
    "speed": 45
  },
  "behaviour": {
    "resting": {
      "canSleep": true,
      "depth": "normal",
      "light": "0-4",
      "willSleepOnBed": false,
      "times": "night"
    },
    "moving": {
      "canLook": true,
      "walk": {
        "canWalk": true,
        "avoidsLand": false
      },
      "swim": {
        "swimSpeed": 0.3,
        "canSwimInWater": false,
        "canBreatheUnderwater": false
      },
      "fly": {
        "canFly": false,
        "flySpeedHorizontal": 0.3
      },
      "wanderChance": 1
    }
  },
  "catchRate": 60,
  "maleRatio": 0,
  "shoulderMountable": false,
  "baseExperienceYield": 100,
  "experienceGroup": "fast",
  "eggCycles": 15,
  "eggGroups": [
    "bug"
  ],
  "drops": {
    "amount": 1,
    "entries": []
  },
  "moves": [ 
  "1:tackle", 
  "1:growl", 
  "4:helpinghand", 
  "8:feintattack", 
  "12:furycutter", 
  "16:tearfullook", 
  "20:dig", 
  "24:beatup", 
  "28:bugbite", 
  "32:doubleedge", 
  "36:bulkup", 
  "40:takedown", 
  "44:leechlife", 
  "48:endeavor", 
  "52:megahorn",
  "tm:terablast"
  ],
  "labels": [
    "custom"
  ],
  "pokedex": [
    "cobblemon.species.colonant.desc1",
    "cobblemon.species.colonant.desc2"
  ],
  "baseScale": 1,
  "hitbox": {
    "width": 1,
    "height": 1,
    "fixed": false
  },
  "baseFriendship": 50,
  "evYield": {
    "hp": 0,
    "attack": 1,
    "defence": 0,
    "special_attack": 0,
    "special_defence": 0,
    "speed": 0
  },
  "height": 1,
  "weight": 1,
  "evolutions": [
    {
      "id": "colonant-colonant_bivouac-level_up",
      "variant": "level_up",
      "result": "colonant_bivouac",
      "consumeHeldItem": false,
      "learnableMoves": [
        "bugbite"
      ],
      "requirements": [
        {
          "variant": "level",
          "minLevel": 20
        }
      ],
      "requiredContext": ""
    }
  ]
}