{
  "implemented": true,
  "name": "diglord",
  "nationalPokedexNumber": 9996,
  "primaryType": "rock",
  "secondaryType": "psychic",
  "abilities": [
    "levitate",
    "cloudnine",
    "h:eartheater"
  ],
  "baseStats": {
    "hp": 75,
    "attack": 50,
    "defence": 70,
    "special_attack": 80,
    "special_defence": 100,
    "speed": 50
  },
  "behaviour": {
    "resting": {
      "canSleep": true,
      "depth": "normal",
      "light": "0-4",
      "willSleepOnBed": false,
      "times": "night"
    },
    "moving": {
      "canLook": true,
      "walk": {
        "canWalk": true,
        "avoidsLand": false
      },
      "swim": {
        "swimSpeed": 0.3,
        "canSwimInWater": true,
        "canBreatheUnderwater": false
      },
      "fly": {
        "canFly": true,
        "flySpeedHorizontal": 0.3
      },
      "wanderChance": 120
    }
  },
  "catchRate": 50,
  "maleRatio": 0.5,
  "shoulderMountable": false,
  "baseExperienceYield": 100,
  "experienceGroup": "medium_fast",
  "eggCycles": 25,
  "eggGroups": [
    "field",
    "mineral"
  ],
  "drops": {
    "amount": 1,
    "entries": []
  },
  "moves": [
    "1:tackle",
	"1:confusion",
	"6:rockthrow",
	"12:psybeam",
	"18:stealthrock",
	"24:reflect",
	"30:lightscreen",
	"36:earthpower",
	"42:calmmind",
	"48:powergem",
	"50:futuresight",
	"54:healpulse",
	"66:earthquake",
	"72:explosion",
	"tm:trickroom",
	"tm:terablast",
	"tm:toxic",
	"tm:healblock",
	"tm:spikes",
	"tm:protect",
	"tm:substitute",
	"tm:sandstorm",
	"tm:shadowball",
	"tm:psychic",
	"tm:ancientpower",
	"tm:taunt",
	"tm:thunderwave"
	
  ],
  "labels": [
    "custom"
  ],
  "pokedex": [
    "cobblemon.species.diglord.desc1",
    "cobblemon.species.diglord.desc2"
  ],
  "baseScale": 1,
  "hitbox": {
    "width": 2,
    "height": 4,
    "fixed": false
  },
  "baseFriendship": 50,
  "evYield": {
    "hp": 0,
    "attack": 0,
    "defence": 0,
    "special_attack": 0,
    "special_defence": 1,
    "speed": 0
  },
  "height": 1,
  "weight": 1,
  "evolutions": []
}