{
  "implemented": true,
  "name": "diglettlayoran",
  "nationalPokedexNumber": 9997,
  "primaryType": "rock",
  "abilities": [
    "levitate",
    "h:eartheater"
  ],
  "baseStats": {
    "hp": 10,
    "attack": 55,
    "defence": 25,
    "special_attack": 35,
    "special_defence": 45,
    "speed": 95
  },
  "behaviour": {
    "resting": {
      "canSleep": true,
      "depth": "normal",
      "light": "0-4",
      "willSleepOnBed": false,
      "times": "night"
    },
    "moving": {
      "canLook": true,
      "walk": {
        "canWalk": true,
        "avoidsLand": false
      },
      "swim": {
        "swimSpeed": 0.3,
        "canSwimInWater": true,
        "canBreatheUnderwater": false
      },
      "fly": {
        "canFly": true,
        "flySpeedHorizontal": 0.3
      },
      "wanderChance": 120
    }
  },
  "catchRate": 150,
  "maleRatio": 0.5,
  "shoulderMountable": false,
  "baseExperienceYield": 100,
  "experienceGroup": "medium_fast",
  "eggCycles": 25,
  "eggGroups": [
    "field",
    "mineral"
  ],
  "drops": {
    "amount": 1,
    "entries": []
  },
  "moves": [
    "1:tackle",
	"1:sandattack",
	"6:rockthrow",
	"10:mudslap",
	"12:confusion",
	"16:rockpolish",
	"18:rapidspin",
	"22:stealthrock",
	"24:psybeam",
	"28:powergem",
	"30:stoneedge",
    "tm:terablast"
  ],
  "labels": [
    "custom"
  ],
  "pokedex": [
    "cobblemon.species.diglettlayoran.desc1",
    "cobblemon.species.diglettlayoran.desc2"
  ],
  "baseScale": 1,
  "hitbox": {
    "width": 1,
    "height": 2,
    "fixed": false
  },
  "baseFriendship": 50,
  "evYield": {
    "hp": 0,
    "attack": 0,
    "defence": 0,
    "special_attack": 0,
    "special_defence": 0,
    "speed": 1
  },
  "height": 1,
  "weight": 1,
  "evolutions": [
    {
      "id": "diglettlayoran-diglord-level_up",
      "variant": "level_up",
      "result": "diglord diglord",
      "consumeHeldItem": false,
      "learnableMoves": [],
      "requirements": [
        {
          "variant": "level",
          "minLevel": 26
        }
      ],
      "requiredContext": ""
    }
  ]
}