{
  "implemented": true,
  "name": "finsight",
  "nationalPokedexNumber": 9993,
  "primaryType": "water",
  "secondaryType": "psychic",
  "abilities": [
    "waterbubble",
    "h:waterabsorb"
  ],
  "baseStats": {
    "hp": 65,
    "attack": 40,
    "defence": 65,
    "special_attack": 115,
    "special_defence": 105,
    "speed": 80
  },
  "behaviour": {
    "resting": {
      "canSleep": true,
      "depth": "normal",
      "light": "0-4",
      "willSleepOnBed": false,
      "times": "night"
    },
    "moving": {
      "canLook": true,
      "walk": {
        "canWalk": true,
        "avoidsLand": true
      },
      "swim": {
        "swimSpeed": 0.3,
        "canSwimInWater": true,
        "canBreatheUnderwater": true
      },
      "fly": {
        "canFly": false,
        "flySpeedHorizontal": 0.3
      },
      "wanderChance": 1
    }
  },
  "catchRate": 100,
  "maleRatio": 0.5,
  "shoulderMountable": false,
  "baseExperienceYield": 100,
  "experienceGroup": "medium_slow",
  "eggCycles": 30,
  "eggGroups": [
    "water_2",
    "water_1"
  ],
  "drops": {
    "amount": 1,
    "entries": [
      {
        "item": "minecraft:salmon",
        "quantityRange": "1-1",
        "percentage": 100
      }
    ]
  },
  "moves": [
    "1:tackle",
    "1:watergun",
    "1:confusion",
    "5:bubble",
    "9:psybeam",
    "14:agility",
    "18:waterpulse",
    "23:psychic",
    "27:aquaring",
    "32:futuresight",
    "36:hydropump",
    "41:calmmind",
    "45:dazzlinggleam",
    "50:psyshock",
    "55:moonblast",
    "60:whirlpool",
    "tm:surf",
    "tm:terablast",
    "tm:protect",
    "tm:substitute",
    "tm:psychic",
    "tm:calmmind",
    "tm:hydropump",
    "tm:psyshock",
    "tm:psychup",
    "tm:scald",
    "tm:thunderwave",
    "tm:icebeam",
    "tm:lightscreen",
    "tm:reflect",
    "tm:shadowball",
    "tm:trick",
    "tm:teleport",
    "tm:hypnosis",
    "tm:dreameater",
    "tm:recover",
    "tm:futuresight",
    "tm:trickroom",
    "tm:thunderbolt",
    "tm:swift",
    "tm:raindance",
    "tm:expandingforce",
    "tm:storedpower",
    "tm:blizzard",
    "tm:dazzlinggleam",
    "tm:flash",
    "tm:whirlpool",
    "egg:aquajet",
    "egg:mirrorcoat",
    "egg:haze",
    "egg:amnesia",
    "egg:mist"
  ],
  "labels": [
    "custom"
  ],
  "pokedex": [
    "cobblemon.species.finsight.desc1",
    "cobblemon.species.finsight.desc2"
  ],
  "baseScale": 0.5,
  "hitbox": {
    "width": 1,
    "height": 2,
    "fixed": false
  },
  "baseFriendship": 50,
  "evYield": {
    "hp": 0,
    "attack": 0,
    "defence": 0,
    "special_attack": 1,
    "special_defence": 0,
    "speed": 0
  },
  "height": 1,
  "weight": 1,
  "evolutions": []
}