{
  "implemented": true,
  "name": "flamandua",
  "nationalPokedexNumber": 9990,
  "primaryType": "fire",
  "secondaryType": "steel",
  "abilities": [
    "flashfire",
    "battlearmor",
    "h:whitesmoke"
  ],
  "baseStats": {
    "hp": 105,
    "attack": 110,
    "defence": 95,
    "special_attack": 110,
    "special_defence": 95,
    "speed": 50
  },
  "behaviour": {
    "resting": {
      "canSleep": true,
      "depth": "normal",
      "light": "0-4",
      "willSleepOnBed": false,
      "times": "night"
    },
    "moving": {
      "canLook": true,
      "walk": {
        "canWalk": true,
        "avoidsLand": false
      },
      "swim": {
        "swimSpeed": 0.3,
        "canSwimInWater": false,
        "canBreatheUnderwater": false
      },
      "fly": {
        "canFly": false,
        "flySpeedHorizontal": 0.3
      },
      "wanderChance": 1
    }
  },
  "catchRate": 20,
  "maleRatio": 0.5,
  "shoulderMountable": false,
  "baseExperienceYield": 100,
  "experienceGroup": "medium_fast",
  "eggCycles": 20,
  "eggGroups": [
    "field"
  ],
  "drops": {
    "amount": 1,
    "entries": []
  },
  "moves": [
  "1:firelash", 
  "1:ironhead", 
  "1:heatcrash", 
  "1:lick", 
  "5:incinerate", 
  "10:bind", 
  "15:flamewheel", 
  "20:slam", 
  "25:firespin", 
  "30:scaryface", 
  "35:metalclaw", 
  "40:nightslash", 
  "45:amnesia", 
  "50:flareblitz", 
  "55:irondefense",
  "60:superpower",
  "65:Inferno",
  "tm:protect",
  "tm:terablast",
  "tm:substitute",
  "tm:flamethrower",
  "tm:fireblast",
  "tm:overheat",
  "tm:willowisp",
  "tm:firepunch",
  "tm:heatwave",
  "tm:flashcannon",
  "tm:gyroball",
  "tm:heavyslam",
  "tm:earthquake",
  "tm:brickbreak",
  "tm:thunderpunch",
  "tm:nightslash",
  "tm:knockoff",
  "tm:shadowclaw"
  ],
  "labels": [
    "custom"
  ],
  "pokedex": [
    "cobblemon.species.flamandua.desc1",
    "cobblemon.species.flamandua.desc2"
  ],
  "baseScale": 1,
  "hitbox": {
    "width": 1,
    "height": 1,
    "fixed": false
  },
  "baseFriendship": 50,
  "evYield": {
    "hp": 0,
    "attack": 1,
    "defence": 0,
    "special_attack": 0,
    "special_defence": 0,
    "speed": 0
  },
  "height": 1,
  "weight": 1,
  "evolutions": []
}