{
  "implemented": true,
  "name": "lochtrier",
  "nationalPokedexNumber": 9992,
  "primaryType": "grass",
  "abilities": [
    "grimneigh"
  ],
  "baseStats": {
    "hp": 100,
    "attack": 65,
    "defence": 80,
    "special_attack": 110,
    "special_defence": 145,
    "speed": 80
  },
  "behaviour": {
    "resting": {
      "canSleep": true,
      "depth": "normal",
      "light": "0-4",
      "willSleepOnBed": false,
      "times": "night"
    },
    "moving": {
      "canLook": true,
      "walk": {
        "canWalk": true,
        "avoidsLand": false
      },
      "swim": {
        "swimSpeed": 0.3,
	"canWalkOnWater": true,
        "canSwimInWater": true,
        "canBreatheUnderwater": true
      },
      "fly": {
        "canFly": false,
        "flySpeedHorizontal": 0.3
      },
      "wanderChance": 1
    }
  },
  "catchRate": 3,
  "maleRatio": -1,
  "shoulderMountable": false,
  "baseExperienceYield": 206,
  "experienceGroup": "slow",
  "eggCycles": 150,
  "eggGroups": [
    "undiscovered"
  ],
  "drops": {
    "amount": 1,
    "entries": []
  },
  "moves": [
    "1:tackle",
    "1:growl",
    "1:absorb",
    "1:leechseed",
    "5:megadrain",
    "10:growth",
    "15:magicalleaf",
    "20:ingrain",
    "25:razorleaf",
    "30:synthesis",
    "35:gigadrain",
    "40:leafstorm",
    "45:calmmind",
    "50:aromatherapy",
    "55:solarbeam",
    "60:frenzyplant",
    "tm:protect",
    "tm:terablast",
    "tm:substitute",
    "tm:energyball",
    "tm:solarbeam",
    "tm:leafstorm",
    "tm:gigadrain",
    "tm:calmmind",
    "tm:toxic",
    "tm:leechseed",
    "tm:synthesis",
    "tm:grassknot",
    "tm:earthpower",
    "tm:seedbomb",
    "tm:powerwhip",
    "tm:solarblade",
    "tm:woodhammer"
  ],
  "labels": [
    "custom"
  ],
  "pokedex": [
    "cobblemon.species.lochtrier.desc1",
    "cobblemon.species.lochtrier.desc2"
  ],
  "baseScale": 0.6,
  "hitbox": {
    "width": 1,
    "height": 1,
    "fixed": false
  },
  "baseFriendship": 50,
  "evYield": {
    "hp": 0,
    "attack": 0,
    "defence": 0,
    "special_attack": 0,
    "special_defence": 1,
    "speed": 0
  },
  "height": 1,
  "weight": 1,
  "evolutions": []
}