{
  "implemented": true,
  "name": "nautilord",
  "nationalPokedexNumber": 9993,
  "primaryType": "water",
  "secondaryType": "steel",
  "abilities": [
    "waterveil",
    "lightmetal",
    "h:filter"
  ],
  "baseStats": {
    "hp": 170,
    "attack": 50,
    "defence": 85,
    "special_attack": 50,
    "special_defence": 85,
    "speed": 60
  },
  "behaviour": {
    "resting": {
      "canSleep": true,
      "depth": "normal",
      "light": "0-4",
      "willSleepOnBed": false,
      "times": "night"
    },
    "moving": {
      "canLook": true,
      "walk": {
        "canWalk": true,
        "avoidsLand": true
      },
      "swim": {
        "swimSpeed": 0.3,
        "canSwimInWater": true,
        "canBreatheUnderwater": true
      },
      "fly": {
        "canFly": false,
        "flySpeedHorizontal": 0.3
      },
      "wanderChance": 1
    }
  },
  "catchRate": 60,
  "maleRatio": 0.5,
  "shoulderMountable": false,
  "baseExperienceYield": 206,
  "experienceGroup": "fluctuating",
  "eggCycles": 40,
  "eggGroups": [
    "water_2"
  ],
  "drops": {
    "amount": 1,
    "entries": []
  },
  "moves": [
    "1:splash",
    "1:growl",
    "1:astonish",
    "1:watergun",
    "1:metalsound",
    "1:waterpulse",
    "1:heavyslam",
    "5:brine",
    "10:geargrind",
    "15:dive",
    "20:ironhead",
    "25:bodyslam",
    "30:rest",
    "30:sleeptalk",
    "35:amnesia",
    "40:flashcannon",
    "45:waterspout",
    "50:heavymetal",
    "55:hydrocanon",
    "60:steelbeam",
    "tm:protect",
    "tm:terablast",
    "tm:substitute",
    "tm:surf",
    "tm:icebeam",
    "tm:scald",
    "tm:hydropump",
    "tm:irondefense",
    "tm:steelbeam",
    "tm:bulldoze",
    "tm:ironhead",
    "tm:heavyslam",
    "tm:flashcannon",
    "tm:smartstrike",
    "tm:waterpulse",
    "tm:whirlpool",
    "tm:raindance",
    "tm:gyroball",
    "tm:earthquake",
    "tm:blizzard",
    "tm:avalanche"
  ],
  "labels": [
    "custom"
  ],
  "pokedex": [
    "cobblemon.species.nautilord.desc1",
    "cobblemon.species.nautilord.desc2"
  ],
  "baseScale": 1,
  "hitbox": {
    "width": 1,
    "height": 1,
    "fixed": false
  },
  "baseFriendship": 50,
  "evYield": {
    "hp": 2,
    "attack": 0,
    "defence": 0,
    "special_attack": 0,
    "special_defence": 0,
    "speed": 0
  },
  "height": 1,
  "weight": 1,
  "evolutions": []
}