{
  "implemented": true,
  "name": "ovitox",
  "nationalPokedexNumber": 9991,
  "primaryType": "rock",
  "secondaryType": "poison",
  "abilities": [
    "poisonpoint",
    "h:arenatrap"
  ],
  "baseStats": {
    "hp": 50,
    "attack": 65,
    "defence": 80,
    "special_attack": 40,
    "special_defence": 70,
    "speed": 40
  },
  "behaviour": {
    "resting": {
      "canSleep": true,
      "depth": "normal",
      "light": "0-4",
      "willSleepOnBed": false,
      "times": "night"
    },
    "moving": {
      "canLook": true,
      "walk": {
        "canWalk": true,
        "avoidsLand": false
      },
      "swim": {
        "swimSpeed": 0.3,
        "canSwimInWater": false,
        "canBreatheUnderwater": false
      },
      "fly": {
        "canFly": false,
        "flySpeedHorizontal": 0.3
      },
      "wanderChance": 1
    }
  },
  "catchRate": 45,
  "maleRatio": -1,
  "shoulderMountable": false,
  "baseExperienceYield": 100,
  "experienceGroup": "medium_fast",
  "eggCycles": 30,
  "eggGroups": [
    "amorphous"
  ],
  "drops": {
    "amount": 1,
    "entries": []
  },
  "moves": [
  "1:pound", 
  "1:harden", 
  "4:rockthrow", 
  "8:acid", 
  "12:bite", 
  "16:smackdown", 
  "20:poisonfang", 
  "24:rocktomb", 
  "28:crunch", 
  "32:stealthrock",
  "tm:protect",
  "tm:terablast",
  "tm:substitute",
  "tm:sludgewave",
  "tm:rocktomb",
  "tm:spikes",
  "tm:stealthrock",
  "tm:earthquake",
  "tm:crunch",
  "tm:bodyslam",
  "tm:rest",
  "tm:bodypress",
  "tm:taunt",
  "tm:rockpolish",
  ],
  "labels": [
    "custom"
  ],
  "pokedex": [
    "cobblemon.species.ovitox.desc1",
    "cobblemon.species.ovitox.desc2"
  ],
  "baseScale": 1,
  "hitbox": {
    "width": 1,
    "height": 1,
    "fixed": false
  },
  "baseFriendship": 50,
  "evYield": {
    "hp": 0,
    "attack": 0,
    "defence": 1,
    "special_attack": 0,
    "special_defence": 0,
    "speed": 0
  },
  "height": 1,
  "weight": 1,
  "evolutions": [
    {
      "id": "ovitox-skeletox-level_up",
      "variant": "level_up",
      "result": "skeletox skeletox",
      "consumeHeldItem": false,
      "learnableMoves": [
        "acidspray"
      ],
      "requirements": [
        {
          "variant": "level",
          "minLevel": 36
        }
      ],
      "requiredContext": ""
    }
  ]
}