{
  "implemented": true,
  "name": "pebblin",
  "nationalPokedexNumber": 9999,
  "primaryType": "rock",
  "secondaryType": "fairy",
  "abilities": [
    "sturdy",
    "sapsipper",
    "h:regenerator"
  ],
  "baseStats": {
    "hp": 50,
    "attack": 35,
    "defence": 50,
    "special_attack": 45,
    "special_defence": 100,
    "speed": 25
  },
  "behaviour": {
    "resting": {
      "canSleep": true,
      "depth": "normal",
      "light": "0-4",
      "willSleepOnBed": false,
      "times": "night"
    },
    "moving": {
      "canLook": true,
      "walk": {
        "canWalk": true,
        "avoidsLand": false
      },
      "swim": {
        "swimSpeed": 0.3,
        "canSwimInWater": false,
        "canBreatheUnderwater": false
      },
      "fly": {
        "canFly": false,
        "flySpeedHorizontal": 0.3
      },
      "wanderChance": 1
    }
  },
  "catchRate": 150,
  "maleRatio": 0.5,
  "shoulderMountable": false,
  "baseExperienceYield": 100,
  "experienceGroup": "medium_fast",
  "eggCycles": 25,
  "eggGroups": [
    "field",
    "mineral"
  ],
  "drops": {
    "amount": 1,
    "entries": []
  },
  "moves": [
  "1:tackle",
  "4:charm",
  "8:harden",
  "12:rockthrow",
  "14:drainingkiss",
  "16:leechseed",
  "20:irondefense",
  "24:playrough",
  "28:ancientpower",
  "35:stoneedge",
  "40:strengthsap",
  "44:moonblast",
  "48:earthpower",
  "52:woodhammer",
  "tm:rockslide",
  "tm:terablast",
  "tm:powergem",
  "tm:dazzlinggleam",
  "tm:gigadrain",
  "tm:absorb",
  "tm:megadrain",
  "tm:spikyshield",
  "tm:protect",
  "tm:substitute",
  "tm:bodypress",
  "tm:stealthrock",
  "tm:amnesia",
  "tm:calmmind",
  "tm:toxic",
  "tm:taunt",
  "tm:torment",
  "tm:reflect",
  "tm:lightscreen",
  "tm:magicroom",
  "tm:trickroom",
  "tm:rockpolish",
  "tm:frustration",
  "tm:covet",
  "tm:round"
  ],
  "labels": [
    "custom"
  ],
  "pokedex": [
    "cobblemon.species.pebblin.desc1",
    "cobblemon.species.pebblin.desc2"
  ],
  "baseScale": 1,
  "hitbox": {
    "width": 1,
    "height": 1,
    "fixed": false
  },
  "baseFriendship": 50,
  "evYield": {
    "hp": 0,
    "attack": 0,
    "defence": 0,
    "special_attack": 0,
    "special_defence": 1,
    "speed": 0
  },
  "height": 1,
  "weight": 1,
  "evolutions": [
    {
      "id": "pebblin-bouldorc-level_up",
      "variant": "level_up",
      "result": "bouldorc bouldorc",
      "consumeHeldItem": false,
      "learnableMoves": [],
      "requirements": [
        {
          "variant": "level",
          "minLevel": 29
        },
        {
          "variant": "biome",
          "biomeCondition": "#cobblemon:is_forest"
        }
      ],
      "requiredContext": ""
    }
  ]
}