{
  "implemented": true,
  "name": "reginigma",
  "nationalPokedexNumber": 9995,
  "primaryType": "psychic",
  "abilities": [
    "clearbody",
    "h:psychicsurge"
  ],
  "baseStats": {
    "hp": 150,
    "attack": 80,
    "defence": 50,
    "special_attack": 150,
    "special_defence": 50,
    "speed": 100
  },
  "behaviour": {
    "resting": {
      "canSleep": true,
      "depth": "normal",
      "light": "0-4",
      "willSleepOnBed": false,
      "times": "night"
    },
    "moving": {
      "canLook": true,
      "walk": {
        "canWalk": true,
        "avoidsLand": false
      },
      "swim": {
        "swimSpeed": 0.3,
        "canSwimInWater": true,
        "canBreatheUnderwater": false
      },
      "fly": {
        "canFly": true,
        "flySpeedHorizontal": 0.3
      },
      "wanderChance": 120
    }
  },
  "catchRate": 3,
  "maleRatio": -1,
  "shoulderMountable": false,
  "baseExperienceYield": 100,
  "experienceGroup": "slow",
  "eggCycles": 120,
  "eggGroups": [
    "undiscovered"
  ],
  "drops": {
    "amount": 1,
    "entries": [
      {
        "item": "minecrafr:redstone",
        "quantityRange": "1-7",
        "percentage": 100
      }
    ]
  },
  "moves": [
    "1:tackle",
    "1:confusion",
    "6:chargebeam",
    "12:ancientpower",
    "18:psyshock",
    "24:amnesia",
    "36:psychic",
    "30:irondefense",
    "42:recover",
    "48:flashcannon",
    "54:calmmind",
    "60:futuresight",
    "66:hyperbeam",
    "72:explosion",
    "tm:thunderwave",
    "tm:terablast",
    "tm:trickroom",
    "tm:gravity",
    "tm:wonderroom",
    "tm:healblock",
    "tm:painsplit",
    "tm:shadowball",
    "tm:thunderbolt",
    "tm:icebeam",
    "tm:reflect",
    "tm:lightscreen",
    "tm:skillswap",
    "tm:protect",
    "tm:substitute",
    "tm:energyball",
    "tm:powergem"
  ],
  "labels": [
    "custom"
  ],
  "pokedex": [
    "cobblemon.species.reginigma.desc1",
    "cobblemon.species.reginigma.desc2"
  ],
  "baseScale": 1,
  "hitbox": {
    "width": 2,
    "height": 3,
    "fixed": false
  },
  "baseFriendship": 50,
  "evYield": {
    "hp": 1,
    "attack": 0,
    "defence": 0,
    "special_attack": 0,
    "special_defence": 0,
    "speed": 0
  },
  "height": 1,
  "weight": 1,
  "evolutions": []
}