{
  "implemented": true,
  "name": "skeletox",
  "nationalPokedexNumber": 9992,
  "primaryType": "rock",
  "secondaryType": "poison",
  "abilities": [
    "gooey",
    "poisonpoint",
    "h:arenatrap"
  ],
  "baseStats": {
    "hp": 85,
    "attack": 110,
    "defence": 95,
    "special_attack": 85,
    "special_defence": 95,
    "speed": 45
  },
  "behaviour": {
    "resting": {
      "canSleep": true,
      "depth": "normal",
      "light": "0-4",
      "willSleepOnBed": false,
      "times": "night"
    },
    "moving": {
      "canLook": true,
      "walk": {
        "canWalk": true,
        "avoidsLand": false
      },
      "swim": {
        "swimSpeed": 0.3,
        "canSwimInWater": false,
        "canBreatheUnderwater": false
      },
      "fly": {
        "canFly": false,
        "flySpeedHorizontal": 0.3
      },
      "wanderChance": 1
    }
  },
  "catchRate": 45,
  "maleRatio": -1,
  "shoulderMountable": false,
  "baseExperienceYield": 100,
  "experienceGroup": "medium_slow",
  "eggCycles": 30,
  "eggGroups": [
    "amorphous"
  ],
  "drops": {
    "amount": 1,
    "entries": []
  },
  "moves": [
  "1:pound", 
  "1:poisongas", 
  "4:rockthrow", 
  "8:acid", 
  "12:ancientpower", 
  "16:smackdown", 
  "20:venoshock", 
  "24:rockslide", 
  "28:toxic", 
  "32:rockblast", 
  "36:sludgebomb", 
  "40:stoneedge", 
  "44:toxicspikes", 
  "48:headsmash", 
  "52:gunkshot",
  "tm:protect",
  "tm:terablast",
  "tm:substitute",
  "tm:sludgewave",
  "tm:rocktomb",
  "tm:spikes",
  "tm:stealthrock",
  "tm:earthquake",
  "tm:crunch",
  "tm:bodyslam",
  "tm:rest",
  "tm:bodypress",
  "tm:taunt",
  "tm:rockpolish",
  ],
  "labels": [
    "custom"
  ],
  "pokedex": [
    "cobblemon.species.skeletox.desc1",
    "cobblemon.species.skeletox.desc2"
  ],
  "baseScale": 1,
  "hitbox": {
    "width": 1,
    "height": 1,
    "fixed": false
  },
  "baseFriendship": 50,
  "evYield": {
    "hp": 0,
    "attack": 1,
    "defence": 0,
    "special_attack": 0,
    "special_defence": 0,
    "speed": 0
  },
  "height": 1,
  "weight": 1,
  "evolutions": []
}