{
  "implemented": true,
  "name": "wailnaut",
  "nationalPokedexNumber": 9994,
  "primaryType": "water",
  "secondaryType": "steel",
  "abilities": [
    "waterveil",
    "lightmetal",
    "h:filter"
  ],
  "baseStats": {
    "hp": 130,
    "attack": 35,
    "defence": 70,
    "special_attack": 35,
    "special_defence": 70,
    "speed": 60
  },
  "behaviour": {
    "resting": {
      "canSleep": true,
      "depth": "normal",
      "light": "0-4",
      "willSleepOnBed": false,
      "times": "night"
    },
    "moving": {
      "canLook": true,
      "walk": {
        "canWalk": true,
        "avoidsLand": true
      },
      "swim": {
        "swimSpeed": 0.3,
        "canSwimInWater": true,
        "canBreatheUnderwater": true
      },
      "fly": {
        "canFly": false,
        "flySpeedHorizontal": 0.3
      },
      "wanderChance": 1
    }
  },
  "catchRate": 125,
  "maleRatio": 0.5,
  "shoulderMountable": false,
  "baseExperienceYield": 137,
  "experienceGroup": "fluctuating",
  "eggCycles": 40,
  "eggGroups": [
    "water_2"
  ],
  "drops": {
    "amount": 1,
    "entries": []
  },
  "moves": [
    "1:splash",
    "1:growl",
    "1:astonish",
    "1:watergun",
    "5:metalsound",
    "10:waterpulse",
    "15:heavyslam",
    "20:brine",
    "25:geargrind",
    "30:dive",
    "35:ironhead",
    "40:bodyslam",
    "45:rest",
    "45:sleeptalk",
    "50:amnesia",
    "55:flashcannon",
    "60:waterspout",
    "tm:protect",
    "tm:terablast",
    "tm:substitute",
    "tm:surf",
    "tm:icebeam",
    "tm:scald",
    "tm:hydropump",
    "tm:irondefense",
    "tm:steelbeam",
    "tm:bulldoze",
    "tm:ironhead",
    "tm:heavyslam",
    "tm:flashcannon",
    "tm:smartstrike",
    "tm:waterpulse",
    "tm:whirlpool",
    "tm:raindance"

  ],
  "labels": [
    "custom"
  ],
  "pokedex": [
    "cobblemon.species.wailnaut.desc1",
    "cobblemon.species.wailnaut.desc2"
  ],
  "baseScale": 1,
  "hitbox": {
    "width": 1,
    "height": 1,
    "fixed": false
  },
  "baseFriendship": 50,
  "evYield": {
    "hp": 1,
    "attack": 0,
    "defence": 0,
    "special_attack": 0,
    "special_defence": 0,
    "speed": 0
  },
  "height": 1,
  "weight": 1,
  "evolutions": [
    {
      "id": "wailnaut-nautilord-level_up",
      "variant": "level_up",
      "result": "nautilord nautilord",
      "consumeHeldItem": false,
      "learnableMoves": [
        "irondefense"
      ],
      "requirements": [
        {
          "variant": "level",
          "minLevel": 40
        }
      ],
      "requiredContext": ""
    }
  ]
}