{
	"format_version": "1.12.0",
	"minecraft:geometry": [
		{
			"description": {
				"identifier": "geometry.cinnamouse",
				"texture_width": 64,
				"texture_height": 64,
				"visible_bounds_width": 2,
				"visible_bounds_height": 2.5,
				"visible_bounds_offset": [0, 0.75, 0]
			},
			"bones": [
				{
					"name": "cinnamouse",
					"pivot": [0, 0, 0]
				},
				{
					"name": "body",
					"parent": "cinnamouse",
					"pivot": [0, 0, 0],
					"cubes": [
						{"origin": [-3.50221, 0.50021, -5], "size": [7, 6, 9], "uv": [0, 0]},
						{"origin": [3.59779, 3.50021, -5], "size": [0, 3, 9], "uv": [18, 15]},
						{"origin": [-1.00221, 3.50021, -9.6], "size": [0, 3, 7], "pivot": [-1.00221, 5.50021, -5.1], "rotation": [0, -90, 0], "uv": [0, 31]},
						{"origin": [-1.00221, 3.50021, -0.4], "size": [0, 3, 7], "pivot": [-1.00221, 5.50021, 4.1], "rotation": [0, -90, 0], "uv": [32, 0]},
						{"origin": [-3.60221, 3.50021, -5], "size": [0, 3, 9], "uv": [18, 27]},
						{"origin": [2.49779, 0.60021, -5], "size": [0, 7, 9], "pivot": [2.49779, 6.60021, -0.5], "rotation": [0, 0, 90], "uv": [0, 15]}
					]
				},
				{
					"name": "nose",
					"parent": "body",
					"pivot": [-0.00221, 2.30021, -6.5],
					"cubes": [
						{"origin": [-1.50221, 0.80021, -8], "size": [3, 3, 3], "uv": [36, 10]}
					]
				},
				{
					"name": "tail",
					"parent": "body",
					"pivot": [-0.00221, 2.13446, 2.79068],
					"cubes": [
						{"origin": [-1.00221, 2.30021, 2], "size": [2, 8, 2], "pivot": [-0.00221, 2.30021, 3], "rotation": [-25, 0, 0], "uv": [36, 16]}
					]
				},
				{
					"name": "ears",
					"parent": "body",
					"pivot": [-0.50221, 2.30021, 3],
					"cubes": [
						{"origin": [1.49779, 6.00021, -3.5], "size": [2, 2, 2], "pivot": [2.49779, 6.00021, -2.5], "rotation": [0, 0, 30], "uv": [36, 26]},
						{"origin": [-3.50221, 6.00021, -3.5], "size": [2, 2, 2], "pivot": [-2.50221, 6.00021, -2.5], "rotation": [0, 0, -30], "uv": [36, 30]}
					]
				},
				{
					"name": "eyes",
					"parent": "body",
					"pivot": [-0.00221, 2.48796, -3],
					"cubes": [
						{"origin": [3.59779, 2.00021, -4], "size": [0, 1, 2], "uv": [14, 31]},
						{"origin": [-3.60221, 2.00021, -4], "size": [0, 1, 2], "uv": [32, 10]}
					]
				},
				{
					"name": "head",
					"parent": "body",
					"pivot": [-0.00221, 0.00021, 0],
					"cubes": [
						{"origin": [-1.00221, 2.00021, -1], "size": [2, 2, 2], "uv": [0, 41]}
					]
				},
				{
					"name": "feet",
					"parent": "cinnamouse",
					"pivot": [0, 0.5, 0]
				},
				{
					"name": "foot_front_right",
					"parent": "feet",
					"pivot": [-2, 1, -3],
					"cubes": [
						{"origin": [-3, 0, -4], "size": [2, 2, 2], "uv": [36, 34]}
					]
				},
				{
					"name": "foot_front_left",
					"parent": "feet",
					"pivot": [2, 1, -3],
					"cubes": [
						{"origin": [1, 0, -4], "size": [2, 2, 2], "uv": [36, 38]}
					]
				},
				{
					"name": "foot_back_left",
					"parent": "feet",
					"pivot": [2, 1, 2],
					"cubes": [
						{"origin": [1, 0, 1], "size": [2, 2, 2], "uv": [14, 39]}
					]
				},
				{
					"name": "foot_back_right",
					"parent": "feet",
					"pivot": [-2, 1, 2],
					"cubes": [
						{"origin": [-3, 0, 1], "size": [2, 2, 2], "uv": [22, 39]}
					]
				}
			]
		}
	]
}