{
 "species": "cobblemon:salangster",
 "order": 0,
 "variations": [
   {
     "aspects": [],
     "poser": "cobblemon:salangster",
     "model": "cobblemon:salangster.geo",
     "texture": "cobblemon:textures/pokemon/salangster/salangster.png",
     "layers": [
        {
              "name": "emissive",
              "emissive": true,
              "texture": "cobblemon:textures/pokemon/salangster/salangster_emissive.png",
              "translucent": true
        }
      ]
   },
   {
     "aspects": [
       "shiny"
     ],
     "texture": "cobblemon:textures/pokemon/salangster/salangster_shiny.png",
	 "layers": [
        {
              "name": "emissive",
              "emissive": true,
              "texture": "cobblemon:textures/pokemon/salangster/salangster_emissive.png",
              "translucent": true
        }
      ]
   }
 ]
}