{
	"format_version": "1.12.0",
	"minecraft:geometry": [
		{
			"description": {
				"identifier": "geometry.evolotto",
				"texture_width": 32,
				"texture_height": 32,
				"visible_bounds_width": 3,
				"visible_bounds_height": 2.5,
				"visible_bounds_offset": [0, 0.75, 0]
			},
			"bones": [
				{
					"name": "evolotto",
					"pivot": [-1, 0, 0.5]
				},
				{
					"name": "body",
					"parent": "evolotto",
					"pivot": [-1, 5, 0.5],
					"rotation": [-10, 0, 0],
					"cubes": [
						{"origin": [-3, 3.5, -2], "size": [4, 3, 5], "pivot": [-1, 5, 0.5], "rotation": [-5, 0, 0], "uv": [0, 0]}
					]
				},
				{
					"name": "neck",
					"parent": "body",
					"pivot": [-1, 5.75, -1.25],
					"rotation": [60, 0, 0],
					"cubes": [
						{"origin": [-2, 5.75, -2.25], "size": [2, 2, 2], "uv": [0, 16]}
					]
				},
				{
					"name": "head",
					"parent": "neck",
					"pivot": [-1, 8, -1.25],
					"rotation": [-2.5, 0, 0],
					"cubes": [
						{"origin": [-2.5, 7, -4.75], "size": [3, 3, 5], "uv": [0, 8]}
					]
				},
				{
					"name": "left_eye",
					"parent": "head",
					"pivot": [0.501, 8.5, -1.25],
					"rotation": [45, 0, 0],
					"cubes": [
						{"origin": [0.501, 8, -1.75], "size": [0, 1, 1], "uv": [0, -1]}
					]
				},
				{
					"name": "left_eyelid",
					"parent": "left_eye",
					"pivot": [0.401, 8.5, -1.25],
					"rotation": [45, 0, 0],
					"cubes": [
						{"origin": [0.401, 7.5, -2.25], "size": [0, 2, 2], "uv": [13, -2]}
					]
				},
				{
					"name": "right_eye",
					"parent": "head",
					"pivot": [-2.501, 8.5, -1.25],
					"rotation": [45, 0, 0],
					"cubes": [
						{"origin": [-2.501, 8, -1.75], "size": [0, 1, 1], "uv": [0, -1]}
					]
				},
				{
					"name": "right_eyelid",
					"parent": "right_eye",
					"pivot": [-2.401, 8.5, -1.25],
					"rotation": [45, 0, 0],
					"cubes": [
						{"origin": [-2.401, 7.5, -2.25], "size": [0, 2, 2], "uv": [13, 1]}
					]
				},
				{
					"name": "leg_front_right",
					"parent": "body",
					"pivot": [-2.5, 4.5, -1.5],
					"rotation": [10, 0, 0],
					"cubes": [
						{"origin": [-3, 2.5, -2], "size": [1, 2, 1], "uv": [16, 8]}
					]
				},
				{
					"name": "leg_front_left",
					"parent": "body",
					"pivot": [0.5, 4.5, -1.5],
					"rotation": [10, 0, 0],
					"cubes": [
						{"origin": [0, 2.5, -2], "size": [1, 2, 1], "uv": [16, 11]}
					]
				},
				{
					"name": "leg_back_right",
					"parent": "body",
					"pivot": [-2.5, 4.5, 2.5],
					"rotation": [10, 0, 0],
					"cubes": [
						{"origin": [-3, 2.5, 2], "size": [1, 2, 1], "uv": [16, 14]}
					]
				},
				{
					"name": "leg_back_left",
					"parent": "body",
					"pivot": [0.5, 4.5, 2.5],
					"rotation": [10, 0, 0],
					"cubes": [
						{"origin": [0, 2.5, 2], "size": [1, 2, 1], "uv": [16, 17]}
					]
				},
				{
					"name": "tail",
					"parent": "body",
					"pivot": [-1, 6, 2],
					"rotation": [22.5, 0, 0],
					"cubes": [
						{"origin": [-1.5, 5.5, 2], "size": [1, 1, 3], "uv": [8, 16]}
					]
				}
			]
		}
	]
}