{
 "species": "cobblemon:diglettlayoran",
 "order": 0,
 "variations": [
   {
     "aspects": [],
     "poser": "cobblemon:diglettlayoran",
     "model": "cobblemon:diglettlayoran.geo",
     "texture": "cobblemon:textures/pokemon/diglettlayoran/diglettlayoran.png",
     "layers": [{
		 "name": "emissive",
              "emissive": true,
              "texture": "cobblemon:textures/pokemon/diglettlayoran/diglettlayoran_emissive.png",
              "translucent": true
	 }]
   },
   {
     "aspects": [
       "shiny"
     ],
     "texture": "cobblemon:textures/pokemon/diglettlayoran/diglettlayoran_shiny.png",
	 "layers": [{
		 "name": "emissive",
              "emissive": true,
              "texture": "cobblemon:textures/pokemon/diglettlayoran/diglettlayoran_shiny_emissive.png",
              "translucent": true
	 }]
   }
 ]
}