{
	"format_version": "1.12.0",
	"minecraft:geometry": [
		{
			"description": {
				"identifier": "geometry.kabuto",
				"texture_width": 64,
				"texture_height": 64,
				"visible_bounds_width": 3,
				"visible_bounds_height": 2.5,
				"visible_bounds_offset": [0, 0.75, 0]
			},
			"bones": [
				{
					"name": "kabuto",
					"pivot": [0, 0, 0]
				},
				{
					"name": "body",
					"parent": "kabuto",
					"pivot": [0, 2.25, 0.5],
					"cubes": [
						{"origin": [-3, 0.25, -3], "size": [6, 2, 6], "uv": [0, 20]},
						{"origin": [-4, 0.75, -4], "size": [8, 2, 8], "pivot": [0, 2.25, 0.5], "rotation": [-10, 0, 0], "uv": [0, 0]},
						{"origin": [-3, 0.92365, 4.01519], "size": [6, 2, 3], "pivot": [0, 2.42365, -0.48481], "rotation": [-10, 0, 0], "uv": [24, 20]},
						{"origin": [-2.5, 2.12365, 4.51519], "size": [5, 1, 2], "pivot": [-0.5, 2.62365, 0.01519], "rotation": [-10, 0, 0], "uv": [28, 10]},
						{"origin": [-3.5, 1, -3.7], "size": [7, 3, 7], "pivot": [0, 2.25, 0.5], "rotation": [-10, 0, 0], "uv": [0, 10]}
					]
				},
				{
					"name": "arm",
					"parent": "body",
					"pivot": [-1.94441, 0.66534, -2.53316],
					"cubes": [
						{"origin": [-2, 0.25, -4.7], "size": [1, 1, 2], "pivot": [-1.5, 1.25, -2.7], "rotation": [38.46347, 11.84911, 9.26433], "uv": [28, 13]},
						{"origin": [-1.5, -0.75, -5.7], "size": [0, 2, 1], "pivot": [-1, 1.25, -2.7], "rotation": [38.46347, 11.84911, 9.26433], "uv": [32, 7]}
					]
				},
				{
					"name": "tail2",
					"parent": "body",
					"pivot": [1.92001, 0.2996, 6.36939],
					"cubes": [
						{"origin": [0, 0.70051, 6.50452], "size": [3, 0, 5], "pivot": [0, 0.17957, 6.05009], "rotation": [-10.62758, 19.6835, -3.61644], "uv": [24, 25]}
					]
				},
				{
					"name": "eye2",
					"parent": "body",
					"pivot": [-2.23101, 4.52891, -2.47261],
					"cubes": [
						{"origin": [-2.5, 7.26069, -3.33589], "size": [1, 1, 1], "inflate": 0.3, "pivot": [-2, 4.35374, -2.41533], "rotation": [-8.6822, -4.98093, -29.62165], "uv": [28, 30]},
						{"origin": [-2.5, 4.37083, -2.86302], "size": [1, 3, 0], "pivot": [-2, 4.35374, -2.41533], "rotation": [-8.6822, -4.98093, -29.62165], "uv": [32, 1]}
					]
				},
				{
					"name": "left_eye",
					"parent": "body",
					"pivot": [1.5, 1, -3]
				},
				{
					"name": "right_eye",
					"parent": "body",
					"pivot": [-1.5, 1, -3]
				},
				{
					"name": "right_front_leg",
					"parent": "body",
					"pivot": [-2.25, 0.5, -1],
					"rotation": [0, 0, -10],
					"cubes": [
						{"origin": [-2.75, -1.5, -2], "size": [1, 2, 1], "uv": [16, 28]}
					]
				},
				{
					"name": "right_front_leg2",
					"parent": "right_front_leg",
					"pivot": [-2.75, -1, -1.5],
					"cubes": [
						{"origin": [-2.75, -1.5, -1.5], "size": [2, 1, 0], "uv": [16, 31]}
					]
				},
				{
					"name": "right_back_leg",
					"parent": "body",
					"pivot": [-2.25, 0.5, 2.25],
					"rotation": [0, 0, -10],
					"cubes": [
						{"origin": [-2.75, -1.5, 1.25], "size": [1, 2, 1], "uv": [28, 16]}
					]
				},
				{
					"name": "right_back_leg2",
					"parent": "right_back_leg",
					"pivot": [-2.75, -1, 1.75],
					"cubes": [
						{"origin": [-2.75, -1.5, 1.75], "size": [2, 1, 0], "uv": [28, 19]}
					]
				},
				{
					"name": "left_front_leg",
					"parent": "body",
					"pivot": [2.25, 0.5, -1],
					"rotation": [0, 0, 10],
					"cubes": [
						{"origin": [1.75, -1.5, -2], "size": [1, 2, 1], "uv": [20, 28]}
					]
				},
				{
					"name": "left_front_leg2",
					"parent": "left_front_leg",
					"pivot": [2.75, -1, -1.5],
					"cubes": [
						{"origin": [0.75, -1.5, -1.5], "size": [2, 1, 0], "uv": [20, 31]}
					]
				},
				{
					"name": "left_back_leg",
					"parent": "body",
					"pivot": [2.25, 0.5, 2.25],
					"rotation": [0, 0, 10],
					"cubes": [
						{"origin": [1.75, -1.5, 1.25], "size": [1, 2, 1], "uv": [24, 30]}
					]
				},
				{
					"name": "left_back_leg2",
					"parent": "left_back_leg",
					"pivot": [2.75, -1, 1.75],
					"cubes": [
						{"origin": [0.75, -1.5, 1.75], "size": [2, 1, 0], "uv": [32, 0]}
					]
				},
				{
					"name": "eye",
					"parent": "body",
					"pivot": [2.23101, 4.52891, -2.47261],
					"cubes": [
						{"origin": [1.5, 7.26069, -3.33589], "size": [1, 1, 1], "inflate": 0.3, "pivot": [2, 4.35374, -2.41533], "rotation": [-8.6822, 4.98093, 29.62165], "uv": [28, 30], "mirror": true},
						{"origin": [1.5, 4.37083, -2.86302], "size": [1, 3, 0], "pivot": [2, 4.35374, -2.41533], "rotation": [-8.6822, 4.98093, 29.62165], "uv": [32, 1], "mirror": true}
					]
				},
				{
					"name": "tail",
					"parent": "body",
					"pivot": [-2.02001, 0.2996, 6.36939],
					"cubes": [
						{"origin": [-3, 0.70051, 6.50452], "size": [3, 0, 5], "pivot": [0, 0.17957, 6.05009], "rotation": [-10.62758, -19.6835, 3.61644], "uv": [0, 28]}
					]
				},
				{
					"name": "arm2",
					"parent": "body",
					"pivot": [1.94441, 0.66534, -2.53316],
					"cubes": [
						{"origin": [1, 0.25, -4.7], "size": [1, 1, 2], "pivot": [1.5, 1.25, -2.7], "rotation": [38.46347, -11.84911, -9.26433], "uv": [28, 13], "mirror": true},
						{"origin": [1.5, -0.75, -5.7], "size": [0, 2, 1], "pivot": [1, 1.25, -2.7], "rotation": [38.46347, -11.84911, -9.26433], "uv": [32, 4]}
					]
				}
			]
		}
	]
}