{
	"format_version": "1.12.0",
	"minecraft:geometry": [
		{
			"description": {
				"identifier": "geometry.unknown",
				"texture_width": 32,
				"texture_height": 32,
				"visible_bounds_width": 2,
				"visible_bounds_height": 2.5,
				"visible_bounds_offset": [0, 0.75, 0]
			},
			"bones": [
				{
					"name": "protobi_fetus",
					"pivot": [0, 0, -1.75]
				},
				{
					"name": "body",
					"parent": "protobi_fetus",
					"pivot": [0, 7.9, -0.25],
					"cubes": [
						{"origin": [-2, 5.4, -1.75], "size": [4, 5, 3], "uv": [0, 8]}
					]
				},
				{
					"name": "leftwing",
					"parent": "body",
					"pivot": [2, 9.4, 1.25],
					"cubes": [
						{"origin": [2, 8.4, 1.25], "size": [0, 2, 1], "uv": [7, 15]}
					]
				},
				{
					"name": "rightwing",
					"parent": "body",
					"pivot": [-2, 9.4, 1.25],
					"cubes": [
						{"origin": [-2, 8.4, 1.25], "size": [0, 2, 1], "uv": [1, 1]}
					]
				},
				{
					"name": "head",
					"parent": "body",
					"pivot": [0, 10.25, -0.25],
					"cubes": [
						{"origin": [-2.5, 10.25, -2.75], "size": [5, 4, 4], "inflate": 0.01, "uv": [0, 0]},
						{"origin": [2.5, 11.25, 0.625], "size": [2, 2, 0], "pivot": [4, 12.25, 0.625], "rotation": [-9.25, 0, 0], "uv": [16, 21]},
						{"origin": [-4.5, 11.25, 0.625], "size": [2, 2, 0], "pivot": [-4, 12.25, 0.625], "rotation": [-9.25, 0, 0], "uv": [12, 21]},
						{"origin": [-3, 13.25, 0.625], "size": [6, 3, 0], "pivot": [4, 12.25, 0.625], "rotation": [-9.25, 0, 0], "uv": [7, 27]},
						{"origin": [-2, 11.25, -4.05], "size": [4, 2, 2], "inflate": 0.01, "pivot": [0, 11.75, -3.55], "rotation": [22.5, 0, 0], "uv": [14, 0]},
						{"origin": [-1, 10.75, -4.075], "size": [2, 2, 0], "inflate": 0.01, "pivot": [0, 11.75, -3.55], "rotation": [22.5, 0, 0], "uv": [1, 26]}
					]
				},
				{
					"name": "jaw",
					"parent": "head",
					"pivot": [0, 11.55, -2.75],
					"cubes": [
						{"origin": [-1.5, 10.5, -3.55], "size": [3, 1, 3], "inflate": -0.01, "pivot": [0, 12.5, -2.05], "rotation": [0, 0, 0], "uv": [11, 13]}
					]
				},
				{
					"name": "eye_left",
					"parent": "head",
					"pivot": [2.5, 12.25, -0.75],
					"cubes": [
						{"origin": [2, 11.25, -1.75], "size": [1, 2, 2], "uv": [6, 21]}
					]
				},
				{
					"name": "eye_right",
					"parent": "head",
					"pivot": [0, -1.75, 0.75],
					"cubes": [
						{"origin": [-3, 11.25, -1.75], "size": [1, 2, 2], "uv": [0, 20]}
					]
				},
				{
					"name": "tail",
					"parent": "body",
					"pivot": [0, 6.15, 1.25],
					"cubes": [
						{"origin": [-1, 5.15, 0.25], "size": [2, 2, 2], "inflate": 0.01, "uv": [16, 17]}
					]
				},
				{
					"name": "tail2",
					"parent": "tail",
					"pivot": [0, 5.15, 1.75],
					"cubes": [
						{"origin": [-0.5, 3.45, 0.75], "size": [1, 2, 1], "inflate": 0.01, "uv": [20, 23]}
					]
				},
				{
					"name": "tail3",
					"parent": "tail2",
					"pivot": [0, 3.475, 1.75],
					"cubes": [
						{"origin": [-0.5, 2.45, 0.75], "size": [1, 1, 1], "inflate": -0.01, "uv": [0, 0]}
					]
				},
				{
					"name": "arms",
					"parent": "body",
					"pivot": [0, 9.15, -1.25]
				},
				{
					"name": "arm_left",
					"parent": "arms",
					"pivot": [2, 9.65, -1.75],
					"cubes": [
						{"origin": [2, 9.15, -2.75], "size": [3, 1, 1], "uv": [20, 13]}
					]
				},
				{
					"name": "arm_left2",
					"parent": "arm_left",
					"pivot": [5, 9.65, -1.75],
					"cubes": [
						{"origin": [5, 9.15, -2.75], "size": [3, 1, 1], "uv": [18, 6]}
					]
				},
				{
					"name": "arm_right",
					"parent": "arms",
					"pivot": [-2, 9.65, -1.75],
					"cubes": [
						{"origin": [-5, 9.15, -2.75], "size": [3, 1, 1], "uv": [18, 4]}
					]
				},
				{
					"name": "arm_right2",
					"parent": "arm_right",
					"pivot": [-5, 9.65, -1.75],
					"cubes": [
						{"origin": [-8, 9.15, -2.75], "size": [3, 1, 1], "uv": [14, 11]}
					]
				},
				{
					"name": "legs",
					"parent": "body",
					"pivot": [-0.75, 1.9, 1.75]
				},
				{
					"name": "leg_left",
					"parent": "legs",
					"pivot": [2, 7.1, -1.55],
					"cubes": [
						{"origin": [1, 5, -2.05], "size": [2, 2, 2], "uv": [8, 17]}
					]
				},
				{
					"name": "leg_left2",
					"parent": "leg_left",
					"pivot": [2, 5, -0.05],
					"cubes": [
						{"origin": [1.5, 2, -1.05], "size": [1, 3, 1], "uv": [23, 15]}
					]
				},
				{
					"name": "leg_right",
					"parent": "legs",
					"pivot": [-2, 7.1, -1.55],
					"cubes": [
						{"origin": [-3, 5, -2.05], "size": [2, 2, 2], "uv": [0, 16]}
					]
				},
				{
					"name": "leg_right2",
					"parent": "leg_right",
					"pivot": [-2, 5, -0.05],
					"cubes": [
						{"origin": [-2.5, 2, -1.05], "size": [1, 3, 1], "uv": [21, 8]}
					]
				}
			]
		}
	]
}