{
	"format_version": "1.8.0",
	"animations": {
		"animation.flamandua.pose": {
			"loop": true,
			"bones": {
				"top": {
					"rotation": [52.5, 0, 0]
				},
				"neck": {
					"rotation": [-37.5, 0, 0]
				},
				"r_arm": {
					"rotation": [30.95719, -46.37521, -31.44078]
				},
				"bone13": {
					"rotation": [0, -15, 25]
				},
				"bone14": {
					"rotation": [0, -27.5, -22.5]
				},
				"l_arm": {
					"rotation": [58.00103, 36.35256, 58.00103]
				},
				"bone12": {
					"rotation": [0, 5, -22.5]
				},
				"bone19": {
					"rotation": [1.30078, 27.47162, -19.68203]
				},
				"bone24": {
					"rotation": [0, 0, -47.5]
				},
				"bone": {
					"rotation": [0, 0, 72.5]
				}
			}
		},
		"animation.flamandua.ground_idle": {
			"loop": true,
			"animation_length": 4,
			"bones": {
				"top": {
					"rotation": ["52.5 + math.sin(query.anim_time * 90) * 4", 0, 0]
				},
				"neck": {
					"rotation": ["-37.5 + math.sin(query.anim_time * 180) * 4", 0, 0]
				},
				"r_arm": {
					"rotation": [61.17006, -9.655, -46.95592],
					"position": [0, -19, -8]
				},
				"bone13": {
					"rotation": [0, -15, 25]
				},
				"bone14": {
					"rotation": {
						"0.0": [0, -27.5, -22.5],
						"0.25": [0, -27.5, -22.5]
					},
					"position": [0, 0, 0]
				},
				"l_arm": {
					"rotation": [70.37984, -4.83711, 64.76856],
					"position": [0, -19, -8]
				},
				"bone12": {
					"rotation": [0, 5, -22.5]
				},
				"bone19": {
					"rotation": {
						"0.0": [1.3, 27.47, -19.68],
						"0.25": [1.30078, 27.47162, -19.68203]
					},
					"position": [0, 0, 0]
				},
				"bone24": {
					"rotation": [0, 0, -47.5]
				},
				"bottom": {
					"rotation": ["math.sin(query.anim_time * 180) * 4", 0, 0]
				},
				"tail": {
					"rotation": ["math.sin(query.anim_time * 90) * 4", 0, 0]
				},
				"bone22": {
					"rotation": ["math.sin(query.anim_time * 90) * 10", 0, 0]
				},
				"bone23": {
					"rotation": ["math.sin(query.anim_time * 90) * 20", 0, 0]
				},
				"bone": {
					"rotation": {
						"0.0": [0, 0, 65],
						"3.25": [0, 0, 65]
					}
				},
				"bone2": {
					"scale": 0
				},
				"bone25": {
					"scale": 0
				}
			}
		},
		"animation.flamandua.ground_walk": {
			"loop": true,
			"animation_length": 4.0417,
			"bones": {
				"body": {
					"rotation": [0, "math.sin(query.anim_time * 90) * 3", 0]
				},
				"r_arm": {
					"rotation": ["math.sin(query.anim_time * 180)", "math.sin(query.anim_time * 180)", "-35 + math.sin(query.anim_time * 180)"]
				},
				"bone13": {
					"rotation": [50, -67.5, 0]
				},
				"bone14": {
					"rotation": [0, -20, -45]
				},
				"bone2": {
					"scale": 0
				},
				"l_arm": {
					"rotation": ["math.sin(query.anim_time * 180)", "math.sin(query.anim_time * 180)", "35 + math.sin(query.anim_time * 180)"]
				},
				"bone12": {
					"rotation": [50, 67.5, 0]
				},
				"bone19": {
					"rotation": [0, 20, 45]
				},
				"bone25": {
					"scale": 0
				},
				"top": {
					"rotation": ["12.5+math.sin(query.anim_time * 90) *3", 0, 0]
				},
				"neck": {
					"rotation": ["math.sin(query.anim_time * -90) * 8", "math.cos(query.anim_time * -90) * 2", 0]
				},
				"tail": {
					"rotation": ["math.sin(query.anim_time * 90) * 4", 0, 0]
				},
				"bone22": {
					"rotation": ["math.sin(query.anim_time * 180) * 10", 0, 0]
				},
				"bone23": {
					"rotation": ["math.sin(query.anim_time * 90) * 20", 0, 0]
				},
				"bone4": {
					"position": {
						"0.0": {
							"post": [0, 0, 0],
							"lerp_mode": "catmullrom"
						},
						"0.6667": {
							"post": [0, 3.50312, -0.85332],
							"lerp_mode": "catmullrom"
						},
						"1.0": {
							"post": [0, 0.88613, -2.43988],
							"lerp_mode": "catmullrom"
						},
						"3.0417": {
							"post": [0, -0.47808, 1.31877],
							"lerp_mode": "catmullrom"
						},
						"4.0": {
							"post": [0, 0, 0],
							"lerp_mode": "catmullrom"
						}
					}
				},
				"bone5": {
					"position": {
						"0.0": {
							"post": [0, 0, 0],
							"lerp_mode": "catmullrom"
						},
						"0.9583": {
							"post": [0, -0.47808, 1.31877],
							"lerp_mode": "catmullrom"
						},
						"1.9583": {
							"post": [0, 3.50312, -0.85332],
							"lerp_mode": "catmullrom"
						},
						"3.0": {
							"post": [0, 0.88613, -2.43988],
							"lerp_mode": "catmullrom"
						},
						"4.0": {
							"post": [0, 0, 0],
							"lerp_mode": "catmullrom"
						}
					}
				}
			}
		}
	}
}