{
	"format_version": "1.12.0",
	"minecraft:geometry": [
		{
			"description": {
				"identifier": "geometry.shieldanyte_fetus",
				"texture_width": 32,
				"texture_height": 32,
				"visible_bounds_width": 2,
				"visible_bounds_height": 1.5,
				"visible_bounds_offset": [0, 0.25, 0]
			},
			"bones": [
				{
					"name": "fetus",
					"pivot": [0, 2.54236, -1.87152]
				},
				{
					"name": "body",
					"parent": "fetus",
					"pivot": [0, 3.54236, 0.12848],
					"cubes": [
						{"origin": [-3, 2, -4], "size": [0, 2, 2], "pivot": [-3, 3, -2], "rotation": [0, 37.5, 0], "uv": [0, 18]},
						{"origin": [0.7, 0, -2.5], "size": [2, 1, 2], "uv": [0, 12]},
						{"origin": [-2.7, 0, 0.5], "size": [2, 1, 2], "uv": [8, 12]},
						{"origin": [0.7, 0, 0.5], "size": [2, 1, 2], "uv": [0, 15]},
						{"origin": [-2.7, 0, -2.5], "size": [2, 1, 2], "uv": [8, 15]},
						{"origin": [-2.6, 3.5, -4], "size": [2, 1, 0], "inflate": 0.01, "pivot": [-1.6, 3.5, -3.5], "rotation": [0, 0, -15], "uv": [5, 19]},
						{"origin": [0.7, 3, -4], "size": [2, 2, 1], "pivot": [1.7, 4, -3.5], "rotation": [0, 0, 15], "uv": [16, 12]},
						{"origin": [-3, 1, -3], "size": [6, 6, 6], "uv": [0, 0]},
						{"origin": [3, 2, -4], "size": [0, 2, 2], "pivot": [3, 3, -2], "rotation": [0, -37.5, 0], "uv": [10, 18]},
						{"origin": [0.6, 3.5, -4], "size": [2, 1, 0], "inflate": 0.01, "pivot": [1.6, 3.5, -3.5], "rotation": [0, 0, 15], "uv": [15, 19]},
						{"origin": [-2.7, 3, -4], "size": [2, 2, 1], "pivot": [-1.7, 4, -3.5], "rotation": [0, 0, -15], "uv": [16, 15]}
					]
				}
			]
		}
	]
}