
{
  "species": "cobblemon:psyking",
  "order": 1997,
  "variations": [
    {
      "aspects": ["spaceworldmons"],
      "poser": "spaceworldmons:0186_psyking",
      "model": "spaceworldmons:psyking-spaceworldmons.geo",
      "texture": "spaceworldmons:textures/pokemon/0186_psyking/psyking.png",
      "layers": [
        {
          "name": "ectoplasm",
          "texture": "spaceworldmons:textures/pokemon/0186_psyking/ectoplasm.png",
		  "translucent": true
        },
		{
          "name": "eyes_nerves",
          "texture": "spaceworldmons:textures/pokemon/0186_psyking/eyes_nerves.png",
		  "emissive": true
        }
      ]
    },
    {
      "aspects": ["spaceworldmons", "shiny"],
      "texture": "spaceworldmons:textures/pokemon/0186_psyking/psyking_shiny.png",
	  "layers": [
        {
          "name": "ectoplasm",
          "texture": "spaceworldmons:textures/pokemon/0186_psyking/ectoplasm_shiny.png",
		  "translucent": true
        },
		{
          "name": "eyes_nerves",
          "texture": "spaceworldmons:textures/pokemon/0186_psyking/eyes_nerves_shiny.png",
		  "emissive": true
        }
      ]
    }
  ]
}
