{
  "implemented": true,
  "nationalPokedexNumber": 712,
  "name": "Bergmite",
  "primaryType": "ice",
  "maleRatio": 0.5,
  "height": 10,
  "weight": 995,
  "pokedex": [
    "cobblemon.species.bergmite.desc"
  ],
  "labels": [
    "gen6",
    "kalosian_form"
  ],
  "aspects": [],
  "abilities": [
    "owntempo",
    "icebody",
    "h:sturdy"
  ],
  "eggGroups": [
    "monster",
    "mineral"
  ],
  "baseStats": {
    "hp": 55,
    "attack": 69,
    "defence": 85,
    "special_attack": 32,
    "special_defence": 35,
    "speed": 28
  },
  "features": [
    "ultravariant",
    "shining",
    "ore"
  ],
  "evYield": {
    "hp": 0,
    "attack": 0,
    "defence": 1,
    "special_attack": 0,
    "special_defence": 0,
    "speed": 0
  },
  "baseExperienceYield": 61,
  "experienceGroup": "medium_fast",
  "catchRate": 190,
  "shoulderMountable": false,
  "eggCycles": 20,
  "baseFriendship": 50,
  "baseScale": 0.95,
  "hitbox": {
    "width": 0.95,
    "height": 0.8,
    "fixed": false
  },
  "behaviour": {
    "moving": {
      "swim": {
        "swimSpeed": 0.1,
        "canBreatheUnderwater": true,
        "canWalkOnWater": true
      },
      "walk": {
        "walkSpeed": 0.15
      }
    },
    "resting": {
      "canSleep": true,
      "light": "0-4"
    }
  },
  "drops": {
    "amount": 2,
    "entries": [
      {
        "item": "cobblemon:never_melt_ice",
        "percentage": 2.5
      },
      {
        "item": "cobblemon:aspear_berry",
        "percentage": 2.5
      }
    ]
  },
  "moves": [
    "1:harden",
    "1:rapidspin",
    "3:tackle",
    "6:powdersnow",
    "9:curse",
    "12:icywind",
    "15:protect",
    "18:avalanche",
    "21:bite",
    "24:icefang",
    "27:irondefense",
    "30:recover",
    "33:crunch",
    "36:takedown",
    "39:blizzard",
    "42:doubleedge",
    "egg:auroraveil",
    "egg:barrier",
    "egg:mirrorcoat",
    "egg:mist",
    "egg:sharpen",
    "tm:afteryou",
    "tm:auroraveil",
    "tm:avalanche",
    "tm:blizzard",
    "tm:bodyslam",
    "tm:bulldoze",
    "tm:chillingwater",
    "tm:crunch",
    "tm:curse",
    "tm:doubleedge",
    "tm:endure",
    "tm:facade",
    "tm:flash",
    "tm:frostbreath",
    "tm:gyroball",
    "tm:hail",
    "tm:iceball",
    "tm:icebeam",
    "tm:icefang",
    "tm:icespinner",
    "tm:iciclespear",
    "tm:icywind",
    "tm:irondefense",
    "tm:protect",
    "tm:raindance",
    "tm:rest",
    "tm:rockpolish",
    "tm:rockslide",
    "tm:rocksmash",
    "tm:rocktomb",
    "tm:safeguard",
    "tm:sleeptalk",
    "tm:snowscape",
    "tm:stoneedge",
    "tm:strength",
    "tm:substitute",
    "tm:takedown",
    "tm:terablast",
    "tutor:afteryou",
    "tutor:bulldoze",
    "tutor:iceball",
    "tutor:icebeam",
    "tutor:icefang",
    "tutor:icywind",
    "tutor:irondefense",
    "tutor:rest",
    "tutor:rockslide",
    "tutor:rocksmash",
    "tutor:sleeptalk",
    "tutor:stoneedge"
  ],
  "evolutions": [
    {
      "id": "bergmite_avalugg",
      "variant": "level_up",
      "result": "avalugg",
      "consumeHeldItem": false,
      "learnableMoves": [
        "bodyslam"
      ],
      "requirements": [
        {
          "variant": "level",
          "minLevel": 37
        },
        {
          "variant": "biome",
          "biomeAnticondition": "#cobblemon:evolution/regional/bergmite_hisuibiome"
        }
      ]
    },
    {
      "id": "bergmite_avalugghisui",
      "variant": "level_up",
      "result": "avalugg",
      "consumeHeldItem": false,
      "learnableMoves": [
        "rockslide"
      ],
      "requirements": [
        {
          "variant": "level",
          "minLevel": 37
        },
        {
          "variant": "biome",
          "biomeCondition": "#cobblemon:evolution/regional/bergmite_hisuibiome"
        },
        {
          "variant": "biome",
          "biomeAnticondition": "#cobblemon:evolution/regional/bergmite_kalosbiome"
        }
      ]
    }
  ],
  "forms": [
    {
      "name": "ultravariant",
      "primaryType": "rock",
      "abilities": [
        "clearbody",
        "h:solidrock"
      ],
      "drops": {
        "amount": 1,
        "entries": [
          {
            "item": "minecraft:stone",
            "percentage": 50.0
          }
        ]
      },
      "baseStats": {
        "hp": 55,
        "attack": 59,
        "defence": 65,
        "special_attack": 32,
        "special_defence": 65,
        "speed": 28
      },
      "catchRate": 190,
      "maleRatio": 0.5,
      "shoulderMountable": true,
      "baseExperienceYield": 61,
      "baseFriendship": 50,
      "evYield": {
        "hp": 0,
        "attack": 0,
        "defence": 1,
        "special_attack": 0,
        "special_defence": 0,
        "speed": 0
      },
      "experienceGroup": "medium_fast",
      "eggCycles": 20,
      "eggGroups": [
        "mineral",
        "monster"
      ],
  "behaviour": {
    "moving": {
      "swim": {
        "swimSpeed": 0.1,
        "canBreatheUnderwater": true,
        "canWalkOnWater": true
      },
      "walk": {
        "walkSpeed": 0.15
      }
    },
    "resting": {
      "canSleep": true,
      "light": "0-4"
    }
  },
  "moves": [
    "1:harden",
    "1:rapidspin",
    "3:tackle",
    "6:accelerock",
    "9:curse",
    "12:icywind",
    "15:protect",
    "18:avalanche",
    "21:bite",
    "24:ancientpower",
    "27:irondefense",
    "30:recover",
    "33:crunch",
    "36:takedown",
    "39:stoneedge",
    "42:doubleedge",
    "egg:auroraveil",
    "egg:barrier",
    "egg:mirrorcoat",
    "egg:mist",
    "egg:sharpen",
    "tm:afteryou",
    "tm:auroraveil",
    "tm:avalanche",
    "tm:blizzard",
    "tm:bodyslam",
    "tm:bulldoze",
    "tm:chillingwater",
    "tm:crunch",
    "tm:curse",
    "tm:doubleedge",
    "tm:endure",
    "tm:facade",
    "tm:flash",
    "tm:frostbreath",
    "tm:gyroball",
    "tm:hail",
    "tm:iceball",
    "tm:icebeam",
    "tm:icefang",
    "tm:icespinner",
    "tm:iciclespear",
    "tm:icywind",
    "tm:irondefense",
    "tm:protect",
    "tm:raindance",
    "tm:rest",
    "tm:rockpolish",
    "tm:rockslide",
    "tm:rocksmash",
    "tm:rocktomb",
    "tm:safeguard",
    "tm:sleeptalk",
    "tm:snowscape",
    "tm:stoneedge",
    "tm:strength",
    "tm:substitute",
    "tm:takedown",
    "tm:terablast",
    "tutor:afteryou",
    "tutor:bulldoze",
    "tutor:iceball",
    "tutor:icebeam",
    "tutor:icefang",
    "tutor:icywind",
    "tutor:irondefense",
    "tutor:rest",
    "tutor:rockslide",
    "tutor:rocksmash",
    "tutor:sleeptalk",
    "tutor:stoneedge"
  ],
      "labels": [
        "gen6",
        "ultravariant_regional"
      ],
      "pokedex": [
        
      ],
       "evolutions": [
      ],
      "baseScale": 1,
      "hitbox": {
        "width": 1,
        "height": 1,
        "fixed": false},
      "aspects": [
        "ultravariant"
      ],
      "height": 10,
      "weight": 995,
      "cannotDynamax": false,
      "battleOnly": false
    },
    {
      "name": "Hisui-Bias",
      "primaryType": "ice",
      "maleRatio": 0.5,
      "height": 10,
      "weight": 995,
      "pokedex": [
        "cobblemon.species.bergmite-hisuibias.desc"
      ],
      "labels": [
        "gen8a",
        "customized_official",
        "hisuian_form"
      ],
      "aspects": [
        "region-bias-hisui"
      ],
      "dynamaxBlocked": false,
      "evolutions": [
        {
          "id": "bergmite_avalugg",
          "variant": "level_up",
          "result": "avalugg",
          "consumeHeldItem": false,
          "learnableMoves": [
            "bodyslam"
          ],
          "requirements": [
            {
              "variant": "level",
              "minLevel": 37
            },
            {
              "variant": "biome",
              "biomeAnticondition": "#cobblemon:evolution/regional/bergmite_hisuibiome"
            },
            {
              "variant": "biome",
              "biomeCondition": "#cobblemon:evolution/regional/bergmite_kalosbiome"
            }
          ]
        },
        {
          "id": "bergmite_avalugghisui",
          "variant": "level_up",
          "result": "avalugg",
          "consumeHeldItem": false,
          "learnableMoves": [
            "rockslide"
          ],
          "requirements": [
            {
              "variant": "level",
              "minLevel": 37
            },
            {
              "variant": "biome",
              "biomeAnticondition": "#cobblemon:evolution/regional/bergmite_kalosbiome"
            }
          ]
        }
      ]
    }
  ]
}