{
	"format_version": "1.8.0",
	"animations": {
		"animation.anobuto.ground_idle": {
			"loop": true,
			"animation_length": 4,
			"bones": {
				"right_back_leg": {
					"rotation": [30.229, "6.0728+math.sin(query.anim_time*90*2)*1", "92.6268-math.sin(query.anim_time*90*2)*3"],
					"position": ["-0.5-math.sin(query.anim_time*90*2)*0.02", 0.25, "0-math.sin(query.anim_time*90*2)*0.02"]
				},
				"right_front_leg": {
					"rotation": ["-30.229+math.sin(query.anim_time*90*2)*1", "-6.0728-math.sin(query.anim_time*90*2)*1", "92.6268-math.sin(query.anim_time*90*2)*3"],
					"position": ["-0.5+math.sin(query.anim_time*90*2)*0.02", 0.25, "0-math.sin(query.anim_time*90*2)*0.02"]
				},
				"left_front_leg": {
					"rotation": ["-30.229+math.sin(query.anim_time*90*2)*1", "6.0728+math.sin(query.anim_time*90*2)*1", "-92.6268+math.sin(query.anim_time*90*2)*3"],
					"position": ["0.5-math.sin(query.anim_time*90*2)*0.02", 0.25, "0-math.sin(query.anim_time*90*2)*0.02"]
				},
				"left_back_leg": {
					"rotation": [30.229, "-6.0728-math.sin(query.anim_time*90*2)*1", "-92.6268+math.sin(query.anim_time*90*2)*3"],
					"position": ["0.5+math.sin(query.anim_time*90*2)*0.02", 0.25, "0-math.sin(query.anim_time*90*2)*0.02"]
				},
				"left_back_leg2": {
					"rotation": [0, 0, "-47.5-math.sin(query.anim_time*90*2)*4"],
					"position": ["0-math.sin(query.anim_time*90*2)*0.05", "0+math.sin(query.anim_time*90*2)*0.03", 0]
				},
				"right_front_leg2": {
					"rotation": [0, 0, "47.5+math.sin(query.anim_time*90*2)*4"],
					"position": ["0+math.sin(query.anim_time*90*2)*0.05", "0+math.sin(query.anim_time*90*2)*0.03", 0]
				},
				"right_back_leg2": {
					"rotation": [0, 0, "47.5+math.sin(query.anim_time*90*2)*4"],
					"position": ["0+math.sin(query.anim_time*90*2)*0.05", "0+math.sin(query.anim_time*90*2)*0.03", 0]
				},
				"left_front_leg2": {
					"rotation": [0, 0, "-47.5-math.sin(query.anim_time*90*2)*4"],
					"position": ["0-math.sin(query.anim_time*90*2)*0.05", "0+math.sin(query.anim_time*90*2)*0.03", 0]
				},
				"body": {
					"position": [0, "0.5+math.sin(query.anim_time*90*2)*0.1", 0]
				},
				"body2": {
					"rotation": ["2.5+math.cos(query.anim_time*90*2)*1/2", "0-math.sin(query.anim_time*90*2/2)*1/2", "0+math.cos(query.anim_time*90*2/2)*1/2"],
					"position": [0, -0.25, 0]
				},
				"arm": {
					"rotation": [-42.5, 0, 0]
				},
				"arm2": {
					"rotation": [-45, 0, 0]
				},
				"eye": {
					"rotation": [0, 0, "0-math.sin(query.anim_time*90*2-80)*5"]
				},
				"eye2": {
					"rotation": [0, 0, "0+math.sin(query.anim_time*90*2-60)*5"]
				},
				"tail": {
					"rotation": ["10+math.sin(query.anim_time*90*2-60)*5", 0, 0]
				},
				"tail2": {
					"rotation": ["10+math.sin(query.anim_time*90*2-40)*5", 0, 0]
				}
			}
		},
		"animation.anobuto.ground_walk": {
			"loop": true,
			"animation_length": 4,
			"bones": {
				"right_back_leg": {
					"rotation": [
						"30-32*(math.sin(q.anim_time*90*15+30)*1+1)",
						"math.clamp(math.sin(((query.anim_time) - (0.75/4)) * 90 * 15) * 8, -5, 8)",
						"92.6268+math.clamp(math.sin(((query.anim_time) - (0.75/4)) * 90 * 15) * 8, -5, 8)"
					],
					"position": [-0.5, 0.25, 0]
				},
				"right_front_leg": {
					"rotation": [
						"-10-32*(math.sin(q.anim_time*90*15+30+180)*1+1)",
						"math.clamp(math.sin(((query.anim_time) - (0.75/4)) * 90 * 15+180) * 8, -5, 8)",
						"92.6268+math.clamp(math.sin(((query.anim_time) - (0.75/4)) * 90 * 15+180) * 8, -5, 8)"
					],
					"position": [-0.5, 0.25, 0]
				},
				"left_front_leg": {
					"rotation": [
						"-1-32*(math.sin(q.anim_time*90*15+30)*1+1)",
						"-math.clamp(math.sin(((query.anim_time) - (0.75/4)) * 90 * 15) * 8, -5, 8)",
						"-92.6268-math.clamp(math.sin(((query.anim_time) - (0.75/4)) * 90 * 15) * 8, -5, 8)"
					],
					"position": [0.5, 0.25, 0]
				},
				"left_back_leg": {
					"rotation": [
						"30-32*(math.sin(q.anim_time*90*15+30+180)*1+1)",
						"-math.clamp(math.sin(((query.anim_time) - (0.75/4)) * 90 * 15+180) * 8, -5, 8)",
						"-92.6268-math.clamp(math.sin(((query.anim_time) - (0.75/4)) * 90 * 15+180) * 8, -5, 8)"
					],
					"position": [0.5, 0.25, 0]
				},
				"left_back_leg2": {
					"rotation": [0, 0, "-47.5-math.clamp(math.sin(((query.anim_time) - (0.75/4)) * 90 * 15+180) * 30, -5, 30)"],
					"position": [0, 0, 0]
				},
				"right_front_leg2": {
					"rotation": [0, 0, "47.5+math.clamp(math.sin(((query.anim_time) - (0.75/4)) * 90 * 15+180) * 30, -5, 30)"],
					"position": [0, 0, 0]
				},
				"right_back_leg2": {
					"rotation": [0, 0, "47.5+math.clamp(math.sin(((query.anim_time) - (0.75/4)) * 90 * 15) * 30, -5, 30)"],
					"position": [0, 0, 0]
				},
				"left_front_leg2": {
					"rotation": [0, 0, "-47.5-math.clamp(math.sin(((query.anim_time) - (0.75/4)) * 90 * 15) * 30, -5, 30)"],
					"position": [0, 0, 0]
				},
				"body": {
					"rotation": [
						"math.sin((query.anim_time) * 90 * 2) * 2.5",
						"math.sin((query.anim_time) * 90 * 2+80) * 2.5",
						"math.sin((query.anim_time) * 90 * 2+180) * 2.5+math.sin((query.anim_time) * 90 * 15+140) * 0.5"
					],
					"position": [0, "1.1 - (12/21) + math.abs(math.sin(((query.anim_time) - (1/4)) * 90 * 15+60) * (0.15))", 0]
				},
				"body2": {
					"rotation": ["2.5+math.cos(query.anim_time*90*2)*1/2", "0-math.sin(query.anim_time*90*2/2)*1/2", "0+math.cos(query.anim_time*90*2/2)*1/2"],
					"position": [0, -0.25, 0]
				},
				"eye2": {
					"rotation": ["-15+math.sin(query.anim_time*90*10)*5", 0, "0-math.sin(query.anim_time*90*10-60)*5"]
				},
				"arm": {
					"rotation": [-52.5, 0, 0]
				},
				"arm2": {
					"rotation": [-60, 0, 0]
				},
				"eye": {
					"rotation": ["-12.5+math.sin(query.anim_time*90*10)*5", 0, "0+math.sin(query.anim_time*90*10-60)*5"]
				},
				"tail2": {
					"rotation": [20, 0, 0]
				},
				"tail": {
					"rotation": [17.5, 0, 0]
				}
			}
		},
		"animation.anobuto.blink": {
			"animation_length": 0.1667,
			"bones": {
				"left_eye": {
					"position": {
						"0.0": [0, 0, 0.1],
						"0.125": [0, 0, 0.1],
						"0.1667": [0, 0, 0]
					}
				},
				"right_eye": {
					"position": {
						"0.0": [0, 0, 0.1],
						"0.125": [0, 0, 0.1],
						"0.1667": [0, 0, 0]
					}
				},
				"eye": {
					"rotation": {
						"0.0": [0, 0, 0],
						"0.0833": [0, 0, 20],
						"0.1667": [0, 0, 0]
					}
				},
				"eye2": {
					"rotation": {
						"0.0": [0, 0, 0],
						"0.0833": [0, 0, -20],
						"0.1667": [0, 0, 0]
					}
				}
			}
		}
	}
}