{
	"format_version": "1.8.0",
	"animations": {
		"animation.chikorita_vanguard.ground_idle": {
			"loop": true,
			"bones": {
				"leaf": {
					"rotation": ["-45+math.cos(q.anim_time*90*3-120)*1", "0+math.cos(q.anim_time*90*3/2-90)*3", "0+math.cos(q.anim_time*90*3/2-90)*3"]
				},
				"leaf2": {
					"rotation": ["-22.5+math.cos(q.anim_time*90*3-160)*5", 0, 0]
				},
				"leaf3": {
					"rotation": ["-25+math.cos(q.anim_time*90*3-200)*2", 0, 0]
				},
				"leaf4": {
					"rotation": ["-17.5+math.cos(q.anim_time*90*3-250)*4", 0, 0]
				},
				"leaf5": {
					"rotation": ["-15+math.cos(q.anim_time*90*3-300)*8", 0, 0]
				},
				"vine_right": {
					"position": [4, 0, 0]
				},
				"vine_right2": {
					"position": [4, 0, 0]
				},
				"vine_right3": {
					"position": [4, 0, 0]
				},
				"vine_right4": {
					"position": [4, 0, 0]
				},
				"vine_right5": {
					"position": [4, 0, 0]
				},
				"vine_right6": {
					"position": [4, 0, 0]
				},
				"vine_right7": {
					"position": [4, 0, 0]
				},
				"vine_right_end": {
					"position": [3, 0, 0]
				},
				"vine_left": {
					"position": [-5, 0, 0]
				},
				"vine_left2": {
					"position": [-3, 0, 0]
				},
				"vine_left3": {
					"position": [-4, 0, 0]
				},
				"vine_left4": {
					"position": [-4, 0, 0]
				},
				"vine_left5": {
					"position": [-4, 0, 0]
				},
				"vine_left6": {
					"position": [-4, 0, 0]
				},
				"vine_left7": {
					"position": [-4, 0, 0]
				},
				"vine_left_end": {
					"position": [-3, 0, 0]
				},
				"torso": {
					"rotation": ["0+math.cos(q.anim_time*90*3)*1", 0, "0+math.cos(q.anim_time*90*3/2+30)*1"],
					"position": [0, "0.1*math.sin(q.anim_time*90*3)", 0]
				},
				"head": {
					"rotation": ["0+math.cos(q.anim_time*90*3-60)*1", 0, "0+math.cos(q.anim_time*90*3/2-60)*1"],
					"position": [0, "0.1*math.sin(q.anim_time*90*3-60)", 0]
				},
				"tail": {
					"rotation": [0, "0+math.cos(q.anim_time*90*3/2*2-60)*5", "0+math.cos(q.anim_time*90*3/2*2-60)*5"]
				},
				"leg_front_right": {
					"rotation": [0, 7.5, 0],
					"position": [-0.25, 0, 0]
				},
				"leg_front_left": {
					"rotation": [0, -7.5, 0],
					"position": [0.25, 0, 0]
				},
				"leg_back_right": {
					"rotation": [0, 7.5, 0],
					"position": [-0.25, 0, 0]
				},
				"leg_back_left": {
					"rotation": [0, -7.5, 0],
					"position": [0.5, 0, 0]
				},
				"angry_leftpupil": {
					"rotation": [0, 0, 0]
				}
			}
		},
		"animation.chikorita_vanguard.battle_idle": {
			"loop": true,
			"animation_length": 2.66667,
			"bones": {
				"leaf": {
					"rotation": ["-20+math.cos(q.anim_time*90*3-120)*1", "0+math.cos(q.anim_time*90*3/2-90)*2", "0+math.cos(q.anim_time*90*3/2-90)*2"]
				},
				"leaf2": {
					"rotation": ["-30+math.cos(q.anim_time*90*3-160)*5", 0, 0]
				},
				"leaf3": {
					"rotation": ["-17.5+math.cos(q.anim_time*90*3-200)*2", 0, 0]
				},
				"leaf4": {
					"rotation": ["-17.5+math.cos(q.anim_time*90*3-250)*4", 0, 0]
				},
				"leaf5": {
					"rotation": ["-22.5+math.cos(q.anim_time*90*3-300)*8", 0, 0]
				},
				"torso": {
					"rotation": ["2.5+math.cos(q.anim_time*90*3)*1", 0, "math.cos(q.anim_time*90*3/2+30)*1/2"],
					"position": [0, "0.1*math.sin(q.anim_time*90*3)", 0]
				},
				"head": {
					"rotation": ["-5+math.cos(q.anim_time*90*3-60)*1", 0, "0+math.cos(q.anim_time*90*3/2-60)*1/2"],
					"position": [0, "0.1*math.sin(q.anim_time*90*3)", 0.1]
				},
				"tail": {
					"rotation": [0, "0+math.cos(q.anim_time*90*3/2*2-60)*5", "0+math.cos(q.anim_time*90*3/2*2-60)*5"]
				},
				"leg_front_right": {
					"rotation": [-14.53105, 12.3648, 17.0735],
					"position": [-0.75, -0.75, -0.25]
				},
				"leg_front_left": {
					"rotation": [-14.53105, -12.3648, -17.0735],
					"position": [0.75, -0.75, -0.25]
				},
				"leg_back_right": {
					"rotation": [27.08, -15, 0],
					"position": [-0.75, -0.5, 0]
				},
				"leg_back_left": {
					"rotation": [27.08, 15, 0],
					"position": [0.75, -0.5, 0]
				},
				"angry_leftpupil": {
					"rotation": [0, 0, 0],
					"position": [0, 0, -0.1]
				},
				"idle_leftpupil": {
					"position": [0, 0, 0.1]
				},
				"idle_rightpupil": {
					"position": [0, 0, 0.1]
				},
				"angry_rightpupil": {
					"rotation": [0, 0, 0],
					"position": [0, 0, -0.1]
				},
				"foot_back_right": {
					"rotation": [-27.5, 0, 0]
				},
				"foot_back_left": {
					"rotation": [-27.5, 0, 0]
				},
				"mouth_closed": {
					"position": [0, 0.25, 0]
				},
				"foot_front_right": {
					"rotation": [12.2127, 2.68507, -12.2127],
					"position": [0.22277, 0.28259, -0.0228]
				},
				"foot_front_left": {
					"rotation": [12.2127, -2.68507, 12.2127],
					"position": [-0.22277, 0.28259, -0.0228]
				}
			}
		},
		"animation.chikorita_vanguard.ground_walk": {
			"loop": true,
			"animation_length": 1.33333,
			"bones": {
				"leaf": {
					"rotation": ["-45+math.cos(q.anim_time*90*3*2-120)*1", "0+math.cos(q.anim_time*90*3-90)*3", "0+math.cos(q.anim_time*90*3-90)*3"]
				},
				"leaf2": {
					"rotation": ["-22.5+math.cos(q.anim_time*90*3*2-160)*5", 0, 0]
				},
				"leaf3": {
					"rotation": ["-25+math.cos(q.anim_time*90*3*2-200)*2", 0, 0]
				},
				"leaf4": {
					"rotation": ["-15+math.cos(q.anim_time*90*3*2-250)*4", 0, 0]
				},
				"leaf5": {
					"rotation": ["-17.5+math.cos(q.anim_time*90*3*2-300)*8", 0, 0]
				},
				"vine_right": {
					"position": [4, 0, 0]
				},
				"vine_right2": {
					"position": [4, 0, 0]
				},
				"vine_right3": {
					"position": [4, 0, 0]
				},
				"vine_right4": {
					"position": [4, 0, 0]
				},
				"vine_right5": {
					"position": [4, 0, 0]
				},
				"vine_right6": {
					"position": [4, 0, 0]
				},
				"vine_right7": {
					"position": [4, 0, 0]
				},
				"vine_right_end": {
					"position": [3, 0, 0]
				},
				"vine_left": {
					"position": [-5, 0, 0]
				},
				"vine_left2": {
					"position": [-3, 0, 0]
				},
				"vine_left3": {
					"position": [-4, 0, 0]
				},
				"vine_left4": {
					"position": [-4, 0, 0]
				},
				"vine_left5": {
					"position": [-4, 0, 0]
				},
				"vine_left6": {
					"position": [-4, 0, 0]
				},
				"vine_left7": {
					"position": [-4, 0, 0]
				},
				"vine_left_end": {
					"position": [-3, 0, 0]
				},
				"torso": {
					"rotation": ["0+math.cos(q.anim_time*90*3*2)*1", "0-math.cos(q.anim_time*90*3)*1", "0+math.cos(q.anim_time*90*3+30)*2"],
					"position": [0, "0.2*math.sin(q.anim_time*90*3*2)", 0]
				},
				"head": {
					"rotation": ["0+math.cos(q.anim_time*90*3*2-60)*1", 0, "0+math.cos(q.anim_time*90*3-60)*1"]
				},
				"tail": {
					"rotation": [0, "0+math.cos(q.anim_time*90*3*2-60)*5", "0+math.cos(q.anim_time*90*3*2-60)*5"]
				},
				"leg_front_right": {
					"rotation": ["0-math.sin(q.anim_time*90*3)*10", 0, 0],
					"position": [-0.25, "0+math.clamp(math.cos(q.anim_time*90*3)*1,0,1)", "0.5-math.sin(q.anim_time*90*3)*1/2"]
				},
				"leg_front_left": {
					"rotation": ["0+math.sin(q.anim_time*90*3)*10", 0, 0],
					"position": [0.25, "0+math.clamp(math.cos(q.anim_time*90*3-180)*1,0,1)", "0.5+math.sin(q.anim_time*90*3)*1/2"]
				},
				"leg_back_right": {
					"rotation": ["0+math.sin(q.anim_time*90*3)*10", 0, 0],
					"position": [-0.25, "0+math.clamp(math.cos(q.anim_time*90*3-180)*1,0,1)", "-0.25+math.sin(q.anim_time*90*3)*1/2"]
				},
				"leg_back_left": {
					"rotation": ["0-math.sin(q.anim_time*90*3)*10", 0, 0],
					"position": [0.25, "0+math.clamp(math.cos(q.anim_time*90*3)*1,0,1)", "-0.25-math.sin(q.anim_time*90*3)*1/2"]
				},
				"angry_leftpupil": {
					"rotation": [0, 0, 0]
				},
				"toe_back_left": {
					"rotation": {
						"0.0": [17.5, 0, 0],
						"0.25": {
							"pre": [3.31, 0, 0],
							"post": [3.31, 0, 0],
							"lerp_mode": "catmullrom"
						},
						"0.3333": [10, 0, 0],
						"0.6667": [-0.77, 0, 0],
						"0.875": [-7.5, 0, 0],
						"1.0": [-7.5, 0, 0],
						"1.3333": [17.5, 0, 0]
					}
				},
				"toe_front_right": {
					"rotation": {
						"0.0": [17.5, 0, 0],
						"0.25": {
							"pre": [3.31, 0, 0],
							"post": [3.31, 0, 0],
							"lerp_mode": "catmullrom"
						},
						"0.3333": [10, 0, 0],
						"0.6667": [-0.77, 0, 0],
						"0.875": [-7.5, 0, 0],
						"1.0": [-7.5, 0, 0],
						"1.3333": [17.5, 0, 0]
					}
				},
				"toe_front_left": {
					"rotation": {
						"0.0": [0, 0, 0],
						"0.2083": [-7.5, 0, 0],
						"0.3333": [-7.5, 0, 0],
						"0.6667": [17.5, 0, 0],
						"0.9167": {
							"pre": [3.31, 0, 0],
							"post": [3.31, 0, 0],
							"lerp_mode": "catmullrom"
						},
						"1.0": [10, 0, 0],
						"1.3333": [0, 0, 0]
					}
				},
				"toe_back_right": {
					"rotation": {
						"0.0": [0, 0, 0],
						"0.2083": [-7.5, 0, 0],
						"0.3333": [-7.5, 0, 0],
						"0.6667": [17.5, 0, 0],
						"0.9167": {
							"pre": [3.31, 0, 0],
							"post": [3.31, 0, 0],
							"lerp_mode": "catmullrom"
						},
						"1.0": [10, 0, 0],
						"1.3333": [0, 0, 0]
					}
				},
				"foot_front_right": {
					"rotation": {
						"0.0": {
							"post": [17.5, 0, 0],
							"lerp_mode": "catmullrom"
						},
						"0.25": {
							"post": [3.31, 0, 0],
							"lerp_mode": "catmullrom"
						},
						"0.3333": [10, 0, 0],
						"0.6667": [-0.77, 0, 0],
						"0.875": [-7.5, 0, 0],
						"1.0": [-7.5, 0, 0],
						"1.3333": [17.5, 0, 0]
					}
				},
				"foot_front_left": {
					"rotation": {
						"0.0": [0, 0, 0],
						"0.2083": [-7.5, 0, 0],
						"0.3333": [-7.5, 0, 0],
						"0.6667": [17.5, 0, 0],
						"0.9167": {
							"pre": [3.31, 0, 0],
							"post": [3.31, 0, 0],
							"lerp_mode": "catmullrom"
						},
						"1.0": [10, 0, 0],
						"1.3333": [0, 0, 0]
					}
				},
				"foot_back_right": {
					"rotation": {
						"0.0": [0, 0, 0],
						"0.2083": [-7.5, 0, 0],
						"0.3333": [-7.5, 0, 0],
						"0.6667": {
							"pre": [17.5, 0, 0],
							"post": [17.5, 0, 0],
							"lerp_mode": "catmullrom"
						},
						"0.9167": {
							"post": [3.31, 0, 0],
							"lerp_mode": "catmullrom"
						},
						"1.0": [10, 0, 0],
						"1.3333": [0, 0, 0]
					}
				},
				"foot_back_left": {
					"rotation": {
						"0.0": {
							"post": [17.5, 0, 0],
							"lerp_mode": "catmullrom"
						},
						"0.25": {
							"post": [3.31, 0, 0],
							"lerp_mode": "catmullrom"
						},
						"0.3333": [10, 0, 0],
						"0.6667": [-0.77, 0, 0],
						"0.875": [-7.5, 0, 0],
						"1.0": [-7.5, 0, 0],
						"1.3333": [17.5, 0, 0]
					}
				},
				"angry_rightpupil": {
					"position": [0, 0, 0.1]
				}
			}
		},
		"animation.chikorita_vanguard.ground_run_WIP": {
			"loop": true,
			"bones": {
				"bulb": {
					"rotation": ["4*(math.sin(q.anim_time*90*4*2+150)*1+1)", 0, 0]
				},
				"twig": {
					"rotation": ["math.sin(q.anim_time*90*4*2-160)*10-10", 0, 0]
				},
				"leaf_left": {
					"rotation": [0, "math.sin(q.anim_time*90*4*2-190)*-15-10+math.sin(q.anim_time*90*8*2)*2-10", "math.cos(q.anim_time*90*4*2)*-5+10"]
				},
				"leaf_right": {
					"rotation": [0, "math.sin(q.anim_time*90*4*2-190)*15+10+math.sin(q.anim_time*90*8*2)*2+10", "math.cos(q.anim_time*90*4*2)*5-10"]
				},
				"body": {
					"rotation": ["math.sin(q.anim_time*90*4*2-90)*6+5 ", 0, 0],
					"position": [
						0,
						"math.clamp(math.sin(q.anim_time*90*8+30)*2,0,5)+math.clamp(math.sin(q.anim_time*90*8+30)*0.2,-1,0)",
						"-math.sin(q.anim_time*90*8+math.sin(q.anim_time*90*8+60)*-40)"
					]
				},
				"head": {
					"rotation": ["math.sin(q.anim_time*90*4*2-60)*-10", 0, 0]
				},
				"tail": {
					"rotation": [0, "math.sin(q.anim_time*90*4*3-190)*15", 0]
				},
				"leg_front_right": {
					"rotation": ["math.clamp(math.sin(-q.anim_time*90*8+10)*40,-50,5)-math.clamp(math.sin(q.anim_time*90*8+10)*20,-50,5)", 0, 0],
					"position": [
						0,
						"math.clamp(math.sin(q.anim_time*90*4*2+50-180)*0.5,0,1)+math.clamp(math.sin(q.anim_time*90*4*2+50)*0.8,0,1)",
						"-math.sin(math.sin(q.anim_time*90*8)*5)"
					]
				},
				"leg_front_left": {
					"rotation": ["math.clamp(math.sin(-q.anim_time*90*8)*40,-50,5)-math.clamp(math.sin(q.anim_time*90*8)*20,-50,5)", 0, 0],
					"position": [
						0,
						"math.clamp(math.sin(q.anim_time*90*4*2+50-180)*0.5,0,1)+math.clamp(math.sin(q.anim_time*90*4*2+50)*0.8,0,1)",
						"-math.sin(math.sin(q.anim_time*90*8)*5)"
					]
				},
				"leg_back_right": {
					"rotation": ["math.clamp(math.sin(-q.anim_time*90*8+120)*30,-50,5)-math.clamp(math.sin(q.anim_time*90*8-120)*40,-50,5)", 0, 0],
					"position": [
						0,
						"math.clamp(math.sin(q.anim_time*90*4*2+50-180)*-0.2,-1,0)+math.clamp(math.sin(q.anim_time*90*4*2+50)*-0.3,-1,0)",
						"math.sin(math.sin(q.anim_time*90*8)*20)+0.3"
					]
				},
				"leg_back_left": {
					"rotation": ["math.clamp(math.sin(-q.anim_time*90*8+120)*30,-50,5)-math.clamp(math.sin(q.anim_time*90*8-120)*40,-50,5)", 0, 0],
					"position": [
						0,
						"math.clamp(math.sin(q.anim_time*90*4*2+50-180)*-0.2,-1,0)+math.clamp(math.sin(q.anim_time*90*4*2+50)*-0.3,-1,0)",
						"math.sin(math.sin(q.anim_time*90*8)*20)+0.3"
					]
				}
			}
		},
		"animation.chikorita_vanguard.cry": {
			"animation_length": 1.125,
			"bones": {
				"torso": {
					"rotation": {
						"0.0": [0, 0, 0],
						"0.0833": {
							"pre": [2, 0, 0],
							"post": [2, 0, 0],
							"lerp_mode": "catmullrom"
						},
						"0.25": {
							"post": [-1, 0, 0],
							"lerp_mode": "catmullrom"
						},
						"0.6667": {
							"post": [-1, 0, 0],
							"lerp_mode": "catmullrom"
						},
						"1.125": [0, 0, 0]
					}
				},
				"head": {
					"rotation": {
						"0.0": [0, 0, 0],
						"0.0833": {
							"pre": [2, 0, 0],
							"post": [2, 0, 0],
							"lerp_mode": "catmullrom"
						},
						"0.25": {
							"post": [-6, 0, 0],
							"lerp_mode": "catmullrom"
						},
						"0.6667": {
							"post": [-7.5, 0, 0],
							"lerp_mode": "catmullrom"
						},
						"1.125": [0, 0, 0]
					}
				},
				"mouth_closed": {
					"position": {
						"0.0": [0, 0, 0],
						"0.1667": [0, 0, 0],
						"0.2083": [0, 0, 0.1],
						"0.6667": [0, 0, 0.1],
						"0.7083": [0, 0, 0]
					}
				},
				"mouth_open": {
					"position": {
						"0.0": [0, 0, 0],
						"0.1667": [0, 0, 0],
						"0.2083": [0, 0, -0.1],
						"0.625": [0, 0, -0.1],
						"0.6667": [0, 0, 0]
					}
				},
				"leaf": {
					"rotation": {
						"0.0": [0, 0, 0],
						"0.1667": {
							"pre": [9.5, 0, 0],
							"post": [9.5, 0, 0],
							"lerp_mode": "catmullrom"
						},
						"0.625": {
							"post": [-6.5, 0, 0],
							"lerp_mode": "catmullrom"
						},
						"1.125": [0, 0, 0]
					}
				},
				"leaf2": {
					"rotation": {
						"0.0": [0, 0, 0],
						"0.2083": {
							"pre": [10, 0, 0],
							"post": [10, 0, 0],
							"lerp_mode": "catmullrom"
						},
						"0.5417": {
							"post": [-7, 0, 0],
							"lerp_mode": "catmullrom"
						},
						"1.125": [0, 0, 0]
					}
				},
				"leaf3": {
					"rotation": {
						"0.0": [0, 0, 0],
						"0.2917": {
							"pre": [8, 0, 0],
							"post": [8, 0, 0],
							"lerp_mode": "catmullrom"
						},
						"0.6667": {
							"post": [-10, 0, 0],
							"lerp_mode": "catmullrom"
						},
						"1.125": [0, 0, 0]
					}
				},
				"leaf4": {
					"rotation": {
						"0.0": [0, 0, 0],
						"0.4583": {
							"pre": [8, 0, 0],
							"post": [8, 0, 0],
							"lerp_mode": "catmullrom"
						},
						"0.8333": {
							"post": [-11, 0, 0],
							"lerp_mode": "catmullrom"
						},
						"1.125": [0, 0, 0]
					}
				},
				"leaf5": {
					"rotation": {
						"0.0": [0, 0, 0],
						"0.5": {
							"pre": [8, 0, 0],
							"post": [8, 0, 0],
							"lerp_mode": "catmullrom"
						},
						"0.8333": {
							"post": [-6, 0, 0],
							"lerp_mode": "catmullrom"
						},
						"1.125": [0, 0, 0]
					}
				}
			},
			"sound_effects": {
				"0.2083": {
					"effect": "pokemon.chikorita.cry"
				}
			}
		},
		"animation.chikorita_vanguard.sleep": {
			"loop": true,
			"bones": {
				"leaf": {
					"rotation": ["-45+math.cos(q.anim_time*90*3/2-120)*1", "0+math.cos(q.anim_time*90*3/2/2-90)*3", "0+math.cos(q.anim_time*90*3/2/2-90)*3"]
				},
				"leaf2": {
					"rotation": ["-22.5+math.cos(q.anim_time*90*3/2-160)*5", 0, 0]
				},
				"leaf3": {
					"rotation": ["-25+math.cos(q.anim_time*90*3/2-200)*2", 0, 0]
				},
				"leaf4": {
					"rotation": ["-17.5+math.cos(q.anim_time*90*3/2-250)*4", 0, 0]
				},
				"leaf5": {
					"rotation": ["-15+math.cos(q.anim_time*90*3/2-300)*8", 0, 0]
				},
				"vine_right": {
					"position": [4, 0, 0]
				},
				"vine_right2": {
					"position": [4, 0, 0]
				},
				"vine_right3": {
					"position": [4, 0, 0]
				},
				"vine_right4": {
					"position": [4, 0, 0]
				},
				"vine_right5": {
					"position": [4, 0, 0]
				},
				"vine_right6": {
					"position": [4, 0, 0]
				},
				"vine_right7": {
					"position": [4, 0, 0]
				},
				"vine_right_end": {
					"position": [3, 0, 0]
				},
				"vine_left": {
					"position": [-5, 0, 0]
				},
				"vine_left2": {
					"position": [-3, 0, 0]
				},
				"vine_left3": {
					"position": [-4, 0, 0]
				},
				"vine_left4": {
					"position": [-4, 0, 0]
				},
				"vine_left5": {
					"position": [-4, 0, 0]
				},
				"vine_left6": {
					"position": [-4, 0, 0]
				},
				"vine_left7": {
					"position": [-4, 0, 0]
				},
				"vine_left_end": {
					"position": [-3, 0, 0]
				},
				"torso": {
					"rotation": ["0+math.cos(q.anim_time*90*3/2)*1/2", 0, "0+math.cos(q.anim_time*90*3/2/2+30)*1"],
					"position": [0, 0, 0]
				},
				"head": {
					"rotation": ["7.5+math.cos(q.anim_time*90*3/2-60)*1", 0, "math.cos(q.anim_time*90*3/2/2-60)*1"],
					"position": [0, "0+math.sin(q.anim_time*90*3/2-60)*0.1", 0]
				},
				"tail": {
					"rotation": [-57.5, "0+math.cos(q.anim_time*90*3/2*2-60)*5", 0],
					"position": [0, -0.5, 0]
				},
				"leg_front_right": {
					"rotation": [-82.5, 17.5, 0],
					"position": [-0.75, -1, 0]
				},
				"leg_front_left": {
					"rotation": [-82.5, -17.5, 0],
					"position": [0.75, -1, 0]
				},
				"leg_back_right": {
					"rotation": [82.5, -10, 0],
					"position": [-0.75, -1, 0]
				},
				"leg_back_left": {
					"rotation": [82.5, 10, 0],
					"position": [0.75, -1, 0]
				},
				"angry_leftpupil": {
					"rotation": [0, 0, 0]
				},
				"body": {
					"position": [0, -2, 0]
				},
				"eyelid_left": {
					"rotation": [0, 0, 0],
					"position": [0.1, 0, -0.1]
				},
				"eyelid_right": {
					"position": [-0.1, 0, -0.1]
				},
				"foot_back_right": {
					"rotation": [30, 0, 0]
				},
				"foot_back_left": {
					"rotation": [30, 0, 0]
				}
			}
		},
		"animation.chikorita_vanguard.blink": {
			"animation_length": 0.1667,
			"bones": {
				"eyelid_left": {
					"rotation": [0, 0, 0],
					"position": {
						"0.125": [0.1, 0, -0.1],
						"0.1667": [0, 0, 0]
					}
				},
				"eyelid_right": {
					"position": {
						"0.0": [-0.1, 0, -0.1],
						"0.125": [-0.1, 0, -0.1],
						"0.1667": [0.1, 0, 0]
					}
				}
			}
		},
		"animation.chikorita_vanguard.render": {
			"loop": true,
			"bones": {
				"torso": {
					"rotation": [0, 0, -2.5]
				},
				"head": {
					"rotation": [0, -5, -2.5],
					"position": [0, 0, 0.35]
				},
				"mouth_closed": {
					"position": [0, 0, 0.1]
				},
				"mouth_open": {
					"position": [0, 0, -0.1]
				},
				"leaf": {
					"rotation": [-41.5123, -10.07026, -11.17505]
				},
				"leaf2": {
					"rotation": [-29.78729, -3.74196, -6.50446]
				},
				"leaf3": {
					"rotation": [-22.42287, -1.91134, -4.62111]
				},
				"leaf4": {
					"rotation": [-24.81197, -3.1622, -6.80423]
				},
				"leaf5": {
					"rotation": [-25, 0, 0]
				},
				"vine_right": {
					"rotation": [-3.61644, 19.6835, -10.62758]
				},
				"vine_right2": {
					"rotation": [4.98107, -44.78238, -7.05323]
				},
				"vine_right3": {
					"rotation": [11.06517, -16.76559, -14.13554]
				},
				"vine_right4": {
					"rotation": [19.50986, -32.68214, -13.2713]
				},
				"vine_right5": {
					"rotation": [0, -27.5, 22.5]
				},
				"vine_right6": {
					"rotation": [-5.22206, -34.65749, 9.13039]
				},
				"vine_right7": {
					"rotation": [-10.63941, -20.90171, 18.31602]
				},
				"vine_right_end": {
					"rotation": [-7.98205, -23.7695, 19.18246]
				},
				"vine_left": {
					"rotation": [-7.59001, -15.81499, 26.05573]
				},
				"vine_left2": {
					"rotation": [-1.5741, 17.43127, -20.24133]
				},
				"vine_left3": {
					"rotation": [0, 10, -22.5]
				},
				"vine_left4": {
					"rotation": [0, 20, -27.5]
				},
				"vine_left5": {
					"rotation": [0, 15, -30]
				},
				"vine_left6": {
					"rotation": [-3.13388, 17.22575, -37.97479]
				},
				"vine_left7": {
					"rotation": [0, 27.5, -42.5]
				},
				"vine_left_end": {
					"rotation": [0, 40, 0]
				},
				"leg_front_right": {
					"rotation": [0, 12.5, 0],
					"position": [-0.5, 0, 0]
				},
				"leg_front_left": {
					"rotation": [-46.68086, -38.44868, -30.38564],
					"position": [0.75, 0, 0]
				},
				"leg_back_right": {
					"rotation": [0, 20, 0],
					"position": [-0.75, 0, 0]
				},
				"leg_back_left": {
					"rotation": [0, -20, 0],
					"position": [0.75, 0, 0]
				},
				"foot_front_left": {
					"rotation": [10, 0, 0]
				}
			}
		},
		"animation.chikorita_vanguard.rolling_idle_quirk_WIP": {
			"animation_length": 4,
			"bones": {
				"body": {
					"rotation": {
						"0.0": [0, 0, 0],
						"0.1667": [0, 0, 0],
						"0.6667": [0, 0, 0],
						"0.8333": [0, 0, 0],
						"1.0833": [0, 0, -5],
						"1.2917": [0, 0.5, 33.75],
						"1.4167": [0, 1, 92.5]
					},
					"position": {
						"0.0": [0, 0, 0],
						"0.1667": [0, 0, 0.05],
						"0.375": [0, 0, 0.05],
						"0.4583": [0, 0, 0],
						"0.5833": [0, 0, -0.25],
						"0.7083": [0, -1.75, -0.5],
						"1.0": [0, -1.75, -0.5],
						"1.0833": [0, -1.35, -0.5],
						"1.1667": [0, -0.35, -0.5],
						"1.3333": [0, 2.33, -0.5],
						"1.375": [0, 3.75, -0.5],
						"1.4167": [0, 4.75, -0.5]
					}
				},
				"torso": {
					"rotation": {
						"0.0": {
							"post": [0, 0, 0],
							"lerp_mode": "catmullrom"
						},
						"0.3333": {
							"post": [2.5, 0, 0],
							"lerp_mode": "catmullrom"
						},
						"0.4167": [-15, 0, 0],
						"0.5": [-19, 0, 0],
						"0.625": [-15, 0, 0],
						"0.7083": [0, 0, 0],
						"0.8333": ["0-math.cos(q.anim_time*90*2*10)*1", 0, 0],
						"1.0": [0, 0, 0]
					}
				},
				"leg_front_right": {
					"rotation": {
						"0.0": [0, 0, 0],
						"0.4167": [0, 0, 0],
						"0.6667": [-90, 0, 0],
						"1.0833": [-90, 7.5, 0]
					},
					"position": {
						"0.0": [0, 0, 0],
						"0.3333": [0, 0, 0],
						"0.4583": [0, 3, 0],
						"0.5833": {
							"pre": [0, 2, 0],
							"post": [0, 2, 0],
							"lerp_mode": "catmullrom"
						},
						"0.7083": [0, -1.75, 0]
					}
				},
				"leg_front_left": {
					"rotation": {
						"0.0": [0, 0, 0],
						"0.4167": [0, 0, 0],
						"0.6667": [-90, 0, 0]
					},
					"position": {
						"0.0": [0, 0, 0],
						"0.3333": [0, 0, 0],
						"0.4583": [0, 3, 0],
						"0.5833": {
							"pre": [0, 2, 0],
							"post": [0, 2, 0],
							"lerp_mode": "catmullrom"
						},
						"0.7083": [0, -1.75, 0]
					}
				},
				"leg_back_right": {
					"rotation": {
						"0.0": [0, 0, 0],
						"0.25": [0, 0, 0],
						"0.5417": [0, 0, 0],
						"0.7083": {
							"pre": [89, -15, 0],
							"post": [89, -15, 0],
							"lerp_mode": "catmullrom"
						},
						"1.0833": {
							"post": [87.00699, -14.7383, 7.75552],
							"lerp_mode": "catmullrom"
						}
					},
					"position": {
						"0.0": [0, 0, 0],
						"0.5": {
							"pre": [0, 0, 0],
							"post": [0, 0, 0],
							"lerp_mode": "catmullrom"
						},
						"0.5833": {
							"post": [0, 0.5, 0],
							"lerp_mode": "catmullrom"
						},
						"0.6667": {
							"post": [0, -0.58, 0],
							"lerp_mode": "catmullrom"
						},
						"0.7083": {
							"post": [0, -1.25, 0],
							"lerp_mode": "catmullrom"
						}
					}
				},
				"leg_back_left": {
					"rotation": {
						"0.0": [0, 0, 0],
						"0.25": [0, 0, 0],
						"0.5417": [0, 0, 0],
						"0.7083": {
							"pre": [89, 15, 0],
							"post": [89, 15, 0],
							"lerp_mode": "catmullrom"
						}
					},
					"position": {
						"0.0": [0, 0, 0],
						"0.5": {
							"pre": [0, 0, 0],
							"post": [0, 0, 0],
							"lerp_mode": "catmullrom"
						},
						"0.5833": {
							"post": [0, 0.5, 0],
							"lerp_mode": "catmullrom"
						},
						"0.6667": {
							"post": [0, -0.58, 0],
							"lerp_mode": "catmullrom"
						},
						"0.7083": {
							"post": [0, -1.25, 0],
							"lerp_mode": "catmullrom"
						}
					}
				},
				"head": {
					"rotation": {
						"0.0": {
							"post": [0, 0, 0],
							"lerp_mode": "catmullrom"
						},
						"0.3333": {
							"post": [10, 0, 0],
							"lerp_mode": "catmullrom"
						},
						"0.4583": {
							"post": [-4.5, 0, 0],
							"lerp_mode": "catmullrom"
						},
						"0.5417": {
							"post": [-8.5, 0, 0],
							"lerp_mode": "catmullrom"
						},
						"0.75": {
							"post": [-4, 0, 0],
							"lerp_mode": "catmullrom"
						},
						"0.8333": [0, 0, 0]
					}
				},
				"eyelid_left": {
					"position": {
						"0.0": [0, 0, 0],
						"0.125": [0, 0, 0],
						"0.1667": [0.1, 0, -0.1],
						"0.625": [0.1, 0, -0.1],
						"0.6667": [0, 0, 0]
					}
				},
				"eyelid_right": {
					"position": {
						"0.0": [0, 0, 0],
						"0.125": [0, 0, 0],
						"0.1667": [-0.1, 0, -0.1],
						"0.625": [-0.1, 0, -0.1],
						"0.6667": [0, 0, 0]
					}
				}
			}
		}
	}
}