{
	"format_version": "1.12.0",
	"minecraft:geometry": [
		{
			"description": {
				"identifier": "geometry.wartortle_jetian",
				"texture_width": 128,
				"texture_height": 64,
				"visible_bounds_width": 4,
				"visible_bounds_height": 4,
				"visible_bounds_offset": [0, 1, 0]
			},
			"bones": [
				{
					"name": "wartortle",
					"pivot": [0, 0, 0]
				},
				{
					"name": "body",
					"parent": "wartortle",
					"pivot": [0, 11, 1]
				},
				{
					"name": "body2",
					"parent": "body",
					"pivot": [0, 10.5, 3]
				},
				{
					"name": "torso",
					"parent": "body2",
					"pivot": [0, 5.5, 2],
					"rotation": [12.5, 0, 0],
					"cubes": [
						{"origin": [-0.5, 3.5, -3], "size": [1, 11, 2], "inflate": 0.01, "uv": [48, 39]}
					]
				},
				{
					"name": "shell",
					"parent": "torso",
					"pivot": [0, 11.5, 1.5],
					"rotation": [32.5, 0, 0],
					"cubes": [
						{"origin": [-6, 5.5, 1], "size": [12, 13, 5], "inflate": 0.01, "uv": [38, 0]},
						{"origin": [-0.5, 5.5, 1], "size": [1, 13, 5], "inflate": 0.02, "uv": [36, 39]},
						{"origin": [-6, 5.5, -5], "size": [12, 13, 7], "uv": [0, 19]}
					]
				},
				{
					"name": "locator_middle",
					"parent": "shell",
					"pivot": [0, 14.25, 0],
					"locators": {
						"middle": [0, 14.25, 0]
					}
				},
				{
					"name": "locator_target",
					"parent": "shell",
					"pivot": [0, 14.25, -7],
					"locators": {
						"target": [0, 14.25, -7]
					}
				},
				{
					"name": "head",
					"parent": "torso",
					"pivot": [0, 14, -6],
					"rotation": [-12.5, 0, 0]
				},
				{
					"name": "head_correction",
					"parent": "head",
					"pivot": [0, 14, -6]
				},
				{
					"name": "head_ai",
					"parent": "head_correction",
					"pivot": [0, 14, -6]
				},
				{
					"name": "head_angle",
					"parent": "head_ai",
					"pivot": [0, 14, -6],
					"cubes": [
						{"origin": [-5, 14, -10], "size": [10, 9, 9], "uv": [0, 0]},
						{"origin": [-1.5, 16.5, -10], "size": [3, 1, 0], "inflate": 0.01, "uv": [24, 18]}
					]
				},
				{
					"name": "glasses",
					"parent": "head_angle",
					"pivot": [0, 18.7, -10.2],
					"cubes": [
						{"origin": [-6.5, 16.7, -10.2], "size": [13, 5, 0], "uv": [101, 58]}
					]
				},
				{
					"name": "locator_physical",
					"parent": "head_angle",
					"pivot": [0, 23, -9],
					"locators": {
						"physical": [0, 23, -9]
					}
				},
				{
					"name": "locator_face",
					"parent": "head_angle",
					"pivot": [0, 17.75, -10],
					"locators": {
						"face": [0, 17.75, -10]
					}
				},
				{
					"name": "locator_item_face",
					"parent": "head_angle",
					"pivot": [0, 17.75, -10],
					"locators": {
						"item_face": [0, 17.75, -10]
					}
				},
				{
					"name": "locator_head",
					"parent": "head_angle",
					"pivot": [0, 23, -7],
					"locators": {
						"head": [0, 23, -7]
					}
				},
				{
					"name": "locator_item_hat",
					"parent": "head_angle",
					"pivot": [0, 23, -5.5],
					"locators": {
						"item_hat": [0, 23, -5.5]
					}
				},
				{
					"name": "locator_mouth",
					"parent": "head_angle",
					"pivot": [0, 14.5, -10.05],
					"locators": {
						"mouth": [0, 14.5, -10.05]
					}
				},
				{
					"name": "mouth_closed",
					"parent": "head_angle",
					"pivot": [-3.5, 15.25, -6],
					"cubes": [
						{"origin": [-1, 14.75, -10], "size": [2, 1, 0], "inflate": 0.03, "uv": [30, 18]},
						{"origin": [-5, 14.25, -10], "size": [10, 3, 9], "inflate": 0.04, "uv": [89, 31]},
						{"origin": [3, 14.75, -10], "size": [1, 1, 0], "inflate": 0.03, "pivot": [3.5, 15.25, -6], "rotation": [0, 0, 45], "uv": [37, 2]},
						{"origin": [-4, 14.75, -10], "size": [1, 1, 0], "inflate": 0.03, "pivot": [-3.5, 15.25, -6], "rotation": [0, 0, -45], "uv": [37, 1]}
					]
				},
				{
					"name": "mouth_open",
					"parent": "head_angle",
					"pivot": [0, 14.52, -9.91],
					"cubes": [
						{"origin": [-2.5, 14.02, -9.91], "size": [5, 1, 0], "uv": [14, 18]},
						{"origin": [-3.5, 14.52, -9.91], "size": [7, 1, 0], "inflate": 0.01, "uv": [0, 18]}
					]
				},
				{
					"name": "locator_special",
					"parent": "mouth_open",
					"pivot": [0, 14.75, -10],
					"locators": {
						"special": [0, 14.75, -10]
					}
				},
				{
					"name": "tail",
					"parent": "head_angle",
					"pivot": [0, 19.5, -3.5],
					"rotation": [-5, 0, 180],
					"cubes": [
						{"origin": [0, 16, -3.5], "size": [0, 18, 9], "uv": [109, -8]}
					]
				},
				{
					"name": "tail_bend",
					"parent": "tail",
					"pivot": [0, 17, 5.5],
					"cubes": [
						{"origin": [0, 17, 5.5], "size": [0, 17, 10], "uv": [88, -8]}
					]
				},
				{
					"name": "locator_tail_tip",
					"parent": "tail_bend",
					"pivot": [0, 33, 14.5],
					"locators": {
						"tail_tip": {
							"offset": [0, 33, 14.5],
							"rotation": [-52.5, 180, 0]
						}
					}
				},
				{
					"name": "locator_tail",
					"parent": "tail_bend",
					"pivot": [0, 25.75, 10.5],
					"rotation": [-42.5, 180, 0],
					"locators": {
						"tail": [0, 25.75, 10.5]
					}
				},
				{
					"name": "eyes",
					"parent": "head_angle",
					"pivot": [0, 18.75, -10]
				},
				{
					"name": "eye_right",
					"parent": "eyes",
					"pivot": [-3.25, 18.75, -10.01],
					"cubes": [
						{"origin": [-4.75, 16.75, -10.01], "size": [3, 4, 0], "uv": [29, 5]},
						{"origin": [-3.25, 17.25, -10.02], "size": [1, 2, 0], "uv": [74, 2]}
					]
				},
				{
					"name": "locator_eye_right",
					"parent": "eye_right",
					"pivot": [-2.75, 18.25, -10],
					"locators": {
						"eye2": [-2.75, 18.25, -10]
					}
				},
				{
					"name": "eyelid_right",
					"parent": "eye_right",
					"pivot": [-3.25, 18.75, -9.41],
					"cubes": [
						{"origin": [-4.75, 16.75, -9.92], "size": [3, 4, 1], "inflate": 0.01, "uv": [29, 0]}
					]
				},
				{
					"name": "eye_left",
					"parent": "eyes",
					"pivot": [3.25, 18.75, -10.01],
					"cubes": [
						{"origin": [1.75, 16.75, -10.01], "size": [3, 4, 0], "uv": [0, 5]},
						{"origin": [2.25, 17.25, -10.02], "size": [1, 2, 0], "uv": [74, 5], "mirror": true}
					]
				},
				{
					"name": "locator_eye_left",
					"parent": "eye_left",
					"pivot": [2.75, 18.25, -10],
					"locators": {
						"eye1": [2.75, 18.25, -10]
					}
				},
				{
					"name": "eyelid_left",
					"parent": "eye_left",
					"pivot": [3.25, 18.75, -9.41],
					"cubes": [
						{"origin": [1.75, 16.75, -9.92], "size": [3, 4, 1], "inflate": 0.01, "uv": [0, 0]}
					]
				},
				{
					"name": "ears",
					"parent": "head_angle",
					"pivot": [0, 21, -5],
					"rotation": [-17.5, 0, 0]
				},
				{
					"name": "ear_right",
					"parent": "ears",
					"pivot": [-4.475, 20.175, -6.725],
					"rotation": [-12.5, -45, -5],
					"cubes": [
						{"origin": [-4.5, 27.25, -26.5], "size": [0, 10, 5], "pivot": [0, 8, -21.5], "rotation": [-60, 0, 0], "uv": [117, 15]}
					]
				},
				{
					"name": "ear_left",
					"parent": "ears",
					"pivot": [4.475, 20.175, -6.725],
					"rotation": [-12.5, 45, 5],
					"cubes": [
						{"origin": [4.5, 27.25, -26.5], "size": [0, 10, 5], "pivot": [0, 8, -21.5], "rotation": [-60, 0, 0], "uv": [106, 15]}
					]
				},
				{
					"name": "arm_right",
					"parent": "torso",
					"pivot": [-6, 14.5, -4],
					"rotation": [0, -37.5, -20],
					"cubes": [
						{"origin": [-9, 10.5, -6], "size": [5, 4, 4], "uv": [0, 39]}
					]
				},
				{
					"name": "elbow_right",
					"parent": "arm_right",
					"pivot": [-9, 10.5, -2],
					"rotation": [0, -17.5, 0],
					"cubes": [
						{"origin": [-13, 10.5, -6], "size": [4, 4, 4], "inflate": 0.01, "uv": [0, 47]}
					]
				},
				{
					"name": "locator_hand_primary",
					"parent": "elbow_right",
					"pivot": [-12, 12.5, -4],
					"rotation": [0, 90, 0],
					"locators": {
						"hand_primary": [-12, 12.5, -4]
					}
				},
				{
					"name": "locator_item",
					"parent": "elbow_right",
					"pivot": [-13, 12.5, -4],
					"locators": {
						"item": [-13, 12.5, -4]
					}
				},
				{
					"name": "fingers_right",
					"parent": "elbow_right",
					"pivot": [-13, 12.5, -4],
					"cubes": [
						{"origin": [-14, 13, -4.25], "size": [1, 1, 0], "pivot": [-13, 13.5, -4.25], "rotation": [-47.5, 0, 0], "uv": [36, 18]},
						{"origin": [-14, 12, -5.5], "size": [1, 0, 1], "pivot": [-13, 12, -5], "rotation": [32.5, 0, 0], "uv": [6, 0]},
						{"origin": [-14, 12, -3], "size": [1, 1, 0], "pivot": [-13, 12.5, -3], "rotation": [-25, 0, 0], "uv": [36, 0]}
					]
				},
				{
					"name": "arm_left",
					"parent": "torso",
					"pivot": [6, 14.5, -4],
					"rotation": [0, 37.5, 20],
					"cubes": [
						{"origin": [4, 10.5, -6], "size": [5, 4, 4], "uv": [18, 39]}
					]
				},
				{
					"name": "elbow_left",
					"parent": "arm_left",
					"pivot": [9, 10.5, -2],
					"rotation": [0, 17.5, 0],
					"cubes": [
						{"origin": [9, 10.5, -6], "size": [4, 4, 4], "inflate": 0.01, "uv": [16, 47]}
					]
				},
				{
					"name": "locator_hand_secondary",
					"parent": "elbow_left",
					"pivot": [12, 12.5, -4],
					"rotation": [0, -90, 0],
					"locators": {
						"hand_secondary": [12, 12.5, -4]
					}
				},
				{
					"name": "fingers_left",
					"parent": "elbow_left",
					"pivot": [13, 12.5, -4],
					"cubes": [
						{"origin": [13, 12, -3], "size": [1, 1, 0], "pivot": [13, 12.5, -3], "rotation": [-25, 0, 0], "uv": [35, 8]},
						{"origin": [13, 13, -4.25], "size": [1, 1, 0], "pivot": [13, 13.5, -4.25], "rotation": [-47.5, 0, 0], "uv": [35, 7]},
						{"origin": [13, 12, -5.5], "size": [1, 0, 1], "pivot": [13, 12, -5], "rotation": [32.5, 0, 0], "uv": [5, 5]}
					]
				},
				{
					"name": "leg_right",
					"parent": "body2",
					"pivot": [-6, 6, 0.5],
					"cubes": [
						{"origin": [-8, 3, -2], "size": [4, 5, 5], "inflate": 0.01, "uv": [38, 29]}
					]
				},
				{
					"name": "knee_right",
					"parent": "leg_right",
					"pivot": [-6, 3, -2],
					"cubes": [
						{"origin": [-8, 1, -2], "size": [4, 2, 4], "uv": [52, 25]}
					]
				},
				{
					"name": "knee_right2",
					"parent": "knee_right",
					"pivot": [-6, 1, -2],
					"cubes": [
						{"origin": [-8, 0, -2], "size": [4, 1, 4], "inflate": 0.02, "uv": [52, 36]},
						{"origin": [-4.75, 0, -3], "size": [0, 1, 1], "pivot": [-4.75, 0, -2], "rotation": [0, 5, 0], "uv": [35, 5]},
						{"origin": [-7.25, 0, -3], "size": [0, 1, 1], "pivot": [-7.25, 0, -2], "rotation": [0, -5, 0], "uv": [35, 4]},
						{"origin": [-6, 0, -3], "size": [0, 1, 1], "uv": [34, 17]}
					]
				},
				{
					"name": "locator_foot_primary",
					"parent": "knee_right2",
					"pivot": [-6, 1, 0],
					"rotation": [90, 0, 0],
					"locators": {
						"foot_primary": [-6, 1, 0]
					}
				},
				{
					"name": "leg_left",
					"parent": "body2",
					"pivot": [6, 6, 0.5],
					"cubes": [
						{"origin": [4, 3, -2], "size": [4, 5, 5], "inflate": 0.01, "uv": [38, 19]}
					]
				},
				{
					"name": "knee_left",
					"parent": "leg_left",
					"pivot": [6, 3, -2],
					"cubes": [
						{"origin": [4, 1, -2], "size": [4, 2, 4], "uv": [51, 18]}
					]
				},
				{
					"name": "knee_left2",
					"parent": "knee_left",
					"pivot": [6, 1, -2],
					"cubes": [
						{"origin": [4, 0, -2], "size": [4, 1, 4], "inflate": 0.02, "uv": [56, 31]},
						{"origin": [4.75, 0, -3], "size": [0, 1, 1], "pivot": [4.75, 0, -2], "rotation": [0, -5, 0], "uv": [6, 7]},
						{"origin": [7.25, 0, -3], "size": [0, 1, 1], "pivot": [7.25, 0, -2], "rotation": [0, 5, 0], "uv": [6, 6]},
						{"origin": [6, 0, -3], "size": [0, 1, 1], "uv": [6, 5]}
					]
				},
				{
					"name": "locator_foot_secondary",
					"parent": "knee_left2",
					"pivot": [6, 1, 0],
					"rotation": [90, 0, 0],
					"locators": {
						"foot_secondary": [6, 1, 0]
					}
				},
				{
					"name": "locator_root",
					"parent": "wartortle",
					"pivot": [0, 0, 0],
					"locators": {
						"root": [0, 0, 0]
					}
				},
				{
					"name": "locator_top",
					"parent": "wartortle",
					"pivot": [0, 24.75, 0],
					"locators": {
						"top": [0, 24.75, 0]
					}
				}
			]
		}
	]
}