{
	"format_version": "1.12.0",
	"minecraft:geometry": [
		{
			"description": {
				"identifier": "geometry.jellynit",
				"texture_width": 64,
				"texture_height": 64,
				"visible_bounds_width": 3,
				"visible_bounds_height": 3.5,
				"visible_bounds_offset": [0, 1.25, 0]
			},
			"bones": [
				{
					"name": "jellynit",
					"pivot": [0, 0, 0]
				},
				{
					"name": "body",
					"parent": "jellynit",
					"pivot": [0, 0, 0]
				},
				{
					"name": "torso",
					"parent": "body",
					"pivot": [0, 0.5, 0],
					"cubes": [
						{"origin": [-3.7, 6.9, -1], "size": [0, 3, 2], "pivot": [-3.7, 9.5, 0], "rotation": [0, 0, 22.5], "uv": [13, 28]},
						{"origin": [-3, 1.5, -2], "size": [6, 8, 4], "uv": [0, 18]},
						{"origin": [-2.5, 6.5, -2], "size": [5, 3, 0], "pivot": [0, 9.5, -2], "rotation": [-12.5, 0, 0], "uv": [29, 6]},
						{"origin": [-2.5, 6.5, 2], "size": [5, 3, 0], "pivot": [0, 9.5, 2], "rotation": [12.5, 0, 0], "uv": [16, 18]},
						{"origin": [-3.5, 6.5, -2], "size": [2, 3, 0], "pivot": [-1.5, 9.5, -2], "rotation": [-15, 0, 22.5], "uv": [30, 40]},
						{"origin": [-3.5, 6.5, -2], "size": [0, 3, 2], "pivot": [-1.5, 9.5, -2], "rotation": [-15, 0, 22.5], "uv": [37, 32]},
						{"origin": [-3.5, 6.5, 2], "size": [2, 3, 0], "pivot": [-1.5, 9.5, 2], "rotation": [15, 0, 22.5], "uv": [40, 27]},
						{"origin": [-3.5, 6.5, 0], "size": [0, 3, 2], "pivot": [-1.5, 9.5, 2], "rotation": [15, 0, 22.5], "uv": [36, 25]},
						{"origin": [1.5, 6.5, 2], "size": [2, 3, 0], "pivot": [1.5, 9.5, 2], "rotation": [15, 0, -22.5], "uv": [38, 14]},
						{"origin": [3.5, 6.5, 0], "size": [0, 3, 2], "pivot": [1.5, 9.5, 2], "rotation": [15, 0, -22.5], "uv": [0, 16]},
						{"origin": [3.7, 6.9, -1], "size": [0, 3, 2], "pivot": [3.7, 9.5, 0], "rotation": [0, 0, -22.5], "uv": [26, 25]},
						{"origin": [3.5, 6.5, -2], "size": [0, 3, 2], "pivot": [1.5, 9.5, -2], "rotation": [-15, 0, -22.5], "uv": [9, 28]},
						{"origin": [1.5, 6.5, -2], "size": [2, 3, 0], "pivot": [1.5, 9.5, -2], "rotation": [-15, 0, -22.5], "uv": [40, 24]}
					]
				},
				{
					"name": "head",
					"parent": "torso",
					"pivot": [0, 9.5, 0],
					"cubes": [
						{"origin": [-6.5, 11, -5.5], "size": [3, 3, 3], "pivot": [-5, 12.5, -4], "rotation": [0, 22.5, 0], "uv": [0, 30]},
						{"origin": [3.5, 11, -5.5], "size": [3, 3, 3], "pivot": [5, 12.5, -4], "rotation": [0, -22.5, 0], "uv": [29, 0]},
						{"origin": [-5, 9.5, -4.5], "size": [10, 9, 9], "uv": [0, 0]}
					]
				},
				{
					"name": "eye_right",
					"parent": "head",
					"pivot": [0, 0.5, 0],
					"cubes": [
						{"origin": [-3, 13.5, -4.5], "size": [1, 2, 1], "inflate": 0.01, "uv": [38, 11]}
					]
				},
				{
					"name": "eye_left",
					"parent": "head",
					"pivot": [0, 0.5, 0],
					"cubes": [
						{"origin": [2, 13.5, -4.5], "size": [1, 2, 1], "inflate": 0.01, "uv": [38, 8]}
					]
				},
				{
					"name": "mouth",
					"parent": "head",
					"pivot": [0, 11.5, -4.51],
					"cubes": [
						{"origin": [-3, 10, -4.51], "size": [6, 3, 0], "uv": [49, 0]}
					]
				},
				{
					"name": "ear_left",
					"parent": "head",
					"pivot": [3.5, 18.5, -4.5],
					"rotation": [-7.5, 0, 12.5],
					"cubes": [
						{"origin": [2, 16.5, -4.5], "size": [3, 2, 0], "uv": [27, 36]},
						{"origin": [1.5, 18.5, -5], "size": [4, 6, 1], "uv": [0, 36]},
						{"origin": [2, 24.5, -4.5], "size": [3, 3, 0], "uv": [0, 6]}
					]
				},
				{
					"name": "ear_right",
					"parent": "head",
					"pivot": [-3.5, 18.5, -4.5],
					"rotation": [-7.5, 0, -12.5],
					"cubes": [
						{"origin": [-5, 16.5, -4.5], "size": [3, 2, 0], "uv": [27, 36], "mirror": true},
						{"origin": [-5.5, 18.5, -5], "size": [4, 6, 1], "uv": [0, 36], "mirror": true},
						{"origin": [-5, 24.5, -4.5], "size": [3, 3, 0], "uv": [0, 6], "mirror": true}
					]
				},
				{
					"name": "tail",
					"parent": "torso",
					"pivot": [0, 1.5, 1],
					"cubes": [
						{"origin": [-1.5, 1, 1], "size": [3, 3, 4], "uv": [26, 27]}
					]
				},
				{
					"name": "tail2",
					"parent": "tail",
					"pivot": [0, 2.5, 5],
					"cubes": [
						{"origin": [-1, 1.5, 4], "size": [2, 2, 4], "uv": [29, 34]}
					]
				},
				{
					"name": "tail3",
					"parent": "tail2",
					"pivot": [0, 1.5, 8],
					"cubes": [
						{"origin": [-1, 1.5, 8], "size": [2, 2, 3], "uv": [20, 37]}
					]
				},
				{
					"name": "tail4",
					"parent": "tail3",
					"pivot": [0, 1.5, 11],
					"cubes": [
						{"origin": [-1, 1.5, 11], "size": [2, 2, 2], "uv": [0, 0]},
						{"origin": [-1.5, 1, 13], "size": [3, 3, 3], "uv": [33, 18]},
						{"origin": [-1, 4.01, 13.5], "size": [2, 0, 2], "uv": [0, 4]}
					]
				},
				{
					"name": "leg_right",
					"parent": "body",
					"pivot": [-2.5, 2.5, -0.5],
					"rotation": [12.5, 22.5, 0],
					"cubes": [
						{"origin": [-4, 0.5, -6], "size": [3, 2, 7], "uv": [13, 27]},
						{"origin": [-3.5, 0.49, -5.5], "size": [2, 0, 6], "uv": [35, 2]}
					]
				},
				{
					"name": "leg_left",
					"parent": "body",
					"pivot": [2.5, 2.5, -0.5],
					"rotation": [12.5, -22.5, 0],
					"cubes": [
						{"origin": [1, 0.5, -6], "size": [3, 2, 7], "uv": [20, 18]},
						{"origin": [1.5, 0.49, -5.5], "size": [2, 0, 6], "uv": [39, 0], "mirror": true}
					]
				}
			]
		}
	]
}