{
    "format_version": "1.10.0",
    "particle_effect": {
        "description": {
            "identifier": "cobblemon:shiny_ghostly_smoke",
            "basic_render_parameters": {
                "material": "particles_alpha",
                "texture": "textures/particles/smoke"
            }
        },
        "curves": {
            "variable.shrink": {
                "type": "linear",
                "input": "v.particle_age",
                "horizontal_range": "v.particle_lifetime",
                "nodes": [
                    0,
                    0.81,
                    1,
                    1,
                    1,
                    1,
                    0.98,
                    0.9
                ]
            }
        },
        "components": {
            "minecraft:emitter_rate_steady": {
                "spawn_rate": 10,
                "max_particles": 30
            },
            "minecraft:emitter_lifetime_expression": {
                "activation_expression": 1
            },
            "minecraft:emitter_shape_disc": {
                "offset": [
                    0,
                    0,
                    0.15
                ],
                "radius": "0.2 * 1.7",
                "surface_only": true,
                "direction": "outwards"
            },
            "minecraft:particle_lifetime_expression": {
                "max_lifetime": 0.8
            },
            "minecraft:particle_initial_spin": {
                "rotation": "math.random(0,360)"
            },
            "minecraft:particle_initial_speed": -0.1,
            "minecraft:particle_motion_dynamic": {},
            "minecraft:particle_appearance_billboard": {
                "size": [
                    "variable.shrink * variable.entity_width",
                    "variable.shrink * variable.entity_width"
                ],
                "facing_camera_mode": "rotate_xyz",
                "uv": {
                    "texture_width": 16,
                    "texture_height": 96,
                    "flipbook": {
                        "base_UV": [
                            0,
                            0
                        ],
                        "size_UV": [
                            16,
                            16
                        ],
                        "step_UV": [
                            0,
                            16
                        ],
                        "frames_per_second": 7,
                        "max_frame": 6
                    }
                }
            },
            "minecraft:particle_appearance_lighting": {},
            "minecraft:particle_appearance_tinting": {
                "color": {
                    "interpolant": "v.particle_age / v.particle_lifetime",
                    "gradient": {
                        "0.0": "#FF529BFF",
                        "1.0": "#FF3082FF"
                    }
                }
            },
            "cobblemon:emitter_space": {
                "scaling": "entity"
            }
        }
    }
}