{
	"format_version": "1.12.0",
	"minecraft:geometry": [
		{
			"description": {
				"identifier": "geometry.gastly",
				"texture_width": 128,
				"texture_height": 128,
				"visible_bounds_width": 3,
				"visible_bounds_height": 4,
				"visible_bounds_offset": [0, 1, 0]
			},
			"bones": [
				{
					"name": "gastly",
					"pivot": [0, 0, 0]
				},
				{
					"name": "body",
					"parent": "gastly",
					"pivot": [0, 6, 0],
					"locators": {
						"gas": {
							"offset": [0, 4, 4],
							"rotation": [90, 0, 0]
						}
					}
				},
				{
					"name": "torso",
					"parent": "body",
					"pivot": [0, 6, 0],
					"cubes": [
						{"origin": [-2, 6.5, -5], "size": [1, 1, 0], "inflate": 0.01, "uv": [2, 3]},
						{"origin": [1, 6.5, -5], "size": [1, 1, 0], "inflate": 0.01, "uv": [0, 3]}
					]
				},
				{
					"name": "Ancient_ball",
					"parent": "torso",
					"pivot": [0, 2.5, 0.5]
				},
				{
					"name": "ball2",
					"parent": "Ancient_ball",
					"pivot": [0, 6.5, 0.5]
				},
				{
					"name": "bottom2",
					"parent": "ball2",
					"pivot": [0, 2.5, 0.5],
					"cubes": [
						{"origin": [-4, 2.5, -3.5], "size": [8, 4, 8], "inflate": 0.25, "uv": [96, 116]},
						{"origin": [-4, 2.5, -3.5], "size": [8, 4, 8], "uv": [96, 96]},
						{"origin": [-2.5, 4, -3.765], "size": [5, 3, 0], "uv": [64, 111]}
					]
				},
				{
					"name": "lid2",
					"parent": "bottom2",
					"pivot": [0, 6.5, 4.5],
					"cubes": [
						{"origin": [-4, 6.5, -3.5], "size": [8, 4, 8], "uv": [64, 96]},
						{"origin": [-4, 6.5, -3.5], "size": [8, 4, 8], "inflate": 0.26, "uv": [64, 116]},
						{"origin": [-2.5, 6, -3.775], "size": [5, 3, 0], "uv": [64, 108]},
						{"origin": [-1.5, 10.5, -1], "size": [3, 1, 3], "uv": [88, 96]},
						{"origin": [-5.4, 8, -1], "size": [3, 3, 3], "pivot": [-3.9, 10, 0.5], "rotation": [0, 0, -62.5], "uv": [74, 108]},
						{"origin": [2.4, 8, -1], "size": [3, 3, 3], "pivot": [3.9, 10, 0.5], "rotation": [0, 0, 62.5], "uv": [86, 108]}
					]
				},
				{
					"name": "latch",
					"parent": "lid2",
					"pivot": [0, 7, -3.785],
					"cubes": [
						{"origin": [-1, 4, -3.785], "size": [2, 3, 0], "uv": [64, 96]}
					]
				},
				{
					"name": "poke_ball",
					"parent": "torso",
					"pivot": [0, 2.5, 0.45]
				},
				{
					"name": "ball",
					"parent": "poke_ball",
					"pivot": [0, 6.5, 0.45]
				},
				{
					"name": "bottom",
					"parent": "ball",
					"pivot": [0, 2.5, 0.45],
					"cubes": [
						{"origin": [-4, 2.5, -3.55], "size": [8, 4, 8], "inflate": 0.25, "uv": [32, 116]},
						{"origin": [-4, 2.5, -3.55], "size": [8, 4, 8], "uv": [32, 96]}
					]
				},
				{
					"name": "lid",
					"parent": "bottom",
					"pivot": [0, 6.5, 4.45],
					"cubes": [
						{"origin": [-4, 6.5, -3.55], "size": [8, 4, 8], "uv": [0, 96]},
						{"origin": [-1, 5.5, -3.805], "size": [2, 2, 0], "uv": [0, 96]},
						{"origin": [-4, 6.5, -3.55], "size": [8, 4, 8], "inflate": 0.26, "uv": [0, 116]}
					]
				},
				{
					"name": "bone4",
					"parent": "torso",
					"pivot": [1, -0.5, 1.5],
					"cubes": [
						{"origin": [5.5, 12, 6], "size": [-11, -11, -11], "uv": [114, 41]}
					]
				},
				{
					"name": "bone",
					"parent": "torso",
					"pivot": [-9, 14.5, 6.5],
					"rotation": [-32.5, -17.5, 25],
					"cubes": [
						{"origin": [-8, 15.5, 7.5], "size": [-2, -2, -2], "uv": [64, 44]},
						{"origin": [-9.25, 16.25, 7.75], "size": [-1, -1, -1], "uv": [39, 46]}
					]
				},
				{
					"name": "bone2",
					"parent": "torso",
					"pivot": [9, 9.5, -1.5],
					"rotation": [-125, -12.5, -170],
					"cubes": [
						{"origin": [10, 10.5, -0.5], "size": [-2, -2, -2], "uv": [32, 37]},
						{"origin": [9.25, 11.75, -0.75], "size": [-1, -1, -1], "uv": [10, 6]}
					]
				},
				{
					"name": "bone3",
					"parent": "torso",
					"pivot": [7, 1.5, 8.5],
					"rotation": [-57.47529, 74.27673, -39.32429],
					"cubes": [
						{"origin": [8, 2.5, 9.5], "size": [-2, -2, -2], "uv": [64, 40]},
						{"origin": [7.5, 4, 10], "size": [-2, -2, -2], "uv": [31, 73]}
					]
				},
				{
					"name": "Potion",
					"parent": "torso",
					"pivot": [-10.5, 3, -2],
					"rotation": [-25, 0, 45],
					"cubes": [
						{"origin": [-11.5, 3, -2], "size": [1, 2, 2], "uv": [0, 60]},
						{"origin": [-11.5, 3.5, -3.75], "size": [1, 2, 1], "pivot": [-10.5, 2.5, -2.75], "rotation": [-25, 0, 0], "uv": [8, 55]},
						{"origin": [-10, 6, -3], "size": [-2, -2, -2], "pivot": [-13, 1, -5], "rotation": [-25, 0, 0], "uv": [72, 62]},
						{"origin": [-12, 2, -2.5], "size": [2, 1, 2], "uv": [0, 51]},
						{"origin": [-12, 4, -2.5], "size": [2, 2, 2], "uv": [0, 56]},
						{"origin": [-9.5, 6.5, 0], "size": [-3, -5, -3], "uv": [12, 48]},
						{"origin": [-11.5, 4.5, -0.75], "size": [1, 1, 1], "uv": [7, 59]},
						{"origin": [-10, 5.75, 0.75], "size": [-2, -3, -1], "uv": [64, 28]},
						{"origin": [-11.5, 4.5, -2.75], "size": [1, 1, 1], "uv": [5, 54]}
					]
				},
				{
					"name": "Rarecandy",
					"parent": "torso",
					"pivot": [5, 16.5, 3.5],
					"rotation": [-25, 0, 35],
					"cubes": [
						{"origin": [3.5, 15, 3], "size": [2, 2, 2], "uv": [56, 6]},
						{"origin": [6, 17.5, 5.5], "size": [-3, -3, -3], "uv": [27, 51]},
						{"origin": [2.49, 15.5, 3.5], "size": [1, 1, 1], "uv": [60, 30]},
						{"origin": [2.99, 17, 5], "size": [-2, -2, -2], "uv": [24, 44]},
						{"origin": [7.99, 17, 5], "size": [-2, -2, -2], "uv": [60, 48]},
						{"origin": [5.51, 15.5, 3.5], "size": [1, 1, 1], "uv": [60, 33]}
					]
				},
				{
					"name": "mouths",
					"parent": "torso",
					"pivot": [0, 3.75, -5]
				},
				{
					"name": "closed_mouth",
					"parent": "mouths",
					"pivot": [-1, 3.25, -5],
					"cubes": [
						{"origin": [-4, 2.78, -5.1], "size": [8, 1, 0], "inflate": 0.03, "uv": [43, 22]},
						{"origin": [-3, 1.75, -5.1], "size": [6, 1, 0], "inflate": 0.03, "uv": [52, 4]},
						{"origin": [-3.75, 2.25, -5], "size": [1, 1, 0], "inflate": 0.02, "pivot": [-3.25, 2.75, -5], "rotation": [0, 0, 45], "uv": [4, 1]},
						{"origin": [2.75, 2.25, -5], "size": [1, 1, 0], "inflate": 0.02, "pivot": [3.25, 2.75, -5], "rotation": [0, 0, -45], "uv": [4, 0]},
						{"origin": [-3.5, 3.25, -5], "size": [7, 1, 0], "inflate": 0.03, "uv": [33, 39]},
						{"origin": [-1, 1.25, -5], "size": [2, 1, 0], "inflate": 0.03, "uv": [19, 33]}
					]
				},
				{
					"name": "closed_mouth_left",
					"parent": "closed_mouth",
					"pivot": [4.5, 3.75, -5],
					"cubes": [
						{"origin": [3.5, 3.25, -5], "size": [1, 1, 0], "inflate": 0.03, "uv": [2, 4]}
					]
				},
				{
					"name": "closed_mouth_right",
					"parent": "closed_mouth",
					"pivot": [-4.5, 3.75, -5],
					"cubes": [
						{"origin": [-4.5, 3.25, -5], "size": [1, 1, 0], "inflate": 0.03, "uv": [4, 2]}
					]
				},
				{
					"name": "mouth_expressions",
					"parent": "mouths",
					"pivot": [0, 0, 0.1]
				},
				{
					"name": "mouth_half_open",
					"parent": "mouth_expressions",
					"pivot": [0, 2.75, -5],
					"cubes": [
						{"origin": [-4.5, 1.75, -4.9], "size": [9, 2, 0], "inflate": 0.01, "uv": [33, 9]}
					]
				},
				{
					"name": "mouth_full_open",
					"parent": "mouth_expressions",
					"pivot": [0, 4, -4.9],
					"cubes": [
						{"origin": [-4.5, 1.75, -4.9], "size": [9, 3, 0], "inflate": 0.01, "uv": [46, 0]}
					]
				},
				{
					"name": "mouth_tongue_full_open",
					"parent": "mouth_expressions",
					"pivot": [0, 3, -4.9],
					"cubes": [
						{"origin": [-4.5, 2, -4.9], "size": [9, 3, 0], "inflate": 0.01, "uv": [33, 6]}
					]
				},
				{
					"name": "tougue",
					"parent": "mouth_tongue_full_open",
					"pivot": [0, 2.5, -5],
					"cubes": [
						{"origin": [-2, 2, -9.5], "size": [4, 1, 5], "uv": [33, 0]}
					]
				},
				{
					"name": "tougue2",
					"parent": "tougue",
					"pivot": [0, 2.5, -9.5],
					"cubes": [
						{"origin": [-2.5, 2, -15.5], "size": [5, 1, 7], "inflate": 0.01, "uv": [0, 32]}
					]
				},
				{
					"name": "tougue3",
					"parent": "tougue2",
					"pivot": [0, 2.5, -9.5],
					"cubes": [
						{"origin": [-3, 2, -15.5], "size": [6, 1, 7], "inflate": 0.02, "uv": [25, 30]}
					]
				},
				{
					"name": "tougue4",
					"parent": "tougue3",
					"pivot": [0, 2.5, -15.5],
					"cubes": [
						{"origin": [-3, 2, -21.5], "size": [6, 1, 7], "inflate": 0.03, "uv": [23, 22]}
					]
				},
				{
					"name": "tougue5",
					"parent": "tougue4",
					"pivot": [0, 2.5, -15.5],
					"cubes": [
						{"origin": [-3.5, 2, -23.5], "size": [7, 1, 9], "inflate": 0.04, "uv": [0, 22]}
					]
				},
				{
					"name": "blush",
					"parent": "mouths",
					"pivot": [0.5, -0.5, 2]
				},
				{
					"name": "blush_right",
					"parent": "blush",
					"pivot": [-5.4, 4, -3],
					"cubes": [
						{"origin": [-2.4, 3.5, -3], "size": [0, 1, 2], "inflate": 0.01, "uv": [0, 3]}
					]
				},
				{
					"name": "blush_left",
					"parent": "blush",
					"pivot": [5.4, 4, -3],
					"cubes": [
						{"origin": [2.4, 3.5, -3], "size": [0, 1, 2], "inflate": 0.01, "uv": [0, 4]}
					]
				},
				{
					"name": "eyes",
					"parent": "torso",
					"pivot": [0, 7.25, -5]
				},
				{
					"name": "left_eye",
					"parent": "eyes",
					"pivot": [5.75, 8.25, -5.1]
				},
				{
					"name": "left_eye_rotation",
					"parent": "left_eye",
					"pivot": [1.75, 6.25, -5],
					"cubes": [
						{"origin": [1.75, 3, -5.1], "size": [8, 5, 0], "pivot": [1.75, 5.5, -5.1], "rotation": [0, 0, -35], "uv": [44, 11]}
					]
				},
				{
					"name": "left_angry_eye",
					"parent": "left_eye",
					"pivot": [-1.25, 5.5, -3.1],
					"cubes": [
						{"origin": [-1.25, 3, -3.1], "size": [8, 5, 0], "pivot": [-1.25, 5.5, -3.1], "rotation": [0, 0, -35], "uv": [42, 23]}
					]
				},
				{
					"name": "left_pupil",
					"parent": "left_eye",
					"pivot": [3.25, 6.75, -5.1],
					"cubes": [
						{"origin": [2.75, 5.75, -5.1], "size": [1, 2, 0], "inflate": 0.01, "pivot": [3.25, 6.75, -5.1], "rotation": [0, 0, 90], "uv": [2, 1]},
						{"origin": [3.25, 6, -5.11], "size": [1, 1, 0], "inflate": 0.01, "pivot": [3.75, 7, -5.1], "rotation": [0, 0, 90], "uv": [8, 2]}
					]
				},
				{
					"name": "left_pupil_closed",
					"parent": "left_eye",
					"pivot": [4.5, 6.75, -5],
					"cubes": [
						{"origin": [3.5, 6.25, -5], "size": [2, 1, 0], "inflate": 0.005, "uv": [0, 0]}
					]
				},
				{
					"name": "left_pupil_closed2",
					"parent": "left_pupil_closed",
					"pivot": [3, 6.25, -5],
					"cubes": [
						{"origin": [2.5, 5.75, -5], "size": [1, 1, 0], "inflate": 0.01, "uv": [4, 3]}
					]
				},
				{
					"name": "right_eye",
					"parent": "eyes",
					"pivot": [-5.75, 8.25, -5.1]
				},
				{
					"name": "right_eye_rotation",
					"parent": "right_eye",
					"pivot": [-1.75, 6.25, -5],
					"cubes": [
						{"origin": [-9.75, 3, -5.1], "size": [8, 5, 0], "pivot": [-1.75, 5.5, -5.1], "rotation": [0, 0, 35], "uv": [44, 16]}
					]
				},
				{
					"name": "right_angry_eye",
					"parent": "right_eye",
					"pivot": [1.25, 5.5, -3.1],
					"cubes": [
						{"origin": [-6.75, 3, -3.1], "size": [8, 5, 0], "pivot": [1.25, 5.5, -3.1], "rotation": [0, 0, 35], "uv": [44, 30]}
					]
				},
				{
					"name": "right_pupil",
					"parent": "right_eye",
					"pivot": [-3.25, 6.75, -5.1],
					"cubes": [
						{"origin": [-3.75, 5.75, -5.1], "size": [1, 2, 0], "inflate": 0.01, "pivot": [-3.25, 6.75, -5.1], "rotation": [0, 0, 90], "uv": [0, 1]},
						{"origin": [-3.25, 6, -5.11], "size": [1, 1, 0], "inflate": 0.01, "pivot": [-2.75, 7, -5.1], "rotation": [0, 0, 90], "uv": [8, 1]}
					]
				},
				{
					"name": "right_pupil_closed",
					"parent": "right_eye",
					"pivot": [-4.5, 6.75, -5],
					"cubes": [
						{"origin": [-5.5, 6.25, -5], "size": [2, 1, 0], "inflate": 0.005, "uv": [0, 0]}
					]
				},
				{
					"name": "right_pupil_closed2",
					"parent": "right_pupil_closed",
					"pivot": [-3, 6.25, -5],
					"cubes": [
						{"origin": [-3.5, 5.75, -5], "size": [1, 1, 0], "inflate": 0.01, "uv": [0, 4]}
					]
				}
			]
		}
	]
}