{
	"format_version": "1.12.0",
	"minecraft:geometry": [
		{
			"description": {
				"identifier": "geometry.magikarp_male",
				"texture_width": 64,
				"texture_height": 64,
				"visible_bounds_width": 3,
				"visible_bounds_height": 2.5,
				"visible_bounds_offset": [0, 0.75, 0]
			},
			"bones": [
				{
					"name": "magikarp",
					"pivot": [0, 0, 0]
				},
				{
					"name": "body",
					"parent": "magikarp",
					"pivot": [0, 10.25, -0.25]
				},
				{
					"name": "torso",
					"parent": "body",
					"pivot": [0, 10.25, -0.25],
					"cubes": [
						{"origin": [-2.5, 6, -6.5], "size": [5, 10, 5], "inflate": 0.01, "uv": [0, 16]},
						{"origin": [-2, 8, -8.5], "size": [4, 7, 2], "uv": [36, 14]},
						{"origin": [0, 2, -2], "size": [0, 4, 7], "pivot": [0, 6, -1], "rotation": [10, 0, 0], "uv": [30, 34]},
						{"origin": [0, 14, -2], "size": [0, 7, 7], "pivot": [0, 14, -1], "rotation": [-10, 0, 0], "uv": [32, 0]}
					]
				},
				{
					"name": "mouth",
					"parent": "torso",
					"pivot": [0, 12.5, -8.66667],
					"cubes": [
						{"origin": [-1, 11, -8.5], "size": [2, 1, 0], "inflate": 0.02, "uv": [20, 47]}
					]
				},
				{
					"name": "upper_lip",
					"parent": "mouth",
					"pivot": [0, 12, -8.5],
					"cubes": [
						{"origin": [-2, 13, -10.25], "size": [4, 1, 2], "inflate": 0.01, "uv": [36, 23]},
						{"origin": [-1, 12, -8.5], "size": [2, 1, 0], "inflate": 0.01, "uv": [24, 47]},
						{"origin": [-2, 12, -10.25], "size": [1, 1, 2], "inflate": 0.01, "uv": [46, 0]},
						{"origin": [1, 12, -10.25], "size": [1, 1, 2], "inflate": 0.01, "uv": [46, 3]}
					]
				},
				{
					"name": "lower_lip",
					"parent": "mouth",
					"pivot": [0, 12, -8.5],
					"cubes": [
						{"origin": [-2, 11, -10.5], "size": [4, 1, 2], "inflate": 0.01, "pivot": [0, 14.5, -1], "rotation": [5, 0, 0], "uv": [36, 26]},
						{"origin": [1, 11, -9.25], "size": [1, 1, 1], "inflate": 0.01, "uv": [46, 12]},
						{"origin": [-2, 11, -9.25], "size": [1, 1, 1], "inflate": 0.01, "uv": [16, 47]}
					]
				},
				{
					"name": "eyes",
					"parent": "torso",
					"pivot": [0, 12.25, -4.5],
					"rotation": [15, 0, 0]
				},
				{
					"name": "eye_right",
					"parent": "eyes",
					"pivot": [-2.515, 12.25, -4.5],
					"cubes": [
						{"origin": [-2.515, 10.75, -6], "size": [0, 3, 3], "uv": [44, 29]}
					]
				},
				{
					"name": "pupil_closed_right",
					"parent": "eye_right",
					"pivot": [-2.415, 12.25, -4.5],
					"cubes": [
						{"origin": [-2.415, 11.75, -5.5], "size": [0, 1, 2], "inflate": 0.01, "uv": [16, 31]}
					]
				},
				{
					"name": "pupil_right",
					"parent": "eye_right",
					"pivot": [-2.515, 12.25, -4.5],
					"cubes": [
						{"origin": [-2.515, 11.75, -5], "size": [0, 1, 1], "inflate": 0.01, "uv": [42, 29]}
					]
				},
				{
					"name": "pupil_happy_right",
					"parent": "eye_right",
					"pivot": [-2.415, 12.25, -4.5],
					"cubes": [
						{"origin": [-2.415, 11.5, -6], "size": [0, 1, 3], "inflate": 0.01, "uv": [36, 45]},
						{"origin": [-2.415, 12, -5], "size": [0, 1, 1], "inflate": 0.01, "uv": [28, 47]}
					]
				},
				{
					"name": "eye_left",
					"parent": "eyes",
					"pivot": [2.515, 12.25, -4.5],
					"cubes": [
						{"origin": [2.515, 10.75, -6], "size": [0, 3, 3], "uv": [44, 35]}
					]
				},
				{
					"name": "pupil_left",
					"parent": "eye_left",
					"pivot": [2.515, 12.25, -4.5],
					"cubes": [
						{"origin": [2.515, 11.75, -5], "size": [0, 1, 1], "inflate": 0.01, "uv": [42, 31]}
					]
				},
				{
					"name": "pupil_closed_left",
					"parent": "eye_left",
					"pivot": [2.415, 12.25, -4.5],
					"cubes": [
						{"origin": [2.415, 11.75, -5.5], "size": [0, 1, 2], "inflate": 0.01, "uv": [32, 14]}
					]
				},
				{
					"name": "pupil_happy_left",
					"parent": "eye_left",
					"pivot": [2.415, 12.25, -4.5],
					"cubes": [
						{"origin": [2.415, 11.5, -6], "size": [0, 1, 3], "inflate": 0.01, "uv": [30, 45]},
						{"origin": [2.415, 12, -5], "size": [0, 1, 1], "inflate": 0.01, "uv": [42, 45]}
					]
				},
				{
					"name": "expressions",
					"parent": "eyes",
					"pivot": [2.515, 12.25, -4.5]
				},
				{
					"name": "eyelid_left",
					"parent": "expressions",
					"pivot": [2.415, 12.25, -4.5],
					"cubes": [
						{"origin": [2.415, 10.75, -6], "size": [0, 3, 3], "inflate": 0.02, "uv": [44, 41]}
					]
				},
				{
					"name": "half_eyelid_left",
					"parent": "expressions",
					"pivot": [2.415, 13.25, -4.5],
					"cubes": [
						{"origin": [2.415, 12.25, -6], "size": [0, 2, 3], "inflate": 0.02, "uv": [36, 29]}
					]
				},
				{
					"name": "quarter_eyelid_left",
					"parent": "expressions",
					"pivot": [2.415, 13.25, -5],
					"cubes": [
						{"origin": [2.415, 12.75, -6], "size": [0, 1, 2], "inflate": 0.02, "uv": [32, 17]}
					]
				},
				{
					"name": "eyelid_right",
					"parent": "expressions",
					"pivot": [-2.415, 12.25, -4.5],
					"cubes": [
						{"origin": [-2.415, 10.75, -6], "size": [0, 3, 3], "inflate": 0.02, "uv": [0, 45]}
					]
				},
				{
					"name": "half_eyelid_right",
					"parent": "expressions",
					"pivot": [-2.415, 13.25, -4.5],
					"cubes": [
						{"origin": [-2.415, 12.25, -6], "size": [0, 2, 3], "inflate": 0.02, "uv": [6, 45]}
					]
				},
				{
					"name": "quarter_eyelid_right",
					"parent": "expressions",
					"pivot": [-2.415, 13.25, -5],
					"cubes": [
						{"origin": [-2.415, 12.75, -6], "size": [0, 1, 2], "inflate": 0.02, "uv": [12, 45]}
					]
				},
				{
					"name": "blush",
					"parent": "expressions",
					"pivot": [-2.5, 9.5, -5.25]
				},
				{
					"name": "blush_left",
					"parent": "blush",
					"pivot": [-2.4, 9.5, -5.25],
					"cubes": [
						{"origin": [-2.4, 9, -6.25], "size": [0, 1, 2], "inflate": 0.02, "uv": [46, 6]}
					]
				},
				{
					"name": "blush_right",
					"parent": "blush",
					"pivot": [2.4, 9.5, -5.25],
					"cubes": [
						{"origin": [2.4, 9, -6.25], "size": [0, 1, 2], "inflate": 0.02, "uv": [46, 9]}
					]
				},
				{
					"name": "fins",
					"parent": "torso",
					"pivot": [-2.5, 8, -4]
				},
				{
					"name": "fin_right",
					"parent": "fins",
					"pivot": [-2.5, 8, -4],
					"rotation": [0, -30, 0],
					"cubes": [
						{"origin": [-2.5, 5, -4], "size": [0, 6, 8], "uv": [20, 20]}
					]
				},
				{
					"name": "fin_left",
					"parent": "fins",
					"pivot": [2.5, 8, -4],
					"rotation": [0, 30, 0],
					"cubes": [
						{"origin": [2.5, 5, -4], "size": [0, 6, 8], "uv": [0, 31]}
					]
				},
				{
					"name": "tail",
					"parent": "torso",
					"pivot": [0, 9.5, -2.5],
					"cubes": [
						{"origin": [-2.5, 5, -2.5], "size": [5, 11, 5], "uv": [0, 0]}
					]
				},
				{
					"name": "tail2",
					"parent": "tail",
					"pivot": [0, 9.5, 2],
					"cubes": [
						{"origin": [-1.5, 5, 1], "size": [3, 9, 4], "uv": [16, 34]}
					]
				},
				{
					"name": "tail3",
					"parent": "tail2",
					"pivot": [0, 9.5, 5],
					"cubes": [
						{"origin": [0, 2.5, 5], "size": [0, 14, 6], "uv": [20, 0]}
					]
				}
			]
		}
	]
}