{
	"format_version": "1.12.0",
	"minecraft:geometry": [
		{
			"description": {
				"identifier": "geometry.caramouse",
				"texture_width": 64,
				"texture_height": 64,
				"visible_bounds_width": 3,
				"visible_bounds_height": 2.5,
				"visible_bounds_offset": [0, 0.75, 0]
			},
			"bones": [
				{
					"name": "caramouse",
					"pivot": [-1, 0, 0]
				},
				{
					"name": "body",
					"parent": "caramouse",
					"pivot": [-1, 0, 0]
				},
				{
					"name": "nose",
					"parent": "body",
					"pivot": [0, 0, 0],
					"cubes": [
						{"origin": [-1.50221, 0.80021, -8], "size": [3, 3, 3], "uv": [44, 0]}
					]
				},
				{
					"name": "mainbody",
					"parent": "body",
					"pivot": [0, 0, 0],
					"cubes": [
						{"origin": [-4.50221, 0.50021, -5], "size": [9, 9, 9], "uv": [0, 13]}
					]
				},
				{
					"name": "icecream",
					"parent": "body",
					"pivot": [0.09779, 15.65309, 2.45529]
				},
				{
					"name": "top",
					"parent": "icecream",
					"pivot": [0.09779, 15.65309, 2.45529],
					"cubes": [
						{"origin": [-1.40221, 13.15309, 1.45529], "size": [3, 5, 3], "pivot": [0.09779, 15.65309, 2.45529], "rotation": [-32.5, 0, 0], "uv": [38, 37]}
					]
				},
				{
					"name": "second_layer",
					"parent": "icecream",
					"pivot": [0.59779, 8.50021, 0.2],
					"cubes": [
						{"origin": [-4.90221, 7.50021, -4.3], "size": [10, 5, 9], "pivot": [0.59779, 8.50021, 0.2], "rotation": [-17.5, 0, 0], "uv": [0, 31]}
					]
				},
				{
					"name": "third_layer",
					"parent": "icecream",
					"pivot": [0.09779, 12.79194, 1.55318],
					"cubes": [
						{"origin": [-2.90221, 10.29194, -0.94682], "size": [6, 5, 5], "pivot": [0.09779, 12.79194, 1.55318], "rotation": [-25, 0, 0], "uv": [36, 13]}
					]
				},
				{
					"name": "bottom_layer",
					"parent": "third_layer",
					"pivot": [-0.00221, 8.50021, 0.2],
					"cubes": [
						{"origin": [-5.50221, 6.50021, -5.3], "size": [11, 2, 11], "pivot": [-0.00221, 8.50021, 0.2], "rotation": [-17.5, 0, 0], "uv": [0, 0]}
					]
				},
				{
					"name": "sprinkles",
					"parent": "icecream",
					"pivot": [-2.05135, 9.8931, 5.8315],
					"cubes": [
						{"origin": [4.49779, 9.50021, 2.3], "size": [1, 2, 1], "pivot": [0.59779, 8.50021, 0.2], "rotation": [-17.5, 0, 0], "uv": [28, 49]},
						{"origin": [-5.60221, 7.50021, 0.3], "size": [1, 2, 1], "pivot": [-9.50221, 6.50021, -1.8], "rotation": [-17.5, 0, 0], "uv": [50, 36]},
						{"origin": [3.39779, 15.48696, 3.68319], "size": [1, 2, 1], "pivot": [4.99779, 12.48696, 4.18319], "rotation": [0, -17.5, -90], "uv": [32, 49]},
						{"origin": [-5.50221, 11.44069, -0.46245], "size": [1, 2, 1], "pivot": [-5.00221, 12.64069, 0.03755], "rotation": [-11.45696, -13.31791, -48.65802], "uv": [36, 49]},
						{"origin": [0.44865, 14.5931, 0.8315], "size": [1, 2, 1], "pivot": [0.94865, 15.5931, 1.3315], "rotation": [-3.13388, -17.22575, -79.52521], "uv": [40, 49]},
						{"origin": [-2.55135, 8.8931, -4.6685], "size": [1, 2, 1], "pivot": [-2.05135, 9.8931, -4.1685], "rotation": [-3.13388, -17.22575, -79.52521], "uv": [44, 49]},
						{"origin": [-2.55135, 8.8931, 5.3315], "size": [1, 2, 1], "pivot": [-2.05135, 9.8931, 5.8315], "rotation": [-66.74699, -3.48898, -73.38406], "uv": [48, 49]}
					]
				},
				{
					"name": "drips",
					"parent": "icecream",
					"pivot": [1.59779, 8.72352, -5.4965]
				},
				{
					"name": "backdrip",
					"parent": "drips",
					"pivot": [-2.50221, 4.70776, 4.24689],
					"cubes": [
						{"origin": [-3.50221, 2.70776, 4.24689], "size": [2, 4, 1], "uv": [46, 31]}
					]
				},
				{
					"name": "frontdrip",
					"parent": "drips",
					"pivot": [1.59779, 8.72352, -5.4965],
					"cubes": [
						{"origin": [0.09779, 6.22352, -5.7965], "size": [3, 5, 2], "pivot": [1.59779, 8.72352, -5.4965], "rotation": [-7.5, 0, 0], "uv": [0, 45]}
					]
				},
				{
					"name": "tail",
					"parent": "body",
					"pivot": [-0.00221, 2.30021, 3],
					"cubes": [
						{"origin": [-1.00221, 2.30021, 2], "size": [2, 12, 2], "pivot": [-0.00221, 2.30021, 3], "rotation": [-40, 0, 0], "uv": [38, 23]}
					]
				},
				{
					"name": "eyes",
					"parent": "body",
					"pivot": [-0.00221, 2.50021, -3],
					"cubes": [
						{"origin": [4.59779, 2.00021, -4], "size": [0, 1, 2], "pivot": [-0.00221, 2.50021, -3], "rotation": [-7.5, 0, 0], "uv": [24, 49]},
						{"origin": [-4.60221, 2.00021, -4], "size": [0, 1, 2], "pivot": [-0.00221, 2.50021, -3], "rotation": [-7.5, 0, 0], "uv": [20, 49]}
					]
				},
				{
					"name": "ears",
					"parent": "body",
					"pivot": [-4.00221, 6.00021, -4.8],
					"cubes": [
						{"origin": [-6.00221, 6.00021, -5.8], "size": [3, 3, 3], "pivot": [-4.00221, 6.00021, -4.8], "rotation": [0, 0, -30], "uv": [44, 6]}
					]
				},
				{
					"name": "leftear",
					"parent": "ears",
					"pivot": [4.00221, 6.00021, -4.8],
					"cubes": [
						{"origin": [5.00221, 8.00021, -5.8], "size": [1, 1, 3], "pivot": [4.00221, 6.00021, -4.8], "rotation": [0, 0, 30], "uv": [46, 23]},
						{"origin": [5.00221, 6.00021, -5.8], "size": [1, 1, 3], "pivot": [4.00221, 6.00021, -4.8], "rotation": [0, 0, 30], "uv": [46, 27]},
						{"origin": [3.00221, 6.00021, -5.8], "size": [2, 3, 3], "pivot": [4.00221, 6.00021, -4.8], "rotation": [0, 0, 30], "uv": [10, 45]}
					]
				},
				{
					"name": "feet",
					"parent": "caramouse",
					"pivot": [0, 0, 0]
				},
				{
					"name": "foot_back_right",
					"parent": "feet",
					"pivot": [-2, 1.00879, 1.77643],
					"cubes": [
						{"origin": [-3, 0.00879, 0.77643], "size": [2, 2, 2], "uv": [20, 45]}
					]
				},
				{
					"name": "foot_back_left",
					"parent": "feet",
					"pivot": [2, 1, 2],
					"cubes": [
						{"origin": [1, 0, 1], "size": [2, 2, 2], "uv": [20, 45]}
					]
				},
				{
					"name": "foot_front_right",
					"parent": "feet",
					"pivot": [-2, 1, -3],
					"cubes": [
						{"origin": [-3, 0, -4], "size": [2, 2, 2], "uv": [20, 45]}
					]
				},
				{
					"name": "foot_front_left",
					"parent": "feet",
					"pivot": [2, 1, -3],
					"cubes": [
						{"origin": [1, 0, -4], "size": [2, 2, 2], "uv": [20, 45]}
					]
				}
			]
		}
	]
}