{
	"portraitScale": 1.28,
	"portraitTranslation": [-0.3, 3, 0],
	"profileScale": 0.4,
	"profileTranslation": [-0.20, 1.2, 0],
	
	"animations": {
		"faint": "q.bedrock_primary('dusknoirtesla', 'faint', q.curve('one'))",
		"cry": "q.bedrock_stateful('dusknoirtesla', 'cry')"
	},
	"poses": {
		"battle-standing": {
			"poseTypes": ["STAND"],
			"isBattle": true,
			"animations": [
				"q.look('eye')",
				"q.bedrock('dusknoirtesla', 'battle_idle')"
			]
		},
		"standing": {
			"poseTypes": ["STAND", "NONE", "PORTRAIT", "PROFILE"],
			"isBattle": false,
			"animations": [
				"q.look('eye')",
				"q.bedrock('dusknoirtesla', 'ground_idle')"
			]
		},
		
		"walking": {
			"poseName": "walking",
			"transformTicks": 10,
			"poseTypes": [ "WALK" ],
			"animations": [ "q.bedrock('dusknoirtesla', 'ground_walk')"]
		},
		"sleep": {
			"poseTypes": ["SLEEP"],
			"animations": ["q.bedrock('dusknoirtesla', 'sleep')"]
		}
	}
}