{
  "portraitScale": 1,
  "portraitTranslation": [-0.3, 0.3, 0],
  "profileScale": 0.6,
  "profileTranslation": [0, 0.65, 0],
  "animations": {
	"faint": "q.bedrock_primary('lanturnkullat', 'water_faint', q.curve('one'))",
    "cry": "q.bedrock_stateful('lanturnkullat', 'cry')"
  },
  "poses": {
    "battle-standing": {
      "poseTypes": ["STAND"],
      "isTouchingWater": false,
      "isBattle": true,
      "animations": ["q.bedrock('lanturnkullat', 'ground_battle_idle')"],
      "quirks": ["q.bedrock_quirk('lanturnkullat', 'blink')"]
    },
    "battle-swimming": {
      "poseTypes": ["STAND"],
      "isTouchingWater": true,
      "isBattle": true,
      "animations": ["q.bedrock('lanturnkullat', 'water_battle_idle')"],
      "quirks": ["q.bedrock_quirk('lanturnkullat', 'blink')"]
    },
    "standing": {
      "poseTypes": ["STAND", "NONE"],
      "isBattle": false,
      "animations": ["q.bedrock('lanturnkullat', 'ground_idle')"],
      "quirks": ["q.bedrock_quirk('lanturnkullat', 'blink')"]
    },
    "walking": {
      "poseTypes": ["WALK", "SWIM"],
      "isTouchingWater": false,
      "animations": ["q.bedrock('lanturnkullat', 'ground_walk')"],
      "quirks": ["q.bedrock_quirk('lanturnkullat', 'blink')"]
    },
    "float": {
      "poseTypes": ["PORTRAIT", "PROFILE", "FLOAT"],
      "isTouchingWater": true,
      "animations": ["q.bedrock('lanturnkullat', 'water_idle')"],
      "quirks": ["q.bedrock_quirk('lanturnkullat', 'blink')"]
    },
    "swim": {
      "poseTypes": ["SWIM"],
      "isTouchingWater": true,
      "animations": ["q.bedrock('lanturnkullat', 'water_swim')"],
      "quirks": ["q.bedrock_quirk('lanturnkullat', 'blink')"]
    },
    "surface_idle": {
      "poseTypes": ["STAND"],
      "isTouchingWater": true,
      "animations": [
                "q.bedrock('lanturnkullat', 'water_idle')"
      ],
      "quirks": [
        "q.bedrock_quirk('lanturnkullat', 'blink')"
      ],
      "transformedParts": [
        {
          "part": "body",
          "position": [0, 6, 0]
        }
      ]
    },
    "surface_swim": {
      "poseTypes": ["WALK"],
      "isTouchingWater": true,
      "animations": [
                "q.bedrock('lanturnkullat', 'water_swim')"
      ],
      "quirks": [
        "q.bedrock_quirk('lanturnkullat', 'blink')"
      ],
      "transformedParts": [
        {
          "part": "body",
          "position": [0, 6, 0]
        }
      ]
    }
  }
}