{
	"portraitScale": 1.2,
	"portraitTranslation": [-0.8, 2.3, 0],
	"profileScale": 0.4,
	"profileTranslation": [-0.1, 1.05, 0],
	
	"animations": {
		"faint": "q.bedrock_primary('scolipedewarmount', 'faint', q.curve('one'))",
		"cry": "q.bedrock_stateful('scolipedewarmount', 'cry')"
	},
	"poses": {
		"battle-standing": {
			"poseTypes": ["STAND"],
			"isBattle": true,
			"animations": [
				
				"q.bedrock('scolipedewarmount', 'battle_idle')"
			],
			"quirks": [
				"q.bedrock_quirk('scolipedewarmount', 'blink')"
			]
		},
		"standing": {
			"poseTypes": ["STAND", "NONE", "PORTRAIT", "PROFILE"],
			"isBattle": false,
			"animations": [
				
				"q.bedrock('scolipedewarmount', 'ground_idle')"
			],
			"quirks": [
				"q.bedrock_quirk('scolipedewarmount', 'blink')"
			]
		},
		
		"walking": {
			"poseName": "walking",
			"transformTicks": 10,
			"poseTypes": [ "WALK" ],
			"animations": [ 
				"q.bedrock('scolipedewarmount', 'ground_walk')" 
			],
			"quirks": [
				"q.bedrock_quirk('scolipedewarmount', 'blink')"
			]
		},
		"sleep": {
			"poseTypes": ["SLEEP"],
			"animations": ["q.bedrock('scolipedewarmount', 'sleep')"]
		}
	}
}