{
	"format_version": "1.12.0",
	"minecraft:geometry": [
		{
			"description": {
				"identifier": "geometry.wailnaut",
				"texture_width": 128,
				"texture_height": 128,
				"visible_bounds_width": 4,
				"visible_bounds_height": 2.5,
				"visible_bounds_offset": [0, 0.75, 0]
			},
			"bones": [
				{
					"name": "wailmer",
					"pivot": [0, 0, 0]
				},
				{
					"name": "whole",
					"parent": "wailmer",
					"pivot": [0, 0, 0]
				},
				{
					"name": "body",
					"parent": "whole",
					"pivot": [0, 0, 0],
					"cubes": [
						{"origin": [-8.5, -2, 0.49], "size": [17, 9, 8], "inflate": -0.01, "uv": [0, 102]}
					]
				},
				{
					"name": "body2",
					"parent": "body",
					"pivot": [0, 7, 8]
				},
				{
					"name": "eyes",
					"parent": "body2",
					"pivot": [0, -5, 0]
				},
				{
					"name": "eye_right",
					"parent": "eyes",
					"pivot": [4.5, 10, -8.515],
					"cubes": [
						{"origin": [4, 9.5, -8.519], "size": [1, 1, 0], "uv": [36, 69]}
					]
				},
				{
					"name": "eyelid_right",
					"parent": "eye_right",
					"pivot": [4.5, 10, -7.915],
					"cubes": [
						{"origin": [3.5, 9.5, -8.415], "size": [2, 1, 1], "inflate": 0.01, "uv": [74, 75]}
					]
				},
				{
					"name": "eye_left",
					"parent": "eyes",
					"pivot": [-4.5, 10, -8.515],
					"cubes": [
						{"origin": [-5, 9.5, -8.515], "size": [1, 1, 0], "uv": [36, 70]}
					]
				},
				{
					"name": "eyelid_left",
					"parent": "eye_left",
					"pivot": [-4.5, 10, -7.915],
					"cubes": [
						{"origin": [-5.5, 9.5, -8.415], "size": [2, 1, 1], "inflate": 0.01, "uv": [74, 77]}
					]
				},
				{
					"name": "fin_right",
					"parent": "body2",
					"pivot": [8, 9, 0],
					"rotation": [0, 0, 45],
					"cubes": [
						{"origin": [4, 8, -3], "size": [12, 2, 6], "uv": [83, 94]}
					]
				},
				{
					"name": "bone",
					"parent": "fin_right",
					"pivot": [13, 9, 0],
					"cubes": [
						{"origin": [14, 7, -9], "size": [4, 4, 18], "pivot": [16, 9, 0], "rotation": [0, 0, 45], "uv": [84, 106]}
					]
				},
				{
					"name": "fin_left",
					"parent": "body2",
					"pivot": [-8, 9, 0],
					"rotation": [0, 0, -45],
					"cubes": [
						{"origin": [-16, 8, -3], "size": [12, 2, 6], "uv": [68, 107]},
						{"origin": [-18, 7, -9], "size": [4, 4, 18], "pivot": [-16, 9, 0], "rotation": [0, 0, 45], "uv": [84, 106]}
					]
				},
				{
					"name": "headfin",
					"parent": "body2",
					"pivot": [-0.7, 15, 2.8],
					"cubes": [
						{"origin": [-3.2, 12.09, -5.7], "size": [5, 6, 5], "inflate": -0.1, "pivot": [-0.7, 15, -4.2], "rotation": [0, 45, 0], "uv": [68, 24]},
						{"origin": [-3.5, 12, -3.5], "size": [7, 6, 7], "uv": [68, 0]},
						{"origin": [-3.2, 12.09, 1.3], "size": [5, 6, 5], "inflate": -0.1, "pivot": [-0.7, 15, 2.8], "rotation": [0, 45, 0], "uv": [68, 13]}
					]
				},
				{
					"name": "jaw",
					"parent": "body2",
					"pivot": [0, -2, 0.5],
					"cubes": [
						{"origin": [4.5, -2, -8.5], "size": [4, 3, 9], "inflate": -0.01, "uv": [46, 74]},
						{"origin": [-4.5, -2, -8.5], "size": [9, 3, 9], "inflate": -0.01, "uv": [92, 70]},
						{"origin": [4.5, 0.99, -8.5], "size": [4, 6, 9], "inflate": -0.01, "uv": [102, 40]},
						{"origin": [-8.5, -2, -8.5], "size": [4, 9, 9], "inflate": -0.01, "uv": [102, 10]},
						{"origin": [-8.5, -2, -8.5], "size": [17, 9, 3], "uv": [14, 14]},
						{"origin": [7.8, 0, -0.5], "size": [1, 1, 1], "inflate": -0.1, "pivot": [8.3, 0.5, 0], "rotation": [-45, 0, 0], "uv": [0, 0]},
						{"origin": [7.8, -2.3, -0.5], "size": [1, 1, 1], "inflate": -0.1, "pivot": [8.3, -1.8, 0], "rotation": [-45, 0, 45], "uv": [0, 0]},
						{"origin": [3.5, -2.3, -0.5], "size": [1, 1, 1], "inflate": -0.1, "pivot": [4, -1.8, 0], "rotation": [-45, 0, 90], "uv": [0, 0]},
						{"origin": [-0.5, -2.3, -0.5], "size": [1, 1, 1], "inflate": -0.1, "pivot": [0, -1.8, 0], "rotation": [-45, 0, 90], "uv": [0, 0]},
						{"origin": [7.8, 4, -0.5], "size": [1, 1, 1], "inflate": -0.1, "pivot": [8.3, 4.5, 0], "rotation": [-45, 0, 0], "uv": [0, 0]},
						{"origin": [-8.8, 4, -0.5], "size": [1, 1, 1], "inflate": -0.1, "pivot": [-8.3, 4.5, 0], "rotation": [-45, 0, 0], "uv": [0, 0], "mirror": true},
						{"origin": [-4.5, -2.3, -0.5], "size": [1, 1, 1], "inflate": -0.1, "pivot": [-4, -1.8, 0], "rotation": [-45, 0, -90], "uv": [0, 0], "mirror": true},
						{"origin": [-8.8, 0, -0.5], "size": [1, 1, 1], "inflate": -0.1, "pivot": [-8.3, 0.5, 0], "rotation": [-45, 0, 0], "uv": [0, 0], "mirror": true},
						{"origin": [-8.8, -2.3, -0.5], "size": [1, 1, 1], "inflate": -0.1, "pivot": [-8.3, -1.8, 0], "rotation": [-45, 0, -45], "uv": [0, 0], "mirror": true}
					]
				},
				{
					"name": "headtop",
					"parent": "body2",
					"pivot": [8.3, 7.5, -1],
					"cubes": [
						{"origin": [-8.5, 7, -8.5], "size": [17, 7, 17], "uv": [0, 26]},
						{"origin": [-2.5, 4, 4.5], "size": [5, 5, 5], "pivot": [0, 6.5, 7], "rotation": [0, 0, -45], "uv": [68, 35]},
						{"origin": [-2.5, 4, 7.5], "size": [5, 5, 5], "inflate": -1, "pivot": [0, 6.5, 10], "rotation": [0, 0, -45], "uv": [0, 69]},
						{"origin": [-8.8, 7, -5.5], "size": [1, 1, 1], "inflate": -0.1, "pivot": [-8.3, 7.5, -5], "rotation": [-45, 0, 0], "uv": [0, 0], "mirror": true},
						{"origin": [-8.8, 7, -1.5], "size": [1, 1, 1], "inflate": -0.1, "pivot": [-8.3, 7.5, -1], "rotation": [-45, 0, 0], "uv": [0, 0], "mirror": true},
						{"origin": [-4.5, 8, -8.8], "size": [1, 1, 1], "inflate": -0.1, "pivot": [-4, 8.5, -8.3], "rotation": [0, -90, -45], "uv": [0, 0], "mirror": true},
						{"origin": [-0.5, 8, -8.8], "size": [1, 1, 1], "inflate": -0.1, "pivot": [0, 8.5, -8.3], "rotation": [0, 90, 45], "uv": [0, 0]},
						{"origin": [3.5, 8, -8.8], "size": [1, 1, 1], "inflate": -0.1, "pivot": [4, 8.5, -8.3], "rotation": [0, 90, 45], "uv": [0, 0]},
						{"origin": [7.8, 7, -5.5], "size": [1, 1, 1], "inflate": -0.1, "pivot": [8.3, 7.5, -5], "rotation": [-45, 0, 0], "uv": [0, 0]},
						{"origin": [7.8, 7, -1.5], "size": [1, 1, 1], "inflate": -0.1, "pivot": [8.3, 7.5, -1], "rotation": [-45, 0, 0], "uv": [0, 0]}
					]
				},
				{
					"name": "propeller",
					"parent": "body2",
					"pivot": [0, 6.5, 10],
					"cubes": [
						{"origin": [-9.5, -3, 10.5], "size": [19, 19, 0], "pivot": [0, 6.5, 10], "rotation": [0, 0, -45], "uv": [0, 50]}
					]
				}
			]
		}
	]
}