{
	"format_version": "1.8.0",
	"animations": {
		"animation.turtwig.ground_run": {
			"loop": true,
			"bones": {
				"bulb": {
					"rotation": ["4*(math.sin(q.anim_time*90*4*2+150)*1+1)", 0, 0]
				},
				"body": {
					"rotation": ["math.sin(q.anim_time*90*4*2-90)*6+5 ", 0, 0],
					"position": [
						0,
						"math.clamp(math.sin(q.anim_time*90*8+30)*2,0,5)+math.clamp(math.sin(q.anim_time*90*8+30)*0.2,-1,0)",
						"-math.sin(q.anim_time*90*8+math.sin(q.anim_time*90*8+60)*-40)"
					]
				},
				"tail": {
					"rotation": [0, "math.sin(q.anim_time*90*4*3-190)*15", 0]
				},
				"head": {
					"rotation": ["math.sin(q.anim_time*90*4*2-60)*-10", 0, 0]
				},
				"twig": {
					"rotation": ["math.sin(q.anim_time*90*4*2-160)*10-10", 0, 0]
				},
				"leaf_left": {
					"rotation": [0, "math.sin(q.anim_time*90*4*2-190)*-15-10+math.sin(q.anim_time*90*8*2)*2-10", "math.cos(q.anim_time*90*4*2)*-5+10"]
				},
				"leaf_right": {
					"rotation": [0, "math.sin(q.anim_time*90*4*2-190)*15+10+math.sin(q.anim_time*90*8*2)*2+10", "math.cos(q.anim_time*90*4*2)*5-10"]
				},
				"leg_front_right": {
					"rotation": ["math.clamp(math.sin(-q.anim_time*90*8+10)*40,-50,5)-math.clamp(math.sin(q.anim_time*90*8+10)*20,-50,5)", 0, 0],
					"position": [
						0,
						"math.clamp(math.sin(q.anim_time*90*4*2+50-180)*0.5,0,1)+math.clamp(math.sin(q.anim_time*90*4*2+50)*0.8,0,1)",
						"-math.sin(math.sin(q.anim_time*90*8)*5)"
					]
				},
				"leg_front_left": {
					"rotation": ["math.clamp(math.sin(-q.anim_time*90*8)*40,-50,5)-math.clamp(math.sin(q.anim_time*90*8)*20,-50,5)", 0, 0],
					"position": [
						0,
						"math.clamp(math.sin(q.anim_time*90*4*2+50-180)*0.5,0,1)+math.clamp(math.sin(q.anim_time*90*4*2+50)*0.8,0,1)",
						"-math.sin(math.sin(q.anim_time*90*8)*5)"
					]
				},
				"leg_back_right": {
					"rotation": ["math.clamp(math.sin(-q.anim_time*90*8+120)*30,-50,5)-math.clamp(math.sin(q.anim_time*90*8-120)*40,-50,5)", 0, 0],
					"position": [
						0,
						"math.clamp(math.sin(q.anim_time*90*4*2+50-180)*-0.2,-1,0)+math.clamp(math.sin(q.anim_time*90*4*2+50)*-0.3,-1,0)",
						"math.sin(math.sin(q.anim_time*90*8)*20)+0.3"
					]
				},
				"leg_back_left": {
					"rotation": ["math.clamp(math.sin(-q.anim_time*90*8+120)*30,-50,5)-math.clamp(math.sin(q.anim_time*90*8-120)*40,-50,5)", 0, 0],
					"position": [
						0,
						"math.clamp(math.sin(q.anim_time*90*4*2+50-180)*-0.2,-1,0)+math.clamp(math.sin(q.anim_time*90*4*2+50)*-0.3,-1,0)",
						"math.sin(math.sin(q.anim_time*90*8)*20)+0.3"
					]
				}
			}
		},
		"animation.turtwig_ultravariant.ground_idle": {
			"loop": true,
			"bones": {
				"torso": {
					"rotation": ["0-math.cos(q.anim_time*90*2)*-2", "math.sin(q.anim_time*90*1)*0.5", "math.cos(q.anim_time*90*2)*-0.5"],
					"position": [0, "math.sin(q.anim_time*90*2)*0.1", 0]
				},
				"tail": {
					"rotation": [0, "0+math.sin(q.anim_time*90*5)*20", 0]
				},
				"head": {
					"rotation": ["math.sin(q.anim_time*90*2-90)*3", "math.sin(q.anim_time*90*1)*-3", 0],
					"position": [0, "math.sin(q.anim_time*90*2-30)*0.05", 0]
				},
				"twig": {
					"rotation": [0, 0, "math.cos(q.anim_time*90*1-50)*5 "]
				},
				"leaf_left": {
					"rotation": [0, "math.cos(q.anim_time*90*2)*2", "math.cos(q.anim_time*90*1-80)*5 "]
				},
				"leaf_right": {
					"rotation": [0, "math.cos(q.anim_time*90*2)*2", "math.cos(q.anim_time*90*1-80)*5 "]
				},
				"jaw": {
					"rotation": [0, 0, 0]
				},
				"body": {
					"rotation": ["math.sin(query.anim_time * 120) * 6", 0, "math.cos(query.anim_time * 100) * 4"],
					"position": [0, "3+math.sin(query.anim_time * 90) * 1", 0]
				}
			}
		},
		"animation.turtwig_ultravariant.ground_walk": {
			"loop": true,
			"bones": {
				"torso": {
					"rotation": ["0-math.cos(q.anim_time*90*2)*-2", "math.sin(q.anim_time*90*1)*0.5", "math.cos(q.anim_time*90*2)*-0.5"],
					"position": [0, "math.sin(q.anim_time*90*2)*0.1", 0]
				},
				"tail": {
					"rotation": [0, "0+math.sin(q.anim_time*90*3)*10", 0]
				},
				"head": {
					"rotation": ["-10+math.sin(q.anim_time*90*2-90)*6", "math.sin(q.anim_time*90*1)*-3", "math.cos(query.anim_time * 100) * 6"],
					"position": [0, "math.sin(q.anim_time*90*2-30)*0.05", 0]
				},
				"twig": {
					"rotation": [0, 0, "math.cos(q.anim_time*90*1-50)*5 "]
				},
				"leaf_left": {
					"rotation": [0, "math.cos(q.anim_time*90*2)*2", "math.cos(q.anim_time*90*1-80)*5 "]
				},
				"leaf_right": {
					"rotation": [0, "math.cos(q.anim_time*90*2)*2", "math.cos(q.anim_time*90*1-80)*5 "]
				},
				"jaw": {
					"rotation": [0, 0, 0]
				},
				"body": {
					"rotation": ["15+math.sin(query.anim_time * 180) * 6", 0, "math.cos(query.anim_time * 180) * 6"],
					"position": [0, "3+math.sin(query.anim_time * 90) * 1", "math.cos(query.anim_time * 100) * 2"]
				}
			}
		},
		"animation.turtwig_ultravariant.sleep": {
			"loop": true,
			"bones": {
				"body": {
					"position": [0, -1.5, 0]
				},
				"head": {
					"rotation": ["22.5+math.cos(q.anim_time*90*1-60)*2", 0, 0]
				},
				"twig": {
					"rotation": ["20+math.cos(q.anim_time*90*1-90)*5", 0, 0]
				},
				"leaf_left": {
					"rotation": [0, "math.cos(q.anim_time*90*1-120)*3", 0]
				},
				"leaf_right": {
					"rotation": [0, "math.cos(q.anim_time*90*1-120)*3", 0]
				},
				"eyelid_left": {
					"position": [0.1, 0, 0]
				},
				"eyelid_right": {
					"position": [-0.1, 0, 0]
				},
				"leg_front_right": {
					"rotation": [0, "math.sin(q.anim_time*90*1-90)*2", 0]
				},
				"leg_front_left": {
					"rotation": [0, "math.sin(q.anim_time*90*1-90)*2", 0]
				},
				"leg_back_right": {
					"rotation": [0, "math.sin(q.anim_time*90*1-90)*2", 0]
				},
				"leg_back_left": {
					"rotation": [0, "0math.sin(q.anim_time*90*1-90)*2", 0]
				},
				"torso": {
					"rotation": ["0+math.cos(q.anim_time*90*1-90)*1", 0, "0+math.sin(q.anim_time*90*1-90)*1"]
				},
				"tail": {
					"rotation": [0, "0+math.cos(q.anim_time*90*1-90)*10", 0]
				}
			}
		},
		"animation.turtwig_ultravariant.blink": {
			"animation_length": 0.1667,
			"bones": {
				"eyelid_left": {
					"position": {
						"0.0": [0.1, 0, 0],
						"0.125": [0.1, 0, 0],
						"0.1667": [0, 0, 0]
					}
				},
				"eyelid_right": {
					"position": {
						"0.0": [-0.1, 0, 0],
						"0.125": [-0.1, 0, 0],
						"0.1667": [0, 0, 0]
					}
				}
			}
		},
		"animation.turtwig_ultravariant.shoulder_left": {
			"loop": true,
			"bones": {
				"player": {
					"position": [-7, -21, 0]
				},
				"body": {
					"rotation": [-27.42287, 1.91134, 4.62111]
				},
				"torso": {
					"rotation": ["0+math.sin(q.anim_time*90*2)*0.5", 0, 0]
				},
				"tail": {
					"rotation": [10, "math.sin(q.anim_time*90*4-120)*10", 0]
				},
				"head": {
					"rotation": ["33.5+math.sin(q.anim_time*90*2-90)*1", "-4+math.sin(q.anim_time*90*1)*1", -4],
					"position": [0, "math.sin(q.anim_time*90*2-30)*0.05", 0]
				},
				"twig": {
					"rotation": ["-5+math.cos(q.anim_time*90*2-50)*-2", 0, 0]
				},
				"leaf_left": {
					"rotation": [0, "math.cos(q.anim_time*90*2-80)*-3", 0]
				},
				"leaf_right": {
					"rotation": [0, "math.cos(q.anim_time*90*2-80)*3", 0]
				},
				"leg_front_right": {
					"rotation": [-15, 8, -24.5]
				},
				"leg_front_left": {
					"rotation": [-19, -18, 16],
					"position": [0, 0.2, -0.2]
				},
				"leg_back_right": {
					"rotation": ["17+math.sin(q.anim_time*90*2-30)*-3", 2, -7],
					"position": [0, -0.75, 0.85]
				},
				"leg_back_left": {
					"rotation": ["20+math.sin(q.anim_time*90*2-120)*-3", -2.5, 7],
					"position": [0, -0.7, 0.9]
				},
				"turtwig": {
					"position": [5, 10, 5]
				}
			}
		},
		"animation.turtwig_ultravariant.shoulder_right": {
			"loop": true,
			"bones": {
				"player": {
					"position": [-7, -21, 0]
				},
				"body": {
					"rotation": [-27.42287, -1.91134, -4.62111]
				},
				"torso": {
					"rotation": ["0+math.sin(q.anim_time*90*2)*0.5", 0, 0]
				},
				"tail": {
					"rotation": [10, "-(math.sin(q.anim_time*90*4-120)*10)", 0]
				},
				"head": {
					"rotation": ["33.5+math.sin(q.anim_time*90*2-90)*1", "4+math.sin(q.anim_time*90*1)*1", 4],
					"position": [0, "math.sin(q.anim_time*90*2-30)*0.05", 0]
				},
				"twig": {
					"rotation": ["-5+math.cos(q.anim_time*90*2-50)*-2", 0, 0]
				},
				"leaf_left": {
					"rotation": [0, "-(math.cos(q.anim_time*90*2-80)*3)", 0]
				},
				"leaf_right": {
					"rotation": [0, "-(math.cos(q.anim_time*90*2-80)*-3)", 0]
				},
				"leg_front_right": {
					"rotation": [-19, 18, -16],
					"position": [0, 0.2, -0.2]
				},
				"leg_front_left": {
					"rotation": [-15, -8, 24.5],
					"position": [0, 0.2, -0.2]
				},
				"leg_back_right": {
					"rotation": ["20+math.sin(q.anim_time*90*2-120)*-3", 2.5, -7],
					"position": [0, -0.7, 0.9]
				},
				"leg_back_left": {
					"rotation": ["17+math.sin(q.anim_time*90*2-30)*-3", -2, 7],
					"position": [0, -0.75, 0.85]
				},
				"turtwig": {
					"position": [-5, 10, 5]
				}
			}
		},
		"animation.turtwig_ultravariant.cry": {
			"animation_length": 1.1667,
			"bones": {
				"head": {
					"rotation": {
						"0.0": [0, 0, 0],
						"0.1667": {
							"pre": [-2.5, 0, 0],
							"post": [-2.5, 0, 0],
							"lerp_mode": "catmullrom"
						},
						"0.2917": {
							"post": [0.49931, -0.02617, 2.99989],
							"lerp_mode": "catmullrom"
						},
						"0.5417": {
							"post": [1.76239, 0.13588, -2.90971],
							"lerp_mode": "catmullrom"
						},
						"0.7083": {
							"post": [-12.50069, -0.02617, 2.99989],
							"lerp_mode": "catmullrom"
						},
						"0.9583": {
							"post": [-6, 0, 0],
							"lerp_mode": "catmullrom"
						},
						"1.0833": [0, 0, 0]
					}
				},
				"jaw": {
					"rotation": {
						"0.0": [0, 0, 0],
						"0.1667": [0, 0, 0],
						"0.25": {
							"pre": [16.5, 0, 0],
							"post": [16.5, 0, 0],
							"lerp_mode": "catmullrom"
						},
						"0.3333": {
							"post": [21.5, 0, 0],
							"lerp_mode": "catmullrom"
						},
						"0.375": {
							"post": [16.5, 0, 0],
							"lerp_mode": "catmullrom"
						},
						"0.4583": {
							"post": [21.5, 0, 0],
							"lerp_mode": "catmullrom"
						},
						"0.5833": {
							"post": [16.5, 0, 0],
							"lerp_mode": "catmullrom"
						},
						"0.625": {
							"post": [21.5, 0, 0],
							"lerp_mode": "catmullrom"
						},
						"0.7917": {
							"post": [41.38, 0, 0],
							"lerp_mode": "catmullrom"
						},
						"0.9583": {
							"post": [0.39, 0, 0],
							"lerp_mode": "catmullrom"
						},
						"1.0833": [0, 0, 0]
					}
				},
				"twig": {
					"rotation": [0, 0, 0]
				}
			},
			"sound_effects": {
				"0.2083": {
					"effect": "pokemon.turtwig.cry"
				}
			}
		},
		"animation.turtwig_ultravariant.faint": {
			"animation_length": 2,
			"bones": {
				"body": {
					"position": {
						"0.0": [0, 0, 0],
						"0.2917": [0, -5, 0]
					}
				},
				"bush_left": {
					"scale": {
						"0.0": [1, 1, 1],
						"0.1667": [0, 0, 0]
					}
				},
				"bone": {
					"rotation": {
						"0.0": [0, 0, 0],
						"0.2083": [25, 0, 0]
					},
					"position": {
						"0.0": [0, 0, 0],
						"0.2083": [0, -3, 0]
					}
				},
				"head": {
					"rotation": {
						"0.0": [0, 0, 0],
						"0.2083": [-10, 0, 0],
						"0.2917": [-10, 0, 0],
						"0.375": [20, 0, 0]
					}
				},
				"jaw": {
					"rotation": {
						"0.0": [0, 0, 0],
						"0.2083": [15, 0, 0]
					}
				},
				"eyelid_left": {
					"position": {
						"0.0": [0, 0, 0],
						"0.2917": [0.1, 0, 0]
					}
				},
				"eyelid_right": {
					"position": {
						"0.0": [0, 0, 0],
						"0.2917": [-0.1, 0, 0]
					}
				},
				"leg_front_right": {
					"rotation": {
						"0.0": [0, 0, 0],
						"0.2083": [-20, 0, 15],
						"0.2917": [-40, 0, 15]
					}
				},
				"leg_front_left": {
					"rotation": {
						"0.0": [0, 0, 0],
						"0.2083": [-20, 0, -15],
						"0.2917": [-40, 0, -15]
					}
				},
				"leg_back_right": {
					"rotation": {
						"0.0": [0, 0, 0],
						"0.2083": [30, 0, 0],
						"0.2917": [90, 0, 0]
					}
				},
				"leg_back_left": {
					"rotation": {
						"0.0": [0, 0, 0],
						"0.2083": [30, 0, 0],
						"0.2917": [90, 0, 0]
					}
				}
			}
		}
	}
}