{
	"format_version": "1.12.0",
	"minecraft:geometry": [
		{
			"description": {
				"identifier": "geometry.gorochu",
				"texture_width": 128,
				"texture_height": 128,
				"visible_bounds_width": 3,
				"visible_bounds_height": 6.5,
				"visible_bounds_offset": [0, 2.75, 0]
			},
			"bones": [
				{
					"name": "gorochu",
					"pivot": [0, 0, 0]
				},
				{
					"name": "body",
					"parent": "gorochu",
					"pivot": [0, 8, 0.5]
				},
				{
					"name": "torso",
					"parent": "body",
					"pivot": [0, 7.25, 0.5],
					"cubes": [
						{"origin": [-6, 4.75, -4.5], "size": [12, 10, 10], "uv": [0, 0]},
						{"origin": [-4.5, 14.75, -3], "size": [9, 2, 7], "uv": [27, 29]}
					]
				},
				{
					"name": "head",
					"parent": "torso",
					"pivot": [0, 15.25, 0.25],
					"cubes": [
						{"origin": [-4.5, 16.25, -3.75], "size": [9, 8, 8], "inflate": 0.01, "uv": [0, 20]},
						{"origin": [-0.5, 18.33, -4.53], "size": [1, 1, 1], "pivot": [0, 18.7, -3.5], "rotation": [12.5, 0, 0], "uv": [44, 12]},
						{"origin": [-4.5, 16.3, -4.5], "size": [9, 3, 2], "inflate": 0.02, "pivot": [-0.5, 18.7, -3.5], "rotation": [12.5, 0, 0], "uv": [20, 44]}
					]
				},
				{
					"name": "spike",
					"parent": "head",
					"pivot": [0, 23.5, -3.5],
					"rotation": [55, 0, 0],
					"cubes": [
						{"origin": [-1, 23, -5], "size": [2, 2, 2], "uv": [0, 20]},
						{"origin": [-0.5, 24.5, -4.5], "size": [1, 2, 1], "uv": [38, 6]}
					]
				},
				{
					"name": "spike2",
					"parent": "spike",
					"pivot": [0, 21.5, -4.5],
					"rotation": [27.5, 0, 0],
					"cubes": [
						{"origin": [-0.5, 22.5, -5.3], "size": [1, 2, 1], "uv": [0, 38]}
					]
				},
				{
					"name": "mouth_closed",
					"parent": "head",
					"pivot": [0, 15.7, -3.5],
					"cubes": [
						{"origin": [-1.5, 16.8, -4.53], "size": [3, 1, 0], "inflate": 0.01, "pivot": [0, 18.7, -3.5], "rotation": [12.5, 0, 0], "uv": [14, 38]},
						{"origin": [-0.5, 17.05, -4.53], "size": [1, 1, 0], "inflate": 0.01, "pivot": [0, 18.7, -3.5], "rotation": [12.5, 0, 0], "uv": [0, 0]},
						{"origin": [-2, 17.3, -4.53], "size": [4, 1, 0], "pivot": [0, 18.7, -3.5], "rotation": [12.5, 0, 0], "uv": [0, 26]},
						{"origin": [-2, 16.75, -4.32], "size": [4, 1, 0], "pivot": [0, 17.7, -3.5], "rotation": [12.5, 0, 0], "uv": [0, 24]}
					]
				},
				{
					"name": "mouth_open",
					"parent": "head",
					"pivot": [0, 15.7, -3.5],
					"cubes": [
						{"origin": [-1.5, 16.55, -4.33], "size": [3, 1, 0], "inflate": 0.01, "pivot": [0, 18.7, -3.3], "rotation": [12.5, 0, 0], "uv": [38, 9]},
						{"origin": [-1, 17.05, -4.33], "size": [2, 1, 0], "inflate": 0.01, "pivot": [0, 18.7, -3.3], "rotation": [12.5, 0, 0], "uv": [0, 41]}
					]
				},
				{
					"name": "eyes",
					"parent": "head",
					"pivot": [0, 19, -3.825]
				},
				{
					"name": "eye_right",
					"parent": "eyes",
					"pivot": [-3, 20.5, -3.77],
					"cubes": [
						{"origin": [-4, 19.5, -3.77], "size": [2, 2, 0], "pivot": [-3, 20.5, -3.77], "rotation": [0, 0, 3], "uv": [42, 27]}
					]
				},
				{
					"name": "eyelid_right",
					"parent": "eye_right",
					"pivot": [-3, 18.5, -3.67],
					"cubes": [
						{"origin": [-4, 19.5, -3.67], "size": [2, 2, 0], "inflate": 0.01, "pivot": [-3, 20.5, -3.67], "rotation": [0, 0, 3], "uv": [18, 39]}
					]
				},
				{
					"name": "eye_left",
					"parent": "eyes",
					"pivot": [3, 20.5, -3.77],
					"cubes": [
						{"origin": [2, 19.5, -3.77], "size": [2, 2, 0], "pivot": [3, 20.5, -3.77], "rotation": [0, 0, -3], "uv": [14, 39]}
					]
				},
				{
					"name": "eyelid_left",
					"parent": "eye_left",
					"pivot": [3, 18.5, -3.67],
					"cubes": [
						{"origin": [2, 19.5, -3.67], "size": [2, 2, 0], "inflate": 0.01, "pivot": [3, 20.5, -3.67], "rotation": [0, 0, -3], "uv": [38, 27]}
					]
				},
				{
					"name": "ear_right",
					"parent": "head",
					"pivot": [-4, 20.5, -0.65],
					"cubes": [
						{"origin": [-15.45, 16.78584, -3.67807], "size": [11, 6, 0], "pivot": [-4.5, 19.75, -3.65], "rotation": [21.5, 50, 17], "uv": [44, 6]}
					]
				},
				{
					"name": "ear_left",
					"parent": "head",
					"pivot": [4, 20.5, -0.65],
					"cubes": [
						{"origin": [4.45, 16.78584, -3.67807], "size": [11, 6, 0], "pivot": [4.5, 19.75, -3.65], "rotation": [21.5, -50, -17], "uv": [42, 38]}
					]
				},
				{
					"name": "arm_right",
					"parent": "torso",
					"pivot": [-4.5, 15.5, -0.5],
					"cubes": [
						{"origin": [-8.5, 14, -2], "size": [4, 3, 3], "uv": [95, 0]}
					]
				},
				{
					"name": "elbow_right",
					"parent": "arm_right",
					"pivot": [-8.2625, 15.5, 0.875],
					"cubes": [
						{"origin": [-15, 16.5, -1], "size": [3, 0, 1], "inflate": 0.01, "uv": [0, 25]},
						{"origin": [-12.5, 14, -2], "size": [4, 3, 3], "inflate": 0.01, "uv": [114, 6]},
						{"origin": [-14, 16.5, 0], "size": [2, 0, 1], "inflate": 0.01, "uv": [33, 9]},
						{"origin": [-15, 15.5, -1], "size": [3, 0, 1], "inflate": 0.01, "uv": [25, 20]},
						{"origin": [-14, 15.5, 0], "size": [2, 0, 1], "inflate": 0.01, "uv": [33, 25]},
						{"origin": [-15, 14.5, -1], "size": [3, 0, 1], "inflate": 0.01, "uv": [25, 21]},
						{"origin": [-14, 14.5, 0], "size": [2, 0, 1], "inflate": 0.01, "uv": [33, 26]}
					]
				},
				{
					"name": "arm_left",
					"parent": "torso",
					"pivot": [4.5, 15.5, -0.5],
					"cubes": [
						{"origin": [4.5, 14, -2], "size": [4, 3, 3], "uv": [95, 0]}
					]
				},
				{
					"name": "elbow_left",
					"parent": "arm_left",
					"pivot": [8.35714, 15.5, 0.92857],
					"cubes": [
						{"origin": [8.5, 14, -2], "size": [4, 3, 3], "inflate": 0.01, "uv": [114, 0]},
						{"origin": [12, 16.5, -1], "size": [3, 0, 1], "uv": [25, 24]},
						{"origin": [12, 16.5, 0], "size": [2, 0, 1], "uv": [13, 36]},
						{"origin": [12, 15.5, -1], "size": [3, 0, 1], "uv": [25, 23]},
						{"origin": [12, 15.5, 0], "size": [2, 0, 1], "uv": [33, 28]},
						{"origin": [12, 14.5, -1], "size": [3, 0, 1], "uv": [25, 22]},
						{"origin": [12, 14.5, 0], "size": [2, 0, 1], "uv": [33, 27]}
					]
				},
				{
					"name": "tail",
					"parent": "body",
					"pivot": [0, 5.75, 4],
					"cubes": [
						{"origin": [0, 7.25, 4.5], "size": [0, 1, 2], "uv": [34, 6]}
					]
				},
				{
					"name": "tail2",
					"parent": "tail",
					"pivot": [0, 7.75, 6.5],
					"cubes": [
						{"origin": [0, 7.25, 6.5], "size": [0, 1, 2], "uv": [34, 5]}
					]
				},
				{
					"name": "tail3",
					"parent": "tail2",
					"pivot": [0, 7.75, 8.5],
					"cubes": [
						{"origin": [0, 7.25, 8.5], "size": [0, 1, 2], "uv": [34, 4]}
					]
				},
				{
					"name": "tail4",
					"parent": "tail3",
					"pivot": [0, 7.75, 10.5],
					"cubes": [
						{"origin": [0, 7.25, 10.5], "size": [0, 1, 2], "uv": [0, 34]}
					]
				},
				{
					"name": "tail5",
					"parent": "tail4",
					"pivot": [0, 7.75, 12.5],
					"cubes": [
						{"origin": [0, 7.25, 12.5], "size": [0, 1, 2], "uv": [32, 22]}
					]
				},
				{
					"name": "tail6",
					"parent": "tail5",
					"pivot": [0, 7.75, 14.5],
					"cubes": [
						{"origin": [0, 7.25, 14.5], "size": [0, 1, 2], "uv": [32, 21]}
					]
				},
				{
					"name": "tail7",
					"parent": "tail6",
					"pivot": [0, 7.75, 16.5],
					"cubes": [
						{"origin": [0, 7.25, 16.5], "size": [0, 1, 2], "uv": [32, 20]}
					]
				},
				{
					"name": "tail8",
					"parent": "tail7",
					"pivot": [0, 7.75, 18.5],
					"cubes": [
						{"origin": [0, 7.25, 18.5], "size": [0, 1, 2], "uv": [32, 19]}
					]
				},
				{
					"name": "tail9",
					"parent": "tail8",
					"pivot": [0, 7.75, 20.5],
					"cubes": [
						{"origin": [0, 7.25, 20.5], "size": [0, 1, 2], "uv": [32, 18]}
					]
				},
				{
					"name": "tail10",
					"parent": "tail9",
					"pivot": [0, 7.75, 22.5],
					"cubes": [
						{"origin": [0, 7.25, 22.5], "size": [0, 1, 2], "uv": [30, 25]}
					]
				},
				{
					"name": "tail11",
					"parent": "tail10",
					"pivot": [0, 7.75, 24.5],
					"cubes": [
						{"origin": [0, 7.25, 24.5], "size": [0, 1, 2], "uv": [30, 24]}
					]
				},
				{
					"name": "tail12",
					"parent": "tail11",
					"pivot": [0, 7.75, 26.5],
					"cubes": [
						{"origin": [0, 7.25, 26.5], "size": [0, 1, 2], "uv": [30, 23]}
					]
				},
				{
					"name": "tail13",
					"parent": "tail12",
					"pivot": [0, 7.75, 28.5],
					"cubes": [
						{"origin": [0, 7.25, 28.5], "size": [0, 1, 2], "uv": [26, 25]}
					]
				},
				{
					"name": "tail14",
					"parent": "tail13",
					"pivot": [0, 7.75, 30.5],
					"cubes": [
						{"origin": [0, 7.25, 30.5], "size": [0, 1, 2], "uv": [26, 24]}
					]
				},
				{
					"name": "tail15",
					"parent": "tail14",
					"pivot": [0, 7.75, 32.5],
					"cubes": [
						{"origin": [0, 7.25, 32.5], "size": [0, 1, 2], "uv": [26, 23]}
					]
				},
				{
					"name": "tail16",
					"parent": "tail15",
					"pivot": [0, 7.75, 32.5],
					"cubes": [
						{"origin": [0, 7.25, 32.5], "size": [0, 1, 2], "uv": [4, 25]}
					]
				},
				{
					"name": "tail17",
					"parent": "tail16",
					"pivot": [0, 7.75, 34.5],
					"cubes": [
						{"origin": [0, 7.25, 34.5], "size": [0, 1, 2], "uv": [0, 25]}
					]
				},
				{
					"name": "tail_18",
					"parent": "tail17",
					"pivot": [0, 7.75, 36.5],
					"cubes": [
						{"origin": [0, 4.25, 36.5], "size": [0, 10, 2], "uv": [44, 59]}
					]
				},
				{
					"name": "tail_19",
					"parent": "tail_18",
					"pivot": [0, 7.75, 38.5],
					"cubes": [
						{"origin": [0, 4.25, 38.5], "size": [0, 10, 2], "uv": [40, 59]}
					]
				},
				{
					"name": "tail_20",
					"parent": "tail_19",
					"pivot": [0, 8.25, 40.5],
					"cubes": [
						{"origin": [0, 4.25, 40.5], "size": [0, 10, 2], "uv": [36, 59]}
					]
				},
				{
					"name": "tail_21",
					"parent": "tail_20",
					"pivot": [0, 8.75, 42.5],
					"cubes": [
						{"origin": [0, 4.25, 42.5], "size": [0, 10, 2], "uv": [58, 20]}
					]
				},
				{
					"name": "tail_22",
					"parent": "tail_21",
					"pivot": [0, 9.25, 44.5],
					"cubes": [
						{"origin": [0, 4.25, 44.5], "size": [0, 10, 2], "uv": [58, 10]}
					]
				},
				{
					"name": "tail_23",
					"parent": "tail_22",
					"pivot": [0, 9.25, 46.5],
					"cubes": [
						{"origin": [0, 4.25, 46.5], "size": [0, 10, 2], "uv": [32, 57]}
					]
				},
				{
					"name": "tail_24",
					"parent": "tail_23",
					"pivot": [0, 9.25, 48.5],
					"cubes": [
						{"origin": [0, 4.25, 48.5], "size": [0, 10, 2], "uv": [28, 57]}
					]
				},
				{
					"name": "tail_25",
					"parent": "tail_24",
					"pivot": [0, 9.25, 50.5],
					"cubes": [
						{"origin": [0, 4.25, 50.5], "size": [0, 10, 2], "uv": [56, 51]}
					]
				},
				{
					"name": "tail_26",
					"parent": "tail_25",
					"pivot": [0, 9.25, 52.5],
					"cubes": [
						{"origin": [0, 4.25, 52.5], "size": [0, 10, 2], "uv": [24, 53]}
					]
				},
				{
					"name": "tail_27",
					"parent": "tail_26",
					"pivot": [0, 9.25, 54.5],
					"cubes": [
						{"origin": [0, 4.25, 54.5], "size": [0, 10, 2], "uv": [20, 53]}
					]
				},
				{
					"name": "tail_28",
					"parent": "tail_27",
					"pivot": [0, 9.25, 56.5],
					"cubes": [
						{"origin": [0, 4.25, 56.5], "size": [0, 10, 2], "uv": [16, 53]}
					]
				},
				{
					"name": "tail_29",
					"parent": "tail_28",
					"pivot": [0, 9.25, 58.5],
					"cubes": [
						{"origin": [0, 4.25, 58.5], "size": [0, 10, 2], "uv": [12, 53]}
					]
				},
				{
					"name": "tail_30",
					"parent": "tail_29",
					"pivot": [0, 9.25, 60.5],
					"cubes": [
						{"origin": [0, 4.25, 60.5], "size": [0, 10, 2], "uv": [8, 53]}
					]
				},
				{
					"name": "tail_31",
					"parent": "tail_30",
					"pivot": [0, 9.25, 62.5],
					"cubes": [
						{"origin": [0, 4.25, 62.5], "size": [0, 10, 2], "uv": [4, 53]}
					]
				},
				{
					"name": "tail_32",
					"parent": "tail_31",
					"pivot": [0, 9.25, 64.5],
					"cubes": [
						{"origin": [0, 4.25, 64.5], "size": [0, 10, 2], "uv": [0, 53]}
					]
				},
				{
					"name": "tail_33",
					"parent": "tail_32",
					"pivot": [0, 9.25, 66.5],
					"cubes": [
						{"origin": [0, 4.25, 66.5], "size": [0, 10, 2], "uv": [52, 51]}
					]
				},
				{
					"name": "tail_34",
					"parent": "tail_33",
					"pivot": [0, 8.75, 68.5],
					"cubes": [
						{"origin": [0, 4.25, 68.5], "size": [0, 10, 2], "uv": [48, 51]}
					]
				},
				{
					"name": "tail_35",
					"parent": "tail_34",
					"pivot": [0, 9.25, 70.5],
					"cubes": [
						{"origin": [0, 4.25, 70.5], "size": [0, 10, 2], "uv": [44, 49]}
					]
				},
				{
					"name": "tail_36",
					"parent": "tail_35",
					"pivot": [0, 9.25, 72.5],
					"cubes": [
						{"origin": [0, 4.25, 72.5], "size": [0, 10, 2], "uv": [40, 49]}
					]
				},
				{
					"name": "tail_37",
					"parent": "tail_36",
					"pivot": [0, 9.25, 74.5],
					"cubes": [
						{"origin": [0, 4.25, 74.5], "size": [0, 10, 2], "uv": [36, 49]}
					]
				},
				{
					"name": "tail_38",
					"parent": "tail_37",
					"pivot": [0, 9.25, 76.5],
					"cubes": [
						{"origin": [0, 4.25, 76.5], "size": [0, 10, 2], "uv": [32, 47]}
					]
				},
				{
					"name": "tail_39",
					"parent": "tail_38",
					"pivot": [0, 10.75, 78.5],
					"cubes": [
						{"origin": [0, 4.25, 78.5], "size": [0, 10, 2], "uv": [28, 47]}
					]
				},
				{
					"name": "leg_right",
					"parent": "body",
					"pivot": [-5, 6.25, 0.5],
					"cubes": [
						{"origin": [-7, 2.5, -2.5], "size": [4, 7, 6], "pivot": [-5, 5.5, 0], "rotation": [-10, 0, 0], "uv": [38, 14]}
					]
				},
				{
					"name": "foot_right",
					"parent": "leg_right",
					"pivot": [-4.75, 2.5, 0.75],
					"cubes": [
						{"origin": [-5.75, 2, -0.75], "size": [2, 2, 3], "uv": [0, 5]},
						{"origin": [-6.25, 0, -2.5], "size": [3, 2, 5], "uv": [48, 46]}
					]
				},
				{
					"name": "toes_right",
					"parent": "foot_right",
					"pivot": [-4.75, 0, -2.5],
					"cubes": [
						{"origin": [-6.25, 0, -6.5], "size": [3, 2, 4], "inflate": 0.01, "uv": [14, 49]}
					]
				},
				{
					"name": "nails_right",
					"parent": "toes_right",
					"pivot": [-4.75, 0, -2.5]
				},
				{
					"name": "nail_right",
					"parent": "nails_right",
					"pivot": [1, 0, -3],
					"cubes": [
						{"origin": [-5.75, 0, -8.5], "size": [0, 1, 2], "inflate": 0.01, "uv": [22, 35]},
						{"origin": [-5.75, 0.5, -7.5], "size": [0, 1, 1], "uv": [7, 0]}
					]
				},
				{
					"name": "nail_middle",
					"parent": "nails_right",
					"pivot": [2, 0, -3],
					"cubes": [
						{"origin": [-4.75, 0, -8.5], "size": [0, 1, 2], "inflate": 0.01, "uv": [18, 35]},
						{"origin": [-4.75, 0.5, -7.5], "size": [0, 1, 1], "uv": [0, 6]}
					]
				},
				{
					"name": "nail_left",
					"parent": "nails_right",
					"pivot": [3, 0, -3],
					"cubes": [
						{"origin": [-3.75, 0, -8.5], "size": [0, 1, 2], "inflate": 0.01, "uv": [14, 35]},
						{"origin": [-3.75, 0.5, -7.5], "size": [0, 1, 1], "uv": [0, 5]}
					]
				},
				{
					"name": "leg_left",
					"parent": "body",
					"pivot": [5, 6.25, 0.5],
					"cubes": [
						{"origin": [3, 2.5, -2.5], "size": [4, 7, 6], "pivot": [5, 5.5, 0], "rotation": [-10, 0, 0], "uv": [0, 36]}
					]
				},
				{
					"name": "foot_left",
					"parent": "leg_left",
					"pivot": [5, 2.5, 0.75],
					"cubes": [
						{"origin": [3.75, 2, -0.75], "size": [2, 2, 3], "uv": [0, 0]},
						{"origin": [3.25, 0, -2.5], "size": [3, 2, 5], "uv": [37, 44]}
					]
				},
				{
					"name": "toes_left",
					"parent": "foot_left",
					"pivot": [4.75, 0, -2.5],
					"cubes": [
						{"origin": [3.25, 0, -6.5], "size": [3, 2, 4], "inflate": 0.01, "uv": [0, 49]}
					]
				},
				{
					"name": "nails_left",
					"parent": "toes_left",
					"pivot": [4.75, 0, -2.5]
				},
				{
					"name": "nail_right2",
					"parent": "nails_left",
					"pivot": [-1, 0, -3],
					"cubes": [
						{"origin": [5.75, 0, -8.5], "size": [0, 1, 2], "inflate": 0.01, "uv": [0, 35]},
						{"origin": [5.75, 0.5, -7.5], "size": [0, 1, 1], "uv": [0, 4]}
					]
				},
				{
					"name": "nail_middle2",
					"parent": "nails_left",
					"pivot": [-2, 0, -3],
					"cubes": [
						{"origin": [4.75, 0, -8.5], "size": [0, 1, 2], "inflate": 0.01, "uv": [22, 34]},
						{"origin": [4.75, 0.5, -7.5], "size": [0, 1, 1], "uv": [0, 1]}
					]
				},
				{
					"name": "nail_left2",
					"parent": "nails_left",
					"pivot": [-3, 0, -3],
					"cubes": [
						{"origin": [3.75, 0, -8.5], "size": [0, 1, 2], "inflate": 0.01, "uv": [18, 34]},
						{"origin": [3.75, 0.5, -7.5], "size": [0, 1, 1], "uv": [0, 0]}
					]
				}
			]
		}
	]
}