{
  "implemented": true,
  "name": "ancientgale",
  "nationalPokedexNumber": 9912,
  "primaryType": "flying",
  "secondaryType": "dragon",
  "abilities": [
    "protosynthesis"
  ],
  "drops": {
    "amount": 2,
    "entries": [
      {
        "item": "minecraft:feather",
        "quantityRange": "10-15"
      },
      {
        "item": "cobblemon:starf_berry",
        "percentage": 10
      }
    ]
  },
  "baseStats": {
    "hp": 97,
    "attack": 91,
    "defence": 95,
    "special_attack": 103,
    "special_defence": 91,
    "speed": 113
  },
  "catchRate": 10,
  "maleRatio": -1,
  "shoulderMountable": false,
  "baseExperienceYield": 169,
  "experienceGroup": "slow",
  "eggCycles": 20,
  "eggGroups": [
    "undiscovered"
  ],
  "moves": [
    "1:agility",
    "1:tailwind",
    "1:icywind",
    "1:rockslide",
    "1:dragonpulse",
    "1:calmmind",
    "21:lightscreen",
    "26:teeterdance",
    "31:airslash",
    "36:reflect",
    "43:leafstorm",
    "50:raindance",
    "57:sunnyday",
    "64:hail",
    "71:aeroblast",
    "78:weatherball",
    "85:bleakwindstorm",
    "tm:defog",
    "tm:fireblast",
    "tm:bugbuzz",
    "tm:sunnyday",
    "tm:raindance",
    "tm:solarblade",
    "tm:sandstorm",
    "tm:fly",
    "tm:smackdown",
    "tm:dragontail",
    "tm:knockoff",
    "tm:hurricane",
    "tm:scald",
    "tm:dragoncheer",
    "tm:roost",
    "tm:aurasphere",
    "tm:dragonpulse",
    "tm:endure",
    "tm:energyball",
    "tm:facade",
    "tm:dragondance",
    "tm:wilowisp",
    "tm:sludgewave",
    "tm:focusblast",
    "tm:aerialace",
    "tm:airslash",
    "tm:grassknot",
    "tm:hurricane",
    "tm:steelwing",
    "tm:helpinghand",
    "tm:thunderbolt",
    "tm:icebeam",
    "tm:flamethrower",
    "tm:toxic",
    "tm:triattack",
    "tm:payback",
    "tm:waterfall",
    "tm:workup",
    "tm:protect",
    "tm:darkpulse",
    "tm:gigadrain",
    "tm:revenge",
    "tm:drillrun",
    "tm:rest",
    "tm:irontail",
    "tm:frustration",
    "tm:blizzard",
    "tm:frostbreath",
    "tm:beatup",
    "tm:seismictoss",
    "tm:brutalswing",
    "tm:sleeptalk",
    "tm:acrobatics",
    "tm:xscissor",
    "tm:substitute",
    "tm:aerialace",
    "tm:terablast",
    "tm:rockslide",
    "tm:signalbeam",
    "tm:uturn",
    "tm:megadrain",
    "tm:zenheadbutt"
  ],
  "labels": [
    "gen9"
  ],
  "pokedex": [
    "Ancient Gale, seemingly connected to the pokemon Tornadus, it is believed to be a ancient deity or guardian of dense forests"
  ],
  "baseFriendship": 50,
  "evYield": {
    "hp": 0,
    "attack": 0,
    "defence": 0,
    "special_attack": 1,
    "special_defence": 0,
    "speed": 2
  },
  "height": 4.5,
  "weight": 526,
  "aspects": [],
  "cannotDynamax": false,
  "hitbox": {
    "width": 3,
    "height": 4.5,
    "fixed": false
  },
  "behaviour": {
    "moving": {
      "canLook": true,
      "walk": {
        "walkSpeed": 0.34
      },
      "fly": {
        "canFly": true
      }
    }
  }
}
