{
  "implemented": true,
  "name": "crimsonveil",
  "nationalPokedexNumber": 9903,
  "primaryType": "dark",
  "secondaryType": "ghost",
  "abilities": [
    "protosynthesis"
  ],
  "drops": {
    "amount": 2,
    "entries": [
      {
        "item": "cobblemon:reaper_cloth",
        "quantityRange": "1"
      },
      {
        "item": "cobblemon:starf_berry",
        "percentage": 10
      }
    ]
  },
  "baseStats": {
    "hp": 89,
    "attack": 105,
    "defence": 95,
    "special_attack": 99,
    "special_defence": 87,
    "speed": 105
  },
  "catchRate": 10,
  "maleRatio": -1,
  "shoulderMountable": false,
  "baseExperienceYield": 169,
  "experienceGroup": "slow",
  "eggCycles": 20,
  "eggGroups": [
    "undiscovered"
  ],
  "moves": [
    "1:nastyplot",
    "1:assurance",
    "1:wakeupslap",
    "1:nightmare",
    "1:darkpulse",
    "1:tripleaxel",
    "21:nightslash",
    "26:fierywrath",
    "31:payback",
    "36:crushclaw",
    "43:shadowclaw",
    "50:hypnosis",
    "57:wickedblow",
    "64:dracometeor",
    "71:shadowsneak",
    "78:shadowforce",
    "85:ragefist",
    "tm:defog",
    "tm:fireblast",
    "tm:weatherball",
    "tm:sunnyday",
    "tm:raindance",
    "tm:solarblade",
    "tm:sandstorm",
    "tm:megapunch",
    "tm:smackdown",
    "tm:dragontail",
    "tm:knockoff",
    "tm:blastburn",
    "tm:burningjealousy",
    "tm:dragoncheer",
    "tm:dragonclaw",
    "tm:aurasphere",
    "tm:dragonpulse",
    "tm:endure",
    "tm:energyball",
    "tm:facade",
    "tm:dragondance",
    "tm:wilowisp",
    "tm:acrobatics",
    "tm:focusblast",
    "tm:aerialace",
    "tm:airslash",
    "tm:grassknot",
    "tm:hurricane",
    "tm:shadowpunch",
    "tm:helpinghand",
    "tm:thunderpunch",
    "tm:icepunch",
    "tm:firepunch",
    "tm:toxic",
    "tm:lowsweep",
    "tm:payback",
    "tm:playrough",
    "tm:hex",
    "tm:protect",
    "tm:darkpulse",
    "tm:darkestlariat",
    "tm:revenge",
    "tm:theif",
    "tm:rest",
    "tm:irontail",
    "tm:frustration",
    "tm:dynamicpunch",
    "tm:frostbreath",
    "tm:beatup",
    "tm:seismictoss",
    "tm:nightshade",
    "tm:sleeptalk",
    "tm:honeclaws",
    "tm:xscissor",
    "tm:substitute",
    "tm:dreameater",
    "tm:terablast",
    "tm:rockslide",
    "tm:signalbeam",
    "tm:uturn",
    "tm:tripleaxel",
    "tm:zenheadbutt"
  ],
  "labels": [
    "gen9"
  ],
  "pokedex": [
    "Said to haunt even the most legendary pokemon, this nightmare fuel pokemon is rarely ever seen in person."
  ],
  "baseFriendship": 50,
  "evYield": {
    "hp": 0,
    "attack": 2,
    "defence": 0,
    "special_attack": 0,
    "special_defence": 0,
    "speed": 0
  },
  "height": 3,
  "weight": 27,
  "aspects": [],
  "cannotDynamax": false,
  "hitbox": {
    "width": 1.3,
    "height": 3.3,
    "fixed": false
  }
}
