{
  "implemented": true,
  "name": "ironvictory",
  "nationalPokedexNumber": 9901,
  "primaryType": "fire",
  "secondaryType": "fairy",
  "abilities": [
    "quarkdrive"
  ],
  "drops": {
    "amount": 2,
    "entries": [
      {
        "item": "minecraft:magma_cream",
        "quantityRange": "10-15"
      },
      {
        "item": "cobblemon:starf_berry",
        "percentage": 10
      }
    ]
  },
  "baseStats": {
    "hp": 90,
    "attack": 94,
    "defence": 86,
    "special_attack": 112,
    "special_defence": 98,
    "speed": 110
  },
  "catchRate": 10,
  "maleRatio": -1,
  "shoulderMountable": false,
  "baseExperienceYield": 169,
  "experienceGroup": "slow",
  "eggCycles": 20,
  "eggGroups": [
    "undiscovered"
  ],
  "moves": [
    "1:vcreate",
    "1:charge",
    "1:stickyweb",
    "1:fairywind",
    "1:amnesia",
    "1:calmmind",
    "21:mistyterrain",
    "26:storedpower",
    "31:chargebeam",
    "36:powerswap",
    "43:guardswap",
    "50:speedswap",
    "57:searingshot",
    "64:moonblast",
    "71:moonlight",
    "78:mysticalfire",
    "85:sacredfire",
    "tm:playrough",
    "tm:fireblast",
    "tm:magnetbomb",
    "tm:sunnyday",
    "tm:flareblitz",
    "tm:solarblade",
    "tm:sandstorm",
    "tm:bugbuzz",
    "tm:smackdown",
    "tm:dragontail",
    "tm:knockoff",
    "tm:dazzlinggleam",
    "tm:scald",
    "tm:steelwing",
    "tm:roost",
    "tm:aurasphere",
    "tm:dragonpulse",
    "tm:endure",
    "tm:energyball",
    "tm:facade",
    "tm:blastburn",
    "tm:wilowisp",
    "tm:thunder",
    "tm:focusblast",
    "tm:fireblast",
    "tm:airslash",
    "tm:shadowclaw",
    "tm:overheat",
    "tm:thunderpunch",
    "tm:helpinghand",
    "tm:thunderbolt",
    "tm:icebeam",
    "tm:firepunch",
    "tm:toxic",
    "tm:triattack",
    "tm:payback",
    "tm:darkpulse",
    "tm:workup",
    "tm:protect",
    "tm:darkpulse",
    "tm:electricterrain",
    "tm:hyperbeam",
    "tm:tripleaxel",
    "tm:rest",
    "tm:gigaimpact",
    "tm:smartstrike",
    "tm:flashcannon",
    "tm:heatcrash",
    "tm:heatwave",
    "tm:seismictoss",
    "tm:takedown",
    "tm:sleeptalk",
    "tm:doubleedge",
    "tm:doubleteam",
    "tm:substitute",
    "tm:moonblast",
    "tm:terablast",
    "tm:signalbeam",
    "tm:chargebeam",
    "tm:uturn",
    "tm:voltswitch",
    "tm:zenheadbutt" ],
  "labels": [
    "gen9"
  ],
  "pokedex": [
    "Although rare, few sightings have been reported of this pokemon. The sightings are very well known as this pokemon is very docile despite other similar cases."
  ],
  "baseFriendship": 50,
  "evYield": {
    "hp": 0,
    "attack": 0,
    "defence": 0,
    "special_attack": 2,
    "special_defence": 0,
    "speed": 0
  },
  "height": 2,
  "weight": 92,
  "aspects": [],
  "cannotDynamax": false,
  "hitbox": {
    "width": 1,
    "height": 1.3,
    "fixed": false
  }
}
