{
  "implemented": true,
  "name": "ironjustice",
  "nationalPokedexNumber": 9909,
  "primaryType": "water",
  "secondaryType": "psychic",
  "abilities": [
    "quarkdrive"
  ],
  "drops": {
    "amount": 2,
    "entries": [
      {
        "item": "minecraft:diamond",
        "quantityRange": "2"
      },
      {
        "item": "cobblemon:starf_berry",
        "percentage": 10
      }
    ]
  },
  "baseStats": {
    "hp": 82,
    "attack": 110,
    "defence": 90,
    "special_attack": 104,
    "special_defence": 88,
    "speed": 116
  },
  "catchRate": 10,
  "maleRatio": -1,
  "shoulderMountable": false,
  "baseExperienceYield": 169,
  "experienceGroup": "slow",
  "eggCycles": 20,
  "eggGroups": [
    "undiscovered"
  ],
  "moves": [
    "1:calmmind",
    "1:aquatail",
    "1:irondefense",
    "1:psychock",
    "1:airslash",
    "1:aquaring",
    "21:upperhand",
    "26:psychic",
    "31:swordsdance",
    "36:chillingwater",
    "43:sacredsword",
    "50:secretsword",
    "57:highhorsepower",
    "64:psyblade",
    "71:hydrocannon",
    "78:finalgambit",
    "85:trailblaze",
    "tm:muddywater",
    "tm:icebeam",
    "tm:magnetbomb",
    "tm:eerieimpulse",
    "tm:brine",
    "tm:thunderwave",
    "tm:electroball",
    "tm:lowkick",
    "tm:hydropump",
    "tm:surf",
    "tm:reversal",
    "tm:dazzlinggleam",
    "tm:scald",
    "tm:brickbreak",
    "tm:lowsweep",
    "tm:aurasphere",
    "tm:stompingtantrum",
    "tm:endure",
    "tm:energyball",
    "tm:facade",
    "tm:bulldoze",
    "tm:drillrun",
    "tm:thunder",
    "tm:focusblast",
    "tm:ironhead",
    "tm:laserfocus",
    "tm:falseswipe",
    "tm:dragontail",
    "tm:swordsdance",
    "tm:helpinghand",
    "tm:thunderbolt",
    "tm:playrough",
    "tm:shockwave",
    "tm:toxic",
    "tm:triattack",
    "tm:heavyslam",
    "tm:liquidation",
    "tm:workup",
    "tm:protect",
    "tm:dive",
    "tm:electricterrain",
    "tm:hyperbeam",
    "tm:endeavor",
    "tm:rest",
    "tm:gigaimpact",
    "tm:smartstrike",
    "tm:flashcannon",
    "tm:airslash",
    "tm:aerialace",
    "tm:acrobatics",
    "tm:takedown",
    "tm:sleeptalk",
    "tm:doubleedge",
    "tm:doubleteam",
    "tm:substitute",
    "tm:thundershock",
    "tm:terablast",
    "tm:flipturn",
    "tm:whirlpool",
    "tm:uturn",
    "tm:chillingwater",
    "tm:zenheadbutt"
 ],
  "labels": [
    "gen9"
  ],
  "pokedex": [
    "Iron Justice makes its task to rid the Paldea region of pokemon it deems evil. As of lately its been proven its not limited to just pokemon."
  ],
  "baseFriendship": 50,
  "evYield": {
    "hp": 0,
    "attack": 1,
    "defence": 0,
    "special_attack": 2,
    "special_defence": 0,
    "speed": 0
  },
  "height": 2,
  "weight": 222,
  "aspects": [],
  "cannotDynamax": false,
  "hitbox": {
    "width": 1.3,
    "height": 2,
    "fixed": false
  }
}
