{
  "implemented": true,
  "name": "ironmirage",
  "nationalPokedexNumber": 9910,
  "primaryType": "fairy",
  "secondaryType": "poison",
  "abilities": [
    "quarkdrive"
  ],
  "drops": {
    "amount": 2,
    "entries": [
      {
        "item": "minecraft:emerald",
        "quantityRange": "2"
      },
      {
        "item": "cobblemon:starf_berry",
        "percentage": 10
      }
    ]
  },
  "baseStats": {
    "hp": 90,
    "attack": 94,
    "defence": 80,
    "special_attack": 120,
    "special_defence": 90,
    "speed": 116
  },
  "catchRate": 10,
  "maleRatio": -1,
  "shoulderMountable": false,
  "baseExperienceYield": 169,
  "experienceGroup": "slow",
  "eggCycles": 20,
  "eggGroups": [
    "undiscovered"
  ],
  "moves": [
    "1:glare",
    "1:nastyplot",
    "1:toxicspikes",
    "1:fairywind",
    "1:calmmind",
    "1:playrough",
    "21:wrap",
    "26:moonlight",
    "31:moonblast",
    "36:psyblade",
    "43:dazzlinggleam",
    "50:freezingglare",
    "57:mistyterrain",
    "64:fleurcannon",
    "71:hurricane",
    "78:fairylock",
    "85:springtidestorm",
    "tm:dracometeor",
    "tm:disarmingvoice",
    "tm:magnetbomb",
    "tm:spikes",
    "tm:scorchingsands",
    "tm:thunderwave",
    "tm:electroball",
    "tm:bugbuzz",
    "tm:bodypress",
    "tm:aurasphere",
    "tm:drainpunch",
    "tm:mistyterrain",
    "tm:flamethrower",
    "tm:confuseray",
    "tm:icebeam",
    "tm:aurasphere",
    "tm:mistyexplosion",
    "tm:endure",
    "tm:energyball",
    "tm:facade",
    "tm:powergem",
    "tm:stealthrock",
    "tm:thunder",
    "tm:focusblast",
    "tm:focuspunch",
    "tm:laserfocus",
    "tm:closecombat",
    "tm:earthquake",
    "tm:futuresight",
    "tm:helpinghand",
    "tm:thunderbolt",
    "tm:reflect",
    "tm:shockwave",
    "tm:toxic",
    "tm:triattack",
    "tm:lightscreen",
    "tm:knockoff",
    "tm:workup",
    "tm:protect",
    "tm:playrough",
    "tm:electricterrain",
    "tm:hyperbeam",
    "tm:endeavor",
    "tm:rest",
    "tm:gigaimpact",
    "tm:smartstrike",
    "tm:flashcannon",
    "tm:airslash",
    "tm:aerialace",
    "tm:acrobatics",
    "tm:takedown",
    "tm:sleeptalk",
    "tm:doubleedge",
    "tm:doubleteam",
    "tm:substitute",
    "tm:thundershock",
    "tm:terablast",
    "tm:taunt",
    "tm:throatchop",
    "tm:uturn",
    "tm:psychic",
    "tm:zenheadbutt"
  ],
  "labels": [
    "gen9"
  ],
  "pokedex": [
    "Iron Mirage has been observed moving towards to Hoenn region and have been proven to hang around the Mirage Islands."
  ],
  "baseFriendship": 50,
  "evYield": {
    "hp": 0,
    "attack": 1,
    "defence": 0,
    "special_attack": 2,
    "special_defence": 0,
    "speed": 0
  },
  "height": 3.5,
  "weight": 172,
  "aspects": [],
  "cannotDynamax": false,
  "hitbox": {
    "width": 1.6,
    "height": 3,
    "fixed": false
  }
}
