{
  "implemented": true,
  "name": "ironmight",
  "nationalPokedexNumber": 9911,
  "primaryType": "ground",
  "secondaryType": "fighting",
  "abilities": [
    "quarkdrive"
  ],
  "drops": {
    "amount": 2,
    "entries": [
      {
        "item": "minecraft:gold_ingot",
        "quantityRange": "2"
      },
      {
        "item": "cobblemon:starf_berry",
        "percentage": 10
      }
    ]
  },
  "baseStats": {
    "hp": 104,
    "attack": 120,
    "defence": 94,
    "special_attack": 94,
    "special_defence": 92,
    "speed": 86
  },
  "catchRate": 10,
  "maleRatio": -1,
  "shoulderMountable": false,
  "baseExperienceYield": 169,
  "experienceGroup": "slow",
  "eggCycles": 20,
  "eggGroups": [
    "undiscovered"
  ],
  "moves": [
    "1:calmmind",
    "1:sandattack",
    "1:poweruppunch",
    "1:playrough",
    "1:psychic",
    "1:bulkup",
    "21:bulldoze",
    "26:drillrun",
    "31:swordsdance",
    "36:psyblade",
    "43:closecombat",
    "50:earthquake",
    "57:irondefense",
    "64:seismictoss",
    "71:airslash",
    "78:precipiceblades",
    "85:sandsearstorm",
    "tm:meteorbeam",
    "tm:icebeam",
    "tm:magnetbomb",
    "tm:spikes",
    "tm:scorchingsands",
    "tm:thunderwave",
    "tm:electroball",
    "tm:bugbuzz",
    "tm:bodypress",
    "tm:aurasphere",
    "tm:drainpunch",
    "tm:thunderpunch",
    "tm:firepunch",
    "tm:confuseray",
    "tm:icepunch",
    "tm:aurasphere",
    "tm:tripleaxel",
    "tm:endure",
    "tm:energyball",
    "tm:facade",
    "tm:powergem",
    "tm:stealthrock",
    "tm:thunder",
    "tm:focusblast",
    "tm:focuspunch",
    "tm:laserfocus",
    "tm:closecombat",
    "tm:earthquake",
    "tm:futuresight",
    "tm:helpinghand",
    "tm:thunderbolt",
    "tm:reflect",
    "tm:shockwave",
    "tm:toxic",
    "tm:triattack",
    "tm:lightscreen",
    "tm:knockoff",
    "tm:workup",
    "tm:protect",
    "tm:earthpower",
    "tm:electricterrain",
    "tm:hyperbeam",
    "tm:endeavor",
    "tm:rest",
    "tm:gigaimpact",
    "tm:smartstrike",
    "tm:flashcannon",
    "tm:airslash",
    "tm:aerialace",
    "tm:acrobatics",
    "tm:takedown",
    "tm:sleeptalk",
    "tm:doubleedge",
    "tm:doubleteam",
    "tm:substitute",
    "tm:thundershock",
    "tm:terablast",
    "tm:taunt",
    "tm:throatchop",
    "tm:uturn",
    "tm:psychic",
    "tm:zenheadbutt"
  ],
  "labels": [
    "gen9"
  ],
  "pokedex": [
    ""
  ],
  "baseFriendship": 50,
  "evYield": {
    "hp": 0,
    "attack": 1,
    "defence": 0,
    "special_attack": 2,
    "special_defence": 0,
    "speed": 0
  },
  "height": 3.5,
  "weight": 195,
  "aspects": [],
  "cannotDynamax": false,
  "hitbox": {
    "width": 1.6,
    "height": 3,
    "fixed": false
  }
}
