{
  "implemented": true,
  "name": "irondrone",
  "nationalPokedexNumber": 9904,
  "primaryType": "water",
  "secondaryType": "flying",
  "abilities": [
    "quarkdrive"
  ],
  "drops": {
    "amount": 2,
    "entries": [
      {
        "item": "minecraft:iron_ingot",
        "quantityRange": "10-15"
      },
      {
        "item": "cobblemon:starf_berry",
        "percentage": 10
      }
    ]
  },
  "baseStats": {
    "hp": 96,
    "attack": 92,
    "defence": 86,
    "special_attack": 112,
    "special_defence": 82,
    "speed": 122
  },
  "catchRate": 10,
  "maleRatio": -1,
  "shoulderMountable": false,
  "baseExperienceYield": 169,
  "experienceGroup": "slow",
  "eggCycles": 20,
  "eggGroups": [
    "undiscovered"
  ],
  "moves": [
    "1:calmmind",
    "1:raindance",
    "1:weatherball",
    "1:agility",
    "1:aquaring",
    "1:recover",
    "21:takeheart",
    "26:heartswap",
    "31:lightscreen",
    "36:aquajet",
    "43:airslash",
    "50:moonblast",
    "57:reflect",
    "64:hurricane",
    "71:aeroblast",
    "78:voltswitch",
    "85:hydrocannon",
    "tm:muddywater",
    "tm:icebeam",
    "tm:magnetbomb",
    "tm:sunnyday",
    "tm:brine",
    "tm:thunderwave",
    "tm:electroball",
    "tm:blizzard",
    "tm:hydropump",
    "tm:surf",
    "tm:knockoff",
    "tm:dazzlinggleam",
    "tm:scald",
    "tm:electroweb",
    "tm:dragonbreath",
    "tm:aurasphere",
    "tm:dragonpulse",
    "tm:endure",
    "tm:energyball",
    "tm:facade",
    "tm:frostbreath",
    "tm:upperhand",
    "tm:thunder",
    "tm:focusblast",
    "tm:alluringvoice",
    "tm:laserfocus",
    "tm:falseswipe",
    "tm:overheat",
    "tm:mistyexplosion",
    "tm:helpinghand",
    "tm:thunderbolt",
    "tm:explosion",
    "tm:shockwave",
    "tm:toxic",
    "tm:triattack",
    "tm:payback",
    "tm:darkpulse",
    "tm:workup",
    "tm:protect",
    "tm:dive",
    "tm:electricterrain",
    "tm:hyperbeam",
    "tm:endeavor",
    "tm:rest",
    "tm:gigaimpact",
    "tm:smartstrike",
    "tm:flashcannon",
    "tm:airslash",
    "tm:aerialace",
    "tm:acrobatics",
    "tm:takedown",
    "tm:sleeptalk",
    "tm:doubleedge",
    "tm:doubleteam",
    "tm:substitute",
    "tm:thundershock",
    "tm:terablast",
    "tm:signalbeam",
    "tm:chargebeam",
    "tm:uturn",
    "tm:voltswitch",
    "tm:zenheadbutt"
  ],
  "labels": [
    "gen9",
    "paradox"
  ],
  "pokedex": [
    "Incredibly friendly but rather cautious, this pokemon is often reported delivering old relics from the seafloor to unsuspecting divers."
  ],
  "baseFriendship": 50,
  "evYield": {
    "hp": 0,
    "attack": 0,
    "defence": 0,
    "special_attack": 0,
    "special_defence": 0,
    "speed": 2
  },
  "height": 2,
  "weight": 52,
  "aspects": [],
  "cannotDynamax": false,
  "hitbox": {
    "width": 1,
    "height": 1.3,
    "fixed": false
  },
  "behaviour": {
    "moving": {
      "canLook": true,
      "walk": {
        "avoidsLand": false,
        "walkSpeed": 0.25
      },
      "swim": {
        "swimSpeed": 0.25,
        "canBreatheUnderwater": true,
        "canSwimInWater": true,
        "canSwimInLava": false
      }
    }
  }
}
