{
  "implemented": true,
  "name": "tempestfang",
  "nationalPokedexNumber": 9913,
  "primaryType": "electric",
  "secondaryType": "dragon",
  "abilities": [
    "protosynthesis"
  ],
  "drops": {
    "amount": 2,
    "entries": [
      {
        "item": "minecraft:copper_ingot",
        "quantityRange": "10-15"
      },
      {
        "item": "cobblemon:starf_berry",
        "percentage": 10
      }
    ]
  },
  "baseStats": {
    "hp": 85,
    "attack": 113,
    "defence": 87,
    "special_attack": 103,
    "special_defence": 85,
    "speed": 117
  },
  "catchRate": 10,
  "maleRatio": -1,
  "shoulderMountable": false,
  "baseExperienceYield": 169,
  "experienceGroup": "slow",
  "eggCycles": 20,
  "eggGroups": [
    "undiscovered"
  ],
  "moves": [
    "1:nastyplot",
    "1:bulkup",
    "1:taunt",
    "1:dragondance",
    "1:charge",
    "1:thunderbolt",
    "21:dragonrage",
    "26:outrage",
    "31:doubleshock",
    "36:dragonclaw",
    "43:plasmafists",
    "50:wildcharge",
    "57:dragonenergy",
    "64:outrage",
    "71:dracometeor",
    "78:weatherball",
    "85:wildboltstorm",
    "tm:defog",
    "tm:fireblast",
    "tm:magnetbomb",
    "tm:sunnyday",
    "tm:raindance",
    "tm:solarblade",
    "tm:hail",
    "tm:fly",
    "tm:smackdown",
    "tm:dragontail",
    "tm:knockoff",
    "tm:hurricane",
    "tm:scald",
    "tm:dragoncheer",
    "tm:roost",
    "tm:aurasphere",
    "tm:dragonpulse",
    "tm:endure",
    "tm:energyball",
    "tm:facade",
    "tm:dragondance",
    "tm:wilowisp",
    "tm:thunder",
    "tm:focusblast",
    "tm:aerialace",
    "tm:airslash",
    "tm:shadowclaw",
    "tm:hurricane",
    "tm:thunderpunch",
    "tm:helpinghand",
    "tm:thunderbolt",
    "tm:icebeam",
    "tm:firepunch",
    "tm:toxic",
    "tm:triattack",
    "tm:payback",
    "tm:waterfall",
    "tm:workup",
    "tm:protect",
    "tm:darkpulse",
    "tm:dragonclaw",
    "tm:revenge",
    "tm:dracometeor",
    "tm:rest",
    "tm:irontail",
    "tm:frustration",
    "tm:blizzard",
    "tm:frostbreath",
    "tm:beatup",
    "tm:seismictoss",
    "tm:brutalswing",
    "tm:sleeptalk",
    "tm:acrobatics",
    "tm:darkpulse",
    "tm:substitute",
    "tm:aerialace",
    "tm:terablast",
    "tm:rockslide",
    "tm:chargebeam",
    "tm:uturn",
    "tm:voltswitch",
    "tm:zenheadbutt" ],
  "labels": [
    "gen9"
  ],
  "pokedex": [
    "This seemingly berserk dragon has a odd habit of collecting coins from Gimmighoul through rather vicious methods, this often results in conflicts between Tempest Fang and Ancient Gale."
  ],
  "baseFriendship": 50,
  "evYield": {
    "hp": 0,
    "attack": 0,
    "defence": 0,
    "special_attack": 1,
    "special_defence": 0,
    "speed": 2
  },
  "height": 4.7,
  "weight": 352,
  "aspects": [],
  "cannotDynamax": false,
  "hitbox": {
    "width": 2.3,
    "height": 4.8,
    "fixed": false
  },
  "behaviour": {
    "moving": {
      "canLook": false,
      "walk": {
        "walkSpeed": 0.32
      },
      "fly": {
        "canFly": true
      }
    }
  }
}
