{
  "implemented": true,
  "name": "wildgene",
  "nationalPokedexNumber": 9908,
  "primaryType": "bug",
  "secondaryType": "dragon",
  "abilities": [
    "protosynthesis"
  ],
  "drops": {
    "amount": 2,
    "entries": [
      {
        "item": "cobblemon:dragon_claw",
        "quantityRange": "1-3"
      },
      {
        "item": "cobblemon:starf_berry",
        "percentage": 10
      }
    ]
  },
  "baseStats": {
    "hp": 99,
    "attack": 105,
    "defence": 101,
    "special_attack": 97,
    "special_defence": 101,
    "speed": 87
  },
  "catchRate": 10,
  "maleRatio": -1,
  "shoulderMountable": false,
  "baseExperienceYield": 169,
  "experienceGroup": "slow",
  "eggCycles": 20,
  "eggGroups": [
    "undiscovered"
  ],
  "moves": [
    "1:conversion",
    "1:breakingswipe",
    "1:crushclaw",
    "1:bugbuzz",
    "1:firstimpression",
    "1:honeclaws",
    "21:laserfocus",
    "26:playrough",
    "31:conversion2",
    "36:stickyweb",
    "43:meteormash",
    "50:triattack",
    "57:cottonguard",
    "64:dragondance",
    "71:shellsmash",
    "78:glaiverush",
    "85:dracometeor",
    "tm:pollenpuff",
    "tm:megahorn",
    "tm:swordsdance",
    "tm:grassyterrain",
    "tm:megadrain",
    "tm:gigadrain",
    "tm:wilowisp",
    "tm:irondefense",
    "tm:dragoclaw",
    "tm:dragontail",
    "tm:dazzlinggleam",
    "tm:infestation",
    "tm:drainpunch",
    "tm:throatchop",
    "tm:dualchop",
    "tm:aurasphere",
    "tm:dragonpulse",
    "tm:endure",
    "tm:energyball",
    "tm:facade",
    "tm:dragoncheer",
    "tm:firepunch",
    "tm:fling",
    "tm:focusblast",
    "tm:ironhead",
    "tm:outrage",
    "tm:grassknot",
    "tm:dracometeor",
    "tm:bulkup",
    "tm:helpinghand",
    "tm:nightslash",
    "tm:icepunch",
    "tm:nastyplot",
    "tm:speedswap",
    "tm:lowsweep",
    "tm:payback",
    "tm:playrough",
    "tm:poweruppunch",
    "tm:protect",
    "tm:dynamicpunch",
    "tm:playrough",
    "tm:psychic",
    "tm:gyroball",
    "tm:rest",
    "tm:irontail",
    "tm:dracometeor",
    "tm:storedpower",
    "tm:protect",
    "tm:shadowclaw",
    "tm:signalbeam",
    "tm:bugbuzz",
    "tm:sleeptalk",
    "tm:toxic",
    "tm:xscissor",
    "tm:substitute",
    "tm:sunnyday",
    "tm:terablast",
    "tm:solarblade",
    "tm:signalbeam",
    "tm:uturn",
    "tm:wonderroom",
    "tm:zenheadbutt"
 ],
  "labels": [
    "gen9"
  ],
  "pokedex": [
    "Wild Gene seems to be a distant relative of a Pokémon modified by Team Plasma called Genesect."
  ],
  "baseFriendship": 50,
  "evYield": {
    "hp": 0,
    "attack": 0,
    "defence": 0,
    "special_attack": 2,
    "special_defence": 0,
    "speed": 0
  },
  "height": 2,
  "weight": 452,
  "aspects": [],
  "cannotDynamax": false,
  "hitbox": {
    "width": 1,
    "height": 2.1,
    "fixed": false
      }
    }
