{
  "portraitScale": 1.65,
  "portraitTranslation": [-0.23, 0.66, 0],
  "profileScale": 0.6,
  "profileTranslation": [0, 0.7, 0],
  "rootBone": "torterra",
  "animations": {
    "cry": "q.bedrock_stateful('torterra_ultravariant', 'cry')",
      "faint": "q.bedrock_primary('torterra_ultravariant', 'faint', q.curve('one'))"
  },
  "poses": {
    "standing": {
      "poseTypes": ["STAND", "NONE", "HOVER", "PORTRAIT", "PROFILE"],
      "animations": [
        "q.look('head')",
        "q.bedrock('torterra_ultravariant', 'ground_idle')"
      ],
      "quirks": [
        "q.bedrock_quirk('torterra_ultravariant', 'blink')"]
    },
    "walking": {
      "poseTypes": ["WALK", "FLY"],
      "animations": [
        "q.look('head')",
        "q.bedrock('torterra_ultravariant', 'ground_walk')"
      ],
      "quirks": [
        "q.bedrock_quirk('torterra_ultravariant', 'blink')"]
    },
    "sleep": {
      "poseTypes": ["SLEEP"],
      "animations": [
        "q.bedrock('torterra_ultravariant', 'sleep')"
    ]
    }
  }
}