{
	"format_version": "1.8.0",
	"animations": {
		"animation.feebas.ground_idle": {
			"loop": true,
			"animation_length": 2,
			"bones": {
				"lips": {
					"rotation": [0, 0, 0]
				},
				"head_fin": {
					"rotation": [-2.5, 0, -30]
				},
				"fin_left": {
					"rotation": [0, -87.5, 0],
					"position": [0.22, 0, 0]
				},
				"tail_fin": {
					"rotation": [0, -17.5, 0]
				},
				"tail2": {
					"rotation": [-2.5, 0, 0]
				},
				"body": {
					"rotation": [0, 2.5, -90],
					"position": [0, -3.2, 0],
					"scale": 1
				},
				"fin_right": {
					"rotation": [0, 72.5, 0]
				},
				"lip_upper": {
					"rotation": ["-2.5-math.sin(q.anim_time*90*2)*0.5", 0, 0]
				},
				"lip_lower": {
					"rotation": ["5+math.sin(q.anim_time*90*2)*0.75", 0, 0]
				},
				"tail": {
					"rotation": [0, -5, 0]
				}
			}
		},
		"animation.feebas.ground_walk": {
			"loop": true,
			"bones": {
				"lips": {
					"rotation": [0, 0, 0]
				},
				"head_fin": {
					"rotation": [-2.5, 0, "-15-math.sin(q.anim_time*90*8-55)*16"]
				},
				"fin_left": {
					"rotation": [0, "-67.5-math.sin(q.anim_time*90*8-55)*24", 0],
					"position": [0.22, 0, 0]
				},
				"tail_fin": {
					"rotation": [0, "-math.sin(q.anim_time*90*8-85)*12", 0]
				},
				"tail2": {
					"rotation": [-2.5, "-5-math.sin(q.anim_time*90*8-55)*12", 0]
				},
				"body": {
					"rotation": [0, "5-math.abs(math.sin(q.anim_time*90*4-35)*12)+math.sin(q.anim_time*90*8-35)*6", -90],
					"position": [0, "-3.2+math.abs(math.sin(q.anim_time*90*4)*4)", "math.sin(q.anim_time*90*8+15)*0.35"]
				},
				"fin_right": {
					"rotation": [0, "72.5--math.sin(q.anim_time*90*8-55)*16", 0]
				},
				"lip_upper": {
					"rotation": ["-2.5-math.sin(q.anim_time*90*2)*0.5", 0, 0]
				},
				"lip_lower": {
					"rotation": ["5+math.sin(q.anim_time*90*2)*0.75", 0, 0]
				},
				"tail": {
					"rotation": [0, "0-math.sin(q.anim_time*90*8-35)*16", 0]
				}
			}
		},
		"animation.feebas.water_idle": {
			"loop": true,
			"animation_length": 2,
			"bones": {
				"lips": {
					"rotation": [0, 0, 0]
				},
				"head_fin": {
					"rotation": [-2.5, 0, 0]
				},
				"fin_left": {
					"rotation": [0, "-55+math.sin(q.anim_time*90*4-60)*1", 0]
				},
				"tail_fin": {
					"rotation": [0, "math.sin(q.anim_time*90*2-160)*4", 0]
				},
				"tail2": {
					"rotation": [-1, "math.sin(q.anim_time*90*2-120)*1", 0]
				},
				"body": {
					"rotation": ["1+math.sin(q.anim_time*90*4-90)*0.5", "math.sin(q.anim_time*90*2)*1.5", 0],
					"position": ["math.sin(q.anim_time*90*2+80)*0.2", "1+math.sin(q.anim_time*90*4+10)*0.05", 0]
				},
				"fin_right": {
					"rotation": [0, "55-math.sin(q.anim_time*90*4-60)*1", 0]
				},
				"lip_upper": {
					"rotation": ["-5-math.sin(q.anim_time*90*4)*1", 0, 0]
				},
				"lip_lower": {
					"rotation": ["10+math.sin(q.anim_time*90*4)*2", 0, 0]
				},
				"tail": {
					"rotation": [0, "math.sin(q.anim_time*90*2-60)*1", 0]
				}
			}
		},
		"animation.feebas.water_swim": {
			"loop": true,
			"animation_length": 2,
			"bones": {
				"lips": {
					"rotation": [0, 0, 0]
				},
				"head_fin": {
					"rotation": [-2.5, 0, "math.sin(q.anim_time*90*4-60)*3"]
				},
				"fin_left": {
					"rotation": [0, "-65+math.sin(q.anim_time*90*8-60)*2", 0]
				},
				"tail_fin": {
					"rotation": [0, "math.sin(q.anim_time*90*4-180)*10", 0]
				},
				"tail2": {
					"rotation": [-1, "math.sin(q.anim_time*90*4-150)*6", 0]
				},
				"body": {
					"rotation": ["1+math.sin(q.anim_time*90*8-90)*0.5", "math.sin(q.anim_time*90*4)*7", 0],
					"position": ["math.sin(q.anim_time*90*4+80)*0.8", "1+math.sin(q.anim_time*90*8+10)*0.1", 0]
				},
				"fin_right": {
					"rotation": [0, "65-math.sin(q.anim_time*90*8-60)*2", 0]
				},
				"lip_upper": {
					"rotation": ["-5-math.sin(q.anim_time*90*8)*1", 0, 0]
				},
				"lip_lower": {
					"rotation": ["10+math.sin(q.anim_time*90*8)*3", 0, 0]
				},
				"tail": {
					"rotation": [0, "math.sin(q.anim_time*90*4-90)*4", 0]
				}
			}
		},
		"animation.feebas.landquirk": {
			"animation_length": 1.5,
			"bones": {
				"body": {
					"rotation": {
						"0.0": [0, 0, 0],
						"0.0833": [0, 2.5, 0],
						"0.1667": [0, -10, 0],
						"0.4167": [0, -11.43, 0],
						"1.0": [0, "-12.5+math.sin(q.anim_time*90*64)*1", 0],
						"1.0833": [0, 2.5, 0],
						"1.125": [0, 10, 0],
						"1.3333": [0, -11.43, 0],
						"1.375": [0, 2.5, 0],
						"1.5": [0, 0, 0]
					},
					"position": {
						"0.0": [0, 0, 0],
						"1.0833": [0, 0, 0],
						"1.2083": [0, 2, 0],
						"1.25": [0, 2.5, 0],
						"1.375": [0, 0, 0],
						"1.5": [0, 0, 0]
					}
				},
				"head_fin": {
					"rotation": {
						"0.0": [0, 0, 0],
						"0.0833": [0, 0, 0],
						"0.1667": [0, 0, 17.5],
						"1.0": [0, 0, 25],
						"1.125": [0, 0, 0],
						"1.25": [0, 0, 15],
						"1.3333": [0, 0, 35],
						"1.4167": [0, 0, 0]
					}
				},
				"fin_left": {
					"rotation": {
						"0.0": [0, 0, 0],
						"0.0833": [0, 10, 0],
						"0.1667": [0, 30, 0],
						"1.0": [0, 30, 0],
						"1.0833": [0, 0, 0],
						"1.2083": [0, 5, 0],
						"1.3333": [0, 30, 0],
						"1.375": [0, 10, 0],
						"1.5": [0, 0, 0]
					}
				},
				"fin_right": {
					"rotation": {
						"0.0": [0, 0, 0],
						"0.0833": [0, 1, 0],
						"0.1667": [0, 12.5, 0],
						"1.0": [0, 20, 0],
						"1.0833": [0, 0, 0],
						"1.2083": [0, -7.5, 0],
						"1.3333": [0, 22.5, 0],
						"1.375": [0, 0, 0],
						"1.5": [0, 0, 0]
					}
				},
				"tail": {
					"rotation": {
						"0.0": [0, 0, 0],
						"0.0833": [0, -7.5, 0],
						"0.1667": [0, 20, 0],
						"0.4167": [0, 22.86, 0],
						"1.0": [0, "25-math.sin(q.anim_time*90*64)*2", 0],
						"1.0833": [0, -7.5, 0],
						"1.125": [0, -20, 0],
						"1.3333": [0, 22.86, 0],
						"1.375": [0, -7.5, 0],
						"1.5": [0, 0, 0]
					}
				},
				"tail_fin": {
					"rotation": {
						"0.0": [0, 0, 0],
						"0.0833": [0, 10, 0],
						"0.1667": [0, 30, 0],
						"1.0": [0, 30, 0],
						"1.0833": [0, 10, 0],
						"1.125": [0, 0, 0],
						"1.25": [0, 10, 0],
						"1.3333": [0, 30, 0],
						"1.375": [0, 10, 0],
						"1.5": [0, 0, 0]
					}
				}
			}
		},
		"animation.feebas.sleep": {
			"loop": true,
			"animation_length": 2,
			"bones": {
				"lips": {
					"rotation": [0, 0, 0]
				},
				"head_fin": {
					"rotation": [-2.5, 0, -30]
				},
				"fin_left": {
					"rotation": [0, -87.5, 0],
					"position": [0.22, 0, 0]
				},
				"tail_fin": {
					"rotation": [0, -17.5, 0]
				},
				"tail2": {
					"rotation": [-2.5, 0, 0]
				},
				"body": {
					"rotation": [0, 2.5, -90],
					"position": [0, -3.2, 0],
					"scale": 1
				},
				"fin_right": {
					"rotation": [0, 72.5, 0]
				},
				"lip_upper": {
					"rotation": ["-2.5-math.sin(q.anim_time*90*2)*0.5", 0, 0]
				},
				"lip_lower": {
					"rotation": ["5+math.sin(q.anim_time*90*2)*0.75", 0, 0]
				},
				"tail": {
					"rotation": [0, -5, 0]
				},
				"eyelid_left": {
					"position": [0.1, 0, 0]
				},
				"eyelid_right": {
					"position": [-0.1, 0, 0]
				}
			}
		},
		"animation.feebas.blink": {
			"animation_length": 0.1667,
			"bones": {
				"eyelid_left": {
					"position": {
						"0.0": [0.1, 0, 0],
						"0.125": [0.1, 0, 0],
						"0.1667": [0, 0, 0]
					}
				},
				"eyelid_right": {
					"position": {
						"0.0": [-0.1, 0, 0],
						"0.125": [-0.1, 0, 0],
						"0.1667": [0, 0, 0]
					}
				}
			}
		},
		"animation.feebas.cry": {
			"animation_length": 1,
			"bones": {
				"body": {
					"rotation": {
						"0.0": [0, 0, 0],
						"0.0417": {
							"pre": [0.9, 0, 0],
							"post": [0.9, 0, 0],
							"lerp_mode": "catmullrom"
						},
						"0.0833": {
							"post": [-4, 0, 0],
							"lerp_mode": "catmullrom"
						},
						"0.1667": {
							"post": [-2.2, 0, 0],
							"lerp_mode": "catmullrom"
						},
						"0.2083": {
							"post": [-4, 0, 0],
							"lerp_mode": "catmullrom"
						},
						"0.3333": {
							"post": [-4.5, 0, 0],
							"lerp_mode": "catmullrom"
						},
						"0.4167": {
							"post": [-3, 0, 0],
							"lerp_mode": "catmullrom"
						},
						"0.625": {
							"post": [-0.3, 0, 0],
							"lerp_mode": "catmullrom"
						},
						"1.0": [0, 0, 0]
					}
				},
				"lip_upper": {
					"rotation": {
						"0.0": [0, 0, 0],
						"0.0833": [-7, 0, 0],
						"0.1667": [-5, 0, 0],
						"0.25": [-7, 0, 0],
						"0.375": [0, 0, 0]
					}
				},
				"lip_lower": {
					"rotation": {
						"0.0": [0, 0, 0],
						"0.0833": [25, 0, 0],
						"0.1667": [10, 0, 0],
						"0.25": [25, 0, 0],
						"0.375": [0, 0, 0]
					}
				}
			},
			"sound_effects": {
				"0.0": {
					"effect": "pokemon.feebas.cry"
				}
			}
		},
		"animation.feebas.shock": {
			"loop": true,
			"bones": {
				"pupil_left": {
					"scale": [1, 0.7, 0.7]
				},
				"pupil_right": {
					"scale": [1, 0.7, 0.7]
				},
				"lip_upper": {
					"rotation": [-17.5, 0, 0]
				},
				"lip_lower": {
					"rotation": [22.5, 0, 0]
				}
			}
		},
		"animation.feebas.angry": {
			"loop": true,
			"bones": {
				"eye_angry_left": {
					"position": [0.1, 0, 0]
				},
				"eye_angry_right": {
					"position": [-0.1, 0, 0]
				}
			}
		},
		"animation.feebas.sad": {
			"loop": true,
			"bones": {
				"eye_sad_left": {
					"position": [0.1, 0, 0]
				},
				"eye_sad_right": {
					"position": [-0.1, 0, 0]
				}
			}
		},
		"animation.feebas.happy": {
			"loop": true,
			"bones": {
				"lip_upper": {
					"rotation": [-17.5, 0, 0]
				},
				"lip_lower": {
					"rotation": [22.5, 0, 0]
				},
				"eyelid_happy_left": {
					"position": [0.1, 0, 0]
				},
				"eyelid_happy_right": {
					"position": [-0.1, 0, 0]
				}
			}
		},
		"animation.feebas.recoil": {
			"animation_length": 0.5,
			"bones": {
				"eyelid_recoil_left": {
					"position": [0.1, 0, 0]
				},
				"eyelid_recoil_right": {
					"position": [-0.1, 0, 0]
				}
			}
		}
	}
}