{
	"format_version": "1.12.0",
	"minecraft:geometry": [
		{
			"description": {
				"identifier": "geometry.litten",
				"texture_width": 64,
				"texture_height": 64,
				"visible_bounds_width": 4,
				"visible_bounds_height": 2.5,
				"visible_bounds_offset": [0, 0.75, 0]
			},
			"bones": [
				{
					"name": "litten",
					"pivot": [0, 0, 0]
				},
				{
					"name": "body",
					"parent": "litten",
					"pivot": [0, 8.5, 0]
				},
				{
					"name": "torso",
					"parent": "body",
					"pivot": [0, 6.6, 4.15]
				},
				{
					"name": "torso2",
					"parent": "torso",
					"pivot": [0, 11, 1],
					"cubes": [
						{"origin": [-7, 3, -7], "size": [14, 14, 14], "uv": [0, 0]}
					]
				},
				{
					"name": "ear_left",
					"parent": "torso2",
					"pivot": [5, 17, -5],
					"rotation": [12.5, 0, 15],
					"cubes": [
						{"origin": [3.5, 16, -6], "size": [3, 3, 2], "uv": [0, 52]}
					]
				},
				{
					"name": "ear_right",
					"parent": "torso2",
					"pivot": [-5, 17, -5],
					"rotation": [12.5, 0, -15],
					"cubes": [
						{"origin": [-6.5, 16, -6], "size": [3, 3, 2], "uv": [46, 54]}
					]
				},
				{
					"name": "face",
					"parent": "torso2",
					"pivot": [0, 2, 1]
				},
				{
					"name": "open_mouth",
					"parent": "face",
					"pivot": [0.5, 9.7, -7],
					"cubes": [
						{"origin": [-4.5, 6.6, -6.9], "size": [9, 5, 0], "inflate": 0.01, "uv": [40, 28]}
					]
				},
				{
					"name": "snout",
					"parent": "face",
					"pivot": [0, 13.5, -7],
					"cubes": [
						{"origin": [-5.5, 10.71251, -7.7637], "size": [11, 3, 1], "uv": [0, 28]},
						{"origin": [-2, 11.71251, -7.7637], "size": [4, 1, 0], "inflate": 0.005, "uv": [16, 32]},
						{"origin": [2, 9.7, -7.2], "size": [2, 2, 0], "pivot": [3, 10.7, -7.2], "rotation": [0, 0, 45], "uv": [20, 33]},
						{"origin": [-4, 9.7, -7.2], "size": [2, 2, 0], "pivot": [-3, 10.7, -7.2], "rotation": [0, 0, -45], "uv": [40, 33]}
					]
				},
				{
					"name": "eye_left",
					"parent": "face",
					"pivot": [4.5, 13.5, -6],
					"rotation": [0, 0, 2.5],
					"cubes": [
						{"origin": [2.5, 13.5, -7], "size": [2, 2, 0], "inflate": 0.01, "uv": [16, 33]}
					]
				},
				{
					"name": "eyelid_left",
					"parent": "eye_left",
					"pivot": [3.5, 13.5, -6],
					"cubes": [
						{"origin": [2.5, 13.5, -6.91], "size": [2, 2, 0], "inflate": 0.01, "uv": [44, 33]}
					]
				},
				{
					"name": "eye_right",
					"parent": "face",
					"pivot": [-4.5, 13.5, -6],
					"rotation": [0, 0, -2.5],
					"cubes": [
						{"origin": [-4.5, 13.5, -7], "size": [2, 2, 0], "inflate": 0.01, "uv": [10, 52]}
					]
				},
				{
					"name": "eyelid_right",
					"parent": "eye_right",
					"pivot": [-3.5, 13.5, -6],
					"cubes": [
						{"origin": [-4.5, 13.5, -6.91], "size": [2, 2, 0], "inflate": 0.01, "uv": [32, 55]}
					]
				},
				{
					"name": "chest",
					"parent": "torso",
					"pivot": [0, 9.25, 0]
				},
				{
					"name": "neck",
					"parent": "chest",
					"pivot": [0, 6.5, -2.25]
				},
				{
					"name": "tail1",
					"parent": "torso",
					"pivot": [0, 5.75, 5],
					"rotation": [-27.5, 0, 0],
					"cubes": [
						{"origin": [-1, 4.75, 4], "size": [2, 2, 3], "inflate": 0.01, "uv": [32, 59]}
					]
				},
				{
					"name": "tail2",
					"parent": "tail1",
					"pivot": [0, 6.25, 7],
					"cubes": [
						{"origin": [-1, 4.75, 7], "size": [2, 2, 3], "uv": [48, 49]}
					]
				},
				{
					"name": "tail3",
					"parent": "tail2",
					"pivot": [0, 5.25, 10],
					"cubes": [
						{"origin": [-1, 4.75, 10], "size": [2, 2, 3], "uv": [16, 50]}
					]
				},
				{
					"name": "tail4",
					"parent": "tail3",
					"pivot": [0, 5.5, 13],
					"cubes": [
						{"origin": [-1, 4.75, 13], "size": [2, 2, 3], "uv": [26, 50]}
					]
				},
				{
					"name": "tail5",
					"parent": "tail4",
					"pivot": [0, 5.25, 16],
					"cubes": [
						{"origin": [-1, 4.75, 16], "size": [2, 2, 3], "uv": [36, 50]}
					]
				},
				{
					"name": "tail_end",
					"parent": "tail5",
					"pivot": [0, 5.75, 18.75]
				},
				{
					"name": "tail_end_right",
					"parent": "tail_end",
					"pivot": [0, 5.75, 18.75],
					"rotation": [0, -45, 0]
				},
				{
					"name": "tail_end_top",
					"parent": "tail_end",
					"pivot": [0, 5.75, 18.75],
					"rotation": [40, 0, 0]
				},
				{
					"name": "tail_end_left",
					"parent": "tail_end",
					"pivot": [0, 5.75, 18.75],
					"rotation": [0, 45, 0]
				},
				{
					"name": "tail_end_bottom",
					"parent": "tail_end",
					"pivot": [0, 5.75, 18.75],
					"rotation": [-40, 0, 0]
				},
				{
					"name": "leg_front_right1",
					"parent": "body",
					"pivot": [-3.1, 8.15, -4.65],
					"cubes": [
						{"origin": [-4.1, 5.15, -5.65], "size": [2, 4, 2], "inflate": 0.01, "uv": [18, 55]}
					]
				},
				{
					"name": "leg_front_right2",
					"parent": "leg_front_right1",
					"pivot": [-3.1, 5.15, -3.65],
					"cubes": [
						{"origin": [-6.1, 1.15, -5.65], "size": [4, 4, 4], "uv": [0, 32]}
					]
				},
				{
					"name": "leg_front_right3",
					"parent": "leg_front_right2",
					"pivot": [-3.1, 1.15, -4.65],
					"cubes": [
						{"origin": [-6.1, -0.1, -5.9], "size": [4, 2, 4], "inflate": 0.01, "uv": [16, 44]},
						{"origin": [-4.6, -0.1, -4.4], "size": [1, 0, 1], "inflate": 0.02, "uv": [20, 35]}
					]
				},
				{
					"name": "leg_front_claws_right",
					"parent": "leg_front_right3",
					"pivot": [-3.1, 0.9, -4.65],
					"cubes": [
						{"origin": [-3.75, -0.1, -5.65], "size": [0, 1, 1], "uv": [46, 52]},
						{"origin": [-2.45, -0.1, -5.65], "size": [0, 1, 1], "uv": [36, 55]}
					]
				},
				{
					"name": "leg_front_left1",
					"parent": "body",
					"pivot": [3.1, 8.15, -4.65],
					"cubes": [
						{"origin": [2.1, 5.15, -5.65], "size": [2, 4, 2], "inflate": 0.01, "uv": [10, 55]}
					]
				},
				{
					"name": "leg_front_left2",
					"parent": "leg_front_left1",
					"pivot": [3.1, 5.15, -3.65],
					"cubes": [
						{"origin": [2.1, 1.15, -5.65], "size": [4, 4, 4], "uv": [24, 28]}
					]
				},
				{
					"name": "leg_front_left3",
					"parent": "leg_front_left2",
					"pivot": [3.1, 1.15, -4.65],
					"cubes": [
						{"origin": [3.6, -0.1, -4.4], "size": [1, 0, 1], "inflate": 0.02, "uv": [16, 35]},
						{"origin": [2.1, -0.1, -5.9], "size": [4, 2, 4], "inflate": 0.01, "uv": [0, 40]}
					]
				},
				{
					"name": "leg_front_claws_left",
					"parent": "leg_front_left3",
					"pivot": [3.1, 0.9, -4.65],
					"cubes": [
						{"origin": [3.75, -0.1, -5.65], "size": [0, 1, 1], "uv": [46, 50]},
						{"origin": [2.45, -0.1, -5.65], "size": [0, 1, 1], "uv": [14, 52]}
					]
				},
				{
					"name": "leg_back_right1",
					"parent": "body",
					"pivot": [-3.25, 8.1, 2.15],
					"cubes": [
						{"origin": [-4.25, 4.6, 0.65], "size": [2, 5, 3], "inflate": 0.01, "uv": [48, 41]}
					]
				},
				{
					"name": "leg_back_right2",
					"parent": "leg_back_right1",
					"pivot": [-3.25, 4.6, 3.15],
					"cubes": [
						{"origin": [-6.25, 0.85, 1.9], "size": [4, 4, 4], "uv": [32, 36]}
					]
				},
				{
					"name": "leg_back_right3",
					"parent": "leg_back_right2",
					"pivot": [-3.25, 1.35, 2.9],
					"cubes": [
						{"origin": [-6.25, -0.15, 1.65], "size": [4, 2, 4], "inflate": 0.01, "uv": [0, 46]},
						{"origin": [-4.75, -0.15, 3.15], "size": [1, 0, 1], "inflate": 0.02, "uv": [44, 35]}
					]
				},
				{
					"name": "leg_back_claws_right",
					"parent": "leg_back_right3",
					"pivot": [-3.2, 0.9, 2.85],
					"cubes": [
						{"origin": [-3.85, -0.1, 1.85], "size": [0, 1, 1], "uv": [42, 55]},
						{"origin": [-2.55, -0.1, 1.85], "size": [0, 1, 1], "uv": [44, 55]}
					]
				},
				{
					"name": "leg_back_left1",
					"parent": "body",
					"pivot": [3.25, 8.1, 2.15],
					"cubes": [
						{"origin": [2.25, 4.6, 0.65], "size": [2, 5, 3], "inflate": 0.01, "uv": [48, 33]}
					]
				},
				{
					"name": "leg_back_left2",
					"parent": "leg_back_left1",
					"pivot": [3.25, 4.6, 3.15],
					"cubes": [
						{"origin": [2.25, 0.85, 1.9], "size": [4, 4, 4], "uv": [16, 36]}
					]
				},
				{
					"name": "leg_back_left3",
					"parent": "leg_back_left2",
					"pivot": [3.25, 1.35, 2.9],
					"cubes": [
						{"origin": [2.25, -0.15, 1.65], "size": [4, 2, 4], "inflate": 0.01, "uv": [32, 44]},
						{"origin": [3.75, -0.15, 3.15], "size": [1, 0, 1], "inflate": 0.02, "uv": [40, 35]}
					]
				},
				{
					"name": "leg_back_claws_left",
					"parent": "leg_back_left3",
					"pivot": [3.2, 0.9, 2.85],
					"cubes": [
						{"origin": [3.85, -0.1, 1.85], "size": [0, 1, 1], "uv": [38, 55]},
						{"origin": [2.55, -0.1, 1.85], "size": [0, 1, 1], "uv": [40, 55]}
					]
				},
				{
					"name": "spheal",
					"pivot": [0, 8, 0]
				},
				{
					"name": "body2",
					"parent": "spheal",
					"pivot": [0, 14.5, 0]
				}
			]
		}
	]
}