{
	"format_version": "1.8.0",
	"animations": {
		"animation.snailistea.pose": {
			"loop": true,
			"bones": {
				"tail1": {
					"rotation": [0, -20, 0]
				},
				"tail2": {
					"rotation": [25.47485, -7.97379, -5.54386]
				},
				"tail3": {
					"rotation": [-62.24705, -4.22358, 2.6554]
				},
				"tail4": {
					"rotation": [-62.5, 0, 0]
				},
				"tail5": {
					"rotation": [-60, 0, 0]
				}
			}
		},
		"animation.snailistea.ground_idle": {
			"loop": true,
			"bones": {
				"tail1": {
					"rotation": [0, -20, 0]
				},
				"tail2": {
					"rotation": [25.47485, -7.97379, -5.54386]
				},
				"tail3": {
					"rotation": [-62.24705, -4.22358, 2.6554]
				},
				"tail4": {
					"rotation": [-72.5, 0, 0]
				},
				"tail5": {
					"rotation": [-92.5, 0, 0]
				},
				"body": {
					"rotation": ["-math.cos((q.anim_time-0.9)*360*0.25)*12", "-math.cos((q.anim_time-0.1)*360*0.25)*12", "math.cos((q.anim_time-0.3)*360*0.25)*12"],
					"position": [0, "math.cos((q.anim_time-0.4)*360*0.25)*0.25", 0]
				},
				"snail_body": {
					"rotation": [-7.5, 0, "math.cos((q.anim_time-0.9)*360*0.25)*12"]
				},
				"head": {
					"rotation": [-32.5, 0, 0]
				},
				"eye_right1": {
					"rotation": ["-42.3665-math.cos((q.anim_time-1.4)*360*0.25)*7", 9.99334, 0.38898]
				},
				"eye_right2": {
					"rotation": ["math.cos((q.anim_time-0.2)*360*0.25)*12", "math.cos((q.anim_time-0.5)*360*0.25)*12", 0]
				},
				"eye_left1": {
					"rotation": ["-42.869+math.cos((q.anim_time-0.2)*360*0.25)*7", -4.35428, -10.11765]
				},
				"eye_left2": {
					"rotation": ["math.cos((q.anim_time-0.9)*360*0.25)*12", "-math.cos((q.anim_time-0.5)*360*0.25)*12", 0]
				}
			}
		},
		"animation.snailistea.ground_walk": {
			"loop": true,
			"bones": {
				"tail1": {
					"rotation": [0, -20, 0]
				},
				"tail2": {
					"rotation": [20.47485, -7.97379, -5.54386]
				},
				"tail3": {
					"rotation": [-62.24705, -4.22358, 2.6554]
				},
				"tail4": {
					"rotation": [-70, 0, 0]
				},
				"tail5": {
					"rotation": [-77.5, 0, 0]
				},
				"body": {
					"rotation": [-360, "45+math.cos((q.anim_time-0.1)*360*0.25)*0.5", -180],
					"position": [0, 8.4, 0]
				},
				"eye_right1": {
					"rotation": ["12.5+math.cos((q.anim_time-0.8)*360*0.25)*12", "17.5+math.cos((q.anim_time-0.5)*360*0.25)*12", 0]
				},
				"eye_right2": {
					"rotation": ["-32.2633+math.cos((q.anim_time-0.8)*360*0.25)*12", "6.995+math.cos((q.anim_time-0.5)*360*0.25)*12", 2.7176]
				},
				"eye_left1": {
					"rotation": ["12.5-math.cos((q.anim_time-0.3)*360*0.25)*12", "-17.5-math.cos((q.anim_time-0.7)*360*0.25)*12", 0]
				},
				"eye_left2": {
					"rotation": ["-20.2367-math.cos((q.anim_time-0.2)*360*0.25)*12", "-6.995-math.cos((q.anim_time-0.9)*360*0.25)*12", -2.7176]
				}
			}
		},
		"animation.snailistea.physical": {
			"animation_length": 2.24,
			"bones": {
				"tail1": {
					"rotation": [0, -20, 0],
					"position": {
						"0.0": [0, 0, 0],
						"2.24": [0, 0, 0]
					}
				},
				"tail2": {
					"rotation": [20.47485, -7.97379, -5.54386]
				},
				"tail3": {
					"rotation": [-62.24705, -4.22358, 2.6554]
				},
				"tail4": {
					"rotation": [-70, 0, 0]
				},
				"tail5": {
					"rotation": [-77.5, 0, 0]
				},
				"body": {
					"rotation": {
						"0.0": [-360, 45, -180],
						"0.24": [-360, 45, -180],
						"0.28": [-360, "-45+(q.anim_time*720)", -180],
						"1.04": [-360, "-45+(q.anim_time*720)", -180],
						"1.12": [-270, -55, -270],
						"1.2": {
							"pre": [-270, -2.5, -270],
							"post": [-270, -2.5, -270],
							"lerp_mode": "catmullrom"
						},
						"1.28": {
							"post": [-270, 40, -270],
							"lerp_mode": "catmullrom"
						},
						"1.64": {
							"post": [-450, -12.5, -450],
							"lerp_mode": "catmullrom"
						},
						"1.8": {
							"post": [-360, 45, -540],
							"lerp_mode": "catmullrom"
						},
						"2.04": {
							"post": [-340.14892, 44.13603, -525.99806],
							"lerp_mode": "catmullrom"
						},
						"2.16": {
							"post": [-359.87456, 47.5948, -539.66981],
							"lerp_mode": "catmullrom"
						}
					},
					"position": {
						"0.0": {
							"post": [0, 0.4, 6],
							"lerp_mode": "catmullrom"
						},
						"0.08": [0, 1.4, 0],
						"0.12": [0, 3.4, 0],
						"0.28": [0, -1.6, 0],
						"0.88": [0, -1.6, 0],
						"1.0": [0, -1.6, -32],
						"1.12": {
							"pre": [0, 3.4, -32],
							"post": [0, 3.4, -32],
							"lerp_mode": "catmullrom"
						},
						"1.2": {
							"post": [0, 12.4, -23],
							"lerp_mode": "catmullrom"
						},
						"1.28": {
							"post": [0, 5.4, -14],
							"lerp_mode": "catmullrom"
						},
						"1.36": {
							"post": [0, -0.6, -7],
							"lerp_mode": "catmullrom"
						},
						"1.48": {
							"post": [0, 9.4, 0],
							"lerp_mode": "catmullrom"
						},
						"2.0": {
							"post": [0, 0.4, 6],
							"lerp_mode": "catmullrom"
						}
					}
				},
				"snail_body": {
					"position": {
						"0.0": [0, -1, 0],
						"0.2": [0, -4, 0],
						"0.28": [0, -4, 0],
						"1.88": [0, -4, 0],
						"1.96": [0, -1, 0]
					},
					"scale": {
						"0.08": [1, 1, 1],
						"0.2": [0, 0, 0],
						"0.28": [0, 0, 0],
						"1.72": [0, 0, 0],
						"1.92": [1, 1, 1]
					}
				},
				"head": {
					"rotation": {
						"0.0": {
							"post": [-5, 0, 0],
							"lerp_mode": "catmullrom"
						},
						"0.08": {
							"post": [-52.5, 0, 0],
							"lerp_mode": "catmullrom"
						},
						"2.0": {
							"post": [-5, 0, 0],
							"lerp_mode": "catmullrom"
						}
					},
					"position": {
						"0.0": {
							"post": [0, 1.3, -0.89],
							"lerp_mode": "catmullrom"
						},
						"0.24": {
							"post": [0, 0, 3],
							"lerp_mode": "catmullrom"
						},
						"2.0": {
							"post": [0, 1.3, -0.89],
							"lerp_mode": "catmullrom"
						}
					}
				},
				"eye_right1": {
					"rotation": {
						"0.0": {
							"post": [14.59029, 8.88969, 19.03556],
							"lerp_mode": "catmullrom"
						},
						"0.24": {
							"post": [-32.5, 0, 0],
							"lerp_mode": "catmullrom"
						},
						"1.84": {
							"post": [-52.55, 8.49, 18.17],
							"lerp_mode": "catmullrom"
						},
						"2.0": {
							"post": [14.59029, 8.88969, 19.03556],
							"lerp_mode": "catmullrom"
						}
					},
					"position": {
						"0.0": {
							"post": [0, 0, 0],
							"lerp_mode": "catmullrom"
						},
						"0.24": {
							"post": [3, 0, 8],
							"lerp_mode": "catmullrom"
						},
						"1.84": {
							"post": [0.21, 5, 0.56],
							"lerp_mode": "catmullrom"
						},
						"2.0": {
							"post": [0, 0, 0],
							"lerp_mode": "catmullrom"
						}
					}
				},
				"eye_left1": {
					"rotation": {
						"0.0": {
							"post": [12.33845, -8.60655, -13.03694],
							"lerp_mode": "catmullrom"
						},
						"0.24": {
							"post": [-35, 0, 0],
							"lerp_mode": "catmullrom"
						},
						"1.84": {
							"post": [-62.59693, -5.16393, -7.82216],
							"lerp_mode": "catmullrom"
						},
						"2.0": {
							"post": [12.33845, -8.60655, -13.03694],
							"lerp_mode": "catmullrom"
						}
					},
					"position": {
						"0.0": {
							"post": [0, 0, 0],
							"lerp_mode": "catmullrom"
						},
						"0.24": {
							"post": [-2, 0, 6],
							"lerp_mode": "catmullrom"
						},
						"1.84": {
							"post": [-0.18, 5, 0.55],
							"lerp_mode": "catmullrom"
						},
						"2.0": {
							"post": [0, 0, 0],
							"lerp_mode": "catmullrom"
						}
					}
				},
				"eye_left2": {
					"position": {
						"0.0": {
							"post": [0, 0, 0],
							"lerp_mode": "catmullrom"
						},
						"0.24": {
							"post": [0, 0, 1],
							"lerp_mode": "catmullrom"
						},
						"1.8": {
							"post": [0, 0, 0],
							"lerp_mode": "catmullrom"
						}
					}
				}
			}
		},
		"animation.snailistea.faint": {
			"animation_length": 2.16,
			"bones": {
				"tail1": {
					"rotation": {
						"0.0": {
							"post": [0, -20, 0],
							"lerp_mode": "catmullrom"
						}
					}
				},
				"tail2": {
					"rotation": {
						"0.0": {
							"post": [20.47485, -7.97379, -5.54386],
							"lerp_mode": "catmullrom"
						}
					}
				},
				"tail3": {
					"rotation": {
						"0.0": {
							"post": [-62.24705, -4.22358, 2.6554],
							"lerp_mode": "catmullrom"
						}
					}
				},
				"tail4": {
					"rotation": {
						"0.0": {
							"post": [-70, 0, 0],
							"lerp_mode": "catmullrom"
						}
					}
				},
				"tail5": {
					"rotation": {
						"0.0": {
							"post": [-77.5, 0, 0],
							"lerp_mode": "catmullrom"
						}
					}
				},
				"body": {
					"rotation": {
						"0.0": [-360, 45, -180],
						"0.08": [-278.06861, 22.47771, -132.88735],
						"0.32": [-179.12945, -49.78173, -181.60789],
						"0.4": [-179.13, "-q.anim_time*270", -181.61]
					},
					"position": {
						"0.0": [0, 1.4, 0],
						"0.08": [0, 8.2, 8.4],
						"0.32": [0, -1.6, 15],
						"1.44": [0, -1.6, 15],
						"1.64": [0, 29.4, 15]
					},
					"scale": {
						"1.32": [1, 1, 1],
						"1.64": [0.1, 2.3, 0.1],
						"1.68": [0, 0, 0]
					}
				},
				"snail_body": {
					"rotation": {
						"0.0": [0, 0, 0],
						"0.24": [0, 0, 0],
						"0.56": [0, "q.anim_time*360", 0]
					},
					"scale": {
						"0.0": [1, 1, 1],
						"0.56": [1, 1, 1],
						"0.6": [1, 1, 1],
						"0.92": [0.75, 0.75, 0.75],
						"1.16": [0.5, 0.5, 0.5],
						"1.48": [0.25, 0.25, 0.25],
						"1.92": [0, 0, 0]
					}
				},
				"head": {
					"rotation": {
						"0.0": {
							"post": [0, 0, 0],
							"lerp_mode": "catmullrom"
						},
						"0.16": {
							"post": [10, 0, 0],
							"lerp_mode": "catmullrom"
						},
						"0.24": {
							"post": [17.5, 0, 0],
							"lerp_mode": "catmullrom"
						}
					}
				},
				"eye_right2": {
					"rotation": {
						"0.0": {
							"post": [0, 0, 0],
							"lerp_mode": "catmullrom"
						},
						"0.24": {
							"post": [15, 0, 0],
							"lerp_mode": "catmullrom"
						}
					}
				},
				"eye_left2": {
					"rotation": {
						"0.0": {
							"post": [0, 0, 0],
							"lerp_mode": "catmullrom"
						},
						"0.24": {
							"post": [17.5, 0, 0],
							"lerp_mode": "catmullrom"
						}
					}
				}
			}
		},
		"animation.snailistea.sleep": {
			"animation_length": 15.16,
			"bones": {
				"tail1": {
					"rotation": [0, -20, 0]
				},
				"tail2": {
					"rotation": [25.47485, -7.97379, -5.54386]
				},
				"tail3": {
					"rotation": [-62.24705, -4.22358, 2.6554]
				},
				"tail4": {
					"rotation": ["-72.5+math.cos((q.anim_time-0.5)*360*0.25)*1", 0, 0],
					"scale": 1
				},
				"tail5": {
					"rotation": [-90, 0, 0]
				},
				"body": {
					"position": [0, "math.cos((q.anim_time-1.5)*360*0.25)*0.2", 0]
				},
				"snail_body": {
					"rotation": ["-5+math.cos((q.anim_time-0.2)*360*0.25)*0.5", 0, 0],
					"position": [0, "math.cos((q.anim_time-0.3)*360*0.25)*0.1", 0],
					"scale": [1, "1+math.cos((q.anim_time-0.5)*360*0.25)*0.02", 1]
				},
				"head": {
					"rotation": [-10, 0, 0]
				},
				"eye_right1": {
					"rotation": ["-7.3665-math.cos((q.anim_time-1.4)*360*0.25)*3", 9.99334, 0.38898]
				},
				"eye_right2": {
					"rotation": ["math.cos((q.anim_time-0.2)*360*0.25)*7", 0, 0]
				},
				"eye_right": {
					"rotation": [0, 0, 0]
				},
				"eye_left1": {
					"rotation": ["-4.4893+math.cos((q.anim_time-0.2)*360*0.25)*3", -19.97136, -1.19048]
				},
				"eye_left2": {
					"rotation": ["math.cos((q.anim_time-0.9)*360*0.25)*7", 0, 0]
				}
			}
		}
	}
}