{
	"format_version": "1.12.0",
	"minecraft:geometry": [
		{
			"description": {
				"identifier": "geometry.unknown",
				"texture_width": 256,
				"texture_height": 256,
				"visible_bounds_width": 14,
				"visible_bounds_height": 7.5,
				"visible_bounds_offset": [0, 3.25, 0]
			},
			"bones": [
				{
					"name": "tempestfang",
					"pivot": [0, 0, 0]
				},
				{
					"name": "body",
					"parent": "tempestfang",
					"pivot": [0, 0, 0]
				},
				{
					"name": "torso",
					"parent": "body",
					"pivot": [0, 34, -1]
				},
				{
					"name": "chest",
					"parent": "torso",
					"pivot": [0, 34, -1],
					"cubes": [
						{"origin": [-9, 40, -6.75], "size": [18, 10, 12], "uv": [0, 72]},
						{"origin": [-6.5, 34, -6], "size": [13, 7, 10], "uv": [112, 66]},
						{"origin": [0, 35.5, 2.25], "size": [0, 10, 12], "uv": [49, 61]}
					]
				},
				{
					"name": "arms",
					"parent": "chest",
					"pivot": [8, 48.5, -1]
				},
				{
					"name": "shoulder_left",
					"parent": "arms",
					"pivot": [10, 48.5, -1],
					"cubes": [
						{"origin": [3, 37, -1], "size": [12, 10, 0], "uv": [38, 230], "mirror": true},
						{"origin": [6, 45, -4.5], "size": [8, 7, 7], "uv": [96, 190]}
					]
				},
				{
					"name": "arm_left",
					"parent": "shoulder_left",
					"pivot": [13, 48.5, -1],
					"cubes": [
						{"origin": [12, 45.5, -3.5], "size": [10, 4, 5], "uv": [198, 31]},
						{"origin": [15, 48.5, -1], "size": [4, 5, 0], "uv": [217, 57], "mirror": true}
					]
				},
				{
					"name": "arm_left2",
					"parent": "arm_left",
					"pivot": [22, 47.5, -0.5],
					"cubes": [
						{"origin": [18.75, 45.5, 1.75], "size": [5, 4, 0], "pivot": [22.75, 47.5, 1.75], "rotation": [0, 22.5, 0], "uv": [235, 53], "mirror": true},
						{"origin": [18.75, 49.5, -2.25], "size": [5, 0, 4], "pivot": [22.75, 47.5, 1.75], "rotation": [0, 22.5, 0], "uv": [229, 58], "mirror": true},
						{"origin": [18.75, 45.5, -2.25], "size": [5, 0, 4], "pivot": [22.75, 47.5, 1.75], "rotation": [0, 22.5, 0], "uv": [231, 68], "mirror": true},
						{"origin": [22, 45.5, -2.5], "size": [10, 4, 4], "inflate": 0.01, "uv": [198, 49]}
					]
				},
				{
					"name": "hand_left",
					"parent": "arm_left2",
					"pivot": [30, 47.5, 0],
					"cubes": [
						{"origin": [39, 41, -4.5], "size": [13, 13, 9], "uv": [74, 0]},
						{"origin": [39, 41, -4.5], "size": [13, 13, 9], "inflate": 0.15, "uv": [74, 44]},
						{"origin": [39, 41, -4.5], "size": [13, 13, 9], "inflate": 0.05, "uv": [44, 99]},
						{"origin": [30, 42, -4.5], "size": [9, 11, 9], "uv": [132, 83]},
						{"origin": [30, 42, -4.5], "size": [9, 11, 9], "inflate": 0.15, "uv": [36, 139]},
						{"origin": [30, 42, -4.5], "size": [9, 11, 9], "inflate": 0.05, "uv": [0, 155]}
					]
				},
				{
					"name": "hand_wisp_left_segement1",
					"parent": "hand_left",
					"pivot": [32.5, 47.5, 3.5],
					"cubes": [
						{"origin": [22, 44, 1.5], "size": [13, 7, 6], "uv": [160, 32]},
						{"origin": [22, 44, 1.5], "size": [13, 7, 6], "inflate": 0.15, "uv": [162, 120]},
						{"origin": [22, 44, 1.5], "size": [13, 7, 6], "inflate": 0.05, "uv": [168, 74]}
					]
				},
				{
					"name": "hand_wisp_left_segement2",
					"parent": "hand_wisp_left_segement1",
					"pivot": [23.5, 47.5, 6.5],
					"cubes": [
						{"origin": [16, 45, 5], "size": [9, 5, 5], "uv": [96, 204]},
						{"origin": [16, 45, 5], "size": [9, 5, 5], "inflate": 0.05, "uv": [154, 204]}
					]
				},
				{
					"name": "hand_wisp_left_segement3",
					"parent": "hand_wisp_left_segement2",
					"pivot": [17.5, 47.5, 8.5],
					"cubes": [
						{"origin": [10, 47.5, 7], "size": [9, 0, 5], "uv": [74, 66]}
					]
				},
				{
					"name": "claw_left",
					"parent": "hand_left",
					"pivot": [52, 43.5, -1.5],
					"cubes": [
						{"origin": [49, 41.5, -3.5], "size": [8, 4, 4], "uv": [218, 217], "mirror": true}
					]
				},
				{
					"name": "talon_left",
					"parent": "claw_left",
					"pivot": [57, 43.5, -1.5],
					"cubes": [
						{"origin": [56, 42, -3], "size": [4, 3, 3], "uv": [220, 67]},
						{"origin": [60, 43.5, -3], "size": [3, 0, 3], "pivot": [60, 43.5, 0], "rotation": [0, 15, 0], "uv": [220, 28]}
					]
				},
				{
					"name": "claw_left2",
					"parent": "hand_left",
					"pivot": [52, 47.5, -0.5],
					"cubes": [
						{"origin": [49, 45.5, -2.5], "size": [8, 4, 4], "uv": [218, 217], "mirror": true}
					]
				},
				{
					"name": "talon_left2",
					"parent": "claw_left2",
					"pivot": [57, 47.5, -0.5],
					"cubes": [
						{"origin": [60, 47.5, -2], "size": [3, 0, 3], "pivot": [60, 47.5, 1], "rotation": [0, 15, 0], "uv": [72, 139]},
						{"origin": [56, 46, -2], "size": [4, 3, 3], "uv": [76, 222]}
					]
				},
				{
					"name": "claw_left3",
					"parent": "hand_left",
					"pivot": [52, 51.5, -1.5],
					"cubes": [
						{"origin": [49, 49.5, -3.5], "size": [8, 4, 4], "uv": [218, 217], "mirror": true}
					]
				},
				{
					"name": "talon_left3",
					"parent": "claw_left3",
					"pivot": [57, 51.5, -1.5],
					"cubes": [
						{"origin": [60, 51.5, -3], "size": [3, 0, 3], "pivot": [60, 51.5, 0], "rotation": [0, 15, 0], "uv": [194, 214]},
						{"origin": [56, 50, -3], "size": [4, 3, 3], "uv": [220, 163]}
					]
				},
				{
					"name": "shoulder_right",
					"parent": "arms",
					"pivot": [-10, 48.5, -1],
					"cubes": [
						{"origin": [-14, 45, -4.5], "size": [8, 7, 7], "uv": [190, 158]},
						{"origin": [-15, 37, -1], "size": [12, 10, 0], "uv": [38, 230]}
					]
				},
				{
					"name": "arm_right",
					"parent": "shoulder_right",
					"pivot": [-13, 48.5, -1],
					"cubes": [
						{"origin": [-22, 45.5, -3.5], "size": [10, 4, 5], "uv": [198, 40]},
						{"origin": [-19, 48.5, -1], "size": [4, 5, 0], "uv": [217, 57]}
					]
				},
				{
					"name": "arm_right2",
					"parent": "arm_right",
					"pivot": [-22, 47.5, -0.5],
					"cubes": [
						{"origin": [-32, 45.5, -2.5], "size": [10, 4, 4], "inflate": 0.01, "uv": [206, 85]},
						{"origin": [-23.75, 45.5, 1.75], "size": [5, 4, 0], "pivot": [-22.75, 47.5, 1.75], "rotation": [0, -22.5, 0], "uv": [235, 53]},
						{"origin": [-23.75, 45.5, -2.25], "size": [5, 0, 4], "pivot": [-22.75, 47.5, 1.75], "rotation": [0, -22.5, 0], "uv": [231, 68]},
						{"origin": [-23.75, 49.5, -2.25], "size": [5, 0, 4], "pivot": [-22.75, 47.5, 1.75], "rotation": [0, -22.5, 0], "uv": [229, 58]}
					]
				},
				{
					"name": "hand_right",
					"parent": "arm_right2",
					"pivot": [-30, 47.5, 0],
					"cubes": [
						{"origin": [-52, 41, -4.5], "size": [13, 13, 9], "inflate": 0.05, "uv": [74, 22]},
						{"origin": [-39, 42, -4.5], "size": [9, 11, 9], "inflate": 0.15, "uv": [156, 138]},
						{"origin": [-52, 41, -4.5], "size": [13, 13, 9], "uv": [0, 94]},
						{"origin": [-39, 42, -4.5], "size": [9, 11, 9], "uv": [72, 143]},
						{"origin": [-52, 41, -4.5], "size": [13, 13, 9], "inflate": 0.15, "uv": [88, 99]},
						{"origin": [-39, 42, -4.5], "size": [9, 11, 9], "inflate": 0.05, "uv": [0, 135]}
					]
				},
				{
					"name": "hand_wisp_right_segement1",
					"parent": "hand_right",
					"pivot": [-32.5, 47.5, 3.5],
					"cubes": [
						{"origin": [-35, 44, 1.5], "size": [13, 7, 6], "inflate": 0.05, "uv": [160, 45]},
						{"origin": [-35, 44, 1.5], "size": [13, 7, 6], "uv": [70, 163]},
						{"origin": [-35, 44, 1.5], "size": [13, 7, 6], "inflate": 0.15, "uv": [168, 87]}
					]
				},
				{
					"name": "hand_wisp_right_segement2",
					"parent": "hand_wisp_right_segement1",
					"pivot": [-23.5, 47.5, 6.5],
					"cubes": [
						{"origin": [-25, 45, 5], "size": [9, 5, 5], "uv": [182, 204]},
						{"origin": [-25, 45, 5], "size": [9, 5, 5], "inflate": 0.05, "uv": [204, 100]}
					]
				},
				{
					"name": "hand_wisp_right_segement3",
					"parent": "hand_wisp_right_segement2",
					"pivot": [-17.5, 47.5, 8.5],
					"cubes": [
						{"origin": [-19, 47.5, 7], "size": [9, 0, 5], "uv": [162, 133]}
					]
				},
				{
					"name": "claw_right",
					"parent": "hand_right",
					"pivot": [-52, 43.5, -1.5],
					"cubes": [
						{"origin": [-57, 41.5, -3.5], "size": [8, 4, 4], "uv": [218, 217]}
					]
				},
				{
					"name": "talon_right",
					"parent": "claw_right",
					"pivot": [-57, 43.5, -1.5],
					"cubes": [
						{"origin": [-60, 42, -3], "size": [4, 3, 3], "uv": [222, 110]},
						{"origin": [-63, 43.5, -3], "size": [3, 0, 3], "pivot": [-60, 43.5, 0], "rotation": [0, -15, 0], "uv": [220, 169]}
					]
				},
				{
					"name": "claw_right2",
					"parent": "hand_right",
					"pivot": [-52, 47.5, -0.5],
					"cubes": [
						{"origin": [-57, 45.5, -2.5], "size": [8, 4, 4], "uv": [218, 217]}
					]
				},
				{
					"name": "talon_right2",
					"parent": "claw_right2",
					"pivot": [-57, 47.5, -0.5],
					"cubes": [
						{"origin": [-63, 47.5, -2], "size": [3, 0, 3], "pivot": [-60, 47.5, 1], "rotation": [0, -15, 0], "uv": [198, 225]},
						{"origin": [-60, 46, -2], "size": [4, 3, 3], "uv": [138, 222]}
					]
				},
				{
					"name": "claw_right3",
					"parent": "hand_right",
					"pivot": [-52, 51.5, -1.5],
					"cubes": [
						{"origin": [-57, 49.5, -3.5], "size": [8, 4, 4], "uv": [218, 217]}
					]
				},
				{
					"name": "talon_right3",
					"parent": "claw_right3",
					"pivot": [-57, 51.5, -1.5],
					"cubes": [
						{"origin": [-63, 51.5, -3], "size": [3, 0, 3], "pivot": [-60, 51.5, 0], "rotation": [0, -15, 0], "uv": [210, 225]},
						{"origin": [-60, 50, -3], "size": [4, 3, 3], "uv": [152, 222]}
					]
				},
				{
					"name": "scarf",
					"parent": "chest",
					"pivot": [0, 50, -1],
					"cubes": [
						{"origin": [-5.5, 49, 7], "size": [11, 7, 6], "uv": [66, 176]},
						{"origin": [-5.5, 49, 7], "size": [11, 7, 6], "inflate": 0.15, "uv": [176, 175]},
						{"origin": [-5.5, 49, 7], "size": [11, 7, 6], "inflate": 0.05, "uv": [100, 177]},
						{"origin": [-10.5, 48, -9], "size": [21, 8, 16], "uv": [0, 0]},
						{"origin": [-10.5, 48, -9], "size": [21, 8, 16], "inflate": 0.15, "uv": [0, 24]},
						{"origin": [-10.5, 48, -9], "size": [21, 8, 16], "inflate": 0.05, "uv": [0, 48]}
					]
				},
				{
					"name": "scarf_back_wisp_segement1",
					"parent": "scarf",
					"pivot": [0, 52.5, 13],
					"cubes": [
						{"origin": [-3, 49.5, 13], "size": [6, 6, 6], "uv": [206, 73]},
						{"origin": [-3, 49.5, 13], "size": [6, 6, 6], "inflate": 0.15, "uv": [206, 188]},
						{"origin": [-3, 49.5, 13], "size": [6, 6, 6], "inflate": 0.05, "uv": [210, 172]}
					]
				},
				{
					"name": "scarf_back_wisp_segement2",
					"parent": "scarf_back_wisp_segement1",
					"pivot": [0, 52, 19],
					"cubes": [
						{"origin": [-4, 48.5, 19], "size": [8, 7, 9], "uv": [170, 100]},
						{"origin": [-4, 48.5, 19], "size": [8, 7, 9], "inflate": 0.15, "uv": [0, 175]},
						{"origin": [-4, 48.5, 19], "size": [8, 7, 9], "inflate": 0.05, "uv": [142, 175]}
					]
				},
				{
					"name": "scarf_back_wisp_segement3",
					"parent": "scarf_back_wisp_segement2",
					"pivot": [0, 53, 28],
					"cubes": [
						{"origin": [-2, 50.5, 28], "size": [4, 5, 6], "uv": [154, 191]},
						{"origin": [-2, 50.5, 28], "size": [4, 5, 6], "inflate": 0.05, "uv": [220, 13]}
					]
				},
				{
					"name": "scarf_back_wisp_segement4",
					"parent": "scarf_back_wisp_segement3",
					"pivot": [0, 53, 34],
					"cubes": [
						{"origin": [0, 49.5, 34], "size": [0, 7, 9], "uv": [112, 83]}
					]
				},
				{
					"name": "scarf_front_wisp_segement1",
					"parent": "scarf",
					"pivot": [0, 48, -8],
					"cubes": [
						{"origin": [-5.5, 43, -9], "size": [11, 5, 2], "uv": [206, 93]}
					]
				},
				{
					"name": "scarf_front_wisp_segement2",
					"parent": "scarf_front_wisp_segement1",
					"pivot": [0, 43, -8.5],
					"cubes": [
						{"origin": [-4.5, 37, -8.5], "size": [9, 6, 0], "uv": [204, 110]}
					]
				},
				{
					"name": "neck",
					"parent": "chest",
					"pivot": [0, 54, 0.75],
					"cubes": [
						{"origin": [-6, 52, -3.75], "size": [12, 10, 9], "uv": [0, 116]}
					]
				},
				{
					"name": "frill_left",
					"parent": "neck",
					"pivot": [6, 61, 0.25],
					"cubes": [
						{"origin": [5.25, 57, 0.25], "size": [12, 2, 0], "inflate": 0.01, "pivot": [6.5, 58, 0.25], "rotation": [0, 0, 12.5], "uv": [144, 231]},
						{"origin": [5.25, 63, 0.25], "size": [12, 2, 0], "inflate": 0.01, "pivot": [6.25, 64, 0.25], "rotation": [0, 0, -12.5], "uv": [144, 234]},
						{"origin": [5.5, 57, 0.25], "size": [12, 8, 0], "uv": [199, 231]}
					]
				},
				{
					"name": "neck2",
					"parent": "neck",
					"pivot": [0, 62, 5.25],
					"cubes": [
						{"origin": [-5.5, 62, -3.75], "size": [11, 8, 9], "uv": [122, 121]}
					]
				},
				{
					"name": "head",
					"parent": "neck2",
					"pivot": [0, 68.95, 3.75],
					"cubes": [
						{"origin": [-4.5, 77.95, -1.25], "size": [9, 6, 3], "inflate": 0.01, "uv": [210, 200]},
						{"origin": [-4, 83.45, -4.25], "size": [8, 0, 3], "uv": [120, 85]},
						{"origin": [-4, 77.45, -3.25], "size": [0, 6, 2], "uv": [112, 82]},
						{"origin": [4, 77.45, -3.25], "size": [0, 6, 2], "uv": [117, 82]},
						{"origin": [0.5, 83.95, 1.75], "size": [4, 0, 5], "pivot": [1.5, 83.95, 1.75], "rotation": [-45, 0, 0], "uv": [84, 101]},
						{"origin": [-4.5, 83.95, 1.75], "size": [4, 0, 5], "pivot": [-1.5, 83.95, 1.75], "rotation": [-45, 0, 0], "uv": [75, 101], "mirror": true},
						{"origin": [-6, 68.95, -1.25], "size": [12, 9, 7], "inflate": 0.02, "uv": [158, 0]},
						{"origin": [-6, 73.95, 1.75], "size": [0, 4, 4], "pivot": [-6, 77.95, 3.25], "rotation": [0, 0, 15], "uv": [156, -2]},
						{"origin": [-1, 73.99455, 3.55385], "size": [2, 7, 5], "inflate": 0.02, "pivot": [0, 77.49455, 5.55385], "rotation": [-45, 0, 0], "uv": [62, 220]},
						{"origin": [0, 81.38364, 6.61451], "size": [0, 5, 5], "pivot": [0, 81.38364, 6.61451], "rotation": [-70, 0, 0], "uv": [90, 222]},
						{"origin": [1.97767, 70.4607, 1.81596], "size": [4, 5, 10], "pivot": [3.85177, 73.00533, 5.72847], "rotation": [-44.26307, 24.91025, -14.02805], "uv": [0, 191]},
						{"origin": [2.47767, 74.69249, 8.65032], "size": [3, 4, 6], "pivot": [3.85177, 73.00533, 5.72847], "rotation": [-89.26307, 24.91025, -14.02805], "uv": [220, 57]},
						{"origin": [3.97767, 78.39148, 10.61143], "size": [0, 4, 4], "pivot": [3.85177, 73.00533, 5.72847], "rotation": [-119.26307, 24.91025, -14.02805], "uv": [146, 206]},
						{"origin": [-11, 72.95, 0.75], "size": [6, 0, 4], "pivot": [-6, 72.95, 2.75], "rotation": [0, 15, -45], "uv": [210, 184]},
						{"origin": [-6, 68.95, -5.25], "size": [12, 4, 4], "inflate": 0.02, "uv": [118, 58]},
						{"origin": [-5.97767, 70.4607, 1.81596], "size": [4, 5, 10], "pivot": [-3.85177, 73.00533, 5.72847], "rotation": [-44.26307, -24.91025, 14.02805], "uv": [126, 191]},
						{"origin": [6, 73.95, 1.75], "size": [0, 4, 4], "pivot": [6, 77.95, 3.25], "rotation": [0, 0, -15], "uv": [190, -2], "mirror": true},
						{"origin": [-3.97767, 78.39148, 10.61143], "size": [0, 4, 4], "pivot": [-3.85177, 73.00533, 5.72847], "rotation": [-119.26307, -24.91025, 14.02805], "uv": [158, 74]},
						{"origin": [-3.97767, 75.4607, 6.81596], "size": [0, 2, 4], "pivot": [-3.85177, 73.00533, 5.72847], "rotation": [-44.26307, -24.91025, 14.02805], "uv": [127, 188]},
						{"origin": [-5.47767, 74.69249, 8.65032], "size": [3, 4, 6], "pivot": [-3.85177, 73.00533, 5.72847], "rotation": [-89.26307, -24.91025, 14.02805], "uv": [120, 220]},
						{"origin": [5, 72.95, 0.75], "size": [6, 0, 4], "pivot": [6, 72.95, 2.75], "rotation": [0, -15, 45], "uv": [220, 24]},
						{"origin": [3.97767, 75.4607, 6.81596], "size": [0, 2, 4], "pivot": [3.85177, 73.00533, 5.72847], "rotation": [-44.26307, 24.91025, -14.02805], "uv": [127, 188], "mirror": true}
					]
				},
				{
					"name": "eye_left",
					"parent": "head",
					"pivot": [1.24, 77.47167, 1.67167]
				},
				{
					"name": "eye_main_left",
					"parent": "eye_left",
					"pivot": [2.75, 77.4, 2.7],
					"cubes": [
						{"origin": [4.25, 76.975, 3.25], "size": [1, 1, 1], "inflate": 0.01, "uv": [38, 96]},
						{"origin": [1.25, 76.975, 1.75], "size": [4, 1, 3], "uv": [44, 94]}
					]
				},
				{
					"name": "pupil_left",
					"parent": "eye_main_left",
					"pivot": [2.75, 77.4, 2.7],
					"cubes": [
						{"origin": [2.25, 76.9, 1.7], "size": [1, 1, 2], "inflate": 0.1, "uv": [134, 188]}
					]
				},
				{
					"name": "brow_left2",
					"parent": "eye_main_left",
					"pivot": [3.22, 77.465, 4.015],
					"cubes": [
						{"origin": [2.22, 76.965, 3.515], "size": [2, 1, 1], "inflate": 0.04, "uv": [46, 100]}
					]
				},
				{
					"name": "brow_left",
					"parent": "eye_main_left",
					"pivot": [1.65, 77.475, 3.275],
					"cubes": [
						{"origin": [1.15, 76.975, 2.775], "size": [1, 1, 1], "inflate": 0.03, "uv": [46, 100]}
					]
				},
				{
					"name": "eyelid_left",
					"parent": "eye_left",
					"pivot": [3.25, 77.45, 3.25],
					"cubes": [
						{"origin": [1.25, 76.95, 1.75], "size": [4, 1, 3], "uv": [61, 84]}
					]
				},
				{
					"name": "jaw",
					"parent": "head",
					"pivot": [0, 75.45, -1.25],
					"cubes": [
						{"origin": [-6, 72.95, -5.25], "size": [12, 5, 4], "inflate": 0.01, "uv": [192, 147]},
						{"origin": [6, 69.95, -3.25], "size": [0, 7, 5], "pivot": [6, 76.95, -0.75], "rotation": [0, 0, -17.5], "uv": [56, 192]},
						{"origin": [-5, 77.45, -5.25], "size": [10, 7, 4], "uv": [200, 116]},
						{"origin": [-4.5, 83.95, -1.25], "size": [9, 0, 2], "uv": [91, 72]},
						{"origin": [-4.5, 77.95, -1.25], "size": [0, 6, 2], "uv": [174, 100]},
						{"origin": [4.5, 77.95, -1.25], "size": [0, 6, 2], "uv": [196, 100]},
						{"origin": [-5, 84.45, -9.25], "size": [10, 0, 4], "uv": [200, 127]},
						{"origin": [-5, 77.45, -9.25], "size": [0, 7, 4], "uv": [190, 225]},
						{"origin": [5, 77.45, -9.25], "size": [0, 7, 4], "uv": [224, 143]},
						{"origin": [-5, 84.45, -1.25], "size": [10, 0, 4], "uv": [170, 116]},
						{"origin": [-6, 69.95, -3.25], "size": [0, 7, 5], "pivot": [-6, 76.95, -0.75], "rotation": [0, 0, 17.5], "uv": [0, 221]}
					]
				},
				{
					"name": "hair1",
					"parent": "head",
					"pivot": [0, 70.95, 5.75],
					"cubes": [
						{"origin": [-3, 66.95, 3.75], "size": [6, 7, 20], "inflate": 0.02, "uv": [60, 72]}
					]
				},
				{
					"name": "hair2",
					"parent": "hair1",
					"pivot": [0, 66.95, 23.75],
					"cubes": [
						{"origin": [-2, 66.95, 8.75], "size": [4, 7, 15], "inflate": 0.02, "uv": [84, 121]}
					]
				},
				{
					"name": "hair3",
					"parent": "hair2",
					"pivot": [0, 66.95, 8.75],
					"cubes": [
						{"origin": [-1, 66.95, 8.75], "size": [2, 7, 15], "inflate": 0.02, "uv": [122, 138]}
					]
				},
				{
					"name": "hair4",
					"parent": "hair3",
					"pivot": [0, 66.95, 23.75],
					"cubes": [
						{"origin": [-0.5, 66.95, 12.75], "size": [1, 5, 11], "uv": [196, 0]}
					]
				},
				{
					"name": "hair5",
					"parent": "hair4",
					"pivot": [0, 66.95, 12.75],
					"cubes": [
						{"origin": [0, 66.95, 12.75], "size": [0, 5, 7], "uv": [142, 160]}
					]
				},
				{
					"name": "eye_right",
					"parent": "head",
					"pivot": [-7.25, 69, 6.7]
				},
				{
					"name": "eyelid_right",
					"parent": "eye_right",
					"pivot": [-3.25, 77.45, 3.25],
					"cubes": [
						{"origin": [-5.25, 76.95, 1.75], "size": [4, 1, 3], "uv": [61, 84], "mirror": true}
					]
				},
				{
					"name": "eye_main_right",
					"parent": "eye_right",
					"pivot": [-3.22, 77.465, 4.015],
					"cubes": [
						{"origin": [-5.25, 76.975, 3.25], "size": [1, 1, 1], "inflate": 0.01, "uv": [38, 96], "mirror": true},
						{"origin": [-5.25, 76.975, 1.75], "size": [4, 1, 3], "uv": [108, 156]}
					]
				},
				{
					"name": "brow_right2",
					"parent": "eye_main_right",
					"pivot": [-3.22, 77.465, 4.015],
					"cubes": [
						{"origin": [-4.22, 76.965, 3.515], "size": [2, 1, 1], "inflate": 0.04, "uv": [46, 100], "mirror": true}
					]
				},
				{
					"name": "brow_right",
					"parent": "eye_main_right",
					"pivot": [-1.65, 77.475, 3.275],
					"cubes": [
						{"origin": [-2.15, 76.975, 2.775], "size": [1, 1, 1], "inflate": 0.03, "uv": [46, 100], "mirror": true}
					]
				},
				{
					"name": "pupil_right",
					"parent": "eye_main_right",
					"pivot": [-2.75, 77.4, 2.7],
					"cubes": [
						{"origin": [-3.25, 76.9, 1.7], "size": [1, 1, 2], "inflate": 0.1, "uv": [134, 188], "mirror": true}
					]
				},
				{
					"name": "frill_right",
					"parent": "neck",
					"pivot": [-6, 61, 0.25],
					"cubes": [
						{"origin": [-17.25, 63, 0.25], "size": [12, 2, 0], "inflate": 0.01, "pivot": [-6.25, 64, 0.25], "rotation": [0, 0, 12.5], "uv": [144, 234], "mirror": true},
						{"origin": [-17.25, 57, 0.25], "size": [12, 2, 0], "inflate": 0.01, "pivot": [-6.5, 58, 0.25], "rotation": [0, 0, -12.5], "uv": [144, 231], "mirror": true},
						{"origin": [-17.5, 57, 0.25], "size": [12, 8, 0], "uv": [199, 231], "mirror": true}
					]
				},
				{
					"name": "tail",
					"parent": "torso",
					"pivot": [0, 34, -1]
				},
				{
					"name": "tail_segement1",
					"parent": "tail",
					"pivot": [0, 34, -1],
					"cubes": [
						{"origin": [-5, 28, -5], "size": [10, 8, 8], "uv": [158, 58]}
					]
				},
				{
					"name": "tail_segement2",
					"parent": "tail_segement1",
					"pivot": [0, 28, -3],
					"cubes": [
						{"origin": [-5, 20, -5], "size": [10, 8, 8], "inflate": 0.01, "uv": [158, 16]}
					]
				},
				{
					"name": "tail_segement3",
					"parent": "tail_segement2",
					"pivot": [0, 20, -4],
					"cubes": [
						{"origin": [-4.5, 11, -5], "size": [9, 9, 8], "uv": [156, 158]}
					]
				},
				{
					"name": "legs",
					"parent": "tail_segement3",
					"pivot": [4.5, 17.5, -1]
				},
				{
					"name": "leg_left",
					"parent": "legs",
					"pivot": [4.5, 17.5, -1],
					"cubes": [
						{"origin": [4.5, 11, -4], "size": [5, 9, 6], "uv": [56, 205]}
					]
				},
				{
					"name": "leg_left2",
					"parent": "leg_left",
					"pivot": [7, 13.5, 2],
					"cubes": [
						{"origin": [5.5, 12, 1], "size": [3, 3, 7], "uv": [22, 220]}
					]
				},
				{
					"name": "foot_left",
					"parent": "leg_left2",
					"pivot": [7, 13.5, 9],
					"cubes": [
						{"origin": [4, 5, 8], "size": [6, 5, 2], "inflate": 0.01, "uv": [78, 205]},
						{"origin": [5, 10, 8], "size": [4, 5, 2], "uv": [166, 222]}
					]
				},
				{
					"name": "toe_left",
					"parent": "foot_left",
					"pivot": [5, 5, 9],
					"cubes": [
						{"origin": [4, 2, 8], "size": [2, 3, 2], "uv": [226, 49]}
					]
				},
				{
					"name": "toe_middle_left",
					"parent": "toe_left",
					"pivot": [5, 2, 8],
					"cubes": [
						{"origin": [4.5, 0, 8], "size": [1, 2, 2], "uv": [36, 135]}
					]
				},
				{
					"name": "claw_foot_left",
					"parent": "toe_middle_left",
					"pivot": [5, 0, 8],
					"cubes": [
						{"origin": [5, -3, 8], "size": [0, 3, 2], "uv": [228, 116]}
					]
				},
				{
					"name": "toe_left2",
					"parent": "foot_left",
					"pivot": [7, 5, 9],
					"cubes": [
						{"origin": [6, 2, 8], "size": [2, 3, 2], "uv": [222, 225]}
					]
				},
				{
					"name": "toe_middle_left2",
					"parent": "toe_left2",
					"pivot": [7, 2, 8],
					"cubes": [
						{"origin": [6.5, 0, 8], "size": [1, 2, 2], "uv": [228, 36]}
					]
				},
				{
					"name": "claw_foot_left2",
					"parent": "toe_middle_left2",
					"pivot": [7, 0, 8],
					"cubes": [
						{"origin": [7, -3, 8], "size": [0, 3, 2], "uv": [116, 227]}
					]
				},
				{
					"name": "toe_left3",
					"parent": "foot_left",
					"pivot": [9, 5, 9],
					"cubes": [
						{"origin": [8, 2, 8], "size": [2, 3, 2], "uv": [102, 66]}
					]
				},
				{
					"name": "toe_middle_left3",
					"parent": "toe_left3",
					"pivot": [9, 2, 8],
					"cubes": [
						{"origin": [8.5, 0, 8], "size": [1, 2, 2], "uv": [228, 40]}
					]
				},
				{
					"name": "claw_foot_left3",
					"parent": "toe_middle_left3",
					"pivot": [9, 0, 8],
					"cubes": [
						{"origin": [9, -3, 8], "size": [0, 3, 2], "uv": [120, 214]}
					]
				},
				{
					"name": "leg_right",
					"parent": "legs",
					"pivot": [-4.5, 17.5, -1],
					"cubes": [
						{"origin": [-9.5, 11, -4], "size": [5, 9, 6], "uv": [0, 206]}
					]
				},
				{
					"name": "leg_right2",
					"parent": "leg_right",
					"pivot": [-7, 13.5, 2],
					"cubes": [
						{"origin": [-8.5, 12, 1], "size": [3, 3, 7], "uv": [42, 220]}
					]
				},
				{
					"name": "foot_right",
					"parent": "leg_right2",
					"pivot": [-7, 13.5, 9],
					"cubes": [
						{"origin": [-10, 5, 8], "size": [6, 5, 2], "inflate": 0.01, "uv": [220, 156]},
						{"origin": [-9, 10, 8], "size": [4, 5, 2], "uv": [178, 222]}
					]
				},
				{
					"name": "toe_right",
					"parent": "foot_right",
					"pivot": [-5, 5, 9],
					"cubes": [
						{"origin": [-6, 2, 8], "size": [2, 3, 2], "uv": [100, 227]}
					]
				},
				{
					"name": "toe_middle_right",
					"parent": "toe_right",
					"pivot": [-5, 2, 8],
					"cubes": [
						{"origin": [-5.5, 0, 8], "size": [1, 2, 2], "uv": [228, 44]}
					]
				},
				{
					"name": "claw_foot_right",
					"parent": "toe_middle_right",
					"pivot": [-5, 0, 8],
					"cubes": [
						{"origin": [-5, -3, 8], "size": [0, 3, 2], "uv": [228, 121]}
					]
				},
				{
					"name": "toe_right2",
					"parent": "foot_right",
					"pivot": [-7, 5, 9],
					"cubes": [
						{"origin": [-8, 2, 8], "size": [2, 3, 2], "uv": [108, 227]}
					]
				},
				{
					"name": "toe_middle_right2",
					"parent": "toe_right2",
					"pivot": [-7, 2, 8],
					"cubes": [
						{"origin": [-7.5, 0, 8], "size": [1, 2, 2], "uv": [76, 228]}
					]
				},
				{
					"name": "claw_foot_right2",
					"parent": "toe_middle_right2",
					"pivot": [-7, 0, 8],
					"cubes": [
						{"origin": [-7, -3, 8], "size": [0, 3, 2], "uv": [228, 126]}
					]
				},
				{
					"name": "toe_right3",
					"parent": "foot_right",
					"pivot": [-9, 5, 9],
					"cubes": [
						{"origin": [-10, 2, 8], "size": [2, 3, 2], "uv": [228, 31]}
					]
				},
				{
					"name": "toe_middle_right3",
					"parent": "toe_right3",
					"pivot": [-9, 2, 8],
					"cubes": [
						{"origin": [-9.5, 0, 8], "size": [1, 2, 2], "uv": [82, 228]}
					]
				},
				{
					"name": "claw_foot_right3",
					"parent": "toe_middle_right3",
					"pivot": [-9, 0, 8],
					"cubes": [
						{"origin": [-9, -3, 8], "size": [0, 3, 2], "uv": [138, 228]}
					]
				},
				{
					"name": "tail_segement4",
					"parent": "tail_segement3",
					"pivot": [0, 11, -3],
					"cubes": [
						{"origin": [-4, 2, -4.5], "size": [8, 9, 7], "uv": [176, 188]}
					]
				},
				{
					"name": "tail_segement5",
					"parent": "tail_segement4",
					"pivot": [0, 2, -1],
					"cubes": [
						{"origin": [-4, -7, -4.5], "size": [8, 9, 7], "inflate": 0.01, "uv": [66, 189]}
					]
				},
				{
					"name": "tail_segement6",
					"parent": "tail_segement5",
					"pivot": [0, -7, -1],
					"cubes": [
						{"origin": [-10.5, -21, -1], "size": [21, 18, 0], "uv": [118, 40]},
						{"origin": [-5, -13, -6], "size": [10, 10, 10], "uv": [118, 0]},
						{"origin": [-3.5, -16, -4], "size": [7, 9, 6], "uv": [194, 16]}
					]
				},
				{
					"name": "tail_segement7",
					"parent": "tail_segement6",
					"pivot": [0, -16, -1],
					"cubes": [
						{"origin": [-3.5, -25, -4], "size": [7, 9, 6], "uv": [194, 58]},
						{"origin": [0, -22, 2], "size": [0, 6, 7], "uv": [108, 143]}
					]
				},
				{
					"name": "tail_segement8",
					"parent": "tail_segement7",
					"pivot": [0, -25, -1],
					"cubes": [
						{"origin": [-5, -32, -6], "size": [10, 10, 10], "uv": [118, 20]},
						{"origin": [-10.5, -40, -1], "size": [21, 18, 0], "uv": [42, 121]},
						{"origin": [-3, -34, -3.5], "size": [6, 9, 5], "uv": [22, 206]}
					]
				},
				{
					"name": "tail_segement9",
					"parent": "tail_segement8",
					"pivot": [0, -34, -1],
					"cubes": [
						{"origin": [-3, -43, -3.5], "size": [6, 9, 5], "uv": [124, 206]},
						{"origin": [0, -40, 1.5], "size": [0, 6, 6], "uv": [220, 131]}
					]
				},
				{
					"name": "tail_segement10",
					"parent": "tail_segement9",
					"pivot": [0, -43, -1],
					"cubes": [
						{"origin": [-9.5, -57, -1], "size": [19, 17, 0], "uv": [132, 103]},
						{"origin": [-4, -48, -5], "size": [8, 8, 8], "uv": [34, 176]},
						{"origin": [-2.5, -52, -3], "size": [5, 9, 4], "uv": [102, 214]}
					]
				},
				{
					"name": "tail_segement11",
					"parent": "tail_segement10",
					"pivot": [0, -52, -1],
					"cubes": [
						{"origin": [-2.5, -61, -3], "size": [5, 9, 4], "uv": [220, 0]},
						{"origin": [0, -57.5, 1], "size": [0, 5, 5], "uv": [10, 221]}
					]
				},
				{
					"name": "tail_segement12",
					"parent": "tail_segement11",
					"pivot": [0, -61, -1],
					"cubes": [
						{"origin": [-3.5, -65, -4.5], "size": [7, 7, 7], "uv": [192, 133]},
						{"origin": [-8.5, -75, -1], "size": [17, 17, 0], "uv": [36, 159]},
						{"origin": [-1.5, -70, -2.5], "size": [3, 9, 3], "uv": [44, 206]}
					]
				},
				{
					"name": "tail_segement_13",
					"parent": "tail_segement12",
					"pivot": [0, -70, -1],
					"cubes": [
						{"origin": [-3.5, -83, -4.5], "size": [7, 7, 7], "uv": [28, 192]},
						{"origin": [-8.5, -93, -1], "size": [17, 17, 0], "uv": [36, 159]},
						{"origin": [-1, -79, -2], "size": [2, 9, 2], "uv": [134, 177]},
						{"origin": [0, -75, 0], "size": [0, 4, 4], "uv": [150, 58]}
					]
				}
			]
		}
	]
}