{
	"format_version": "1.12.0",
	"minecraft:geometry": [
		{
			"description": {
				"identifier": "geometry.animon",
				"texture_width": 64,
				"texture_height": 64,
				"visible_bounds_width": 2,
				"visible_bounds_height": 2.5,
				"visible_bounds_offset": [0, 0.75, 0]
			},
			"bones": [
				{
					"name": "animon",
					"pivot": [0, 0, 0]
				},
				{
					"name": "body",
					"parent": "animon",
					"pivot": [0, 0, 0],
					"cubes": [
						{"origin": [-5, 0, -2.5], "size": [10, 3, 6], "uv": [0, 26]},
						{"origin": [0, 0, -3.5], "size": [4, 2, 1], "inflate": 0.02, "uv": [9, 36]},
						{"origin": [2, 0, 1.5], "size": [4, 2, 3], "inflate": 0.02, "uv": [17, 37]},
						{"origin": [-6, 0, -0.5], "size": [1, 2, 3], "inflate": 0.02, "uv": [0, 36]}
					]
				},
				{
					"name": "body2",
					"parent": "body",
					"pivot": [0, 3, 0.5],
					"rotation": [0, 180, 0],
					"cubes": [
						{"origin": [-4.5, 2, -3], "size": [9, 3, 5], "pivot": [0, 0, 0], "rotation": [0, 180, 0], "uv": [0, 18]}
					]
				},
				{
					"name": "head",
					"parent": "body2",
					"pivot": [0, 5, 0.5],
					"cubes": [
						{"origin": [-4.5, 5, -1.5], "size": [9, 6, 4], "uv": [0, 0]},
						{"origin": [-1.1, 10.2, -1.49], "size": [5, 2, 4], "inflate": -0.02, "pivot": [0, 4, 0], "rotation": [0, 0, -25], "uv": [18, 12]},
						{"origin": [-3.9, 10.2, -1.49], "size": [5, 2, 4], "inflate": -0.02, "pivot": [0, 4, 0], "rotation": [0, 0, 25], "uv": [0, 12]}
					]
				},
				{
					"name": "tip",
					"parent": "head",
					"pivot": [0, 12, 0.5],
					"cubes": [
						{"origin": [-1, 11, -1.5], "size": [2, 3, 4], "uv": [26, 0]}
					]
				},
				{
					"name": "tip2",
					"parent": "tip",
					"pivot": [0, 14, 0.5],
					"cubes": [
						{"origin": [-0.5, 14, -1], "size": [1, 1, 3], "uv": [22, 0]}
					]
				},
				{
					"name": "tip3",
					"parent": "tip2",
					"pivot": [0, 15, 0.5],
					"cubes": [
						{"origin": [-0.5, 15, 0], "size": [1, 3, 1], "uv": [0, 0]}
					]
				},
				{
					"name": "eye_left",
					"parent": "head",
					"pivot": [-2.4, 10.5, 2.585],
					"rotation": [0, 180, 0],
					"cubes": [
						{"origin": [-2.9, 10, 2.66], "size": [1, 1, 0], "uv": [33, 8]}
					]
				},
				{
					"name": "eyelid_left",
					"parent": "eye_left",
					"pivot": [-2.15, 10.5, 3.185],
					"cubes": [
						{"origin": [-3.15, 10, 2.685], "size": [2, 1, 1], "inflate": 0.01, "uv": [29, 19]}
					]
				},
				{
					"name": "eye_right",
					"parent": "head",
					"pivot": [2.4, 10.5, 2.585],
					"rotation": [0, -180, 0],
					"cubes": [
						{"origin": [1.9, 10, 2.66], "size": [1, 1, 0], "uv": [33, 8]}
					]
				},
				{
					"name": "eyelid_right",
					"parent": "eye_right",
					"pivot": [2.15, 10.5, 3.185],
					"cubes": [
						{"origin": [1.15, 10, 2.685], "size": [2, 1, 1], "inflate": 0.01, "uv": [29, 22]}
					]
				},
				{
					"name": "mouth",
					"parent": "head",
					"pivot": [0, 7.5, 2.5],
					"cubes": [
						{"origin": [-1.5, 5.5, 2.51], "size": [3, 4, 0], "uv": [26, 7]},
						{"origin": [-1.5, 7.39, 1.9], "size": [1, 0, 1], "pivot": [-1, 8, 4], "rotation": [-62, 0, 0], "uv": [2, 11]},
						{"origin": [0.5, 7.39, 1.9], "size": [1, 0, 1], "pivot": [1.5, 8, 4], "rotation": [-62, 0, 0], "uv": [0, 11]},
						{"origin": [0.5, -0.35, 15.2], "size": [1, 0, 1], "pivot": [1.5, -8, 4], "rotation": [62, 0, 0], "uv": [2, 10]},
						{"origin": [-1.5, -0.35, 15.2], "size": [1, 0, 1], "pivot": [1.5, -8, 4], "rotation": [62, 0, 0], "uv": [0, 10]}
					]
				}
			]
		}
	]
}