{
	"format_version": "1.8.0",
	"animations": {
		"animation.nautilord.water_idle": {
			"loop": true,
			"animation_length": 8,
			"bones": {
				"propellor": {
					"rotation": {
						"0.0": [0, 0, 0],
						"8.0": [0, 0, 2160]
					}
				},
				"body": {
					"rotation": [0, "math.cos(q.anim_time*90*0.5)", "math.sin(q.anim_time*90*0.5)"],
					"position": [0, 2, 0]
				}
			}
		},
		"animation.nautilord.ground_idle": {
			"loop": true,
			"animation_length": 8,
			"bones": {
				"propellor": {
					"scale": 0.5
				},
				"topjaw": {
					"rotation": ["-3+math.cos(q.anim_time*90*0.5)", 0, 0]
				},
				"bone2": {
					"rotation": [0, 0, 37.5],
					"position": [9, 0, 0]
				},
				"bone4": {
					"rotation": [0, 0, 37.5]
				},
				"bone": {
					"rotation": [0, 0, -37.5]
				},
				"bone3": {
					"rotation": [0, 0, -37.5],
					"position": [-8, 0, 0]
				}
			}
		},
		"animation.nautilord.water_swim": {
			"loop": true,
			"animation_length": 8,
			"bones": {
				"propellor": {
					"rotation": {
						"0.0": [0, 0, 0],
						"8.0": [0, 0, 4220]
					}
				},
				"bone2": {
					"rotation": [0, 0, 37.5],
					"position": [9, 0, 0]
				},
				"bone4": {
					"rotation": [0, 0, 37.5]
				},
				"bone": {
					"rotation": [0, 0, -37.5]
				},
				"bone3": {
					"rotation": [0, 0, -37.5],
					"position": [-8, 0, 0]
				},
				"body": {
					"rotation": [0, "math.cos(q.anim_time*90*1)", "math.sin(q.anim_time*90*1)"],
					"position": [0, 2, 0]
				}
			}
		},
		"animation.nautilord.ground_walk": {
			"loop": true,
			"animation_length": 8,
			"bones": {
				"propellor": {
					"rotation": {
						"0.0": [0, 0, 0],
						"8.0": [0, 0, 4220]
					}
				},
				"bone2": {
					"rotation": [0, 0, 37.5],
					"position": [9, 0, 0]
				},
				"bone4": {
					"rotation": [0, 0, 37.5]
				},
				"bone": {
					"rotation": [0, 0, -37.5]
				},
				"bone3": {
					"rotation": [0, 0, -37.5],
					"position": [-8, 0, 0]
				},
				"body": {
					"rotation": [0, "math.cos(q.anim_time*90*1)", "math.sin(q.anim_time*90*1)"],
					"position": [0, 6, 0]
				}
			}
		}
	}
}