{
    "enabled": true,
    "neededInstalledMods": [],
    "neededUninstalledMods": [],
    "spawns": [
        {
            "id": "hoothoot-1",
            "pokemon": "hoothoot",
            "presets": [
                "natural",
                "treetop"
            ],
            "type": "pokemon",
            "context": "grounded",
            "bucket": "common",
            "level": "1-26",
            "weight": 9.0,
            "condition": {
                "minSkyLight": 8,
                "maxSkyLight": 15,
                "biomes": [
                    "#cobblemon:is_forest",
                    "#cobblemon:is_sky",
                    "#cobblemon:is_spooky"
                ],
                "timeRange": "night"
            },
			 "anticondition": {
                "biomes": [
                    "#cobblemon:is_freezing"
                ]
            }
        },
		{
            "id": "hoothoot-qlovean-1",
            "pokemon": "hoothoot qlovean",
            "presets": [
                "natural",
                "treetop"
            ],
            "type": "pokemon",
            "context": "grounded",
            "bucket": "common",
            "level": "12-30",
            "weight": 9.0,
            "condition": {
                "minSkyLight": 8,
                "maxSkyLight": 15,
                "biomes": [
                    "#cobblemon:is_snowy_forest",
                    "#cobblemon:is_snowy_taiga",
                    "#cobblemon:is_tundra"
                ],
                "timeRange": "night"
            }
        }
    ]
}