{
    "enabled": true,
    "neededInstalledMods": [
    ],
    "neededUninstalledMods": [
    ],
    "spawns": [
        {
            "bucket": "common",
            "condition": {
                "biomes": [
                    "#cobblemon:is_jungle",
                    "#cobblemon:is_tropical_island"
                ],
                "maxSkyLight": 15,
                "minSkyLight": 8
            },
            "context": "grounded",
            "id": "aipom-1",
            "level": "11-36",
            "pokemon": "aipom",
            "presets": [
                "natural",
                "treetop"
            ],
            "type": "pokemon",
            "weight": 5.4
        },
        {
            "bucket": "common",
            "condition": {
                "biomes": [
                    "#cobblemon:is_overworld"
                ],
                "maxSkyLight": 7,
                "maxY": 9,
                "minSkyLight": 0,
                "minY": -41,
                "structures": [
                    "cobblemon:shipwreck_coves/lush_shipwreck_cove"
                ]
            },
            "context": "grounded",
            "id": "aipom-2",
            "level": "11-36",
            "pokemon": "aipom",
            "type": "pokemon",
            "weight": 5.4
        },
        {
            "bucket": "common",
            "condition": {
                "biomes": [
                    "#cobblemon:is_jungle",
                    "#cobblemon:is_tropical_island"
                ],
                "maxSkyLight": 15,
                "minSkyLight": 8
            },
            "context": "grounded",
            "id": "aipom-qlovean-1",
            "level": "20-40",
            "pokemon": "aipom qlovean",
            "presets": [
                "natural",
                "treetop"
            ],
            "type": "pokemon",
            "weight": 3.7
        }
    ]
}