{
  "enabled": true,
  "neededInstalledMods": [],
  "neededUninstalledMods": [],
  "spawns": [
    {
        "id": "torkoal-1",
        "pokemon": "torkoal",
        "presets": [
            "natural"
        ],
        "type": "pokemon",
        "context": "grounded",
        "bucket": "common",
        "level": "22-47",
        "weight": 10.0,
        "condition": {
            "biomes": [
                "#cobblemon:is_mountain",
                "#cobblemon:is_thermal"
            ],
            "neededNearbyBlocks": [
                "#minecraft:coal_ores"
            ]
        }
    },
    {
        "id": "torkoal-2",
        "pokemon": "torkoal",
        "presets": [
            "natural"
        ],
        "type": "pokemon",
        "context": "grounded",
        "bucket": "uncommon",
        "level": "22-47",
        "weight": 10.0,
        "condition": {
            "minSkyLight": 0,
            "maxSkyLight": 7,
            "biomes": [
                "#cobblemon:is_overworld"
            ],
            "neededNearbyBlocks": [
                "#minecraft:coal_ores"
            ]
        },
        "anticondition": {
            "biomes": [
                "#cobblemon:is_deep_dark",
                "#cobblemon:is_mountain",
                "#cobblemon:is_thermal"
            ]
        }
    },
    {
        "id": "torkoal-3",
        "pokemon": "torkoal",
        "presets": [
            "natural"
        ],
        "type": "pokemon",
        "context": "grounded",
        "bucket": "common",
        "level": "22-47",
        "weight": 2.0,
        "condition": {
            "biomes": [
                "#cobblemon:nether/is_basalt"
            ]
        }
    },
    {
      "id": "torkoal-qlovean-1",
      "pokemon": "torkoal",
      "presets": [
        "water"
      ],
      "type": "pokemon",
      "context": "seafloor",
      "bucket": "uncommon",
      "level": "22-47",
      "weight": 10.0,
      "condition": {
        "canSeeSky": true,
        "biomes": [
          "#cobblemon:is_warm_ocean"
        ]
      }
    },
    {
      "id": "torkoal-qlovean-2",
      "pokemon": "torkoal",
      "type": "pokemon",
      "context": "fishing",
      "bucket": "uncommon",
      "level": "22-47",
      "weight": 10.0,
      "condition": {
        "canSeeSky": true,
        "biomes": [
          "#cobblemon:is_warm_ocean"
        ]
      },
      "anticondition": {
        "minLureLevel": 1
      }
    },
    {
      "id": "torkoal-qlovean-3",
      "pokemon": "torkoal",
      "type": "pokemon",
      "context": "fishing",
      "bucket": "common",
      "level": "22-47",
      "weight": 10.0,
      "weightMultiplier": {
        "multiplier": 0.6,
        "condition": {
          "minLureLevel": 1,
          "maxLureLevel": 2
        }
      },
      "condition": {
        "canSeeSky": false,
        "biomes": [
          "#cobblemon:is_warm_ocean"
        ],
        "minLureLevel": 1
      }
    },
    {
      "id": "torkoal-qlovean-4",
      "pokemon": "torkoal",
      "type": "pokemon",
      "context": "fishing",
      "bucket": "uncommon",
      "level": "22-47",
      "weight": 10.0,
      "condition": {
        "canSeeSky": false,
        "minSkyLight": 8,
        "maxSkyLight": 15,
        "biomes": [
          "#cobblemon:is_warm_ocean"
        ]
      },
      "anticondition": {
        "minLureLevel": 1
      }
    },
    {
      "id": "torkoal-qlovean-5",
      "pokemon": "torkoal",
      "type": "pokemon",
      "context": "fishing",
      "bucket": "common",
      "level": "22-47",
      "weight": 10.0,
      "weightMultiplier": {
        "multiplier": 0.6,
        "condition": {
          "minLureLevel": 1,
          "maxLureLevel": 2
        }
      },
      "condition": {
        "canSeeSky": true,
        "maxSkyLight": 15,
        "biomes": [
          "#cobblemon:is_warm_ocean"
        ],
        "minLureLevel": 1
      }
    }
  ]
}