{
    "enabled": true,
    "neededInstalledMods": [
    ],
    "neededUninstalledMods": [
    ],
    "spawns": [
        {
            "bucket": "common",
            "condition": {
                "biomes": [
                    "#cobblemon:is_jungle",
                    "#cobblemon:is_tropical_island"
                ],
                "maxSkyLight": 15,
                "minSkyLight": 8
            },
            "context": "grounded",
            "id": "ambipom-1",
            "level": "32-48",
            "pokemon": "ambipom",
            "presets": [
                "natural",
                "treetop"
            ],
            "type": "pokemon",
            "weight": 0.6
        },
        {
            "bucket": "common",
            "condition": {
                "biomes": [
                    "#cobblemon:is_overworld"
                ],
                "maxSkyLight": 7,
                "maxY": 9,
                "minSkyLight": 0,
                "minY": -41,
                "structures": [
                    "cobblemon:shipwreck_coves/lush_shipwreck_cove"
                ]
            },
            "context": "grounded",
            "id": "ambipom-2",
            "level": "32-48",
            "pokemon": "ambipom",
            "type": "pokemon",
            "weight": 0.6
        },
        {
            "bucket": "uncommon",
            "condition": {
                "biomes": [
                    "#cobblemon:is_jungle",
                    "#cobblemon:is_tropical_island"
                ],
                "maxSkyLight": 15,
                "minSkyLight": 8
            },
            "context": "grounded",
            "id": "ambipom-qlovean-1",
            "level": "35-55",
            "pokemon": "ambipom qlovean",
            "presets": [
                "natural",
                "treetop"
            ],
            "type": "pokemon",
            "weight": 2.4
        }
    ]
}