{
    "enabled": true,
    "neededInstalledMods": [],
    "neededUninstalledMods": [],
    "spawns": [
        {
            "id": "foongus-1",
            "pokemon": "foongus",
            "presets": [
                "natural"
            ],
            "type": "pokemon",
            "context": "grounded",
            "bucket": "common",
            "level": "4-29",
            "weight": 9.0,
            "condition": {
                "minSkyLight": 0,
                "maxSkyLight": 7,
                "biomes": [
                    "#cobblemon:is_mushroom"
                ]
            }
        },
        {
            "id": "foongus-2",
            "pokemon": "foongus",
            "presets": [
                "natural"
            ],
            "type": "pokemon",
            "context": "grounded",
            "bucket": "common",
            "level": "4-29",
            "weight": 9.0,
            "weightMultiplier": {
                "multiplier": 0.25,
                "condition": {
                    "timeRange": "day"
                }
            },
            "condition": {
                "minSkyLight": 8,
                "maxSkyLight": 15,
                "biomes": [
                    "#cobblemon:is_mushroom"
                ]
            }
        },
        {
            "id": "foongus-qlovean-1",
            "pokemon": "foongus qlovean",
            "presets": [
                "natural"
            ],
            "type": "pokemon",
            "context": "grounded",
            "bucket": "common",
            "level": "4-29",
            "weight": 5.0,
            "weightMultiplier": {
                "multiplier": 0.25,
                "condition": {
                    "timeRange": "day"
                }
            },
            "condition": {
                "minSkyLight": 8,
                "maxSkyLight": 15,
                "biomes": [
                    "#cobblemon:is_mushroom"
                ]
            }
        },
        {
            "id": "foongus-qlovean-2",
            "pokemon": "foongus qlovean",
            "presets": [
                "natural"
            ],
            "type": "pokemon",
            "context": "grounded",
            "bucket": "common",
            "level": "4-29",
            "weight": 12.0,
            "weightMultiplier": {
                "multiplier": 0.25,
                "condition": {
                    "timeRange": "day"
                }
            },
            "condition": {
                "minSkyLight": 8,
                "maxSkyLight": 15,
                "biomes": [
                    "#cobblemon:is_magical"
                ]
            }
        }
    ]
}