{
    "enabled": true,
    "neededInstalledMods": [],
    "neededUninstalledMods": [],
    "spawns": [
        {
            "id": "veluza-1",
            "pokemon": "veluza",
            "presets": [
                "water"
            ],
            "type": "pokemon",
            "context": "submerged",
            "bucket": "uncommon",
            "level": "23-48",
            "weight": 10.0,
            "condition": {
                "canSeeSky": true,
                "biomes": [
                    "#cobblemon:is_ocean"
                ]
            }
        },
        {
            "id": "veluza-2",
            "pokemon": "veluza",
            "type": "pokemon",
            "context": "fishing",
            "bucket": "uncommon",
            "level": "23-48",
            "weight": 10.0,
            "condition": {
                "canSeeSky": true,
                "biomes": [
                    "#cobblemon:is_ocean"
                ]
            },
            "anticondition": {
                "minLureLevel": 1
            }
        },
        {
            "id": "veluza-3",
            "pokemon": "veluza",
            "type": "pokemon",
            "context": "fishing",
            "bucket": "common",
            "level": "23-48",
            "weight": 2.0,
            "weightMultiplier": {
                "multiplier": 3.0,
                "condition": {
                    "minLureLevel": 3
                }
            },
            "condition": {
                "canSeeSky": true,
                "biomes": [
                    "#cobblemon:is_ocean"
                ],
                "minLureLevel": 1
            }
        },
        {
            "id": "veluza-4",
            "pokemon": "veluza",
            "presets": [
                "water"
            ],
            "type": "pokemon",
            "context": "submerged",
            "bucket": "uncommon",
            "level": "23-48",
            "weight": 10.0,
            "condition": {
                "canSeeSky": false,
                "minSkyLight": 8,
                "maxSkyLight": 15,
                "biomes": [
                    "#cobblemon:is_ocean"
                ]
            }
        },
        {
            "id": "veluza-5",
            "pokemon": "veluza",
            "type": "pokemon",
            "context": "fishing",
            "bucket": "uncommon",
            "level": "23-48",
            "weight": 10.0,
            "condition": {
                "canSeeSky": false,
                "minSkyLight": 8,
                "maxSkyLight": 15,
                "biomes": [
                    "#cobblemon:is_ocean"
                ]
            },
            "anticondition": {
                "minLureLevel": 1
            }
        },
        {
            "id": "veluza-6",
            "pokemon": "veluza",
            "type": "pokemon",
            "context": "fishing",
            "bucket": "common",
            "level": "23-48",
            "weight": 2.0,
            "weightMultiplier": {
                "multiplier": 3.0,
                "condition": {
                    "minLureLevel": 3
                }
            },
            "condition": {
                "canSeeSky": false,
                "minSkyLight": 8,
                "maxSkyLight": 15,
                "biomes": [
                    "#cobblemon:is_ocean"
                ],
                "minLureLevel": 1
            }
        },
        {
            "id": "veluza-7",
            "pokemon": "veluza",
            "presets": [
                "water"
            ],
            "type": "pokemon",
            "context": "submerged",
            "bucket": "uncommon",
            "level": "23-48",
            "weight": 10.0,
            "condition": {
                "canSeeSky": false,
                "biomes": [
                    "#cobblemon:is_overworld"
                ],
                "structures": [
                    "cobblemon:shipwreck_coves/submerged_shipwreck_cove"
                ],
                "minY": -60,
                "maxY": 13
            }
        },
        {
            "id": "veluza-8",
            "pokemon": "veluza",
            "type": "pokemon",
            "context": "fishing",
            "bucket": "uncommon",
            "level": "23-48",
            "weight": 10.0,
            "condition": {
                "canSeeSky": false,
                "biomes": [
                    "#cobblemon:is_overworld"
                ],
                "structures": [
                    "cobblemon:shipwreck_coves/submerged_shipwreck_cove"
                ],
                "minY": -60,
                "maxY": 13
            },
            "anticondition": {
                "minLureLevel": 1
            }
        },
        {
            "id": "veluza-9",
            "pokemon": "veluza",
            "type": "pokemon",
            "context": "fishing",
            "bucket": "common",
            "level": "23-48",
            "weight": 2.0,
            "weightMultiplier": {
                "multiplier": 3.0,
                "condition": {
                    "minLureLevel": 3
                }
            },
            "condition": {
                "canSeeSky": false,
                "biomes": [
                    "#cobblemon:is_overworld"
                ],
                "minLureLevel": 1,
                "structures": [
                    "cobblemon:shipwreck_coves/submerged_shipwreck_cove"
                ],
                "minY": -60,
                "maxY": 13
            }
        },
        {
            "id": "veluza-qlovean-1",
            "pokemon": "veluza qlovean",
            "presets": [
                "water"
            ],
            "type": "pokemon",
            "context": "submerged",
            "bucket": "uncommon",
            "level": "40-55",
            "weight": 10.0,
            "condition": {
                "biomes": [
                    "#cobblemon:is_lukewarm_ocean",
                    "#cobblemon:is_warm_ocean"
                ]
            }
        }
    ]
}