{
 "enabled": true,
 "neededInstalledMods": [],
 "neededUninstalledMods": [],
 "spawns": [
   {
     "id": "lochtrier-1",
     "pokemon": "lochtrier",
	 "presets": [ "natural" ],
     "type": "pokemon",
     "context": "grounded",
     "bucket": "ultra-rare",
     "level": "60-70",
     "weight": 10,
     "condition": {
       "canSeeSky": true,
       "biomes": [
	   "#cobblemon:is_overworld"
	],
	"structures": [
                    "cobblemon:lakeruin1"
                ]
     }
   }
 ]
}