{
 "enabled": true,
 "neededInstalledMods": [],
 "neededUninstalledMods": [],
 "spawns": [
   {
     "id": "nautilord-1",
     "pokemon": "nautilord",
	 "presets": [ "water" ],
     "type": "pokemon",
     "context": "submerged",
     "bucket": "uncommon",
     "level": "40-56",
     "weight": 0.2,
     "condition": {
       "canSeeSky": true,
       "biomes": [
	   "#cobblemon:is_ocean"
	   ]
     }
   },
   {
     "id": "nautilord-2",
     "pokemon": "nautilord",
	 "presets": [ "water" ],
     "type": "pokemon",
     "context": "surface",
     "bucket": "uncommon",
     "level": "40-56",
     "weight": 0.1,
     "condition": {
       "minSkyLight": 8,
	   "maxSkyLight": 15,
       "biomes": [ 
	   "#cobblemon:is_ocean"
	   ]
     }
   }
 ]
}