{
 "enabled": true,
 "neededInstalledMods": [],
 "neededUninstalledMods": [],
 "spawns": [
   {
     "id": "wailnaut-1",
     "pokemon": "wailnaut",
	 "presets": [ "water" ],
     "type": "pokemon",
     "context": "submerged",
     "bucket": "uncommon",
     "level": "15-32",
     "weight": 4.5,
     "condition": {
       "canSeeSky": true,
       "biomes": [
	   "#cobblemon:is_ocean"
	   ]
     }
   },
   {
     "id": "wailnaut-2",
     "pokemon": "wailnaut",
	 "presets": [ "water" ],
     "type": "pokemon",
     "context": "surface",
     "bucket": "uncommon",
     "level": "15-32",
     "weight": 1.3,
     "condition": {
       "minSkyLight": 8,
	   "maxSkyLight": 15,
       "biomes": [ 
	   "#cobblemon:is_ocean"
	   ]
     }
   }
 ]
}