{
	"format_version": "1.8.0",
	"animations": {
		"animation.colonant_bivouac.ground_walk": {
			"loop": true,
			"animation_length": 8,
			"bones": {
				"f_l_leg": {
					"rotation": {
						"0.0": {
							"post": [0, 30, 0],
							"lerp_mode": "catmullrom"
						},
						"0.5833": {
							"post": [0, 0, 0],
							"lerp_mode": "catmullrom"
						},
						"1.0": {
							"post": [0, 15, -10],
							"lerp_mode": "catmullrom"
						},
						"1.4167": {
							"post": [-2.86, 30, -10.75],
							"lerp_mode": "catmullrom"
						},
						"2.0": {
							"post": [0, 30, 0],
							"lerp_mode": "catmullrom"
						},
						"2.5833": {
							"post": [0, 0, 0],
							"lerp_mode": "catmullrom"
						},
						"3.0": {
							"post": [0, 15, -10],
							"lerp_mode": "catmullrom"
						},
						"3.4167": {
							"post": [-2.86, 30, -10.75],
							"lerp_mode": "catmullrom"
						},
						"4.0": {
							"post": [0, 30, 0],
							"lerp_mode": "catmullrom"
						},
						"4.5417": {
							"post": [0, 0, 0],
							"lerp_mode": "catmullrom"
						},
						"5.0": {
							"post": [0, 15, -10],
							"lerp_mode": "catmullrom"
						},
						"5.4167": {
							"post": [-2.86, 30, -10.75],
							"lerp_mode": "catmullrom"
						},
						"6.0": {
							"post": [0, 30, 0],
							"lerp_mode": "catmullrom"
						},
						"6.5417": {
							"post": [0, 0, 0],
							"lerp_mode": "catmullrom"
						},
						"7.0": {
							"post": [0, 15, -10],
							"lerp_mode": "catmullrom"
						},
						"7.4167": {
							"post": [-2.86, 30, -10.75],
							"lerp_mode": "catmullrom"
						},
						"8.0": {
							"post": [0, 30, 0],
							"lerp_mode": "catmullrom"
						}
					}
				},
				"f_r_leg": {
					"rotation": {
						"0.0": {
							"post": [0, 0, 0],
							"lerp_mode": "catmullrom"
						},
						"0.2917": {
							"post": [0, -15, 10],
							"lerp_mode": "catmullrom"
						},
						"0.5833": {
							"post": [2.86, -30, 10.75],
							"lerp_mode": "catmullrom"
						},
						"1.125": {
							"post": [0, -30, 0],
							"lerp_mode": "catmullrom"
						},
						"2.0": {
							"post": [0, 0, 0],
							"lerp_mode": "catmullrom"
						},
						"2.2917": {
							"post": [0, -15, 10],
							"lerp_mode": "catmullrom"
						},
						"2.5833": {
							"post": [2.86, -30, 10.75],
							"lerp_mode": "catmullrom"
						},
						"3.125": {
							"post": [0, -30, 0],
							"lerp_mode": "catmullrom"
						},
						"4.0": {
							"post": [0, 0, 0],
							"lerp_mode": "catmullrom"
						},
						"4.2917": {
							"post": [0, -15, 10],
							"lerp_mode": "catmullrom"
						},
						"4.5417": {
							"post": [2.86, -30, 10.75],
							"lerp_mode": "catmullrom"
						},
						"5.125": {
							"post": [0, -30, 0],
							"lerp_mode": "catmullrom"
						},
						"6.0": {
							"post": [0, 0, 0],
							"lerp_mode": "catmullrom"
						},
						"6.25": {
							"post": [0, -15, 10],
							"lerp_mode": "catmullrom"
						},
						"6.5417": {
							"post": [2.86, -30, 10.75],
							"lerp_mode": "catmullrom"
						},
						"7.125": {
							"post": [0, -30, 0],
							"lerp_mode": "catmullrom"
						},
						"8.0": {
							"post": [0, 0, 0],
							"lerp_mode": "catmullrom"
						}
					}
				},
				"b_l_leg": {
					"rotation": {
						"0.0": {
							"post": [0, 15, 0],
							"lerp_mode": "catmullrom"
						},
						"0.5833": {
							"post": [0, 0, 0],
							"lerp_mode": "catmullrom"
						},
						"1.0": {
							"post": [0, 15, -10],
							"lerp_mode": "catmullrom"
						},
						"1.4167": {
							"post": [-2.86, 30, -10.75],
							"lerp_mode": "catmullrom"
						},
						"2.0": {
							"post": [0, 30, 0],
							"lerp_mode": "catmullrom"
						},
						"2.5833": {
							"post": [0, 0, 0],
							"lerp_mode": "catmullrom"
						},
						"3.0": {
							"post": [0, 15, -10],
							"lerp_mode": "catmullrom"
						},
						"3.4167": {
							"post": [-2.86, 30, -10.75],
							"lerp_mode": "catmullrom"
						},
						"4.0": {
							"post": [0, 30, 0],
							"lerp_mode": "catmullrom"
						},
						"4.5417": {
							"post": [0, 0, 0],
							"lerp_mode": "catmullrom"
						},
						"5.0": {
							"post": [0, 15, -10],
							"lerp_mode": "catmullrom"
						},
						"5.4167": {
							"post": [-2.86, 30, -10.75],
							"lerp_mode": "catmullrom"
						},
						"6.0": {
							"post": [0, 30, 0],
							"lerp_mode": "catmullrom"
						},
						"6.5417": {
							"post": [0, 0, 0],
							"lerp_mode": "catmullrom"
						},
						"7.0": {
							"post": [0, 15, -10],
							"lerp_mode": "catmullrom"
						},
						"7.4167": {
							"post": [-2.86, 30, -10.75],
							"lerp_mode": "catmullrom"
						},
						"8.0": {
							"post": [0, 15, 0],
							"lerp_mode": "catmullrom"
						}
					}
				},
				"b_r_leg": {
					"rotation": {
						"0.0": {
							"post": [0, 27.5, 0],
							"lerp_mode": "catmullrom"
						},
						"0.2917": {
							"post": [0, "-15 + 27.5", 10],
							"lerp_mode": "catmullrom"
						},
						"0.5833": {
							"post": [2.86, "-30 + 27.5", 10.75],
							"lerp_mode": "catmullrom"
						},
						"1.125": {
							"post": [0, "-30 + 27.5", 0],
							"lerp_mode": "catmullrom"
						},
						"2.0": {
							"post": [0, "+ 27.5", 0],
							"lerp_mode": "catmullrom"
						},
						"2.2917": {
							"post": [0, "-15 + 27.5", 10],
							"lerp_mode": "catmullrom"
						},
						"2.5833": {
							"post": [2.86, "-30+ 27.5", 10.75],
							"lerp_mode": "catmullrom"
						},
						"3.125": {
							"post": [0, "-30+ 27.5", 0],
							"lerp_mode": "catmullrom"
						},
						"4.0": {
							"post": [0, 27.5, 0],
							"lerp_mode": "catmullrom"
						},
						"4.2917": {
							"post": [0, "-15+ 27.5", 10],
							"lerp_mode": "catmullrom"
						},
						"4.5417": {
							"post": [2.86, "-30+ 27.5", 10.75],
							"lerp_mode": "catmullrom"
						},
						"5.125": {
							"post": [0, "-30+ 27.5", 0],
							"lerp_mode": "catmullrom"
						},
						"6.0": {
							"post": [0, 27.5, 0],
							"lerp_mode": "catmullrom"
						},
						"6.2917": {
							"post": [0, "-15+ 27.5", 10],
							"lerp_mode": "catmullrom"
						},
						"6.5417": {
							"post": [2.86, "-30+ 27.5", 10.75],
							"lerp_mode": "catmullrom"
						},
						"7.125": {
							"post": [0, "-30+ 27.5", 0],
							"lerp_mode": "catmullrom"
						},
						"8.0": {
							"post": [0, 27.5, 0],
							"lerp_mode": "catmullrom"
						}
					}
				},
				"body": {
					"position": [0, "math.sin(query.anim_time * 45)*2", 0]
				},
				"head": {
					"rotation": ["math.sin(query.anim_time * 90) * 2", 0, 0]
				},
				"jaws": {
					"rotation": [5, 0, 0],
					"position": [0, 0.78316, -5.94867]
				},
				"l_jaw": {
					"rotation": [0, 0, 0]
				},
				"butt": {
					"rotation": [0, "math.sin(query.anim_time * 90) * 4", "math.sin(query.anim_time * 90) * 4"]
				},
				"bone": {
					"rotation": [0, 0, "math.sin(query.anim_time * 45)*2"]
				},
				"bone4": {
					"rotation": [0, 0, "math.sin(query.anim_time * 45)*2"]
				},
				"bone2": {
					"rotation": [0, 0, "math.sin(query.anim_time * -45)*2"]
				},
				"bone3": {
					"rotation": [0, 0, "math.sin(query.anim_time * -45)*2"]
				},
				"f_l_upper_leg": {
					"rotation": {
						"0.0": {
							"post": [0, 0, 0],
							"lerp_mode": "catmullrom"
						},
						"0.5": {
							"post": [0, 0, 0],
							"lerp_mode": "catmullrom"
						},
						"0.875": {
							"post": [0, 0, 7.5],
							"lerp_mode": "catmullrom"
						},
						"1.25": {
							"post": [0, 0, 3.75],
							"lerp_mode": "catmullrom"
						},
						"1.75": {
							"post": [0, 0, 0],
							"lerp_mode": "catmullrom"
						}
					}
				}
			}
		},
		"animation.colonant_bivouac.pose": {
			"loop": true
		}
	}
}