{
	"format_version": "1.8.0",
	"animations": {
		"animation.colonant.ground_idle": {
			"loop": true,
			"animation_length": 8,
			"bones": {
				"bone": {
					"rotation": [0, "math.sin(query.anim_time * 360) * 2", 0]
				},
				"bone2": {
					"rotation": [0, "math.sin(query.anim_time * -360) * 2", 0]
				},
				"bone12": {
					"rotation": [0, "math.sin(query.anim_time * -180) * 2", 0]
				},
				"bone13": {
					"rotation": [0, "math.sin(query.anim_time * 180) * 2", 0]
				},
				"b_l_leg": {
					"rotation": [0, -30, 0]
				},
				"bone3": {
					"rotation": [0, 0, "math.sin(query.anim_time * 90) * 5"]
				},
				"bone7": {
					"position": [0, "math.sin(query.anim_time * 90)/7", 0]
				},
				"b_r_leg": {
					"rotation": [0, 30, 0]
				},
				"bone10": {
					"rotation": [0, 0, "math.sin(query.anim_time * -90) * 5"]
				},
				"f_l_leg": {
					"rotation": [0, 30, 0]
				},
				"bone17": {
					"rotation": [0, 0, "math.sin(query.anim_time * 90) * 5"]
				},
				"f_r_leg": {
					"rotation": [0, -30, 0]
				},
				"bone20": {
					"rotation": [0, 0, "math.sin(query.anim_time * -90) * 5"]
				},
				"bone6": {
					"rotation": [0, "Math.sin(query.anim_time * 180) * 7", 0]
				}
			}
		},
		"animation.colonant.pose": {
			"loop": true,
			"animation_length": 4,
			"bones": {
				"b_l_leg": {
					"rotation": [0, -30, 0]
				},
				"bone": {
					"rotation": [0, "math.sin(query.anim_time * 360) * 2", 0]
				},
				"bone2": {
					"rotation": [0, "math.sin(query.anim_time * -360) * 2", 0]
				},
				"bone12": {
					"rotation": [0, "math.sin(query.anim_time * -180) * 2", 0]
				},
				"bone13": {
					"rotation": [0, "math.sin(query.anim_time * 180) * 2", 0]
				},
				"b_r_leg": {
					"rotation": [0, 30, 0]
				},
				"f_l_leg": {
					"rotation": [0, 30, 0]
				},
				"f_r_leg": {
					"rotation": [0, -30, 0]
				}
			}
		},
		"animation.colonant.ground_walk": {
			"loop": true,
			"animation_length": 1,
			"bones": {
				"b_l_leg": {
					"rotation": {
						"0.0": [0, 30, 0],
						"0.25": [0, -27.5, 0],
						"0.5": [0, 30, 0],
						"0.75": [0, -27.5, 0],
						"1.0": [0, 30, 0]
					}
				},
				"bone": {
					"rotation": [0, "math.sin(query.anim_time * 360) * 2", 0]
				},
				"bone2": {
					"rotation": [0, "math.sin(query.anim_time * -360) * 2", 0]
				},
				"bone12": {
					"rotation": [0, "math.sin(query.anim_time * -180) * 2", 0]
				},
				"bone13": {
					"rotation": [0, "math.sin(query.anim_time * 180) * 2", 0]
				},
				"b_r_leg": {
					"rotation": {
						"0.0": [0, 30, 0],
						"0.25": [0, -27.5, 0],
						"0.5": [0, 30, 0],
						"0.75": [0, -27.5, 0],
						"1.0": [0, 30, 0]
					}
				},
				"f_l_leg": {
					"rotation": {
						"0.0": [0, 30, 0],
						"0.25": [0, -30, 0],
						"0.5": [0, 30, 0],
						"0.75": [0, -30, 0],
						"1.0": [0, 30, 0]
					}
				},
				"f_r_leg": {
					"rotation": {
						"0.0": [0, 30, 0],
						"0.25": [0, -27.5, 0],
						"0.5": [0, 30, 0],
						"0.75": [0, -27.5, 0],
						"1.0": [0, 30, 0]
					}
				},
				"bone7": {
					"position": [0, "math.sin(query.anim_time * 180)/7", 0]
				}
			}
		},
		"animation.colonant.battlepose": {
			"loop": true,
			"animation_length": 8,
			"bones": {
				"b_l_leg": {
					"rotation": [0, -30, 0]
				},
				"bone": {
					"rotation": {
						"0.0": [0, -47.5, 0],
						"3.4583": [0, -47.5, 0],
						"3.5417": [0, 5, 0],
						"3.9167": [0, 5, 0],
						"5.4167": {
							"pre": [0, -47.5, 0],
							"post": [0, -47.5, 0],
							"lerp_mode": "catmullrom"
						},
						"5.8333": [0, -47.5, 0],
						"5.9167": [0, 5, 0],
						"6.2917": [0, 5, 0],
						"7.0833": {
							"pre": [0, -47.5, 0],
							"post": [0, -47.5, 0],
							"lerp_mode": "catmullrom"
						}
					}
				},
				"bone2": {
					"rotation": {
						"0.0": [0, 50, 0],
						"3.4583": [0, 47.5, 0],
						"3.5417": [0, -10, 0],
						"3.9167": [0, -10, 0],
						"5.4167": {
							"pre": [0, 47.5, 0],
							"post": [0, 47.5, 0],
							"lerp_mode": "catmullrom"
						},
						"5.8333": [0, 47.5, 0],
						"5.9167": [0, -10, 0],
						"6.2917": [0, -10, 0],
						"7.0833": {
							"pre": [0, 47.5, 0],
							"post": [0, 47.5, 0],
							"lerp_mode": "catmullrom"
						}
					}
				},
				"bone13": {
					"rotation": [0, "math.sin(query.anim_time * 180) * 2", 0]
				},
				"neck": {
					"rotation": [17.5, 0, 0]
				},
				"head": {
					"rotation": [-32.5, 0, 0]
				},
				"bone5": {
					"position": [0, 0, 0]
				},
				"bone3": {
					"rotation": [0, 0, 12.5]
				},
				"bone9": {
					"rotation": [17.5, 0, 0]
				},
				"bone6": {
					"rotation": [17.5, "Math.sin(query.anim_time * 900) * 5", 0]
				},
				"bone7": {
					"rotation": [15, 0, 0],
					"position": [0, "math.sin(query.anim_time * 90)/7", 0]
				},
				"b_r_leg": {
					"rotation": [0, 30, 0]
				},
				"bone10": {
					"rotation": [0, 0, -12.5]
				},
				"f_l_leg": {
					"rotation": [0, 30, 0]
				},
				"bone17": {
					"rotation": [0, 0, -10]
				},
				"f_r_leg": {
					"rotation": [0, -30, 0]
				},
				"bone20": {
					"rotation": [0, 0, 10]
				},
				"bone12": {
					"rotation": [0, "math.sin(query.anim_time * -180) * 2", 0]
				}
			}
		},
		"animation.colonant.battle_idle": {
			"loop": true,
			"animation_length": 8,
			"bones": {
				"b_l_leg": {
					"rotation": [0, -30, 0]
				},
				"bone": {
					"rotation": {
						"0.0": [0, -47.5, 0],
						"3.4583": [0, -47.5, 0],
						"3.5417": [0, 5, 0],
						"3.9167": [0, 5, 0],
						"5.4167": {
							"pre": [0, -47.5, 0],
							"post": [0, -47.5, 0],
							"lerp_mode": "catmullrom"
						},
						"5.8333": [0, -47.5, 0],
						"5.9167": [0, 5, 0],
						"6.2917": [0, 5, 0],
						"7.0833": {
							"pre": [0, -47.5, 0],
							"post": [0, -47.5, 0],
							"lerp_mode": "catmullrom"
						}
					}
				},
				"bone2": {
					"rotation": {
						"0.0": [0, 50, 0],
						"3.4583": [0, 47.5, 0],
						"3.5417": [0, -10, 0],
						"3.9167": [0, -10, 0],
						"5.4167": {
							"pre": [0, 47.5, 0],
							"post": [0, 47.5, 0],
							"lerp_mode": "catmullrom"
						},
						"5.8333": [0, 47.5, 0],
						"5.9167": [0, -10, 0],
						"6.2917": [0, -10, 0],
						"7.0833": {
							"pre": [0, 47.5, 0],
							"post": [0, 47.5, 0],
							"lerp_mode": "catmullrom"
						}
					}
				},
				"bone13": {
					"rotation": [0, "math.sin(query.anim_time * 180) * 2", 0]
				},
				"neck": {
					"rotation": [17.5, 0, 0]
				},
				"head": {
					"rotation": [-32.5, 0, 0]
				},
				"bone5": {
					"position": [0, 0, 0]
				},
				"bone3": {
					"rotation": [0, 0, 12.5]
				},
				"bone9": {
					"rotation": [17.5, 0, 0]
				},
				"bone6": {
					"rotation": [17.5, "Math.sin(query.anim_time * 900) * 5", 0]
				},
				"bone7": {
					"rotation": [15, 0, 0],
					"position": [0, "math.sin(query.anim_time * 90)/7", 0]
				},
				"b_r_leg": {
					"rotation": [0, 30, 0]
				},
				"bone10": {
					"rotation": [0, 0, -12.5]
				},
				"f_l_leg": {
					"rotation": [0, 30, 0]
				},
				"bone17": {
					"rotation": [0, 0, -10]
				},
				"f_r_leg": {
					"rotation": [0, -30, 0]
				},
				"bone20": {
					"rotation": [0, 0, 10]
				},
				"bone12": {
					"rotation": [0, "math.sin(query.anim_time * -180) * 2", 0]
				}
			}
		}
	}
}