{
   "pokemon.greatestbull.cry": {
       "sounds": ["cobblemon:pokemon/greatestbull/greatestbull_cry"]
   },
   "pokemon.highyena.cry": {
       "sounds": ["cobblemon:pokemon/highyena/highyena_cry"]
   },
   "pokemon.sunglarer.step": {
       "sounds": ["cobblemon:pokemon/sunglarer/pot_step"]
   },
   "pokemon.sunglarer.step_back": {
       "sounds": ["cobblemon:pokemon/sunglarer/pot_step_back"]
   },
   "pokemon.sunglarer.cry": {
       "sounds": ["cobblemon:pokemon/sunglarer/sunglarer_cry"]
   },
   "pokemon.salangster.cry": {
       "sounds": ["cobblemon:pokemon/salangster/salangster_cry"]
   }
}