{
  "implemented": true,
  "name": "ampharos_vanguard",
  "nationalPokedexNumber": 924,
  "labels": [ "custom" ],
  "pokedex": [
    "cobblemon.species.ampharos_vanguard.desc1",
    "cobblemon.species.ampharos_vanguard.desc2"
  ],
  "height": 14,
  "weight": 615,
  "forms": [ ],
  
  "primaryType": "Electric",
  "secondaryType": "Steel",
  "baseStats": {
    "hp": 90,
    "attack": 120,
    "defence": 90,
    "speed": 50,
    "special_attack": 75,
    "special_defence": 90
  },
  "catchRate": 20,
  "maleRatio": 0.5,
  "baseExperienceYield": 128,
  "experienceGroup": "fluctuating",
  "eggCycles": 25,
  "eggGroups": [
    "field",
    "monster"
  ],
  "baseFriendship": 70,
  "evYield": {
    "attack": 2
  },

  "moves": [
    //Lvl up moves
    "1:bulletpunch",
    "1:thunderpunch",
    "1:firepunch",
    "1:icepunch",
    "1:tackle",
    "1:growl",
    "4:thunderwave",
    "8:thundershock",
    "11:irondefense",
    "15:magnetbomb",
    "18:takedown",
    "20:spark",
    "25:gyroball",
    "28:confuseray",
    "35:powergem",
    "40:ironhead",
    "46:cottonguard",
    "51:curse",
    "57:lightscreen",
    "62:doubleshock",
    "65:steelbeam",
     //Tutor moves

    "100:afteryou",
    "100:attract",
    "100:brickbreak",
    "100:brutalswing",
    "100:bulldoze",
    "100:chargebeam",
    "100:confide",
    "100:doubleteam",
    "100:dragonpulse",
    "100:echoedvoice",
    "100:electroweb",
    "100:endure",
    "100:facade",
    "100:fling",
    "100:focusblast",
    "100:focuspunch",
    "100:frustration",
    "100:gigaimpact",
    "100:healbell",
    "100:hiddenpower",
    "100:irontail",
    "100:laserfocus",
    "100:magnetrise",
    "100:outrage",
    "100:poweruppunch",
    "100:protect",
    "100:raindance",
    "100:rest",
    "100:return",
    "100:round",
    "100:rocksmash",
    "100:safeguard",
    "100:shockwave",
    "100:signalbeam",
    "100:sleeptalk",
    "100:snore",
    "100:strength",
    "100:substitute",
    "100:swagger",
    "100:swift",
    "100:thunder",
    "100:thunderbolt",
    "100:thunderwave",
    "100:toxic",
    "100:voltswitch",
    "100:wildcharge",

    //egg moves
    "100:takedown",
    "100:bodyslam",
    "100:screech",
    "100:odorsleuth",
    "100:charge",
    "100:flatter",
    "100:mudslap",
    "100:irontail",
    "100:afteryou",
    "100:agility",
    "100:eerieimpulse",
    "100:electricterrain"


  ],
  "abilities": [
    "static",
    "furcoat",
    "h:ironfist"
  ],

  "preEvolution": "flaaffy_vanguard",
  "evolutions": [ ],

  "baseScale": 1,
  "hitbox": {
    "width": 0.9,
    "height": 1.4,
    "fixed": false
  },  
  "drops": {
  "amount": "3",
    "entries": [
      {
        "item": "cobblemon:exp_candy_m",
        "quantityRange": "1-2",
        "percentage": 34
      },
      {
        "item": "minecraft:black_wool",
        "quantityRange": "1-2",
        "percentage": 33
      },
      {
        "item": "minecraft:white_wool",
        "quantityRange": "1-2",
        "percentage": 33
      }
    ]
  },
  "behaviour": {
    "moving": {
      "canLook": true,
      "fly": {
        "canFly": false
      },          
      "swim": {
        "swimSpeed": 0.2,
        "canSwimInWater": true,
        "canBreatheUnderwater": false
      }
    }
  }
}