{
  "implemented": true,
  "name": "diglett_vanguard",
  "nationalPokedexNumber": 50,
  "labels": [ "custom" ],
  "pokedex": [
    "cobblemon.species.diglett_vanguard.desc1",
    "cobblemon.species.diglett_vanguard.desc2"
  ],
  "height": 2,
  "weight": 8,
  "forms": [ ],
  
  "primaryType": "ice",
  "baseStats": {
    "hp": 95,
    "attack": 55,
    "defence": 35,
    "speed": 60,
    "special_attack": 10,
    "special_defence": 45
  },
  "catchRate": 40,
  "maleRatio": 0.5,
  "baseExperienceYield": 60,
  "experienceGroup": "fluctuating",
  "eggCycles": 25,
  "eggGroups": [
    "field"
  ],
  "baseFriendship": 70,
  "evYield": {
    "hp": 1
  },

  "moves": [
    // lvl up moves
    "1:iceshard",
    "1:scratch",
    "4:fakeout",
    "8:astonish",
    "12:bulldoze",
    "16:frostwalker",
    "20:suckerpunch",
    "24:iciclecrash",
    "28:hail",
    "32:auroraveil",
    "36:tripleaxel",
    "40:earthquake",
    "44:fissure",
    // tutor moves
    "100:aerialace",
    "100:agility",
    "100:allyswitch",
    "100:assurance",
    "100:attract",
    "100:beatup",
    "100:bodyslam",
    "100:bulldoze",
    "100:confide",
    "100:cut",
    "100:dig",
    "100:doubleteam",
    "100:earthpower",
    "100:earthquake",
    "100:echoedvoice",
    "100:endure",
    "100:facade",
    "100:frustration",
    "100:hiddenpower",
    "100:protect",
    "100:rest",
    "100:return",
    "100:reversal",
    "100:rockslide",
    "100:rocksmash",
    "100:rocktomb",
    "100:round",
    "100:sandstorm",
    "100:scorchingsands",
    "100:screech",
    "100:shadowclaw",
    "100:sleeptalk",
    "100:sludgebomb",
    "100:snore",
    "100:stealthrock",
    "100:stompingtantrum",
    "100:substitute",
    "100:sunnyday",
    "100:swagger",
    "100:thief",
    "100:toxic",
    "100:uproar",
    "100:workup",
    //egg
    "100:ancientpower",
    "100:headbutt",
    "100:finalgambit",
    "100:memento",
    "100:honeclaws"

  ],
  "abilities": [
    "snowcloak",
    "arenatrap",
    "h:technician"
  ],

  "evolutions": [
    {
      "id": "diglett_dugtrio_lvlup",
      "variant": "level_up",
      "result": "dugtrio_vanguard",
      "consumeHeldItem": false,
      "learnableMoves": [],
      "requirements": [
        {
          "variant": "level",
          "minLevel": 26
        } 
      ]
    }
  ],

  "baseScale": 1.4,
  "hitbox": {
    "width": 0.9,
    "height": 1.4,
    "fixed": false
  },  
  "drops": {
  "amount": "2",
    "entries": [
      {
        "item": "cobblemon:soft_sand",
        "quantityRange": "1-2",
        "percentage": 33
      }
    ]
  },
  "behaviour": {
    "moving": {
      "canLook": false,
      "fly": {
        "canFly": false
      },          
      "swim": {
        "swimSpeed": 0.2,
        "canSwimInWater": false,
        "canBreatheUnderwater": false
      }
    }
  }
}