{
  "implemented": true,
  "name": "golem_vanguard",
  "nationalPokedexNumber": 915,
  "labels": [ "custom" ],
  "pokedex": [
    "cobblemon.species.golem_vanguard.desc1",
    "cobblemon.species.golem_vanguard.desc2"
  ],
  "height": 10,
  "weight": 1100,
  "forms": [ ],
  
  "primaryType": "rock",
  "secondaryType": "ghost",
  "baseStats": {
    "hp": 65,
    "attack": 95,
    "defence": 110,
    "speed": 35,
    "special_attack": 95,
    "special_defence": 110
  },
  "catchRate": 65,
  "maleRatio": 0.5,
  "baseExperienceYield": 223,
  "experienceGroup": "fluctuating",
  "eggCycles": 25,
  "eggGroups": [
    "mineral",
    "monster"
  ],
  "baseFriendship": 70,
  "evYield": {
    "defence": 3
  },

  "moves": [
    //lvl up moves
    "1:mudslap",
    "1:defensecurl",
    "4:shadowsneak",
    "6:rockpolish",
    "10:rollout",
    "12:pursuit",
    "16:rockthrow",
    "18:bulldoze",
    "22:shadowpunch",
    "24:suckerpunch",
    "28:rockblast",
    "34:earthquake",
    "36:explosion",
    "40:poltergeist",
    "42:stoneedge",
    //tutor moves
    "100:attract",
    "100:block",
    "100:bodyslam",
    "100:brickbreak",
    "100:bulldoze",
    "100:confide",
    "100:dig",
    "100:doubleteam",
    "100:earthpower",
    "100:earthquake",
    "100:endure",
    "100:explosion",
    "100:facade",
    "100:fireblast",
    "100:firepunch",
    "100:flamethrower",
    "100:fling",
    "100:focuspunch",
    "100:frustration",
    "100:gyroball",
    "100:hiddenpower",
    "100:irondefense",
    "100:megapunch",
    "100:metronome",
    "100:naturepower",
    "100:poweruppunch",
    "100:protect",
    "100:rest",
    "100:return",
    "100:rockpolish",
    "100:rockslide",
    "100:rocksmash",
    "100:rocktomb",
    "100:round",
    "100:sandstorm",
    "100:selfdestruct",
    "100:sleeptalk",
    "100:smackdown",
    "100:snore",
    "100:stealthrock",
    "100:stoneedge",
    "100:strength",
    "100:substitute",
    "100:sunnyday",
    "100:superpower",
    "100:swagger",
    "100:thunderpunch",
    "100:toxic",
    "100:megapunch",
    "100:block",
    "100:hammerarm",
    "100:flail",
    "100:curse",
    "100:focuspunch",
    "100:rockclimb",
    "100:endure",
    "100:autotomize",
    "100:wideguard"
  ],
  "abilities": [
    "mirrorarmor",
    "shadowshield",
    "h:dryskin"
  ],

  "preEvolution": "graveler_vanguard",
  "evolutions": [],

  
  "baseScale": 1,
  "hitbox": {
    "width": 0.9,
    "height": 1.4,
    "fixed": false
  },  
  "drops": {
  "amount": "2",
    "entries": [
      {
        "item": "cobblemon:everstone",
        "quantityRange": "1-2",
        "percentage": 70
      }
    ]
  },
  "behaviour": {
    "moving": {
      "canLook": false,
      "fly": {
        "canFly": false
      },          
      "swim": {
        "swimSpeed": 0.2,
        "canSwimInWater": false,
        "canBreatheUnderwater": false
      }
    }
  }
}