{
  "implemented": true,
  "name": "ivysaur_vanguard",
  "nationalPokedexNumber": 2,
  "labels": [ "custom" ],
  "pokedex": [
    "cobblemon.species.ivysaur_vanguard.desc1",
    "cobblemon.species.ivysaur_vanguard.desc2"
  ],
  "height": 10,
  "weight": 130,
  "forms": [ ],
  
  "primaryType": "Ground",
  "secondaryType": "Dark",
  "baseStats": {
    "hp": 95,
    "attack": 67,
    "defence": 83,
    "speed": 35,
    "special_attack": 65,
    "special_defence": 80
  },
  "catchRate": 30,
  "maleRatio": 0.5,
  "baseExperienceYield": 60,
  "experienceGroup": "fluctuating",
  "eggCycles": 25,
  "eggGroups": [
    "grass",
    "monster"
  ],
  "baseFriendship": 70,
  "evYield": {
    "hp": 1,
    "defence": 2
  },

  "moves": [
    //Lvl up moves
    "1:curse",
    "1:pursuit",
    "1:growl",
    "3:mudslap",
    "8:fakeout",
    "12:bulldoze",
    "16:brutalswing",
    "21:painsplit",
    "25:stompingtantrum",
    "30:suckerpunch",
    "35:taunt",
    "38:rockpolish",
    "42:knockoff",
    "49:shoreup",
    "56:earthquake",

    //Tutor moves
    "100:amnesia",
    "100:attract",
    "100:bind",
    "100:block",
    "100:bodyslam",
    "100:charm",
    "100:confide",
    "100:cut",
    "100:doubleteam",
    "100:earthpower",
    "100:earthquake",
    "100:echoedvoice",
    "100:endure",
    "100:facade",
    "100:falseswipe",
    "100:frenzyplant",
    "100:frustration",
    "100:gigadrain",
    "100:gigaimpact",
    "100:grassknot",
    "100:helpinghand",
    "100:hiddenpower",
    "100:hyperbeam",
    "100:knockoff",
    "100:lightscreen",
    "100:naturepower",
    "100:outrage",
    "100:protect",
    "100:reflect",
    "100:rest",
    "100:return",
    "100:roar",
    "100:rocksmash",
    "100:round",
    "100:safeguard",
    "100:sleeptalk",
    "100:poisonjab",
    "100:snore",
    "100:stompingtantrum",
    "100:strength",
    "100:substitute",
    "100:sunnyday",
    "100:swagger",
    "100:swordsdance",
    "100:terrainpulse",
    "100:toxic",
    "100:venoshock",
    "100:weatherball",
    "100:workup",
    "100:worryseed"
  ],
  "abilities": [
    "stamina",
    "weakarmor",
    "h:sandstream"
  ],
  
  "preEvolution": "bulbasaur_vanguard",
  "evolutions": [
    {
      "id": "ivysaur_venusaur_vanguard_lvlup",
      "variant": "level_up",
      "result": "venusaur_vanguard",
      "consumeHeldItem": false,
      "learnableMoves": [],
      "requirements": [
        {
          "variant": "level",
          "minLevel": 33
        } 
      ]
    }
  ],

  "baseScale": 1.3,
  "hitbox": {
    "width": 0.9,
    "height": 1.4,
    "fixed": false
  },  
  "drops": {
  "amount": "2",
    "entries": [
      {
        "item": "cobblemon:enigma_berry",
        "quantityRange": "1-2",
        "percentage": 33
      }
    ]
  },
  "behaviour": {
    "moving": {
      "canLook": true,
      "fly": {
        "canFly": false
      },          
      "swim": {
        "swimSpeed": 0.2,
        "canSwimInWater": false,
        "canBreatheUnderwater": false
      }
    }
  }
}