{
  "implemented": true,
  "name": "linoone_vanguard",
  "nationalPokedexNumber": 1,
  "labels": [ "custom" ],
  "pokedex": [
    "cobblemon.species.linoone_vanguard.desc1",
    "cobblemon.species.linoone_vanguard.desc2"
  ],
  "height": 5,
  "weight": 32,
  "forms": [ ],
  
  "primaryType": "normal",
  "secondaryType": "fairy",
  "baseStats": {
    "hp": 78,
    "attack": 110,
    "defence": 61,
    "speed": 100,
    "special_attack": 50,
    "special_defence": 61
  },
  "catchRate": 40,
  "maleRatio": 0.5,
  "baseExperienceYield": 56,
  "experienceGroup": "fluctuating",
  "eggCycles": 25,
  "eggGroups": [
    "field"
  ],
  "baseFriendship": 70,
  "evYield": {
    "attack": 2
  },

  "moves": [
    //Lvl up moves
    "1:slash",
    "1:tackle",
    "1:growl",
    "3:mudslap",
    "7:cometpunch",
    "10:quickattack",
    "12:pounce",
    "15:babydolleyes",
    "18:enigmaticdash",
    "23:bulletseed",
    "28:spiritbreak",
    "33:protect",
    "38:tailslap",
    "43:bellydrum",
    "48:playrough",
    "53:doubleedge",

    //Tutor moves
    "100:attract",
    "100:blizzard",
    "100:bodyslam",
    "100:chargebeam",
    "100:charm",
    "100:confide",
    "100:covet",
    "100:cut",
    "100:dig",
    "100:doubleteam",
    "100:echoedvoice",
    "100:endure",
    "100:facade",
    "100:fling",
    "100:frustration",
    "100:grassknot",
    "100:gunkshot",
    "100:helpinghand",
    "100:hiddenpower",
    "100:hypervoice",
    "100:icebeam",
    "100:icywind",
    "100:irontail",
    "100:lastresort",
    "100:mudshot",
    "100:pinmissile",
    "100:protect",
    "100:raindance",
    "100:rest",
    "100:retaliate",
    "100:return",
    "100:rocksmash",
    "100:round",
    "100:seedbomb",
    "100:shadowball",
    "100:shockwave",
    "100:sleeptalk",
    "100:snore",
    "100:substitute",
    "100:sunnyday",
    "100:superfang",
    "100:surf",
    "100:swagger",
    "100:swift",
    "100:tailslap",
    "100:thief",
    "100:thunder",
    "100:thunderbolt",
    "100:thunderwave",
    "100:toxic",
    "100:trick",
    "100:waterpulse",
    "100:whirlpool",
    "100:workup",

    //egg moves
    "100:tickle",
    "100:simplebeam",
    "100:extremespeed"
  ],
  "abilities": [
    "skilllink",
    "speedboost",
    "h:quickfeet"
  ],
  
  "preEvolution": "zigzagoon_vanguard",
  "evolutions": [
    {
      "id": "liloone_obstagoon_lvlup",
      "variant": "level_up",
      "result": "obstagoon_vanguard",
      "consumeHeldItem": false,
      "learnableMoves": [],
      "requirements": [
        {
          "variant": "level",
          "minLevel": 40
        } 
      ]
    }


   ],

  "baseScale": 1,
  "hitbox": {
    "width": 0.9,
    "height": 1.4,
    "fixed": false
  },  
  "drops": {
  "amount": "2",
    "entries": [
      {
        "item": "cobblemon:max_revive",
        "quantityRange": "1",
        "percentage": 5
      },
      {
        "item": "cobblemon:super_potion",
        "quantityRange": "1-2",
        "percentage": 95
      }
    ]
  },
  "behaviour": {
    "moving": {
      "canLook": true,
      "fly": {
        "canFly": false
      },          
      "swim": {
        "swimSpeed": 0.2,
        "canSwimInWater": true,
        "canBreatheUnderwater": false
      }
    }
  }
}