{
  "implemented": true,
  "name": "mareep_vanguard",
  "nationalPokedexNumber": 922,
  "labels": [ "custom" ],
  "pokedex": [
    "cobblemon.species.mareep_vanguard.desc1",
    "cobblemon.species.mareep_vanguard.desc2"
  ],
  "height": 6,
  "weight": 78,
  "forms": [ ],
  
  "primaryType": "Electric",
  "secondaryType": "Steel",
  "baseStats": {
    "hp": 55,
    "attack": 65,
    "defence": 60,
    "speed": 20,
    "special_attack": 45,
    "special_defence": 45
  },
  "catchRate": 50,
  "maleRatio": 0.5,
  "baseExperienceYield": 56,
  "experienceGroup": "fluctuating",
  "eggCycles": 25,
  "eggGroups": [
    "field",
    "monster"
  ],
  "baseFriendship": 70,
  "evYield": {
    "attack": 1
  },

  "moves": [
    //Lvl up moves
    "1:tackle",
    "1:growl",
    "4:thunderwave",
    "8:thundershock",
    "11:irondefense",
    "15:magnetbomb",
    "18:takedown",
    "22:gyroball",
    "25:confuseray",
    "29:powergem",
    "32:ironhead",
    "36:cottonguard",
    "39:curse",
    "43:lightscreen",
    "46:doubleshock",
     //Tutor moves
    "100:afteryou",
    "100:attract",
    "100:chargebeam",
    "100:confide",
    "100:doubleteam",
    "100:echoedvoice",
    "100:electroweb",
    "100:endure",
    "100:facade",
    "100:frustration",
    "100:healbell",
    "100:hiddenpower",
    "100:irontail",
    "100:lightscreen",
    "100:magnetrise",
    "100:protect",
    "100:raindance",
    "100:rest",
    "100:return",
    "100:round",
    "100:safeguard",
    "100:shockwave",
    "100:signalbeam",
    "100:sleeptalk",
    "100:snore",
    "100:substitute",
    "100:swagger",
    "100:swift",
    "100:thunder",
    "100:thunderbolt",
    "100:thunderwave",
    "100:toxic",
    "100:wildcharge",

    //egg moves
    "100:takedown",
    "100:bodyslam",
    "100:screech",
    "100:odorsleuth",
    "100:charge",
    "100:flatter",
    "100:mudslap",
    "100:irontail",
    "100:afteryou",
    "100:agility",
    "100:eerieimpulse",
    "100:electricterrain"


  ],
  "abilities": [
    "static",
    "furcoat",
    "h:defiant"
  ],

  "evolutions": [
    {
      "id": "Mareep_flaaffy_vanguard_lvlup",
      "variant": "level_up",
      "result": "flaaffy_vanguard",
      "consumeHeldItem": false,
      "learnableMoves": [],
      "requirements": [
        {
          "variant": "level",
          "minLevel": 16
        } 
      ]
    }
  ],

  "baseScale": 1,
  "hitbox": {
    "width": 0.9,
    "height": 1.4,
    "fixed": false
  },  
  "drops": {
  "amount": "1",
    "entries": [
      {
        "item": "minecraft:black_wool",
        "quantityRange": "1-2",
        "percentage": 33
      }
    ]
  },
  "behaviour": {
    "moving": {
      "canLook": true,
      "fly": {
        "canFly": false
      },          
      "swim": {
        "swimSpeed": 0.2,
        "canSwimInWater": true,
        "canBreatheUnderwater": false
      }
    }
  }
}