{
  "implemented": true,
  "name": "meganium_vanguard",
  "nationalPokedexNumber": 154,
  "labels": [ "custom" ],
  "pokedex": [
    "cobblemon.species.meganium_vanguard.desc1",
    "cobblemon.species.meganium_vanguard.desc2"
  ],
  "height": 18,
  "weight": 1005,
  "forms": [ ],
  
  "primaryType": "Grass",
  "secondaryType": "Fairy",
  "baseStats": {
    "hp": 90,
    "attack": 70,
    "defence": 115,
    "speed": 60,
    "special_attack": 120,
    "special_defence": 105
  },
  "catchRate": 20,
  "maleRatio": 0.5,
  "baseExperienceYield": 236,
  "experienceGroup": "fluctuating",
  "eggCycles": 25,
  "eggGroups": [
    "grass",
    "monster"
  ],
  "baseFriendship": 70,
  "evYield": {
    "defence": 1,
    "special_defence": 2
  },

  "moves": [
    //Lvl up moves
    "0:gigadrain",
    "0:leechseed",
    "1:tackle",
    "1:growl",
    "5:babydolleyes",
    "6:absorb",
    "9:fairywind",
    "12:swift",
    "15:megadrain",
    "18:reflect",
    "20:magicalleaf",
    "23:drainingkiss",
    "27:lightscreen",
    "32:sweetscent",
    "40:triattack",
    "46:moonblast",
    "54:leafstorm",
    "60:aromatherapy",
    "66:synthesis",
    "70:earthpower",
    
    //Tutor moves
    "100:attract",
    "100:bulldoze",
    "100:bulletseed",
    "100:confide",
    "100:cut",
    "100:doubleteam",
    "100:dragontail",
    "100:earthquake",
    "100:echoedvoice",
    "100:endure",
    "100:energyball",
    "100:facade",
    "100:frenzyplant",
    "100:frustration",
    "100:gigadrain",
    "100:gigaimpact",
    "100:grassknot",
    "100:grasspledge",
    "100:hiddenpower",
    "100:hyperbeam",
    "100:irontail",
    "100:laserfocus",
    "100:lightscreen",
    "100:magiccoat",
    "100:naturepower",
    "100:outrage",
    "100:protect",
    "100:reflect",
    "100:rest",
    "100:return",
    "100:rocksmash",
    "100:round",
    "100:safeguard",
    "100:seedbomb",
    "100:sleeptalk",
    "100:snore",
    "100:solarbeam",
    "100:stompingtantrum",
    "100:strength",
    "100:substitute",
    "100:sunnyday",
    "100:swagger",
    "100:swordsdance",
    "100:synthesis",
    "100:toxic",
    "100:workup",
    "100:worryseed",
    "100:dazzlinggleam",


    //egg moves
    "100:vinewhip",
    "100:leechseed",
    "100:counter",
    "100:ancientpower",
    "100:flail",
    "100:naturepower",
    "100:ingrain",
    "100:grasswhistle",
    "100:leafstorm",
    "100:aromatherapy",
    "100:wringout",
    "100:bodyslam",
    "100:refresh",
    "100:healpulse",
    "100:grassyterrain"
  ],
  "abilities": [
    "pixilate",
    "triage",
    "h:mistysurge"
  ],
  "preEvolution": "bayleef_vanguard",
  "evolutions": [ ],

  "baseScale": 1.4,
  "hitbox": {
    "width": 0.9,
    "height": 1.4,
    "fixed": false
  },  
  "drops": {
  "amount": "3",
    "entries": [
      {
        "item": "cobblemon:miracle_seed",
        "quantityRange": "1-3",
        "percentage": 80
      }
    ]
  },
  "behaviour": {
    "moving": {
      "canLook": true,
      "fly": {
        "canFly": false
      },          
      "swim": {
        "swimSpeed": 0.2,
        "canSwimInWater": true,
        "canBreatheUnderwater": false
      }
    }
  }
}