{
  "implemented": true,
  "name": "obstagoon_vanguard",
  "nationalPokedexNumber": 1,
  "labels": [ "custom" ],
  "pokedex": [
    "cobblemon.species.obstagoon_vanguard.desc1",
    "cobblemon.species.obstagoon_vanguard.desc2"
  ],
  "height": 5,
  "weight": 32,
  "forms": [ ],
  
  "primaryType": "normal",
  "secondaryType": "fairy",
  "baseStats": {
    "hp": 78,
    "attack": 115,
    "defence": 81,
    "speed": 100,
    "special_attack": 50,
    "special_defence": 91
  },
  "catchRate": 35,
  "maleRatio": 0.5,
  "baseExperienceYield": 70,
  "experienceGroup": "fluctuating",
  "eggCycles": 25,
  "eggGroups": [
    "field"
  ],
  "baseFriendship": 70,
  "evYield": {
    "defence": 3
  },

  "moves": [
    //Lvl up moves
    "1:slash",
    "1:tackle",
    "1:growl",
    "3:mudslap",
    "7:cometpunch",
    "10:quickattack",
    "12:pounce",
    "15:babydolleyes",
    "18:enigmaticdash",
    "23:bulletseed",
    "28:spiritbreak",
    "33:protect",
    "38:tailslap",
    "43:bellydrum",
    "48:playrough",
    "53:doubleedge",

    //Tutor moves
    "100:assurance",
    "100:attract",
    "100:blizzard",
    "100:bodypress",
    "100:bodyslam",
    "100:brickbreak",
    "100:bulkup",
    "100:closecombat",
    "100:crosspoison",
    "100:dig",
    "100:endure",
    "100:facade",
    "100:faketears",
    "100:firepunch",
    "100:fling",
    "100:focusenergy",
    "100:gigaimpact",
    "100:grassknot",
    "100:gunkshot",
    "100:helpinghand",
    "100:hyperbeam",
    "100:hypervoice",
    "100:icebeam",
    "100:icepunch",
    "100:icywind",
    "100:irondefense",
    "100:irontail",
    "100:lashout",
    "100:lowkick",
    "100:megakick",
    "100:megapunch",
    "100:mudshot",
    "100:payback",
    "100:pinmissile",
    "100:protect",
    "100:raindance",
    "100:rest",
    "100:retaliate",
    "100:revenge",
    "100:reversal",
    "100:round",
    "100:scaryface",
    "100:screech",
    "100:seedbomb",
    "100:shadowball",
    "100:shadowclaw",
    "100:sleeptalk",
    "100:snarl",
    "100:snore",
    "100:stompingtantrum",
    "100:substitute",
    "100:sunnyday",
    "100:surf",
    "100:swift",
    "100:taunt",
    "100:thief",
    "100:throatchop",
    "100:thunder",
    "100:thunderbolt",
    "100:thunderpunch",
    "100:thunderwave",
    "100:trick",
    "100:whirlpool",
    "100:workup",
    "100:xscissor",
    
    //egg moves
    "100:tickle",
    "100:simplebeam",
    "100:extremespeed"
  ],
  "abilities": [
    "skilllink",
    "speedboost",
    "h:quickfeet"
  ],
  
  "preEvolution": "linoone_vanguard",
  "evolutions": [ ],

  "baseScale": 1,
  "hitbox": {
    "width": 0.9,
    "height": 1.4,
    "fixed": false
  },  
  "drops": {
  "amount": "2",
    "entries": [
      {
        "item": "cobblemon:max_revive",
        "quantityRange": "1",
        "percentage": 30
      },
      {
        "item": "cobblemon:super_potion",
        "quantityRange": "1-2",
        "percentage": 70
      }
    ]
  },
  "behaviour": {
    "moving": {
      "canLook": true,
      "fly": {
        "canFly": false
      },          
      "swim": {
        "swimSpeed": 0.2,
        "canSwimInWater": true,
        "canBreatheUnderwater": false
      }
    }
  }
}