{
	"format_version": "1.8.0",
	"animations": {
		"animation.noctowl.ground_idle": {
			"loop": true,
			"bones": {
				"waist": {
					"rotation": [15, 0, 0]
				},
				"tail": {
					"rotation": [-22.5, 0, 0]
				},
				"torso": {
					"rotation": [-13.17581, -0.77164, -1.53785]
				},
				"neck": {
					"rotation": [-10, 0, 0]
				},
				"head": {
					"rotation": [10, 0, 0]
				},
				"wing_right": {
					"rotation": [78.36626, 12.53918, -86.31473]
				},
				"wing2_right": {
					"rotation": [0, 0, 0]
				},
				"wing3_right": {
					"rotation": [0, 0, -45]
				},
				"wing_left": {
					"rotation": [78.3663, "--12.5392", 86.3147]
				},
				"wing3_left": {
					"rotation": [0, 0, 45]
				},
				"foot_right": {
					"rotation": [0, 32.5, 0]
				},
				"toeback_right": {
					"rotation": [0, -22.5, 0]
				},
				"leg_left": {
					"rotation": [0, -32.5, 0]
				},
				"toeback_left": {
					"rotation": [0, 22.5, 0]
				}
			}
		},
		"animation.noctowl.demo1": {
			"loop": true,
			"bones": {
				"tail": {
					"rotation": [-21.70013, -13.45202, 26.79151]
				},
				"torso": {
					"rotation": [0, 0, -7.5]
				},
				"neck": {
					"rotation": [0, 10, 0]
				},
				"head": {
					"rotation": [3.52249, 9.433, -2.34535]
				},
				"jaw": {
					"rotation": [22.5, 0, 0]
				},
				"wing_right": {
					"rotation": [77.5, 22.5, -90],
					"position": [0, 0, -2]
				},
				"wing2_right": {
					"rotation": [0, 0, 22.5]
				},
				"wing3_right": {
					"rotation": [0, 0, -45]
				},
				"wing_left": {
					"rotation": [-37.36463, 17.93258, 46.07513],
					"position": [1, 0, 0]
				},
				"wing2_left": {
					"rotation": [0, 0, -17.5]
				},
				"wing3_left": {
					"rotation": [19.71601, 46.93584, 26.12877]
				},
				"leg_right": {
					"rotation": [0, 45, 0]
				},
				"toe1_right": {
					"rotation": [0, 12.5, 0]
				},
				"toe3_right": {
					"rotation": [0, -10, 0]
				},
				"toeback_right": {
					"rotation": [0, -22.5, 0]
				},
				"leg_left": {
					"rotation": [0, -22.5, 0]
				},
				"toe1_left": {
					"rotation": [0, -12.5, 0]
				},
				"toe2_left": {
					"rotation": [0, 0, 0]
				},
				"toe3_left": {
					"rotation": [0, 7.5, 0]
				},
				"toeback_left": {
					"rotation": [0, 22.5, 0]
				}
			}
		},
		"animation.noctowl.demo2": {
			"loop": true,
			"bones": {
				"body": {
					"rotation": [-37.5, 0, 0],
					"position": [0, 8, 0]
				},
				"tail": {
					"rotation": [-45, 0, 0]
				},
				"torso": {
					"rotation": [25, 0, 0]
				},
				"neck": {
					"rotation": [45, 0, 0]
				},
				"jaw": {
					"rotation": [67.5, 0, 0]
				},
				"wing_right": {
					"rotation": [6.92154, -5.11931, 15.27164]
				},
				"wing2_right": {
					"rotation": [0, 22.5, 0]
				},
				"wing_left": {
					"rotation": [6.92154, 5.11931, -15.27164]
				},
				"wing2_left": {
					"rotation": [0, -22.5, 0]
				},
				"leg_right": {
					"rotation": [-14.34325, 28.23489, 14.34325]
				},
				"toe1_right": {
					"rotation": [22.5, 0, 0]
				},
				"claw1_right": {
					"rotation": [22.5, 0, 0]
				},
				"toe2_right": {
					"rotation": [22.5, 0, 0]
				},
				"claw2_right": {
					"rotation": [22.5, 0, 0]
				},
				"toe3_right": {
					"rotation": [22.5, 0, 0]
				},
				"claw3_right": {
					"rotation": [22.5, 0, 0]
				},
				"toeback_right": {
					"rotation": [-45, 0, 0]
				},
				"backclaw_right": {
					"rotation": [-22.5, 0, 0]
				},
				"leg_left": {
					"rotation": [-14.34325, -28.23489, -14.34325]
				},
				"toe1_left": {
					"rotation": [22.5, 0, 0]
				},
				"claw1_left": {
					"rotation": [22.5, 0, 0]
				},
				"toe2_left": {
					"rotation": [22.5, 0, 0]
				},
				"claw2_left": {
					"rotation": [22.5, 0, 0]
				},
				"toe3_left": {
					"rotation": [22.5, 0, 0]
				},
				"claw3_left": {
					"rotation": [22.5, 0, 0]
				},
				"toeback_left": {
					"rotation": [-22.5, 0, 0]
				},
				"backclaw_left": {
					"rotation": [-22.5, 0, 0]
				}
			}
		},
		"animation.noctowl.call": {
			"animation_length": 2,
			"bones": {
				"neck": {
					"rotation": {
						"0.0": [0, 0, 0],
						"0.25": [5, 0, 0],
						"1.75": [5, 0, 0],
						"2.0": [0, 0, 0]
					}
				},
				"head": {
					"rotation": {
						"0.0": [0, 0, 0],
						"0.25": [-7.5, 0, 0],
						"1.75": [-7.5, 0, 0],
						"2.0": [0, 0, 0]
					}
				},
				"jaw": {
					"rotation": {
						"0.1667": [0, 0, 0],
						"0.4167": [40, 0, 0],
						"1.75": [40, 0, 0],
						"2.0": [0, 0, 0]
					}
				}
			}
		},
		"animation.noctowl.cry": {
			"animation_length": 1.08333,
			"bones": {
				"neck": {
					"rotation": {
						"0.0": [0, 0, 0],
						"0.25": {
							"pre": [5, 0, 0],
							"post": [5, 0, 0],
							"lerp_mode": "catmullrom"
						},
						"0.8333": {
							"post": [5, 0, 0],
							"lerp_mode": "catmullrom"
						},
						"1.0833": {
							"post": [0, 0, 0],
							"lerp_mode": "catmullrom"
						}
					}
				},
				"head": {
					"rotation": {
						"0.0": [0, 0, 0],
						"0.25": {
							"pre": [-7.5, 0, 0],
							"post": [-7.5, 0, 0],
							"lerp_mode": "catmullrom"
						},
						"0.8333": {
							"post": [-7.5, 0, 0],
							"lerp_mode": "catmullrom"
						},
						"1.0833": {
							"post": [0, 0, 0],
							"lerp_mode": "catmullrom"
						}
					}
				},
				"jaw": {
					"rotation": {
						"0.1667": {
							"pre": [0, 0, 0],
							"post": [0, 0, 0],
							"lerp_mode": "catmullrom"
						},
						"0.4167": {
							"post": [40, 0, 0],
							"lerp_mode": "catmullrom"
						},
						"0.8333": {
							"post": [40, 0, 0],
							"lerp_mode": "catmullrom"
						},
						"1.0833": {
							"post": [0, 0, 0],
							"lerp_mode": "catmullrom"
						}
					}
				}
			},
			"sound_effects": {
				"0.0417": {
					"effect": "pokemon.noctowl.cry"
				}
			}
		},
		"animation.noctowl.blink": {
			"animation_length": 0.16667,
			"bones": {
				"eyelids": {
					"position": {
						"0.0": [0, 0, -1],
						"0.125": [0, 0, -1],
						"0.1667": [0, 0, 0]
					}
				},
				"eyes_open": {
					"position": {
						"0.0": [0, 0, 1],
						"0.125": [0, 0, 0]
					}
				}
			}
		}
	}
}