{
	"format_version": "1.8.0",
	"animations": {
		"animation.blazera.ground_idle": {
			"loop": true,
			"animation_length": 4,
			"bones": {
				"torso": {
					"rotation": [7.5, 0, 0],
					"position": ["0+math.sin(query.anim_time*90*1)*0.2", "0+math.sin(query.anim_time*90*2)*0.2", 0]
				},
				"torso2": {
					"rotation": [-10, 0, 0]
				},
				"neck": {
					"rotation": ["0+math.sin(query.anim_time*90*2-60)*2", 0, 0]
				},
				"head": {
					"rotation": [10, 0, 0]
				},
				"tail": {
					"rotation": ["-10+math.sin(query.anim_time*90*2)*5", "0+math.sin(query.anim_time*90*2+60)*5", 0]
				},
				"tail2": {
					"rotation": ["5+math.sin(query.anim_time*90*2-60)*10", "0+math.sin(query.anim_time*90*2-60)*10", 0]
				},
				"tail3": {
					"rotation": ["10+math.sin(query.anim_time*90*2-120)*15", "0+math.sin(query.anim_time*90*2-120)*15", 0]
				},
				"tail4": {
					"rotation": ["7.5+math.sin(query.anim_time*90*2-180)*20", "0+math.sin(query.anim_time*90*2-180)*20", 0]
				},
				"tail5": {
					"rotation": [5, 0, 0]
				}
			}
		},
		"animation.blazera.ground_walk": {
			"loop": true,
			"animation_length": 1,
			"bones": {
				"body": {
					"rotation": {
						"0.0": {
							"post": [0, -2.5, 0],
							"lerp_mode": "catmullrom"
						},
						"0.5": {
							"post": [0, 2.5, 0],
							"lerp_mode": "catmullrom"
						},
						"1.0": {
							"post": [0, -2.5, 0],
							"lerp_mode": "catmullrom"
						}
					},
					"position": {
						"0.0": {
							"post": [0, 0, 0],
							"lerp_mode": "catmullrom"
						},
						"0.4583": {
							"post": [0, 0, 0],
							"lerp_mode": "catmullrom"
						},
						"0.5": {
							"post": [0, 0.6, 0],
							"lerp_mode": "catmullrom"
						},
						"0.5417": {
							"post": [0, 0, 0],
							"lerp_mode": "catmullrom"
						},
						"0.9167": {
							"post": [0, 0, 0],
							"lerp_mode": "catmullrom"
						},
						"0.9583": {
							"post": [0, 0.5, 0],
							"lerp_mode": "catmullrom"
						},
						"1.0": {
							"post": [0, 0, 0],
							"lerp_mode": "catmullrom"
						}
					}
				},
				"leftleg": {
					"rotation": {
						"0.0": {
							"post": [30, 0, 0],
							"lerp_mode": "catmullrom"
						},
						"0.25": {
							"post": [1.25, 0, 0],
							"lerp_mode": "catmullrom"
						},
						"0.5": {
							"post": [-7.5, 0, 0],
							"lerp_mode": "catmullrom"
						},
						"1.0": {
							"post": [30, 0, 0],
							"lerp_mode": "catmullrom"
						}
					},
					"position": {
						"0.0": {
							"post": [0, 0, 5],
							"lerp_mode": "catmullrom"
						},
						"0.25": {
							"post": [0, 4, 1.5],
							"lerp_mode": "catmullrom"
						},
						"0.5": {
							"post": [0, 0, -2],
							"lerp_mode": "catmullrom"
						},
						"1.0": {
							"post": [0, 0, 5],
							"lerp_mode": "catmullrom"
						}
					}
				},
				"rightleg": {
					"rotation": {
						"0.0": {
							"post": [-9.81381, 0.42051, -1.91298],
							"lerp_mode": "catmullrom"
						},
						"0.5": {
							"post": [27.68619, 0.42051, -1.91298],
							"lerp_mode": "catmullrom"
						},
						"0.75": {
							"post": [-3.56381, 0.42051, -1.91298],
							"lerp_mode": "catmullrom"
						},
						"1.0": {
							"post": [-9.81381, 0.42051, -1.91298],
							"lerp_mode": "catmullrom"
						}
					},
					"position": {
						"0.0": {
							"post": [0, 0, -5],
							"lerp_mode": "catmullrom"
						},
						"0.5": {
							"post": [0, 0, 1],
							"lerp_mode": "catmullrom"
						},
						"0.75": {
							"post": [0, 3, -2],
							"lerp_mode": "catmullrom"
						},
						"1.0": {
							"post": [0, 0, -5],
							"lerp_mode": "catmullrom"
						}
					}
				},
				"torso": {
					"rotation": ["0+math.sin(query.anim_time*90*8-60)", 0, "0+math.sin(query.anim_time*90*4-60)"],
					"position": {
						"0.0": [0, 0, 0],
						"0.25": [0, 1, 0],
						"0.5": [0, 0, 0],
						"0.75": [0, 1, 0],
						"1.0": [0, 0, 0]
					}
				},
				"tail": {
					"rotation": ["0+math.sin(query.anim_time*90*8)*5", "0+math.sin(query.anim_time*90*4)*5", 0]
				},
				"tail2": {
					"rotation": ["-2.5+math.sin(query.anim_time*90*8-60)*5", "0+math.sin(query.anim_time*90*4-60)*10", 0]
				},
				"tail3": {
					"rotation": ["0+math.sin(query.anim_time*90*8-120)*5", "0+math.sin(query.anim_time*90*4-120)*15", 0]
				},
				"tail4": {
					"rotation": ["0+math.sin(query.anim_time*90*8-180)*10", "0+math.sin(query.anim_time*90*4-180)*20", 0]
				},
				"rightarm": {
					"rotation": ["0+math.sin(query.anim_time*90*8-120)*5", 0, 0]
				},
				"leftarm": {
					"rotation": ["0+math.sin(query.anim_time*90*8-120)*5", 0, 0]
				},
				"neck": {
					"rotation": ["-7.5+math.sin(query.anim_time*90*8-120)", 0, 0]
				},
				"head": {
					"rotation": ["17.5+math.sin(query.anim_time*90*8-180)*2", 0, 0]
				},
				"jaw": {
					"rotation": {
						"0.0": {
							"post": [10, 0, 0],
							"lerp_mode": "catmullrom"
						},
						"0.125": {
							"post": [0, 0, 0],
							"lerp_mode": "catmullrom"
						},
						"0.25": {
							"post": [10, 0, 0],
							"lerp_mode": "catmullrom"
						},
						"0.375": {
							"post": [10, 0, 0],
							"lerp_mode": "catmullrom"
						},
						"0.5": {
							"post": [0, 0, 0],
							"lerp_mode": "catmullrom"
						},
						"0.625": {
							"post": [0, 0, 0],
							"lerp_mode": "catmullrom"
						},
						"0.75": {
							"post": [10, 0, 0],
							"lerp_mode": "catmullrom"
						},
						"0.875": {
							"post": [10, 0, 0],
							"lerp_mode": "catmullrom"
						},
						"1.0": {
							"post": [10, 0, 0],
							"lerp_mode": "catmullrom"
						}
					}
				}
			}
		},
		"animation.blazera.battle_idle": {
			"loop": true,
			"animation_length": 2,
			"bones": {
				"leftleg": {
					"rotation": [0, 27.5, 0]
				},
				"rightleg": {
					"rotation": {
						"0.0": {
							"post": [20, 0, 0],
							"lerp_mode": "catmullrom"
						},
						"0.25": {
							"post": [20, 0, 0],
							"lerp_mode": "catmullrom"
						},
						"0.375": {
							"post": [-20, 0, 0],
							"lerp_mode": "catmullrom"
						},
						"0.5": {
							"post": [0, 0, 0],
							"lerp_mode": "catmullrom"
						},
						"1.125": {
							"post": [0, 0, 0],
							"lerp_mode": "catmullrom"
						},
						"1.6667": {
							"post": [20, 0, 0],
							"lerp_mode": "catmullrom"
						},
						"2.0": {
							"post": [20, 0, 0],
							"lerp_mode": "catmullrom"
						}
					},
					"position": {
						"0.0": {
							"post": [0, 0, 0],
							"lerp_mode": "catmullrom"
						},
						"0.25": {
							"post": [0, 0, 0],
							"lerp_mode": "catmullrom"
						},
						"0.375": {
							"post": [0, 3, -3],
							"lerp_mode": "catmullrom"
						},
						"0.5": {
							"post": [0, 0, -6],
							"lerp_mode": "catmullrom"
						},
						"1.125": {
							"post": [0, 0, -6],
							"lerp_mode": "catmullrom"
						},
						"1.1667": {
							"post": [0, 0, -6.37],
							"lerp_mode": "catmullrom"
						},
						"1.2083": {
							"post": [0, 0, -4.75],
							"lerp_mode": "catmullrom"
						},
						"1.25": {
							"post": [0, 0, -5.62],
							"lerp_mode": "catmullrom"
						},
						"1.2917": {
							"post": [0, 0, -4.06],
							"lerp_mode": "catmullrom"
						},
						"1.6667": {
							"post": [0, 0, 0],
							"lerp_mode": "catmullrom"
						},
						"2.0": {
							"post": [0, 0, 0],
							"lerp_mode": "catmullrom"
						}
					}
				},
				"torso": {
					"rotation": {
						"0.0": {
							"post": [7.5, 0, 0],
							"lerp_mode": "catmullrom"
						},
						"0.3333": {
							"post": [12.5, 0, 0],
							"lerp_mode": "catmullrom"
						},
						"0.4167": {
							"post": [12.39638, 1.61888, -7.32417],
							"lerp_mode": "catmullrom"
						},
						"0.625": {
							"post": [7.5, 0, 0],
							"lerp_mode": "catmullrom"
						},
						"1.0417": {
							"post": [7.5, 0, 0],
							"lerp_mode": "catmullrom"
						},
						"1.5": {
							"post": [10, 0, 0],
							"lerp_mode": "catmullrom"
						},
						"2.0": {
							"post": [7.5, 0, 0],
							"lerp_mode": "catmullrom"
						}
					},
					"position": {
						"0.0": {
							"post": [0, 0, -2],
							"lerp_mode": "catmullrom"
						}
					}
				},
				"tail": {
					"rotation": [7.5, "0+math.sin(query.anim_time*90*4)*5", 0]
				},
				"tail2": {
					"rotation": [7.5, "0+math.sin(query.anim_time*90*4-60)*10", 0]
				},
				"tail3": {
					"rotation": [5, "0+math.sin(query.anim_time*90*4-120)*15", 0]
				},
				"tail4": {
					"rotation": [7.5, "0+math.sin(query.anim_time*90*4-180)*20", 0]
				},
				"torso2": {
					"rotation": ["-2.5+math.sin(query.anim_time*90*4-60)*3", 0, 0]
				},
				"head": {
					"rotation": ["5+math.sin(query.anim_time*90*4-120)*5", 0, "0+math.sin(query.anim_time*90*4)*2"]
				},
				"jaw": {
					"rotation": [50, 0, 0]
				}
			}
		},
		"animation.blazera.sleep": {
			"loop": true,
			"bones": {
				"leftleg": {
					"rotation": [-68.11977, 23.39896, 9.06159],
					"position": [0, -15, 0]
				},
				"rightleg": {
					"rotation": [-60.087, -20.13828, -16.6098],
					"position": [0, -15, 0]
				},
				"torso": {
					"rotation": ["0+math.sin(query.anim_time*90*1)", 0, 0],
					"position": [0, -14, 0]
				},
				"tail": {
					"rotation": [-7.85952, "17.3455+math.sin(query.anim_time*90*1)", -2.35666]
				},
				"tail2": {
					"rotation": [0, "22.5+math.sin(query.anim_time*90*1-60)", 0]
				},
				"tail3": {
					"rotation": [0, "25+math.sin(query.anim_time*90*1-120)", 0]
				},
				"tail4": {
					"rotation": [-17.5, "30+math.sin(query.anim_time*90*1-180)", 0]
				},
				"tail5": {
					"rotation": [-22.5, 35, 0]
				},
				"torso2": {
					"rotation": [10, 0, 0]
				},
				"head": {
					"rotation": ["4.6653+math.sin(query.anim_time*90*1-60)", -16.88547, -15.69284]
				},
				"eyes": {
					"scale": [0.8, 1, 1]
				}
			}
		},
		"animation.blazera.physical": {
			"animation_length": 2.75,
			"bones": {
				"body": {
					"rotation": {
						"0.0": {
							"post": [0, 0, 0],
							"lerp_mode": "catmullrom"
						},
						"1.0": {
							"post": [0, 0, 0],
							"lerp_mode": "catmullrom"
						},
						"1.125": {
							"post": [15, 0, 0],
							"lerp_mode": "catmullrom"
						},
						"1.3333": {
							"post": [-7.5, 0, 0],
							"lerp_mode": "catmullrom"
						},
						"1.5": {
							"post": [-7.5, 0, 0],
							"lerp_mode": "catmullrom"
						},
						"1.75": {
							"post": [0, 0, 0],
							"lerp_mode": "catmullrom"
						}
					},
					"position": {
						"0.0": {
							"post": [0, 0, 0],
							"lerp_mode": "catmullrom"
						},
						"1.0": {
							"post": [0, 0, 0],
							"lerp_mode": "catmullrom"
						},
						"1.25": {
							"post": [0, 0, -20],
							"lerp_mode": "catmullrom"
						},
						"1.5": {
							"post": [0, 0, -20],
							"lerp_mode": "catmullrom"
						},
						"1.625": {
							"post": [0, 4, -10],
							"lerp_mode": "catmullrom"
						},
						"1.75": {
							"post": [0, 0, 0],
							"lerp_mode": "catmullrom"
						}
					}
				},
				"leftleg": {
					"rotation": {
						"0.0": {
							"post": [0, 27.5, 0],
							"lerp_mode": "catmullrom"
						},
						"1.0": {
							"post": [0, 27.5, 0],
							"lerp_mode": "catmullrom"
						},
						"1.0833": {
							"post": [-51.73029, 27.5, 0],
							"lerp_mode": "catmullrom"
						},
						"1.25": {
							"post": [0, 27.5, 0],
							"lerp_mode": "catmullrom"
						},
						"1.5833": {
							"post": [0, 27.5, 0],
							"lerp_mode": "catmullrom"
						}
					},
					"position": {
						"0.0": [0, 0, 0],
						"1.5833": [0, 0, 0],
						"1.6667": [0, 3, 0],
						"1.75": [0, 0, 0]
					}
				},
				"rightleg": {
					"rotation": {
						"0.0": {
							"post": [20, 0, 0],
							"lerp_mode": "catmullrom"
						},
						"0.125": {
							"post": [-25, 0, 0],
							"lerp_mode": "catmullrom"
						},
						"0.25": {
							"post": [20, 0, 0],
							"lerp_mode": "catmullrom"
						},
						"0.5": {
							"post": [20, 0, 0],
							"lerp_mode": "catmullrom"
						},
						"0.6667": {
							"post": [-25, 0, 0],
							"lerp_mode": "catmullrom"
						},
						"0.7917": {
							"post": [20, 0, 0],
							"lerp_mode": "catmullrom"
						},
						"1.0417": {
							"post": [20, 0, 0],
							"lerp_mode": "catmullrom"
						},
						"1.75": {
							"post": [20, 0, 0],
							"lerp_mode": "catmullrom"
						}
					},
					"position": {
						"0.0": {
							"post": [0, 0, 0],
							"lerp_mode": "catmullrom"
						},
						"0.125": {
							"post": [0, 3, -6],
							"lerp_mode": "catmullrom"
						},
						"0.25": {
							"post": [0, 0, -7],
							"lerp_mode": "catmullrom"
						},
						"0.5": {
							"post": [0, 0, 0],
							"lerp_mode": "catmullrom"
						},
						"0.6667": {
							"post": [0, 3, -6],
							"lerp_mode": "catmullrom"
						},
						"0.7917": {
							"post": [0, 0, -7],
							"lerp_mode": "catmullrom"
						},
						"1.0417": {
							"post": [0, 0, 0],
							"lerp_mode": "catmullrom"
						},
						"1.75": {
							"post": [0, 0, 0],
							"lerp_mode": "catmullrom"
						}
					}
				},
				"torso": {
					"rotation": {
						"0.0": {
							"post": [7.5, 0, 0],
							"lerp_mode": "catmullrom"
						},
						"0.25": {
							"post": [-5, 0, 0],
							"lerp_mode": "catmullrom"
						},
						"0.5": {
							"post": [10, 0, 0],
							"lerp_mode": "catmullrom"
						},
						"0.75": {
							"post": [-5, 0, 0],
							"lerp_mode": "catmullrom"
						},
						"1.0": {
							"post": [7.5, 0, 0],
							"lerp_mode": "catmullrom"
						},
						"1.125": {
							"post": [12.5, 0, 0],
							"lerp_mode": "catmullrom"
						},
						"1.375": {
							"post": [2.5, 0, 0],
							"lerp_mode": "catmullrom"
						},
						"1.6667": {
							"post": [10, 0, 0],
							"lerp_mode": "catmullrom"
						},
						"2.0": {
							"post": [7.5, 0, 0],
							"lerp_mode": "catmullrom"
						}
					},
					"position": {
						"0.0": {
							"post": [0, 0, -2],
							"lerp_mode": "catmullrom"
						},
						"1.75": {
							"post": [0, 0, -2],
							"lerp_mode": "catmullrom"
						}
					}
				},
				"tail": {
					"rotation": {
						"0.0": {
							"post": [7.5, 0, 0],
							"lerp_mode": "catmullrom"
						},
						"0.1667": {
							"post": [-7.5, 0, 0],
							"lerp_mode": "catmullrom"
						},
						"0.375": {
							"post": [2.12, 0, 0],
							"lerp_mode": "catmullrom"
						},
						"0.5833": {
							"post": [-1.91704, -0.00602, 0.30314],
							"lerp_mode": "catmullrom"
						},
						"0.8333": {
							"post": [-2.36467, -0.0047, 0.23707],
							"lerp_mode": "catmullrom"
						},
						"1.125": {
							"post": [-16.82341, -0.00272, 0.13698],
							"lerp_mode": "catmullrom"
						},
						"1.375": {
							"post": [12.70702, -0.00194, 0.09759],
							"lerp_mode": "catmullrom"
						},
						"1.75": {
							"post": [0.45769, -11.48253, 0.14452],
							"lerp_mode": "catmullrom"
						},
						"2.0": {
							"post": [-2.04094, 5.64156, 0.28053],
							"lerp_mode": "catmullrom"
						},
						"2.25": {
							"post": [7.5, 0, 0],
							"lerp_mode": "catmullrom"
						}
					}
				},
				"tail2": {
					"rotation": {
						"0.0": {
							"post": [7.5, 0, 0],
							"lerp_mode": "catmullrom"
						},
						"0.1667": {
							"post": [12.5, 0, 0],
							"lerp_mode": "catmullrom"
						},
						"0.2917": {
							"post": [-7.93, 0, 0],
							"lerp_mode": "catmullrom"
						},
						"0.5417": {
							"post": [-0.35, 0, 0],
							"lerp_mode": "catmullrom"
						},
						"0.7917": {
							"post": [-3.79, 0, 0],
							"lerp_mode": "catmullrom"
						},
						"1.1667": {
							"post": [-9.35, 0, 0],
							"lerp_mode": "catmullrom"
						},
						"1.75": {
							"post": [7.5, 0, 0],
							"lerp_mode": "catmullrom"
						},
						"1.9583": {
							"post": [7.60829, -9.58549, -1.27425],
							"lerp_mode": "catmullrom"
						},
						"2.125": {
							"post": [7.50157, 0.32815, 0.04317],
							"lerp_mode": "catmullrom"
						},
						"2.3333": {
							"post": [7.55987, -7.10735, -0.94079],
							"lerp_mode": "catmullrom"
						},
						"2.6667": {
							"post": [7.5, 0, 0],
							"lerp_mode": "catmullrom"
						}
					}
				},
				"tail3": {
					"rotation": {
						"0.0": {
							"post": [5, 0, 0],
							"lerp_mode": "catmullrom"
						},
						"0.25": {
							"post": [12.5, 0, 0],
							"lerp_mode": "catmullrom"
						},
						"0.4167": {
							"post": [-18.24, 0, 0],
							"lerp_mode": "catmullrom"
						},
						"0.625": {
							"post": [5.62, 0, 0],
							"lerp_mode": "catmullrom"
						},
						"0.8333": {
							"post": [-4.5, 0, 0],
							"lerp_mode": "catmullrom"
						},
						"1.1667": {
							"post": [-8.45, 0, 0],
							"lerp_mode": "catmullrom"
						},
						"1.375": {
							"post": [6.45, 0, 0],
							"lerp_mode": "catmullrom"
						},
						"1.5417": {
							"post": [5.74842, -15.11146, -1.46765],
							"lerp_mode": "catmullrom"
						},
						"1.75": {
							"post": [5, 0, 0],
							"lerp_mode": "catmullrom"
						},
						"1.9167": {
							"post": [5.019, 4.98093, 0.43688],
							"lerp_mode": "catmullrom"
						},
						"2.25": {
							"post": [5, 0, 0],
							"lerp_mode": "catmullrom"
						}
					}
				},
				"tail4": {
					"rotation": {
						"0.0": {
							"post": [7.5, 0, 0],
							"lerp_mode": "catmullrom"
						},
						"0.125": {
							"post": [22.5, 0, 0],
							"lerp_mode": "catmullrom"
						},
						"0.4583": {
							"post": [-23, 0, 0],
							"lerp_mode": "catmullrom"
						},
						"0.6667": {
							"post": [27.31, 0, 0],
							"lerp_mode": "catmullrom"
						},
						"1.0": {
							"post": [-11, 0, 0],
							"lerp_mode": "catmullrom"
						},
						"1.5": {
							"post": [-11.3, 0, 0],
							"lerp_mode": "catmullrom"
						},
						"1.625": {
							"post": [16.41137, -15.73526, -5.43534],
							"lerp_mode": "catmullrom"
						},
						"1.75": {
							"post": [7.5, 0, 0],
							"lerp_mode": "catmullrom"
						},
						"1.9583": {
							"post": [7.03099, -5.93363, -0.42563],
							"lerp_mode": "catmullrom"
						},
						"2.1667": {
							"post": [7.7432, 14.16997, 1.90678],
							"lerp_mode": "catmullrom"
						},
						"2.5": {
							"post": [7.57001, -0.01323, -0.00896],
							"lerp_mode": "catmullrom"
						},
						"2.6667": {
							"post": [7.5, 0, 0],
							"lerp_mode": "catmullrom"
						}
					}
				},
				"torso2": {
					"rotation": {
						"0.0": {
							"post": [-2.5, 0, 0],
							"lerp_mode": "catmullrom"
						},
						"1.75": {
							"post": [-2.5, 0, 0],
							"lerp_mode": "catmullrom"
						}
					}
				},
				"neck": {
					"rotation": {
						"0.0": {
							"post": [0, 0, 0],
							"lerp_mode": "catmullrom"
						},
						"0.25": {
							"post": [12.5, 0, 0],
							"lerp_mode": "catmullrom"
						},
						"0.5": {
							"post": [-7.5, 0, 0],
							"lerp_mode": "catmullrom"
						},
						"0.75": {
							"post": [12.5, 0, 0],
							"lerp_mode": "catmullrom"
						},
						"1.0": {
							"post": [0, 0, 0],
							"lerp_mode": "catmullrom"
						},
						"1.75": {
							"post": [0, 0, 0],
							"lerp_mode": "catmullrom"
						}
					}
				},
				"head": {
					"rotation": {
						"0.0": {
							"post": [5, 0, 0],
							"lerp_mode": "catmullrom"
						},
						"0.0833": {
							"post": [4.92715, -0.57773, 6.66049],
							"lerp_mode": "catmullrom"
						},
						"0.2083": {
							"post": [4.81073, 1.10153, -12.85798],
							"lerp_mode": "catmullrom"
						},
						"0.3333": {
							"post": [4.83434, -0.48595, 5.72476],
							"lerp_mode": "catmullrom"
						},
						"0.4583": {
							"post": [4.85733, -0.08942, 1.05049],
							"lerp_mode": "catmullrom"
						},
						"1.0": {
							"post": [4.85733, -0.08942, 1.05049],
							"lerp_mode": "catmullrom"
						},
						"1.2083": {
							"post": [-40.48201, -0.0423, 0.49692],
							"lerp_mode": "catmullrom"
						},
						"1.4167": {
							"post": [-25.89757, -0.02641, 0.31026],
							"lerp_mode": "catmullrom"
						},
						"1.625": {
							"post": [6.41251, -0.01119, 0.13147],
							"lerp_mode": "catmullrom"
						},
						"1.75": {
							"post": [5, 0, 0],
							"lerp_mode": "catmullrom"
						},
						"1.8333": {
							"post": [7.5, 0, 0],
							"lerp_mode": "catmullrom"
						},
						"2.0": {
							"post": [5, 0, 0],
							"lerp_mode": "catmullrom"
						},
						"2.125": {
							"post": [4.92442, 0.86717, -9.96271],
							"lerp_mode": "catmullrom"
						},
						"2.3333": {
							"post": [4.99527, -0.21782, 2.4905],
							"lerp_mode": "catmullrom"
						},
						"2.625": {
							"post": [5, 0, 0],
							"lerp_mode": "catmullrom"
						}
					}
				},
				"jaw": {
					"rotation": {
						"0.0": {
							"post": [50, 0, 0],
							"lerp_mode": "catmullrom"
						},
						"0.2083": {
							"post": [-2.5, 0, 0],
							"lerp_mode": "catmullrom"
						},
						"1.0": {
							"post": [-2.5, 0, 0],
							"lerp_mode": "catmullrom"
						},
						"1.3333": {
							"post": [83.47, 0, 0],
							"lerp_mode": "catmullrom"
						},
						"1.4167": {
							"post": [-8.22, 0, 0],
							"lerp_mode": "catmullrom"
						},
						"1.5833": {
							"post": [0.89, 0, 0],
							"lerp_mode": "catmullrom"
						},
						"1.75": {
							"post": [50, 0, 0],
							"lerp_mode": "catmullrom"
						}
					}
				}
			}
		},
		"animation.blazera.special": {
			"animation_length": 2.75,
			"bones": {
				"body": {
					"rotation": {
						"0.0": {
							"post": [0, 0, 0],
							"lerp_mode": "catmullrom"
						}
					},
					"position": {
						"0.0": {
							"post": [0, 0, 0],
							"lerp_mode": "catmullrom"
						}
					}
				},
				"leftleg": {
					"rotation": {
						"0.0": {
							"post": [0, 27.5, 0],
							"lerp_mode": "catmullrom"
						}
					},
					"position": {
						"0.0": {
							"post": [0, 0, 0],
							"lerp_mode": "catmullrom"
						},
						"0.5833": {
							"post": [0, 0, 0],
							"lerp_mode": "catmullrom"
						},
						"0.75": {
							"post": [0, 3, 0],
							"lerp_mode": "catmullrom"
						},
						"0.9583": {
							"post": [0, 0, 0],
							"lerp_mode": "catmullrom"
						}
					}
				},
				"rightleg": {
					"rotation": {
						"0.0": {
							"post": [20, 0, 0],
							"lerp_mode": "catmullrom"
						}
					},
					"position": {
						"0.0": {
							"post": [0, 0, 0],
							"lerp_mode": "catmullrom"
						}
					}
				},
				"torso": {
					"rotation": {
						"0.0": {
							"post": [7.5, 0, 0],
							"lerp_mode": "catmullrom"
						},
						"0.2083": {
							"post": [12.5, 0, 0],
							"lerp_mode": "catmullrom"
						},
						"0.5": {
							"post": [12.5, 0, 0],
							"lerp_mode": "catmullrom"
						},
						"0.7083": {
							"post": [-5, 0, 0],
							"lerp_mode": "catmullrom"
						},
						"0.9167": {
							"post": [7.5, 0, 0],
							"lerp_mode": "catmullrom"
						},
						"1.0417": {
							"post": [12.48848, -0.54094, 2.44081],
							"lerp_mode": "catmullrom"
						},
						"1.125": {
							"post": [12.48848, 0.54094, -2.44081],
							"lerp_mode": "catmullrom"
						},
						"1.2083": {
							"post": [12.5, 0, 0],
							"lerp_mode": "catmullrom"
						},
						"1.2917": {
							"post": [12.48848, -0.54094, 2.44081],
							"lerp_mode": "catmullrom"
						},
						"1.375": {
							"post": [12.48848, 0.54094, -2.44081],
							"lerp_mode": "catmullrom"
						},
						"1.4583": {
							"post": [12.48848, -0.54094, 2.44081],
							"lerp_mode": "catmullrom"
						},
						"1.5417": {
							"post": [12.48848, 0.54094, -2.44081],
							"lerp_mode": "catmullrom"
						},
						"1.75": {
							"post": [7.5, 0, 0],
							"lerp_mode": "catmullrom"
						}
					},
					"position": {
						"0.0": {
							"post": [0, 0, -2],
							"lerp_mode": "catmullrom"
						},
						"1.75": {
							"post": [0, 0, -2],
							"lerp_mode": "catmullrom"
						}
					}
				},
				"tail": {
					"rotation": {
						"0.0": {
							"post": [7.5, 0, 0],
							"lerp_mode": "catmullrom"
						},
						"0.1667": {
							"post": [12.5, 0, 0],
							"lerp_mode": "catmullrom"
						},
						"0.3333": {
							"post": [22.5, 0, 0],
							"lerp_mode": "catmullrom"
						},
						"0.7083": {
							"post": [-5, 0, 0],
							"lerp_mode": "catmullrom"
						},
						"1.0": {
							"post": [10, 0, 0],
							"lerp_mode": "catmullrom"
						},
						"1.3333": {
							"post": [30, 0, 0],
							"lerp_mode": "catmullrom"
						},
						"1.4167": {
							"post": [30.02363, 2.16489, 1.2506],
							"lerp_mode": "catmullrom"
						},
						"1.5": {
							"post": [30.02363, -2.16489, -1.2506],
							"lerp_mode": "catmullrom"
						},
						"1.5833": {
							"post": [30.02363, 2.16489, 1.2506],
							"lerp_mode": "catmullrom"
						},
						"1.6667": {
							"post": [30.02363, -2.16489, -1.2506],
							"lerp_mode": "catmullrom"
						},
						"2.0": {
							"post": [5.32416, -1.24377, -0.71849],
							"lerp_mode": "catmullrom"
						},
						"2.2917": {
							"post": [7.5, 0, 0],
							"lerp_mode": "catmullrom"
						}
					}
				},
				"tail2": {
					"rotation": {
						"0.0": {
							"post": [7.5, 0, 0],
							"lerp_mode": "catmullrom"
						},
						"0.1667": {
							"post": [-5, 0, 0],
							"lerp_mode": "catmullrom"
						},
						"0.3333": {
							"post": [27.5, 0, 0],
							"lerp_mode": "catmullrom"
						},
						"0.5417": {
							"post": [30, 0, 0],
							"lerp_mode": "catmullrom"
						},
						"0.8333": {
							"post": [-15, 0, 0],
							"lerp_mode": "catmullrom"
						},
						"1.0417": {
							"post": [2.5, 0, 0],
							"lerp_mode": "catmullrom"
						},
						"1.2917": {
							"post": [2.50954, -4.99523, -0.21865],
							"lerp_mode": "catmullrom"
						},
						"1.4583": {
							"post": [2.50238, 2.49762, 0.10912],
							"lerp_mode": "catmullrom"
						},
						"1.5833": {
							"post": [2.50238, -2.49762, -0.10912],
							"lerp_mode": "catmullrom"
						},
						"1.7083": {
							"post": [2.5, 0, 0],
							"lerp_mode": "catmullrom"
						},
						"2.0417": {
							"post": [7.5, 0, 0],
							"lerp_mode": "catmullrom"
						}
					}
				},
				"tail3": {
					"rotation": {
						"0.0": {
							"post": [5, 0, 0],
							"lerp_mode": "catmullrom"
						},
						"0.1667": {
							"post": [-5, 0, 0],
							"lerp_mode": "catmullrom"
						},
						"0.3333": {
							"post": [-7.5, 0, 0],
							"lerp_mode": "catmullrom"
						},
						"0.5": {
							"post": [17.5, 0, 0],
							"lerp_mode": "catmullrom"
						},
						"0.625": {
							"post": [20, 0, 0],
							"lerp_mode": "catmullrom"
						},
						"0.7917": {
							"post": [0, 0, 0],
							"lerp_mode": "catmullrom"
						},
						"1.0417": {
							"post": [-22.5, 0, 0],
							"lerp_mode": "catmullrom"
						},
						"1.1667": {
							"post": [7.5, 0, 0],
							"lerp_mode": "catmullrom"
						},
						"1.6667": {
							"post": [12.5, 0, 0],
							"lerp_mode": "catmullrom"
						},
						"2.0417": {
							"post": [5, 0, 0],
							"lerp_mode": "catmullrom"
						}
					}
				},
				"tail4": {
					"rotation": {
						"0.0": {
							"post": [7.5, 0, 0],
							"lerp_mode": "catmullrom"
						},
						"0.0833": {
							"post": [17.5, 0, 0],
							"lerp_mode": "catmullrom"
						},
						"0.3333": {
							"post": [-45, 0, 0],
							"lerp_mode": "catmullrom"
						},
						"0.4583": {
							"post": [20, 0, 0],
							"lerp_mode": "catmullrom"
						},
						"0.75": {
							"post": [25, 0, 0],
							"lerp_mode": "catmullrom"
						},
						"0.875": {
							"post": [-17.5, 0, 0],
							"lerp_mode": "catmullrom"
						},
						"1.125": {
							"post": [-22.5, 0, 0],
							"lerp_mode": "catmullrom"
						},
						"1.3333": {
							"post": [25, 0, 0],
							"lerp_mode": "catmullrom"
						},
						"1.9583": {
							"post": [27.5, 0, 0],
							"lerp_mode": "catmullrom"
						},
						"2.2917": {
							"post": [7.5, 0, 0],
							"lerp_mode": "catmullrom"
						}
					}
				},
				"tail5": {
					"rotation": {
						"0.0": {
							"post": [0, 0, 0],
							"lerp_mode": "catmullrom"
						},
						"0.1667": {
							"post": [17.5, 0, 0],
							"lerp_mode": "catmullrom"
						},
						"0.25": {
							"post": [-25, 0, 0],
							"lerp_mode": "catmullrom"
						},
						"0.4167": {
							"post": [-27.5, 0, 0],
							"lerp_mode": "catmullrom"
						},
						"0.5833": {
							"post": [30, 0, 0],
							"lerp_mode": "catmullrom"
						},
						"0.8333": {
							"post": [32.5, 0, 0],
							"lerp_mode": "catmullrom"
						},
						"1.0": {
							"post": [-35, 0, 0],
							"lerp_mode": "catmullrom"
						},
						"1.125": {
							"post": [-40, 0, 0],
							"lerp_mode": "catmullrom"
						},
						"1.3333": {
							"post": [-42.5, 0, 0],
							"lerp_mode": "catmullrom"
						},
						"1.4583": {
							"post": [37.5, 0, 0],
							"lerp_mode": "catmullrom"
						},
						"1.9167": {
							"post": [40, 0, 0],
							"lerp_mode": "catmullrom"
						},
						"2.125": {
							"post": [-20, 0, 0],
							"lerp_mode": "catmullrom"
						},
						"2.4583": {
							"post": [0, 0, 0],
							"lerp_mode": "catmullrom"
						}
					}
				},
				"torso2": {
					"rotation": {
						"0.0": {
							"post": [-2.5, 0, 0],
							"lerp_mode": "catmullrom"
						}
					}
				},
				"neck": {
					"rotation": {
						"0.0": {
							"post": [0, 0, 0],
							"lerp_mode": "catmullrom"
						},
						"0.1667": {
							"post": [-10, 0, 0],
							"lerp_mode": "catmullrom"
						},
						"0.2917": {
							"post": [12.5, 0, 0],
							"lerp_mode": "catmullrom"
						},
						"0.5833": {
							"post": [17.5, 0, 0],
							"lerp_mode": "catmullrom"
						},
						"0.9583": {
							"post": [-10, 0, 0],
							"lerp_mode": "catmullrom"
						},
						"1.5417": {
							"post": [-12.5, 0, 0],
							"lerp_mode": "catmullrom"
						},
						"2.0": {
							"post": [0, 0, 0],
							"lerp_mode": "catmullrom"
						}
					}
				},
				"head": {
					"rotation": {
						"0.0": {
							"post": [5, 0, 0],
							"lerp_mode": "catmullrom"
						}
					}
				},
				"eyes": {
					"scale": {
						"0.0": [1, 1, 1],
						"0.25": [1, 1, 1],
						"0.2917": [0.9, 1, 1],
						"0.75": [0.9, 1, 1],
						"0.7917": [1, 1, 1]
					}
				},
				"jaw": {
					"rotation": {
						"0.0": {
							"post": [50, 0, 0],
							"lerp_mode": "catmullrom"
						},
						"0.2083": {
							"post": [-2.5, 0, 0],
							"lerp_mode": "catmullrom"
						},
						"0.5417": {
							"post": [-5, 0, 0],
							"lerp_mode": "catmullrom"
						},
						"0.9167": {
							"post": [65, 0, 0],
							"lerp_mode": "catmullrom"
						},
						"1.6667": {
							"post": [67.5, 0, 0],
							"lerp_mode": "catmullrom"
						},
						"2.0417": {
							"post": [50, 0, 0],
							"lerp_mode": "catmullrom"
						}
					}
				}
			}
		},
		"animation.blazera.status": {
			"animation_length": 2.5,
			"bones": {
				"body": {
					"rotation": {
						"0.0": {
							"post": [0, 0, 0],
							"lerp_mode": "catmullrom"
						},
						"0.125": {
							"post": [0, 10, 0],
							"lerp_mode": "catmullrom"
						},
						"1.0": {
							"post": [0, 12.5, 0],
							"lerp_mode": "catmullrom"
						},
						"1.25": {
							"post": [0, -35, 0],
							"lerp_mode": "catmullrom"
						},
						"1.5417": {
							"post": [0, -37.5, 0],
							"lerp_mode": "catmullrom"
						},
						"1.75": {
							"post": [0, 0, 0],
							"lerp_mode": "catmullrom"
						}
					},
					"position": {
						"0.0": {
							"post": [0, 0, 0],
							"lerp_mode": "catmullrom"
						},
						"1.75": {
							"post": [0, 0, 0],
							"lerp_mode": "catmullrom"
						}
					}
				},
				"leftleg": {
					"rotation": {
						"0.0": {
							"post": [0, 27.5, 0],
							"lerp_mode": "catmullrom"
						},
						"0.2917": {
							"post": [0, 15, 0],
							"lerp_mode": "catmullrom"
						},
						"1.1667": {
							"post": [0, 44.83, 0],
							"lerp_mode": "catmullrom"
						},
						"1.5833": {
							"post": [0, 47.83, 0],
							"lerp_mode": "catmullrom"
						},
						"1.75": {
							"post": [0, 27.5, 0],
							"lerp_mode": "catmullrom"
						},
						"2.0": {
							"post": [0, 27.5, 0],
							"lerp_mode": "catmullrom"
						}
					},
					"position": {
						"0.0": {
							"post": [0, 0, 0],
							"lerp_mode": "catmullrom"
						},
						"1.75": {
							"post": [0, 0, 0],
							"lerp_mode": "catmullrom"
						}
					}
				},
				"rightleg": {
					"rotation": {
						"0.0": {
							"post": [20, 0, 0],
							"lerp_mode": "catmullrom"
						},
						"1.0": {
							"post": [20, 0, 0],
							"lerp_mode": "catmullrom"
						},
						"1.3333": {
							"post": [19.14416, 5.89796, -16.48903],
							"lerp_mode": "catmullrom"
						},
						"1.75": {
							"post": [20, 0, 0],
							"lerp_mode": "catmullrom"
						}
					},
					"position": {
						"0.0": {
							"post": [0, 0, 0],
							"lerp_mode": "catmullrom"
						},
						"1.2083": {
							"post": [0, 0, 0],
							"lerp_mode": "catmullrom"
						},
						"1.75": {
							"post": [0, 0, 0],
							"lerp_mode": "catmullrom"
						}
					}
				},
				"torso": {
					"rotation": {
						"0.0": {
							"post": [7.5, 0, 0],
							"lerp_mode": "catmullrom"
						},
						"0.0833": {
							"post": [7.50706, -2.4786, -0.32652],
							"lerp_mode": "catmullrom"
						},
						"0.25": {
							"post": [7.52832, 4.95712, 0.65426],
							"lerp_mode": "catmullrom"
						},
						"0.4583": {
							"post": [10.06397, 7.43547, 0.98448],
							"lerp_mode": "catmullrom"
						},
						"1.0417": {
							"post": [12.61435, 9.91358, 1.31845],
							"lerp_mode": "catmullrom"
						},
						"1.25": {
							"post": [-1.73489, -24.77164, -3.48303],
							"lerp_mode": "catmullrom"
						},
						"1.5417": {
							"post": [-11.73489, -24.77164, -3.48303],
							"lerp_mode": "catmullrom"
						},
						"1.75": {
							"post": [10.00706, 2.4786, 0.32652],
							"lerp_mode": "catmullrom"
						},
						"2.25": {
							"post": [7.5, 0, 0],
							"lerp_mode": "catmullrom"
						}
					},
					"position": {
						"0.0": {
							"post": [0, 0, -2],
							"lerp_mode": "catmullrom"
						},
						"1.75": {
							"post": [0, 0, -2],
							"lerp_mode": "catmullrom"
						},
						"2.25": {
							"post": [0, 0, -2],
							"lerp_mode": "catmullrom"
						}
					}
				},
				"tail": {
					"rotation": {
						"0.0": {
							"post": [7.5, 0, 0],
							"lerp_mode": "catmullrom"
						},
						"0.6667": {
							"post": [7.61431, 9.91098, 1.3181],
							"lerp_mode": "catmullrom"
						},
						"1.125": {
							"post": [7.62575, 9.31267, 1.24299],
							"lerp_mode": "catmullrom"
						},
						"1.25": {
							"post": [7.56136, -4.84252, -0.63906],
							"lerp_mode": "catmullrom"
						},
						"1.4583": {
							"post": [18.26678, -30.48105, -22.27957],
							"lerp_mode": "catmullrom"
						},
						"1.75": {
							"post": [7.5, 0, 0],
							"lerp_mode": "catmullrom"
						},
						"2.0833": {
							"post": [7.51944, 4.92499, 0.66407],
							"lerp_mode": "catmullrom"
						},
						"2.3333": {
							"post": [7.50706, -2.4786, -0.32652],
							"lerp_mode": "catmullrom"
						},
						"2.5": {
							"post": [7.5, 0, 0],
							"lerp_mode": "catmullrom"
						}
					}
				},
				"tail2": {
					"rotation": {
						"0.0": {
							"post": [7.5, 0, 0],
							"lerp_mode": "catmullrom"
						},
						"0.25": {
							"post": [7.52814, -4.93617, -0.65149],
							"lerp_mode": "catmullrom"
						},
						"0.4167": {
							"post": [7.56063, 6.99264, 0.92556],
							"lerp_mode": "catmullrom"
						},
						"1.125": {
							"post": [7.66415, 11.40357, 1.52509],
							"lerp_mode": "catmullrom"
						},
						"1.4167": {
							"post": [7.72076, -10.79958, -1.44762],
							"lerp_mode": "catmullrom"
						},
						"1.75": {
							"post": [7.5, 0, 0],
							"lerp_mode": "catmullrom"
						},
						"1.8333": {
							"post": [7.78725, -12.56017, -1.72012],
							"lerp_mode": "catmullrom"
						},
						"2.0": {
							"post": [7.5, 0, 0],
							"lerp_mode": "catmullrom"
						}
					}
				},
				"tail3": {
					"rotation": {
						"0.0": {
							"post": [5, 0, 0],
							"lerp_mode": "catmullrom"
						},
						"0.4583": {
							"post": [22.5, 0, 0],
							"lerp_mode": "catmullrom"
						},
						"0.9167": {
							"post": [18.5392, 7.11671, 2.36815],
							"lerp_mode": "catmullrom"
						},
						"1.25": {
							"post": [13.3109, 14.55614, 3.91531],
							"lerp_mode": "catmullrom"
						},
						"1.4167": {
							"post": [11.07008, -26.75636, -4.26013],
							"lerp_mode": "catmullrom"
						},
						"1.625": {
							"post": [5.07673, -9.96156, -0.88045],
							"lerp_mode": "catmullrom"
						},
						"1.7917": {
							"post": [5.07673, 9.96156, 0.88045],
							"lerp_mode": "catmullrom"
						},
						"1.9167": {
							"post": [5.12076, -12.45167, -1.10693],
							"lerp_mode": "catmullrom"
						},
						"2.0833": {
							"post": [5.00795, 1.19737, 0.1036],
							"lerp_mode": "catmullrom"
						},
						"2.25": {
							"post": [5.00769, 4.10826, 0.36024],
							"lerp_mode": "catmullrom"
						},
						"2.4583": {
							"post": [5, 0, 0],
							"lerp_mode": "catmullrom"
						}
					}
				},
				"tail4": {
					"rotation": {
						"0.0": {
							"post": [7.5, 0, 0],
							"lerp_mode": "catmullrom"
						},
						"1.75": {
							"post": [7.5, 0, 0],
							"lerp_mode": "catmullrom"
						}
					}
				},
				"tail5": {
					"rotation": {
						"0.0": {
							"post": [0, 0, 0],
							"lerp_mode": "catmullrom"
						},
						"1.75": {
							"post": [0, 0, 0],
							"lerp_mode": "catmullrom"
						}
					}
				},
				"torso2": {
					"rotation": {
						"0.0": {
							"post": [-2.5, 0, 0],
							"lerp_mode": "catmullrom"
						},
						"1.75": {
							"post": [-2.5, 0, 0],
							"lerp_mode": "catmullrom"
						}
					}
				},
				"neck": {
					"rotation": {
						"0.0": {
							"post": [0, 0, 0],
							"lerp_mode": "catmullrom"
						},
						"0.1667": {
							"post": [0, -5, 0],
							"lerp_mode": "catmullrom"
						},
						"0.2917": {
							"post": [0.98448, 7.43547, 7.56397],
							"lerp_mode": "catmullrom"
						},
						"0.7083": {
							"post": [1.93537, 12.23038, 14.93554],
							"lerp_mode": "catmullrom"
						},
						"1.0": {
							"post": [1.95572, 14.72894, 15.02282],
							"lerp_mode": "catmullrom"
						},
						"1.25": {
							"post": [15.49721, 50.56867, 32.80798],
							"lerp_mode": "catmullrom"
						},
						"1.4167": {
							"post": [-6.56216, 51.9683, 4.75183],
							"lerp_mode": "catmullrom"
						},
						"1.75": {
							"post": [0, 0, 0],
							"lerp_mode": "catmullrom"
						}
					}
				},
				"head": {
					"rotation": {
						"0.0": {
							"post": [5, 0, 0],
							"lerp_mode": "catmullrom"
						},
						"1.5": {
							"post": [5, 0, 0],
							"lerp_mode": "catmullrom"
						},
						"1.5833": {
							"post": [-17.5, 0, 0],
							"lerp_mode": "catmullrom"
						},
						"1.75": {
							"post": [5, 0, 0],
							"lerp_mode": "catmullrom"
						},
						"2.125": {
							"post": [4.9388, -1.05315, 12.06329],
							"lerp_mode": "catmullrom"
						},
						"2.5": {
							"post": [5, 0, 0],
							"lerp_mode": "catmullrom"
						}
					}
				},
				"eyes": {
					"scale": {
						"0.0": [1, 1, 1],
						"1.75": [1, 1, 1]
					}
				},
				"jaw": {
					"rotation": {
						"0.0": {
							"post": [50, 0, 0],
							"lerp_mode": "catmullrom"
						},
						"0.5417": {
							"post": [0, 0, 0],
							"lerp_mode": "catmullrom"
						},
						"1.5417": {
							"post": [6.69, 0, 0],
							"lerp_mode": "catmullrom"
						},
						"1.75": {
							"post": [50, 0, 0],
							"lerp_mode": "catmullrom"
						},
						"2.0": {
							"post": [2.5, 0, 0],
							"lerp_mode": "catmullrom"
						},
						"2.2083": {
							"post": [2.5, 0, 0],
							"lerp_mode": "catmullrom"
						},
						"2.375": {
							"post": [50, 0, 0],
							"lerp_mode": "catmullrom"
						}
					}
				}
			}
		},
		"animation.blazera.recoil": {
			"animation_length": 0.4583,
			"bones": {
				"torso": {
					"rotation": {
						"0.0": [0, 0, 0],
						"0.125": [-5, 0, 0],
						"0.25": [2.5, 0, 0],
						"0.4583": [0, 0, 0]
					}
				},
				"head": {
					"rotation": {
						"0.0": [0, 0, 0],
						"0.0417": [8.29259, 29.10345, 3.89528],
						"0.125": [5.3808, 9.13624, -14.07749],
						"0.25": [0, 0, 0],
						"0.4583": [0, 0, 0]
					}
				},
				"eyes": {
					"scale": {
						"0.0": [1, 1, 1],
						"0.0417": [0.8, 1, 1],
						"0.25": [0.8, 1, 1],
						"0.2917": [1, 1, 1]
					}
				},
				"jaw": {
					"rotation": {
						"0.0": [0, 0, 0],
						"0.125": [10, 0, 0],
						"0.2917": [0, 0, 0]
					}
				}
			}
		},
		"animation.blazera.blink": {
			"animation_length": 0.25,
			"bones": {
				"eyes": {
					"scale": {
						"0.0": [1, 1, 1],
						"0.0417": [0.8, 1, 1],
						"0.2083": [0.8, 1, 1],
						"0.25": [1, 1, 1]
					}
				}
			}
		}
	}
}