{
	"format_version": "1.12.0",
	"minecraft:geometry": [
		{
			"description": {
				"identifier": "geometry.porygon2",
				"texture_width": 64,
				"texture_height": 64,
				"visible_bounds_width": 39,
				"visible_bounds_height": 3,
				"visible_bounds_offset": [0, 0.5, 0]
			},
			"bones": [
				{
					"name": "porygon2",
					"pivot": [0, 0, 0]
				},
				{
					"name": "body",
					"parent": "porygon2",
					"pivot": [0, 0, 0]
				},
				{
					"name": "torso",
					"parent": "body",
					"pivot": [0, 5, 0],
					"cubes": [
						{"origin": [-5, 1, -5.5], "size": [10, 6, 10], "uv": [0, 0]},
						{"origin": [0, 7, -2.5], "size": [0, 3, 7], "uv": [0, 22]},
						{"origin": [0, 7, 0], "size": [0, 3, 2], "uv": [6, 4]}
					]
				},
				{
					"name": "neck",
					"parent": "torso",
					"pivot": [0, 6, -3.5],
					"cubes": [
						{"origin": [-1.5, 6, -5], "size": [3, 5, 3], "uv": [39, 42]}
					]
				},
				{
					"name": "head",
					"parent": "neck",
					"pivot": [0, 10, -3.5],
					"cubes": [
						{"origin": [-3.5, 10, -7], "size": [7, 5, 6], "uv": [0, 33]},
						{"origin": [0, 14, -7], "size": [0, 5, 6], "uv": [0, 38]}
					]
				},
				{
					"name": "head_accent",
					"parent": "head",
					"pivot": [0, 0, 0]
				},
				{
					"name": "eyes",
					"parent": "head",
					"pivot": [0, 0, 0]
				},
				{
					"name": "eye_left",
					"parent": "eyes",
					"pivot": [3.55, 12.52615, -5.04886],
					"rotation": [-5, 0, 0],
					"cubes": [
						{"origin": [3.51, 10.52615, -6.54886], "size": [0, 4, 3], "uv": [0, 29]}
					]
				},
				{
					"name": "pupil_left",
					"parent": "eye_left",
					"pivot": [3.52, 12.52615, -5.54886],
					"cubes": [
						{"origin": [3.52, 11.52615, -6.04886], "size": [0, 2, 1], "uv": [7, 0]}
					]
				},
				{
					"name": "eye_right",
					"parent": "eyes",
					"pivot": [-3.55, 12.52615, -5.04886],
					"rotation": [-5, 0, 0],
					"cubes": [
						{"origin": [-3.51, 10.52615, -6.54886], "size": [0, 4, 3], "uv": [0, 3]}
					]
				},
				{
					"name": "pupil_right",
					"parent": "eye_right",
					"pivot": [-3.52, 12.52615, -5.54886],
					"cubes": [
						{"origin": [-3.52, 11.52615, -6.04886], "size": [0, 2, 1], "uv": [0, 0]}
					]
				},
				{
					"name": "beak",
					"parent": "head",
					"pivot": [0, 11.75, -7],
					"cubes": [
						{"origin": [-2, 10.75, -12], "size": [4, 2, 5], "inflate": 0.01, "uv": [21, 41]},
						{"origin": [2, 10.25, -9.5], "size": [0, 1, 1], "pivot": [2, 10.75, -9], "rotation": [-45, 0, 0], "uv": [8, 8]},
						{"origin": [-2, 10.25, -9.5], "size": [0, 1, 1], "pivot": [-2, 10.75, -9], "rotation": [-45, 0, 0], "uv": [6, 8]}
					]
				},
				{
					"name": "legs",
					"parent": "torso",
					"pivot": [0, 4, 0]
				},
				{
					"name": "leg_left",
					"parent": "legs",
					"pivot": [5, 4, 1.75],
					"cubes": [
						{"origin": [6.5, 2, -4.75], "size": [5, 4, 9], "uv": [19, 20]},
						{"origin": [7, 3, 4.25], "size": [4, 2, 5], "pivot": [11, 4, 4.25], "rotation": [0, -25, 0], "uv": [38, 19]},
						{"origin": [7.5, 4, 9.25], "size": [3, 0, 2], "pivot": [11, 4, 4.25], "rotation": [0, -25, 0], "uv": [22, 16]},
						{"origin": [4.5, 3.5, -3.75], "size": [2, 1, 6], "uv": [41, 27]}
					]
				},
				{
					"name": "hand_left",
					"parent": "leg_left",
					"pivot": [8.5, 3.5, -4.75],
					"cubes": [
						{"origin": [7, 2.5, -6.75], "size": [3, 2, 3], "uv": [46, 5]}
					]
				},
				{
					"name": "leg_right",
					"parent": "legs",
					"pivot": [-5, 4, 1.75],
					"cubes": [
						{"origin": [-11.5, 2, -4.75], "size": [5, 4, 9], "uv": [0, 16]},
						{"origin": [-11, 3, 4.25], "size": [4, 2, 5], "pivot": [-11, 4, 4.25], "rotation": [0, 25, 0], "uv": [30, 0]},
						{"origin": [-10.5, 4, 9.25], "size": [3, 0, 2], "pivot": [-11, 4, 4.25], "rotation": [0, 25, 0], "uv": [0, 22]},
						{"origin": [-6.5, 3.5, -3.75], "size": [2, 1, 6], "uv": [40, 35]}
					]
				},
				{
					"name": "hand_right",
					"parent": "leg_right",
					"pivot": [-8.5, 3.5, -4.75],
					"cubes": [
						{"origin": [-10, 2.5, -6.75], "size": [3, 2, 3], "uv": [43, 0]}
					]
				},
				{
					"name": "tail",
					"parent": "body",
					"pivot": [0, 1, 3.5],
					"rotation": [-60, 0, 0],
					"cubes": [
						{"origin": [-1, 0, 2.25], "size": [2, 2, 4], "uv": [12, 44]}
					]
				},
				{
					"name": "tail2",
					"parent": "tail",
					"pivot": [0, 2, 6.15],
					"cubes": [
						{"origin": [-1.5, -0.5, 6.25], "size": [3, 3, 9], "uv": [31, 7]}
					]
				},
				{
					"name": "tail3",
					"parent": "tail2",
					"pivot": [0.5, 2.5, 15.15],
					"cubes": [
						{"origin": [-2.5, -0.5, 15.15], "size": [5, 3, 5], "inflate": 0.01, "uv": [26, 33]}
					]
				},
				{
					"name": "claw1",
					"parent": "tail3",
					"pivot": [0, 1, 20.15],
					"cubes": [
						{"origin": [-1, -0.5, 20.15], "size": [2, 3, 3], "uv": [0, 0]}
					]
				},
				{
					"name": "claw_end1",
					"parent": "claw1",
					"pivot": [0, -0.5, 23.15],
					"cubes": [
						{"origin": [0, -0.5, 23.15], "size": [0, 3, 3], "uv": [20, 30]}
					]
				},
				{
					"name": "claw2",
					"parent": "tail3",
					"pivot": [2, 1, 19.15],
					"cubes": [
						{"origin": [1.5, -0.5, 19.15], "size": [1, 3, 3], "uv": [19, 16]}
					]
				},
				{
					"name": "claw_end2",
					"parent": "claw2",
					"pivot": [2, -0.5, 22.15],
					"cubes": [
						{"origin": [2, -0.5, 22.15], "size": [0, 3, 3], "uv": [30, 4]}
					]
				},
				{
					"name": "claw3",
					"parent": "tail3",
					"pivot": [-2, 1, 19.15],
					"cubes": [
						{"origin": [-2.5, -0.5, 19.15], "size": [1, 3, 3], "uv": [0, 16]}
					]
				},
				{
					"name": "claw_end3",
					"parent": "claw3",
					"pivot": [-2, -0.5, 22.15],
					"cubes": [
						{"origin": [-2, -0.5, 22.15], "size": [0, 3, 3], "uv": [19, 19]}
					]
				}
			]
		}
	]
}