{
	"format_version": "1.12.0",
	"minecraft:geometry": [
		{
			"description": {
				"identifier": "geometry.unknown",
				"texture_width": 128,
				"texture_height": 128,
				"visible_bounds_width": 4,
				"visible_bounds_height": 2.5,
				"visible_bounds_offset": [0, 0.75, 0]
			},
			"bones": [
				{
					"name": "psyking",
					"pivot": [0, 0, 0]
				},
				{
					"name": "body",
					"parent": "psyking",
					"pivot": [0.5, 3, 0]
				},
				{
					"name": "torso",
					"parent": "body",
					"pivot": [0.5, 11, 1],
					"cubes": [
						{"origin": [-2.5, 10, -1.3], "size": [0, 6, 12], "uv": [0, 24]},
						{"origin": [2.5, 10, -1.3], "size": [0, 6, 12], "uv": [24, 24]},
						{"origin": [-2.5, 10, 10.7], "size": [5, 6, 0], "uv": [23, 52]},
						{"origin": [-2.5, 10, -1.3], "size": [5, 0, 12], "uv": [26, 1]},
						{"origin": [-2.5, 16, -1.3], "size": [5, 0, 12], "uv": [0, 12]}
					]
				},
				{
					"name": "ectoplasm",
					"parent": "torso",
					"pivot": [0.5, 11, 1],
					"cubes": [
						{"origin": [-2, 11, -1.1], "size": [4, 4, 11], "inflate": 0.2, "uv": [78, 70]}
					]
				},
				{
					"name": "plasma",
					"parent": "ectoplasm",
					"pivot": [0, 11, 1],
					"cubes": [
						{"origin": [-2, 11, -1], "size": [4, 4, 11], "uv": [48, 81]}
					]
				},
				{
					"name": "tail",
					"parent": "torso",
					"pivot": [0.5, 15, 9.7],
					"cubes": [
						{"origin": [-1.5, 16, 10.7], "size": [3, 0, 7], "uv": [102, 8]}
					]
				},
				{
					"name": "tail2",
					"parent": "tail",
					"pivot": [-1.5, 16, 10.7],
					"rotation": [0, 17.5, 0],
					"cubes": [
						{"origin": [-1.5, 13, 10.7], "size": [0, 3, 5], "uv": [100, 17]}
					]
				},
				{
					"name": "tail3",
					"parent": "tail",
					"pivot": [1.5, 16, 10.7],
					"rotation": [0, -17.5, 0],
					"cubes": [
						{"origin": [1.5, 13, 10.7], "size": [0, 3, 5], "uv": [117, 11]}
					]
				},
				{
					"name": "leg_back_left",
					"parent": "torso",
					"pivot": [2.5, 13, 7],
					"cubes": [
						{"origin": [4, 7.5, 4], "size": [0, 7, 6], "uv": [94, 5]},
						{"origin": [1, 7.5, 4], "size": [3, 7, 0], "uv": [88, 33]},
						{"origin": [1, 7.5, 10], "size": [3, 7, 0], "uv": [82, 87]},
						{"origin": [1, 7.5, 4], "size": [3, 0, 6], "uv": [52, 72]},
						{"origin": [1, 14.5, 4], "size": [3, 0, 6], "uv": [66, 73]},
						{"origin": [1, 7.5, 4], "size": [0, 7, 6], "uv": [94, -3]}
					]
				},
				{
					"name": "leg_back_left_ectoplasm",
					"parent": "leg_back_left",
					"pivot": [2.5, 11, 8],
					"cubes": [
						{"origin": [1.5, 8, 4.5], "size": [2, 6, 5], "inflate": 0.2, "uv": [79, 0]}
					]
				},
				{
					"name": "leg_back_left_plasma",
					"parent": "leg_back_left_ectoplasm",
					"pivot": [2.5, 11, 8],
					"cubes": [
						{"origin": [1.5, 8, 4.5], "size": [2, 6, 5], "uv": [47, 99]}
					]
				},
				{
					"name": "leg_back_left2",
					"parent": "leg_back_left",
					"pivot": [2.5, 7.5, 7.8],
					"cubes": [
						{"origin": [3.5, 5.5, 4.8], "size": [0, 2, 3], "uv": [26, -1]},
						{"origin": [1.5, 5.5, 4.8], "size": [0, 2, 3], "uv": [18, 5]},
						{"origin": [1.5, 5.5, 4.8], "size": [2, 2, 0], "uv": [5, 16]},
						{"origin": [1.5, 5.5, 7.8], "size": [2, 2, 0], "uv": [17, 27]}
					]
				},
				{
					"name": "leg_back_right",
					"parent": "torso",
					"pivot": [-2.5, 13, 7],
					"cubes": [
						{"origin": [-4, 7.5, 4], "size": [0, 7, 6], "uv": [94, 5], "mirror": true},
						{"origin": [-4, 7.5, 4], "size": [3, 7, 0], "uv": [88, 33], "mirror": true},
						{"origin": [-4, 7.5, 10], "size": [3, 7, 0], "uv": [82, 87], "mirror": true},
						{"origin": [-4, 7.5, 4], "size": [3, 0, 6], "uv": [52, 72], "mirror": true},
						{"origin": [-4, 14.5, 4], "size": [3, 0, 6], "uv": [66, 73], "mirror": true},
						{"origin": [-1, 7.5, 4], "size": [0, 7, 6], "uv": [94, -3], "mirror": true}
					]
				},
				{
					"name": "leg_back_right_ectoplasm",
					"parent": "leg_back_right",
					"pivot": [-2.5, 11, 8],
					"cubes": [
						{"origin": [-3.5, 8, 4.5], "size": [2, 6, 5], "inflate": 0.2, "uv": [79, 0], "mirror": true}
					]
				},
				{
					"name": "leg_back_right_plasma",
					"parent": "leg_back_right_ectoplasm",
					"pivot": [-2.5, 11, 8],
					"cubes": [
						{"origin": [-3.5, 8, 4.5], "size": [2, 6, 5], "uv": [47, 99], "mirror": true}
					]
				},
				{
					"name": "leg_back_right2",
					"parent": "leg_back_right",
					"pivot": [-2.5, 7.5, 7.8],
					"cubes": [
						{"origin": [-3.5, 5.5, 4.8], "size": [0, 2, 3], "uv": [26, -1], "mirror": true},
						{"origin": [-1.5, 5.5, 4.8], "size": [0, 2, 3], "uv": [18, 5], "mirror": true},
						{"origin": [-3.5, 5.5, 4.8], "size": [2, 2, 0], "uv": [5, 16], "mirror": true},
						{"origin": [-3.5, 5.5, 7.8], "size": [2, 2, 0], "uv": [17, 27], "mirror": true}
					]
				},
				{
					"name": "chest",
					"parent": "torso",
					"pivot": [0.5, 12, -2],
					"cubes": [
						{"origin": [3, 9.5, -7], "size": [0, 7, 6], "uv": [66, 55]},
						{"origin": [-3, 9.5, -7], "size": [0, 7, 6], "uv": [71, 43], "mirror": true},
						{"origin": [-3, 9.5, -1], "size": [6, 7, 0], "uv": [107, 52], "mirror": true},
						{"origin": [-3, 9.5, -7], "size": [6, 7, 0], "uv": [108, 65], "mirror": true},
						{"origin": [-3, 16.5, -7], "size": [6, 0, 6], "uv": [109, 31], "mirror": true},
						{"origin": [-3, 9.5, -7], "size": [6, 0, 6], "uv": [94, 29], "mirror": true}
					]
				},
				{
					"name": "chest_ectoplasm",
					"parent": "chest",
					"pivot": [0.5, 12, -2],
					"cubes": [
						{"origin": [-2.5, 10, -6.5], "size": [5, 6, 5], "inflate": 0.2, "uv": [35, 61]}
					]
				},
				{
					"name": "chest_plasma",
					"parent": "chest_ectoplasm",
					"pivot": [0.5, 12, -2],
					"cubes": [
						{"origin": [-2.5, 10, -6.5], "size": [5, 6, 5], "uv": [24, 80]}
					]
				},
				{
					"name": "neck",
					"parent": "chest",
					"pivot": [0.5, 15, -7],
					"cubes": [
						{"origin": [-1.5, 15, -9], "size": [3, 2, 4], "uv": [75, 15]}
					]
				},
				{
					"name": "head",
					"parent": "neck",
					"pivot": [0, 16.1, -8.5],
					"cubes": [
						{"origin": [-3, 14.1, -11.5], "size": [6, 3, 3], "uv": [3, 118]},
						{"origin": [2.1177, 16.1, -14.42231], "size": [1, 1, 4], "inflate": 0.02, "pivot": [2.1, 17.1, -10.4], "rotation": [0, 12.5, 0], "uv": [28, 110]},
						{"origin": [-3.1177, 16.1, -14.42231], "size": [1, 1, 4], "inflate": 0.02, "pivot": [-2.1, 17.1, -10.4], "rotation": [0, -12.5, 0], "uv": [28, 110], "mirror": true},
						{"origin": [-2.5, 13.4, -11.2], "size": [5, 1, 2], "uv": [4, 110]}
					]
				},
				{
					"name": "muzzle",
					"parent": "head",
					"pivot": [-0.5, 14.5, -12.5],
					"cubes": [
						{"origin": [-1.5, 14.5, -15.5], "size": [3, 2, 4], "inflate": 0.01, "uv": [4, 76]},
						{"origin": [0.5, 14.5, -16.5], "size": [2, 2, 5], "pivot": [2.5, 14.5, -11.5], "rotation": [0, 14, 0], "uv": [13, 67]},
						{"origin": [-2.5, 14.5, -16.5], "size": [2, 2, 5], "pivot": [-2.5, 14.5, -11.5], "rotation": [0, -14, 0], "uv": [13, 67], "mirror": true},
						{"origin": [-0.5, 15.5, -16.8], "size": [1, 1, 5], "inflate": 0.02, "uv": [4, 52]},
						{"origin": [-1, 14.5, -16.5], "size": [2, 1, 1], "uv": [5, 65]}
					]
				},
				{
					"name": "teeth",
					"parent": "muzzle",
					"pivot": [0.5, 15.1, -14.5],
					"cubes": [
						{"origin": [0.6, 14, -16.3], "size": [0, 1, 1], "pivot": [0.6, 14.5, -15.8], "rotation": [-45, 0, 0], "uv": [90, 97]},
						{"origin": [0.9, 14, -15.3], "size": [0, 1, 1], "inflate": 0.01, "pivot": [0.9, 14.5, -14.8], "rotation": [-45, 0, 0], "uv": [90, 102]},
						{"origin": [0.9, 14, -13.3], "size": [0, 1, 1], "inflate": 0.01, "pivot": [0.9, 14.5, -12.8], "rotation": [-45, 0, 0], "uv": [90, 111]},
						{"origin": [-0.9, 14, -13.3], "size": [0, 1, 1], "inflate": 0.01, "pivot": [-0.9, 14.5, -12.8], "rotation": [-45, 0, 0], "uv": [90, 111], "mirror": true},
						{"origin": [-0.9, 14, -15.3], "size": [0, 1, 1], "inflate": 0.01, "pivot": [-0.9, 14.5, -14.8], "rotation": [45, 0, 0], "uv": [90, 102]},
						{"origin": [0.9, 14, -14.3], "size": [0, 1, 1], "pivot": [0.9, 14.5, -13.8], "rotation": [-45, 0, 0], "uv": [90, 106]},
						{"origin": [0.9, 14, -12.3], "size": [0, 1, 1], "pivot": [0.9, 14.5, -11.8], "rotation": [-45, 0, 0], "uv": [90, 115]},
						{"origin": [-0.9, 14, -12.3], "size": [0, 1, 1], "pivot": [-0.9, 14.5, -11.8], "rotation": [-45, 0, 0], "uv": [90, 115], "mirror": true},
						{"origin": [-0.9, 14, -14.3], "size": [0, 1, 1], "pivot": [-0.9, 14.5, -13.8], "rotation": [45, 0, 0], "uv": [90, 106]},
						{"origin": [-0.6, 14, -16.3], "size": [0, 1, 1], "pivot": [-0.6, 14.5, -15.8], "rotation": [45, 0, 0], "uv": [90, 97]}
					]
				},
				{
					"name": "jaw",
					"parent": "head",
					"pivot": [0, 14.5, -10.5],
					"cubes": [
						{"origin": [-1.5, 13.5, -15.5], "size": [3, 1, 5], "uv": [0, 93]},
						{"origin": [-1.5, 13.1, -13.5], "size": [3, 1, 3], "inflate": 0.01, "uv": [4, 86]}
					]
				},
				{
					"name": "teeth2",
					"parent": "jaw",
					"pivot": [0.5, 15.1, -13.5],
					"cubes": [
						{"origin": [0.9, 14, -15.3], "size": [0, 1, 1], "pivot": [0.9, 14.5, -14.8], "rotation": [-45, 0, 0], "uv": [90, 97]},
						{"origin": [1.2, 14, -14.3], "size": [0, 1, 1], "inflate": 0.01, "pivot": [1.2, 14.5, -13.8], "rotation": [-45, 0, 0], "uv": [90, 102]},
						{"origin": [1.2, 14, -12.3], "size": [0, 1, 1], "inflate": 0.01, "pivot": [1.2, 14.5, -11.8], "rotation": [-45, 0, 0], "uv": [90, 111]},
						{"origin": [-1.2, 14, -12.3], "size": [0, 1, 1], "inflate": 0.01, "pivot": [-1.2, 14.5, -11.8], "rotation": [-45, 0, 0], "uv": [90, 111], "mirror": true},
						{"origin": [-1.2, 14, -14.3], "size": [0, 1, 1], "inflate": 0.01, "pivot": [-1.2, 14.5, -13.8], "rotation": [45, 0, 0], "uv": [90, 102]},
						{"origin": [1.2, 14, -13.3], "size": [0, 1, 1], "pivot": [1.2, 14.5, -12.8], "rotation": [-45, 0, 0], "uv": [90, 106]},
						{"origin": [-1.2, 14, -13.3], "size": [0, 1, 1], "pivot": [-1.2, 14.5, -12.8], "rotation": [45, 0, 0], "uv": [90, 106]},
						{"origin": [-0.9, 14, -15.3], "size": [0, 1, 1], "pivot": [-0.9, 14.5, -14.8], "rotation": [45, 0, 0], "uv": [90, 97]}
					]
				},
				{
					"name": "tongue",
					"parent": "jaw",
					"pivot": [0, 14.6, -11.5],
					"cubes": [
						{"origin": [-0.5, 14.6, -13.5], "size": [1, 0, 2], "uv": [110, 96]}
					]
				},
				{
					"name": "tongue2",
					"parent": "tongue",
					"pivot": [0, 14.6, -13.5],
					"cubes": [
						{"origin": [-0.5, 14.6, -15.5], "size": [1, 0, 2], "uv": [101, 99]}
					]
				},
				{
					"name": "tongue3",
					"parent": "tongue2",
					"pivot": [0, 14.6, -15.5],
					"cubes": [
						{"origin": [-0.5, 14.6, -17.5], "size": [1, 0, 2], "uv": [113, 90]}
					]
				},
				{
					"name": "tongue_right",
					"parent": "tongue3",
					"pivot": [0, 14.6, -17],
					"rotation": [0, -45, 0],
					"cubes": [
						{"origin": [-1, 14.6, -18], "size": [1, 0, 1], "inflate": 0.01, "uv": [117, 79], "mirror": true}
					]
				},
				{
					"name": "tongue_right2",
					"parent": "tongue_right",
					"pivot": [-1, 14.6, -17],
					"cubes": [
						{"origin": [-2, 14.6, -18], "size": [1, 0, 1], "uv": [121, 82], "mirror": true}
					]
				},
				{
					"name": "tongue_left",
					"parent": "tongue3",
					"pivot": [0, 14.6, -17],
					"rotation": [0, 45, 0],
					"cubes": [
						{"origin": [0, 14.6, -18], "size": [1, 0, 1], "inflate": 0.01, "uv": [117, 79]}
					]
				},
				{
					"name": "tongue_left2",
					"parent": "tongue_left",
					"pivot": [1, 14.6, -17],
					"cubes": [
						{"origin": [1, 14.6, -18], "size": [1, 0, 1], "uv": [121, 82]}
					]
				},
				{
					"name": "eye_left",
					"parent": "head",
					"pivot": [2.1, 16.4, -13.4],
					"rotation": [20, 14, 0],
					"cubes": [
						{"origin": [2.05, 15.4, -14.4], "size": [0, 1, 2], "uv": [77, 99]},
						{"origin": [2.04, 15.1, -14.9], "size": [0, 1, 4], "uv": [75, 100]}
					]
				},
				{
					"name": "pupil_left",
					"parent": "eye_left",
					"pivot": [2.1, 16.4, -14],
					"cubes": [
						{"origin": [2.06, 15.4, -15], "size": [0, 1, 1], "pivot": [0.1, 13.4, -13], "rotation": [-20, 0, 0], "uv": [77, 112]},
						{"origin": [2.03, 15.5, -15.73], "size": [0, 1, 1], "pivot": [0.1, 13.5, -13.8], "rotation": [-20, 0, 0], "uv": [68, 108]}
					]
				},
				{
					"name": "eyelid_left",
					"parent": "eye_left",
					"pivot": [1.9, 16.4, -13.4],
					"cubes": [
						{"origin": [1.85, 15.4, -14.4], "size": [0, 1, 2], "inflate": 0.01, "uv": [46, 115]}
					]
				},
				{
					"name": "eye_right",
					"parent": "head",
					"pivot": [-2.1, 16.4, -13.4],
					"rotation": [20, -14, 0],
					"cubes": [
						{"origin": [-2.05, 15.4, -14.4], "size": [0, 1, 2], "uv": [77, 99], "mirror": true},
						{"origin": [-2.04, 15.1, -14.9], "size": [0, 1, 4], "uv": [75, 100], "mirror": true}
					]
				},
				{
					"name": "pupil_right",
					"parent": "eye_right",
					"pivot": [-2.1, 16.4, -14],
					"cubes": [
						{"origin": [-2.06, 15.4, -15], "size": [0, 1, 1], "pivot": [-0.1, 13.4, -13], "rotation": [-20, 0, 0], "uv": [77, 112], "mirror": true},
						{"origin": [-2.03, 15.5, -15.73], "size": [0, 1, 1], "pivot": [-0.1, 13.5, -13.8], "rotation": [-20, 0, 0], "uv": [68, 108], "mirror": true}
					]
				},
				{
					"name": "eyelid_right",
					"parent": "eye_right",
					"pivot": [-1.9, 16.4, -13.4],
					"cubes": [
						{"origin": [-1.85, 15.4, -14.4], "size": [0, 1, 2], "inflate": 0.01, "uv": [46, 115], "mirror": true}
					]
				},
				{
					"name": "ear_left",
					"parent": "head",
					"pivot": [1.1, 17.1, -11.5],
					"rotation": [0, 7.5, 0],
					"cubes": [
						{"origin": [1.1, 17.1, -11.5], "size": [2, 0, 7], "uv": [18, 97]},
						{"origin": [3.1, 16.1, -11.5], "size": [0, 1, 5], "uv": [29, 98]}
					]
				},
				{
					"name": "ear_right",
					"parent": "head",
					"pivot": [-1.1, 17.1, -11.5],
					"rotation": [0, -7.5, 0],
					"cubes": [
						{"origin": [-3.1, 17.1, -11.5], "size": [2, 0, 7], "uv": [18, 97], "mirror": true},
						{"origin": [-3.1, 16.1, -11.5], "size": [0, 1, 5], "uv": [29, 98], "mirror": true}
					]
				},
				{
					"name": "leg_front_left",
					"parent": "chest",
					"pivot": [1.5, 12.5, -4],
					"cubes": [
						{"origin": [3.5, 8.5, -6], "size": [0, 5, 4], "uv": [80, 22]},
						{"origin": [0.5, 13.5, -6], "size": [3, 0, 4], "uv": [73, 33]},
						{"origin": [0.5, 8.5, -6], "size": [3, 0, 4], "uv": [85, 44]},
						{"origin": [0.5, 8.5, -6], "size": [3, 5, 0], "uv": [61, 43]},
						{"origin": [0.5, 8.5, -2], "size": [3, 5, 0], "uv": [65, 34]},
						{"origin": [0.5, 8.5, -6], "size": [0, 5, 4], "uv": [64, 18]}
					]
				},
				{
					"name": "leg_front_left_ectoplasm",
					"parent": "leg_front_left",
					"pivot": [2.5, 8.5, -5],
					"cubes": [
						{"origin": [1, 8, -5.5], "size": [2, 5, 3], "inflate": 0.2, "uv": [43, 25]}
					]
				},
				{
					"name": "leg_front_left_plasma",
					"parent": "leg_front_left_ectoplasm",
					"pivot": [2.5, 8.5, -5],
					"cubes": [
						{"origin": [1, 8, -5.5], "size": [2, 5, 3], "inflate": 0.01, "uv": [89, 53]}
					]
				},
				{
					"name": "leg_front_left2",
					"parent": "leg_front_left",
					"pivot": [2, 8.5, -2.2],
					"cubes": [
						{"origin": [0.7, 6.5, -6], "size": [0, 2, 4], "uv": [54, -1]},
						{"origin": [2, 4.5, -5], "size": [0, 2, 3], "uv": [54, 16]},
						{"origin": [3.3, 6.5, -6], "size": [0, 2, 4], "uv": [57, 6]},
						{"origin": [0.5, 6.5, -5.8], "size": [3, 2, 0], "uv": [67, 2]},
						{"origin": [0.5, 6.5, -2.2], "size": [3, 2, 0], "uv": [70, 8]}
					]
				},
				{
					"name": "foot_front_left",
					"parent": "leg_front_left2",
					"pivot": [2, 6.5, -5.8],
					"cubes": [
						{"origin": [1.5, 4.5, -5.8], "size": [1, 2, 0], "uv": [2, 21]},
						{"origin": [2.5, 5.5, -5.8], "size": [2, 1, 0], "pivot": [2.5, 6, -5.8], "rotation": [0, -105, 0], "uv": [2, 28]},
						{"origin": [-0.5, 5.5, -5.8], "size": [2, 1, 0], "pivot": [1.5, 6, -5.8], "rotation": [0, 105, 0], "uv": [1, 27]},
						{"origin": [1, 1.5, -5.8], "size": [2, 3, 0], "uv": [31, 9]},
						{"origin": [3, 2.5, -5.8], "size": [2, 5, 0], "pivot": [3, 2.5, -5.8], "rotation": [0, -40, 0], "uv": [58, 57]},
						{"origin": [-1, 2.5, -5.8], "size": [2, 5, 0], "pivot": [1, 2.5, -5.8], "rotation": [0, 40, 0], "uv": [48, 55]},
						{"origin": [3, 1.5, -5.8], "size": [0, 4, 2], "pivot": [3, 1.5, -5.8], "rotation": [0, 0, -12.5], "uv": [30, 20]},
						{"origin": [1, 1.5, -5.8], "size": [0, 4, 2], "pivot": [1, 1.5, -5.8], "rotation": [0, 0, 12.5], "uv": [30, 20]},
						{"origin": [1.5, -0.5, -5.8], "size": [1, 2, 0], "pivot": [2, 1.5, -5.8], "rotation": [17, 0, 0], "uv": [33, 16]}
					]
				},
				{
					"name": "leg_front_right",
					"parent": "chest",
					"pivot": [-1.5, 12.5, -4],
					"cubes": [
						{"origin": [-3.5, 8.5, -6], "size": [0, 5, 4], "uv": [80, 22], "mirror": true},
						{"origin": [-3.5, 13.5, -6], "size": [3, 0, 4], "uv": [73, 33], "mirror": true},
						{"origin": [-3.5, 8.5, -6], "size": [3, 0, 4], "uv": [85, 44], "mirror": true},
						{"origin": [-3.5, 8.5, -6], "size": [3, 5, 0], "uv": [61, 43], "mirror": true},
						{"origin": [-3.5, 8.5, -2], "size": [3, 5, 0], "uv": [65, 34], "mirror": true},
						{"origin": [-0.5, 8.5, -6], "size": [0, 5, 4], "uv": [64, 18], "mirror": true}
					]
				},
				{
					"name": "leg_front_right_ectoplasm",
					"parent": "leg_front_right",
					"pivot": [-2.5, 8.5, -5],
					"cubes": [
						{"origin": [-3, 8, -5.5], "size": [2, 5, 3], "inflate": 0.2, "uv": [43, 25], "mirror": true}
					]
				},
				{
					"name": "leg_front_right_plasma",
					"parent": "leg_front_right_ectoplasm",
					"pivot": [-2.5, 8.5, -5],
					"cubes": [
						{"origin": [-3, 8, -5.5], "size": [2, 5, 3], "inflate": 0.01, "uv": [89, 53], "mirror": true}
					]
				},
				{
					"name": "leg_front_right2",
					"parent": "leg_front_right",
					"pivot": [-2, 8.5, -2.2],
					"cubes": [
						{"origin": [-0.7, 6.5, -6], "size": [0, 2, 4], "uv": [54, -1], "mirror": true},
						{"origin": [-2, 4.5, -5], "size": [0, 2, 3], "uv": [54, 16], "mirror": true},
						{"origin": [-3.3, 6.5, -6], "size": [0, 2, 4], "uv": [57, 6], "mirror": true},
						{"origin": [-3.5, 6.5, -5.8], "size": [3, 2, 0], "uv": [67, 2], "mirror": true},
						{"origin": [-3.5, 6.5, -2.2], "size": [3, 2, 0], "uv": [70, 8], "mirror": true}
					]
				},
				{
					"name": "foot_front_right",
					"parent": "leg_front_right2",
					"pivot": [-2, 6.5, -5.8],
					"cubes": [
						{"origin": [-2.5, 4.5, -5.8], "size": [1, 2, 0], "uv": [2, 21], "mirror": true},
						{"origin": [-4.5, 5.5, -5.8], "size": [2, 1, 0], "pivot": [-2.5, 6, -5.8], "rotation": [0, 105, 0], "uv": [2, 28], "mirror": true},
						{"origin": [-1.5, 5.5, -5.8], "size": [2, 1, 0], "pivot": [-1.5, 6, -5.8], "rotation": [0, -105, 0], "uv": [1, 27], "mirror": true},
						{"origin": [-3, 1.5, -5.8], "size": [2, 3, 0], "uv": [31, 9], "mirror": true},
						{"origin": [-5, 2.5, -5.8], "size": [2, 5, 0], "pivot": [-3, 2.5, -5.8], "rotation": [0, 40, 0], "uv": [58, 57], "mirror": true},
						{"origin": [-1, 2.5, -5.8], "size": [2, 5, 0], "pivot": [-1, 2.5, -5.8], "rotation": [0, -40, 0], "uv": [48, 55], "mirror": true},
						{"origin": [-3, 1.5, -5.8], "size": [0, 4, 2], "pivot": [-3, 1.5, -5.8], "rotation": [0, 0, 12.5], "uv": [30, 20], "mirror": true},
						{"origin": [-1, 1.5, -5.8], "size": [0, 4, 2], "pivot": [-1, 1.5, -5.8], "rotation": [0, 0, -12.5], "uv": [30, 20], "mirror": true},
						{"origin": [-2.5, -0.5, -5.8], "size": [1, 2, 0], "pivot": [-2, 1.5, -5.8], "rotation": [17, 0, 0], "uv": [33, 16], "mirror": true}
					]
				}
			]
		}
	]
}