{
	"format_version": "1.12.0",
	"minecraft:geometry": [
		{
			"description": {
				"identifier": "geometry.whiscash",
				"texture_width": 128,
				"texture_height": 128,
				"visible_bounds_width": 9,
				"visible_bounds_height": 3.5,
				"visible_bounds_offset": [0, 1.25, 0]
			},
			"bones": [
				{
					"name": "shibirefugu",
					"pivot": [0, 0, 0]
				},
				{
					"name": "body",
					"parent": "shibirefugu",
					"pivot": [0, 13, -9]
				},
				{
					"name": "torso",
					"parent": "body",
					"pivot": [0, 11.5, 1.75],
					"cubes": [
						{"origin": [-12, 4, -20], "size": [24, 16, 23], "uv": [0, 0]},
						{"origin": [-11, 7.7, -22.5], "size": [22, 3, 3], "inflate": 0.01, "uv": [41, 39]},
						{"origin": [-3.5, 12.5, -20.03], "size": [7, 7, 0], "uv": [68, 54]}
					]
				},
				{
					"name": "jaw",
					"parent": "torso",
					"pivot": [0, 8.5, -21.5],
					"cubes": [
						{"origin": [-11, 6, -22.5], "size": [22, 2, 3], "inflate": 0.01, "uv": [50, 45]}
					]
				},
				{
					"name": "mouth_opening",
					"parent": "jaw",
					"pivot": [0, -1, -9.1],
					"cubes": [
						{"origin": [-11, 6, -20.1], "size": [22, 4, 0], "uv": [50, 50]},
						{"origin": [9, 7, -22.5], "size": [3, 4, 3], "uv": [57, 78]},
						{"origin": [-12, 7, -22.5], "size": [3, 4, 3], "uv": [45, 78]}
					]
				},
				{
					"name": "eye_right",
					"parent": "torso",
					"pivot": [-8.51, 14, -18.01],
					"rotation": [0, 0, 5],
					"cubes": [
						{"origin": [-7.8, 9.8, -20.02], "size": [4, 4, 3], "inflate": -0.01, "pivot": [-16, 2, 0], "rotation": [0, 0, -15], "uv": [73, 65]}
					]
				},
				{
					"name": "pupil_right",
					"parent": "eye_right",
					"pivot": [-8.51, 14, -18.01],
					"cubes": [
						{"origin": [-9.51, 13.4, -20.03], "size": [2, 2, 0], "inflate": 0.01, "pivot": [-8.51, 13, -22.01], "rotation": [0, 0, -5], "uv": [4, 21]}
					]
				},
				{
					"name": "prong_right",
					"parent": "pupil_right",
					"pivot": [-8.51, 14, -18.01],
					"cubes": [
						{"origin": [-8.51, 13.95, -21.03], "size": [0, 1, 1], "pivot": [-7.51, 13, -22.01], "rotation": [0, 0, -5], "uv": [4, 0]}
					]
				},
				{
					"name": "eyelid_right",
					"parent": "eye_right",
					"pivot": [-8.41, 14, -17.91],
					"cubes": [
						{"origin": [-7.7, 9.8, -20], "size": [4, 4, 3], "pivot": [-16, 2, 0], "rotation": [0, 0, -15], "uv": [71, 0]}
					]
				},
				{
					"name": "eye_left",
					"parent": "torso",
					"pivot": [8.51, 14, -18.01],
					"rotation": [0, 0, -5],
					"cubes": [
						{"origin": [3.8, 9.8, -20.02], "size": [4, 4, 3], "inflate": -0.01, "pivot": [16, 2, 0], "rotation": [0, 0, 15], "uv": [73, 65], "mirror": true}
					]
				},
				{
					"name": "pupil_left",
					"parent": "eye_left",
					"pivot": [8.51, 14, -18.01],
					"cubes": [
						{"origin": [7.51, 13.4, -20.03], "size": [2, 2, 0], "inflate": 0.01, "pivot": [8.51, 13, -22.01], "rotation": [0, 0, 5], "uv": [0, 21]}
					]
				},
				{
					"name": "prong_left",
					"parent": "pupil_left",
					"pivot": [8.51, 14, -18.01],
					"cubes": [
						{"origin": [8.51, 13.95, -21.03], "size": [0, 1, 1], "pivot": [7.51, 13, -22.01], "rotation": [0, 0, 5], "uv": [0, 4]}
					]
				},
				{
					"name": "eyelid_left",
					"parent": "eye_left",
					"pivot": [8.41, 14, -17.91],
					"cubes": [
						{"origin": [3.7, 9.8, -20], "size": [4, 4, 3], "pivot": [16, 2, 0], "rotation": [0, 0, 15], "uv": [71, 14], "mirror": true}
					]
				},
				{
					"name": "tail",
					"parent": "torso",
					"pivot": [0, 10, 1],
					"cubes": [
						{"origin": [-8, 4.5, 1], "size": [16, 11, 9], "uv": [0, 39]}
					]
				},
				{
					"name": "tail2",
					"parent": "tail",
					"pivot": [0, 8.5, 8],
					"cubes": [
						{"origin": [-4.5, 5.5, 8], "size": [9, 7, 7], "uv": [43, 54]}
					]
				},
				{
					"name": "tail3",
					"parent": "tail2",
					"pivot": [0, 9, 13],
					"cubes": [
						{"origin": [-2, 7, 13], "size": [4, 4, 6], "uv": [0, 0]}
					]
				},
				{
					"name": "tail4",
					"parent": "tail3",
					"pivot": [0, 9, 19.75],
					"rotation": [0, 0, 90],
					"cubes": [
						{"origin": [-1, 6, 17.75], "size": [2, 6, 2], "uv": [15, 59]}
					]
				},
				{
					"name": "tail5",
					"parent": "tail4",
					"pivot": [0, 9, 21],
					"cubes": [
						{"origin": [-1.5, 4, 19], "size": [3, 10, 9], "uv": [0, 59]}
					]
				},
				{
					"name": "spikes",
					"parent": "torso",
					"pivot": [0, 11.5, 2.75]
				},
				{
					"name": "spike_back_bottom_left",
					"parent": "spikes",
					"pivot": [10, 7, 1],
					"rotation": [-30, 0, 125],
					"cubes": [
						{"origin": [8.5, 6, -0.5], "size": [3, 7, 3], "uv": [24, 70]},
						{"origin": [9, 12, 0], "size": [2, 5, 2], "uv": [69, 80]}
					]
				},
				{
					"name": "spike_back_bottom_right",
					"parent": "spikes",
					"pivot": [-10, 7, 1],
					"rotation": [-30, 0, -125],
					"cubes": [
						{"origin": [-11.5, 6, -0.5], "size": [3, 7, 3], "uv": [61, 68]},
						{"origin": [-11, 12, 0], "size": [2, 5, 2], "uv": [24, 80]}
					]
				},
				{
					"name": "spike_front_bottom_right_small",
					"parent": "spikes",
					"pivot": [-11.5, 3.75, -20],
					"rotation": [49.01916, 11.43563, -134.77243],
					"cubes": [
						{"origin": [-12.5, 1.75, -21], "size": [2, 4, 2], "uv": [80, 59]},
						{"origin": [-12, 5.75, -20.5], "size": [1, 2, 1], "uv": [19, 9]}
					]
				},
				{
					"name": "spike_front_bottom_left_small",
					"parent": "spikes",
					"pivot": [11.5, 3.75, -20],
					"rotation": [49.01916, -11.43563, 134.77243],
					"cubes": [
						{"origin": [10.5, 1.75, -21], "size": [2, 4, 2], "uv": [14, 0]},
						{"origin": [11, 5.75, -20.5], "size": [1, 2, 1], "uv": [0, 10]}
					]
				},
				{
					"name": "spike_bottom_middle_left",
					"parent": "spikes",
					"pivot": [10, 5.75, -8],
					"rotation": [0, 0, 125],
					"cubes": [
						{"origin": [7.95964, 6.27525, -9.98542], "size": [3, 5, 3], "uv": [33, 78]},
						{"origin": [8.45964, 11.27525, -9.48542], "size": [2, 2, 2], "uv": [14, 19]}
					]
				},
				{
					"name": "spike_bottom_middle_right",
					"parent": "spikes",
					"pivot": [-10, 5.75, -8],
					"rotation": [0, 0, -125],
					"cubes": [
						{"origin": [-10.95964, 6.27525, -9.98542], "size": [3, 5, 3], "uv": [12, 78]},
						{"origin": [-10.45964, 11.27525, -9.48542], "size": [2, 2, 2], "uv": [12, 10]}
					]
				},
				{
					"name": "spike_left",
					"parent": "spikes",
					"pivot": [7, 12, -12],
					"rotation": [0, 0, -90],
					"cubes": [
						{"origin": [5.5, 6, -13.5], "size": [3, 7, 3], "uv": [49, 68]},
						{"origin": [6, 1, -13], "size": [2, 6, 2], "uv": [0, 59]},
						{"origin": [6.5, -2, -12.5], "size": [1, 4, 1], "uv": [16, 14]}
					]
				},
				{
					"name": "spike_right",
					"parent": "spikes",
					"pivot": [-7, 12, -12],
					"rotation": [0, 0, 90],
					"cubes": [
						{"origin": [-8.5, 6, -13.5], "size": [3, 7, 3], "uv": [37, 68]},
						{"origin": [-8, 1, -13], "size": [2, 6, 2], "uv": [0, 39]},
						{"origin": [-7.5, -2, -12.5], "size": [1, 4, 1], "uv": [0, 0]}
					]
				},
				{
					"name": "spike_back_top_left",
					"parent": "spikes",
					"pivot": [8, 18, -7],
					"rotation": [30, 0, -125],
					"cubes": [
						{"origin": [6.5, 12, -9.5], "size": [4, 7, 4], "uv": [24, 59]},
						{"origin": [7, 8, -9], "size": [3, 5, 3], "uv": [0, 78]},
						{"origin": [7.5, 5, -8.5], "size": [2, 3, 2], "uv": [82, 54]}
					]
				},
				{
					"name": "spike_back_top_right",
					"parent": "spikes",
					"pivot": [-8, 18, -7],
					"rotation": [30, 0, 125],
					"cubes": [
						{"origin": [-10.5, 12, -9.5], "size": [4, 7, 4], "uv": [0, 10]},
						{"origin": [-10, 8, -9], "size": [3, 5, 3], "uv": [73, 72]},
						{"origin": [-9.5, 5, -8.5], "size": [2, 3, 2], "uv": [77, 80]}
					]
				}
			]
		}
	]
}