{
	"format_version": "1.12.0",
	"minecraft:geometry": [
		{
			"description": {
				"identifier": "geometry.hueblow",
				"texture_width": 128,
				"texture_height": 128,
				"visible_bounds_width": 5,
				"visible_bounds_height": 3.5,
				"visible_bounds_offset": [0, 1.25, 0]
			},
			"bones": [
				{
					"name": "root",
					"pivot": [0, 0, 0]
				},
				{
					"name": "wing_L",
					"parent": "root",
					"pivot": [2.07131, 6.88991, 4.5],
					"cubes": [
						{"origin": [5.32131, 2.88991, 6.5], "size": [9, 22, 0], "pivot": [9.82131, 13.88991, 6.5], "rotation": [-12.37961, -8.53726, 55.9276], "uv": [0, 31]}
					]
				},
				{
					"name": "wing_R",
					"parent": "root",
					"pivot": [-2.0713, 6.88991, 4.5],
					"cubes": [
						{"origin": [-14.32131, 2.88991, 6.5], "size": [9, 22, 0], "pivot": [-9.82131, 13.88991, 6.5], "rotation": [-12.37961, 8.53726, -55.9276], "uv": [0, 31], "mirror": true}
					]
				},
				{
					"name": "head",
					"parent": "root",
					"pivot": [0.06827, 10.18896, -0.06501],
					"cubes": [
						{"origin": [-3.5, 5, -3.5], "size": [7, 2, 0], "pivot": [0, 7, -3.5], "rotation": [27.5, 0, 0], "uv": [24, 9]},
						{"origin": [0, 8.5, -3.75], "size": [5, 2, 0], "pivot": [1.5, 9.5, -3.75], "rotation": [0, 0, -15], "uv": [24, 11]},
						{"origin": [-3.5, 7, -3.5], "size": [7, 6, 7], "uv": [25, 13]},
						{"origin": [-5, 8.5, -3.75], "size": [5, 2, 0], "pivot": [-1.5, 9.5, -3.75], "rotation": [0, 0, 15], "uv": [24, 26]},
						{"origin": [2.32982, 7.25156, 0.57409], "size": [8, 5, 0], "pivot": [6.32982, 9.75156, 0.57409], "rotation": [4.22913, -18.05156, -19.97703], "uv": [44, 0]},
						{"origin": [-9.92018, 7.25156, 0.57409], "size": [8, 5, 0], "pivot": [-5.92018, 9.75156, 0.57409], "rotation": [3.55831, 16.8773, 20.75402], "uv": [44, 5]}
					]
				},
				{
					"name": "hair",
					"parent": "head",
					"pivot": [0.06691, 12.64538, -0.26026],
					"cubes": [
						{"origin": [0, 10, -5.25], "size": [0, 9, 6], "pivot": [0, 13.5, -2.25], "rotation": [35.57056, -29.97627, 15.10135], "uv": [30, 40]},
						{"origin": [1, 10, -3.25], "size": [0, 10, 6], "pivot": [1, 13.5, -0.25], "rotation": [11.95963, -43.42047, 28.15101], "uv": [18, 40]},
						{"origin": [1, 12, -0.5], "size": [0, 6, 6], "pivot": [1, 15.5, 2.5], "rotation": [-11.43596, -58.95768, 30.12627], "uv": [42, 37]}
					]
				},
				{
					"name": "arm_L",
					"parent": "root",
					"pivot": [11.5, 4.5, 2.5],
					"cubes": [
						{"origin": [8.5, 3, -4.5], "size": [8, 3, 8], "uv": [0, 20]}
					]
				},
				{
					"name": "hand_L",
					"parent": "arm_L",
					"pivot": [12.5, 6, -4.5],
					"cubes": [
						{"origin": [8.5, 3, -7.5], "size": [8, 3, 3], "uv": [37, 37]}
					]
				},
				{
					"name": "thumb_L",
					"parent": "hand_L",
					"pivot": [8.5, 6, -5.5],
					"cubes": [
						{"origin": [5.5, 4, -6.5], "size": [3, 2, 2], "uv": [56, 34]}
					]
				},
				{
					"name": "thumb2_L",
					"parent": "thumb_L",
					"pivot": [5.5, 6, -5.5],
					"cubes": [
						{"origin": [3.5, 4, -6.5], "size": [2, 2, 2], "uv": [0, 13]}
					]
				},
				{
					"name": "palm_L",
					"parent": "hand_L",
					"pivot": [12.5, 6, -7.5],
					"cubes": [
						{"origin": [8.5, 3, -10.5], "size": [8, 3, 3], "uv": [18, 40]}
					]
				},
				{
					"name": "index_L",
					"parent": "palm_L",
					"pivot": [9.5, 6, -10.5],
					"rotation": [0, 10, 0],
					"cubes": [
						{"origin": [8.5, 4, -13.5], "size": [2, 2, 3], "uv": [17, 56]}
					]
				},
				{
					"name": "index2_L",
					"parent": "index_L",
					"pivot": [9.5, 6, -13.5],
					"cubes": [
						{"origin": [8.5, 4, -16.5], "size": [2, 2, 3], "uv": [39, 54]}
					]
				},
				{
					"name": "middle_L",
					"parent": "palm_L",
					"pivot": [11.5, 6, -10.5],
					"rotation": [0, 5, 0],
					"cubes": [
						{"origin": [10.5, 4, -13.5], "size": [2, 2, 3], "uv": [55, 28]}
					]
				},
				{
					"name": "middle2_L",
					"parent": "middle_L",
					"pivot": [11.5, 6, -13.5],
					"cubes": [
						{"origin": [10.5, 4, -16.5], "size": [2, 2, 3], "uv": [53, 17]}
					]
				},
				{
					"name": "ring_L",
					"parent": "palm_L",
					"pivot": [13.5, 6, -10.5],
					"rotation": [0, -5, 0],
					"cubes": [
						{"origin": [12.5, 4, -13.5], "size": [2, 2, 3], "uv": [27, 55]}
					]
				},
				{
					"name": "ring2_L",
					"parent": "ring_L",
					"pivot": [13.5, 6, -13.5],
					"cubes": [
						{"origin": [12.5, 4, -16.5], "size": [2, 2, 3], "uv": [53, 12]}
					]
				},
				{
					"name": "pinky_L",
					"parent": "palm_L",
					"pivot": [15.5, 6, -10.5],
					"rotation": [0, -15, 0],
					"cubes": [
						{"origin": [14.5, 4, -13.5], "size": [2, 2, 3], "uv": [55, 22]}
					]
				},
				{
					"name": "pinky2_L",
					"parent": "pinky_L",
					"pivot": [15.5, 6, -13.5],
					"cubes": [
						{"origin": [14.5, 4, -16.5], "size": [2, 2, 3], "uv": [10, 53]}
					]
				},
				{
					"name": "arm_R",
					"parent": "root",
					"pivot": [-11.5, 4.5, 2.5],
					"cubes": [
						{"origin": [-16.5, 3, -4.5], "size": [8, 3, 8], "uv": [0, 9]}
					]
				},
				{
					"name": "hand_R",
					"parent": "arm_R",
					"pivot": [-12.5, 6, -4.5],
					"cubes": [
						{"origin": [-16.5, 3, -7.5], "size": [8, 3, 3], "uv": [18, 34]}
					]
				},
				{
					"name": "thumb_R",
					"parent": "hand_R",
					"pivot": [-8.5, 6, -5.5],
					"cubes": [
						{"origin": [-8.5, 4, -6.5], "size": [3, 2, 2], "uv": [36, 9]}
					]
				},
				{
					"name": "thumb2_R",
					"parent": "thumb_R",
					"pivot": [-5.5, 6, -5.5],
					"cubes": [
						{"origin": [-5.5, 4, -6.5], "size": [2, 2, 2], "uv": [0, 9]}
					]
				},
				{
					"name": "palm_R",
					"parent": "hand_R",
					"pivot": [-12.5, 6, -7.5],
					"cubes": [
						{"origin": [-16.5, 3, -10.5], "size": [8, 3, 3], "uv": [29, 28]}
					]
				},
				{
					"name": "index_R",
					"parent": "palm_R",
					"pivot": [-9.5, 6, -10.5],
					"rotation": [0, -10, 0],
					"cubes": [
						{"origin": [-10.5, 4, -13.5], "size": [2, 2, 3], "uv": [0, 53]}
					]
				},
				{
					"name": "index2_R",
					"parent": "index_R",
					"pivot": [-9.5, 6, -13.5],
					"cubes": [
						{"origin": [-10.5, 4, -16.5], "size": [2, 2, 3], "uv": [49, 51]}
					]
				},
				{
					"name": "middle_R",
					"parent": "palm_R",
					"pivot": [-11.5, 6, -10.5],
					"rotation": [0, -5, 0],
					"cubes": [
						{"origin": [-12.5, 4, -13.5], "size": [2, 2, 3], "uv": [51, 46]}
					]
				},
				{
					"name": "middle2_R",
					"parent": "middle_R",
					"pivot": [-11.5, 6, -13.5],
					"cubes": [
						{"origin": [-12.5, 4, -16.5], "size": [2, 2, 3], "uv": [42, 49]}
					]
				},
				{
					"name": "ring_R",
					"parent": "palm_R",
					"pivot": [-13.5, 6, -10.5],
					"rotation": [0, 5, 0],
					"cubes": [
						{"origin": [-14.5, 4, -13.5], "size": [2, 2, 3], "uv": [48, 31]}
					]
				},
				{
					"name": "ring2_R",
					"parent": "ring_R",
					"pivot": [-13.5, 6, -13.5],
					"cubes": [
						{"origin": [-14.5, 4, -16.5], "size": [2, 2, 3], "uv": [48, 26]}
					]
				},
				{
					"name": "pinky_R",
					"parent": "palm_R",
					"pivot": [-15.5, 6, -10.5],
					"rotation": [0, 15, 0],
					"cubes": [
						{"origin": [-16.5, 4, -13.5], "size": [2, 2, 3], "uv": [46, 15]}
					]
				},
				{
					"name": "pinky2_R",
					"parent": "pinky_R",
					"pivot": [-15.5, 6, -13.5],
					"cubes": [
						{"origin": [-16.5, 4, -16.5], "size": [2, 2, 3], "uv": [46, 10]}
					]
				}
			]
		}
	]
}