{
	"format_version": "1.8.0",
	"animations": {
		"animation.bouldorc.ground_idle": {
			"loop": true,
			"animation_length": 8,
			"bones": {
				"bone2": {
					"rotation": [0, 0, 30]
				},
				"bone4": {
					"position": [0, "math.sin(query.anim_time * 45) /2", 0]
				},
				"bone": {
					"rotation": [0, 0, -30]
				}
			}
		},
		"animation.bouldorc.ground_walk": {
			"loop": true,
			"animation_length": 4,
			"bones": {
				"bone2": {
					"rotation": [0, 0, 30]
				},
				"bone4": {
					"rotation": [0, "math.sin(query.anim_time * 90) * 3", "math.sin(query.anim_time * 90) * 3"]
				},
				"bone": {
					"rotation": [0, 0, -30]
				},
				"bone6": {
					"rotation": {
						"0.0": [0, 0, 0],
						"1.0": [0, 0, 2.5],
						"2.0": [0, 0, 0],
						"3.0": [0, 0, 2.5],
						"4.0": [0, 0, 0]
					},
					"position": {
						"0.0": [0, 0, 0],
						"1.0": [0.01745, 0.39962, 0],
						"2.0": [0, 0, 0],
						"3.0": [0.01745, 0.39962, 0],
						"4.0": [0, 0, 0]
					}
				},
				"bone7": {
					"rotation": {
						"0.0": [0, 0, 0],
						"1.0": [0, 0, -2.5],
						"2.0": [0, 0, 0],
						"3.0": [0, 0, -2.5],
						"4.0": [0, 0, 0]
					},
					"position": {
						"0.0": [0, 0, 0],
						"1.0": [-0.01745, 0.39962, 0],
						"2.0": [0, 0, 0],
						"3.0": [-0.01745, 0.39962, 0],
						"4.0": [0, 0, 0]
					}
				}
			}
		}
	}
}