{
	"format_version": "1.12.0",
	"minecraft:geometry": [
		{
			"description": {
				"identifier": "geometry.shieldanyte",
				"texture_width": 64,
				"texture_height": 64,
				"visible_bounds_width": 3,
				"visible_bounds_height": 2.5,
				"visible_bounds_offset": [0, 0.75, 0]
			},
			"bones": [
				{
					"name": "shieldanyte",
					"pivot": [0, 0, 0]
				},
				{
					"name": "body",
					"parent": "shieldanyte",
					"pivot": [0, 0, 0]
				},
				{
					"name": "torso",
					"parent": "body",
					"pivot": [0, 3.15, 0.5]
				},
				{
					"name": "mask",
					"parent": "torso",
					"pivot": [0, 10.47875, -3.63731],
					"cubes": [
						{"origin": [-4, 4.5, -5.2], "size": [8, 9, 2], "inflate": 0.5, "pivot": [0, 9, -4.2], "rotation": [-7.5, 0, 0], "uv": [32, 34]},
						{"origin": [-4.5, 8.5, -2.2], "size": [9, 9, 11], "inflate": 0.5, "pivot": [0.5, 15, -1.2], "rotation": [-15, 0, 0], "uv": [0, 0]},
						{"origin": [-2, 13.37855, -3.84115], "size": [4, 4, 2], "inflate": 0.5, "pivot": [0, 14.37855, -2.84115], "rotation": [-37.5, 0, 0], "uv": [40, 12]},
						{"origin": [0, 15.47855, -3.84115], "size": [0, 1, 2], "pivot": [0, 16.47855, -0.84115], "rotation": [-37.5, 0, 0], "uv": [52, 8]},
						{"origin": [0, 14.07855, -5.44115], "size": [0, 1, 2], "pivot": [0, 15.07855, -2.44115], "rotation": [-37.5, 0, 0], "uv": [52, 20]},
						{"origin": [0, 13.70151, -7.14764], "size": [0, 1, 2], "pivot": [0, 12.79939, -6.33223], "rotation": [-20, 0, 0], "uv": [52, 11]},
						{"origin": [-1, 9.07902, -6.12223], "size": [2, 4, 1], "inflate": 0.5, "pivot": [9.98145, 8.70323, -6.63714], "rotation": [-17.5, 0, 0], "uv": [8, 51]},
						{"origin": [0, 10.39728, -6.51683], "size": [0, 1, 2], "pivot": [0, 12.29939, -5.33223], "rotation": [-15, 0, 0], "uv": [52, 14]},
						{"origin": [-0.5, 4.45619, -6.18302], "size": [1, 2, 2], "inflate": 0.5, "pivot": [0.5, 5.95619, -5.18302], "rotation": [10, 0, 0], "uv": [52, 0]},
						{"origin": [-3, 2, -5.1], "size": [6, 3, 1], "inflate": 0.5, "pivot": [0, 9.5, -4.1], "rotation": [-7.5, 0, 0], "uv": [36, 29]},
						{"origin": [-4, 4.84284, -6.10506], "size": [4, 2, 0], "pivot": [-2.5, 6.34284, -6.10506], "rotation": [-7.43656, 0.9762, 7.43656], "uv": [14, 51]},
						{"origin": [-4.4, 7.16961, -6.31342], "size": [4, 1, 1], "inflate": 0.5, "pivot": [-1.4, 7.66961, -6.31342], "rotation": [-7.47178, 0.65182, 4.95744], "uv": [50, 18]},
						{"origin": [0.4, 7.16961, -6.31342], "size": [4, 1, 1], "inflate": 0.5, "pivot": [1.4, 7.66961, -6.31342], "rotation": [-7.47178, -0.65182, -4.95744], "uv": [40, 18]},
						{"origin": [0, 4.84284, -6.10506], "size": [4, 2, 0], "pivot": [2.5, 6.34284, -6.10506], "rotation": [-7.43656, -0.9762, -7.43656], "uv": [24, 47]},
						{"origin": [-3.5, 2.9, -5.6], "size": [7, 1, 2], "inflate": 0.2, "pivot": [0.5, 9.4, -4.6], "rotation": [-7.5, 0, 0], "uv": [36, 26]},
						{"origin": [0, 16.3, -0.2], "size": [0, 2, 1], "pivot": [1, 15.8, 0.8], "rotation": [-32.5, 0, 0], "uv": [22, 51]},
						{"origin": [0, 15.3, 2.8], "size": [0, 2, 1], "pivot": [1, 14.8, 3.8], "rotation": [-32.5, 0, 0], "uv": [52, 35]}
					]
				},
				{
					"name": "omanyte",
					"parent": "torso",
					"pivot": [0, 3.87812, -0.04766],
					"cubes": [
						{"origin": [-3.31387, 5.82004, -4.5997], "size": [2, 2, 0], "inflate": 0.12, "pivot": [-2.31387, 6.82004, -4.5997], "rotation": [-1.28708, 0.54035, -12.42819], "uv": [52, 23]},
						{"origin": [1.30017, 5.79987, -4.4], "size": [2, 2, 2], "inflate": 0.3, "pivot": [2.30017, 6.79987, -3.4], "rotation": [-1.28708, -0.54035, 12.42819], "uv": [48, 50]},
						{"origin": [1.31387, 5.82004, -4.5997], "size": [2, 2, 0], "inflate": 0.12, "pivot": [2.31387, 6.82004, -4.5997], "rotation": [-1.28708, -0.54035, 12.42819], "uv": [52, 33]},
						{"origin": [-3.30017, 5.79987, -4.4], "size": [2, 2, 2], "inflate": 0.3, "pivot": [-2.30017, 6.79987, -3.4], "rotation": [-1.28708, 0.54035, -12.42819], "uv": [0, 51]},
						{"origin": [-1.86217, 5.06035, -4.83248], "size": [1, 0, 2], "inflate": 0.01, "pivot": [-0.86976, 5.06035, -3.6693], "rotation": [60, 0, 0], "uv": [52, 4]},
						{"origin": [0.17736, 4.56035, -4.40613], "size": [1, 0, 1], "inflate": 0.01, "pivot": [1.16976, 4.56035, -4.0693], "rotation": [60, 0, 0], "uv": [36, 33]},
						{"origin": [-1.17736, 4.56035, -4.40613], "size": [1, 0, 1], "inflate": 0.01, "pivot": [-1.16976, 4.56035, -4.0693], "rotation": [60, 0, 0], "uv": [40, 33]},
						{"origin": [0.86217, 5.06035, -4.83248], "size": [1, 0, 2], "inflate": 0.01, "pivot": [0.86976, 5.06035, -3.6693], "rotation": [60, 0, 0], "uv": [52, 6]},
						{"origin": [-4, 5.5, -3.5], "size": [8, 5, 8], "uv": [0, 34]},
						{"origin": [-4.5, 1.8, -4], "size": [9, 5, 9], "inflate": -0.2, "uv": [0, 20]}
					]
				},
				{
					"name": "tail",
					"parent": "omanyte",
					"pivot": [0, 3.17914, 4.57442],
					"cubes": [
						{"origin": [-2.5, 1.9, 3.9], "size": [5, 3, 3], "inflate": -0.2, "pivot": [0, 2.9, 5.4], "rotation": [-10, 0, 0], "uv": [36, 20]},
						{"origin": [-2, 2.4, 6.7], "size": [4, 2, 2], "pivot": [-0.5, 3.4, 5.2], "rotation": [-10, 0, 0], "uv": [36, 50]}
					]
				},
				{
					"name": "arm",
					"parent": "omanyte",
					"pivot": [-3.66882, 5.20115, -1.23992],
					"cubes": [
						{"origin": [-5.45578, 4.2064, -4.91335], "size": [4, 2, 2], "pivot": [-4.74929, 4.7064, -4.2595], "rotation": [-4.31416, -58.63647, -4.31416], "uv": [50, 29]}
					]
				},
				{
					"name": "arm2",
					"parent": "arm",
					"pivot": [-5.3982, 5.19865, -4.52408],
					"cubes": [
						{"origin": [-7.54591, 4.2064, -4.49112], "size": [4, 2, 2], "inflate": -0.2, "pivot": [-4.44929, 4.7064, -4.2595], "rotation": [-173.0355, -71.16204, 165.40535], "uv": [12, 47]}
					]
				},
				{
					"name": "arm3",
					"parent": "omanyte",
					"pivot": [3.66882, 5.20115, -2.23992],
					"cubes": [
						{"origin": [1.45578, 4.2064, -4.91335], "size": [4, 2, 2], "pivot": [4.74929, 4.7064, -4.2595], "rotation": [-4.31416, 58.63647, 4.31416], "uv": [0, 47]}
					]
				},
				{
					"name": "arm4",
					"parent": "arm3",
					"pivot": [5.8982, 5.19865, -4.52408],
					"cubes": [
						{"origin": [3.54591, 4.2064, -4.49112], "size": [4, 2, 2], "inflate": -0.2, "pivot": [4.44929, 4.7064, -4.2595], "rotation": [-173.0355, 71.16204, -165.40535], "uv": [24, 50]}
					]
				},
				{
					"name": "leg2",
					"parent": "body",
					"pivot": [-2.4, 2.3, -2],
					"cubes": [
						{"origin": [-3.9, -0.2, -3.5], "size": [3, 3, 3], "inflate": -0.2, "uv": [40, 6]}
					]
				},
				{
					"name": "leg",
					"parent": "body",
					"pivot": [2.4, 2.3, -2],
					"cubes": [
						{"origin": [0.9, -0.2, -3.5], "size": [3, 3, 3], "inflate": -0.2, "uv": [40, 0]}
					]
				},
				{
					"name": "leg4",
					"parent": "body",
					"pivot": [2.1, 2, 2.5],
					"cubes": [
						{"origin": [0.6, 0, 1], "size": [3, 2, 3], "uv": [32, 45]}
					]
				},
				{
					"name": "leg3",
					"parent": "body",
					"pivot": [-2.1, 2, 2.5],
					"cubes": [
						{"origin": [-3.6, 0, 1], "size": [3, 2, 3], "uv": [44, 45]}
					]
				}
			]
		}
	]
}