{
	"format_version": "1.12.0",
	"minecraft:geometry": [
		{
			"description": {
				"identifier": "geometry.unknown",
				"texture_width": 128,
				"texture_height": 128,
				"visible_bounds_width": 4,
				"visible_bounds_height": 3.5,
				"visible_bounds_offset": [0, 1.25, 0]
			},
			"bones": [
				{
					"name": "kindachi",
					"pivot": [0, 0, 0]
				},
				{
					"name": "body",
					"parent": "kindachi",
					"pivot": [0, 0, 0]
				},
				{
					"name": "torso",
					"parent": "body",
					"pivot": [0, 0, 0],
					"cubes": [
						{"origin": [-5.5, 2.5, -4], "size": [11, 10, 8], "uv": [0, 17]}
					]
				},
				{
					"name": "head",
					"parent": "torso",
					"pivot": [0, 11.5, 0],
					"cubes": [
						{"origin": [-5.5, 11.5, -5], "size": [11, 8, 9], "uv": [0, 0]},
						{"origin": [-5.5, 11.35, -6.25], "size": [11, 4, 5], "inflate": 0.1, "pivot": [0, 13.35, -0.25], "rotation": [-2.5, 0, 0], "uv": [34, 34]}
					]
				},
				{
					"name": "left_ear",
					"parent": "head",
					"pivot": [2, 18, -0.5],
					"cubes": [
						{"origin": [1.5, 17.5, -1], "size": [5, 5, 1], "uv": [0, 64]}
					]
				},
				{
					"name": "right_ear",
					"parent": "head",
					"pivot": [-2, 18, -0.5],
					"cubes": [
						{"origin": [-6.5, 17.5, -1], "size": [5, 5, 1], "uv": [12, 64]}
					]
				},
				{
					"name": "right_eye",
					"parent": "head",
					"pivot": [-3, 16.5, -5.1],
					"rotation": [0, 0, -12.5],
					"cubes": [
						{"origin": [-4.5, 15.5, -5.1], "size": [3, 2, 0], "uv": [40, 12]}
					]
				},
				{
					"name": "right_pupil",
					"parent": "right_eye",
					"pivot": [-3, 16.5, -5.1],
					"rotation": [0, 0, 12.5],
					"cubes": [
						{"origin": [-3, 16, -5.2], "size": [1, 1, 0], "uv": [47, 12]}
					]
				},
				{
					"name": "left_eye",
					"parent": "head",
					"pivot": [3, 16.5, -5.1],
					"rotation": [0, 0, 12.5],
					"cubes": [
						{"origin": [1.5, 15.5, -5.1], "size": [3, 2, 0], "uv": [40, 15]}
					]
				},
				{
					"name": "left_pupil",
					"parent": "left_eye",
					"pivot": [3, 16.5, -5.1],
					"rotation": [0, 0, -12.5],
					"cubes": [
						{"origin": [2, 16, -5.2], "size": [1, 1, 0], "uv": [47, 15]}
					]
				},
				{
					"name": "left_arm",
					"parent": "torso",
					"pivot": [4, 10, 0],
					"cubes": [
						{"origin": [4, 8, -2], "size": [6, 4, 4], "uv": [34, 43]}
					]
				},
				{
					"name": "right_arm",
					"parent": "torso",
					"pivot": [-4, 10, 0],
					"cubes": [
						{"origin": [-10, 8, -2], "size": [6, 4, 4], "uv": [34, 51]}
					]
				},
				{
					"name": "backpack",
					"parent": "torso",
					"pivot": [0, 0, 0],
					"cubes": [
						{"origin": [-5.5, 7, 5], "size": [11, 3, 3], "pivot": [0, 8.5, 6.5], "rotation": [-12.5, 0, 0], "uv": [38, 28]},
						{"origin": [-5.5, 10, 5], "size": [11, 3, 3], "pivot": [0, 11.5, 6.5], "rotation": [-12.5, 0, 0], "uv": [40, 0]},
						{"origin": [-5.5, 13, 5], "size": [11, 3, 3], "pivot": [0, 14.5, 6.5], "rotation": [-12.5, 0, 0], "uv": [40, 6]},
						{"origin": [4.5, 6, 4], "size": [2, 12, 2], "uv": [50, 12]},
						{"origin": [-6.5, 6, 4], "size": [2, 12, 2], "uv": [58, 12]}
					]
				},
				{
					"name": "left_strap",
					"parent": "backpack",
					"pivot": [5.5, 10, 3.83333],
					"cubes": [
						{"origin": [5, 12, -3], "size": [1, 1, 8], "uv": [0, 70]},
						{"origin": [5, 7, -3], "size": [1, 1, 8], "uv": [18, 70]},
						{"origin": [5, 8, -3], "size": [1, 4, 1], "uv": [36, 74]}
					]
				},
				{
					"name": "right_strap",
					"parent": "backpack",
					"pivot": [-5.5, 10, 3.83333],
					"cubes": [
						{"origin": [-6, 12, -3], "size": [1, 1, 8], "uv": [0, 79]},
						{"origin": [-6, 7, -3], "size": [1, 1, 8], "uv": [18, 79]},
						{"origin": [-6, 8, -3], "size": [1, 4, 1], "uv": [36, 83]}
					]
				},
				{
					"name": "fire",
					"parent": "backpack",
					"pivot": [0, 11.56037, 6.48152],
					"cubes": [
						{"origin": [-8, 11.75, 6.75], "size": [16, 16, 0], "pivot": [0, 11.75, 6.75], "rotation": [-12.79362, -12.19908, 2.74715], "uv": [0, 35]},
						{"origin": [-8, 11.75, 6.75], "size": [16, 16, 0], "pivot": [0, 11.75, 6.75], "rotation": [-12.79362, 12.19908, -2.74715], "uv": [0, 35]}
					],
					"locators": {
						"smoke": [0, 33, 11]
					}
				},
				{
					"name": "tail",
					"parent": "torso",
					"pivot": [0, 5, 3],
					"rotation": [-15, 0, 0],
					"cubes": [
						{"origin": [-2, 3, 3], "size": [4, 4, 7], "uv": [62, 40]}
					]
				},
				{
					"name": "tail_end",
					"parent": "tail",
					"pivot": [0, 5, 9.5],
					"cubes": [
						{"origin": [-2, 3, 9.5], "size": [4, 4, 5], "inflate": 0.1, "uv": [54, 51]}
					]
				},
				{
					"name": "left_leg",
					"parent": "body",
					"pivot": [3.4, 4, 0],
					"cubes": [
						{"origin": [1.4, 0, -2], "size": [4, 4, 4], "uv": [32, 59]}
					]
				},
				{
					"name": "right_leg",
					"parent": "body",
					"pivot": [-3.4, 4, 0],
					"cubes": [
						{"origin": [-5.4, 0, -2], "size": [4, 4, 4], "uv": [48, 60]}
					]
				}
			]
		}
	]
}