{
    "implemented": true,
    "nationalPokedexNumber": 2404,
    "name": "Armacrawl",
    "primaryType": "bug",
    "secondaryType": "fighting",
    "maleRatio": 0.5,
    "height": 15,
    "weight": 850,
    "pokedex": [
      "cobblemon.species.armacrawl.desc"
    ],
    "labels": [],
    "aspects": [],
    "abilities": [
        "swarm",
        "guts",
        "h:mirrorarmor"    
    ],
    "eggGroups": [
      "human_like"
    ],
    "baseStats": {
      "hp": 80,
      "attack": 125,
      "defence": 100,
      "special_attack": 75,
      "special_defence": 85,
      "speed": 60
    },
    "evYield": {
      "hp": 0,
      "attack": 2,
      "defence": 0,
      "special_attack": 0,
      "special_defence": 0,
      "speed": 0
    },
    "baseExperienceYield": 263,
    "experienceGroup": "slow",
    "catchRate": 25,
    "eggCycles": 35,
    "baseFriendship": 20,
    "baseScale": 0.7,
    "hitbox": {
      "width": 1.2,
      "height": 2.75,
      "fixed": false
    },
    "behaviour": {
      "resting": {
        "canSleep": true,
        "light": "0-4"
      },
      "moving": {
        "walk": {
          "walkSpeed": 0.23
        }
      }
    },
    "drops": {
      "amount": 5,
      "entries": [
        {
          "item": "minecraft:string",
          "quantityRange": "0-2"
        },
        {
          "item": "cobblemon:silver_powder",
          "percentage": 5.0
        },
        {
          "item": "cobblemon:auspicious_armor",
          "percentage": 5.0
        },
        {
          "item": "cobblemon:rawst_berry",
          "percentage": 5.0
        }
      ]
    },
    "moves": [
      "1:spiritshackle",
      "1:harden",
    "1:poweruppunch",
    "1:cometpunch",
    "5:taunt",
    "10:fellstinger",
    "15:vitalthrow",
    "20:bulkup",
    "25:endure",
    "30:reversal",
    "35:megapunch",
    "40:lunge",
    "45:focusenergy",
    "50:dynamicpunch",
    "55:counter",
    "60:hammerarm",
    "65:superpower",
    "70:focuspunch",
    "tm:bodyslam",
    "tm:bounce",
    "tm:brickbreak",
    "tm:bugbite",
    "tm:bulkup",
    "tm:bulldoze",
    "tm:closecombat",
    "tm:coaching",
    "tm:darkestlariat",
    "tm:drainpunch",
    "tm:dualchop",
    "tm:dualwingbeat",
    "tm:earthquake",
    "tm:endeavor",
    "tm:endure",
    "tm:facade",
    "tm:falseswipe",
    "tm:fling",
    "tm:focusenergy",
    "tm:focuspunch",
    "tm:gigaimpact",
    "tm:gyroball",
    "tm:highhorsepower",
    "tm:icepunch",
    "tm:ironhead",
    "tm:leechlife",
    "tm:lowsweep",
    "tm:lunge",
    "tm:megapunch",
    "tm:outrage",
    "tm:payback",
    "tm:poisonjab",
    "tm:poweruppunch",
    "tm:protect",
    "tm:rest",
    "tm:revenge",
    "tm:reversal",
    "tm:rockslide",
    "tm:rocktomb",
    "tm:roost",
    "tm:sleeptalk",
    "tm:smackdown",
    "tm:stompingtantrum",
    "tm:stoneedge",
    "tm:substitute",
    "tm:superpower",
    "tm:taunt",
    "tm:terablast",
    "tm:thunderpunch",
    "tm:workup",
    "tutor:bounce",
    "tutor:bugbite",
    "tutor:bulkup",
    "tutor:bulldoze",
    "tutor:coaching",
    "tutor:drainpunch",
    "tutor:dualchop",
    "tutor:dualwingbeat",
    "tutor:endeavor",
    "tutor:falseswipe",
    "tutor:focusenergy",
    "tutor:focuspunch",
    "tutor:gigaimpact",
    "tutor:highhorsepower",
    "tutor:icepunch",
    "tutor:ironhead",
    "tutor:leechlife",
    "tutor:outrage",
    "tutor:poisonjab",
    "tutor:rest",
    "tutor:rockslide",
    "tutor:roost",
    "tutor:sleeptalk",
    "tutor:stompingtantrum",
    "tutor:stoneedge",
    "tutor:superpower",
    "tutor:thunderpunch"
    ],
    "preEvolution": "crawlcadet",
    "evolutions": []
  }
  