{
    "implemented": true,
    "nationalPokedexNumber": 2439,
    "name": "Beesilissa",
    "primaryType": "bug",
    "secondaryType": "fairy",
    "maleRatio": 0.875,
    "height": 6,
    "weight": 95,
    "pokedex": [
      "cobblemon.species.beesilissa.desc"
    ],
    "labels": ["mythical"],
    "aspects": [],
    "abilities": [
      "runaway",
      "h:runaway"
    ],
    "eggGroups": [
      "monster",
      "fairy"
    ],
    "baseStats": {
      "hp": 90,
      "attack": 35,
      "defence": 40,
      "special_attack": 110,
      "special_defence": 65,
      "speed": 70
    },
    "evYield": {
      "hp": 0,
      "attack": 0,
      "defence": 0,
      "special_attack": 3,
      "special_defence": 0,
      "speed": 0
    },
    "baseExperienceYield": 63,
    "experienceGroup": "medium_slow",
    "catchRate": 45,
    "eggCycles": 20,
    "baseFriendship": 50,
    "shoulderMountable": true,
    "baseScale": 1.2,
    "hitbox": {
      "width": 0.85,
      "height": 1.4,
      "fixed": false
    },
  "behaviour": {
    "moving": {
      "swim": {
        "canWalkOnWater": true
      },
      "fly": {
        "canFly": true
      },
      "walk": {
        "canWalk": false
      }
    },
    "resting": {
      "canSleep": true,
      "light": "0-4"
    }
  },
  "drops": {
    "amount": 3,
    "entries": [
      {
        "item": "minecraft:honey_bottle",
        "quantityRange": "0-2"
      },
      {
        "item": "cobblemon:cheri_berry",
        "percentage": 5.0
      }
    ]
  },
  "moves": [
    "1:pollenpuff",
    "1:highjumpkick",
    "1:fairywind",
    "1:stunspore",
    "1:sweetscent",
    "1:ancientpower",
    "1:focuspunch",
    "18:drainingkiss",
    "24:strugglebug",
    "32:covet",
    "40:switcheroo",
    "48:dazzlinggleam",
    "56:bugbuzz",
    "64:quiverdance",
    "72:blazekick",
    "80:fierydance",
    "egg:aromaticmist",
    "egg:bestow",
    "egg:moonblast",
    "egg:powder",
    "egg:stickyweb",
    "tm:acrobatics",
    "tm:afteryou",
    "tm:agility",
    "tm:alluringvoice",
    "tm:allyswitch",
    "tm:batonpass",
    "tm:bugbite",
    "tm:bugbuzz",
    "tm:calmmind",
    "tm:charm",
    "tm:covet",
    "tm:dazzlinggleam",
    "tm:defog",
    "tm:drainingkiss",
    "tm:dreameater",
    "tm:dualwingbeat",
    "tm:endure",
    "tm:energyball",
    "tm:facade",
    "tm:faketears",
    "tm:gigaimpact",
    "tm:grassknot",
    "tm:helpinghand",
    "tm:hyperbeam",
    "tm:imprison",
    "tm:infestation",
    "tm:lastresort",
    "tm:leechlife",
    "tm:lightscreen",
    "tm:lunge",
    "tm:magicalleaf",
    "tm:magicroom",
    "tm:naturepower",
    "tm:playrough",
    "tm:pollenpuff",
    "tm:pounce",
    "tm:protect",
    "tm:psychic",
    "tm:psychicnoise",
    "tm:psychup",
    "tm:reflect",
    "tm:rest",
    "tm:roost",
    "tm:safeguard",
    "tm:signalbeam",
    "tm:silverwind",
    "tm:skillswap",
    "tm:skittersmack",
    "tm:sleeptalk",
    "tm:solarbeam",
    "tm:speedswap",
    "tm:storedpower",
    "tm:strugglebug",
    "tm:substitute",
    "tm:sunnyday",
    "tm:swift",
    "tm:tailwind",
    "tm:takedown",
    "tm:telekinesis",
    "tm:terablast",
    "tm:thief",
    "tm:trailblaze",
    "tm:trick",
    "tm:uturn",
    "tm:wonderroom"
    ]
  }
