{
  "implemented": true,
  "nationalPokedexNumber": 2415,
  "name": "Canvette",
  "primaryType": "normal",
  "secondaryType": "fairy",
  "maleRatio": 0.5,
  "height": 12,
  "weight": 580,
  "pokedex": [
    "cobblemon.species.canvette.desc"
  ],
  "labels": [
  ],
  "aspects": [],
  "abilities": [
    "owntempo",
    "technician",
    "h:cutecharm"
  ],
  "eggGroups": [
    "field"
  ],
  "baseStats": {
    "hp": 65,
    "attack": 23,
    "defence": 45,
    "special_attack": 22,
    "special_defence": 45,
    "speed": 90
  },
  "evYield": {
    "hp": 0,
    "attack": 0,
    "defence": 0,
    "special_attack": 0,
    "special_defence": 0,
    "speed": 3
  },
  "baseExperienceYield": 88,
  "experienceGroup": "fast",
  "catchRate": 45,
  "eggCycles": 20,
  "baseFriendship": 50,
  "baseScale": 1,
  "hitbox": {
    "width": 0.8,
    "height": 1.8,
    "fixed": false
  },
  "behaviour": {
    "resting": {
      "canSleep": true,
      "light": "0-4"
    }
  },
  "moves": [
    "1:sketch",
    "1:pound",
    "1:refresh",
    "1:doubleslap",
    "1:playnice",
    "1:attract",
    "1:secretpower",
    "4:disarmingvoice",
    "9:babydolleyes",
    "12:helpinghand",
    "16:growl",
    "20:zenheadbutt",
    "24:lifedew",
    "28:afteryou",
    "32:takedown",
    "36:simplebeam",
    "40:hypervoice",
    "44:healpulse",
    "48:doubleedge",
    "52:entrainment",
    "56:mistyterrain",
    "60:lastresort",
    "egg:bestow",
    "egg:healingwish",
    "egg:luckychant",
    "egg:sweetkiss",
    "egg:wish",
    "egg:yawn",
    "tm:afteryou",
    "tm:allyswitch",
    "tm:amnesia",
    "tm:attract",
    "tm:babydolleyes",
    "tm:blizzard",
    "tm:bodyslam",
    "tm:calmmind",
    "tm:chargebeam",
    "tm:covet",
    "tm:dazzlinggleam",
    "tm:dig",
    "tm:disarmingvoice",
    "tm:doubleedge",
    "tm:drainingkiss",
    "tm:drainpunch",
    "tm:dreameater",
    "tm:echoedvoice",
    "tm:encore",
    "tm:endure",
    "tm:facade",
    "tm:fireblast",
    "tm:firepunch",
    "tm:flamethrower",
    "tm:flash",
    "tm:fling",
    "tm:focuspunch",
    "tm:gigaimpact",
    "tm:grassknot",
    "tm:gravity",
    "tm:healbell",
    "tm:helpinghand",
    "tm:hyperbeam",
    "tm:hypervoice",
    "tm:icebeam",
    "tm:icepunch",
    "tm:icywind",
    "tm:incinerate",
    "tm:irontail",
    "tm:knockoff",
    "tm:laserfocus",
    "tm:lastresort",
    "tm:lightscreen",
    "tm:lowkick",
    "tm:magiccoat",
    "tm:megakick",
    "tm:megapunch",
    "tm:mistyterrain",
    "tm:painsplit",
    "tm:poweruppunch",
    "tm:protect",
    "tm:psychic",
    "tm:psychup",
    "tm:psyshock",
    "tm:raindance",
    "tm:reflect",
    "tm:rest",
    "tm:retaliate",
    "tm:roleplay",
    "tm:safeguard",
    "tm:secretpower",
    "tm:shadowball",
    "tm:signalbeam",
    "tm:skillswap",
    "tm:sleeptalk",
    "tm:snatch",
    "tm:solarbeam",
    "tm:stompingtantrum",
    "tm:substitute",
    "tm:sunnyday",
    "tm:surf",
    "tm:takedown",
    "tm:telekinesis",
    "tm:terablast",
    "tm:throatchop",
    "tm:thunder",
    "tm:thunderbolt",
    "tm:thunderpunch",
    "tm:thunderwave",
    "tm:trickroom",
    "tm:uproar",
    "tm:wildcharge",
    "tm:workup",
    "tm:zenheadbutt",
    "tutor:afteryou",
    "tutor:allyswitch",
    "tutor:babydolleyes",
    "tutor:calmmind",
    "tutor:chargebeam",
    "tutor:covet",
    "tutor:dazzlinggleam",
    "tutor:drainpunch",
    "tutor:firepunch",
    "tutor:flamethrower",
    "tutor:focuspunch",
    "tutor:gigaimpact",
    "tutor:gravity",
    "tutor:healbell",
    "tutor:helpinghand",
    "tutor:hyperbeam",
    "tutor:hypervoice",
    "tutor:icebeam",
    "tutor:icepunch",
    "tutor:icywind",
    "tutor:irontail",
    "tutor:knockoff",
    "tutor:laserfocus",
    "tutor:lastresort",
    "tutor:lowkick",
    "tutor:magiccoat",
    "tutor:painsplit",
    "tutor:psychic",
    "tutor:rest",
    "tutor:roleplay",
    "tutor:shadowball",
    "tutor:signalbeam",
    "tutor:skillswap",
    "tutor:sleeptalk",
    "tutor:snatch",
    "tutor:stompingtantrum",
    "tutor:telekinesis",
    "tutor:throatchop",
    "tutor:thunderbolt",
    "tutor:thunderpunch",
    "tutor:trick",
    "tutor:uproar",
    "tutor:wildcharge",
    "tutor:zenheadbutt"
  ],
  "evolutions": []
}