{
    "implemented": true,
    "nationalPokedexNumber": 2432,
    "name": "Choncub",
    "primaryType": "grass",
    "secondaryType": "fire",
    "maleRatio": 0.875,
    "height": 6,
    "weight": 95,
    "pokedex": [
      "cobblemon.species.choncub.desc"
    ],
    "labels": ["mythical"],
    "aspects": [],
    "abilities": [
      "runaway",
      "h:runaway"
    ],
    "eggGroups": [
      "monster",
      "grass"
    ],
    "baseStats": {
      "hp": 90,
      "attack": 60,
      "defence": 80,
      "special_attack": 70,
      "special_defence": 80,
      "speed": 30
    },
    "evYield": {
      "hp": 3,
      "attack": 0,
      "defence": 0,
      "special_attack": 0,
      "special_defence": 0,
      "speed": 0
    },
    "baseExperienceYield": 63,
    "experienceGroup": "medium_slow",
    "catchRate": 45,
    "eggCycles": 20,
    "baseFriendship": 50,
    "shoulderMountable": true,
    "baseScale": 1,
    "hitbox": {
      "width": 0.85,
      "height": 1.4,
      "fixed": false
    },
    "behaviour": {
      "resting": {
        "canSleep": true,
        "willSleepOnBed": true,
        "light": "0-4"
      },
      "moving": {
        "swim": {
          "canBreatheUnderwater": false,
          "canWalkOnWater": false,
          "canSwimInWater": false,
          "canSwimInLava": false,
          "swimSpeed": "0.2"
        },
        "walk": {
          "walkSpeed": 0.25
        }
      }
    },
    "drops": {
      "amount": 1,
      "entries": [
        {
          "item": "cobblemon:fire_stone",
          "percentage": 5.0
        }
      ]
    },
    "moves": [
    "1:bite",
    "1:leechseed",
    "1:quickattack",
    "1:ember",
    "1:doublekick",
    "1:counter",
    "1:retaliate",
    "1:hornleech",
    "1:ancientpower",
    "6:focusenergy",
    "12:growth",
    "18:slam",
    "24:firewheel",
    "30:ivycudgel",
    "36:flamethrower",
    "42:synthesis",
    "48:fireblast",
    "54:powerwhip",
    "60:superpower",
    "66:inferno",
    "tm:brickbreak",
    "tm:bulletseed",
    "tm:charm",
    "tm:encore",
    "tm:endure",
    "tm:energyball",
    "tm:facade",
    "tm:falseswipe",
    "tm:fling",
    "tm:focusenergy",
    "tm:gigadrain",
    "tm:gigaimpact",
    "tm:grassknot",
    "tm:grassyglide",
    "tm:grassyterrain",
    "tm:helpinghand",
    "tm:knockoff",
    "tm:lashout",
    "tm:leafstorm",
    "tm:lowkick",
    "tm:lowsweep",
    "tm:magicalleaf",
    "tm:playrough",
    "tm:powerwhip",
    "tm:protect",
    "tm:raindance",
    "tm:rest",
    "tm:retaliate",
    "tm:reversal",
    "tm:rocktomb",
    "tm:sandstorm",
    "tm:scaryface",
    "tm:seedbomb",
    "tm:sleeptalk",
    "tm:solarbeam",
    "tm:solarblade",
    "tm:spikes",
    "tm:stompingtantrum",
    "tm:substitute",
    "tm:sunnyday",
    "tm:superpower",
    "tm:swordsdance",
    "tm:synthesis",
    "tm:takedown",
    "tm:taunt",
    "tm:terablast",
    "tm:throatchop",
    "tm:trailblaze",
    "tm:uturn",
    "tm:zenheadbutt"
    ]
  }
