{
    "implemented": true,
    "nationalPokedexNumber": 2405,
    "name": "Crawledge",
    "primaryType": "bug",
    "secondaryType": "steel",
    "maleRatio": 0.5,
    "height": 16,
    "weight": 620,
    "pokedex": [
      "cobblemon.species.crawledge.desc"
    ],
    "labels": [],
    "aspects": [],
    "abilities": [
      "swarm",
      "guts",
      "h:lightmetal"
    ],
    "eggGroups": [
      "human_like"
    ],
    "baseStats": {
      "hp": 75,
      "attack": 125,
      "defence": 80,
      "special_attack": 60,
      "special_defence": 100,
      "speed": 85
    },
    "evYield": {
      "hp": 0,
      "attack": 2,
      "defence": 0,
      "special_attack": 0,
      "special_defence": 0,
      "speed": 0
    },
    "baseExperienceYield": 263,
    "experienceGroup": "slow",
    "catchRate": 25,
    "eggCycles": 35,
    "baseFriendship": 20,
    "baseScale": 0.7,
    "hitbox": {
      "width": 1.1,
      "height": 2.7,
      "fixed": false
    },
    "behaviour": {
      "walking": {
        "walkSpeed": 0.5
      },
      "resting": {
        "canSleep": true,
        "light": "0-4"
      }
    },
    "drops": {
      "amount": 5,
      "entries": [
        {
          "item": "minecraft:string",
          "quantityRange": "0-2"
        },
        {
          "item": "cobblemon:silver_powder",
          "percentage": 5.0
        },
        {
          "item": "cobblemon:malicious_armor",
          "percentage": 5.0
        },
        {
          "item": "cobblemon:rawst_berry",
          "percentage": 5.0
        }
      ]
    },
    "moves": [
      "1:stoneaxe",
        "1:leer",
        "1:quickattack",
        "1:pursuit",
        "1:metalclaw",
        "4:furycutter",
        "8:falseswipe",
        "12:smackdown",
        "16:doubleteam",
        "20:doublehit",
        "24:slash",
        "28:focusenergy",
        "32:agility",
        "36:ironhead",
        "40:xscissor",
        "44:swordsdance",
        "egg:counter",
        "egg:defog",
        "egg:feint",
        "egg:nightslash",
        "egg:quickguard",
        "egg:razorwind",
        "tm:acrobatics",
        "tm:aerialace",
        "tm:agility",
        "tm:aircutter",
        "tm:airslash",
        "tm:batonpass",
        "tm:brickbreak",
        "tm:bugbite",
        "tm:bugbuzz",
        "tm:closecombat",
        "tm:defog",
        "tm:doubleedge",
        "tm:doubleteam",
        "tm:dualwingbeat",
        "tm:endure",
        "tm:facade",
        "tm:falseswipe",
        "tm:focusenergy",
        "tm:furycutter",
        "tm:gigaimpact",
        "tm:helpinghand",
        "tm:hyperbeam",
        "tm:lightscreen",
        "tm:lunge",
        "tm:ominouswind",
        "tm:pounce",
        "tm:protect",
        "tm:psychocut",
        "tm:raindance",
        "tm:rest",
        "tm:reversal",
        "tm:rockblast",
        "tm:rockslide",
        "tm:rocksmash",
        "tm:rocktomb",
        "tm:sandstorm",
        "tm:scaryface",
        "tm:silverwind",
        "tm:skittersmack",
        "tm:sleeptalk",
        "tm:smackdown",
        "tm:stealthrock",
        "tm:stoneedge",
        "tm:strugglebug",
        "tm:substitute",
        "tm:sunnyday",
        "tm:swift",
        "tm:swordsdance",
        "tm:tailwind",
        "tm:takedown",
        "tm:terablast",
        "tm:thief",
        "tm:trailblaze",
        "tm:uturn",
        "tm:vacuumwave",
        "tm:xscissor",
        "tutor:aerialace",
        "tutor:aircutter",
        "tutor:bugbite",
        "tutor:defog",
        "tutor:dualwingbeat",
        "tutor:falseswipe",
        "tutor:focusenergy",
        "tutor:furycutter",
        "tutor:gigaimpact",
        "tutor:helpinghand",
        "tutor:hyperbeam",
        "tutor:ominouswind",
        "tutor:psychocut",
        "tutor:rest",
        "tutor:rockslide",
        "tutor:rocksmash",
        "tutor:skittersmack",
        "tutor:sleeptalk",
        "tutor:stealthrock",
        "tutor:stoneedge",
        "tutor:swift",
        "tutor:tailwind",
        "tutor:vacuumwave",
        "tutor:xscissor"
    ],
    "preEvolution": "crawlcadet",
    "evolutions": []
  }
  