{
  "implemented": true,
  "nationalPokedexNumber": 2409,
  "name": "Fairhino",
  "primaryType": "fairy",
  "secondaryType": "ice",
  "maleRatio": 0.875,
  "height": 5,
  "weight": 570,
  "pokedex": [
    "cobblemon.species.fairhino.desc"
  ],
  "labels": [
    "fossil"
  ],
  "aspects": [],
  "abilities": [
    "snowcloak",
    "h:snowwarning"
  ],
  "eggGroups": [
    "monster"
  ],
  "baseStats": {
    "hp": 118,
    "attack": 30,
    "defence": 42,
    "special_attack": 42,
    "special_defence": 88,
    "speed": 30
  },
  "evYield": {
    "hp": 1,
    "attack": 0,
    "defence": 0,
    "special_attack": 0,
    "special_defence": 0,
    "speed": 0
  },
  "baseExperienceYield": 70,
  "experienceGroup": "erratic",
  "catchRate": 45,
  "eggCycles": 30,
  "baseFriendship": 50,
  "baseScale": 1.1,
  "hitbox": {
    "width": 0.85,
    "height": 1.22,
    "fixed": false
  },
  "behaviour": {
    "moving": {
      "walk": {
        "walkSpeed": 0.16
      },
      "swim": {
        "canSwimInLava": true
      }
    }
  },
  "drops": {
    "amount": 1,
    "entries": [
      {
        "item": "minecraft:leather",
        "quantityRange": "0-1"
      }
    ]
  },
  "moves": [
    "1:dazzlinggleam",
    "1:imprison",
    "1:nastyplot",
    "1:icebeam",
    "1:iceshard",
    "1:confuseray",
    "1:safeguard",
    "1:blizzard",
    "1:spite",
    "1:icywind",
    "1:auroraveil",
    "1:aurorabeam",
    "1:extrasensory",
    "1:mist",
    "1:sheercold",
    "1:grudge",
    "1:powdersnow",
    "1:tailwhip",
    "1:disable",
    "1:freezedry",
    "egg:babydolleyes",
    "egg:captivate",
    "egg:disable",
    "egg:extrasensory",
    "egg:feintattack",
    "egg:flail",
    "egg:freezedry",
    "egg:howl",
    "egg:hypnosis",
    "egg:moonblast",
    "egg:roar",
    "egg:secretpower",
    "egg:sheercold",
    "tm:agility",
    "tm:auroraveil",
    "tm:avalanche",
    "tm:babydolleyes",
    "tm:batonpass",
    "tm:blizzard",
    "tm:bodyslam",
    "tm:calmmind",
    "tm:captivate",
    "tm:charm",
    "tm:chillingwater",
    "tm:confuseray",
    "tm:covet",
    "tm:darkpulse",
    "tm:dazzlinggleam",
    "tm:dig",
    "tm:disarmingvoice",
    "tm:doubleedge",
    "tm:drainingkiss",
    "tm:dreameater",
    "tm:encore",
    "tm:endure",
    "tm:facade",
    "tm:faketears",
    "tm:foulplay",
    "tm:frostbreath",
    "tm:gigaimpact",
    "tm:hail",
    "tm:healbell",
    "tm:helpinghand",
    "tm:hex",
    "tm:hyperbeam",
    "tm:icebeam",
    "tm:iciclespear",
    "tm:icywind",
    "tm:imprison",
    "tm:irontail",
    "tm:laserfocus",
    "tm:mistyterrain",
    "tm:nastyplot",
    "tm:painsplit",
    "tm:payback",
    "tm:playrough",
    "tm:powerswap",
    "tm:protect",
    "tm:psychup",
    "tm:psyshock",
    "tm:raindance",
    "tm:rest",
    "tm:roar",
    "tm:roleplay",
    "tm:safeguard",
    "tm:secretpower",
    "tm:sleeptalk",
    "tm:snowscape",
    "tm:spite",
    "tm:storedpower",
    "tm:substitute",
    "tm:swift",
    "tm:tailslap",
    "tm:takedown",
    "tm:terablast",
    "tm:tripleaxel",
    "tm:weatherball",
    "tm:wonderroom",
    "tm:zenheadbutt",
    "tutor:babydolleyes",
    "tutor:calmmind",
    "tutor:covet",
    "tutor:darkpulse",
    "tutor:dazzlinggleam",
    "tutor:foulplay",
    "tutor:gigaimpact",
    "tutor:healbell",
    "tutor:helpinghand",
    "tutor:hyperbeam",
    "tutor:icebeam",
    "tutor:icywind",
    "tutor:irontail",
    "tutor:laserfocus",
    "tutor:painsplit",
    "tutor:playrough",
    "tutor:rest",
    "tutor:roleplay",
    "tutor:sleeptalk",
    "tutor:spite",
    "tutor:swift",
    "tutor:tripleaxel",
    "tutor:wonderroom",
    "tutor:zenheadbutt"
  ]
}
