{
    "implemented": true,
    "nationalPokedexNumber": 2418,
    "name": "Falegends",
    "primaryType": "rock",
    "secondaryType":"ghost",
    "maleRatio": 0.5,
    "height": 6,
    "weight": 105,
    "pokedex": [
      "cobblemon.species.falegends.desc"
    ],
    "labels": [],
    "aspects": [],
    "abilities": [
      "weakarmor",
      "h:aftermath"
    ],
    "eggGroups": [
      "fairy",
      "mineral"
    ],
    "baseStats": {
      "hp": 65,
      "attack": 100,
      "defence": 100,
      "special_attack": 70,
      "special_defence": 60,
      "speed": 75
    },
    "evYield": {
      "hp": 0,
      "attack": 2,
      "defence": 1,
      "special_attack": 0,
      "special_defence": 0,
      "speed": 0
    },
    "baseExperienceYield": 165,
    "experienceGroup": "medium_fast",
    "catchRate": 45,
    "eggCycles": 25,
    "baseFriendship": 50,
    "baseScale": 1,
    "hitbox": {
      "width": 2,
      "height": 0.8,
      "fixed": false
    },
    "behaviour": {
      "moving": {
        "canLook": false,
        "walk": {
          "walkSpeed": 0.25
        }
      }
    },
    "drops": {
      "amount": 2,
      "entries": [
        {
          "item": "minecraft:golden_helmet",
          "percentage": 5.0
        },
        {
          "item": "cobblemon:nanab_berry",
          "percentage": 5.0
        }
      ]
    },
    "moves": [
      "1:tackle",
      "1:destinybond",
      "5:astonish",
      "10:protect",
      "15:rockthrow",
      "20:rockpolish",
      "25:shadowpunch",
      "30:rocktomb",
      "35:suckerpunch",
      "40:noretreat",
      "45:bulkup",
      "50:stoneedge",
      "55:headsmash",
      "60:lastrespects",
      "tm:agility",
      "tm:assurance",
      "tm:beatup",
      "tm:bodypress",
      "tm:bodyslam",
      "tm:brickbreak",
      "tm:bulkup",
      "tm:coaching",
      "tm:closecombat",
      "tm:curse",
      "tm:earthquake",
      "tm:endeavor",
      "tm:endure",
      "tm:facade",
      "tm:falseswipe",
      "tm:focusenergy",
      "tm:foulplay",
      "tm:gigaimpact",
      "tm:headbutt",
      "tm:helpinghand",
      "tm:hex",
      "tm:highhorsepower",
      "tm:hyperbeam",
      "tm:knockoff",
      "tm:lashout",
      "tm:lunge",
      "tm:megahorn",
      "tm:memento",
      "tm:nightshade",
      "tm:outrage",
      "tm:payback",
      "tm:poltergeist",
      "tm:poisonjab",
      "tm:protect",
      "tm:psychup",
      "tm:raindance",
      "tm:rest",
      "tm:retaliate",
      "tm:revenge",
      "tm:reversal",
      "tm:rockslide",
      "tm:rocksmash",
      "tm:rocktomb",
      "tm:scaryface",
      "tm:screech",
      "tm:shadowsneak",
      "tm:sleeptalk",
      "tm:smartstrike",
      "tm:smackdown",
      "tm:stompingtantrum",
      "tm:substitute",
      "tm:superpower",
      "tm:swordsdance",
      "tm:takedown",
      "tm:terablast",
      "tm:throatchop",
      "tm:trailblaze",
      "tm:upperhand",
      "tm:uproar",
      "tm:willowisp",
      "tm:zenheadbutt",
      "tutor:bulkup",
      "tutor:coaching",
      "tutor:endeavor",
      "tutor:falseswipe",
      "tutor:focusenergy",
      "tutor:gigaimpact",
      "tutor:helpinghand",
      "tutor:highhorsepower",
      "tutor:hyperbeam",
      "tutor:irondefense",
      "tutor:ironhead",
      "tutor:knockoff",
      "tutor:megahorn",
      "tutor:poisonjab",
      "tutor:rest",
      "tutor:rockslide",
      "tutor:rocksmash",
      "tutor:sleeptalk",
      "tutor:superpower",
      "tutor:throatchop",
      "tutor:uproar",
      "tutor:zenheadbutt"
    ],
    "evolutions": []
  }
