{
    "implemented": true,
    "nationalPokedexNumber": 2420,
    "name": "Maguskeg",
    "primaryType": "water",
    "secondaryType": "ground",
    "maleRatio": 0.5,
    "height": 15,
    "weight": 850,
    "pokedex": [
      "cobblemon.species.maguskeg.desc"
    ],
    "labels": [],
    "aspects": [],
    "abilities": [
        "dancer",
        "innerfocus",
        "h:sapsipper"    
    ],
    "eggGroups": [
      "water_2"
    ],
    "baseStats": {
      "hp": 105,
      "attack": 70,
      "defence": 75,
      "special_attack": 60,
      "special_defence": 75,
      "speed": 100
    },
    "evYield": {
      "hp": 3,
      "attack": 0,
      "defence": 0,
      "special_attack": 0,
      "special_defence": 0,
      "speed": 0
    },
    "baseExperienceYield": 263,
    "experienceGroup": "slow",
    "catchRate": 25,
    "eggCycles": 35,
    "baseFriendship": 20,
    "baseScale": 2,
    "hitbox": {
      "width": 1,
      "height": 1.2,
      "fixed": false
    },
    "behaviour": {
      "resting": {
        "canSleep": true,
        "light": "0-4"
      },
      "moving": {
        "canLook": false,
        "walk": {
          "walkSpeed": 0.23
        }
      }
    },
    "drops": {
    "amount": 3,
    "entries": [
      {
        "item": "minecraft:salmon"
      },
      {
        "item": "minecraft:bone_meal",
        "percentage": 5.0
      },
      {
        "item": "cobblemon:wacan_berry",
        "percentage": 2.5
      }
    ]
  }
,
    "moves": [
      "1:splash",
      "1:tackle",
      "1:flail",
      "1:followme",
      "1:watergun",
      "7:bulldoze",
      "10:mist",
      "13:aquajet",
      "17:mudshot",
      "21:sandtomb",
      "25:teeterdance",
      "29:takedown",
      "34:waterfall",
      "39:stompingtantrum",
      "44:victorydance",
      "50:aquastep",
      "55:earthquake",
      "61:wavecrash",
      "tm:acidspray",
      "tm:afteryou",
      "tm:amnesia",
      "tm:ancientpower",
      "tm:aquatail",
      "tm:avalanche",
      "tm:blizzard",
      "tm:bodypress",
      "tm:bodyslam",
      "tm:brickbreak",
      "tm:bulldoze",
      "tm:chillingwater",
      "tm:curse",
      "tm:dig",
      "tm:dive",
      "tm:doubleedge",
      "tm:drainpunch",
      "tm:earthpower",
      "tm:earthquake",
      "tm:eerieimpulse",
      "tm:encore",
      "tm:endure",
      "tm:facade",
      "tm:flash",
      "tm:fling",
      "tm:focusblast",
      "tm:focuspunch",
      "tm:gigaimpact",
      "tm:guardswap",
      "tm:hail",
      "tm:haze",
      "tm:headbutt",
      "tm:helpinghand",
      "tm:highhorsepower",
      "tm:hydropump",
      "tm:hyperbeam",
      "tm:icebeam",
      "tm:icepunch",
      "tm:icywind",
      "tm:infestation",
      "tm:irontail",
      "tm:liquidation",
      "tm:megakick",
      "tm:megapunch",
      "tm:muddywater",
      "tm:mudshot",
      "tm:mudslap",
      "tm:poweruppunch",
      "tm:protect",
      "tm:raindance",
      "tm:rest",
      "tm:rockslide",
      "tm:rocksmash",
      "tm:rocktomb",
      "tm:rollout",
      "tm:safeguard",
      "tm:sandstorm",
      "tm:sleeptalk",
      "tm:sludgebomb",
      "tm:sludgewave",
      "tm:snowscape",
      "tm:spikes",
      "tm:stealthrock",
      "tm:stompingtantrum",
      "tm:stoneedge",
      "tm:strength",
      "tm:substitute",
      "tm:surf",
      "tm:takedown",
      "tm:terablast",
      "tm:thief",
      "tm:toxic",
      "tm:toxicspikes",
      "tm:trailblaze",
      "tm:waterfall",
      "tm:waterpulse",
      "tm:whirlpool",
      "tutor:afteryou",
      "tutor:ancientpower",
      "tutor:aquatail",
      "tutor:bulldoze",
      "tutor:dive",
      "tutor:drainpunch",
      "tutor:earthpower",
      "tutor:focuspunch",
      "tutor:gigaimpact",
      "tutor:helpinghand",
      "tutor:highhorsepower",
      "tutor:hyperbeam",
      "tutor:icebeam",
      "tutor:icepunch",
      "tutor:icywind",
      "tutor:irontail",
      "tutor:liquidation",
      "tutor:mudslap",
      "tutor:rest",
      "tutor:rockslide",
      "tutor:rocksmash",
      "tutor:rollout",
      "tutor:sleeptalk",
      "tutor:sludgebomb",
      "tutor:spikes",
      "tutor:stealthrock",
      "tutor:stompingtantrum",
      "tutor:stoneedge",
      "tutor:waterpulse"
    ],
    "preEvolution": "magikarp",
    "evolutions": [],
    "forms": [
    {
      "name": "Jetian",
      "primaryType": "water",
      "secondaryType": "dark",
      "maleRatio": 0.25,
      "height": 6,
      "weight": 99,
      "pokedex": [
        "cobblemon.species.maguskeg_jetian.desc"
      ],
      "labels": ["jetian"],
      "aspects": [
        "jetian"
      ],
      "abilities": [
        "dancer",
        "angerpoint",
        "h:intimidate"
      ],
          "baseStats": {
      "hp": 70,
      "attack": 110,
      "defence": 70,
      "special_attack": 70,
      "special_defence": 60,
      "speed": 105
    },
    "evYield": {
      "hp": 0,
      "attack": 3,
      "defence": 0,
      "special_attack": 0,
      "special_defence": 0,
      "speed": 0
    },
      "drops": {
    "amount": 3,
    "entries": [
      {
        "item": "minecraft:salmon"
      },
      {
        "item": "minecraft:bone_meal",
        "percentage": 5.0
      },
      {
        "item": "cobblemon:wacan_berry",
        "percentage": 2.5
      }
    ]
  }
,
      "moves": [
            "1:wakeupslap",
            "1:splash",
            "1:tackle",
            "1:flail",
            "1:watergun",
            "7:swordsdance",
            "10:mist",
            "13:aquajet",
            "17:suckerpunch",
            "21:knockoff",
            "25:teeterdance",
            "29:takedown",
            "34:waterfall",
            "39:brutalswing",
            "44:victorydance",
            "50:aquastep",
            "55:doubleedge",
            "61:wavecrash",
            "tm:agility",
            "tm:ancientpower",
            "tm:assurance",
            "tm:avalanche",
            "tm:swordsdance",
            "tm:raindance",
            "tm:blizzard",
            "tm:bounce",
            "tm:brine",
            "tm:bulldoze",
            "tm:closecombat",
            "tm:crunch",
            "tm:darkpulse",
            "tm:dive",
            "tm:doubleedge",
            "tm:earthquake",
            "tm:endure",
            "tm:facade",
            "tm:flipturn",
            "tm:focusenergy",
            "tm:furycutter",
            "tm:gigaimpact",
            "tm:hail",
            "tm:hydropump",
            "tm:hyperbeam",
            "tm:icebeam",
            "tm:icefang",
            "tm:icywind",
            "tm:liquidation",
            "tm:mudslap",
            "tm:payback",
            "tm:poisonjab",
            "tm:protect",
            "tm:psychicfangs",
            "tm:raindance",
            "tm:rest",
            "tm:retaliate",
            "tm:roar",
            "tm:rocksmash",
            "tm:rocktomb",
            "tm:scald",
            "tm:scaleshot",
            "tm:scaryface",
            "tm:screech",
            "tm:sleeptalk",
            "tm:snarl",
            "tm:spite",
            "tm:strength",
            "tm:substitute",
            "tm:superfang",
            "tm:surf",
            "tm:swagger",
            "tm:swift",
            "tm:takedown",
            "tm:taunt",
            "tm:terablast",
            "tm:thief",
            "tm:torment",
            "tm:uproar",
            "tm:waterfall",
            "tm:waterpulse",
            "tm:whirlpool",
            "tm:zenheadbutt",
            "tutor:ancientpower",
            "tutor:bounce",
            "tutor:bulldoze",
            "tutor:darkpulse",
            "tutor:dive",
            "tutor:flipturn",
            "tutor:focusenergy",
            "tutor:furycutter",
            "tutor:gigaimpact",
            "tutor:swordsdance",
            "tutor:raindance",
            "tutor:hyperbeam",
            "tutor:icebeam",
            "tutor:icefang",
            "tutor:icywind",
            "tutor:liquidation",
            "tutor:mudslap",
            "tutor:poisonjab",
            "tutor:psychic",
            "tutor:rest",
            "tutor:rocksmash",
            "tutor:scaleshot",
            "tutor:sleeptalk",
            "tutor:snarl",
            "tutor:spite",
            "tutor:superfang",
            "tutor:swift",
            "tutor:uproar",
            "tutor:waterpulse",
            "tutor:zenheadbutt"
      ],
      "evolutions": [],
      "preEvolution": "magikarp jetian",
      "battleOnly": false
    }
  ]
}
  