{
    "implemented": true,
    "nationalPokedexNumber": 2438,
    "name": "Moldjinn",
    "primaryType": "fairy",
    "secondaryType": "poison",
    "maleRatio": 0.875,
    "height": 6,
    "weight": 95,
    "pokedex": [
      "cobblemon.species.moldjinn.desc"
    ],
    "labels": ["mythical"],
    "aspects": [],
    "abilities": [
      "runaway",
      "h:runaway"
    ],
    "eggGroups": [
      "monster",
      "fairy"
    ],
    "baseStats": {
      "hp": 60,
      "attack": 60,
      "defence": 55,
      "special_attack": 70,
      "special_defence": 55,
      "speed": 110
    },
    "evYield": {
      "hp": 0,
      "attack": 0,
      "defence": 0,
      "special_attack": 0,
      "special_defence": 0,
      "speed": 3
    },
    "baseExperienceYield": 63,
    "experienceGroup": "medium_slow",
    "catchRate": 45,
    "eggCycles": 20,
    "baseFriendship": 50,
    "shoulderMountable": true,
    "baseScale": 1.2,
    "hitbox": {
      "width": 0.85,
      "height": 1.4,
      "fixed": false
    },
    "behaviour": {
      "resting": {
        "canSleep": true,
        "willSleepOnBed": true,
        "light": "0-4"
      },
      "moving": {
        "walk": {
          "walkSpeed": 0.25
        }
      }
    },
    "drops": {
      "amount": 1,
      "entries": [
        {
          "item": "cobblemon:dawn_stone",
          "percentage": 5.0
        }
      ]
    },
    "moves": [
    "1:poisongas",
    "1:tackle",
    "1:ancientpower",
    "1:spore",
    "1:doublehit",
    "1:wish",
    "12:clearsmog",
    "16:assurance",
    "20:sludge",
    "24:haze",
    "28:dazzlinggleam",
    "32:sludgebomb",
    "38:toxic",
    "44:belch",
    "50:explosion",
    "56:moonblast",
    "62:destinybond",
    "tm:acidspray",
    "tm:assurance",
    "tm:bodyslam",
    "tm:corrosivegas",
    "tm:curse",
    "tm:darkpulse",
    "tm:endure",
    "tm:explosion",
    "tm:facade",
    "tm:fireblast",
    "tm:flamethrower",
    "tm:flash",
    "tm:gigaimpact",
    "tm:gunkshot",
    "tm:gyroball",
    "tm:haze",
    "tm:heatwave",
    "tm:hyperbeam",
    "tm:incinerate",
    "tm:infestation",
    "tm:painsplit",
    "tm:payback",
    "tm:protect",
    "tm:psybeam",
    "tm:raindance",
    "tm:rest",
    "tm:rollout",
    "tm:scaryface",
    "tm:screech",
    "tm:selfdestruct",
    "tm:shadowball",
    "tm:shockwave",
    "tm:sleeptalk",
    "tm:sludgebomb",
    "tm:sludgewave",
    "tm:spite",
    "tm:substitute",
    "tm:sunnyday",
    "tm:takedown",
    "tm:taunt",
    "tm:terablast",
    "tm:thief",
    "tm:thunder",
    "tm:thunderbolt",
    "tm:torment",
    "tm:toxic",
    "tm:toxicspikes",
    "tm:venomdrench",
    "tm:venoshock",
    "tm:willowisp"
    ]
  }
