{
  "implemented": true,
  "nationalPokedexNumber": 2407,
  "name": "Parasynthesis",
  "primaryType": "dragon",
  "secondaryType": "grass",
  "maleRatio": 0.875,
  "height": 15,
  "weight": 682,
  "pokedex": [
    "cobblemon.species.parasynthesis.desc"
  ],
  "labels": [
    "fossil"
  ],
  "aspects": [],
  "abilities": [
    "eartheater",
    "h:grassysurge"
  ],
  "eggGroups": [
    "monster"
  ],
  "baseStats": {
    "hp": 125,
    "attack": 75,
    "defence": 100,
    "special_attack": 80,
    "special_defence": 70,
    "speed": 45
  },
  "evYield": {
    "hp": 2,
    "attack": 0,
    "defence": 0,
    "special_attack": 0,
    "special_defence": 0,
    "speed": 0
  },
  "baseExperienceYield": 173,
  "experienceGroup": "erratic",
  "catchRate": 45,
  "eggCycles": 30,
  "baseFriendship": 50,
  "baseScale": 1,
  "hitbox": {
    "width": 1,
    "height": 2.2,
    "fixed": false
  },
  "behaviour": {
    "moving": {
      "swim": {
        "swimSpeed": 0.3,
        "canBreatheUnderwater": true,
        "canWalkOnWater": true,
        "canSwimInWater": true,
        "canSwimInLava": false
      },
      "walk": {
        "walkSpeed": 0.16
      }
    },
    "resting": {
      "canSleep": true,
      "light": "0-4"
    }
  },
  "drops": {
    "amount": 1,
    "entries": [
      {
        "item": "cobblemon:oak_sapling",
        "percentage": 10.0
      }
    ]
  },
  "moves": [
    "1:headbutt",
    "1:recycle",
    "1:withdraw",
    "1:astonish",
    "1:growth",
    "1:sweetscent",
    "4:curse",
    "8:stomp",
    "12:leechseed",
    "16:protect",
    "20:bulletseed",
    "24:recover",
    "28:synthesis",
    "32:bodyslam",
    "36:irondefense",
    "40:dragonpulse",
    "44:energyball",
    "egg:defensecurl",
    "egg:recycle",
    "egg:rollout",
    "egg:suckerpunch",
    "tm:amnesia",
    "tm:bodypress",
    "tm:bodyslam",
    "tm:bulldoze",
    "tm:bulletseed",
    "tm:curse",
    "tm:dracometeor",
    "tm:dragonpulse",
    "tm:dragontail",
    "tm:earthquake",
    "tm:endure",
    "tm:energyball",
    "tm:facade",
    "tm:gigadrain",
    "tm:gigaimpact",
    "tm:grassknot",
    "tm:grassyglide",
    "tm:grassyterrain",
    "tm:gyroball",
    "tm:headbutt",
    "tm:heavyslam",
    "tm:helpinghand",
    "tm:highhorsepower",
    "tm:hyperbeam",
    "tm:irondefense",
    "tm:ironhead",
    "tm:leafstorm",
    "tm:lightscreen",
    "tm:magicalleaf",
    "tm:outrage",
    "tm:payback",
    "tm:pounce",
    "tm:protect",
    "tm:raindance",
    "tm:recycle",
    "tm:reflect",
    "tm:rest",
    "tm:rollout",
    "tm:safeguard",
    "tm:seedbomb",
    "tm:sleeptalk",
    "tm:solarbeam",
    "tm:stompingtantrum",
    "tm:substitute",
    "tm:suckerpunch",
    "tm:sunnyday",
    "tm:superpower",
    "tm:takedown",
    "tm:terablast",
    "tm:trailblaze",
    "tm:zenheadbutt",
    "tutor:bulldoze",
    "tutor:dracometeor",
    "tutor:dragonpulse",
    "tutor:energyball",
    "tutor:gigadrain",
    "tutor:gigaimpact",
    "tutor:grassyglide",
    "tutor:helpinghand",
    "tutor:highhorsepower",
    "tutor:hyperbeam",
    "tutor:irondefense",
    "tutor:ironhead",
    "tutor:magicalleaf",
    "tutor:outrage",
    "tutor:recycle",
    "tutor:rest",
    "tutor:rollout",
    "tutor:seedbomb",
    "tutor:sleeptalk",
    "tutor:stompingtantrum",
    "tutor:suckerpunch",
    "tutor:superpower",
    "tutor:zenheadbutt"
  ],
  "preEvolution": "paraflora",
  "evolutions": []
}

  