{
    "implemented": true,
    "nationalPokedexNumber": 2414,
    "name": "Pupaint",
    "primaryType": "normal",
    "maleRatio": 0.5,
    "shoulderMountable": true,
    "height": 5,
    "weight": 102,
    "pokedex": [
      "cobblemon.species.pupaint.desc"
    ],
    "labels": ["baby"],
    "aspects": [],
    "abilities": [
      "owntempo",
      "technician",
      "h:moody"
    ],
    "eggGroups": [
      "undiscovered"
    ],
    "baseStats": {
      "hp": 50,
      "attack": 20,
      "defence": 40,
      "special_attack": 20,
      "special_defence": 40,
      "speed": 20
    },
    "evYield": {
      "hp": 1,
      "attack": 0,
      "defence": 0,
      "special_attack": 0,
      "special_defence": 0,
      "speed": 0
    },
    "baseExperienceYield": 38,
    "experienceGroup": "fast",
    "catchRate": 150,
    "eggCycles": 10,
    "baseFriendship": 50,
    "baseScale": 1,
    "hitbox": {
      "width": 1,
      "height": 1,
      "fixed": false
    },
    "drops": {
      "amount": 1,
      "entries": [
        {
          "item": "cobblemon:kebia_berry",
          "percentage": 2.5
        }
      ]
    },
    "moves": [
      "1:sing",
      "1:pound",
      "1:copycat",
      "4:defensecurl",
      "8:sweetkiss",
      "12:disarmingvoice",
      "16:disable",
      "20:charm",
      "egg:captivate",
      "egg:covet",
      "egg:feintattack",
      "egg:gravity",
      "egg:healpulse",
      "egg:lastresort",
      "egg:perishsong",
      "egg:present",
      "egg:punishment",
      "egg:rollout",
      "egg:wish",
      "tm:alluringvoice",
      "tm:bodyslam",
      "tm:bounce",
      "tm:captivate",
      "tm:charm",
      "tm:covet",
      "tm:dazzlinggleam",
      "tm:dig",
      "tm:disarmingvoice",
      "tm:doubleedge",
      "tm:drainingkiss",
      "tm:dreameater",
      "tm:echoedvoice",
      "tm:encore",
      "tm:endeavor",
      "tm:endure",
      "tm:facade",
      "tm:faketears",
      "tm:fireblast",
      "tm:flamethrower",
      "tm:flash",
      "tm:fling",
      "tm:grassknot",
      "tm:gravity",
      "tm:headbutt",
      "tm:healbell",
      "tm:helpinghand",
      "tm:hypervoice",
      "tm:icywind",
      "tm:incinerate",
      "tm:lastresort",
      "tm:lightscreen",
      "tm:magiccoat",
      "tm:megakick",
      "tm:megapunch",
      "tm:mistyterrain",
      "tm:painsplit",
      "tm:playrough",
      "tm:protect",
      "tm:psychic",
      "tm:psychup",
      "tm:raindance",
      "tm:recycle",
      "tm:reflect",
      "tm:rest",
      "tm:roleplay",
      "tm:rollout",
      "tm:safeguard",
      "tm:screech",
      "tm:shadowball",
      "tm:shockwave",
      "tm:sleeptalk",
      "tm:solarbeam",
      "tm:substitute",
      "tm:sunnyday",
      "tm:swift",
      "tm:takedown",
      "tm:terablast",
      "tm:thunderwave",
      "tm:trailblaze",
      "tm:wildcharge",
      "tm:workup",
      "tutor:bounce",
      "tutor:covet",
      "tutor:dazzlinggleam",
      "tutor:endeavor",
      "tutor:flamethrower",
      "tutor:gravity",
      "tutor:healbell",
      "tutor:helpinghand",
      "tutor:hypervoice",
      "tutor:icywind",
      "tutor:lastresort",
      "tutor:magiccoat",
      "tutor:painsplit",
      "tutor:playrough",
      "tutor:psychic",
      "tutor:recycle",
      "tutor:rest",
      "tutor:roleplay",
      "tutor:rollout",
      "tutor:shadowball",
      "tutor:shockwave",
      "tutor:sleeptalk",
      "tutor:swift",
      "tutor:wildcharge"  
    ],
    "evolutions": [
      {
        "id": "pupaint_smeargle",
        "variant": "level_up",
        "result": "smeargle",
        "consumeHeldItem": false,
        "learnableMoves": ["sketch"],
        "requirements": [
          {
            "variant": "friendship",
            "amount": 160
          }
        ]
      }
    ]
  }
  