{
  "implemented": true,
  "nationalPokedexNumber": 2408,
  "name": "Rhinostella",
  "primaryType": "fairy",
  "secondaryType": "ice",
  "maleRatio": 0.875,
  "height": 5,
  "weight": 570,
  "pokedex": [
    "cobblemon.species.rhinostella.desc"
  ],
  "labels": [
    "fossil"
  ],
  "aspects": [],
  "abilities": [
    "snowcloak",
    "h:snowwarning"
  ],
  "eggGroups": [
    "monster"
  ],
  "baseStats": {
    "hp": 118,
    "attack": 30,
    "defence": 42,
    "special_attack": 42,
    "special_defence": 88,
    "speed": 30
  },
  "evYield": {
    "hp": 1,
    "attack": 0,
    "defence": 0,
    "special_attack": 0,
    "special_defence": 0,
    "speed": 0
  },
  "baseExperienceYield": 70,
  "experienceGroup": "erratic",
  "catchRate": 45,
  "eggCycles": 30,
  "baseFriendship": 50,
  "baseScale": 1,
  "hitbox": {
    "width": 0.85,
    "height": 1.22,
    "fixed": false
  },
  "behaviour": {
    "moving": {
      "walk": {
        "walkSpeed": 0.16
      },
      "swim": {
        "canSwimInLava": false
      }
    }
  },
  "drops": {
    "amount": 1,
    "entries": [
      {
        "item": "minecraft:leather",
        "quantityRange": "0-1"
      }
    ]
  },
  "moves": [
        "1:powdersnow",
        "1:tailwhip",
        "4:disable",
        "8:iceshard",
        "12:spite",
        "16:icywind",
        "20:confuseray",
        "24:aurorabeam",
        "28:extrasensory",
        "32:icebeam",
        "36:imprison",
        "40:mist",
        "44:auroraveil",
        "48:freezedry",
        "52:grudge",
        "egg:babydolleyes",
        "egg:captivate",
        "egg:disable",
        "egg:extrasensory",
        "egg:feintattack",
        "egg:flail",
        "egg:freezedry",
        "egg:howl",
        "egg:hypnosis",
        "egg:moonblast",
        "egg:roar",
        "egg:secretpower",
        "egg:sheercold",
        "tm:agility",
        "tm:auroraveil",
        "tm:babydolleyes",
        "tm:batonpass",
        "tm:blizzard",
        "tm:bodyslam",
        "tm:captivate",
        "tm:charm",
        "tm:chillingwater",
        "tm:confuseray",
        "tm:covet",
        "tm:darkpulse",
        "tm:dazzlinggleam",
        "tm:dig",
        "tm:disarmingvoice",
        "tm:doubleedge",
        "tm:drainingkiss",
        "tm:encore",
        "tm:endure",
        "tm:facade",
        "tm:faketears",
        "tm:foulplay",
        "tm:frostbreath",
        "tm:hail",
        "tm:healbell",
        "tm:helpinghand",
        "tm:hex",
        "tm:icebeam",
        "tm:iciclespear",
        "tm:icywind",
        "tm:imprison",
        "tm:irontail",
        "tm:mistyterrain",
        "tm:nastyplot",
        "tm:painsplit",
        "tm:payback",
        "tm:playrough",
        "tm:powerswap",
        "tm:protect",
        "tm:psychup",
        "tm:raindance",
        "tm:rest",
        "tm:roar",
        "tm:roleplay",
        "tm:safeguard",
        "tm:secretpower",
        "tm:sleeptalk",
        "tm:snowscape",
        "tm:spite",
        "tm:storedpower",
        "tm:substitute",
        "tm:swift",
        "tm:tailslap",
        "tm:takedown",
        "tm:terablast",
        "tm:weatherball",
        "tm:zenheadbutt",
        "tutor:babydolleyes",
        "tutor:covet",
        "tutor:darkpulse",
        "tutor:dazzlinggleam",
        "tutor:foulplay",
        "tutor:healbell",
        "tutor:helpinghand",
        "tutor:icebeam",
        "tutor:icywind",
        "tutor:irontail",
        "tutor:painsplit",
        "tutor:playrough",
        "tutor:rest",
        "tutor:roleplay",
        "tutor:sleeptalk",
        "tutor:spite",
        "tutor:swift",
        "tutor:zenheadbutt"
  ],
  "evolutions": [
    {
      "id": "rhinostella_fairhino",
      "variant": "level_up",
      "result": "fairhino",
      "consumeHeldItem": false,
      "learnableMoves": [],
      "requirements": [
        {
          "variant": "level",
          "minLevel": 30
        }
      ]
    }
  ]
}
