{
    "implemented": true,
    "nationalPokedexNumber": 2433,
    "name": "Rockocroco",
    "primaryType": "rock",
    "secondaryType": "water",
    "maleRatio": 0.875,
    "height": 6,
    "weight": 95,
    "pokedex": [
      "cobblemon.species.rockocroco.desc"
    ],
    "labels": ["mythical"],
    "aspects": [],
    "abilities": [
      "runaway",
      "h:runaway"
    ],
    "eggGroups": [
      "monster",
      "water_1"
    ],
    "baseStats": {
      "hp": 60,
      "attack": 80,
      "defence": 80,
      "special_attack": 65,
      "special_defence": 70,
      "speed": 55
    },
    "evYield": {
      "hp": 0,
      "attack": 0,
      "defence": 0,
      "special_attack": 3,
      "special_defence": 0,
      "speed": 0
    },
    "baseExperienceYield": 63,
    "experienceGroup": "medium_slow",
    "catchRate": 45,
    "eggCycles": 20,
    "baseFriendship": 50,
    "shoulderMountable": false,
    "baseScale": 1,
    "hitbox": {
      "width": 0.85,
      "height": 1.4,
      "fixed": false
    },
    "behaviour": {
      "resting": {
        "canSleep": true,
        "willSleepOnBed": true,
        "light": "0-4"
      },
      "moving": {
        "swim": {
          "canBreatheUnderwater": true,
          "canWalkOnWater": true,
          "canSwimInWater": true,
          "canSwimInLava": false,
          "swimSpeed": "0.2"
        },
        "walk": {
          "walkSpeed": 0.25
        }
      }
    },
    "drops": {
      "amount": 1,
      "entries": [
        {
          "item": "cobblemon:mystic_water",
          "percentage": 5.0
        }
      ]
    },
    "moves": [
      "1:ancientpower",
      "1:rollout",
      "1:watergun",
      "1:defensecurl",
      "7:bite",
      "14:wideguard",
      "21:stomp",
      "28:waterfall",
      "35:crunch",
      "42:rockslide",
      "49:stealthrock",
      "56:stoneedge",
      "63:liquidation",
      "70:bulkup",
      "77:gigaimpact",
      "84:headsmash",
      "91:wavecrash",
      "tm:bodypress",
      "tm:brickbreak",
      "tm:breakingswipe",
      "tm:doubleedge",
      "tm:dragondance",
      "tm:dragonpulse",
      "tm:earthpower",
      "tm:earthquake",
      "tm:endeavor",
      "tm:endure",
      "tm:facade",
      "tm:firefang",
      "tm:gigaimpact",
      "tm:highhorsepower",
      "tm:hydropump",
      "tm:icebeam",
      "tm:icefang",
      "tm:knockoff",
      "tm:metalclaw",
      "tm:muddywater",
      "tm:outrage",
      "tm:powergem",
      "tm:protect",
      "tm:psychicfangs",
      "tm:raindance",
      "tm:rest",
      "tm:roar",
      "tm:rockblast",
      "tm:rocktomb",
      "tm:sandstorm",
      "tm:shadowclaw",
      "tm:sleeptalk",
      "tm:smackdown",
      "tm:snore",
      "tm:stompingtantrum",
      "tm:substitute",
      "tm:takedown",
      "tm:thunderfang",
      "tm:uproar",
      "tm:waterpulse",
      "tm:whirlpool",
      "tm:zenheadbutt"
    ]
  }
