{
    "implemented": true,
    "nationalPokedexNumber": 2435,
    "name": "Snowwing",
    "primaryType": "ice",
    "secondaryType": "dragon",
    "maleRatio": 0.875,
    "height": 6,
    "weight": 95,
    "pokedex": [
      "cobblemon.species.snowwing.desc"
    ],
    "labels": ["mythical"],
    "aspects": [],
    "abilities": [
      "runaway",
      "h:runaway"
    ],
    "eggGroups": [
      "monster"
    ],
    "baseStats": {
      "hp": 60,
      "attack": 65,
      "defence": 55,
      "special_attack": 85,
      "special_defence": 75,
      "speed": 70
    },
    "evYield": {
      "hp": 0,
      "attack": 0,
      "defence": 0,
      "special_attack": 3,
      "special_defence": 0,
      "speed": 0
    },
    "baseExperienceYield": 63,
    "experienceGroup": "medium_slow",
    "catchRate": 45,
    "eggCycles": 20,
    "baseFriendship": 50,
    "shoulderMountable": true,
    "baseScale": 1.2,
    "hitbox": {
      "width": 0.85,
      "height": 1.4,
      "fixed": false
    },
    "behaviour": {
      "resting": {
        "canSleep": true,
        "willSleepOnBed": true,
        "light": "0-4"
      },
      "moving": {
        "swim": {
          "canBreatheUnderwater": false,
          "canWalkOnWater": false,
          "canSwimInWater": false,
          "canSwimInLava": false,
          "swimSpeed": "0.2"
        },
        "walk": {
          "walkSpeed": 0.25
        }
      }
    },
    "drops": {
      "amount": 1,
      "entries": [
        {
          "item": "cobblemon:ice_stone",
          "percentage": 5.0
        }
      ]
    },
    "moves": [
     "1:ancientpower",
     "1:snowscape",
     "1:poisontail",
      "1:dragontail",
      "1:iceshard",
      "1:tackle",
      "1:spite",
      "6:icywind",
      "12:dragonbreath",
      "18:poisonfang",
      "24:bite",
      "29:icefang",
      "35:nightslash",
      "42:takedown",
      "48:icebeam",
      "55:crunch",
      "62:iciclecrash",
      "egg:aquatail",
      "egg:dragonrush",
      "egg:freezedry",
      "egg:iciclespear",
      "tm:aerialace",
      "tm:aquatail",
      "tm:avalanche",
      "tm:blizzard",
      "tm:bodypress",
      "tm:bodyslam",
      "tm:breakingswipe",
      "tm:brickbreak",
      "tm:bulldoze",
      "tm:crunch",
      "tm:dig",
      "tm:doubleedge",
      "tm:dracometeor",
      "tm:dragoncheer",
      "tm:dragonclaw",
      "tm:dragondance",
      "tm:dragonpulse",
      "tm:dragontail",
      "tm:earthquake",
      "tm:endure",
      "tm:facade",
      "tm:falseswipe",
      "tm:focusenergy",
      "tm:gigaimpact",
      "tm:helpinghand",
      "tm:highhorsepower",
      "tm:hyperbeam",
      "tm:icebeam",
      "tm:icefang",
      "tm:iciclespear",
      "tm:icywind",
      "tm:ironhead",
      "tm:outrage",
      "tm:protect",
      "tm:raindance",
      "tm:rest",
      "tm:scaleshot",
      "tm:scaryface",
      "tm:sleeptalk",
      "tm:snowscape",
      "tm:stompingtantrum",
      "tm:substitute",
      "tm:swordsdance",
      "tm:takedown",
      "tm:terablast",
      "tm:thunderfang",
      "tm:zenheadbutt"
    ]
  }
