{
    "implemented": true,
    "nationalPokedexNumber": 2436,
    "name": "Spirikid",
    "primaryType": "poison",
    "secondaryType": "dark",
    "maleRatio": 0.875,
    "height": 6,
    "weight": 95,
    "pokedex": [
      "cobblemon.species.spirikid.desc"
    ],
    "labels": ["mythical"],
    "aspects": [],
    "abilities": [
      "runaway",
      "h:runaway"
    ],
    "eggGroups": [
      "monster"
    ],
    "baseStats": {
      "hp": 50,
      "attack": 75,
      "defence": 45,
      "special_attack": 95,
      "special_defence": 65,
      "speed": 80
    },
    "evYield": {
      "hp": 0,
      "attack": 0,
      "defence": 0,
      "special_attack": 3,
      "special_defence": 0,
      "speed": 0
    },
    "baseExperienceYield": 63,
    "experienceGroup": "medium_slow",
    "catchRate": 45,
    "eggCycles": 20,
    "baseFriendship": 50,
    "shoulderMountable": true,
    "baseScale": 1.2,
    "hitbox": {
      "width": 0.85,
      "height": 1.4,
      "fixed": false
    },
    "behaviour": {
      "resting": {
        "canSleep": true,
        "willSleepOnBed": true,
        "light": "0-4"
      },
      "moving": {
        "walk": {
          "walkSpeed": 0.25
        }
      }
    },
    "drops": {
      "amount": 1,
      "entries": [
        {
          "item": "cobblemon:dusk_stone",
          "percentage": 5.0
        }
      ]
    },
    "moves": [
        "1:ancientpower",
        "1:counter",
        "1:meanlook",
        "1:confuseray",
        "1:shadowpunch",
        "1:toxic",
        "1:perishsong",
        "1:thunderpunch",
        "12:payback",
        "16:venoshock",
        "20:curse",
        "24:hex",
        "30:crosspoison",
        "36:suckerpunch",
        "42:darkpulse",
        "48:shadowball",
        "54:destinybond",
        "60:closecombat",
        "tm:acidspray",
        "tm:allyswitch",
        "tm:bodyslam",
        "tm:brickbreak",
        "tm:confuseray",
        "tm:corrosivegas",
        "tm:curse",
        "tm:darkpulse",
        "tm:dazzlinggleam",
        "tm:drainpunch",
        "tm:dreameater",
        "tm:embargo",
        "tm:encore",
        "tm:endure",
        "tm:energyball",
        "tm:explosion",
        "tm:facade",
        "tm:firepunch",
        "tm:fling",
        "tm:focusblast",
        "tm:focuspunch",
        "tm:foulplay",
        "tm:gigadrain",
        "tm:gigaimpact",
        "tm:gunkshot",
        "tm:haze",
        "tm:headbutt",
        "tm:hex",
        "tm:hyperbeam",
        "tm:icepunch",
        "tm:icywind",
        "tm:imprison",
        "tm:infestation",
        "tm:knockoff",
        "tm:laserfocus",
        "tm:megakick",
        "tm:megapunch",
        "tm:metronome",
        "tm:nastyplot",
        "tm:nightshade",
        "tm:ominouswind",
        "tm:painsplit",
        "tm:payback",
        "tm:phantomforce",
        "tm:poisonjab",
        "tm:poltergeist",
        "tm:powershift",
        "tm:poweruppunch",
        "tm:protect",
        "tm:psychic",
        "tm:psychicnoise",
        "tm:psychup",
        "tm:raindance",
        "tm:rest",
        "tm:rocksmash",
        "tm:roleplay",
        "tm:scaryface",
        "tm:selfdestruct",
        "tm:shadowball",
        "tm:shadowclaw",
        "tm:skillswap",
        "tm:skittersmack",
        "tm:sleeptalk",
        "tm:sludgebomb",
        "tm:sludgewave",
        "tm:snatch",
        "tm:spite",
        "tm:strength",
        "tm:substitute",
        "tm:suckerpunch",
        "tm:sunnyday",
        "tm:taunt",
        "tm:telekinesis",
        "tm:terablast",
        "tm:thief",
        "tm:thunder",
        "tm:thunderbolt",
        "tm:thunderpunch",
        "tm:thunderwave",
        "tm:torment",
        "tm:toxic",
        "tm:toxicspikes",
        "tm:trick",
        "tm:trickroom",
        "tm:venoshock",
        "tm:willowisp",
        "tm:wonderroom"
    ]
  }
