{
    "implemented": true,
    "nationalPokedexNumber": 2413,
    "name": "Ultimagrub",
    "primaryType": "bug",
    "secondaryType": "dragon",
    "maleRatio": 0.5,
    "shoulderMountable": true,
    "height": 5,
    "weight": 102,
    "pokedex": [
      "cobblemon.species.ultimagrub.desc"
    ],
    "labels": ["legendary"],
    "aspects": [],
    "abilities": [
      "shielddust",
      "h:runaway"
    ],
    "eggGroups": [
      "bug"
    ],
    "baseStats": {
      "hp": 255,
      "attack": 115,
      "defence": 250,
      "special_attack": 125,
      "special_defence": 250,
      "speed": 130
    },
    "evYield": {
      "hp": 3,
      "attack": 0,
      "defence": 0,
      "special_attack": 0,
      "special_defence": 0,
      "speed": 0
    },
    "baseExperienceYield": 39,
    "experienceGroup": "medium_fast",
    "catchRate": 255,
    "eggCycles": 15,
    "baseFriendship": 50,
    "features": [],
    "baseScale": 7.5,
    "hitbox": {
      "width": 0.6,
      "height": 0.4,
      "fixed": false
    },
    "behaviour": {
      "resting": {
        "canSleep": true,
        "light": "0-4"
      },
      "moving": {
        "walk": {
          "walkSpeed": 0.4
        }
      }
    },
    "drops": {
      "amount": 2,
      "entries": [
        {
          "item": "minecraft:string",
          "quantityRange": "0-1"
        },
        {
          "item": "cobblemon:wepear_berry",
          "percentage": 2.5
        }
      ]
    },
    "moves": [
      "1:explosion"
    ],  
  "evolutions": []
}
