{
	"format_version": "1.8.0",
	"animations": {
		"animation.ascenshark-spaceworldmons.cry": {
			"animation_length": 0.75,
			"bones": {
				"jaw": {
					"rotation": {
						"0.0": [0, 0, 0],
						"0.25": [30, 0, 0],
						"0.5": [30, 0, 0],
						"0.75": [0, 0, 0]
					}
				},
				"head": {
					"rotation": {
						"0.0": [0, 0, 0],
						"0.25": [5, 0, 0],
						"0.75": [0, 0, 0]
					}
				}
			}
		},
		"animation.ascenshark-spaceworldmons.ground_idle": {
			"loop": true,
			"animation_length": 2,
			"bones": {
				"body": {
					"position": {
						"0.0": {
							"post": [0, 0, 0],
							"lerp_mode": "catmullrom"
						},
						"1.0": {
							"post": [0, -2, 0],
							"lerp_mode": "catmullrom"
						},
						"2.0": {
							"post": [0, 0, 0],
							"lerp_mode": "catmullrom"
						}
					}
				},
				"jaw": {
					"rotation": {
						"0.0": {
							"post": [17.5, 0, 0],
							"lerp_mode": "catmullrom"
						},
						"1.0": {
							"post": [5, 0, 0],
							"lerp_mode": "catmullrom"
						},
						"2.0": {
							"post": [17.5, 0, 0],
							"lerp_mode": "catmullrom"
						}
					}
				},
				"leg_front_left": {
					"rotation": {
						"0.0": {
							"post": [0, 10, 10],
							"lerp_mode": "catmullrom"
						},
						"1.0": {
							"post": [0, 17.5, 10],
							"lerp_mode": "catmullrom"
						},
						"2.0": {
							"post": [0, 10, 10],
							"lerp_mode": "catmullrom"
						}
					}
				},
				"leg_front_left2": {
					"rotation": {
						"0.0": {
							"post": [0, 0, -22.5],
							"lerp_mode": "catmullrom"
						},
						"1.0": {
							"post": [0, 0, -30],
							"lerp_mode": "catmullrom"
						},
						"2.0": {
							"post": [0, 0, -22.5],
							"lerp_mode": "catmullrom"
						}
					}
				},
				"leg_back_left": {
					"rotation": {
						"0.0": {
							"post": [0, -10, 10],
							"lerp_mode": "catmullrom"
						},
						"1.0": {
							"post": [0, -17.5, 10],
							"lerp_mode": "catmullrom"
						},
						"2.0": {
							"post": [0, -10, 10],
							"lerp_mode": "catmullrom"
						}
					}
				},
				"leg_back_left2": {
					"rotation": {
						"0.0": {
							"post": [0, 0, -22.5],
							"lerp_mode": "catmullrom"
						},
						"1.0": {
							"post": [0, 0, -30],
							"lerp_mode": "catmullrom"
						},
						"2.0": {
							"post": [0, 0, -22.5],
							"lerp_mode": "catmullrom"
						}
					}
				},
				"leg_back_right": {
					"rotation": {
						"0.0": {
							"post": [0, 10, -10],
							"lerp_mode": "catmullrom"
						},
						"1.0": {
							"post": [0, 17.5, -10],
							"lerp_mode": "catmullrom"
						},
						"2.0": {
							"post": [0, 10, -10],
							"lerp_mode": "catmullrom"
						}
					}
				},
				"leg_back_right2": {
					"rotation": {
						"0.0": {
							"post": [0, 0, 22.5],
							"lerp_mode": "catmullrom"
						},
						"1.0": {
							"post": [0, 0, 30],
							"lerp_mode": "catmullrom"
						},
						"2.0": {
							"post": [0, 0, 22.5],
							"lerp_mode": "catmullrom"
						}
					}
				},
				"leg_front_right": {
					"rotation": {
						"0.0": {
							"post": [0, -10, -10],
							"lerp_mode": "catmullrom"
						},
						"1.0": {
							"post": [0, -17.5, -10],
							"lerp_mode": "catmullrom"
						},
						"2.0": {
							"post": [0, -10, -10],
							"lerp_mode": "catmullrom"
						}
					}
				},
				"leg_front_right2": {
					"rotation": {
						"0.0": {
							"post": [0, 0, 22.5],
							"lerp_mode": "catmullrom"
						},
						"1.0": {
							"post": [0, 0, 30],
							"lerp_mode": "catmullrom"
						},
						"2.0": {
							"post": [0, 0, 22.5],
							"lerp_mode": "catmullrom"
						}
					}
				}
			}
		},
		"animation.ascenshark-spaceworldmons.ground_walk": {
			"loop": true,
			"animation_length": 2,
			"bones": {
				"body": {
					"rotation": {
						"0.0": {
							"post": [12.5, 0, 0],
							"lerp_mode": "catmullrom"
						},
						"1.0": {
							"post": [7.5, 0, 0],
							"lerp_mode": "catmullrom"
						},
						"2.0": {
							"post": [12.5, 0, 0],
							"lerp_mode": "catmullrom"
						}
					},
					"position": {
						"0.0": {
							"post": [0, 0, 0],
							"lerp_mode": "catmullrom"
						},
						"1.0": {
							"post": [0, -2, 0],
							"lerp_mode": "catmullrom"
						},
						"2.0": {
							"post": [0, 0, 0],
							"lerp_mode": "catmullrom"
						}
					}
				},
				"head": {
					"rotation": {
						"0.0": {
							"post": [-10, 0, 0],
							"lerp_mode": "catmullrom"
						},
						"1.0": {
							"post": [-5, 0, 0],
							"lerp_mode": "catmullrom"
						},
						"2.0": {
							"post": [-10, 0, 0],
							"lerp_mode": "catmullrom"
						}
					}
				},
				"jaw": {
					"rotation": {
						"0.0": {
							"post": [25, 0, 0],
							"lerp_mode": "catmullrom"
						},
						"1.0": {
							"post": [5, 0, 0],
							"lerp_mode": "catmullrom"
						},
						"2.0": {
							"post": [25, 0, 0],
							"lerp_mode": "catmullrom"
						}
					}
				},
				"leg_front_left": {
					"rotation": {
						"0.0": {
							"post": [0, -22.5, 37.5],
							"lerp_mode": "catmullrom"
						},
						"1.0": {
							"post": [-3.22206, -27.28953, 45.91338],
							"lerp_mode": "catmullrom"
						},
						"2.0": {
							"post": [0, -22.5, 37.5],
							"lerp_mode": "catmullrom"
						}
					}
				},
				"leg_front_left2": {
					"rotation": {
						"0.0": {
							"post": [0, 0, -22.5],
							"lerp_mode": "catmullrom"
						},
						"2.0": {
							"post": [0, 0, -22.5],
							"lerp_mode": "catmullrom"
						}
					}
				},
				"booster_front_left": {
					"rotation": {
						"0.0": {
							"post": [37.69778, 21.2842, -25.15933],
							"lerp_mode": "catmullrom"
						},
						"2.0": {
							"post": [37.69778, 21.2842, -25.15933],
							"lerp_mode": "catmullrom"
						}
					}
				},
				"leg_back_left": {
					"rotation": {
						"0.0": {
							"post": [0, -37.5, 10],
							"lerp_mode": "catmullrom"
						},
						"1.0": {
							"post": [6.1475, -42.0981, -0.09276],
							"lerp_mode": "catmullrom"
						},
						"2.0": {
							"post": [0, -37.5, 10],
							"lerp_mode": "catmullrom"
						}
					}
				},
				"leg_back_left2": {
					"rotation": {
						"0.0": {
							"post": [0, 0, -22.5],
							"lerp_mode": "catmullrom"
						},
						"2.0": {
							"post": [0, 0, -22.5],
							"lerp_mode": "catmullrom"
						}
					}
				},
				"booster_back_left": {
					"rotation": {
						"0.0": {
							"post": [90, 42.5, 0],
							"lerp_mode": "catmullrom"
						},
						"2.0": {
							"post": [90, 42.5, 0],
							"lerp_mode": "catmullrom"
						}
					}
				},
				"leg_back_right": {
					"rotation": {
						"0.0": {
							"post": [0, 37.5, -10],
							"lerp_mode": "catmullrom"
						},
						"1.0": {
							"post": [6.1475, 42.0981, 0.09276],
							"lerp_mode": "catmullrom"
						},
						"2.0": {
							"post": [0, 37.5, -10],
							"lerp_mode": "catmullrom"
						}
					}
				},
				"leg_back_right2": {
					"rotation": {
						"0.0": {
							"post": [0, 0, 22.5],
							"lerp_mode": "catmullrom"
						},
						"2.0": {
							"post": [0, 0, 22.5],
							"lerp_mode": "catmullrom"
						}
					}
				},
				"booster_back_right": {
					"rotation": {
						"0.0": {
							"post": [90, -42.5, 0],
							"lerp_mode": "catmullrom"
						},
						"2.0": {
							"post": [90, -42.5, 0],
							"lerp_mode": "catmullrom"
						}
					}
				},
				"leg_front_right": {
					"rotation": {
						"0.0": {
							"post": [0, 22.5, -37.5],
							"lerp_mode": "catmullrom"
						},
						"1.0": {
							"post": [-3.22206, 27.28953, -45.91338],
							"lerp_mode": "catmullrom"
						},
						"2.0": {
							"post": [0, 22.5, -37.5],
							"lerp_mode": "catmullrom"
						}
					}
				},
				"leg_front_right2": {
					"rotation": {
						"0.0": {
							"post": [0, 0, 22.5],
							"lerp_mode": "catmullrom"
						},
						"2.0": {
							"post": [0, 0, 22.5],
							"lerp_mode": "catmullrom"
						}
					}
				},
				"booster_front_right": {
					"rotation": {
						"0.0": {
							"post": [37.69778, -21.2842, 25.15933],
							"lerp_mode": "catmullrom"
						},
						"2.0": {
							"post": [37.69778, -21.2842, 25.15933],
							"lerp_mode": "catmullrom"
						}
					}
				}
			}
		},
		"animation.ascenshark-spaceworldmons.blink": {
			"loop": true,
			"bones": {
				"eye_left": {
					"position": [-1, 0, 0]
				},
				"eye_right": {
					"position": [1, 0, 0]
				}
			}
		},
		"animation.ascenshark-spaceworldmons.sleep": {
			"loop": true,
			"animation_length": 2,
			"bones": {
				"body": {
					"position": {
						"0.0": {
							"post": [0, -4, 0],
							"lerp_mode": "catmullrom"
						},
						"1.0": {
							"post": [0, -3, 0],
							"lerp_mode": "catmullrom"
						},
						"2.0": {
							"post": [0, -4, 0],
							"lerp_mode": "catmullrom"
						}
					}
				},
				"head": {
					"rotation": {
						"0.0": {
							"post": [10, 0, 0],
							"lerp_mode": "catmullrom"
						},
						"1.0": {
							"post": [17.5, 0, 0],
							"lerp_mode": "catmullrom"
						},
						"2.0": {
							"post": [10, 0, 0],
							"lerp_mode": "catmullrom"
						}
					}
				},
				"jaw": {
					"rotation": {
						"0.0": {
							"post": [27.5, 0, 0],
							"lerp_mode": "catmullrom"
						},
						"1.0": {
							"post": [37.5, 0, 0],
							"lerp_mode": "catmullrom"
						},
						"2.0": {
							"post": [27.5, 0, 0],
							"lerp_mode": "catmullrom"
						}
					}
				},
				"eye_left": {
					"position": {
						"0.0": {
							"post": [-1, 0, 0],
							"lerp_mode": "catmullrom"
						},
						"2.0": {
							"post": [-1, 0, 0],
							"lerp_mode": "catmullrom"
						}
					}
				},
				"eye_right": {
					"position": {
						"0.0": {
							"post": [1, 0, 0],
							"lerp_mode": "catmullrom"
						},
						"2.0": {
							"post": [1, 0, 0],
							"lerp_mode": "catmullrom"
						}
					}
				},
				"leg_front_left": {
					"rotation": {
						"0.0": {
							"post": [0, 20, 20],
							"lerp_mode": "catmullrom"
						},
						"1.0": {
							"post": [1.81693, 19.92066, 25.3191],
							"lerp_mode": "catmullrom"
						},
						"2.0": {
							"post": [0, 20, 20],
							"lerp_mode": "catmullrom"
						}
					}
				},
				"leg_front_left2": {
					"rotation": {
						"0.0": {
							"post": [7.5, 0, -20],
							"lerp_mode": "catmullrom"
						},
						"2.0": {
							"post": [7.5, 0, -20],
							"lerp_mode": "catmullrom"
						}
					}
				},
				"leg_back_left": {
					"rotation": {
						"0.0": {
							"post": [0, -20, 20],
							"lerp_mode": "catmullrom"
						},
						"1.0": {
							"post": [-1.81693, -19.92066, 25.3191],
							"lerp_mode": "catmullrom"
						},
						"2.0": {
							"post": [0, -20, 20],
							"lerp_mode": "catmullrom"
						}
					}
				},
				"leg_back_left2": {
					"rotation": {
						"0.0": {
							"post": [-7.5, 0, -20],
							"lerp_mode": "catmullrom"
						},
						"2.0": {
							"post": [-7.5, 0, -20],
							"lerp_mode": "catmullrom"
						}
					}
				},
				"leg_back_right": {
					"rotation": {
						"0.0": {
							"post": [0, 20, -20],
							"lerp_mode": "catmullrom"
						},
						"1.0": {
							"post": [-1.81693, 19.92066, -25.3191],
							"lerp_mode": "catmullrom"
						},
						"2.0": {
							"post": [0, 20, -20],
							"lerp_mode": "catmullrom"
						}
					}
				},
				"leg_back_right2": {
					"rotation": {
						"0.0": {
							"post": [-7.5, 0, 20],
							"lerp_mode": "catmullrom"
						},
						"2.0": {
							"post": [-7.5, 0, 20],
							"lerp_mode": "catmullrom"
						}
					}
				},
				"leg_front_right": {
					"rotation": {
						"0.0": {
							"post": [0, -20, -20],
							"lerp_mode": "catmullrom"
						},
						"1.0": {
							"post": [1.81693, -19.92066, -25.3191],
							"lerp_mode": "catmullrom"
						},
						"2.0": {
							"post": [0, -20, -20],
							"lerp_mode": "catmullrom"
						}
					}
				},
				"leg_front_right2": {
					"rotation": {
						"0.0": {
							"post": [7.5, 0, 20],
							"lerp_mode": "catmullrom"
						},
						"2.0": {
							"post": [7.5, 0, 20],
							"lerp_mode": "catmullrom"
						}
					}
				}
			}
		}
	}
}