{
	"format_version": "1.12.0",
	"minecraft:geometry": [
		{
			"description": {
				"identifier": "geometry.glidera",
				"texture_width": 128,
				"texture_height": 128,
				"visible_bounds_width": 6,
				"visible_bounds_height": 3.5,
				"visible_bounds_offset": [0, 1.25, 0]
			},
			"bones": [
				{
					"name": "glidera",
					"pivot": [0, 0, 0]
				},
				{
					"name": "body",
					"parent": "glidera",
					"pivot": [0, 0, 0],
					"cubes": [
						{"origin": [-1, 16.2431, 12.0107], "size": [2, 2, 2], "pivot": [0, 5.2431, 9.0107], "rotation": [45, 0, 0], "uv": [0, 0]}
					]
				},
				{
					"name": "leg",
					"parent": "body",
					"pivot": [-3.5, 10.48574, 2.93963],
					"cubes": [
						{"origin": [-5, 10.2431, 3.0107], "size": [3, 6, 8], "inflate": 0.01, "pivot": [0, 5.2431, 9.0107], "rotation": [45, 0, 0], "uv": [58, 0]}
					]
				},
				{
					"name": "knee",
					"parent": "leg",
					"pivot": [-3.5, 6.92376, 1.73098],
					"cubes": [
						{"origin": [-5, 13.2431, -2.9893], "size": [3, 2, 5], "pivot": [0, 10.2431, 6.0107], "rotation": [87.5, 0, 0], "uv": [74, 28]}
					]
				},
				{
					"name": "foot",
					"parent": "knee",
					"pivot": [-2.9366, 1.9431, 2.15448],
					"cubes": [
						{"origin": [-5, 14.2431, -4.9893], "size": [3, 5, 2], "inflate": 0.01, "pivot": [0, 11.2431, 6.0107], "rotation": [90, 0, 0], "uv": [0, 82]},
						{"origin": [-5, 14.2431, -9.9893], "size": [1, 5, 1], "pivot": [0, 11.2431, 1.0107], "rotation": [90, 0, 0], "uv": [80, 85]},
						{"origin": [-3, 14.2431, -9.9893], "size": [1, 5, 1], "pivot": [2, 11.2431, 1.0107], "rotation": [90, 0, 0], "uv": [32, 86]},
						{"origin": [-4, 11.2431, -4.9893], "size": [1, 3, 2], "pivot": [0, 11.2431, 6.0107], "rotation": [90, 0, 0], "uv": [70, 46]},
						{"origin": [-3.83013, 14.2431, -7.89123], "size": [1, 7, 1], "pivot": [-7.83013, 11.2431, 3.10877], "rotation": [90, -30, 0], "uv": [45, 78]}
					]
				},
				{
					"name": "leg2",
					"parent": "body",
					"pivot": [3.5, 11.48574, 1.93963],
					"cubes": [
						{"origin": [2, 10.2431, 3.0107], "size": [3, 6, 8], "inflate": 0.01, "pivot": [0, 5.2431, 9.0107], "rotation": [45, 0, 0], "uv": [58, 0], "mirror": true}
					]
				},
				{
					"name": "knee2",
					"parent": "leg2",
					"pivot": [3.5, 6.92376, 1.73098],
					"cubes": [
						{"origin": [2, 13.2431, -2.9893], "size": [3, 2, 5], "pivot": [0, 10.2431, 6.0107], "rotation": [87.5, 0, 0], "uv": [76, 55]}
					]
				},
				{
					"name": "foot2",
					"parent": "knee2",
					"pivot": [2.9366, 1.9431, 2.15448],
					"cubes": [
						{"origin": [2.83013, 14.2431, -7.89123], "size": [1, 7, 1], "pivot": [7.83013, 11.2431, 3.10877], "rotation": [90, 30, 0], "uv": [45, 78], "mirror": true},
						{"origin": [2, 14.2431, -9.9893], "size": [1, 5, 1], "pivot": [-2, 11.2431, 1.0107], "rotation": [90, 0, 0], "uv": [76, 85]},
						{"origin": [4, 14.2431, -9.9893], "size": [1, 5, 1], "pivot": [0, 11.2431, 1.0107], "rotation": [90, 0, 0], "uv": [36, 86]},
						{"origin": [2, 14.2431, -4.9893], "size": [3, 5, 2], "inflate": 0.01, "pivot": [0, 11.2431, 6.0107], "rotation": [90, 0, 0], "uv": [0, 82], "mirror": true},
						{"origin": [3, 11.2431, -4.9893], "size": [1, 3, 2], "pivot": [0, 11.2431, 6.0107], "rotation": [90, 0, 0], "uv": [58, 85]}
					]
				},
				{
					"name": "torso",
					"parent": "body",
					"pivot": [0, 13.37482, 1.58608],
					"cubes": [
						{"origin": [-4, 13.2431, 7.0107], "size": [8, 6, 5], "pivot": [0, 5.2431, 9.0107], "rotation": [45, 0, 0], "uv": [56, 35]}
					]
				},
				{
					"name": "tail",
					"parent": "torso",
					"pivot": [0, 12.48921, 4.6739],
					"cubes": [
						{"origin": [-4, 7.2431, 10.0107], "size": [8, 6, 6], "inflate": 0.5, "pivot": [0, 5.2431, 9.0107], "rotation": [45, 0, 0], "uv": [0, 50]},
						{"origin": [-3.5, 7.2431, 12.0107], "size": [7, 8, 9], "pivot": [0.5, 5.2431, 14.0107], "rotation": [45, 0, 0], "uv": [26, 18]},
						{"origin": [-2.5, 8.2431, 17.0107], "size": [5, 7, 7], "pivot": [-0.5, 5.2431, 18.0107], "rotation": [45, 0, 0], "uv": [52, 51]}
					]
				},
				{
					"name": "uppertorso",
					"parent": "torso",
					"pivot": [0, 17.38457, -0.03523],
					"cubes": [
						{"origin": [-4, 16.96154, -1.22001], "size": [8, 10, 8], "inflate": 0.01, "pivot": [0, 12.96154, 3.77999], "rotation": [67.5, 0, 0], "uv": [26, 0]},
						{"origin": [-3, 25.96154, 6.77999], "size": [0, 2, 8], "pivot": [0, 13.96154, 6.77999], "rotation": [67.5, 0, 0], "uv": [0, 72]},
						{"origin": [3, 18.96154, 0.77999], "size": [0, 2, 8], "pivot": [0, 6.96154, 0.77999], "rotation": [32.5, 0, 0], "uv": [72, 65]},
						{"origin": [-3, 18.96154, 0.77999], "size": [0, 2, 8], "pivot": [0, 6.96154, 0.77999], "rotation": [32.5, 0, 0], "uv": [52, 75]},
						{"origin": [3, 25.96154, 6.77999], "size": [0, 2, 8], "pivot": [0, 13.96154, 6.77999], "rotation": [67.5, 0, 0], "uv": [68, 75]},
						{"origin": [-2, 20.6431, 10.8107], "size": [2, 2, 2], "pivot": [-1, 9.6431, 7.8107], "rotation": [61.56155, 2.52364, -4.72771], "uv": [0, 0]},
						{"origin": [0, 20.6431, 10.8107], "size": [2, 2, 2], "pivot": [1, 9.6431, 7.8107], "rotation": [61.56155, -2.52364, 4.72771], "uv": [0, 0], "mirror": true}
					]
				},
				{
					"name": "wing6",
					"parent": "uppertorso",
					"pivot": [3, 16.21435, -4.07298],
					"cubes": [
						{"origin": [4, 15.96154, 3.77999], "size": [8, 11, 0], "pivot": [8, 12.96154, 3.77999], "rotation": [67.5, 0, 0], "uv": [36, 66]}
					]
				},
				{
					"name": "wing7",
					"parent": "wing6",
					"pivot": [12, 16.40569, -4.53492],
					"cubes": [
						{"origin": [12, 16.96154, 3.77999], "size": [10, 10, 0], "pivot": [16, 12.96154, 3.77999], "rotation": [67.5, 0, 0], "uv": [52, 65]}
					]
				},
				{
					"name": "wing8",
					"parent": "wing7",
					"pivot": [22, 16.59703, -4.99686],
					"cubes": [
						{"origin": [22, 17.96154, 3.77999], "size": [6, 9, 0], "inflate": 0.01, "pivot": [16, 12.96154, 3.77999], "rotation": [67.5, 0, 0], "uv": [32, 77], "mirror": true}
					]
				},
				{
					"name": "fingers2",
					"parent": "wing8",
					"pivot": [25, 17.83704, -8.40473],
					"cubes": [
						{"origin": [22, 16.39313, -10.54014], "size": [2, 4, 0], "pivot": [23, 18.89313, -10.54014], "rotation": [66.21227, 18.42031, -7.92945], "uv": [46, 86]},
						{"origin": [24, 26.96154, 3.77999], "size": [2, 4, 0], "pivot": [16, 12.96154, 3.77999], "rotation": [67.5, 0, 0], "uv": [54, 88]},
						{"origin": [26, 16.39313, -10.54014], "size": [2, 4, 0], "pivot": [27, 18.89313, -10.54014], "rotation": [66.21227, -18.42031, 7.92945], "uv": [16, 72]}
					]
				},
				{
					"name": "wing9",
					"parent": "wing8",
					"pivot": [28, 16.97971, -5.92074],
					"cubes": [
						{"origin": [28, 19.96154, 3.77999], "size": [8, 7, 0], "pivot": [16, 12.96154, 3.77999], "rotation": [67.5, 0, 0], "uv": [58, 28]}
					]
				},
				{
					"name": "wing10",
					"parent": "wing9",
					"pivot": [36, 17.55374, -7.30656],
					"cubes": [
						{"origin": [36, 22.96154, 3.77999], "size": [3, 4, 0], "pivot": [16, 12.96154, 3.77999], "rotation": [67.5, 0, 0], "uv": [64, 85]}
					]
				},
				{
					"name": "wing",
					"parent": "uppertorso",
					"pivot": [-4, 16.21435, -4.07298],
					"cubes": [
						{"origin": [-12, 15.96154, 3.77999], "size": [8, 11, 0], "pivot": [-8, 12.96154, 3.77999], "rotation": [67.5, 0, 0], "uv": [20, 66]}
					]
				},
				{
					"name": "wing2",
					"parent": "wing",
					"pivot": [-12, 16.40569, -4.53492],
					"cubes": [
						{"origin": [-22, 16.96154, 3.77999], "size": [10, 10, 0], "pivot": [-16, 12.96154, 3.77999], "rotation": [67.5, 0, 0], "uv": [0, 62]}
					]
				},
				{
					"name": "wing3",
					"parent": "wing2",
					"pivot": [-22, 16.59703, -4.99686],
					"cubes": [
						{"origin": [-28, 17.96154, 3.77999], "size": [6, 9, 0], "inflate": 0.01, "pivot": [-16, 12.96154, 3.77999], "rotation": [67.5, 0, 0], "uv": [32, 77]}
					]
				},
				{
					"name": "wing4",
					"parent": "wing3",
					"pivot": [-28, 16.97971, -5.92074],
					"cubes": [
						{"origin": [-36, 19.96154, 3.77999], "size": [8, 7, 0], "pivot": [-16, 12.96154, 3.77999], "rotation": [67.5, 0, 0], "uv": [0, 27]}
					]
				},
				{
					"name": "wing5",
					"parent": "wing4",
					"pivot": [-36, 17.55374, -7.30656],
					"cubes": [
						{"origin": [-39, 22.96154, 3.77999], "size": [3, 4, 0], "pivot": [-16, 12.96154, 3.77999], "rotation": [67.5, 0, 0], "uv": [70, 85]}
					]
				},
				{
					"name": "fingers",
					"parent": "wing3",
					"pivot": [-25, 18.83704, -8.40473],
					"cubes": [
						{"origin": [-28, 16.39313, -10.54014], "size": [2, 4, 0], "pivot": [-27, 18.89313, -10.54014], "rotation": [66.21227, 18.42031, -7.92945], "uv": [50, 88]},
						{"origin": [-26, 26.96154, 3.77999], "size": [2, 4, 0], "pivot": [-16, 12.96154, 3.77999], "rotation": [67.5, 0, 0], "uv": [88, 71]},
						{"origin": [-24, 16.39313, -10.54014], "size": [2, 4, 0], "pivot": [-23, 18.89313, -10.54014], "rotation": [66.21227, -18.42031, 7.92945], "uv": [84, 86]}
					]
				},
				{
					"name": "neck",
					"parent": "uppertorso",
					"pivot": [0, 18.20538, -7.89644],
					"cubes": [
						{"origin": [-3, 17, -9], "size": [6, 10, 6], "inflate": 0.01, "pivot": [0, 13, -6], "rotation": [22.5, 0, 0], "uv": [32, 35]},
						{"origin": [-2, 16, -11], "size": [4, 5, 4], "pivot": [0, 9, -10], "rotation": [22.5, 0, 0], "uv": [76, 46]},
						{"origin": [2, 17, -10], "size": [1, 2, 3], "pivot": [0, 9, -10], "rotation": [22.5, 0, 0], "uv": [82, 41]},
						{"origin": [-3, 19.6, -9], "size": [1, 1, 2], "pivot": [0, 8.6, -10], "rotation": [22.5, 0, 0], "uv": [88, 65]},
						{"origin": [2, 19.6, -9], "size": [1, 1, 2], "pivot": [0, 8.6, -10], "rotation": [22.5, 0, 0], "uv": [88, 68]},
						{"origin": [-3, 17, -10], "size": [1, 2, 3], "pivot": [0, 9, -10], "rotation": [22.5, 0, 0], "uv": [84, 81]}
					]
				},
				{
					"name": "head",
					"parent": "neck",
					"pivot": [0, 24.35488, -11.89177],
					"cubes": [
						{"origin": [-2, 22, -19], "size": [4, 2, 4], "uv": [16, 77]},
						{"origin": [-1.9, 21.5, -18], "size": [0, 1, 1], "pivot": [-1.9, 22, -17.5], "rotation": [-45, 0, 0], "uv": [40, 86]},
						{"origin": [1.9, 21.5, -18], "size": [0, 1, 1], "pivot": [1.9, 22, -17.5], "rotation": [-45, 0, 0], "uv": [40, 86]},
						{"origin": [-1, 25.6, -18], "size": [2, 1, 4], "pivot": [0, 22.6, -11], "rotation": [20, 0, 0], "uv": [80, 21]},
						{"origin": [-2, 23, -8], "size": [4, 7, 8], "pivot": [0, 13, -6], "rotation": [22.5, 0, 0], "uv": [28, 51]},
						{"origin": [0, 20, -8], "size": [0, 14, 13], "pivot": [0, 15, -8], "rotation": [22.5, 0, 0], "uv": [0, 0]},
						{"origin": [-4.5, 21, -7], "size": [0, 2, 4], "pivot": [0.5, 24.5, -10.5], "rotation": [0, -45, 0], "uv": [82, 35]},
						{"origin": [3.50124, 20.04904, -7.79876], "size": [0, 2, 4], "pivot": [-1.49876, 23.54904, -11.29876], "rotation": [30, 45, 0], "uv": [16, 83]},
						{"origin": [-3.50124, 20.04904, -7.79876], "size": [0, 2, 4], "pivot": [1.49876, 23.54904, -11.29876], "rotation": [30, -45, 0], "uv": [24, 83]},
						{"origin": [4.5, 21, -7], "size": [0, 2, 4], "pivot": [-0.5, 24.5, -10.5], "rotation": [0, 45, 0], "uv": [84, 75]},
						{"origin": [-4.7, 21, -15], "size": [8, 7, 8], "inflate": 0.01, "pivot": [0.3, 24.5, -10.5], "rotation": [0, -45, 0], "uv": [0, 35]},
						{"origin": [-3.3, 21, -15], "size": [8, 7, 8], "inflate": 0.01, "pivot": [-0.3, 24.5, -10.5], "rotation": [0, 45, 0], "uv": [0, 35], "mirror": true},
						{"origin": [-1.9, 37.8, -13], "size": [2, 2, 0], "pivot": [1.1, 22.8, -10], "rotation": [0, 0, -17.5], "uv": [88, 86]},
						{"origin": [-2.9, 34.8, -13], "size": [4, 3, 0], "pivot": [1.1, 22.8, -10], "rotation": [0, 0, -17.5], "uv": [50, 85]}
					]
				},
				{
					"name": "jaw",
					"parent": "head",
					"pivot": [0, 21.5, -15.5],
					"cubes": [
						{"origin": [-1.5, 21, -18.5], "size": [3, 1, 4], "uv": [56, 46]}
					]
				},
				{
					"name": "eyes",
					"parent": "head",
					"pivot": [0, 24.5, -14.16066],
					"cubes": [
						{"origin": [-3.75, 23, -16.41066], "size": [3, 3, 0], "inflate": 0.01, "pivot": [0, 24.5, -14.16066], "rotation": [0, 45, 0], "uv": [86, 62]},
						{"origin": [0.75, 23, -16.41066], "size": [3, 3, 0], "inflate": 0.01, "pivot": [0, 24.5, -14.16066], "rotation": [0, -45, 0], "uv": [40, 86]}
					]
				},
				{
					"name": "ear2",
					"parent": "head",
					"pivot": [2.56282, 27.46086, -13],
					"cubes": [
						{"origin": [-1.5, 27, -13], "size": [6, 6, 0], "pivot": [-1.5, 23, -10], "rotation": [0, 0, 17.5], "uv": [80, 15]},
						{"origin": [-1.5, 33, -13], "size": [5, 2, 0], "pivot": [-1.5, 23, -10], "rotation": [0, 0, 17.5], "uv": [80, 26]},
						{"origin": [-1, 35, -13], "size": [4, 3, 0], "pivot": [-2, 23, -10], "rotation": [0, 0, 17.5], "uv": [50, 85]},
						{"origin": [0, 38, -13], "size": [2, 2, 0], "pivot": [-2, 23, -10], "rotation": [0, 0, 17.5], "uv": [88, 86]}
					]
				},
				{
					"name": "earfixed",
					"parent": "head",
					"pivot": [1.5, 23, -10],
					"cubes": [
						{"origin": [-4.5, 27, -13], "size": [6, 6, 0], "pivot": [1.5, 23, -10], "rotation": [0, 0, -17.5], "uv": [80, 9]},
						{"origin": [-3.5, 33, -13], "size": [5, 2, 0], "pivot": [1.5, 23, -10], "rotation": [0, 0, -17.5], "uv": [76, 62]}
					]
				}
			]
		}
	]
}