{
	"format_version": "1.8.0",
	"animations": {
		"animation.bergmite_ultravariant.ground_idle": {
			"loop": true,
			"bones": {
				"leg_front_left": {
					"rotation": [-4.98107, -0.43523, -4.98107]
				},
				"leg_back_left": {
					"rotation": [5, 0, -5]
				},
				"horn_front": {
					"rotation": [2.5, 0, 0]
				},
				"leg_front_right": {
					"rotation": [-4.98107, 0.43523, 4.98107]
				},
				"leg_back_right": {
					"rotation": [5, 0, 5]
				},
				"torso": {
					"rotation": ["1*math.sin(q.anim_time*90*4+60)", 0, "2*math.cos(q.anim_time*90*2)"],
					"position": [0, "0.1*math.sin(q.anim_time*90*4-30)", 0]
				}
			}
		},
		"animation.bergmite_ultravariant.battle_idle": {
			"loop": true,
			"animation_length": 4,
			"bones": {
				"leg_front_left": {
					"rotation": {
						"0.0": [-4.98107, -0.43523, -4.98107],
						"0.5": [17.52, -0.44, -4.98],
						"0.5833": [-4.98, -0.44, -4.98],
						"2.0": [-4.98107, -0.43523, -4.98107],
						"2.5": [17.52, -0.44, -4.98],
						"2.5833": [-4.98, -0.44, -4.98],
						"4.0": [-4.98107, -0.43523, -4.98107]
					},
					"position": {
						"0.0": [0.75, 0, -0.5],
						"0.5": [0.75, 1, -0.5],
						"0.5833": [0.75, 0, -0.5],
						"0.625": [0.75, 0.11, -0.5],
						"0.6667": [0.75, 0.01, -0.5],
						"2.0": [0.75, 0, -0.5],
						"2.5": [0.75, 1, -0.5],
						"2.5833": [0.75, 0, -0.5],
						"2.625": [0.75, 0.11, -0.5],
						"2.6667": [0.75, 0.01, -0.5],
						"4.0": [0.75, 0, -0.5]
					}
				},
				"leg_back_left": {
					"rotation": [5, 0, -5]
				},
				"horn_front": {
					"rotation": [2.5, 0, 0]
				},
				"leg_front_right": {
					"rotation": {
						"0.0": [-4.98107, 0.43523, 4.98107],
						"1.0417": [-4.98, 0.44, 4.98],
						"1.5": [20.02, 0.44, 4.98],
						"1.5833": [-4.98, 0.44, 4.98],
						"2.0": [-4.98107, 0.43523, 4.98107],
						"3.0417": [-4.98, 0.44, 4.98],
						"3.5": [20.02, 0.44, 4.98],
						"3.5833": [-4.98, 0.44, 4.98],
						"4.0": [-4.98107, 0.43523, 4.98107]
					},
					"position": {
						"0.0": [-0.75, 0, -0.5],
						"1.0417": [-0.75, 0, -0.5],
						"1.5": [-0.75, 1, -0.5],
						"1.5833": [-0.75, 0, -0.5],
						"1.625": [-0.75, 0.1, -0.5],
						"1.6667": [-0.75, 0, -0.5],
						"2.0": [-0.75, 0, -0.5],
						"3.0417": [-0.75, 0, -0.5],
						"3.5": [-0.75, 1, -0.5],
						"3.5833": [-0.75, 0, -0.5],
						"3.625": [-0.75, 0.1, -0.5],
						"3.6667": [-0.75, 0, -0.5],
						"4.0": [-0.75, 0, -0.5]
					}
				},
				"leg_back_right": {
					"rotation": [5, 0, 5]
				},
				"torso": {
					"rotation": ["2.5+0.5*math.sin(q.anim_time*90*5+60)", 0, "0+2*math.cos(q.anim_time*90*2)"],
					"position": [0, "0.1*math.sin(q.anim_time*90*6-30)", 0]
				},
				"tail": {
					"rotation": ["3*math.sin(q.anim_time*90*1)", "2*math.sin(q.anim_time*90*6-30)", 0]
				}
			}
		},
		"animation.bergmite_ultravariant.ground_walk": {
			"loop": true,
			"animation_length": 4,
			"bones": {
				"body": {
					"rotation": [0, 0, 0]
				},
				"torso": {
					"rotation": ["-2.5+3*math.cos(q.anim_time*90*4)", "0+2*math.cos(q.anim_time*90*2)", "3*math.cos(q.anim_time*90*2+80)"],
					"position": {
						"0.0": [0, 0, 0],
						"0.0833": [0, -0.25, 0],
						"0.2917": [0, 0, 0],
						"1.0": [0, 0, 0],
						"1.0833": [0, -0.25, 0],
						"1.2917": [0, 0, 0],
						"2.0": [0, 0, 0],
						"2.0833": [0, -0.25, 0],
						"2.2917": [0, 0, 0],
						"3.0": [0, 0, 0],
						"3.0833": [0, -0.25, 0],
						"3.2917": [0, 0, 0],
						"4.0": [0, 0, 0]
					}
				},
				"leg_front_left": {
					"rotation": {
						"0.0": {
							"post": [7.52, -0.44, -4.98],
							"lerp_mode": "catmullrom"
						},
						"0.3333": {
							"post": [24.61214, -0.43877, -4.98028],
							"lerp_mode": "catmullrom"
						},
						"0.8333": {
							"post": [-17.48107, -0.43523, -4.98107],
							"lerp_mode": "catmullrom"
						},
						"0.9167": {
							"post": [-17.48107, -0.43523, -4.98107],
							"lerp_mode": "catmullrom"
						},
						"1.0": {
							"post": [-4.98107, -0.43523, -4.98107],
							"lerp_mode": "catmullrom"
						},
						"2.0": {
							"post": [7.52, -0.44, -4.98],
							"lerp_mode": "catmullrom"
						},
						"2.3333": {
							"post": [24.61214, -0.43877, -4.98028],
							"lerp_mode": "catmullrom"
						},
						"2.8333": {
							"post": [-17.48107, -0.43523, -4.98107],
							"lerp_mode": "catmullrom"
						},
						"2.9167": {
							"post": [-17.48107, -0.43523, -4.98107],
							"lerp_mode": "catmullrom"
						},
						"3.0": {
							"post": [-4.98107, -0.43523, -4.98107],
							"lerp_mode": "catmullrom"
						},
						"4.0": {
							"post": [7.52, -0.44, -4.98],
							"lerp_mode": "catmullrom"
						}
					},
					"position": {
						"0.0": {
							"post": [0, 0, 1],
							"lerp_mode": "catmullrom"
						},
						"0.8333": {
							"post": [0, 1, -0.5],
							"lerp_mode": "catmullrom"
						},
						"0.9167": {
							"post": [0, 1, -0.5],
							"lerp_mode": "catmullrom"
						},
						"1.0": {
							"post": [0, 0, 0],
							"lerp_mode": "catmullrom"
						},
						"2.0": {
							"post": [0, 0, 1],
							"lerp_mode": "catmullrom"
						},
						"2.8333": {
							"post": [0, 1, -0.5],
							"lerp_mode": "catmullrom"
						},
						"2.9167": {
							"post": [0, 1, -0.5],
							"lerp_mode": "catmullrom"
						},
						"3.0": {
							"post": [0, 0, 0],
							"lerp_mode": "catmullrom"
						},
						"4.0": {
							"post": [0, 0, 1],
							"lerp_mode": "catmullrom"
						}
					}
				},
				"leg_front_right": {
					"rotation": {
						"0.0": {
							"post": [-4.98107, 0.43523, 4.98107],
							"lerp_mode": "catmullrom"
						},
						"1.0": {
							"post": [7.52, 0.44, 4.98],
							"lerp_mode": "catmullrom"
						},
						"1.3333": {
							"post": [24.61214, 0.43877, 4.98028],
							"lerp_mode": "catmullrom"
						},
						"1.8333": {
							"post": [-17.48107, 0.43523, 4.98107],
							"lerp_mode": "catmullrom"
						},
						"1.9167": {
							"post": [-17.48107, 0.43523, 4.98107],
							"lerp_mode": "catmullrom"
						},
						"2.0": {
							"post": [-4.98107, 0.43523, 4.98107],
							"lerp_mode": "catmullrom"
						},
						"3.0": {
							"post": [7.52, 0.44, 4.98],
							"lerp_mode": "catmullrom"
						},
						"3.3333": {
							"post": [24.61214, 0.43877, 4.98028],
							"lerp_mode": "catmullrom"
						},
						"3.8333": {
							"post": [-17.48107, 0.43523, 4.98107],
							"lerp_mode": "catmullrom"
						},
						"3.9167": {
							"post": [-17.48107, 0.43523, 4.98107],
							"lerp_mode": "catmullrom"
						},
						"4.0": {
							"post": [-4.98107, 0.43523, 4.98107],
							"lerp_mode": "catmullrom"
						}
					},
					"position": {
						"0.0": {
							"post": [0, 0, 0],
							"lerp_mode": "catmullrom"
						},
						"1.0": {
							"post": [0, 0, 1],
							"lerp_mode": "catmullrom"
						},
						"1.8333": {
							"post": [0, 1, -0.5],
							"lerp_mode": "catmullrom"
						},
						"1.9167": {
							"post": [0, 1, -0.5],
							"lerp_mode": "catmullrom"
						},
						"2.0": {
							"post": [0, 0, 0],
							"lerp_mode": "catmullrom"
						},
						"3.0": {
							"post": [0, 0, 1],
							"lerp_mode": "catmullrom"
						},
						"3.8333": {
							"post": [0, 1, -0.5],
							"lerp_mode": "catmullrom"
						},
						"3.9167": {
							"post": [0, 1, -0.5],
							"lerp_mode": "catmullrom"
						},
						"4.0": {
							"post": [0, 0, 0],
							"lerp_mode": "catmullrom"
						}
					}
				},
				"leg_back_left": {
					"rotation": ["5-10*math.cos(q.anim_time*90*2)", 0, -5],
					"position": [0, "math.clamp(-1*math.sin(q.anim_time*90*2),0,2)", "-1*math.cos(q.anim_time*90*2)"]
				},
				"leg_back_right": {
					"rotation": ["5+10*math.cos(q.anim_time*90*2+60)", 0, 5],
					"position": [0, "math.clamp(1*math.sin(q.anim_time*90*2+60),0,2)", "1*math.cos(q.anim_time*90*2+60)"]
				}
			}
		},
		"animation.bergmite_ultravariant.sleep": {
			"loop": true,
			"bones": {
				"torso": {
					"rotation": ["2.5+1*math.sin(q.anim_time*90*1)", 0, "0.2*math.sin(q.anim_time*90*2)"],
					"position": [0, "-0.25+0.1*math.sin(q.anim_time*90*1-30)", 0]
				},
				"tail": {
					"rotation": [0, "5*math.sin(q.anim_time*90*2)", 0]
				},
				"eyelid_left": {
					"position": [0, 0, -0.1]
				},
				"eyelid_right": {
					"position": [0, 0, -0.1]
				},
				"leg_front_left": {
					"rotation": [0, 0, 0],
					"position": [0, 0, -0.5]
				},
				"leg_front_right": {
					"rotation": [0, 0, 0],
					"position": [0, 0, -0.5]
				}
			}
		},
		"animation.bergmite_ultravariant.cry": {
			"animation_length": 1.5,
			"bones": {
				"torso": {
					"rotation": {
						"0.0": [0, 0, 0],
						"0.2083": {
							"pre": [1, 0, 0],
							"post": [1, 0, 0],
							"lerp_mode": "catmullrom"
						},
						"0.375": {
							"post": [-1.5, 0, 0],
							"lerp_mode": "catmullrom"
						},
						"0.5417": {
							"post": [-1.5, 0, 0],
							"lerp_mode": "catmullrom"
						},
						"1.125": {
							"post": [2, 0, 0],
							"lerp_mode": "catmullrom"
						},
						"1.5": [0, 0, 0]
					},
					"position": {
						"0.0": [0, 0, 0],
						"0.375": [0, 0, 0],
						"0.4167": [0, 0.25, 0],
						"0.4583": [0, -0.01, 0],
						"0.5": [0, 0, 0],
						"0.5417": [0, 0.25, 0],
						"0.5833": [0, -0.01, 0],
						"0.625": [0, 0.24, 0],
						"1.5": [0, 0, 0]
					}
				},
				"eyelid_left": {
					"position": {
						"0.0417": [0, 0, 0],
						"0.0833": [0, 0, -0.1],
						"0.3333": [0, 0, -0.1],
						"0.375": [0, 0, 0]
					}
				},
				"eyelid_right": {
					"position": {
						"0.0417": [0, 0, 0],
						"0.0833": [0, 0, -0.1],
						"0.3333": [0, 0, -0.1],
						"0.375": [0, 0, 0]
					}
				}
			},
			"sound_effects": {
				"0.3333": {
					"effect": "pokemon.bergmite.cry"
				}
			}
		},
		"animation.bergmite_ultravariant.faint": {
			"animation_length": 3,
			"bones": {
				"torso": {
					"rotation": {
						"0.0": [0, 0, 0],
						"0.2083": {
							"pre": [-1.25, 0, 0],
							"post": [-1.25, 0, 0],
							"lerp_mode": "catmullrom"
						},
						"0.4167": {
							"post": [7.50706, 2.4786, 0.32652],
							"lerp_mode": "catmullrom"
						},
						"0.5833": {
							"post": [-5.00474, -2.49048, 0.21803],
							"lerp_mode": "catmullrom"
						},
						"1.25": {
							"post": [-5, 0, 0],
							"lerp_mode": "catmullrom"
						},
						"1.3333": {
							"post": [-5.28, 0, 0],
							"lerp_mode": "catmullrom"
						},
						"1.4583": {
							"post": [5.98, 0, 0],
							"lerp_mode": "catmullrom"
						},
						"1.6667": [-12.21, 0, 0],
						"1.75": [0, 0, 0],
						"1.8333": [0, 0, 0],
						"1.875": [-2.5, 0, 0],
						"2.0": [0, 0, 0]
					},
					"position": {
						"0.0": [0, -0.05, 0],
						"0.4167": [0, -0.05, 0.75],
						"0.5833": [0, -0.05, 0],
						"0.625": [0, 0.2, -0.02],
						"0.6667": [0, -0.07, -0.04],
						"0.7083": [0, 0.18, -0.06],
						"0.75": [0, -0.09, -0.07],
						"0.7917": [0, 0.16, -0.08],
						"1.25": [0, -0.05, -0.25],
						"1.3333": [0, -0.35, -0.15],
						"1.5": [0, 0.45, 0],
						"1.625": [0, -2.05, 0],
						"1.7083": [0, -2.05, 0],
						"1.75": [0, -1.8, 0],
						"1.7917": [0, -2.05, 0],
						"1.8333": [0, -1.8, 0],
						"1.9167": [0, -2.05, 0]
					}
				},
				"horn_front": {
					"rotation": {
						"0.0": [2.5, 0, 0],
						"1.5": [7.60555, 3.9649, 3.04868],
						"1.6667": [0.10555, 3.9649, 3.04868],
						"1.75": [42.60555, 3.9649, 3.04868],
						"1.7917": [37.53796, 6.35016, 2.29691],
						"1.8333": [37.60555, 3.9649, 3.04868],
						"1.9167": [39.93834, 8.73434, 1.53814]
					}
				},
				"leg_front_left": {
					"rotation": {
						"0.0": [-4.98107, -0.43523, -4.98107],
						"0.6667": [-4.98107, -0.43523, -4.98107],
						"0.875": [9.97188, 0.65618, -0.0151],
						"1.0417": [-2.68636, 1.1831, -7.48068],
						"1.4583": [-2.68636, 1.1831, -7.48068],
						"1.625": [-37.48, -0.44, -4.98],
						"1.7083": [-90.54879, -60.41117, -3.35072]
					},
					"position": {
						"0.0": [0, 0, 0],
						"0.6667": [0, 0, 0],
						"0.875": [-0.25, 0.75, 0],
						"1.0417": [-0.25, -0.25, 1.75],
						"1.0833": [-0.25, 0, 1.75],
						"1.125": [-0.25, -0.28, 1.75],
						"1.4583": [-0.25, -0.25, 1.75],
						"1.625": [0, 0.5, 0],
						"1.7083": [1.25, -1.75, 0.25],
						"1.7917": [1.25, -1.5, 0.25],
						"1.8333": [1.25, -1.75, 0.25]
					}
				},
				"leg_front_right": {
					"rotation": {
						"0.0": [-4.98107, 0.43523, 4.98107],
						"0.2917": [-4.98107, 0.43523, 4.98107],
						"0.5417": [2.47188, 0.65618, -0.0151],
						"0.6667": [-4.98107, 0.43523, 4.98107],
						"1.4583": [-4.98107, 0.43523, 4.98107],
						"1.625": [-35.32923, 9.95202, 7.80222],
						"1.7083": [-89.60818, 10.17623, -2.35191]
					},
					"position": {
						"0.0": [0, 0, 0],
						"0.2917": [0, 0, 0],
						"0.5": [0, 0.75, 0],
						"0.6667": [0, 0, 0.75],
						"0.7083": [0, 0.25, 0.75],
						"0.75": [0, -0.01, 0.75],
						"1.4583": [0, 0, 0.75],
						"1.625": [-0.25, 0.75, 0],
						"1.7083": [-1.5, -1.5, -0.25],
						"1.75": [-1.5, -1.25, -0.25],
						"1.7917": [-1.5, -1.5, -0.25]
					}
				},
				"leg_back_left": {
					"rotation": {
						"0.0": [5, 0, -5],
						"1.4167": [5, 0, -5],
						"1.5833": [75, 0, -5]
					},
					"position": {
						"0.0": [0, 0, 0],
						"0.4167": [0, 0, -0.6],
						"1.4167": [0, 0, -0.6]
					}
				},
				"leg_back_right": {
					"rotation": {
						"0.0": [5, 0, 5],
						"1.4167": [5, 0, 5],
						"1.5833": [77.5, 0, 5]
					},
					"position": {
						"0.0": [0, 0, 0],
						"0.4167": [0, 0, -0.75],
						"1.4167": [0, 0, -0.75]
					}
				},
				"body": {
					"rotation": [0, 0, 0],
					"position": {
						"0.0": [0, 0, 0],
						"0.75": [0, 0, 0.5],
						"1.3333": [0, 0, 0.5],
						"1.625": [0, 0, -0.5]
					}
				},
				"tail": {
					"rotation": {
						"0.0": [0, 0, 0],
						"0.1667": [15, 0, 0],
						"0.5833": [-55, 0, 0],
						"0.7083": [-52.5, 0, 0],
						"0.75": [-57.5, 0, 0],
						"0.7917": [-55, 0, 0]
					},
					"position": [0, 0, 0]
				},
				"horn_bottom": {
					"rotation": {
						"0.0": [0, 0, 0],
						"1.25": [0, 0, 0],
						"1.4583": [7.5, 5, 0],
						"1.5833": [0, 7.5, 0],
						"1.6667": [0, 7.5, 0],
						"1.75": [0, -5, 0],
						"1.7917": [0, -2.5, 0],
						"1.8333": [0, -5, 0]
					},
					"position": [0, 0, 0]
				},
				"horn_middle": {
					"rotation": {
						"0.0": [0, 0, 0],
						"1.6667": [0, 0, 0],
						"1.7083": [0, 0, -15],
						"2.0417": [0, 0, 0.83],
						"2.0833": [0, 0, 0]
					},
					"position": {
						"0.0": [0, 0, 0],
						"1.3333": [0, 0, 0],
						"1.625": [0, 0.5, 0],
						"1.75": [0, -0.25, 0],
						"1.8333": [0, 0, 0]
					}
				},
				"horn_top": {
					"rotation": {
						"0.0": [0, 0, 0],
						"1.7083": [0, 0, 0],
						"1.75": [0, 0, -63.21],
						"2.0": [0, 0, "90+(360)"],
						"2.1667": [0, 0, "90+(360*2)"],
						"2.2083": [0, 5, "72.5+(360*2)"],
						"2.2917": [0, 0, "87.5+(360*2)"],
						"2.3333": [0, 0, "85+(360*2)"],
						"2.375": [0, 0, "87.5+(360*2)"]
					},
					"position": {
						"0.0": [0, 0, 0],
						"1.7083": [0, 0, 0],
						"1.75": [0, 0, 0],
						"1.8333": [4.14, 5.93, 0],
						"1.9583": [8.16, 4.32, 0],
						"2.0833": [10.19, -4.16, 0],
						"2.1667": [8.75, -12, 0],
						"2.2083": [10, -11.25, 0],
						"2.2917": [11, -12, 0]
					}
				},
				"eyelid_left": {
					"position": {
						"0.0": [0, 0, 0],
						"0.0417": [0, 0, -0.1],
						"0.125": [0, 0, -0.1],
						"0.1667": [0, 0, 0],
						"0.4167": [0, 0, 0],
						"0.4583": [0, 0, -0.1],
						"0.7083": [0, 0, -0.1],
						"0.75": [0, 0, 0],
						"1.375": [0, 0, 0],
						"1.4583": [0, 0, -0.1]
					}
				},
				"eyelid_right": {
					"position": {
						"0.0": [0, 0, 0],
						"0.0417": [0, 0, -0.1],
						"0.125": [0, 0, -0.1],
						"0.1667": [0, 0, 0],
						"0.4167": [0, 0, 0],
						"0.4583": [0, 0, -0.1],
						"0.7083": [0, 0, -0.1],
						"0.75": [0, 0, 0],
						"1.375": [0, 0, 0],
						"1.4583": [0, 0, -0.1]
					}
				}
			}
		},
		"animation.bergmite_ultravariant.blink": {
			"animation_length": 0.0833,
			"bones": {
				"eyelid_left": {
					"position": {
						"0.0": [0, 0, -0.1],
						"0.0833": [0, 0, 0]
					}
				},
				"eyelid_right": {
					"position": {
						"0.0": [0, 0, -0.1],
						"0.0833": [0, 0, 0]
					}
				}
			}
		}
	}
}