{
	"format_version": "1.12.0",
	"minecraft:geometry": [
		{
			"description": {
				"identifier": "geometry.elgyem",
				"texture_width": 64,
				"texture_height": 64,
				"visible_bounds_width": 3,
				"visible_bounds_height": 2.5,
				"visible_bounds_offset": [0, 0.75, 0]
			},
			"bones": [
				{
					"name": "elgyem",
					"pivot": [0, 0, 0]
				},
				{
					"name": "body",
					"parent": "elgyem",
					"pivot": [0, 5.5, 0.25]
				},
				{
					"name": "torso_medium",
					"parent": "body",
					"pivot": [0, 5, 1.75],
					"cubes": [
						{"origin": [-1.5, 5.75, -2.25], "size": [3, 2, 3], "pivot": [0, 5.75, 0.75], "rotation": [35, 0, 0], "uv": [16, 23]}
					]
				},
				{
					"name": "torso_top",
					"parent": "torso_medium",
					"pivot": [0, 6.25, -1],
					"cubes": [
						{"origin": [-1, 6, -3], "size": [2, 3, 2], "pivot": [0, 6, -1], "rotation": [7.5, 0, 0], "uv": [26, 5]}
					]
				},
				{
					"name": "head",
					"parent": "torso_top",
					"pivot": [0, 8, -2],
					"cubes": [
						{"origin": [-3.5, 8, -5.25], "size": [7, 5, 6], "uv": [0, 0]},
						{"origin": [-3, 11, -3], "size": [6, 6, 6], "pivot": [0, 15, -2], "rotation": [-25, 0, 0], "uv": [0, 11]}
					]
				},
				{
					"name": "eye_right",
					"parent": "head",
					"pivot": [-1.25, 9.5, -5.25],
					"cubes": [
						{"origin": [-2.75, 8.5, -5.265], "size": [2, 2, 0], "uv": [4, 30]}
					]
				},
				{
					"name": "eye_left",
					"parent": "head",
					"pivot": [1.25, 9.5, -5.25],
					"cubes": [
						{"origin": [0.75, 8.5, -5.265], "size": [2, 2, 0], "uv": [8, 30]}
					]
				},
				{
					"name": "arm_right",
					"parent": "torso_top",
					"pivot": [-3, 7.5, -2]
				},
				{
					"name": "forearm_right",
					"parent": "arm_right",
					"pivot": [-6, 7, -2],
					"cubes": [
						{"origin": [-8, 6, -3], "size": [2, 2, 2], "uv": [16, 28]}
					]
				},
				{
					"name": "hand_right",
					"parent": "forearm_right",
					"pivot": [-8, 7, -2],
					"cubes": [
						{"origin": [-11, 6, -3.5], "size": [3, 2, 3], "inflate": 0.01, "uv": [24, 11]},
						{"origin": [-9.25, 5.5, -3.25], "size": [1, 1, 1], "uv": [24, 21]}
					]
				},
				{
					"name": "arm_left",
					"parent": "torso_top",
					"pivot": [3, 7.5, -2]
				},
				{
					"name": "forearm_left",
					"parent": "arm_left",
					"pivot": [6, 7, -2],
					"cubes": [
						{"origin": [6, 6, -3], "size": [2, 2, 2], "uv": [28, 21]}
					]
				},
				{
					"name": "hand_left",
					"parent": "forearm_left",
					"pivot": [8, 7, -2],
					"cubes": [
						{"origin": [8, 6, -3.5], "size": [3, 2, 3], "inflate": 0.01, "uv": [24, 16]},
						{"origin": [8.25, 5.5, -3.25], "size": [1, 1, 1], "uv": [28, 25]}
					]
				},
				{
					"name": "torso_bottom",
					"parent": "body",
					"pivot": [0, 3.5, 1.75],
					"rotation": [-75, 0, 0],
					"cubes": [
						{"origin": [-2, 0.5, -1.5], "size": [4, 3, 4], "uv": [0, 23]}
					]
				},
				{
					"name": "tail",
					"parent": "torso_bottom",
					"pivot": [0, 2.5, 2.5],
					"rotation": [7.5, 0, -180],
					"cubes": [
						{"origin": [-1, 2.5, 2.25], "size": [2, 2, 3], "inflate": 0.01, "pivot": [0, 2.5, 3.25], "rotation": [15, 0, 0], "uv": [26, 0]}
					]
				},
				{
					"name": "tail_tip",
					"parent": "tail",
					"pivot": [0, 3.5, 4.25],
					"cubes": [
						{"origin": [-0.5, 3, 4], "size": [1, 1, 3], "pivot": [0, 3.5, 4.25], "rotation": [57.5, 0, 0], "uv": [24, 28]},
						{"origin": [-0.5, 5.5, 5.25], "size": [1, 4, 1], "pivot": [0, 5.5, 5.25], "rotation": [35, 0, 0], "uv": [0, 30]}
					]
				},
				{
					"name": "leg_right",
					"parent": "torso_bottom",
					"pivot": [-1.25, 1.25, 0.25]
				},
				{
					"name": "leg_left",
					"parent": "torso_bottom",
					"pivot": [1.25, 1.25, 0.25]
				}
			]
		}
	]
}