{
	"format_version": "1.8.0",
	"animations": {
		"animation.wildburning.ground_idle": {
			"loop": true,
			"animation_length": 4,
			"bones": {
				"body": {
					"position": [0, -0.5, 0]
				},
				"upper_torso": {
					"rotation": [-2.5, 0, 0]
				},
				"neck": {
					"rotation": [5, 0, 0]
				},
				"left_thigh": {
					"rotation": [-5, 0, 0]
				},
				"left_knee": {
					"rotation": [5, 0, 0]
				},
				"left_shoulder": {
					"rotation": [5, 0, 0]
				},
				"left_elbow": {
					"rotation": [-10, 0, 0]
				},
				"left_frontpaw": {
					"rotation": [5, 0, 0]
				},
				"right_thigh": {
					"rotation": [-5, 0, 0]
				},
				"right_knee": {
					"rotation": [5, 0, 0]
				},
				"right_shoulder": {
					"rotation": [5, 0, 0]
				},
				"right_elbow": {
					"rotation": [-10, 0, 0]
				},
				"right_frontpaw": {
					"rotation": [5, 0, 0]
				},
				"torso": {
					"rotation": [0, 0, "math.cos((q.anim_time-0.1)*90*2)*1"]
				},
				"head": {
					"rotation": ["6-2*Math.cos((query.anim_time-0) * 90 * 2) *1", 0, "-1*Math.cos((query.anim_time-0.5) * 90 * 2) *1"],
					"position": [0, "-0.25*Math.cos((query.anim_time-0.75) * 90 * 2) *0.5", 0]
				},
				"whisker_left": {
					"rotation": [0, "math.cos((q.anim_time-0.1)*90*2)*15", 0]
				},
				"whisker_left2": {
					"rotation": [0, "math.cos((q.anim_time-0.3)*90*2)*25", 0]
				},
				"whisker_left3": {
					"rotation": [0, "math.cos((q.anim_time-0.5)*90*2)*35", 0]
				},
				"whisker_left4": {
					"rotation": [0, "math.cos((q.anim_time-0.7)*90*2)*45", 0]
				},
				"whisker_right": {
					"rotation": [0, "-math.cos((q.anim_time-0.1)*90*2)*15", 0]
				},
				"whisker_right2": {
					"rotation": [0, "-math.cos((q.anim_time-0.3)*90*2)*25", 0]
				},
				"whisker_right3": {
					"rotation": [0, "-math.cos((q.anim_time-0.5)*90*2)*35", 0]
				},
				"whisker_right4": {
					"rotation": [0, "-math.cos((q.anim_time-0.7)*90*2)*45", 0]
				},
				"jaw": {
					"rotation": ["10+math.cos((q.anim_time-0.5)*90*2)*5", 0, 0]
				},
				"left_ear": {
					"rotation": [0, "math.cos((q.anim_time-0.1)*90*2)*12", 0]
				},
				"right_ear": {
					"rotation": [0, "-math.cos((q.anim_time-0.1)*90*2)*12", 0]
				},
				"head_fluff_top1": {
					"rotation": [0, "math.cos((q.anim_time-0.6)*90*2)*5", "math.cos((q.anim_time-0.4)*90*2)*5"]
				},
				"head_fluff_top2": {
					"rotation": ["-math.cos((q.anim_time-0.5)*90*2)*5", 0, 0]
				},
				"head_fluff_top3": {
					"rotation": ["-math.cos((q.anim_time-0.3)*90*2)*5", 0, 0]
				},
				"head_fluff_top4": {
					"rotation": ["-math.cos((q.anim_time-0.7)*90*2)*5", 0, 0]
				},
				"head_fluff_left": {
					"rotation": [0, "math.cos((q.anim_time-0.7)*90*2)*5", 0]
				},
				"head_fluff_right": {
					"rotation": [0, "-math.cos((q.anim_time-0.7)*90*2)*5", 0]
				},
				"head_fluff_left2": {
					"rotation": ["-math.cos((q.anim_time-0.2)*90*2)*5", "math.cos((q.anim_time-0.5)*90*2)*5", "-math.cos((q.anim_time-0.3)*90*2)*5"]
				},
				"head_fluff_right2": {
					"rotation": ["-math.cos((q.anim_time-0.2)*90*2)*5", "-math.cos((q.anim_time-0.5)*90*2)*5", "math.cos((q.anim_time-0.3)*90*2)*5"]
				},
				"bottom_chest_fluff": {
					"rotation": ["math.cos((q.anim_time-0.3)*90*2)*5", 0, 0]
				},
				"left_chest_fluff": {
					"rotation": [0, "math.cos((q.anim_time-0.9)*90*2)*5", 0]
				},
				"right_chest_fluff": {
					"rotation": [0, "-math.cos((q.anim_time-0.9)*90*2)*5", 0]
				},
				"tail": {
					"rotation": [0, "-math.cos((query.anim_time-0.1)*90*1-90)*7", 0]
				},
				"tail3": {
					"rotation": [0, 0, "-math.cos((query.anim_time-0.5)*90*1-125)*12"]
				},
				"tail4": {
					"rotation": [0, 0, "-math.cos((query.anim_time-0.8)*90*1-170)*12"]
				},
				"tail_fluff5": {
					"rotation": [0, 0, "-math.cos((query.anim_time-1)*90*1-205)*12"]
				}
			}
		},
		"animation.wildburning.ground_walk": {
			"loop": true,
			"animation_length": 1.3333,
			"bones": {
				"torso": {
					"rotation": [
						"(math.sin((q.anim_time - 0) * 360 / (2/3)) * 2) - 1",
						"-(math.sin((q.anim_time - 0) * 360 / (4/3)) * 1)",
						"-(math.sin((q.anim_time - 0) * 360 / (4/3)) * 1)"
					],
					"position": [0, "-(math.sin((q.anim_time - 0.55 + (math.sin((q.anim_time - 0.55) * 360 / (2/3) ) * 0.05)) * 360 / (2/3) ) * 0.4) + 0.4 ", 0]
				},
				"neck": {
					"rotation": [
						"(math.sin((q.anim_time - 0.15 + (math.sin((q.anim_time - 0.15) * 360 / (2/3) ) * 0.05)) * 360 / (2/3) ) * 5) + 6",
						0,
						"-(math.sin((q.anim_time - 0.1) * 360 / (4/3)) * 1)"
					]
				},
				"head": {
					"rotation": [
						"(math.sin((q.anim_time - 0.3 + (math.sin((q.anim_time - 0.3) * 360 / (2/3) ) * 0.05)) * 360 / (2/3) ) * 5) - 2",
						0,
						"(math.sin((q.anim_time - 0.2) * 360 / (4/3)) * 3)"
					]
				},
				"body": {
					"rotation": [5, 0, "-(math.sin((q.anim_time - 0.1) * 360 / (2/3)) * 1)"],
					"position": {
						"0.0": [0, 0.8, 0],
						"0.0417": [0, -0.35, 0],
						"0.0833": [0, 0.7, 0],
						"0.125": [0, -0.15, 0],
						"0.6667": [0, 0.2, 0],
						"0.7083": [0, 0.3, 0],
						"0.75": [0, -0.3, 0],
						"0.7917": [0, 0.5, 0]
					}
				},
				"whisker_left": {
					"rotation": [0, "-25+(math.sin((q.anim_time - 0.2) * 90 / (1/3)) * 12)", 0]
				},
				"whisker_left2": {
					"rotation": [0, "(math.sin((q.anim_time - 0.4) * 90 / (1/3)) * 12)", 0]
				},
				"whisker_left3": {
					"rotation": [0, "(math.sin((q.anim_time - 0.6) * 90 / (1/3)) * 12)", 0]
				},
				"whisker_left4": {
					"rotation": [0, "(math.sin((q.anim_time - 0.8) * 90 / (1/3)) * 12)", 0]
				},
				"whisker_right": {
					"rotation": [0, "25-(math.sin((q.anim_time - 0.2) * 90 / (1/3)) * 12)", 0]
				},
				"whisker_right2": {
					"rotation": [0, "-(math.sin((q.anim_time - 0.4) * 90 / (1/3)) * 12)", 0]
				},
				"whisker_right3": {
					"rotation": [0, "-(math.sin((q.anim_time - 0.6) * 90 / (1/3)) * 12)", 0]
				},
				"whisker_right4": {
					"rotation": [0, "-(math.sin((q.anim_time - 0.8) * 90 / (1/3)) * 12)", 0]
				},
				"jaw": {
					"rotation": ["12.5+(math.sin((q.anim_time - 0.2) * 180 / (1/3)) * 4)", 0, 0]
				},
				"left_ear": {
					"rotation": [0, "5+(math.sin((q.anim_time - 0.5) * 180 / (1/3)) * 12)", 0]
				},
				"right_ear": {
					"rotation": [0, "-5-(math.sin((q.anim_time - 0.5) * 180 / (1/3)) * 12)", 0]
				},
				"head_fluff_top2": {
					"rotation": ["-(math.sin((q.anim_time) * 180 / (1/3)) * 12)", 0, 0]
				},
				"head_fluff_top3": {
					"rotation": ["(math.sin((q.anim_time - 0.9) * 180 / (1/3)) * 12)", 0, 0]
				},
				"head_fluff_left": {
					"rotation": [
						"(math.sin((q.anim_time - 0.6) * 90 / (1/3)) * 12)",
						"-(math.sin((q.anim_time - 0.6) * 90 / (1/3)) * 12)",
						"(math.sin((q.anim_time - 0.6) * 90 / (1/3)) * 12)"
					]
				},
				"head_fluff_right": {
					"rotation": [
						"(math.sin((q.anim_time - 0.6) * 90 / (1/3)) * 12)",
						"(math.sin((q.anim_time - 0.6) * 90 / (1/3)) * 12)",
						"-(math.sin((q.anim_time - 0.6) * 90 / (1/3)) * 12)"
					]
				},
				"head_fluff_left2": {
					"rotation": [
						"(math.sin((q.anim_time - 0.4) * 90 / (1/3)) * 12)",
						"-(math.sin((q.anim_time - 0.4) * 90 / (1/3)) * 12)",
						"(math.sin((q.anim_time - 0.4) * 90 / (1/3)) * 12)"
					]
				},
				"head_fluff_right2": {
					"rotation": [
						"(math.sin((q.anim_time - 0.4) * 90 / (1/3)) * 12)",
						"(math.sin((q.anim_time - 0.4) * 90 / (1/3)) * 12)",
						"-(math.sin((q.anim_time - 0.4) * 90 / (1/3)) * 12)"
					]
				},
				"bottom_chest_fluff": {
					"rotation": ["(math.sin((q.anim_time - 0.5) * 90 / (1/3)) * 12)", 0, 0]
				},
				"tail": {
					"rotation": ["-(math.sin((q.anim_time - 0.5) * 90 / (1/3)) * 8)", "(math.sin((q.anim_time - 0.2) * 90 / (1/3)) * 12)", 0]
				},
				"tail3": {
					"rotation": ["-(math.sin((q.anim_time - 0.6) * 90 / (1/3)) * 8)", "(math.sin((q.anim_time - 0.3) * 90 / (1/3)) * 12)", 0]
				},
				"left_thigh": {
					"rotation": {
						"0.0": [-7.5, 0, 0],
						"0.1667": [-20, 0, 0],
						"0.3333": [-27.5, 0, 0],
						"0.5": [-5.875, 0, 0],
						"0.6667": [5, 0, 0],
						"0.8333": [11.075, 0, 0],
						"1.0": [14.90625, 0, 0],
						"1.1667": [10.03125, 0, 0],
						"1.3333": [-7.5, 0, 0]
					},
					"position": {
						"0.0": [0, 0.875, -0.4688],
						"0.1667": [0, 0.07375, -1.265],
						"0.3333": [0, -0.875, -1.125],
						"0.5": [0, -0.495, -0.735],
						"0.6667": [0, -0.4375, -0.40625],
						"0.8333": [0, -0.62625, 0.145],
						"1.0": [0, -0.495, 0.5],
						"1.1667": [0, 0.695, 0.1262],
						"1.3333": [0, 0.875, -0.4688]
					}
				},
				"left_knee": {
					"rotation": {
						"0.0": [-11.84375, 0, 0],
						"0.1667": [-3.75, 0, 0],
						"0.3333": [2.5, 0, 0],
						"0.5": [-11.9375, 0, 0],
						"0.6667": [-12.5625, 0, 0],
						"0.8333": [-3.75, 0, 0],
						"1.0": [1.125, 0, 0],
						"1.1667": [-8.4375, 0, 0],
						"1.3333": [-11.84375, 0, 0]
					}
				},
				"left_backpaw": {
					"rotation": ["(math.sin((q.anim_time - 0.4) * 90 / (1/3)) * 12)", 0, 0]
				},
				"left_toe11": {
					"rotation": [0, 0, 0]
				},
				"right_thigh": {
					"rotation": {
						"0.0": [5, 0, 0],
						"0.1667": [11.075, 0, 0],
						"0.3333": [14.90625, 0, 0],
						"0.5": [10.03125, 0, 0],
						"0.6667": [-7.5, 0, 0],
						"0.8333": [-20, 0, 0],
						"1.0": [-27.5, 0, 0],
						"1.1667": [-5.875, 0, 0],
						"1.3333": [5, 0, 0]
					},
					"position": {
						"0.0": [0, -0.4375, -0.40625],
						"0.1667": [0, -0.62625, 0.145],
						"0.3333": [0, -0.495, 0.5],
						"0.5": [0, 0.695, 0.1262],
						"0.6667": [0, 0.875, -0.4688],
						"0.8333": [0, 0.07375, -1.265],
						"1.0": [0, -0.875, -1.125],
						"1.1667": [0, -0.495, -0.735],
						"1.3333": [0, -0.4375, -0.40625]
					}
				},
				"right_knee": {
					"rotation": {
						"0.0": [-12.5625, 0, 0],
						"0.1667": [-3.75, 0, 0],
						"0.3333": [1.125, 0, 0],
						"0.5": [-8.4375, 0, 0],
						"0.6667": [-11.84375, 0, 0],
						"1.0": [2.5, 0, 0],
						"1.1667": [-11.9375, 0, 0],
						"1.3333": [-12.5625, 0, 0]
					}
				},
				"right_backpaw": {
					"rotation": ["-(math.sin((q.anim_time - 0.4) * 90 / (1/3)) * 12)", 0, 0]
				},
				"left_shoulder": {
					"rotation": {
						"0.0": [-33.59375, 0, 0],
						"0.3333": [0, 0, 0],
						"0.6667": [16.125, 0, 0],
						"0.8333": [21.25, 0, 0],
						"0.9583": [12.0675, 0, 0],
						"1.0": [0, 0, 0],
						"1.1667": [-29.25, 0, 0],
						"1.3333": [-33.59375, 0, 0]
					},
					"position": {
						"0.0": [0, 0, 0],
						"0.1667": [0, -0.18812, 0],
						"0.3333": [0, -0.21875, 0],
						"0.6667": [0, 0, 2.15625],
						"0.8333": [0, 0.87125, 1.02875],
						"1.0": [0, 1.1875, 0.8425],
						"1.1667": [0, 0.59, 0.2825],
						"1.3333": [0, 0, 0]
					}
				},
				"left_elbow": {
					"rotation": {
						"0.0": [17.75, 0, 0],
						"0.1667": [3.63, 0, 0],
						"0.3333": [-5, 0, 0],
						"0.6667": [10, 0, 0],
						"0.8333": [1.3125, 0, 0],
						"0.9583": [-4.34625, 0, 0],
						"1.0417": [0.0625, 0, 0],
						"1.1667": [5.75, 0, 0],
						"1.3333": [17.75, 0, 0]
					}
				},
				"left_frontpaw": {
					"rotation": {
						"0.0": [7.5, 0, 0],
						"0.1667": [6.25, 0, 0],
						"0.3333": [4.5625, 0, 0],
						"0.5": [-6.25, 0, 0],
						"0.6667": [-14.3125, 0, 0],
						"0.8333": [8.6875, 0, 0],
						"1.0": [-5, 0, 0],
						"1.1667": [8.75, 0, 0],
						"1.3333": [7.5, 0, 0]
					},
					"position": {
						"0.0": [0, 0, 0],
						"0.3333": [0, 0.3125, -0.09375],
						"0.6667": [0, 0, 0],
						"0.8333": [0, -0.09375, 0],
						"1.0": [0, 0, 0],
						"1.3333": [0, 0, 0]
					}
				},
				"right_shoulder": {
					"rotation": {
						"0.0": [16.125, 0, 0],
						"0.1667": [21.25, 0, 0],
						"0.2917": [12.0675, 0, 0],
						"0.3333": [0, 0, 0],
						"0.5": [-29.25, 0, 0],
						"0.6667": [-33.5938, 0, 0],
						"1.0": [0, 0, 0],
						"1.3333": [16.125, 0, 0]
					},
					"position": {
						"0.0": [0, 0, 2.15625],
						"0.1667": [0, 0.87125, 1.02875],
						"0.3333": [0, 1.1875, 0.8425],
						"0.5": [0, 0.59, 0.2825],
						"0.6667": [0, 0, 0],
						"0.8333": [0, -0.18812, 0],
						"1.0": [0, -0.21875, 0],
						"1.3333": [0, 0, 2.15625]
					}
				},
				"right_elbow": {
					"rotation": {
						"0.0": [10, 0, 0],
						"0.1667": [1.3125, 0, 0],
						"0.2917": [-4.34625, 0, 0],
						"0.375": [-2.4375, 0, 0],
						"0.5": [0.75, 0, 0],
						"0.6667": [17.75, 0, 0],
						"0.8333": [3.63, 0, 0],
						"1.0": [-5, 0, 0],
						"1.3333": [10, 0, 0]
					}
				},
				"right_frontpaw": {
					"rotation": {
						"0.0": [-12.5, 0, 0],
						"0.1667": [-1.25, 0, 0],
						"0.3333": [44.5625, 0, 0],
						"0.5": [1.25, 0, 0],
						"0.6667": [13.1875, 0, 0],
						"0.8333": [8.6875, 0, 0],
						"1.0": [5, 0, 0],
						"1.1667": [-8.75, 0, 0],
						"1.3333": [-12.5, 0, 0]
					},
					"position": {
						"0.0": [0, 0, 0],
						"0.3333": [0, 0.3125, -0.09375],
						"0.6667": [0, 0, 0],
						"0.8333": [0, -0.09375, 0],
						"1.0": [0, 0, 0],
						"1.3333": [0, 0, 0]
					}
				}
			}
		},
		"animation.wildburning.sleep": {
			"loop": true,
			"bones": {
				"torso": {
					"rotation": [-12.5, 0, 0]
				},
				"upper_torso": {
					"rotation": [10, 0, 0],
					"scale": [1, "1-math.cos((q.anim_time-0.1)*90*1)*0.015", 1]
				},
				"neck": {
					"rotation": [57.5, 0, 0]
				},
				"head": {
					"rotation": ["-50+math.cos((q.anim_time-0.2)*90*1)*1", 0, 0]
				},
				"tail": {
					"rotation": [-45, 0, 0]
				},
				"tail3": {
					"rotation": [17.65903, 15.06001, -24.12378]
				},
				"left_thigh": {
					"rotation": [34.79265, 6.34507, -4.72436]
				},
				"left_knee": {
					"rotation": [-2.52718, -1.84293, 1.68956]
				},
				"left_ankle": {
					"rotation": [10, 0, 0]
				},
				"left_ankle_fluff": {
					"rotation": [-17.5, 0, 0]
				},
				"left_ankle_fluff2": {
					"rotation": [-17.5, 5, 0]
				},
				"left_shoulder": {
					"rotation": [-72.64917, -5.52716, 0.82869],
					"position": [0, 1, 0.5]
				},
				"left_elbow": {
					"rotation": [-29.7777, 25.48546, 40.93412]
				},
				"left_elbow_fluff": {
					"rotation": [17.5, -5, 0]
				},
				"left_frontpaw": {
					"rotation": [100.8164, -6.81851, 24.01327]
				},
				"tail4": {
					"rotation": [-24.92442, -0.86717, -9.96271]
				},
				"left_ankle_fluff9": {
					"rotation": [0, 7.5, 0]
				},
				"left_elbow_fluff2": {
					"rotation": [7.5, 0, 0]
				},
				"tail_fluff": {
					"rotation": [5, 0, 0]
				},
				"tail_fluff5": {
					"rotation": [39.6376, 31.92339, -1.22664]
				},
				"left_backpaw": {
					"rotation": [102.5, 0, 0]
				},
				"right_thigh": {
					"rotation": [27.29265, -6.34507, 4.72436]
				},
				"right_knee": {
					"rotation": [4.97282, 1.84293, -1.68956]
				},
				"right_ankle": {
					"rotation": [-7.5, 0, 0]
				},
				"right_backpaw": {
					"rotation": [127.5, 0, 0]
				},
				"right_ankle_fluff2": {
					"rotation": [-22.5, -5, 0]
				},
				"right_ankle_fluff9": {
					"rotation": [0, -7.5, 0]
				},
				"right_shoulder": {
					"rotation": [-74.64444, -12.96439, -8.49852],
					"position": [0, 1, 0.5]
				},
				"right_elbow": {
					"rotation": [-36.97761, -5.24826, -11.36081]
				},
				"right_elbow_fluff": {
					"rotation": [17.5, 5, 0]
				},
				"right_elbow_fluff2": {
					"rotation": [7.5, 0, 0]
				},
				"right_frontpaw": {
					"rotation": [121.88034, -6.6782, 0.59062],
					"position": [0.4, 0, -0.4]
				},
				"body": {
					"rotation": [15, 0, 0],
					"position": [0, -9, 0]
				},
				"whisker_left": {
					"rotation": [-30.44565, -33.48545, 17.96717]
				},
				"whisker_left2": {
					"rotation": [-21.44345, -32.01663, 3.01808]
				},
				"whisker_left3": {
					"rotation": [-17.09821, -12.72588, -1.53962]
				},
				"whisker_left4": {
					"rotation": [0, -22.5, 0]
				},
				"whisker_right": {
					"rotation": [-52.38703, 42.86799, -28.45113]
				},
				"whisker_right2": {
					"rotation": [-21.91183, 26.51998, -5.67761]
				},
				"whisker_right3": {
					"rotation": [-16.42901, 24.26821, -5.57232]
				},
				"whisker_right4": {
					"rotation": [19.87924, -12.45167, 1.10693]
				},
				"left_ear": {
					"rotation": [68.76001, "61.2952+math.cos((q.anim_time-0.3)*90*1)*5", 64.39052]
				},
				"right_ear": {
					"rotation": [76.35504, "-63.9053-math.cos((q.anim_time-0.3)*90*1)*5", -80.9914]
				}
			}
		},
		"animation.wildburning.blink": {
			"animation_length": 0.1667,
			"bones": {
				"left_eyelid": {
					"position": {
						"0.0": [0.1, 0, -0.1],
						"0.125": [0.1, 0, -0.1],
						"0.1667": [0, 0, 0]
					}
				},
				"right_eyelid": {
					"position": {
						"0.0": [-0.1, 0, -0.1],
						"0.125": [-0.1, 0, -0.1],
						"0.1667": [0, 0, 0]
					}
				}
			}
		}
	}
}