{
	"format_version": "1.12.0",
	"minecraft:geometry": [
		{
			"description": {
				"identifier": "geometry.doduo_male",
				"texture_width": 64,
				"texture_height": 32,
				"visible_bounds_width": 18,
				"visible_bounds_height": 3.5,
				"visible_bounds_offset": [0, 1.25, 0]
			},
			"bones": [
				{
					"name": "doduo",
					"pivot": [0, 0, 0]
				},
				{
					"name": "body",
					"parent": "doduo",
					"pivot": [0, 8.5, 0]
				},
				{
					"name": "torso",
					"parent": "body",
					"pivot": [0, 5, 0],
					"cubes": [
						{"origin": [-3, 4.5, -3], "size": [6, 5, 6], "uv": [3, 2]}
					]
				},
				{
					"name": "head2",
					"parent": "torso",
					"pivot": [-0.5, 7, -4],
					"rotation": [-36.67719, 6.01945, -11.99688],
					"cubes": [
						{"origin": [-2.5, 7, -6.5], "size": [5, 5, 5], "uv": [0, 16]},
						{"origin": [-1, 8.5, -9.5], "size": [2, 1, 3], "uv": [27, 3]}
					]
				},
				{
					"name": "jaw2",
					"parent": "head2",
					"pivot": [-0.5, 9, -6.5],
					"cubes": [
						{"origin": [-0.5, 8, -8.5], "size": [1, 1, 2], "uv": [1, 1]}
					]
				},
				{
					"name": "eye_left2",
					"parent": "head2",
					"pivot": [-2.25, 10, -6.01],
					"cubes": [
						{"origin": [-2.25, 9, -6.51], "size": [1, 2, 1], "uv": [50, 7]}
					]
				},
				{
					"name": "eyelid_left2",
					"parent": "eye_left2",
					"pivot": [-2.25, 10, -5.91],
					"cubes": [
						{"origin": [-2.25, 9, -6.41], "size": [1, 2, 1], "inflate": 0.011, "uv": [34, 26]}
					]
				},
				{
					"name": "eye_right2",
					"parent": "head2",
					"pivot": [1.25, 10, -6.01],
					"cubes": [
						{"origin": [1.25, 9, -6.51], "size": [1, 2, 1], "uv": [34, 0]}
					]
				},
				{
					"name": "eyelid_right2",
					"parent": "eye_right2",
					"pivot": [1.25, 10, -5.91],
					"cubes": [
						{"origin": [1.25, 9, -6.41], "size": [1, 2, 1], "inflate": 0.011, "uv": [34, 3]}
					]
				},
				{
					"name": "neck_right",
					"parent": "torso",
					"pivot": [-2.5, 12, -2]
				},
				{
					"name": "leg_right",
					"parent": "body",
					"pivot": [-2, 5, 0.25],
					"rotation": [0, 0, 0],
					"cubes": [
						{"origin": [-2.5, 1, -0.25], "size": [1, 4, 1], "inflate": 0.001, "uv": [46, 4]}
					]
				},
				{
					"name": "leg_right2",
					"parent": "leg_right",
					"pivot": [-2, 1, 0.75],
					"cubes": [
						{"origin": [-2.5, -1, -0.25], "size": [1, 2, 1], "uv": [56, 4]}
					]
				},
				{
					"name": "leg_left",
					"parent": "body",
					"pivot": [2, 5, 0.25],
					"rotation": [0, 0, 0],
					"cubes": [
						{"origin": [1.5, 1, -0.25], "size": [1, 4, 1], "inflate": 0.001, "uv": [0, 16]}
					]
				},
				{
					"name": "leg_left2",
					"parent": "leg_left",
					"pivot": [2, 1, 0.75],
					"cubes": [
						{"origin": [1.5, -1, -0.25], "size": [1, 2, 1], "uv": [0, 26]}
					]
				}
			]
		}
	]
}