{
	"format_version": "1.8.0",
	"animations": {
		"animation.gastly_ultravariant_shiny.ground_idle": {
			"loop": true,
			"animation_length": 12.3333,
			"bones": {
				"gastly": {
					"position": [0, 0, 0]
				},
				"body": {
					"relative_to": {
						"rotation": "entity"
					},
					"rotation": ["5+4*math.sin(q.anim_time*90*2-30)+math.clamp(3*math.sin(q.anim_time*90*2-30)*1,0,3)", 0, "0.4*math.sin(q.anim_time*90*15)"],
					"position": [
						"2.25*math.sin(q.anim_time*90*2)*0.4-2.25*math.sin(q.anim_time*90*2-30)*0.4+2.25*math.sin(q.anim_time*90*2-60)*0.4-2.25*math.sin(q.anim_time*90*2-90)*0.4",
						"5+2.25*math.sin(q.anim_time*90*2)*0.4-2.25*math.sin(q.anim_time*90*2-30)*0.4-2.25*math.sin(q.anim_time*90*2-60)*0.4+2.25*math.sin(q.anim_time*90*2-90)*0.4",
						0
					]
				},
				"eyes": {
					"rotation": [-2.5, 0, 0],
					"position": [0, 0.01308, -0.24966]
				},
				"tougue": {
					"position": [0, 0, 3],
					"scale": 0
				},
				"Potion": {
					"rotation": {
						"0.0": [0, 0, 0],
						"1.0833": ["math.sin(query.anim_time * 120) * 6", 0, "math.cos(query.anim_time * 100) * 4"]
					},
					"position": {
						"0.0": [0, "math.sin(query.anim_time * 90) * 1", 1],
						"1.0833": [0, "math.sin(query.anim_time * 90) * 1", 0]
					}
				},
				"Rarecandy": {
					"rotation": {
						"0.0": [0, 0, 0],
						"7.75": ["math.sin(query.anim_time * 120) * 6", 0, "math.cos(query.anim_time * 100) * 4"]
					},
					"position": {
						"0.0": [0, "math.sin(query.anim_time * 90) * 1", -1],
						"7.75": [0, "math.sin(query.anim_time * 90) * 1", 0]
					}
				},
				"mouth_expressions": {
					"scale": 0
				},
				"left_angry_eye": {
					"scale": 0
				},
				"left_pupil_closed": {
					"scale": 0
				},
				"right_angry_eye": {
					"scale": 0
				},
				"right_pupil_closed": {
					"scale": 0
				},
				"bone": {
					"rotation": ["math.sin(query.anim_time * 120) * 6", 0, "math.cos(query.anim_time * 100) * 4"],
					"position": {
						"0.0": [0, "math.sin(query.anim_time * 90) * 1", -1],
						"1.9583": [0, "math.sin(query.anim_time * 90) * 1", 0]
					}
				},
				"bone2": {
					"rotation": ["math.sin(query.anim_time * 120) * 6", 0, "math.cos(query.anim_time * 100) * 4"],
					"position": {
						"0.0": [0, "math.sin(query.anim_time * 90) * 1", 2],
						"1.2083": [0, "math.sin(query.anim_time * 90) * 1", 0]
					}
				},
				"bone3": {
					"rotation": ["math.sin(query.anim_time * 120) * 6", 0, "math.cos(query.anim_time * 100) * 4"],
					"position": {
						"0.0": [1, "math.sin(query.anim_time * 90) * 1", -1],
						"6.625": [0, "math.sin(query.anim_time * 90) * 1", 0]
					}
				}
			},
			"particle_effects": {
				"0.0": [
					{
						"effect": "ghostly_smoke",
						"locator": "gas"
					},
					{
						"effect": "ghostly_smoke",
						"locator": "gas"
					}
				]
			}
		},
		"animation.gastly_ultravariant_shiny.ground_walk": {
			"loop": true,
			"animation_length": 12.3333,
			"bones": {
				"gastly": {
					"position": [0, 0, 0]
				},
				"body": {
					"relative_to": {
						"rotation": "entity"
					},
					"rotation": ["math.sin(query.anim_time * 240) * 6", 5, "math.sin(query.anim_time * 120) * 6"],
					"position": [2.25, "5+math.sin(query.anim_time * 120) * 3", "-1+math.sin(query.anim_time * 120) * 1"]
				},
				"eyes": {
					"rotation": [-2.5, 0, 0],
					"position": [0, 0.01308, -0.24966]
				},
				"tougue": {
					"position": [0, 0, 3],
					"scale": 0
				},
				"Potion": {
					"rotation": [0, 0, 0],
					"position": [0, "math.sin(query.anim_time * 90) * 1", "1+math.sin(query.anim_time * 120) * 3"]
				},
				"Rarecandy": {
					"rotation": {
						"0.0": [0, 0, 0],
						"7.75": ["math.sin(query.anim_time * 120) * 6", 0, "math.cos(query.anim_time * 100) * 4"]
					},
					"position": {
						"0.0": [0, "math.sin(query.anim_time * 90) * 1", "-3+math.sin(query.anim_time * 120) * 3"],
						"7.75": [0, "math.sin(query.anim_time * 90) * 1", 0]
					}
				},
				"mouth_expressions": {
					"scale": 0
				},
				"left_angry_eye": {
					"scale": 0
				},
				"left_pupil_closed": {
					"scale": 0
				},
				"right_angry_eye": {
					"scale": 0
				},
				"right_pupil_closed": {
					"scale": 0
				},
				"bone": {
					"position": [0, "math.sin(query.anim_time * 90) * 1", "-1+math.sin(query.anim_time * 120) * 3"]
				},
				"bone2": {
					"position": [0, "math.sin(query.anim_time * 90) * 1", "1+math.sin(query.anim_time * 120) * 3"]
				},
				"bone3": {
					"position": [1, "math.sin(query.anim_time * 90) * 1", "-2+math.sin(query.anim_time * 120) * 3"]
				}
			},
			"particle_effects": {
				"0.0": [
					{
						"effect": "ghostly_smoke",
						"locator": "gas"
					},
					{
						"effect": "ghostly_smoke",
						"locator": "gas"
					}
				]
			}
		},
		"animation.gastly_ultravariant_shiny.blink": {
			"animation_length": 0.1667,
			"bones": {
				"left_pupil": {
					"position": {
						"0.0": [0, 0, 0.1],
						"0.125": [0, 0, 0.1],
						"0.1667": {
							"pre": [0, 0, 0.1],
							"post": [0, 0, 0]
						}
					}
				},
				"left_pupil_closed": {
					"position": {
						"0.0": [-1.25, -0.75, -0.1],
						"0.125": [-1.25, -0.75, -0.1],
						"0.1667": {
							"pre": [-1.25, -0.75, -0.1],
							"post": [0, 0, 0]
						}
					}
				},
				"right_pupil": {
					"position": {
						"0.125": [0, 0, 0.1],
						"0.1667": {
							"pre": [0, 0, 0.1],
							"post": [0, 0, 0]
						}
					}
				},
				"right_pupil_closed": {
					"position": {
						"0.125": [1.25, -0.75, -0.1],
						"0.1667": {
							"pre": [1.25, -0.75, -0.1],
							"post": [0, 0, 0]
						}
					}
				},
				"left_pupil_closed2": {
					"rotation": {
						"0.0": [0, -180, 0],
						"0.125": [0, -180, 0],
						"0.1667": {
							"pre": [0, -180, 0],
							"post": [0, 0, 0]
						}
					},
					"position": {
						"0.0": [1.5, 1, 0],
						"0.125": [1.5, 1, 0],
						"0.1667": {
							"pre": [1.5, 1, 0],
							"post": [1.5, 0, 0]
						}
					}
				},
				"right_pupil_closed2": {
					"rotation": {
						"0.125": [0, 180, 0],
						"0.1667": {
							"pre": [0, 180, 0],
							"post": [0, 0, 0]
						}
					},
					"position": {
						"0.125": [-1.5, 1, 0],
						"0.1667": {
							"pre": [-1.5, 1, 0],
							"post": [-1.5, 0, 0]
						}
					}
				}
			}
		},
		"animation.gastly_ultravariant_shiny.cry": {
			"animation_length": 1.2,
			"sound_effects": {
				"0.0417": {
					"effect": "pokemon.gastly.cry"
				}
			}
		},
		"animation.gastly_ultravariant_shiny.sleep": {
			"loop": true,
			"bones": {
				"body": {
					"rotation": [0, 0, 0],
					"position": [0.5, -1, 0]
				},
				"torso": {
					"rotation": ["0+math.sin(q.anim_time*90*2)*0.5", 0, 0]
				},
				"gastly": {
					"position": [-0.5, -1.25, -0.5]
				},
				"bone4": {
					"position": [0, 4, 0],
					"scale": 0
				},
				"bone": {
					"rotation": [57.36361, 64.84411, -9.26542],
					"position": ["8+math.cos(query.anim_time * 180) * 6", "2+math.cos(query.anim_time * 60) * 2", "-6-math.sin(query.anim_time * 180) * 6"],
					"scale": 1
				},
				"bone2": {
					"position": [-9, 0, 3],
					"scale": 0
				},
				"bone3": {
					"position": [-6, 4, -8],
					"scale": 0
				},
				"Potion": {
					"position": [12, 5, 0],
					"scale": 0
				},
				"Rarecandy": {
					"position": [-4, -9, -3],
					"scale": 0
				},
				"mouths": {
					"position": [0, 0, 7.75],
					"scale": 0
				},
				"tougue": {
					"position": [0, 0, 2]
				},
				"tougue2": {
					"position": [0, 0, 4]
				},
				"tougue3": {
					"position": [0, 0, 0]
				},
				"tougue4": {
					"position": [0, 0, 6]
				},
				"tougue5": {
					"position": [0, 0, 0]
				},
				"eyes": {
					"position": [0, 0, 4],
					"scale": 0
				}
			}
		},
		"animation.gastly_ultravariant_shiny.shoulder_right": {
			"loop": true,
			"bones": {
				"body": {
					"rotation": [0, 0, 0],
					"position": [0.5, -1, 0]
				},
				"torso": {
					"rotation": ["0+math.sin(q.anim_time*90*2)*0.5", 0, 0]
				},
				"gastly": {
					"position": [-0.5, -1.25, -0.5]
				},
				"bone4": {
					"position": [0, 4, 0],
					"scale": 0
				},
				"bone": {
					"rotation": [57.36361, 64.84411, -9.26542],
					"position": ["8+math.cos(query.anim_time * 180) * 6", "2+math.cos(query.anim_time * 60) * 2", "-6-math.sin(query.anim_time * 180) * 6"],
					"scale": 1
				},
				"bone2": {
					"position": [-9, 0, 3],
					"scale": 0
				},
				"bone3": {
					"position": [-6, 4, -8],
					"scale": 0
				},
				"Potion": {
					"position": [12, 5, 0],
					"scale": 0
				},
				"Rarecandy": {
					"position": [-4, -9, -3],
					"scale": 0
				},
				"mouths": {
					"position": [0, 0, 7.75],
					"scale": 0
				},
				"tougue": {
					"position": [0, 0, 2]
				},
				"tougue2": {
					"position": [0, 0, 4]
				},
				"tougue3": {
					"position": [0, 0, 0]
				},
				"tougue4": {
					"position": [0, 0, 6]
				},
				"tougue5": {
					"position": [0, 0, 0]
				},
				"eyes": {
					"position": [0, 0, 4],
					"scale": 0
				}
			}
		},
		"animation.gastly_ultravariant_shiny.shoulder_left": {
			"loop": true,
			"bones": {
				"body": {
					"rotation": [0, 0, 0],
					"position": [0.5, -1, 0]
				},
				"torso": {
					"rotation": ["0+math.sin(q.anim_time*90*2)*0.5", 0, 0]
				},
				"gastly": {
					"position": [-0.5, -1.25, -0.5]
				},
				"bone4": {
					"position": [0, 4, 0],
					"scale": 0
				},
				"bone": {
					"rotation": [57.36361, 64.84411, -9.26542],
					"position": ["8+math.cos(query.anim_time * 180) * 6", "2+math.cos(query.anim_time * 60) * 2", "-6-math.sin(query.anim_time * 180) * 6"],
					"scale": 1
				},
				"bone2": {
					"position": [-9, 0, 3],
					"scale": 0
				},
				"bone3": {
					"position": [-6, 4, -8],
					"scale": 0
				},
				"Potion": {
					"position": [12, 5, 0],
					"scale": 0
				},
				"Rarecandy": {
					"position": [-4, -9, -3],
					"scale": 0
				},
				"mouths": {
					"position": [0, 0, 7.75],
					"scale": 0
				},
				"tougue": {
					"position": [0, 0, 2]
				},
				"tougue2": {
					"position": [0, 0, 4]
				},
				"tougue3": {
					"position": [0, 0, 0]
				},
				"tougue4": {
					"position": [0, 0, 6]
				},
				"tougue5": {
					"position": [0, 0, 0]
				},
				"eyes": {
					"position": [0, 0, 4],
					"scale": 0
				}
			}
		},
		"animation.gastly_ultravariant_shiny.pokeballopen": {
			"animation_length": 0.5,
			"bones": {
				"ball": {
					"rotation": {
						"0.0": [0, 0, 0],
						"0.0833": [15, 0, 0],
						"0.1667": [-10, 0, 0],
						"0.3333": [22.5, 0, 0]
					},
					"position": {
						"0.0833": [0, 0, 0],
						"0.125": [0, -0.1, 0],
						"0.1667": [0, 0.1, 0],
						"0.2083": [0, 0, 0]
					}
				},
				"bottom": {
					"rotation": {
						"0.0": [0, 0, 0],
						"0.0833": [-5, 0, 0],
						"0.1667": [50, 0, 0],
						"0.2083": [55, 0, 0],
						"0.4167": [35, 0, 0]
					}
				},
				"lid": {
					"rotation": {
						"0.0": [0, 0, 0],
						"0.0833": [5, 0, 0],
						"0.1667": [-100, 0, 0],
						"0.2083": [-105, 0, 0],
						"0.4167": [-70, 0, 0]
					}
				},
				"mouths": {
					"scale": 0
				},
				"eyes": {
					"position": [0, 0, -2],
					"scale": [0.4, 0.4, 1]
				},
				"left_eye_rotation": {
					"position": [0, 0, 5]
				},
				"left_angry_eye": {
					"scale": 0
				},
				"left_pupil": {
					"position": [0, 0, 5]
				},
				"left_pupil_closed": {
					"scale": 0
				},
				"right_eye_rotation": {
					"position": [0, 0, 5]
				},
				"right_angry_eye": {
					"scale": 0
				},
				"right_pupil": {
					"position": [0, 0, 5]
				},
				"right_pupil_closed": {
					"scale": 0
				}
			}
		},
		"animation.gastly_ultravariant_shiny.pokeballbounce": {
			"animation_length": 1,
			"bones": {
				"bottom": {
					"rotation": {
						"0.0": {
							"post": [0, 0, 0],
							"lerp_mode": "catmullrom"
						},
						"0.0417": {
							"post": [5.00232, -2.48336, 3.67327],
							"lerp_mode": "catmullrom"
						},
						"0.0833": {
							"post": [0, 0, -2.5],
							"lerp_mode": "catmullrom"
						},
						"0.25": {
							"post": [0, 1.6, -9],
							"lerp_mode": "catmullrom"
						},
						"0.4583": {
							"post": [0, 2.5, -9],
							"lerp_mode": "catmullrom"
						},
						"0.5417": {
							"post": [0, -2.1, 0],
							"lerp_mode": "catmullrom"
						},
						"0.625": {
							"post": [0, -3.1, 5],
							"lerp_mode": "catmullrom"
						},
						"0.75": {
							"post": [0, -2, 2.1],
							"lerp_mode": "catmullrom"
						},
						"0.7917": {
							"post": [0, -1.9, 0],
							"lerp_mode": "catmullrom"
						},
						"0.9167": {
							"post": [0, -0.3, 0.6],
							"lerp_mode": "catmullrom"
						},
						"1.0": {
							"post": [0, 0, 0],
							"lerp_mode": "catmullrom"
						}
					},
					"position": {
						"0.0417": [0, 0, 0],
						"0.0833": [0, -0.5, 0],
						"0.125": [0, 1.5, 0],
						"0.1667": [0, 3.25, 0],
						"0.25": {
							"pre": [0, 3.5, 0],
							"post": [0, 3.5, 0],
							"lerp_mode": "catmullrom"
						},
						"0.3333": {
							"post": [0, 2.75, 0],
							"lerp_mode": "catmullrom"
						},
						"0.4167": {
							"post": [0, 1.19, 0],
							"lerp_mode": "catmullrom"
						},
						"0.5": {
							"post": [0, -0.25, 0],
							"lerp_mode": "catmullrom"
						},
						"0.5833": {
							"post": [0, 1, 0],
							"lerp_mode": "catmullrom"
						},
						"0.7083": {
							"post": [0, 0.67, 0],
							"lerp_mode": "catmullrom"
						},
						"0.7917": {
							"post": [0, 0, 0],
							"lerp_mode": "catmullrom"
						},
						"0.875": {
							"post": [0, 0.2, 0],
							"lerp_mode": "catmullrom"
						},
						"1.0": [0, 0, 0]
					}
				},
				"lid": {
					"rotation": {
						"0.0": [0, 0, 0],
						"0.0417": [0, 0, 0],
						"0.4583": [0, 0, 0],
						"0.5417": [2.5, 0, 0],
						"0.6667": [0, 0, 0],
						"0.8333": [0, 0, 0]
					},
					"position": {
						"0.0": [0, 0, 0],
						"0.0417": [0, -0.25, 0],
						"0.0833": [0, -0.5, 0],
						"0.2083": [0, 0, 0]
					}
				}
			}
		},
		"animation.gastly_ultravariant_shiny.ancientballopen": {
			"animation_length": 0.5,
			"bones": {
				"bottom2": {
					"rotation": {
						"0.0": [0, 0, 0],
						"0.0833": [-5, 0, 0],
						"0.1667": [50, 0, 0],
						"0.2083": [55, 0, 0],
						"0.4167": [35, 0, 0]
					}
				},
				"lid2": {
					"rotation": {
						"0.0": [0, 0, 0],
						"0.0833": [5, 0, 0],
						"0.1667": [-100, 0, 0],
						"0.2083": [-105, 0, 0],
						"0.4167": [-70, 0, 0]
					}
				},
				"ball2": {
					"rotation": {
						"0.0": [0, 0, 0],
						"0.0833": [15, 0, 0],
						"0.1667": [-10, 0, 0],
						"0.3333": [22.5, 0, 0]
					},
					"position": {
						"0.0833": [0, 0, 0],
						"0.125": [0, -0.1, 0],
						"0.1667": [0, 0.1, 0],
						"0.2083": [0, 0, 0]
					}
				}
			}
		},
		"animation.gastly_ultravariant_shiny.ancientballbounce": {
			"animation_length": 1,
			"bones": {
				"bottom2": {
					"rotation": {
						"0.0": {
							"post": [0, 0, 0],
							"lerp_mode": "catmullrom"
						},
						"0.0417": {
							"post": [5.00232, -2.48336, 3.67327],
							"lerp_mode": "catmullrom"
						},
						"0.0833": {
							"post": [0, 0, -2.5],
							"lerp_mode": "catmullrom"
						},
						"0.25": {
							"post": [0, 1.6, -9],
							"lerp_mode": "catmullrom"
						},
						"0.4583": {
							"post": [0, 2.5, -9],
							"lerp_mode": "catmullrom"
						},
						"0.5417": {
							"post": [0, -2.1, 0],
							"lerp_mode": "catmullrom"
						},
						"0.625": {
							"post": [0, -3.1, 5],
							"lerp_mode": "catmullrom"
						},
						"0.75": {
							"post": [0, -2, 2.1],
							"lerp_mode": "catmullrom"
						},
						"0.7917": {
							"post": [0, -1.9, 0],
							"lerp_mode": "catmullrom"
						},
						"0.9167": {
							"post": [0, -0.3, 0.6],
							"lerp_mode": "catmullrom"
						},
						"1.0": {
							"post": [0, 0, 0],
							"lerp_mode": "catmullrom"
						}
					},
					"position": {
						"0.0417": [0, 0, 0],
						"0.0833": [0, -0.5, 0],
						"0.125": [0, 1.5, 0],
						"0.1667": [0, 3.25, 0],
						"0.25": {
							"pre": [0, 3.5, 0],
							"post": [0, 3.5, 0],
							"lerp_mode": "catmullrom"
						},
						"0.3333": {
							"post": [0, 2.75, 0],
							"lerp_mode": "catmullrom"
						},
						"0.4167": {
							"post": [0, 1.19, 0],
							"lerp_mode": "catmullrom"
						},
						"0.5": {
							"post": [0, -0.25, 0],
							"lerp_mode": "catmullrom"
						},
						"0.5833": {
							"post": [0, 1, 0],
							"lerp_mode": "catmullrom"
						},
						"0.7083": {
							"post": [0, 0.67, 0],
							"lerp_mode": "catmullrom"
						},
						"0.7917": {
							"post": [0, 0, 0],
							"lerp_mode": "catmullrom"
						},
						"0.875": {
							"post": [0, 0.2, 0],
							"lerp_mode": "catmullrom"
						},
						"1.0": [0, 0, 0]
					}
				},
				"lid2": {
					"rotation": {
						"0.0": [0, 0, 0],
						"0.0417": [0, 0, 0],
						"0.4583": [0, 0, 0],
						"0.5417": [2.5, 0, 0],
						"0.6667": [0, 0, 0],
						"0.8333": [0, 0, 0]
					},
					"position": {
						"0.0": [0, 0, 0],
						"0.0417": [0, -0.25, 0],
						"0.0833": [0, -0.5, 0],
						"0.2083": [0, 0, 0]
					}
				}
			}
		}
	}
}