{
	"format_version": "1.8.0",
	"animations": {
		"animation.scolipedewarmount.ground_idle": {
			"loop": true,
			"animation_length": 2,
			"bones": {
				"body": {
					"position": [0, "-1.5+math.sin(q.anim_time*90*2)*0.2", "math.sin(q.anim_time*90*2)*0.1"]
				},
				"neck": {
					"rotation": [0, 0, "-5+math.sin(q.anim_time*90*2-180)*1"]
				},
				"neck2": {
					"rotation": [0, 0, "5+math.sin(q.anim_time*90*2-90)*0.75"]
				},
				"neck3": {
					"rotation": [0, 0, "5+math.sin(q.anim_time*90*2-180)*1"]
				},
				"head": {
					"rotation": [0, 0, "2.5+math.sin(q.anim_time*90*2-180)*0.5"]
				},
				"tail_antennae_left": {
					"rotation": ["-10+math.sin(q.anim_time*90*2-45)*1", 0, 0]
				},
				"tail_antennae_right": {
					"rotation": ["10-math.sin(q.anim_time*90*2-45)*1", 0, 0]
				},
				"leg_front_left": {
					"rotation": ["-math.sin(q.anim_time*90*2)*1", 0, 0]
				},
				"leg_front_left2": {
					"rotation": ["-12.5011+math.sin(q.anim_time*90*2)*1", -4.88164, -1.08182]
				},
				"foot_front_left_rotation": {
					"rotation": [9.98107, -0.43523, 4.98107]
				},
				"leg_front_right": {
					"rotation": ["-math.sin(q.anim_time*90*2)*1", 0, 0]
				},
				"leg_front_right2": {
					"rotation": ["-12.5011+math.sin(q.anim_time*90*2)*1", 4.88164, 1.08182]
				},
				"foot_front_right_rotation": {
					"rotation": [9, 0.43523, -4.98107]
				},
				"leg_back_left": {
					"rotation": ["5-math.sin(q.anim_time*90*2-45)*1", 0, 0]
				},
				"leg_back_left2": {
					"rotation": ["-10+math.sin(q.anim_time*90*2-45)*1", 0, 0],
					"position": [0, "-math.sin(q.anim_time*90*2-135)*0.1", "math.sin(q.anim_time*90*2-100)*0.15"]
				},
				"foot_back_left_rotation": {
					"rotation": [5, 0, 0]
				},
				"leg_back_right": {
					"rotation": ["5-math.sin(q.anim_time*90*2-45)*1", 0, 0]
				},
				"leg_back_right2": {
					"rotation": ["-10+math.sin(q.anim_time*90*2-45)*1", 0, 0],
					"position": [0, "-math.sin(q.anim_time*90*2-135)*0.1", "math.sin(q.anim_time*90*2-100)*0.15"]
				},
				"foot_back_right_rotation": {
					"rotation": [5, 0, 0]
				},
				"torso2": {
					"rotation": [0, 0, "math.sin(q.anim_time*90*2)*0.75"]
				},
				"torso3": {
					"rotation": [0, 0, "math.sin(q.anim_time*90*2-90)*0.5"]
				},
				"shell_spike2_left": {
					"rotation": ["-10+math.sin(q.anim_time*90*4-180)*4", 0, 0]
				},
				"shell_spike2_right": {
					"rotation": ["10-math.sin(q.anim_time*90*4-180)*4", 0, 0]
				},
				"shell_spike3_left": {
					"rotation": ["-10+math.sin(q.anim_time*90*4-135)*4", 0, 0]
				},
				"shell_spike3_right": {
					"rotation": ["10-math.sin(q.anim_time*90*4-135)*4", 0, 0]
				},
				"shell_spike4_left": {
					"rotation": ["-10+math.sin(q.anim_time*90*4-90)*4", 0, 0]
				},
				"shell_spike4_right": {
					"rotation": ["10-math.sin(q.anim_time*90*4-90)*4", 0, 0]
				},
				"shell_spike5_left": {
					"rotation": ["-10+math.sin(q.anim_time*90*4-45)*4", 0, 0]
				},
				"shell_spike5_right": {
					"rotation": ["10-math.sin(q.anim_time*90*4-45)*4", 0, 0]
				},
				"tail": {
					"rotation": [0, 0, "math.sin(q.anim_time*90*2-45)*0.75"]
				},
				"shell_spike1_left": {
					"rotation": ["-10+math.sin(q.anim_time*90*4-180)*4", 0, 0]
				},
				"shell_spike1_right": {
					"rotation": ["10-math.sin(q.anim_time*90*4-180)*4", 0, 0]
				},
				"tail2": {
					"rotation": [0, 0, "math.sin(q.anim_time*90*2-90)*0.75"]
				},
				"leg_front_left3": {
					"rotation": [0, 0, 0]
				},
				"leg_front_right3": {
					"rotation": [0, 0, 0],
					"position": [0, 0, 0]
				}
			}
		},
		"animation.scolipedewarmount.ground_walk": {
			"loop": true,
			"animation_length": 2,
			"bones": {
				"body": {
					"rotation": [0, 0, 0],
					"position": [0, "-2+math.sin(q.anim_time*90*4)*0.4", "math.sin(q.anim_time*90*4)*0.1"]
				},
				"neck": {
					"rotation": [0, "math.sin(q.anim_time*90*2)*2", "-10+math.sin(q.anim_time*90*4-180)*2"],
					"position": [0.5, -0.25, 0]
				},
				"neck2": {
					"rotation": [0, 0, "12.5+math.sin(q.anim_time*90*4-90)*1.5"]
				},
				"neck3": {
					"rotation": [0, 0, "10+math.sin(q.anim_time*90*4-180)*1.5"]
				},
				"head": {
					"rotation": [0, 0, "-17.5+math.sin(q.anim_time*90*4-180)*1"]
				},
				"tail_antennae_left": {
					"rotation": ["-10+math.sin(q.anim_time*90*4-45)*1", 0, "math.sin(q.anim_time*90*4-180)*3"]
				},
				"tail_antennae_right": {
					"rotation": ["10-math.sin(q.anim_time*90*4-45)*1", 0, "math.sin(q.anim_time*90*4-180)*3"]
				},
				"leg_front_left": {
					"rotation": ["math.sin(q.anim_time*90*2+45)*16", 0, 0],
					"position": [0, "0.5+math.clamp(math.sin(q.anim_time*90*2-45)*3,0,200)", 0]
				},
				"leg_front_left2": {
					"rotation": ["-6.5011+math.sin(q.anim_time*90*2+90)*13", -4.88164, -1.08182],
					"position": {
						"0.0": [0, "-0.2+math.clamp(-math.sin(q.anim_time*90*2-45)*1,0,15)", "-1.5+math.clamp(-math.sin(q.anim_time*90*2)*1,0,15)"],
						"0.25": [0, "-0.2+math.clamp(-math.sin(q.anim_time*90*2-45)*1,0,15)", "-2+math.clamp(-math.sin(q.anim_time*90*2)*1,0,15)"],
						"0.5": [0, "math.clamp(-math.sin(q.anim_time*90*2-45)*1,0,15)", "math.clamp(-math.sin(q.anim_time*90*2)*1,0,15)"],
						"1.5": [0, "math.clamp(-math.sin(q.anim_time*90*2-45)*1,0,15)", "math.clamp(-math.sin(q.anim_time*90*2)*1,0,15)"],
						"2.0": [0, "-0.2+math.clamp(-math.sin(q.anim_time*90*2-45)*1,0,15)", "-1.5+math.clamp(-math.sin(q.anim_time*90*2)*1,0,15)"]
					}
				},
				"foot_front_left_rotation": {
					"rotation": ["12.4811+math.clamp(-math.sin(q.anim_time*90*2-240)*25,0,25)", -0.43523, 4.98107],
					"position": [0, -0.1, 0]
				},
				"leg_front_right": {
					"rotation": {
						"0.0": ["-math.sin(q.anim_time*90*2+45)*16", 0, 0],
						"1.0": ["-math.sin(q.anim_time*90*2+45)*16", 0, 0],
						"2.0": ["-math.sin(q.anim_time*90*2+45)*16", 0, 0]
					},
					"position": [0, "0.5+math.clamp(-math.sin(q.anim_time*90*2-45)*3,0,200)", 0]
				},
				"leg_front_right2": {
					"rotation": ["-6.5011-math.sin(q.anim_time*90*2+90)*13", 4.8816, 1.0818],
					"position": {
						"0.0": [0, "math.clamp(math.sin(q.anim_time*90*2-45)*1,0,15)", "math.clamp(math.sin(q.anim_time*90*2)*1,0,15)"],
						"0.5": [0, "math.clamp(math.sin(q.anim_time*90*2-45)*1,0,15)", "math.clamp(math.sin(q.anim_time*90*2)*1,0,15)"],
						"1.0": [0, "-0.2+math.clamp(math.sin(q.anim_time*90*2-45)*1,0,15)", "-1.5+math.clamp(math.sin(q.anim_time*90*2)*1,0,15)"],
						"1.25": [0, "-0.2+math.clamp(math.sin(q.anim_time*90*2-45)*1,0,15)", "-2+math.clamp(math.sin(q.anim_time*90*2)*1,0,15)"],
						"1.5": [0, "math.clamp(math.sin(q.anim_time*90*2-45)*1,0,15)", "math.clamp(math.sin(q.anim_time*90*2)*1,0,15)"]
					}
				},
				"foot_front_right_rotation": {
					"rotation": ["9+math.clamp(math.sin(q.anim_time*90*2-240)*25,0,25)", 0.43523, -4.98107]
				},
				"leg_back_left": {
					"rotation": ["math.clamp(-math.sin(q.anim_time*90*2-35)*15,0,330)-math.sin(q.anim_time*90*4-45)*1", 0, 0],
					"position": [0, "-2+math.clamp(-math.sin(q.anim_time*90*2-90)*2,2,10)", "-math.sin(q.anim_time*90*2)*1.2"]
				},
				"leg_back_left2": {
					"rotation": ["-10+math.sin(q.anim_time*90*2-135)*28", 0, 0],
					"position": {
						"0.0": [0, "math.clamp(math.sin(q.anim_time*90*2-120)*1,0,0)", "math.clamp(math.sin(q.anim_time*90*2)*1,0,15)"],
						"0.5": [0, "math.clamp(math.sin(q.anim_time*90*2-120)*1,0,0)", "-1+math.clamp(math.sin(q.anim_time*90*2)*1,0,15)"],
						"0.75": [0, 0, "0.2+math.clamp(math.sin(q.anim_time*90*2)*1,0,15)"],
						"1.0": [0, "math.clamp(math.sin(q.anim_time*90*2-120)*1,0,0)", "math.clamp(math.sin(q.anim_time*90*2)*1,0,15)"],
						"1.5": [0, 0, "math.clamp(math.sin(q.anim_time*90*2)*1,0,15)"],
						"2.0": [0, "math.clamp(math.sin(q.anim_time*90*2-120)*1,0,0)", "math.clamp(math.sin(q.anim_time*90*2)*1,0,15)"]
					}
				},
				"foot_back_left_rotation": {
					"rotation": ["5+math.clamp(math.sin(q.anim_time*90*2-280)*25,0,12.5)", 0, 0]
				},
				"leg_back_right": {
					"rotation": ["math.clamp(math.sin(q.anim_time*90*2-35)*15,0,330)-math.sin(q.anim_time*90*4-45)*1", 0, 0],
					"position": [0, "-2+math.clamp(math.sin(q.anim_time*90*2-90)*2,2,10)", "math.sin(q.anim_time*90*2)*1.2"]
				},
				"leg_back_right2": {
					"rotation": ["-10-math.sin(q.anim_time*90*2-135)*28", 0, 0],
					"position": {
						"0.0": [0, "math.clamp(-math.sin(q.anim_time*90*2-120)*1,0,0)", "math.clamp(-math.sin(q.anim_time*90*2)*1,0,15)"],
						"0.5": [0, "math.clamp(-math.sin(q.anim_time*90*2-120)*1,0,0)", "math.clamp(-math.sin(q.anim_time*90*2)*1,0,15)"],
						"1.0": [0, "math.clamp(-math.sin(q.anim_time*90*2-120)*1,0,0)", "math.clamp(-math.sin(q.anim_time*90*2)*1,0,15)"],
						"1.5": [0, "math.clamp(-math.sin(q.anim_time*90*2-120)*1,0,0)", "-1+math.clamp(-math.sin(q.anim_time*90*2)*1,0,15)"],
						"1.75": [0, "math.clamp(-math.sin(q.anim_time*90*2-120)*1,0,0)", "0.2+math.clamp(-math.sin(q.anim_time*90*2)*1,0,15)"],
						"2.0": [0, "math.clamp(-math.sin(q.anim_time*90*2-120)*1,0,0)", "math.clamp(-math.sin(q.anim_time*90*2)*1,0,15)"]
					}
				},
				"foot_back_right_rotation": {
					"rotation": ["5+math.clamp(-math.sin(q.anim_time*90*2-280)*25,0,12.5)", 0, 0]
				},
				"torso2": {
					"rotation": [0, "-math.sin(q.anim_time*90*2)*2", "15+math.sin(q.anim_time*90*4)*0.75"],
					"position": [-2, 0, 0]
				},
				"torso3": {
					"rotation": [0, 0, "-2.5+math.sin(q.anim_time*90*4-90)*1.2"]
				},
				"shell_spike2_left": {
					"rotation": ["-10+math.sin(q.anim_time*90*8-180)*8", 0, 0]
				},
				"shell_spike2_right": {
					"rotation": ["10-math.sin(q.anim_time*90*8-180)*8", 0, 0]
				},
				"shell_spike3_left": {
					"rotation": ["-10+math.sin(q.anim_time*90*8-135)*8", 0, 0]
				},
				"shell_spike3_right": {
					"rotation": ["10-math.sin(q.anim_time*90*8-135)*8", 0, 0]
				},
				"shell_spike4_left": {
					"rotation": ["-10+math.sin(q.anim_time*90*8-90)*8", 0, 0]
				},
				"shell_spike4_right": {
					"rotation": ["10-math.sin(q.anim_time*90*8-90)*8", 0, 0]
				},
				"shell_spike5_left": {
					"rotation": ["-10+math.sin(q.anim_time*90*8-45)*8", 0, 0]
				},
				"shell_spike5_right": {
					"rotation": ["10-math.sin(q.anim_time*90*8-45)*8", 0, 0]
				},
				"tail": {
					"rotation": [0, 0, "-2.5+math.sin(q.anim_time*90*4-45)*2"],
					"position": [0.5, 0, 0]
				},
				"shell_spike1_left": {
					"rotation": ["-10+math.sin(q.anim_time*90*8-180)*8", 0, 0]
				},
				"shell_spike1_right": {
					"rotation": ["10-math.sin(q.anim_time*90*8-180)*8", 0, 0]
				},
				"tail2": {
					"rotation": [0, 0, "math.sin(q.anim_time*90*4-90)*1.5"]
				},
				"leg_front_left3": {
					"rotation": ["math.clamp(-math.sin(q.anim_time*90*2-270)*30,-95,0)", 0, 0]
				},
				"leg_front_right3": {
					"rotation": ["math.clamp(math.sin(q.anim_time*90*2-270)*30,-95,0)", 0, 0]
				},
				"torso": {
					"position": {
						"0.0": [0, "0.5-math.sin(q.anim_time*90*4-180)*0.2", 0],
						"0.375": [0, "0.5-math.sin(q.anim_time*90*4-180)*0.2", 0],
						"0.4167": [0, "-math.sin(q.anim_time*90*4-180)*0.2", 0],
						"0.4583": [0, "0.25-math.sin(q.anim_time*90*4-180)*0.2", 0],
						"0.5": [0, "-math.sin(q.anim_time*90*4-180)*0.2", 0],
						"0.5417": [0, "0.25-math.sin(q.anim_time*90*4-180)*0.2", 0],
						"1.375": [0, "0.5-math.sin(q.anim_time*90*4-180)*0.2", 0],
						"1.4167": [0, "-math.sin(q.anim_time*90*4-180)*0.2", 0],
						"1.4583": [0, "0.25-math.sin(q.anim_time*90*4-180)*0.2", 0],
						"1.5": [0, "-math.sin(q.anim_time*90*4-180)*0.2", 0],
						"1.5417": [0, "0.25-math.sin(q.anim_time*90*4-180)*0.2", 0],
						"2.0": [0, "0.5-math.sin(q.anim_time*90*4-180)*0.2", 0]
					}
				},
				"foot_front_left": {
					"rotation": [0, 0, 0],
					"position": [0, 0, 0]
				},
				"foot_front_right": {
					"rotation": [0, 0, 0],
					"position": [0, 0, 0]
				},
				"foot_back_left": {
					"rotation": [0, 0, 0],
					"position": [0, "math.clamp(math.sin(q.anim_time*90*2-250)*1,0,1)", 0]
				},
				"foot_back_right": {
					"rotation": [0, 0, 0],
					"position": [0, "math.clamp(-math.sin(q.anim_time*90*2-250)*1,0,1)", 0]
				},
				"head2": {
					"rotation": [0, 0, "-10-math.sin(q.anim_time*90*4-90)*1"]
				},
				"leg_back_left3": {
					"rotation": ["math.clamp(math.sin(q.anim_time*90*2-320)*30,-95,0)", 0, 0]
				},
				"leg_back_right3": {
					"rotation": ["math.clamp(-math.sin(q.anim_time*90*2-320)*30,-95,0)", 0, 0]
				}
			}
		},
		"animation.scolipedewarmount.battle_idle": {
			"loop": true,
			"animation_length": 2,
			"bones": {
				"body": {
					"rotation": [0, -5, 0],
					"position": [-0.25, "-1.5+math.sin(q.anim_time*90*4)*0.2", "math.sin(q.anim_time*90*4)*0.1"]
				},
				"neck": {
					"rotation": [-2.4905, 0.21782, "-5.0048+math.sin(q.anim_time*90*4-180)*1"],
					"position": [0, -0.5, -0.5]
				},
				"neck2": {
					"rotation": [-2.61376, -0.36834, "9.9977+math.sin(q.anim_time*90*4-90)*0.75"],
					"position": [-0.25, -0.75, 0.3]
				},
				"neck3": {
					"rotation": [-1.20274, 2.19152, "5.0137+math.sin(q.anim_time*90*4-180)*1"],
					"position": [0, -0.5, 0]
				},
				"head": {
					"rotation": [0, 0, "-12.5+math.sin(q.anim_time*90*4-180)*0.5"]
				},
				"tail_antennae_left": {
					"rotation": ["-17.5+math.sin(q.anim_time*90*4-45)*1", 0, 0]
				},
				"tail_antennae_right": {
					"rotation": ["17.5-math.sin(q.anim_time*90*4-45)*1", 0, 0]
				},
				"leg_front_left": {
					"rotation": ["-35-math.sin(q.anim_time*90*4)*1", 0, 0],
					"position": [0, 2, 1]
				},
				"leg_front_left2": {
					"rotation": ["7.4989+math.sin(q.anim_time*90*4)*1.5", -4.88164, -1.08182],
					"position": [0, 0, 1]
				},
				"foot_front_left_rotation": {
					"rotation": [29.98107, -0.43523, 4.98107]
				},
				"leg_front_right": {
					"rotation": ["0.554-math.sin(q.anim_time*90*4)*1", 12.48791, 0.06062]
				},
				"leg_front_right2": {
					"rotation": ["-12.5011+math.sin(q.anim_time*90*4)*1", 4.88164, 1.08182]
				},
				"foot_front_right_rotation": {
					"rotation": [9, 0.43523, -4.98107]
				},
				"leg_back_left": {
					"rotation": ["4.7715-math.sin(q.anim_time*90*4-45)*0.75", 12.73723, 0.40753]
				},
				"leg_back_left2": {
					"rotation": ["-10+math.sin(q.anim_time*90*4-45)*0.7", 0, 0],
					"position": [0, "-math.sin(q.anim_time*90*4-135)*0.1", "math.sin(q.anim_time*90*4-135)*0.1"]
				},
				"foot_back_left_rotation": {
					"rotation": [5, 0, 0]
				},
				"leg_back_right": {
					"rotation": ["4.7763-math.sin(q.anim_time*90*4-45)*0.75", -10.003, 0.16303]
				},
				"leg_back_right2": {
					"rotation": ["7.5+math.sin(q.anim_time*90*4-45)*0.7", 0, 0],
					"position": [0, "-0.5-math.sin(q.anim_time*90*4-135)*0.1", "0.5+math.sin(q.anim_time*90*4-135)*0.1"]
				},
				"foot_back_right_rotation": {
					"rotation": [5, 0, 0],
					"position": [0, -0.3, 0]
				},
				"torso2": {
					"rotation": [0, 0, "math.sin(q.anim_time*90*4)*0.75"]
				},
				"torso3": {
					"rotation": [0, 0, "20+math.sin(q.anim_time*90*4-90)*0.5"],
					"position": [-1, 0, 0]
				},
				"shell_spike2_left": {
					"rotation": ["-10+math.sin(q.anim_time*90*8-180)*8", 0, 0]
				},
				"shell_spike2_right": {
					"rotation": ["10-math.sin(q.anim_time*90*8-180)*8", 0, 0]
				},
				"shell_spike3_left": {
					"rotation": ["-10+math.sin(q.anim_time*90*8-135)*8", 0, 0]
				},
				"shell_spike3_right": {
					"rotation": ["10-math.sin(q.anim_time*90*8-135)*8", 0, 0]
				},
				"shell_spike4_left": {
					"rotation": ["-10+math.sin(q.anim_time*90*8-90)*8", 0, 0]
				},
				"shell_spike4_right": {
					"rotation": ["10-math.sin(q.anim_time*90*8-90)*8", 0, 0]
				},
				"shell_spike5_left": {
					"rotation": ["-10+math.sin(q.anim_time*90*8-45)*8", 0, 0]
				},
				"shell_spike5_right": {
					"rotation": ["10-math.sin(q.anim_time*90*8-45)*8", 0, 0]
				},
				"tail": {
					"rotation": [0, 0, "5+math.sin(q.anim_time*90*4-45)*0.75"],
					"position": [-1, 0, 0]
				},
				"shell_spike1_left": {
					"rotation": ["-10+math.sin(q.anim_time*90*8-180)*8", 0, 0]
				},
				"shell_spike1_right": {
					"rotation": ["10-math.sin(q.anim_time*90*8-180)*8", 0, 0]
				},
				"tail2": {
					"rotation": [0, 0, "5+math.sin(q.anim_time*90*4-90)*0.75"],
					"position": [0.5, 0.5, 0]
				},
				"leg_front_left3": {
					"rotation": [0, 0, 0]
				},
				"leg_front_right3": {
					"rotation": [0, 0, 0]
				},
				"head2": {
					"rotation": [0, 0, -7.5]
				},
				"foot_back_right": {
					"rotation": [-17.5, 0, 0]
				}
			}
		},
		"animation.scolipedewarmount.sleep": {
			"loop": true,
			"animation_length": 2,
			"bones": {
				"body": {
					"rotation": [-107.5, 0, -90],
					"position": [0, 6, 3],
					"scale": 1
				},
				"torso": {
					"position": [0, 1, 7]
				},
				"torso2": {
					"rotation": [0, 0, 52.5],
					"position": [-6, 1, 0]
				},
				"torso3": {
					"rotation": [0, 5, 75],
					"position": [-9, 6, 0]
				},
				"neck": {
					"rotation": [0, 0, 37.5],
					"position": [-7, 0, 0]
				},
				"neck2": {
					"rotation": [0, 5, 20]
				},
				"head": {
					"rotation": [-10, 0, -17.5],
					"position": [0, -0.4, -0.1]
				},
				"head2": {
					"rotation": [-17.5, 0, -15]
				},
				"tail": {
					"rotation": [0, 0, -47.5],
					"position": [7, 0, 0]
				},
				"tail2": {
					"rotation": [0, 0, -37.5],
					"position": [-2, -1, 0]
				},
				"tail_antennae_left": {
					"rotation": ["math.sin(q.anim_time*90*2-45)*0.5", 0, 0]
				},
				"tail_antennae_right": {
					"rotation": ["15-math.sin(q.anim_time*90*2-45)*0.5", 0, 0]
				},
				"tail3": {
					"rotation": [0, 0, -15]
				},
				"legs": {
					"position": [0, -39, 1]
				},
				"leg_front_left": {
					"rotation": [-17.75279, -1.93597, 14.87739],
					"position": [0, 37, 8]
				},
				"leg_front_right": {
					"rotation": [-25, 0, 0],
					"position": [0, 38, 6]
				},
				"leg_front_right2": {
					"rotation": [17.5, 0, 0]
				},
				"leg_back_left": {
					"rotation": [-55.09891, 2.68407, -4.22005],
					"position": [0, 39, -1]
				},
				"leg_back_right": {
					"rotation": [-49.40026, 0.39558, 9.6222],
					"position": [0, 39, -1]
				},
				"shell_spike2_left": {
					"rotation": ["math.sin(q.anim_time*90*4-180)*4", 0, 0]
				},
				"shell_spike2_right": {
					"rotation": ["-math.sin(q.anim_time*90*4-180)*4", 0, 0]
				},
				"shell_spike3_left": {
					"rotation": ["math.sin(q.anim_time*90*4-135)*4", 0, 0]
				},
				"shell_spike3_right": {
					"rotation": ["-math.sin(q.anim_time*90*4-135)*4", 0, 0]
				},
				"shell_spike4_left": {
					"rotation": ["-7.5+math.sin(q.anim_time*90*4-90)*4", 0, 0]
				},
				"shell_spike4_right": {
					"rotation": ["-math.sin(q.anim_time*90*4-90)*4", 0, 0]
				},
				"neck3": {
					"rotation": [-10, 0, 0]
				},
				"shell_spike5_left": {
					"rotation": ["-15+math.sin(q.anim_time*90*4-45)*4", 0, 0]
				},
				"shell_spike5_right": {
					"rotation": ["-math.sin(q.anim_time*90*4-45)*4", 0, 0]
				},
				"eyelid_half_left": {
					"position": [0, 0, -1]
				},
				"eyelid_full_left": {
					"position": [0, 0, 0.1]
				},
				"eyelid_half_right": {
					"position": [0, 0, 1]
				},
				"eyelid_full_right": {
					"position": [0, 0, -0.1]
				},
				"shell_spike1_left": {
					"rotation": ["math.sin(q.anim_time*90*4-225)*4", 0, 0]
				},
				"shell_spike1_right": {
					"rotation": ["-math.sin(q.anim_time*90*4-225)*4", 0, 0]
				},
				"leg_back_left2": {
					"rotation": [0, 15, 0]
				}
			}
		},
		"animation.scolipedewarmount.blink": {
			"animation_length": 0.1667,
			"bones": {
				"eyelid_half_left": {
					"position": {
						"0.0": [0, 0, -0.1],
						"0.125": [0, 0, -0.1],
						"0.1667": [0, 0, 0]
					}
				},
				"eyelid_full_left": {
					"position": {
						"0.0": [0, 0, 0.1],
						"0.125": [0, 0, 0.1],
						"0.1667": [0, 0, 0]
					}
				},
				"eyelid_half_right": {
					"position": {
						"0.0": [0, 0, 0.1],
						"0.125": [0, 0, 0.1],
						"0.1667": [0, 0, 0]
					}
				},
				"eyelid_full_right": {
					"position": {
						"0.0": [0, 0, -0.1],
						"0.125": [0, 0, -0.1],
						"0.1667": [0, 0, 0]
					}
				}
			}
		},
		"animation.scolipedewarmount.cry": {
			"animation_length": 1.9583,
			"bones": {
				"head2": {
					"rotation": {
						"0.0": {
							"post": [0, 0, 0],
							"lerp_mode": "catmullrom"
						},
						"0.25": {
							"post": [0, 0, -5],
							"lerp_mode": "catmullrom"
						},
						"1.0417": {
							"post": [0, 0, -10],
							"lerp_mode": "catmullrom"
						},
						"1.4583": {
							"post": [0, 0, -5],
							"lerp_mode": "catmullrom"
						},
						"1.7083": {
							"post": [0, 0, 0],
							"lerp_mode": "catmullrom"
						},
						"1.9583": {
							"post": [0, 0, 0],
							"lerp_mode": "catmullrom"
						}
					}
				}
			},
			"sound_effects": {
				"0.0": {
					"effect": "pokemon.scolipede.cry"
				}
			}
		},
		"animation.scolipedewarmount.steamroller": {
			"loop": true,
			"bones": {
				"body": {
					"rotation": ["q.anim_time*90*20", 0, 0],
					"position": [0, 21, 3],
					"scale": 1
				},
				"torso": {
					"position": [0, 1, 7]
				},
				"torso2": {
					"rotation": [0, 0, 52.5],
					"position": [-6, 1, 0]
				},
				"torso3": {
					"rotation": [0, 0, 75],
					"position": [-9, 6, 0]
				},
				"neck": {
					"rotation": [0, 0, 37.5],
					"position": [-7, 0, 0]
				},
				"neck2": {
					"rotation": [0, 0, 20]
				},
				"head": {
					"rotation": [0, 0, -17.5]
				},
				"head2": {
					"rotation": [0, 0, -15]
				},
				"tail": {
					"rotation": [0, 0, -47.5],
					"position": [7, 0, 0]
				},
				"tail2": {
					"rotation": [0, 0, -37.5],
					"position": [-2, -1, 0]
				},
				"tail_antennae_left": {
					"rotation": [1.84373, -1.68868, 42.47283],
					"position": [0, -4, 0]
				},
				"tail_antennae_left2": {
					"rotation": [0, 0, -130],
					"position": [3, -3, 0]
				},
				"tail_antennae_right": {
					"rotation": [1.84373, -1.68868, 42.47283],
					"position": [0, -4, 0]
				},
				"tail_antennae_right2": {
					"rotation": [0, 0, -130],
					"position": [3, -3, 0]
				},
				"tail3": {
					"rotation": [0, 0, -15]
				},
				"legs": {
					"position": [0, -39, 1]
				},
				"leg_front_left": {
					"position": [0, 37, 5]
				},
				"leg_front_left2": {
					"rotation": [-32.5, 0, 0]
				},
				"leg_front_right": {
					"position": [0, 38, 6]
				},
				"leg_front_right2": {
					"rotation": [-30, 0, 0]
				},
				"leg_back_left": {
					"rotation": [-52.5, 0, 0],
					"position": [0, 39, -1]
				},
				"leg_back_right": {
					"rotation": [-57.5, 0, 0],
					"position": [0, 39, -1]
				}
			}
		}
	}
}