{
    
    "target": "cobblemon:bewear",
    "features": ["jetian"],
    "forms": [
      {
        "implemented": true,
        "nationalPokedexNumber": 760,
        "name": "Jetian",
        "primaryType": "fighting",
        "secondaryType": "dark",
        "maleRatio": 0.5,
        "height": 21,
        "weight": 1350,
        "pokedex": [
          "cobblemon.species.bewear_jetian.desc"
        ],
        "labels": [
          "gen7",
          "jetian"
        ],
        "aspects": ["jetian"],
        "abilities": [
          "fluffy",
          "klutz",
          "h:unnerve"
        ],
        "eggGroups": [
          "field"
        ],
        "baseStats": {
          "hp": 120,
          "attack": 125,
          "defence": 80,
          "special_attack": 55,
          "special_defence": 60,
          "speed": 60
        },
        "evYield": {
          "hp": 0,
          "attack": 2,
          "defence": 0,
          "special_attack": 0,
          "special_defence": 0,
          "speed": 0
        },
        "baseExperienceYield": 175,
        "experienceGroup": "medium_fast",
        "catchRate": 70,
        "eggCycles": 15,
        "baseFriendship": 50,
        "baseScale": 1,
        "hitbox": {
          "width": 1.2,
          "height": 2.8,
          "fixed": false
        },
        "behaviour": {
          "resting": {
            "canSleep": true,
            "light": "0-4"
          }
        },
        "drops": {
          "amount": 1,
          "entries": [
            {
              "item": "cobblemon:chople_berry",
              "percentage": 5.0
            }
          ]
        },
        "moves": [
          "1:leer",
          "1:lowkick",
          "1:feintattack",
          "1:headbutt",
          "1:payback",
          "1:chipaway",
          "12:sandattack",
          "16:facade",
          "20:torment",
          "24:beatup",
          "28:scaryface",
          "32:brickbreak",
          "36:swagger",
          "42:crunch",
          "48:highjumpkick",
          "54:focuspunch",
          "60:headsmash",
          "egg:chipaway",
          "egg:counter",
          "egg:detect",
          "egg:fakeout",
          "egg:feintattack",
          "egg:quickguard",
          "tm:acidspray",
          "tm:amnesia",
          "tm:assurance",
          "tm:beatup",
          "tm:bodyslam",
          "tm:brickbreak",
          "tm:bulkup",
          "tm:closecombat",
          "tm:coaching",
          "tm:crunch",
          "tm:curse",
          "tm:darkpulse",
          "tm:dig",
          "tm:doubleedge",
          "tm:dragonclaw",
          "tm:dragondance",
          "tm:dragonpulse",
          "tm:dragontail",
          "tm:drainpunch",
          "tm:dualchop",
          "tm:encore",
          "tm:endeavor",
          "tm:endure",
          "tm:facade",
          "tm:faketears",
          "tm:firepunch",
          "tm:fling",
          "tm:focusblast",
          "tm:focuspunch",
          "tm:foulplay",
          "tm:gigaimpact",
          "tm:grassknot",
          "tm:headbutt",
          "tm:helpinghand",
          "tm:hyperbeam",
          "tm:icepunch",
          "tm:incinerate",
          "tm:irondefense",
          "tm:ironhead",
          "tm:irontail",
          "tm:knockoff",
          "tm:lashout",
          "tm:lowkick",
          "tm:lowsweep",
          "tm:megakick",
          "tm:megapunch",
          "tm:metronome",
          "tm:outrage",
          "tm:payback",
          "tm:poisonjab",
          "tm:poweruppunch",
          "tm:protect",
          "tm:raindance",
          "tm:rest",
          "tm:retaliate",
          "tm:revenge",
          "tm:reversal",
          "tm:roar",
          "tm:rockclimb",
          "tm:rockslide",
          "tm:rocksmash",
          "tm:rocktomb",
          "tm:scaryface",
          "tm:sleeptalk",
          "tm:sludgebomb",
          "tm:smackdown",
          "tm:snarl",
          "tm:snatch",
          "tm:spite",
          "tm:stoneedge",
          "tm:strength",
          "tm:substitute",
          "tm:sunnyday",
          "tm:superfang",
          "tm:swagger",
          "tm:swordsdance",
          "tm:takedown",
          "tm:taunt",
          "tm:terablast",
          "tm:thief",
          "tm:throatchop",
          "tm:thunderpunch",
          "tm:torment",
          "tm:trailblaze",
          "tm:upperhand",
          "tm:uproar",
          "tm:workup",
          "tm:zenheadbutt",
          "tutor:bulkup",
          "tutor:coaching",
          "tutor:darkpulse",
          "tutor:dragonpulse",
          "tutor:drainpunch",
          "tutor:dualchop",
          "tutor:endeavor",
          "tutor:firepunch",
          "tutor:focuspunch",
          "tutor:foulplay",
          "tutor:gigaimpact",
          "tutor:helpinghand",
          "tutor:hyperbeam",
          "tutor:icepunch",
          "tutor:irondefense",
          "tutor:ironhead",
          "tutor:irontail",
          "tutor:knockoff",
          "tutor:lashout",
          "tutor:lowkick",
          "tutor:outrage",
          "tutor:poisonjab",
          "tutor:rest",
          "tutor:rockslide",
          "tutor:rocksmash",
          "tutor:sleeptalk",
          "tutor:sludgebomb",
          "tutor:snarl",
          "tutor:snatch",
          "tutor:spite",
          "tutor:stoneedge",
          "tutor:superfang",
          "tutor:throatchop",
          "tutor:thunderpunch",
          "tutor:uproar",
          "tutor:zenheadbutt"
      
        ],
        "preEvolution": "stufful jetian",
        "evolutions": []
      }      
      ]}