{
	"format_version": "1.12.0",
	"minecraft:geometry": [
		{
			"description": {
				"identifier": "geometry.slugachu",
				"texture_width": 64,
				"texture_height": 64,
				"visible_bounds_width": 4,
				"visible_bounds_height": 2.5,
				"visible_bounds_offset": [0, 0.75, 0]
			},
			"bones": [
				{
					"name": "pikapod",
					"pivot": [0, 0, 0]
				},
				{
					"name": "rot_fix",
					"parent": "pikapod",
					"pivot": [0, 0, 0],
					"rotation": [0, 180, 0]
				},
				{
					"name": "body",
					"parent": "rot_fix",
					"pivot": [0, 0, 0]
				},
				{
					"name": "torso",
					"parent": "body",
					"pivot": [0, 0, 0],
					"cubes": [
						{"origin": [-5, 0.025, -6.5], "size": [10, 8, 13], "uv": [0, 0]}
					]
				},
				{
					"name": "cheek_left",
					"parent": "torso",
					"pivot": [-4.5, 4.8, 6.1],
					"rotation": [17.96168, -13.05824, -56.8771],
					"cubes": [
						{"origin": [-4.56465, 5.10037, 4.61839], "size": [0, 2, 2], "pivot": [-4.5, 4.8, 6.1], "rotation": [172.25, -83, 180], "uv": [4, 0]},
						{"origin": [-4.56465, 7.10037, 5.11839], "size": [0, 1, 1], "pivot": [-4.5, 4.8, 6.1], "rotation": [172.25, -83, 180], "uv": [2, 0]}
					]
				},
				{
					"name": "cheek_right",
					"parent": "torso",
					"pivot": [4.5, 4.8, 6.1],
					"rotation": [17.96168, 13.05824, 56.8771],
					"cubes": [
						{"origin": [4.56465, 5.10037, 4.61839], "size": [0, 2, 2], "pivot": [4.5, 4.8, 6.1], "rotation": [172.25, 83, -180], "uv": [0, 0]},
						{"origin": [4.56465, 7.10037, 5.11839], "size": [0, 1, 1], "pivot": [4.5, 4.8, 6.1], "rotation": [172.25, 83, -180], "uv": [0, 0]}
					]
				},
				{
					"name": "ear_left",
					"parent": "torso",
					"pivot": [-2.25716, 6.89031, 6.52276],
					"rotation": [-4.75545, -2.74054, -8.2721],
					"cubes": [
						{"origin": [-2.20286, 6.87986, 4.63522], "size": [0, 12, 6], "pivot": [-2.2572, 6.8903, 6.5228], "rotation": [0, -90, 0], "uv": [18, 46]}
					]
				},
				{
					"name": "ear_right",
					"parent": "torso",
					"pivot": [2.25716, 6.89031, 6.52276],
					"rotation": [-4.75545, 2.74054, 8.2721],
					"cubes": [
						{"origin": [2.20286, 6.87986, 4.63522], "size": [0, 12, 6], "pivot": [2.2572, 6.8903, 6.5228], "rotation": [0, 90, 0], "uv": [18, 46], "mirror": true}
					]
				},
				{
					"name": "ear_left2",
					"parent": "torso",
					"pivot": [-4.075, 7.525, 1],
					"rotation": [10.04427, -58.35613, -8.57503],
					"cubes": [
						{"origin": [-4.07273, 7.54963, -1.00363], "size": [0, 6, 4], "pivot": [-4.075, 7.525, 1], "rotation": [172.25, -83, 180], "uv": [40, 42]}
					]
				},
				{
					"name": "ear_right2",
					"parent": "torso",
					"pivot": [4.075, 7.525, 1],
					"rotation": [10.04427, 58.35613, 8.57503],
					"cubes": [
						{"origin": [4.07273, 7.54963, -1.00363], "size": [0, 6, 4], "pivot": [4.075, 7.525, 1], "rotation": [172.25, 83, -180], "uv": [41, 19]}
					]
				},
				{
					"name": "ear_left3",
					"parent": "torso",
					"pivot": [-3.275, 6.75, -2.4],
					"rotation": [22.11022, -40.97096, -22.03998],
					"cubes": [
						{"origin": [-3.27273, 6.77463, -4.40363], "size": [0, 6, 4], "pivot": [-3.275, 6.75, -2.4], "rotation": [172.25, -83, 180], "uv": [32, 42]}
					]
				},
				{
					"name": "ear_right3",
					"parent": "torso",
					"pivot": [3.275, 6.75, -2.4],
					"rotation": [22.11022, 40.97096, 22.03998],
					"cubes": [
						{"origin": [3.27273, 6.77463, -4.40363], "size": [0, 6, 4], "pivot": [3.275, 6.75, -2.4], "rotation": [172.25, 83, -180], "uv": [0, 0]}
					]
				},
				{
					"name": "gills",
					"parent": "torso",
					"pivot": [0, 8.025, -6.5],
					"rotation": [26.25, 0, 0]
				},
				{
					"name": "gill_middle",
					"parent": "gills",
					"pivot": [0, 8.025, -6.5],
					"rotation": [-74.75, 0, 0],
					"cubes": [
						{"origin": [-3, 8.025, -14.5], "size": [6, 0, 8], "uv": [-7, 38]}
					]
				},
				{
					"name": "gill_middle2",
					"parent": "gill_middle",
					"pivot": [0, 8.025, -14.5],
					"cubes": [
						{"origin": [-4.5, 8.025, -21.5], "size": [9, 0, 7], "uv": [7, 39]}
					]
				},
				{
					"name": "gill_left",
					"parent": "gills",
					"pivot": [-1.7, 6.95, -6.5],
					"rotation": [-83.16796, 17.94999, -31.99816],
					"cubes": [
						{"origin": [-4.7, 6.95, -14.5], "size": [6, 0, 8], "uv": [-7, 38]}
					]
				},
				{
					"name": "gill_left2",
					"parent": "gill_left",
					"pivot": [-1.7, 6.95, -14.5],
					"cubes": [
						{"origin": [-6.2, 6.95, -21.5], "size": [9, 0, 7], "uv": [7, 39]}
					]
				},
				{
					"name": "gill_right",
					"parent": "gills",
					"pivot": [1.3, 6.95, -6.5],
					"rotation": [-83.16796, -17.95, 31.9982],
					"cubes": [
						{"origin": [-1.7, 6.95, -14.5], "size": [6, 0, 8], "uv": [-7, 38]}
					]
				},
				{
					"name": "gill_right2",
					"parent": "gill_right",
					"pivot": [1.3, 6.95, -14.5],
					"cubes": [
						{"origin": [-3.2, 6.95, -21.5], "size": [9, 0, 7], "uv": [7, 39]}
					]
				},
				{
					"name": "torso_flap_left",
					"parent": "torso",
					"pivot": [-5, 3.35, -1.5],
					"rotation": [0, 0, -67.75],
					"cubes": [
						{"origin": [-8, 3.35, -6.5], "size": [3, 0, 11], "inflate": 0.01, "uv": [26, 0]}
					]
				},
				{
					"name": "torso_flap_right",
					"parent": "torso",
					"pivot": [5, 3.35, -1.5],
					"rotation": [0, 0, 67.75],
					"cubes": [
						{"origin": [5, 3.35, -6.5], "size": [3, 0, 11], "inflate": 0.01, "uv": [24, 21]}
					]
				},
				{
					"name": "torso_flap_back",
					"parent": "torso",
					"pivot": [0, 3.35, -6.5],
					"rotation": [67.75, 0, 0],
					"cubes": [
						{"origin": [-5, 3.35, -9.5], "size": [10, 0, 3], "uv": [26, 32]}
					]
				},
				{
					"name": "torso_bottom",
					"parent": "body",
					"pivot": [0, 0, 0]
				},
				{
					"name": "torso_bottom_back",
					"parent": "torso_bottom",
					"pivot": [0, 0.025, -6.5],
					"cubes": [
						{"origin": [-5, 0.025, -8.5], "size": [10, 0, 2], "uv": [39, 21]}
					]
				},
				{
					"name": "torso_bottom_front",
					"parent": "torso_bottom",
					"pivot": [0, 0.025, 6.5],
					"cubes": [
						{"origin": [-5, 0.025, 6.5], "size": [10, 0, 2], "uv": [35, 11]}
					]
				},
				{
					"name": "torso_bottom_right",
					"parent": "torso_bottom",
					"pivot": [5, 0.025, 0],
					"cubes": [
						{"origin": [5, 0.025, -6.5], "size": [2, 0, 13], "inflate": 0.01, "uv": [0, 21]}
					]
				},
				{
					"name": "torso_bottom_left",
					"parent": "torso_bottom",
					"pivot": [-5, 0.025, 0],
					"cubes": [
						{"origin": [-7, 0.025, -6.5], "size": [2, 0, 13], "inflate": 0.01, "uv": [20, 0]}
					]
				}
			]
		}
	]
}