{
 "species": "cobblemon:diglord",
 "order": 0,
 "variations": [
   {
     "aspects": [],
     "poser": "cobblemon:diglord",
     "model": "cobblemon:diglord.geo",
     "texture": "cobblemon:textures/pokemon/diglord/diglord.png",
     "layers": [{
		 "name": "emissive",
              "emissive": true,
              "texture": "cobblemon:textures/pokemon/diglord/diglord_emissive.png",
              "translucent": true
	 }]
   },
   {
     "aspects": [
       "shiny"
     ],
     "texture": "cobblemon:textures/pokemon/diglord/diglord_shiny.png",
	 "layers": [{
		 "name": "emissive",
              "emissive": true,
              "texture": "cobblemon:textures/pokemon/diglord/diglord_shiny_emissive.png",
              "translucent": true
	 }]
   }
 ]
}