{
	"format_version": "1.12.0",
	"minecraft:geometry": [
		{
			"description": {
				"identifier": "geometry.komainu",
				"texture_width": 256,
				"texture_height": 256,
				"visible_bounds_width": 8,
				"visible_bounds_height": 5,
				"visible_bounds_offset": [0, 1.5, 0]
			},
			"bones": [
				{
					"name": "komainu",
					"pivot": [0, 0, 0]
				},
				{
					"name": "body",
					"parent": "komainu",
					"pivot": [0, 18, 0]
				},
				{
					"name": "hip",
					"parent": "body",
					"pivot": [0, 18, 14.5],
					"cubes": [
						{"origin": [-9.5, 11, 5.5], "size": [19, 14, 14], "uv": [0, 33]}
					]
				},
				{
					"name": "torso",
					"parent": "hip",
					"pivot": [0, 19.5, 8.5],
					"cubes": [
						{"origin": [-7, 12, -5.5], "size": [14, 12, 14], "uv": [0, 61]}
					]
				},
				{
					"name": "upper_body",
					"parent": "torso",
					"pivot": [0, 21, 0.5],
					"cubes": [
						{"origin": [-10, 9, -15.5], "size": [20, 17, 16], "uv": [0, 0]},
						{"origin": [-6.4984, 22.75, -6.24713], "size": [13, 6, 10], "uv": [72, 0]},
						{"origin": [-7.4984, 24.75, -15.24713], "size": [15, 5, 12], "uv": [56, 61]}
					]
				},
				{
					"name": "neck",
					"parent": "upper_body",
					"pivot": [0, 16.75, -15.5],
					"cubes": [
						{"origin": [-6, 10.25, -20.5], "size": [12, 13, 6], "uv": [0, 87]}
					]
				},
				{
					"name": "mane",
					"parent": "neck",
					"pivot": [3.7016, 17.75, -24.24713]
				},
				{
					"name": "mane_left",
					"parent": "mane",
					"pivot": [3.7016, 17.75, -24.24713]
				},
				{
					"name": "mane_left_middle",
					"parent": "mane_left",
					"pivot": [3.7016, 17.75, -24.24713],
					"rotation": [0, 47.5, 0],
					"cubes": [
						{"origin": [0.7016, 13.25, -24.24713], "size": [5, 9, 10], "uv": [108, 117]}
					]
				},
				{
					"name": "mane_left_middle2",
					"parent": "mane_left_middle",
					"pivot": [5.7016, 17.75, -14.24713],
					"cubes": [
						{"origin": [1.7016, 13.25, -14.24713], "size": [4, 9, 7], "uv": [94, 136]}
					]
				},
				{
					"name": "mane_left_middle3",
					"parent": "mane_left_middle2",
					"pivot": [5.7016, 17.75, -7.24713],
					"cubes": [
						{"origin": [2.7016, 14.25, -7.24713], "size": [3, 7, 7], "uv": [138, 125]}
					]
				},
				{
					"name": "mane_left_middle4",
					"parent": "mane_left_middle3",
					"pivot": [4.7016, 17.75, -0.24713],
					"cubes": [
						{"origin": [3.7016, 15.25, -0.24713], "size": [2, 5, 5], "uv": [148, 0]}
					]
				},
				{
					"name": "mane_left_middle5",
					"parent": "mane_left_middle4",
					"pivot": [5.7016, 17.75, 4.75287],
					"cubes": [
						{"origin": [5.7016, 15.25, 4.75287], "size": [0, 5, 5], "uv": [78, 149]}
					]
				},
				{
					"name": "mane_left_top",
					"parent": "mane_left",
					"pivot": [2.5079, 17.92749, -23.50985],
					"rotation": [0, 47.5, -47.5],
					"cubes": [
						{"origin": [-0.4921, 13.42749, -20.50985], "size": [5, 9, 7], "uv": [24, 122]}
					]
				},
				{
					"name": "mane_left_top2",
					"parent": "mane_left_top",
					"pivot": [4.5079, 17.92749, -13.50985],
					"cubes": [
						{"origin": [0.5079, 13.42749, -13.50985], "size": [4, 9, 7], "uv": [116, 136]}
					]
				},
				{
					"name": "mane_left_top3",
					"parent": "mane_left_top2",
					"pivot": [4.5079, 17.92749, -6.50985],
					"cubes": [
						{"origin": [1.5079, 14.42749, -6.50985], "size": [3, 7, 7], "uv": [138, 139]}
					]
				},
				{
					"name": "mane_left_top4",
					"parent": "mane_left_top3",
					"pivot": [3.5079, 17.92749, 0.49015],
					"cubes": [
						{"origin": [2.5079, 15.42749, 0.49015], "size": [2, 5, 5], "uv": [148, 10]}
					]
				},
				{
					"name": "mane_left_top5",
					"parent": "mane_left_top4",
					"pivot": [4.5079, 17.92749, 5.49015],
					"cubes": [
						{"origin": [4.5079, 15.42749, 5.49015], "size": [0, 5, 5], "uv": [150, 20]}
					]
				},
				{
					"name": "mane_left_bottom",
					"parent": "mane_left",
					"pivot": [2.5079, 17.07251, -23.50985],
					"rotation": [0, 47.5, 47.5],
					"cubes": [
						{"origin": [-0.4921, 12.57251, -20.50985], "size": [5, 9, 7], "uv": [48, 131]}
					]
				},
				{
					"name": "mane_left_bottom2",
					"parent": "mane_left_bottom",
					"pivot": [4.5079, 17.07251, -13.50985],
					"cubes": [
						{"origin": [0.5079, 12.57251, -13.50985], "size": [4, 9, 7], "uv": [24, 138]}
					]
				},
				{
					"name": "mane_left_bottom3",
					"parent": "mane_left_bottom2",
					"pivot": [4.5079, 17.07251, -6.50985],
					"cubes": [
						{"origin": [1.5079, 13.57251, -6.50985], "size": [3, 7, 7], "uv": [0, 140]}
					]
				},
				{
					"name": "mane_left_bottom4",
					"parent": "mane_left_bottom3",
					"pivot": [3.5079, 17.07251, 0.49015],
					"cubes": [
						{"origin": [2.5079, 14.57251, 0.49015], "size": [2, 5, 5], "uv": [148, 37]}
					]
				},
				{
					"name": "mane_left_bottom5",
					"parent": "mane_left_bottom4",
					"pivot": [4.5079, 17.07251, 5.49015],
					"cubes": [
						{"origin": [4.5079, 14.57251, 5.49015], "size": [0, 5, 5], "uv": [88, 152]}
					]
				},
				{
					"name": "mane_left_bottom6",
					"parent": "mane_left",
					"pivot": [0.0079, 17.07251, -26.50985],
					"rotation": [0, 47.5, 90],
					"cubes": [
						{"origin": [-3, 11.5, -23.50985], "size": [5, 11, 7], "uv": [0, 122]}
					]
				},
				{
					"name": "mane_left_bottom7",
					"parent": "mane_left_bottom6",
					"pivot": [2.0079, 17.07251, -16.50985],
					"cubes": [
						{"origin": [-2, 11.5, -16.50985], "size": [4, 11, 7], "uv": [72, 131]}
					]
				},
				{
					"name": "mane_left_bottom8",
					"parent": "mane_left_bottom7",
					"pivot": [2.0079, 17.07251, -9.50985],
					"cubes": [
						{"origin": [-1, 12.5, -9.50985], "size": [3, 9, 7], "uv": [36, 87]}
					]
				},
				{
					"name": "mane_left_bottom9",
					"parent": "mane_left_bottom8",
					"pivot": [1.0079, 17.07251, -2.50985],
					"cubes": [
						{"origin": [0, 13.5, -2.50985], "size": [2, 7, 5], "uv": [102, 21]}
					]
				},
				{
					"name": "mane_left_bottom10",
					"parent": "mane_left_bottom9",
					"pivot": [2.0079, 17.07251, 2.49015],
					"cubes": [
						{"origin": [2, 14.5, 2.49015], "size": [0, 5, 5], "uv": [98, 152]}
					]
				},
				{
					"name": "mane_right",
					"parent": "mane",
					"pivot": [-3.7016, 17.75, -24.24713]
				},
				{
					"name": "mane_right_middle",
					"parent": "mane_right",
					"pivot": [-3.7016, 17.75, -24.24713],
					"rotation": [0, -47.5, 0],
					"cubes": [
						{"origin": [-5.7016, 13.25, -24.24713], "size": [5, 9, 10], "uv": [108, 117], "mirror": true}
					]
				},
				{
					"name": "mane_right_middle2",
					"parent": "mane_right_middle",
					"pivot": [-5.7016, 17.75, -14.24713],
					"cubes": [
						{"origin": [-5.7016, 13.25, -14.24713], "size": [4, 9, 7], "uv": [94, 136], "mirror": true}
					]
				},
				{
					"name": "mane_right_middle3",
					"parent": "mane_right_middle2",
					"pivot": [-5.7016, 17.75, -7.24713],
					"cubes": [
						{"origin": [-5.7016, 14.25, -7.24713], "size": [3, 7, 7], "uv": [138, 125], "mirror": true}
					]
				},
				{
					"name": "mane_right_middle4",
					"parent": "mane_right_middle3",
					"pivot": [-4.7016, 17.75, -0.24713],
					"cubes": [
						{"origin": [-5.7016, 15.25, -0.24713], "size": [2, 5, 5], "uv": [148, 0], "mirror": true}
					]
				},
				{
					"name": "mane_right_middle5",
					"parent": "mane_right_middle4",
					"pivot": [-5.7016, 17.75, 4.75287],
					"cubes": [
						{"origin": [-5.7016, 15.25, 4.75287], "size": [0, 5, 5], "uv": [78, 149], "mirror": true}
					]
				},
				{
					"name": "mane_right_top",
					"parent": "mane_right",
					"pivot": [-2.5079, 17.92749, -23.50985],
					"rotation": [0, -47.5, 47.5],
					"cubes": [
						{"origin": [-4.5079, 13.42749, -20.50985], "size": [5, 9, 7], "uv": [24, 122], "mirror": true}
					]
				},
				{
					"name": "mane_right_top2",
					"parent": "mane_right_top",
					"pivot": [-4.5079, 17.92749, -13.50985],
					"cubes": [
						{"origin": [-4.5079, 13.42749, -13.50985], "size": [4, 9, 7], "uv": [116, 136], "mirror": true}
					]
				},
				{
					"name": "mane_right_top3",
					"parent": "mane_right_top2",
					"pivot": [-4.5079, 17.92749, -6.50985],
					"cubes": [
						{"origin": [-4.5079, 14.42749, -6.50985], "size": [3, 7, 7], "uv": [138, 139], "mirror": true}
					]
				},
				{
					"name": "mane_right_top4",
					"parent": "mane_right_top3",
					"pivot": [-3.5079, 17.92749, 0.49015],
					"cubes": [
						{"origin": [-4.5079, 15.42749, 0.49015], "size": [2, 5, 5], "uv": [148, 10], "mirror": true}
					]
				},
				{
					"name": "mane_right_top5",
					"parent": "mane_right_top4",
					"pivot": [-4.5079, 17.92749, 5.49015],
					"cubes": [
						{"origin": [-4.5079, 15.42749, 5.49015], "size": [0, 5, 5], "uv": [150, 20], "mirror": true}
					]
				},
				{
					"name": "mane_right_bottom",
					"parent": "mane_right",
					"pivot": [-2.5079, 17.07251, -23.50985],
					"rotation": [0, -47.5, -47.5],
					"cubes": [
						{"origin": [-4.5079, 12.57251, -20.50985], "size": [5, 9, 7], "uv": [48, 131], "mirror": true}
					]
				},
				{
					"name": "mane_right_bottom2",
					"parent": "mane_right_bottom",
					"pivot": [-4.5079, 17.07251, -13.50985],
					"cubes": [
						{"origin": [-4.5079, 12.57251, -13.50985], "size": [4, 9, 7], "uv": [24, 138], "mirror": true}
					]
				},
				{
					"name": "mane_right_bottom3",
					"parent": "mane_right_bottom2",
					"pivot": [-4.5079, 17.07251, -6.50985],
					"cubes": [
						{"origin": [-4.5079, 13.57251, -6.50985], "size": [3, 7, 7], "uv": [0, 140], "mirror": true}
					]
				},
				{
					"name": "mane_right_bottom4",
					"parent": "mane_right_bottom3",
					"pivot": [-3.5079, 17.07251, 0.49015],
					"cubes": [
						{"origin": [-4.5079, 14.57251, 0.49015], "size": [2, 5, 5], "uv": [148, 37], "mirror": true}
					]
				},
				{
					"name": "mane_right_bottom5",
					"parent": "mane_right_bottom4",
					"pivot": [-4.5079, 17.07251, 5.49015],
					"cubes": [
						{"origin": [-4.5079, 14.57251, 5.49015], "size": [0, 5, 5], "uv": [88, 152], "mirror": true}
					]
				},
				{
					"name": "head",
					"parent": "neck",
					"pivot": [0, 18.75, -20.5],
					"cubes": [
						{"origin": [-5.5, 13.25, -30.5], "size": [11, 9, 11], "uv": [56, 84]}
					]
				},
				{
					"name": "hair",
					"parent": "head",
					"pivot": [0, 21.77536, -29.17308],
					"rotation": [25, 0, 0],
					"cubes": [
						{"origin": [-3.5, 17.77536, -27.17308], "size": [7, 7, 6], "uv": [134, 75]},
						{"origin": [-2.5, 15.77536, -29.17308], "size": [5, 7, 4], "pivot": [0, 21.27536, -28.67308], "rotation": [45, 0, 0], "uv": [146, 100]}
					]
				},
				{
					"name": "hair2",
					"parent": "hair",
					"pivot": [0, 24.77536, -21.17308],
					"cubes": [
						{"origin": [-3.5, 19.77536, -21.17308], "size": [7, 5, 8], "uv": [70, 118]}
					]
				},
				{
					"name": "hair3",
					"parent": "hair2",
					"pivot": [0, 21.77536, -13.17308],
					"cubes": [
						{"origin": [-2.5, 20.77536, -13.17308], "size": [5, 4, 8], "uv": [134, 88]}
					]
				},
				{
					"name": "hair4",
					"parent": "hair3",
					"pivot": [0, 22.77536, -5.17308],
					"cubes": [
						{"origin": [-1, 22.77536, -1.17308], "size": [2, 2, 3], "uv": [142, 153]},
						{"origin": [-2, 21.77536, -5.17308], "size": [4, 3, 4], "uv": [148, 47]}
					]
				},
				{
					"name": "head_fluff_left",
					"parent": "head",
					"pivot": [7, 16.25, -22.5],
					"rotation": [0, -30, 0],
					"cubes": [
						{"origin": [1.5, 12.25, -26.23205], "size": [7, 2, 0], "pivot": [7, 16.25, -22.5], "rotation": [0, 0, 15], "uv": [72, 31]},
						{"origin": [2.5, 14.25, -26.23205], "size": [7, 3, 0], "pivot": [7, 16.25, -22.5], "rotation": [0, 0, 15], "uv": [66, 57]},
						{"origin": [1, 17.25, -26.23205], "size": [9, 5, 0], "pivot": [7, 16.25, -22.5], "rotation": [0, 0, 15], "uv": [146, 111]}
					]
				},
				{
					"name": "head_fluff_right",
					"parent": "head",
					"pivot": [-7, 16.25, -22.5],
					"rotation": [0, 30, 0],
					"cubes": [
						{"origin": [-8.5, 12.25, -26.23205], "size": [7, 2, 0], "pivot": [-7, 16.25, -22.5], "rotation": [0, 0, -15], "uv": [72, 31], "mirror": true},
						{"origin": [-9.5, 14.25, -26.23205], "size": [7, 3, 0], "pivot": [-7, 16.25, -22.5], "rotation": [0, 0, -15], "uv": [66, 57], "mirror": true},
						{"origin": [-10, 17.25, -26.23205], "size": [9, 5, 0], "pivot": [-7, 16.25, -22.5], "rotation": [0, 0, -15], "uv": [146, 111], "mirror": true}
					]
				},
				{
					"name": "eyes",
					"parent": "head",
					"pivot": [-0.5, -0.2, -8.5]
				},
				{
					"name": "eye_left",
					"parent": "eyes",
					"pivot": [3.75, 18.55, -30],
					"cubes": [
						{"origin": [1.45, 18.05, -30.5], "size": [3, 3, 1], "inflate": 0.01, "uv": [80, 57]},
						{"origin": [1.45, 18.05, -30.5], "size": [2, 2, 1], "inflate": 0.02, "uv": [88, 57]},
						{"origin": [2, 18.75, -30.6], "size": [1, 1, 1], "inflate": 0.02, "uv": [86, 31]}
					]
				},
				{
					"name": "eyelid_left2",
					"parent": "eye_left",
					"pivot": [3.75, 19.65, -30.5]
				},
				{
					"name": "eye_right",
					"parent": "eyes",
					"pivot": [-3.75, 18.55, -30],
					"cubes": [
						{"origin": [-4.45, 18.05, -30.5], "size": [3, 3, 1], "inflate": 0.01, "uv": [80, 57], "mirror": true},
						{"origin": [-3.45, 18.05, -30.5], "size": [2, 2, 1], "inflate": 0.02, "uv": [88, 57], "mirror": true},
						{"origin": [-3, 18.75, -30.6], "size": [1, 1, 1], "inflate": 0.02, "uv": [86, 31], "mirror": true}
					]
				},
				{
					"name": "eyelid_right2",
					"parent": "eye_right",
					"pivot": [-3.75, 19.65, -30.5]
				},
				{
					"name": "eyebrow_right",
					"parent": "head",
					"pivot": [-3.53288, 21.34741, -30.5],
					"rotation": [0, 0, 12.5],
					"cubes": [
						{"origin": [-5.99085, 19.75058, -31], "size": [5, 2, 5], "uv": [48, 122]}
					]
				},
				{
					"name": "eyebrow_left",
					"parent": "head",
					"pivot": [3.53288, 21.34741, -30.5],
					"rotation": [0, 0, -12.5],
					"cubes": [
						{"origin": [0.99085, 19.75058, -31], "size": [5, 2, 5], "uv": [48, 122], "mirror": true}
					]
				},
				{
					"name": "muzzle",
					"parent": "head",
					"pivot": [0, 18.75, -30.5],
					"cubes": [
						{"origin": [-3, 14.25, -35.75], "size": [6, 3, 6], "uv": [110, 75]},
						{"origin": [2.6, 11.25, -32.75], "size": [0, 3, 2], "uv": [100, 118]},
						{"origin": [2.6, 12.25, -35.25], "size": [0, 2, 2], "uv": [94, 57]},
						{"origin": [-2.6, 12.25, -35.25], "size": [0, 2, 2], "uv": [94, 57], "mirror": true},
						{"origin": [-2.6, 11.25, -32.75], "size": [0, 3, 2], "uv": [100, 118], "mirror": true},
						{"origin": [-1.5, 16.25, -36], "size": [3, 2, 6], "pivot": [-0.5, 16.75, -33], "rotation": [12.5, 0, 0], "uv": [46, 147]}
					]
				},
				{
					"name": "jaw",
					"parent": "muzzle",
					"pivot": [0, 14.5, -30.5],
					"cubes": [
						{"origin": [-2.5, 13.25, -34.35], "size": [5, 1, 5], "uv": [118, 15]}
					]
				},
				{
					"name": "ear_right",
					"parent": "head",
					"pivot": [-4.85, 24, -24.65],
					"rotation": [0, -12.5, -25],
					"cubes": [
						{"origin": [-7.6752, 19.68738, -26.96706], "size": [4, 6, 3], "uv": [64, 149]}
					]
				},
				{
					"name": "ear_right2",
					"parent": "head",
					"pivot": [4.85, 24, -24.65],
					"rotation": [0, 12.5, 25],
					"cubes": [
						{"origin": [3.6752, 19.68738, -26.96706], "size": [4, 6, 3], "uv": [64, 149], "mirror": true}
					]
				},
				{
					"name": "ear_left",
					"parent": "head",
					"pivot": [4.85, 24, -24.65],
					"rotation": [0, 12.5, 25]
				},
				{
					"name": "shoulder_right",
					"parent": "upper_body",
					"pivot": [-10, 17.5, -8],
					"cubes": [
						{"origin": [-12.5, 12.5, -12.5], "size": [8, 9, 9], "uv": [36, 104]}
					]
				},
				{
					"name": "arm_right",
					"parent": "shoulder_right",
					"pivot": [-12.5, 21.5, -7.75],
					"cubes": [
						{"origin": [-16, -27, -12], "size": [8, 9, 8], "pivot": [5.5, 0, 0.25], "rotation": [0, 0, 90], "uv": [116, 37]}
					]
				},
				{
					"name": "arm_right2",
					"parent": "arm_right",
					"pivot": [-21.5, 17.5, -4],
					"cubes": [
						{"origin": [-14, -39, -12], "size": [8, 10, 8], "pivot": [7.5, 0, 0.25], "rotation": [0, 0, 90], "uv": [110, 57]}
					]
				},
				{
					"name": "hand_right",
					"parent": "arm_right2",
					"pivot": [-31.5, 17.5, -8.25],
					"cubes": [
						{"origin": [-13.5, -42, -13], "size": [9, 4, 10], "inflate": 0.01, "pivot": [8.5, 0, 0.5], "rotation": [0, 0, 90], "uv": [70, 104]}
					]
				},
				{
					"name": "hand_right2",
					"parent": "hand_right",
					"pivot": [-33.5, 17.5, -13],
					"cubes": [
						{"origin": [-13.5, -42, -17], "size": [9, 4, 4], "pivot": [8.5, 0, 0.5], "rotation": [0, 0, 90], "uv": [138, 117]}
					]
				},
				{
					"name": "thumb_right",
					"parent": "hand_right2",
					"pivot": [-29.5, 13, -15.5]
				},
				{
					"name": "claws_right",
					"parent": "hand_right2",
					"pivot": [8.5, 0, 0.5],
					"cubes": [
						{"origin": [-12.5, -41.5, -21], "size": [2, 2, 4], "pivot": [8.5, 0.5, 0.5], "rotation": [0, 0, 90], "uv": [120, 152], "mirror": true},
						{"origin": [-10.25, -42.2, -21], "size": [2, 2, 4], "pivot": [8.5, -0.2, 0.5], "rotation": [0, 0, 90], "uv": [150, 30], "mirror": true},
						{"origin": [-8, -43, -21], "size": [2, 2, 4], "pivot": [8.5, -1, 0.5], "rotation": [0, 0, 90], "uv": [108, 152], "mirror": true}
					]
				},
				{
					"name": "shoulder_left",
					"parent": "upper_body",
					"pivot": [10, 17.5, -8],
					"cubes": [
						{"origin": [4.5, 12.5, -12.5], "size": [8, 9, 9], "uv": [36, 104], "mirror": true}
					]
				},
				{
					"name": "arm_left",
					"parent": "shoulder_left",
					"pivot": [12.5, 21.5, -7.75],
					"cubes": [
						{"origin": [8, -27, -12], "size": [8, 9, 8], "pivot": [-5.5, 0, 0.25], "rotation": [0, 0, -90], "uv": [116, 37], "mirror": true}
					]
				},
				{
					"name": "arm_left2",
					"parent": "arm_left",
					"pivot": [21.5, 17.5, -4],
					"cubes": [
						{"origin": [6, -39, -12], "size": [8, 10, 8], "pivot": [-7.5, 0, 0.25], "rotation": [0, 0, -90], "uv": [110, 57], "mirror": true}
					]
				},
				{
					"name": "hand_left",
					"parent": "arm_left2",
					"pivot": [31.5, 17.5, -8.25],
					"cubes": [
						{"origin": [4.5, -42, -13], "size": [9, 4, 10], "inflate": 0.01, "pivot": [-8.5, 0, 0.5], "rotation": [0, 0, -90], "uv": [70, 104], "mirror": true}
					]
				},
				{
					"name": "hand_left2",
					"parent": "hand_left",
					"pivot": [33.5, 17.5, -13],
					"cubes": [
						{"origin": [4.5, -42, -17], "size": [9, 4, 4], "pivot": [-8.5, 0, 0.5], "rotation": [0, 0, -90], "uv": [138, 117], "mirror": true}
					]
				},
				{
					"name": "thumb_left",
					"parent": "hand_left2",
					"pivot": [29.5, 13, -15.5]
				},
				{
					"name": "claws_left",
					"parent": "hand_left2",
					"pivot": [-8.5, 0, 0.5],
					"cubes": [
						{"origin": [10.5, -41.5, -21], "size": [2, 2, 4], "pivot": [-8.5, 0.5, 0.5], "rotation": [0, 0, -90], "uv": [120, 152]},
						{"origin": [8.25, -42.2, -21], "size": [2, 2, 4], "pivot": [-8.5, -0.2, 0.5], "rotation": [0, 0, -90], "uv": [150, 30]},
						{"origin": [6, -43, -21], "size": [2, 2, 4], "pivot": [-8.5, -1, 0.5], "rotation": [0, 0, -90], "uv": [108, 152]}
					]
				},
				{
					"name": "tail",
					"parent": "hip",
					"pivot": [0, 23.5, 19],
					"cubes": [
						{"origin": [-3.5, 16.5, 17.5], "size": [7, 6, 10], "uv": [0, 106]}
					]
				},
				{
					"name": "tail2",
					"parent": "tail",
					"pivot": [0, 19.5, 24.5],
					"cubes": [
						{"origin": [-5.5, 14.5, 24.5], "size": [11, 10, 14], "uv": [66, 33]}
					]
				},
				{
					"name": "tail3",
					"parent": "tail2",
					"pivot": [0, 19.5, 38.5],
					"cubes": [
						{"origin": [-3.5, 16.5, 35.5], "size": [7, 6, 10], "uv": [116, 21]}
					]
				},
				{
					"name": "tail4",
					"parent": "tail3",
					"pivot": [0, 19.5, 45.5],
					"cubes": [
						{"origin": [-2, 17.5, 44.5], "size": [4, 4, 6], "uv": [142, 61]}
					]
				},
				{
					"name": "leg_right_rotate",
					"parent": "body",
					"pivot": [-8.5, 18.65, 14]
				},
				{
					"name": "thigh_right",
					"parent": "leg_right_rotate",
					"pivot": [-8.5, 18.65, 14.5],
					"cubes": [
						{"origin": [-15.5, 10.65, 9.5], "size": [8, 11, 9], "uv": [100, 84]},
						{"origin": [-15, 8.65, 9.75], "size": [7, 2, 8], "uv": [72, 21]}
					]
				},
				{
					"name": "leg_right",
					"parent": "thigh_right",
					"pivot": [-11.5, 8.65, 9.75],
					"cubes": [
						{"origin": [-15, 1.65, 9.75], "size": [7, 7, 8], "uv": [118, 0]}
					]
				},
				{
					"name": "foot_right",
					"parent": "leg_right",
					"pivot": [-11.5, 3.15, 13.75],
					"cubes": [
						{"origin": [-16.5, -0.85, 9.5], "size": [10, 4, 9], "inflate": 0.01, "uv": [108, 104]}
					]
				},
				{
					"name": "foot_right2",
					"parent": "foot_right",
					"pivot": [-11.5, -0.85, 9.5],
					"cubes": [
						{"origin": [-16.5, -0.85, 6.5], "size": [10, 4, 3], "uv": [142, 54]}
					]
				},
				{
					"name": "foot_claws_right",
					"parent": "foot_right2",
					"pivot": [-11, 3.15, 6.5],
					"cubes": [
						{"origin": [-16, -0.85, 3.5], "size": [2, 2, 3], "uv": [94, 131], "mirror": true},
						{"origin": [-12.5, -0.85, 3.5], "size": [2, 2, 3], "uv": [138, 15], "mirror": true},
						{"origin": [-9, -0.85, 3.5], "size": [2, 2, 3], "uv": [132, 153], "mirror": true}
					]
				},
				{
					"name": "thigh_left",
					"parent": "leg_right_rotate",
					"pivot": [8.5, 18.65, 14.5],
					"cubes": [
						{"origin": [7.5, 10.65, 9.5], "size": [8, 11, 9], "uv": [100, 84], "mirror": true},
						{"origin": [8, 8.65, 9.75], "size": [7, 2, 8], "uv": [72, 21], "mirror": true}
					]
				},
				{
					"name": "leg_left",
					"parent": "thigh_left",
					"pivot": [11.5, 8.65, 9.75],
					"cubes": [
						{"origin": [8, 1.65, 9.75], "size": [7, 7, 8], "uv": [118, 0], "mirror": true}
					]
				},
				{
					"name": "foot_left",
					"parent": "leg_left",
					"pivot": [11.5, 3.15, 13.75],
					"cubes": [
						{"origin": [6.5, -0.85, 9.5], "size": [10, 4, 9], "inflate": 0.01, "uv": [108, 104], "mirror": true}
					]
				},
				{
					"name": "foot_left2",
					"parent": "foot_left",
					"pivot": [11.5, -0.85, 9.5],
					"cubes": [
						{"origin": [6.5, -0.85, 6.5], "size": [10, 4, 3], "uv": [142, 54], "mirror": true}
					]
				},
				{
					"name": "foot_claws_left",
					"parent": "foot_left2",
					"pivot": [11, 3.15, 6.5],
					"cubes": [
						{"origin": [14, -0.85, 3.5], "size": [2, 2, 3], "uv": [94, 131]},
						{"origin": [10.5, -0.85, 3.5], "size": [2, 2, 3], "uv": [138, 15]},
						{"origin": [7, -0.85, 3.5], "size": [2, 2, 3], "uv": [132, 153]}
					]
				},
				{
					"name": "leg_left_rotate",
					"parent": "body",
					"pivot": [8.5, 18.65, 14]
				}
			]
		}
	]
}