{
	"format_version": "1.12.0",
	"minecraft:geometry": [
		{
			"description": {
				"identifier": "geometry.torracat",
				"texture_width": 128,
				"texture_height": 64,
				"visible_bounds_width": 5,
				"visible_bounds_height": 4.5,
				"visible_bounds_offset": [0, 1.75, 0]
			},
			"bones": [
				{
					"name": "torracat",
					"pivot": [0, 0, 0]
				},
				{
					"name": "body",
					"parent": "torracat",
					"pivot": [0, 14, 0]
				},
				{
					"name": "hips",
					"parent": "body",
					"pivot": [0, 14, 6.5],
					"cubes": [
						{"origin": [-4, 10, 2], "size": [8, 7, 7], "inflate": 0.01, "uv": [0, 34]}
					]
				},
				{
					"name": "torso",
					"parent": "hips",
					"pivot": [0, 13.5, 2],
					"cubes": [
						{"origin": [-4, 10.5, -4.5], "size": [8, 6, 8], "uv": [24, 26]}
					]
				},
				{
					"name": "chest",
					"parent": "torso",
					"pivot": [0, 13.5, -2.5],
					"cubes": [
						{"origin": [-4.5, 10, -9.5], "size": [9, 7, 7], "inflate": 0.01, "uv": [0, 20]},
						{"origin": [-1, 15, -5.5], "size": [2, 2, 3], "inflate": 0.02, "uv": [0, 48]}
					]
				},
				{
					"name": "orb",
					"parent": "chest",
					"pivot": [0, 12.5, -11.1],
					"cubes": [
						{"origin": [-1, 11.5, -12.1], "size": [2, 2, 2], "uv": [48, 30]},
						{"origin": [-1.5, 11, -9.6], "size": [3, 3, -3], "uv": [124, 64], "mirror": true}
					]
				},
				{
					"name": "orb_fire_right",
					"parent": "orb",
					"pivot": [0, 11.5, -11.1],
					"cubes": [
						{"origin": [-6, 10.5, -11.1], "size": [6, 5, 0], "uv": [42, 53], "mirror": true}
					]
				},
				{
					"name": "orb_fire_left",
					"parent": "orb",
					"pivot": [0, 11.5, -11.1],
					"cubes": [
						{"origin": [0, 10.5, -11.1], "size": [6, 5, 0], "uv": [30, 53]}
					]
				},
				{
					"name": "neck",
					"parent": "chest",
					"pivot": [0, 14, -7],
					"cubes": [
						{"origin": [-3, 12, -9.5], "size": [6, 8, 5], "uv": [30, 40]}
					]
				},
				{
					"name": "head",
					"parent": "neck",
					"pivot": [0, 19.5, -7.75]
				},
				{
					"name": "head_correction",
					"parent": "head",
					"pivot": [0, 19.5, -7.75]
				},
				{
					"name": "head_ai",
					"parent": "head_correction",
					"pivot": [0, 19.5, -7.75]
				},
				{
					"name": "head_angle",
					"parent": "head_ai",
					"pivot": [0, 19.5, -7.75],
					"cubes": [
						{"origin": [-6, 17.5, -13.5], "size": [12, 10, 10], "uv": [0, 0]},
						{"origin": [-0.5, 21.5, -13.5], "size": [1, 1, 0], "inflate": 0.01, "uv": [8, 9]},
						{"origin": [-6, 20, -13.5], "size": [5, 4, 1], "inflate": 0.01, "uv": [104, 31], "mirror": true},
						{"origin": [1, 20, -13.5], "size": [5, 4, 1], "inflate": 0.01, "uv": [91, 31]}
					]
				},
				{
					"name": "bone2",
					"parent": "head_angle",
					"pivot": [-4, 27.25, -11.75]
				},
				{
					"name": "bone10",
					"parent": "bone2",
					"pivot": [-4, 27.25, -11.75],
					"cubes": [
						{"origin": [-5, 27.25, -13.25], "size": [1, 3, 2], "uv": [56, 59]}
					]
				},
				{
					"name": "bone9",
					"parent": "bone10",
					"pivot": [-4, 30.25, -11.75],
					"cubes": [
						{"origin": [-5, 30.25, -13.25], "size": [1, 3, 2], "uv": [48, 59]}
					]
				},
				{
					"name": "bone8",
					"parent": "bone9",
					"pivot": [-4, 33.25, -11.75],
					"cubes": [
						{"origin": [-6, 33.25, -13.75], "size": [3, 3, 3], "uv": [56, 52]}
					]
				},
				{
					"name": "bone3",
					"parent": "head_angle",
					"pivot": [5, 27.25, -11.75]
				},
				{
					"name": "bone5",
					"parent": "bone3",
					"pivot": [5, 27.25, -11.25],
					"cubes": [
						{"origin": [4, 27.25, -13.25], "size": [1, 3, 2], "uv": [76, 57]}
					]
				},
				{
					"name": "bone6",
					"parent": "bone5",
					"pivot": [5, 30.25, -11.25],
					"cubes": [
						{"origin": [4, 30.25, -13.25], "size": [1, 3, 2], "uv": [68, 57]}
					]
				},
				{
					"name": "bone7",
					"parent": "bone6",
					"pivot": [5, 33.25, -11.75],
					"cubes": [
						{"origin": [3, 33.25, -13.75], "size": [3, 3, 3], "uv": [72, 50]}
					]
				},
				{
					"name": "eyes",
					"parent": "head_angle",
					"pivot": [1, 3, -5.75]
				},
				{
					"name": "eye_right_normal",
					"parent": "eyes",
					"pivot": [-3.25, 22, -13],
					"rotation": [0, 0, 2.5],
					"cubes": [
						{"origin": [-5.5, 20.5, -13.5], "size": [4, 3, 0], "inflate": 0.02, "uv": [120, 23]}
					]
				},
				{
					"name": "pupil_right_normal",
					"parent": "eye_right_normal",
					"pivot": [-2.75, 22.35, -13.5],
					"cubes": [
						{"origin": [-3.25, 20.85, -13.5], "size": [1, 3, 0], "inflate": 0.03, "uv": [8, 6]}
					]
				},
				{
					"name": "eye_left_normal",
					"parent": "eyes",
					"pivot": [3.25, 22, -13],
					"rotation": [0, 0, -2.5],
					"cubes": [
						{"origin": [1.5, 20.5, -13.5], "size": [4, 3, 0], "inflate": 0.02, "uv": [68, 23]}
					]
				},
				{
					"name": "pupil_left_normal",
					"parent": "eye_left_normal",
					"pivot": [2.75, 22.35, -13.5],
					"cubes": [
						{"origin": [2.25, 20.85, -13.5], "size": [1, 3, 0], "inflate": 0.03, "uv": [4, 20]}
					]
				},
				{
					"name": "eyelid_right",
					"parent": "eyes",
					"pivot": [3.4, 22, -12.9],
					"cubes": [
						{"origin": [0.9, 20, -13.4], "size": [5, 4, 1], "inflate": 0.04, "uv": [91, 36]}
					]
				},
				{
					"name": "eyelid_left",
					"parent": "eyes",
					"pivot": [-3.4, 22, -12.9],
					"cubes": [
						{"origin": [-5.9, 20, -13.4], "size": [5, 4, 1], "inflate": 0.04, "uv": [91, 41], "mirror": true}
					]
				},
				{
					"name": "eyebrow_right",
					"parent": "head_angle",
					"pivot": [0, 24, -13],
					"cubes": [
						{"origin": [-6, 23.5, -13.5], "size": [6, 1, 2], "inflate": 0.05, "uv": [85, 53], "mirror": true}
					]
				},
				{
					"name": "eyebrow_left",
					"parent": "head_angle",
					"pivot": [0, 24, -13],
					"cubes": [
						{"origin": [0, 23.5, -13.5], "size": [6, 1, 2], "inflate": 0.05, "uv": [85, 57]}
					]
				},
				{
					"name": "whisker_top_right1",
					"parent": "head_angle",
					"pivot": [-6, 20, -10.5],
					"cubes": [
						{"origin": [-13, 18.5, -10.5], "size": [8, 3, 0], "uv": [74, 16]}
					]
				},
				{
					"name": "whisker_top_right2",
					"parent": "head_angle",
					"pivot": [-5.5, 17.75, -10.5],
					"cubes": [
						{"origin": [-10.25, 16.75, -10.5], "size": [5, 2, 0], "inflate": 0.01, "uv": [62, 8]}
					]
				},
				{
					"name": "whisker_bottom_right",
					"parent": "head_angle",
					"pivot": [-5.25, 17.5, -10.5],
					"cubes": [
						{"origin": [-6.25, 14.75, -10.5], "size": [2, 3, 0], "uv": [0, 38]}
					]
				},
				{
					"name": "whisker_top_left1",
					"parent": "head_angle",
					"pivot": [6, 20, -10.5],
					"cubes": [
						{"origin": [5, 18.5, -10.5], "size": [8, 3, 0], "uv": [58, 49]}
					]
				},
				{
					"name": "whisker_top_left2",
					"parent": "head_angle",
					"pivot": [5.5, 17.75, -10.5],
					"cubes": [
						{"origin": [5.25, 16.75, -10.5], "size": [5, 2, 0], "inflate": 0.01, "uv": [60, 21]}
					]
				},
				{
					"name": "whisker_bottom_left",
					"parent": "head_angle",
					"pivot": [5.25, 17.5, -10.5],
					"cubes": [
						{"origin": [4.25, 14.75, -10.5], "size": [2, 3, 0], "uv": [37, 20]}
					]
				},
				{
					"name": "head_spike1",
					"parent": "head_angle",
					"pivot": [0, 27.5, -13.5],
					"cubes": [
						{"origin": [-2, 27.5, -13.5], "size": [4, 3, 0], "uv": [74, 12]}
					]
				},
				{
					"name": "head_spike2",
					"parent": "head_spike1",
					"pivot": [0, 30.5, -13.5],
					"cubes": [
						{"origin": [-2, 30.5, -13.5], "size": [4, 3, 0], "uv": [52, 44]}
					]
				},
				{
					"name": "head_spike3",
					"parent": "head_spike2",
					"pivot": [0, 33.5, -13.5],
					"cubes": [
						{"origin": [-2, 33.5, -13.5], "size": [4, 4, 0], "uv": [48, 26]}
					]
				},
				{
					"name": "head_spike4",
					"parent": "head_spike3",
					"pivot": [0, 37.5, -13.5],
					"cubes": [
						{"origin": [-2, 37.5, -13.5], "size": [4, 4, 0], "uv": [12, 48]}
					]
				},
				{
					"name": "ear_right1",
					"parent": "head_angle",
					"pivot": [-4.5, 27.5, -9],
					"cubes": [
						{"origin": [-7, 26.25, -9], "size": [5, 7, 0], "uv": [118, 7]}
					]
				},
				{
					"name": "ear_right2",
					"parent": "ear_right1",
					"pivot": [-4.5, 33.25, -9],
					"cubes": [
						{"origin": [-7, 33.25, -9], "size": [5, 3, 0], "uv": [104, 17]}
					]
				},
				{
					"name": "ear_left1",
					"parent": "head_angle",
					"pivot": [4.5, 27.5, -9],
					"cubes": [
						{"origin": [2, 26.25, -9], "size": [5, 7, 0], "uv": [64, 33]}
					]
				},
				{
					"name": "ear_left2",
					"parent": "ear_left1",
					"pivot": [4.5, 33.25, -9],
					"cubes": [
						{"origin": [2, 33.25, -9], "size": [5, 3, 0], "uv": [0, 0]}
					]
				},
				{
					"name": "muzzle",
					"parent": "head_angle",
					"pivot": [0, 20.9, -13.4],
					"rotation": [7.5, 0, 0],
					"cubes": [
						{"origin": [-2.5, 17.9, -14.4], "size": [5, 3, 1], "uv": [74, 19]},
						{"origin": [-1, 19.9, -14.4], "size": [2, 1, 0], "inflate": 0.02, "uv": [37, 25]}
					]
				},
				{
					"name": "mouth",
					"parent": "muzzle",
					"pivot": [2.5, 2.65, -15.65]
				},
				{
					"name": "mouth_closed",
					"parent": "mouth",
					"pivot": [0, 18.75, -14.4],
					"cubes": [
						{"origin": [-2.5, 18, -14.4], "size": [5, 1, 0], "inflate": 0.02, "uv": [0, 54]},
						{"origin": [-2.5, 18.5, -14.4], "size": [5, 1, 0], "inflate": 0.02, "uv": [0, 53]}
					]
				},
				{
					"name": "mouth_closed_tooth_right",
					"parent": "mouth_closed",
					"pivot": [-1.65, 18.45, -14.4],
					"cubes": [
						{"origin": [-2.25, 18.05, -14.4], "size": [1, 1, 0], "inflate": 0.01, "pivot": [-1.75, 18.55, -14.4], "rotation": [0, 0, 45], "uv": [74, 34]}
					]
				},
				{
					"name": "mouth_closed_tooth_left",
					"parent": "mouth_closed",
					"pivot": [1.75, 18.55, -14.4],
					"cubes": [
						{"origin": [1.25, 18.05, -14.4], "size": [1, 1, 0], "inflate": 0.01, "pivot": [1.75, 18.55, -14.4], "rotation": [0, 0, 45], "uv": [74, 33], "mirror": true}
					]
				},
				{
					"name": "mouth_smug",
					"parent": "mouth",
					"pivot": [0, 18.7, -13.4],
					"rotation": [0, 0, -2.5],
					"cubes": [
						{"origin": [-2.5, 17.7, -13.4], "size": [5, 2, 0], "inflate": 0.02, "uv": [0, 55]}
					]
				},
				{
					"name": "mouth_smug_tooth",
					"parent": "mouth_smug",
					"pivot": [1.775, 19, -13.4],
					"cubes": [
						{"origin": [1.275, 18.35, -13.4], "size": [1, 1, 0], "inflate": 0.01, "pivot": [1.775, 18.85, -13.4], "rotation": [0, 0, 45], "uv": [74, 32], "mirror": true}
					]
				},
				{
					"name": "mouth_angry",
					"parent": "mouth",
					"pivot": [0, 18.7, -13.4],
					"cubes": [
						{"origin": [-1.5, 17.7, -13.4], "size": [3, 2, 1], "inflate": 0.02, "uv": [0, 57]}
					]
				},
				{
					"name": "mouth_open",
					"parent": "mouth",
					"pivot": [0.5, 18.7, -13.4],
					"cubes": [
						{"origin": [-2.5, 17.7, -13.4], "size": [5, 2, 1], "inflate": 0.01, "uv": [0, 61]},
						{"origin": [-2.5, 17.8, -13.4], "size": [5, 2, 1], "inflate": 0.03, "uv": [12, 61]},
						{"origin": [-1.7, 18.5, -13.4], "size": [1, 1, 0], "inflate": 0.02, "pivot": [-1.2, 19, -13.375], "rotation": [0, 0, 42.5], "uv": [0, 60]},
						{"origin": [0.7, 18.5, -13.4], "size": [1, 1, 0], "inflate": 0.02, "pivot": [1.2, 19, -13.375], "rotation": [0, 0, -42.5], "uv": [2, 60], "mirror": true}
					]
				},
				{
					"name": "tail1",
					"parent": "hips",
					"pivot": [0, 15.85, 8.25],
					"cubes": [
						{"origin": [-1, 14.85, 7.75], "size": [2, 2, 4], "uv": [86, 16]}
					]
				},
				{
					"name": "tail2",
					"parent": "tail1",
					"pivot": [0, 15.85, 10.75],
					"cubes": [
						{"origin": [-1.5, 14.35, 10.75], "size": [3, 3, 4], "uv": [112, 0]}
					]
				},
				{
					"name": "tail3",
					"parent": "tail2",
					"pivot": [-0.5, 16.35, 13.75],
					"cubes": [
						{"origin": [-2, 13.85, 13.75], "size": [4, 4, 5], "uv": [51, 35]}
					]
				},
				{
					"name": "tail4",
					"parent": "tail3",
					"pivot": [0, 15.85, 17.75],
					"cubes": [
						{"origin": [-2.5, 13.35, 17.75], "size": [5, 5, 4], "uv": [73, 23]}
					]
				},
				{
					"name": "bone",
					"parent": "tail4",
					"pivot": [-2, 14.35, 23.75],
					"cubes": [
						{"origin": [-3, 13.35, 21.76], "size": [6, 6, 6], "uv": [104, 42]}
					]
				},
				{
					"name": "bone4",
					"parent": "bone",
					"pivot": [-1.5, 13.35, 22.75],
					"cubes": [
						{"origin": [-2.5, 12.35, 21.76], "size": [5, 1, 5], "uv": [99, 58]},
						{"origin": [2.5, 13.35, 21.76], "size": [0, 1, 5], "uv": [86, 58]},
						{"origin": [-2.5, 13.35, 21.76], "size": [0, 1, 5], "uv": [75, 58]},
						{"origin": [-2.5, 13.35, 21.76], "size": [5, 1, 0], "uv": [64, 63]}
					]
				},
				{
					"name": "leg_front_right1",
					"parent": "body",
					"pivot": [-3.75, 14, -6.5],
					"cubes": [
						{"origin": [-5.75, 7.5, -8.5], "size": [4, 8, 4], "inflate": 0.01, "uv": [44, 14]}
					]
				},
				{
					"name": "leg_front_right2",
					"parent": "leg_front_right1",
					"pivot": [-3.75, 7.5, -5],
					"cubes": [
						{"origin": [-5.75, 0.5, -8], "size": [4, 7, 3], "uv": [57, 23]}
					]
				},
				{
					"name": "leg_front_right3",
					"parent": "leg_front_right2",
					"pivot": [-3.75, 1, -6],
					"cubes": [
						{"origin": [-5.75, -0.75, -6.75], "size": [4, 2, 2], "inflate": 0.01, "uv": [116, 19]}
					]
				},
				{
					"name": "leg_front_right4",
					"parent": "leg_front_right3",
					"pivot": [-3.75, 1.25, -6.75],
					"cubes": [
						{"origin": [-6.25, -0.75, -9.75], "size": [5, 2, 3], "inflate": 0.01, "uv": [56, 0]},
						{"origin": [-2.6, -0.75, -9.15], "size": [1, 0, 1], "inflate": 0.02, "uv": [4, 3]},
						{"origin": [-4.25, -0.75, -9.55], "size": [1, 0, 1], "inflate": 0.02, "uv": [2, 3]},
						{"origin": [-5.9, -0.75, -9.15], "size": [1, 0, 1], "inflate": 0.02, "uv": [0, 3]}
					]
				},
				{
					"name": "claws_front_right",
					"parent": "leg_front_right4",
					"pivot": [-3.75, 1.25, -9.75],
					"cubes": [
						{"origin": [-1.75, -0.75, -11.75], "size": [0, 2, 2], "uv": [0, 22]},
						{"origin": [-3.75, -0.75, -11.75], "size": [0, 2, 2], "uv": [0, 20]},
						{"origin": [-5.75, -0.75, -11.75], "size": [0, 2, 2], "uv": [0, 18]}
					]
				},
				{
					"name": "leg_front_left1",
					"parent": "body",
					"pivot": [3.75, 14, -6.5],
					"cubes": [
						{"origin": [1.75, 7.5, -8.5], "size": [4, 8, 4], "inflate": 0.01, "uv": [72, 0]}
					]
				},
				{
					"name": "leg_front_left2",
					"parent": "leg_front_left1",
					"pivot": [3.75, 7.5, -5],
					"cubes": [
						{"origin": [1.75, 0.5, -8], "size": [4, 7, 3], "uv": [60, 11]}
					]
				},
				{
					"name": "leg_front_left3",
					"parent": "leg_front_left2",
					"pivot": [3.75, 1, -6],
					"cubes": [
						{"origin": [1.75, -0.75, -6.75], "size": [4, 2, 2], "inflate": 0.01, "uv": [89, 12]}
					]
				},
				{
					"name": "leg_front_left4",
					"parent": "leg_front_left3",
					"pivot": [3.75, 1.25, -6.75],
					"cubes": [
						{"origin": [1.25, -0.75, -9.75], "size": [5, 2, 3], "inflate": 0.01, "uv": [58, 44]},
						{"origin": [1.6, -0.75, -9.15], "size": [1, 0, 1], "inflate": 0.02, "uv": [7, 5]},
						{"origin": [3.25, -0.75, -9.55], "size": [1, 0, 1], "inflate": 0.02, "uv": [7, 4]},
						{"origin": [4.9, -0.75, -9.15], "size": [1, 0, 1], "inflate": 0.02, "uv": [6, 3]}
					]
				},
				{
					"name": "claws_front_left",
					"parent": "leg_front_left4",
					"pivot": [3.75, 1.25, -9.75],
					"cubes": [
						{"origin": [1.75, -0.75, -11.75], "size": [0, 2, 2], "uv": [0, 34]},
						{"origin": [3.75, -0.75, -11.75], "size": [0, 2, 2], "uv": [0, 32]},
						{"origin": [5.75, -0.75, -11.75], "size": [0, 2, 2], "uv": [25, 23]}
					]
				},
				{
					"name": "leg_back_right1",
					"parent": "body",
					"pivot": [-3.5, 14, 5.5],
					"cubes": [
						{"origin": [-5, 7.5, 2.5], "size": [3, 8, 6], "inflate": 0.01, "uv": [44, 0]}
					]
				},
				{
					"name": "leg_back_right2",
					"parent": "leg_back_right1",
					"pivot": [-3.5, 8.25, 8.5],
					"cubes": [
						{"origin": [-5, -0.25, 6], "size": [3, 9, 3], "uv": [88, 0]}
					]
				},
				{
					"name": "leg_back_right3",
					"parent": "leg_back_right2",
					"pivot": [-3.5, 0.25, 7.5],
					"cubes": [
						{"origin": [-5, -1.25, 5.5], "size": [3, 2, 3], "inflate": 0.01, "uv": [100, 0]}
					]
				},
				{
					"name": "leg_back_left1",
					"parent": "body",
					"pivot": [3.5, 14, 5.5],
					"cubes": [
						{"origin": [2, 7.5, 2.5], "size": [3, 8, 6], "inflate": 0.01, "uv": [92, 17]}
					]
				},
				{
					"name": "leg_back_left2",
					"parent": "leg_back_left1",
					"pivot": [3.5, 8.25, 8.5],
					"cubes": [
						{"origin": [2, -0.25, 6], "size": [3, 9, 3], "uv": [101, 5]}
					]
				},
				{
					"name": "leg_back_left3",
					"parent": "leg_back_left2",
					"pivot": [3.5, 0.25, 7.5],
					"cubes": [
						{"origin": [2, -1.25, 5.5], "size": [3, 2, 3], "inflate": 0.01, "uv": [116, 14]}
					]
				}
			]
		}
	]
}