{
  "head": "head",
  "portraitScale": 1.3,
  "portraitTranslation": [ 0.1, 0.3, 0 ],
  "profileScale": 1,
  "profileTranslation": [ 0, 0.3, 0 ],
  "rootBone": "main",
  
  "poses": {
    "battle-standing": {
      "poseTypes": [ "STAND" ],
      "isBattle": true,
      "animations": [
        "q.look('head')",
        "q.bedrock('labink', 'air_idle')"
      ]
    },
    "walking": {
        "poseName": "walking",
        "transformTicks": 10,
        "poseTypes": [ "WALK" ],
        "animations": [ "bedrock(labink, air_walk)" ],
        "quirks": ["q.bedrock_quirk('labink', 'blink')"]
      }
    }
   }