{
	"format_version": "1.8.0",
	"animations": {
		"animation.arctosyrin_fetus.sleep": {
			"loop": true,
			"bones": {
				"body": {
					"rotation": ["-36+math.sin(q.anim_time*90*0.5-180)*3", "13+math.sin(q.anim_time*90*0.75-60)*-2", "-15+math.sin(q.anim_time*90*1)*1"],
					"position": ["-0.75+math.sin(q.anim_time*90*0.25)*0.2", "1.25+math.sin(q.anim_time*90*0.5-45)*0.8", "1+math.sin(q.anim_time*90*0.25-90)*0.1"]
				},
				"leg_front_right": {
					"rotation": ["math.sin(q.anim_time*90*0.5-140)*-6", -25, 0]
				},
				"leg_back_right": {
					"rotation": ["math.sin(q.anim_time*90*0.5-210)*-6", -25, 0]
				},
				"leg_front_left": {
					"rotation": ["math.sin(q.anim_time*90*0.5-120)*-6", 25, 0]
				},
				"leg_back_left": {
					"rotation": ["math.sin(q.anim_time*90*0.5-180)*-6", 25, 0]
				},
				"tail": {
					"rotation": ["-30+math.sin(q.anim_time*90*0.5-210)*-6", 0, 0]
				},
				"head": {
					"rotation": ["60+math.sin(q.anim_time*90*0.5-20)*9", 0, 5]
				},
				"neck": {
					"rotation": ["18+math.sin(q.anim_time*90*0.5-210)*4", -17, 3.5]
				},
				"neck3": {
					"rotation": ["40+math.sin(q.anim_time*90*0.5-310)*6", -4, 4]
				},
				"fin_right": {
					"rotation": [0, "-20+math.sin(q.anim_time*90*0.5-30)*-12", 0]
				},
				"fin_left": {
					"rotation": [0, "20+math.sin(q.anim_time*90*0.5-30)*15", 0]
				},
				"tail2": {
					"rotation": ["-30+math.sin(q.anim_time*90*0.5-250)*-9", 0, 0]
				},
				"neck2": {
					"rotation": ["30+math.sin(q.anim_time*90*0.5-260)*5", 0, 2]
				}
			}
		},
		"animation.arctosyrin_fetus.quirk": {
			"animation_length": 5.16667,
			"bones": {
				"body": {
					"rotation": {
						"0.0": {
							"post": [0, 0, 0],
							"lerp_mode": "catmullrom"
						},
						"1.7917": {
							"post": [5, 0, 0],
							"lerp_mode": "catmullrom"
						},
						"3.125": {
							"post": [5, 0, 0],
							"lerp_mode": "catmullrom"
						},
						"4.875": [0, 0, 0]
					}
				},
				"neck": {
					"rotation": {
						"0.0": {
							"post": [0, 0, 0],
							"lerp_mode": "catmullrom"
						},
						"0.375": {
							"post": [0, 0, 0],
							"lerp_mode": "catmullrom"
						},
						"1.0833": {
							"post": [-2, 0, 0],
							"lerp_mode": "catmullrom"
						},
						"2.125": {
							"post": [-2, 0, 0],
							"lerp_mode": "catmullrom"
						},
						"2.875": {
							"post": [-2, 0, 0],
							"lerp_mode": "catmullrom"
						},
						"3.0833": {
							"post": [-0.43, 0, 0],
							"lerp_mode": "catmullrom"
						},
						"4.5": [0, 0, 0]
					}
				},
				"neck2": {
					"rotation": {
						"0.0": {
							"post": [0, 0, 0],
							"lerp_mode": "catmullrom"
						},
						"0.4167": {
							"post": [0, 0, 0],
							"lerp_mode": "catmullrom"
						},
						"1.4583": {
							"post": [-9, 0, 0],
							"lerp_mode": "catmullrom"
						},
						"2.4583": {
							"post": [-9, 0, 0],
							"lerp_mode": "catmullrom"
						},
						"3.125": {
							"post": [-9, 0, 0],
							"lerp_mode": "catmullrom"
						},
						"4.125": {
							"post": [-2.41, 0, 0],
							"lerp_mode": "catmullrom"
						},
						"4.7917": [0, 0, 0]
					}
				},
				"neck3": {
					"rotation": {
						"0.0": {
							"post": [0, 0, 0],
							"lerp_mode": "catmullrom"
						},
						"0.4583": {
							"post": [0, 0, 0],
							"lerp_mode": "catmullrom"
						},
						"1.3333": {
							"post": [-15, 0, 0],
							"lerp_mode": "catmullrom"
						},
						"1.5833": {
							"post": [-16.1, 0, 0],
							"lerp_mode": "catmullrom"
						},
						"1.8333": {
							"post": [-16.92, 0, 0],
							"lerp_mode": "catmullrom"
						},
						"2.0417": {
							"post": [-15.66, 0, 0],
							"lerp_mode": "catmullrom"
						},
						"2.2917": {
							"post": [-16.09, 0, 0],
							"lerp_mode": "catmullrom"
						},
						"2.625": {
							"post": [-15, 0, 0],
							"lerp_mode": "catmullrom"
						},
						"3.2917": {
							"post": [-15, 0, 0],
							"lerp_mode": "catmullrom"
						},
						"4.0": {
							"post": [-3.53, 0, 0],
							"lerp_mode": "catmullrom"
						},
						"4.75": [0, 0, 0]
					}
				},
				"head": {
					"rotation": {
						"0.0": {
							"post": [0, 0, 0],
							"lerp_mode": "catmullrom"
						},
						"0.4167": {
							"post": [-2, 0, 0],
							"lerp_mode": "catmullrom"
						},
						"1.0833": {
							"post": [3, 0, 0],
							"lerp_mode": "catmullrom"
						},
						"1.75": {
							"post": [-16.5, 0, 0],
							"lerp_mode": "catmullrom"
						},
						"2.0": {
							"post": [-19.11, 0, 0],
							"lerp_mode": "catmullrom"
						},
						"2.1667": {
							"post": [-21.48, 0, 0],
							"lerp_mode": "catmullrom"
						},
						"2.3333": {
							"post": [-22.29, 0, 0],
							"lerp_mode": "catmullrom"
						},
						"2.5": {
							"post": [-23.36, 0, 0],
							"lerp_mode": "catmullrom"
						},
						"2.75": {
							"post": [-23.64, 0, 0],
							"lerp_mode": "catmullrom"
						},
						"3.0417": {
							"post": [-25.5, 0, 0],
							"lerp_mode": "catmullrom"
						},
						"3.5417": {
							"post": [-25.5, 0, 0],
							"lerp_mode": "catmullrom"
						},
						"4.0417": {
							"post": [-19.56, 0, 0],
							"lerp_mode": "catmullrom"
						},
						"4.5833": {
							"post": [-4.49, 0, 0],
							"lerp_mode": "catmullrom"
						},
						"5.0": [0, 0, 0]
					}
				},
				"fin_right": {
					"rotation": {
						"0.0": {
							"post": [0, 0, 0],
							"lerp_mode": "catmullrom"
						},
						"0.5833": {
							"post": [0, 0, 0],
							"lerp_mode": "catmullrom"
						},
						"1.25": {
							"post": [0, -8, 0],
							"lerp_mode": "catmullrom"
						},
						"2.375": {
							"post": [0, -3, 0],
							"lerp_mode": "catmullrom"
						},
						"3.0": {
							"post": [0, -1, 0],
							"lerp_mode": "catmullrom"
						},
						"4.1667": {
							"post": [0, 5.5, 0],
							"lerp_mode": "catmullrom"
						},
						"4.6667": {
							"post": [0, 0.92, 0],
							"lerp_mode": "catmullrom"
						},
						"5.0": [0, 0, 0]
					}
				},
				"fin_left": {
					"rotation": {
						"0.0": {
							"post": [0, 0, 0],
							"lerp_mode": "catmullrom"
						},
						"0.5833": {
							"post": [0, 0, 0],
							"lerp_mode": "catmullrom"
						},
						"1.25": {
							"post": [0, 8, 0],
							"lerp_mode": "catmullrom"
						},
						"2.375": {
							"post": [0, 3, 0],
							"lerp_mode": "catmullrom"
						},
						"3.0": {
							"post": [0, 1, 0],
							"lerp_mode": "catmullrom"
						},
						"4.1667": {
							"post": [0, -5.5, 0],
							"lerp_mode": "catmullrom"
						},
						"4.6667": {
							"post": [0, -0.92, 0],
							"lerp_mode": "catmullrom"
						},
						"5.0": [0, 0, 0]
					}
				},
				"leg_front_right": {
					"rotation": {
						"0.1667": {
							"pre": [0, 0, 0],
							"post": [0, 0, 0],
							"lerp_mode": "catmullrom"
						},
						"1.0": {
							"post": [0, -6, 0],
							"lerp_mode": "catmullrom"
						},
						"1.9583": {
							"post": [0, 14.25, 0],
							"lerp_mode": "catmullrom"
						},
						"3.4583": {
							"post": [0, 19.25, 0],
							"lerp_mode": "catmullrom"
						},
						"4.375": {
							"post": [0, 4.46, 0],
							"lerp_mode": "catmullrom"
						},
						"5.1667": [0, 0, 0]
					}
				},
				"leg_front_left": {
					"rotation": {
						"0.0": {
							"post": [0, 0, 0],
							"lerp_mode": "catmullrom"
						},
						"0.8333": {
							"post": [0, 6, 0],
							"lerp_mode": "catmullrom"
						},
						"1.7917": {
							"post": [0, -14.25, 0],
							"lerp_mode": "catmullrom"
						},
						"3.2917": {
							"post": [0, -19.25, 0],
							"lerp_mode": "catmullrom"
						},
						"4.2083": {
							"post": [0, -4.46, 0],
							"lerp_mode": "catmullrom"
						},
						"5.0": [0, 0, 0]
					}
				}
			}
		}
	}
}