{
	"format_version": "1.8.0",
	"animations": {
		"animation.protobi_fetus.sleep": {
			"loop": true,
			"bones": {
				"body": {
					"rotation": ["-27.5+Math.cos((query.anim_time) * 90 * 1/2 - 90) * -4", 0, "0+Math.cos((query.anim_time) * 90 * 1/2) * 5"],
					"position": [0, "-5+Math.cos((query.anim_time) * 90 * 1/2) * 1", 0]
				},
				"leftwing": {
					"rotation": [0, 32.5, 0]
				},
				"rightwing": {
					"rotation": [0, -32.5, 0]
				},
				"head": {
					"rotation": ["32.5+Math.cos((query.anim_time) * 90 * 1/2 - 150) * -4", 10, "-5+Math.cos((query.anim_time) * 90 * 1/2 - 60) * -4"]
				},
				"tail": {
					"rotation": ["0+Math.cos((query.anim_time) * 90 * 1/2 - 150) * -8", 0, 0],
					"position": [0, -0.5, -0.5]
				},
				"tail2": {
					"rotation": ["-22.5+Math.cos((query.anim_time) * 90 * 1/2 - 200) * -8", 0, 0]
				},
				"tail3": {
					"rotation": [-25, 0, 0]
				},
				"arm_left": {
					"rotation": ["50+Math.cos((query.anim_time) * 90 * 1/2 - 150) * -8", 47.5, 57.5],
					"position": [0, 0, 2]
				},
				"arm_left2": {
					"rotation": [0, 82.5, 5]
				},
				"arm_right": {
					"rotation": ["50+Math.cos((query.anim_time) * 90 * 1/2 - 150) * -8", -47.5, -57.5],
					"position": [0, 0, 2]
				},
				"arm_right2": {
					"rotation": [0, -65, -10]
				},
				"leg_left": {
					"rotation": ["-57.5+Math.cos((query.anim_time) * 90 * 1/2 - 210) * -8", 27.5, 0]
				},
				"leg_left2": {
					"rotation": ["-47.5+Math.cos((query.anim_time) * 90 * 1/2 - 220) * 8", 0, 0]
				},
				"leg_right": {
					"rotation": ["-37.5+Math.cos((query.anim_time) * 90 * 1/2 - 210) * -8", -27.5, 0]
				},
				"leg_right2": {
					"rotation": ["-47.5+Math.cos((query.anim_time) * 90 * 1/2 - 220) * 8", 0, 0]
				}
			}
		},
		"animation.protobi_fetus.quirk": {
			"animation_length": 3.1667,
			"bones": {
				"body": {
					"rotation": {
						"0.0": [0, 0, 0],
						"0.375": [-5, 0, 0],
						"0.6667": [2.5, 0, 0],
						"1.2917": [5, 0, 0],
						"2.2083": [0.58, 0, 0],
						"2.5417": [0, 0, 0]
					},
					"position": {
						"0.0": [0, 0, 0],
						"0.2917": {
							"pre": [0, -0.5, -0.25],
							"post": [0, -0.5, -0.25],
							"lerp_mode": "catmullrom"
						},
						"0.5417": {
							"post": [0, 0.42, 0.92],
							"lerp_mode": "catmullrom"
						},
						"0.8333": {
							"post": [0, 1.25, 1.425],
							"lerp_mode": "catmullrom"
						},
						"1.125": [0, 1.475, 1.55],
						"1.5417": {
							"pre": [0, 1.5, 1.47],
							"post": [0, 1.5, 1.47],
							"lerp_mode": "catmullrom"
						},
						"1.875": {
							"post": [0, 1.3, 1.12],
							"lerp_mode": "catmullrom"
						},
						"2.2917": {
							"post": [0, 0.335, 0.34],
							"lerp_mode": "catmullrom"
						},
						"2.6667": [0, 0, 0],
						"2.7917": [0, 0, 0]
					}
				},
				"head": {
					"rotation": {
						"0.0": [0, 0, 0],
						"0.2917": [3.5, 0, 0],
						"0.4167": {
							"pre": [13.75, 0, 0],
							"post": [13.75, 0, 0],
							"lerp_mode": "catmullrom"
						},
						"0.6667": {
							"post": [12.59, 0, 0],
							"lerp_mode": "catmullrom"
						},
						"1.0417": [4.85, 0, 0],
						"1.2917": [1.25, 0, 0],
						"1.5417": {
							"pre": [0, 0, 0],
							"post": [0, 0, 0],
							"lerp_mode": "catmullrom"
						},
						"1.7917": {
							"post": [-2.93, 0, 0],
							"lerp_mode": "catmullrom"
						},
						"2.0": {
							"post": [-4, 0, 0],
							"lerp_mode": "catmullrom"
						},
						"2.3333": [-0.71, 0, 0],
						"2.5833": [0, 0, 0]
					}
				},
				"arm_left": {
					"rotation": {
						"0.3333": [0, 0, 0],
						"0.5833": {
							"pre": [17.5, 0, 0],
							"post": [17.5, 0, 0],
							"lerp_mode": "catmullrom"
						},
						"0.875": {
							"post": [14.3, 0, 0],
							"lerp_mode": "catmullrom"
						},
						"1.125": [7.51, 0, 0],
						"1.375": [1, 0, 0],
						"1.6667": [0, 0, 0]
					}
				},
				"arm_right": {
					"rotation": {
						"0.4167": [0, 0, 0],
						"0.6667": {
							"pre": [17.5, 0, 0],
							"post": [17.5, 0, 0],
							"lerp_mode": "catmullrom"
						},
						"0.9583": {
							"post": [14.3, 0, 0],
							"lerp_mode": "catmullrom"
						},
						"1.2083": [7.51, 0, 0],
						"1.4583": [1, 0, 0],
						"1.75": [0, 0, 0]
					}
				},
				"leg_left": {
					"rotation": {
						"0.0": [0, 0, 0],
						"0.125": [-1.79, 0, 0],
						"0.2917": [-27.5, 0, 0],
						"0.5": {
							"pre": [23.03, 0, 0],
							"post": [23.03, 0, 0],
							"lerp_mode": "catmullrom"
						},
						"0.625": {
							"post": [35.75, 0, 0],
							"lerp_mode": "catmullrom"
						},
						"1.0417": {
							"post": [42.75, 0, 0],
							"lerp_mode": "catmullrom"
						},
						"1.5": {
							"post": [38.25, 0, 0],
							"lerp_mode": "catmullrom"
						},
						"1.7083": [32.73, 0, 0],
						"1.9583": [19.04, 0, 0],
						"2.25": [3.07, 0, 0],
						"2.4583": [0, 0, 0]
					}
				},
				"leg_left2": {
					"rotation": {
						"0.0": [0, 0, 0],
						"0.2917": [-10, 0, 0],
						"0.4583": [40, 0, 0],
						"1.125": [47.5, 0, 0],
						"1.5417": [37.5, 0, 0],
						"2.1667": [7.5, 0, 0],
						"2.875": [0, 0, 0]
					}
				}
			}
		}
	}
}