{
	"format_version": "1.8.0",
	"animations": {
		"animation.gardevoir_altered_mega.ground_idle": {
			"loop": true,
			"bones": {
				"skirt_left2": {
					"rotation": [0, 0, "-5-math.cos(query.anim_time*90*1-180)*4"]
				},
				"skirt_left3": {
					"rotation": [0, 0, "-5-math.cos(query.anim_time*90*1-270)*9"]
				},
				"skirt_right2": {
					"rotation": [0, 0, "5+math.cos(query.anim_time*90*1-180)*4"]
				},
				"skirt_right3": {
					"rotation": [0, 0, "5+math.cos(query.anim_time*90*1-270)*9"]
				},
				"skirt_back_left3": {
					"rotation": ["10-math.cos(query.anim_time*90*1-270)*7", 0, -5]
				},
				"skirt_back_right3": {
					"rotation": ["10-math.cos(query.anim_time*90*1-270)*7", 0, 5]
				},
				"chest": {
					"rotation": ["-7.5-math.cos(query.anim_time*90*1-90)*1", 0, 0],
					"position": [0, 0, -0.1]
				},
				"arm_left": {
					"rotation": [22.95235, 13.39011, 68.55709],
					"position": [-0.3, -0.75, -0.25]
				},
				"arm_left2": {
					"rotation": [7.41049, 60.13344, 19.60403]
				},
				"hand_left": {
					"rotation": [0, 0, 10]
				},
				"arm_right": {
					"rotation": [30.14952, -15.92023, -71.55557],
					"position": [0.2, -0.75, -0.25]
				},
				"arm_right2": {
					"rotation": [9.64009, -62.38969, -21.66809]
				},
				"hand_right": {
					"rotation": [0, 0, -7.5]
				},
				"neck": {
					"rotation": ["20-math.cos(query.anim_time*90*1-120)*2", 0, 0],
					"position": [0, 0, -0.4]
				},
				"head": {
					"rotation": ["5+math.cos(query.anim_time*90*1-120)*4", 0, 0]
				},
				"leg_left": {
					"rotation": [2.5, 0, 3]
				},
				"leg_left2": {
					"rotation": [2.5, 0, 0]
				},
				"leg_right": {
					"rotation": [-5, 0, -4]
				},
				"torso": {
					"rotation": ["0-math.cos(query.anim_time*90*1)*1", 0, 0],
					"position": [0, "0-math.sin(query.anim_time*90*1-60)*0.2", 0]
				},
				"skirt_front_left": {
					"rotation": ["0-math.cos(query.anim_time*90*1-90)*3", 0, 0]
				},
				"skirt_front_left2": {
					"rotation": ["0-math.cos(query.anim_time*90*1-180)*5", 0, 0]
				},
				"skirt_front_left3": {
					"rotation": ["0-math.cos(query.anim_time*90*1-270)*8", 0, 0]
				},
				"skirt_front_right": {
					"rotation": ["0-math.cos(query.anim_time*90*1-90)*3", 0, 0]
				},
				"skirt_front_right2": {
					"rotation": ["0-math.cos(query.anim_time*90*1-180)*5", 0, 0]
				},
				"skirt_front_right3": {
					"rotation": ["0-math.cos(query.anim_time*90*1-270)*8", 0, 0]
				},
				"skirt_left": {
					"rotation": [0, 0, "0-math.cos(query.anim_time*90*1-90)*3"]
				},
				"skirt_right": {
					"rotation": [0, 0, "0+math.cos(query.anim_time*90*1-90)*3"]
				},
				"skirt_back_left": {
					"rotation": ["0+math.cos(query.anim_time*90*1+90)*3", 0, 0]
				},
				"skirt_back_left2": {
					"rotation": ["0-math.cos(query.anim_time*90*1+180)*4", 0, 0]
				},
				"skirt_back_left4": {
					"rotation": ["-5-math.cos(query.anim_time*90*1-300)*3", 0, 0]
				},
				"skirt_back_left5": {
					"rotation": ["14.8569-math.cos(query.anim_time*90*3/2)*6", 0, 0]
				},
				"skirt_back_right": {
					"rotation": ["0+math.cos(query.anim_time*90*1+90)*3", 0, 0]
				},
				"skirt_back_right2": {
					"rotation": ["0-math.cos(query.anim_time*90*1+180)*4", 0, 0]
				},
				"skirt_back_right4": {
					"rotation": ["-5-math.cos(query.anim_time*90*1-300)*3", 0, 0]
				},
				"skirt_back_right5": {
					"rotation": ["14.8569-math.cos(query.anim_time*90*3/2)*6", -1.22686, 1.51889]
				},
				"waist": {
					"rotation": ["-2.5-math.cos(query.anim_time*90*1-60)*1", 0, 0]
				},
				"finger_front_left": {
					"rotation": [0, 0, 52.5],
					"position": [-1, 0, 0]
				},
				"finger_center_left": {
					"rotation": [0, 0, 35],
					"position": [-1, 0, 0]
				},
				"finger_back_left": {
					"rotation": [0, 0, 22.5],
					"position": [-0.75, 0, 0]
				},
				"finger_front_right": {
					"rotation": [0, 0, 0]
				},
				"finger_center_right": {
					"rotation": [0, 0, -15],
					"position": [0, 0, 0]
				},
				"finger_back_right": {
					"rotation": [0, 0, -20],
					"position": [0.6, 0.2, -0.1]
				},
				"leg_right2": {
					"rotation": [4.98797, 0.34569, 0.04547]
				},
				"skirt_front": {
					"rotation": ["-math.cos(query.anim_time*90*1-90)*3", 0, 0]
				},
				"skirt_front2": {
					"rotation": ["-2-math.cos(query.anim_time*90*1-180)*5", 0, 0]
				},
				"skirt_front3": {
					"rotation": ["-3-math.cos(query.anim_time*90*1-270)*8", 0, 0]
				},
				"wisp": {
					"position": [0, "-5-math.cos(query.anim_time*30*1-300)*3", 0]
				},
				"wisp2": {
					"position": [0, "-1-math.cos(query.anim_time*35*1-300)*3", 0]
				},
				"wisp3": {
					"position": [0, "-5-math.cos(query.anim_time*25*1-300)*3", 0]
				},
				"wisp4": {
					"position": [0, "-0+math.cos(query.anim_time*20*1-300)*3", 0]
				},
				"wisp5": {
					"position": [0, "-3-math.cos(query.anim_time*60*1-300)*3", 0]
				},
				"gammawisp": {
					"rotation": [0, "math.mod(query.anim_time*0.3,1)*360", 0]
				}
			}
		},
		"animation.gardevoir_altered_mega.ground_walk": {
			"loop": true,
			"animation_length": 80,
			"bones": {
				"skirt_left2": {
					"rotation": [0, 0, "-5-math.cos(query.anim_time*90*3-180)*4"]
				},
				"skirt_left3": {
					"rotation": [0, 0, "-5-math.cos(query.anim_time*90*3-270)*9"]
				},
				"skirt_right2": {
					"rotation": [0, 0, "5+math.cos(query.anim_time*90*3-180)*4"]
				},
				"skirt_right3": {
					"rotation": [0, 0, "5+math.cos(query.anim_time*90*3-270)*9"]
				},
				"skirt_back_left3": {
					"rotation": ["15-math.cos(query.anim_time*90*3-270)*7", 0, "-5+math.cos(query.anim_time*90*1.5-60)*5"]
				},
				"skirt_back_right3": {
					"rotation": ["15-math.cos(query.anim_time*90*3-270)*7", 0, "5+math.cos(query.anim_time*90*1.5-60)*5"]
				},
				"chest": {
					"rotation": ["-7.5-math.cos(query.anim_time*90*3-90)*1", 0, "math.cos(query.anim_time*90*1.5-60)*1"],
					"position": [0, 0, -0.1]
				},
				"arm_left": {
					"rotation": ["14.6478+math.sin(query.anim_time*90*1.5-20)*12", "-26.2694+math.sin(query.anim_time*90*1.5-60)*10", 40.17385],
					"position": [-0.3, -0.75, -0.25]
				},
				"arm_left2": {
					"rotation": [2.57816, "14.9808+math.sin(query.anim_time*90*1.5-120)*10", -4.11511]
				},
				"hand_left": {
					"rotation": [0, 0, 10]
				},
				"arm_right": {
					"rotation": ["7.4598-math.sin(query.anim_time*90*1.5-20)*12", "25.0295+math.sin(query.anim_time*90*1.5-60)*10", -42.70725],
					"position": [0.3, -0.75, -0.25]
				},
				"arm_right2": {
					"rotation": [2.57816, "-14.9808+math.sin(query.anim_time*90*1.5-120)*10", 4.11511]
				},
				"hand_right": {
					"rotation": [0, 0, -7.5]
				},
				"neck": {
					"rotation": ["20-math.cos(query.anim_time*90*3-120)*2", "-math.cos(query.anim_time*90*1.5-100)*5", 0],
					"position": [0, 0, -0.4]
				},
				"head": {
					"rotation": ["-2.5+math.cos(query.anim_time*90*3-120)*4", 0, 0]
				},
				"leg_left": {
					"rotation": {
						"0.0": {
							"post": [-6.86, 0.3, 2.46],
							"lerp_mode": "catmullrom"
						},
						"1.125": {
							"post": [9.98532, -0.43376, 2.46211],
							"lerp_mode": "catmullrom"
						},
						"2.0417": {
							"post": [-3.74802, -0.00071, -0.03255],
							"lerp_mode": "catmullrom"
						},
						"2.4583": {
							"post": [-9.98532, 0.43376, 2.46211],
							"lerp_mode": "catmullrom"
						},
						"3.7917": {
							"post": [9.98532, -0.43376, 2.46211],
							"lerp_mode": "catmullrom"
						},
						"4.7083": {
							"post": [-3.74802, -0.00071, -0.03255],
							"lerp_mode": "catmullrom"
						},
						"5.125": {
							"post": [-9.98532, 0.43376, 2.46211],
							"lerp_mode": "catmullrom"
						},
						"6.4583": {
							"post": [9.98532, -0.43376, 2.46211],
							"lerp_mode": "catmullrom"
						},
						"7.375": {
							"post": [-3.74802, -0.00071, -0.03255],
							"lerp_mode": "catmullrom"
						},
						"7.7917": {
							"post": [-9.98532, 0.43376, 2.46211],
							"lerp_mode": "catmullrom"
						},
						"8.0": {
							"post": [-6.86, 0.3, 2.46],
							"lerp_mode": "catmullrom"
						},
						"9.125": {
							"post": [9.98532, -0.43376, 2.46211],
							"lerp_mode": "catmullrom"
						},
						"10.0417": {
							"post": [-3.74802, -0.00071, -0.03255],
							"lerp_mode": "catmullrom"
						},
						"10.4583": {
							"post": [-9.98532, 0.43376, 2.46211],
							"lerp_mode": "catmullrom"
						},
						"11.7917": {
							"post": [9.98532, -0.43376, 2.46211],
							"lerp_mode": "catmullrom"
						},
						"12.7083": {
							"post": [-3.74802, -0.00071, -0.03255],
							"lerp_mode": "catmullrom"
						},
						"13.125": {
							"post": [-9.98532, 0.43376, 2.46211],
							"lerp_mode": "catmullrom"
						},
						"14.4583": {
							"post": [9.98532, -0.43376, 2.46211],
							"lerp_mode": "catmullrom"
						},
						"15.375": {
							"post": [-3.74802, -0.00071, -0.03255],
							"lerp_mode": "catmullrom"
						},
						"15.7917": {
							"post": [-9.98532, 0.43376, 2.46211],
							"lerp_mode": "catmullrom"
						},
						"16.0": {
							"post": [-6.86, 0.3, 2.46],
							"lerp_mode": "catmullrom"
						},
						"17.125": {
							"post": [9.98532, -0.43376, 2.46211],
							"lerp_mode": "catmullrom"
						},
						"18.0417": {
							"post": [-3.74802, -0.00071, -0.03255],
							"lerp_mode": "catmullrom"
						},
						"18.4583": {
							"post": [-9.98532, 0.43376, 2.46211],
							"lerp_mode": "catmullrom"
						},
						"19.7917": {
							"post": [9.98532, -0.43376, 2.46211],
							"lerp_mode": "catmullrom"
						},
						"20.7083": {
							"post": [-3.74802, -0.00071, -0.03255],
							"lerp_mode": "catmullrom"
						},
						"21.125": {
							"post": [-9.98532, 0.43376, 2.46211],
							"lerp_mode": "catmullrom"
						},
						"22.4583": {
							"post": [9.98532, -0.43376, 2.46211],
							"lerp_mode": "catmullrom"
						},
						"23.375": {
							"post": [-3.74802, -0.00071, -0.03255],
							"lerp_mode": "catmullrom"
						},
						"23.7917": {
							"post": [-9.98532, 0.43376, 2.46211],
							"lerp_mode": "catmullrom"
						},
						"24.0": {
							"post": [-6.86, 0.3, 2.46],
							"lerp_mode": "catmullrom"
						},
						"25.125": {
							"post": [9.98532, -0.43376, 2.46211],
							"lerp_mode": "catmullrom"
						},
						"26.0417": {
							"post": [-3.74802, -0.00071, -0.03255],
							"lerp_mode": "catmullrom"
						},
						"26.4583": {
							"post": [-9.98532, 0.43376, 2.46211],
							"lerp_mode": "catmullrom"
						},
						"27.7917": {
							"post": [9.98532, -0.43376, 2.46211],
							"lerp_mode": "catmullrom"
						},
						"28.7083": {
							"post": [-3.74802, -0.00071, -0.03255],
							"lerp_mode": "catmullrom"
						},
						"29.125": {
							"post": [-9.98532, 0.43376, 2.46211],
							"lerp_mode": "catmullrom"
						},
						"30.4583": {
							"post": [9.98532, -0.43376, 2.46211],
							"lerp_mode": "catmullrom"
						},
						"31.375": {
							"post": [-3.74802, -0.00071, -0.03255],
							"lerp_mode": "catmullrom"
						},
						"31.7917": {
							"post": [-9.98532, 0.43376, 2.46211],
							"lerp_mode": "catmullrom"
						},
						"32.0": {
							"post": [-6.86, 0.3, 2.46],
							"lerp_mode": "catmullrom"
						},
						"33.125": {
							"post": [9.98532, -0.43376, 2.46211],
							"lerp_mode": "catmullrom"
						},
						"34.0417": {
							"post": [-3.74802, -0.00071, -0.03255],
							"lerp_mode": "catmullrom"
						},
						"34.4583": {
							"post": [-9.98532, 0.43376, 2.46211],
							"lerp_mode": "catmullrom"
						},
						"35.7917": {
							"post": [9.98532, -0.43376, 2.46211],
							"lerp_mode": "catmullrom"
						},
						"36.7083": {
							"post": [-3.74802, -0.00071, -0.03255],
							"lerp_mode": "catmullrom"
						},
						"37.125": {
							"post": [-9.98532, 0.43376, 2.46211],
							"lerp_mode": "catmullrom"
						},
						"38.4583": {
							"post": [9.98532, -0.43376, 2.46211],
							"lerp_mode": "catmullrom"
						},
						"39.375": {
							"post": [-3.74802, -0.00071, -0.03255],
							"lerp_mode": "catmullrom"
						},
						"39.7917": {
							"post": [-9.98532, 0.43376, 2.46211],
							"lerp_mode": "catmullrom"
						},
						"40.0": {
							"post": [-6.86, 0.3, 2.46],
							"lerp_mode": "catmullrom"
						},
						"41.125": {
							"post": [9.98532, -0.43376, 2.46211],
							"lerp_mode": "catmullrom"
						},
						"42.0417": {
							"post": [-3.74802, -0.00071, -0.03255],
							"lerp_mode": "catmullrom"
						},
						"42.4583": {
							"post": [-9.98532, 0.43376, 2.46211],
							"lerp_mode": "catmullrom"
						},
						"43.7917": {
							"post": [9.98532, -0.43376, 2.46211],
							"lerp_mode": "catmullrom"
						},
						"44.7083": {
							"post": [-3.74802, -0.00071, -0.03255],
							"lerp_mode": "catmullrom"
						},
						"45.125": {
							"post": [-9.98532, 0.43376, 2.46211],
							"lerp_mode": "catmullrom"
						},
						"46.4583": {
							"post": [9.98532, -0.43376, 2.46211],
							"lerp_mode": "catmullrom"
						},
						"47.375": {
							"post": [-3.74802, -0.00071, -0.03255],
							"lerp_mode": "catmullrom"
						},
						"47.7917": {
							"post": [-9.98532, 0.43376, 2.46211],
							"lerp_mode": "catmullrom"
						},
						"48.0": {
							"post": [-6.86, 0.3, 2.46],
							"lerp_mode": "catmullrom"
						},
						"49.125": {
							"post": [9.98532, -0.43376, 2.46211],
							"lerp_mode": "catmullrom"
						},
						"50.0417": {
							"post": [-3.74802, -0.00071, -0.03255],
							"lerp_mode": "catmullrom"
						},
						"50.4583": {
							"post": [-9.98532, 0.43376, 2.46211],
							"lerp_mode": "catmullrom"
						},
						"51.7917": {
							"post": [9.98532, -0.43376, 2.46211],
							"lerp_mode": "catmullrom"
						},
						"52.7083": {
							"post": [-3.74802, -0.00071, -0.03255],
							"lerp_mode": "catmullrom"
						},
						"53.125": {
							"post": [-9.98532, 0.43376, 2.46211],
							"lerp_mode": "catmullrom"
						},
						"54.4583": {
							"post": [9.98532, -0.43376, 2.46211],
							"lerp_mode": "catmullrom"
						},
						"55.375": {
							"post": [-3.74802, -0.00071, -0.03255],
							"lerp_mode": "catmullrom"
						},
						"55.7917": {
							"post": [-9.98532, 0.43376, 2.46211],
							"lerp_mode": "catmullrom"
						},
						"56.0": {
							"post": [-6.86, 0.3, 2.46],
							"lerp_mode": "catmullrom"
						},
						"57.125": {
							"post": [9.98532, -0.43376, 2.46211],
							"lerp_mode": "catmullrom"
						},
						"58.0417": {
							"post": [-3.74802, -0.00071, -0.03255],
							"lerp_mode": "catmullrom"
						},
						"58.4583": {
							"post": [-9.98532, 0.43376, 2.46211],
							"lerp_mode": "catmullrom"
						},
						"59.7917": {
							"post": [9.98532, -0.43376, 2.46211],
							"lerp_mode": "catmullrom"
						},
						"60.7083": {
							"post": [-3.74802, -0.00071, -0.03255],
							"lerp_mode": "catmullrom"
						},
						"61.125": {
							"post": [-9.98532, 0.43376, 2.46211],
							"lerp_mode": "catmullrom"
						},
						"62.4583": {
							"post": [9.98532, -0.43376, 2.46211],
							"lerp_mode": "catmullrom"
						},
						"63.375": {
							"post": [-3.74802, -0.00071, -0.03255],
							"lerp_mode": "catmullrom"
						},
						"63.7917": {
							"post": [-9.98532, 0.43376, 2.46211],
							"lerp_mode": "catmullrom"
						},
						"64.0": {
							"post": [-6.86, 0.3, 2.46],
							"lerp_mode": "catmullrom"
						},
						"65.125": {
							"post": [9.98532, -0.43376, 2.46211],
							"lerp_mode": "catmullrom"
						},
						"66.0417": {
							"post": [-3.74802, -0.00071, -0.03255],
							"lerp_mode": "catmullrom"
						},
						"66.4583": {
							"post": [-9.98532, 0.43376, 2.46211],
							"lerp_mode": "catmullrom"
						},
						"67.7917": {
							"post": [9.98532, -0.43376, 2.46211],
							"lerp_mode": "catmullrom"
						},
						"68.7083": {
							"post": [-3.74802, -0.00071, -0.03255],
							"lerp_mode": "catmullrom"
						},
						"69.125": {
							"post": [-9.98532, 0.43376, 2.46211],
							"lerp_mode": "catmullrom"
						},
						"70.4583": {
							"post": [9.98532, -0.43376, 2.46211],
							"lerp_mode": "catmullrom"
						},
						"71.375": {
							"post": [-3.74802, -0.00071, -0.03255],
							"lerp_mode": "catmullrom"
						},
						"71.7917": {
							"post": [-9.98532, 0.43376, 2.46211],
							"lerp_mode": "catmullrom"
						},
						"72.0": {
							"post": [-6.86, 0.3, 2.46],
							"lerp_mode": "catmullrom"
						},
						"73.125": {
							"post": [9.98532, -0.43376, 2.46211],
							"lerp_mode": "catmullrom"
						},
						"74.0417": {
							"post": [-3.74802, -0.00071, -0.03255],
							"lerp_mode": "catmullrom"
						},
						"74.4583": {
							"post": [-9.98532, 0.43376, 2.46211],
							"lerp_mode": "catmullrom"
						},
						"75.7917": {
							"post": [9.98532, -0.43376, 2.46211],
							"lerp_mode": "catmullrom"
						},
						"76.7083": {
							"post": [-3.74802, -0.00071, -0.03255],
							"lerp_mode": "catmullrom"
						},
						"77.125": {
							"post": [-9.98532, 0.43376, 2.46211],
							"lerp_mode": "catmullrom"
						},
						"78.4583": {
							"post": [9.98532, -0.43376, 2.46211],
							"lerp_mode": "catmullrom"
						},
						"79.375": {
							"post": [-3.74802, -0.00071, -0.03255],
							"lerp_mode": "catmullrom"
						},
						"79.7917": {
							"post": [-9.98532, 0.43376, 2.46211],
							"lerp_mode": "catmullrom"
						},
						"80.0": {
							"post": [-6.86, 0.3, 2.46],
							"lerp_mode": "catmullrom"
						}
					},
					"position": {
						"0.0": [0, -0.33, -0.59],
						"0.375": [0, -0.2, -0.39],
						"1.125": [0, -0.4, 0],
						"1.875": [0, -0.18, -0.39],
						"2.375": [0, 0.44, -0.59],
						"2.4583": [0, -0.4, -0.7],
						"3.0417": [0, -0.2, -0.39],
						"3.7917": [0, -0.4, 0],
						"4.5417": [0, -0.18, -0.39],
						"5.0417": [0, 0.44, -0.59],
						"5.125": [0, -0.4, -0.7],
						"5.7083": [0, -0.2, -0.39],
						"6.4583": [0, -0.4, 0],
						"7.2083": [0, -0.18, -0.39],
						"7.7083": [0, 0.44, -0.59],
						"7.7917": [0, -0.4, -0.7],
						"8.0": [0, -0.33, -0.59],
						"8.375": [0, -0.2, -0.39],
						"9.125": [0, -0.4, 0],
						"9.875": [0, -0.18, -0.39],
						"10.375": [0, 0.44, -0.59],
						"10.4583": [0, -0.4, -0.7],
						"11.0417": [0, -0.2, -0.39],
						"11.7917": [0, -0.4, 0],
						"12.5417": [0, -0.18, -0.39],
						"13.0417": [0, 0.44, -0.59],
						"13.125": [0, -0.4, -0.7],
						"13.7083": [0, -0.2, -0.39],
						"14.4583": [0, -0.4, 0],
						"15.2083": [0, -0.18, -0.39],
						"15.7083": [0, 0.44, -0.59],
						"15.7917": [0, -0.4, -0.7],
						"16.0": [0, -0.33, -0.59],
						"16.375": [0, -0.2, -0.39],
						"17.125": [0, -0.4, 0],
						"17.875": [0, -0.18, -0.39],
						"18.375": [0, 0.44, -0.59],
						"18.4583": [0, -0.4, -0.7],
						"19.0417": [0, -0.2, -0.39],
						"19.7917": [0, -0.4, 0],
						"20.5417": [0, -0.18, -0.39],
						"21.0417": [0, 0.44, -0.59],
						"21.125": [0, -0.4, -0.7],
						"21.7083": [0, -0.2, -0.39],
						"22.4583": [0, -0.4, 0],
						"23.2083": [0, -0.18, -0.39],
						"23.7083": [0, 0.44, -0.59],
						"23.7917": [0, -0.4, -0.7],
						"24.0": [0, -0.33, -0.59],
						"24.375": [0, -0.2, -0.39],
						"25.125": [0, -0.4, 0],
						"25.875": [0, -0.18, -0.39],
						"26.375": [0, 0.44, -0.59],
						"26.4583": [0, -0.4, -0.7],
						"27.0417": [0, -0.2, -0.39],
						"27.7917": [0, -0.4, 0],
						"28.5417": [0, -0.18, -0.39],
						"29.0417": [0, 0.44, -0.59],
						"29.125": [0, -0.4, -0.7],
						"29.7083": [0, -0.2, -0.39],
						"30.4583": [0, -0.4, 0],
						"31.2083": [0, -0.18, -0.39],
						"31.7083": [0, 0.44, -0.59],
						"31.7917": [0, -0.4, -0.7],
						"32.0": [0, -0.33, -0.59],
						"32.375": [0, -0.2, -0.39],
						"33.125": [0, -0.4, 0],
						"33.875": [0, -0.18, -0.39],
						"34.375": [0, 0.44, -0.59],
						"34.4583": [0, -0.4, -0.7],
						"35.0417": [0, -0.2, -0.39],
						"35.7917": [0, -0.4, 0],
						"36.5417": [0, -0.18, -0.39],
						"37.0417": [0, 0.44, -0.59],
						"37.125": [0, -0.4, -0.7],
						"37.7083": [0, -0.2, -0.39],
						"38.4583": [0, -0.4, 0],
						"39.2083": [0, -0.18, -0.39],
						"39.7083": [0, 0.44, -0.59],
						"39.7917": [0, -0.4, -0.7],
						"40.0": [0, -0.33, -0.59],
						"40.375": [0, -0.2, -0.39],
						"41.125": [0, -0.4, 0],
						"41.875": [0, -0.18, -0.39],
						"42.375": [0, 0.44, -0.59],
						"42.4583": [0, -0.4, -0.7],
						"43.0417": [0, -0.2, -0.39],
						"43.7917": [0, -0.4, 0],
						"44.5417": [0, -0.18, -0.39],
						"45.0417": [0, 0.44, -0.59],
						"45.125": [0, -0.4, -0.7],
						"45.7083": [0, -0.2, -0.39],
						"46.4583": [0, -0.4, 0],
						"47.2083": [0, -0.18, -0.39],
						"47.7083": [0, 0.44, -0.59],
						"47.7917": [0, -0.4, -0.7],
						"48.0": [0, -0.33, -0.59],
						"48.375": [0, -0.2, -0.39],
						"49.125": [0, -0.4, 0],
						"49.875": [0, -0.18, -0.39],
						"50.375": [0, 0.44, -0.59],
						"50.4583": [0, -0.4, -0.7],
						"51.0417": [0, -0.2, -0.39],
						"51.7917": [0, -0.4, 0],
						"52.5417": [0, -0.18, -0.39],
						"53.0417": [0, 0.44, -0.59],
						"53.125": [0, -0.4, -0.7],
						"53.7083": [0, -0.2, -0.39],
						"54.4583": [0, -0.4, 0],
						"55.2083": [0, -0.18, -0.39],
						"55.7083": [0, 0.44, -0.59],
						"55.7917": [0, -0.4, -0.7],
						"56.0": [0, -0.33, -0.59],
						"56.375": [0, -0.2, -0.39],
						"57.125": [0, -0.4, 0],
						"57.875": [0, -0.18, -0.39],
						"58.375": [0, 0.44, -0.59],
						"58.4583": [0, -0.4, -0.7],
						"59.0417": [0, -0.2, -0.39],
						"59.7917": [0, -0.4, 0],
						"60.5417": [0, -0.18, -0.39],
						"61.0417": [0, 0.44, -0.59],
						"61.125": [0, -0.4, -0.7],
						"61.7083": [0, -0.2, -0.39],
						"62.4583": [0, -0.4, 0],
						"63.2083": [0, -0.18, -0.39],
						"63.7083": [0, 0.44, -0.59],
						"63.7917": [0, -0.4, -0.7],
						"64.0": [0, -0.33, -0.59],
						"64.375": [0, -0.2, -0.39],
						"65.125": [0, -0.4, 0],
						"65.875": [0, -0.18, -0.39],
						"66.375": [0, 0.44, -0.59],
						"66.4583": [0, -0.4, -0.7],
						"67.0417": [0, -0.2, -0.39],
						"67.7917": [0, -0.4, 0],
						"68.5417": [0, -0.18, -0.39],
						"69.0417": [0, 0.44, -0.59],
						"69.125": [0, -0.4, -0.7],
						"69.7083": [0, -0.2, -0.39],
						"70.4583": [0, -0.4, 0],
						"71.2083": [0, -0.18, -0.39],
						"71.7083": [0, 0.44, -0.59],
						"71.7917": [0, -0.4, -0.7],
						"72.0": [0, -0.33, -0.59],
						"72.375": [0, -0.2, -0.39],
						"73.125": [0, -0.4, 0],
						"73.875": [0, -0.18, -0.39],
						"74.375": [0, 0.44, -0.59],
						"74.4583": [0, -0.4, -0.7],
						"75.0417": [0, -0.2, -0.39],
						"75.7917": [0, -0.4, 0],
						"76.5417": [0, -0.18, -0.39],
						"77.0417": [0, 0.44, -0.59],
						"77.125": [0, -0.4, -0.7],
						"77.7083": [0, -0.2, -0.39],
						"78.4583": [0, -0.4, 0],
						"79.2083": [0, -0.18, -0.39],
						"79.7083": [0, 0.44, -0.59],
						"79.7917": [0, -0.4, -0.7],
						"80.0": [0, -0.33, -0.59]
					}
				},
				"leg_left2": {
					"rotation": {
						"0.0": [0.29, 0, 0],
						"1.125": {
							"pre": [14.38, 0, 0],
							"post": [14.38, 0, 0],
							"lerp_mode": "catmullrom"
						},
						"1.5833": {
							"post": [17.5, 0, 0],
							"lerp_mode": "catmullrom"
						},
						"2.125": {
							"post": [23.39, 0, 0],
							"lerp_mode": "catmullrom"
						},
						"2.4583": {
							"post": [0, 0, 0],
							"lerp_mode": "catmullrom"
						},
						"3.75": {
							"post": [14.38, 0, 0],
							"lerp_mode": "catmullrom"
						},
						"4.2083": {
							"post": [17.5, 0, 0],
							"lerp_mode": "catmullrom"
						},
						"5.125": [0, 0, 0],
						"6.4583": {
							"pre": [14.38, 0, 0],
							"post": [14.38, 0, 0],
							"lerp_mode": "catmullrom"
						},
						"6.9167": {
							"post": [17.5, 0, 0],
							"lerp_mode": "catmullrom"
						},
						"7.4583": {
							"post": [23.39, 0, 0],
							"lerp_mode": "catmullrom"
						},
						"7.7917": [0, 0, 0],
						"8.0": [0.29, 0, 0]
					}
				},
				"leg_right": {
					"rotation": {
						"0.0": {
							"post": [9.44, 0.43, -2.09],
							"lerp_mode": "catmullrom"
						},
						"0.75": {
							"post": [-3.74802, 0.00071, 0.03255],
							"lerp_mode": "catmullrom"
						},
						"1.1667": {
							"post": [-9.98532, -0.43376, -2.46211],
							"lerp_mode": "catmullrom"
						},
						"1.375": {
							"post": [-6.86, -0.3, -2.46],
							"lerp_mode": "catmullrom"
						},
						"2.5": {
							"post": [9.98532, 0.43376, -2.46211],
							"lerp_mode": "catmullrom"
						},
						"3.4167": {
							"post": [-3.74802, 0.00071, 0.03255],
							"lerp_mode": "catmullrom"
						},
						"3.8333": {
							"post": [-9.98532, -0.43376, -2.46211],
							"lerp_mode": "catmullrom"
						},
						"5.1667": {
							"post": [9.98532, 0.43376, -2.46211],
							"lerp_mode": "catmullrom"
						},
						"6.0833": {
							"post": [-3.74802, 0.00071, 0.03255],
							"lerp_mode": "catmullrom"
						},
						"6.5": {
							"post": [-9.98532, -0.43376, -2.46211],
							"lerp_mode": "catmullrom"
						},
						"7.8333": {
							"post": [9.98532, 0.43376, -2.46211],
							"lerp_mode": "catmullrom"
						},
						"8.0": {
							"post": [9.44, 0.43, -2.09],
							"lerp_mode": "catmullrom"
						},
						"8.75": {
							"post": [-3.74802, 0.00071, 0.03255],
							"lerp_mode": "catmullrom"
						},
						"9.1667": {
							"post": [-9.98532, -0.43376, -2.46211],
							"lerp_mode": "catmullrom"
						},
						"9.375": {
							"post": [-6.86, -0.3, -2.46],
							"lerp_mode": "catmullrom"
						},
						"10.5": {
							"post": [9.98532, 0.43376, -2.46211],
							"lerp_mode": "catmullrom"
						},
						"11.4167": {
							"post": [-3.74802, 0.00071, 0.03255],
							"lerp_mode": "catmullrom"
						},
						"11.8333": {
							"post": [-9.98532, -0.43376, -2.46211],
							"lerp_mode": "catmullrom"
						},
						"13.1667": {
							"post": [9.98532, 0.43376, -2.46211],
							"lerp_mode": "catmullrom"
						},
						"14.0833": {
							"post": [-3.74802, 0.00071, 0.03255],
							"lerp_mode": "catmullrom"
						},
						"14.5": {
							"post": [-9.98532, -0.43376, -2.46211],
							"lerp_mode": "catmullrom"
						},
						"15.8333": {
							"post": [9.98532, 0.43376, -2.46211],
							"lerp_mode": "catmullrom"
						},
						"16.0": {
							"post": [9.44, 0.43, -2.09],
							"lerp_mode": "catmullrom"
						},
						"16.75": {
							"post": [-3.74802, 0.00071, 0.03255],
							"lerp_mode": "catmullrom"
						},
						"17.1667": {
							"post": [-9.98532, -0.43376, -2.46211],
							"lerp_mode": "catmullrom"
						},
						"17.375": {
							"post": [-6.86, -0.3, -2.46],
							"lerp_mode": "catmullrom"
						},
						"18.5": {
							"post": [9.98532, 0.43376, -2.46211],
							"lerp_mode": "catmullrom"
						},
						"19.4167": {
							"post": [-3.74802, 0.00071, 0.03255],
							"lerp_mode": "catmullrom"
						},
						"19.8333": {
							"post": [-9.98532, -0.43376, -2.46211],
							"lerp_mode": "catmullrom"
						},
						"21.1667": {
							"post": [9.98532, 0.43376, -2.46211],
							"lerp_mode": "catmullrom"
						},
						"22.0833": {
							"post": [-3.74802, 0.00071, 0.03255],
							"lerp_mode": "catmullrom"
						},
						"22.5": {
							"post": [-9.98532, -0.43376, -2.46211],
							"lerp_mode": "catmullrom"
						},
						"23.8333": {
							"post": [9.98532, 0.43376, -2.46211],
							"lerp_mode": "catmullrom"
						},
						"24.0": {
							"post": [9.44, 0.43, -2.09],
							"lerp_mode": "catmullrom"
						},
						"24.75": {
							"post": [-3.74802, 0.00071, 0.03255],
							"lerp_mode": "catmullrom"
						},
						"25.1667": {
							"post": [-9.98532, -0.43376, -2.46211],
							"lerp_mode": "catmullrom"
						},
						"25.375": {
							"post": [-6.86, -0.3, -2.46],
							"lerp_mode": "catmullrom"
						},
						"26.5": {
							"post": [9.98532, 0.43376, -2.46211],
							"lerp_mode": "catmullrom"
						},
						"27.4167": {
							"post": [-3.74802, 0.00071, 0.03255],
							"lerp_mode": "catmullrom"
						},
						"27.8333": {
							"post": [-9.98532, -0.43376, -2.46211],
							"lerp_mode": "catmullrom"
						},
						"29.1667": {
							"post": [9.98532, 0.43376, -2.46211],
							"lerp_mode": "catmullrom"
						},
						"30.0833": {
							"post": [-3.74802, 0.00071, 0.03255],
							"lerp_mode": "catmullrom"
						},
						"30.5": {
							"post": [-9.98532, -0.43376, -2.46211],
							"lerp_mode": "catmullrom"
						},
						"31.8333": {
							"post": [9.98532, 0.43376, -2.46211],
							"lerp_mode": "catmullrom"
						},
						"32.0": {
							"post": [9.44, 0.43, -2.09],
							"lerp_mode": "catmullrom"
						},
						"32.75": {
							"post": [-3.74802, 0.00071, 0.03255],
							"lerp_mode": "catmullrom"
						},
						"33.1667": {
							"post": [-9.98532, -0.43376, -2.46211],
							"lerp_mode": "catmullrom"
						},
						"33.375": {
							"post": [-6.86, -0.3, -2.46],
							"lerp_mode": "catmullrom"
						},
						"34.5": {
							"post": [9.98532, 0.43376, -2.46211],
							"lerp_mode": "catmullrom"
						},
						"35.4167": {
							"post": [-3.74802, 0.00071, 0.03255],
							"lerp_mode": "catmullrom"
						},
						"35.8333": {
							"post": [-9.98532, -0.43376, -2.46211],
							"lerp_mode": "catmullrom"
						},
						"37.1667": {
							"post": [9.98532, 0.43376, -2.46211],
							"lerp_mode": "catmullrom"
						},
						"38.0833": {
							"post": [-3.74802, 0.00071, 0.03255],
							"lerp_mode": "catmullrom"
						},
						"38.5": {
							"post": [-9.98532, -0.43376, -2.46211],
							"lerp_mode": "catmullrom"
						},
						"39.8333": {
							"post": [9.98532, 0.43376, -2.46211],
							"lerp_mode": "catmullrom"
						},
						"40.0": {
							"post": [9.44, 0.43, -2.09],
							"lerp_mode": "catmullrom"
						},
						"40.75": {
							"post": [-3.74802, 0.00071, 0.03255],
							"lerp_mode": "catmullrom"
						},
						"41.1667": {
							"post": [-9.98532, -0.43376, -2.46211],
							"lerp_mode": "catmullrom"
						},
						"41.375": {
							"post": [-6.86, -0.3, -2.46],
							"lerp_mode": "catmullrom"
						},
						"42.5": {
							"post": [9.98532, 0.43376, -2.46211],
							"lerp_mode": "catmullrom"
						},
						"43.4167": {
							"post": [-3.74802, 0.00071, 0.03255],
							"lerp_mode": "catmullrom"
						},
						"43.8333": {
							"post": [-9.98532, -0.43376, -2.46211],
							"lerp_mode": "catmullrom"
						},
						"45.1667": {
							"post": [9.98532, 0.43376, -2.46211],
							"lerp_mode": "catmullrom"
						},
						"46.0833": {
							"post": [-3.74802, 0.00071, 0.03255],
							"lerp_mode": "catmullrom"
						},
						"46.5": {
							"post": [-9.98532, -0.43376, -2.46211],
							"lerp_mode": "catmullrom"
						},
						"47.8333": {
							"post": [9.98532, 0.43376, -2.46211],
							"lerp_mode": "catmullrom"
						},
						"48.0": {
							"post": [9.44, 0.43, -2.09],
							"lerp_mode": "catmullrom"
						},
						"48.75": {
							"post": [-3.74802, 0.00071, 0.03255],
							"lerp_mode": "catmullrom"
						},
						"49.1667": {
							"post": [-9.98532, -0.43376, -2.46211],
							"lerp_mode": "catmullrom"
						},
						"49.375": {
							"post": [-6.86, -0.3, -2.46],
							"lerp_mode": "catmullrom"
						},
						"50.5": {
							"post": [9.98532, 0.43376, -2.46211],
							"lerp_mode": "catmullrom"
						},
						"51.4167": {
							"post": [-3.74802, 0.00071, 0.03255],
							"lerp_mode": "catmullrom"
						},
						"51.8333": {
							"post": [-9.98532, -0.43376, -2.46211],
							"lerp_mode": "catmullrom"
						},
						"53.1667": {
							"post": [9.98532, 0.43376, -2.46211],
							"lerp_mode": "catmullrom"
						},
						"54.0833": {
							"post": [-3.74802, 0.00071, 0.03255],
							"lerp_mode": "catmullrom"
						},
						"54.5": {
							"post": [-9.98532, -0.43376, -2.46211],
							"lerp_mode": "catmullrom"
						},
						"55.8333": {
							"post": [9.98532, 0.43376, -2.46211],
							"lerp_mode": "catmullrom"
						},
						"56.0": {
							"post": [9.44, 0.43, -2.09],
							"lerp_mode": "catmullrom"
						},
						"56.75": {
							"post": [-3.74802, 0.00071, 0.03255],
							"lerp_mode": "catmullrom"
						},
						"57.1667": {
							"post": [-9.98532, -0.43376, -2.46211],
							"lerp_mode": "catmullrom"
						},
						"57.375": {
							"post": [-6.86, -0.3, -2.46],
							"lerp_mode": "catmullrom"
						},
						"58.5": {
							"post": [9.98532, 0.43376, -2.46211],
							"lerp_mode": "catmullrom"
						},
						"59.4167": {
							"post": [-3.74802, 0.00071, 0.03255],
							"lerp_mode": "catmullrom"
						},
						"59.8333": {
							"post": [-9.98532, -0.43376, -2.46211],
							"lerp_mode": "catmullrom"
						},
						"61.1667": {
							"post": [9.98532, 0.43376, -2.46211],
							"lerp_mode": "catmullrom"
						},
						"62.0833": {
							"post": [-3.74802, 0.00071, 0.03255],
							"lerp_mode": "catmullrom"
						},
						"62.5": {
							"post": [-9.98532, -0.43376, -2.46211],
							"lerp_mode": "catmullrom"
						},
						"63.8333": {
							"post": [9.98532, 0.43376, -2.46211],
							"lerp_mode": "catmullrom"
						},
						"64.0": {
							"post": [9.44, 0.43, -2.09],
							"lerp_mode": "catmullrom"
						},
						"64.75": {
							"post": [-3.74802, 0.00071, 0.03255],
							"lerp_mode": "catmullrom"
						},
						"65.1667": {
							"post": [-9.98532, -0.43376, -2.46211],
							"lerp_mode": "catmullrom"
						},
						"65.375": {
							"post": [-6.86, -0.3, -2.46],
							"lerp_mode": "catmullrom"
						},
						"66.5": {
							"post": [9.98532, 0.43376, -2.46211],
							"lerp_mode": "catmullrom"
						},
						"67.4167": {
							"post": [-3.74802, 0.00071, 0.03255],
							"lerp_mode": "catmullrom"
						},
						"67.8333": {
							"post": [-9.98532, -0.43376, -2.46211],
							"lerp_mode": "catmullrom"
						},
						"69.1667": {
							"post": [9.98532, 0.43376, -2.46211],
							"lerp_mode": "catmullrom"
						},
						"70.0833": {
							"post": [-3.74802, 0.00071, 0.03255],
							"lerp_mode": "catmullrom"
						},
						"70.5": {
							"post": [-9.98532, -0.43376, -2.46211],
							"lerp_mode": "catmullrom"
						},
						"71.8333": {
							"post": [9.98532, 0.43376, -2.46211],
							"lerp_mode": "catmullrom"
						},
						"72.0": {
							"post": [9.44, 0.43, -2.09],
							"lerp_mode": "catmullrom"
						},
						"72.75": {
							"post": [-3.74802, 0.00071, 0.03255],
							"lerp_mode": "catmullrom"
						},
						"73.1667": {
							"post": [-9.98532, -0.43376, -2.46211],
							"lerp_mode": "catmullrom"
						},
						"73.375": {
							"post": [-6.86, -0.3, -2.46],
							"lerp_mode": "catmullrom"
						},
						"74.5": {
							"post": [9.98532, 0.43376, -2.46211],
							"lerp_mode": "catmullrom"
						},
						"75.4167": {
							"post": [-3.74802, 0.00071, 0.03255],
							"lerp_mode": "catmullrom"
						},
						"75.8333": {
							"post": [-9.98532, -0.43376, -2.46211],
							"lerp_mode": "catmullrom"
						},
						"77.1667": {
							"post": [9.98532, 0.43376, -2.46211],
							"lerp_mode": "catmullrom"
						},
						"78.0833": {
							"post": [-3.74802, 0.00071, 0.03255],
							"lerp_mode": "catmullrom"
						},
						"78.5": {
							"post": [-9.98532, -0.43376, -2.46211],
							"lerp_mode": "catmullrom"
						},
						"79.8333": {
							"post": [9.98532, 0.43376, -2.46211],
							"lerp_mode": "catmullrom"
						},
						"80.0": {
							"post": [9.44, 0.43, -2.09],
							"lerp_mode": "catmullrom"
						}
					},
					"position": {
						"0.0": [0, -0.35, -0.09],
						"0.5833": [0, -0.18, -0.39],
						"1.0833": [0, 0.44, -0.59],
						"1.1667": [0, -0.4, -0.7],
						"1.375": [0, -0.33, -0.59],
						"1.75": [0, -0.2, -0.39],
						"2.5": [0, -0.4, 0],
						"3.25": [0, -0.18, -0.39],
						"3.75": [0, 0.44, -0.59],
						"3.8333": [0, -0.4, -0.7],
						"4.4167": [0, -0.2, -0.39],
						"5.1667": [0, -0.4, 0],
						"5.9167": [0, -0.18, -0.39],
						"6.4167": [0, 0.44, -0.59],
						"6.5": [0, -0.4, -0.7],
						"7.0833": [0, -0.2, -0.39],
						"7.8333": [0, -0.4, 0],
						"8.0": [0, -0.35, -0.09],
						"8.5833": [0, -0.18, -0.39],
						"9.0833": [0, 0.44, -0.59],
						"9.1667": [0, -0.4, -0.7],
						"9.375": [0, -0.33, -0.59],
						"9.75": [0, -0.2, -0.39],
						"10.5": [0, -0.4, 0],
						"11.25": [0, -0.18, -0.39],
						"11.75": [0, 0.44, -0.59],
						"11.8333": [0, -0.4, -0.7],
						"12.4167": [0, -0.2, -0.39],
						"13.1667": [0, -0.4, 0],
						"13.9167": [0, -0.18, -0.39],
						"14.4167": [0, 0.44, -0.59],
						"14.5": [0, -0.4, -0.7],
						"15.0833": [0, -0.2, -0.39],
						"15.8333": [0, -0.4, 0],
						"16.0": [0, -0.35, -0.09],
						"16.5833": [0, -0.18, -0.39],
						"17.0833": [0, 0.44, -0.59],
						"17.1667": [0, -0.4, -0.7],
						"17.375": [0, -0.33, -0.59],
						"17.75": [0, -0.2, -0.39],
						"18.5": [0, -0.4, 0],
						"19.25": [0, -0.18, -0.39],
						"19.75": [0, 0.44, -0.59],
						"19.8333": [0, -0.4, -0.7],
						"20.4167": [0, -0.2, -0.39],
						"21.1667": [0, -0.4, 0],
						"21.9167": [0, -0.18, -0.39],
						"22.4167": [0, 0.44, -0.59],
						"22.5": [0, -0.4, -0.7],
						"23.0833": [0, -0.2, -0.39],
						"23.8333": [0, -0.4, 0],
						"24.0": [0, -0.35, -0.09],
						"24.5833": [0, -0.18, -0.39],
						"25.0833": [0, 0.44, -0.59],
						"25.1667": [0, -0.4, -0.7],
						"25.375": [0, -0.33, -0.59],
						"25.75": [0, -0.2, -0.39],
						"26.5": [0, -0.4, 0],
						"27.25": [0, -0.18, -0.39],
						"27.75": [0, 0.44, -0.59],
						"27.8333": [0, -0.4, -0.7],
						"28.4167": [0, -0.2, -0.39],
						"29.1667": [0, -0.4, 0],
						"29.9167": [0, -0.18, -0.39],
						"30.4167": [0, 0.44, -0.59],
						"30.5": [0, -0.4, -0.7],
						"31.0833": [0, -0.2, -0.39],
						"31.8333": [0, -0.4, 0],
						"32.0": [0, -0.35, -0.09],
						"32.5833": [0, -0.18, -0.39],
						"33.0833": [0, 0.44, -0.59],
						"33.1667": [0, -0.4, -0.7],
						"33.375": [0, -0.33, -0.59],
						"33.75": [0, -0.2, -0.39],
						"34.5": [0, -0.4, 0],
						"35.25": [0, -0.18, -0.39],
						"35.75": [0, 0.44, -0.59],
						"35.8333": [0, -0.4, -0.7],
						"36.4167": [0, -0.2, -0.39],
						"37.1667": [0, -0.4, 0],
						"37.9167": [0, -0.18, -0.39],
						"38.4167": [0, 0.44, -0.59],
						"38.5": [0, -0.4, -0.7],
						"39.0833": [0, -0.2, -0.39],
						"39.8333": [0, -0.4, 0],
						"40.0": [0, -0.35, -0.09],
						"40.5833": [0, -0.18, -0.39],
						"41.0833": [0, 0.44, -0.59],
						"41.1667": [0, -0.4, -0.7],
						"41.375": [0, -0.33, -0.59],
						"41.75": [0, -0.2, -0.39],
						"42.5": [0, -0.4, 0],
						"43.25": [0, -0.18, -0.39],
						"43.75": [0, 0.44, -0.59],
						"43.8333": [0, -0.4, -0.7],
						"44.4167": [0, -0.2, -0.39],
						"45.1667": [0, -0.4, 0],
						"45.9167": [0, -0.18, -0.39],
						"46.4167": [0, 0.44, -0.59],
						"46.5": [0, -0.4, -0.7],
						"47.0833": [0, -0.2, -0.39],
						"47.8333": [0, -0.4, 0],
						"48.0": [0, -0.35, -0.09],
						"48.5833": [0, -0.18, -0.39],
						"49.0833": [0, 0.44, -0.59],
						"49.1667": [0, -0.4, -0.7],
						"49.375": [0, -0.33, -0.59],
						"49.75": [0, -0.2, -0.39],
						"50.5": [0, -0.4, 0],
						"51.25": [0, -0.18, -0.39],
						"51.75": [0, 0.44, -0.59],
						"51.8333": [0, -0.4, -0.7],
						"52.4167": [0, -0.2, -0.39],
						"53.1667": [0, -0.4, 0],
						"53.9167": [0, -0.18, -0.39],
						"54.4167": [0, 0.44, -0.59],
						"54.5": [0, -0.4, -0.7],
						"55.0833": [0, -0.2, -0.39],
						"55.8333": [0, -0.4, 0],
						"56.0": [0, -0.35, -0.09],
						"56.5833": [0, -0.18, -0.39],
						"57.0833": [0, 0.44, -0.59],
						"57.1667": [0, -0.4, -0.7],
						"57.375": [0, -0.33, -0.59],
						"57.75": [0, -0.2, -0.39],
						"58.5": [0, -0.4, 0],
						"59.25": [0, -0.18, -0.39],
						"59.75": [0, 0.44, -0.59],
						"59.8333": [0, -0.4, -0.7],
						"60.4167": [0, -0.2, -0.39],
						"61.1667": [0, -0.4, 0],
						"61.9167": [0, -0.18, -0.39],
						"62.4167": [0, 0.44, -0.59],
						"62.5": [0, -0.4, -0.7],
						"63.0833": [0, -0.2, -0.39],
						"63.8333": [0, -0.4, 0],
						"64.0": [0, -0.35, -0.09],
						"64.5833": [0, -0.18, -0.39],
						"65.0833": [0, 0.44, -0.59],
						"65.1667": [0, -0.4, -0.7],
						"65.375": [0, -0.33, -0.59],
						"65.75": [0, -0.2, -0.39],
						"66.5": [0, -0.4, 0],
						"67.25": [0, -0.18, -0.39],
						"67.75": [0, 0.44, -0.59],
						"67.8333": [0, -0.4, -0.7],
						"68.4167": [0, -0.2, -0.39],
						"69.1667": [0, -0.4, 0],
						"69.9167": [0, -0.18, -0.39],
						"70.4167": [0, 0.44, -0.59],
						"70.5": [0, -0.4, -0.7],
						"71.0833": [0, -0.2, -0.39],
						"71.8333": [0, -0.4, 0],
						"72.0": [0, -0.35, -0.09],
						"72.5833": [0, -0.18, -0.39],
						"73.0833": [0, 0.44, -0.59],
						"73.1667": [0, -0.4, -0.7],
						"73.375": [0, -0.33, -0.59],
						"73.75": [0, -0.2, -0.39],
						"74.5": [0, -0.4, 0],
						"75.25": [0, -0.18, -0.39],
						"75.75": [0, 0.44, -0.59],
						"75.8333": [0, -0.4, -0.7],
						"76.4167": [0, -0.2, -0.39],
						"77.1667": [0, -0.4, 0],
						"77.9167": [0, -0.18, -0.39],
						"78.4167": [0, 0.44, -0.59],
						"78.5": [0, -0.4, -0.7],
						"79.0833": [0, -0.2, -0.39],
						"79.8333": [0, -0.4, 0],
						"80.0": [0, -0.35, -0.09]
					}
				},
				"torso": {
					"rotation": ["0-math.cos(query.anim_time*90*3)*1", "math.cos(query.anim_time*90*1.5-90)*5", "math.cos(query.anim_time*90*1.5-60)*-3"],
					"position": [0, "0-math.cos(query.anim_time*90*3-60)*0.2", "math.sin(query.anim_time*90*3-60)*0.3"]
				},
				"skirt_front_left": {
					"rotation": ["0-math.cos(query.anim_time*90*3-90)*3", 0, 0]
				},
				"skirt_front_left2": {
					"rotation": ["0-math.cos(query.anim_time*90*3-180)*5", 0, 0]
				},
				"skirt_front_left3": {
					"rotation": ["0-math.cos(query.anim_time*90*3-270)*8", 0, 0]
				},
				"skirt_front_right": {
					"rotation": ["0-math.cos(query.anim_time*90*3-90)*3", 0, 0]
				},
				"skirt_front_right2": {
					"rotation": ["0-math.cos(query.anim_time*90*3-180)*5", 0, 0]
				},
				"skirt_front_right3": {
					"rotation": ["0-math.cos(query.anim_time*90*3-270)*8", 0, 0]
				},
				"skirt_left": {
					"rotation": [0, 0, "0-math.cos(query.anim_time*90*3-90)*3"]
				},
				"skirt_right": {
					"rotation": [0, 0, "0+math.cos(query.anim_time*90*3-90)*3"]
				},
				"skirt_back_left": {
					"rotation": ["0+math.cos(query.anim_time*90*3+90)*3", 0, "math.cos(query.anim_time*90*1.5-90)*5"]
				},
				"skirt_back_left2": {
					"rotation": ["0-math.cos(query.anim_time*90*3+180)*4", 0, 0]
				},
				"skirt_back_left4": {
					"rotation": ["-10+math.cos(query.anim_time*90*3-60)*3", 0, 0]
				},
				"skirt_back_left5": {
					"rotation": ["14.8569-math.cos(query.anim_time*90*4-120)*6", 0, 0]
				},
				"skirt_back_right": {
					"rotation": ["0+math.cos(query.anim_time*90*3+90)*3", 0, "math.cos(query.anim_time*90*1.5-90)*5"]
				},
				"skirt_back_right2": {
					"rotation": ["0-math.cos(query.anim_time*90*3+180)*4", 0, 0]
				},
				"skirt_back_right4": {
					"rotation": ["-10+math.cos(query.anim_time*90*3)*3", 0, 0]
				},
				"skirt_back_right5": {
					"rotation": ["14.8569-math.cos(query.anim_time*90*4-120)*6", -1.22686, 1.51889]
				},
				"waist": {
					"rotation": ["-2.5-math.cos(query.anim_time*90*3-60)*1", 0, "math.cos(query.anim_time*90*1.5-60)*1"]
				},
				"hair_back": {
					"rotation": ["1+math.sin(query.anim_time*90*3-60)*1", 0, 0]
				},
				"skirt": {
					"rotation": [0, "math.cos(query.anim_time*90*1.5-120)*5", 0]
				},
				"hair": {
					"rotation": ["1-math.sin(query.anim_time*90*3-90)*1", 0, 0]
				},
				"hair_back_left3": {
					"rotation": ["1+math.sin(query.anim_time*90*3-90)*1", 0, 0]
				},
				"hair_back_left4": {
					"rotation": ["1+math.sin(query.anim_time*90*3-120)*1", 0, 0]
				},
				"hair_back_right3": {
					"rotation": ["1+math.sin(query.anim_time*90*3-90)*1", 0, 0]
				},
				"hair_back_right4": {
					"rotation": ["1+math.sin(query.anim_time*90*3-120)*1", 0, 0]
				},
				"leg_right2": {
					"rotation": {
						"0.0": {
							"post": [16.23, 0, 0],
							"lerp_mode": "catmullrom"
						},
						"0.2917": {
							"post": [17.5, 0, 0],
							"lerp_mode": "catmullrom"
						},
						"0.8333": {
							"post": [23.39, 0, 0],
							"lerp_mode": "catmullrom"
						},
						"1.1667": [0, 0, 0],
						"1.375": [0.29, 0, 0],
						"2.5": {
							"pre": [14.38, 0, 0],
							"post": [14.38, 0, 0],
							"lerp_mode": "catmullrom"
						},
						"2.9583": {
							"post": [17.5, 0, 0],
							"lerp_mode": "catmullrom"
						},
						"3.5": {
							"post": [23.39, 0, 0],
							"lerp_mode": "catmullrom"
						},
						"3.8333": {
							"post": [0, 0, 0],
							"lerp_mode": "catmullrom"
						},
						"5.125": {
							"post": [14.38, 0, 0],
							"lerp_mode": "catmullrom"
						},
						"5.5833": {
							"post": [17.5, 0, 0],
							"lerp_mode": "catmullrom"
						},
						"6.5": [0, 0, 0],
						"7.8333": {
							"pre": [14.38, 0, 0],
							"post": [14.38, 0, 0],
							"lerp_mode": "catmullrom"
						},
						"8.0": {
							"post": [16.23, 0, 0],
							"lerp_mode": "catmullrom"
						},
						"8.2917": {
							"post": [17.5, 0, 0],
							"lerp_mode": "catmullrom"
						},
						"8.8333": {
							"post": [23.39, 0, 0],
							"lerp_mode": "catmullrom"
						},
						"9.1667": [0, 0, 0],
						"9.375": [0.29, 0, 0],
						"10.5": {
							"pre": [14.38, 0, 0],
							"post": [14.38, 0, 0],
							"lerp_mode": "catmullrom"
						},
						"10.9583": {
							"post": [17.5, 0, 0],
							"lerp_mode": "catmullrom"
						},
						"11.5": {
							"post": [23.39, 0, 0],
							"lerp_mode": "catmullrom"
						},
						"11.8333": {
							"post": [0, 0, 0],
							"lerp_mode": "catmullrom"
						},
						"13.125": {
							"post": [14.38, 0, 0],
							"lerp_mode": "catmullrom"
						},
						"13.5833": {
							"post": [17.5, 0, 0],
							"lerp_mode": "catmullrom"
						},
						"14.5": [0, 0, 0],
						"15.8333": {
							"pre": [14.38, 0, 0],
							"post": [14.38, 0, 0],
							"lerp_mode": "catmullrom"
						},
						"16.0": {
							"post": [16.23, 0, 0],
							"lerp_mode": "catmullrom"
						},
						"16.2917": {
							"post": [17.5, 0, 0],
							"lerp_mode": "catmullrom"
						},
						"16.8333": {
							"post": [23.39, 0, 0],
							"lerp_mode": "catmullrom"
						},
						"17.1667": [0, 0, 0],
						"17.375": [0.29, 0, 0],
						"18.5": {
							"pre": [14.38, 0, 0],
							"post": [14.38, 0, 0],
							"lerp_mode": "catmullrom"
						},
						"18.9583": {
							"post": [17.5, 0, 0],
							"lerp_mode": "catmullrom"
						},
						"19.5": {
							"post": [23.39, 0, 0],
							"lerp_mode": "catmullrom"
						},
						"19.8333": {
							"post": [0, 0, 0],
							"lerp_mode": "catmullrom"
						},
						"21.125": {
							"post": [14.38, 0, 0],
							"lerp_mode": "catmullrom"
						},
						"21.5833": {
							"post": [17.5, 0, 0],
							"lerp_mode": "catmullrom"
						},
						"22.5": [0, 0, 0],
						"23.8333": {
							"pre": [14.38, 0, 0],
							"post": [14.38, 0, 0],
							"lerp_mode": "catmullrom"
						},
						"24.0": {
							"post": [16.23, 0, 0],
							"lerp_mode": "catmullrom"
						},
						"24.2917": {
							"post": [17.5, 0, 0],
							"lerp_mode": "catmullrom"
						},
						"24.8333": {
							"post": [23.39, 0, 0],
							"lerp_mode": "catmullrom"
						},
						"25.1667": [0, 0, 0],
						"25.375": [0.29, 0, 0],
						"26.5": {
							"pre": [14.38, 0, 0],
							"post": [14.38, 0, 0],
							"lerp_mode": "catmullrom"
						},
						"26.9583": {
							"post": [17.5, 0, 0],
							"lerp_mode": "catmullrom"
						},
						"27.5": {
							"post": [23.39, 0, 0],
							"lerp_mode": "catmullrom"
						},
						"27.8333": {
							"post": [0, 0, 0],
							"lerp_mode": "catmullrom"
						},
						"29.125": {
							"post": [14.38, 0, 0],
							"lerp_mode": "catmullrom"
						},
						"29.5833": {
							"post": [17.5, 0, 0],
							"lerp_mode": "catmullrom"
						},
						"30.5": [0, 0, 0],
						"31.8333": {
							"pre": [14.38, 0, 0],
							"post": [14.38, 0, 0],
							"lerp_mode": "catmullrom"
						},
						"32.0": {
							"post": [16.23, 0, 0],
							"lerp_mode": "catmullrom"
						},
						"32.2917": {
							"post": [17.5, 0, 0],
							"lerp_mode": "catmullrom"
						},
						"32.8333": {
							"post": [23.39, 0, 0],
							"lerp_mode": "catmullrom"
						},
						"33.1667": [0, 0, 0],
						"33.375": [0.29, 0, 0],
						"34.5": {
							"pre": [14.38, 0, 0],
							"post": [14.38, 0, 0],
							"lerp_mode": "catmullrom"
						},
						"34.9583": {
							"post": [17.5, 0, 0],
							"lerp_mode": "catmullrom"
						},
						"35.5": {
							"post": [23.39, 0, 0],
							"lerp_mode": "catmullrom"
						},
						"35.8333": {
							"post": [0, 0, 0],
							"lerp_mode": "catmullrom"
						},
						"37.125": {
							"post": [14.38, 0, 0],
							"lerp_mode": "catmullrom"
						},
						"37.5833": {
							"post": [17.5, 0, 0],
							"lerp_mode": "catmullrom"
						},
						"38.5": [0, 0, 0],
						"39.8333": {
							"pre": [14.38, 0, 0],
							"post": [14.38, 0, 0],
							"lerp_mode": "catmullrom"
						},
						"40.0": {
							"post": [16.23, 0, 0],
							"lerp_mode": "catmullrom"
						},
						"40.2917": {
							"post": [17.5, 0, 0],
							"lerp_mode": "catmullrom"
						},
						"40.8333": {
							"post": [23.39, 0, 0],
							"lerp_mode": "catmullrom"
						},
						"41.1667": [0, 0, 0],
						"41.375": [0.29, 0, 0],
						"42.5": {
							"pre": [14.38, 0, 0],
							"post": [14.38, 0, 0],
							"lerp_mode": "catmullrom"
						},
						"42.9583": {
							"post": [17.5, 0, 0],
							"lerp_mode": "catmullrom"
						},
						"43.5": {
							"post": [23.39, 0, 0],
							"lerp_mode": "catmullrom"
						},
						"43.8333": {
							"post": [0, 0, 0],
							"lerp_mode": "catmullrom"
						},
						"45.125": {
							"post": [14.38, 0, 0],
							"lerp_mode": "catmullrom"
						},
						"45.5833": {
							"post": [17.5, 0, 0],
							"lerp_mode": "catmullrom"
						},
						"46.5": [0, 0, 0],
						"47.8333": {
							"pre": [14.38, 0, 0],
							"post": [14.38, 0, 0],
							"lerp_mode": "catmullrom"
						},
						"48.0": {
							"post": [16.23, 0, 0],
							"lerp_mode": "catmullrom"
						},
						"48.2917": {
							"post": [17.5, 0, 0],
							"lerp_mode": "catmullrom"
						},
						"48.8333": {
							"post": [23.39, 0, 0],
							"lerp_mode": "catmullrom"
						},
						"49.1667": [0, 0, 0],
						"49.375": [0.29, 0, 0],
						"50.5": {
							"pre": [14.38, 0, 0],
							"post": [14.38, 0, 0],
							"lerp_mode": "catmullrom"
						},
						"50.9583": {
							"post": [17.5, 0, 0],
							"lerp_mode": "catmullrom"
						},
						"51.5": {
							"post": [23.39, 0, 0],
							"lerp_mode": "catmullrom"
						},
						"51.8333": {
							"post": [0, 0, 0],
							"lerp_mode": "catmullrom"
						},
						"53.125": {
							"post": [14.38, 0, 0],
							"lerp_mode": "catmullrom"
						},
						"53.5833": {
							"post": [17.5, 0, 0],
							"lerp_mode": "catmullrom"
						},
						"54.5": [0, 0, 0],
						"55.8333": {
							"pre": [14.38, 0, 0],
							"post": [14.38, 0, 0],
							"lerp_mode": "catmullrom"
						},
						"56.0": {
							"post": [16.23, 0, 0],
							"lerp_mode": "catmullrom"
						},
						"56.2917": {
							"post": [17.5, 0, 0],
							"lerp_mode": "catmullrom"
						},
						"56.8333": {
							"post": [23.39, 0, 0],
							"lerp_mode": "catmullrom"
						},
						"57.1667": [0, 0, 0],
						"57.375": [0.29, 0, 0],
						"58.5": {
							"pre": [14.38, 0, 0],
							"post": [14.38, 0, 0],
							"lerp_mode": "catmullrom"
						},
						"58.9583": {
							"post": [17.5, 0, 0],
							"lerp_mode": "catmullrom"
						},
						"59.5": {
							"post": [23.39, 0, 0],
							"lerp_mode": "catmullrom"
						},
						"59.8333": {
							"post": [0, 0, 0],
							"lerp_mode": "catmullrom"
						},
						"61.125": {
							"post": [14.38, 0, 0],
							"lerp_mode": "catmullrom"
						},
						"61.5833": {
							"post": [17.5, 0, 0],
							"lerp_mode": "catmullrom"
						},
						"62.5": [0, 0, 0],
						"63.8333": {
							"pre": [14.38, 0, 0],
							"post": [14.38, 0, 0],
							"lerp_mode": "catmullrom"
						},
						"64.0": {
							"post": [16.23, 0, 0],
							"lerp_mode": "catmullrom"
						},
						"64.2917": {
							"post": [17.5, 0, 0],
							"lerp_mode": "catmullrom"
						},
						"64.8333": {
							"post": [23.39, 0, 0],
							"lerp_mode": "catmullrom"
						},
						"65.1667": [0, 0, 0],
						"65.375": [0.29, 0, 0],
						"66.5": {
							"pre": [14.38, 0, 0],
							"post": [14.38, 0, 0],
							"lerp_mode": "catmullrom"
						},
						"66.9583": {
							"post": [17.5, 0, 0],
							"lerp_mode": "catmullrom"
						},
						"67.5": {
							"post": [23.39, 0, 0],
							"lerp_mode": "catmullrom"
						},
						"67.8333": {
							"post": [0, 0, 0],
							"lerp_mode": "catmullrom"
						},
						"69.125": {
							"post": [14.38, 0, 0],
							"lerp_mode": "catmullrom"
						},
						"69.5833": {
							"post": [17.5, 0, 0],
							"lerp_mode": "catmullrom"
						},
						"70.5": [0, 0, 0],
						"71.8333": {
							"pre": [14.38, 0, 0],
							"post": [14.38, 0, 0],
							"lerp_mode": "catmullrom"
						},
						"72.0": {
							"post": [16.23, 0, 0],
							"lerp_mode": "catmullrom"
						},
						"72.2917": {
							"post": [17.5, 0, 0],
							"lerp_mode": "catmullrom"
						},
						"72.8333": {
							"post": [23.39, 0, 0],
							"lerp_mode": "catmullrom"
						},
						"73.1667": [0, 0, 0],
						"73.375": [0.29, 0, 0],
						"74.5": {
							"pre": [14.38, 0, 0],
							"post": [14.38, 0, 0],
							"lerp_mode": "catmullrom"
						},
						"74.9583": {
							"post": [17.5, 0, 0],
							"lerp_mode": "catmullrom"
						},
						"75.5": {
							"post": [23.39, 0, 0],
							"lerp_mode": "catmullrom"
						},
						"75.8333": {
							"post": [0, 0, 0],
							"lerp_mode": "catmullrom"
						},
						"77.125": {
							"post": [14.38, 0, 0],
							"lerp_mode": "catmullrom"
						},
						"77.5833": {
							"post": [17.5, 0, 0],
							"lerp_mode": "catmullrom"
						},
						"78.5": [0, 0, 0],
						"79.8333": {
							"pre": [14.38, 0, 0],
							"post": [14.38, 0, 0],
							"lerp_mode": "catmullrom"
						},
						"80.0": {
							"post": [16.23, 0, 0],
							"lerp_mode": "catmullrom"
						}
					}
				},
				"skirt_front": {
					"rotation": ["0-math.cos(query.anim_time*90*3-90)*3", 0, 0]
				},
				"skirt_front2": {
					"rotation": ["0-math.cos(query.anim_time*90*3-180)*5", 0, 0]
				},
				"skirt_front3": {
					"rotation": ["-5-math.cos(query.anim_time*90*3-270)*8", 0, 0]
				},
				"skirt_left4": {
					"rotation": [0, 0, "0-math.cos(query.anim_time*90*3-90)*3"]
				},
				"skirt_left5": {
					"rotation": [0, 0, "-5-math.cos(query.anim_time*90*3-180)*4"]
				},
				"skirt_left6": {
					"rotation": [0, 0, "-5-math.cos(query.anim_time*90*3-270)*9"]
				},
				"skirt_right4": {
					"rotation": [0, 0, "0+math.cos(query.anim_time*90*3-90)*3"]
				},
				"skirt_right5": {
					"rotation": [0, 0, "5+math.cos(query.anim_time*90*3-180)*4"]
				},
				"skirt_right6": {
					"rotation": [0, 0, "5+math.cos(query.anim_time*90*3-270)*9"]
				},
				"wisp": {
					"position": [0, "-5-math.cos(query.anim_time*30*1-300)*3", 0]
				},
				"wisp2": {
					"position": [0, "-1-math.cos(query.anim_time*35*1-300)*3", 0]
				},
				"wisp3": {
					"position": [0, "-5-math.cos(query.anim_time*25*1-300)*3", 0]
				},
				"wisp4": {
					"position": [0, "-0+math.cos(query.anim_time*20*1-300)*3", 0]
				},
				"wisp5": {
					"position": [0, "-3-math.cos(query.anim_time*60*1-300)*3", 0]
				},
				"gammawisp": {
					"rotation": [0, "math.mod(query.anim_time*0.3,1)*360", 0]
				}
			}
		},
		"animation.gardevoir_altered_mega.battle_idle": {
			"loop": true,
			"bones": {
				"skirt_left2": {
					"rotation": [0, 0, "-5-math.cos(query.anim_time*90*1-180)*4"]
				},
				"skirt_left3": {
					"rotation": [0, 0, "-5-math.cos(query.anim_time*90*1-270)*9"]
				},
				"skirt_right2": {
					"rotation": [0, 0, "5+math.cos(query.anim_time*90*1-180)*4"]
				},
				"skirt_right3": {
					"rotation": [0, 0, "5+math.cos(query.anim_time*90*1-270)*9"]
				},
				"skirt_back_left3": {
					"rotation": ["10-math.cos(query.anim_time*90*1-270)*7", 0, -5]
				},
				"skirt_back_right3": {
					"rotation": ["10-math.cos(query.anim_time*90*1-270)*7", 0, 5]
				},
				"chest": {
					"rotation": ["0.0152-math.cos(query.anim_time*90*1-90)*1", 0, 0]
				},
				"arm_left": {
					"rotation": [-11.09318, -26.00778, 49.84685]
				},
				"arm_left2": {
					"rotation": [0, "22.5-math.cos(query.anim_time*90*1-190)*8", 0]
				},
				"hand_left": {
					"rotation": [0, 0, 10]
				},
				"arm_right": {
					"rotation": [7.69964, -0.26865, -40.11029],
					"position": [0, 0, 0]
				},
				"arm_right2": {
					"rotation": [0, "-57.5+math.cos(query.anim_time*90*1-240)*10", 0]
				},
				"hand_right": {
					"rotation": [0, 0, -7.5]
				},
				"neck": {
					"rotation": ["-2.8216-math.cos(query.anim_time*90*1-120)*2", "27.6039-math.cos(query.anim_time*90*1)*2", -0.6399],
					"position": [0, 0, -0.4]
				},
				"head": {
					"rotation": ["9.7231+math.cos(query.anim_time*90*1-120)*4", -3.3452, 1.43681]
				},
				"leg_left": {
					"rotation": [5.11161, -12.23398, -3.59546]
				},
				"leg_left2": {
					"rotation": [5, 0, 0]
				},
				"leg_right": {
					"rotation": [-12.5, 17.5, 0],
					"position": [0, -0.6, 0]
				},
				"torso": {
					"rotation": ["0-math.cos(query.anim_time*90*1)*0.5", "math.cos(query.anim_time*90*1)*2", 0],
					"position": [0, "0-math.sin(query.anim_time*90*1-60)*0.2", 0]
				},
				"skirt_front_left": {
					"rotation": ["0-math.cos(query.anim_time*90*1-90)*3", 0, 0]
				},
				"skirt_front_left2": {
					"rotation": ["0-math.cos(query.anim_time*90*1-180)*5", 0, 0]
				},
				"skirt_front_left3": {
					"rotation": ["0-math.cos(query.anim_time*90*1-270)*8", 0, 0]
				},
				"skirt_front_right": {
					"rotation": ["0-math.cos(query.anim_time*90*1-90)*3", 0, 0]
				},
				"skirt_front_right2": {
					"rotation": ["0-math.cos(query.anim_time*90*1-180)*5", 0, 0]
				},
				"skirt_front_right3": {
					"rotation": ["0-math.cos(query.anim_time*90*1-270)*8", 0, 0]
				},
				"skirt_left": {
					"rotation": [0, 0, "0-math.cos(query.anim_time*90*1-90)*3"]
				},
				"skirt_right": {
					"rotation": [0, 0, "0+math.cos(query.anim_time*90*1-90)*3"]
				},
				"skirt_back_left": {
					"rotation": ["0+math.cos(query.anim_time*90*1+90)*3", 0, 0]
				},
				"skirt_back_left2": {
					"rotation": ["0-math.cos(query.anim_time*90*1+180)*4", 0, 0]
				},
				"skirt_back_left4": {
					"rotation": ["-5-math.cos(query.anim_time*90*1-300)*3", 0, 0]
				},
				"skirt_back_left5": {
					"rotation": ["14.8569-math.cos(query.anim_time*90*3/2)*6", 0, 0]
				},
				"skirt_back_right": {
					"rotation": ["0+math.cos(query.anim_time*90*1+90)*3", 0, 0]
				},
				"skirt_back_right2": {
					"rotation": ["0-math.cos(query.anim_time*90*1+180)*4", 0, 0]
				},
				"skirt_back_right4": {
					"rotation": ["-5-math.cos(query.anim_time*90*1-300)*3", 0, 0]
				},
				"skirt_back_right5": {
					"rotation": ["14.8569-math.cos(query.anim_time*90*3/2)*6", -1.22686, 1.51889]
				},
				"waist": {
					"rotation": ["0.2301-math.cos(query.anim_time*90*1-60)*0.5", -2.10032, -1.08729]
				},
				"leg_right2": {
					"rotation": [10, 0, 0]
				},
				"body": {
					"rotation": [0, -25, 0]
				},
				"hair_back": {
					"rotation": [5, 0, 0]
				},
				"skirt": {
					"rotation": [0, "math.cos(query.anim_time*90*1-90)*2", 0]
				},
				"skirt_front": {
					"rotation": ["-math.cos(query.anim_time*90*1-90)*3", 0, 0]
				},
				"skirt_front2": {
					"rotation": ["-2-math.cos(query.anim_time*90*1-180)*5", 0, 0]
				},
				"skirt_front3": {
					"rotation": ["-3-math.cos(query.anim_time*90*1-270)*8", 0, 0]
				},
				"wisp": {
					"position": [0, "-5-math.cos(query.anim_time*60*1-300)*3", 0]
				},
				"wisp2": {
					"position": [0, "-1-math.cos(query.anim_time*70*1-300)*3", 0]
				},
				"wisp3": {
					"position": [0, "-5-math.cos(query.anim_time*50*1-300)*3", 0]
				},
				"wisp4": {
					"position": [0, "-0+math.cos(query.anim_time*40*1-300)*3", 0]
				},
				"wisp5": {
					"position": [0, "-3-math.cos(query.anim_time*120*1-300)*3", 0]
				},
				"gammawisp": {
					"rotation": [0, "math.mod(query.anim_time*0.3,1)*360", 0]
				},
				"wisp6": {
					"position": [0, "-5+math.cos(query.anim_time*130*1-300)*3", 0]
				},
				"wisp7": {
					"position": [0, "-5-math.cos(query.anim_time*80*1-300)*3", 0]
				}
			}
		},
		"animation.gardevoir_altered_mega.battle_quirk": {
			"animation_length": 9,
			"bones": {
				"torso": {
					"rotation": {
						"0.0": [0, 0, 0],
						"0.5": [0, 20, 0],
						"8.5": [0, 20, 0],
						"9.0": [0, 0, 0]
					}
				},
				"arm_left": {
					"rotation": {
						"0.0": {
							"post": [0, 0, 0],
							"lerp_mode": "catmullrom"
						},
						"0.5": {
							"post": [3.01023, 48.75139, 7.98343],
							"lerp_mode": "catmullrom"
						},
						"8.5": {
							"post": [3.01, 48.75, 7.98],
							"lerp_mode": "catmullrom"
						},
						"9.0": [0, 0, 0]
					}
				},
				"arm_left2": {
					"rotation": {
						"0.0": [0, 0, 0],
						"0.5": [17.83295, "2.3821+math.cos(query.anim_time*90*1-190)*8", 75.82845],
						"8.5": [17.83295, "2.3821+math.cos(query.anim_time*90*1-190)*8", 75.82845],
						"9.0": [0, 0, 0]
					}
				},
				"arm_right": {
					"rotation": {
						"0.0": {
							"post": [0, 0, 0],
							"lerp_mode": "catmullrom"
						},
						"0.5": {
							"post": [4.57523, -16.51562, -17.88064],
							"lerp_mode": "catmullrom"
						},
						"8.5": {
							"post": [4.57523, -16.51562, -17.88064],
							"lerp_mode": "catmullrom"
						},
						"9.0": [0, 0, 0]
					}
				},
				"arm_right2": {
					"rotation": {
						"0.0": [0, 0, 0],
						"0.5": [17.01501, "-math.cos(query.anim_time*90*1-240)*10", -63.01346],
						"8.5": [17.01501, "-math.cos(query.anim_time*90*1-240)*10", -63.01346],
						"9.0": [0, 0, 0]
					}
				},
				"neck": {
					"rotation": {
						"0.0": [0, 0, 0],
						"0.5": [0, -17.5, 0],
						"8.5": [0, -17.5, 0],
						"9.0": [0, 0, 0]
					}
				},
				"head": {
					"rotation": {
						"0.0": [0, 0, 0],
						"0.5": [12.5, 0, 0],
						"8.5": [12.5, 0, 0],
						"9.0": [0, 0, 0]
					}
				},
				"eyelid_left": {
					"position": {
						"0.0": [0, 0, 0],
						"0.3333": [0, 0, 0],
						"0.375": [0, 0, -0.1],
						"8.625": [0, 0, -0.1],
						"8.6667": [0, 0, 0]
					}
				},
				"eyelid_right": {
					"position": {
						"0.0": [0, 0, 0],
						"0.3333": [0, 0, 0],
						"0.375": [0, 0, -0.1],
						"8.625": [0, 0, -0.1],
						"8.6667": [0, 0, 0]
					}
				},
				"wisps": {
					"rotation": {
						"0.0": [0, 0, 0],
						"1.0": [0, 60, 0],
						"2.0": [0, 165, 0],
						"3.0": [0, 300, 0],
						"4.0": [0, 530, 0],
						"5.0": [0, 750, 0],
						"6.0": [0, 1090, 0],
						"7.0": [0, 1490, 0],
						"8.0": [0, 1700, 0],
						"9.0": [0, 1800, 0]
					}
				}
			}
		},
		"animation.gardevoir_altered_mega.blink": {
			"animation_length": 0.1667,
			"bones": {
				"eyelid_left": {
					"position": {
						"0.0": [0, 0, -0.1],
						"0.125": [0, 0, -0.1],
						"0.1667": [0, 0, 0]
					}
				},
				"eyelid_right": {
					"position": {
						"0.0": [0, 0, -0.1],
						"0.125": [0, 0, -0.1],
						"0.1667": [0, 0, 0]
					}
				}
			}
		},
		"animation.gardevoir_altered_mega.sleep": {
			"loop": true,
			"bones": {
				"skirt_left2": {
					"rotation": [0, 0, "-37.5-math.cos(query.anim_time*90*0.5-180)*0.5"]
				},
				"skirt_left3": {
					"rotation": [0, 0, "-17.5-math.cos(query.anim_time*90*0.5-270)*0.5"]
				},
				"skirt_right2": {
					"rotation": [0, 0, "37.5+math.cos(query.anim_time*90*0.5-180)*0.5"]
				},
				"skirt_right3": {
					"rotation": [0, 0, "17.5+math.cos(query.anim_time*90*0.5-270)*0.5"]
				},
				"skirt_back_left3": {
					"rotation": ["17.5-math.cos(query.anim_time*90*0.5-270)*0.5", 0, -5]
				},
				"skirt_back_right3": {
					"rotation": ["17.5-math.cos(query.anim_time*90*0.5-270)*0.5", 0, 5]
				},
				"chest": {
					"rotation": ["10-math.cos(query.anim_time*90*0.5-90)*1", 0, 0],
					"position": [0, 0, -0.1]
				},
				"arm_left": {
					"rotation": [24.09322, 20.5206, 74.94406],
					"position": [-0.3, -0.75, -0.25]
				},
				"arm_left2": {
					"rotation": [0, 57.5, 0]
				},
				"hand_left": {
					"rotation": [0, 0, 10]
				},
				"arm_right": {
					"rotation": [24.09322, -20.5206, -74.94406],
					"position": [0.3, -0.75, -0.25]
				},
				"arm_right2": {
					"rotation": [0, -57.5, 0]
				},
				"hand_right": {
					"rotation": [0, 0, -7.5]
				},
				"neck": {
					"rotation": ["22.5-math.cos(query.anim_time*90*0.5-120)*2", 0, 0],
					"position": [0, 0, -0.4]
				},
				"head": {
					"rotation": ["17.5+math.cos(query.anim_time*90*0.5-120)*4", 0, 0]
				},
				"leg_left": {
					"rotation": [-29.72886, -9.99557, -1.35214],
					"position": [0, 0.75, -0.5]
				},
				"leg_left2": {
					"rotation": [120, 0, 0],
					"position": [0, -0.8, 0.6]
				},
				"leg_right": {
					"rotation": [-29.72886, 9.99557, 1.35214],
					"position": [0, 0.75, -0.5]
				},
				"torso": {
					"rotation": ["0-math.cos(query.anim_time*90*0.5)*0.5", 0, 0],
					"position": [0, "0-math.sin(query.anim_time*90*0.5-60)*0.1", 0]
				},
				"skirt_front_left": {
					"rotation": ["-12.5-math.cos(query.anim_time*90*0.5-90)*0.5", 0, 0]
				},
				"skirt_front_left2": {
					"rotation": ["-27.5-math.cos(query.anim_time*90*0.5-180)*0.5", 0, 0]
				},
				"skirt_front_left3": {
					"rotation": ["-37.5-math.cos(query.anim_time*90*0.5-270)*0.5", 0, 0]
				},
				"skirt_front_right": {
					"rotation": ["-12.5-math.cos(query.anim_time*90*0.5-90)*0.5", 0, 0]
				},
				"skirt_front_right2": {
					"rotation": ["-27.5-math.cos(query.anim_time*90*0.5-180)*0.5", 0, 0]
				},
				"skirt_front_right3": {
					"rotation": ["-37.5-math.cos(query.anim_time*90*0.5-270)*0.5", 0, 0]
				},
				"skirt_left": {
					"rotation": [5, 0, "-7.5-math.cos(query.anim_time*90*0.5-90)*0.5"]
				},
				"skirt_right": {
					"rotation": [5, 0, "7.5+math.cos(query.anim_time*90*0.5-90)*0.5"]
				},
				"skirt_back_left": {
					"rotation": ["12.5-math.cos(query.anim_time*90*0.5+90)*0.5", 2.5, 0]
				},
				"skirt_back_left2": {
					"rotation": ["22.5-math.cos(query.anim_time*90*0.5+180)*0.5", 0, 0]
				},
				"skirt_back_left4": {
					"rotation": ["-37.5-math.cos(query.anim_time*90*0.5-300)*0.5", 0, 0]
				},
				"skirt_back_left5": {
					"rotation": ["14.8569-math.cos(query.anim_time*90*3/2)*6", 0, 0]
				},
				"skirt_back_right": {
					"rotation": ["12.5-math.cos(query.anim_time*90*0.5+90)*0.5", -2.5, 0]
				},
				"skirt_back_right2": {
					"rotation": ["22.5-math.cos(query.anim_time*90*0.5+180)*0.5", 0, 0]
				},
				"skirt_back_right4": {
					"rotation": ["-37.5-math.cos(query.anim_time*90*0.5-300)*0.5", 0, 0]
				},
				"skirt_back_right5": {
					"rotation": ["14.8569-math.cos(query.anim_time*90*3/2)*6", -1.22686, 1.51889]
				},
				"waist": {
					"rotation": ["12.5-math.cos(query.anim_time*90*0.5-60)*0.5", 0, 0]
				},
				"finger_front_left": {
					"rotation": [0, 0, 52.5],
					"position": [-1, 0, 0]
				},
				"finger_center_left": {
					"rotation": [0, 0, 35],
					"position": [-1, 0, 0]
				},
				"finger_back_left": {
					"rotation": [0, 0, 22.5],
					"position": [-0.75, 0, 0]
				},
				"finger_front_right": {
					"rotation": [0, 0, 0]
				},
				"finger_center_right": {
					"rotation": [0, 0, -15],
					"position": [0, 0, 0]
				},
				"finger_back_right": {
					"rotation": [0, 0, -20],
					"position": [0.6, 0.2, -0.1]
				},
				"leg_right2": {
					"rotation": [120, 0, 0],
					"position": [0, -0.8, 0.6]
				},
				"body": {
					"position": [0, -10.3, 0]
				},
				"skirt": {
					"position": [0, 0.6, 0]
				},
				"eyelid_left": {
					"position": [0, 0, -0.1]
				},
				"eyelid_right": {
					"position": [0, 0, -0.1]
				},
				"wisp": {
					"position": [0, "6-math.cos(query.anim_time*15*1-300)*3", 0]
				},
				"wisp2": {
					"position": [0, "8-math.cos(query.anim_time*17.5*1-300)*3", 0]
				},
				"wisp3": {
					"position": [0, "-5-math.cos(query.anim_time*12.5*1-300)*3", 0]
				},
				"wisp4": {
					"position": [0, "-0+math.cos(query.anim_time*10*1-300)*3", 0]
				},
				"wisp5": {
					"position": [0, "-3-math.cos(query.anim_time*30*1-300)*3", 0]
				},
				"gammawisp": {
					"rotation": [0, "math.mod(query.anim_time*0.3,1)*360", 0]
				}
			}
		},
		"animation.gardevoir_altered_mega.cry": {
			"animation_length": 2,
			"bones": {
				"head": {
					"rotation": {
						"0.2083": [0, 0, 0],
						"0.4583": {
							"pre": [-20, 0, 0],
							"post": [-20, 0, 0],
							"lerp_mode": "catmullrom"
						},
						"1.0417": {
							"post": [-20, 0, 0],
							"lerp_mode": "catmullrom"
						},
						"1.4167": {
							"post": [2.5, 0, 0],
							"lerp_mode": "catmullrom"
						},
						"2.0": [0, 0, 0]
					}
				},
				"mouth_open": {
					"position": {
						"0.125": [0, 0, 0],
						"0.25": {"pre": [0, 0, 0], "post": [0, -0.1, -0.1]},
						"1.375": [0, -0.1, -0.1],
						"1.5": {"pre": [0, -0.1, -0.1], "post": [0, 0, 0]}
					}
				},
				"chest": {
					"rotation": {
						"0.0": [0, 0, 0],
						"0.2083": {
							"pre": [5, 0, 0],
							"post": [5, 0, 0],
							"lerp_mode": "catmullrom"
						},
						"0.9583": {
							"post": [-2.37, 0, 0],
							"lerp_mode": "catmullrom"
						},
						"1.7917": [0, 0, 0]
					}
				},
				"neck": {
					"rotation": {
						"0.0": [0, 0, 0],
						"0.3333": [5, 0, 0],
						"1.5": [0, 0, 0]
					}
				}
			},
			"sound_effects": {
				"0.25": {
					"effect": "gardevoir_altered_mega_cry"
				}
			}
		}
	}
}