{
	"format_version": "1.8.0",
	"animations": {
		"animation.skeletox.ground_walk": {
			"loop": true,
			"animation_length": 8,
			"bones": {
				"top": {
					"rotation": [5, 0, 0]
				},
				"second": {
					"rotation": [-2.5, 0, 0]
				},
				"third": {
					"rotation": [-2.5, 0, 0],
					"scale": "1 + Math.sin(query.anim_time * 90) * 0.2"
				},
				"bone6": {
					"rotation": [-10, 0, 0]
				},
				"bone11": {
					"rotation": [-17.5, 0, 0]
				},
				"bone12": {
					"rotation": ["-47.5 + Math.sin(query.anim_time * 180 + 10) * 20", 0, 0]
				},
				"bone13": {
					"rotation": ["60 + Math.sin(query.anim_time * 90 + 10) * 20", 0, 0]
				},
				"bone16": {
					"rotation": [47.5, 0, 0]
				},
				"bottom": {
					"scale": "1 + Math.sin(query.anim_time * 90) * 0.1"
				},
				"top_body": {
					"rotation": [0, 0, "Math.sin(query.anim_time * 180) * 1"],
					"position": [0, "Math.sin(query.anim_time * 90) * 1", 0]
				},
				"bone14": {
					"rotation": [0, 0, 0]
				},
				"bone8": {
					"position": [0, 0, 0]
				},
				"bone9": {
					"rotation": [-10, 0, 0]
				},
				"bone19": {
					"rotation": [-50, 0, 0]
				},
				"bone20": {
					"rotation": ["-47.5 + Math.sin(query.anim_time * 180 + 10) * 20", 0, 0]
				},
				"bone21": {
					"rotation": ["60 + Math.sin(query.anim_time * 90 + 10) * 20", 0, 0]
				},
				"bone22": {
					"rotation": [47.5, 0, 0]
				},
				"trail": {
					"rotation": [0, "Math.sin(query.anim_time * 1) * 5 + Math.sin(query.anim_time * 2) * 3", 0],
					"position": [0, 0, 19],
					"scale": "1 + Math.sin(query.anim_time * 90) * 0.1"
				}
			}
		},
		"animation.skeletox.ground_idle": {
			"loop": true,
			"animation_length": 8,
			"bones": {
				"top": {
					"rotation": [5, 0, 0]
				},
				"second": {
					"rotation": [-2.5, "Math.sin(query.anim_time * 45) * 5 + Math.sin(query.anim_time * 90) * 3", 0]
				},
				"third": {
					"rotation": [
						"-2.5 + Math.sin(query.anim_time * 45) * 5 + Math.sin(query.anim_time * 45) * 3",
						"Math.sin(query.anim_time * 45) * 5 + Math.sin(query.anim_time * 45) * 3",
						"Math.sin(query.anim_time * 45) * 5 + Math.sin(query.anim_time * 45) * 3"
					]
				},
				"bone6": {
					"rotation": [-10, 0, 0]
				},
				"bone10": {
					"rotation": [-22.5, 0, 0]
				},
				"bone11": {
					"rotation": ["-50 + Math.sin(query.anim_time * 90 + 1) * 20 ", 0, 0]
				},
				"bone12": {
					"rotation": ["-47.5 + Math.sin(query.anim_time * 90 + 0.5) * 1", 0, 0]
				},
				"bone13": {
					"rotation": ["60 + Math.sin(query.anim_time * 180 + 10) * 20", 0, 0]
				},
				"bone16": {
					"rotation": ["47.5 + Math.sin(query.anim_time * 90 + 0.5) * 20", 0, 0]
				},
				"top_body": {
					"rotation": [0, 0, "Math.sin(query.anim_time * 180) * 1"],
					"position": [0, "Math.sin(query.anim_time * 90) * 1", 0]
				},
				"bone15": {
					"rotation": ["2.5+Math.sin(query.anim_time * 45) * 5 + Math.sin(query.anim_time * 45) * 3", 0, 0]
				},
				"bone8": {
					"position": [0, 0, 0]
				},
				"bone9": {
					"rotation": [-10, 0, 0]
				},
				"bone18": {
					"rotation": [-22.5, 0, 0]
				},
				"bone19": {
					"rotation": ["-50 + Math.sin(query.anim_time * 45 + 1) * 20 ", 0, 0]
				},
				"bone20": {
					"rotation": ["-47.5 + Math.sin(query.anim_time * 90 + 0.5) * 1", 0, 0]
				},
				"bone21": {
					"rotation": ["60 + Math.sin(query.anim_time * 180 + 10) * 10", 0, 0]
				},
				"bone22": {
					"rotation": ["47.5 + Math.sin(query.anim_time * 90 + 0.5) * 20", 0, 0]
				}
			}
		}
	}
}