{
  "implemented": true,
  "name": "Silkeon",
  "nationalPokedexNumber": 3470,
  "primaryType": "bug",
  "abilities": [
    "effectspore",
    "h:clearbody"
  ],
  "baseStats": {
    "hp": 70,
    "attack": 100,
    "defence": 140,
    "special_attack": 55,
    "special_defence": 70,
    "speed": 90
  },
  "catchRate": 45,
  "maleRatio": 0.875,
  "shoulderMountable": false,
  "baseExperienceYield": 184,
  "experienceGroup": "medium_fast",
  "eggCycles": 35,
  "eggGroups": [
    "field"
  ],
  "moves": [
    "1:batonpass",
    "1:bite",
    "1:charm",
    "1:copycat",
    "1:covet",
    "1:doubleedge",
    "1:growl",
    "1:helpinghand",
    "1:swift",
    "1:tackle",
    "1:tailwhip",
    "1:takedown",
    "8:sandattack",
    "9:babydolleyes",
    "15:furycutter",
    "20:leechseed",
    "22:quickattack",
    "29:synthesis",
    "36:silverwind",
    "43:leechlife",
    "50:lastresort",
    "57:spore",
    "64:sunnyday",
    "71:attackorder",
    "78:swordsdance",
    "tm:aerialace",
    "tm:attract",
    "tm:batonpass",
    "tm:bodyslam",
    "tm:bulletseed",
    "tm:calmmind",
    "tm:captivate",
    "tm:charm",
    "tm:confide",
    "tm:dig",
    "tm:doubleteam",
    "tm:echoedvoice",
    "tm:endure",
    "tm:energyball",
    "tm:facade",
    "tm:faketears",
    "tm:flash",
    "tm:focusenergy",
    "tm:frustration",
    "tm:gigadrain",
    "tm:gigaimpact",
    "tm:grassknot",
    "tm:helpinghand",
    "tm:hiddenpower",
    "tm:hyperbeam",
    "tm:hypervoice",
    "tm:irontail",
    "tm:leafblade",
    "tm:leafstorm",
    "tm:magicalleaf",
    "tm:mudshot",
    "tm:mudslap",
    "tm:payday",
    "tm:protect",
    "tm:raindance",
    "tm:rest",
    "tm:retaliate",
    "tm:return",
    "tm:roar",
    "tm:rocksmash",
    "tm:round",
    "tm:secretpower",
    "tm:seedbomb",
    "tm:shadowball",
    "tm:sleeptalk",
    "tm:snore",
    "tm:solarbeam",
    "tm:solarblade",
    "tm:storedpower",
    "tm:strength",
    "tm:substitute",
    "tm:sunnyday",
    "tm:swagger",
    "tm:swift",
    "tm:swordsdance",
    "tm:takedown",
    "tm:terablast",
    "tm:toxic",
    "tm:trailblaze",
    "tm:weatherball",
    "tm:workup",
    "tm:xscissor",
    "tutor:celebrate",
    "tutor:covet",
    "tutor:furycutter",
    "tutor:gigadrain",
    "tutor:grassyglide",
    "tutor:headbutt",
    "tutor:healbell",
    "tutor:helpinghand",
    "tutor:hypervoice",
    "tutor:irontail",
    "tutor:knockoff",
    "tutor:laserfocus",
    "tutor:lastresort",
    "tutor:leafblade",
    "tutor:mudslap",
    "tutor:razorleaf",
    "tutor:sandattack",
    "tutor:seedbomb",
    "tutor:sleeptalk",
    "tutor:snore",
    "tutor:sunnyday",
    "tutor:swift",
    "tutor:swordsdance",
    "tutor:synthesis",
    "tutor:tackle",
    "tutor:tailwhip"
  ],
  "labels": [
    "gen9",
    "custom"
  ],
  "pokedex": [
    "cobblemon.species.silkeon.desc"
  ],
  "preEvolution": "eevee",
  "evolutions": [],
  "baseScale": 0.8,
  "hitbox": {
    "width": 0.9,
    "height": 1.1,
    "fixed": false
  },
  "baseFriendship": 35,
  "evYield": {
    "hp": 0,
    "attack": 0,
    "defence": 2,
    "special_attack": 0,
    "special_defence": 0,
    "speed": 0
  },
  "height": 10,
  "weight": 255,
  "aspects": [],
  "cannotDynamax": false
}