{
  "type": "cobblemon:black_gilded_chest",
  "pools": [
    {
      "rolls": 5,
      "entries": [
          {
              "type": "minecraft:item",
              "name": "cobblemon:bug_gem",
              "weight": 7,
              "functions": []
          },
          {
              "type": "minecraft:item",
              "name": "minecraft:diamond",
              "weight": 2,
              "functions": []
          }
        ]
      },
      {
          "rolls": 12,
          "entries": [  
              {
                  "type": "minecraft:item",
                  "name": "minecraft:cobweb",
                  "weight": 7
              },
              {
                  "type": "minecraft:item",
                  "name": "minecraft:infested_stone",
                  "weight": 5
              },
              {
                "type": "minecraft:item",
                "name": "cobblemon:link_cable",
                "weight": 2
              },
              {
                "type": "minecraft:item",
                "name": "cobblemon:exp_candy_s",
                "weight": 5
              },
              {
                "type": "minecraft:item",
                "name": "cobblemon:exp_candy_m",
                "weight": 1
              },
              {
                  "type": "minecraft:item",
                  "name": "cobblemon:relic_coin",
                  "weight": 20
              }
          ]
      }
  ]
}