{
  "type": "minecraft:barrel",
  "pools": [
      {
          "rolls": 25,
          "entries": [  
              {
                  "type": "minecraft:item",
                  "name": "minecraft:cod",
                  "weight": 8
              },
              {
                  "type": "minecraft:item",
                  "name": "minecraft:salmon",
                  "weight": 8
              },
              {
                  "type": "minecraft:item",
                  "name": "minecraft:kelp",
                  "weight": 15
              },
              {
                  "type": "minecraft:item",
                  "name": "cobblemon:relic_coin",
                  "weight": 5
              },
              {
                  "type": "minecraft:item",
                  "name": "cobblemon:leftovers",
                  "weight": 1
              },
              {
                  "type": "minecraft:item",
                  "name": "cobblemon:quick_claw",
                  "weight": 1
              },
              {
                  "type": "minecraft:item",
                  "name": "cobblemon:heavy_duty_boots",
                  "weight": 1
              },
              {
                  "type": "minecraft:item",
                  "name": "cobblemon:loaded_dice",
                  "weight": 1
              },
              {
                  "type": "minecraft:item",
                  "name": "cobblemon:metronome",
                  "weight": 1
              },
              {
                  "type": "minecraft:item",
                  "name": "cobblemon:destiny_knot",
                  "weight": 1
              }
          ]
      }
  ]
}