{
  "type": "minecraft:chest",
  "pools": [
      {
          "rolls": 27,
          "entries": [  
              {
          "type": "minecraft:item",
          "functions": [
            {
              "add": false,
              "count": {
                "type": "minecraft:uniform",
                "max": 1,
                "min": 1
              },
              "function": "minecraft:set_count"
            }
          ],
          "name": "cobblemon:miracle_seed",
          "weight": 3
        },
        {
          "type": "minecraft:item",
          "functions": [
            {
              "add": false,
              "count": {
                "type": "minecraft:uniform",
                "max": 12,
                "min": 5
              },
              "function": "minecraft:set_count"
            }
          ],
          "name": "minecraft:chorus_fruit",
          "weight": 10
        },
        {
          "type": "minecraft:item",
          "functions": [
            {
              "add": false,
              "count": {
                "type": "minecraft:uniform",
                "max": 13,
                "min": 3
              },
              "function": "minecraft:set_count"
            }
          ],
          "name": "minecraft:moss_block",
          "weight": 7
        },
        {
          "type": "minecraft:item",
          "functions": [
            {
              "add": false,
              "count": {
                "type": "minecraft:uniform",
                "max": 15,
                "min": 7
              },
              "function": "minecraft:set_count"
            }
          ],
          "name": "minecraft:wheat_seeds",
          "weight": 5
        },
        {
          "type": "minecraft:item",
          "functions": [
            {
              "add": false,
              "count": {
                "type": "minecraft:uniform",
                "max": 3,
                "min": 1
              },
              "function": "minecraft:set_count"
            }
          ],
          "name": "minecraft:torchflower_seeds",
          "weight": 2
        },
        {
          "type": "minecraft:item",
          "functions": [
            {
              "add": false,
              "count": {
                "type": "minecraft:uniform",
                "max": 3,
                "min": 2
              },
              "function": "minecraft:set_count"
            }
          ],
          "name": "cobblemon:exp_candy_s",
          "weight": 1
        },
        {
          "type": "minecraft:item",
          "functions": [
            {
              "add": false,
              "count": {
                "type": "minecraft:uniform",
                "max": 9,
                "min": 4
              },
              "function": "minecraft:set_count"
            }
          ],
          "name": "cobblemon:big_root",
          "weight": 5
        },
        {
          "type": "minecraft:item",
          "functions": [
            {
              "add": false,
              "count": {
                "type": "minecraft:uniform",
                "max": 11,
                "min": 3
              },
              "function": "minecraft:set_count"
            }
          ],
          "name": "cobblemon:medicinal_leek",
          "weight": 5
        }
          ]
      }
  ]
}