{
  "type": "minecraft:barrel",
  "pools": [
      {
          "rolls": 27,
          "entries": [  
              {
                  "type": "minecraft:item",
                  "name": "minecraft:shulker_shell",
                  "weight": 3
              },
              {
                  "type": "minecraft:item",
                  "name": "minecraft:air",
                  "weight": 5
              },
              {
          "type": "minecraft:item",
          "functions": [
            {
              "add": false,
              "count": {
                "type": "minecraft:uniform",
                "max": 10,
                "min": 2
              },
              "function": "minecraft:set_count"
            }
          ],
          "name": "cobblemon:relic_coin",
          "weight": 10
        },
        {
          "type": "minecraft:item",
          "functions": [
            {
              "add": false,
              "count": {
                "type": "minecraft:uniform",
                "max": 3,
                "min": 1
              },
              "function": "minecraft:set_count"
            }
          ],
          "name": "cobblemon:potion",
          "weight": 7
        },
        {
          "type": "minecraft:item",
          "functions": [
            {
              "add": false,
              "count": {
                "type": "minecraft:uniform",
                "max": 3,
                "min": 1
              },
              "function": "minecraft:set_count"
            }
          ],
          "name": "cobblemon:super_potion",
          "weight": 4
        },
        {
          "type": "minecraft:item",
          "functions": [
            {
              "add": false,
              "count": {
                "type": "minecraft:uniform",
                "max": 3,
                "min": 1
              },
              "function": "minecraft:set_count"
            }
          ],
          "name": "cobblemon:ether",
          "weight": 6
        },
        {
          "type": "minecraft:item",
          "functions": [
            {
              "add": false,
              "count": {
                "type": "minecraft:uniform",
                "max": 15,
                "min": 5
              },
              "function": "minecraft:set_count"
            }
          ],
          "name": "minecraft:chorus_fruit",
          "weight": 9
        },
        {
          "type": "minecraft:item",
          "functions": [
            {
              "add": false,
              "count": {
                "type": "minecraft:uniform",
                "max": 10,
                "min": 2
              },
              "function": "minecraft:set_count"
            }
          ],
          "name": "minecraft:popped_chorus_fruit",
          "weight": 3
        }
          ]
      }
  ]
}