{
  "type": "minecraft:barrel",
  "pools": [
      {
          "rolls": 27,
          "entries": [  
              {
                  "type": "minecraft:item",
                  "name": "minecraft:shulker_shell",
                  "weight": 3
              },
              {
                  "type": "minecraft:item",
                  "name": "minecraft:air",
                  "weight": 5
              },
        {
          "type": "minecraft:item",
          "functions": [
            {
              "add": false,
              "count": {
                "type": "minecraft:uniform",
                "max": 6,
                "min": 1
              },
              "function": "minecraft:set_count"
            }
          ],
          "name": "cobblemon:great_ball",
          "weight": 5
        },
        {
          "type": "minecraft:item",
          "functions": [
            {
              "add": false,
              "count": {
                "type": "minecraft:uniform",
                "max": 4,
                "min": 1
              },
              "function": "minecraft:set_count"
            }
          ],
          "name": "cobblemon:dusk_ball",
          "weight": 3
        },
        {
          "type": "minecraft:item",
          "functions": [
            {
              "add": false,
              "count": {
                "type": "minecraft:uniform",
                "max": 3,
                "min": 1
              },
              "function": "minecraft:set_count"
            }
          ],
          "name": "cobblemon:heavy_ball",
          "weight": 2        
        },
        {
          "type": "minecraft:item",
          "functions": [
            {
              "add": false,
              "count": {
                "type": "minecraft:uniform",
                "max": 7,
                "min": 2
              },
              "function": "minecraft:set_count"
            }
          ],
          "name": "cobblemon:poke_ball",
          "weight": 10     
        }
          ]
      }
  ]
}