{
  "type": "minecraft:chest",
  "pools": [
      {
          "rolls": 27,
          "entries": [  
              {
                  "type": "minecraft:item",
                  "name": "minecraft:wheat",
                  "weight": 15
              },
              {
                  "type": "minecraft:item",
                  "name": "minecraft:wheat_seeds",
                  "weight": 30
              },
              {
                "type": "minecraft:item",
                "name": "minecraft:bone_meal",
                "weight": 10
              },
              {
                "type": "minecraft:item",
                "name": "minecraft:stone_hoe",
                "weight": 1
              }
          ]
      }
  ]
}