{
  "type": "cobblemon:black_gilded_chest",
  "pools": [
      {
          "rolls": 25,
          "entries": [  
              {
                  "type": "minecraft:item",
                  "name": "minecraft:cobweb",
                  "weight": 5
              },
                            {
                  "type": "minecraft:item",
                  "name": "minecraft:bone",
                  "weight": 10
              },
              {
                  "type": "minecraft:item",
                  "name": "cobblemon:relic_coin",
                  "weight": 30
              },
              {
                  "type": "minecraft:item",
                  "name": "cobblemon:reaper_cloth",
                  "weight": 2
              },
              {
                  "type": "minecraft:item",
                  "name": "cobblemon:dusk_stone",
                  "weight": 2
              },
              {
                  "type": "minecraft:item",
                  "name": "cobblemon:ghost_gem",
                  "weight": 2
              }
          ]
      }
  ]
}