{
  "type": "cobblemon:green_gilded_chest",
  "pools": [
    {
      "rolls": 3,
      "entries": [
          {
              "type": "minecraft:item",
              "name": "cobblemon:ground_gem",
              "weight": 1,
              "functions": []
          },
          {
              "type": "minecraft:item",
              "name": "cobblemon:water_gem",
              "weight": 1,
              "functions": []
          },
          {
              "type": "minecraft:item",
              "name": "cobblemon:bug_gem",
              "weight": 1,
              "functions": []
          }
        ]
      },
      {
          "rolls": 16,
          "entries": [  
              {
                  "type": "minecraft:item",
                  "name": "cobblemon:medicinal_leek",
                  "weight": 10
              },
              {
                  "type": "minecraft:item",
                  "name": "cobblemon:relic_coin",
                  "weight": 20
              },
              {
                  "type": "minecraft:item",
                  "name": "cobblemon:grass_gem",
                  "weight": 1
              },
              {
                  "type": "minecraft:item",
                  "name": "cobblemon:mulch_base",
                  "weight": 5
              },
              {
                  "type": "minecraft:item",
                  "name": "cobblemon:energy_root",
                  "weight": 5
              }
          ]
      }
  ]
}