{
  "type": "minecraft:barrel",
  "pools": [
      {
          "rolls": 25,
          "entries": [  
              {
                  "type": "minecraft:item",
                  "name": "minecraft:wheat",
                  "weight": 10
              },
              {
                  "type": "minecraft:item",
                  "name": "minecraft:wheat_seeds",
                  "weight": 20
              },
              {
                "type": "minecraft:item",
                "name": "minecraft:bone_meal",
                "weight": 10
              },
              {
                "type": "minecraft:item",
                "name": "cobblemon:grassy_seed",
                "weight": 5
              },
              {
                "type": "minecraft:item",
                "name": "cobblemon:miracle_seed",
                "weight": 5
              },
              {
                "type": "minecraft:item",
                "name": "cobblemon:relic_coin_pouch",
                "weight": 1
              }
          ]
      }
  ]
}