{
	"format_version": "1.12.0",
	"minecraft:geometry": [
		{
			"description": {
				"identifier": "geometry.nautilord",
				"texture_width": 512,
				"texture_height": 512,
				"visible_bounds_width": 12,
				"visible_bounds_height": 5,
				"visible_bounds_offset": [0, 1.5, 0]
			},
			"bones": [
				{
					"name": "nautilord",
					"pivot": [0, -0.1, -0.5]
				},
				{
					"name": "body",
					"parent": "nautilord",
					"pivot": [0, 12.9, 75.5],
					"cubes": [
						{"origin": [-16.5, 0, 16.5], "size": [33, 26, 37], "uv": [0, 120]},
						{"origin": [0, -13, 23.5], "size": [0, 18, 28], "uv": [0, 289]},
						{"origin": [-5, -7, 23.5], "size": [0, 18, 28], "uv": [0, 289]},
						{"origin": [5, -7, 23.5], "size": [0, 18, 28], "uv": [0, 289]},
						{"origin": [-7.5, 6, 53.5], "size": [15, 14, 25], "uv": [72, 302]},
						{"origin": [-6.5, 7, 78.5], "size": [13, 12, 2], "uv": [97, 286]},
						{"origin": [-5.5, 22.4, 52.5], "size": [11, 2, 21], "pivot": [0, 25.9, 63], "rotation": [-7.5, 0, 0], "uv": [160, 230]},
						{"origin": [-5.5, 1.5, 52.5], "size": [11, 2, 21], "pivot": [0, 0, 63], "rotation": [7.5, 0, 0], "uv": [0, 232]},
						{"origin": [-16.5, 0, -9.5], "size": [33, 26, 26], "uv": [154, 0]},
						{"origin": [-6.5, 26, 6.5], "size": [13, 11, 27], "uv": [228, 185]},
						{"origin": [-4.2, 25.99, 1.5], "size": [9, 11, 9], "pivot": [-0.7, 45, 6], "rotation": [0, -45, 0], "uv": [397, 119]},
						{"origin": [-4.2, 25.99, 28.1], "size": [9, 11, 9], "pivot": [-0.7, 45, 32.6], "rotation": [0, -45, 0], "uv": [397, 142]},
						{"origin": [9.87665, 11.95, 52.25924], "size": [11, 2, 21], "pivot": [15.37665, 12.95, 52.75924], "rotation": [17.5, 0, -90], "uv": [23, 279]},
						{"origin": [-20.87665, 11.95, 52.25924], "size": [11, 2, 21], "pivot": [-15.37665, 12.95, 52.75924], "rotation": [17.5, 0, 90], "uv": [23, 279], "mirror": true},
						{"origin": [-4.5, -0.4, -9.54315], "size": [1, 1, 1], "inflate": -0.1, "pivot": [-4, 0.1, -9.04315], "rotation": [-45, 0, -90], "uv": [0, 0], "mirror": true},
						{"origin": [15.9, 18, -11.2], "size": [1, 1, 1], "inflate": -0.1, "pivot": [16.4, 14.5, -14.7], "rotation": [-45, 0, 0], "uv": [0, 0]},
						{"origin": [15.9, 12.7, -11.2], "size": [1, 1, 1], "inflate": -0.1, "pivot": [16.4, 9.2, -14.7], "rotation": [-45, 0, 0], "uv": [0, 0]},
						{"origin": [15.9, 8.7, -11.2], "size": [1, 1, 1], "inflate": -0.1, "pivot": [16.4, 5.2, -14.7], "rotation": [-45, 0, 0], "uv": [0, 0]},
						{"origin": [15.9, -0.4, -9.54315], "size": [1, 1, 1], "inflate": -0.1, "pivot": [16.4, 0.1, -9.04315], "rotation": [-45, 0, 45], "uv": [0, 0]},
						{"origin": [11.5, -0.4, -9.54315], "size": [1, 1, 1], "inflate": -0.1, "pivot": [12, 0.1, -9.04315], "rotation": [-45, 0, 90], "uv": [0, 0]},
						{"origin": [7.5, -0.4, -9.54315], "size": [1, 1, 1], "inflate": -0.1, "pivot": [8, 0.1, -9.04315], "rotation": [-45, 0, 90], "uv": [0, 0]},
						{"origin": [3.5, -0.4, -9.54315], "size": [1, 1, 1], "inflate": -0.1, "pivot": [4, 0.1, -9.04315], "rotation": [-45, 0, 90], "uv": [0, 0]},
						{"origin": [-0.5, -0.4, -9.54315], "size": [1, 1, 1], "inflate": -0.1, "pivot": [0, 0.1, -9.04315], "rotation": [-45, 0, 90], "uv": [0, 0]},
						{"origin": [-16.9, 18, -11.2], "size": [1, 1, 1], "inflate": -0.1, "pivot": [-16.4, 14.5, -14.7], "rotation": [-45, 0, 0], "uv": [0, 0], "mirror": true},
						{"origin": [-16.9, 12.7, -11.2], "size": [1, 1, 1], "inflate": -0.1, "pivot": [-16.4, 9.2, -14.7], "rotation": [-45, 0, 0], "uv": [0, 0], "mirror": true},
						{"origin": [-16.9, 8.7, -11.2], "size": [1, 1, 1], "inflate": -0.1, "pivot": [-16.4, 5.2, -14.7], "rotation": [-45, 0, 0], "uv": [0, 0], "mirror": true},
						{"origin": [-16.9, -0.4, -9.54315], "size": [1, 1, 1], "inflate": -0.1, "pivot": [-16.4, 0.1, -9.04315], "rotation": [-45, 0, -45], "uv": [0, 0], "mirror": true},
						{"origin": [-12.5, -0.4, -9.54315], "size": [1, 1, 1], "inflate": -0.1, "pivot": [-12, 0.1, -9.04315], "rotation": [-45, 0, -90], "uv": [0, 0], "mirror": true},
						{"origin": [-8.5, -0.4, -9.54315], "size": [1, 1, 1], "inflate": -0.1, "pivot": [-8, 0.1, -9.04315], "rotation": [-45, 0, -90], "uv": [0, 0], "mirror": true},
						{"origin": [15.9, 18, -23.3], "size": [1, 1, 1], "inflate": -0.1, "pivot": [16.4, 14.5, -22.8], "rotation": [-45, 0, 0], "uv": [0, 0]},
						{"origin": [15.9, 18, -20.3], "size": [1, 1, 1], "inflate": -0.1, "pivot": [16.4, 14.5, -19.8], "rotation": [-45, 0, 0], "uv": [0, 0]}
					]
				},
				{
					"name": "propellor",
					"parent": "body",
					"pivot": [0, 12.9, 75.5],
					"cubes": [
						{"origin": [-32.5, -19.6, 75.5], "size": [65, 65, 0], "uv": [140, 120]}
					]
				},
				{
					"name": "topjaw",
					"parent": "body",
					"pivot": [0, 14, -9.5],
					"cubes": [
						{"origin": [-16.5, 13, -53.5], "size": [33, 13, 44], "uv": [0, 0]},
						{"origin": [0.005, 25, -31.5], "size": [0, 2, 2], "pivot": [0.01, 26.1, -30], "rotation": [-45, 0, -90], "uv": [5, 282]},
						{"origin": [0.004, 24, -32.5], "size": [0, 4, 4], "pivot": [0.01, 26.1, -30], "rotation": [-45, 0, -90], "uv": [3, 282]}
					]
				},
				{
					"name": "bolts",
					"parent": "topjaw",
					"pivot": [16.4, 14.5, -35],
					"cubes": [
						{"origin": [15.9, 14, -23.3], "size": [1, 1, 1], "inflate": -0.1, "pivot": [16.4, 14.5, -22.8], "rotation": [-45, 0, 0], "uv": [0, 0]},
						{"origin": [-16.9, 14, -35.5], "size": [1, 1, 1], "inflate": -0.1, "pivot": [-16.4, 14.5, -35], "rotation": [-45, 0, 0], "uv": [0, 0], "mirror": true},
						{"origin": [-16.9, 14, -31.5], "size": [1, 1, 1], "inflate": -0.1, "pivot": [-16.4, 14.5, -31], "rotation": [-45, 0, 0], "uv": [0, 0], "mirror": true},
						{"origin": [-16.9, 14, -27.5], "size": [1, 1, 1], "inflate": -0.1, "pivot": [-16.4, 14.5, -27], "rotation": [-45, 0, 0], "uv": [0, 0], "mirror": true},
						{"origin": [-16.9, 14, -39.5], "size": [1, 1, 1], "inflate": -0.1, "pivot": [-16.4, 14.5, -39], "rotation": [-45, 0, 0], "uv": [0, 0], "mirror": true},
						{"origin": [-16.9, 14, -43.5], "size": [1, 1, 1], "inflate": -0.1, "pivot": [-16.4, 14.5, -43], "rotation": [-45, 0, 0], "uv": [0, 0], "mirror": true},
						{"origin": [-16.9, 14, -47.5], "size": [1, 1, 1], "inflate": -0.1, "pivot": [-16.4, 14.5, -47], "rotation": [-45, 0, 0], "uv": [0, 0], "mirror": true},
						{"origin": [-16.7, 14, -53.9], "size": [1, 1, 1], "inflate": -0.1, "pivot": [-16.4, 14.5, -53.4], "rotation": [-45, -45, 0], "uv": [0, 0], "mirror": true},
						{"origin": [-2.5, 14, -53.9], "size": [1, 1, 1], "inflate": -0.1, "pivot": [-2, 14.5, -53.4], "rotation": [0, -90, -45], "uv": [0, 0], "mirror": true},
						{"origin": [-16.9, 14, -51.5], "size": [1, 1, 1], "inflate": -0.1, "pivot": [-16.4, 14.5, -51], "rotation": [-45, 0, 0], "uv": [0, 0], "mirror": true},
						{"origin": [-16.9, 18, -16.3], "size": [1, 1, 1], "inflate": -0.1, "pivot": [-16.4, 14.5, -19.8], "rotation": [-45, 0, 0], "uv": [0, 0], "mirror": true},
						{"origin": [-16.9, 18, -20.3], "size": [1, 1, 1], "inflate": -0.1, "pivot": [-16.4, 14.5, -19.8], "rotation": [-45, 0, 0], "uv": [0, 0], "mirror": true},
						{"origin": [-16.9, 18, -23.3], "size": [1, 1, 1], "inflate": -0.1, "pivot": [-16.4, 14.5, -22.8], "rotation": [-45, 0, 0], "uv": [0, 0], "mirror": true},
						{"origin": [-16.9, 14, -23.3], "size": [1, 1, 1], "inflate": -0.1, "pivot": [-16.4, 14.5, -22.8], "rotation": [-45, 0, 0], "uv": [0, 0], "mirror": true},
						{"origin": [15.9, 18, -16.3], "size": [1, 1, 1], "inflate": -0.1, "pivot": [16.4, 14.5, -19.8], "rotation": [-45, 0, 0], "uv": [0, 0]},
						{"origin": [15.9, 14, -51.5], "size": [1, 1, 1], "inflate": -0.1, "pivot": [16.4, 14.5, -51], "rotation": [-45, 0, 0], "uv": [0, 0]},
						{"origin": [13.5, 14, -53.9], "size": [1, 1, 1], "inflate": -0.1, "pivot": [14, 14.5, -53.4], "rotation": [0, 90, 45], "uv": [0, 0]},
						{"origin": [9.5, 14, -53.9], "size": [1, 1, 1], "inflate": -0.1, "pivot": [10, 14.5, -53.4], "rotation": [0, 90, 45], "uv": [0, 0]},
						{"origin": [5.5, 14, -53.9], "size": [1, 1, 1], "inflate": -0.1, "pivot": [6, 14.5, -53.4], "rotation": [0, 90, 45], "uv": [0, 0]},
						{"origin": [1.5, 14, -53.9], "size": [1, 1, 1], "inflate": -0.1, "pivot": [2, 14.5, -53.4], "rotation": [0, 90, 45], "uv": [0, 0]},
						{"origin": [15.7, 14, -53.9], "size": [1, 1, 1], "inflate": -0.1, "pivot": [16.4, 14.5, -53.4], "rotation": [-45, 45, 0], "uv": [0, 0]},
						{"origin": [15.9, 14, -47.5], "size": [1, 1, 1], "inflate": -0.1, "pivot": [16.4, 14.5, -47], "rotation": [-45, 0, 0], "uv": [0, 0]},
						{"origin": [15.9, 14, -43.5], "size": [1, 1, 1], "inflate": -0.1, "pivot": [16.4, 14.5, -43], "rotation": [-45, 0, 0], "uv": [0, 0]},
						{"origin": [15.9, 14, -39.5], "size": [1, 1, 1], "inflate": -0.1, "pivot": [16.4, 14.5, -39], "rotation": [-45, 0, 0], "uv": [0, 0]},
						{"origin": [15.9, 14, -27.5], "size": [1, 1, 1], "inflate": -0.1, "pivot": [16.4, 14.5, -27], "rotation": [-45, 0, 0], "uv": [0, 0]},
						{"origin": [15.9, 14, -31.5], "size": [1, 1, 1], "inflate": -0.1, "pivot": [16.4, 14.5, -31], "rotation": [-45, 0, 0], "uv": [0, 0]},
						{"origin": [15.9, 14, -35.5], "size": [1, 1, 1], "inflate": -0.1, "pivot": [16.4, 14.5, -35], "rotation": [-45, 0, 0], "uv": [0, 0]}
					]
				},
				{
					"name": "bolts2",
					"parent": "bolts",
					"pivot": [-16.4, 14.5, -35],
					"cubes": [
						{"origin": [-14.5, 14, -53.9], "size": [1, 1, 1], "inflate": -0.1, "pivot": [-14, 14.5, -53.4], "rotation": [0, -90, -45], "uv": [0, 0], "mirror": true},
						{"origin": [-10.5, 14, -53.9], "size": [1, 1, 1], "inflate": -0.1, "pivot": [-10, 14.5, -53.4], "rotation": [0, -90, -45], "uv": [0, 0], "mirror": true},
						{"origin": [-6.5, 14, -53.9], "size": [1, 1, 1], "inflate": -0.1, "pivot": [-6, 14.5, -53.4], "rotation": [0, -90, -45], "uv": [0, 0], "mirror": true}
					]
				},
				{
					"name": "jaw",
					"parent": "body",
					"pivot": [0, 12.6, -9.5],
					"rotation": [-30, 0, 0],
					"cubes": [
						{"origin": [-16.5, 0.01, -53.5], "size": [33, 13, 44], "inflate": -0.01, "pivot": [0, 12.6, -9.5], "rotation": [30, 0, 0], "uv": [0, 63]}
					]
				},
				{
					"name": "tongue",
					"parent": "jaw",
					"pivot": [0, 12.6, -9.5],
					"cubes": [
						{"origin": [-12.5, 2.01, -52.5], "size": [25, 13, 43], "inflate": -0.01, "pivot": [0, 12.6, -9.5], "rotation": [30, 0, 0], "uv": [352, 12]}
					]
				},
				{
					"name": "accents",
					"parent": "body",
					"pivot": [-16.51, 13.6, -18],
					"cubes": [
						{"origin": [-16.5, 13, -53.51], "size": [33, 1, 0], "uv": [154, 114]},
						{"origin": [16.51, 13, -53.5], "size": [0, 1, 44], "uv": [154, 58]},
						{"origin": [16.505, 13.87584, -9.68914], "size": [0, 1, 10], "pivot": [16.51, 14.37584, -4.68914], "rotation": [10, 0, 0], "uv": [88, 213]},
						{"origin": [16.51, 13.87584, 19.28914], "size": [0, 1, 10], "pivot": [16.51, 14.37584, 24.28914], "rotation": [-10, 0, 0], "uv": [64, 243]},
						{"origin": [16.505, 13.87584, 9.61086], "size": [0, 1, 10], "pivot": [16.51, 14.37584, 14.61086], "rotation": [10, 0, 0], "uv": [64, 232]},
						{"origin": [16.51, 13.87584, 38.48914], "size": [0, 1, 10], "pivot": [16.51, 14.37584, 43.48914], "rotation": [-10, 0, 0], "uv": [64, 254]},
						{"origin": [16.505, 13.87584, 28.81086], "size": [0, 1, 10], "pivot": [16.51, 14.37584, 33.81086], "rotation": [10, 0, 0], "uv": [208, 253]},
						{"origin": [16.51, 13.87584, -0.01086], "size": [0, 1, 10], "pivot": [16.51, 14.37584, 4.98914], "rotation": [-10, 0, 0], "uv": [108, 213]},
						{"origin": [-16.51, 13, -53.5], "size": [0, 1, 44], "uv": [140, 185]},
						{"origin": [16.505, 10.5, -21.5], "size": [0, 6, 6], "pivot": [16.51, 13.6, -18], "rotation": [-45, 0, 0], "uv": [128, 213]},
						{"origin": [16.605, 12.5, -20], "size": [0, 2, 2], "pivot": [16.61, 13.6, -16.5], "rotation": [-45, 0, 0], "uv": [4, 294]},
						{"origin": [-16.605, 12.5, -20], "size": [0, 2, 2], "pivot": [-16.61, 13.6, -16.5], "rotation": [-45, 0, 0], "uv": [4, 294], "mirror": true},
						{"origin": [16.504, 16.6, -1.9], "size": [0, 4, 4], "pivot": [16.51, 18.7, 0.6], "rotation": [-45, 0, 0], "uv": [12, 266]},
						{"origin": [6.504, 29.2, 17.5], "size": [0, 4, 4], "pivot": [6.51, 31.3, 20], "rotation": [-45, 0, 0], "uv": [12, 266]},
						{"origin": [-6.504, 29.2, 17.5], "size": [0, 4, 4], "pivot": [-6.51, 31.3, 20], "rotation": [-45, 0, 0], "uv": [12, 266], "mirror": true},
						{"origin": [16.504, 16.6, 17.6], "size": [0, 4, 4], "pivot": [16.51, 18.7, 20.1], "rotation": [-45, 0, 0], "uv": [20, 266]},
						{"origin": [16.504, 16.6, 36.6], "size": [0, 4, 4], "pivot": [16.51, 18.7, 39.1], "rotation": [-45, 0, 0], "uv": [20, 266]},
						{"origin": [-16.504, 16.6, 36.6], "size": [0, 4, 4], "pivot": [-16.51, 18.7, 39.1], "rotation": [-45, 0, 0], "uv": [20, 266], "mirror": true},
						{"origin": [-16.504, 16.6, -1.9], "size": [0, 4, 4], "pivot": [-16.51, 18.7, 0.6], "rotation": [-45, 0, 0], "uv": [36, 266]},
						{"origin": [-16.504, 16.6, 17.6], "size": [0, 4, 4], "pivot": [-16.51, 18.7, 20.1], "rotation": [-45, 0, 0], "uv": [28, 266]},
						{"origin": [-16.504, 10.7, -12.9], "size": [0, 6, 6], "pivot": [-16.51, 13.8, -9.4], "rotation": [-37.5, 0, 0], "uv": [72, 265]},
						{"origin": [16.504, 10.7, -12.9], "size": [0, 6, 6], "pivot": [16.51, 13.8, -9.4], "rotation": [-37.5, 0, 0], "uv": [72, 265], "mirror": true},
						{"origin": [-16.51, 13.87584, 38.48914], "size": [0, 1, 10], "pivot": [-16.51, 14.37584, 43.48914], "rotation": [-10, 0, 0], "uv": [208, 264]},
						{"origin": [-16.505, 13.87584, 28.81086], "size": [0, 1, 10], "pivot": [-16.51, 14.37584, 33.81086], "rotation": [10, 0, 0], "uv": [248, 259]},
						{"origin": [16.505, 13.87584, 48.11086], "size": [0, 1, 5.3], "pivot": [16.51, 14.37584, 53.11086], "rotation": [10, 0, 0], "uv": [88, 224]},
						{"origin": [-16.505, 13.87584, 48.11086], "size": [0, 1, 5.3], "pivot": [-16.51, 14.37584, 53.11086], "rotation": [10, 0, 0], "uv": [220, 114]},
						{"origin": [-16.51, 13.87584, 19.28914], "size": [0, 1, 10], "pivot": [-16.51, 14.37584, 24.28914], "rotation": [-10, 0, 0], "uv": [228, 259]},
						{"origin": [-16.505, 13.87584, 9.61086], "size": [0, 1, 10], "pivot": [-16.51, 14.37584, 14.61086], "rotation": [10, 0, 0], "uv": [40, 255]},
						{"origin": [-16.51, 13.87584, -0.01086], "size": [0, 1, 10], "pivot": [-16.51, 14.37584, 4.98914], "rotation": [-10, 0, 0], "uv": [20, 255]},
						{"origin": [-16.505, 13.87584, -9.68914], "size": [0, 1, 10], "pivot": [-16.51, 14.37584, -4.68914], "rotation": [10, 0, 0], "uv": [0, 255]},
						{"origin": [-16.505, 10.5, -21.5], "size": [0, 6.2, 6], "pivot": [-16.51, 13.6, -18], "rotation": [-45, 0, 0], "uv": [128, 213]},
						{"origin": [16.501, 10.5, -22.5], "size": [0, 7, 7], "pivot": [16.51, 13.6, -18], "rotation": [-45, 0, 0], "uv": [150, 202]},
						{"origin": [-16.501, 10.5, -22.5], "size": [0, 7, 7], "pivot": [-16.51, 13.6, -18], "rotation": [-45, 0, 0], "uv": [150, 202], "mirror": true}
					]
				},
				{
					"name": "bone2",
					"parent": "body",
					"pivot": [-16, 9, -1],
					"rotation": [0, 0, -37.5],
					"cubes": [
						{"origin": [-40, 7, -5], "size": [24, 2, 8], "uv": [154, 103]},
						{"origin": [-31, 5, -10], "size": [6, 6, 18], "uv": [160, 253]},
						{"origin": [-46, 4, -15], "size": [8, 8, 28], "uv": [228, 223]}
					]
				},
				{
					"name": "bone4",
					"parent": "body",
					"pivot": [-7.03323, 9.04381, 39],
					"rotation": [0, 0, -37.5],
					"cubes": [
						{"origin": [-30.03323, 7.04381, 25], "size": [8, 8, 28], "inflate": -2, "uv": [228, 223], "mirror": true},
						{"origin": [-27.03323, 10.54381, 37], "size": [20, 1, 4], "uv": [158, 107], "mirror": true}
					]
				},
				{
					"name": "bone",
					"parent": "body",
					"pivot": [7.03323, 9.04381, 39],
					"rotation": [0, 0, 37.5],
					"cubes": [
						{"origin": [22.03323, 7.04381, 25], "size": [8, 8, 28], "inflate": -2, "uv": [228, 223]},
						{"origin": [7.03323, 10.54381, 37], "size": [20, 1, 4], "uv": [158, 107]}
					]
				},
				{
					"name": "bone3",
					"parent": "body",
					"pivot": [16, 9, -1],
					"rotation": [0, 0, 37.5],
					"cubes": [
						{"origin": [16, 7, -5], "size": [24, 2, 8], "uv": [154, 103]},
						{"origin": [25, 5, -10], "size": [6, 6, 18], "uv": [160, 253]},
						{"origin": [38, 4, -15], "size": [8, 8, 28], "uv": [228, 223]}
					]
				}
			]
		}
	]
}