{
	"format_version": "1.12.0",
	"minecraft:geometry": [
		{
			"description": {
				"identifier": "geometry.foxy",
				"texture_width": 64,
				"texture_height": 64,
				"visible_bounds_width": 3,
				"visible_bounds_height": 3.5,
				"visible_bounds_offset": [0, 1.25, 0]
			},
			"bones": [
				{
					"name": "foxy",
					"pivot": [0, 0, 0]
				},
				{
					"name": "body",
					"parent": "foxy",
					"pivot": [0, 0, 0]
				},
				{
					"name": "torso",
					"parent": "body",
					"pivot": [0, 8, 3],
					"cubes": [
						{"origin": [-3, 6, -4.5], "size": [6, 5, 9], "uv": [0, 14]}
					]
				},
				{
					"name": "neck",
					"parent": "torso",
					"pivot": [0, 10, -3.5],
					"rotation": [12.5, 0, 0],
					"cubes": [
						{"origin": [-1.5, 8, -5], "size": [3, 5, 3], "uv": [23, 43]},
						{"origin": [-2, 10, -5.5], "size": [4, 2, 4], "uv": [0, 37]}
					]
				},
				{
					"name": "head",
					"parent": "neck",
					"pivot": [0, 11.5, -3],
					"rotation": [-10, 0, 0],
					"cubes": [
						{"origin": [-4.5, 11.5, -7.5], "size": [9, 7, 7], "uv": [0, 0]},
						{"origin": [-3, 14.5, -7.51], "size": [1, 2, 0], "uv": [0, 0]},
						{"origin": [2, 14.5, -7.51], "size": [1, 2, 0], "uv": [2, 0], "mirror": true},
						{"origin": [0, 18.5, -7.5], "size": [0, 2, 3], "uv": [0, 18]},
						{"origin": [-4.5, 12.5, -6.5], "size": [0, 6, 5], "pivot": [-4.5, 12.5, -6.5], "rotation": [-7.5, -12.5, 0], "uv": [0, 38]},
						{"origin": [4.5, 12.5, -6.5], "size": [0, 6, 5], "pivot": [4.5, 12.5, -6.5], "rotation": [-7.5, 12.5, 0], "uv": [16, 34]},
						{"origin": [-3.5, 11.5, -9.5], "size": [7, 3, 2], "pivot": [0, 11.5, -7.5], "rotation": [-12.5, 0, 0], "uv": [14, 34]}
					]
				},
				{
					"name": "eyelid",
					"parent": "head",
					"pivot": [0, -1, 1.5]
				},
				{
					"name": "eyelid_right",
					"parent": "eyelid",
					"pivot": [0, -1, 1.5],
					"cubes": [
						{"origin": [-4.5, 14.5, -7.5], "size": [3, 2, 1], "inflate": 0.02, "uv": [20, 51]}
					]
				},
				{
					"name": "eyelid_left",
					"parent": "eyelid",
					"pivot": [0, -1, 1.5],
					"cubes": [
						{"origin": [1.5, 14.5, -7.5], "size": [3, 2, 1], "inflate": 0.02, "uv": [28, 52], "mirror": true}
					]
				},
				{
					"name": "ear_right",
					"parent": "head",
					"pivot": [-2.5, 18.5, -6],
					"rotation": [-12.5, -17.5, 0],
					"cubes": [
						{"origin": [-2.5, 18.5, -6], "size": [2, 4, 5], "uv": [27, 34]},
						{"origin": [-2.5, 22.5, -5.5], "size": [1, 3, 4], "uv": [45, 34]}
					]
				},
				{
					"name": "ear_left",
					"parent": "head",
					"pivot": [2.5, 18.5, -6],
					"rotation": [-12.5, 17.5, 0],
					"cubes": [
						{"origin": [0.5, 18.5, -6], "size": [2, 4, 5], "uv": [0, 28]},
						{"origin": [1.5, 22.5, -5.5], "size": [1, 3, 4], "uv": [21, 14]}
					]
				},
				{
					"name": "leg_front_right",
					"parent": "torso",
					"pivot": [-2.5, 7.25, -2.5],
					"rotation": [2.5, 0, 0],
					"cubes": [
						{"origin": [-3.5, 3.75, -3.5], "size": [2, 5, 3], "inflate": 0.01, "uv": [10, 45]}
					]
				},
				{
					"name": "leg_front_right2",
					"parent": "leg_front_right",
					"pivot": [-2.5, 3.75, -1],
					"rotation": [-12.5, 0, 0],
					"cubes": [
						{"origin": [-3.5, -0.25, -3], "size": [2, 4, 2], "uv": [0, 49]}
					]
				},
				{
					"name": "leg_front_right3",
					"parent": "leg_front_right2",
					"pivot": [-2.5, -0.25, -1],
					"rotation": [10, 0, 0],
					"cubes": [
						{"origin": [-3.5, -0.25, -4], "size": [2, 1, 3], "inflate": 0.01, "uv": [32, 48]}
					]
				},
				{
					"name": "leg_front_left",
					"parent": "torso",
					"pivot": [2.5, 7.25, -2.5],
					"rotation": [2.5, 0, 0],
					"cubes": [
						{"origin": [1.5, 3.75, -3.5], "size": [2, 5, 3], "inflate": 0.01, "uv": [44, 14]}
					]
				},
				{
					"name": "leg_front_left2",
					"parent": "leg_front_left",
					"pivot": [2.5, 3.75, -1],
					"rotation": [-12.5, 0, 0],
					"cubes": [
						{"origin": [1.5, -0.25, -3], "size": [2, 4, 2], "uv": [44, 22]}
					]
				},
				{
					"name": "leg_front_left3",
					"parent": "leg_front_left2",
					"pivot": [2.5, -0.25, -1],
					"rotation": [10, 0, 0],
					"cubes": [
						{"origin": [1.5, -0.25, -4], "size": [2, 1, 3], "inflate": 0.01, "uv": [31, 17]}
					]
				},
				{
					"name": "tail",
					"parent": "torso",
					"pivot": [0, 9.75, 4.15],
					"rotation": [-40, 0, 0],
					"cubes": [
						{"origin": [-2.5, 9.75, 1.65], "size": [5, 3, 5], "inflate": 0.01, "uv": [27, 9]}
					]
				},
				{
					"name": "tail2",
					"parent": "tail",
					"pivot": [0, 11.25, 4.4],
					"rotation": [5, 0, 0],
					"cubes": [
						{"origin": [-3.5, 11.25, 0.65], "size": [7, 6, 7], "uv": [23, 21]}
					]
				},
				{
					"name": "tail3",
					"parent": "tail2",
					"pivot": [0, 17.25, 6.65],
					"rotation": [5, 0, 0],
					"cubes": [
						{"origin": [-2.5, 17.25, 1.65], "size": [5, 2, 5], "uv": [25, 0]}
					]
				},
				{
					"name": "tail4",
					"parent": "tail3",
					"pivot": [0, 19.25, 5.65],
					"rotation": [10, 0, 0],
					"cubes": [
						{"origin": [0, 19.25, 2.65], "size": [0, 3, 3], "uv": [0, 0]}
					]
				},
				{
					"name": "leg_back_right",
					"parent": "body",
					"pivot": [-2.5, 7.5, 3],
					"rotation": [12.5, 0, 0],
					"cubes": [
						{"origin": [-3.5, 4, 1], "size": [2, 5, 4], "inflate": 0.01, "uv": [42, 3]}
					]
				},
				{
					"name": "leg_back_right2",
					"parent": "leg_back_right",
					"pivot": [-2.5, 4, 4.5],
					"rotation": [-17.5, 0, 0],
					"cubes": [
						{"origin": [-3.5, -0.5, 2.5], "size": [2, 5, 2], "uv": [47, 46]}
					]
				},
				{
					"name": "leg_back_right3",
					"parent": "leg_back_right2",
					"pivot": [-2.5, -0.5, 4.5],
					"rotation": [5, 0, 0],
					"cubes": [
						{"origin": [-3.5, -0.5, 1.5], "size": [2, 1, 3], "inflate": 0.01, "uv": [36, 34]}
					]
				},
				{
					"name": "leg_back_left",
					"parent": "body",
					"pivot": [2.5, 7.5, 3],
					"rotation": [12.5, 0, 0],
					"cubes": [
						{"origin": [1.5, 4, 1], "size": [2, 5, 4], "inflate": 0.01, "uv": [37, 39]}
					]
				},
				{
					"name": "leg_back_left2",
					"parent": "leg_back_left",
					"pivot": [2.5, 4, 4.5],
					"rotation": [-17.5, 0, 0],
					"cubes": [
						{"origin": [1.5, -0.5, 2.5], "size": [2, 5, 2], "uv": [0, 14]}
					]
				},
				{
					"name": "leg_back_left3",
					"parent": "leg_back_left2",
					"pivot": [2.5, -0.5, 4.5],
					"rotation": [5, 0, 0],
					"cubes": [
						{"origin": [1.5, -0.5, 1.5], "size": [2, 1, 3], "inflate": 0.01, "uv": [9, 28]}
					]
				}
			]
		}
	]
}