{
	"format_version": "1.12.0",
	"minecraft:geometry": [
		{
			"description": {
				"identifier": "geometry.grass_deer",
				"texture_width": 64,
				"texture_height": 64,
				"visible_bounds_width": 4,
				"visible_bounds_height": 3.5,
				"visible_bounds_offset": [0, 1.25, 0]
			},
			"bones": [
				{
					"name": "grass_deer",
					"pivot": [0, 0, 0]
				},
				{
					"name": "body",
					"parent": "grass_deer",
					"pivot": [0, 15.5, -1]
				},
				{
					"name": "legs_front",
					"parent": "body",
					"pivot": [0, 13.42262, -3.90631]
				},
				{
					"name": "leg_front_left",
					"parent": "legs_front",
					"pivot": [2, 13.42262, -3.90631],
					"cubes": [
						{"origin": [1, 9.92262, -5.90631], "size": [2, 4, 4], "uv": [44, 3]}
					]
				},
				{
					"name": "leg_front_left2",
					"parent": "leg_front_left",
					"pivot": [2, 9.92262, -3.90631],
					"cubes": [
						{"origin": [1, 5.02262, -5.40631], "size": [2, 5, 3], "inflate": -0.02, "uv": [0, 52]}
					]
				},
				{
					"name": "leg_front_left3",
					"parent": "leg_front_left2",
					"pivot": [2, 5.12262, -3.90631],
					"cubes": [
						{"origin": [1.5, 0.12262, -4.90631], "size": [1, 5, 2], "uv": [0, 0]}
					]
				},
				{
					"name": "leg_front_right",
					"parent": "legs_front",
					"pivot": [-2, 13.42262, -3.90631],
					"cubes": [
						{"origin": [-3, 9.92262, -5.90631], "size": [2, 4, 4], "uv": [16, 47]}
					]
				},
				{
					"name": "leg_front_right2",
					"parent": "leg_front_right",
					"pivot": [-2, 9.92262, -3.90631],
					"cubes": [
						{"origin": [-3, 5.02262, -5.40631], "size": [2, 5, 3], "inflate": -0.02, "uv": [52, 23]}
					]
				},
				{
					"name": "leg_front_right3",
					"parent": "leg_front_right2",
					"pivot": [-2, 5.02262, -3.90631],
					"cubes": [
						{"origin": [-2.5, 0.12262, -4.90631], "size": [1, 5, 2], "uv": [0, 12]}
					]
				},
				{
					"name": "legs_back",
					"parent": "body",
					"pivot": [0, 14.92262, 3.15631]
				},
				{
					"name": "leg_back_left",
					"parent": "legs_back",
					"pivot": [2, 14.92262, 3.15631],
					"cubes": [
						{"origin": [1, 8.92262, 1], "size": [2, 7, 4], "inflate": 0.02, "uv": [32, 43]}
					]
				},
				{
					"name": "leg_back_left2",
					"parent": "leg_back_left",
					"pivot": [2, 8.92262, 1],
					"cubes": [
						{"origin": [1, 4.92262, 1], "size": [2, 4, 3], "uv": [52, 0]}
					]
				},
				{
					"name": "leg_back_left3",
					"parent": "leg_back_left2",
					"pivot": [2, 4.92262, 4],
					"cubes": [
						{"origin": [1.5, 0.92262, 1], "size": [1, 4, 3], "uv": [10, 52]}
					]
				},
				{
					"name": "leg_back_left4",
					"parent": "leg_back_left3",
					"pivot": [2, 0.92262, 2.5],
					"cubes": [
						{"origin": [1.5, -2.97738, 1.5], "size": [1, 4, 2], "inflate": -0.02, "uv": [18, 55]}
					]
				},
				{
					"name": "leg_back_right",
					"parent": "legs_back",
					"pivot": [-2, 14.92262, 3.15631],
					"cubes": [
						{"origin": [-3, 8.92262, 1], "size": [2, 7, 4], "inflate": 0.02, "uv": [44, 43]}
					]
				},
				{
					"name": "leg_back_right2",
					"parent": "leg_back_right",
					"pivot": [-2, 8.92262, 1],
					"cubes": [
						{"origin": [-3, 4.92262, 1], "size": [2, 4, 3], "uv": [25, 52]}
					]
				},
				{
					"name": "leg_back_right3",
					"parent": "leg_back_right2",
					"pivot": [-2, 4.92262, 4],
					"cubes": [
						{"origin": [-2.5, 0.92262, 1], "size": [1, 4, 3], "uv": [53, 51]}
					]
				},
				{
					"name": "leg_back_right4",
					"parent": "leg_back_right3",
					"pivot": [-2, 0.92262, 2.5],
					"cubes": [
						{"origin": [-2.5, -2.97738, 1.5], "size": [1, 4, 2], "inflate": -0.02, "uv": [49, 57]}
					]
				},
				{
					"name": "waist",
					"parent": "body",
					"pivot": [0, 16.42262, 5.09369],
					"cubes": [
						{"origin": [-2.5, 12.92262, 0.09369], "size": [5, 5, 5], "inflate": -0.01, "uv": [22, 31]}
					]
				},
				{
					"name": "tail",
					"parent": "waist",
					"pivot": [-0.5, 17.92262, 3.09369],
					"cubes": [
						{"origin": [-2.5, 14.92262, 3.09369], "size": [5, 4, 5], "uv": [37, 26]},
						{"origin": [-2.5, 17.92262, 3.09369], "size": [5, 1, 0], "pivot": [0, 17.92262, 3.09369], "rotation": [37.5, 0, 0], "uv": [17, 18]}
					]
				},
				{
					"name": "tail_fluff2",
					"parent": "tail",
					"pivot": [2.5, 17.42262, 5.09369],
					"cubes": [
						{"origin": [2, 16.92262, 5.09369], "size": [2, 1, 0], "uv": [0, 30]}
					]
				},
				{
					"name": "tail_fluff1",
					"parent": "tail",
					"pivot": [-1.5, 18.92262, 5.09369],
					"cubes": [
						{"origin": [-2.5, 17.92262, 5.09369], "size": [2, 3, 0], "uv": [0, 27]}
					]
				},
				{
					"name": "tail2",
					"parent": "tail",
					"pivot": [-0.5, 16.92262, 7.09369],
					"cubes": [
						{"origin": [-3, 13.42262, 7.09369], "size": [6, 6, 6], "uv": [18, 19]}
					]
				},
				{
					"name": "tail_fluff3",
					"parent": "tail2",
					"pivot": [0, 19.42262, 8.59369],
					"cubes": [
						{"origin": [-2, 18.42262, 8.59369], "size": [4, 6, 0], "uv": [35, 54]}
					]
				},
				{
					"name": "tail3",
					"parent": "tail2",
					"pivot": [-0.5, 16.42262, 13.09369],
					"cubes": [
						{"origin": [-3, 15.42262, 12.09369], "size": [6, 2, 3], "inflate": -0.02, "uv": [19, 0]}
					]
				},
				{
					"name": "tail4",
					"parent": "tail3",
					"pivot": [-0.5, 16.42262, 14.99369],
					"cubes": [
						{"origin": [-3, 16.42262, 14.99369], "size": [6, 0, 3], "uv": [14, 15]}
					]
				},
				{
					"name": "torso",
					"parent": "waist",
					"pivot": [0, 15.42262, 0.09369],
					"cubes": [
						{"origin": [-2.5, 11.92262, -6.90631], "size": [5, 6, 7], "inflate": 0.01, "uv": [0, 12]}
					]
				},
				{
					"name": "neck",
					"parent": "torso",
					"pivot": [0, 15, -6],
					"cubes": [
						{"origin": [-2, 13.92262, -7.90631], "size": [4, 10, 4], "uv": [0, 38]},
						{"origin": [-3, 16.92262, -8.40631], "size": [6, 2, 5], "uv": [37, 36]}
					]
				},
				{
					"name": "neck_fur",
					"parent": "neck",
					"pivot": [0, 18.42262, -6.40631],
					"cubes": [
						{"origin": [-3.5, 11.42262, -8.40631], "size": [7, 7, 4], "inflate": 0.02, "uv": [0, 27]}
					]
				},
				{
					"name": "neck_fur3",
					"parent": "neck_fur",
					"pivot": [-3.5, 17.42262, -7.40631],
					"rotation": [0, 0, -7.5],
					"cubes": [
						{"origin": [-5.5, 16.42262, -7.40631], "size": [3, 2, 0], "uv": [19, 5]}
					]
				},
				{
					"name": "neck_fur4",
					"parent": "neck_fur",
					"pivot": [-2.5, 18.42262, -6.90631],
					"rotation": [0, 0, 37.5],
					"cubes": [
						{"origin": [-4.89668, 18.11824, -6.90631], "size": [3, 1, 0], "uv": [10, 25]}
					]
				},
				{
					"name": "neck_fur2",
					"parent": "neck_fur",
					"pivot": [0, 11.42262, -6.40631],
					"cubes": [
						{"origin": [-3, 7.42262, -6.40631], "size": [4, 5, 0], "uv": [56, 16]}
					]
				},
				{
					"name": "neckfur_small1",
					"parent": "neck_fur",
					"pivot": [3.25, 18.17262, -6.65631],
					"rotation": [0, 0, 20],
					"cubes": [
						{"origin": [2.75, 17.67262, -7.15631], "size": [1, 2, 1], "uv": [36, 22]}
					]
				},
				{
					"name": "neckfur_small2",
					"parent": "neck_fur",
					"pivot": [3.25, 17.17262, -5.40631],
					"rotation": [0, 0, 50],
					"cubes": [
						{"origin": [2.75, 16.67262, -5.90631], "size": [1, 2, 1], "uv": [34, 0]}
					]
				},
				{
					"name": "collar",
					"parent": "neck",
					"pivot": [0, 19.32262, -5.90631]
				},
				{
					"name": "collar_top",
					"parent": "collar",
					"pivot": [0, 20.42262, -5.90631],
					"cubes": [
						{"origin": [-2.5, 19.92262, -8.40631], "size": [5, 1, 5], "inflate": -0.01, "uv": [16, 41]},
						{"origin": [-1.5, 20.17262, -9.40631], "size": [1, 0, 1], "pivot": [-1, 20.17262, -8.40631], "rotation": [40, 0, 0], "uv": [3, 0]}
					]
				},
				{
					"name": "collar_spike_left_top",
					"parent": "collar_top",
					"pivot": [2.5, 20.42262, -4.90631],
					"cubes": [
						{"origin": [1.5, 20.42262, -5.40631], "size": [2, 0, 1], "uv": [36, 35]}
					]
				},
				{
					"name": "collar_spike_right_top",
					"parent": "collar_top",
					"pivot": [-2.5, 20.42262, -7.40631],
					"cubes": [
						{"origin": [-3.5, 20.42262, -7.90631], "size": [2, 0, 1], "uv": [21, 35]}
					]
				},
				{
					"name": "collar_bottom",
					"parent": "collar",
					"pivot": [0, 19.32262, -5.90631],
					"cubes": [
						{"origin": [-2.5, 18.82262, -8.40631], "size": [5, 1, 5], "inflate": -0.01, "uv": [41, 17]}
					]
				},
				{
					"name": "collar_spike_right_bottom",
					"parent": "collar_bottom",
					"pivot": [-2.5, 19.47738, -5.40631],
					"cubes": [
						{"origin": [-3.5, 19.47738, -5.90631], "size": [2, 0, 1], "uv": [13, 26]}
					]
				},
				{
					"name": "collar_spike_left_bottom",
					"parent": "collar_bottom",
					"pivot": [2.5, 19.47738, -7.40631],
					"cubes": [
						{"origin": [1.5, 19.47738, -7.90631], "size": [2, 0, 1], "uv": [9, 26]}
					]
				},
				{
					"name": "head",
					"parent": "neck",
					"pivot": [0, 22.5, -5.75],
					"rotation": [20, 0, 0],
					"cubes": [
						{"origin": [-3, 21.53828, -9.06224], "size": [6, 5, 7], "uv": [0, 0]},
						{"origin": [-2, 21.53828, -11.06224], "size": [4, 3, 2], "uv": [46, 11]},
						{"origin": [-2, 22.53828, -11.06224], "size": [4, 2, 2], "inflate": 0.1, "uv": [52, 43]},
						{"origin": [-3, 23.53828, -9.06224], "size": [6, 3, 7], "inflate": 0.1, "uv": [19, 5]}
					]
				},
				{
					"name": "eyelid_left",
					"parent": "head",
					"pivot": [2.4, 23.53828, -6.56224],
					"cubes": [
						{"origin": [1.9, 22.53828, -8.06224], "size": [1, 2, 3], "inflate": 0.02, "uv": [56, 7]}
					]
				},
				{
					"name": "eyelid_right",
					"parent": "head",
					"pivot": [-2.4, 23.53828, -6.56224],
					"cubes": [
						{"origin": [-2.9, 22.53828, -8.06224], "size": [1, 2, 3], "inflate": 0.02, "uv": [43, 54]}
					]
				},
				{
					"name": "ear_left",
					"parent": "head",
					"pivot": [3, 24.43828, -4.06224],
					"cubes": [
						{"origin": [2, 24.43828, -4.06224], "size": [5, 0, 7], "uv": [31, 0]}
					]
				},
				{
					"name": "ear_right",
					"parent": "head",
					"pivot": [-3, 24.43828, -4.06224],
					"cubes": [
						{"origin": [-7, 24.43828, -4.06224], "size": [5, 0, 7], "uv": [29, 15]}
					]
				},
				{
					"name": "horn_left",
					"parent": "head",
					"pivot": [2, 26.01328, -2.56224],
					"cubes": [
						{"origin": [1, 25.51328, -2.56224], "size": [2, 1, 3], "uv": [54, 36]},
						{"origin": [1, 26.01328, 0.43776], "size": [2, 0, 4], "uv": [18, 31]}
					]
				},
				{
					"name": "horn_right",
					"parent": "head",
					"pivot": [-2, 26.01328, -2.56224],
					"cubes": [
						{"origin": [-3, 25.51328, -2.56224], "size": [2, 1, 3], "uv": [54, 32]},
						{"origin": [-3, 26.01328, 0.43776], "size": [2, 0, 4], "uv": [25, 15]}
					]
				},
				{
					"name": "spike",
					"parent": "head",
					"pivot": [0, 26.63728, -1.96224],
					"cubes": [
						{"origin": [-2, 26.63728, -1.96224], "size": [4, 0, 2], "uv": [0, 25]},
						{"origin": [-0.5, 26.63728, -0.96224], "size": [1, 0, 1], "uv": [3, 1]}
					]
				}
			]
		}
	]
}