{
  "species": "cobblemon:torterra",
  "order": 1,
  "variations": [
    {
      "aspects": ["ultravariant"],
      "poser": "cobblemon:torterra_ultravariant",
      "model": "cobblemon:torterra_ultravariant.geo",
      "texture": "cobblemon:textures/pokemon/0389_torterra/torterra_ultravariant.png",
      "layers": [
        {
          "name": "emissive",
          "emissive": true,
          "texture": "cobblemon:textures/pokemon/0389_torterra/torterra_ultravariant_emissive.png",
          "translucent": true
        }
      ]
    },
    {
      "aspects": ["ultravariant", "shiny"],
      "texture": "cobblemon:textures/pokemon/0389_torterra/torterra_ultravariant_shiny.png",
      "layers": [
        {
          "name": "emissive",
          "emissive": true,
          "texture": "cobblemon:textures/pokemon/0389_torterra/torterra_ultravariant_shiny_emissive.png"
        }
      ]
    },
    {
      "aspects": ["ultravariant", "shining"],
      "texture": "cobblemon:textures/pokemon/0389_torterra/torterra_ultravariant_shining.png",
      "layers": [
        {
          "name": "emissive",
          "emissive": true,
          "texture": "cobblemon:textures/pokemon/0389_torterra/torterra_ultravariant_shining_emissive.png"
        }
      ]
    }
  ]
}
