{
	"format_version": "1.12.0",
	"minecraft:geometry": [
		{
			"description": {
				"identifier": "geometry.pebblin",
				"texture_width": 32,
				"texture_height": 32,
				"visible_bounds_width": 2,
				"visible_bounds_height": 2.5,
				"visible_bounds_offset": [0, 0.75, 0]
			},
			"bones": [
				{
					"name": "bone2",
					"pivot": [1, 1, 2]
				},
				{
					"name": "body",
					"parent": "bone2",
					"pivot": [0.01907, 3.83333, -0.25535],
					"cubes": [
						{"origin": [-4, 2, -3], "size": [8, 5, 6], "uv": [0, 0]},
						{"origin": [2, 7, -3], "size": [0, 5, 6], "pivot": [2, 9.5, 0], "rotation": [0, -35, 0], "uv": [0, 11]},
						{"origin": [2, 7, -2], "size": [0, 5, 6], "pivot": [2, 9.5, 0], "rotation": [0, -140, 0], "uv": [0, 11]}
					]
				},
				{
					"name": "arms",
					"parent": "body",
					"pivot": [4, 4.5, 0]
				},
				{
					"name": "r_arm",
					"parent": "arms",
					"pivot": [-4, 4.5, 0],
					"cubes": [
						{"origin": [-7, 3, -1.5], "size": [4, 3, 3], "uv": [12, 17]}
					]
				},
				{
					"name": "l_arm",
					"parent": "arms",
					"pivot": [4, 4.5, 0],
					"cubes": [
						{"origin": [3, 3, -1.5], "size": [4, 3, 3], "uv": [12, 11]}
					]
				},
				{
					"name": "eyes",
					"parent": "body",
					"pivot": [4.7, 3, 0],
					"cubes": [
						{"origin": [-2.3, 4, -3.01], "size": [1, 2, 0], "uv": [16, 23]},
						{"origin": [1.7, 4, -3.01], "size": [1, 2, 0], "uv": [18, 23]}
					]
				},
				{
					"name": "legs",
					"parent": "bone2",
					"pivot": [1, 1, 2]
				},
				{
					"name": "l_leg",
					"parent": "legs",
					"pivot": [2, 3, 0],
					"cubes": [
						{"origin": [1, 0, -1], "size": [2, 4, 2], "uv": [0, 22]}
					]
				},
				{
					"name": "r_leg",
					"parent": "legs",
					"pivot": [-2, 3, 0],
					"cubes": [
						{"origin": [-3, 0, -1], "size": [2, 4, 2], "uv": [8, 23]}
					]
				}
			]
		}
	]
}