{
	"format_version": "1.12.0",
	"minecraft:geometry": [
		{
			"description": {
				"identifier": "geometry.seaking_jetian",
				"texture_width": 128,
				"texture_height": 128,
				"visible_bounds_width": 5,
				"visible_bounds_height": 3.5,
				"visible_bounds_offset": [0, 1.25, 0]
			},
			"bones": [
				{
					"name": "seaking_female",
					"pivot": [0, -2, 0]
				},
				{
					"name": "body",
					"parent": "seaking_female",
					"pivot": [0, 8.5, 0]
				},
				{
					"name": "torso",
					"parent": "body",
					"pivot": [0, 8.5, -13],
					"cubes": [
						{"origin": [-7.5, 5, -13], "size": [15, 14, 17], "pivot": [0, 12.5, -4.5], "rotation": [12.5, 0, 0], "uv": [0, 0]},
						{"origin": [0, 17, -10], "size": [0, 9, 17], "pivot": [0, 21.5, -1.5], "rotation": [0, 180, 0], "uv": [80, 77]}
					]
				},
				{
					"name": "head",
					"parent": "torso",
					"pivot": [0, 8.5, -13],
					"cubes": [
						{"origin": [-5.5, 5, -16], "size": [11, 10, 5], "uv": [0, 87]}
					]
				},
				{
					"name": "mouth",
					"parent": "head",
					"pivot": [0, 12, -16],
					"cubes": [
						{"origin": [-3, 11, -17], "size": [1, 2, 1], "uv": [72, 87]},
						{"origin": [2, 11, -17], "size": [1, 2, 1], "uv": [76, 87]}
					]
				},
				{
					"name": "upper_lip",
					"parent": "mouth",
					"pivot": [0, 13, -16.5],
					"cubes": [
						{"origin": [-3, 12, -17], "size": [6, 2, 1], "inflate": 0.03, "uv": [72, 113]},
						{"origin": [-2.4, 11.5, -17], "size": [1, 1, 0], "inflate": 0.02, "pivot": [-1.9, 12, -17], "rotation": [0, 0, -45], "uv": [64, 30]},
						{"origin": [1.4, 11.5, -17], "size": [1, 1, 0], "inflate": 0.02, "pivot": [1.9, 12, -17], "rotation": [0, 0, 45], "uv": [64, 29]}
					]
				},
				{
					"name": "lower_lip",
					"parent": "mouth",
					"pivot": [0, 11, -16.5],
					"cubes": [
						{"origin": [-3, 10, -17], "size": [6, 2, 1], "inflate": 0.01, "uv": [106, 113]}
					]
				},
				{
					"name": "horn",
					"parent": "head",
					"pivot": [0, 17.25, -11.25],
					"rotation": [-97.5, 0, 0],
					"cubes": [
						{"origin": [-1.5, 15.75, -14.75], "size": [3, 3, 5], "uv": [64, 21]},
						{"origin": [-1, 16.25, -17.75], "size": [2, 2, 3], "uv": [48, 107]}
					]
				},
				{
					"name": "eyes",
					"parent": "torso",
					"pivot": [8, 13.75, -9.5],
					"rotation": [12.5, 0, 0]
				},
				{
					"name": "eye_right",
					"parent": "eyes",
					"pivot": [-8, 13.75, -9.5],
					"cubes": [
						{"origin": [-8.5, 10.75, -12.5], "size": [1, 6, 6], "uv": [14, 102]}
					]
				},
				{
					"name": "pupil_right",
					"parent": "eye_right",
					"pivot": [-8.5, 13.75, -9.5],
					"cubes": [
						{"origin": [-8.5, 11.25, -12], "size": [0, 5, 5], "inflate": 0.01, "uv": [106, 103]}
					]
				},
				{
					"name": "eye_blink_right",
					"parent": "eye_right",
					"pivot": [-7.9, 13.75, -9.5],
					"cubes": [
						{"origin": [-8.4, 11.25, -12], "size": [1, 5, 5], "inflate": 0.02, "uv": [84, 103]}
					]
				},
				{
					"name": "eye_hurt_right",
					"parent": "eye_right",
					"pivot": [-7.9, 14.25, -10],
					"cubes": [
						{"origin": [-8.4, 11.25, -12], "size": [0, 5, 5], "inflate": 0.02, "uv": [38, 107]}
					]
				},
				{
					"name": "eye_left",
					"parent": "eyes",
					"pivot": [8, 13.75, -9.5],
					"cubes": [
						{"origin": [7.5, 10.75, -12.5], "size": [1, 6, 6], "uv": [0, 102]}
					]
				},
				{
					"name": "pupil_left",
					"parent": "eye_left",
					"pivot": [8.5, 13.75, -9.5],
					"cubes": [
						{"origin": [8.5, 11.25, -12], "size": [0, 5, 5], "inflate": 0.01, "uv": [106, 11]}
					]
				},
				{
					"name": "eye_blink_left",
					"parent": "eye_left",
					"pivot": [7.9, 13.75, -9.5],
					"cubes": [
						{"origin": [7.4, 11.25, -12], "size": [1, 5, 5], "inflate": 0.02, "uv": [72, 103]}
					]
				},
				{
					"name": "eye_hurt_left",
					"parent": "eye_left",
					"pivot": [7.9, 14.25, -10],
					"cubes": [
						{"origin": [8.4, 11.25, -12], "size": [0, 5, 5], "inflate": 0.02, "uv": [28, 107]}
					]
				},
				{
					"name": "fin_right1",
					"parent": "torso",
					"pivot": [-7.5, 6.75, -3.25],
					"cubes": [
						{"origin": [-12.5, -1.25, -3.25], "size": [5, 11, 0], "inflate": 0.01, "uv": [106, 0]}
					]
				},
				{
					"name": "fin_right2",
					"parent": "fin_right1",
					"pivot": [-12.5, 9.75, -3.25],
					"cubes": [
						{"origin": [-18.5, -3.25, -3.25], "size": [6, 14, 0], "uv": [60, 101]}
					]
				},
				{
					"name": "fin_left1",
					"parent": "torso",
					"pivot": [7.5, 6.75, -3.25],
					"cubes": [
						{"origin": [7.5, -1.25, -3.25], "size": [5, 11, 0], "inflate": 0.01, "uv": [96, 103]}
					]
				},
				{
					"name": "fin_left2",
					"parent": "fin_left1",
					"pivot": [12.5, 9.75, -3.25],
					"cubes": [
						{"origin": [12.5, -3.25, -3.25], "size": [6, 14, 0], "uv": [60, 87]}
					]
				},
				{
					"name": "torso_end",
					"parent": "torso",
					"pivot": [0, 8.5, 4],
					"cubes": [
						{"origin": [-6.5, 7, 1], "size": [13, 13, 8], "uv": [64, 0]}
					]
				},
				{
					"name": "tail",
					"parent": "torso_end",
					"pivot": [0, 9, 6]
				},
				{
					"name": "tail_back_right1",
					"parent": "tail",
					"pivot": [-1.5, 9, 6],
					"cubes": [
						{"origin": [-1.5, 3.5, 6], "size": [0, 11, 17], "inflate": 0.01, "uv": [80, 49]}
					]
				},
				{
					"name": "tail_back_right2",
					"parent": "tail_back_right1",
					"pivot": [-1.5, 14.5, 6.25],
					"cubes": [
						{"origin": [-1.5, 14.5, 6], "size": [0, 7, 20], "uv": [40, 60]}
					]
				},
				{
					"name": "tail_back_right3",
					"parent": "tail_back_right2",
					"pivot": [-1.5, 21.5, 16],
					"cubes": [
						{"origin": [-1.5, 21.5, 6], "size": [0, 9, 20], "uv": [40, 31]}
					]
				},
				{
					"name": "tail_back_left1",
					"parent": "tail",
					"pivot": [1.5, 9, 6],
					"cubes": [
						{"origin": [1.5, 3.5, 6], "size": [0, 11, 17], "inflate": 0.01, "uv": [80, 21]}
					]
				},
				{
					"name": "tail_back_left2",
					"parent": "tail_back_left1",
					"pivot": [1.5, 14.5, 6.25],
					"cubes": [
						{"origin": [1.5, 14.5, 6], "size": [0, 7, 20], "uv": [0, 60]}
					]
				},
				{
					"name": "tail_back_left3",
					"parent": "tail_back_left2",
					"pivot": [1.5, 21.5, 16],
					"cubes": [
						{"origin": [1.5, 21.5, 6], "size": [0, 9, 20], "uv": [0, 31]}
					]
				}
			]
		}
	]
}