{
	"format_version": "1.12.0",
	"minecraft:geometry": [
		{
			"description": {
				"identifier": "geometry.mamoswine_male",
				"texture_width": 256,
				"texture_height": 256,
				"visible_bounds_width": 6,
				"visible_bounds_height": 6.5,
				"visible_bounds_offset": [0, 2.75, 0]
			},
			"bones": [
				{
					"name": "mamoswine",
					"pivot": [0, 0, 0]
				},
				{
					"name": "body",
					"parent": "mamoswine",
					"pivot": [0, 0, 0]
				},
				{
					"name": "waist",
					"parent": "body",
					"pivot": [0, 19.5, 18]
				},
				{
					"name": "torso",
					"parent": "waist",
					"pivot": [0, 19.5, -18],
					"rotation": [0, 180, 0],
					"cubes": [
						{"origin": [-19, 20.29237, -30.51543], "size": [38, 30, 19], "uv": [0, 75]},
						{"origin": [-19, 18.29237, -35.51543], "size": [38, 32, 5], "uv": [114, 75]}
					]
				},
				{
					"name": "chest",
					"parent": "torso",
					"pivot": [0, 30.5, -31],
					"rotation": [-2.5, 0, 0],
					"cubes": [
						{"origin": [-15, 23.29237, -48.51543], "size": [30, 27, 33], "pivot": [0, 8.29237, -20.51543], "rotation": [15, 0, 0], "uv": [5, 0]}
					]
				},
				{
					"name": "snout",
					"parent": "chest",
					"pivot": [0, 41.29237, -63.51543],
					"rotation": [12.5, 0, 0]
				},
				{
					"name": "nose",
					"parent": "snout",
					"pivot": [0, 41.29237, -64.51543]
				},
				{
					"name": "fur",
					"parent": "snout",
					"pivot": [0, 41.29237, -66.01543],
					"rotation": [-25, 0, 0]
				},
				{
					"name": "tail",
					"parent": "torso",
					"pivot": [0, 32.29237, -11.51543],
					"cubes": [
						{"origin": [0, 34.79237, 4.48457], "size": [0, 9, 12], "pivot": [0, 10.29237, -14.51543], "rotation": [37.5, 0, 0], "uv": [200, 56]}
					]
				},
				{
					"name": "tusk_right",
					"parent": "torso",
					"pivot": [-13.25, 48.29237, -21.01543],
					"rotation": [102.5, -10, -175],
					"cubes": [
						{"origin": [-18.25, 40.79237, -35.01543], "size": [10, 10, 14], "uv": [192, 141]}
					]
				},
				{
					"name": "tusk_right2",
					"parent": "tusk_right",
					"pivot": [-13.25, 41.79237, -35.01543],
					"rotation": [-47.5, 0, 0],
					"cubes": [
						{"origin": [-17.25, 41.79237, -49.01543], "size": [8, 8, 14], "uv": [168, 195]}
					]
				},
				{
					"name": "tusk_left",
					"parent": "torso",
					"pivot": [13.25, 48.29237, -21.01543],
					"rotation": [102.5, 10, 175],
					"cubes": [
						{"origin": [8.25, 40.79237, -35.01543], "size": [10, 10, 14], "uv": [120, 195]}
					]
				},
				{
					"name": "tusk_left2",
					"parent": "tusk_left",
					"pivot": [13.25, 41.79237, -35.01543],
					"rotation": [-47.5, 0, 0],
					"cubes": [
						{"origin": [9.25, 41.79237, -49.01543], "size": [8, 8, 14], "uv": [56, 196]}
					]
				},
				{
					"name": "front_legs_chest",
					"parent": "waist",
					"pivot": [0, 30.5, 5]
				},
				{
					"name": "leg_front_left",
					"parent": "front_legs_chest",
					"pivot": [15, 22, -13],
					"cubes": [
						{"origin": [8, 16, -20], "size": [14, 12, 14], "inflate": 0.01, "uv": [117, 122]}
					]
				},
				{
					"name": "knee_front_left",
					"parent": "leg_front_left",
					"pivot": [15, 16, -21],
					"cubes": [
						{"origin": [7, 6, -21], "size": [16, 10, 16], "uv": [64, 148]}
					]
				},
				{
					"name": "foot_front_left",
					"parent": "knee_front_left",
					"pivot": [15, 6.5, -13],
					"cubes": [
						{"origin": [8, 0, -20], "size": [14, 7, 14], "uv": [120, 174]},
						{"origin": [9, 0, -23], "size": [12, 5, 3], "uv": [64, 134]}
					]
				},
				{
					"name": "leg_front_right",
					"parent": "front_legs_chest",
					"pivot": [-15, 22, -13],
					"cubes": [
						{"origin": [-22, 16, -20], "size": [14, 12, 14], "inflate": 0.01, "uv": [149, 2]}
					]
				},
				{
					"name": "knee_front_right",
					"parent": "leg_front_right",
					"pivot": [-15, 16, -21],
					"cubes": [
						{"origin": [-23, 6, -21], "size": [16, 10, 16], "uv": [128, 148]}
					]
				},
				{
					"name": "foot_front_right",
					"parent": "knee_front_right",
					"pivot": [-15, 6.5, -13],
					"cubes": [
						{"origin": [-22, 0, -20], "size": [14, 7, 14], "uv": [178, 120]},
						{"origin": [-21, 0, -23], "size": [12, 5, 3], "uv": [146, 64]}
					]
				},
				{
					"name": "leg_back_left",
					"parent": "body",
					"pivot": [14, 22, 10],
					"cubes": [
						{"origin": [6, 7, 16], "size": [13, 12, 16], "inflate": 0.01, "pivot": [2, -8, 11], "rotation": [27.5, 0, 0], "uv": [0, 134]}
					]
				},
				{
					"name": "knee_back_left",
					"parent": "leg_back_left",
					"pivot": [14, 14, 10],
					"cubes": [
						{"origin": [6, 6, 10], "size": [13, 8, 14], "uv": [60, 174]}
					]
				},
				{
					"name": "foot_back_left",
					"parent": "knee_back_left",
					"pivot": [15, 6.5, 18],
					"cubes": [
						{"origin": [7, 0, 11], "size": [11, 7, 14], "uv": [176, 174]},
						{"origin": [8, 0, 8], "size": [9, 5, 3], "uv": [146, 56]}
					]
				},
				{
					"name": "leg_back_right",
					"parent": "body",
					"pivot": [-14, 22, 13],
					"cubes": [
						{"origin": [-19, 7, 16], "size": [13, 12, 16], "inflate": 0.01, "pivot": [-2, -8, 11], "rotation": [27.5, 0, 0], "uv": [149, 28]}
					]
				},
				{
					"name": "knee_back_right",
					"parent": "leg_back_right",
					"pivot": [-14, 14, 10],
					"cubes": [
						{"origin": [-19, 6, 10], "size": [13, 8, 14], "uv": [3, 162]}
					]
				},
				{
					"name": "foot_back_right",
					"parent": "knee_back_right",
					"pivot": [-15, 6.5, 18],
					"cubes": [
						{"origin": [-18, 0, 11], "size": [11, 7, 14], "uv": [3, 184]},
						{"origin": [-17, 0, 8], "size": [9, 5, 3], "uv": [195, 165]}
					]
				}
			]
		}
	]
}