{
	"format_version": "1.12.0",
	"minecraft:geometry": [
		{
			"description": {
				"identifier": "geometry.unknown",
				"texture_width": 64,
				"texture_height": 64,
				"visible_bounds_width": 2,
				"visible_bounds_height": 2.5,
				"visible_bounds_offset": [0, 0.75, 0]
			},
			"bones": [
				{
					"name": "psykou",
					"pivot": [0, 0, 0]
				},
				{
					"name": "body",
					"parent": "psykou",
					"pivot": [-0.5, 6, 0],
					"cubes": [
						{"origin": [-2, 2.5, -3.5], "size": [4, 4, 0], "uv": [30, 26]},
						{"origin": [2, 2.5, -3.5], "size": [0, 4, 7], "uv": [24, -6]},
						{"origin": [-2, 2.5, -3.5], "size": [0, 4, 7], "uv": [0, 23]},
						{"origin": [-2, 6.5, -3.5], "size": [4, 0, 7], "uv": [0, 0]},
						{"origin": [-2, 2.5, -3.5], "size": [4, 0, 7], "uv": [14, 10]},
						{"origin": [-2, 2.5, 3.5], "size": [4, 4, 0], "uv": [16, 29]},
						{"origin": [-0.5, 6.51, 1], "size": [1, 0, 2], "uv": [12, 36]}
					]
				},
				{
					"name": "ectoplasm",
					"parent": "body",
					"pivot": [-0.5, 6, 0],
					"cubes": [
						{"origin": [-1.5, 3, -3], "size": [3, 3, 6], "inflate": 0.2, "uv": [30, 13]}
					]
				},
				{
					"name": "plasma",
					"parent": "ectoplasm",
					"pivot": [-0.5, 6, 0],
					"cubes": [
						{"origin": [-1.5, 3, -3], "size": [3, 3, 6], "uv": [0, 14]}
					]
				},
				{
					"name": "neck",
					"parent": "body",
					"pivot": [0, 6.5, -2.5],
					"cubes": [
						{"origin": [-1, 5.5, -3.5], "size": [2, 2, 2], "inflate": 0.01, "uv": [19, 23]}
					]
				},
				{
					"name": "head",
					"parent": "neck",
					"pivot": [-1, 6.5, -3.7],
					"cubes": [
						{"origin": [-2, 6.5, -5.7], "size": [4, 3, 3], "uv": [22, 31]},
						{"origin": [1.2, 8.6, -5.7], "size": [1, 1, 3], "inflate": 0.01, "uv": [34, 47]},
						{"origin": [-2.2, 8.6, -5.7], "size": [1, 1, 3], "inflate": 0.01, "uv": [34, 47], "mirror": true},
						{"origin": [2.01, 6.5, -4.1], "size": [0, 1, 1], "uv": [28, 46]},
						{"origin": [-2.01, 6.5, -4.1], "size": [0, 1, 1], "uv": [28, 46], "mirror": true},
						{"origin": [-1.5, 6, -5.7], "size": [3, 1, 2], "inflate": 0.01, "uv": [36, 41]}
					]
				},
				{
					"name": "muzzle",
					"parent": "head",
					"pivot": [-1, 6.5, -3.7],
					"cubes": [
						{"origin": [-0.5, 7.2, -6.7], "size": [1, 1, 1], "uv": [18, 41]},
						{"origin": [0, 6, -6.7], "size": [2, 2, 1], "pivot": [0, 8, -6.7], "rotation": [0, -30, 0], "uv": [26, 41]},
						{"origin": [-2, 6, -6.7], "size": [2, 2, 1], "pivot": [0, 8, -6.7], "rotation": [0, 30, 0], "uv": [26, 41], "mirror": true}
					]
				},
				{
					"name": "eye_left",
					"parent": "head",
					"pivot": [2, 8.2, -3.3],
					"rotation": [8, 0, 0],
					"cubes": [
						{"origin": [2.1, 8.2, -5.3], "size": [0, 1, 2], "uv": [41, 34]}
					]
				},
				{
					"name": "eyelid_left",
					"parent": "eye_left",
					"pivot": [0, 7.3, -4.3],
					"cubes": [
						{"origin": [0, 7.3, -5.3], "size": [1, 2, 2], "inflate": 0.01, "uv": [52, 38]}
					]
				},
				{
					"name": "eye_right",
					"parent": "head",
					"pivot": [-2, 8.2, -3.3],
					"rotation": [8, 0, 0],
					"cubes": [
						{"origin": [-2.1, 8.2, -5.3], "size": [0, 1, 2], "uv": [41, 34], "mirror": true}
					]
				},
				{
					"name": "eyelid_right",
					"parent": "eye_right",
					"pivot": [0, 7.3, -4.3],
					"cubes": [
						{"origin": [-1, 7.3, -5.3], "size": [1, 2, 2], "inflate": 0.01, "uv": [52, 38], "mirror": true}
					]
				},
				{
					"name": "ear_left",
					"parent": "head",
					"pivot": [1.2, 9.6, -2.7],
					"rotation": [2.5, 7.5, 0],
					"cubes": [
						{"origin": [1.2, 9.6, -2.7], "size": [1, 0, 3], "uv": [14, 50]},
						{"origin": [2.2, 8.6, -2.7], "size": [0, 1, 2], "uv": [6, 38]}
					]
				},
				{
					"name": "ear_right",
					"parent": "head",
					"pivot": [-1.2, 9.6, -2.7],
					"rotation": [2.5, -7.5, 0],
					"cubes": [
						{"origin": [-2.2, 9.6, -2.7], "size": [1, 0, 3], "uv": [42, 30], "mirror": true},
						{"origin": [-2.2, 8.6, -2.7], "size": [0, 1, 2], "uv": [6, 38], "mirror": true}
					]
				},
				{
					"name": "tail",
					"parent": "body",
					"pivot": [0, 5.5, 3],
					"cubes": [
						{"origin": [0, 4.5, 3], "size": [0, 2, 3], "uv": [2, 47]},
						{"origin": [-0.5, 6.5, 3], "size": [1, 0, 3], "uv": [1, 58]}
					]
				},
				{
					"name": "leg_front_left",
					"parent": "body",
					"pivot": [2, 4.5, -2],
					"cubes": [
						{"origin": [1.5, 1.5, -2], "size": [1, 3, 0], "uv": [54, 10]}
					]
				},
				{
					"name": "foot_front_left",
					"parent": "leg_front_left",
					"pivot": [2, 1.5, -2],
					"cubes": [
						{"origin": [1, -0.5, -2], "size": [2, 2, 0], "uv": [56, 18]},
						{"origin": [3, 0, -2], "size": [1, 1, 0], "pivot": [3, 0.5, -2], "rotation": [0, -45, 0], "uv": [58, 26]},
						{"origin": [0, 0, -2], "size": [1, 1, 0], "pivot": [1, 0.5, -2], "rotation": [0, 45, 0], "uv": [58, 26]},
						{"origin": [1.5, -1.5, -2], "size": [1, 1, 0], "pivot": [2, -0.5, -2], "rotation": [45, 0, 0], "uv": [58, 32]}
					]
				},
				{
					"name": "leg_front_right",
					"parent": "body",
					"pivot": [-2, 4.5, -2],
					"cubes": [
						{"origin": [-2.5, 1.5, -2], "size": [1, 3, 0], "uv": [54, 10], "mirror": true}
					]
				},
				{
					"name": "foot_front_right",
					"parent": "leg_front_right",
					"pivot": [-2, 1.5, -2],
					"cubes": [
						{"origin": [-3, -0.5, -2], "size": [2, 2, 0], "uv": [56, 18], "mirror": true},
						{"origin": [-4, 0, -2], "size": [1, 1, 0], "pivot": [-3, 0.5, -2], "rotation": [0, 45, 0], "uv": [58, 26], "mirror": true},
						{"origin": [-1, 0, -2], "size": [1, 1, 0], "pivot": [-1, 0.5, -2], "rotation": [0, -45, 0], "uv": [58, 26], "mirror": true},
						{"origin": [-2.5, -1.5, -2], "size": [1, 1, 0], "pivot": [-2, -0.5, -2], "rotation": [45, 0, 0], "uv": [58, 32], "mirror": true}
					]
				},
				{
					"name": "leg_back_left",
					"parent": "body",
					"pivot": [2, 4.5, 3],
					"cubes": [
						{"origin": [1.5, 1.5, 3], "size": [1, 3, 0], "uv": [48, 5]}
					]
				},
				{
					"name": "leg_back_right",
					"parent": "body",
					"pivot": [-2, 4.5, 3],
					"cubes": [
						{"origin": [-2.5, 1.5, 3], "size": [1, 3, 0], "uv": [48, 5], "mirror": true}
					]
				}
			]
		}
	]
}