{
	"variants": {
		"cobblemon:textures/pokemon/0133_eevee/eevee_altered_a.png": "normal_sprite:0133_eevee/eevee_altered_a.png",
		"cobblemon:textures/pokemon/0133_eevee/eevee_altered_a_shiny.png": "normal_sprite:0133_eevee/eevee_altered_a_shiny.png",
		"cobblemon:textures/pokemon/0133_eevee/eevee_altered_b.png": "normal_sprite:0133_eevee/eevee_altered_b.png",
		"cobblemon:textures/pokemon/0133_eevee/eevee_altered_b_shiny.png": "normal_sprite:0133_eevee/eevee_altered_b_shiny.png",
		"cobblemon:textures/pokemon/0196_espeon/espeon_altered.png": "normal_sprite:0196_espeon/espeon_altered.png",
		"cobblemon:textures/pokemon/0196_espeon/espeon_altered_shiny.png": "normal_sprite:0196_espeon/espeon_altered_shiny.png",
		"cobblemon:textures/pokemon/0280_ralts/ralts_altered.png": "normal_sprite:0280_ralts/ralts_altered.png",
		"cobblemon:textures/pokemon/0280_ralts/ralts_altered_shiny.png": "normal_sprite:0280_ralts/ralts_altered_shiny.png",
		"cobblemon:textures/pokemon/0280_ralts/ralts_altered_gamma.png": "normal_sprite:0280_ralts/ralts_altered_gamma.png",
		"cobblemon:textures/pokemon/0281_kirlia/kirlia_altered.png": "normal_sprite:0281_kirlia/kirlia_altered.png",
		"cobblemon:textures/pokemon/0281_kirlia/kirlia_altered_shiny.png": "normal_sprite:0281_kirlia/kirlia_altered_shiny.png",
		"cobblemon:textures/pokemon/0281_kirlia/kirlia_altered_gamma.png": "normal_sprite:0281_kirlia/kirlia_altered_gamma.png",
		"cobblemon:textures/pokemon/0282_gardevoir/gardevoir_altered.png": "normal_sprite:0282_gardevoir/gardevoir_altered.png",
		"cobblemon:textures/pokemon/0282_gardevoir/gardevoir_altered_shiny.png": "normal_sprite:0282_gardevoir/gardevoir_altered_shiny.png",
		"cobblemon:textures/pokemon/0282_gardevoir/gardevoir_altered_gamma.png": "normal_sprite:0282_gardevoir/gardevoir_altered_gamma.png",
		"cobblemon:textures/pokemon/0282_gardevoir/gardevoir_altered_mega.png": "normal_sprite:0282_gardevoir/gardevoir_altered_mega.png",
		"cobblemon:textures/pokemon/0282_gardevoir/gardevoir_altered_mega_shiny.png": "normal_sprite:0282_gardevoir/gardevoir_altered_mega_shiny.png",
		"cobblemon:textures/pokemon/0282_gardevoir/gardevoir_altered_mega_gamma.png": "normal_sprite:0282_gardevoir/gardevoir_altered_mega_gamma.png",
		"cobblemon:textures/pokemon/0475_gallade/gallade_altered.png": "normal_sprite:0475_gallade/gallade_altered.png",
		"cobblemon:textures/pokemon/0475_gallade/gallade_altered_shiny.png": "normal_sprite:0475_gallade/gallade_altered_shiny.png",
		"cobblemon:textures/pokemon/0475_gallade/gallade_altered_gamma.png": "normal_sprite:0475_gallade/gallade_altered_gamma.png",
		"cobblemon:textures/pokemon/0475_gallade/gallade_altered_mega.png": "normal_sprite:0475_gallade/gallade_altered_mega.png",
		"cobblemon:textures/pokemon/0475_gallade/gallade_altered_mega_shiny.png": "normal_sprite:0475_gallade/gallade_altered_mega_shiny.png",
		"cobblemon:textures/pokemon/0475_gallade/gallade_altered_mega_gamma.png": "normal_sprite:0475_gallade/gallade_altered_mega_gamma.png"
	}
}