{
  "head": "head",
  "portraitScale": 1.5,
  "portraitTranslation": [0, 0.5, 0],
  "profileScale": 0.8,
  "profileTranslation": [0, 0.5, 0],
  "animations": {
	"cry": "q.bedrock_stateful('barunda-spaceworldmons', 'cry')",
	"faint": "q.bedrock_stateful('barunda-spaceworldmons', 'faint')"
  },
  "poses": {
    "battle-idle": {
      "transformTicks": 10,
      "poseTypes": ["STAND"],
      "isBattle": true,
      "isTouchingWater": false,
      "transformedParts": [],
      "animations": ["bedrock(barunda-spaceworldmons, ground_idle)"],
	  "quirks": [
		"q.bedrock_quirk('barunda-spaceworldmons', 'blink')"
      ]
    },
    "standing": {
      "transformTicks": 10,
      "poseTypes": ["STAND", "NONE", "PORTRAIT", "PROFILE"],
      "animations": ["look", "bedrock(barunda-spaceworldmons, ground_idle)"],
	  "quirks": [
		"q.bedrock_quirk('barunda-spaceworldmons', 'blink')"
      ]
    },
    "walking": {
      "transformTicks": 10,
      "poseTypes": ["WALK"],
      "animations": ["bedrock(barunda-spaceworldmons, ground_walk)"],
	  "quirks": [
		"q.bedrock_quirk('barunda-spaceworldmons', 'blink')"
      ]
    },
    "hover": {
      "transformTicks": 10,
      "poseTypes": ["HOVER"],
      "animations": ["look", "bedrock(barunda-spaceworldmons, ground_idle)"],
	  "quirks": [
		"q.bedrock_quirk('barunda-spaceworldmons', 'blink')"
      ]
    },
    "fly": {
      "transformTicks": 10,
      "poseTypes": ["FLY"],
      "animations": ["look", "bedrock(barunda-spaceworldmons, ground_walk)"],
	  "quirks": [
		"q.bedrock_quirk('barunda-spaceworldmons', 'blink')"
      ]
 	},
	"shoulder_left": {
     "poseTypes": ["SHOULDER_LEFT"],
     "animations": [
	   "q.look('head')",
       "q.bedrock('barunda-spaceworldmons', 'shoulder_left')"
     ],
     "quirks": ["q.bedrock_quirk('barunda-spaceworldmons', 'blink')"]
    },
	"shoulder_right": {
     "poseTypes": ["SHOULDER_RIGHT"],
     "animations": [
	   "q.look('head')",
       "q.bedrock('barunda-spaceworldmons', 'shoulder_right')"
     ],
     "quirks": ["q.bedrock_quirk('barunda-spaceworldmons', 'blink')"]
    }
  }
}