{
  "head": "head",
  "portraitScale": 1.65,
  "portraitTranslation": [-0.5, -0.5, 0],
  "profileScale": 0.75,
  "profileTranslation": [0, 0.5, 0],
  "animations": {
	"cry": "q.bedrock_stateful('raitora-spaceworldmons', 'cry')",
	"faint": "q.bedrock_stateful('raitora-spaceworldmons', 'ground_idle')"
  },
  "poses": {
    "battle-idle": {
      "transformTicks": 10,
      "poseTypes": ["STAND"],
      "isBattle": true,
      "isTouchingWater": false,
      "transformedParts": [],
      "animations": ["bedrock(raitora-spaceworldmons, ground_idle)"],
	  "quirks": [
		"q.bedrock_quirk('raitora-spaceworldmons', 'blink')"
      ]
    },
    "standing": {
      "transformTicks": 10,
      "poseTypes": ["STAND", "NONE", "PORTRAIT", "PROFILE"],
      "animations": ["look", "bedrock(raitora-spaceworldmons, ground_idle)"],
	  "quirks": [
		"q.bedrock_quirk('raitora-spaceworldmons', 'blink')"
      ]
    },
    "walking": {
      "transformTicks": 10,
      "poseTypes": ["WALK"],
      "animations": ["bedrock(raitora-spaceworldmons, ground_walk)"],
      "quirks": [
		"q.bedrock_quirk('raitora-spaceworldmons', 'blink')"
      ]
    },
    "sleeping": {
      "transformTicks": 10,
      "poseTypes": ["SLEEP"],
      "animations": [
        "bedrock(raitora-spaceworldmons, sleep)"
      ]
    }
  }
}