{
  "head": "head",
  "portraitScale": 2,
  "portraitTranslation": [0, 0, 0],
  "profileScale": 1.2,
  "profileTranslation": [0, 0.15, 0],
  "animations": {
	"cry": "q.bedrock_stateful('norowara-spaceworldmons', 'ground_idle')",
	"faint": "q.bedrock_stateful('norowara-spaceworldmons', 'ground_idle')"
  },
  "poses": {
    "battle-idle": {
      "transformTicks": 10,
      "poseTypes": ["STAND"],
      "isBattle": true,
      "isTouchingWater": false,
      "transformedParts": [],
      "animations": ["bedrock(norowara-spaceworldmons, ground_idle)"],
	  "quirks": [
		"q.bedrock_quirk('norowara-spaceworldmons', 'blink')"
      ]
    },
    "standing": {
      "transformTicks": 10,
      "poseTypes": ["STAND", "NONE", "PORTRAIT", "PROFILE"],
      "animations": ["look", "bedrock(norowara-spaceworldmons, ground_idle)"],
	  "quirks": [
		"q.bedrock_quirk('norowara-spaceworldmons', 'blink')"
      ]
  },
    "walking": {
      "transformTicks": 10,
      "poseTypes": ["WALK"],
      "animations": ["bedrock(norowara-spaceworldmons, ground_walk)"],
	  "quirks": [
		"q.bedrock_quirk('norowara-spaceworldmons', 'blink')"
      ]
    },
	"sleeping": {
      "transformTicks": 10,
      "poseTypes": ["SLEEP"],
      "animations": [
        "bedrock(norowara-spaceworldmons, ground_idle)"
      ]
     }
  }
}