{
  "head": "head",
  "portraitScale": 2,
  "portraitTranslation": [0, 0.1, 0],
  "profileScale": 0.95,
  "profileTranslation": [0, 0.4, 0],
  "animations": {
	"cry": "q.bedrock_stateful('kyonpan-spaceworldmons', 'ground_idle')",
	"faint": "q.bedrock_stateful('kyonpan-spaceworldmons', 'ground_idle')"
  },
  "poses": {
    "battle-idle": {
      "transformTicks": 10,
      "poseTypes": ["STAND"],
      "isBattle": true,
      "isTouchingWater": false,
      "transformedParts": [],
      "animations": ["bedrock(kyonpan-spaceworldmons, ground_idle)"]
    },
    "standing": {
      "transformTicks": 10,
      "poseTypes": ["STAND", "NONE", "PORTRAIT", "PROFILE"],
      "animations": ["look", "bedrock(kyonpan-spaceworldmons, ground_idle)"]
    },
    "walking": {
      "transformTicks": 10,
      "poseTypes": ["WALK"],
      "animations": ["bedrock(kyonpan-spaceworldmons, ground_walk)"]
    },
	"sleeping": {
      "transformTicks": 10,
      "poseTypes": ["SLEEP"],
      "animations": [
        "bedrock(kyonpan-spaceworldmons, ground_idle)"
      ]
     }
  }
}