{
  "head": "head",
  "portraitScale": 1.5,
  "portraitTranslation": [-1.2, 0.5, 0],
  "profileScale": 0.45,
  "profileTranslation": [0, 0.95, 0],
  "animations": {
	"cry": "q.bedrock_primary('komainu-spaceworldmons', 'cry', q.curve('symmetrical_wide'))",
	"faint": "q.bedrock_stateful('komainu-spaceworldmons', 'ground_idle')"
  },
  "poses": {
    "battle-idle": {
      "transformTicks": 10,
      "poseTypes": ["STAND"],
      "isBattle": true,
      "isTouchingWater": false,
      "transformedParts": [],
      "animations": ["bedrock(komainu-spaceworldmons, ground_idle)"],
	  "quirks": [
		"q.bedrock_quirk('komainu-spaceworldmons', 'blink')"
      ]
    },
    "standing": {
      "transformTicks": 10,
      "poseTypes": ["STAND", "NONE", "PORTRAIT", "PROFILE"],
      "animations": ["look", "bedrock(komainu-spaceworldmons, ground_idle)"],
	  "quirks": [
		"q.bedrock_quirk('komainu-spaceworldmons', 'blink')"
      ]
    },
    "walking": {
      "transformTicks": 10,
      "poseTypes": ["WALK"],
      "animations": ["bedrock(komainu-spaceworldmons, ground_walk)"],
	  "quirks": [
		"q.bedrock_quirk('komainu-spaceworldmons', 'blink')"
      ]
    },
  "sleeping": {
      "transformTicks": 10,
      "poseTypes": ["SLEEP"],
      "animations": [
        "bedrock(komainu-spaceworldmons, sleep)"
      ]
     }
  }
}