{
  "head": "head",
  "portraitScale": 1.8,
  "portraitTranslation": [0, 0.1, 0],
  "profileScale": 0.8,
  "profileTranslation": [0, 0.6, 0],
  "animations": {
	"cry": "q.bedrock_primary('kindachi-spaceworldmons', 'cry', q.curve('symmetrical_wide'))",
	"faint": "q.bedrock_stateful('kindachi-spaceworldmons', 'faint')"
  },
  "poses": {
    "battle-idle": {
      "transformTicks": 10,
      "poseTypes": ["STAND"],
      "isBattle": true,
      "isTouchingWater": false,
      "transformedParts": [],
      "animations": ["bedrock(kindachi-spaceworldmons, ground_idle)"],
	  "quirks": [
		"q.bedrock_quirk('kindachi-spaceworldmons', 'cry')"
      ]
    },
    "standing": {
      "transformTicks": 10,
      "poseTypes": ["STAND", "NONE", "PORTRAIT", "PROFILE"],
      "animations": ["look", "bedrock(kindachi-spaceworldmons, ground_idle)"],
	  "quirks": [
		"q.bedrock_quirk('kindachi-spaceworldmons', 'cry')"
      ]
    },
    "walking": {
      "transformTicks": 10,
      "poseTypes": ["WALK"],
      "animations": ["bedrock(kindachi-spaceworldmons, ground_walk)"],
      "quirks": [
		"q.bedrock_quirk('kindachi-spaceworldmons', 'cry')"
      ]
    }
  }
}