{
  "head": "head",
  "portraitScale": 1.5,
  "portraitTranslation": [0, 0.5, 0],
  "profileScale": 0.8,
  "profileTranslation": [0, 0.5, 0],
  "animations": {
	"cry": "q.bedrock_stateful('madamuu-spaceworldmons', 'cry')",
	"faint": "q.bedrock_stateful('madamuu-spaceworldmons', 'ground_idle')"
  },
  "poses": {
    "battle-idle": {
      "transformTicks": 10,
      "poseTypes": ["STAND"],
      "isBattle": true,
      "isTouchingWater": false,
      "transformedParts": [],
      "animations": ["bedrock(madamuu-spaceworldmons, ground_idle)"]
    },
    "standing": {
      "transformTicks": 10,
      "poseTypes": ["STAND", "NONE", "PORTRAIT", "PROFILE"],
      "animations": ["look", "bedrock(madamuu-spaceworldmons, ground_idle)"]
    },
    "walking": {
      "transformTicks": 10,
      "poseTypes": ["WALK"],
      "animations": ["bedrock(madamuu-spaceworldmons, ground_walk)"]
    },
    "hover": {
      "transformTicks": 10,
      "poseTypes": ["HOVER"],
      "animations": ["look", "bedrock(madamuu-spaceworldmons, air_idle)"]
    },
    "fly": {
      "transformTicks": 10,
      "poseTypes": ["FLY"],
      "animations": ["look", "bedrock(madamuu-spaceworldmons, air_fly)"]
 	}
  }
}