{
  "head": "head",
  "portraitScale": 1.7,
  "portraitTranslation": [0, -0.6, 0],
  "profileScale": 1.1,
  "profileTranslation": [0, 0.1, 0],
  "animations": {
	"cry": "q.bedrock_stateful('animon-spaceworldmons', 'cry')",
	"faint": "q.bedrock_stateful('animon-spaceworldmons', 'faint')"
  },
  "poses": {
    "battle-idle": {
      "transformTicks": 10,
      "poseTypes": ["STAND"],
      "isBattle": true,
      "isTouchingWater": false,
      "transformedParts": [],
      "animations": ["bedrock(animon-spaceworldmons, ground_idle)"],
	  "quirks": [
		"q.bedrock_quirk('animon-spaceworldmons', 'blink')"
      ]
    },
    "standing": {
      "transformTicks": 10,
      "poseTypes": ["STAND", "NONE", "PORTRAIT", "PROFILE"],
      "animations": ["look", "bedrock(animon-spaceworldmons, ground_idle)"],
	  "quirks": [
		"q.bedrock_quirk('animon-spaceworldmons', 'blink')"
      ]
    },
    "walking": {
      "transformTicks": 10,
      "poseTypes": ["WALK"],
      "animations": ["bedrock(animon-spaceworldmons, ground_walk)"],
	  "quirks": [
		"q.bedrock_quirk('animon-spaceworldmons', 'blink')"
      ]
    },
    "sleeping": {
      "transformTicks": 10,
      "poseTypes": ["SLEEP"],
      "animations": [
        "bedrock(animon-spaceworldmons, sleep)"
      ]
    }
  }
}