{
  "head": "head",
  "portraitScale": 3,
  "portraitTranslation": [-0.1, -2.3, 0],
  "profileScale": 2.7,
  "profileTranslation": [-0.15, -2, 0],
  "animations": {
	"cry": "q.bedrock_stateful('evolotto-spaceworldmons', 'cry')",
	"faint": "q.bedrock_stateful('evolotto-spaceworldmons', 'faint')"
  },
  "poses": {
    "battle-idle": {
      "transformTicks": 10,
      "poseTypes": ["STAND"],
      "isBattle": true,
      "isTouchingWater": false,
      "transformedParts": [],
      "animations": ["bedrock(evolotto-spaceworldmons, ground_idle)"],
	  "quirks": [
		"q.bedrock_quirk('evolotto-spaceworldmons', 'blink')"
      ]
    },
    "standing": {
      "transformTicks": 10,
      "poseTypes": ["STAND", "NONE", "PORTRAIT", "PROFILE"],
      "animations": ["look", "bedrock(evolotto-spaceworldmons, ground_idle)"],
	  "quirks": [
		"q.bedrock_quirk('evolotto-spaceworldmons', 'blink')"
      ]
    },
    "walking": {
      "transformTicks": 10,
      "poseTypes": ["WALK"],
      "animations": ["bedrock(evolotto-spaceworldmons, ground_walk)"],
	  "quirks": [
		"q.bedrock_quirk('evolotto-spaceworldmons', 'blink')"
      ]
    },
    "sleeping": {
      "transformTicks": 10,
      "poseTypes": ["SLEEP"],
      "animations": [
        "q.bedrock('evolotto-spaceworldmons', 'sleep')"
      ]
     }
  }
}