{
  "head": "head",
  "portraitScale": 2,
  "portraitTranslation": [0, -0.25, 0],
  "profileScale": 1.3,
  "profileTranslation": [0.25, -0.25, 0],
  "animations": {
	"cry": "q.bedrock_stateful('ponku-spaceworldmons', 'cry')",
	"faint": "q.bedrock_stateful('ponku-spaceworldmons', 'ground_idle')"
  },
  "poses": {
    "battle-idle": {
      "transformTicks": 10,
      "poseTypes": ["STAND"],
      "isBattle": true,
      "isTouchingWater": false,
      "transformedParts": [],
      "animations": ["bedrock(ponku-spaceworldmons, ground_idle)"],
	  "quirks": [
		"q.bedrock_quirk('ponku-spaceworldmons', 'blink')"
      ]
    },
    "standing": {
      "transformTicks": 10,
      "poseTypes": ["STAND", "NONE", "PORTRAIT", "PROFILE"],
      "animations": ["look", "bedrock(ponku-spaceworldmons, ground_idle)"],
	  "quirks": [
		"q.bedrock_quirk('ponku-spaceworldmons', 'blink')"
      ]
    },
    "walking": {
      "transformTicks": 10,
      "poseTypes": ["WALK"],
      "animations": ["bedrock(ponku-spaceworldmons, ground_walk)"],
	  "quirks": [
		"q.bedrock_quirk('ponku-spaceworldmons', 'blink')"
      ]
    },
    "sleeping": {
      "transformTicks": 10,
      "poseTypes": ["SLEEP"],
      "animations": [
        "q.bedrock('ponku-spaceworldmons', 'sleep')"
      ]
     }
  }
}