{
  "head": "head",
  "portraitScale": 1.3,
  "portraitTranslation": [-0.25, 0.5, 0],
  "profileScale": 0.7,
  "profileTranslation": [0, 0.7, 0],
  "animations": {
	"cry": "q.bedrock_stateful('tanpu-spaceworldmons', 'cry')",
	"faint": "q.bedrock_stateful('tanpu-spaceworldmons', 'ground_idle')"
  },
  "poses": {
    "battle-idle": {
      "transformTicks": 10,
      "poseTypes": ["STAND"],
      "isBattle": true,
      "isTouchingWater": false,
      "transformedParts": [],
      "animations": ["bedrock(tanpu-spaceworldmons, ground_idle)"],
	  "quirks": [
		"q.bedrock_quirk('tanpu-spaceworldmons', 'ground_idle')"
      ]
    },
    "standing": {
      "transformTicks": 10,
      "poseTypes": ["STAND", "NONE", "PORTRAIT", "PROFILE"],
      "animations": ["look", "bedrock(tanpu-spaceworldmons, ground_idle)"],
	  "quirks": [
		"q.bedrock_quirk('tanpu-spaceworldmons', 'ground_idle')"
      ]
    },
    "walking": {
      "transformTicks": 10,
      "poseTypes": ["WALK"],
      "animations": ["bedrock(tanpu-spaceworldmons, ground_walk)"],
	  "quirks": [
		"q.bedrock_quirk('tanpu-spaceworldmons', 'ground_idle')"
      ]
    },
    "sleeping": {
      "transformTicks": 10,
      "poseTypes": ["SLEEP"],
      "animations": [
        "q.bedrock('tanpu-spaceworldmons', 'ground_idle')"
      ]
     }
  }
}