{
  "head": "head",
  "portraitScale": 2,
  "portraitTranslation": [-0.5, -1.5, 0],
  "profileScale": 1,
  "profileTranslation": [0, 0, 0],
  "animations": {
	"cry": "q.bedrock_stateful('hakogame-spaceworldmons', 'cry')",
	"faint": "q.bedrock_stateful('hakogame-spaceworldmons', 'faint')"
  },
  "poses": {
    "battle-idle": {
      "transformTicks": 10,
      "poseTypes": ["STAND"],
      "isBattle": true,
      "isTouchingWater": false,
      "transformedParts": [],
      "animations": ["bedrock(hakogame-spaceworldmons, ground_idle)"],
	  "quirks": [
		"q.bedrock_quirk('hakogame-spaceworldmons', 'blink')"
      ]
    },
    "standing": {
      "transformTicks": 10,
      "poseTypes": ["STAND", "NONE", "PORTRAIT", "PROFILE"],
      "animations": ["look", "bedrock(hakogame-spaceworldmons, ground_idle)"],
	  "quirks": [
		"q.bedrock_quirk('hakogame-spaceworldmons', 'blink')"
      ]
    },
    "walking": {
      "transformTicks": 10,
      "poseTypes": ["WALK"],
      "animations": ["bedrock(hakogame-spaceworldmons, ground_walk)"],
	  "quirks": [
		"q.bedrock_quirk('hakogame-spaceworldmons', 'blink')"
      ]
    },
    "sleeping": {
      "transformTicks": 10,
      "poseTypes": ["SLEEP"],
      "animations": [
        "q.bedrock('hakogame-spaceworldmons', 'sleep')"
      ]
     }
  }
}