{
  "head": "head",
  "portraitScale": 1.5,
  "portraitTranslation": [-0.75, 0.8, 0],
  "profileScale": 0.4,
  "profileTranslation": [0, 1, 0],
  "animations": {
	"cry": "q.bedrock_stateful('ascenshark-spaceworldmons', 'cry')",
	"faint": "q.bedrock_stateful('ascenshark-spaceworldmons', 'ground_idle')"
  },
  "poses": {
    "battle-idle": {
      "transformTicks": 10,
      "poseTypes": ["STAND"],
      "isBattle": true,
      "isTouchingWater": false,
      "transformedParts": [],
      "animations": ["bedrock(ascenshark-spaceworldmons, ground_walk)"],
	  "quirks": [
		"q.bedrock_quirk('ascenshark-spaceworldmons', 'blink')"
      ]
    },
    "standing": {
      "transformTicks": 10,
      "poseTypes": ["STAND", "NONE", "PORTRAIT", "PROFILE"],
      "animations": ["look", "bedrock(ascenshark-spaceworldmons, ground_idle)"],
	  "quirks": [
		"q.bedrock_quirk('ascenshark-spaceworldmons', 'blink')"
      ]
    },
    "walking": {
      "transformTicks": 10,
      "poseTypes": ["WALK"],
      "animations": ["bedrock(ascenshark-spaceworldmons, ground_walk)"],
	  "quirks": [
		"q.bedrock_quirk('ascenshark-spaceworldmons', 'blink')"
      ]
    },
    "hover": {
      "transformTicks": 10,
      "poseTypes": ["HOVER"],
      "animations": ["look", "bedrock(ascenshark-spaceworldmons, ground_idle)"],
	  "quirks": [
		"q.bedrock_quirk('ascenshark-spaceworldmons', 'blink')"
      ]
    },
    "fly": {
      "transformTicks": 10,
      "poseTypes": ["FLY"],
      "animations": ["look", "bedrock(ascenshark-spaceworldmons, ground_walk)"],
	  "quirks": [
		"q.bedrock_quirk('ascenshark-spaceworldmons', 'blink')"
      ]
 	}
  }
}