{
  "head": "head",
  "portraitScale": 2,
  "portraitTranslation": [0, -1, 0],
  "profileScale": 1.5,
  "profileTranslation": [0, -0.75, 0],
  "animations": {
	"cry": "q.bedrock_stateful('psykou-spaceworldmons', 'cry')",
	"faint": "q.bedrock_stateful('psykou-spaceworldmons', 'ground_idle')"
  },
  "poses": {
    "battle-idle": {
      "transformTicks": 10,
      "poseTypes": ["STAND"],
      "isBattle": true,
      "isTouchingWater": false,
      "transformedParts": [],
      "animations": ["bedrock(psykou-spaceworldmons, ground_idle)"],
	  "quirks": [
		"q.bedrock_quirk('psykou-spaceworldmons', 'blink')"
      ]
    },
    "standing": {
      "transformTicks": 10,
      "poseTypes": ["STAND", "NONE", "PORTRAIT", "PROFILE"],
      "animations": ["look", "bedrock(psykou-spaceworldmons, ground_idle)"],
	  "quirks": [
		"q.bedrock_quirk('psykou-spaceworldmons', 'blink')"
      ]
    },
    "walking": {
      "transformTicks": 10,
      "poseTypes": ["WALK"],
      "animations": ["bedrock(psykou-spaceworldmons, ground_walk)"],
      "quirks": [
		"q.bedrock_quirk('psykou-spaceworldmons', 'blink')"
      ]
    },
    "sleeping": {
      "transformTicks": 10,
      "poseTypes": ["SLEEP"],
      "animations": [
        "bedrock(psykou-spaceworldmons, sleep)"
      ]
    }
  }
}