{
	"format_version": "1.12.0",
	"minecraft:geometry": [
		{
			"description": {
				"identifier": "geometry.diglett_layoran",
				"texture_width": 256,
				"texture_height": 256,
				"visible_bounds_width": 4,
				"visible_bounds_height": 7.5,
				"visible_bounds_offset": [0, 3.25, 0]
			},
			"bones": [
				{
					"name": "diglett",
					"pivot": [0, 24, 0]
				},
				{
					"name": "rock",
					"parent": "diglett",
					"pivot": [0, 41, 0],
					"cubes": [
						{"origin": [8.4, 41, -1], "size": [2, 2, 2], "uv": [40, 74]},
						{"origin": [1.4, 30, -1], "size": [2, 2, 2], "uv": [40, 74]},
						{"origin": [1.4, 37, 8.3], "size": [2, 2, 2], "uv": [40, 74]},
						{"origin": [-10.6, 37, -0.7], "size": [2, 2, 2], "uv": [40, 74]},
						{"origin": [-4.6, 43, -10.6], "size": [2, 2, 2], "uv": [40, 74]},
						{"origin": [-10, 44.4, -1], "size": [2, 5, 2], "pivot": [-9, 47.4, 0], "rotation": [0, 0, -35], "uv": [0, 74]},
						{"origin": [-3, 36.4, 10], "size": [2, 5, 2], "pivot": [-2, 39.4, 11], "rotation": [-94.35299, 54.92219, -93.56463], "uv": [0, 74]},
						{"origin": [8, 44.4, -1], "size": [2, 5, 2], "pivot": [9, 47.4, 0], "rotation": [180, 0, -145], "uv": [0, 74]},
						{"origin": [5, 48.4, 5], "size": [2, 5, 2], "pivot": [6, 51.4, 6], "rotation": [-156.24471, 29.91193, -138.56862], "uv": [0, 74]},
						{"origin": [2, 46.4, -7], "size": [2, 5, 2], "pivot": [3, 49.4, -6], "rotation": [138.0022, -43.69869, -127.50059], "uv": [0, 74]},
						{"origin": [-7, 47.4, 2], "size": [2, 5, 2], "pivot": [-6, 49.4, 3], "rotation": [11.79198, -16.27014, -36.69146], "uv": [0, 74]},
						{"origin": [5, 33.4, -10], "size": [2, 5, 2], "pivot": [6, 36.4, -9], "rotation": [160.63503, 23.37058, -41.542], "uv": [0, 74]},
						{"origin": [-8, 33, -8], "size": [16, 16, 16], "uv": [0, 0]}
					]
				},
				{
					"name": "ground",
					"parent": "rock",
					"pivot": [0, 49, 0],
					"cubes": [
						{"origin": [-5.5, 47.9, -5.5], "size": [11, 3, 11], "uv": [0, 60]},
						{"origin": [-5.5, 30.9, -5.5], "size": [11, 3, 11], "uv": [0, 60]},
						{"origin": [-12.5, 40.9, -5.5], "size": [11, 3, 11], "pivot": [-7, 40.9, 0], "rotation": [0, 0, -90], "uv": [0, 60]},
						{"origin": [4.5, 40.9, -5.5], "size": [11, 3, 11], "pivot": [10, 40.9, 0], "rotation": [0, 0, -90], "uv": [0, 60]},
						{"origin": [-5.5, 40.9, -12.5], "size": [11, 3, 11], "pivot": [0, 40.9, -7], "rotation": [90, 0, -90], "uv": [0, 60]},
						{"origin": [-5.5, 40.9, 4.5], "size": [11, 3, 11], "pivot": [0, 40.9, 10], "rotation": [90, 0, -90], "uv": [0, 60]}
					]
				},
				{
					"name": "saw",
					"parent": "rock",
					"pivot": [-0.5, 36, 0],
					"cubes": [
						{"origin": [0, 19, -22.5], "size": [0, 45, 45], "inflate": 0.01, "uv": [58, 40], "mirror": true}
					]
				},
				{
					"name": "body",
					"parent": "rock",
					"pivot": [0, 52, 0],
					"cubes": [
						{"origin": [-3.5, 49, -3.5], "size": [7, 5, 7], "uv": [64, 14]}
					]
				},
				{
					"name": "body2",
					"parent": "body",
					"pivot": [0, 55, 0],
					"cubes": [
						{"origin": [-3.5, 53, -3.5], "size": [7, 7, 7], "inflate": 0.01, "uv": [64, 0]},
						{"origin": [0, 45, -14.5], "size": [0, 29, 29], "inflate": 0.01, "pivot": [0, 59.5, 0], "rotation": [90, 0, 0], "uv": [87, -2], "mirror": true}
					]
				},
				{
					"name": "nose",
					"parent": "body2",
					"pivot": [0, 56.25, -3.5],
					"cubes": [
						{"origin": [-2, 54.25, -4.5], "size": [4, 2, 1], "uv": [64, 26]}
					]
				},
				{
					"name": "eyes",
					"parent": "body2",
					"pivot": [0, 58.5, -3.55]
				},
				{
					"name": "eye_left",
					"parent": "eyes",
					"pivot": [1.5, 58.5, -3.52],
					"cubes": [
						{"origin": [1, 56.5, -3.52], "size": [1, 2, 0], "uv": [70, 29]}
					]
				},
				{
					"name": "pupil_left",
					"parent": "eye_left",
					"pivot": [1.5, 59, -3.53],
					"cubes": [
						{"origin": [1, 57.5, -3.53], "size": [1, 1, 0], "uv": [70, 31]}
					]
				},
				{
					"name": "eyelid_left",
					"parent": "eye_left",
					"pivot": [1.5, 58.5, -2.93],
					"cubes": [
						{"origin": [0.5, 56.5, -3.43], "size": [2, 2, 1], "inflate": 0.01, "uv": [64, 29]}
					]
				},
				{
					"name": "eye_right",
					"parent": "eyes",
					"pivot": [-1.5, 58.5, -3.52],
					"cubes": [
						{"origin": [-2, 56.5, -3.52], "size": [1, 2, 0], "uv": [72, 29]}
					]
				},
				{
					"name": "pupil_right",
					"parent": "eye_right",
					"pivot": [-1.5, 59, -3.53],
					"cubes": [
						{"origin": [-2, 57.5, -3.53], "size": [1, 1, 0], "uv": [72, 31]}
					]
				},
				{
					"name": "eyelid_right",
					"parent": "eye_right",
					"pivot": [-1.5, 58.5, -2.93],
					"cubes": [
						{"origin": [-2.5, 56.5, -3.43], "size": [2, 2, 1], "inflate": 0.01, "uv": [72, 74]}
					]
				}
			]
		}
	]
}