{
	"format_version": "1.12.0",
	"minecraft:geometry": [
		{
			"description": {
				"identifier": "geometry.smeargle",
				"texture_width": 128,
				"texture_height": 128,
				"visible_bounds_width": 8,
				"visible_bounds_height": 4.5,
				"visible_bounds_offset": [0, 1.75, 0]
			},
			"bones": [
				{
					"name": "smeargle",
					"pivot": [0, 0, 0]
				},
				{
					"name": "body",
					"parent": "smeargle",
					"pivot": [0, 6, 0]
				},
				{
					"name": "torso",
					"parent": "body",
					"pivot": [0, 6, 0],
					"cubes": [
						{"origin": [-4.5, 6, -4], "size": [9, 13, 8], "inflate": 0.01, "uv": [40, 41]}
					]
				},
				{
					"name": "chest",
					"parent": "torso",
					"pivot": [0, 12, 3],
					"cubes": [
						{"origin": [-3, 19, -3], "size": [6, 8, 6], "uv": [0, 57]},
						{"origin": [-0.5, 14.5, 3.01], "size": [1, 1, 0], "uv": [36, 53]},
						{"origin": [1.25, 14, 3.01], "size": [1, 1, 0], "uv": [38, 53]},
						{"origin": [-2.25, 14, 3.01], "size": [1, 1, 0], "uv": [36, 54]}
					]
				},
				{
					"name": "arms",
					"parent": "chest",
					"pivot": [0, 26, 0]
				},
				{
					"name": "arm_left",
					"parent": "arms",
					"pivot": [3, 26, 0],
					"cubes": [
						{"origin": [2.5, 23, -2], "size": [4, 4, 4], "uv": [74, 41]}
					]
				},
				{
					"name": "arm_left2",
					"parent": "arm_left",
					"pivot": [6.5, 26, 1],
					"cubes": [
						{"origin": [6.5, 24, -1], "size": [9, 2, 2], "inflate": 0.01, "uv": [0, 71]}
					]
				},
				{
					"name": "hand_left",
					"parent": "arm_left2",
					"pivot": [15.5, 26, 0],
					"cubes": [
						{"origin": [15.5, 24, -1.5], "size": [2, 2, 3], "inflate": 0.02, "uv": [82, 67]}
					]
				},
				{
					"name": "thumb_left",
					"parent": "hand_left",
					"pivot": [16, 24.5, -1.5],
					"cubes": [
						{"origin": [16, 23.5, -2], "size": [2, 2, 1], "inflate": 0.01, "uv": [92, 69]}
					]
				},
				{
					"name": "thumb_left2",
					"parent": "thumb_left",
					"pivot": [18, 25.5, -2],
					"cubes": [
						{"origin": [18, 23.5, -2], "size": [2, 2, 1], "uv": [80, 92]}
					]
				},
				{
					"name": "finger_front_left",
					"parent": "hand_left",
					"pivot": [17.5, 26, -0.5],
					"cubes": [
						{"origin": [17.5, 24, -1.5], "size": [2, 2, 2], "inflate": 0.01, "uv": [40, 92]}
					]
				},
				{
					"name": "finger_front_left2",
					"parent": "finger_front_left",
					"pivot": [19.5, 26, -0.5],
					"cubes": [
						{"origin": [19.5, 24, -1.5], "size": [2, 2, 2], "uv": [48, 92]}
					]
				},
				{
					"name": "finger_back_left",
					"parent": "hand_left",
					"pivot": [17.5, 26, 1],
					"cubes": [
						{"origin": [17.5, 24, 0.5], "size": [2, 2, 1], "inflate": 0.01, "uv": [92, 63]}
					]
				},
				{
					"name": "finger_back_left2",
					"parent": "finger_back_left",
					"pivot": [19.5, 26, 1],
					"cubes": [
						{"origin": [19.5, 24, 0.5], "size": [2, 2, 1], "uv": [92, 66]}
					]
				},
				{
					"name": "arm_right",
					"parent": "arms",
					"pivot": [-3, 26, 0],
					"cubes": [
						{"origin": [-6.5, 23, -2], "size": [4, 4, 4], "uv": [74, 41], "mirror": true}
					]
				},
				{
					"name": "arm_right2",
					"parent": "arm_right",
					"pivot": [-6.5, 26, 1],
					"cubes": [
						{"origin": [-15.5, 24, -1], "size": [9, 2, 2], "inflate": 0.01, "uv": [22, 74]}
					]
				},
				{
					"name": "hand_right",
					"parent": "arm_right2",
					"pivot": [-15.5, 26, 0]
				},
				{
					"name": "tail_end",
					"parent": "hand_right",
					"pivot": [-14, 24.5, 0],
					"rotation": [-95.41615, 16.66577, 71.70612],
					"cubes": [
						{"origin": [-17, 21.5, 0], "size": [6, 6, 6], "uv": [24, 62]}
					]
				},
				{
					"name": "tail_end2",
					"parent": "tail_end",
					"pivot": [-14, 24.5, 6],
					"cubes": [
						{"origin": [-16.5, 22, 4.5], "size": [5, 5, 5], "uv": [48, 62]}
					]
				},
				{
					"name": "tail_end_fur",
					"parent": "tail_end2",
					"pivot": [-14, 24.5, 9.5],
					"cubes": [
						{"origin": [-14, 21.5, 9], "size": [0, 6, 4], "pivot": [-14, 24.5, 11], "rotation": [0, 0, -45], "uv": [20, 78]},
						{"origin": [-17, 24.5, 9], "size": [6, 0, 4], "pivot": [-14, 24.5, 11], "rotation": [0, 0, -45], "uv": [74, 49]}
					]
				},
				{
					"name": "tail_end_fur_left",
					"parent": "tail_end2",
					"pivot": [-12, 24.5, 9.5],
					"rotation": [0, 12.5, 0],
					"cubes": [
						{"origin": [-12, 23.5, 9], "size": [0, 2, 3], "uv": [0, 92]}
					]
				},
				{
					"name": "tail_end_fur_right",
					"parent": "tail_end2",
					"pivot": [-16, 24.5, 9.5],
					"rotation": [0, -12.5, 0],
					"cubes": [
						{"origin": [-16, 23.5, 9], "size": [0, 2, 3], "uv": [92, 58]}
					]
				},
				{
					"name": "neck",
					"parent": "chest",
					"pivot": [0, 16, 0],
					"cubes": [
						{"origin": [-4.5, 26, -4.5], "size": [9, 3, 9], "pivot": [0, 27, 0], "rotation": [20, 0, 0], "uv": [0, 45]},
						{"origin": [4, 10, -7], "size": [2, 16, 1], "pivot": [5, 10, -6], "rotation": [-9.6658, -2.57594, -14.78217], "uv": [0, 75]},
						{"origin": [-1, 17, -7], "size": [2, 9, 1], "pivot": [0, 10, -6], "rotation": [-10, 0, 0], "uv": [74, 85]},
						{"origin": [-1, 28, -1], "size": [2, 5, 2], "uv": [80, 85]}
					]
				},
				{
					"name": "head",
					"parent": "neck",
					"pivot": [0, 30, 0],
					"cubes": [
						{"origin": [-4, 32, -8], "size": [8, 5, 12], "uv": [0, 26]},
						{"origin": [0.5, 33, -8.01], "size": [1, 1, 0], "uv": [36, 52]},
						{"origin": [-1.5, 33, -8.01], "size": [1, 1, 0], "uv": [38, 52]}
					]
				},
				{
					"name": "eyes",
					"parent": "head",
					"pivot": [0, 35, -3]
				},
				{
					"name": "eye_left",
					"parent": "eyes",
					"pivot": [4.02, 35.5, -4],
					"cubes": [
						{"origin": [4.02, 33.5, -6], "size": [0, 3, 4], "uv": [58, 85]},
						{"origin": [4.01, 32.5, -7], "size": [0, 5, 6], "uv": [62, 74]}
					]
				},
				{
					"name": "eye_angry_left",
					"parent": "eye_left",
					"pivot": [3.93, 36.5, -4],
					"cubes": [
						{"origin": [3.93, 35.5, -6], "size": [0, 2, 4], "inflate": 0.01, "uv": [28, 86]},
						{"origin": [3.94, 36, -4], "size": [0, 1, 1], "inflate": 0.01, "uv": [36, 48]}
					]
				},
				{
					"name": "eye_sad_left",
					"parent": "eye_left",
					"pivot": [3.93, 36.5, -4],
					"cubes": [
						{"origin": [3.93, 35.5, -6], "size": [0, 2, 4], "inflate": 0.01, "uv": [36, 86]},
						{"origin": [3.94, 36, -5], "size": [0, 1, 1], "inflate": 0.01, "uv": [38, 48]}
					]
				},
				{
					"name": "eye_squint_left",
					"parent": "eye_left",
					"pivot": [3.93, 35.5, -4],
					"cubes": [
						{"origin": [3.93, 36, -6], "size": [0, 1, 4], "inflate": 0.01, "uv": [90, 41]},
						{"origin": [3.93, 33.5, -6], "size": [0, 1, 4], "inflate": 0.01, "uv": [24, 92]}
					]
				},
				{
					"name": "pupil_left",
					"parent": "eye_left",
					"pivot": [4.03, 35.5, -5],
					"cubes": [
						{"origin": [4.03, 34.5, -5.5], "size": [0, 2, 1], "uv": [36, 45]}
					]
				},
				{
					"name": "eyelid_left",
					"parent": "eye_left",
					"pivot": [3.43, 35.5, -4],
					"cubes": [
						{"origin": [2.93, 33.5, -6], "size": [1, 4, 4], "inflate": 0.01, "uv": [28, 78]}
					]
				},
				{
					"name": "eyelid_happy_left",
					"parent": "eye_left",
					"pivot": [3.43, 35.5, -4],
					"cubes": [
						{"origin": [2.93, 33.5, -6], "size": [1, 4, 4], "inflate": 0.01, "uv": [6, 81]}
					]
				},
				{
					"name": "eyelid_recoil_left",
					"parent": "eye_left",
					"pivot": [3.43, 35.5, -4],
					"cubes": [
						{"origin": [2.93, 33.5, -6], "size": [1, 4, 4], "inflate": 0.01, "uv": [82, 26]}
					]
				},
				{
					"name": "eye_right",
					"parent": "eyes",
					"pivot": [-4.02, 35.5, -4],
					"cubes": [
						{"origin": [-4.02, 33.5, -6], "size": [0, 3, 4], "uv": [66, 85]},
						{"origin": [-4.01, 32.5, -7], "size": [0, 5, 6], "uv": [74, 74]}
					]
				},
				{
					"name": "eye_angry_right",
					"parent": "eye_right",
					"pivot": [-3.93, 36.5, -4],
					"cubes": [
						{"origin": [-3.93, 35.5, -6], "size": [0, 2, 4], "inflate": 0.01, "uv": [86, 72]},
						{"origin": [-3.94, 36, -4], "size": [0, 1, 1], "inflate": 0.01, "uv": [36, 50]}
					]
				},
				{
					"name": "eye_sad_right",
					"parent": "eye_right",
					"pivot": [-3.93, 36.5, -4],
					"cubes": [
						{"origin": [-3.93, 35.5, -6], "size": [0, 2, 4], "inflate": 0.01, "uv": [86, 78]},
						{"origin": [-3.94, 36, -5], "size": [0, 1, 1], "inflate": 0.01, "uv": [38, 50]}
					]
				},
				{
					"name": "eye_squint_right",
					"parent": "eye_right",
					"pivot": [-3.93, 35.5, -4],
					"cubes": [
						{"origin": [-3.93, 36, -6], "size": [0, 1, 4], "inflate": 0.01, "uv": [92, 26]},
						{"origin": [-3.93, 33.5, -6], "size": [0, 1, 4], "inflate": 0.01, "uv": [32, 92]}
					]
				},
				{
					"name": "pupil_right",
					"parent": "eye_right",
					"pivot": [-4.03, 35.5, -5],
					"cubes": [
						{"origin": [-4.03, 34.5, -5.5], "size": [0, 2, 1], "uv": [38, 45]}
					]
				},
				{
					"name": "eyelid_happy_right",
					"parent": "eye_right",
					"pivot": [-3.43, 35.5, -4],
					"cubes": [
						{"origin": [-3.93, 33.5, -6], "size": [1, 4, 4], "inflate": 0.01, "uv": [48, 84]}
					]
				},
				{
					"name": "eyelid_right",
					"parent": "eye_right",
					"pivot": [-3.43, 35.5, -4],
					"cubes": [
						{"origin": [-3.93, 33.5, -6], "size": [1, 4, 4], "inflate": 0.01, "uv": [38, 78]}
					]
				},
				{
					"name": "eyelid_recoil_right",
					"parent": "eye_right",
					"pivot": [-3.43, 35.5, -4],
					"cubes": [
						{"origin": [-3.93, 33.5, -6], "size": [1, 4, 4], "inflate": 0.01, "uv": [82, 59]}
					]
				},
				{
					"name": "mouth",
					"parent": "head",
					"pivot": [0, 31.99, -4.5]
				},
				{
					"name": "mouth_closed",
					"parent": "mouth",
					"pivot": [0, 31.99, -4.5],
					"cubes": [
						{"origin": [-2, 31.99, -5], "size": [4, 0, 1], "uv": [90, 46]}
					]
				},
				{
					"name": "mouth_open",
					"parent": "mouth",
					"pivot": [0, 32.09, -5],
					"cubes": [
						{"origin": [-2, 32.09, -6], "size": [4, 0, 2], "uv": [82, 39]}
					]
				},
				{
					"name": "tongue",
					"parent": "mouth",
					"pivot": [0, 32, -4],
					"rotation": [-27.5, 0, 0],
					"cubes": [
						{"origin": [-1.5, 30, -5], "size": [3, 2, 1], "uv": [74, 59]}
					]
				},
				{
					"name": "ear_left",
					"parent": "head",
					"pivot": [4, 37, -1.5],
					"rotation": [5, 0, -37.5],
					"cubes": [
						{"origin": [2, 30, -1.5], "size": [2, 7, 5], "uv": [68, 62]},
						{"origin": [-4, 27, -1.5], "size": [2, 7, 5], "pivot": [-10.5, 13, 6.5], "rotation": [0, 0, 17.5], "uv": [0, 116]}
					]
				},
				{
					"name": "ear_right",
					"parent": "head",
					"pivot": [-4, 37, -1.5],
					"rotation": [5, 0, 37.5],
					"cubes": [
						{"origin": [-4, 30, -1.5], "size": [2, 7, 5], "uv": [48, 72]},
						{"origin": [2, 27, -1.5], "size": [2, 7, 5], "pivot": [10.5, 13, 6.5], "rotation": [0, 0, -17.5], "uv": [114, 116]}
					]
				},
				{
					"name": "hat",
					"parent": "head",
					"pivot": [0, 36.5, -0.75],
					"rotation": [-5, 0, 0],
					"cubes": [
						{"origin": [-5, 36.5, -6.25], "size": [10, 4, 11], "uv": [40, 26]},
						{"origin": [-1, 40, -1.25], "size": [2, 3, 2], "uv": [88, 89]},
						{"origin": [-13, 36.46, -13.75], "size": [26, 0, 26], "uv": [0, 0]}
					]
				},
				{
					"name": "tail",
					"parent": "torso",
					"pivot": [3, 29.5, 0]
				},
				{
					"name": "tail2",
					"parent": "tail",
					"pivot": [3, 29.5, 5.5]
				},
				{
					"name": "tail3",
					"parent": "tail2",
					"pivot": [3, 29.5, 11]
				},
				{
					"name": "tail4",
					"parent": "tail3",
					"pivot": [3, 29.5, 16.5]
				},
				{
					"name": "tail5",
					"parent": "tail4",
					"pivot": [3, 29.5, 22]
				},
				{
					"name": "tail6",
					"parent": "tail5",
					"pivot": [3, 29.5, 27.5]
				},
				{
					"name": "tail7",
					"parent": "tail6",
					"pivot": [3, 29.5, 33]
				},
				{
					"name": "legs",
					"parent": "body",
					"pivot": [0, 5, 0]
				},
				{
					"name": "leg_left",
					"parent": "legs",
					"pivot": [2, 6, 0],
					"cubes": [
						{"origin": [1, 4, -1], "size": [2, 3, 2], "uv": [16, 88]}
					]
				},
				{
					"name": "leg_left2",
					"parent": "leg_left",
					"pivot": [2, 4, -1],
					"cubes": [
						{"origin": [1, 1, -1], "size": [2, 3, 2], "inflate": 0.01, "uv": [88, 53]}
					]
				},
				{
					"name": "foot_left",
					"parent": "leg_left2",
					"pivot": [2, 2.1, 0],
					"cubes": [
						{"origin": [0.5, 0.1, -2.5], "size": [3, 2, 4], "uv": [74, 53]},
						{"origin": [1, 0.09, -1], "size": [2, 0, 2], "uv": [90, 47]}
					]
				},
				{
					"name": "foot_left2",
					"parent": "foot_left",
					"pivot": [2, 0.1, -2.5],
					"cubes": [
						{"origin": [0.5, 0.1, -5.5], "size": [3, 2, 3], "uv": [24, 57]}
					]
				},
				{
					"name": "leg_right",
					"parent": "legs",
					"pivot": [-2, 6, 0],
					"cubes": [
						{"origin": [-3, 4, -1], "size": [2, 3, 2], "uv": [88, 84]}
					]
				},
				{
					"name": "leg_right2",
					"parent": "leg_right",
					"pivot": [-2, 4, -1],
					"cubes": [
						{"origin": [-3, 1, -1], "size": [2, 3, 2], "inflate": 0.01, "uv": [6, 89]}
					]
				},
				{
					"name": "foot_right",
					"parent": "leg_right2",
					"pivot": [-2, 2.1, 0],
					"cubes": [
						{"origin": [-3.5, 0.1, -2.5], "size": [3, 2, 4], "uv": [6, 75]},
						{"origin": [-3, 0.09, -1], "size": [2, 0, 2], "uv": [92, 31]}
					]
				},
				{
					"name": "foot_right2",
					"parent": "foot_right",
					"pivot": [-2, 0.1, -2.5],
					"cubes": [
						{"origin": [-3.5, 0.1, -5.5], "size": [3, 2, 3], "uv": [82, 34]}
					]
				}
			]
		}
	]
}