{
	"format_version": "1.8.0",
	"animations": {
		"animation.honchkrow.ground_idle": {
			"loop": true,
			"bones": {
				"wing_right": {
					"rotation": [90, 85, 0],
					"position": [-0.01, -4.2, 0.5]
				},
				"wing_right2": {
					"rotation": [-0.1, -45, 0]
				},
				"wing_right3": {
					"rotation": [0.1, 60, 0]
				},
				"wing_left": {
					"rotation": [90, -85, 0],
					"position": [0.01, -4.2, 0.5]
				},
				"wing_left2": {
					"rotation": [-0.1, 45, 0]
				},
				"wing_left3": {
					"rotation": [0.1, -60, 0]
				},
				"tail": {
					"rotation": [25, 0, 0]
				},
				"wing_left4": {
					"rotation": [-0.1, 40, 0]
				},
				"wing_right4": {
					"rotation": [-0.1, -40, 0]
				}
			}
		},
		"animation.honchkrow.air_idle": {
			"loop": true,
			"bones": {
				"wing_left": {
					"rotation": [0, -5, -15]
				},
				"wing_left3": {
					"rotation": [0.1, -8, 0]
				},
				"tail": {
					"rotation": [20, 0, 0]
				},
				"wing_left2": {
					"rotation": [0.1, 10, 0]
				},
				"leg_right": {
					"rotation": [22.5, 0, 0]
				},
				"leg_right2": {
					"rotation": [-45, 0, 0]
				},
				"foot_right": {
					"rotation": [13, 0, 0]
				},
				"claw_back_right": {
					"rotation": [-45, 0, 0]
				},
				"toe_inner_right": {
					"rotation": [30, 0, 0]
				},
				"toe_outer_right": {
					"rotation": [30, 0, 0]
				},
				"claw_outer_right": {
					"rotation": [45, 0, 0]
				},
				"leg_left": {
					"rotation": [22.5, 0, 0]
				},
				"leg_left2": {
					"rotation": [-45, 0, 0]
				},
				"foot_left": {
					"rotation": [13, 0, 0]
				},
				"toe_back_left": {
					"rotation": [-45, 0, 0]
				},
				"toe_inner_left": {
					"rotation": [30, 0, 0]
				},
				"toe_outer_left": {
					"rotation": [30, 0, 0]
				},
				"body": {
					"rotation": [-10, 0, 0]
				},
				"wing_right": {
					"rotation": [0, 5, 15]
				},
				"wing_right3": {
					"rotation": [0.1, 8, 0]
				},
				"toe_back_right": {
					"rotation": [-45, 0, 0]
				},
				"claw_inner_right": {
					"rotation": [45, 0, 0]
				},
				"claw_back_left": {
					"rotation": [-45, 0, 0]
				},
				"claw_inner_left": {
					"rotation": [45, 0, 0]
				},
				"claw_outer_left": {
					"rotation": [45, 0, 0]
				},
				"wing_right2": {
					"rotation": [0.1, -10, 0]
				},
				"headai": {
					"rotation": [10, 0, 0]
				},
				"toe_middle_left": {
					"rotation": [30, 0, 0]
				},
				"claw_middle_left": {
					"rotation": [45, 0, 0]
				},
				"toe_middle_right": {
					"rotation": [30, 0, 0]
				},
				"claw_middle_right": {
					"rotation": [45, 0, 0]
				}
			}
		},
		"animation.honchkrow.air_fly": {
			"loop": true,
			"bones": {
				"wing_left": {
					"rotation": [0.5, 0, -5]
				},
				"wing_left3": {
					"rotation": [0.01, -10, 0]
				},
				"torso": {
					"rotation": [2.5, 0, 0]
				},
				"tail": {
					"rotation": [5, 0, 0]
				},
				"wing_left2": {
					"rotation": [0, 0, 0]
				},
				"leg_right": {
					"rotation": [30, 0, 0],
					"position": [0, -0.5, 0]
				},
				"leg_right2": {
					"rotation": [-70, 0, 0]
				},
				"foot_right": {
					"rotation": [25, 0, 0]
				},
				"claw_back_right": {
					"rotation": [-45, 0, 0]
				},
				"toe_inner_right": {
					"rotation": [30, 0, 0]
				},
				"toe_outer_right": {
					"rotation": [30, 0, 0]
				},
				"claw_outer_right": {
					"rotation": [45, 0, 0]
				},
				"leg_left": {
					"rotation": [30, 0, 0],
					"position": [0, -0.5, 0]
				},
				"leg_left2": {
					"rotation": [-70, 0, 0]
				},
				"foot_left": {
					"rotation": [25, 0, 0]
				},
				"toe_back_left": {
					"rotation": [-45, 0, 0]
				},
				"toe_inner_left": {
					"rotation": [30, 0, 0]
				},
				"toe_outer_left": {
					"rotation": [30, 0, 0]
				},
				"body": {
					"rotation": [12.5, 0, 0]
				},
				"toe_back_right": {
					"rotation": [-45, 0, 0]
				},
				"claw_inner_right": {
					"rotation": [45, 0, 0]
				},
				"claw_back_left": {
					"rotation": [-45, 0, 0]
				},
				"claw_inner_left": {
					"rotation": [45, 0, 0]
				},
				"claw_outer_left": {
					"rotation": [45, 0, 0]
				},
				"wing_right": {
					"rotation": [0.5, 0, 5]
				},
				"wing_right3": {
					"rotation": [0.01, 10, 0]
				},
				"headai": {
					"rotation": [-10, 0, 0],
					"position": [0, -0.5, -1]
				},
				"hat": {
					"rotation": [0, 0, 0]
				},
				"toe_middle_left": {
					"rotation": [30, 0, 0]
				},
				"claw_middle_left": {
					"rotation": [45, 0, 0]
				},
				"toe_middle_right": {
					"rotation": [30, 0, 0]
				},
				"claw_middle_right": {
					"rotation": [45, 0, 0]
				}
			}
		},
		"animation.honchkrow.sleep": {
			"loop": true,
			"bones": {
				"torso": {
					"rotation": [12.5, 0, 0],
					"position": [0, -3, 0]
				},
				"wing_right": {
					"rotation": [90, 85, 0],
					"position": [-0.01, -3, 0.5]
				},
				"wing_right2": {
					"rotation": [-0.1, -45, 0]
				},
				"wing_right3": {
					"rotation": [0.1, 55, 0]
				},
				"wing_left": {
					"rotation": [90, -85, 0],
					"position": [0.01, -3, 0.5]
				},
				"wing_left2": {
					"rotation": [-0.1, 45, 0]
				},
				"wing_left3": {
					"rotation": [0.1, -55, 0]
				},
				"tail": {
					"rotation": [-5, 0, 0]
				},
				"eyelid_right": {
					"position": [0, 0, -0.1]
				},
				"eyelid_left": {
					"position": [0, 0, -0.1]
				},
				"wing_left4": {
					"rotation": [0.1, 30, 0]
				},
				"wing_right4": {
					"rotation": [0.1, -30, 0]
				}
			}
		},
		"animation.honchkrow.blink": {
			"animation_length": 0.16667,
			"bones": {
				"eyelid_right": {
					"position": {
						"0.0": [0, 0, -0.1],
						"0.125": [0, 0, -0.1],
						"0.1667": [0, 0, 0]
					}
				},
				"eyelid_left": {
					"position": {
						"0.0": [0, 0, -0.1],
						"0.125": [0, 0, -0.1],
						"0.1667": [0, 0, 0]
					}
				}
			}
		}
	}
}