{
	"format_version": "1.12.0",
	"minecraft:geometry": [
		{
			"description": {
				"identifier": "geometry.norowara",
				"texture_width": 64,
				"texture_height": 64,
				"visible_bounds_width": 3,
				"visible_bounds_height": 2.5,
				"visible_bounds_offset": [0, 0.75, 0]
			},
			"bones": [
				{
					"name": "norowara",
					"pivot": [0, -1, 0]
				},
				{
					"name": "body",
					"parent": "norowara",
					"pivot": [0, 0, 0],
					"cubes": [
						{"origin": [-3.5, 1, -2.5], "size": [7, 4, 5], "inflate": 0.1, "uv": [25, 0]}
					]
				},
				{
					"name": "torso",
					"parent": "body",
					"pivot": [0, 0, 0],
					"cubes": [
						{"origin": [-3.5, 4, -2.5], "size": [7, 4, 5], "uv": [16, 15]},
						{"origin": [-3, 8, -2], "size": [6, 3, 4], "uv": [26, 26]}
					]
				},
				{
					"name": "head",
					"parent": "torso",
					"pivot": [0, 8, 0],
					"cubes": [
						{"origin": [-4, 8, -4.5], "size": [8, 6, 9], "uv": [0, 0]},
						{"origin": [-0.5, 13.5, -0.5], "size": [1, 1, 1], "uv": [0, 15]}
					]
				},
				{
					"name": "mouth",
					"parent": "head",
					"pivot": [0, 3, 0],
					"cubes": [
						{"origin": [-2.5, 9.2, -4.51], "size": [5, 1, 0], "uv": [16, 24]},
						{"origin": [-1.5, 8.7, -4.51], "size": [3, 1, 0], "uv": [0, 8]},
						{"origin": [-3, 9.7, -4.53], "size": [1, 1, 0], "uv": [6, 5]},
						{"origin": [2, 9.7, -4.53], "size": [1, 1, 0], "uv": [6, 4]}
					]
				},
				{
					"name": "eye",
					"parent": "head",
					"pivot": [0, 2, 0]
				},
				{
					"name": "left_eye",
					"parent": "eye",
					"pivot": [0, 2, 0],
					"cubes": [
						{"origin": [1.5, 11, -4.53], "size": [1, 1, 0], "uv": [6, 6]}
					]
				},
				{
					"name": "right_eye",
					"parent": "eye",
					"pivot": [0, 2, 0],
					"cubes": [
						{"origin": [-2.5, 11, -4.53], "size": [1, 1, 0], "uv": [7, 0]}
					]
				},
				{
					"name": "ears",
					"parent": "head",
					"pivot": [0, 13, 1]
				},
				{
					"name": "left_ear",
					"parent": "ears",
					"pivot": [3, 12, 1],
					"cubes": [
						{"origin": [3, 9.7, -0.5], "size": [5, 5, 3], "uv": [0, 30]}
					]
				},
				{
					"name": "right_ear",
					"parent": "ears",
					"pivot": [-3, 12, 1],
					"cubes": [
						{"origin": [-8, 9.7, -0.5], "size": [5, 5, 3], "uv": [16, 33]}
					]
				},
				{
					"name": "straw",
					"parent": "head",
					"pivot": [0, 0, 0],
					"cubes": [
						{"origin": [0, 14, -1.5], "size": [0, 2, 3], "pivot": [0, 14, 0], "rotation": [0, 90, 0], "uv": [0, 1]},
						{"origin": [0, 14, -1.5], "size": [0, 2, 3], "uv": [0, 3]}
					]
				},
				{
					"name": "arm_left",
					"parent": "torso",
					"pivot": [3.5, 6, 0],
					"cubes": [
						{"origin": [3, 5, -1.5], "size": [3, 3, 3], "uv": [34, 9]}
					]
				},
				{
					"name": "elbow_left",
					"parent": "arm_left",
					"pivot": [5.75, 6.5, 0],
					"cubes": [
						{"origin": [6, 5, -1.5], "size": [2, 3, 3], "inflate": 0.01, "uv": [29, 39]}
					]
				},
				{
					"name": "arm_right",
					"parent": "torso",
					"pivot": [-2.75, 6, 0],
					"cubes": [
						{"origin": [-6, 5, -1.5], "size": [3, 3, 3], "uv": [0, 38]}
					]
				},
				{
					"name": "elbow_right",
					"parent": "arm_right",
					"pivot": [-6, 7, 1.5],
					"cubes": [
						{"origin": [-8, 5, -1.5], "size": [2, 3, 3], "inflate": 0.01, "uv": [39, 39]}
					]
				},
				{
					"name": "spike",
					"parent": "torso",
					"pivot": [0, 5, 0],
					"cubes": [
						{"origin": [-1.5, 3.5, -6], "size": [3, 3, 1], "uv": [0, 0]},
						{"origin": [-0.5, 4.5, -5.5], "size": [1, 1, 14], "uv": [0, 15]},
						{"origin": [-0.5, 4.5, 7.5], "size": [1, 1, 2], "inflate": -0.2, "uv": [24, 24]}
					]
				},
				{
					"name": "tail",
					"parent": "body",
					"pivot": [0, 1.75, 2.5],
					"cubes": [
						{"origin": [-1.5, 0.25, -5.5], "size": [3, 3, 3], "pivot": [0, -1, 0], "rotation": [0, 180, 0], "uv": [32, 33]}
					]
				},
				{
					"name": "right_leg",
					"parent": "body",
					"pivot": [-2, 1, 0.5],
					"cubes": [
						{"origin": [-3.5, 0, -2], "size": [3, 1, 4], "uv": [0, 20]}
					]
				},
				{
					"name": "left_leg",
					"parent": "body",
					"pivot": [2, 1, 0.5],
					"cubes": [
						{"origin": [0.5, 0, -2], "size": [3, 1, 4], "uv": [0, 15]}
					]
				}
			]
		}
	]
}