{
  "head": "head",
  "portraitScale": 1,
  "portraitTranslation": [ 0, 0.6, 0 ],
  "profileScale": 0.9,
  "profileTranslation": [ 0, 0.6, 0 ],
 "faint": "bedrock(pinkbutterfree, faint)",
  "cry": "bedrock(pinkbutterfree, cry)",
   "poses": {
        "standing": {
            "poseName": "standing",
            "transformTicks": 10,
            "poseTypes": [
                "STAND",
                "NONE",
                "PORTRAIT",
                "PROFILE"
            ],
            "animations": [
                "look",
                "bedrock(pinkbutterfree, air_idle)"
            ],
            "quirks": []
        },
        "walking": {
            "poseName": "walking",
            "transformTicks": 10,
            "poseTypes": [
                "WALK"
            ],
            "animations": [
                "bedrock(pinkbutterfree, air_fly)"
            ],
            "quirks": []
        },
        "hovering": {
            "poseName": "hovering",
            "transformTicks": 10,
            "poseTypes": [
                "HOVER"
            ],
            "animations": [
                "bedrock(pinkbutterfree, air_idle)"
            ],
            "quirks": []
        },
        "flying": {
            "poseName": "flying",
            "transformTicks": 10,
            "poseTypes": [
                "FLY"
            ],
            "animations": [
                "bedrock(pinkbutterfree, air_fly)"
            ],
            "quirks": []
        }
    }
}
