{
    
    "target": "cobblemon:tepig",
    "features": ["jetian"],
    "forms": [
  {
    "implemented": true,
    "nationalPokedexNumber": 498,
    "name": "Jetian",
    "primaryType": "fairy",
    "secondaryType": "ground",
    "maleRatio": 0.875,
    "height": 7,
    "weight": 96,
    "pokedex": [
      "cobblemon.species.tepig_jetian.desc"
    ],
    "labels": [
      "gen5",
      "starter",
      "jetian"
    ],
    "aspects": ["jetian"],
    "abilities": [
      "aromaveil",
      "h:thickfat"
    ],
    "eggGroups": [
      "fairy",
      "field"
    ],
    "baseStats": {
      "hp": 65,
      "attack": 45,
      "defence": 63,
      "special_attack": 45,
      "special_defence": 45,
      "speed": 45
    },
    "evYield": {
      "hp": 0,
      "attack": 0,
      "defence": 1,
      "special_attack": 0,
      "special_defence": 0,
      "speed": 0
    },
    "baseExperienceYield": 64,
    "experienceGroup": "medium_slow",
    "catchRate": 45,
    "eggCycles": 20,
    "baseFriendship": 50,
    "baseScale": 1,
    "hitbox": {
      "width": 0.7,
      "height": 1.1,
      "fixed": false
    },
    "behaviour": {
      "resting": {
        "canSleep": true,
        "willSleepOnBed": false,
        "light": "0-4"
      },
      "moving": {
        "walk": {
          "walkSpeed": 0.2
        }
      }
    },
    "drops": {
      "amount": 3,
      "entries": [
        {
          "item": "cobblemon:leek_and_potato_stew",
          "percentage": 5.0
        },
        {
            "item": "minecraft:porkchop",
            "percentage": 85   
        },
        {
            "item": "minecraft:brown_mushroom",
            "percentage": 20
        }
      ]
    },
    "moves": [
      "1:tackle",
      "1:growl",
      "6:sandattack",
      "9:fairywind",
      "12:bite",
      "17:swallow",
      "20:sandtomb",
      "23:dig",
      "28:sweetscent",
      "31:drainingkiss",
      "34:bodyslam",
      "39:crunch",
      "42:sandstorm",
      "43:dazzlinggleam",
      "45:roar",
      "egg:ancientpower",
      "egg:splash",
      "egg:counter",
      "egg:flail",
      "egg:sing",
      "egg:healpulse",
      "egg:ingrain",
      "egg:thief",
      "egg:refresh",
      "egg:swift",
      "egg:wringout",
      "tm:ancientpower",
      "tm:bodyslam",
      "tm:bulletseed",
      "tm:charm",
      "tm:curse",
      "tm:cut",
      "tm:doubleedge",
      "tm:echoedvoice",
      "tm:encore",
      "tm:endure",
      "tm:energyball",
      "tm:facade",
      "tm:faketears",
      "tm:flash",
      "tm:furycutter",
      "tm:gigadrain",
      "tm:grassknot",
      "tm:grasspledge",
      "tm:grassyglide",
      "tm:grassyterrain",
      "tm:headbutt",
      "tm:helpinghand",
      "tm:irontail",
      "tm:leafstorm",
      "tm:lightscreen",
      "tm:magicalleaf",
      "tm:magiccoat",
      "tm:mudslap",
      "tm:naturalgift",
      "tm:naturepower",
      "tm:protect",
      "tm:reflect",
      "tm:rest",
      "tm:safeguard",
      "tm:seedbomb",
      "tm:sleeptalk",
      "tm:solarbeam",
      "tm:solarblade",
      "tm:substitute",
      "tm:sunnyday",
      "tm:swordsdance",
      "tm:synthesis",
      "tm:takedown",
      "tm:terablast",
      "tm:trailblaze",
      "tm:workup",
      "tm:worryseed",
      "tutor:ancientpower",
      "tutor:energyball",
      "tutor:furycutter",
      "tutor:gigadrain",
      "tutor:grasspledge",
      "tutor:grassyglide",
      "tutor:helpinghand",
      "tutor:irontail",
      "tutor:magicalleaf",
      "tutor:magiccoat",
      "tutor:mudslap",
      "tutor:rest",
      "tutor:seedbomb",
      "tutor:sleeptalk",
      "tutor:synthesis",
      "tutor:worryseed"
    ],
    "evolutions": [
      {
        "id": "tepig_pignite_jetian",
        "variant": "level_up",
        "result": "pignite jetian",
        "consumeHeldItem": false,
        "learnableMoves": [],
        "requirements": [
          {
            "variant": "level",
            "minLevel": 16
          }
        ]
      }
    ]
  }]}