{
  "portraitScale": 2.75,
  "portraitTranslation": [-0.06, -1.5, 0],
  "profileScale": 0.87,
  "profileTranslation": [0, 0.44, 0],
  "rootBone": "spearow",
  "animations": {
    "cry": "q.bedrock_stateful('spearow', 'cry')"
  },
  "poses": {
    "battle-standing": {
      "poseTypes": ["STAND"],
      "isBattle": true,
      "animations": ["q.look('head')", "q.bedrock('spearow', 'battle_idle')"],
      "quirks": ["q.bedrock_quirk('spearow', 'blink')"]
    },
    "standing": {
      "poseTypes": ["STAND", "NONE", "PORTRAIT", "PROFILE"],
      "isBattle": false,
      "animations": ["q.look('head')", "q.bedrock('spearow', 'ground_idle')"],
      "quirks": ["q.bedrock_quirk('spearow', 'blink')"]
    },
    "walking": {
      "poseTypes": ["WALK"],
      "animations": ["q.look('head')", "q.bedrock('spearow', 'ground_walk')"],
      "quirks": ["q.bedrock_quirk('spearow', 'blink')"]
    },
    "hover": {
      "poseName": "hover",
      "poseTypes": ["HOVER"],
      "animations": [
        "q.look('head', 1, 1, 10, -75)",
        "q.bedrock('spearow', 'air_idle')"
      ]
    },
    "fly": {
      "poseName": "fly",
      "poseTypes": ["FLY"],
      "animations": [
        "q.look('head', 1, 1, 10, -75)",
        "q.bedrock('spearow', 'air_fly')"
      ]
    }
  }
}
