{
  "type": "choice",
  "keys": ["pokeball"],
  "default": "poke_ball",
  "choices": [
    "ancient_azure_ball",
"ancient_citrine_ball",
"ancient_feather_ball",
"ancient_gigaton_ball",
"ancient_great_ball",
"ancient_heavy_ball",
"ancient_ivory_ball",
"ancient_jet_ball",
"ancient_leaden_ball",
"ancient_origin_ball",
"ancient_poke_ball",
"ancient_poke_ball",
"ancient_roseate_ball",
"ancient_slate_ball",
"ancient_ultra_ball",
"ancient_verdant_ball",
"ancient_wing_ball",
"azure_ball",
"beast_ball",
"cherish_ball",
"citrine_ball",
"dive_ball",
"dream_ball",
"dusk_ball",
"fast_ball",
"friend_ball",
"great_ball",
"heal_ball",
"heavy_ball",
"level_ball",
"love_ball",
"lure_ball",
"luxury_ball",
"master_ball",
"moon_ball",
"nest_ball",
"net_ball",
"park_ball",
"poke_ball",
"premier_ball",
"quick_ball",
"repeat_ball",
"roseate",
"safari_ball",
"slate_ball",
"sport_ball",
"strange_ball",
"timer_ball",
"ultra_ball",
"verdant_ball"
],
  "isAspect": true,
  "visible": true,
  "aspectFormat": "pokeball-{{choice}}"
}