{
	"format_version": "1.12.0",
	"minecraft:geometry": [
		{
			"description": {
				"identifier": "geometry.totodile",
				"texture_width": 128,
				"texture_height": 64,
				"visible_bounds_width": 4,
				"visible_bounds_height": 2.5,
				"visible_bounds_offset": [0, 0.75, 0]
			},
			"bones": [
				{
					"name": "totodile",
					"pivot": [0, 0, 0]
				},
				{
					"name": "body",
					"parent": "totodile",
					"pivot": [0, 11, 0]
				},
				{
					"name": "torso",
					"parent": "body",
					"pivot": [0, 5, -1],
					"cubes": [
						{"origin": [-5, 2, -4.5], "size": [10, 8, 9], "uv": [0, 0]},
						{"origin": [-0.5, 7, -4.5], "size": [1, 3, 1], "inflate": 0.01, "uv": [29, 0]}
					]
				},
				{
					"name": "torso2",
					"parent": "torso",
					"pivot": [0, 10, 0],
					"cubes": [
						{"origin": [-4.5, 9, -4], "size": [9, 5, 8], "uv": [26, 25]},
						{"origin": [0, 11.5, 4], "size": [0, 3, 4], "inflate": 0.01, "uv": [0, 16]},
						{"origin": [0, 8.75, 3.1], "size": [0, 3, 4], "pivot": [0, 10.75, 4.1], "rotation": [-15, 0, 0], "uv": [0, 13]},
						{"origin": [0, 14.25, 3.1], "size": [0, 3, 4], "pivot": [0, 15.25, 4.1], "rotation": [15, 0, 0], "uv": [0, 0]},
						{"origin": [-4, 14, -3.5], "size": [8, 3, 7], "uv": [31, 10]}
					]
				},
				{
					"name": "bone2",
					"parent": "torso2",
					"pivot": [1, -0.75, -2],
					"cubes": [
						{"origin": [-5.5, 9.25, -4.75], "size": [11, 5, 8], "uv": [90, 33]}
					]
				},
				{
					"name": "head",
					"parent": "torso2",
					"pivot": [0, 15, -0.5],
					"cubes": [
						{"origin": [-4.5, 14, -4], "size": [9, 8, 8], "inflate": 0.01, "uv": [0, 17]},
						{"origin": [-4.5, 22, -3.5], "size": [3, 1, 7], "uv": [85, 4]},
						{"origin": [1.5, 22, -3.5], "size": [3, 1, 7], "uv": [0, 49]}
					]
				},
				{
					"name": "eyes",
					"parent": "head",
					"pivot": [0, -1, -1]
				},
				{
					"name": "eye_right",
					"parent": "eyes",
					"pivot": [-4.5, 19.5, -1.5],
					"cubes": [
						{"origin": [-4.5, 17, -3], "size": [0, 5, 3], "inflate": 0.02, "uv": [0, 54]}
					]
				},
				{
					"name": "eyelid_right",
					"parent": "eye_right",
					"pivot": [-3.9, 19.5, -1.5],
					"cubes": [
						{"origin": [-4.4, 17, -3], "size": [1, 5, 3], "inflate": 0.03, "uv": [59, 50]},
						{"origin": [-4.4, 19, -2.5], "size": [0, 1, 2], "inflate": 0.04, "uv": [46, 49]}
					]
				},
				{
					"name": "eye_left",
					"parent": "eyes",
					"pivot": [4.5, 19.5, -1.5],
					"cubes": [
						{"origin": [4.5, 17, -3], "size": [0, 5, 3], "inflate": 0.02, "uv": [6, 54], "mirror": true}
					]
				},
				{
					"name": "eyelid_left",
					"parent": "eye_left",
					"pivot": [3.9, 19.5, -1.5],
					"cubes": [
						{"origin": [3.4, 17, -3], "size": [1, 5, 3], "inflate": 0.03, "uv": [51, 50], "mirror": true},
						{"origin": [4.4, 19, -2.5], "size": [0, 1, 2], "inflate": 0.04, "pivot": [4.4, 19.5, -1.5], "rotation": [5, 0, 0], "uv": [46, 48], "mirror": true}
					]
				},
				{
					"name": "muzzle",
					"parent": "head",
					"pivot": [0, 17.5, -4],
					"cubes": [
						{"origin": [-4, 16, -8], "size": [8, 3, 4], "uv": [29, 0]}
					]
				},
				{
					"name": "muzzle2",
					"parent": "muzzle",
					"pivot": [0, 17.5, -8],
					"cubes": [
						{"origin": [-3.5, 16, -11], "size": [7, 3, 3], "uv": [52, 20]},
						{"origin": [-3.5, 16, -12], "size": [7, 3, 3], "inflate": 0.01, "pivot": [0, 17.5, -10.5], "rotation": [45, 0, 0], "uv": [13, 50]},
						{"origin": [1.5, 15.025, -10.35], "size": [1, 1, 0], "pivot": [2, 15.525, -10.35], "rotation": [0, 0, -45], "uv": [2, 0]},
						{"origin": [-2.5, 15.025, -10.35], "size": [1, 1, 0], "pivot": [-2, 15.525, -10.35], "rotation": [0, 0, 45], "uv": [0, 0]}
					]
				},
				{
					"name": "jaw",
					"parent": "head",
					"pivot": [0, 15.75, -3.75],
					"rotation": [-2.5, 0, 0],
					"cubes": [
						{"origin": [-3.5, 14, -7.5], "size": [7, 2, 5], "inflate": 0.01, "uv": [48, 2]},
						{"origin": [-3, 14, -10], "size": [6, 2, 3], "uv": [26, 20]},
						{"origin": [-2.85, 14.88128, -6.90628], "size": [0, 1, 1], "pivot": [-2.85, 16, -7.025], "rotation": [45, -15, 0], "uv": [0, 1]},
						{"origin": [-2.85, 16.11872, -7.89372], "size": [0, 1, 1], "pivot": [-2.85, 16, -6.775], "rotation": [45, -7.5, 0], "uv": [0, 0]},
						{"origin": [-2.35, 15.5, -9.85], "size": [0, 1, 1], "pivot": [-2.35, 16, -9.35], "rotation": [45, -45, 0], "uv": [0, 2]},
						{"origin": [2.85, 16.11872, -7.89372], "size": [0, 1, 1], "pivot": [2.85, 16, -6.775], "rotation": [45, 7.5, 0], "uv": [2, 1]},
						{"origin": [2.85, 14.88128, -6.90628], "size": [0, 1, 1], "pivot": [2.85, 16, -7.025], "rotation": [45, 15, 0], "uv": [2, 0]},
						{"origin": [2.35, 15.5, -9.85], "size": [0, 1, 1], "pivot": [2.35, 16, -9.35], "rotation": [45, 45, 0], "uv": [2, 2]}
					]
				},
				{
					"name": "arm_right",
					"parent": "torso2",
					"pivot": [-4.5, 12.65, 0],
					"cubes": [
						{"origin": [-10.5, 10.15, -1.5], "size": [6, 3, 3], "uv": [52, 38]}
					]
				},
				{
					"name": "arm_left",
					"parent": "torso2",
					"pivot": [4.5, 12.65, 0],
					"cubes": [
						{"origin": [4.5, 10.15, -1.5], "size": [6, 3, 3], "uv": [52, 26]}
					]
				},
				{
					"name": "tail",
					"parent": "torso",
					"pivot": [0, 5.25, 4.5],
					"cubes": [
						{"origin": [-4, 2.25, 3.5], "size": [8, 6, 4], "uv": [0, 33]}
					]
				},
				{
					"name": "tail2",
					"parent": "tail",
					"pivot": [0, 5, 7.5],
					"cubes": [
						{"origin": [-3, 2.5, 6.5], "size": [6, 5, 4], "uv": [72, 0]}
					]
				},
				{
					"name": "tail3",
					"parent": "tail2",
					"pivot": [-0.25, 4.75, 10.5],
					"cubes": [
						{"origin": [-2, 2.75, 9.5], "size": [4, 4, 4], "uv": [72, 9]},
						{"origin": [0, 6, 9.5], "size": [0, 5, 3], "pivot": [0, 6.75, 11], "rotation": [-12.5, 0, 0], "uv": [44, 17]}
					]
				},
				{
					"name": "bone",
					"parent": "tail3",
					"pivot": [-0.6, 2.6, 15.4],
					"rotation": [-45, 0, 0],
					"cubes": [
						{"origin": [-0.6, 3.6, 16.4], "size": [1, 1, 1], "uv": [120, 62]},
						{"origin": [-0.6, 2.6, 16.4], "size": [1, 1, 1], "uv": [124, 62]},
						{"origin": [-0.6, 2.6, 11.4], "size": [1, 1, 1], "uv": [92, 58]},
						{"origin": [-0.6, 5.6, 11.4], "size": [1, 1, 1], "uv": [92, 60]},
						{"origin": [-0.6, 4.6, 11.4], "size": [1, 1, 1], "uv": [96, 58]},
						{"origin": [-0.6, 3.6, 11.4], "size": [1, 1, 1], "uv": [92, 62]},
						{"origin": [-0.6, 1.6, 13.4], "size": [1, 1, 1], "uv": [96, 60]},
						{"origin": [-0.6, 2.6, 13.4], "size": [1, 1, 1], "uv": [100, 58]},
						{"origin": [-0.6, 3.6, 13.4], "size": [1, 1, 1], "uv": [100, 60]},
						{"origin": [-0.6, 4.6, 13.4], "size": [1, 1, 1], "uv": [108, 60]},
						{"origin": [-0.6, 5.6, 13.4], "size": [1, 1, 1], "uv": [108, 62]},
						{"origin": [-0.6, 6.6, 13.4], "size": [1, 1, 1], "uv": [112, 58]},
						{"origin": [-0.6, 6.6, 12.4], "size": [1, 1, 1], "uv": [96, 62]},
						{"origin": [-0.6, 5.6, 12.4], "size": [1, 1, 1], "uv": [100, 62]},
						{"origin": [-0.6, 4.6, 12.4], "size": [1, 1, 1], "uv": [104, 58]},
						{"origin": [-0.6, 3.6, 12.4], "size": [1, 1, 1], "uv": [104, 60]},
						{"origin": [-0.6, 2.6, 12.4], "size": [1, 1, 1], "uv": [104, 62]},
						{"origin": [-0.6, 1.6, 12.4], "size": [1, 1, 1], "uv": [108, 58]},
						{"origin": [-0.6, 5.6, 14.4], "size": [1, 1, 1], "uv": [116, 58]},
						{"origin": [-0.6, 4.6, 14.4], "size": [1, 1, 1], "uv": [112, 60]},
						{"origin": [-0.6, 3.6, 14.4], "size": [1, 1, 1], "uv": [116, 60]},
						{"origin": [-0.6, 2.6, 14.4], "size": [1, 1, 1], "uv": [124, 58]},
						{"origin": [-0.6, 1.6, 14.4], "size": [1, 1, 1], "uv": [120, 58]},
						{"origin": [-0.6, 2.6, 15.4], "size": [1, 1, 1], "uv": [120, 60]},
						{"origin": [-0.6, 3.6, 15.4], "size": [1, 1, 1], "uv": [112, 62]},
						{"origin": [-0.6, 4.6, 15.4], "size": [1, 1, 1], "uv": [116, 62]},
						{"origin": [-0.6, 1.6, 15.4], "size": [1, 1, 1], "uv": [124, 60]}
					]
				},
				{
					"name": "leg_right",
					"parent": "body",
					"pivot": [-4.5, 5, -0.5],
					"cubes": [
						{"origin": [-6.5, 1.5, -3.5], "size": [4, 6, 6], "uv": [18, 38]},
						{"origin": [-6, 0.75, -2.25], "size": [3, 1, 4], "uv": [0, 43]}
					]
				},
				{
					"name": "foot_right",
					"parent": "leg_right",
					"pivot": [-4.5, 1, -0.25],
					"cubes": [
						{"origin": [-6.5, 0, -2.75], "size": [4, 1, 5], "inflate": 0.01, "uv": [54, 9]}
					]
				},
				{
					"name": "foot_right2",
					"parent": "foot_right",
					"pivot": [-4.5, 0, -2.75],
					"cubes": [
						{"origin": [-6.5, 0, -4.75], "size": [4, 1, 2], "uv": [32, 38]},
						{"origin": [-6, 0, -4.75], "size": [3, 1, 2], "inflate": 0.01, "uv": [28, 56], "mirror": true}
					]
				},
				{
					"name": "leg_left",
					"parent": "body",
					"pivot": [4.5, 5, -0.5],
					"cubes": [
						{"origin": [2.5, 1.5, -3.5], "size": [4, 6, 6], "uv": [38, 38]},
						{"origin": [3, 0.75, -2.25], "size": [3, 1, 4], "uv": [88, 12]}
					]
				},
				{
					"name": "foot_left",
					"parent": "leg_left",
					"pivot": [4.5, 1, -0.25],
					"cubes": [
						{"origin": [2.5, 0, -2.75], "size": [4, 1, 5], "inflate": 0.01, "uv": [33, 50]}
					]
				},
				{
					"name": "foot_left2",
					"parent": "foot_left",
					"pivot": [4.5, 0, -2.75],
					"cubes": [
						{"origin": [2.5, 0, -4.75], "size": [4, 1, 2], "uv": [38, 7]},
						{"origin": [3, 0, -4.75], "size": [3, 1, 2], "inflate": 0.01, "uv": [18, 56]}
					]
				}
			]
		}
	]
}