{
	"format_version": "1.8.0",
	"animations": {
		"animation.gengather.ground_idle": {
			"loop": true,
			"animation_length": 54,
			"bones": {
				"arm_right": {
					"rotation": [0, "math.cos(query.anim_time * 120) * 7", "-30+math.cos(query.anim_time * 120) * 2"]
				},
				"arm_right2": {
					"rotation": [0, -15, 0]
				},
				"arm_left": {
					"rotation": [0, "math.cos(query.anim_time * 120) * 7", "30+math.cos(query.anim_time * 120) * 2"]
				},
				"arm_left2": {
					"rotation": [0, 15, 0]
				},
				"tail": {
					"rotation": ["-20+math.cos(query.anim_time * 150) * 4", 0, 0]
				},
				"tail2": {
					"rotation": [12.5, 0, 0]
				},
				"substitute": {
					"rotation": ["math.sin(query.anim_time * 120) * 6", "math.sin(query.anim_time * 180) * 4", "math.cos(query.anim_time * 100) * 4"],
					"position": {
						"0.0": [0, "-3+math.sin(query.anim_time * 180) * 2", 0],
						"4.0417": [0, "math.sin(query.anim_time * 90) * 2", 0]
					}
				},
				"ringofitems": {
					"rotation": ["math.sin(query.anim_time * 120) * 6", "query.anim_time * 90", 0],
					"position": [0, 13, 0]
				},
				"claw": {
					"rotation": {
						"0.0": [34.42647, -13.0899, -11.94261],
						"16.125": [34.42647, "-13.0899+math.sin(query.anim_time * 180) * 20", -11.94261]
					},
					"position": [1, "math.sin(query.anim_time * 180) * 2", -7]
				},
				"Oran": {
					"rotation": [-22.03705, -29.93597, 13.13687],
					"position": [-10, "math.sin(query.anim_time * 180) * 2", -1]
				},
				"Sitrus": {
					"rotation": [65, 0, 0],
					"position": [3, "math.sin(query.anim_time * 180) * 2", 5]
				},
				"leftovers": {
					"rotation": [0, "math.sin(query.anim_time * 180) * 2", -45],
					"position": [4, "math.sin(query.anim_time * 180) * 2", -3]
				},
				"vitamin": {
					"rotation": [0, -10, -10],
					"position": [-11, "math.sin(query.anim_time * 180) * 1", -3]
				},
				"body": {
					"rotation": ["math.sin(query.anim_time * 120) * 6", 0, "math.cos(query.anim_time * 100) * 4"],
					"position": [0, "math.sin(query.anim_time * 120) * 1", 0]
				},
				"pokeball": {
					"rotation": ["math.sin(query.anim_time * 120) * 6", "math.sin(query.anim_time * 180) * 4", "math.cos(query.anim_time * 100) * 4"],
					"position": [-4, "math.sin(query.anim_time * 180) * 1", 0]
				},
				"poke_ball": {
					"position": [0, 0, 0]
				},
				"gengather": {
					"position": [0, 1, 0]
				},
				"kingsrock": {
					"position": [0, 0, 0]
				},
				"mouth_closed": {
					"position": [0, 0, 0]
				},
				"mouth_ajar": {
					"scale": 0
				},
				"mouth_open": {
					"scale": 0
				}
			}
		},
		"animation.gengather.ground_walk": {
			"loop": true,
			"animation_length": 54,
			"bones": {
				"arm_right": {
					"rotation": [0, "math.cos(query.anim_time * 120) * 7", "-30+math.cos(query.anim_time * 120) * 2"]
				},
				"arm_right2": {
					"rotation": [0, -15, 0]
				},
				"arm_left": {
					"rotation": [0, "math.cos(query.anim_time * 120) * 7", "30+math.cos(query.anim_time * 120) * 2"]
				},
				"arm_left2": {
					"rotation": [0, 15, 0]
				},
				"tail": {
					"rotation": ["-20+math.cos(query.anim_time * 150) * 4", 0, 0]
				},
				"tail2": {
					"rotation": [12.5, 0, 0]
				},
				"substitute": {
					"rotation": ["math.sin(query.anim_time * 120) * 6", "math.sin(query.anim_time * 180) * 4", "math.cos(query.anim_time * 100) * 4"],
					"position": [-26, "-6+math.sin(query.anim_time * 180) * 2", 6]
				},
				"ringofitems": {
					"rotation": [0, 0, 0],
					"position": [0, 13, 0]
				},
				"claw": {
					"rotation": {
						"0.0": [34.42647, -13.0899, -11.94261],
						"16.125": [34.42647, "-13.0899+math.sin(query.anim_time * 180) * 20", -11.94261]
					},
					"position": [-9, "16+math.sin(query.anim_time * 180) * 2", 1]
				},
				"Oran": {
					"rotation": [-22.03705, -29.93597, 13.13687],
					"position": [2, "9+math.sin(query.anim_time * 180) * 2", -5]
				},
				"Sitrus": {
					"rotation": [65, 0, 0],
					"position": [2, "17+math.sin(query.anim_time * 180) * 2", -13]
				},
				"leftovers": {
					"rotation": [0, "math.sin(query.anim_time * 180) * 2", -45],
					"position": [-16, "math.sin(query.anim_time * 180) * 2", 4]
				},
				"vitamin": {
					"rotation": [0, -10, -10],
					"position": [-2, "3+math.sin(query.anim_time * 180) * 1", 11]
				},
				"body": {
					"rotation": ["20+math.sin(query.anim_time * 240) * 3", "math.sin(query.anim_time * 120) * 5", "math.sin(query.anim_time * 120) * 3"],
					"position": [0, "math.sin(query.anim_time * 120) * 2", "math.sin(query.anim_time * 120) * 2"]
				},
				"pokeball": {
					"rotation": [
						"6.8817+math.sin(query.anim_time * 120) * 6",
						"-44.0929+math.sin(query.anim_time * 180) * 4",
						"-16.4703+math.cos(query.anim_time * 100) * 4"
					],
					"position": [25.5, "-18+math.sin(query.anim_time * 180) * 1", -4]
				},
				"poke_ball": {
					"position": [0, 0, 0]
				},
				"gengather": {
					"position": {
						"0.0": [0, 0, 0],
						"7.5833": [0, 0, 0]
					}
				},
				"kingsrock": {
					"position": [0, 0, 0]
				},
				"items": {
					"position": [0, 0, 0]
				},
				"mouth_closed": {
					"position": [0, 0, 0]
				},
				"mouth_ajar": {
					"scale": 0
				},
				"mouth_open": {
					"scale": 0
				}
			}
		},
		"animation.gengather.air_fly": {
			"loop": true,
			"animation_length": 54,
			"bones": {
				"arm_right": {
					"rotation": [0, "math.cos(query.anim_time * 180) * 7", "-30+math.cos(query.anim_time * 240) * 3"]
				},
				"arm_right2": {
					"rotation": [0, -15, 0]
				},
				"arm_left": {
					"rotation": [0, "math.cos(query.anim_time * 180) * 7", "30+math.cos(query.anim_time * 240) * 3"]
				},
				"arm_left2": {
					"rotation": [0, 15, 0]
				},
				"tail": {
					"rotation": ["-20+math.cos(query.anim_time * 150) * 4", 0, 0]
				},
				"tail2": {
					"rotation": [12.5, 0, 0]
				},
				"substitute": {
					"rotation": ["math.sin(query.anim_time * 120) * 6", "math.sin(query.anim_time * 180) * 4", "math.cos(query.anim_time * 100) * 4"],
					"position": [-26, "-6+math.sin(query.anim_time * 180) * 2", 6]
				},
				"ringofitems": {
					"rotation": [0, 0, 0],
					"position": [0, 13, 0]
				},
				"claw": {
					"rotation": {
						"0.0": [34.42647, -13.0899, -11.94261],
						"16.125": [34.42647, "-13.0899+math.sin(query.anim_time * 180) * 20", -11.94261]
					},
					"position": [-11, "16+math.sin(query.anim_time * 180) * 2", 1]
				},
				"Oran": {
					"rotation": [-22.03705, -29.93597, 13.13687],
					"position": [2, "9+math.sin(query.anim_time * 180) * 2", -5]
				},
				"Sitrus": {
					"rotation": [65, 0, 0],
					"position": [2, "17+math.sin(query.anim_time * 180) * 2", -13]
				},
				"leftovers": {
					"rotation": [0, "math.sin(query.anim_time * 180) * 2", -45],
					"position": [-16, "3+math.sin(query.anim_time * 180) * 2", 4]
				},
				"vitamin": {
					"rotation": [0, -10, -10],
					"position": [-2, "5+math.sin(query.anim_time * 180) * 1", 13]
				},
				"body": {
					"rotation": ["25+math.sin(query.anim_time * 240) * 3", "math.sin(query.anim_time * 120) * 5", "math.sin(query.anim_time * 120) * 3"],
					"position": [0, "math.sin(query.anim_time * 180) * 3", "math.sin(query.anim_time * 180) * 3"]
				},
				"pokeball": {
					"rotation": [
						"6.8817+math.sin(query.anim_time * 120) * 6",
						"-44.0929+math.sin(query.anim_time * 180) * 4",
						"-16.4703+math.cos(query.anim_time * 100) * 4"
					],
					"position": {
						"0.0": [25.5, "-18+math.sin(query.anim_time * 180) * 1", -4],
						"41.75": [25.5, "-16+math.sin(query.anim_time * 180) * 1", -4]
					}
				},
				"poke_ball": {
					"position": [0, 0, 0]
				},
				"gengather": {
					"position": {
						"0.0": [0, 0, 0],
						"7.5833": [0, 0, 0]
					}
				},
				"kingsrock": {
					"rotation": [-12.5, 0, 0],
					"position": [0, 0, "-1+math.sin(query.anim_time * 180) * 2"]
				},
				"items": {
					"position": [0, 0, 0]
				},
				"mouth_closed": {
					"position": [0, 0, 0]
				},
				"mouth_ajar": {
					"scale": 0
				},
				"mouth_open": {
					"scale": 0
				}
			}
		},
		"animation.gengather.air_idle": {
			"loop": true,
			"animation_length": 54,
			"bones": {
				"arm_right": {
					"rotation": [0, "math.cos(query.anim_time * 180) * 7", "-30+math.cos(query.anim_time * 240) * 3"]
				},
				"arm_right2": {
					"rotation": [0, -15, 0]
				},
				"arm_left": {
					"rotation": [0, "math.cos(query.anim_time * 180) * 7", "30+math.cos(query.anim_time * 240) * 3"]
				},
				"arm_left2": {
					"rotation": [0, 15, 0]
				},
				"tail": {
					"rotation": ["-20+math.cos(query.anim_time * 150) * 4", 0, 0]
				},
				"tail2": {
					"rotation": [12.5, 0, 0]
				},
				"substitute": {
					"rotation": ["math.sin(query.anim_time * 120) * 6", "math.sin(query.anim_time * 180) * 4", "math.cos(query.anim_time * 100) * 4"],
					"position": [-26, "-6+math.sin(query.anim_time * 180) * 2", 6]
				},
				"ringofitems": {
					"rotation": [0, 0, 0],
					"position": [0, 13, 0]
				},
				"claw": {
					"rotation": {
						"0.0": [34.42647, -13.0899, -11.94261],
						"16.125": [34.42647, "-13.0899+math.sin(query.anim_time * 180) * 20", -11.94261]
					},
					"position": [-9, "16+math.sin(query.anim_time * 180) * 2", 1]
				},
				"Oran": {
					"rotation": [-22.03705, -29.93597, 13.13687],
					"position": [2, "9+math.sin(query.anim_time * 180) * 2", -5]
				},
				"Sitrus": {
					"rotation": [65, 0, 0],
					"position": [2, "17+math.sin(query.anim_time * 180) * 2", -13]
				},
				"leftovers": {
					"rotation": [0, "math.sin(query.anim_time * 180) * 2", -45],
					"position": [-16, "3+math.sin(query.anim_time * 180) * 2", 4]
				},
				"vitamin": {
					"rotation": [0, -10, -10],
					"position": [-2, "5+math.sin(query.anim_time * 180) * 1", 13]
				},
				"body": {
					"rotation": ["25+math.sin(query.anim_time * 180) * 3", "math.sin(query.anim_time * 60) * 3", "math.sin(query.anim_time * 60) * 2"],
					"position": [0, "math.sin(query.anim_time * 180) * 3", "math.sin(query.anim_time * 180) * 3"]
				},
				"pokeball": {
					"rotation": [
						"6.8817+math.sin(query.anim_time * 120) * 6",
						"-44.0929+math.sin(query.anim_time * 180) * 4",
						"-16.4703+math.cos(query.anim_time * 100) * 4"
					],
					"position": {
						"0.0": [25.5, "-18+math.sin(query.anim_time * 180) * 1", -4],
						"41.75": [25.5, "-16+math.sin(query.anim_time * 180) * 1", -4]
					}
				},
				"poke_ball": {
					"position": [0, 0, 0]
				},
				"gengather": {
					"rotation": [-15, 0, 0],
					"position": [0, "math.sin(query.anim_time * 160) * 1", "math.sin(query.anim_time * 160) * 1"]
				},
				"kingsrock": {
					"rotation": ["-12.5+math.sin(query.anim_time * 180) * -5", 0, 0],
					"position": [0, 0, "-1+math.sin(query.anim_time * 120) * 1"]
				},
				"items": {
					"position": [0, 0, 0]
				},
				"mouth_closed": {
					"position": [0, 0, 0]
				},
				"mouth_ajar": {
					"scale": 0
				},
				"mouth_open": {
					"scale": 0
				}
			}
		},
		"animation.gengather.blink": {
			"animation_length": 0.1667,
			"bones": {
				"eyelid_right": {
					"position": {
						"0.0": [0, 0, -0.1],
						"0.125": [0, 0, -0.1],
						"0.1667": [0, 0, 0]
					}
				},
				"eyelid_left": {
					"position": {
						"0.0": [0, 0, -0.1],
						"0.125": [0, 0, -0.1],
						"0.1667": [0, 0, 0]
					}
				}
			}
		},
		"animation.gengather.cry": {
			"animation_length": 1.5,
			"sound_effects": {
				"0.04": {
					"effect": "pokemon.gengather.cry"
				}
			},
			"bones": {
				"gengather": {
					"rotation": [0, 0, 0],
					"position": {
						"0.0": [0, 0, 0],
						"0.5": [0, 0, 0]
					}
				}
			}
		},
		"animation.gengather.pokeballbounce": {
			"animation_length": 1,
			"bones": {
				"bottom": {
					"rotation": {
						"0.0": {
							"post": [0, 0, 0],
							"lerp_mode": "catmullrom"
						},
						"0.0417": {
							"post": [5.00232, -2.48336, 3.67327],
							"lerp_mode": "catmullrom"
						},
						"0.0833": {
							"post": [0, 0, -2.5],
							"lerp_mode": "catmullrom"
						},
						"0.25": {
							"post": [0, 1.6, -9],
							"lerp_mode": "catmullrom"
						},
						"0.4583": {
							"post": [0, 2.5, -9],
							"lerp_mode": "catmullrom"
						},
						"0.5417": {
							"post": [0, -2.1, 0],
							"lerp_mode": "catmullrom"
						},
						"0.625": {
							"post": [0, -3.1, 5],
							"lerp_mode": "catmullrom"
						},
						"0.75": {
							"post": [0, -2, 2.1],
							"lerp_mode": "catmullrom"
						},
						"0.7917": {
							"post": [0, -1.9, 0],
							"lerp_mode": "catmullrom"
						},
						"0.9167": {
							"post": [0, -0.3, 0.6],
							"lerp_mode": "catmullrom"
						},
						"1.0": {
							"post": [0, 0, 0],
							"lerp_mode": "catmullrom"
						}
					},
					"position": {
						"0.0417": [0, 0, 0],
						"0.0833": [0, -0.5, 0],
						"0.125": [0, 1.5, 0],
						"0.1667": [0, 3.25, 0],
						"0.25": {
							"pre": [0, 3.5, 0],
							"post": [0, 3.5, 0],
							"lerp_mode": "catmullrom"
						},
						"0.3333": {
							"post": [0, 2.75, 0],
							"lerp_mode": "catmullrom"
						},
						"0.4167": {
							"post": [0, 1.19, 0],
							"lerp_mode": "catmullrom"
						},
						"0.5": {
							"post": [0, -0.25, 0],
							"lerp_mode": "catmullrom"
						},
						"0.5833": {
							"post": [0, 1, 0],
							"lerp_mode": "catmullrom"
						},
						"0.7083": {
							"post": [0, 0.67, 0],
							"lerp_mode": "catmullrom"
						},
						"0.7917": {
							"post": [0, 0, 0],
							"lerp_mode": "catmullrom"
						},
						"0.875": {
							"post": [0, 0.2, 0],
							"lerp_mode": "catmullrom"
						},
						"1.0": [0, 0, 0]
					}
				},
				"lid": {
					"rotation": {
						"0.0": [0, 0, 0],
						"0.0417": [0, 0, 0],
						"0.4583": [0, 0, 0],
						"0.5417": [2.5, 0, 0],
						"0.6667": [0, 0, 0],
						"0.8333": [0, 0, 0]
					},
					"position": {
						"0.0": [0, 0, 0],
						"0.0417": [0, -0.25, 0],
						"0.0833": [0, -0.5, 0],
						"0.2083": [0, 0, 0]
					}
				}
			}
		},
		"animation.gengather.ancientballbounce": {
			"animation_length": 1,
			"bones": {
				"bottom2": {
					"rotation": {
						"0.0": {
							"post": [0, 0, 0],
							"lerp_mode": "catmullrom"
						},
						"0.0417": {
							"post": [5.00232, -2.48336, 3.67327],
							"lerp_mode": "catmullrom"
						},
						"0.0833": {
							"post": [0, 0, -2.5],
							"lerp_mode": "catmullrom"
						},
						"0.25": {
							"post": [0, 1.6, -9],
							"lerp_mode": "catmullrom"
						},
						"0.4583": {
							"post": [0, 2.5, -9],
							"lerp_mode": "catmullrom"
						},
						"0.5417": {
							"post": [0, -2.1, 0],
							"lerp_mode": "catmullrom"
						},
						"0.625": {
							"post": [0, -3.1, 5],
							"lerp_mode": "catmullrom"
						},
						"0.75": {
							"post": [0, -2, 2.1],
							"lerp_mode": "catmullrom"
						},
						"0.7917": {
							"post": [0, -1.9, 0],
							"lerp_mode": "catmullrom"
						},
						"0.9167": {
							"post": [0, -0.3, 0.6],
							"lerp_mode": "catmullrom"
						},
						"1.0": {
							"post": [0, 0, 0],
							"lerp_mode": "catmullrom"
						}
					},
					"position": {
						"0.0417": [0, 0, 0],
						"0.0833": [0, -0.5, 0],
						"0.125": [0, 1.5, 0],
						"0.1667": [0, 3.25, 0],
						"0.25": {
							"pre": [0, 3.5, 0],
							"post": [0, 3.5, 0],
							"lerp_mode": "catmullrom"
						},
						"0.3333": {
							"post": [0, 2.75, 0],
							"lerp_mode": "catmullrom"
						},
						"0.4167": {
							"post": [0, 1.19, 0],
							"lerp_mode": "catmullrom"
						},
						"0.5": {
							"post": [0, -0.25, 0],
							"lerp_mode": "catmullrom"
						},
						"0.5833": {
							"post": [0, 1, 0],
							"lerp_mode": "catmullrom"
						},
						"0.7083": {
							"post": [0, 0.67, 0],
							"lerp_mode": "catmullrom"
						},
						"0.7917": {
							"post": [0, 0, 0],
							"lerp_mode": "catmullrom"
						},
						"0.875": {
							"post": [0, 0.2, 0],
							"lerp_mode": "catmullrom"
						},
						"1.0": [0, 0, 0]
					}
				},
				"lid2": {
					"rotation": {
						"0.0": [0, 0, 0],
						"0.0417": [0, 0, 0],
						"0.4583": [0, 0, 0],
						"0.5417": [2.5, 0, 0],
						"0.6667": [0, 0, 0],
						"0.8333": [0, 0, 0]
					},
					"position": {
						"0.0": [0, 0, 0],
						"0.0417": [0, -0.25, 0],
						"0.0833": [0, -0.5, 0],
						"0.2083": [0, 0, 0]
					}
				}
			}
		},
		"animation.gengather.pokeballcritical": {
			"animation_length": 1,
			"bones": {
				"bottom": {
					"rotation": {
						"0.0": [0, 0, 0],
						"0.0417": [0, "math.sin(q.anim_time*90*10)*3", "math.sin(q.anim_time*90*30-90)*2"],
						"0.7083": [0, "math.sin(q.anim_time*90*10)*1", "math.sin(q.anim_time*90*10-90)*0.4"],
						"0.9167": [0, 0, 0]
					},
					"position": {
						"0.0": ["math.sin(q.anim_time*90*40)*1.5", "math.sin(q.anim_time*90*80)*0.2", 0],
						"0.4167": ["math.sin(q.anim_time*90*20)*0.3", "math.sin(q.anim_time*90*40)*0.1", 0],
						"0.75": [0, 0, 0]
					}
				}
			}
		},
		"animation.gengather.ancientballcritical": {
			"animation_length": 1,
			"bones": {
				"bottom2": {
					"rotation": {
						"0.0": [0, 0, 0],
						"0.0417": [0, "math.sin(q.anim_time*90*10)*3", "math.sin(q.anim_time*90*30-90)*2"],
						"0.7083": [0, "math.sin(q.anim_time*90*10)*1", "math.sin(q.anim_time*90*10-90)*0.4"],
						"0.9167": [0, 0, 0]
					},
					"position": {
						"0.0": ["math.sin(q.anim_time*90*40)*1.5", "math.sin(q.anim_time*90*80)*0.2", 0],
						"0.4167": ["math.sin(q.anim_time*90*20)*0.3", "math.sin(q.anim_time*90*40)*0.1", 0],
						"0.75": [0, 0, 0]
					}
				}
			}
		}
	}
}