{
	"format_version": "1.8.0",
	"animations": {
		"animation.linoone_vanguard.ground_idle": {
			"loop": true,
			"animation_length": 8.625,
			"bones": {
				"linoone": {
					"position": [0, 0.5, 0]
				},
				"body": {
					"rotation": [-15, 0, 0]
				},
				"torso": {
					"rotation": [17.18659, 0, 0]
				},
				"head": {
					"rotation": ["5-3*Math.cos((query.anim_time-0) * 90 * 6) * 1", 0, "0-2*Math.cos((query.anim_time-0.5) * 90 * 6) * 1"]
				},
				"tail": {
					"rotation": [30, 0, 0]
				},
				"tail2": {
					"rotation": [20, 0, 0]
				},
				"tail3": {
					"rotation": [20, 0, 0]
				},
				"leg_front_left": {
					"rotation": [-40, 0, 0]
				},
				"leg_back_left": {
					"rotation": [-17.5, 0, 0]
				},
				"foot_back_left": {
					"rotation": [32.5, 0, 0]
				},
				"foot_front_left2": {
					"rotation": [37.5, 0, 0]
				},
				"leg_front_right": {
					"rotation": [-40, 0, 0]
				},
				"foot_front_right2": {
					"rotation": [37.5, 0, 0]
				},
				"leg_back_right": {
					"rotation": [-17.5, 0, 0]
				},
				"foot_back_right": {
					"rotation": [32.5, 0, 0]
				},
				"jaw": {
					"rotation": ["32.5-3*Math.cos((query.anim_time-0) * 90 * 6) * 1", 0, 0]
				},
				"tongue_bend": {
					"rotation": ["12.5+4*Math.cos((query.anim_time-0.5) * 90 * 6) * 1", 0, 0]
				}
			}
		},
		"animation.linoone_vanguard.blink": {
			"animation_length": 0.1667,
			"bones": {
				"eyelid_left": {
					"position": {
						"0.0": [0.1, 0, 0],
						"0.125": [0.1, 0, 0],
						"0.1667": [0, 0, 0]
					}
				},
				"eyelid_right": {
					"position": {
						"0.0": [-0.1, 0, 0],
						"0.125": [-0.1, 0, 0],
						"0.1667": [0.1, 0, 0]
					}
				}
			}
		},
		"animation.linoone_vanguard.cry": {
			"animation_length": 1.25,
			"bones": {
				"head": {
					"rotation": {
						"0.0": [0, 0, 0],
						"0.1667": [-15, 0, 0],
						"0.25": [-17.5, 0, 0],
						"0.7083": [-17.78, 0, 0],
						"0.7917": [-15, 0, 0],
						"1.0417": [0, 0, 0]
					}
				},
				"jaw": {
					"rotation": {
						"0.0": [0, 0, 0],
						"0.1667": [20, 0, 0],
						"0.75": [20, 0, 0],
						"1.0417": [0, 0, 0]
					}
				},
				"tongue": {
					"rotation": {
						"0.1667": [0, "0-14*Math.cos((query.anim_time-0.5) * 90 * 6) * 1", 0],
						"0.7917": [0, "0-14*Math.cos((query.anim_time-0.5) * 90 * 6) * 1", 0],
						"1.0": [0, 0, 0]
					}
				}
			}
		}
	}
}