{
	"format_version": "1.8.0",
	"animations": {
		"animation.diglord.ground_idle": {
			"loop": true,
			"animation_length": 12,
			"bones": {
				"orbitrock": {
					"rotation": {
						"0.0": ["math.sin(q.anim_time*90*2)*0.5", "math.cos(q.anim_time*90*1)*1", "math.sin(q.anim_time*90*1)*1"],
						"12.0": [360, 0, 0]
					},
					"position": ["0.1*math.sin(q.anim_time*90*1)", "0.2*math.sin(q.anim_time*90*3)", 0]
				},
				"rock": {
					"rotation": ["math.sin(q.anim_time*90*2)*0.5", "math.cos(q.anim_time*90*1)*1", "math.sin(q.anim_time*90*1)*1"],
					"position": ["0.1*math.sin(q.anim_time*90*1)", "0.2*math.sin(q.anim_time*90*3)", 0]
				},
				"hair": {
					"rotation": ["math.sin(q.anim_time*90*2)*0.5", "math.cos(q.anim_time*90*1)*1", "math.sin(q.anim_time*90*1)*1"],
					"position": ["0.1*math.sin(q.anim_time*90*1)", "0.2*math.sin(q.anim_time*90*3)", 0]
				},
				"body": {
					"rotation": ["math.sin(q.anim_time*90*2)*0.5", "math.cos(q.anim_time*90*1)*1", "math.sin(q.anim_time*90*1)*1"],
					"position": ["0.1*math.sin(q.anim_time*90*1)", "0.2*math.sin(q.anim_time*90*3)", 0]
				},
				"nose": {
					"rotation": ["math.sin(q.anim_time*30*2)*0.5", "math.cos(q.anim_time*30*1)*1", "math.sin(q.anim_time*30*1)*1"],
					"position": ["0.1*math.sin(q.anim_time*90*1)", "0.2*math.sin(q.anim_time*90*3)", 0]
				},
				"orbitrock_rotate": {
					"rotation": {
						"0.0": [0, 0, 0],
						"12.0": [0, 0, 0]
					}
				},
				"ring": {
					"rotation": ["math.sin(q.anim_time*90*2)*3", "math.cos(q.anim_time*90*1)*3", "math.sin(q.anim_time*90*1)*3"],
					"position": ["0.1*math.sin(q.anim_time*90*1)", "0.2*math.sin(q.anim_time*90*3)", 0]
				}
			}
		},
		"animation.diglord.ground_walk": {
			"loop": true,
			"animation_length": 12,
			"bones": {
				"orbitrock": {
					"rotation": {
						"0.0": ["math.sin(q.anim_time*90*2)*0.5", "math.cos(q.anim_time*90*1)*1", "math.sin(q.anim_time*90*1)*1"],
						"12.0": [360, 0, 0]
					},
					"position": ["0.1*math.sin(q.anim_time*90*1)", "0.2*math.sin(q.anim_time*90*3)", 0]
				},
				"rock": {
					"rotation": ["math.sin(q.anim_time*90*2)*0.5", "math.cos(q.anim_time*90*1)*1", "math.sin(q.anim_time*90*1)*1"],
					"position": ["0.1*math.sin(q.anim_time*90*1)", "0.2*math.sin(q.anim_time*90*3)", 0]
				},
				"hair": {
					"rotation": ["math.sin(q.anim_time*90*2)*0.5", "math.cos(q.anim_time*90*1)*1", "math.sin(q.anim_time*90*1)*1"],
					"position": ["0.1*math.sin(q.anim_time*90*1)", "0.2*math.sin(q.anim_time*90*3)", 0]
				},
				"body": {
					"rotation": ["math.sin(q.anim_time*90*2)*0.5", "math.cos(q.anim_time*90*1)*1", "math.sin(q.anim_time*90*1)*1"],
					"position": ["0.1*math.sin(q.anim_time*90*1)", "0.2*math.sin(q.anim_time*90*3)", 0]
				},
				"nose": {
					"rotation": ["math.sin(q.anim_time*30*2)*0.5", "math.cos(q.anim_time*30*1)*1", "math.sin(q.anim_time*30*1)*1"],
					"position": ["0.1*math.sin(q.anim_time*90*1)", "0.2*math.sin(q.anim_time*90*3)", 0]
				},
				"orbitrock_rotate": {
					"rotation": {
						"0.0": [0, 0, 0],
						"12.0": [0, 0, 0]
					}
				},
				"ring": {
					"rotation": ["math.sin(q.anim_time*90*2)*3", "math.cos(q.anim_time*90*1)*3", "math.sin(q.anim_time*90*1)*3"],
					"position": ["0.1*math.sin(q.anim_time*90*1)", "0.2*math.sin(q.anim_time*90*3)", 0]
				}
			}
		},
		"animation.diglord.faint": {
			"loop": true,
			"animation_length": 12,
			"bones": {
				"orbitrock": {
					"rotation": {
						"0.0": ["math.sin(q.anim_time*90*2)*0.5", "math.cos(q.anim_time*90*1)*1", "math.sin(q.anim_time*90*1)*1"],
						"12.0": [360, 0, 0]
					},
					"position": ["0.1*math.sin(q.anim_time*90*1)", "0.2*math.sin(q.anim_time*90*3)", 0]
				},
				"rock": {
					"rotation": ["math.sin(q.anim_time*90*2)*0.5", "math.cos(q.anim_time*90*1)*1", "math.sin(q.anim_time*90*1)*1"],
					"position": ["0.1*math.sin(q.anim_time*90*1)", "0.2*math.sin(q.anim_time*90*3)", 0]
				},
				"hair": {
					"rotation": ["math.sin(q.anim_time*90*2)*0.5", "math.cos(q.anim_time*90*1)*1", "math.sin(q.anim_time*90*1)*1"],
					"position": ["0.1*math.sin(q.anim_time*90*1)", "0.2*math.sin(q.anim_time*90*3)", 0]
				},
				"body": {
					"rotation": ["math.sin(q.anim_time*90*2)*0.5", "math.cos(q.anim_time*90*1)*1", "math.sin(q.anim_time*90*1)*1"],
					"position": ["0.1*math.sin(q.anim_time*90*1)", "0.2*math.sin(q.anim_time*90*3)", 0]
				},
				"nose": {
					"rotation": ["math.sin(q.anim_time*30*2)*0.5", "math.cos(q.anim_time*30*1)*1", "math.sin(q.anim_time*30*1)*1"],
					"position": ["0.1*math.sin(q.anim_time*90*1)", "0.2*math.sin(q.anim_time*90*3)", 0]
				},
				"orbitrock_rotate": {
					"rotation": {
						"0.0": [0, 0, 0],
						"12.0": [0, 0, 0]
					}
				},
				"ring": {
					"rotation": ["math.sin(q.anim_time*90*2)*3", "math.cos(q.anim_time*90*1)*3", "math.sin(q.anim_time*90*1)*3"],
					"position": ["0.1*math.sin(q.anim_time*90*1)", "0.2*math.sin(q.anim_time*90*3)", 0]
				}
			}
		}
	}
}