{
	"format_version": "1.8.0",
	"animations": {
		"animation.turbann-spaceworldmons.ground_idle": {
			"loop": true,
			"bones": {
				"scallop_top": {
					"rotation": ["-45 + 2.5*math.sin(q.anim_time*1.5*90)", 0, 0]
				},
				"flesh_front_left": {
					"rotation": ["1.5*math.sin(q.anim_time*1.5*90+45)", 22.5, "22.5 + math.sin(q.anim_time*1.5*90-45)"]
				},
				"flesh_front_right": {
					"rotation": ["1.5*math.sin(q.anim_time*1.5*90+45)", -22.5, "-22.5 + math.sin(q.anim_time*1.5*90-45)"]
				},
				"flesh_back_left": {
					"rotation": ["1.5*math.sin(q.anim_time*1.5*90+45)", -22.5, "22.5 + math.sin(q.anim_time*1.5*90-45)"]
				},
				"flesh_back_right": {
					"rotation": ["1.5*math.sin(q.anim_time*1.5*90+45)", 22.5, "-22.5 + math.sin(q.anim_time*1.5*90-45)"]
				},
				"flesh_mid_left": {
					"rotation": ["1.5*math.sin(q.anim_time*1.5*90+45)", 0, "22.5 + math.sin(q.anim_time*1.5*90-45)"]
				},
				"flesh_mid_right": {
					"rotation": ["1.5*math.sin(q.anim_time*1.5*90+45)", 0, "-22.5 + math.sin(q.anim_time*1.5*90-45)"]
				},
				"head": {
					"rotation": ["1.5*math.sin(q.anim_time*1.5*90+45)", 0, "math.sin(q.anim_time*1.5*90-45)"]
				},
				"shell_jaw": {
					"rotation": ["1*math.sin(q.anim_time*90*1.5+90)", 0, "1*math.sin(q.anim_time*90*1.5)"]
				}
			}
		},
		"animation.turbann-spaceworldmons.water_idle": {
			"loop": true,
			"bones": {
				"head": {
					"rotation": ["-12.5+1.5*math.sin(q.anim_time*1.5*90+45)", 0, "0+math.sin(q.anim_time*1.5*90-45)"]
				},
				"scallop_bottom": {
					"rotation": ["7.5-1.5*math.sin(q.anim_time*1.5*90+45)", 0, 0]
				},
				"flesh_front_left": {
					"rotation": ["1.5*math.sin(q.anim_time*1.5*90+45)", 22.5, "22.5 + math.sin(q.anim_time*1.5*90-45)"]
				},
				"flesh_front_right": {
					"rotation": ["1.5*math.sin(q.anim_time*1.5*90+45)", -22.5, "-22.5 + math.sin(q.anim_time*1.5*90-45)"]
				},
				"flesh_back_left": {
					"rotation": ["1.5*math.sin(q.anim_time*1.5*90+45)", -22.5, "22.5 + math.sin(q.anim_time*1.5*90-45)"]
				},
				"flesh_back_right": {
					"rotation": ["1.5*math.sin(q.anim_time*1.5*90+45)", 22.5, "-22.5 + math.sin(q.anim_time*1.5*90-45)"]
				},
				"flesh_mid_left": {
					"rotation": ["1.5*math.sin(q.anim_time*1.5*90+45)", 0, "22.5 + math.sin(q.anim_time*1.5*90-45)"]
				},
				"flesh_mid_right": {
					"rotation": ["1.5*math.sin(q.anim_time*1.5*90+45)", 0, "-22.5 + math.sin(q.anim_time*1.5*90-45)"]
				},
				"scallop_top": {
					"rotation": ["-32.5 + 2.5*math.sin(q.anim_time*1.5*90+90)", 0, 0]
				},
				"shell_jaw": {
					"rotation": ["1*math.sin(q.anim_time*90*1.5+90)", 0, "1*math.sin(q.anim_time*90*1.5)"]
				}
			}
		},
		"animation.turbann-spaceworldmons.water_swim": {
			"loop": true,
			"animation_length": 0.7917,
			"bones": {
				"head": {
					"rotation": {
						"0.0": [-2, 0, 0],
						"0.125": [-2.5, 0, 0],
						"0.25": [0, 0, 0],
						"0.3333": [4, 0, 0],
						"0.375": [5, 0, 0],
						"0.4167": [4, 0, 0],
						"0.5": [0, 0, 0],
						"0.6667": [-2.5, 0, 0],
						"0.7917": [-2, 0, 0]
					}
				},
				"scallop_bottom": {
					"rotation": {
						"0.0": [0, 0, 0],
						"0.125": [4.17, 0, 0],
						"0.2083": [5, 0, 0],
						"0.2917": [4.23, 0, 0],
						"0.4167": [-4.86, 0, 0],
						"0.5": [-6, 0, 0],
						"0.625": [-5.17, 0, 0],
						"0.7917": [0, 0, 0]
					}
				},
				"flesh_mid_left": {
					"rotation": [0, 2.5, 0]
				},
				"scallop_top": {
					"rotation": {
						"0.0": [0, 0, 0],
						"0.125": [-4.17, 0, 0],
						"0.25": [-5, 0, 0],
						"0.3333": [-1.62, 0, 0],
						"0.4167": [4.5, 0, 0],
						"0.5": [6, 0, 0],
						"0.625": [5, 0, 0],
						"0.7917": [0, 0, 0]
					}
				},
				"flesh": {
					"rotation": {
						"0.0": [-2, 0, 0],
						"0.125": [-2.5, 0, 0],
						"0.25": [0, 0, 0],
						"0.3333": [4, 0, 0],
						"0.375": [5, 0, 0],
						"0.4167": [4, 0, 0],
						"0.5": [0, 0, 0],
						"0.6667": [-2.5, 0, 0],
						"0.7917": [-2, 0, 0]
					}
				},
				"shell_jaw": {
					"rotation": {
						"0.0": [0, 0, 0],
						"0.125": [4.17, 0, 0],
						"0.2083": [5, 0, 0],
						"0.2917": [4.23, 0, 0],
						"0.4167": [-4.86, 0, 0],
						"0.5": [-6, 0, 0],
						"0.625": [-5.17, 0, 0],
						"0.7917": [0, 0, 0]
					},
					"position": {
						"0.0": [0, 0, 0],
						"0.7917": [0, 1, 0]
					}
				},
				"shell_top": {
					"rotation": {
						"0.0": [0, 0, 0],
						"0.125": [-4.17, 0, 0],
						"0.25": [-5, 0, 0],
						"0.3333": [-1.62, 0, 0],
						"0.4167": [-0.5, 0, 0],
						"0.5": [-4, 0, 0],
						"0.625": [-2.5, 0, 0],
						"0.7917": [0, 0, 0]
					},
					"position": {
						"0.0": [0, 0, 0],
						"0.25": [0, -0.4, 0],
						"0.4167": [0, 1, 0]
					}
				}
			}
		},
		"animation.turbann-spaceworldmons.ground_walk": {
			"loop": true,
			"animation_length": 0.75,
			"bones": {
				"head": {
					"rotation": {
						"0.0": [0, 0, 0],
						"0.0833": [1.88, 0, 0],
						"0.1667": [7.5, 0, 0],
						"0.3333": [-6, 0, 0],
						"0.4583": [-17.5, 0, 0],
						"0.5833": [4.1, 0, 0],
						"0.6667": [7, 0, 0],
						"0.75": [0, 0, 0]
					}
				},
				"flesh": {
					"rotation": {
						"0.0": [0, 0, 0],
						"0.0833": ["1.88/2", 0, 0],
						"0.1667": ["7.5/2", 0, 0],
						"0.3333": ["-6/2", 0, 0],
						"0.4583": ["-17.5/2", 0, 0],
						"0.5833": ["4.1/2", 0, 0],
						"0.6667": ["7/2", 0, 0],
						"0.75": [0, 0, 0]
					}
				},
				"scallop_top": {
					"rotation": {
						"0.0": [0, 0, 0],
						"0.0833": [1.88, 0, 0],
						"0.1667": [7.5, 0, 0],
						"0.3333": [-6, 0, 0],
						"0.4583": [-17.5, 0, 0],
						"0.5833": [4.1, 0, 0],
						"0.6667": [7, 0, 0],
						"0.75": [0, 0, 0]
					}
				},
				"shell_top": {
					"rotation": {
						"0.0": [0, 0, 0],
						"0.0833": [1.88, 0, 0],
						"0.125": [2.19, 0, 0],
						"0.1667": [0, 0, 0],
						"0.3333": [-13.5, 0, 0],
						"0.4583": [-22.5, 0, 0],
						"0.5833": [4.1, 0, 0],
						"0.6667": [7, 0, 0],
						"0.75": [0, 0, 0]
					},
					"position": {
						"0.0": [0, 0, 0],
						"0.3333": [0, 0, -2],
						"0.4583": [0, 1, -5],
						"0.5833": [0, 0, 2],
						"0.6667": [0, 0, 2.5],
						"0.75": [0, 0, 0]
					}
				}
			}
		},
		"animation.turbann-spaceworldmons.blink": {
			"animation_length": 0.1667,
			"bones": {
				"shell_eyelid_left": {
					"position": {
						"0.0": [0, 0.1, 0],
						"0.125": [0, 0.1, 0],
						"0.1667": [0, 0, 0]
					}
				},
				"shell_eyelid_right": {
					"position": {
						"0.0": [0, 0.1, 0],
						"0.125": [0, 0.1, 0],
						"0.1667": [0, 0, 0]
					}
				}
			}
		}
	}
}