{
	"format_version": "1.8.0",
	"animations": {
		"animation.wailnaut.water_idle": {
			"loop": true,
			"animation_length": 8,
			"bones": {
				"body": {
					"rotation": [0, "math.cos(q.anim_time*90*0.5)", "math.sin(q.anim_time*90*0.5)"]
				},
				"fin_right": {
					"rotation": [0, 0, -45],
					"position": [0, 0, 0]
				},
				"fin_left": {
					"rotation": [0, 0, 45],
					"position": [0, 0, 0]
				},
				"jaw": {
					"rotation": {
						"0.0": {
							"post": [5, 0, 0],
							"lerp_mode": "catmullrom"
						},
						"2.0": {
							"post": [7.5, 0, 0],
							"lerp_mode": "catmullrom"
						},
						"4.0": {
							"post": [5, 0, 0],
							"lerp_mode": "catmullrom"
						},
						"6.0": {
							"post": [7.5, 0, 0],
							"lerp_mode": "catmullrom"
						},
						"8.0": {
							"post": [5, 0, 0],
							"lerp_mode": "catmullrom"
						}
					}
				},
				"propeller": {
					"rotation": {
						"0.0": [0, 0, 0],
						"8.0": [0, 0, 2160]
					}
				},
				"whole": {
					"position": [0, 3, 0]
				}
			}
		},
		"animation.wailnaut.water_swim": {
			"loop": true,
			"animation_length": 8,
			"bones": {
				"body": {
					"rotation": [0, "math.cos(q.anim_time*90*2)", "math.sin(q.anim_time*90*2)"]
				},
				"fin_right": {
					"rotation": [0, 0, -45],
					"position": [-4, 0, 0]
				},
				"fin_left": {
					"rotation": [0, 0, 45],
					"position": [4, 0, 0]
				},
				"jaw": {
					"rotation": {
						"0.0": {
							"post": [5, 0, 0],
							"lerp_mode": "catmullrom"
						},
						"2.0": {
							"post": [7.5, 0, 0],
							"lerp_mode": "catmullrom"
						},
						"4.0": {
							"post": [5, 0, 0],
							"lerp_mode": "catmullrom"
						},
						"6.0": {
							"post": [7.5, 0, 0],
							"lerp_mode": "catmullrom"
						},
						"8.0": {
							"post": [5, 0, 0],
							"lerp_mode": "catmullrom"
						}
					}
				},
				"propeller": {
					"rotation": {
						"0.0": [0, 0, 0],
						"8.0": [0, 0, 8640]
					}
				},
				"whole": {
					"position": [0, 3, 0]
				}
			}
		},
		"animation.wailnaut.ground_idle": {
			"loop": true,
			"animation_length": 8,
			"bones": {
				"body": {
					"rotation": ["0.2*math.sin(q.anim_time*90*1)", 0, "0.5*math.sin(q.anim_time*90*0.5)"]
				},
				"whole": {
					"position": [0, 2, 0]
				}
			}
		},
		"animation.wailnaut.ground_walk": {
			"loop": true,
			"animation_length": 2,
			"bones": {
				"body": {
					"position": [0, "math.clamp(-0.5*math.cos(q.anim_time*90*2+50),0,0.5)", "1*math.sin(q.anim_time*90*2+10)"]
				},
				"fin_right": {
					"rotation": [0, 0, -45],
					"position": [-4, 0, 0]
				},
				"fin_left": {
					"rotation": [0, 0, 45],
					"position": [4, 0, 0]
				},
				"propeller": {
					"rotation": {
						"0.0": [0, 0, 0],
						"0.9167": [0, 0, 495],
						"2.0": [0, 0, 1080]
					}
				},
				"whole": {
					"rotation": {
						"0.0": [0, 0, 0],
						"0.3333": [-2.5, 0, 0],
						"0.875": [0, 0, 0],
						"1.125": [2.5, 0, 0],
						"1.2083": [0, 0, 0]
					},
					"position": [0, 2, 0]
				}
			}
		}
	}
}