{
	"format_version": "1.12.0",
	"minecraft:geometry": [
		{
			"description": {
				"identifier": "geometry.reginigma",
				"texture_width": 256,
				"texture_height": 256,
				"visible_bounds_width": 6,
				"visible_bounds_height": 5,
				"visible_bounds_offset": [0, 1.5, 0]
			},
			"bones": [
				{
					"name": "reginigma",
					"pivot": [0, 0, 0]
				},
				{
					"name": "whole_body",
					"parent": "reginigma",
					"pivot": [0, 0, 0]
				},
				{
					"name": "body",
					"parent": "whole_body",
					"pivot": [0.7, 16.5, -5.1],
					"cubes": [
						{"origin": [-12, 20, -12], "size": [24, 14, 24], "uv": [0, 218]},
						{"origin": [-10, 21, -12.101], "size": [20, 10, 0], "uv": [93, 148]},
						{"origin": [-1, 34, -1], "size": [2, 10, 2], "uv": [16, 104]},
						{"origin": [-2, 44, -1], "size": [4, 2, 2], "uv": [118, 80]},
						{"origin": [-12, 5, -12], "size": [24, 8, 24], "uv": [69, 34]},
						{"origin": [-1, 25, -12.11], "size": [2, 2, 0], "uv": [93, 202]},
						{"origin": [-9, 25, -12.11], "size": [2, 2, 0], "uv": [109, 202]},
						{"origin": [-5, 28, -12.11], "size": [2, 2, 0], "uv": [105, 202]},
						{"origin": [3, 22, -12.11], "size": [2, 2, 0], "uv": [97, 202]},
						{"origin": [7, 25, -12.11], "size": [2, 2, 0], "uv": [101, 202]}
					]
				},
				{
					"name": "right_ear",
					"parent": "body",
					"pivot": [-11.5, 31.5, -0.1],
					"cubes": [
						{"origin": [-17, 26, -5.6], "size": [11, 11, 11], "pivot": [-13, 32, 0.4], "rotation": [0, 0, -20], "uv": [125, 205]}
					]
				},
				{
					"name": "left_ear",
					"parent": "body",
					"pivot": [13, 32, 0.4],
					"cubes": [
						{"origin": [6, 26, -5.6], "size": [11, 11, 11], "pivot": [11.5, 31.5, -0.1], "rotation": [0, 0, 20], "uv": [106, 234]}
					]
				},
				{
					"name": "foot",
					"parent": "body",
					"pivot": [2, 6, 0],
					"cubes": [
						{"origin": [-5, 0, -5], "size": [10, 11, 10], "uv": [88, 103]}
					]
				},
				{
					"name": "ring",
					"parent": "foot",
					"pivot": [2, 9, 0],
					"cubes": [
						{"origin": [-12, 3, -12], "size": [24, 0, 24], "uv": [-20, 73]}
					]
				},
				{
					"name": "arms",
					"parent": "whole_body",
					"pivot": [-0.0054, 16.5, -0.00848]
				},
				{
					"name": "l_arm",
					"parent": "arms",
					"pivot": [0.05399, 16.43333, -0.00137],
					"cubes": [
						{"origin": [-28.99829, 13.0001, -12.00137], "size": [24, 7, 24], "pivot": [-16.99829, 16.75, -0.00137], "rotation": [0, -45, 0], "uv": [160, 144]},
						{"origin": [-26.49829, 13, -2.50137], "size": [24, 7, 10], "pivot": [-14.49829, 15.5, -0.00137], "rotation": [0, -90, 0], "uv": [5, 9]},
						{"origin": [-26.49829, 13, 9.49863], "size": [10, 7, 12], "pivot": [-14.49829, 15.5, 23.99863], "rotation": [0, -90, 0], "uv": [30, 121]},
						{"origin": [-26.49829, 13, -24.50137], "size": [10, 7, 12], "pivot": [-14.49829, 15.5, -10.00137], "rotation": [0, -90, 0], "uv": [0, 174]},
						{"origin": [-32.99829, 13, 9.99863], "size": [16, 7, 14], "pivot": [-16.99829, 16.6, 16.99863], "rotation": [0, -135, 0], "uv": [184, 92]},
						{"origin": [-32.99829, 13, -24.00137], "size": [16, 7, 14], "pivot": [-16.99829, 16.6, -17.00137], "rotation": [0, 135, 0], "uv": [184, 118]}
					]
				},
				{
					"name": "r_arm",
					"parent": "arms",
					"pivot": [-0.05058, 16.43333, -0.00137],
					"cubes": [
						{"origin": [16.50171, 13, -24.50137], "size": [10, 7, 12], "pivot": [14.50171, 15.5, -10.00137], "rotation": [0, 90, 0], "uv": [0, 195]},
						{"origin": [17.00171, 13, -24.00137], "size": [16, 7, 14], "pivot": [17.00171, 16.6, -17.00137], "rotation": [0, -135, 0], "uv": [181, 201]},
						{"origin": [2.50171, 13, -2.50137], "size": [24, 7, 10], "pivot": [14.50171, 15.5, -0.00137], "rotation": [0, 90, 0], "uv": [176, 182]},
						{"origin": [5.00171, 13, -12.00137], "size": [24, 7, 24], "pivot": [17.00171, 16.5, -0.00137], "rotation": [0, 45, 0], "uv": [160, 225]},
						{"origin": [17.00171, 13, 9.99863], "size": [16, 7, 14], "pivot": [17.00171, 16.6, 16.99863], "rotation": [0, 135, 0], "uv": [49, 172]},
						{"origin": [16.50171, 13, 9.49863], "size": [10, 7, 12], "pivot": [14.50171, 15.5, 23.99863], "rotation": [0, 90, 0], "uv": [195, 53]}
					]
				},
				{
					"name": "middle",
					"parent": "arms",
					"pivot": [0.03014, 18, -0.00848],
					"cubes": [
						{"origin": [-7.46986, 13, -7.50848], "size": [15, 14, 15], "pivot": [0.03014, 20, -0.00848], "rotation": [0, 45, 0], "uv": [0, 39]}
					]
				}
			]
		}
	]
}