{
	"format_version": "1.8.0",
	"animations": {
		"animation.magmortarfurnance.ground_idle": {
			"loop": true,
			"animation_length": 12.0417,
			"bones": {
				"leg_right": {
					"rotation": [0, 10, 5]
				},
				"foot_right": {
					"rotation": [0.5, 5, -5]
				},
				"leg_left": {
					"rotation": [0, -10, -5]
				},
				"foot_left": {
					"rotation": [0.5, 0, 5]
				},
				"arm_right": {
					"rotation": ["Math.cos((query.anim_time-0.6) * 90 * 1) * 2", 0, -40],
					"position": [0, "Math.cos((query.anim_time) * 90 * 1) * 0.5", 0]
				},
				"arm_left": {
					"rotation": [0, 0, 40]
				},
				"torso": {
					"rotation": ["0.014+Math.cos((query.anim_time-0.6) * 90 * 1) * 2", 4.98969, 0.32135],
					"position": [0, "Math.cos((query.anim_time) * 90 * 1) * 0.5", 0]
				},
				"tail": {
					"rotation": ["Math.cos((query.anim_time-0.6) * 90 * 1.5) * 2", 0, 0]
				},
				"head": {
					"rotation": [-2, 0, 0]
				},
				"tail_flame": {
					"rotation": ["-Math.cos((query.anim_time-0.6) * 90 * 1.5) * 2", 0, 0],
					"scale": {
						"0.0": {
							"post": [
								"0.9+math.abs(Math.cos((query.anim_time) * 90 * 2) * 0.1)",
								"0.9+math.abs(Math.cos((query.anim_time) * 90 * 2) * 0.1)",
								"0.9+math.abs(Math.cos((query.anim_time) * 90 * 2) * 0.1)"
							],
							"lerp_mode": "catmullrom"
						}
					}
				},
				"tail2": {
					"rotation": ["Math.cos((query.anim_time-0.6) * 90 * 1) * 2", 0, 0]
				},
				"tail_flame2": {
					"rotation": ["-Math.cos((query.anim_time-0.6) * 90 * 2) * 2", 0, 0],
					"scale": {
						"0.0": {
							"post": [
								"0.9+math.abs(Math.cos((query.anim_time) * 90 * 2) * 0.1)",
								"0.9+math.abs(Math.cos((query.anim_time) * 90 * 2) * 0.1)",
								"0.9+math.abs(Math.cos((query.anim_time) * 90 * 2) * 0.1)"
							],
							"lerp_mode": "catmullrom"
						}
					}
				},
				"head_flame_top2": {
					"rotation": ["3.672+Math.cos((query.anim_time-0.6) * 90 * 1) * 2", 1.67833, "57.8405+Math.cos((query.anim_time-0.6) * 90 * 1) * 5"],
					"scale": {
						"0.0": {
							"post": [
								"0.9+math.abs(Math.cos((query.anim_time) * 90 * 2) * 0.1)",
								"0.9+math.abs(Math.cos((query.anim_time) * 90 * 2) * 0.1)",
								"0.9+math.abs(Math.cos((query.anim_time) * 90 * 2) * 0.1)"
							],
							"lerp_mode": "catmullrom"
						}
					}
				},
				"arm_flame_right2": {
					"rotation": ["3.7994+Math.cos((query.anim_time-0.6) * 90 * 1.5) * 2", 1.24999, "62.8238174306+Math.cos((query.anim_time-0.6) * 90 * 2.5) * 5"],
					"scale": {
						"0.0": {
							"post": [
								"0.9+math.abs(Math.cos((query.anim_time) * 90 * 2) * 0.1)",
								"0.9+math.abs(Math.cos((query.anim_time) * 90 * 2) * 0.1)",
								"0.9+math.abs(Math.cos((query.anim_time) * 90 * 2) * 0.1)"
							],
							"lerp_mode": "catmullrom"
						}
					}
				},
				"arm_right2": {
					"rotation": [0, "-22-Math.cos((query.anim_time-0.6) * 90 * 1) * 2", 0],
					"position": [0, "Math.cos((query.anim_time) * 90 * 1) * 0.5", 0]
				},
				"arm_flame_left": {
					"rotation": ["Math.cos((query.anim_time-0.6) * 90 * 1) * 2", 0, "Math.cos((query.anim_time-0.6) * 90 * 2.5) * 5"],
					"scale": {
						"0.0": {
							"post": [
								"0.3+math.abs(Math.cos((query.anim_time) * 90 * 1.6) * 0.1)",
								"0.3+math.abs(Math.cos((query.anim_time) * 90 * 1.6) * 0.1)",
								"0.3+math.abs(Math.cos((query.anim_time) * 90 * 1.6) * 0.1)"
							],
							"lerp_mode": "catmullrom"
						}
					}
				},
				"arm_left2": {
					"rotation": [0, "15-Math.cos((query.anim_time-0.6) * 90 * 1) * 2", 0],
					"position": [0, "Math.cos((query.anim_time) * 90 * 1) * 0.5", 0]
				},
				"arm_flame_left3": {
					"rotation": ["-Math.cos((query.anim_time-0.6) * 90 * 1) * 2", 0, "-Math.cos((query.anim_time-0.6) * 90 * 2.5) * 5"],
					"scale": {
						"0.0": {
							"post": [
								"0.9+math.abs(Math.cos((query.anim_time) * 90 * 2) * 0.1)",
								"0.9+math.abs(Math.cos((query.anim_time) * 90 * 2) * 0.1)",
								"0.9+math.abs(Math.cos((query.anim_time) * 90 * 2) * 0.1)"
							],
							"lerp_mode": "catmullrom"
						}
					}
				},
				"leg_flame_right3": {
					"rotation": ["Math.cos((query.anim_time-0.6) * 90 * 1) * 2", 0, "Math.cos((query.anim_time-0.6) * 90 * 2.5) * 5"],
					"scale": {
						"0.0": {
							"post": [
								"0.9+math.abs(Math.cos((query.anim_time) * 90 * 2) * 0.1)",
								"0.9+math.abs(Math.cos((query.anim_time) * 90 * 2) * 0.1)",
								"0.9+math.abs(Math.cos((query.anim_time) * 90 * 2) * 0.1)"
							],
							"lerp_mode": "catmullrom"
						}
					}
				}
			}
		},
		"animation.magmortarfurnance.ground_walk": {
			"loop": true,
			"bones": {
				"leg_right": {
					"rotation": ["Math.cos((query.anim_time-0.6) * 90 * 1.5) * 20", 10, 5],
					"position": [0, "math.abs(Math.cos((query.anim_time) * 90 * 1.5) * 0.5)", 0]
				},
				"foot_right": {
					"rotation": [0.5, 5, -5]
				},
				"leg_left": {
					"rotation": ["-Math.cos((query.anim_time-0.6) * 90 * 1.5) * 20", -10, -5],
					"position": [0, "math.abs(Math.cos((query.anim_time) * 90 * 1.5) * 0.5)", 0]
				},
				"foot_left": {
					"rotation": [0.5, 0, 5]
				},
				"arm_right": {
					"rotation": ["Math.cos((query.anim_time-0.6) * 90 * 1.5) * 5", "Math.cos((query.anim_time-0.6) * 90 * 1.5) * 5", -40],
					"position": [0, "Math.cos((query.anim_time) * 90 * 1) * 0.5", 0]
				},
				"arm_left": {
					"rotation": [0, "Math.cos((query.anim_time-0.6) * 90 * 1.5) * 5", 40]
				},
				"torso": {
					"rotation": ["0.014+Math.cos((query.anim_time-0.6) * 90 * 1.5) * 0.5", 4.98969, 0.32135],
					"position": [0, "math.abs(Math.cos((query.anim_time) * 90 * 1.5) * 0.5)", 0]
				},
				"tail": {
					"rotation": ["Math.cos((query.anim_time-0.6) * 90 * 1.5) * 2", 0, 0]
				},
				"head": {
					"rotation": [-2, 0, 0]
				},
				"tail_flame": {
					"rotation": ["-Math.cos((query.anim_time-0.6) * 90 * 1.5) * 2", 0, 0],
					"scale": {
						"0.0": {
							"post": [
								"0.9+math.abs(Math.cos((query.anim_time) * 90 * 2) * 0.1)",
								"0.9+math.abs(Math.cos((query.anim_time) * 90 * 2) * 0.1)",
								"0.9+math.abs(Math.cos((query.anim_time) * 90 * 2) * 0.1)"
							],
							"lerp_mode": "catmullrom"
						}
					}
				},
				"tail2": {
					"rotation": ["Math.cos((query.anim_time-0.6) * 90 * 1) * 2", 0, 0]
				},
				"tail_flame2": {
					"rotation": ["-Math.cos((query.anim_time-0.6) * 90 * 2) * 2", 0, 0],
					"scale": {
						"0.0": {
							"post": [
								"0.9+math.abs(Math.cos((query.anim_time) * 90 * 2) * 0.1)",
								"0.9+math.abs(Math.cos((query.anim_time) * 90 * 2) * 0.1)",
								"0.9+math.abs(Math.cos((query.anim_time) * 90 * 2) * 0.1)"
							],
							"lerp_mode": "catmullrom"
						}
					}
				},
				"head_flame_top2": {
					"rotation": ["3.672+Math.cos((query.anim_time-0.6) * 90 * 1) * 2", 1.67833, "57.8405+Math.cos((query.anim_time-0.6) * 90 * 1) * 5"],
					"scale": {
						"0.0": {
							"post": [
								"0.9+math.abs(Math.cos((query.anim_time) * 90 * 2) * 0.1)",
								"0.9+math.abs(Math.cos((query.anim_time) * 90 * 2) * 0.1)",
								"0.9+math.abs(Math.cos((query.anim_time) * 90 * 2) * 0.1)"
							],
							"lerp_mode": "catmullrom"
						}
					}
				},
				"arm_flame_right2": {
					"rotation": ["3.7994+Math.cos((query.anim_time-0.6) * 90 * 1.5) * 2", 1.24999, "62.8238174306+Math.cos((query.anim_time-0.6) * 90 * 2.5) * 5"],
					"scale": {
						"0.0": {
							"post": [
								"0.9+math.abs(Math.cos((query.anim_time) * 90 * 2) * 0.1)",
								"0.9+math.abs(Math.cos((query.anim_time) * 90 * 2) * 0.1)",
								"0.9+math.abs(Math.cos((query.anim_time) * 90 * 2) * 0.1)"
							],
							"lerp_mode": "catmullrom"
						}
					}
				},
				"arm_right2": {
					"rotation": [0, "-22-Math.cos((query.anim_time-0.6) * 90 * 1) * 2", 0],
					"position": [0, "Math.cos((query.anim_time) * 90 * 1) * 0.5", 0]
				},
				"arm_flame_left": {
					"rotation": ["Math.cos((query.anim_time-0.6) * 90 * 1) * 2", 0, "Math.cos((query.anim_time-0.6) * 90 * 2.5) * 5"],
					"scale": {
						"0.0": {
							"post": [
								"0.3+math.abs(Math.cos((query.anim_time) * 90 * 1.6) * 0.1)",
								"0.3+math.abs(Math.cos((query.anim_time) * 90 * 1.6) * 0.1)",
								"0.3+math.abs(Math.cos((query.anim_time) * 90 * 1.6) * 0.1)"
							],
							"lerp_mode": "catmullrom"
						}
					}
				},
				"arm_left2": {
					"rotation": [0, "15-Math.cos((query.anim_time-0.6) * 90 * 1) * 2", 0],
					"position": [0, "Math.cos((query.anim_time) * 90 * 1) * 0.5", 0]
				},
				"leg_right2": {
					"rotation": ["math.abs(-Math.cos((query.anim_time-0.6) * 90 * 1.5) * 10)", 0, 0]
				},
				"leg_left2": {
					"rotation": ["math.abs(-Math.cos((query.anim_time-0.6) * 90 * 1.5) * 10)", 0, 0]
				},
				"arm_flame_left3": {
					"rotation": ["-Math.cos((query.anim_time-0.6) * 90 * 1) * 2", 0, "-Math.cos((query.anim_time-0.6) * 90 * 2.5) * 5"],
					"scale": {
						"0.0": {
							"post": [
								"0.9+math.abs(Math.cos((query.anim_time) * 90 * 2) * 0.1)",
								"0.9+math.abs(Math.cos((query.anim_time) * 90 * 2) * 0.1)",
								"0.9+math.abs(Math.cos((query.anim_time) * 90 * 2) * 0.1)"
							],
							"lerp_mode": "catmullrom"
						}
					}
				},
				"leg_flame_right3": {
					"rotation": ["Math.cos((query.anim_time-0.6) * 90 * 1) * 2", 0, "Math.cos((query.anim_time-0.6) * 90 * 2.5) * 5"],
					"scale": {
						"0.0": {
							"post": [
								"0.9+math.abs(Math.cos((query.anim_time) * 90 * 2) * 0.1)",
								"0.9+math.abs(Math.cos((query.anim_time) * 90 * 2) * 0.1)",
								"0.9+math.abs(Math.cos((query.anim_time) * 90 * 2) * 0.1)"
							],
							"lerp_mode": "catmullrom"
						}
					}
				}
			}
		},
		"animation.magmortarfurnance.battle_idle": {
			"loop": true,
			"animation_length": 6.0417,
			"bones": {
				"leg_right": {
					"rotation": [0, 22.5, 5],
					"position": [-2, 0, 4]
				},
				"foot_right": {
					"rotation": [0.5, 5, -5]
				},
				"leg_left": {
					"rotation": [0, -10, -5],
					"position": [0, 0, -5]
				},
				"foot_left": {
					"rotation": [0.5, 0, 5]
				},
				"arm_right": {
					"rotation": ["Math.cos((query.anim_time-0.6) * 90 * 1) * 2", 0, -40],
					"position": [0, "Math.cos((query.anim_time) * 90 * 1) * 0.5", 0]
				},
				"arm_left": {
					"rotation": [-371.60066, 60.4598, -350.46848]
				},
				"torso": {
					"rotation": ["0.1602+Math.cos((query.anim_time-0.6) * 90 * 0.2) * 2", 27.48438, 0.83445],
					"position": [0, "Math.cos((query.anim_time) * 90 * 1) * 0.5", 0]
				},
				"tail": {
					"rotation": ["Math.cos((query.anim_time-0.6) * 90 * 1.5) * 2", 0, 0]
				},
				"tail_flame": {
					"rotation": ["-Math.cos((query.anim_time-0.6) * 90 * 1.5) * 2", 0, 0],
					"scale": {
						"0.0": {
							"post": [
								"0.9+math.abs(Math.cos((query.anim_time) * 90 * 2) * 0.1)",
								"0.9+math.abs(Math.cos((query.anim_time) * 90 * 2) * 0.1)",
								"0.9+math.abs(Math.cos((query.anim_time) * 90 * 2) * 0.1)"
							],
							"lerp_mode": "catmullrom"
						}
					}
				},
				"tail2": {
					"rotation": ["Math.cos((query.anim_time-0.6) * 90 * 1) * 2", 0, 0]
				},
				"tail_flame2": {
					"rotation": ["-Math.cos((query.anim_time-0.6) * 90 * 2) * 2", 0, 0],
					"scale": {
						"0.0": {
							"post": [
								"0.9+math.abs(Math.cos((query.anim_time) * 90 * 2) * 0.1)",
								"0.9+math.abs(Math.cos((query.anim_time) * 90 * 2) * 0.1)",
								"0.9+math.abs(Math.cos((query.anim_time) * 90 * 2) * 0.1)"
							],
							"lerp_mode": "catmullrom"
						}
					}
				},
				"head_flame_top2": {
					"rotation": ["3.672+Math.cos((query.anim_time-0.6) * 90 * 2) * 3", 1.67833, "57.8405+Math.cos((query.anim_time-0.6) * 90 * 1) * 5"],
					"scale": {
						"0.0": {
							"post": [
								"0.9+math.abs(Math.cos((query.anim_time) * 90 * 3) * 0.1)",
								"0.9+math.abs(Math.cos((query.anim_time) * 90 * 3) * 0.1)",
								"0.9+math.abs(Math.cos((query.anim_time) * 90 * 3) * 0.1)"
							],
							"lerp_mode": "catmullrom"
						}
					}
				},
				"arm_flame_right2": {
					"rotation": ["3.7994+Math.cos((query.anim_time-0.6) * 90 * 1.5) * 2", 1.24999, "62.8238174306+Math.cos((query.anim_time-0.6) * 90 * 2.5) * 5"],
					"scale": {
						"0.0": {
							"post": [
								"0.9+math.abs(Math.cos((query.anim_time) * 90 * 3) * 0.1)",
								"0.9+math.abs(Math.cos((query.anim_time) * 90 * 3) * 0.1)",
								"0.9+math.abs(Math.cos((query.anim_time) * 90 * 3) * 0.1)"
							],
							"lerp_mode": "catmullrom"
						}
					}
				},
				"arm_right2": {
					"rotation": [0, "-22-Math.cos((query.anim_time-0.6) * 90 * 1) * 2", 0],
					"position": [0, "Math.cos((query.anim_time) * 90 * 1) * 0.5", 0]
				},
				"arm_flame_left": {
					"rotation": ["Math.cos((query.anim_time-0.6) * 90 * 1) * 2", 0, "Math.cos((query.anim_time-0.6) * 90 * 2.5) * 5"],
					"scale": {
						"0.0": {
							"post": [
								"0.3+math.abs(Math.cos((query.anim_time) * 90 * 2.2) * 0.1)",
								"0.3+math.abs(Math.cos((query.anim_time) * 90 * 2.2) * 0.1)",
								"0.3+math.abs(Math.cos((query.anim_time) * 90 * 2.2) * 0.1)"
							],
							"lerp_mode": "catmullrom"
						}
					}
				},
				"arm_left2": {
					"rotation": [0, "15-Math.cos((query.anim_time-0.6) * 90 * 1) * 2", 0],
					"position": [0, "Math.cos((query.anim_time) * 90 * 1) * 0.5", 0]
				},
				"arm_flame_left3": {
					"rotation": ["-Math.cos((query.anim_time-0.6) * 90 * 1) * 2", 0, "-Math.cos((query.anim_time-0.6) * 90 * 2.5) * 5"],
					"scale": {
						"0.0": {
							"post": [
								"0.9+math.abs(Math.cos((query.anim_time) * 90 * 2) * 0.1)",
								"0.9+math.abs(Math.cos((query.anim_time) * 90 * 2) * 0.1)",
								"0.9+math.abs(Math.cos((query.anim_time) * 90 * 2) * 0.1)"
							],
							"lerp_mode": "catmullrom"
						}
					}
				},
				"leg_flame_right3": {
					"rotation": ["Math.cos((query.anim_time-0.6) * 90 * 1) * 2", 0, "Math.cos((query.anim_time-0.6) * 90 * 2.5) * 5"],
					"scale": {
						"0.0": {
							"post": [
								"0.9+math.abs(Math.cos((query.anim_time) * 90 * 2) * 0.1)",
								"0.9+math.abs(Math.cos((query.anim_time) * 90 * 2) * 0.1)",
								"0.9+math.abs(Math.cos((query.anim_time) * 90 * 2) * 0.1)"
							],
							"lerp_mode": "catmullrom"
						}
					}
				}
			}
		},
		"animation.magmortarfurnance.attack": {
			"animation_length": 4.0417,
			"bones": {
				"leg_right": {
					"rotation": {
						"0.0": [0, 22.5, 5],
						"2.0": [0, 22.5, 5]
					},
					"position": {
						"0.0": [-2, 0, 4],
						"2.0": [-2, 0, 4]
					}
				},
				"foot_right": {
					"rotation": [0.5, 5, -5]
				},
				"leg_left": {
					"rotation": {
						"0.0": [0, -10, -5],
						"2.0": [0, -10, -5]
					},
					"position": {
						"0.0": [0, 0, -5],
						"2.0": [0, 0, -5]
					}
				},
				"foot_left": {
					"rotation": [0.5, 0, 5]
				},
				"arm_right": {
					"rotation": {
						"0.0": ["Math.cos((query.anim_time-0.6) * 90 * 1) * 2", 0, -40],
						"2.0": ["Math.cos((query.anim_time-0.6) * 90 * 1) * 2", 0, -40]
					},
					"position": {
						"0.0": [0, "Math.cos((query.anim_time) * 90 * 1) * 0.5", 0],
						"2.0": [0, "Math.cos((query.anim_time) * 90 * 1) * 0.5", 0]
					}
				},
				"arm_left": {
					"rotation": {
						"0.0": [-371.60066, 60.4598, -350.46848],
						"1.125": [-389.11457, 68.19258, -369.34074],
						"1.375": [-370.4143, 0.72006, -342.1309],
						"2.0": [-371.60066, 60.4598, -350.46848]
					},
					"position": {
						"0.0": [0, 0, 0],
						"1.0": [0, 0, 0],
						"1.125": [0, 0, 3]
					}
				},
				"torso": {
					"rotation": {
						"0.0": ["0.1602+Math.cos((query.anim_time-0.6) * 90 * 0.2) * 2", 27.48438, 0.83445],
						"1.0": ["0.1602+Math.cos((query.anim_time-0.6) * 90 * 0.2) * 2", 27.48438, 0.83445],
						"1.125": ["0.0111+Math.cos((query.anim_time-0.6) * 90 * 0.2) * 2", 17.48641, 0.44174],
						"1.2917": ["0.0111+Math.cos((query.anim_time-0.6) * 90 * 0.2) * 2", 17.48641, 0.44174],
						"2.0": ["0.1602+Math.cos((query.anim_time-0.6) * 90 * 0.2) * 2", 27.48438, 0.83445]
					},
					"position": {
						"0.0": [0, "Math.cos((query.anim_time) * 90 * 1) * 0.5", 0],
						"1.0": [0, "Math.cos((query.anim_time) * 90 * 1) * 0.5", 0],
						"2.0": [0, "Math.cos((query.anim_time) * 90 * 1) * 0.5", 0]
					}
				},
				"tail": {
					"rotation": {
						"0.0": ["Math.cos((query.anim_time-0.6) * 90 * 1.5) * 2", 0, 0],
						"2.0": ["Math.cos((query.anim_time-0.6) * 90 * 1.5) * 2", 0, 0]
					}
				},
				"tail_flame": {
					"rotation": {
						"0.0": ["-Math.cos((query.anim_time-0.6) * 90 * 1.5) * 2", 0, 0],
						"2.0": ["-Math.cos((query.anim_time-0.6) * 90 * 1.5) * 2", 0, 0]
					},
					"scale": {
						"0.0": {
							"post": [
								"0.9+math.abs(Math.cos((query.anim_time) * 90 * 2) * 0.1)",
								"0.9+math.abs(Math.cos((query.anim_time) * 90 * 2) * 0.1)",
								"0.9+math.abs(Math.cos((query.anim_time) * 90 * 2) * 0.1)"
							],
							"lerp_mode": "catmullrom"
						},
						"2.0": {
							"post": [
								"0.9+math.abs(Math.cos((query.anim_time) * 90 * 2) * 0.1)",
								"0.9+math.abs(Math.cos((query.anim_time) * 90 * 2) * 0.1)",
								"0.9+math.abs(Math.cos((query.anim_time) * 90 * 2) * 0.1)"
							],
							"lerp_mode": "catmullrom"
						}
					}
				},
				"tail2": {
					"rotation": {
						"0.0": ["Math.cos((query.anim_time-0.6) * 90 * 1) * 2", 0, 0],
						"2.0": ["Math.cos((query.anim_time-0.6) * 90 * 1) * 2", 0, 0]
					}
				},
				"tail_flame2": {
					"rotation": {
						"0.0": ["-Math.cos((query.anim_time-0.6) * 90 * 2) * 2", 0, 0],
						"2.0": ["-Math.cos((query.anim_time-0.6) * 90 * 2) * 2", 0, 0]
					},
					"scale": {
						"0.0": {
							"post": [
								"0.9+math.abs(Math.cos((query.anim_time) * 90 * 2) * 0.1)",
								"0.9+math.abs(Math.cos((query.anim_time) * 90 * 2) * 0.1)",
								"0.9+math.abs(Math.cos((query.anim_time) * 90 * 2) * 0.1)"
							],
							"lerp_mode": "catmullrom"
						},
						"2.0": {
							"post": [
								"0.9+math.abs(Math.cos((query.anim_time) * 90 * 2) * 0.1)",
								"0.9+math.abs(Math.cos((query.anim_time) * 90 * 2) * 0.1)",
								"0.9+math.abs(Math.cos((query.anim_time) * 90 * 2) * 0.1)"
							],
							"lerp_mode": "catmullrom"
						}
					}
				},
				"head_flame_top2": {
					"rotation": {
						"0.0": ["3.672+Math.cos((query.anim_time-0.6) * 90 * 2) * 3", 1.67833, "57.8405+Math.cos((query.anim_time-0.6) * 90 * 1) * 5"],
						"2.0": ["3.672+Math.cos((query.anim_time-0.6) * 90 * 2) * 3", 1.67833, "57.8405+Math.cos((query.anim_time-0.6) * 90 * 1) * 5"]
					},
					"scale": {
						"0.0": {
							"post": [
								"0.9+math.abs(Math.cos((query.anim_time) * 90 * 3) * 0.1)",
								"0.9+math.abs(Math.cos((query.anim_time) * 90 * 3) * 0.1)",
								"0.9+math.abs(Math.cos((query.anim_time) * 90 * 3) * 0.1)"
							],
							"lerp_mode": "catmullrom"
						},
						"2.0": {
							"post": [
								"0.9+math.abs(Math.cos((query.anim_time) * 90 * 3) * 0.1)",
								"0.9+math.abs(Math.cos((query.anim_time) * 90 * 3) * 0.1)",
								"0.9+math.abs(Math.cos((query.anim_time) * 90 * 3) * 0.1)"
							],
							"lerp_mode": "catmullrom"
						}
					}
				},
				"arm_flame_right2": {
					"rotation": {
						"0.0": ["3.7994+Math.cos((query.anim_time-0.6) * 90 * 1.5) * 2", 1.24999, "62.8238174306+Math.cos((query.anim_time-0.6) * 90 * 2.5) * 5"],
						"2.0": ["3.7994+Math.cos((query.anim_time-0.6) * 90 * 1.5) * 2", 1.24999, "62.8238174306+Math.cos((query.anim_time-0.6) * 90 * 2.5) * 5"]
					},
					"scale": {
						"0.0": {
							"post": [
								"0.9+math.abs(Math.cos((query.anim_time) * 90 * 3) * 0.1)",
								"0.9+math.abs(Math.cos((query.anim_time) * 90 * 3) * 0.1)",
								"0.9+math.abs(Math.cos((query.anim_time) * 90 * 3) * 0.1)"
							],
							"lerp_mode": "catmullrom"
						},
						"2.0": {
							"post": [
								"0.9+math.abs(Math.cos((query.anim_time) * 90 * 3) * 0.1)",
								"0.9+math.abs(Math.cos((query.anim_time) * 90 * 3) * 0.1)",
								"0.9+math.abs(Math.cos((query.anim_time) * 90 * 3) * 0.1)"
							],
							"lerp_mode": "catmullrom"
						}
					}
				},
				"arm_right2": {
					"rotation": {
						"0.0": [0, "-22-Math.cos((query.anim_time-0.6) * 90 * 1) * 2", 0],
						"2.0": [0, "-22-Math.cos((query.anim_time-0.6) * 90 * 1) * 2", 0]
					},
					"position": {
						"0.0": [0, "Math.cos((query.anim_time) * 90 * 1) * 0.5", 0],
						"2.0": [0, "Math.cos((query.anim_time) * 90 * 1) * 0.5", 0]
					}
				},
				"arm_flame_left": {
					"rotation": {
						"0.0": ["Math.cos((query.anim_time-0.6) * 90 * 1) * 2", 0, "Math.cos((query.anim_time-0.6) * 90 * 2.5) * 5"],
						"1.0417": ["Math.cos((query.anim_time-0.6) * 90 * 1) * 2", 0, "Math.cos((query.anim_time-0.6) * 90 * 2.5) * 5"],
						"2.0": ["Math.cos((query.anim_time-0.6) * 90 * 1) * 2", 0, "Math.cos((query.anim_time-0.6) * 90 * 2.5) * 5"]
					},
					"scale": {
						"0.0": {
							"post": [
								"0.3+math.abs(Math.cos((query.anim_time) * 90 * 2.2) * 0.1)",
								"0.3+math.abs(Math.cos((query.anim_time) * 90 * 2.2) * 0.1)",
								"0.3+math.abs(Math.cos((query.anim_time) * 90 * 2.2) * 0.1)"
							],
							"lerp_mode": "catmullrom"
						},
						"1.0417": {
							"post": [
								"0.3+math.abs(Math.cos((query.anim_time) * 90 * 2.2) * 0.1)",
								"0.3+math.abs(Math.cos((query.anim_time) * 90 * 2.2) * 0.1)",
								"0.3+math.abs(Math.cos((query.anim_time) * 90 * 2.2) * 0.1)"
							],
							"lerp_mode": "catmullrom"
						},
						"1.125": {
							"post": [5, 5, 5],
							"lerp_mode": "catmullrom"
						},
						"1.2083": {
							"post": [0, 0, 0],
							"lerp_mode": "catmullrom"
						},
						"2.0": {
							"post": [
								"0.3+math.abs(Math.cos((query.anim_time) * 90 * 2.2) * 0.1)",
								"0.3+math.abs(Math.cos((query.anim_time) * 90 * 2.2) * 0.1)",
								"0.3+math.abs(Math.cos((query.anim_time) * 90 * 2.2) * 0.1)"
							],
							"lerp_mode": "catmullrom"
						}
					}
				},
				"arm_left2": {
					"rotation": {
						"0.0": [0, "15-Math.cos((query.anim_time-0.6) * 90 * 1) * 2", 0],
						"2.0": [0, "15-Math.cos((query.anim_time-0.6) * 90 * 1) * 2", 0]
					},
					"position": {
						"0.0": [0, "Math.cos((query.anim_time) * 90 * 1) * 0.5", 0],
						"2.0": [0, "Math.cos((query.anim_time) * 90 * 1) * 0.5", 0]
					}
				},
				"cannon_flap_top_left": {
					"rotation": {
						"0.0": [0, 0, 0],
						"0.5": [0, 0, -20],
						"1.0": [0, 0, -20]
					}
				},
				"cannon_flap_front_left": {
					"rotation": {
						"0.0": [0, 0, 0],
						"0.5": [0, 20, 0],
						"1.0": [0, 20, 0]
					}
				},
				"cannon_flap_bottom_left": {
					"rotation": {
						"0.0": [0, 0, 0],
						"0.5": [0, 0, 20],
						"1.0": [0, 0, 20]
					}
				},
				"cannon_flap_back_left": {
					"rotation": {
						"0.0": [0, 0, 0],
						"0.5": [0, -20, 0],
						"1.0": [0, -20, 0]
					}
				},
				"hand_left": {
					"position": {
						"0.0": [0, 0, 0],
						"0.2917": [-4, 0, 0],
						"1.0417": [-4, 0, 0]
					}
				},
				"claw_back_left": {
					"scale": 0
				},
				"claw_top_left": {
					"scale": 0
				},
				"claw_front_left": {
					"scale": 0
				},
				"arm_flame_left3": {
					"rotation": {
						"0.0": ["-Math.cos((query.anim_time-0.6) * 90 * 1) * 2", 0, "-Math.cos((query.anim_time-0.6) * 90 * 2.5) * 5"],
						"2.0": ["-Math.cos((query.anim_time-0.6) * 90 * 1) * 2", 0, "-Math.cos((query.anim_time-0.6) * 90 * 2.5) * 5"]
					},
					"scale": {
						"0.0": {
							"post": [
								"0.9+math.abs(Math.cos((query.anim_time) * 90 * 2) * 0.1)",
								"0.9+math.abs(Math.cos((query.anim_time) * 90 * 2) * 0.1)",
								"0.9+math.abs(Math.cos((query.anim_time) * 90 * 2) * 0.1)"
							],
							"lerp_mode": "catmullrom"
						},
						"2.0": {
							"post": [
								"0.9+math.abs(Math.cos((query.anim_time) * 90 * 2) * 0.1)",
								"0.9+math.abs(Math.cos((query.anim_time) * 90 * 2) * 0.1)",
								"0.9+math.abs(Math.cos((query.anim_time) * 90 * 2) * 0.1)"
							],
							"lerp_mode": "catmullrom"
						}
					}
				},
				"leg_flame_right3": {
					"rotation": {
						"0.0": ["Math.cos((query.anim_time-0.6) * 90 * 1) * 2", 0, "Math.cos((query.anim_time-0.6) * 90 * 2.5) * 5"],
						"2.0": ["Math.cos((query.anim_time-0.6) * 90 * 1) * 2", 0, "Math.cos((query.anim_time-0.6) * 90 * 2.5) * 5"]
					},
					"scale": {
						"0.0": {
							"post": [
								"0.9+math.abs(Math.cos((query.anim_time) * 90 * 2) * 0.1)",
								"0.9+math.abs(Math.cos((query.anim_time) * 90 * 2) * 0.1)",
								"0.9+math.abs(Math.cos((query.anim_time) * 90 * 2) * 0.1)"
							],
							"lerp_mode": "catmullrom"
						},
						"2.0": {
							"post": [
								"0.9+math.abs(Math.cos((query.anim_time) * 90 * 2) * 0.1)",
								"0.9+math.abs(Math.cos((query.anim_time) * 90 * 2) * 0.1)",
								"0.9+math.abs(Math.cos((query.anim_time) * 90 * 2) * 0.1)"
							],
							"lerp_mode": "catmullrom"
						}
					}
				},
				"arm_flame_left2": {
					"position": {
						"0.0": [0, 0, 0],
						"0.25": [-2, 0, 0],
						"1.0": [-2, 0, 0]
					}
				}
			}
		},
		"animation.magmortarfurnance.blink": {
			"animation_length": 0.1667,
			"bones": {
				"eyelid_right": {
					"position": {
						"0.0": [-0.1, 0, -0.1],
						"0.125": [-0.1, 0, -0.1],
						"0.1667": [0, 0, 0]
					}
				},
				"eyelid_left": {
					"position": {
						"0.0": [0.1, 0, -0.1],
						"0.125": [0.1, 0, -0.1],
						"0.1667": [0, 0, 0]
					}
				}
			}
		},
		"animation.magmortarfurnance.cry": {
			"animation_length": 1.2083,
			"bones": {
				"head": {
					"rotation": {
						"0.0": [0, 0, 0],
						"0.0417": [-17, 0, 0],
						"1.125": [-17, 0, 0],
						"1.2083": [0, 0, 0]
					},
					"position": {
						"0.0": [0, 0, 0],
						"0.0417": [0, 0.5349, -1.49939],
						"1.125": [0, 0.5349, -1.49939],
						"1.2083": [0, 0, 0]
					}
				},
				"lip_bottom": {
					"rotation": {
						"0.0": [0, 0, 0],
						"0.0417": [38, 0, 0],
						"1.125": [38, 0, 0],
						"1.2083": [0, 0, 0]
					}
				}
			},
			"sound_effects": {
				"0.0417": {
					"effect": "pokemon.magmortar.cry"
				}
			}
		},
		"animation.magmortarfurnance.angry": {
			"loop": true,
			"bones": {
				"eye_emote_right": {
					"position": [-0.5, 0, 0],
					"scale": [0.5, 1, 1]
				},
				"eye_emote_left": {
					"position": [0.5, 0, 0],
					"scale": [0.5, 1, 1]
				}
			}
		},
		"animation.magmortarfurnance.sad": {
			"loop": true,
			"bones": {
				"eye_emote_right": {
					"position": [0.5, 0, 0],
					"scale": [0.5, 1, 1]
				},
				"eye_emote_left": {
					"position": [-0.5, 0, 0],
					"scale": [0.5, 1, 1]
				}
			}
		},
		"animation.magmortarfurnance.bored": {
			"loop": true,
			"bones": {
				"eye_emote_right": {
					"position": [0.1, 0, 0.1]
				},
				"pupil_right": {
					"position": [0, -0.25, 0],
					"scale": [1, 0.5, 1]
				},
				"eye_emote_left": {
					"position": [-0.1, 0, 0.1]
				},
				"pupil_left": {
					"position": [0, -0.25, 0],
					"scale": [1, 0.5, 1]
				}
			}
		},
		"animation.magmortarfurnance.surprised": {
			"loop": true,
			"bones": {
				"eye_right": {
					"position": [0.5, 0, 0],
					"scale": [1.5, 1, 1]
				},
				"pupil_right": {
					"scale": [0.4, 0.6, 1]
				},
				"eye_left": {
					"position": [-0.5, 0, 0],
					"scale": [1.5, 1, 1]
				},
				"pupil_left": {
					"scale": [0.4, 0.6, 1]
				},
				"head_flap": {
					"rotation": [-9, 0, 0]
				}
			}
		},
		"animation.magmortarfurnance.faint": {
			"loop": true,
			"animation_length": 6,
			"bones": {
				"torso": {
					"rotation": {
						"4.2917": [0, 0, 0],
						"4.5833": [-47.5, 0, 0],
						"4.9167": [-90, 0, 0]
					},
					"position": {
						"4.2917": [0, 0, 0],
						"4.9167": [0, -7, 7]
					}
				},
				"tail": {
					"rotation": {
						"1.2917": ["Math.cos((query.anim_time-0.6) * 90 * 1.5) * 2* q.anim_time*3", 0, 0],
						"3.9583": ["Math.cos((query.anim_time-0.6) * 90 * 1.5) * 2* q.anim_time*3", 0, 0]
					}
				},
				"tail_flame": {
					"rotation": {
						"1.2917": ["-Math.cos((query.anim_time-0.6) * 90 * 1.5) * 2* q.anim_time*3", 0, 0],
						"3.9583": ["-Math.cos((query.anim_time-0.6) * 90 * 1.5) * 2* q.anim_time*3", 0, 0]
					},
					"scale": {
						"1.2917": {
							"pre": [
								"0.9+math.abs(Math.cos((query.anim_time) * 90 * 2) * 0.1* q.anim_time)",
								"0.9+math.abs(Math.cos((query.anim_time) * 90 * 2) * 0.1* q.anim_time)",
								"0.9+math.abs(Math.cos((query.anim_time) * 90 * 2) * 0.1* q.anim_time)"
							],
							"post": [
								"0.9+math.abs(Math.cos((query.anim_time) * 90 * 2) * 0.1* q.anim_time)",
								"0.9+math.abs(Math.cos((query.anim_time) * 90 * 2) * 0.1* q.anim_time)",
								"0.9+math.abs(Math.cos((query.anim_time) * 90 * 2) * 0.1* q.anim_time)"
							],
							"lerp_mode": "catmullrom"
						},
						"3.9583": {
							"post": [
								"0.9+math.abs(Math.cos((query.anim_time) * 90 * 2) * 0.1* q.anim_time)",
								"0.9+math.abs(Math.cos((query.anim_time) * 90 * 2) * 0.1* q.anim_time)",
								"0.9+math.abs(Math.cos((query.anim_time) * 90 * 2) * 0.1* q.anim_time)"
							],
							"lerp_mode": "catmullrom"
						},
						"4.25": {
							"post": [0, 0, 0],
							"lerp_mode": "catmullrom"
						}
					}
				},
				"tail2": {
					"rotation": {
						"1.2917": ["Math.cos((query.anim_time-0.6) * 90 * 1) * 2* q.anim_time*3", 0, 0],
						"3.9583": ["Math.cos((query.anim_time-0.6) * 90 * 1) * 2* q.anim_time*3", 0, 0]
					}
				},
				"tail_flame2": {
					"rotation": {
						"1.2917": ["-Math.cos((query.anim_time-0.6) * 90 * 2) * 2", 0, 0],
						"3.9583": ["-Math.cos((query.anim_time-0.6) * 90 * 2) * 2", 0, 0]
					},
					"scale": {
						"1.2917": {
							"pre": [
								"0.9+math.abs(Math.cos((query.anim_time) * 90 * 2) * 0.1* q.anim_time)",
								"0.9+math.abs(Math.cos((query.anim_time) * 90 * 2) * 0.1* q.anim_time)",
								"0.9+math.abs(Math.cos((query.anim_time) * 90 * 2) * 0.1* q.anim_time)"
							],
							"post": [
								"0.9+math.abs(Math.cos((query.anim_time) * 90 * 2) * 0.1* q.anim_time)",
								"0.9+math.abs(Math.cos((query.anim_time) * 90 * 2) * 0.1* q.anim_time)",
								"0.9+math.abs(Math.cos((query.anim_time) * 90 * 2) * 0.1* q.anim_time)"
							],
							"lerp_mode": "catmullrom"
						},
						"3.9583": {
							"post": [
								"0.9+math.abs(Math.cos((query.anim_time) * 90 * 2) * 0.1* q.anim_time)",
								"0.9+math.abs(Math.cos((query.anim_time) * 90 * 2) * 0.1* q.anim_time)",
								"0.9+math.abs(Math.cos((query.anim_time) * 90 * 2) * 0.1* q.anim_time)"
							],
							"lerp_mode": "catmullrom"
						},
						"4.25": {
							"post": [0, 0, 0],
							"lerp_mode": "catmullrom"
						}
					}
				},
				"eyelid_right": {
					"position": {
						"4.125": [0, 0, 0],
						"4.2083": [-0.1, 0, -0.1]
					}
				},
				"eyelid_left": {
					"position": {
						"4.125": [0, 0, 0],
						"4.2083": [0.1, 0, -0.1]
					}
				},
				"head_flame_top2": {
					"rotation": {
						"1.2917": ["3.672+Math.cos((query.anim_time-0.6) * 90 * 1) * 2", 1.67833, "57.8405+Math.cos((query.anim_time-0.6) * 90 * 1) * 5"],
						"3.9583": ["3.672+Math.cos((query.anim_time-0.6) * 90 * 1) * 2", 1.67833, "57.8405+Math.cos((query.anim_time-0.6) * 90 * 1) * 5"]
					},
					"scale": {
						"1.2917": {
							"pre": [
								"0.9+math.abs(Math.cos((query.anim_time) * 90 * 2) * 0.1* q.anim_time)",
								"0.9+math.abs(Math.cos((query.anim_time) * 90 * 2) * 0.1* q.anim_time)",
								"0.9+math.abs(Math.cos((query.anim_time) * 90 * 2) * 0.1* q.anim_time)"
							],
							"post": [
								"0.9+math.abs(Math.cos((query.anim_time) * 90 * 2) * 0.1* q.anim_time)",
								"0.9+math.abs(Math.cos((query.anim_time) * 90 * 2) * 0.1* q.anim_time)",
								"0.9+math.abs(Math.cos((query.anim_time) * 90 * 2) * 0.1* q.anim_time)"
							],
							"lerp_mode": "catmullrom"
						},
						"3.9583": {
							"post": [
								"0.9+math.abs(Math.cos((query.anim_time) * 90 * 2) * 0.1* q.anim_time)",
								"0.9+math.abs(Math.cos((query.anim_time) * 90 * 2) * 0.1* q.anim_time)",
								"0.9+math.abs(Math.cos((query.anim_time) * 90 * 2) * 0.1* q.anim_time)"
							],
							"lerp_mode": "catmullrom"
						},
						"4.25": {
							"post": [0, 0, 0],
							"lerp_mode": "catmullrom"
						}
					}
				},
				"arm_right": {
					"rotation": {
						"0.0": ["Math.cos((query.anim_time-0.6) * 90 * 1) * 2", 0, -40],
						"4.625": [0, 0, -40],
						"5.1667": [9.36302, 31.26463, -22.37472]
					},
					"position": {
						"0.0": [0, "Math.cos((query.anim_time) * 90 * 1) * 0.5", 0],
						"4.625": [0, 0, 0],
						"5.1667": [0, 0, 0]
					}
				},
				"arm_flame_right2": {
					"rotation": {
						"1.2917": ["3.7994+Math.cos((query.anim_time-0.6) * 90 * 1.5) * 2", 1.24999, "62.8238174306+Math.cos((query.anim_time-0.6) * 90 * 2.5) * 5"],
						"3.9583": ["3.7994+Math.cos((query.anim_time-0.6) * 90 * 1.5) * 2", 1.24999, "62.8238174306+Math.cos((query.anim_time-0.6) * 90 * 2.5) * 5"]
					},
					"scale": {
						"1.2917": {
							"pre": [
								"0.9+math.abs(Math.cos((query.anim_time) * 90 * 2) * 0.1* q.anim_time)",
								"0.9+math.abs(Math.cos((query.anim_time) * 90 * 2) * 0.1* q.anim_time)",
								"0.9+math.abs(Math.cos((query.anim_time) * 90 * 2) * 0.1* q.anim_time)"
							],
							"post": [
								"0.9+math.abs(Math.cos((query.anim_time) * 90 * 2) * 0.1* q.anim_time)",
								"0.9+math.abs(Math.cos((query.anim_time) * 90 * 2) * 0.1* q.anim_time)",
								"0.9+math.abs(Math.cos((query.anim_time) * 90 * 2) * 0.1* q.anim_time)"
							],
							"lerp_mode": "catmullrom"
						},
						"3.9583": {
							"post": [
								"0.9+math.abs(Math.cos((query.anim_time) * 90 * 2) * 0.1* q.anim_time)",
								"0.9+math.abs(Math.cos((query.anim_time) * 90 * 2) * 0.1* q.anim_time)",
								"0.9+math.abs(Math.cos((query.anim_time) * 90 * 2) * 0.1* q.anim_time)"
							],
							"lerp_mode": "catmullrom"
						},
						"4.25": {
							"post": [0, 0, 0],
							"lerp_mode": "catmullrom"
						}
					}
				},
				"arm_right2": {
					"rotation": {
						"0.0": [0, "-22-Math.cos((query.anim_time-0.6) * 90 * 1) * 2", 0],
						"4.625": [0, -22, 0]
					},
					"position": {
						"0.0": [0, "Math.cos((query.anim_time) * 90 * 1) * 0.5", 0],
						"4.625": [0, 0, 0]
					}
				},
				"arm_left": {
					"rotation": {
						"0.0": [0, 0, 40],
						"4.7917": [0, 0, 40],
						"5.1667": [0, -22.5, 20]
					}
				},
				"arm_left2": {
					"rotation": {
						"0.0": [0, "15-Math.cos((query.anim_time-0.6) * 90 * 1) * 2", 0],
						"4.625": [0, 15, 0]
					},
					"position": {
						"0.0": [0, "Math.cos((query.anim_time) * 90 * 1) * 0.5", 0],
						"4.625": [0, 0, 0]
					}
				},
				"arm_flame_left": {
					"rotation": {
						"1.2917": ["Math.cos((query.anim_time-0.6) * 90 * 1) * 2", 0, "Math.cos((query.anim_time-0.6) * 90 * 2.5) * 5"],
						"3.9583": ["Math.cos((query.anim_time-0.6) * 90 * 1) * 2", 0, "Math.cos((query.anim_time-0.6) * 90 * 2.5) * 5"]
					},
					"scale": {
						"1.2917": {
							"pre": [
								"0.3+math.abs(Math.cos((query.anim_time) * 90 * 1.6) * 0.1* q.anim_time)",
								"0.3+math.abs(Math.cos((query.anim_time) * 90 * 1.6) * 0.1* q.anim_time)",
								"0.3+math.abs(Math.cos((query.anim_time) * 90 * 1.6) * 0.1* q.anim_time)"
							],
							"post": [
								"0.3+math.abs(Math.cos((query.anim_time) * 90 * 1.6) * 0.1* q.anim_time)",
								"0.3+math.abs(Math.cos((query.anim_time) * 90 * 1.6) * 0.1* q.anim_time)",
								"0.3+math.abs(Math.cos((query.anim_time) * 90 * 1.6) * 0.1* q.anim_time)"
							],
							"lerp_mode": "catmullrom"
						},
						"3.9583": {
							"post": [
								"0.3+math.abs(Math.cos((query.anim_time) * 90 * 1.6) * 0.1* q.anim_time)",
								"0.3+math.abs(Math.cos((query.anim_time) * 90 * 1.6) * 0.1* q.anim_time)",
								"0.3+math.abs(Math.cos((query.anim_time) * 90 * 1.6) * 0.1* q.anim_time)"
							],
							"lerp_mode": "catmullrom"
						},
						"4.25": {
							"post": [0, 0, 0],
							"lerp_mode": "catmullrom"
						}
					}
				},
				"leg_right": {
					"rotation": {
						"4.4167": [0, 0, 0],
						"4.5833": [-42.5, 0, 0],
						"4.9583": [-65, 0, 0]
					},
					"position": {
						"4.4167": [0, 0, 0],
						"4.5833": [0, -3, 3],
						"4.9583": [0, -5, 6]
					}
				},
				"leg_flame_right3": {
					"rotation": {
						"1.2917": ["Math.cos((query.anim_time-0.6) * 90 * 1) * 2", 0, "Math.cos((query.anim_time-0.6) * 90 * 2.5) * 5"],
						"3.9583": ["Math.cos((query.anim_time-0.6) * 90 * 1) * 2 ", 0, "Math.cos((query.anim_time-0.6) * 90 * 2.5) * 5"]
					},
					"scale": {
						"1.2917": {
							"pre": [
								"0.9+math.abs(Math.cos((query.anim_time) * 90 * 2) * 0.1 * q.anim_time)",
								"0.9+math.abs(Math.cos((query.anim_time) * 90 * 2) * 0.1 * q.anim_time)",
								"0.9+math.abs(Math.cos((query.anim_time) * 90 * 2) * 0.1 * q.anim_time)"
							],
							"post": [
								"0.9+math.abs(Math.cos((query.anim_time) * 90 * 2) * 0.1 * q.anim_time)",
								"0.9+math.abs(Math.cos((query.anim_time) * 90 * 2) * 0.1 * q.anim_time)",
								"0.9+math.abs(Math.cos((query.anim_time) * 90 * 2) * 0.1 * q.anim_time)"
							],
							"lerp_mode": "catmullrom"
						},
						"3.9583": {
							"post": [
								"0.9+math.abs(Math.cos((query.anim_time) * 90 * 2) * 0.1 * q.anim_time)",
								"0.9+math.abs(Math.cos((query.anim_time) * 90 * 2) * 0.1 * q.anim_time)",
								"0.9+math.abs(Math.cos((query.anim_time) * 90 * 2) * 0.1 * q.anim_time)"
							],
							"lerp_mode": "catmullrom"
						},
						"4.25": {
							"post": [0, 0, 0],
							"lerp_mode": "catmullrom"
						}
					}
				},
				"leg_left": {
					"rotation": {
						"4.3333": [0, 0, 0],
						"4.5833": [-85, 0, 0],
						"4.9167": [-152.5, 0, 0],
						"5.125": [-53.59949, -28.53623, 32.94098]
					},
					"position": {
						"4.3333": [0, 0, 0],
						"4.6667": [0, 4, 2],
						"4.9167": [0, -4, 6]
					}
				},
				"arm_flame_left3": {
					"rotation": {
						"1.2917": ["-Math.cos((query.anim_time-0.6) * 90 * 1) * 2", 0, "-Math.cos((query.anim_time-0.6) * 90 * 2.5) * 5"],
						"3.9583": ["-Math.cos((query.anim_time-0.6) * 90 * 1) * 2", 0, "-Math.cos((query.anim_time-0.6) * 90 * 2.5) * 5"]
					},
					"scale": {
						"1.2917": {
							"pre": [
								"0.9+math.abs(Math.cos((query.anim_time) * 90 * 2) * 0.1* q.anim_time)",
								"0.9+math.abs(Math.cos((query.anim_time) * 90 * 2) * 0.1* q.anim_time)",
								"0.9+math.abs(Math.cos((query.anim_time) * 90 * 2) * 0.1* q.anim_time)"
							],
							"post": [
								"0.9+math.abs(Math.cos((query.anim_time) * 90 * 2) * 0.1* q.anim_time)",
								"0.9+math.abs(Math.cos((query.anim_time) * 90 * 2) * 0.1* q.anim_time)",
								"0.9+math.abs(Math.cos((query.anim_time) * 90 * 2) * 0.1* q.anim_time)"
							],
							"lerp_mode": "catmullrom"
						},
						"3.9583": {
							"post": [
								"0.9+math.abs(Math.cos((query.anim_time) * 90 * 2) * 0.1* q.anim_time)",
								"0.9+math.abs(Math.cos((query.anim_time) * 90 * 2) * 0.1* q.anim_time)",
								"0.9+math.abs(Math.cos((query.anim_time) * 90 * 2) * 0.1* q.anim_time)"
							],
							"lerp_mode": "catmullrom"
						},
						"4.25": {
							"post": [0, 0, 0],
							"lerp_mode": "catmullrom"
						}
					}
				}
			}
		}
	}
}