{
	"format_version": "1.8.0",
	"animations": {
		"animation.cariolus.ground_walk": {
			"loop": true,
			"bones": {
				"torso": {
					"rotation": ["10.1232-math.sin(query.anim_time*90*variable.walkspeed*2-0)*3", "math.sin(query.anim_time*90*variable.walkspeed-0)*1", 0],
					"position": [0, "0+math.sin(query.anim_time*90*variable.walkspeed*2+30)*0.25", -2.5]
				},
				"torso2": {
					"rotation": ["-0.7838+math.sin(query.anim_time*90*variable.walkspeed*2-30)*2", "math.sin(query.anim_time*90*variable.walkspeed-30)*0.5", 0]
				},
				"chest": {
					"rotation": ["10+math.sin(query.anim_time*90*variable.walkspeed*2-30)*2", "math.sin(query.anim_time*90*variable.walkspeed-30)*0.5", 0]
				},
				"neck": {
					"rotation": ["2.5+math.sin(query.anim_time*90*variable.walkspeed*2-90)*1", "0-math.sin(query.anim_time*90*variable.walkspeed-90)*1", 0]
				},
				"ear_right": {
					"rotation": ["0+math.sin(query.anim_time*90*variable.walkspeed*2-90)*2", 0, 0]
				},
				"ear_left": {
					"rotation": ["0+math.sin(query.anim_time*90*variable.walkspeed*2-90)*2", 0, 0]
				},
				"hair_front": {
					"rotation": ["-20+math.sin(query.anim_time*90*variable.walkspeed*2-45)*2", 0, 0]
				},
				"hair_front2": {
					"rotation": ["-18+math.sin(query.anim_time*90*variable.walkspeed*2-90)*2", 0, 0]
				},
				"hair_front3": {
					"rotation": ["-14+math.sin(query.anim_time*90*variable.walkspeed*2-120)*2", 0, 0]
				},
				"hair_back": {
					"rotation": ["-5+math.sin(query.anim_time*90*variable.walkspeed*2-120)*2", "0-math.sin(query.anim_time*90*variable.walkspeed-120)*1", 0]
				},
				"hair_back2": {
					"rotation": ["-10+math.sin(query.anim_time*90*variable.walkspeed*2-150)*2", "0-math.sin(query.anim_time*90*variable.walkspeed-150)*1", 0]
				},
				"hair_back3": {
					"rotation": ["-10+math.sin(query.anim_time*90*variable.walkspeed*2-180)*2", "0-math.sin(query.anim_time*90*variable.walkspeed-180)*1", 0]
				},
				"hair_back_top_right": {
					"rotation": ["0+math.sin(query.anim_time*90*variable.walkspeed*2-45)*3", 0, 0]
				},
				"hair_back_top_right2": {
					"rotation": ["0+math.sin(query.anim_time*90*variable.walkspeed*2-45)*3", 0, 0],
					"position": [0, 0, -0.1]
				},
				"hair_back_top_right3": {
					"rotation": ["0+math.sin(query.anim_time*90*variable.walkspeed*2-45)*3", 0, 0],
					"position": [0, 0, -0.2]
				},
				"hair_back_middle_right": {
					"rotation": ["0+math.sin(query.anim_time*90*variable.walkspeed*2-90)*2", 0, 0]
				},
				"hair_back_middle_right2": {
					"rotation": ["0+math.sin(query.anim_time*90*variable.walkspeed*2-90)*2", 0, 0],
					"position": [0, 0, -0.2]
				},
				"hair_back_middle_right3": {
					"rotation": ["0+math.sin(query.anim_time*90*variable.walkspeed*2-90)*2", 0, 0],
					"position": [0, 0, -0.2]
				},
				"hair_back_bottom_right": {
					"rotation": ["0+math.sin(query.anim_time*90*variable.walkspeed*2-45)*3", 0, 0]
				},
				"hair_back_bottom_right2": {
					"rotation": ["0+math.sin(query.anim_time*90*variable.walkspeed*2-45)*3", 0, 0],
					"position": [0, 0, -0.2]
				},
				"hair_back_bottom_right3": {
					"rotation": ["0+math.sin(query.anim_time*90*variable.walkspeed*2-45)*3", 0, 0],
					"position": [0, 0, -0.2]
				},
				"hair_back_last_right": {
					"rotation": ["0+math.sin(query.anim_time*90*variable.walkspeed*2-90)*2", 0, 0]
				},
				"hair_back_last_right2": {
					"rotation": ["0+math.sin(query.anim_time*90*variable.walkspeed*2-90)*2", 0, 0],
					"position": [0, 0, -0.1]
				},
				"hair_back_last_right3": {
					"rotation": ["0+math.sin(query.anim_time*90*variable.walkspeed*2-90)*2", 0, 0],
					"position": [0, 0, -0.2]
				},
				"hair_back_top_left": {
					"rotation": ["0+math.sin(query.anim_time*90*variable.walkspeed*2-45)*3", 0, 0]
				},
				"hair_back_top_left2": {
					"rotation": ["0+math.sin(query.anim_time*90*variable.walkspeed*2-45)*3", 0, 0],
					"position": [0, 0, -0.1]
				},
				"hair_back_top_left3": {
					"rotation": ["0+math.sin(query.anim_time*90*variable.walkspeed*2-45)*3", 0, 0],
					"position": [0, 0, -0.2]
				},
				"hair_back_middle_left": {
					"rotation": ["0+math.sin(query.anim_time*90*variable.walkspeed*2-90)*2", 0, 0]
				},
				"hair_back_middle_left2": {
					"rotation": ["0+math.sin(query.anim_time*90*variable.walkspeed*2-90)*2", 0, 0],
					"position": [0, 0, -0.2]
				},
				"hair_back_middle_left3": {
					"rotation": ["0+math.sin(query.anim_time*90*variable.walkspeed*2-90)*2", 0, 0],
					"position": [0, 0, -0.2]
				},
				"hair_back_bottom_left": {
					"rotation": ["0+math.sin(query.anim_time*90*variable.walkspeed*2-45)*3", 0, 0]
				},
				"hair_back_bottom_left2": {
					"rotation": ["0+math.sin(query.anim_time*90*variable.walkspeed*2-45)*3", 0, 0],
					"position": [0, 0, -0.2]
				},
				"hair_back_bottom_left3": {
					"rotation": ["0+math.sin(query.anim_time*90*variable.walkspeed*2-45)*3", 0, 0],
					"position": [0, 0, -0.2]
				},
				"hair_back_last_left": {
					"rotation": ["0+math.sin(query.anim_time*90*variable.walkspeed*2-90)*2", 0, 0]
				},
				"hair_back_last_left2": {
					"rotation": ["0+math.sin(query.anim_time*90*variable.walkspeed*2-90)*2", 0, 0],
					"position": [0, 0, -0.1]
				},
				"hair_back_last_left3": {
					"rotation": ["0+math.sin(query.anim_time*90*variable.walkspeed*2-90)*2", 0, 0],
					"position": [0, 0, -0.2]
				},
				"arm_left2": {
					"rotation": [0, "10+math.sin(query.anim_time*90*variable.walkspeed-90)*10", "60-math.sin(query.anim_time*90*variable.walkspeed-90)*1"]
				},
				"arm_left3": {
					"rotation": [0, "0+math.sin(query.anim_time*90*variable.walkspeed-180)*6", "10-math.sin(query.anim_time*90*variable.walkspeed-180)*2"]
				},
				"blade_left": {
					"rotation": [0, "0+math.sin(query.anim_time*90*variable.walkspeed-180)*6", "10-math.sin(query.anim_time*90*variable.walkspeed-180)*2"]
				},
				"finger_middle_left": {
					"rotation": [0, "0+math.sin(query.anim_time*90*variable.walkspeed-150)*5", "10-math.sin(query.anim_time*90*variable.walkspeed-150)*1"]
				},
				"finger_front_left": {
					"rotation": [0, "0+math.sin(query.anim_time*90*variable.walkspeed-150)*5", "10-math.sin(query.anim_time*90*variable.walkspeed-150)*1"]
				},
				"finger_back_left": {
					"rotation": [0, "0+math.sin(query.anim_time*90*variable.walkspeed-150)*5", "10-math.sin(query.anim_time*90*variable.walkspeed-150)*1"]
				},
				"arm_right2": {
					"rotation": [0, "0+math.sin(query.anim_time*90*variable.walkspeed-90)*10", "-60-math.sin(query.anim_time*90*variable.walkspeed-90)*1"]
				},
				"arm_right3": {
					"rotation": [0, "0+math.sin(query.anim_time*90*variable.walkspeed-150)*5", "-10-math.sin(query.anim_time*90*variable.walkspeed-150)*1"]
				},
				"blade_right": {
					"rotation": [0, "0+math.sin(query.anim_time*90*variable.walkspeed-180)*6", "-10-math.sin(query.anim_time*90*variable.walkspeed-180)*2"]
				},
				"finger_middle_right": {
					"rotation": [0, "0+math.sin(query.anim_time*90*variable.walkspeed-150)*5", "-10-math.sin(query.anim_time*90*variable.walkspeed-150)*1"]
				},
				"finger_front_right": {
					"rotation": [0, "0+math.sin(query.anim_time*90*variable.walkspeed-150)*5", "-10-math.sin(query.anim_time*90*variable.walkspeed-150)*1"]
				},
				"finger_back_right": {
					"rotation": [0, "0+math.sin(query.anim_time*90*variable.walkspeed-150)*5", "-10-math.sin(query.anim_time*90*variable.walkspeed-150)*1"]
				},
				"tail": {
					"rotation": ["-math.sin(query.anim_time*90*variable.walkspeed*2-90)*1", "math.sin(query.anim_time*90*variable.walkspeed-90)*1", 0]
				},
				"tail2": {
					"rotation": ["6-math.sin(query.anim_time*90*variable.walkspeed*2-90)*1", "math.sin(query.anim_time*90*variable.walkspeed-90)*1", 0]
				},
				"tail3": {
					"rotation": ["-math.sin(query.anim_time*90*variable.walkspeed*2-90)*1", "math.sin(query.anim_time*90*variable.walkspeed-90)*1", 0]
				},
				"tail4": {
					"rotation": ["5-math.sin(query.anim_time*90*variable.walkspeed*2-90)*1", "0+math.sin(query.anim_time*90*variable.walkspeed-90)*1", 0]
				},
				"tail5": {
					"rotation": ["7-math.sin(query.anim_time*90*variable.walkspeed*2-90)*1", "math.sin(query.anim_time*90*variable.walkspeed-90)*1", 0]
				},
				"tail6": {
					"rotation": ["-math.sin(query.anim_time*90*variable.walkspeed*2-90)*1", "math.sin(query.anim_time*90*variable.walkspeed-90)*1", 0]
				},
				"leg_left": {
					"rotation": ["-5-math.sin(query.anim_time*90*variable.walkspeed-0)*15", -2, -5],
					"position": [0, "0+math.clamp(-math.sin(query.anim_time*90*variable.walkspeed-90)*1+0,0,1)", -2]
				},
				"leg_left2": {
					"rotation": ["-25+math.clamp(-math.sin(query.anim_time*90*variable.walkspeed-90)*20+0,0,20)", 2, 5]
				},
				"foot_left": {
					"rotation": ["20+math.clamp(-math.sin(query.anim_time*90*variable.walkspeed-90)*20+0,0,20)", 2, 5]
				},
				"toes_left": {
					"rotation": ["5+math.clamp(math.sin(query.anim_time*90*variable.walkspeed-90)*10+0,0,10)", 0, 0]
				},
				"leg_right": {
					"rotation": ["-5+math.sin(query.anim_time*90*variable.walkspeed-0)*15", 2, 5],
					"position": [0, "0+math.clamp(math.sin(query.anim_time*90*variable.walkspeed-90)*1+0,0,1)", -2]
				},
				"leg_right2": {
					"rotation": ["-25+math.clamp(math.sin(query.anim_time*90*variable.walkspeed-90)*20+0,0,20)", -2, -5]
				},
				"foot_right": {
					"rotation": ["20+math.clamp(math.sin(query.anim_time*90*variable.walkspeed-90)*20+0,0,20)", 0, 0]
				},
				"toes_right": {
					"rotation": ["5+math.clamp(-math.sin(query.anim_time*90*variable.walkspeed-90)*10+0,0,10)", 0, 0]
				}
			}
		},
		"animation.cariolus.ground_idle": {
			"loop": true,
			"bones": {
				"torso": {
					"rotation": ["0+math.cos(q.anim_time*90*3+360)*2", 0, 0]
				},
				"torso2": {
					"rotation": [10, 0, 0]
				},
				"chest": {
					"rotation": ["0-math.sin(q.anim_time*90*3-180)*2", 0, 0]
				},
				"head": {
					"rotation": ["0+math.sin(q.anim_time*90*3-45)*1", 0, 0]
				},
				"hair_front": {
					"rotation": ["-20-math.sin(q.anim_time*90*3-150)*2", 0, 0]
				},
				"hair_front2": {
					"rotation": ["-20-math.sin(q.anim_time*90*3-150)*2", 0, 0]
				},
				"hair_front3": {
					"rotation": ["-20-math.sin(q.anim_time*90*3-180)*1", 0, 0]
				},
				"hair_back": {
					"rotation": ["-5+math.sin(q.anim_time*90*3-45)*1", 0, 0]
				},
				"hair_back2": {
					"rotation": ["-7.5+math.sin(q.anim_time*90*3-90)*1", 0, 0]
				},
				"hair_back3": {
					"rotation": ["-10+math.sin(q.anim_time*90*3-120)*1", 0, 0]
				},
				"hair_back4": {
					"rotation": ["-7.5+math.sin(q.anim_time*90*3-150)*1", 0, 0]
				},
				"hair_back_top_right": {
					"rotation": ["0+math.sin(q.anim_time*90*3-120)*2", 0, 0]
				},
				"hair_back_top_right2": {
					"rotation": ["0+math.sin(q.anim_time*90*3-120)*2", 0, 0],
					"position": [0, 0, -0.1]
				},
				"hair_back_top_right3": {
					"rotation": ["0+math.sin(q.anim_time*90*3-120)*2", 0, 0],
					"position": [0, 0, -0.2]
				},
				"hair_back_middle_right": {
					"rotation": ["0+math.sin(q.anim_time*90*3-150)*2", 0, 0]
				},
				"hair_back_middle_right2": {
					"rotation": ["0+math.sin(q.anim_time*90*3-120)*2", 0, 0],
					"position": [0, 0, -0.1]
				},
				"hair_back_middle_right3": {
					"rotation": ["0+math.sin(q.anim_time*90*3-120)*2", 0, 0],
					"position": [0, 0, -0.1]
				},
				"hair_back_bottom_right": {
					"rotation": ["0+math.sin(q.anim_time*90*3-120)*2", 0, 0]
				},
				"hair_back_bottom_right2": {
					"rotation": ["0+math.sin(q.anim_time*90*3-120)*2", 0, 0],
					"position": [0, 0, -0.1]
				},
				"hair_back_bottom_right3": {
					"rotation": ["0+math.sin(q.anim_time*90*3-120)*2", 0, 0],
					"position": [0, 0, -0.1]
				},
				"hair_back_last_right": {
					"rotation": ["0+math.sin(q.anim_time*90*3-150)*2", 0, 0]
				},
				"hair_back_last_right2": {
					"rotation": ["0+math.sin(q.anim_time*90*3-150)*2", 0, 0],
					"position": [0, 0, -0.1]
				},
				"hair_back_last_right3": {
					"rotation": ["0+math.sin(q.anim_time*90*3-150)*2", 0, 0],
					"position": [0, 0, -0.1]
				},
				"hair_back_top_left": {
					"rotation": ["0+math.sin(q.anim_time*90*3-120)*2", 0, 0]
				},
				"hair_back_top_left2": {
					"rotation": ["0+math.sin(q.anim_time*90*3-120)*2", 0, 0],
					"position": [0, 0, -0.1]
				},
				"hair_back_top_left3": {
					"rotation": ["0+math.sin(q.anim_time*90*3-120)*2", 0, 0],
					"position": [0, 0, -0.2]
				},
				"hair_back_middle_left": {
					"rotation": ["0+math.sin(q.anim_time*90*3-150)*2", 0, 0]
				},
				"hair_back_middle_left2": {
					"rotation": ["0+math.sin(q.anim_time*90*3-120)*2", 0, 0],
					"position": [0, 0, -0.1]
				},
				"hair_back_middle_left3": {
					"rotation": ["0+math.sin(q.anim_time*90*3-120)*2", 0, 0],
					"position": [0, 0, -0.1]
				},
				"hair_back_bottom_left": {
					"rotation": ["0+math.sin(q.anim_time*90*3-120)*2", 0, 0]
				},
				"hair_back_bottom_left2": {
					"rotation": ["0+math.sin(q.anim_time*90*3-120)*2", 0, 0],
					"position": [0, 0, -0.1]
				},
				"hair_back_bottom_left3": {
					"rotation": ["0+math.sin(q.anim_time*90*3-120)*2", 0, 0],
					"position": [0, 0, -0.1]
				},
				"hair_back_last_left": {
					"rotation": ["0+math.sin(q.anim_time*90*3-150)*2", 0, 0]
				},
				"hair_back_last_left2": {
					"rotation": ["0+math.sin(q.anim_time*90*3-150)*2", 0, 0],
					"position": [0, 0, -0.1]
				},
				"hair_back_last_left3": {
					"rotation": ["0+math.sin(q.anim_time*90*3-150)*2", 0, 0],
					"position": [0, 0, -0.1]
				},
				"arm_left2": {
					"rotation": [0, 0, "42.5+math.sin(q.anim_time*90*3-45)*1"]
				},
				"arm_left3": {
					"rotation": [0, 0, "15+math.sin(q.anim_time*90*3-90)*1"]
				},
				"blade_left": {
					"rotation": [0, 0, "0+math.sin(q.anim_time*90*3-90)*1"]
				},
				"finger_middle_left": {
					"rotation": [0, 0, "10+math.sin(q.anim_time*90*3-120)*3"]
				},
				"finger_middle_left2": {
					"rotation": [0, 0, "10+math.sin(q.anim_time*90*3-150)*3"]
				},
				"finger_front_left": {
					"rotation": [0, 5, "10+math.sin(q.anim_time*90*3-120)*3"]
				},
				"finger_front_left2": {
					"rotation": [0, 0, "10+math.sin(q.anim_time*90*3-150)*3"]
				},
				"finger_back_left": {
					"rotation": [0, -5, "10+math.sin(q.anim_time*90*3-120)*3"]
				},
				"finger_back_left2": {
					"rotation": [0, 0, "10+math.sin(q.anim_time*90*3-150)*3"]
				},
				"arm_right2": {
					"rotation": [0, 0, "-42.5-math.sin(q.anim_time*90*3-45)*1"]
				},
				"arm_right3": {
					"rotation": [0, 0, "-15-math.sin(q.anim_time*90*3-90)*1"]
				},
				"blade_right": {
					"rotation": [0, 0, "0-math.sin(q.anim_time*90*3-90)*1"]
				},
				"finger_middle_right": {
					"rotation": [0, 0, "-10-math.sin(q.anim_time*90*3-120)*3"]
				},
				"finger_middle_right2": {
					"rotation": [0, 0, "-10-math.sin(q.anim_time*90*3-150)*3"]
				},
				"finger_front_right": {
					"rotation": [0, -5, "-10-math.sin(q.anim_time*90*3-120)*3"]
				},
				"finger_front_right2": {
					"rotation": [0, 0, "-10-math.sin(q.anim_time*90*3-150)*3"]
				},
				"finger_back_right": {
					"rotation": [0, 5, "-10-math.sin(q.anim_time*90*3-120)*3"]
				},
				"finger_back_right2": {
					"rotation": [0, 0, "-10-math.sin(q.anim_time*90*3-150)*3"]
				},
				"tail": {
					"rotation": ["7.5+math.sin(q.anim_time*90*3-45)*2", 0, 0]
				},
				"tail2": {
					"rotation": ["0+math.sin(q.anim_time*90*3-90)*2", 0, 0]
				},
				"tail3": {
					"rotation": ["0+math.sin(q.anim_time*90*3-120)*2", 0, 0]
				},
				"tail4": {
					"rotation": ["0+math.sin(q.anim_time*90*3-150)*2", 0, 0]
				},
				"tail5": {
					"rotation": ["0+math.sin(q.anim_time*90*3-180)*2", 0, 0]
				},
				"leg_left": {
					"rotation": ["6.4007+math.sin(q.anim_time*90*3+360)*2", -23.31315, -19.28981]
				},
				"leg_left2": {
					"rotation": ["-0.4264-math.sin(q.anim_time*90*3+360)*2", 14.6364, -3.31913]
				},
				"foot_left": {
					"rotation": [6, 0, 0],
					"position": [0, 0, 0]
				},
				"toes_left": {
					"rotation": ["0-math.sin(q.anim_time*90*3+360)*1", 0, 0],
					"position": [0, 0, 0]
				},
				"leg_right": {
					"rotation": ["6.4007+math.sin(q.anim_time*90*3+360)*2", 23.31315, 19.28981]
				},
				"leg_right2": {
					"rotation": ["-0.4264-math.sin(q.anim_time*90*3+360)*2", -14.6364, 3.31913]
				},
				"foot_right": {
					"rotation": [6, 0, 0]
				},
				"toes_right": {
					"rotation": ["0-math.sin(q.anim_time*90*3+360)*1", 0, 0],
					"position": [0, 0, 0]
				}
			}
		}
	}
}