{
    
    "target": "cobblemon:boltund",
    "features": ["jetian"],
    "forms": [
      {
        "implemented": true,
        "nationalPokedexNumber": 836,
        "name": "Jetian",
        "primaryType": "fighting",
        "secondaryType": "fairy",
        "maleRatio": 0.5,
        "height": 5,
        "weight": 149,
        "pokedex": [
          "cobblemon.species.boltund_jetian.desc"
        ],
        "labels": [
          "gen8",
          "jetian"
        ],
        "aspects": ["jetian"],
        "abilities": [
          "wellbakedbody",
          "h:aromaveil"
        ],
        "eggGroups": [
          "field"
        ],
        "baseStats": {
          "hp": 57,
          "attack": 80,
          "defence": 115,
          "special_attack": 50,
          "special_defence": 80,
          "speed": 95
        },
        "evYield": {
          "hp": 0,
          "attack": 0,
          "defence": 0,
          "special_attack": 0,
          "special_defence": 0,
          "speed": 2
        },
        "baseExperienceYield": 167,
        "experienceGroup": "medium_slow",
        "catchRate": 90,
        "eggCycles": 20,
        "baseFriendship": 50,
        "baseScale": 0.6,
        "hitbox": {
          "width": 1.3,
          "height": 1.1,
          "fixed": false
        },
        "behaviour": {
          "moving": {
            "walk": {
              "walkSpeed": 0.3
            }
          },
          "resting": {
            "canSleep": true,
            "willSleepOnBed": true,
            "light": "0-4"
          }
        },
        "drops": {
          "amount": 3,
          "entries": [
            {
              "item": "minecraft:bread",
              "quantityRange": "0-2"
            },
            {
              "item": "cobblemon:nanab_berry",
              "percentage": 5.0
            }
          ]
        },
        "moves": [
          "1:tackle",
          "1:growl",
          "3:lick",
          "6:tailwhip",
          "8:covet",
          "11:bite",
          "15:babydolleyes",
          "18:playrough",
          "22:workup",
          "29:batonpass",
          "33:roar",
          "38:doubleedge",
          "42:charm",
          "47:crunch",
          "53:lastresort",
          "egg:copycat",
          "egg:howl",
          "egg:sweetscent",
          "egg:wish",
          "egg:yawn",
          "tm:agility",
          "tm:alluringvoice",
          "tm:babydolleyes",
          "tm:batonpass",
          "tm:bodypress",
          "tm:bodyslam",
          "tm:charm",
          "tm:covet",
          "tm:crunch",
          "tm:dazzlinggleam",
          "tm:dig",
          "tm:doubleedge",
          "tm:drainingkiss",
          "tm:endeavor",
          "tm:endure",
          "tm:facade",
          "tm:firefang",
          "tm:gigaimpact",
          "tm:helpinghand",
          "tm:hyperbeam",
          "tm:icefang",
          "tm:lastresort",
          "tm:mistyterrain",
          "tm:mudshot",
          "tm:mudslap",
          "tm:playrough",
          "tm:protect",
          "tm:psychicfangs",
          "tm:psychup",
          "tm:raindance",
          "tm:rest",
          "tm:roar",
          "tm:scaryface",
          "tm:sleeptalk",
          "tm:snarl",
          "tm:stompingtantrum",
          "tm:substitute",
          "tm:sunnyday",
          "tm:takedown",
          "tm:terablast",
          "tm:thunderfang",
          "tm:trailblaze",
          "tm:workup",
          "tutor:babydolleyes",
          "tutor:covet",
          "tutor:dazzlinggleam",
          "tutor:endeavor",
          "tutor:firefang",
          "tutor:gigaimpact",
          "tutor:helpinghand",
          "tutor:hyperbeam",
          "tutor:icefang",
          "tutor:lastresort",
          "tutor:mudslap",
          "tutor:playrough",
          "tutor:psychic",
          "tutor:rest",
          "tutor:sleeptalk",
          "tutor:snarl",
          "tutor:stompingtantrum",
          "tutor:thunderfang"
        ],
        "preEvolution": "yamper jetian",
        "evolutions": []
}]}