{
    
    "target": "cobblemon:yamper",
    "features": ["jetian"],
    "forms": [
      {
        "implemented": true,
        "nationalPokedexNumber": 835,
        "name": "Jetian",
        "primaryType": "normal",
        "secondaryType": "fairy",
        "maleRatio": 0.5,
        "height": 3,
        "weight": 135,
        "pokedex": [
          "cobblemon.species.yamper_jetian.desc"
        ],
        "labels": [
          "gen8",
          "jetian"
        ],
        "aspects": ["jetian"],
        "abilities": [
          "wellbakedbody",
          "h:aromaveil"
        ],
        "eggGroups": [
          "field"
        ],
        "baseStats": {
          "hp": 59,
          "attack": 45,
          "defence": 50,
          "special_attack": 40,
          "special_defence": 50,
          "speed": 26
        },
        "evYield": {
          "hp": 1,
          "attack": 0,
          "defence": 0,
          "special_attack": 0,
          "special_defence": 0,
          "speed": 0
        },
        "baseExperienceYield": 54,
        "experienceGroup": "fast",
        "catchRate": 255,
        "eggCycles": 20,
        "baseFriendship": 50,
        "baseScale": 0.65,
        "hitbox": {
          "width": 0.7,
          "height": 0.9,
          "fixed": false
        },
        "drops": {
          "amount": 2,
          "entries": [
            {
              "item": "minecraft:wheat",
              "quantityRange": "0-1"
            },
            {
              "item": "cobblemon:wepear_berry",
              "percentage": 2.5
            }
          ]
        },
        "moves": [
          "1:tackle",
    "1:growl",
    "3:lick",
    "6:tailwhip",
    "8:covet",
    "11:bite",
    "15:babydolleyes",
    "18:playrough",
    "22:workup",
    "26:batonpass",
    "30:roar",
    "33:doubleedge",
    "36:charm",
    "40:crunch",
    "45:lastresort",
    "egg:copycat",
    "egg:howl",
    "egg:sweetscent",
    "egg:wish",
    "egg:yawn",
    "tm:agility",
    "tm:alluringvoice",
    "tm:babydolleyes",
    "tm:batonpass",
    "tm:bodyslam",
    "tm:charm",
    "tm:covet",
    "tm:crunch",
    "tm:dazzlinggleam",
    "tm:dig",
    "tm:doubleedge",
    "tm:endeavor",
    "tm:endure",
    "tm:facade",
    "tm:firefang",
    "tm:helpinghand",
    "tm:icefang",
    "tm:lastresort",
    "tm:mistyterrain",
    "tm:mudshot",
    "tm:mudslap",
    "tm:playrough",
    "tm:protect",
    "tm:psychicfangs",
    "tm:psychup",
    "tm:raindance",
    "tm:rest",
    "tm:roar",
    "tm:sleeptalk",
    "tm:snarl",
    "tm:stompingtantrum",
    "tm:substitute",
    "tm:sunnyday",
    "tm:takedown",
    "tm:terablast",
    "tm:thunderfang",
    "tm:trailblaze",
    "tm:workup",
    "tutor:babydolleyes",
    "tutor:covet",
    "tutor:dazzlinggleam",
    "tutor:endeavor",
    "tutor:firefang",
    "tutor:helpinghand",
    "tutor:icefang",
    "tutor:lastresort",
    "tutor:mudslap",
    "tutor:playrough",
    "tutor:psychic",
    "tutor:rest",
    "tutor:sleeptalk",
    "tutor:snarl",
    "tutor:stompingtantrum",
    "tutor:thunderfang"
        ],
        "evolutions": [
          {
            "id": "yamper_boltund_jetian",
            "variant": "level_up",
            "result": "boltund jetian",
            "consumeHeldItem": false,
            "learnableMoves": [],
            "requirements": [
              {
                "variant": "level",
                "minLevel": 25
              }
            ]
          }
        ]
      }]}