{
    "enabled": true,
    "neededInstalledMods": [],
    "neededUninstalledMods": [],
    "spawns": [
        {
            "id": "deeper-meowth-alolan-1",
            "pokemon": "meowth-alolan",
            "presets": [
                "deep_dark"
            ],
            "type": "pokemon",
            "context": "grounded",
            "bucket": "common",
            "level": "21-34",
            "weight": 9.0,
            "condition": {
                "biomes": [
                    "#cobblemon:is_deep_dark"
                ],
                "structures": [
                    "deeperdarker:ancient_temple"
                ]
            }
        }
    ]
}