{
    "enabled": true,
    "neededInstalledMods": [],
    "neededUninstalledMods": [],
    "spawns": [
        {
            "id": "deeper-persian-alolan-1",
            "pokemon": "persian-alolan",
            "presets": [
                "deep_dark"
            ],
            "type": "pokemon",
            "context": "grounded",
            "bucket": "common",
            "level": "33-49",
            "weight": 2.9,
            "condition": {
                "biomes": [
                    "#cobblemon:is_deep_dark"
                ],
                "structures": [
                    "deeperdarker:ancient_temple"
                ]
            }
        }
    ]
}