{
    "enabled": true,
    "neededInstalledMods": [],
    "neededUninstalledMods": [],
    "spawns": [
        {
            "id": "deeper-gastly-1",
            "pokemon": "gastly",
            "presets": [
                "deep_dark"
            ],
            "type": "pokemon",
            "context": "grounded",
            "bucket": "uncommon",
            "level": "14-33",
            "weight": 11.8,
            "condition": {
                "biomes": [
                    "deeperdarker:deeplands"
                ]
            }
        }
    ]
}