{
    "enabled": true,
    "neededInstalledMods": [],
    "neededUninstalledMods": [],
    "spawns": [
        {
            "id": "deeper-lanturn-1",
            "pokemon": "lanturn",
            "presets": [
                "underwater"
            ],
            "type": "pokemon",
            "context": "submerged",
            "bucket": "common",
            "level": "25-44",
            "weight": 2.64,
            "condition": {
                "biomes": [
                    "deeperdarker:blooming_caverns",
                    "deeperdarker:deeplands",
                    "deeperdarker:echoing_forest"
                ]
            }
        },
        {
            "id": "deeper-lanturn-2",
            "pokemon": "lanturn",
            "type": "pokemon",
            "context": "fishing",
            "bucket": "common",
            "level": "25-44",
            "weight": 0.5,
            "weightMultipliers": [
                {
                    "multiplier": 3.0,
                    "condition": {
                        "minLureLevel": 2,
                        "maxLureLevel": 2
                    }
                },
                {
                    "multiplier": 5.0,
                    "condition": {
                        "minLureLevel": 3
                    }
                }
            ],
            "condition": {
                "biomes": [
                    "deeperdarker:blooming_caverns",
                    "deeperdarker:deeplands",
                    "deeperdarker:echoing_forest"
                ]
            }
        }
    ]
}