{
    "enabled": true,
    "neededInstalledMods": [],
    "neededUninstalledMods": [],
    "spawns": [
        {
            "id": "deeper-quagsire-1",
            "pokemon": "quagsire",
            "presets": [
                "underwater"
            ],
            "type": "pokemon",
            "context": "submerged",
            "bucket": "rare",
            "level": "24-37",
            "weight": 1.0,
            "condition": {
                "biomes": [
                    "deeperdarker:blooming_caverns",
                    "deeperdarker:deeplands",
                    "deeperdarker:echoing_forest"
                ]
            }
        },
        {
            "id": "deeper-quagsire-2",
            "pokemon": "quagsire",
            "presets": [
                "deep_dark"
            ],
            "type": "pokemon",
            "context": "grounded",
            "bucket": "rare",
            "level": "24-37",
            "weight": 1.12,
            "condition": {
                "biomes": [
                    "deeperdarker:blooming_caverns",
                    "deeperdarker:deeplands",
                    "deeperdarker:echoing_forest"
                ],
                "neededNearbyBlocks": [
                        "minecraft:water"
                ]
            }
        },
        {
            "id": "deeper-quagsire-3",
            "pokemon": "quagsire",
            "type": "pokemon",
            "context": "fishing",
            "bucket": "rare",
            "level": "24-37",
            "weight": 2.0,
            "condition": {
                "biomes": [
                    "deeperdarker:blooming_caverns",
                    "deeperdarker:deeplands",
                    "deeperdarker:echoing_forest"
                ]
            }
        }
    ]
}