{
    "enabled": true,
    "neededInstalledMods": [],
    "neededUninstalledMods": [],
    "spawns": [
        {
            "id": "deeper-shroomish-1",
            "pokemon": "shroomish",
            "presets": [
                "deep_dark"
            ],
            "type": "pokemon",
            "context": "grounded",
            "bucket": "common",
            "level": "21-37",
            "weight": 9.8,
            "condition": {
                "biomes": [
                    "deeperdarker:echoing_forest"
                ]
            }
        }
    ]
}