{
    "enabled": true,
    "neededInstalledMods": [],
    "neededUninstalledMods": [],
    "spawns": [
        {
            "id": "deeper-torkoal-1",
            "pokemon": "torkoal",
            "presets": [
                "deep_dark"
            ],
            "type": "pokemon",
            "context": "grounded",
            "bucket": "uncommon",
            "level": "21-48",
            "weight": 11.74,
            "condition": {
                "biomes": [
                    "deeperdarker:overcast_columns"
                ]
            }
        }
    ]
}