{
    "enabled": true,
    "neededInstalledMods": [],
    "neededUninstalledMods": [],
    "spawns": [
        {
            "id": "deeper-chingling-1",
            "pokemon": "chingling",
            "presets": [
                "deep_dark"
            ],
            "type": "pokemon",
            "context": "grounded",
            "bucket": "uncommon",
            "level": "23-37",
            "weight": 11.9,
            "condition": {
                "biomes": [
                    "deeperdarker:echoing_forest"
                ]
            }
        }
    ]
}