{
    "enabled": true,
    "neededInstalledMods": [],
    "neededUninstalledMods": [],
    "spawns": [
        {
            "id": "deeper-drapion-1",
            "pokemon": "drapion",
            "presets": [
                "deep_dark"
            ],
            "type": "pokemon",
            "context": "grounded",
            "bucket": "uncommon",
            "level": "39-58",
            "weight": 4.78,
            "condition": {
                "biomes": [
                    "deeperdarker:blooming_caverns"
                ]
            }
        }
    ]
}