{
    "enabled": true,
    "neededInstalledMods": [],
    "neededUninstalledMods": [],
    "spawns": [
        {
            "id": "deeper-gligar-1",
            "pokemon": "gligar",
            "presets": [
                "deep_dark"
            ],
            "type": "pokemon",
            "context": "grounded",
            "bucket": "uncommon",
            "level": "21-49",
            "weight": 3.1,
            "condition": {
                "biomes": [
                    "deeperdarker:deeplands"
                ]
            }
        }
    ]
}