{
    "enabled": true,
    "neededInstalledMods": [],
    "neededUninstalledMods": [],
    "spawns": [
        {
            "id": "deeper-roggenrola-1",
            "pokemon": "roggenrola",
            "presets": [
                "deep_dark"
            ],
            "type": "pokemon",
            "context": "grounded",
            "bucket": "uncommon",
            "level": "7-34",
            "weight": 5.4,
            "condition": {
                "biomes": [
                    "deeperdarker:deeplands",
                    "deeperdarker:overcast_columns"
                ]
            }
        }
    ]
}