{
    "enabled": true,
    "neededInstalledMods": [],
    "neededUninstalledMods": [],
    "spawns": [
        {
            "id": "deeper-gigalith-1",
            "pokemon": "gigalith",
            "presets": [
                "deep_dark"
            ],
            "type": "pokemon",
            "context": "grounded",
            "bucket": "uncommon",
            "level": "41-61",
            "weight": 0.4,
            "condition": {
                "biomes": [
                    "deeperdarker:deeplands",
                    "deeperdarker:overcast_columns"
                ]
            }
        }
    ]
}