{
    "enabled": true,
    "neededInstalledMods": [],
    "neededUninstalledMods": [],
    "spawns": [
        {
            "id": "deeper-scrafty-1",
            "pokemon": "scrafty",
            "presets": [
                "deep_dark"
            ],
            "type": "pokemon",
            "context": "grounded",
            "bucket": "uncommon",
            "level": "37-56",
            "weight": 2.3,
            "condition": {
                "biomes": [
                    "deeperdarker:overcast_columns"
                ]
            }
        }
    ]
}