{
    "enabled": true,
    "neededInstalledMods": [],
    "neededUninstalledMods": [],
    "spawns": [
        {
            "id": "deeper-golurk-1",
            "pokemon": "golurk",
            "presets": [
                "deep_dark"
            ],
            "type": "pokemon",
            "context": "grounded",
            "bucket": "uncommon",
            "level": "43-63",
            "weight": 1.0,
            "condition": {
                "biomes": [
                    "deeperdarker:deeplands"
                ]
            }
        }
    ]
}