{
    "enabled": true,
    "neededInstalledMods": [],
    "neededUninstalledMods": [],
    "spawns": [
        {
            "id": "deeper-zweilous-1",
            "pokemon": "zweilous",
            "presets": [
                "deep_dark"
            ],
            "type": "pokemon",
            "context": "grounded",
            "bucket": "rare",
            "level": "48-66",
            "weight": 1.0,
            "condition": {
                "biomes": [
                    "deeperdarker:deeplands"
                ]
            }
        }
    ]
}