{
    "enabled": true,
    "neededInstalledMods": [],
    "neededUninstalledMods": [],
    "spawns": [
        {
            "id": "deeper-malamar-1",
            "pokemon": "malamar",
            "presets": [
                "deep_dark"
            ],
            "type": "pokemon",
            "context": "grounded",
            "bucket": "uncommon",
            "level": "28-47",
            "weight": 1.2,
            "condition": {
                "biomes": [
                    "deeperdarker:blooming_caverns"
                ],
                "neededNearbyBlocks": [
                        "minecraft:water"
                ]
            }
        },
        {
            "id": "deeper-malamar-2",
            "pokemon": "malamar",
            "presets": [
                "water_surface"
            ],
            "type": "pokemon",
            "context": "surface",
            "bucket": "rare",
            "level": "28-47",
            "weight": 1.2,
            "condition": {
                "biomes": [
                    "deeperdarker:blooming_caverns",
                    "deeperdarker:deeplands",
                    "deeperdarker:echoing_forest"
                ]
            }
        },
        {
            "id": "deeper-malamar-3",
            "pokemon": "malamar",
            "type": "pokemon",
            "context": "fishing",
            "bucket": "rare",
            "level": "28-47",
            "weight": 0.6,
            "weightMultipliers": [
                {
                    "multiplier": 3.0,
                    "condition": {
                        "minLureLevel": 2,
                        "maxLureLevel": 2
                    }
                },
                {
                    "multiplier": 4.0,
                    "condition": {
                        "minLureLevel": 3
                    }
                }
            ],
            "condition": {
                "biomes": [
                    "deeperdarker:blooming_caverns",
                    "deeperdarker:deeplands",
                    "deeperdarker:echoing_forest"
                ]
            }
        }
    ]
}