{
    "enabled": true,
    "neededInstalledMods": [],
    "neededUninstalledMods": [],
    "spawns": [
        {
            "id": "deeper-screamtail-1",
            "pokemon": "screamtail",
            "presets": [
                "deep_dark"
            ],
            "type": "pokemon",
            "context": "grounded",
            "bucket": "rare",
            "level": "47-67",
            "weight": 3.36,
            "condition": {
                "biomes": [
                    "deeperdarker:echoing_forest"
                ]
            }
        }
    ]
}