{
    "enabled": true,
    "neededInstalledMods": [],
    "neededUninstalledMods": [],
    "spawns": [
        {
            "id": "deeper-sandyshocks-1",
            "pokemon": "sandyshocks",
            "presets": [
                "deep_dark"
            ],
            "type": "pokemon",
            "context": "grounded",
            "bucket": "rare",
            "level": "47-67",
            "weight": 2.12,
            "condition": {
                "biomes": [
                    "deeperdarker:overcast_columns"
                ]
            }
        }
    ]
}