{
    "enabled": true,
    "neededInstalledMods": [],
    "neededUninstalledMods": [],
    "spawns": [
        {
            "id": "deeper-roaringmoon-1",
            "pokemon": "roaringmoon",
            "presets": [
                "deep_dark"
            ],
            "type": "pokemon",
            "context": "grounded",
            "bucket": "rare",
            "level": "54-73",
            "weight": 0.8,
            "condition": {
                "biomes": [
                    "deeperdarker:deeplands"
                ]
            }
        },
        {
            "id": "deeper-roaringmoon-2",
            "pokemon": "roaringmoon",
            "presets": [
                "deep_dark"
            ],
            "type": "pokemon",
            "context": "grounded",
            "bucket": "ultra-rare",
            "level": "54-73",
            "weight": 0.5,
            "condition": {
                "biomes": [
                    "deeperdarker:deeplands"
                ]
            }
        }
    ]
}