{
    "enabled": true,
    "neededInstalledMods": [],
    "neededUninstalledMods": [],
    "spawns": [
        {
            "id": "deeper-ragingbolt-1",
            "pokemon": "ragingbolt",
            "presets": [
                "deep_dark"
            ],
            "type": "pokemon",
            "context": "grounded",
            "bucket": "ultra-rare",
            "level": "65-80",
            "weight": 2.1,
            "condition": {
                "biomes": [
                    "deeperdarker:echoing_forest"
                ]
            }
        }
    ]
}