{
	"format_version": "1.12.0",
	"minecraft:geometry": [
		{
			"description": {
				"identifier": "geometry.ancientapparition",
				"texture_width": 64,
				"texture_height": 64,
				"visible_bounds_width": 3,
				"visible_bounds_height": 3.5,
				"visible_bounds_offset": [0, 1.25, 0]
			},
			"bones": [
				{
					"name": "ancientapparition",
					"pivot": [-0.5, 0.5, 0.5]
				},
				{
					"name": "body",
					"parent": "ancientapparition",
					"pivot": [-0.5, 13.5, 0.5]
				},
				{
					"name": "main_body1",
					"parent": "body",
					"pivot": [-0.5, 13.5, 0.5],
					"cubes": [
						{"origin": [-6, 8, -5], "size": [11, 11, 11], "pivot": [-0.5, 13.5, 0.5], "rotation": [0, 0, -27.5], "uv": [0, 0]}
					]
				},
				{
					"name": "main_body2",
					"parent": "body",
					"pivot": [0.5, 19.5, 0.3],
					"cubes": [
						{"origin": [-4, 15, -4.2], "size": [9, 9, 9], "pivot": [0.5, 19.5, -9], "rotation": [0, 0, 22.5], "uv": [0, 22]}
					]
				},
				{
					"name": "main_body3",
					"parent": "body",
					"pivot": [-0.5, 13.5, 0.5],
					"cubes": [
						{"origin": [-3.91761, 22.38687, -2.9], "size": [5, 5, 5], "pivot": [-1.41761, 24.88687, 0.5], "rotation": [0, 0, 52.5], "uv": [36, 22]}
					]
				},
				{
					"name": "main_body4",
					"parent": "body",
					"pivot": [-0.5, 13.5, 0.5],
					"cubes": [
						{"origin": [-1.77641, 26.48031, -1.7], "size": [3, 3, 3], "pivot": [-0.87641, 28.58031, 0.5], "rotation": [0, 0, 55], "uv": [30, 40]}
					]
				},
				{
					"name": "main_body5",
					"parent": "body",
					"pivot": [-0.5, 13.5, 0.5],
					"cubes": [
						{"origin": [-2.05956, 29.01267, -0.2], "size": [3, 2, 1], "pivot": [-0.85956, 30.01267, -0.1], "rotation": [0, 0, 95], "uv": [40, 17]}
					]
				},
				{
					"name": "main_body6",
					"parent": "body",
					"pivot": [-0.85956, 30.01267, 0.5],
					"cubes": [
						{"origin": [-4.25956, 29.51267, 0.4], "size": [3, 1, 0], "pivot": [-0.85956, 30.01267, -0.1], "rotation": [0, 0, 80], "uv": [19, 44]}
					]
				},
				{
					"name": "head",
					"parent": "body",
					"pivot": [0, 13, 0],
					"cubes": [
						{"origin": [-1, 12, -1], "size": [2, 2, 2], "uv": [44, 6]}
					]
				},
				{
					"name": "spelltag",
					"parent": "ancientapparition",
					"pivot": [-0.5, 13, -5.8]
				},
				{
					"name": "eye",
					"parent": "spelltag",
					"pivot": [-0.5, 14.5, -6.4]
				},
				{
					"name": "pupil",
					"parent": "eye",
					"pivot": [-0.5, 14.5, -6.4],
					"cubes": [
						{"origin": [-1, 14, -6.4], "size": [1, 1, 0], "uv": [32, 46]}
					]
				},
				{
					"name": "iris",
					"parent": "eye",
					"pivot": [0, 3, -0.6],
					"cubes": [
						{"origin": [-2.5, 12.8, -6.3], "size": [3, 3, 0], "pivot": [-0.5, 13.8, -5.3], "rotation": [0, 0, 45], "uv": [16, 46]}
					]
				},
				{
					"name": "expression",
					"parent": "iris",
					"pivot": [-0.5, 13.8, -5.3],
					"cubes": [
						{"origin": [-1.5, 15.2, -6.5], "size": [1, 1, 0], "pivot": [-0.5, 15.2, -5.5], "rotation": [0, 0, 45], "uv": [16, 46]}
					]
				},
				{
					"name": "white",
					"parent": "eye",
					"pivot": [0, 3, -0.6],
					"cubes": [
						{"origin": [-3.5, 12.1, -6.2], "size": [4, 4, 0], "pivot": [-0.5, 13.1, -5.2], "rotation": [0, 0, 45], "uv": [44, 0]}
					]
				},
				{
					"name": "tag_top",
					"parent": "spelltag",
					"pivot": [-0.5, 13.02567, -5.99158],
					"cubes": [
						{"origin": [-4, 7, -5.9], "size": [7, 6, 0], "pivot": [-0.5, 13, -5.9], "rotation": [-7.5, 0, 0], "uv": [0, 54]}
					]
				},
				{
					"name": "tag_bottom",
					"parent": "spelltag",
					"pivot": [0, 3, -0.6],
					"cubes": [
						{"origin": [-4, 13, -5.9], "size": [7, 6, 0], "uv": [0, 48]}
					]
				},
				{
					"name": "mouth",
					"parent": "spelltag",
					"pivot": [0, 3, -0.6],
					"cubes": [
						{"origin": [0, 10.02139, -6.32632], "size": [2, 1, 0], "pivot": [-0.5, 10.52139, -6.32632], "rotation": [-5.31847, -5.29571, -44.75386], "uv": [32, 47]},
						{"origin": [1, 9.02139, -6.32632], "size": [1, 1, 0], "pivot": [-0.5, 10.52139, -6.32632], "rotation": [-5.31847, -5.29571, -44.75386], "uv": [32, 47]},
						{"origin": [-2, 12.02139, -6.32632], "size": [1, 1, 0], "pivot": [-0.5, 10.52139, -6.32632], "rotation": [-5.31847, -5.29571, -44.75386], "uv": [32, 47]},
						{"origin": [-3, 10.02139, -6.32632], "size": [2, 1, 0], "pivot": [-0.5, 10.52139, -6.32632], "rotation": [-5.31847, -5.29571, -44.75386], "uv": [32, 47]},
						{"origin": [-3, 10.02139, -6.32632], "size": [5, 1, 0], "pivot": [-0.5, 10.52139, -6.32632], "rotation": [-5.31847, 5.29571, 44.75386], "uv": [48, 20]}
					]
				},
				{
					"name": "wisps",
					"parent": "ancientapparition",
					"pivot": [0, 0, 0]
				},
				{
					"name": "leftwisp",
					"parent": "wisps",
					"pivot": [12.5, 18, -1],
					"rotation": [0, 180, 0]
				},
				{
					"name": "leftwisp1",
					"parent": "leftwisp",
					"pivot": [12.4901, 18.18582, -0.9],
					"cubes": [
						{"origin": [11.08239, 16.38687, -2.9], "size": [4, 4, 4], "pivot": [12.58239, 18.88687, 0.5], "rotation": [0, 0, 52.5], "uv": [36, 32]}
					]
				},
				{
					"name": "leftwisp2",
					"parent": "leftwisp",
					"pivot": [12.50051, 20.29505, -0.9],
					"cubes": [
						{"origin": [10.8656, 20.02695, -2.4], "size": [3, 3, 3], "pivot": [11.6656, 20.82695, -1.2], "rotation": [0, 0, 77.5], "uv": [40, 40]}
					]
				},
				{
					"name": "leftwisp3",
					"parent": "leftwisp",
					"pivot": [12.95741, 21.92067, -0.8],
					"cubes": [
						{"origin": [11.95741, 20.92067, -1.8], "size": [2, 2, 2], "pivot": [12.95741, 21.92067, 0.8], "rotation": [0, 0, 115], "uv": [44, 8]}
					]
				},
				{
					"name": "leftwisp4",
					"parent": "leftwisp",
					"pivot": [12.69724, 23.2557, -0.7],
					"cubes": [
						{"origin": [11.35741, 20.62067, -1.2], "size": [1, 1, 1], "pivot": [12.95741, 21.92067, 0.8], "rotation": [0, 0, 115], "uv": [30, 33]}
					]
				},
				{
					"name": "leftwisp5",
					"parent": "leftwisp",
					"pivot": [13.14044, 24.01267, 0.5],
					"cubes": [
						{"origin": [11.64044, 22.91267, -0.7], "size": [2, 1, 0], "pivot": [13.14044, 24.01267, -0.1], "rotation": [0, 0, 80], "uv": [42, 29]}
					]
				},
				{
					"name": "rightwisp",
					"parent": "wisps",
					"pivot": [0, 0, 0]
				},
				{
					"name": "rightwisp1",
					"parent": "rightwisp",
					"pivot": [-12.5099, 11.18582, -0.9],
					"cubes": [
						{"origin": [-13.91761, 9.38687, -2.9], "size": [4, 4, 4], "pivot": [-12.41761, 11.88687, 0.5], "rotation": [0, 0, 52.5], "uv": [0, 40]}
					]
				},
				{
					"name": "rightwisp2",
					"parent": "rightwisp",
					"pivot": [-12.49949, 13.29505, -0.9],
					"cubes": [
						{"origin": [-14.1344, 13.02695, -2.4], "size": [3, 3, 3], "pivot": [-13.3344, 13.82695, -1.2], "rotation": [0, 0, 77.5], "uv": [40, 40]}
					]
				},
				{
					"name": "rightwisp3",
					"parent": "rightwisp",
					"pivot": [-12.04259, 14.92067, -0.8],
					"cubes": [
						{"origin": [-13.04259, 13.92067, -1.8], "size": [2, 2, 2], "pivot": [-12.04259, 14.92067, 0.8], "rotation": [0, 0, 115], "uv": [44, 8]}
					]
				},
				{
					"name": "rightwisp4",
					"parent": "rightwisp",
					"pivot": [-12.30276, 16.2557, -0.7],
					"cubes": [
						{"origin": [-13.64259, 13.62067, -1.2], "size": [1, 1, 1], "pivot": [-12.04259, 14.92067, 0.8], "rotation": [0, 0, 115], "uv": [30, 34]}
					]
				},
				{
					"name": "rightwisp5",
					"parent": "rightwisp",
					"pivot": [-11.85956, 17.01267, 0.5],
					"cubes": [
						{"origin": [-13.35956, 15.91267, -0.7], "size": [2, 1, 0], "pivot": [-11.85956, 17.01267, -0.1], "rotation": [0, 0, 80], "uv": [41, 23]}
					]
				}
			]
		}
	]
}