{
	"format_version": "1.8.0",
	"animations": {
		"animation.obstagoon_vanguard.ground_idle": {
			"loop": true,
			"animation_length": 1.5,
			"bones": {
				"obstagoon": {
					"position": [0, -2, 0]
				},
				"body": {
					"position": [0, -2.5, 0]
				},
				"torso": {
					"rotation": {
						"0.0": [12.5, 0, 0],
						"0.6667": [15, 0, 0],
						"1.5": [12.5, 0, 0]
					}
				},
				"jaw": {
					"rotation": [7.5, 0, 0]
				},
				"tongue": {
					"rotation": [-10, 0, 0]
				},
				"tongue_bend": {
					"rotation": [12.5, 0, 0]
				},
				"tongue_end": {
					"rotation": [12.5, 0, 0]
				},
				"head": {
					"rotation": [2.5, 0, 0]
				},
				"neck3": {
					"rotation": [0, 0, 0]
				},
				"neck2": {
					"rotation": {
						"0.0": [15, 0, 0],
						"0.6667": [10, 0, 0],
						"1.5": [15, 0, 0]
					}
				},
				"right_leg": {
					"rotation": [-15.92074, 48.45237, 27.16239]
				},
				"right_foot": {
					"rotation": [2.46207, 0.43399, -14.99067]
				},
				"right_knee": {
					"rotation": [35, 0, 0]
				},
				"right_arm": {
					"rotation": {
						"0.0": [-79.59987, -36.19058, 11.09226],
						"0.6667": [-77.09987, -36.19058, 11.09226],
						"1.5": [-79.59987, -36.19058, 11.09226]
					}
				},
				"right_arm_rotate": {
					"rotation": [0, -2.5, 0]
				},
				"right_elbow_bend": {
					"rotation": [-70, 0, 0]
				},
				"right_hand": {
					"rotation": [0, 47.5, 0]
				},
				"right_fingers": {
					"rotation": [0, 0, -20]
				},
				"right_fingers_bend": {
					"rotation": [0, 0, -35]
				},
				"tail_end": {
					"rotation": [10, 0, 0]
				},
				"tail": {
					"rotation": [-15, 0, 0]
				},
				"right_thumb": {
					"rotation": [67.5, 0, 0]
				},
				"left_arm": {
					"rotation": {
						"0.0": [-50.5119, 40.53851, 32.20831],
						"0.6667": [-43.9265, 38.92187, 34.68822],
						"1.5": [-50.5119, 40.53851, 32.20831]
					}
				},
				"left_elbow_bend": {
					"rotation": [-92.5, 0, 0]
				},
				"left_hand": {
					"rotation": [0, 0, 35]
				},
				"left_thumb": {
					"rotation": [22.5, 72.5, 0]
				},
				"left_fingers": {
					"rotation": [0, 0, 42.5]
				},
				"left_fingers_bend": {
					"rotation": [0, 0, 25]
				},
				"left_leg": {
					"rotation": [-15.92074, -48.4524, -27.1624]
				},
				"left_knee": {
					"rotation": [35, 0, 0]
				},
				"left_foot": {
					"rotation": [2.46207, 0.43399, 14.9907]
				}
			}
		},
		"animation.obstagoon_vanguard.blink": {
			"animation_length": 0.16667,
			"bones": {
				"eye_right_closed": {
					"position": {
						"0.0": [-0.1, 0, 0],
						"0.125": [-0.1, 0, 0],
						"0.1667": [0, 0, 0]
					}
				},
				"eye_left_closed": {
					"position": {
						"0.0": [0.1, 0, 0],
						"0.125": [0.1, 0, 0],
						"0.1667": [0, 0, 0]
					}
				}
			}
		},
		"animation.obstagoon_vanguard.cry": {
			"animation_length": 1.25,
			"bones": {
				"head": {
					"rotation": {
						"0.0": [0, 0, 0],
						"0.1667": [-15, 0, 0],
						"0.25": [-17.5, 0, 0],
						"0.7083": [-17.78, 0, 0],
						"0.7917": [-15, 0, 0],
						"1.0417": [0, 0, 0]
					}
				},
				"jaw": {
					"rotation": {
						"0.0": [0, 0, 0],
						"0.1667": [20, 0, 0],
						"0.75": [20, 0, 0],
						"1.0417": [0, 0, 0]
					}
				},
				"tongue": {
					"rotation": {
						"0.0": [0, 0, 0],
						"0.1667": [0, "0-14*Math.cos((query.anim_time-0.5) * 90 * 6) * 1", 0],
						"0.75": [0, "0-14*Math.cos((query.anim_time-0.5) * 90 * 6) * 1", 0],
						"0.9583": [0, 0, 0]
					}
				}
			}
		},
		"animation.obstagoon_vanguard.silent": {
			"loop": true,
			"bones": {
				"jaw": {
					"rotation": [-25, 0, 0]
				},
				"tongue": {
					"scale": 0
				}
			}
		},
		"animation.obstagoon_vanguard.ground_walk": {
			"loop": true,
			"animation_length": 1.58333,
			"bones": {
				"obstagoon": {
					"position": [0, -2, 0]
				},
				"body": {
					"position": [0, -2.5, 0]
				},
				"torso": {
					"rotation": {
						"0.0": [12.5, 0, 0],
						"0.6667": [15, 0, 0],
						"1.5": [12.5, 0, 0]
					}
				},
				"jaw": {
					"rotation": [7.5, 0, 0]
				},
				"tongue": {
					"rotation": [-10, 0, 0]
				},
				"tongue_bend": {
					"rotation": [12.5, 0, 0]
				},
				"tongue_end": {
					"rotation": [12.5, 0, 0]
				},
				"head": {
					"rotation": [2.5, 0, 0]
				},
				"neck3": {
					"rotation": [0, 0, 0]
				},
				"neck2": {
					"rotation": {
						"0.0": [15, 0, 0],
						"0.6667": [10, 0, 0],
						"1.5": [15, 0, 0]
					}
				},
				"right_leg": {
					"rotation": {
						"0.0": [-15.92074, 48.45237, 27.16239],
						"0.3333": [-33.42074, 48.45237, 27.16239],
						"0.75": [-15.92074, 48.45237, 27.16239],
						"1.1667": [11.57926, 48.45237, 27.16239],
						"1.5833": [-15.92074, 48.45237, 27.16239]
					}
				},
				"right_foot": {
					"rotation": [2.46207, 0.43399, -14.99067]
				},
				"right_knee": {
					"rotation": [35, 0, 0]
				},
				"right_arm": {
					"rotation": {
						"0.0": [-79.59987, -36.19058, 11.09226],
						"0.6667": [-77.09987, -36.19058, 11.09226],
						"1.5": [-79.59987, -36.19058, 11.09226]
					}
				},
				"right_arm_rotate": {
					"rotation": [0, -2.5, 0]
				},
				"right_elbow_bend": {
					"rotation": [-70, 0, 0]
				},
				"right_hand": {
					"rotation": [0, 47.5, 0]
				},
				"right_fingers": {
					"rotation": [0, 0, -20]
				},
				"right_fingers_bend": {
					"rotation": [0, 0, -35]
				},
				"tail_end": {
					"rotation": [10, 0, 0]
				},
				"tail": {
					"rotation": [-15, 0, 0]
				},
				"right_thumb": {
					"rotation": [67.5, 0, 0]
				},
				"left_arm": {
					"rotation": {
						"0.0": [-50.5119, 40.53851, 32.20831],
						"0.6667": [-43.9265, 38.92187, 34.68822],
						"1.5833": [-50.5119, 40.53851, 32.20831]
					}
				},
				"left_elbow_bend": {
					"rotation": [-92.5, 0, 0]
				},
				"left_hand": {
					"rotation": [0, 0, 35]
				},
				"left_thumb": {
					"rotation": [22.5, 72.5, 0]
				},
				"left_fingers": {
					"rotation": [0, 0, 42.5]
				},
				"left_fingers_bend": {
					"rotation": [0, 0, 25]
				},
				"left_leg": {
					"rotation": {
						"0.0": [-15.92074, -48.4524, -27.1624],
						"0.3333": [6.57926, -48.4524, -27.1624],
						"0.75": [-15.92074, -48.4524, -27.1624],
						"1.1667": [-38.42074, -48.4524, -27.1624],
						"1.5833": [-15.92074, -48.4524, -27.1624]
					}
				},
				"left_knee": {
					"rotation": [35, 0, 0]
				},
				"left_foot": {
					"rotation": [2.46207, 0.43399, 14.9907]
				}
			}
		}
	}
}