{
  "species": "cobblemon:alloette",
  "order": 0,
  "variations": [
    {
      "aspects": [],
      "poser": "cobblemon:alloette",
      "model": "cobblemon:alloette.geo",
      "texture": "cobblemon:textures/pokemon/alloette/alloette.png",
      "layers": [
        {
          "name": "color",
          "texture": "cobblemon:textures/pokemon/alloette/alloette_emissive.png",
          "emissive": true,
          "translucent": true
        }
      ]
    },
    {
      "aspects": ["shiny"],
      "texture": "cobblemon:textures/pokemon/alloette/alloette_shiny.png",
      "layers": [
        {
          "name": "color",
          "texture": "cobblemon:textures/pokemon/alloette/alloette_shiny_emissive.png",
          "emissive": true,
          "translucent": true
        }
      ]
    }
  ]
}
