{
  "species": "cobblemon:norstar",
  "order": 0,
  "variations": [
    {
      "aspects": [],
      "poser": "cobblemon:norstar",
      "model": "cobblemon:norstar.geo",
      "texture": "cobblemon:textures/pokemon/norstar/norstar.png",
      "layers": [
        {
          "name": "glow",
          "texture": "cobblemon:textures/pokemon/norstar/norstar_gem_emissive.png",
          "emissive": true,
          "translucent": true
        }
      ]
    },
    {
      "aspects": ["shiny"],
      "texture": "cobblemon:textures/pokemon/norstar/norstar_shiny.png",
      "layers": [
        {
          "name": "glow",
          "texture": "cobblemon:textures/pokemon/norstar/norstar_gem_shiny_emissive.png",
          "emissive": true,
          "translucent": true
        }
      ]
    }
  ]
}
