{
  "species": "cobblemon:pillowisp",
  "order": 0,
  "variations": [
    {
      "aspects": [],
      "poser": "cobblemon:pillowisp",
      "model": "cobblemon:pillowisp.geo",
      "texture": "cobblemon:textures/pokemon/pillowisp/pillowisp.png",
      "layers": [
        {
          "name": "color",
          "texture": "cobblemon:textures/pokemon/pillowisp/pillowisp_emissive.png",
          "emissive": true
        }
      ]
    },
    {
      "aspects": ["shiny"],
      "texture": "cobblemon:textures/pokemon/pillowisp/pillowisp_shiny.png",
      "layers": [
        {
          "name": "color",
          "texture": "cobblemon:textures/pokemon/pillowisp/pillowisp_shiny_emissive.png",
          "emissive": true
        }
      ]
    }
  ]
}
