{
  "species": "cobblemon:lurantis",
  "order": 1,
  "variations": [
    {
      "aspects": ["lunar"],
      "poser": "cobblemon:lurantis_lunar",
      "model": "cobblemon:lurantis_lunar.geo",
      "texture": "cobblemon:textures/pokemon/0754_lurantis/lurantis_lunar.png",
      "layers": [
        {
          "name": "transparency",
          "texture": "cobblemon:textures/pokemon/0754_lurantis/lurantis_lunar_transparent.png",
          "translucent": true
        }
      ]
    },
    {
      "aspects": ["lunar", "shiny"],
      "texture": "cobblemon:textures/pokemon/0754_lurantis/lurantis_lunar_shiny.png",
      "layers": [
        {
          "name": "transparency",
          "texture": "cobblemon:textures/pokemon/0754_lurantis/lurantis_lunar_shiny_transparent.png",
          "translucent": true
        }
      ]
    }
  ]
}
