{
  "species": "cobblemon:phantump",
  "order": 1,
  "variations": [
    {
      "aspects": ["pale"],
      "poser": "cobblemon:phantump",
      "model": "cobblemon:phantump_pale.geo",
      "texture": "cobblemon:textures/pokemon/0708_phantump/phantump_pale.png",
      "layers": [
        {
          "name": "emissive",
          "texture": "cobblemon:textures/pokemon/0708_phantump/phantump_pale_emissive.png",
          "emissive": true,
          "translucent": true
        }
      ]
    },
    {
      "aspects": ["pale","shiny"],
      "texture": "cobblemon:textures/pokemon/0708_phantump/phantump_pale_shiny.png",
      "layers": [
        {
          "name": "emissive",
          "texture": "cobblemon:textures/pokemon/0708_phantump/phantump_pale_shiny_emissive.png",
          "emissive": true,
          "translucent": true
        }
      ]
    }
  ]
}
