{
	"format_version": "1.12.0",
	"minecraft:geometry": [
		{
			"description": {
				"identifier": "geometry.snailistea",
				"texture_width": 128,
				"texture_height": 128,
				"visible_bounds_width": 3,
				"visible_bounds_height": 2.5,
				"visible_bounds_offset": [0, 0.75, 0]
			},
			"bones": [
				{
					"name": "snailistea",
					"pivot": [0, 0, 0]
				},
				{
					"name": "body",
					"parent": "snailistea",
					"pivot": [0, 7, 0],
					"cubes": [
						{"origin": [-6.5, 5.5, -6.5], "size": [13, 3, 13], "uv": [32, 20]},
						{"origin": [-4.5, 2, -4.5], "size": [9, 4, 9], "uv": [0, 33]},
						{"origin": [-4.5, 3.5, -4.5], "size": [9, 1, 9], "inflate": 0.01, "uv": [45, 0]},
						{"origin": [-7.5, 8.5, -7.5], "size": [15, 0, 15], "inflate": 0.01, "uv": [0, 18]},
						{"origin": [-7.5, 8.5, -7.5], "size": [15, 4, 0], "inflate": 0.01, "uv": [0, 50]},
						{"origin": [-7.5, 8.5, 7.5], "size": [15, 4, 0], "inflate": 0.01, "uv": [45, 10]},
						{"origin": [7.5, 8.5, -7.5], "size": [0, 4, 15], "inflate": 0.01, "uv": [0, 31]},
						{"origin": [-7.5, 8.5, -7.5], "size": [0, 4, 15], "inflate": 0.01, "uv": [27, 21]}
					]
				},
				{
					"name": "snail_interior",
					"parent": "body",
					"pivot": [0, 10, 0],
					"cubes": [
						{"origin": [-7.5, 8.5, -7.5], "size": [15, 3, 15], "uv": [0, 0]}
					]
				},
				{
					"name": "snail",
					"parent": "body",
					"pivot": [0, 11.5, 0],
					"rotation": [0, -45, 0]
				},
				{
					"name": "snail_body",
					"parent": "snail",
					"pivot": [0, 11.5, 0],
					"cubes": [
						{"origin": [-4, 10.5, -4.5], "size": [8, 5, 9], "uv": [30, 40]}
					]
				},
				{
					"name": "tail1",
					"parent": "snail_body",
					"pivot": [0, 12.5, 4],
					"cubes": [
						{"origin": [-3, 10.5, 3], "size": [6, 4, 4], "uv": [20, 54]}
					]
				},
				{
					"name": "tail2",
					"parent": "tail1",
					"pivot": [0, 12, 7],
					"cubes": [
						{"origin": [-1.5, 10.5, 6], "size": [3, 3, 5], "uv": [53, 57]}
					]
				},
				{
					"name": "tail3",
					"parent": "tail2",
					"pivot": [0, 13.5, 11],
					"cubes": [
						{"origin": [-1.5, 10.5, 11], "size": [3, 3, 4], "uv": [0, 0]}
					]
				},
				{
					"name": "tail4",
					"parent": "tail3",
					"pivot": [0, 13, 15],
					"cubes": [
						{"origin": [-1, 11, 15], "size": [2, 2, 4], "uv": [0, 24]}
					]
				},
				{
					"name": "tail5",
					"parent": "tail4",
					"pivot": [0, 12, 19],
					"cubes": [
						{"origin": [-0.5, 11.5, 18], "size": [1, 1, 3], "uv": [0, 30]}
					]
				},
				{
					"name": "head",
					"parent": "snail_body",
					"pivot": [0, 12.5, -4.5],
					"cubes": [
						{"origin": [-3, 10.5, -7.5], "size": [6, 4, 4], "uv": [0, 54]}
					]
				},
				{
					"name": "eyes",
					"parent": "head",
					"pivot": [0, 11.5, -7]
				},
				{
					"name": "eye_right1",
					"parent": "eyes",
					"pivot": [-1.93185, 12.46593, -6.74118],
					"rotation": [15, 15, 0],
					"cubes": [
						{"origin": [-3.43185, 11.46593, -10.74118], "size": [3, 2, 4], "uv": [0, 18]}
					]
				},
				{
					"name": "eye_right2",
					"parent": "eye_right1",
					"pivot": [-1.93185, 12.46593, -9.74118],
					"rotation": [52.5, 0, 0],
					"cubes": [
						{"origin": [-3.93185, 10.96593, -14.74118], "size": [4, 3, 5], "uv": [55, 36]}
					]
				},
				{
					"name": "eye_right",
					"parent": "eye_right2",
					"pivot": [-1.93185, 13.96593, -14.24118],
					"cubes": [
						{"origin": [-2.93185, 13.96593, -14.24118], "size": [2, 0, 1], "inflate": 0.01, "uv": [9, 1]},
						{"origin": [-0.93185, 13.96593, -13.74118], "size": [1, 0, 1], "inflate": 0.01, "uv": [0, 3]},
						{"origin": [-3.93185, 13.96593, -13.74118], "size": [1, 0, 1], "inflate": 0.01, "uv": [0, 2]}
					]
				},
				{
					"name": "eye_left1",
					"parent": "eyes",
					"pivot": [1.93185, 12.46593, -6.74118],
					"rotation": [15, -15, 0],
					"cubes": [
						{"origin": [0.43185, 11.46593, -10.74118], "size": [3, 2, 4], "uv": [0, 7]}
					]
				},
				{
					"name": "eye_left2",
					"parent": "eye_left1",
					"pivot": [1.93185, 12.46593, -9.74118],
					"rotation": [52.5, 0, 0],
					"cubes": [
						{"origin": [-0.06815, 10.96593, -14.74118], "size": [4, 3, 5], "uv": [40, 54]}
					]
				},
				{
					"name": "eye_left",
					"parent": "eye_left2",
					"pivot": [1.93185, 13.96593, -14.24118],
					"cubes": [
						{"origin": [0.93185, 13.96593, -14.24118], "size": [2, 0, 1], "inflate": 0.01, "uv": [9, 0]},
						{"origin": [-0.06815, 13.96593, -13.74118], "size": [1, 0, 1], "inflate": 0.01, "uv": [0, 1]},
						{"origin": [2.93185, 13.96593, -13.74118], "size": [1, 0, 1], "inflate": 0.01, "uv": [0, 0]}
					]
				}
			]
		}
	]
}