{
	"format_version": "1.12.0",
	"minecraft:geometry": [
		{
			"description": {
				"identifier": "geometry.colonant_bivouac",
				"texture_width": 512,
				"texture_height": 512,
				"visible_bounds_width": 11,
				"visible_bounds_height": 9.5,
				"visible_bounds_offset": [0, 4.25, 0]
			},
			"bones": [
				{
					"name": "colonant_bivouac",
					"pivot": [0, 0, 0]
				},
				{
					"name": "body",
					"parent": "colonant_bivouac",
					"pivot": [0, 66.38, -0.73539]
				},
				{
					"name": "neck",
					"parent": "body",
					"pivot": [0, 71, -13.33539],
					"cubes": [
						{"origin": [-3, 66.8312, -17.66311], "size": [6, 6, 18], "pivot": [0, 70.10037, -14.03377], "rotation": [12.5, 180, 0], "uv": [170, 328]}
					]
				},
				{
					"name": "head",
					"parent": "neck",
					"pivot": [-0.01818, 71.28531, -20.57355],
					"rotation": [7.5, 0, 0],
					"cubes": [
						{"origin": [-18, 68, -3.73215], "size": [11, 23, 36], "pivot": [0, 85.10037, -12.03377], "rotation": [0, 180, 0], "uv": [0, 176]},
						{"origin": [-7, 68, -3.73215], "size": [14, 23, 36], "pivot": [0, 85.10037, -12.03377], "rotation": [0, -180, 0], "uv": [172, 153]},
						{"origin": [7, 68, -3.73215], "size": [11, 23, 36], "pivot": [0, 85.10037, -12.03377], "rotation": [0, -180, 0], "uv": [180, 0]},
						{"origin": [-19, 74, 9.26785], "size": [11, 14, 24], "pivot": [0, 85.10037, -12.03377], "rotation": [0, 180, 0], "uv": [0, 293]},
						{"origin": [-19.1, 78.5, 21.26785], "size": [2, 5, 11], "pivot": [0, 85.10037, -12.03377], "rotation": [0, 180, 0], "uv": [14, 487]},
						{"origin": [8, 74, 9.26785], "size": [11, 14, 24], "pivot": [0, 85.10037, -12.03377], "rotation": [0, -180, 0], "uv": [298, 88]},
						{"origin": [17.1, 78.5, 21.26785], "size": [2, 5, 11], "pivot": [0, 85.10037, -12.03377], "rotation": [0, -180, 0], "uv": [14, 487], "mirror": true},
						{"origin": [-0.9, 67.5, -56.33539], "size": [0, 5, 11], "pivot": [-0.9, 70, -55.83539], "rotation": [-155, -37.5, 90], "uv": [14, 487]},
						{"origin": [0.9, 67.5, -56.33539], "size": [0, 5, 11], "pivot": [0.9, 70, -55.83539], "rotation": [-155, 37.5, -90], "uv": [14, 487], "mirror": true}
					]
				},
				{
					"name": "jaws",
					"parent": "head",
					"pivot": [-0.1, 71.07782, -52.21416]
				},
				{
					"name": "l_jaw",
					"parent": "jaws",
					"pivot": [-0.1, 71.07782, -47.21416],
					"cubes": [
						{"origin": [-16.1, 71.07782, -52.71416], "size": [16, 0, 29], "pivot": [-0.1, 71.07782, -52.21416], "rotation": [0, 172.5, 0], "uv": [270, 59]}
					]
				},
				{
					"name": "r_jaw",
					"parent": "jaws",
					"pivot": [-0.1, 71.07782, -47.21416],
					"cubes": [
						{"origin": [-0.88316, 71.07782, -40.76549], "size": [16, 0, 29], "pivot": [-0.1, 71.07782, -46.21416], "rotation": [0, -172.5, 0], "uv": [180, 59]}
					]
				},
				{
					"name": "antennae",
					"parent": "head",
					"pivot": [21.1, 121, -59.13539]
				},
				{
					"name": "r_antennae",
					"parent": "antennae",
					"pivot": [-10.5344, 91.73879, -52.44888],
					"cubes": [
						{"origin": [-12, 88.1903, -52.37868], "size": [5, 25, 5], "pivot": [-9.5, 88.1903, -49.87868], "rotation": [157.5, -57.5, -180], "uv": [196, 352]}
					]
				},
				{
					"name": "r_stamen",
					"parent": "r_antennae",
					"pivot": [-15.23122, 112.43534, -53.52987],
					"cubes": [
						{"origin": [-18.73122, 112.43534, -54.02987], "size": [7, 15, 8], "inflate": 0.4, "pivot": [-15.23122, 112.43534, -53.52987], "rotation": [127.5, -57.5, -180], "uv": [116, 352]}
					]
				},
				{
					"name": "l_antennae",
					"parent": "antennae",
					"pivot": [10.5344, 92.73879, -50.44888],
					"cubes": [
						{"origin": [7, 88.1903, -52.37868], "size": [5, 25, 5], "pivot": [9.5, 88.1903, -49.87868], "rotation": [157.5, 57.5, 180], "uv": [176, 352]}
					]
				},
				{
					"name": "l_stamen",
					"parent": "l_antennae",
					"pivot": [16.17708, 109.09713, -54.01361],
					"cubes": [
						{"origin": [11.73122, 112.43534, -54.02987], "size": [7, 15, 8], "inflate": 0.4, "pivot": [15.23122, 112.43534, -53.52987], "rotation": [127.5, 57.5, 180], "uv": [146, 352]},
						{"origin": [10.73122, 120.43534, -55.02987], "size": [9, 3, 10], "inflate": 0.4, "pivot": [15.23122, 112.43534, -53.52987], "rotation": [127.5, 57.5, 180], "uv": [272, 197]},
						{"origin": [21.1, 118.5, -68.63539], "size": [0, 5, 11], "pivot": [21.1, 121, -59.13539], "rotation": [115, 0, 180], "uv": [14, 487]}
					]
				},
				{
					"name": "body_nohead",
					"parent": "body",
					"pivot": [0, 0, -13],
					"cubes": [
						{"origin": [-3, 61.60479, -39.14284], "size": [6, 6, 18], "pivot": [0, 81.10037, -12.03377], "rotation": [-10, 180, 0], "uv": [122, 328]},
						{"origin": [-9, 57, -33.73215], "size": [18, 18, 18], "pivot": [0, 81.10037, -12.03377], "rotation": [0, 180, 0], "uv": [94, 176]},
						{"origin": [-11, 55, -29.73215], "size": [22, 22, 22], "pivot": [0, 81.10037, -12.03377], "rotation": [0, 180, 0], "uv": [272, 153]},
						{"origin": [-0.5, 77, -20.73215], "size": [1, 0, 1], "pivot": [0, 81.10037, -12.03377], "rotation": [0, -180, 0], "uv": [162, 439], "mirror": true},
						{"origin": [-0.5, 54.9, -20.73215], "size": [1, 0, 1], "pivot": [0, 81.10037, -12.03377], "rotation": [0, 180, 0], "uv": [162, 439]}
					]
				},
				{
					"name": "butt",
					"parent": "body_nohead",
					"pivot": [4.46252, 69.00251, 13.16519],
					"cubes": [
						{"origin": [-21, 43.895, -82.25572], "size": [42, 42, 48], "pivot": [0, 81.10037, -12.03377], "rotation": [-10, 180, 0], "uv": [0, 0]},
						{"origin": [-26, 38.895, -69.25572], "size": [52, 52, 11], "pivot": [0, 81.10037, -12.03377], "rotation": [-10, 180, 0], "uv": [172, 90]},
						{"origin": [-19, 43.45806, -91.49534], "size": [38, 38, 48], "pivot": [0, 81.10037, -12.03377], "rotation": [167.5, 0, 180], "uv": [0, 90]},
						{"origin": [-7, 64.50311, 72.27282], "size": [14, 30, 19], "pivot": [0, 68.00311, 72.77282], "rotation": [-172.5, 0, 180], "uv": [274, 0]},
						{"origin": [-0.5, 90.9, -63.23215], "size": [1, 0, 1], "pivot": [0, 81.10037, -12.03377], "rotation": [-10, -180, 0], "uv": [162, 439]},
						{"origin": [-0.5, 85.9, -73.23215], "size": [1, 0, 1], "pivot": [0, 81.10037, -12.03377], "rotation": [-10, -180, 0], "uv": [162, 439]},
						{"origin": [19.1, 97.5, 30.66461], "size": [0, 5, 11], "pivot": [19.1, 100, 41.66461], "rotation": [127.5, 0, 180], "uv": [14, 487]},
						{"origin": [19.1, 104.64018, 36.14347], "size": [0, 5, 11], "pivot": [19.1, 107.14018, 47.14347], "rotation": [145.8473, -2.20274, 122.82506], "uv": [14, 487]}
					]
				},
				{
					"name": "f_l_leg",
					"parent": "colonant_bivouac",
					"pivot": [5.8357, 65.2568, -14]
				},
				{
					"name": "bone",
					"parent": "f_l_leg",
					"pivot": [18.89174, 41.06497, -12.85491],
					"cubes": [
						{"origin": [16.39174, 39.56497, -15.35491], "size": [5, 30, 5], "pivot": [18.89174, 41.06497, -12.85491], "rotation": [180, 0, 152.5], "uv": [36, 331]}
					]
				},
				{
					"name": "f_l_upper_leg",
					"parent": "f_l_leg",
					"pivot": [18.89174, 41.06497, -12.85491]
				},
				{
					"name": "f_l_lower_leg",
					"parent": "f_l_upper_leg",
					"pivot": [18.48783, 41.22732, -11.1615],
					"cubes": [
						{"origin": [0.95671, 16, -17.35491], "size": [9, 20, 9], "inflate": -0.2, "pivot": [5.45671, 54.5, -12.85491], "rotation": [-180, 0, 135], "uv": [218, 328]},
						{"origin": [-0.04329, 25, -18.35491], "size": [11, 5, 11], "pivot": [5.45671, 54.5, -12.85491], "rotation": [-180, 0, 135], "uv": [350, 126]},
						{"origin": [35.8623, 10.45837, -17.35491], "size": [9, 20, 9], "pivot": [35.8623, 30.45837, -12.85491], "rotation": [-180, 0, -180], "uv": [290, 338]},
						{"origin": [35.8623, 24.45837, -16.35491], "size": [2, 12, 7], "inflate": 0.2, "pivot": [35.8623, 30.45837, -12.85491], "rotation": [-180, 0, -180], "uv": [352, 216]},
						{"origin": [31.05671, 25.5, -21.32569], "size": [0, 5, 11], "pivot": [31.05671, 28, -9.82569], "rotation": [-155, 0, 180], "uv": [14, 487]}
					]
				},
				{
					"name": "f_l_foot",
					"parent": "f_l_lower_leg",
					"pivot": [36.3623, 19.45837, -6.52569],
					"cubes": [
						{"origin": [33.8623, -0.54163, -19.35491], "size": [13, 11, 13], "pivot": [35.8623, 19.45837, -12.85491], "rotation": [-180, 0, -180], "uv": [298, 126]}
					]
				},
				{
					"name": "bone21",
					"parent": "f_l_foot",
					"pivot": [36.3623, 19.45837, -6.52569]
				},
				{
					"name": "bone22",
					"parent": "bone21",
					"pivot": [31.3623, -0.54163, -14.85491],
					"cubes": [
						{"origin": [31.3623, -0.54163, -34.35491], "size": [0, 15, 22], "pivot": [31.3623, 6.95837, -23.35491], "rotation": [-180, 0, -180], "uv": [180, 233]}
					]
				},
				{
					"name": "bone23",
					"parent": "bone21",
					"pivot": [31.3623, -0.54163, -11.02569],
					"cubes": [
						{"origin": [41.3623, -0.54163, -33.02569], "size": [0, 15, 22], "pivot": [36.3623, 19.45837, -11.52569], "rotation": [180, 0, -180], "uv": [180, 218]}
					]
				},
				{
					"name": "f_r_leg",
					"parent": "colonant_bivouac",
					"pivot": [-5.83569, 65.25676, -14],
					"cubes": [
						{"origin": [-11.50447, 49.9, -21.79106], "size": [0, 5, 11], "pivot": [-14.70447, 53, -10.59106], "rotation": [142.5, 0, 132.5], "uv": [14, 487]}
					]
				},
				{
					"name": "bone2",
					"parent": "f_r_leg",
					"pivot": [-18.7395, 41.06497, -13.62028],
					"cubes": [
						{"origin": [-21.2395, 39.56497, -16.12028], "size": [5, 30, 5], "pivot": [-18.7395, 41.06497, -13.62028], "rotation": [180, 0, -152.5], "uv": [96, 352]}
					]
				},
				{
					"name": "f_r_upper_leg",
					"parent": "f_r_leg",
					"pivot": [-18.7395, 41.06497, -13.62028]
				},
				{
					"name": "f_r_lower_leg",
					"parent": "f_r_upper_leg",
					"pivot": [-18.6468, 40.80564, -13.62028],
					"cubes": [
						{"origin": [-44.71006, 10.45837, -18.12028], "size": [9, 20, 9], "pivot": [-35.71006, 30.45837, -13.62028], "rotation": [-180, 0, 180], "uv": [290, 338]},
						{"origin": [-37.71006, 25.45837, -17.12028], "size": [2, 12, 7], "inflate": 0.2, "pivot": [-35.71006, 30.45837, -13.62028], "rotation": [-180, 0, 180], "uv": [352, 235]},
						{"origin": [-9.80447, 16, -18.12028], "size": [9, 20, 9], "inflate": -0.2, "pivot": [-5.30447, 54.5, -13.62028], "rotation": [-180, 0, -135], "uv": [346, 270]},
						{"origin": [-46.71006, -0.54163, -20.12028], "size": [13, 11, 13], "pivot": [-35.71006, 19.45837, -13.62028], "rotation": [-180, 0, 180], "uv": [70, 328]}
					]
				},
				{
					"name": "f_r_foot",
					"parent": "f_r_lower_leg",
					"pivot": [-27.39888, 19.45837, -7.59106]
				},
				{
					"name": "f_r_blade1",
					"parent": "f_r_foot",
					"pivot": [-32.39888, -0.54163, -15.92028],
					"cubes": [
						{"origin": [-32.39888, -0.54163, -35.42028], "size": [0, 15, 22], "pivot": [-32.39888, 6.95837, -24.42028], "rotation": [-180, 0, -180], "uv": [180, 233]}
					]
				},
				{
					"name": "f_r_blade2",
					"parent": "f_r_foot",
					"pivot": [-32.39888, -0.54163, -12.09106],
					"cubes": [
						{"origin": [-22.39888, -0.54163, -34.09106], "size": [0, 15, 22], "pivot": [-27.39888, 19.45837, -12.59106], "rotation": [180, 0, -180], "uv": [180, 218]}
					]
				},
				{
					"name": "b_l_leg",
					"parent": "colonant_bivouac",
					"pivot": [6.60547, 58.4584, 5.15982]
				},
				{
					"name": "bone4",
					"parent": "b_l_leg",
					"pivot": [24.60547, 40.8584, 5.15982],
					"cubes": [
						{"origin": [9.19987, 36, 2.65983], "size": [5, 30, 5], "pivot": [11.69987, 54.5, 5.15983], "rotation": [180, 0, 135], "uv": [56, 352]}
					]
				},
				{
					"name": "b_l_upper_leg",
					"parent": "b_l_leg",
					"pivot": [6.69987, 60.5, 5.15983]
				},
				{
					"name": "b_l_lower_leg",
					"parent": "b_l_upper_leg",
					"pivot": [25.69987, 40.5, 5.15983],
					"cubes": [
						{"origin": [7.19987, 16, 0.65983], "size": [9, 20, 9], "inflate": -0.2, "pivot": [11.69987, 54.5, 5.15983], "rotation": [180, 0, 135], "uv": [254, 338]},
						{"origin": [42.10546, 10.45837, 0.65983], "size": [9, 20, 9], "pivot": [42.10546, 30.45837, 5.15983], "rotation": [180, 0, -180], "uv": [290, 338]},
						{"origin": [42.10546, 24.45837, 1.65983], "size": [2, 12, 7], "inflate": 0.2, "pivot": [42.10546, 30.45837, 5.15983], "rotation": [180, 0, -180], "uv": [352, 197]}
					]
				},
				{
					"name": "b_l_foot",
					"parent": "b_l_lower_leg",
					"pivot": [25.69987, 40.5, 5.15983],
					"cubes": [
						{"origin": [40.10546, -0.54163, -1.34017], "size": [13, 11, 13], "pivot": [42.10546, 19.45837, 5.15983], "rotation": [180, 0, -180], "uv": [298, 126]},
						{"origin": [47.60546, -0.54163, -16.34017], "size": [0, 15, 43], "pivot": [42.60546, 19.45837, 5.15983], "rotation": [180, 0, -180], "uv": [180, 212]}
					]
				},
				{
					"name": "b_r_leg",
					"parent": "colonant_bivouac",
					"pivot": [-9.03122, 57.25676, 6.16461]
				},
				{
					"name": "bone3",
					"parent": "b_r_leg",
					"pivot": [-24.03122, 41.25676, 6.16461],
					"cubes": [
						{"origin": [-14, 36, 3.66461], "size": [5, 30, 5], "pivot": [-11.5, 54.5, 6.16461], "rotation": [180, 0, -135], "uv": [76, 352]}
					]
				},
				{
					"name": "b_r_upper_leg",
					"parent": "b_r_leg",
					"pivot": [-42.40559, 19.45837, 6.16461]
				},
				{
					"name": "b_r_lower_leg",
					"parent": "b_r_upper_leg",
					"pivot": [-24.65457, 41.75473, 6.16461],
					"cubes": [
						{"origin": [-16, 16, 1.66461], "size": [9, 20, 9], "inflate": -0.2, "pivot": [-11.5, 54.5, 6.16461], "rotation": [180, 0, -135], "uv": [326, 338]},
						{"origin": [-50.90559, 10.45837, 1.66461], "size": [9, 20, 9], "pivot": [-41.90559, 30.45837, 6.16461], "rotation": [180, 0, 180], "uv": [290, 338]},
						{"origin": [-43.90559, 25.45837, 2.66461], "size": [2, 12, 7], "inflate": 0.2, "pivot": [-41.90559, 30.45837, 6.16461], "rotation": [180, 0, 180], "uv": [216, 357]}
					]
				},
				{
					"name": "b_r_foot",
					"parent": "b_r_lower_leg",
					"pivot": [-41.90559, 19.45837, 6.16461],
					"cubes": [
						{"origin": [-47.40559, -0.54163, -15.33539], "size": [0, 15, 43], "pivot": [-42.40559, 19.45837, 6.16461], "rotation": [180, 0, 180], "uv": [180, 212]},
						{"origin": [-52.90559, -0.54163, -0.33539], "size": [13, 11, 13], "pivot": [-41.90559, 19.45837, 6.16461], "rotation": [180, 0, 180], "uv": [298, 126]}
					]
				}
			]
		}
	]
}