{
	"format_version": "1.12.0",
	"minecraft:geometry": [
		{
			"description": {
				"identifier": "geometry.colonant",
				"texture_width": 64,
				"texture_height": 64,
				"visible_bounds_width": 2,
				"visible_bounds_height": 2.5,
				"visible_bounds_offset": [0, 0.75, 0]
			},
			"bones": [
				{
					"name": "bone8",
					"pivot": [0, 0.00588, 0.02272]
				},
				{
					"name": "bone7",
					"parent": "bone8",
					"pivot": [0, 4.50588, -0.47728]
				},
				{
					"name": "neck",
					"parent": "bone7",
					"pivot": [0, 4.4, 0],
					"cubes": [
						{"origin": [-0.5, 3.9, -4], "size": [1, 1, 4], "inflate": -0.2, "pivot": [0, 4.4, 0], "rotation": [-15, 0, 0], "uv": [24, 0]}
					]
				},
				{
					"name": "head",
					"parent": "neck",
					"pivot": [0, 4.96991, -2.10494],
					"cubes": [
						{"origin": [-2, 4.3, -6], "size": [4, 4, 4], "uv": [0, 16]},
						{"origin": [1.02, 5.5, -6.02], "size": [1, 2, 3], "uv": [24, 5]},
						{"origin": [1.12, 6, -6.12], "size": [1, 1, 1], "uv": [44, 6]},
						{"origin": [-2.121, 6.2, -5.82], "size": [1, 1, 1], "uv": [49, 16], "mirror": true},
						{"origin": [1.1201, 6.2, -5.82], "size": [1, 1, 1], "uv": [51, 12]},
						{"origin": [-2.12, 6, -6.12], "size": [1, 1, 1], "uv": [42, 10], "mirror": true},
						{"origin": [1.03, 6, -5.12], "size": [1, 1, 1], "uv": [38, 13]},
						{"origin": [-2.03, 6, -5.12], "size": [1, 1, 1], "uv": [38, 13], "mirror": true},
						{"origin": [-2.02, 5.5, -6.02], "size": [1, 2, 3], "uv": [24, 5], "mirror": true},
						{"origin": [-2.29652, 9.41911, -6.43117], "size": [1, 3, 1], "inflate": -0.4, "pivot": [-1.79652, 9.81911, -5.83117], "rotation": [48.34288, 30.32448, -5.2079], "uv": [16, 30]},
						{"origin": [1.29652, 11.61911, -5.93117], "size": [1, 2, 0], "inflate": -0.2, "pivot": [1.79652, 9.81911, -5.83117], "rotation": [48.34288, -30.32448, 5.2079], "uv": [32, 13]},
						{"origin": [-2.29652, 11.61911, -5.93117], "size": [1, 2, 0], "inflate": -0.2, "pivot": [-1.79652, 9.81911, -5.83117], "rotation": [48.34288, 30.32448, -5.2079], "uv": [32, 13], "mirror": true},
						{"origin": [1, 5.3, -6], "size": [1, 5, 1], "inflate": -0.4, "pivot": [1.5, 8.7, -5.5], "rotation": [23.34288, -30.32448, 5.2079], "uv": [20, 30]},
						{"origin": [1.29652, 9.41911, -6.43117], "size": [1, 3, 1], "inflate": -0.4, "pivot": [1.79652, 9.81911, -5.83117], "rotation": [48.34288, -30.32448, 5.2079], "uv": [20, 30]},
						{"origin": [-0.5, 4.209, -6.1], "size": [1, 1, 1], "inflate": -0.01, "uv": [32, 35]},
						{"origin": [-2, 5.3, -6], "size": [1, 5, 1], "inflate": -0.4, "pivot": [-1.5, 8.7, -5.5], "rotation": [23.34288, 30.32448, -5.2079], "uv": [20, 30], "mirror": true}
					]
				},
				{
					"name": "bone11",
					"parent": "head",
					"pivot": [0, 4.7, -5.1]
				},
				{
					"name": "bone12",
					"parent": "bone11",
					"pivot": [0, 4.7, -5.1],
					"cubes": [
						{"origin": [-1.01, 4.2, -6.2], "size": [1, 1, 1], "pivot": [0, 4.7, -5.1], "rotation": [0, 2.5, 0], "uv": [37, 32]}
					]
				},
				{
					"name": "bone13",
					"parent": "bone11",
					"pivot": [0, 4.7, -5.1],
					"cubes": [
						{"origin": [0.01, 4.2, -6.2], "size": [1, 1, 1], "pivot": [0, 4.7, -5.1], "rotation": [0, -2.5, 0], "uv": [32, 32]}
					]
				},
				{
					"name": "bone5",
					"parent": "head",
					"pivot": [0, 4.59387, -7.55165],
					"rotation": [12.5, 0, 0]
				},
				{
					"name": "bone",
					"parent": "bone5",
					"pivot": [0, 4.12403, -4.01793],
					"cubes": [
						{"origin": [0.02232, 4.59387, -11.84838], "size": [4, 0, 8], "pivot": [0, 4.12403, -4.01793], "rotation": [0, -7.5, 0], "uv": [0, 8]}
					]
				},
				{
					"name": "bone2",
					"parent": "bone5",
					"pivot": [0, 4.12403, -4.01793],
					"cubes": [
						{"origin": [-4.02232, 4.59387, -11.84838], "size": [4, 0, 8], "pivot": [0, 4.12403, -4.01793], "rotation": [0, 7.5, 0], "uv": [0, 0]}
					]
				},
				{
					"name": "middle",
					"parent": "bone7",
					"pivot": [0, 0, 0.2],
					"cubes": [
						{"origin": [-1.5, 2.8, -1.7], "size": [3, 3, 3], "inflate": -0.2, "uv": [2, 47]},
						{"origin": [-1, 3.3, -0.3], "size": [2, 2, 2], "inflate": 0.2, "uv": [3, 34]}
					]
				},
				{
					"name": "bone9",
					"parent": "bone7",
					"pivot": [0, 3.91734, 1.26379],
					"cubes": [
						{"origin": [-0.5, 3.3, -0.3], "size": [1, 1, 3], "pivot": [0, 4, 1.7], "rotation": [-27.5, 0, 0], "uv": [24, 32]},
						{"origin": [-0.5, 2.91734, 2.26379], "size": [1, 1, 2], "pivot": [0, 2.91734, 2.26379], "rotation": [25, 0, 0], "uv": [30, 16]}
					]
				},
				{
					"name": "bone6",
					"parent": "bone9",
					"pivot": [0, 4.33895, 3.11711],
					"rotation": [7.5, 0, 0],
					"cubes": [
						{"origin": [-2, 2.33895, 2.61711], "size": [4, 4, 4], "inflate": -0.5, "uv": [16, 16]},
						{"origin": [-2, 2.33895, 4.01711], "size": [4, 4, 4], "inflate": -0.7, "uv": [0, 24]}
					]
				},
				{
					"name": "b_l_leg",
					"parent": "bone8",
					"pivot": [0.82245, 3.86638, 0.97588]
				},
				{
					"name": "bone3",
					"parent": "b_l_leg",
					"pivot": [2.02826, 2.89971, 0.9908],
					"cubes": [
						{"origin": [0.3, 3, 0.5], "size": [2, 1, 1], "pivot": [1, 3.5, 1], "rotation": [0, 0, 30], "uv": [32, 5]}
					]
				},
				{
					"name": "bone14",
					"parent": "b_l_leg",
					"pivot": [1.91248, 3.07457, 0.9862],
					"cubes": [
						{"origin": [2.42702, 2.38301, 0.48915], "size": [3, 1, 1], "inflate": -0.2, "pivot": [2.42702, 3.38301, 0.98915], "rotation": [-0.00001, 0.00001, 77.5], "uv": [24, 28]}
					]
				},
				{
					"name": "bone4",
					"parent": "bone14",
					"pivot": [2.46143, 0.93879, 0.98326],
					"cubes": [
						{"origin": [2.26143, 0.23879, 0.48326], "size": [1, 1, 1], "pivot": [2.56143, 0.73879, 0.98326], "rotation": [0, 0, 90], "uv": [10, 32]}
					]
				},
				{
					"name": "b_r_leg",
					"parent": "bone8",
					"pivot": [-0.82245, 3.86638, 0.97588]
				},
				{
					"name": "bone10",
					"parent": "b_r_leg",
					"pivot": [-2.02826, 2.89971, 0.9908],
					"cubes": [
						{"origin": [-2.3, 3, 0.5], "size": [2, 1, 1], "pivot": [-1, 3.5, 1], "rotation": [0, 0, -30], "uv": [32, 5], "mirror": true}
					]
				},
				{
					"name": "bone15",
					"parent": "b_r_leg",
					"pivot": [-1.91248, 3.07457, 0.9862],
					"cubes": [
						{"origin": [-5.42702, 2.38301, 0.48915], "size": [3, 1, 1], "inflate": -0.2, "pivot": [-2.42702, 3.38301, 0.98915], "rotation": [-0.00001, -0.00001, -77.5], "uv": [24, 28], "mirror": true}
					]
				},
				{
					"name": "bone16",
					"parent": "bone15",
					"pivot": [-2.46143, 0.93879, 0.98326],
					"cubes": [
						{"origin": [-3.26143, 0.23879, 0.48326], "size": [1, 1, 1], "pivot": [-2.56143, 0.73879, 0.98326], "rotation": [0, 0, -90], "uv": [10, 32], "mirror": true}
					]
				},
				{
					"name": "f_l_leg",
					"parent": "bone8",
					"pivot": [0.82245, 3.86638, -1.17588]
				},
				{
					"name": "bone17",
					"parent": "f_l_leg",
					"pivot": [2.02826, 2.89971, -1.1908],
					"cubes": [
						{"origin": [0.3, 3, -1.7], "size": [2, 1, 1], "pivot": [1, 3.5, -1.2], "rotation": [0, 0, 30], "uv": [32, 5]}
					]
				},
				{
					"name": "bone18",
					"parent": "f_l_leg",
					"pivot": [1.91248, 3.07457, -1.1862],
					"cubes": [
						{"origin": [2.42702, 2.38301, -1.68915], "size": [3, 1, 1], "inflate": -0.2, "pivot": [2.42702, 3.38301, -1.18915], "rotation": [0.00001, -0.00001, 77.5], "uv": [24, 28]}
					]
				},
				{
					"name": "bone19",
					"parent": "bone18",
					"pivot": [2.46143, 0.93879, -1.18326],
					"cubes": [
						{"origin": [2.26143, 0.23879, -1.68326], "size": [1, 1, 1], "pivot": [2.56143, 0.73879, -1.18326], "rotation": [0, 0, 90], "uv": [10, 32]}
					]
				},
				{
					"name": "f_r_leg",
					"parent": "bone8",
					"pivot": [-0.82245, 3.86638, -1.17588]
				},
				{
					"name": "bone20",
					"parent": "f_r_leg",
					"pivot": [-2.02826, 2.89971, -1.1908],
					"cubes": [
						{"origin": [-2.3, 3, -1.7], "size": [2, 1, 1], "pivot": [-1, 3.5, -1.2], "rotation": [0, 0, -30], "uv": [32, 5], "mirror": true}
					]
				},
				{
					"name": "bone21",
					"parent": "f_r_leg",
					"pivot": [-1.91248, 3.07457, -1.1862],
					"cubes": [
						{"origin": [-5.42702, 2.38301, -1.68915], "size": [3, 1, 1], "inflate": -0.2, "pivot": [-2.42702, 3.38301, -1.18915], "rotation": [0.00001, 0.00001, -77.5], "uv": [24, 28], "mirror": true}
					]
				},
				{
					"name": "bone22",
					"parent": "bone21",
					"pivot": [-2.46143, 0.93879, -1.18326],
					"cubes": [
						{"origin": [-3.26143, 0.23879, -1.68326], "size": [1, 1, 1], "pivot": [-2.56143, 0.73879, -1.18326], "rotation": [0, 0, -90], "uv": [10, 32], "mirror": true}
					]
				}
			]
		}
	]
}