{
	"format_version": "1.12.0",
	"minecraft:geometry": [
		{
			"description": {
				"identifier": "geometry.pawleo",
				"texture_width": 64,
				"texture_height": 64,
				"visible_bounds_width": 3,
				"visible_bounds_height": 2.5,
				"visible_bounds_offset": [0, 0.75, 0]
			},
			"bones": [
				{
					"name": "coorex",
					"pivot": [0, 0, 0]
				},
				{
					"name": "body",
					"parent": "coorex",
					"pivot": [0, 0, 0]
				},
				{
					"name": "rightleg",
					"parent": "body",
					"pivot": [-3, 7.8857, -0.75311],
					"cubes": [
						{"origin": [-4.5, 3.74226, -2.49169], "size": [3, 5, 4], "inflate": 0.01, "pivot": [-3, 4.05219, -0.84584], "rotation": [2.5, 0, 0], "uv": [0, 41], "mirror": true},
						{"origin": [-4.5, 0.36212, -0.49169], "size": [3, 4, 2], "pivot": [-3, 4.05219, -0.84584], "rotation": [-12.5, 0, 0], "uv": [14, 45]}
					]
				},
				{
					"name": "rightfoot",
					"parent": "rightleg",
					"pivot": [-3, 1.73737, -0.01039],
					"cubes": [
						{"origin": [-4.5, -1.41162, 0.59566], "size": [3, 4, 2], "inflate": 0.01, "pivot": [-3, 2.27845, 0.24151], "rotation": [-87.5, 0, 0], "uv": [46, 5], "mirror": true},
						{"origin": [-3, -0.5861, -3.40053], "size": [0, 3, 2], "pivot": [-2.5, 2.10397, -3.75468], "rotation": [-87.5, 0, 0], "uv": [34, 5]},
						{"origin": [-4, -0.5861, -3.40053], "size": [0, 3, 2], "pivot": [-3.5, 2.10397, -3.75468], "rotation": [-87.5, 0, 0], "uv": [13, 29]},
						{"origin": [-2, -0.5861, -3.40053], "size": [0, 3, 2], "pivot": [-1.5, 2.10397, -3.75468], "rotation": [-87.5, 0, 0], "uv": [21, 18]}
					]
				},
				{
					"name": "leftleg",
					"parent": "body",
					"pivot": [3, 7.8857, -0.75311],
					"cubes": [
						{"origin": [1.5, 3.74226, -2.49169], "size": [3, 5, 4], "inflate": 0.01, "pivot": [3, 4.05219, -0.84584], "rotation": [2.5, 0, 0], "uv": [0, 41]},
						{"origin": [1.5, 0.36212, -0.49169], "size": [3, 4, 2], "pivot": [3, 4.05219, -0.84584], "rotation": [-12.5, 0, 0], "uv": [46, 11]}
					]
				},
				{
					"name": "leftfoot",
					"parent": "leftleg",
					"pivot": [3, 1.73737, -0.01039],
					"cubes": [
						{"origin": [1.5, -1.41162, 0.59566], "size": [3, 4, 2], "inflate": 0.01, "pivot": [3, 2.27845, 0.24151], "rotation": [-87.5, 0, 0], "uv": [46, 5]},
						{"origin": [3, -0.5861, -3.40053], "size": [0, 3, 2], "pivot": [2.5, 2.10397, -3.75468], "rotation": [-87.5, 0, 0], "uv": [0, 29]},
						{"origin": [2, -0.5861, -3.40053], "size": [0, 3, 2], "pivot": [1.5, 2.10397, -3.75468], "rotation": [-87.5, 0, 0], "uv": [17, 29]},
						{"origin": [4, -0.5861, -3.40053], "size": [0, 3, 2], "pivot": [3.5, 2.10397, -3.75468], "rotation": [-87.5, 0, 0], "uv": [21, 15]}
					]
				},
				{
					"name": "torso",
					"parent": "body",
					"pivot": [0, 7.36306, -0.63475],
					"cubes": [
						{"origin": [-4.5, 4.77003, -10.75599], "size": [9, 9, 8], "inflate": 0.1, "pivot": [2.5, 5.77003, -4.75599], "rotation": [-20, 0, 0], "uv": [0, 0]},
						{"origin": [-3.5, 3.95024, -5.41309], "size": [7, 7, 7], "pivot": [0, 8.5805, 3.30939], "rotation": [-12.5, 0, 0], "uv": [0, 17]},
						{"origin": [-3.5, 11.243, -9.4383], "size": [7, 3, 4], "pivot": [0, 9.743, -5.4383], "rotation": [-67.5, 0, 0], "uv": [26, 0]}
					]
				},
				{
					"name": "rightarm",
					"parent": "torso",
					"pivot": [-4.53091, 6.68425, -6.9755],
					"cubes": [
						{"origin": [-8.5, 4.77003, -8.75599], "size": [4, 2, 4], "pivot": [-2.5, 5.77003, -4.75599], "rotation": [-20, 0, 0], "uv": [30, 43]},
						{"origin": [-11.13972, 5.34583, -7.26682], "size": [2, 0, 1], "pivot": [-3.13972, 5.34583, -3.26682], "rotation": [-20.6469, -14.0761, 5.23619], "uv": [25, 1]},
						{"origin": [-10.73972, 5.34583, -7.26682], "size": [2, 0, 1], "pivot": [-2.73972, 5.34583, -3.26682], "rotation": [-20.07031, -4.69776, 1.71394], "uv": [25, 0]},
						{"origin": [-9.73972, 5.34583, -7.96682], "size": [2, 0, 1], "pivot": [-1.73972, 5.34583, -3.96682], "rotation": [-22.66989, 9.44464, -2.15563], "uv": [0, 23]}
					]
				},
				{
					"name": "leftarm",
					"parent": "torso",
					"pivot": [4.53091, 6.68425, -6.9755],
					"cubes": [
						{"origin": [8.73972, 5.34583, -7.26682], "size": [2, 0, 1], "pivot": [2.73972, 5.34583, -3.26682], "rotation": [-20.07031, 4.69776, -1.71394], "uv": [25, 2]},
						{"origin": [4.5, 4.77003, -8.75599], "size": [4, 2, 4], "pivot": [2.5, 5.77003, -4.75599], "rotation": [-20, 0, 0], "uv": [42, 24]},
						{"origin": [7.73972, 5.34583, -7.96682], "size": [2, 0, 1], "pivot": [1.73972, 5.34583, -3.96682], "rotation": [-22.66989, -9.44464, 2.15563], "uv": [20, 23]},
						{"origin": [9.13972, 5.34583, -7.26682], "size": [2, 0, 1], "pivot": [3.13972, 5.34583, -3.26682], "rotation": [-20.6469, 14.0761, -5.23619], "uv": [0, 7]}
					]
				},
				{
					"name": "tail",
					"parent": "torso",
					"pivot": [0, 9.59451, 1.74949],
					"cubes": [
						{"origin": [-2, 6.94929, 1.54329], "size": [4, 4, 1], "pivot": [0.5, 8.5805, 3.30939], "rotation": [-12.5, 0, 0], "uv": [25, 29]}
					]
				},
				{
					"name": "tail2",
					"parent": "tail",
					"pivot": [0, 9.04915, 3.21163],
					"cubes": [
						{"origin": [-3, 5.44976, 2.5651], "size": [6, 7, 7], "pivot": [0, 8.5805, 3.30939], "rotation": [-12.5, 0, 0], "uv": [27, 10]}
					]
				},
				{
					"name": "tail3",
					"parent": "tail2",
					"pivot": [0, 7.26237, 9.96119],
					"cubes": [
						{"origin": [-2, 6.44976, 9.5651], "size": [4, 5, 3], "pivot": [0, 8.5805, 3.30939], "rotation": [-12.5, 0, 0], "uv": [2, 33]}
					]
				},
				{
					"name": "head",
					"parent": "torso",
					"pivot": [-2, 8.79864, -7.74222],
					"cubes": [
						{"origin": [-3.5, 7.4, -14], "size": [7, 7, 7], "uv": [21, 24]},
						{"origin": [-3, 9.69864, -16.14222], "size": [6, 3, 4], "pivot": [2, 8.69864, -8.14222], "rotation": [12.5, 0, 0], "uv": [14, 38]},
						{"origin": [-3, 8.79864, -15.74222], "size": [0, 1, 1], "inflate": 0.01, "pivot": [2, 8.79864, -7.74222], "rotation": [12.5, 0, 0], "uv": [5, 6]},
						{"origin": [3, 8.79864, -15.74222], "size": [0, 1, 1], "inflate": 0.01, "pivot": [-2, 8.79864, -7.74222], "rotation": [12.5, 0, 0], "uv": [5, 6], "mirror": true}
					]
				},
				{
					"name": "ear",
					"parent": "head",
					"pivot": [2.5, 14.25682, -9.41241],
					"cubes": [
						{"origin": [-4, 13.4, -16], "size": [3, 6, 1], "pivot": [-2, 8.4, -11], "rotation": [-90, -75, 90], "uv": [45, 48]}
					]
				},
				{
					"name": "ear2",
					"parent": "head",
					"pivot": [-2.5, 14.25682, -9.41241],
					"cubes": [
						{"origin": [1, 13.4, -16], "size": [3, 6, 1], "pivot": [2, 8.4, -11], "rotation": [-90, 75, -90], "uv": [0, 0]}
					]
				},
				{
					"name": "jaw",
					"parent": "head",
					"pivot": [0, 7.88815, -13.10822],
					"cubes": [
						{"origin": [-3, 8.69864, -16.14222], "size": [6, 1, 4], "pivot": [2, 8.69864, -8.14222], "rotation": [12.5, 0, 0], "uv": [34, 38]}
					]
				},
				{
					"name": "eyes",
					"parent": "head",
					"pivot": [0, 10.9, -12.1],
					"cubes": [
						{"origin": [3.5, 9.4, -13.6], "size": [0, 3, 3], "inflate": 0.02, "uv": [0, 17]},
						{"origin": [-3.5, 9.4, -13.6], "size": [0, 3, 3], "inflate": 0.02, "uv": [0, 14]}
					]
				}
			]
		}
	]
}