{
	"format_version": "1.12.0",
	"minecraft:geometry": [
		{
			"description": {
				"identifier": "geometry.omastiodon",
				"texture_width": 128,
				"texture_height": 128,
				"visible_bounds_width": 4,
				"visible_bounds_height": 3.5,
				"visible_bounds_offset": [0, 1.25, 0]
			},
			"bones": [
				{
					"name": "omastiodon",
					"pivot": [0, 0, 0]
				},
				{
					"name": "body",
					"parent": "omastiodon",
					"pivot": [0, 0, 0]
				},
				{
					"name": "torso",
					"parent": "body",
					"pivot": [0, 0, 0]
				},
				{
					"name": "torso2",
					"parent": "torso",
					"pivot": [0, 9, 0]
				},
				{
					"name": "omastar",
					"parent": "torso2",
					"pivot": [2.2, 8.44975, -15.07321],
					"cubes": [
						{"origin": [-4.5, 5.5, -11], "size": [9, 11, 16], "uv": [0, 40]},
						{"origin": [-4, 10, -12], "size": [3, 3, 2], "pivot": [-2.5, 11.5, -11], "rotation": [2.20462, 12.3071, 10.23772], "uv": [70, 93]},
						{"origin": [-3.1, 10.7, -12], "size": [1, 2, 2], "pivot": [-3.6, 11.2, -11], "rotation": [2.20462, 12.3071, 10.23772], "uv": [24, 80]},
						{"origin": [1, 10, -12], "size": [3, 3, 2], "pivot": [2.5, 11.5, -11], "rotation": [2.20462, -12.3071, -10.23772], "uv": [26, 94]},
						{"origin": [2.1, 10.7, -12], "size": [1, 2, 2], "pivot": [3.6, 11.2, -11], "rotation": [2.20462, -12.3071, -10.23772], "uv": [24, 80], "mirror": true}
					]
				},
				{
					"name": "teeth3",
					"parent": "omastar",
					"pivot": [2.4, 8.6, -11.1],
					"cubes": [
						{"origin": [0.2, 8.1, -10.9], "size": [2, 1, 1], "inflate": 0.2, "uv": [96, 53]}
					]
				},
				{
					"name": "arm",
					"parent": "omastar",
					"pivot": [4.2, 8.90103, -6.73618],
					"cubes": [
						{"origin": [2.7, 4.5, -8], "size": [3, 5, 2], "uv": [0, 93]},
						{"origin": [3.2, 11.44975, -10.07321], "size": [2, 4, 2], "pivot": [2.2, 8.44975, -15.07321], "rotation": [-75, 0, 0], "uv": [46, 94]},
						{"origin": [3.2, 9.54975, -9.77321], "size": [2, 2, 1], "pivot": [2.2, 8.54975, -14.77321], "rotation": [-75, 0, 0], "uv": [96, 43]}
					]
				},
				{
					"name": "tail",
					"parent": "omastar",
					"pivot": [0, 7.24802, 5.20542],
					"cubes": [
						{"origin": [-2.5, 5.5, 5], "size": [5, 4, 5], "pivot": [0, 9.5, 4.5], "rotation": [-20, 0, 0], "uv": [30, 67]},
						{"origin": [-2.5, 5.5, 9.7], "size": [5, 4, 4], "inflate": -0.2, "pivot": [0, 9.5, 4.2], "rotation": [-20, 0, 0], "uv": [70, 85]},
						{"origin": [-1.5, 5.06873, 12.38289], "size": [3, 3, 4], "pivot": [-1, 8.06873, 6.88289], "rotation": [-20, 0, 0], "uv": [88, 76]}
					]
				},
				{
					"name": "teeth",
					"parent": "omastar",
					"pivot": [-2.4, 8.6, -11.1],
					"cubes": [
						{"origin": [-2.2, 8.1, -10.9], "size": [2, 1, 1], "inflate": 0.2, "uv": [24, 84]}
					]
				},
				{
					"name": "teeth2",
					"parent": "omastar",
					"pivot": [-2.2, 7.2, -11],
					"cubes": [
						{"origin": [-2.2, 6.7, -10.9], "size": [2, 1, 1], "inflate": 0.2, "uv": [96, 51]}
					]
				},
				{
					"name": "arm2",
					"parent": "omastar",
					"pivot": [-4.2, 8.90103, -7.03618],
					"cubes": [
						{"origin": [-5.7, 4.5, -8], "size": [3, 5, 2], "uv": [0, 93], "mirror": true},
						{"origin": [-5.2, 11.44975, -10.07321], "size": [2, 4, 2], "pivot": [-2.2, 8.44975, -15.07321], "rotation": [-75, 0, 0], "uv": [46, 94], "mirror": true},
						{"origin": [-5.2, 9.54975, -9.77321], "size": [2, 2, 1], "pivot": [-2.2, 8.54975, -14.77321], "rotation": [-75, 0, 0], "uv": [96, 46]}
					]
				},
				{
					"name": "teeth4",
					"parent": "omastar",
					"pivot": [2.4, 7.2, -11.1],
					"cubes": [
						{"origin": [0.2, 6.7, -10.9], "size": [2, 1, 1], "inflate": 0.2, "uv": [96, 49]}
					]
				},
				{
					"name": "shell",
					"parent": "torso2",
					"pivot": [0, 0, 0]
				},
				{
					"name": "lowerhalf",
					"parent": "shell",
					"pivot": [0, 9.685, 6.315],
					"cubes": [
						{"origin": [-6, 4, -5.6], "size": [12, 0, 12], "inflate": 0.02, "uv": [60, 0]},
						{"origin": [-6, 4, -5.6], "size": [0, 6, 12], "inflate": 0.02, "uv": [30, 76]},
						{"origin": [-4.5, 7, -14.6], "size": [9, 2, 1], "inflate": 0.5, "uv": [0, 123], "mirror": true},
						{"origin": [5.5, 5, -14.6], "size": [1, 4, 4], "inflate": 0.5, "uv": [7, 120], "mirror": true},
						{"origin": [5, 7, -10], "size": [1, 2, 4], "inflate": 0.5, "uv": [27, 120], "mirror": true},
						{"origin": [-6, 4, -5.6], "size": [12, 0, 12], "inflate": 0.02, "uv": [60, 0], "mirror": true},
						{"origin": [6, 4, -5.6], "size": [0, 6, 12], "inflate": 0.02, "uv": [30, 76], "mirror": true},
						{"origin": [-6, 4, 6.4], "size": [12, 6, 0], "inflate": 0.02, "uv": [0, 80]},
						{"origin": [-6.5, 5, -14.6], "size": [1, 4, 4], "inflate": 0.5, "uv": [7, 120]},
						{"origin": [-4.5, 5, -14.6], "size": [9, 1, 4], "inflate": 0.5, "uv": [62, 35]},
						{"origin": [-6, 7, -10], "size": [1, 2, 4], "inflate": 0.5, "uv": [0, 109]},
						{"origin": [-6, 5, -10], "size": [12, 1, 4], "inflate": 0.5, "uv": [54, 80]},
						{"origin": [6.9, 9, -14.6], "size": [0, 2, 2], "uv": [88, 96]},
						{"origin": [4.9, 9, -14.6], "size": [2, 2, 0], "uv": [96, 96]},
						{"origin": [1.9, 8.6, -14.6], "size": [2, 2, 0], "uv": [96, 59], "mirror": true},
						{"origin": [-1, 8.5, -14.6], "size": [2, 2, 0], "uv": [54, 97]},
						{"origin": [-3.9, 8.6, -14.6], "size": [2, 2, 0], "uv": [96, 59]},
						{"origin": [-6.9, 9, -14.6], "size": [2, 2, 0], "uv": [96, 59]},
						{"origin": [-6.9, 9, -14.6], "size": [0, 2, 2], "uv": [92, 96]},
						{"origin": [-6, 4, -5.6], "size": [12, 6, 0], "inflate": 0.02, "uv": [84, 61]}
					]
				},
				{
					"name": "upperhalf",
					"parent": "shell",
					"pivot": [0, 9.17012, 6.17139],
					"cubes": [
						{"origin": [-6, 5.45733, -2.89449], "size": [12, 22, 18], "inflate": 0.01, "pivot": [0, 18.45733, 1.10551], "rotation": [60, 0, 0], "uv": [0, 0]},
						{"origin": [-6, 8.5, -5.5], "size": [12, 10, 11], "uv": [50, 40]},
						{"origin": [-6, 10.1, -13.5], "size": [12, 8, 3], "uv": [0, 67]},
						{"origin": [-2, 9.1, -13.5], "size": [4, 1, 3], "uv": [4, 67]},
						{"origin": [-6, 7.1, -13.5], "size": [3, 3, 3], "uv": [0, 67]},
						{"origin": [-5.3753, 4.13492, -13.5], "size": [2, 4, 3], "inflate": 0.01, "pivot": [0.6247, 5.13492, -6.5], "rotation": [0, 0, 42.5], "uv": [1, 67]},
						{"origin": [3.3753, 4.13492, -13.5], "size": [2, 4, 3], "inflate": 0.01, "pivot": [-0.6247, 5.13492, -6.5], "rotation": [0, 0, -42.5], "uv": [1, 67]},
						{"origin": [-6, 8.5, -10.5], "size": [12, 10, 5], "uv": [50, 61]},
						{"origin": [-6.2, 16.3, -13.6], "size": [3, 3, 3], "inflate": 0.5, "uv": [90, 20]},
						{"origin": [1.7, 11.1, -13.5], "size": [4, 2, 0], "inflate": 0.02, "pivot": [4.2, 12.1, -13.5], "rotation": [0, 0, -15], "uv": [96, 41]},
						{"origin": [3.2, 16.3, -13.6], "size": [3, 3, 3], "inflate": 0.5, "uv": [90, 26]},
						{"origin": [-2, 11.1, -13.5], "size": [4, 8, 4], "inflate": 0.02, "pivot": [0, 19.1, -11.5], "rotation": [-20, 0, 0], "uv": [54, 85]},
						{"origin": [-6.7, 13, -14.3], "size": [5, 1, 1], "inflate": 0.2, "pivot": [-3.7, 13.5, -13.8], "rotation": [0, 0, 17.5], "uv": [90, 32]},
						{"origin": [1.7, 13, -14.3], "size": [5, 1, 1], "inflate": 0.2, "pivot": [3.7, 13.5, -13.8], "rotation": [0, 0, -17.5], "uv": [94, 34]},
						{"origin": [-5.7, 11.1, -13.5], "size": [4, 2, 0], "inflate": 0.02, "pivot": [-4.2, 12.1, -13.5], "rotation": [0, 0, 15], "uv": [96, 41], "mirror": true},
						{"origin": [-1, 11.7, -18.1], "size": [2, 2, 5], "inflate": 0.02, "pivot": [0, 19.7, -11.1], "rotation": [-20, 0, 0], "uv": [16, 86]},
						{"origin": [-1, 15.49023, -17.25291], "size": [2, 2, 4], "inflate": 0.02, "pivot": [0, 16.49023, -15.25291], "rotation": [-25, 0, 0], "uv": [88, 90]},
						{"origin": [-1, 17.49023, -15.55291], "size": [2, 2, 4], "inflate": 0.02, "pivot": [0, 18.49023, -13.55291], "rotation": [-32.5, 0, 0], "uv": [88, 90]},
						{"origin": [4.13905, 21.11261, -14.19793], "size": [3, 2, 2], "inflate": 0.5, "pivot": [5.75901, 24.60877, -11.84675], "rotation": [48.2383, -15.96599, 17.98178], "uv": [36, 94]},
						{"origin": [-6, 9.45733, -3.89449], "size": [12, 20, 3], "inflate": 0.5, "pivot": [0, 18.45733, 1.10551], "rotation": [60, 0, 0], "uv": [60, 12]},
						{"origin": [-6.37898, 25.64733, -13.61649], "size": [1, 3, 1], "pivot": [-5.75901, 24.60877, -11.84675], "rotation": [-6.7617, 15.96599, -17.98178], "uv": [96, 55]},
						{"origin": [4.78249, 22.96778, -13.21847], "size": [2, 3, 2], "inflate": 0.5, "pivot": [5.75901, 24.60877, -11.84675], "rotation": [23.2383, -15.96599, 17.98178], "uv": [96, 36]},
						{"origin": [-7.13905, 21.11261, -14.19793], "size": [3, 2, 2], "inflate": 0.5, "pivot": [-5.75901, 24.60877, -11.84675], "rotation": [48.2383, 15.96599, -17.98178], "uv": [36, 94], "mirror": true},
						{"origin": [5.37898, 25.64733, -13.61649], "size": [1, 3, 1], "pivot": [5.75901, 24.60877, -11.84675], "rotation": [-6.7617, -15.96599, 17.98178], "uv": [96, 55]},
						{"origin": [-6.78249, 22.96778, -13.21847], "size": [2, 3, 2], "inflate": 0.5, "pivot": [-5.75901, 24.60877, -11.84675], "rotation": [23.2383, 15.96599, -17.98178], "uv": [96, 36], "mirror": true},
						{"origin": [-1, 31.17544, 10.72073], "size": [2, 4, 2], "inflate": -0.3, "pivot": [0, 31.97335, 7.19525], "rotation": [-42.5, 0, 0], "uv": [80, 93]},
						{"origin": [-1, 31.79107, 1.63262], "size": [2, 4, 2], "pivot": [0, 32.37335, 7.09525], "rotation": [-10, 0, 0], "uv": [80, 93]},
						{"origin": [-1, 31.40355, 4.53202], "size": [2, 4, 2], "pivot": [0, 32.37335, 7.09525], "rotation": [-20, 0, 0], "uv": [80, 93], "mirror": true},
						{"origin": [-1, 30.70156, 7.6076], "size": [2, 4, 2], "pivot": [0, 31.97335, 7.19525], "rotation": [-37.5, 0, 0], "uv": [80, 93]},
						{"origin": [-1, 22.32335, -7.45475], "size": [2, 4, 2], "inflate": -0.3, "pivot": [0, 24.32335, -6.45475], "rotation": [77.5, 0, 0], "uv": [80, 93], "mirror": true},
						{"origin": [-1, 25.32335, -6.65475], "size": [2, 4, 2], "inflate": -0.2, "pivot": [0, 27.32335, -5.65475], "rotation": [67.5, 0, 0], "uv": [80, 93]},
						{"origin": [-1, 27.92335, -4.75475], "size": [2, 4, 2], "pivot": [0, 29.92335, -3.75475], "rotation": [50, 0, 0], "uv": [80, 93], "mirror": true},
						{"origin": [-1, 27.17544, 14.22073], "size": [2, 4, 2], "inflate": -0.3, "pivot": [0, 27.97335, 10.69525], "rotation": [-42.5, 0, 0], "uv": [80, 93]},
						{"origin": [-1, 26.70156, 12.0076], "size": [2, 4, 2], "inflate": -0.2, "pivot": [0, 27.97335, 11.59525], "rotation": [-37.5, 0, 0], "uv": [80, 93]},
						{"origin": [-1, 30.42335, -2.75475], "size": [2, 4, 2], "pivot": [0, 32.42335, -1.75475], "rotation": [45, 0, 0], "uv": [80, 93], "mirror": true},
						{"origin": [-1, 33.42335, -1.05475], "size": [2, 4, 2], "pivot": [0, 35.42335, -0.05475], "rotation": [25, 0, 0], "uv": [80, 93]},
						{"origin": [3, 7.1, -13.5], "size": [3, 3, 3], "uv": [0, 67], "mirror": true}
					]
				},
				{
					"name": "leg3",
					"parent": "torso",
					"pivot": [3.58292, 9.06225, -1.9],
					"cubes": [
						{"origin": [4.50179, 9.16644, -3.9], "size": [5, 5, 4], "pivot": [3.58292, 9.06225, -1.9], "rotation": [17.35932, 2.24944, 82.84344], "uv": [84, 67]},
						{"origin": [3.70048, 6.32081, -3.4], "size": [5, 4, 3], "inflate": -0.2, "pivot": [3.58292, 9.06225, -1.9], "rotation": [5.41615, 16.66577, 18.29388], "uv": [0, 86]}
					]
				},
				{
					"name": "knee3",
					"parent": "leg3",
					"pivot": [4.44407, 4.55649, -2.30212],
					"cubes": [
						{"origin": [8.58868, 9.31225, -3.4], "size": [3, 4, 3], "pivot": [3.58292, 9.06225, -1.9], "rotation": [17.5, 0, 90], "uv": [88, 83]},
						{"origin": [11.58868, 10.31225, -3.4], "size": [1, 5, 3], "pivot": [3.58292, 9.06225, -1.9], "rotation": [17.5, 0, 90], "uv": [18, 93]}
					]
				},
				{
					"name": "leg4",
					"parent": "torso",
					"pivot": [4.26937, 9.17338, 2.79855],
					"cubes": [
						{"origin": [3.44606, 5.97382, 1.6], "size": [5, 4, 3], "inflate": -0.2, "pivot": [4.58292, 8.06225, 3.1], "rotation": [-7.09999, -21.40584, 18.84359], "uv": [0, 86]},
						{"origin": [4.37982, 7.30552, 1.1], "size": [5, 5, 4], "pivot": [4.58292, 8.06225, 3.1], "rotation": [-22.32648, -2.86313, 83.06512], "uv": [84, 67]}
					]
				},
				{
					"name": "knee4",
					"parent": "leg4",
					"pivot": [3.93068, 4.55649, 2.86537],
					"cubes": [
						{"origin": [8.58868, 7.31225, 1.6], "size": [3, 4, 3], "pivot": [4.58292, 8.06225, 3.1], "rotation": [-22.5, 0, 90], "uv": [88, 83]},
						{"origin": [11.58868, 8.31225, 1.6], "size": [1, 5, 3], "pivot": [4.58292, 8.06225, 3.1], "rotation": [-22.5, 0, 90], "uv": [18, 93]}
					]
				},
				{
					"name": "leg2",
					"parent": "torso",
					"pivot": [-4.27756, 9.17338, -2.74962],
					"cubes": [
						{"origin": [-8.70048, 6.32081, -3.4], "size": [5, 4, 3], "inflate": -0.2, "pivot": [-3.58292, 9.06225, -1.9], "rotation": [5.41615, -16.66577, -18.29388], "uv": [0, 86], "mirror": true},
						{"origin": [-9.50179, 9.16644, -3.9], "size": [5, 5, 4], "pivot": [-3.58292, 9.06225, -1.9], "rotation": [17.35932, -2.24944, -82.84344], "uv": [84, 67], "mirror": true}
					]
				},
				{
					"name": "knee",
					"parent": "leg2",
					"pivot": [-4.44407, 4.55649, -2.30212],
					"cubes": [
						{"origin": [-11.58868, 9.31225, -3.4], "size": [3, 4, 3], "pivot": [-3.58292, 9.06225, -1.9], "rotation": [17.5, 0, -90], "uv": [88, 83], "mirror": true},
						{"origin": [-12.58868, 10.31225, -3.4], "size": [1, 5, 3], "pivot": [-3.58292, 9.06225, -1.9], "rotation": [17.5, 0, -90], "uv": [18, 93], "mirror": true}
					]
				},
				{
					"name": "leg",
					"parent": "torso",
					"pivot": [-3.26937, 8.17338, 2.79855],
					"cubes": [
						{"origin": [-8.44606, 5.97382, 1.6], "size": [5, 4, 3], "inflate": -0.2, "pivot": [-4.58292, 8.06225, 3.1], "rotation": [-7.09999, 21.40584, -18.84359], "uv": [0, 86], "mirror": true},
						{"origin": [-9.37982, 7.30552, 1.1], "size": [5, 5, 4], "pivot": [-4.58292, 8.06225, 3.1], "rotation": [-22.32648, 2.86313, -83.06512], "uv": [84, 67], "mirror": true}
					]
				},
				{
					"name": "knee2",
					"parent": "leg",
					"pivot": [-3.93068, 4.55649, 2.86537],
					"cubes": [
						{"origin": [-12.58868, 8.31225, 1.6], "size": [1, 5, 3], "pivot": [-4.58292, 8.06225, 3.1], "rotation": [-22.5, 0, -90], "uv": [18, 93], "mirror": true},
						{"origin": [-11.58868, 7.31225, 1.6], "size": [3, 4, 3], "pivot": [-4.58292, 8.06225, 3.1], "rotation": [-22.5, 0, -90], "uv": [88, 83], "mirror": true}
					]
				}
			]
		}
	]
}