{
	"format_version": "1.12.0",
	"minecraft:geometry": [
		{
			"description": {
				"identifier": "geometry.torkoal",
				"texture_width": 128,
				"texture_height": 64,
				"visible_bounds_width": 4,
				"visible_bounds_height": 3.5,
				"visible_bounds_offset": [0, 1.25, 0]
			},
			"bones": [
				{
					"name": "torkoal",
					"pivot": [0, 0, 0]
				},
				{
					"name": "body",
					"parent": "torkoal",
					"pivot": [0, 9, -1]
				},
				{
					"name": "torso",
					"parent": "body",
					"pivot": [0, 7.25, -0.5],
					"cubes": [
						{"origin": [-9, 9.5, -9.5], "size": [18, 2, 18], "uv": [0, 29]},
						{"origin": [-8, 3.5, -8.5], "size": [16, 13, 16], "uv": [0, 0]}
					],
					"locators": {
						"smoke_back": [0, 10.325, -0.5]
					}
				},
				{
					"name": "Coral",
					"parent": "torso",
					"pivot": [2.35, 15, -2.25]
				},
				{
					"name": "CoralCluster",
					"parent": "Coral",
					"pivot": [2.35, 16, -2.25]
				},
				{
					"name": "spine_front_right",
					"parent": "CoralCluster",
					"pivot": [1.35, 16, -2.25],
					"rotation": [-4.57828, -20.92141, -13.22864],
					"cubes": [
						{"origin": [-0.65, 19, -1.75], "size": [2, 9, 2], "uv": [48, 53]},
						{"origin": [-0.65, 16, -2.25], "size": [2, 6, 3], "uv": [38, 55]},
						{"origin": [-0.15, 20.5, -3.75], "size": [1, 5, 2], "uv": [32, 57]},
						{"origin": [-0.15, 20, -0.25], "size": [1, 4, 2], "uv": [26, 58]}
					]
				},
				{
					"name": "spine_front_right2",
					"parent": "CoralCluster",
					"pivot": [1.35, 16, -2.25],
					"rotation": [9.30007, 19.02202, 11.17492],
					"cubes": [
						{"origin": [-0.65, 19, -1.75], "size": [2, 6, 2], "uv": [78, 56]},
						{"origin": [-0.65, 16, -2.25], "size": [2, 3, 3], "uv": [68, 58]},
						{"origin": [-0.15, 20.5, -3.75], "size": [1, 2, 2], "uv": [62, 60]},
						{"origin": [-0.15, 20, -0.25], "size": [1, 1, 2], "uv": [56, 61]}
					]
				},
				{
					"name": "spine_front_right3",
					"parent": "CoralCluster",
					"pivot": [-0.65, 16, -0.25],
					"rotation": [-53.19942, 67.19876, -52.55739],
					"cubes": [
						{"origin": [-2.65, 19, 0.25], "size": [2, 6, 2], "uv": [78, 56]},
						{"origin": [-2.65, 16, -0.25], "size": [2, 3, 3], "uv": [68, 58]},
						{"origin": [-2.15, 20.5, -1.75], "size": [1, 2, 2], "uv": [62, 60]},
						{"origin": [-2.15, 20, 1.75], "size": [1, 1, 2], "uv": [56, 61]}
					]
				},
				{
					"name": "CoralCluster2",
					"parent": "Coral",
					"pivot": [4.35, 16, 3.75],
					"rotation": [-9.6929, -42.32254, 24.2021]
				},
				{
					"name": "spine_front_right5",
					"parent": "CoralCluster2",
					"pivot": [1.35, 14, 2.75],
					"rotation": [5.6488, 43.93247, 13.69682],
					"cubes": [
						{"origin": [-0.65, 17, 3.25], "size": [2, 6, 2], "uv": [78, 56]},
						{"origin": [-0.65, 14, 2.75], "size": [2, 3, 3], "uv": [68, 58]},
						{"origin": [-0.15, 18.5, 1.25], "size": [1, 2, 2], "uv": [62, 60]},
						{"origin": [-0.15, 18, 4.75], "size": [1, 1, 2], "uv": [56, 61]}
					]
				},
				{
					"name": "spine_front_right4",
					"parent": "CoralCluster2",
					"pivot": [2.35, 14, 6.75],
					"rotation": [-102.82689, -47.15459, 75.38562],
					"cubes": [
						{"origin": [0.35, 17, 7.25], "size": [2, 6, 2], "uv": [78, 56]},
						{"origin": [0.35, 14, 6.75], "size": [2, 3, 3], "uv": [68, 58]},
						{"origin": [0.85, 18.5, 5.25], "size": [1, 2, 2], "uv": [62, 60]},
						{"origin": [0.85, 18, 8.75], "size": [1, 1, 2], "uv": [56, 61]}
					]
				},
				{
					"name": "CoralCluster3",
					"parent": "Coral",
					"pivot": [2.35, 32, 0.75],
					"rotation": [169.80362, -34.17613, -168.81856]
				},
				{
					"name": "spine_front_right7",
					"parent": "CoralCluster3",
					"pivot": [2.35, 16, 0.75],
					"rotation": [0.2767, -21.39282, -26.62663],
					"cubes": [
						{"origin": [0.35, 19, 1.25], "size": [2, 6, 2], "uv": [78, 56]},
						{"origin": [0.35, 16, 0.75], "size": [2, 3, 3], "uv": [68, 58]},
						{"origin": [0.85, 20.5, -0.75], "size": [1, 2, 2], "uv": [62, 60]},
						{"origin": [0.85, 20, 2.75], "size": [1, 1, 2], "uv": [56, 61]}
					]
				},
				{
					"name": "spine_front_right8",
					"parent": "CoralCluster3",
					"pivot": [-1.65, 17, 3.75],
					"rotation": [2.00378, 32.09893, -18.77868],
					"cubes": [
						{"origin": [-3.65, 20, 4.25], "size": [2, 6, 2], "uv": [78, 56]},
						{"origin": [-3.65, 17, 3.75], "size": [2, 3, 3], "uv": [68, 58]},
						{"origin": [-3.15, 21.5, 2.25], "size": [1, 2, 2], "uv": [62, 60]},
						{"origin": [-3.15, 21, 5.75], "size": [1, 1, 2], "uv": [56, 61]}
					]
				},
				{
					"name": "spine_front_right9",
					"parent": "CoralCluster3",
					"pivot": [-1.65, 16, 6.75],
					"rotation": [-135.22867, 71.04362, -137.18977],
					"cubes": [
						{"origin": [-3.65, 19, 7.25], "size": [2, 6, 2], "uv": [78, 56]},
						{"origin": [-3.65, 16, 6.75], "size": [2, 3, 3], "uv": [68, 58]},
						{"origin": [-3.15, 20.5, 5.25], "size": [1, 2, 2], "uv": [62, 60]},
						{"origin": [-3.15, 20, 8.75], "size": [1, 1, 2], "uv": [56, 61]}
					]
				},
				{
					"name": "CoralCluster4",
					"parent": "Coral",
					"pivot": [0.35, 35, -5.25]
				},
				{
					"name": "spine_front_right10",
					"parent": "CoralCluster4",
					"pivot": [-1.65, 16, -1.25],
					"rotation": [0.26508, 13.60681, -26.46333],
					"cubes": [
						{"origin": [-3.65, 19, -0.75], "size": [2, 6, 2], "uv": [78, 56]},
						{"origin": [-3.65, 16, -1.25], "size": [2, 3, 3], "uv": [68, 58]},
						{"origin": [-3.15, 20.5, -2.75], "size": [1, 2, 2], "uv": [62, 60]},
						{"origin": [-3.15, 20, 0.75], "size": [1, 1, 2], "uv": [56, 61]}
					]
				},
				{
					"name": "spine_front_right11",
					"parent": "CoralCluster4",
					"pivot": [-0.65, 16, -2.25],
					"rotation": [31.04182, -12.7315, -41.54692],
					"cubes": [
						{"origin": [-2.65, 19, -1.75], "size": [2, 6, 2], "uv": [78, 56]},
						{"origin": [-2.65, 16, -2.25], "size": [2, 3, 3], "uv": [68, 58]},
						{"origin": [-2.15, 20.5, -3.75], "size": [1, 2, 2], "uv": [62, 60]},
						{"origin": [-2.15, 20, -0.25], "size": [1, 1, 2], "uv": [56, 61]}
					]
				},
				{
					"name": "tail",
					"parent": "torso",
					"pivot": [0, 6.5, 7],
					"cubes": [
						{"origin": [-1.5, 5.5, 7], "size": [3, 4, 4], "uv": [0, 0]}
					]
				},
				{
					"name": "tail2",
					"parent": "tail",
					"pivot": [0, 7, 10.5],
					"cubes": [
						{"origin": [-1, 6, 10.5], "size": [2, 3, 4], "uv": [0, 8]}
					]
				},
				{
					"name": "neck",
					"parent": "torso",
					"pivot": [0, 4.97658, -8.39435],
					"rotation": [-32.5, 0, 0],
					"cubes": [
						{"origin": [-2.5, 4.25, -14], "size": [5, 5, 7], "uv": [0, 52]}
					]
				},
				{
					"name": "neck2",
					"parent": "neck",
					"pivot": [0, 4.47658, -13.89435],
					"rotation": [-32.5, 0, 0],
					"cubes": [
						{"origin": [-2.5, 4.25, -21], "size": [5, 5, 7], "inflate": 0.01, "uv": [95, 31]}
					]
				},
				{
					"name": "head",
					"parent": "neck2",
					"pivot": [0, 7.47658, -20.89435],
					"rotation": [62.5, 0, 0],
					"cubes": [
						{"origin": [-3.5, 5.75, -27.5], "size": [7, 6, 8], "uv": [48, 0]},
						{"origin": [-1.5, 4.75, -27.5], "size": [3, 1, 0], "uv": [10, 0]}
					]
				},
				{
					"name": "eye_left",
					"parent": "head",
					"pivot": [3.01, 8.75, -23.5],
					"cubes": [
						{"origin": [2.51, 7.25, -25], "size": [1, 3, 3], "uv": [8, 29]}
					]
				},
				{
					"name": "eye_right",
					"parent": "head",
					"pivot": [-3.01, 8.75, -23.5],
					"cubes": [
						{"origin": [-3.51, 7.25, -25], "size": [1, 3, 3], "uv": [0, 29]}
					]
				},
				{
					"name": "jaw",
					"parent": "head",
					"pivot": [0, 5.72658, -22.64435],
					"cubes": [
						{"origin": [-3, 4.5, -26.75], "size": [6, 2, 7], "uv": [80, 0]}
					]
				},
				{
					"name": "leg_front_left",
					"parent": "body",
					"pivot": [6, 6.5, -7],
					"cubes": [
						{"origin": [3.5, 3.5, -10], "size": [5, 5, 5], "uv": [88, 54]}
					]
				},
				{
					"name": "leg_front_left2",
					"parent": "leg_front_left",
					"pivot": [6, 3.5, -9.5],
					"cubes": [
						{"origin": [3.5, 0, -10], "size": [5, 4, 5], "inflate": 0.01, "uv": [80, 19]}
					]
				},
				{
					"name": "toe_front_left",
					"parent": "leg_front_left2",
					"pivot": [7.5, 2, -10],
					"cubes": [
						{"origin": [7.5, 0, -12], "size": [0, 2, 2], "uv": [13, 27]}
					]
				},
				{
					"name": "toe_front_left2",
					"parent": "leg_front_left2",
					"pivot": [6, 2, -10],
					"cubes": [
						{"origin": [6, 0, -12], "size": [0, 2, 2], "uv": [5, 27]}
					]
				},
				{
					"name": "toe_front_left3",
					"parent": "leg_front_left2",
					"pivot": [4.5, 2, -10],
					"cubes": [
						{"origin": [4.5, 0, -12], "size": [0, 2, 2], "uv": [12, 12]}
					]
				},
				{
					"name": "leg_front_right",
					"parent": "body",
					"pivot": [-6, 6.5, -7],
					"cubes": [
						{"origin": [-8.5, 3.5, -10], "size": [5, 5, 5], "uv": [100, 11]}
					]
				},
				{
					"name": "leg_front_right2",
					"parent": "leg_front_right",
					"pivot": [-6, 3.5, -9.5],
					"cubes": [
						{"origin": [-8.5, 0, -10], "size": [5, 4, 5], "inflate": 0.01, "uv": [67, 44]}
					]
				},
				{
					"name": "toe_front_right",
					"parent": "leg_front_right2",
					"pivot": [-7.5, 2, -10],
					"cubes": [
						{"origin": [-7.5, 0, -12], "size": [0, 2, 2], "uv": [12, 10]}
					]
				},
				{
					"name": "toe_front_right2",
					"parent": "leg_front_right2",
					"pivot": [-6, 2, -10],
					"cubes": [
						{"origin": [-6, 0, -12], "size": [0, 2, 2], "uv": [12, 8]}
					]
				},
				{
					"name": "toe_front_right3",
					"parent": "leg_front_right2",
					"pivot": [-4.5, 2, -10],
					"cubes": [
						{"origin": [-4.5, 0, -12], "size": [0, 2, 2], "uv": [12, 6]}
					]
				},
				{
					"name": "leg_back_left",
					"parent": "body",
					"pivot": [6, 6.5, 7],
					"cubes": [
						{"origin": [3.5, 3.5, 4], "size": [5, 5, 5], "uv": [54, 29]}
					]
				},
				{
					"name": "leg_back_left2",
					"parent": "leg_back_left",
					"pivot": [6, 3.5, 4.5],
					"cubes": [
						{"origin": [3.5, 0, 4], "size": [5, 4, 5], "inflate": 0.01, "uv": [108, 54]}
					]
				},
				{
					"name": "toe_back_left",
					"parent": "leg_back_left2",
					"pivot": [7.5, 2, 4],
					"cubes": [
						{"origin": [7.5, 0, 2], "size": [0, 2, 2], "uv": [0, 8]}
					]
				},
				{
					"name": "toe_back_left2",
					"parent": "leg_back_left2",
					"pivot": [6, 2, 4],
					"cubes": [
						{"origin": [6, 0, 2], "size": [0, 2, 2], "uv": [0, 6]}
					]
				},
				{
					"name": "toe_back_left3",
					"parent": "leg_back_left2",
					"pivot": [4.5, 2, 4],
					"cubes": [
						{"origin": [4.5, 0, 2], "size": [0, 2, 2], "uv": [0, 0]}
					]
				},
				{
					"name": "leg_back_right",
					"parent": "body",
					"pivot": [-6, 6.5, 7],
					"cubes": [
						{"origin": [-8.5, 3.5, 4], "size": [5, 5, 5], "uv": [80, 9]}
					]
				},
				{
					"name": "leg_back_right2",
					"parent": "leg_back_right",
					"pivot": [-6, 3.5, 4.5],
					"cubes": [
						{"origin": [-8.5, 0, 4], "size": [5, 4, 5], "inflate": 0.01, "uv": [64, 14]}
					]
				},
				{
					"name": "toe_back_right",
					"parent": "leg_back_right2",
					"pivot": [-7.5, 2, 4],
					"cubes": [
						{"origin": [-7.5, 0, 2], "size": [0, 2, 2], "uv": [10, 0]}
					]
				},
				{
					"name": "toe_back_right2",
					"parent": "leg_back_right2",
					"pivot": [-6, 2, 4],
					"cubes": [
						{"origin": [-6, 0, 2], "size": [0, 2, 2], "uv": [8, 8]}
					]
				},
				{
					"name": "toe_back_right3",
					"parent": "leg_back_right2",
					"pivot": [-4.5, 2, 4],
					"cubes": [
						{"origin": [-4.5, 0, 2], "size": [0, 2, 2], "uv": [8, 6]}
					]
				}
			]
		}
	]
}