{
  "implemented": true,
  "name": "Sableye",
  "nationalPokedexNumber": 302,
  "primaryType": "dark",
  "secondaryType": "ghost",
  "abilities": [
    "keeneye",
    "stall",
    "h:prankster"
  ],
  "baseStats": {
    "hp": 50,
    "attack": 75,
    "defence": 75,
    "special_attack": 65,
    "special_defence": 65,
    "speed": 50
  },
  "features": [
    "ultravariant",
    "mask",
    "sculkborne",
    "shining"
  ],
  "catchRate": 45,
  "maleRatio": 0.5,
  "shoulderMountable": true,
  "forms": [
    {
      "name": "ultravariant mask-normal",
      "primaryType": "dark",
      "secondaryType": "normal",
      "abilities": [
        "scrappy"
      ],
      "drops": {
        "amount": 1,
        "entries": [
          {
            "item": "cobblemon:relic_coin",
            "percentage": 50.0
          },
          {
            "item": "minecraft:emerald",
            "percentage": 25.0
          }
        ]
      },
      "baseStats": {
        "hp": 75,
        "attack": 115,
        "defence": 50,
        "special_attack": 115,
        "special_defence": 45,
        "speed": 50
      },
      "catchRate": 45,
      "maleRatio": 0.5,
      "shoulderMountable": true,
      "baseExperienceYield": 133,
      "baseFriendship": 35,
      "evYield": {
        "hp": 1,
        "attack": 0,
        "defence": 0,
        "special_attack": 1,
        "special_defence": 0,
        "speed": 0
      },
      "experienceGroup": "medium_slow",
      "eggCycles": 25,
      "eggGroups": [
        "human_like"
      ],
      "behaviour": {
        "moving": {
          "walk": {
            "canWalk": true
          }
        }
      },
      "moves": [
        "1:leer",
        "1:scratch",
        "3:astonish",
        "4:foresight",
        "6:confuseray",
        "9:shadowsneak",
        "12:fakeout",
        "15:disable",
        "18:detect",
        "19:feintattack",
        "21:nightshade",
        "24:furyswipes",
        "24:punishment",
        "27:knockoff",
        "30:quash",
        "33:shadowclaw",
        "36:meanlook",
        "39:powergem",
        "42:zenheadbutt",
        "43:hyperdrill",
        "45:shadowball",
        "47:darkpulse",
        "48:foulplay",
        "50:boomburst",
        "egg:captivate",
        "egg:feint",
        "egg:flatter",
        "egg:imprison",
        "egg:meanlook",
        "egg:metalburst",
        "egg:moonlight",
        "egg:nastyplot",
        "egg:psychup",
        "egg:recover",
        "egg:suckerpunch",
        "egg:torment",
        "egg:trick",
        "tm:aerialace",
        "tm:allyswitch",
        "tm:attract",
        "tm:bodyslam",
        "tm:brickbreak",
        "tm:bulkup",
        "tm:calmmind",
        "tm:captivate",
        "tm:confide",
        "tm:confuseray",
        "tm:cut",
        "tm:darkpulse",
        "tm:dazzlinggleam",
        "tm:dig",
        "tm:doubleteam",
        "tm:drainpunch",
        "tm:dreameater",
        "tm:embargo",
        "tm:encore",
        "tm:endure",
        "tm:energyball",
        "tm:facade",
        "tm:firepunch",
        "tm:flash",
        "tm:fling",
        "tm:focuspunch",
        "tm:foulplay",
        "tm:frustration",
        "tm:gigadrain",
        "tm:gigaimpact",
        "tm:gravity",
        "tm:gyroball",
        "tm:helpinghand",
        "tm:hex",
        "tm:hiddenpower",
        "tm:honeclaws",
        "tm:hyperbeam",
        "tm:icepunch",
        "tm:icywind",
        "tm:imprison",
        "tm:incinerate",
        "tm:knockoff",
        "tm:lashout",
        "tm:lightscreen",
        "tm:lowkick",
        "tm:lowsweep",
        "tm:megakick",
        "tm:megapunch",
        "tm:metalclaw",
        "tm:metronome",
        "tm:mudshot",
        "tm:mudslap",
        "tm:nastyplot",
        "tm:naturalgift",
        "tm:nightshade",
        "tm:painsplit",
        "tm:payback",
        "tm:phantomforce",
        "tm:poisonjab",
        "tm:poltergeist",
        "tm:powergem",
        "tm:poweruppunch",
        "tm:protect",
        "tm:psybeam",
        "tm:psychic",
        "tm:psychup",
        "tm:quash",
        "tm:raindance",
        "tm:reflect",
        "tm:rest",
        "tm:retaliate",
        "tm:return",
        "tm:rocksmash",
        "tm:rocktomb",
        "tm:round",
        "tm:secretpower",
        "tm:shadowball",
        "tm:shadowclaw",
        "tm:shockwave",
        "tm:skillswap",
        "tm:skittersmack",
        "tm:sleeptalk",
        "tm:snarl",
        "tm:snatch",
        "tm:snore",
        "tm:spite",
        "tm:substitute",
        "tm:sunnyday",
        "tm:swagger",
        "tm:takedown",
        "tm:taunt",
        "tm:telekinesis",
        "tm:terablast",
        "tm:thief",
        "tm:throatchop",
        "tm:thunderpunch",
        "tm:thunderwave",
        "tm:torment",
        "tm:toxic",
        "tm:trick",
        "tm:waterpulse",
        "tm:willowisp",
        "tm:wonderroom",
        "tm:xscissor",
        "tm:zenheadbutt",
        "tutor:allyswitch",
        "tutor:bodyslam",
        "tutor:calmmind",
        "tutor:counter",
        "tutor:darkpulse",
        "tutor:doubleedge",
        "tutor:dreameater",
        "tutor:dynamicpunch",
        "tutor:endure",
        "tutor:feintattack",
        "tutor:firepunch",
        "tutor:focuspunch",
        "tutor:foresight",
        "tutor:foulplay",
        "tutor:furycutter",
        "tutor:gravity",
        "tutor:headbutt",
        "tutor:helpinghand",
        "tutor:icepunch",
        "tutor:icywind",
        "tutor:knockoff",
        "tutor:lashout",
        "tutor:leer",
        "tutor:lowkick",
        "tutor:magiccoat",
        "tutor:megakick",
        "tutor:megapunch",
        "tutor:metronome",
        "tutor:mimic",
        "tutor:mudslap",
        "tutor:nightmare",
        "tutor:nightshade",
        "tutor:octazooka",
        "tutor:ominouswind",
        "tutor:painsplit",
        "tutor:poltergeist",
        "tutor:psychup",
        "tutor:recover",
        "tutor:roleplay",
        "tutor:scratch",
        "tutor:seismictoss",
        "tutor:shadowball",
        "tutor:shockwave",
        "tutor:signalbeam",
        "tutor:sleeptalk",
        "tutor:snatch",
        "tutor:snore",
        "tutor:spite",
        "tutor:substitute",
        "tutor:suckerpunch",
        "tutor:swagger",
        "tutor:taunt",
        "tutor:telekinesis",
        "tutor:thunderpunch",
        "tutor:tickle",
        "tutor:trick",
        "tutor:waterpulse",
        "tutor:willowisp",
        "tutor:wonderroom",
        "tutor:zenheadbutt"
      ],
      "labels": [
        "gen3",
        "ultravariant_regional"
      ],
      "pokedex": [
        
      ],
       "evolutions": [
        
        {
          "id": "sableye_sableye_ultravariant-mask-fire",
          "variant": "level_up",
          "result": "sableye ultravariant mask=fire",
          "consumeHeldItem": false,
          "learnableMoves": [],
          "requirements": [
            {
            "variant": "held_item",
            "itemCondition": "cobblemon:relic_coin_sack"
            }
          ]
          },
          {
          "id": "sableye_sableye_ultravariant-mask-water",
          "variant": "level_up",
          "result": "sableye ultravariant mask=water",
          "consumeHeldItem": false,
          "learnableMoves": [],
          "requirements": [
            {
            "variant": "held_item",
            "itemCondition": "cobblemon:relic_coin_sack"
            }
          ]
          },
          {
          "id": "sableye_sableye_ultravariant-mask-electric",
          "variant": "level_up",
          "result": "sableye ultravariant mask=electric",
          "consumeHeldItem": false,
          "learnableMoves": [],
          "requirements": [
            {
            "variant": "held_item",
            "itemCondition": "cobblemon:relic_coin_sack"
            }
          ]
          },
          {
          "id": "sableye_sableye_ultravariant-mask-grass",
          "variant": "level_up",
          "result": "sableye ultravariant mask=grass",
          "consumeHeldItem": false,
          "learnableMoves": [],
          "requirements": [
            {
            "variant": "held_item",
            "itemCondition": "cobblemon:relic_coin_sack"
            }
          ]
          }
      ],
      "baseScale": 0.65,
      "hitbox": {
        "width": 0.7,
        "height": 1.2,
        "fixed": false},
      "aspects": [
        "ultravariant",
        "mask-normal"
      ],
      "height": 5,
      "weight": 80,
      "cannotDynamax": false,
      "battleOnly": false
    },
    {
      "name": "ultravariant mask-normal shiny",
      "primaryType": "dark",
      "secondaryType": "normal",
      "abilities": [
        "scrappy"
      ],
      "drops": {
        "amount": 1,
        "entries": [
          {
            "item": "cobblemon:relic_coin",
            "percentage": 50.0
          },
          {
            "item": "minecraft:emerald",
            "percentage": 25.0
          }
        ]
      },
      "baseStats": {
        "hp": 75,
        "attack": 115,
        "defence": 50,
        "special_attack": 115,
        "special_defence": 45,
        "speed": 50
      },
      "catchRate": 45,
      "maleRatio": 0.5,
      "shoulderMountable": true,
      "baseExperienceYield": 133,
      "baseFriendship": 35,
      "evYield": {
        "hp": 1,
        "attack": 0,
        "defence": 0,
        "special_attack": 1,
        "special_defence": 0,
        "speed": 0
      },
      "experienceGroup": "medium_slow",
      "eggCycles": 25,
      "eggGroups": [
        "human_like"
      ],
      "behaviour": {
        "moving": {
          "walk": {
            "canWalk": true
          }
        }
      },
      "moves": [
        "1:leer",
        "1:scratch",
        "3:astonish",
        "4:foresight",
        "6:confuseray",
        "9:shadowsneak",
        "12:fakeout",
        "15:disable",
        "18:detect",
        "19:feintattack",
        "21:nightshade",
        "24:furyswipes",
        "24:punishment",
        "27:knockoff",
        "30:quash",
        "33:shadowclaw",
        "36:meanlook",
        "39:powergem",
        "42:zenheadbutt",
        "43:hyperdrill",
        "45:shadowball",
        "47:darkpulse",
        "48:foulplay",
        "50:boomburst",
        "egg:captivate",
        "egg:feint",
        "egg:flatter",
        "egg:imprison",
        "egg:meanlook",
        "egg:metalburst",
        "egg:moonlight",
        "egg:nastyplot",
        "egg:psychup",
        "egg:recover",
        "egg:suckerpunch",
        "egg:torment",
        "egg:trick",
        "tm:aerialace",
        "tm:allyswitch",
        "tm:attract",
        "tm:bodyslam",
        "tm:brickbreak",
        "tm:bulkup",
        "tm:calmmind",
        "tm:captivate",
        "tm:confide",
        "tm:confuseray",
        "tm:cut",
        "tm:darkpulse",
        "tm:dazzlinggleam",
        "tm:dig",
        "tm:doubleteam",
        "tm:drainpunch",
        "tm:dreameater",
        "tm:embargo",
        "tm:encore",
        "tm:endure",
        "tm:energyball",
        "tm:facade",
        "tm:firepunch",
        "tm:flash",
        "tm:fling",
        "tm:focuspunch",
        "tm:foulplay",
        "tm:frustration",
        "tm:gigadrain",
        "tm:gigaimpact",
        "tm:gravity",
        "tm:gyroball",
        "tm:helpinghand",
        "tm:hex",
        "tm:hiddenpower",
        "tm:honeclaws",
        "tm:hyperbeam",
        "tm:icepunch",
        "tm:icywind",
        "tm:imprison",
        "tm:incinerate",
        "tm:knockoff",
        "tm:lashout",
        "tm:lightscreen",
        "tm:lowkick",
        "tm:lowsweep",
        "tm:megakick",
        "tm:megapunch",
        "tm:metalclaw",
        "tm:metronome",
        "tm:mudshot",
        "tm:mudslap",
        "tm:nastyplot",
        "tm:naturalgift",
        "tm:nightshade",
        "tm:painsplit",
        "tm:payback",
        "tm:phantomforce",
        "tm:poisonjab",
        "tm:poltergeist",
        "tm:powergem",
        "tm:poweruppunch",
        "tm:protect",
        "tm:psybeam",
        "tm:psychic",
        "tm:psychup",
        "tm:quash",
        "tm:raindance",
        "tm:reflect",
        "tm:rest",
        "tm:retaliate",
        "tm:return",
        "tm:rocksmash",
        "tm:rocktomb",
        "tm:round",
        "tm:secretpower",
        "tm:shadowball",
        "tm:shadowclaw",
        "tm:shockwave",
        "tm:skillswap",
        "tm:skittersmack",
        "tm:sleeptalk",
        "tm:snarl",
        "tm:snatch",
        "tm:snore",
        "tm:spite",
        "tm:substitute",
        "tm:sunnyday",
        "tm:swagger",
        "tm:takedown",
        "tm:taunt",
        "tm:telekinesis",
        "tm:terablast",
        "tm:thief",
        "tm:throatchop",
        "tm:thunderpunch",
        "tm:thunderwave",
        "tm:torment",
        "tm:toxic",
        "tm:trick",
        "tm:waterpulse",
        "tm:willowisp",
        "tm:wonderroom",
        "tm:xscissor",
        "tm:zenheadbutt",
        "tutor:allyswitch",
        "tutor:bodyslam",
        "tutor:calmmind",
        "tutor:counter",
        "tutor:darkpulse",
        "tutor:doubleedge",
        "tutor:dreameater",
        "tutor:dynamicpunch",
        "tutor:endure",
        "tutor:feintattack",
        "tutor:firepunch",
        "tutor:focuspunch",
        "tutor:foresight",
        "tutor:foulplay",
        "tutor:furycutter",
        "tutor:gravity",
        "tutor:headbutt",
        "tutor:helpinghand",
        "tutor:icepunch",
        "tutor:icywind",
        "tutor:knockoff",
        "tutor:lashout",
        "tutor:leer",
        "tutor:lowkick",
        "tutor:magiccoat",
        "tutor:megakick",
        "tutor:megapunch",
        "tutor:metronome",
        "tutor:mimic",
        "tutor:mudslap",
        "tutor:nightmare",
        "tutor:nightshade",
        "tutor:octazooka",
        "tutor:ominouswind",
        "tutor:painsplit",
        "tutor:poltergeist",
        "tutor:psychup",
        "tutor:recover",
        "tutor:roleplay",
        "tutor:scratch",
        "tutor:seismictoss",
        "tutor:shadowball",
        "tutor:shockwave",
        "tutor:signalbeam",
        "tutor:sleeptalk",
        "tutor:snatch",
        "tutor:snore",
        "tutor:spite",
        "tutor:substitute",
        "tutor:suckerpunch",
        "tutor:swagger",
        "tutor:taunt",
        "tutor:telekinesis",
        "tutor:thunderpunch",
        "tutor:tickle",
        "tutor:trick",
        "tutor:waterpulse",
        "tutor:willowisp",
        "tutor:wonderroom",
        "tutor:zenheadbutt"
      ],
      "labels": [
        "gen3",
        "ultravariant_regional"
      ],
      "pokedex": [
        
      ],
       "evolutions": [
        
        {
          "id": "sableye_sableye_ultravariant-mask-fire",
          "variant": "level_up",
          "result": "sableye ultravariant mask=fire",
          "consumeHeldItem": false,
          "learnableMoves": [],
          "requirements": [
            {
            "variant": "held_item",
            "itemCondition": "cobblemon:relic_coin_sack"
            }
          ]
          },
          {
          "id": "sableye_sableye_ultravariant-mask-water",
          "variant": "level_up",
          "result": "sableye ultravariant mask=water",
          "consumeHeldItem": false,
          "learnableMoves": [],
          "requirements": [
            {
            "variant": "held_item",
            "itemCondition": "cobblemon:relic_coin_sack"
            }
          ]
          },
          {
          "id": "sableye_sableye_ultravariant-mask-electric",
          "variant": "level_up",
          "result": "sableye ultravariant mask=electric",
          "consumeHeldItem": false,
          "learnableMoves": [],
          "requirements": [
            {
            "variant": "held_item",
            "itemCondition": "cobblemon:relic_coin_sack"
            }
          ]
          },
          {
          "id": "sableye_sableye_ultravariant-mask-grass",
          "variant": "level_up",
          "result": "sableye ultravariant mask=grass",
          "consumeHeldItem": false,
          "learnableMoves": [],
          "requirements": [
            {
            "variant": "held_item",
            "itemCondition": "cobblemon:relic_coin_sack"
            }
          ]
          },
          {
          "id": "sableye_sableye_ultravariant-shining",
          "variant": "level_up",
          "result": "sableye ultravariant shining",
          "consumeHeldItem": true,
          "learnableMoves": [],
          "requirements": [
            {
            "variant": "held_item",
            "itemCondition": "cobblemon:shiny_stone_block"
            }
          ]
          }
      ],
      "baseScale": 0.65,
      "hitbox": {
        "width": 0.7,
        "height": 1.2,
        "fixed": false},
      "aspects": [
        "ultravariant",
        "mask-normal",
        "shiny"
      ],
      "height": 5,
      "weight": 80,
      "cannotDynamax": false,
      "battleOnly": false
    },
    {
      "name": "ultravariant mask-fire",
      "primaryType": "dark",
      "secondaryType": "fire",
      "abilities": [
        "whitesmoke"
      ],
      "drops": {
        "amount": 1,
        "entries": [
          {
            "item": "cobblemon:relic_coin",
            "percentage": 50.0
          },
          {
            "item": "minecraft:emerald",
            "percentage": 25.0
          }
        ]
      },
      "baseStats": {
        "hp": 75,
        "attack": 115,
        "defence": 50,
        "special_attack": 115,
        "special_defence": 45,
        "speed": 50
      },
      "catchRate": 45,
      "maleRatio": 0.5,
      "shoulderMountable": true,
      "baseExperienceYield": 133,
      "baseFriendship": 35,
      "evYield": {
        "hp": 1,
        "attack": 0,
        "defence": 0,
        "special_attack": 1,
        "special_defence": 0,
        "speed": 0
      },
      "experienceGroup": "medium_slow",
      "eggCycles": 25,
      "eggGroups": [
        "human_like"
      ],
      "behaviour": {
        "moving": {
          "walk": {
            "canWalk": true
          }
        }
      },
      "moves": [
        "1:leer",
        "1:scratch",
        "3:astonish",
        "4:foresight",
        "6:confuseray",
        "9:shadowsneak",
        "12:fakeout",
        "15:disable",
        "18:detect",
        "19:feintattack",
        "21:nightshade",
        "24:furyswipes",
        "24:punishment",
        "27:knockoff",
        "30:quash",
        "33:shadowclaw",
        "36:meanlook",
        "39:powergem",
        "40:extremespeed",
        "42:zenheadbutt",
        "43:bitterblade",
        "45:shadowball",
        "47:darkpulse",
        "48:foulplay",
        "50:searingshot",
        "egg:captivate",
        "egg:feint",
        "egg:flatter",
        "egg:imprison",
        "egg:meanlook",
        "egg:metalburst",
        "egg:moonlight",
        "egg:nastyplot",
        "egg:psychup",
        "egg:recover",
        "egg:suckerpunch",
        "egg:torment",
        "egg:trick",
        "tm:aerialace",
        "tm:allyswitch",
        "tm:attract",
        "tm:bodyslam",
        "tm:brickbreak",
        "tm:bulkup",
        "tm:calmmind",
        "tm:captivate",
        "tm:confide",
        "tm:confuseray",
        "tm:cut",
        "tm:darkpulse",
        "tm:dazzlinggleam",
        "tm:dig",
        "tm:doubleteam",
        "tm:drainpunch",
        "tm:dreameater",
        "tm:embargo",
        "tm:encore",
        "tm:endure",
        "tm:energyball",
        "tm:facade",
        "tm:firepunch",
        "tm:flash",
        "tm:fling",
        "tm:focuspunch",
        "tm:foulplay",
        "tm:frustration",
        "tm:gigadrain",
        "tm:gigaimpact",
        "tm:gravity",
        "tm:gyroball",
        "tm:helpinghand",
        "tm:hex",
        "tm:hiddenpower",
        "tm:honeclaws",
        "tm:hyperbeam",
        "tm:icepunch",
        "tm:icywind",
        "tm:imprison",
        "tm:incinerate",
        "tm:knockoff",
        "tm:lashout",
        "tm:lightscreen",
        "tm:lowkick",
        "tm:lowsweep",
        "tm:megakick",
        "tm:megapunch",
        "tm:metalclaw",
        "tm:metronome",
        "tm:mudshot",
        "tm:mudslap",
        "tm:nastyplot",
        "tm:naturalgift",
        "tm:nightshade",
        "tm:painsplit",
        "tm:payback",
        "tm:phantomforce",
        "tm:poisonjab",
        "tm:poltergeist",
        "tm:powergem",
        "tm:poweruppunch",
        "tm:protect",
        "tm:psybeam",
        "tm:psychic",
        "tm:psychup",
        "tm:quash",
        "tm:raindance",
        "tm:reflect",
        "tm:rest",
        "tm:retaliate",
        "tm:return",
        "tm:rocksmash",
        "tm:rocktomb",
        "tm:round",
        "tm:secretpower",
        "tm:shadowball",
        "tm:shadowclaw",
        "tm:shockwave",
        "tm:skillswap",
        "tm:skittersmack",
        "tm:sleeptalk",
        "tm:snarl",
        "tm:snatch",
        "tm:snore",
        "tm:spite",
        "tm:substitute",
        "tm:sunnyday",
        "tm:swagger",
        "tm:takedown",
        "tm:taunt",
        "tm:telekinesis",
        "tm:terablast",
        "tm:thief",
        "tm:throatchop",
        "tm:thunderpunch",
        "tm:thunderwave",
        "tm:torment",
        "tm:toxic",
        "tm:trick",
        "tm:waterpulse",
        "tm:willowisp",
        "tm:wonderroom",
        "tm:xscissor",
        "tm:zenheadbutt",
        "tutor:allyswitch",
        "tutor:bodyslam",
        "tutor:calmmind",
        "tutor:counter",
        "tutor:darkpulse",
        "tutor:doubleedge",
        "tutor:dreameater",
        "tutor:dynamicpunch",
        "tutor:endure",
        "tutor:feintattack",
        "tutor:firepunch",
        "tutor:focuspunch",
        "tutor:foresight",
        "tutor:foulplay",
        "tutor:furycutter",
        "tutor:gravity",
        "tutor:headbutt",
        "tutor:helpinghand",
        "tutor:icepunch",
        "tutor:icywind",
        "tutor:knockoff",
        "tutor:lashout",
        "tutor:leer",
        "tutor:lowkick",
        "tutor:magiccoat",
        "tutor:megakick",
        "tutor:megapunch",
        "tutor:metronome",
        "tutor:mimic",
        "tutor:mudslap",
        "tutor:nightmare",
        "tutor:nightshade",
        "tutor:octazooka",
        "tutor:ominouswind",
        "tutor:painsplit",
        "tutor:poltergeist",
        "tutor:psychup",
        "tutor:recover",
        "tutor:roleplay",
        "tutor:scratch",
        "tutor:seismictoss",
        "tutor:shadowball",
        "tutor:shockwave",
        "tutor:signalbeam",
        "tutor:sleeptalk",
        "tutor:snatch",
        "tutor:snore",
        "tutor:spite",
        "tutor:substitute",
        "tutor:suckerpunch",
        "tutor:swagger",
        "tutor:taunt",
        "tutor:telekinesis",
        "tutor:thunderpunch",
        "tutor:tickle",
        "tutor:trick",
        "tutor:waterpulse",
        "tutor:willowisp",
        "tutor:wonderroom",
        "tutor:zenheadbutt"
      ],
      "labels": [
        "gen3",
        "ultravariant_regional"
      ],
      "pokedex": [
        
      ],
       "evolutions": [
        
        {
          "id": "sableye_sableye_ultravariant-mask-normal",
          "variant": "level_up",
          "result": "sableye ultravariant mask=normal",
          "consumeHeldItem": false,
          "learnableMoves": [],
          "requirements": [
            {
            "variant": "held_item",
            "itemCondition": "cobblemon:relic_coin_sack"
            }
          ]
          }
      ],
      "baseScale": 0.65,
      "hitbox": {
        "width": 0.7,
        "height": 1.2,
        "fixed": false},
      "aspects": [
        "ultravariant",
        "mask-fire"
      ],
      "height": 5,
      "weight": 80,
      "cannotDynamax": false,
      "battleOnly": false
    },
    {
      "name": "ultravariant mask-water",
      "primaryType": "dark",
      "secondaryType": "water",
      "abilities": [
        "megalauncher"
      ],
      "drops": {
        "amount": 1,
        "entries": [
          {
            "item": "cobblemon:relic_coin",
            "percentage": 50.0
          },
          {
            "item": "minecraft:emerald",
            "percentage": 25.0
          }
        ]
      },
      "baseStats": {
        "hp": 75,
        "attack": 115,
        "defence": 50,
        "special_attack": 115,
        "special_defence": 45,
        "speed": 50
      },
      "catchRate": 45,
      "maleRatio": 0.5,
      "shoulderMountable": true,
      "baseExperienceYield": 133,
      "baseFriendship": 35,
      "evYield": {
        "hp": 1,
        "attack": 0,
        "defence": 0,
        "special_attack": 1,
        "special_defence": 0,
        "speed": 0
      },
      "experienceGroup": "medium_slow",
      "eggCycles": 25,
      "eggGroups": [
        "human_like"
      ],
      "behaviour": {
        "moving": {
          "walk": {
            "canWalk": true
          }
        }
      },
      "moves": [
        "1:leer",
        "1:scratch",
        "3:astonish",
        "4:foresight",
        "6:confuseray",
        "9:shadowsneak",
        "12:fakeout",
        "15:disable",
        "18:detect",
        "19:feintattack",
        "21:nightshade",
        "24:furyswipes",
        "24:punishment",
        "27:knockoff",
        "30:quash",
        "33:shadowclaw",
        "36:meanlook",
        "39:powergem",
        "42:zenheadbutt",
        "43:aquastep",
        "45:shadowball",
        "47:darkpulse",
        "48:foulplay",
        "50:waterpulse",
        "50:dragonpulse",
        "50:fishiousrend",
        "egg:captivate",
        "egg:feint",
        "egg:flatter",
        "egg:imprison",
        "egg:meanlook",
        "egg:metalburst",
        "egg:moonlight",
        "egg:nastyplot",
        "egg:psychup",
        "egg:recover",
        "egg:suckerpunch",
        "egg:torment",
        "egg:trick",
        "tm:aerialace",
        "tm:allyswitch",
        "tm:attract",
        "tm:bodyslam",
        "tm:brickbreak",
        "tm:bulkup",
        "tm:calmmind",
        "tm:captivate",
        "tm:confide",
        "tm:confuseray",
        "tm:cut",
        "tm:darkpulse",
        "tm:dazzlinggleam",
        "tm:dig",
        "tm:doubleteam",
        "tm:drainpunch",
        "tm:dreameater",
        "tm:embargo",
        "tm:encore",
        "tm:endure",
        "tm:energyball",
        "tm:facade",
        "tm:firepunch",
        "tm:flash",
        "tm:fling",
        "tm:focuspunch",
        "tm:foulplay",
        "tm:frustration",
        "tm:gigadrain",
        "tm:gigaimpact",
        "tm:gravity",
        "tm:gyroball",
        "tm:helpinghand",
        "tm:hex",
        "tm:hiddenpower",
        "tm:honeclaws",
        "tm:hyperbeam",
        "tm:icepunch",
        "tm:icywind",
        "tm:imprison",
        "tm:incinerate",
        "tm:knockoff",
        "tm:lashout",
        "tm:lightscreen",
        "tm:lowkick",
        "tm:lowsweep",
        "tm:megakick",
        "tm:megapunch",
        "tm:metalclaw",
        "tm:metronome",
        "tm:mudshot",
        "tm:mudslap",
        "tm:nastyplot",
        "tm:naturalgift",
        "tm:nightshade",
        "tm:painsplit",
        "tm:payback",
        "tm:phantomforce",
        "tm:poisonjab",
        "tm:poltergeist",
        "tm:powergem",
        "tm:poweruppunch",
        "tm:protect",
        "tm:psybeam",
        "tm:psychic",
        "tm:psychup",
        "tm:quash",
        "tm:raindance",
        "tm:reflect",
        "tm:rest",
        "tm:retaliate",
        "tm:return",
        "tm:rocksmash",
        "tm:rocktomb",
        "tm:round",
        "tm:secretpower",
        "tm:shadowball",
        "tm:shadowclaw",
        "tm:shockwave",
        "tm:skillswap",
        "tm:skittersmack",
        "tm:sleeptalk",
        "tm:snarl",
        "tm:snatch",
        "tm:snore",
        "tm:spite",
        "tm:substitute",
        "tm:sunnyday",
        "tm:swagger",
        "tm:takedown",
        "tm:taunt",
        "tm:telekinesis",
        "tm:terablast",
        "tm:thief",
        "tm:throatchop",
        "tm:thunderpunch",
        "tm:thunderwave",
        "tm:torment",
        "tm:toxic",
        "tm:trick",
        "tm:waterpulse",
        "tm:willowisp",
        "tm:wonderroom",
        "tm:xscissor",
        "tm:zenheadbutt",
        "tutor:allyswitch",
        "tutor:bodyslam",
        "tutor:calmmind",
        "tutor:counter",
        "tutor:darkpulse",
        "tutor:doubleedge",
        "tutor:dreameater",
        "tutor:dynamicpunch",
        "tutor:endure",
        "tutor:feintattack",
        "tutor:firepunch",
        "tutor:focuspunch",
        "tutor:foresight",
        "tutor:foulplay",
        "tutor:furycutter",
        "tutor:gravity",
        "tutor:headbutt",
        "tutor:helpinghand",
        "tutor:icepunch",
        "tutor:icywind",
        "tutor:knockoff",
        "tutor:lashout",
        "tutor:leer",
        "tutor:lowkick",
        "tutor:magiccoat",
        "tutor:megakick",
        "tutor:megapunch",
        "tutor:metronome",
        "tutor:mimic",
        "tutor:mudslap",
        "tutor:nightmare",
        "tutor:nightshade",
        "tutor:octazooka",
        "tutor:ominouswind",
        "tutor:painsplit",
        "tutor:poltergeist",
        "tutor:psychup",
        "tutor:recover",
        "tutor:roleplay",
        "tutor:scratch",
        "tutor:seismictoss",
        "tutor:shadowball",
        "tutor:shockwave",
        "tutor:signalbeam",
        "tutor:sleeptalk",
        "tutor:snatch",
        "tutor:snore",
        "tutor:spite",
        "tutor:substitute",
        "tutor:suckerpunch",
        "tutor:swagger",
        "tutor:taunt",
        "tutor:telekinesis",
        "tutor:thunderpunch",
        "tutor:tickle",
        "tutor:trick",
        "tutor:waterpulse",
        "tutor:willowisp",
        "tutor:wonderroom",
        "tutor:zenheadbutt"
      ],
      "labels": [
        "gen3",
        "ultravariant_regional"
      ],
      "pokedex": [
        
      ],
       "evolutions": [
        
        {
          "id": "sableye_sableye_ultravariant-mask-normal",
          "variant": "level_up",
          "result": "sableye ultravariant mask=normal",
          "consumeHeldItem": false,
          "learnableMoves": [],
          "requirements": [
            {
            "variant": "held_item",
            "itemCondition": "cobblemon:relic_coin_sack"
            }
          ]
          }
      ],
      "baseScale": 0.65,
      "hitbox": {
        "width": 0.7,
        "height": 1.2,
        "fixed": false},
      "aspects": [
        "ultravariant",
        "mask-water"
      ],
      "height": 5,
      "weight": 80,
      "cannotDynamax": false,
      "battleOnly": false
    },
    {
      "name": "ultravariant mask-grass",
      "primaryType": "dark",
      "secondaryType": "grass",
      "abilities": [
        "harvest"
      ],
      "drops": {
        "amount": 1,
        "entries": [
          {
            "item": "cobblemon:relic_coin",
            "percentage": 50.0
          },
          {
            "item": "minecraft:emerald",
            "percentage": 25.0
          }
        ]
      },
      "baseStats": {
        "hp": 75,
        "attack": 115,
        "defence": 50,
        "special_attack": 115,
        "special_defence": 45,
        "speed": 50
      },
      "catchRate": 45,
      "maleRatio": 0.5,
      "shoulderMountable": true,
      "baseExperienceYield": 133,
      "baseFriendship": 35,
      "evYield": {
        "hp": 1,
        "attack": 0,
        "defence": 0,
        "special_attack": 1,
        "special_defence": 0,
        "speed": 0
      },
      "experienceGroup": "medium_slow",
      "eggCycles": 25,
      "eggGroups": [
        "human_like"
      ],
      "behaviour": {
        "moving": {
          "walk": {
            "canWalk": true
          }
        }
      },
      "moves": [
        "1:leer",
        "1:scratch",
        "3:astonish",
        "4:foresight",
        "6:confuseray",
        "9:shadowsneak",
        "12:fakeout",
        "15:disable",
        "18:detect",
        "19:feintattack",
        "21:nightshade",
        "24:furyswipes",
        "24:punishment",
        "27:knockoff",
        "30:quash",
        "33:shadowclaw",
        "36:meanlook",
        "37:ingrain",
        "39:powergem",
        "42:zenheadbutt",
        "43:powerwhip",
        "45:shadowball",
        "47:darkpulse",
        "48:foulplay",
        "50:gigadrain",
        "50:healpulse",
        "egg:captivate",
        "egg:feint",
        "egg:flatter",
        "egg:imprison",
        "egg:meanlook",
        "egg:metalburst",
        "egg:moonlight",
        "egg:nastyplot",
        "egg:psychup",
        "egg:recover",
        "egg:suckerpunch",
        "egg:torment",
        "egg:trick",
        "tm:aerialace",
        "tm:allyswitch",
        "tm:attract",
        "tm:bodyslam",
        "tm:brickbreak",
        "tm:bulkup",
        "tm:calmmind",
        "tm:captivate",
        "tm:confide",
        "tm:confuseray",
        "tm:cut",
        "tm:darkpulse",
        "tm:dazzlinggleam",
        "tm:dig",
        "tm:doubleteam",
        "tm:drainpunch",
        "tm:dreameater",
        "tm:embargo",
        "tm:encore",
        "tm:endure",
        "tm:energyball",
        "tm:facade",
        "tm:firepunch",
        "tm:flash",
        "tm:fling",
        "tm:focuspunch",
        "tm:foulplay",
        "tm:frustration",
        "tm:gigadrain",
        "tm:gigaimpact",
        "tm:gravity",
        "tm:gyroball",
        "tm:helpinghand",
        "tm:hex",
        "tm:hiddenpower",
        "tm:honeclaws",
        "tm:hyperbeam",
        "tm:icepunch",
        "tm:icywind",
        "tm:imprison",
        "tm:incinerate",
        "tm:knockoff",
        "tm:lashout",
        "tm:lightscreen",
        "tm:lowkick",
        "tm:lowsweep",
        "tm:megakick",
        "tm:megapunch",
        "tm:metalclaw",
        "tm:metronome",
        "tm:mudshot",
        "tm:mudslap",
        "tm:nastyplot",
        "tm:naturalgift",
        "tm:nightshade",
        "tm:painsplit",
        "tm:payback",
        "tm:phantomforce",
        "tm:poisonjab",
        "tm:poltergeist",
        "tm:powergem",
        "tm:poweruppunch",
        "tm:protect",
        "tm:psybeam",
        "tm:psychic",
        "tm:psychup",
        "tm:quash",
        "tm:raindance",
        "tm:reflect",
        "tm:rest",
        "tm:retaliate",
        "tm:return",
        "tm:rocksmash",
        "tm:rocktomb",
        "tm:round",
        "tm:secretpower",
        "tm:shadowball",
        "tm:shadowclaw",
        "tm:shockwave",
        "tm:skillswap",
        "tm:skittersmack",
        "tm:sleeptalk",
        "tm:snarl",
        "tm:snatch",
        "tm:snore",
        "tm:spite",
        "tm:substitute",
        "tm:sunnyday",
        "tm:swagger",
        "tm:takedown",
        "tm:taunt",
        "tm:telekinesis",
        "tm:terablast",
        "tm:thief",
        "tm:throatchop",
        "tm:thunderpunch",
        "tm:thunderwave",
        "tm:torment",
        "tm:toxic",
        "tm:trick",
        "tm:waterpulse",
        "tm:willowisp",
        "tm:wonderroom",
        "tm:xscissor",
        "tm:zenheadbutt",
        "tutor:allyswitch",
        "tutor:bodyslam",
        "tutor:calmmind",
        "tutor:counter",
        "tutor:darkpulse",
        "tutor:doubleedge",
        "tutor:dreameater",
        "tutor:dynamicpunch",
        "tutor:endure",
        "tutor:feintattack",
        "tutor:firepunch",
        "tutor:focuspunch",
        "tutor:foresight",
        "tutor:foulplay",
        "tutor:furycutter",
        "tutor:gravity",
        "tutor:headbutt",
        "tutor:helpinghand",
        "tutor:icepunch",
        "tutor:icywind",
        "tutor:knockoff",
        "tutor:lashout",
        "tutor:leer",
        "tutor:lowkick",
        "tutor:magiccoat",
        "tutor:megakick",
        "tutor:megapunch",
        "tutor:metronome",
        "tutor:mimic",
        "tutor:mudslap",
        "tutor:nightmare",
        "tutor:nightshade",
        "tutor:octazooka",
        "tutor:ominouswind",
        "tutor:painsplit",
        "tutor:poltergeist",
        "tutor:psychup",
        "tutor:recover",
        "tutor:roleplay",
        "tutor:scratch",
        "tutor:seismictoss",
        "tutor:shadowball",
        "tutor:shockwave",
        "tutor:signalbeam",
        "tutor:sleeptalk",
        "tutor:snatch",
        "tutor:snore",
        "tutor:spite",
        "tutor:substitute",
        "tutor:suckerpunch",
        "tutor:swagger",
        "tutor:taunt",
        "tutor:telekinesis",
        "tutor:thunderpunch",
        "tutor:tickle",
        "tutor:trick",
        "tutor:waterpulse",
        "tutor:willowisp",
        "tutor:wonderroom",
        "tutor:zenheadbutt"
      ],
      "labels": [
        "gen3",
        "ultravariant_regional"
      ],
      "pokedex": [
        
      ],
       "evolutions": [
        
        {
          "id": "sableye_sableye_ultravariant-mask-normal",
          "variant": "level_up",
          "result": "sableye ultravariant mask=normal",
          "consumeHeldItem": false,
          "learnableMoves": [],
          "requirements": [
            {
            "variant": "held_item",
            "itemCondition": "cobblemon:relic_coin_sack"
            }
          ]
          }
      ],
      "baseScale": 0.65,
      "hitbox": {
        "width": 0.7,
        "height": 1.2,
        "fixed": false},
      "aspects": [
        "ultravariant",
        "mask-grass"
      ],
      "height": 5,
      "weight": 80,
      "cannotDynamax": false,
      "battleOnly": false
    },
    {
      "name": "ultravariant mask-electric",
      "primaryType": "dark",
      "secondaryType": "electric",
      "abilities": [
        "electromorphosis"
      ],
      "drops": {
        "amount": 1,
        "entries": [
          {
            "item": "cobblemon:relic_coin",
            "percentage": 50.0
          },
          {
            "item": "minecraft:emerald",
            "percentage": 25.0
          }
        ]
      },
      "baseStats": {
        "hp": 75,
        "attack": 115,
        "defence": 50,
        "special_attack": 115,
        "special_defence": 45,
        "speed": 50
      },
      "catchRate": 45,
      "maleRatio": 0.5,
      "shoulderMountable": true,
      "baseExperienceYield": 133,
      "baseFriendship": 35,
      "evYield": {
        "hp": 1,
        "attack": 0,
        "defence": 0,
        "special_attack": 1,
        "special_defence": 0,
        "speed": 0
      },
      "experienceGroup": "medium_slow",
      "eggCycles": 25,
      "eggGroups": [
        "human_like"
      ],
      "behaviour": {
        "moving": {
          "walk": {
            "canWalk": true
          }
        }
      },
      "moves": [
        "1:leer",
        "1:scratch",
        "3:astonish",
        "4:foresight",
        "6:confuseray",
        "9:shadowsneak",
        "12:fakeout",
        "15:disable",
        "18:detect",
        "19:feintattack",
        "21:nightshade",
        "24:furyswipes",
        "24:punishment",
        "27:knockoff",
        "30:quash",
        "33:shadowclaw",
        "35:charge",
        "36:meanlook",
        "39:powergem",
        "42:zenheadbutt",
        "43:plasmafists",
        "45:shadowball",
        "47:darkpulse",
        "48:foulplay",
        "50:electrodrift",
        "50:voltswitch",
        "egg:captivate",
        "egg:feint",
        "egg:flatter",
        "egg:imprison",
        "egg:meanlook",
        "egg:metalburst",
        "egg:moonlight",
        "egg:nastyplot",
        "egg:psychup",
        "egg:recover",
        "egg:suckerpunch",
        "egg:torment",
        "egg:trick",
        "tm:aerialace",
        "tm:allyswitch",
        "tm:attract",
        "tm:bodyslam",
        "tm:brickbreak",
        "tm:bulkup",
        "tm:calmmind",
        "tm:captivate",
        "tm:confide",
        "tm:confuseray",
        "tm:cut",
        "tm:darkpulse",
        "tm:dazzlinggleam",
        "tm:dig",
        "tm:doubleteam",
        "tm:drainpunch",
        "tm:dreameater",
        "tm:embargo",
        "tm:encore",
        "tm:endure",
        "tm:energyball",
        "tm:facade",
        "tm:firepunch",
        "tm:flash",
        "tm:fling",
        "tm:focuspunch",
        "tm:foulplay",
        "tm:frustration",
        "tm:gigadrain",
        "tm:gigaimpact",
        "tm:gravity",
        "tm:gyroball",
        "tm:helpinghand",
        "tm:hex",
        "tm:hiddenpower",
        "tm:honeclaws",
        "tm:hyperbeam",
        "tm:icepunch",
        "tm:icywind",
        "tm:imprison",
        "tm:incinerate",
        "tm:knockoff",
        "tm:lashout",
        "tm:lightscreen",
        "tm:lowkick",
        "tm:lowsweep",
        "tm:megakick",
        "tm:megapunch",
        "tm:metalclaw",
        "tm:metronome",
        "tm:mudshot",
        "tm:mudslap",
        "tm:nastyplot",
        "tm:naturalgift",
        "tm:nightshade",
        "tm:painsplit",
        "tm:payback",
        "tm:phantomforce",
        "tm:poisonjab",
        "tm:poltergeist",
        "tm:powergem",
        "tm:poweruppunch",
        "tm:protect",
        "tm:psybeam",
        "tm:psychic",
        "tm:psychup",
        "tm:quash",
        "tm:raindance",
        "tm:reflect",
        "tm:rest",
        "tm:retaliate",
        "tm:return",
        "tm:rocksmash",
        "tm:rocktomb",
        "tm:round",
        "tm:secretpower",
        "tm:shadowball",
        "tm:shadowclaw",
        "tm:shockwave",
        "tm:skillswap",
        "tm:skittersmack",
        "tm:sleeptalk",
        "tm:snarl",
        "tm:snatch",
        "tm:snore",
        "tm:spite",
        "tm:substitute",
        "tm:sunnyday",
        "tm:swagger",
        "tm:takedown",
        "tm:taunt",
        "tm:telekinesis",
        "tm:terablast",
        "tm:thief",
        "tm:throatchop",
        "tm:thunderpunch",
        "tm:thunderwave",
        "tm:torment",
        "tm:toxic",
        "tm:trick",
        "tm:waterpulse",
        "tm:willowisp",
        "tm:wonderroom",
        "tm:xscissor",
        "tm:zenheadbutt",
        "tutor:allyswitch",
        "tutor:bodyslam",
        "tutor:calmmind",
        "tutor:counter",
        "tutor:darkpulse",
        "tutor:doubleedge",
        "tutor:dreameater",
        "tutor:dynamicpunch",
        "tutor:endure",
        "tutor:feintattack",
        "tutor:firepunch",
        "tutor:focuspunch",
        "tutor:foresight",
        "tutor:foulplay",
        "tutor:furycutter",
        "tutor:gravity",
        "tutor:headbutt",
        "tutor:helpinghand",
        "tutor:icepunch",
        "tutor:icywind",
        "tutor:knockoff",
        "tutor:lashout",
        "tutor:leer",
        "tutor:lowkick",
        "tutor:magiccoat",
        "tutor:megakick",
        "tutor:megapunch",
        "tutor:metronome",
        "tutor:mimic",
        "tutor:mudslap",
        "tutor:nightmare",
        "tutor:nightshade",
        "tutor:octazooka",
        "tutor:ominouswind",
        "tutor:painsplit",
        "tutor:poltergeist",
        "tutor:psychup",
        "tutor:recover",
        "tutor:roleplay",
        "tutor:scratch",
        "tutor:seismictoss",
        "tutor:shadowball",
        "tutor:shockwave",
        "tutor:signalbeam",
        "tutor:sleeptalk",
        "tutor:snatch",
        "tutor:snore",
        "tutor:spite",
        "tutor:substitute",
        "tutor:suckerpunch",
        "tutor:swagger",
        "tutor:taunt",
        "tutor:telekinesis",
        "tutor:thunderpunch",
        "tutor:tickle",
        "tutor:trick",
        "tutor:waterpulse",
        "tutor:willowisp",
        "tutor:wonderroom",
        "tutor:zenheadbutt"
      ],
      "labels": [
        "gen3",
        "ultravariant_regional"
      ],
      "pokedex": [
        
      ],
       "evolutions": [
        
        {
          "id": "sableye_sableye_ultravariant-mask-normal",
          "variant": "level_up",
          "result": "sableye ultravariant mask=normal",
          "consumeHeldItem": false,
          "learnableMoves": [],
          "requirements": [
            {
            "variant": "held_item",
            "itemCondition": "cobblemon:relic_coin_sack"
            }
          ]
          }
      ],
      "baseScale": 0.65,
      "hitbox": {
        "width": 0.7,
        "height": 1.2,
        "fixed": false},
      "aspects": [
        "ultravariant",
        "mask-electric"
      ],
      "height": 5,
      "weight": 80,
      "cannotDynamax": false,
      "battleOnly": false
    },
    {
      "name": "sculkborne",
      "primaryType": "dark",
      "secondaryType": "rock",
      "abilities": [
        "sturdy",
        "battlearmor",
        "h:aftermath"
      ],
      "drops": {
        "amount": 1,
        "entries": [
          {
            "item": "minecraft:sculk_sensor",
            "percentage": 50.0
          }
        ]
      },
      "baseStats": {
        "hp": 40,
        "attack": 65,
        "defence": 75,
        "special_attack": 65,
        "special_defence": 75,
        "speed": 60
      },
      "catchRate": 45,
      "maleRatio": 0.5,
      "shoulderMountable": true,
      "baseExperienceYield": 133,
      "baseFriendship": 35,
      "evYield": {
        "hp": 0,
        "attack": 0,
        "defence": 1,
        "special_attack": 0,
        "special_defence": 1,
        "speed": 0
      },
      "experienceGroup": "medium_slow",
      "eggCycles": 25,
      "eggGroups": [
        "human_like"
      ],
      "behaviour": {
        "moving": {
          "walk": {
            "canWalk": true
          }
        }
      },
      "moves": [
        "1:leer",
        "1:scratch",
        "3:astonish",
        "4:foresight",
        "6:confuseray",
        "9:shadowsneak",
        "12:fakeout",
        "15:disable",
        "18:detect",
        "19:feintattack",
        "21:nightshade",
        "24:furyswipes",
        "24:punishment",
        "27:knockoff",
        "30:quash",
        "33:shadowclaw",
        "36:meanlook",
        "39:powergem",
        "40:darkpulse",
        "42:zenheadbutt",
        "45:shadowball",
        "48:foulplay",
        "egg:captivate",
        "egg:feint",
        "egg:flatter",
        "egg:imprison",
        "egg:meanlook",
        "egg:metalburst",
        "egg:moonlight",
        "egg:nastyplot",
        "egg:psychup",
        "egg:recover",
        "egg:suckerpunch",
        "egg:torment",
        "egg:trick",
        "tm:aerialace",
        "tm:allyswitch",
        "tm:attract",
        "tm:bodyslam",
        "tm:brickbreak",
        "tm:bulkup",
        "tm:calmmind",
        "tm:captivate",
        "tm:confide",
        "tm:confuseray",
        "tm:cut",
        "tm:darkpulse",
        "tm:dazzlinggleam",
        "tm:dig",
        "tm:doubleteam",
        "tm:drainpunch",
        "tm:dreameater",
        "tm:embargo",
        "tm:encore",
        "tm:endure",
        "tm:energyball",
        "tm:facade",
        "tm:firepunch",
        "tm:flash",
        "tm:fling",
        "tm:focuspunch",
        "tm:foulplay",
        "tm:frustration",
        "tm:gigadrain",
        "tm:gigaimpact",
        "tm:gravity",
        "tm:gyroball",
        "tm:helpinghand",
        "tm:hex",
        "tm:hiddenpower",
        "tm:honeclaws",
        "tm:hyperbeam",
        "tm:icepunch",
        "tm:icywind",
        "tm:imprison",
        "tm:incinerate",
        "tm:knockoff",
        "tm:lashout",
        "tm:lightscreen",
        "tm:lowkick",
        "tm:lowsweep",
        "tm:megakick",
        "tm:megapunch",
        "tm:metalclaw",
        "tm:metronome",
        "tm:mudshot",
        "tm:mudslap",
        "tm:nastyplot",
        "tm:naturalgift",
        "tm:nightshade",
        "tm:painsplit",
        "tm:payback",
        "tm:phantomforce",
        "tm:poisonjab",
        "tm:poltergeist",
        "tm:powergem",
        "tm:poweruppunch",
        "tm:protect",
        "tm:psybeam",
        "tm:psychic",
        "tm:psychup",
        "tm:quash",
        "tm:raindance",
        "tm:reflect",
        "tm:rest",
        "tm:retaliate",
        "tm:return",
        "tm:rocksmash",
        "tm:rocktomb",
        "tm:round",
        "tm:secretpower",
        "tm:shadowball",
        "tm:shadowclaw",
        "tm:shockwave",
        "tm:skillswap",
        "tm:skittersmack",
        "tm:sleeptalk",
        "tm:snarl",
        "tm:snatch",
        "tm:snore",
        "tm:spite",
        "tm:substitute",
        "tm:sunnyday",
        "tm:swagger",
        "tm:takedown",
        "tm:taunt",
        "tm:telekinesis",
        "tm:terablast",
        "tm:thief",
        "tm:throatchop",
        "tm:thunderpunch",
        "tm:thunderwave",
        "tm:torment",
        "tm:toxic",
        "tm:trick",
        "tm:waterpulse",
        "tm:willowisp",
        "tm:wonderroom",
        "tm:xscissor",
        "tm:zenheadbutt",
        "tutor:allyswitch",
        "tutor:bodyslam",
        "tutor:calmmind",
        "tutor:counter",
        "tutor:darkpulse",
        "tutor:doubleedge",
        "tutor:dreameater",
        "tutor:dynamicpunch",
        "tutor:endure",
        "tutor:feintattack",
        "tutor:firepunch",
        "tutor:focuspunch",
        "tutor:foresight",
        "tutor:foulplay",
        "tutor:furycutter",
        "tutor:gravity",
        "tutor:headbutt",
        "tutor:helpinghand",
        "tutor:icepunch",
        "tutor:icywind",
        "tutor:knockoff",
        "tutor:lashout",
        "tutor:leer",
        "tutor:lowkick",
        "tutor:magiccoat",
        "tutor:megakick",
        "tutor:megapunch",
        "tutor:metronome",
        "tutor:mimic",
        "tutor:mudslap",
        "tutor:nightmare",
        "tutor:nightshade",
        "tutor:octazooka",
        "tutor:ominouswind",
        "tutor:painsplit",
        "tutor:poltergeist",
        "tutor:psychup",
        "tutor:recover",
        "tutor:roleplay",
        "tutor:scratch",
        "tutor:seismictoss",
        "tutor:shadowball",
        "tutor:shockwave",
        "tutor:signalbeam",
        "tutor:sleeptalk",
        "tutor:snatch",
        "tutor:snore",
        "tutor:spite",
        "tutor:substitute",
        "tutor:suckerpunch",
        "tutor:swagger",
        "tutor:taunt",
        "tutor:telekinesis",
        "tutor:thunderpunch",
        "tutor:tickle",
        "tutor:trick",
        "tutor:waterpulse",
        "tutor:willowisp",
        "tutor:wonderroom",
        "tutor:zenheadbutt"
      ],
      "labels": [
        "gen3",
        "sculkborne"
      ],
      "pokedex": [
        
      ],
       "evolutions": [
        
        {
          "id": "sableye_sculking",
          "variant": "level_up",
          "result": "sculking",
          "consumeHeldItem": false,
          "learnableMoves": [],
          "requirements": [
            {
            "variant": "held_item",
            "itemCondition": "minecraft:sculk_catalyst"
            }
          ]
          }
      ],
      "baseScale": 0.65,
      "hitbox": {
        "width": 0.7,
        "height": 1.2,
        "fixed": false},
      "aspects": [
        "sculkborne"
      ],
      "height": 5,
      "weight": 80,
      "cannotDynamax": false,
      "battleOnly": false
    },
    {
      "name": "sculkborne shiny",
      "primaryType": "dark",
      "secondaryType": "rock",
      "abilities": [
        "sturdy",
        "battlearmor",
        "h:aftermath"
      ],
      "drops": {
        "amount": 1,
        "entries": [
          {
            "item": "minecraft:sculk_sensor",
            "percentage": 50.0
          }
        ]
      },
      "baseStats": {
        "hp": 40,
        "attack": 65,
        "defence": 75,
        "special_attack": 65,
        "special_defence": 75,
        "speed": 60
      },
      "catchRate": 45,
      "maleRatio": 0.5,
      "shoulderMountable": true,
      "baseExperienceYield": 133,
      "baseFriendship": 35,
      "evYield": {
        "hp": 0,
        "attack": 0,
        "defence": 1,
        "special_attack": 0,
        "special_defence": 1,
        "speed": 0
      },
      "experienceGroup": "medium_slow",
      "eggCycles": 25,
      "eggGroups": [
        "human_like"
      ],
      "behaviour": {
        "moving": {
          "walk": {
            "canWalk": true
          }
        }
      },
      "moves": [
        "1:leer",
        "1:scratch",
        "3:astonish",
        "4:foresight",
        "6:confuseray",
        "9:shadowsneak",
        "12:fakeout",
        "15:disable",
        "18:detect",
        "19:feintattack",
        "21:nightshade",
        "24:furyswipes",
        "24:punishment",
        "27:knockoff",
        "30:quash",
        "33:shadowclaw",
        "36:meanlook",
        "39:powergem",
        "40:darkpulse",
        "42:zenheadbutt",
        "45:shadowball",
        "48:foulplay",
        "egg:captivate",
        "egg:feint",
        "egg:flatter",
        "egg:imprison",
        "egg:meanlook",
        "egg:metalburst",
        "egg:moonlight",
        "egg:nastyplot",
        "egg:psychup",
        "egg:recover",
        "egg:suckerpunch",
        "egg:torment",
        "egg:trick",
        "tm:aerialace",
        "tm:allyswitch",
        "tm:attract",
        "tm:bodyslam",
        "tm:brickbreak",
        "tm:bulkup",
        "tm:calmmind",
        "tm:captivate",
        "tm:confide",
        "tm:confuseray",
        "tm:cut",
        "tm:darkpulse",
        "tm:dazzlinggleam",
        "tm:dig",
        "tm:doubleteam",
        "tm:drainpunch",
        "tm:dreameater",
        "tm:embargo",
        "tm:encore",
        "tm:endure",
        "tm:energyball",
        "tm:facade",
        "tm:firepunch",
        "tm:flash",
        "tm:fling",
        "tm:focuspunch",
        "tm:foulplay",
        "tm:frustration",
        "tm:gigadrain",
        "tm:gigaimpact",
        "tm:gravity",
        "tm:gyroball",
        "tm:helpinghand",
        "tm:hex",
        "tm:hiddenpower",
        "tm:honeclaws",
        "tm:hyperbeam",
        "tm:icepunch",
        "tm:icywind",
        "tm:imprison",
        "tm:incinerate",
        "tm:knockoff",
        "tm:lashout",
        "tm:lightscreen",
        "tm:lowkick",
        "tm:lowsweep",
        "tm:megakick",
        "tm:megapunch",
        "tm:metalclaw",
        "tm:metronome",
        "tm:mudshot",
        "tm:mudslap",
        "tm:nastyplot",
        "tm:naturalgift",
        "tm:nightshade",
        "tm:painsplit",
        "tm:payback",
        "tm:phantomforce",
        "tm:poisonjab",
        "tm:poltergeist",
        "tm:powergem",
        "tm:poweruppunch",
        "tm:protect",
        "tm:psybeam",
        "tm:psychic",
        "tm:psychup",
        "tm:quash",
        "tm:raindance",
        "tm:reflect",
        "tm:rest",
        "tm:retaliate",
        "tm:return",
        "tm:rocksmash",
        "tm:rocktomb",
        "tm:round",
        "tm:secretpower",
        "tm:shadowball",
        "tm:shadowclaw",
        "tm:shockwave",
        "tm:skillswap",
        "tm:skittersmack",
        "tm:sleeptalk",
        "tm:snarl",
        "tm:snatch",
        "tm:snore",
        "tm:spite",
        "tm:substitute",
        "tm:sunnyday",
        "tm:swagger",
        "tm:takedown",
        "tm:taunt",
        "tm:telekinesis",
        "tm:terablast",
        "tm:thief",
        "tm:throatchop",
        "tm:thunderpunch",
        "tm:thunderwave",
        "tm:torment",
        "tm:toxic",
        "tm:trick",
        "tm:waterpulse",
        "tm:willowisp",
        "tm:wonderroom",
        "tm:xscissor",
        "tm:zenheadbutt",
        "tutor:allyswitch",
        "tutor:bodyslam",
        "tutor:calmmind",
        "tutor:counter",
        "tutor:darkpulse",
        "tutor:doubleedge",
        "tutor:dreameater",
        "tutor:dynamicpunch",
        "tutor:endure",
        "tutor:feintattack",
        "tutor:firepunch",
        "tutor:focuspunch",
        "tutor:foresight",
        "tutor:foulplay",
        "tutor:furycutter",
        "tutor:gravity",
        "tutor:headbutt",
        "tutor:helpinghand",
        "tutor:icepunch",
        "tutor:icywind",
        "tutor:knockoff",
        "tutor:lashout",
        "tutor:leer",
        "tutor:lowkick",
        "tutor:magiccoat",
        "tutor:megakick",
        "tutor:megapunch",
        "tutor:metronome",
        "tutor:mimic",
        "tutor:mudslap",
        "tutor:nightmare",
        "tutor:nightshade",
        "tutor:octazooka",
        "tutor:ominouswind",
        "tutor:painsplit",
        "tutor:poltergeist",
        "tutor:psychup",
        "tutor:recover",
        "tutor:roleplay",
        "tutor:scratch",
        "tutor:seismictoss",
        "tutor:shadowball",
        "tutor:shockwave",
        "tutor:signalbeam",
        "tutor:sleeptalk",
        "tutor:snatch",
        "tutor:snore",
        "tutor:spite",
        "tutor:substitute",
        "tutor:suckerpunch",
        "tutor:swagger",
        "tutor:taunt",
        "tutor:telekinesis",
        "tutor:thunderpunch",
        "tutor:tickle",
        "tutor:trick",
        "tutor:waterpulse",
        "tutor:willowisp",
        "tutor:wonderroom",
        "tutor:zenheadbutt"
      ],
      "labels": [
        "gen3",
        "sculkborne"
      ],
      "pokedex": [
        
      ],
       "evolutions": [
        
        {
          "id": "sableye_sculking",
          "variant": "level_up",
          "result": "sculking",
          "consumeHeldItem": false,
          "learnableMoves": [],
          "requirements": [
            {
            "variant": "held_item",
            "itemCondition": "minecraft:sculk_catalyst"
            }
          ]
          },
          {
          "id": "sableye_sableye_sculkborne-shining",
          "variant": "level_up",
          "result": "sableye sculkborne shining",
          "consumeHeldItem": true,
          "learnableMoves": [],
          "requirements": [
            {
            "variant": "held_item",
            "itemCondition": "cobblemon:shiny_stone_block"
            }
          ]
          }
      ],
      "baseScale": 0.65,
      "hitbox": {
        "width": 0.7,
        "height": 1.2,
        "fixed": false},
      "aspects": [
        "sculkborne",
        "shiny"
      ],
      "height": 5,
      "weight": 80,
      "cannotDynamax": false,
      "battleOnly": false
    },
    {
      "name": "Mega",
      "primaryType": "dark",
      "secondaryType": "ghost",
      "abilities": [
        "magicbounce"
      ],
      "baseStats": {
        "hp": 50,
        "attack": 85,
        "defence": 125,
        "special_attack": 85,
        "special_defence": 115,
        "speed": 20
      },
      "catchRate": 45,
      "maleRatio": 0.5,
      "baseExperienceYield": 133,
      "baseFriendship": 35,
      "evYield": {
        "hp": 0,
        "attack": 1,
        "defence": 1,
        "special_attack": 0,
        "special_defence": 0,
        "speed": 0
      },
      "experienceGroup": "medium_slow",
      "eggCycles": 25,
      "eggGroups": [
        "human_like"
      ],
      "labels": [
        "gen6",
        "mega"
      ],
      "aspects": [
        "mega"
      ],
      "height": 5,
      "weight": 1610,
      "cannotDynamax": false,
      "battleOnly": true
    }
  ],
  "baseExperienceYield": 133,
  "experienceGroup": "medium_slow",
  "eggCycles": 25,
  "eggGroups": [
    "human_like"
  ],
  "drops": {
    "amount": 5,
    "entries": [
      {
        "item": "minecraft:amethyst_shard",
        "quantityRange": "0-2"
      },
      {
        "item": "minecraft:diamond",
        "percentage": 5.0
      },
      {
        "item": "minecraft:emerald",
        "percentage": 5.0
      },
      {
        "item": "cobblemon:roseli_berry",
        "percentage": 5.0
      }
    ]
  },
  "moves": [
    "1:leer",
    "1:scratch",
    "3:astonish",
    "4:foresight",
    "6:confuseray",
    "9:shadowsneak",
    "12:fakeout",
    "15:disable",
    "18:detect",
    "19:feintattack",
    "21:nightshade",
    "24:furyswipes",
    "24:punishment",
    "27:knockoff",
    "30:quash",
    "33:shadowclaw",
    "36:meanlook",
    "39:powergem",
    "42:zenheadbutt",
    "45:shadowball",
    "48:foulplay",
    "egg:captivate",
    "egg:feint",
    "egg:flatter",
    "egg:imprison",
    "egg:meanlook",
    "egg:metalburst",
    "egg:moonlight",
    "egg:nastyplot",
    "egg:psychup",
    "egg:recover",
    "egg:suckerpunch",
    "egg:torment",
    "egg:trick",
    "tm:aerialace",
    "tm:allyswitch",
    "tm:attract",
    "tm:bodyslam",
    "tm:brickbreak",
    "tm:bulkup",
    "tm:calmmind",
    "tm:captivate",
    "tm:confide",
    "tm:confuseray",
    "tm:cut",
    "tm:darkpulse",
    "tm:dazzlinggleam",
    "tm:dig",
    "tm:doubleteam",
    "tm:drainpunch",
    "tm:dreameater",
    "tm:embargo",
    "tm:encore",
    "tm:endure",
    "tm:energyball",
    "tm:facade",
    "tm:firepunch",
    "tm:flash",
    "tm:fling",
    "tm:focuspunch",
    "tm:foulplay",
    "tm:frustration",
    "tm:gigadrain",
    "tm:gigaimpact",
    "tm:gravity",
    "tm:gyroball",
    "tm:helpinghand",
    "tm:hex",
    "tm:hiddenpower",
    "tm:honeclaws",
    "tm:hyperbeam",
    "tm:icepunch",
    "tm:icywind",
    "tm:imprison",
    "tm:incinerate",
    "tm:knockoff",
    "tm:lashout",
    "tm:lightscreen",
    "tm:lowkick",
    "tm:lowsweep",
    "tm:megakick",
    "tm:megapunch",
    "tm:metalclaw",
    "tm:metronome",
    "tm:mudshot",
    "tm:mudslap",
    "tm:nastyplot",
    "tm:naturalgift",
    "tm:nightshade",
    "tm:painsplit",
    "tm:payback",
    "tm:phantomforce",
    "tm:poisonjab",
    "tm:poltergeist",
    "tm:powergem",
    "tm:poweruppunch",
    "tm:protect",
    "tm:psybeam",
    "tm:psychic",
    "tm:psychup",
    "tm:quash",
    "tm:raindance",
    "tm:reflect",
    "tm:rest",
    "tm:retaliate",
    "tm:return",
    "tm:rocksmash",
    "tm:rocktomb",
    "tm:round",
    "tm:secretpower",
    "tm:shadowball",
    "tm:shadowclaw",
    "tm:shockwave",
    "tm:skillswap",
    "tm:skittersmack",
    "tm:sleeptalk",
    "tm:snarl",
    "tm:snatch",
    "tm:snore",
    "tm:spite",
    "tm:substitute",
    "tm:sunnyday",
    "tm:swagger",
    "tm:takedown",
    "tm:taunt",
    "tm:telekinesis",
    "tm:terablast",
    "tm:thief",
    "tm:throatchop",
    "tm:thunderpunch",
    "tm:thunderwave",
    "tm:torment",
    "tm:toxic",
    "tm:trick",
    "tm:waterpulse",
    "tm:willowisp",
    "tm:wonderroom",
    "tm:xscissor",
    "tm:zenheadbutt",
    "tutor:allyswitch",
    "tutor:bodyslam",
    "tutor:calmmind",
    "tutor:counter",
    "tutor:darkpulse",
    "tutor:doubleedge",
    "tutor:dreameater",
    "tutor:dynamicpunch",
    "tutor:endure",
    "tutor:feintattack",
    "tutor:firepunch",
    "tutor:focuspunch",
    "tutor:foresight",
    "tutor:foulplay",
    "tutor:furycutter",
    "tutor:gravity",
    "tutor:headbutt",
    "tutor:helpinghand",
    "tutor:icepunch",
    "tutor:icywind",
    "tutor:knockoff",
    "tutor:lashout",
    "tutor:leer",
    "tutor:lowkick",
    "tutor:magiccoat",
    "tutor:megakick",
    "tutor:megapunch",
    "tutor:metronome",
    "tutor:mimic",
    "tutor:mudslap",
    "tutor:nightmare",
    "tutor:nightshade",
    "tutor:octazooka",
    "tutor:ominouswind",
    "tutor:painsplit",
    "tutor:poltergeist",
    "tutor:psychup",
    "tutor:recover",
    "tutor:roleplay",
    "tutor:scratch",
    "tutor:seismictoss",
    "tutor:shadowball",
    "tutor:shockwave",
    "tutor:signalbeam",
    "tutor:sleeptalk",
    "tutor:snatch",
    "tutor:snore",
    "tutor:spite",
    "tutor:substitute",
    "tutor:suckerpunch",
    "tutor:swagger",
    "tutor:taunt",
    "tutor:telekinesis",
    "tutor:thunderpunch",
    "tutor:tickle",
    "tutor:trick",
    "tutor:waterpulse",
    "tutor:willowisp",
    "tutor:wonderroom",
    "tutor:zenheadbutt"
  ],
  "labels": [
    "gen3"
  ],
  "pokedex": [
    "cobblemon.species.sableye.desc"
  ],
  "evolutions": [],
  "baseScale": 0.65,
  "hitbox": {
    "width": 0.7,
    "height": 1.2,
    "fixed": false
  },
  "baseFriendship": 35,
  "evYield": {
    "hp": 0,
    "attack": 1,
    "defence": 1,
    "special_attack": 0,
    "special_defence": 0,
    "speed": 0
  },
  "height": 5,
  "weight": 110,
  "aspects": [],
  "cannotDynamax": false
}
