{
	"format_version": "1.12.0",
	"minecraft:geometry": [
		{
			"description": {
				"identifier": "geometry.unknown",
				"texture_width": 128,
				"texture_height": 128,
				"visible_bounds_width": 4,
				"visible_bounds_height": 3.5,
				"visible_bounds_offset": [0, 1.25, 0]
			},
			"bones": [
				{
					"name": "protoffin",
					"pivot": [0, 0, 0]
				},
				{
					"name": "body",
					"parent": "protoffin",
					"pivot": [0, 15.75, 0.5]
				},
				{
					"name": "torso2",
					"parent": "body",
					"pivot": [0, 11.16269, 3.55043],
					"cubes": [
						{"origin": [-4, 8.41269, -6.34957], "size": [8, 8, 7], "pivot": [0, 24.41269, -2.84957], "rotation": [22.5, 0, 0], "uv": [29, 32]}
					]
				},
				{
					"name": "tail1",
					"parent": "torso2",
					"pivot": [0, 14.28882, 4.6136],
					"rotation": [90, 0, 0],
					"cubes": [
						{"origin": [-2, 6.23882, 1.1136], "size": [4, 9, 4], "inflate": -0.01, "uv": [0, 53]},
						{"origin": [0, 9.23882, 4.1136], "size": [0, 3, 4], "inflate": -0.01, "uv": [43, -3]}
					]
				},
				{
					"name": "tail2",
					"parent": "tail1",
					"pivot": [0, 6.26382, 3.9886],
					"cubes": [
						{"origin": [-1.5, 0.26382, 1.1136], "size": [3, 7, 3], "inflate": -0.02, "uv": [60, 68]},
						{"origin": [0, 1.76382, 3.8636], "size": [0, 3, 3], "inflate": -0.02, "uv": [44, 3]}
					]
				},
				{
					"name": "tail3",
					"parent": "tail2",
					"pivot": [0, 0.31382, 3.1136],
					"cubes": [
						{"origin": [-1, -6.68618, 1.1136], "size": [2, 8, 2], "inflate": -0.03, "uv": [72, 42]},
						{"origin": [0, -4.68618, 2.8636], "size": [0, 3, 3], "inflate": -0.03, "uv": [44, 9]}
					]
				},
				{
					"name": "tail4",
					"parent": "tail3",
					"pivot": [0, -6.68618, 2.1136],
					"cubes": [
						{"origin": [-1, -7.68618, 1.1136], "size": [2, 2, 3], "inflate": 0.15, "uv": [75, 34]},
						{"origin": [-1.5, -6.68618, 3.3636], "size": [3, 0, 4], "uv": [25, 0]}
					]
				},
				{
					"name": "torso",
					"parent": "torso2",
					"pivot": [0, 16.66269, 3.62543],
					"cubes": [
						{"origin": [-5, 14.66269, -7.34957], "size": [10, 8, 9], "pivot": [0, 24.41269, -2.84957], "rotation": [22.5, 0, 0], "uv": [0, 0]}
					]
				},
				{
					"name": "head",
					"parent": "torso",
					"pivot": [0, 22.54145, -1.93912],
					"cubes": [
						{"origin": [-4.5, 21.425, -8.225], "size": [9, 7, 9], "uv": [0, 17]},
						{"origin": [-2.75, 22.35, -10.225], "size": [5.5, 5, 3], "inflate": 0.01, "uv": [59, 34]},
						{"origin": [-8, 26.825, 0.05], "size": [16, 9, 1], "pivot": [0, 28.825, 0.55], "rotation": [-11, 0, 0], "uv": [0, 91]},
						{"origin": [2.80915, 23.60825, -0.12415], "size": [7, 9, 0], "pivot": [6.30915, 28.10825, -0.12415], "rotation": [-9.7164, 5.18165, 27.80929], "uv": [0, 66]},
						{"origin": [-11, 20.5204, 0.03419], "size": [7, 9, 0], "pivot": [-13, 28.9204, 0.05919], "rotation": [-9.7164, -5.18165, -27.80929], "uv": [63, 59]},
						{"origin": [-10, 29.375, 0.55], "size": [20, 9, 0], "pivot": [0, 28.825, 0.55], "rotation": [-11, 0, 0], "uv": [27, 17]}
					]
				},
				{
					"name": "eye_left",
					"parent": "head",
					"pivot": [0, -5.325, 1.025],
					"cubes": [
						{"origin": [4.525, 24.35, -6.375], "size": [0, 2, 3], "uv": [22, 38]}
					]
				},
				{
					"name": "eyelid_left",
					"parent": "eye_left",
					"pivot": [4.25, 25.4, -3.75],
					"cubes": [
						{"origin": [3.275, 24.35, -6.375], "size": [1, 2, 3], "inflate": 0.01, "uv": [27, 83]}
					]
				},
				{
					"name": "eye_right",
					"parent": "head",
					"pivot": [0, -5.075, 1.525],
					"cubes": [
						{"origin": [-4.525, 24.35, -6.375], "size": [0, 2, 3], "uv": [22, 38], "mirror": true}
					]
				},
				{
					"name": "eyelid_right",
					"parent": "eye_right",
					"pivot": [-3.75, 25.425, -3.525],
					"cubes": [
						{"origin": [-4.275, 24.35, -6.375], "size": [1, 2, 3], "inflate": 0.01, "uv": [27, 83], "mirror": true}
					]
				},
				{
					"name": "beak",
					"parent": "head",
					"pivot": [0, 23.8, -10.975]
				},
				{
					"name": "beak_top",
					"parent": "beak",
					"pivot": [0, 23.8, -9.725],
					"cubes": [
						{"origin": [-1.5, 22.35, -11.975], "size": [3, 4, 3], "uv": [90, 2]},
						{"origin": [-1, 21.575, -11.985], "size": [2, 1, 0], "uv": [0, 53]}
					]
				},
				{
					"name": "beak_bottom",
					"parent": "beak",
					"pivot": [0, 22.3, -8.225],
					"cubes": [
						{"origin": [-1.5, 21.8, -11.475], "size": [3, 1, 5], "inflate": -0.1, "uv": [44, 68]}
					]
				},
				{
					"name": "arm_left",
					"parent": "torso",
					"pivot": [5, 20.4106, 0.37857],
					"rotation": [-22.5, 0, 0],
					"cubes": [
						{"origin": [4, 18.475, -2.325], "size": [9, 2, 2], "pivot": [0, 24.225, -2.825], "rotation": [22.5, 0, 0], "uv": [28, 47]},
						{"origin": [2.99292, 19.03869, -1.12143], "size": [3, 3, 3], "pivot": [5.5, 20.4106, 0.37857], "rotation": [19.5946, -11.28348, 28.79542], "uv": [14, 71]}
					]
				},
				{
					"name": "arm_left2",
					"parent": "arm_left",
					"pivot": [13, 20.79328, 1.30245],
					"cubes": [
						{"origin": [13, 18.475, -2.325], "size": [7, 2, 2], "inflate": -0.01, "pivot": [8, 24.225, -2.825], "rotation": [22.5, 0, 0], "uv": [59, 30]}
					]
				},
				{
					"name": "hand_left",
					"parent": "arm_left2",
					"pivot": [20, 21.4106, 0.37857],
					"rotation": [22.5, 0, 0],
					"cubes": [
						{"origin": [20, 19.48672, -1.50412], "size": [2, 2, 3], "uv": [0, 75]}
					]
				},
				{
					"name": "finger_left2",
					"parent": "hand_left",
					"pivot": [21.95, 21.46172, -0.75412],
					"cubes": [
						{"origin": [22, 20.48672, -1.25412], "size": [2, 1, 1], "uv": [55, 68]},
						{"origin": [23.4, 20.73672, -0.75412], "size": [2, 1, 0], "uv": [43, 53]}
					]
				},
				{
					"name": "finger_left3",
					"parent": "hand_left",
					"pivot": [20.725, 21.46172, -1.47912],
					"cubes": [
						{"origin": [20.25, 20.48672, -3.50412], "size": [1, 1, 2], "uv": [67, 22]},
						{"origin": [22.45, 20.68672, 0.94588], "size": [2, 1, 0], "pivot": [24.4, 21.23672, -2.75412], "rotation": [0, -90, 0], "uv": [12, 53]}
					]
				},
				{
					"name": "finger_left",
					"parent": "hand_left",
					"pivot": [21.95, 21.43672, 0.74588],
					"cubes": [
						{"origin": [22, 20.48672, 0.24588], "size": [2, 1, 1], "uv": [69, 68]},
						{"origin": [23.4, 20.73672, 0.74588], "size": [2, 1, 0], "uv": [0, 54]}
					]
				},
				{
					"name": "arm_right",
					"parent": "torso",
					"pivot": [-5, 20.4106, 0.37857],
					"rotation": [-22.5, 0, 0],
					"cubes": [
						{"origin": [-13, 18.475, -2.325], "size": [9, 2, 2], "pivot": [0, 24.225, -2.825], "rotation": [22.5, 0, 0], "uv": [28, 47], "mirror": true},
						{"origin": [-5.99292, 19.03869, -1.12143], "size": [3, 3, 3], "pivot": [-5.5, 20.4106, 0.37857], "rotation": [19.5946, 11.28348, -28.79542], "uv": [14, 71], "mirror": true}
					]
				},
				{
					"name": "arm_right2",
					"parent": "arm_right",
					"pivot": [-13, 20.79328, 1.30245],
					"cubes": [
						{"origin": [-20, 18.475, -2.325], "size": [7, 2, 2], "inflate": -0.01, "pivot": [-8, 24.225, -2.825], "rotation": [22.5, 0, 0], "uv": [59, 30], "mirror": true}
					]
				},
				{
					"name": "hand_right",
					"parent": "arm_right2",
					"pivot": [-20, 21.4106, 0.37857],
					"rotation": [22.5, 0, 0],
					"cubes": [
						{"origin": [-22, 19.48672, -1.50412], "size": [2, 2, 3], "uv": [0, 75], "mirror": true}
					]
				},
				{
					"name": "finger_right2",
					"parent": "hand_right",
					"pivot": [-21.95, 21.46172, -0.75412],
					"cubes": [
						{"origin": [-24, 20.48672, -1.25412], "size": [2, 1, 1], "uv": [55, 68], "mirror": true},
						{"origin": [-25.4, 20.73672, -0.75412], "size": [2, 1, 0], "uv": [43, 53], "mirror": true}
					]
				},
				{
					"name": "finger_right3",
					"parent": "hand_right",
					"pivot": [-20.725, 21.46172, -1.47912],
					"cubes": [
						{"origin": [-21.25, 20.48672, -3.50412], "size": [1, 1, 2], "uv": [67, 22], "mirror": true},
						{"origin": [-24.45, 20.68672, 0.94588], "size": [2, 1, 0], "pivot": [-24.4, 21.23672, -2.75412], "rotation": [0, 90, 0], "uv": [12, 53], "mirror": true}
					]
				},
				{
					"name": "finger_right",
					"parent": "hand_right",
					"pivot": [-21.95, 21.43672, 0.74588],
					"cubes": [
						{"origin": [-24, 20.48672, 0.24588], "size": [2, 1, 1], "uv": [69, 68], "mirror": true},
						{"origin": [-25.4, 20.73672, 0.74588], "size": [2, 1, 0], "uv": [0, 54], "mirror": true}
					]
				},
				{
					"name": "wing_left",
					"parent": "torso",
					"pivot": [3.25, 20.63072, 3.59817],
					"rotation": [22.5, 0, 0],
					"cubes": [
						{"origin": [3.25, 17.63072, 3.59817], "size": [4, 7, 0], "uv": [0, 17]}
					]
				},
				{
					"name": "wing_left2",
					"parent": "wing_left",
					"pivot": [7.25, 24.63072, 3.59817],
					"cubes": [
						{"origin": [7.25, 15.63072, 3.59817], "size": [7, 9, 0], "uv": [67, 13]}
					]
				},
				{
					"name": "wing_left3",
					"parent": "wing_left2",
					"pivot": [14.25, 24.63072, 3.59817],
					"cubes": [
						{"origin": [14.25, 14.63072, 3.59817], "size": [11, 10, 0], "uv": [0, 43]}
					]
				},
				{
					"name": "winghand_left",
					"parent": "wing_left3",
					"pivot": [25.25, 24.63072, 3.59817],
					"cubes": [
						{"origin": [25.25, 14.13072, 3.09817], "size": [7, 11, 1], "uv": [16, 59]}
					]
				},
				{
					"name": "wingfinger_lefta",
					"parent": "winghand_left",
					"pivot": [32.25, 22.13072, 4.09817],
					"rotation": [0, 0, 90],
					"cubes": [
						{"origin": [29.25, 22.13072, 3.09817], "size": [3, 3, 1], "inflate": 0.01, "uv": [80, 8]}
					]
				},
				{
					"name": "wingfinger_leftb",
					"parent": "wingfinger_lefta",
					"pivot": [30.75, 25.13072, 4.09817],
					"cubes": [
						{"origin": [29.25, 25.13072, 3.09817], "size": [3, 5, 1], "inflate": 0.04, "uv": [78, 65]}
					]
				},
				{
					"name": "wingfinger_lefta2",
					"parent": "winghand_left",
					"pivot": [32.25, 19.63072, 4.09817],
					"rotation": [0, 0, 90],
					"cubes": [
						{"origin": [30.75, 19.63072, 3.09817], "size": [3, 3, 1], "inflate": 0.01, "uv": [80, 4]}
					]
				},
				{
					"name": "wingfinger_leftb2",
					"parent": "wingfinger_lefta2",
					"pivot": [32.25, 22.63072, 4.09817],
					"cubes": [
						{"origin": [30.75, 22.63072, 3.09817], "size": [3, 5, 1], "inflate": 0.04, "uv": [59, 78]}
					]
				},
				{
					"name": "wingfinger_lefta3",
					"parent": "winghand_left",
					"pivot": [32.25, 17.13072, 4.09817],
					"rotation": [0, 0, 90],
					"cubes": [
						{"origin": [32.25, 17.13072, 3.09817], "size": [3, 3, 1], "inflate": 0.01, "uv": [80, 0]}
					]
				},
				{
					"name": "wingfinger_leftb3",
					"parent": "wingfinger_lefta3",
					"pivot": [33.75, 20.13072, 4.09817],
					"cubes": [
						{"origin": [32.25, 20.13072, 3.09817], "size": [3, 5, 1], "inflate": 0.04, "uv": [77, 59]}
					]
				},
				{
					"name": "wingthumb_left",
					"parent": "winghand_left",
					"pivot": [26.75, 25.13072, 4.09817],
					"cubes": [
						{"origin": [25.25, 25.13072, 3.09817], "size": [3, 3, 1], "inflate": 0.01, "uv": [18, 80]}
					]
				},
				{
					"name": "wingthumb_left2",
					"parent": "wingthumb_left",
					"pivot": [26.75, 28.13072, 4.09817],
					"cubes": [
						{"origin": [25.25, 28.13072, 3.09817], "size": [3, 5, 1], "inflate": 0.04, "uv": [40, 79]}
					]
				},
				{
					"name": "wing_right",
					"parent": "torso",
					"pivot": [-3.25, 20.63072, 3.59817],
					"rotation": [22.5, 0, 0],
					"cubes": [
						{"origin": [-7.25, 17.63072, 3.59817], "size": [4, 7, 0], "uv": [0, 0]}
					]
				},
				{
					"name": "wing_right2",
					"parent": "wing_right",
					"pivot": [-7.25, 24.63072, 3.59817],
					"cubes": [
						{"origin": [-14.25, 15.63072, 3.59817], "size": [7, 9, 0], "uv": [49, 59]}
					]
				},
				{
					"name": "wing_right3",
					"parent": "wing_right2",
					"pivot": [-14.25, 24.63072, 3.59817],
					"cubes": [
						{"origin": [-25.25, 14.63072, 3.59817], "size": [11, 10, 0], "uv": [0, 33]}
					]
				},
				{
					"name": "winghand_right",
					"parent": "wing_right3",
					"pivot": [-25.25, 24.63072, 3.59817],
					"cubes": [
						{"origin": [-32.25, 14.13072, 3.09817], "size": [7, 11, 1], "uv": [33, 58]}
					]
				},
				{
					"name": "wingfinger_righta",
					"parent": "winghand_right",
					"pivot": [-32.25, 22.13072, 4.09817],
					"rotation": [0, 0, -90],
					"cubes": [
						{"origin": [-32.25, 22.13072, 3.09817], "size": [3, 3, 1], "inflate": 0.01, "uv": [0, 80]}
					]
				},
				{
					"name": "wingfinger_rightb",
					"parent": "wingfinger_righta",
					"pivot": [-30.75, 25.13072, 4.09817],
					"cubes": [
						{"origin": [-32.25, 25.13072, 3.09817], "size": [3, 5, 1], "inflate": 0.04, "uv": [10, 77]}
					]
				},
				{
					"name": "wingfinger_righta2",
					"parent": "winghand_right",
					"pivot": [-32.25, 19.63072, 4.09817],
					"rotation": [0, 0, -90],
					"cubes": [
						{"origin": [-33.75, 19.63072, 3.09817], "size": [3, 3, 1], "inflate": 0.01, "uv": [79, 28]}
					]
				},
				{
					"name": "wingfinger_rightb2",
					"parent": "wingfinger_righta2",
					"pivot": [-32.25, 22.63072, 4.09817],
					"cubes": [
						{"origin": [-33.75, 22.63072, 3.09817], "size": [3, 5, 1], "inflate": 0.04, "uv": [32, 76]}
					]
				},
				{
					"name": "wingfinger_righta3",
					"parent": "winghand_right",
					"pivot": [-32.25, 17.13072, 4.09817],
					"rotation": [0, 0, -90],
					"cubes": [
						{"origin": [-35.25, 17.13072, 3.09817], "size": [3, 3, 1], "inflate": 0.01, "uv": [78, 52]}
					]
				},
				{
					"name": "wingfinger_rightb3",
					"parent": "wingfinger_righta3",
					"pivot": [-33.75, 20.13072, 4.09817],
					"cubes": [
						{"origin": [-35.25, 20.13072, 3.09817], "size": [3, 5, 1], "inflate": 0.04, "uv": [72, 75]}
					]
				},
				{
					"name": "wingthumb_right",
					"parent": "winghand_right",
					"pivot": [-26.75, 25.13072, 4.09817],
					"cubes": [
						{"origin": [-28.25, 25.13072, 3.09817], "size": [3, 3, 1], "inflate": 0.01, "uv": [78, 39]}
					]
				},
				{
					"name": "wingthumb_right2",
					"parent": "wingthumb_right",
					"pivot": [-26.75, 28.13072, 4.09817],
					"cubes": [
						{"origin": [-28.25, 28.13072, 3.09817], "size": [3, 5, 1], "inflate": 0.04, "uv": [51, 74]}
					]
				},
				{
					"name": "leg_back_left",
					"parent": "body",
					"pivot": [4.6, 10.24997, 3.75],
					"rotation": [5, 0, 0],
					"cubes": [
						{"origin": [3.1, 6.48294, 0.6651], "size": [3, 6, 6], "inflate": 0.01, "uv": [48, 47]}
					]
				},
				{
					"name": "leg_back_left2",
					"parent": "leg_back_left",
					"pivot": [4.6, 6.73294, 4.1401],
					"rotation": [-12.5, 0, 0],
					"cubes": [
						{"origin": [3.1, 0.90825, 1.56858], "size": [3, 8, 3], "pivot": [2.1, 0.30685, -0.40254], "rotation": [-11, 0, 0], "uv": [68, 0]}
					]
				},
				{
					"name": "leg_back_left3",
					"parent": "leg_back_left2",
					"pivot": [4.6, -0.1977, 4.41415],
					"rotation": [7.5, 0, 0],
					"cubes": [
						{"origin": [2.6, -0.08001, 0.59349], "size": [4, 2, 4], "inflate": 0.01, "uv": [28, 70]}
					]
				},
				{
					"name": "left_claws",
					"parent": "leg_back_left3",
					"pivot": [4.6, 0.91999, 0.84349],
					"cubes": [
						{"origin": [2.6, -0.08001, -2.40651], "size": [0, 2, 3], "inflate": 0.01, "uv": [28, 48]},
						{"origin": [4.6, -0.08001, -2.40651], "size": [0, 2, 3], "inflate": 0.01, "uv": [22, 42]},
						{"origin": [6.6, -0.08001, -2.40651], "size": [0, 2, 3], "inflate": 0.01, "uv": [22, 40]}
					]
				},
				{
					"name": "leg_back_right",
					"parent": "body",
					"pivot": [-4.6, 10.24997, 3.75],
					"rotation": [5, 0, 0],
					"cubes": [
						{"origin": [-6.1, 6.48294, 0.6651], "size": [3, 6, 6], "inflate": 0.01, "uv": [16, 47]}
					]
				},
				{
					"name": "leg_back_right2",
					"parent": "leg_back_right",
					"pivot": [-4.6, 6.73294, 4.1401],
					"rotation": [-12.5, 0, 0],
					"cubes": [
						{"origin": [-6.1, 0.90825, 1.56858], "size": [3, 8, 3], "pivot": [-2.1, 0.30685, -0.40254], "rotation": [-11, 0, 0], "uv": [60, 42]}
					]
				},
				{
					"name": "leg_back_right3",
					"parent": "leg_back_right2",
					"pivot": [-4.6, -0.1977, 4.41415],
					"rotation": [7.5, 0, 0],
					"cubes": [
						{"origin": [-6.6, -0.08001, 0.59349], "size": [4, 2, 4], "inflate": 0.01, "uv": [66, 53]}
					]
				},
				{
					"name": "right_claws",
					"parent": "leg_back_right3",
					"pivot": [-4.6, 0.91999, 0.84349],
					"cubes": [
						{"origin": [-2.6, -0.08001, -2.40651], "size": [0, 2, 3], "inflate": 0.01, "uv": [22, 36]},
						{"origin": [-4.6, -0.08001, -2.40651], "size": [0, 2, 3], "inflate": 0.01, "uv": [29, 4]},
						{"origin": [-6.6, -0.08001, -2.40651], "size": [0, 2, 3], "inflate": 0.01, "uv": [0, 21]}
					]
				}
			]
		}
	]
}