{
	"format_version": "1.12.0",
	"minecraft:geometry": [
		{
			"description": {
				"identifier": "geometry.divera",
				"texture_width": 128,
				"texture_height": 128,
				"visible_bounds_width": 9,
				"visible_bounds_height": 3.5,
				"visible_bounds_offset": [0, 1.25, 0]
			},
			"bones": [
				{
					"name": "divera",
					"pivot": [0, 0, 0]
				},
				{
					"name": "body",
					"parent": "divera",
					"pivot": [0, 0, 0]
				},
				{
					"name": "leg",
					"parent": "body",
					"pivot": [-5, 14.16272, 1.21026],
					"cubes": [
						{"origin": [-8.5, 6.16272, -2.78974], "size": [7, 10, 8], "uv": [82, 20], "mirror": true}
					]
				},
				{
					"name": "knee",
					"parent": "leg",
					"pivot": [-6.5, 6.16272, 1.61026],
					"cubes": [
						{"origin": [-8.5, 2.16272, -0.38974], "size": [4, 4, 6], "uv": [100, 85], "mirror": true}
					]
				},
				{
					"name": "foot",
					"parent": "knee",
					"pivot": [-6.5, 2.16272, 1.71026],
					"cubes": [
						{"origin": [-8, 0.16272, -0.78974], "size": [3, 2, 5], "uv": [70, 107], "mirror": true}
					]
				},
				{
					"name": "toes",
					"parent": "foot",
					"pivot": [-6.5, 0.66272, 0.21026],
					"cubes": [
						{"origin": [-9, 0.16272, -5.78974], "size": [5, 1, 8], "uv": [48, 93]}
					]
				},
				{
					"name": "leg2",
					"parent": "body",
					"pivot": [5, 13.16272, 1.21026],
					"cubes": [
						{"origin": [1.5, 6.16272, -2.78974], "size": [7, 10, 8], "uv": [82, 20]}
					]
				},
				{
					"name": "knee2",
					"parent": "leg2",
					"pivot": [6.5, 6.16272, 1.61026],
					"cubes": [
						{"origin": [4.5, 2.16272, -0.38974], "size": [4, 4, 6], "uv": [100, 85]}
					]
				},
				{
					"name": "foot2",
					"parent": "knee2",
					"pivot": [6.5, 2.16272, 1.71026],
					"cubes": [
						{"origin": [5, 0.16272, -0.78974], "size": [3, 2, 5], "uv": [70, 107]}
					]
				},
				{
					"name": "toes2",
					"parent": "foot2",
					"pivot": [6.5, 0.66272, 0.21026],
					"cubes": [
						{"origin": [4, 0.16272, -5.78974], "size": [5, 1, 8], "uv": [48, 93], "mirror": true}
					]
				},
				{
					"name": "torso",
					"parent": "body",
					"pivot": [0, 12, 1]
				},
				{
					"name": "tail",
					"parent": "torso",
					"pivot": [0, 13.49605, 2.88793],
					"cubes": [
						{"origin": [-5, 8.66272, 3.21026], "size": [10, 9, 8], "uv": [52, 58]},
						{"origin": [1, 16.66272, 4.21026], "size": [0, 3, 6], "pivot": [3, 8.66272, -18.78974], "rotation": [0, -7.5, 0], "uv": [86, 107], "mirror": true},
						{"origin": [-1, 16.66272, 4.21026], "size": [0, 3, 6], "pivot": [-3, 8.66272, -18.78974], "rotation": [0, 7.5, 0], "uv": [86, 107]}
					]
				},
				{
					"name": "tail2",
					"parent": "tail",
					"pivot": [0, 13.16272, 11.71026],
					"cubes": [
						{"origin": [-4, 9.66272, 11.21026], "size": [8, 7, 11], "uv": [52, 40]},
						{"origin": [-10, 11.66272, 17.21026], "size": [6, 0, 5], "uv": [54, 102]},
						{"origin": [4, 11.66272, 17.21026], "size": [6, 0, 5], "uv": [54, 102], "mirror": true}
					]
				},
				{
					"name": "tail3",
					"parent": "tail2",
					"pivot": [0, 13.16272, 22.71026],
					"cubes": [
						{"origin": [-3, 10.66272, 22.21026], "size": [6, 5, 11], "uv": [34, 75]}
					]
				},
				{
					"name": "tail4",
					"parent": "tail3",
					"pivot": [0, 13.16272, 33.71026],
					"cubes": [
						{"origin": [-2, 11.66272, 33.21026], "size": [4, 3, 11], "uv": [84, 0]}
					]
				},
				{
					"name": "tail5",
					"parent": "tail4",
					"pivot": [0, 13.16272, 37.71026],
					"cubes": [
						{"origin": [0, 3.66272, 36.21026], "size": [0, 21, 21], "uv": [0, 0]}
					]
				},
				{
					"name": "torso1",
					"parent": "torso",
					"pivot": [0, 13.16272, 3.71026],
					"cubes": [
						{"origin": [-6, 7.66272, -5.78974], "size": [12, 11, 9], "uv": [42, 0]}
					]
				},
				{
					"name": "chest",
					"parent": "torso1",
					"pivot": [0, 17.83677, -5.69035],
					"cubes": [
						{"origin": [-6.5, 7.16272, -18.78974], "size": [13, 12, 13], "uv": [0, 42]},
						{"origin": [-1.5, 18.16272, -15.78974], "size": [3, 8, 8], "pivot": [0.5, 8.16272, -21.78974], "rotation": [-10, 0, 0], "uv": [90, 38]},
						{"origin": [-0.5, 28.16272, -16.78974], "size": [1, 6, 6], "pivot": [0.5, 10.16272, -24.78974], "rotation": [-20, 0, 0], "uv": [98, 105]}
					]
				},
				{
					"name": "neck",
					"parent": "chest",
					"pivot": [0, 14.3334, -18.05066],
					"cubes": [
						{"origin": [-4.5, 10.45348, -26.14069], "size": [9, 10, 8], "pivot": [0.5, 10.45348, -27.14069], "rotation": [-12.5, 0, 0], "uv": [0, 67]},
						{"origin": [-4.5, 20.45348, -22.14069], "size": [9, 9, 0], "inflate": 0.01, "pivot": [0.5, 10.45348, -27.14069], "rotation": [-12.5, 0, 0], "uv": [36, 102]},
						{"origin": [-0.5, 18.45348, -22.14069], "size": [4, 8, 0], "pivot": [0.5, 10.45348, -27.14069], "rotation": [-10.59061, -6.6782, -31.88034], "uv": [112, 105]},
						{"origin": [-3.5, 18.45348, -22.14069], "size": [4, 8, 0], "pivot": [-0.5, 10.45348, -27.14069], "rotation": [-10.59061, 6.6782, 31.88034], "uv": [112, 105], "mirror": true}
					]
				},
				{
					"name": "head",
					"parent": "neck",
					"pivot": [0, 14.15566, -28.06593],
					"cubes": [
						{"origin": [-5, 10, -34], "size": [10, 10, 10], "uv": [42, 20]},
						{"origin": [-4, 12.3, -39], "size": [8, 6, 5], "uv": [22, 91]},
						{"origin": [-3.3, 20.5, -29], "size": [2, 3, 7], "pivot": [1.7, 9.5, -21], "rotation": [22.5, 0, 0], "uv": [100, 95]},
						{"origin": [-1, 21, -29], "size": [2, 3, 7], "pivot": [4, 10, -21], "rotation": [22.5, 0, 0], "uv": [0, 102]},
						{"origin": [1.3, 20.5, -29], "size": [2, 3, 7], "pivot": [-1.7, 9.5, -21], "rotation": [22.5, 0, 0], "uv": [100, 95], "mirror": true},
						{"origin": [5, 14, -31], "size": [0, 2, 4], "inflate": 0.01, "uv": [70, 114]},
						{"origin": [3, 7, -25], "size": [5, 6, 0], "uv": [114, 0]},
						{"origin": [-8, 7, -25], "size": [5, 6, 0], "uv": [114, 0], "mirror": true},
						{"origin": [-5, 14.5, -30.8], "size": [0, 1, 1], "inflate": 0.02, "uv": [78, 115]},
						{"origin": [5, 14.5, -30.8], "size": [0, 1, 1], "inflate": 0.02, "uv": [78, 115], "mirror": true},
						{"origin": [-5, 14, -31], "size": [0, 2, 4], "inflate": 0.01, "uv": [70, 114], "mirror": true},
						{"origin": [-3, 11.3, -39], "size": [6, 1, 0], "uv": [0, 13]}
					]
				},
				{
					"name": "jaw",
					"parent": "head",
					"pivot": [0, 12.3, -34],
					"cubes": [
						{"origin": [-4, 10.3, -38], "size": [8, 2, 4], "uv": [84, 14]},
						{"origin": [-2, 7.3, -37.5], "size": [4, 3, 0], "uv": [34, 118]}
					]
				},
				{
					"name": "ear2",
					"parent": "head",
					"pivot": [-4, 19.5, -27.5],
					"cubes": [
						{"origin": [-6.5, 19, -28], "size": [3, 3, 1], "uv": [94, 117]}
					]
				},
				{
					"name": "ear",
					"parent": "head",
					"pivot": [4, 19.5, -27.5],
					"cubes": [
						{"origin": [3.5, 19, -28], "size": [3, 3, 1], "uv": [94, 117], "mirror": true}
					]
				},
				{
					"name": "eyelid",
					"parent": "head",
					"pivot": [0, 16.3, -29],
					"cubes": [
						{"origin": [5, 15.3, -31], "size": [0, 1, 4], "inflate": 0.03, "uv": [71, 58]},
						{"origin": [-5, 15.3, -31], "size": [0, 1, 4], "inflate": 0.03, "uv": [71, 58], "mirror": true}
					]
				},
				{
					"name": "whisker",
					"parent": "head",
					"pivot": [4.4641, 14.8, -38],
					"cubes": [
						{"origin": [7.4641, 12.3, -38], "size": [4, 1, 0], "pivot": [0, 14.8, -38], "rotation": [0, 0, -30], "uv": [0, 0], "mirror": true},
						{"origin": [3.4641, 12.3, -38], "size": [4, 1, 0], "pivot": [0, 14.8, -38], "rotation": [0, 0, -30], "uv": [0, 0], "mirror": true},
						{"origin": [11.4641, 12.3, -38], "size": [4, 1, 0], "pivot": [0, 14.8, -38], "rotation": [0, 0, -30], "uv": [0, 0], "mirror": true},
						{"origin": [4, 14.3, -38], "size": [4, 1, 0], "uv": [0, 0], "mirror": true},
						{"origin": [8, 14.3, -38], "size": [4, 1, 0], "uv": [0, 0], "mirror": true},
						{"origin": [12, 14.3, -38], "size": [4, 1, 0], "uv": [0, 0], "mirror": true},
						{"origin": [3.4641, 16.3, -38], "size": [4, 1, 0], "pivot": [0, 14.8, -38], "rotation": [0, 0, 30], "uv": [0, 0], "mirror": true},
						{"origin": [7.4641, 16.3, -38], "size": [4, 1, 0], "pivot": [0, 14.8, -38], "rotation": [0, 0, 30], "uv": [0, 0], "mirror": true},
						{"origin": [11.4641, 16.3, -38], "size": [4, 1, 0], "pivot": [0, 14.8, -38], "rotation": [0, 0, 30], "uv": [0, 0], "mirror": true}
					]
				},
				{
					"name": "whiskers",
					"parent": "head",
					"pivot": [-4.4641, 14.8, -38],
					"cubes": [
						{"origin": [-7.4641, 12.3, -38], "size": [4, 1, 0], "pivot": [0, 14.8, -38], "rotation": [0, 0, 30], "uv": [0, 0]},
						{"origin": [-11.4641, 12.3, -38], "size": [4, 1, 0], "pivot": [0, 14.8, -38], "rotation": [0, 0, 30], "uv": [0, 0]},
						{"origin": [-15.4641, 12.3, -38], "size": [4, 1, 0], "pivot": [0, 14.8, -38], "rotation": [0, 0, 30], "uv": [0, 0]},
						{"origin": [-16, 14.3, -38], "size": [4, 1, 0], "uv": [0, 0]},
						{"origin": [-12, 14.3, -38], "size": [4, 1, 0], "uv": [0, 0]},
						{"origin": [-8, 14.3, -38], "size": [4, 1, 0], "uv": [0, 0]},
						{"origin": [-7.4641, 16.3, -38], "size": [4, 1, 0], "pivot": [0, 14.8, -38], "rotation": [0, 0, -30], "uv": [0, 0]},
						{"origin": [-11.4641, 16.3, -38], "size": [4, 1, 0], "pivot": [0, 14.8, -38], "rotation": [0, 0, -30], "uv": [0, 0]},
						{"origin": [-15.4641, 16.3, -38], "size": [4, 1, 0], "pivot": [0, 14.8, -38], "rotation": [0, 0, -30], "uv": [0, 0]}
					]
				},
				{
					"name": "fin",
					"parent": "chest",
					"pivot": [-6.5, 10.16272, -12.78974],
					"cubes": [
						{"origin": [-11.5, 10.16272, -17.78974], "size": [5, 0, 10], "uv": [22, 0]}
					]
				},
				{
					"name": "fin2",
					"parent": "fin",
					"pivot": [-11.5, 10.16272, -12.78974],
					"cubes": [
						{"origin": [-16.5, 10.16272, -17.78974], "size": [5, 0, 10], "uv": [74, 0]}
					]
				},
				{
					"name": "fin3",
					"parent": "fin2",
					"pivot": [-16.5, 10.16272, -12.78974],
					"cubes": [
						{"origin": [-21.5, 10.16272, -17.78974], "size": [5, 0, 10], "uv": [21, 10]}
					]
				},
				{
					"name": "fin4",
					"parent": "fin3",
					"pivot": [-21.5, 10.16272, -12.78974],
					"cubes": [
						{"origin": [-26.5, 10.16272, -17.78974], "size": [5, 0, 10], "uv": [11, 0]}
					]
				},
				{
					"name": "fin5",
					"parent": "chest",
					"pivot": [6.5, 10.16272, -12.78974],
					"cubes": [
						{"origin": [6.5, 10.16272, -17.78974], "size": [5, 0, 10], "uv": [22, 0], "mirror": true}
					]
				},
				{
					"name": "fin6",
					"parent": "fin5",
					"pivot": [11.5, 10.16272, -12.78974],
					"cubes": [
						{"origin": [11.5, 10.16272, -17.78974], "size": [5, 0, 10], "uv": [74, 0], "mirror": true}
					]
				},
				{
					"name": "fin7",
					"parent": "fin6",
					"pivot": [16.5, 10.16272, -12.78974],
					"cubes": [
						{"origin": [16.5, 10.16272, -17.78974], "size": [5, 0, 10], "uv": [21, 10], "mirror": true}
					]
				},
				{
					"name": "fin8",
					"parent": "fin7",
					"pivot": [21.5, 10.16272, -12.78974],
					"cubes": [
						{"origin": [21.5, 10.16272, -17.78974], "size": [5, 0, 10], "uv": [11, 0], "mirror": true}
					]
				}
			]
		}
	]
}