{
	"format_version": "1.12.0",
	"minecraft:geometry": [
		{
			"description": {
				"identifier": "geometry.sculkie",
				"texture_width": 64,
				"texture_height": 64,
				"visible_bounds_width": 4,
				"visible_bounds_height": 2.5,
				"visible_bounds_offset": [0, 0.75, 0]
			},
			"bones": [
				{
					"name": "sculkie",
					"pivot": [0, 0, 0]
				},
				{
					"name": "head",
					"parent": "sculkie",
					"pivot": [0, 3.05325, -4.87136],
					"cubes": [
						{"origin": [-2.5, 0.1, -8], "size": [5, 1, 3], "uv": [0, 20]},
						{"origin": [-2.5, 3.1, -8], "size": [5, 1, 3], "uv": [16, 10]},
						{"origin": [-2.5, 1.1, -8], "size": [1, 2, 3], "uv": [0, 31]},
						{"origin": [1.5, 1.1, -8], "size": [1, 2, 3], "uv": [24, 30]},
						{"origin": [-1.6, 3.1, -8.4], "size": [0, 1, 1], "pivot": [-1.6, 3.6, -7.4], "rotation": [0, -90, 45], "uv": [0, -1]},
						{"origin": [-0.1, 3.2, -8.4], "size": [0, 1, 1], "pivot": [-0.1, 3.7, -7.4], "rotation": [0, -90, 45], "uv": [0, -1]},
						{"origin": [-0.1, 3, -7.4], "size": [0, 1, 1], "pivot": [-0.1, 3.5, -6.4], "rotation": [0, -90, 45], "uv": [0, -1]},
						{"origin": [-1.1, 3, -7.1], "size": [0, 1, 1], "pivot": [-1.1, 3.5, -6.1], "rotation": [0, -90, 45], "uv": [0, -1]},
						{"origin": [-0.6, 3, -7.7], "size": [0, 1, 1], "pivot": [-0.6, 3.5, -6.7], "rotation": [0, -90, 45], "uv": [0, -1]},
						{"origin": [0.3, 3.1, -8], "size": [0, 1, 1], "pivot": [0.3, 3.6, -7], "rotation": [0, -90, 45], "uv": [0, -1]},
						{"origin": [-1.5, 3, -7.4], "size": [0, 1, 1], "pivot": [-1.5, 3.5, -6.4], "rotation": [0, -90, 45], "uv": [0, -1]},
						{"origin": [0.7, 3, -7.2], "size": [0, 1, 1], "pivot": [0.7, 3.5, -6.2], "rotation": [0, -90, 45], "uv": [0, -1]},
						{"origin": [-0.9, 3.2, -8.2], "size": [0, 1, 1], "pivot": [-0.9, 3.7, -7.2], "rotation": [0, -90, 45], "uv": [0, -1]},
						{"origin": [0.8, 3, -8.2], "size": [0, 1, 1], "pivot": [0.8, 3.5, -7.2], "rotation": [0, -90, 45], "uv": [0, -1]},
						{"origin": [1.3, 1, -7.7], "size": [0, 1, 1], "pivot": [1.3, 1.5, -6.7], "rotation": [0, -90, 45], "uv": [0, -1]},
						{"origin": [0.4, 1, -8], "size": [0, 1, 1], "pivot": [0.4, 1.5, -7], "rotation": [0, -90, 45], "uv": [0, -1]},
						{"origin": [1.1, 1, -8.2], "size": [0, 1, 1], "pivot": [1.1, 1.5, -7.2], "rotation": [0, -90, 45], "uv": [0, -1]},
						{"origin": [-0.3, 0.7, -8.4], "size": [0, 1, 1], "pivot": [-0.3, 1.2, -7.4], "rotation": [0, -90, 45], "uv": [0, -1]},
						{"origin": [-0.9, 0.8, -8.2], "size": [0, 1, 1], "pivot": [-0.9, 1.3, -7.2], "rotation": [0, -90, 45], "uv": [0, -1]},
						{"origin": [-1.1, 0.9, -7.7], "size": [0, 1, 1], "pivot": [-1.1, 1.4, -6.7], "rotation": [0, -90, 45], "uv": [0, -1]},
						{"origin": [-1.1, 1, -7.2], "size": [0, 1, 1], "pivot": [-1.1, 1.5, -6.2], "rotation": [0, -90, 45], "uv": [0, -1]},
						{"origin": [0.7, 1, -7.2], "size": [0, 1, 1], "pivot": [0.7, 1.5, -6.2], "rotation": [0, -90, 45], "uv": [0, -1]},
						{"origin": [-2.1, 1, -8], "size": [0, 1, 1], "pivot": [-2.1, 1.5, -7], "rotation": [0, -90, 45], "uv": [0, -1]},
						{"origin": [-1.6, 0.7, -8.4], "size": [0, 1, 1], "pivot": [-1.6, 1.2, -7.4], "rotation": [0, -90, 45], "uv": [0, -1]},
						{"origin": [-2.1, 1.9, -8.4], "size": [0, 1, 1], "pivot": [-2.1, 2.4, -7.4], "rotation": [0, -90, 45], "uv": [0, -1]},
						{"origin": [-2.1, 1.5, -8], "size": [0, 1, 1], "pivot": [-2.1, 2, -7], "rotation": [0, -90, 45], "uv": [0, -1]},
						{"origin": [-2.1, 2.1, -8.1], "size": [0, 1, 1], "pivot": [-2.1, 2.6, -7.1], "rotation": [0, -90, 45], "uv": [0, -1]},
						{"origin": [1.4, 1.9, -8.4], "size": [0, 1, 1], "pivot": [1.4, 2.4, -7.4], "rotation": [0, -90, 45], "uv": [0, -1]},
						{"origin": [1.4, 1.5, -8], "size": [0, 1, 1], "pivot": [1.4, 2, -7], "rotation": [0, -90, 45], "uv": [0, -1]},
						{"origin": [1.4, 2.1, -8.1], "size": [0, 1, 1], "pivot": [1.4, 2.6, -7.1], "rotation": [0, -90, 45], "uv": [0, -1]},
						{"origin": [0.9, 0.7, -8.4], "size": [0, 1, 1], "pivot": [0.9, 1.2, -7.4], "rotation": [0, -90, 45], "uv": [0, -1]},
						{"origin": [-0.1, 1, -7.5], "size": [0, 1, 1], "pivot": [-0.1, 1.5, -6.5], "rotation": [0, -90, 45], "uv": [0, -1]}
					]
				},
				{
					"name": "body",
					"parent": "sculkie",
					"pivot": [0, 2.875, -3],
					"cubes": [
						{"origin": [-3, -0.125, -5], "size": [6, 6, 4], "uv": [0, 0]}
					]
				},
				{
					"name": "thing",
					"parent": "body",
					"pivot": [-2.23402, 5.70539, -4.41998],
					"rotation": [-69.65641, -39.28819, 6.47467],
					"cubes": [
						{"origin": [-3.23402, 5.70539, -4.41998], "size": [2, 0, 4], "pivot": [-2.23402, 5.70539, -4.41998], "rotation": [90, 0, 0], "uv": [30, 18]}
					]
				},
				{
					"name": "thing2",
					"parent": "thing",
					"pivot": [-2.23402, 9.70539, -4.41998],
					"rotation": [22.5, 0, 0],
					"cubes": [
						{"origin": [-2.73402, 9.70539, -4.41998], "size": [1, 0, 3], "pivot": [-2.23402, 9.70539, -4.41998], "rotation": [90, 0, 0], "uv": [21, 30]}
					]
				},
				{
					"name": "thing3",
					"parent": "thing2",
					"pivot": [-2.23402, 12.70539, -4.41998],
					"rotation": [-32.5, 0, 0],
					"cubes": [
						{"origin": [-3.73402, 12.70539, -4.41998], "size": [3, 0, 4], "pivot": [-2.23402, 12.70539, -4.41998], "rotation": [90, 0, 0], "uv": [26, 26]}
					]
				},
				{
					"name": "thing4",
					"parent": "body",
					"pivot": [2.23402, 5.70539, -4.41998],
					"rotation": [-69.65641, 39.28819, -6.47467],
					"cubes": [
						{"origin": [1.23402, 5.70539, -4.41998], "size": [2, 0, 4], "pivot": [2.23402, 5.70539, -4.41998], "rotation": [90, 0, 0], "uv": [16, 30]}
					]
				},
				{
					"name": "thing5",
					"parent": "thing4",
					"pivot": [2.23402, 9.70539, -4.41998],
					"rotation": [22.5, 0, 0],
					"cubes": [
						{"origin": [1.73402, 9.70539, -4.41998], "size": [1, 0, 3], "pivot": [2.23402, 9.70539, -4.41998], "rotation": [90, 0, 0], "uv": [26, 10]}
					]
				},
				{
					"name": "thing6",
					"parent": "thing5",
					"pivot": [2.23402, 12.70539, -4.41998],
					"rotation": [-32.5, 0, 0],
					"cubes": [
						{"origin": [0.73402, 12.70539, -4.41998], "size": [3, 0, 4], "pivot": [2.23402, 12.70539, -4.41998], "rotation": [90, 0, 0], "uv": [20, 26]}
					]
				},
				{
					"name": "body2",
					"parent": "body",
					"pivot": [0, 2.5, -1],
					"cubes": [
						{"origin": [-2.5, 0.1, -1], "size": [5, 6, 4], "uv": [20, 0]}
					]
				},
				{
					"name": "thing7",
					"parent": "body2",
					"pivot": [2.23402, 5.70539, -0.91998],
					"rotation": [-66.26549, 38.90695, -6.16271],
					"cubes": [
						{"origin": [1.23402, 5.70539, -0.91998], "size": [2, 0, 4], "pivot": [2.23402, 5.70539, -0.91998], "rotation": [90, 0, 0], "uv": [12, 30]}
					]
				},
				{
					"name": "thing8",
					"parent": "thing7",
					"pivot": [2.23402, 9.70539, -0.91998],
					"rotation": [-17.5, 0, 0],
					"cubes": [
						{"origin": [1.73402, 9.70539, -0.91998], "size": [1, 0, 3], "pivot": [2.23402, 9.70539, -0.91998], "rotation": [90, 0, 0], "uv": [6, 24]}
					]
				},
				{
					"name": "thing9",
					"parent": "thing8",
					"pivot": [2.23402, 12.70539, -0.91998],
					"rotation": [27.5, 0, 0],
					"cubes": [
						{"origin": [0.73402, 12.70539, -0.91998], "size": [3, 0, 4], "pivot": [2.23402, 12.70539, -0.91998], "rotation": [90, 0, 0], "uv": [26, 14]}
					]
				},
				{
					"name": "thing11",
					"parent": "body2",
					"pivot": [-2.23402, 5.70539, -0.91998],
					"rotation": [-66.26549, -38.90695, 6.16271],
					"cubes": [
						{"origin": [-3.23402, 5.70539, -0.91998], "size": [2, 0, 4], "pivot": [-2.23402, 5.70539, -0.91998], "rotation": [90, 0, 0], "uv": [30, 0]}
					]
				},
				{
					"name": "thing13",
					"parent": "thing11",
					"pivot": [-2.23402, 9.70539, -0.91998],
					"rotation": [-17.5, 0, 0],
					"cubes": [
						{"origin": [-2.73402, 9.70539, -0.91998], "size": [1, 0, 3], "pivot": [-2.23402, 9.70539, -0.91998], "rotation": [90, 0, 0], "uv": [19, 0]}
					]
				},
				{
					"name": "thing14",
					"parent": "thing13",
					"pivot": [-2.23402, 12.70539, -0.91998],
					"rotation": [27.5, 0, 0],
					"cubes": [
						{"origin": [-3.73402, 12.70539, -0.91998], "size": [3, 0, 4], "pivot": [-2.23402, 12.70539, -0.91998], "rotation": [90, 0, 0], "uv": [8, 26]}
					]
				},
				{
					"name": "body3",
					"parent": "body2",
					"pivot": [0, 2.575, 3],
					"cubes": [
						{"origin": [-3, -0.125, 3], "size": [6, 6, 4], "uv": [0, 10]}
					]
				},
				{
					"name": "thing10",
					"parent": "body3",
					"pivot": [-2.23402, 5.70539, 5.08002],
					"rotation": [-46.44663, -43.02637, -6.70773],
					"cubes": [
						{"origin": [-3.23402, 5.70539, 5.08002], "size": [2, 0, 4], "pivot": [-2.23402, 5.70539, 5.08002], "rotation": [90, 0, 0], "uv": [8, 30]}
					]
				},
				{
					"name": "thing12",
					"parent": "thing10",
					"pivot": [-2.23402, 9.70539, 5.08002],
					"rotation": [-17.5, 0, 0],
					"cubes": [
						{"origin": [-2.73402, 9.70539, 5.08002], "size": [1, 0, 3], "pivot": [-2.23402, 9.70539, 5.08002], "rotation": [90, 0, 0], "uv": [10, 20]}
					]
				},
				{
					"name": "thing15",
					"parent": "thing12",
					"pivot": [-2.23402, 12.70539, 5.08002],
					"rotation": [27.5, 0, 0],
					"cubes": [
						{"origin": [-3.73402, 12.70539, 5.08002], "size": [3, 0, 4], "pivot": [-2.23402, 12.70539, 5.08002], "rotation": [90, 0, 0], "uv": [14, 26]}
					]
				},
				{
					"name": "thing16",
					"parent": "body3",
					"pivot": [2.23402, 5.70539, 5.08002],
					"rotation": [-46.44663, 43.02637, 6.70773],
					"cubes": [
						{"origin": [1.23402, 5.70539, 5.08002], "size": [2, 0, 4], "pivot": [2.23402, 5.70539, 5.08002], "rotation": [90, 0, 0], "uv": [28, 10]}
					]
				},
				{
					"name": "thing18",
					"parent": "thing16",
					"pivot": [2.23402, 9.70539, 5.08002],
					"rotation": [-17.5, 0, 0],
					"cubes": [
						{"origin": [1.73402, 9.70539, 5.08002], "size": [1, 0, 3], "pivot": [2.23402, 9.70539, 5.08002], "rotation": [90, 0, 0], "uv": [13, 10]}
					]
				},
				{
					"name": "thing21",
					"parent": "thing18",
					"pivot": [2.23402, 12.70539, 5.08002],
					"rotation": [27.5, 0, 0],
					"cubes": [
						{"origin": [0.73402, 12.70539, 5.08002], "size": [3, 0, 4], "pivot": [2.23402, 12.70539, 5.08002], "rotation": [90, 0, 0], "uv": [12, 0]}
					]
				},
				{
					"name": "body4",
					"parent": "body3",
					"pivot": [0.56389, 2.4, 7],
					"cubes": [
						{"origin": [-2.5, 0.1, 7], "size": [5, 6, 4], "uv": [16, 16]}
					]
				},
				{
					"name": "body5",
					"parent": "body4",
					"pivot": [0, 1.5, 11],
					"cubes": [
						{"origin": [-1.5, 0, 11], "size": [3, 4, 3], "uv": [0, 24]}
					]
				}
			]
		}
	]
}