{
	"format_version": "1.8.0",
	"animations": {
		"animation.netherbink.air_idle": {
			"loop": true,
			"bones": {
				"body": {
					"rotation": ["math.sin(q.anim_time*90*1.3+90)", 0, "-0.5*math.sin(q.anim_time*90*1.3/2-90)"],
					"position": [0, "0.5*math.sin(q.anim_time*90*1.3)", 0]
				},
				"head": {
					"rotation": ["math.sin(q.anim_time*90*1.3)", 0, 0]
				},
				"ear_left": {
					"rotation": [5, 0, "-10 - 5*math.sin(q.anim_time*90*1.3-90)"]
				},
				"ear_right": {
					"rotation": [5, 0, "10 + 5*math.sin(q.anim_time*90*1.3-90)"]
				},
				"neck_fluff_front_left_top": {
					"rotation": ["32.5 + 10*math.sin(q.anim_time*90*1.3+90)", 0, 0]
				},
				"neck_fluff_back_left": {
					"rotation": ["-32.5 - 10*math.sin(q.anim_time*90*1.3+90)", 0, 0]
				},
				"neck_fluff_back_right": {
					"rotation": ["-32.5 - 10*math.sin(q.anim_time*90*1.3+90)", 0, 0]
				},
				"neck_fluff_front_right_top": {
					"rotation": ["32.5 + 10*math.sin(q.anim_time*90*1.3+90)", 0, 0]
				}
			}
		},
		"animation.netherbink.air_walk": {
			"loop": true,
			"bones": {
				"body": {
					"rotation": ["10+math.sin(q.anim_time*90*1.7+90)", 0, "-2.5*math.sin(q.anim_time*90*1.7/2-90)"],
					"position": ["math.sin(q.anim_time*90*1.7/2)", "2*math.sin(q.anim_time*90*1.7)", "0*math.sin(q.anim_time*90*1.7-45)"]
				},
				"head": {
					"rotation": ["-7.5+math.sin(q.anim_time*90*1.7)", 0, 0]
				},
				"ear_left": {
					"rotation": [5, 0, "-10 - 7*math.sin(q.anim_time*90*1.7-90) - 7*math.sin(q.anim_time*90*1.7/2+90-45)"]
				},
				"ear_right": {
					"rotation": [5, 0, "10 + 7*math.sin(q.anim_time*90*1.7-90) + 7*math.sin(q.anim_time*90*1.7/2+90-45)"]
				},
				"neck_fluff_front_left_top": {
					"rotation": ["32.5 + 20*math.sin(q.anim_time*90*1.7+90)", 0, 0]
				},
				"neck_fluff_back_left": {
					"rotation": ["-32.5 - 20*math.sin(q.anim_time*90*1.7+90)", 0, 0]
				},
				"neck_fluff_back_right": {
					"rotation": ["-32.5 - 20*math.sin(q.anim_time*90*1.7+90)", 0, 0]
				},
				"neck_fluff_front_right_top": {
					"rotation": ["32.5 + 20*math.sin(q.anim_time*90*1.7+90)", 0, 0]
				}
			}
		},
		"animation.netherbink.blink": {
			"animation_length": 0.1667,
			"bones": {
				"eyelid_left": {
					"position": {
						"0.0": [0, 0, -0.1],
						"0.125": [0, 0, -0.1],
						"0.1667": [0, 0, 0]
					}
				},
				"eyelid_right": {
					"position": {
						"0.0": [0, 0, -0.1],
						"0.125": [0, 0, -0.1],
						"0.1667": [0, 0, 0]
					}
				}
			}
		}
	}
}