{
	"format_version": "1.8.0",
	"animations": {
		"animation.madamuu-spaceworldmons.ground_idle": {
			"loop": true,
			"animation_length": 4,
			"bones": {
				"torso": {
					"rotation": [-10, "0+math.sin(query.anim_time*90*1-60)*2", 0],
					"position": [0, "0+math.sin(query.anim_time*90*2)*0.2", 0]
				},
				"plumage1": {
					"rotation": ["0+math.sin(query.anim_time*90*2-180)*5", 0, 0]
				},
				"plumage2": {
					"rotation": ["0-math.sin(query.anim_time*90*2-60)*5", 0, 0]
				},
				"plumage3": {
					"rotation": ["-2.5-math.sin(query.anim_time*90*2-120)*5", 0, 0]
				},
				"plumage4": {
					"rotation": ["0-math.sin(query.anim_time*90*2-180)*5", 0, 0]
				},
				"neck": {
					"rotation": ["10+math.sin(query.anim_time*90*2+120)*2", 0, 0]
				},
				"head": {
					"rotation": ["5+math.sin(query.anim_time*90*2-180)*5", 0, "0+math.sin(query.anim_time*90*1-180)*5"]
				},
				"tail": {
					"rotation": ["2.5+math.sin(query.anim_time*90*2-180)*5", "0+math.sin(query.anim_time*90*1-180)*5", 0]
				},
				"wing_right": {
					"rotation": [1.38554, -9.9956, -20.52026]
				},
				"wing_right2": {
					"rotation": [0, 0, -90]
				},
				"wing_right_finger": {
					"rotation": [0, 0, -65]
				},
				"wing_right_finger5": {
					"rotation": [0, 0, -110]
				},
				"wing_right_finger2": {
					"rotation": [0, 0, -57.5]
				},
				"wing_right_finger6": {
					"rotation": [0, 0, -112.5]
				},
				"wing_right_finger3": {
					"rotation": [0, 0, -72.5]
				},
				"wing_right_finger7": {
					"rotation": [0, 0, -97.5]
				},
				"wing_right_finger4": {
					"rotation": [0, 0, -72.5]
				},
				"wing_right_finger8": {
					"rotation": [0, 0, -57.5]
				},
				"wing_left": {
					"rotation": ["-57.5938+math.sin(query.anim_time*90*2-120)*5", "38.6646+math.sin(query.anim_time*90*2-180)*5", -14.12515]
				},
				"wing_left2": {
					"rotation": [0, 0, "92.5-math.sin(query.anim_time*90*2)*10"]
				},
				"wing_left_finger": {
					"rotation": [-1.63219, 7.32123, "-12.6044-math.sin(query.anim_time*90*2)*15"]
				},
				"wing_left_finger5": {
					"rotation": [0, 0, 47.5]
				},
				"wing_left_finger2": {
					"rotation": [0, 0, "-20-math.sin(query.anim_time*90*2-60)*15"]
				},
				"wing_left_finger6": {
					"rotation": [0, 0, "35-math.sin(query.anim_time*90*2)*15"]
				},
				"wing_left_finger3": {
					"rotation": [0.87038, -4.92385, "-10.0374-math.sin(query.anim_time*90*2-120)*15"]
				},
				"wing_left_finger7": {
					"rotation": [0, 0, 30]
				},
				"wing_left_finger4": {
					"rotation": [0.87038, -4.92385, "-10.0374+math.sin(query.anim_time*90*2+30)*15"]
				},
				"wing_left_finger8": {
					"rotation": [0, 0, "40-math.sin(query.anim_time*90*2-180)*15"]
				},
				"onion_wing_right": {
					"rotation": [-7.52235, 2.21738, -1.15495],
					"position": [7, -4, 0]
				},
				"leg_right": {
					"rotation": [0, 10, 0]
				},
				"leg_left": {
					"rotation": [0, -7.5, 0]
				}
			}
		},
		"animation.madamuu-spaceworldmons.ground_walk": {
			"loop": true,
			"animation_length": 1,
			"bones": {
				"torso": {
					"position": ["0+math.sin(query.anim_time*90*4)*0.2", "0+math.sin(query.anim_time*90*8)*0.2", 0]
				},
				"plumage1": {
					"rotation": ["-5+math.sin(query.anim_time*90*8-120)*10", 0, 0]
				},
				"plumage2": {
					"rotation": ["-7.5+math.sin(query.anim_time*90*8-120)*10", 0, 0]
				},
				"plumage3": {
					"rotation": ["-7.5+math.sin(query.anim_time*90*8-120)*10", 0, 0]
				},
				"plumage4": {
					"rotation": ["-5+math.sin(query.anim_time*90*8-120)*10", 0, 0]
				},
				"neck": {
					"rotation": ["22.5+math.sin(query.anim_time*90*8)*2", 0, 0]
				},
				"head": {
					"rotation": ["-12.3035+math.sin(query.anim_time*90*8-60)*2", 1.46162, -1.82548]
				},
				"tail": {
					"rotation": ["17.5+math.sin(query.anim_time*90*8-60)*5", "0+math.sin(query.anim_time*90*4)*10", 0]
				},
				"wing_right": {
					"rotation": ["1.3855+math.sin(query.anim_time*90*4)*5", -9.9956, -20.52026],
					"position": [0, "0+math.sin(query.anim_time*90*8)*0.2", 0]
				},
				"wing_right2": {
					"rotation": [0, 0, -90]
				},
				"wing_right_finger": {
					"rotation": [0, 0, -67.5]
				},
				"wing_right_finger5": {
					"rotation": [0, 0, -90]
				},
				"wing_right_finger2": {
					"rotation": [0, 0, -65]
				},
				"wing_right_finger6": {
					"rotation": [0, 0, -90]
				},
				"wing_right_finger3": {
					"rotation": [0, 0, -80]
				},
				"wing_right_finger7": {
					"rotation": [0, 0, -52.5]
				},
				"wing_right_finger4": {
					"rotation": [0, 0, -72.5]
				},
				"wing_right_finger8": {
					"rotation": [0, 0, -30]
				},
				"wing_left": {
					"rotation": ["0+math.sin(query.anim_time*90*4-60)*10", "0+math.sin(query.anim_time*90*4)*10", 47.5]
				},
				"wing_left2": {
					"rotation": [0, 0, "-25+math.sin(query.anim_time*90*8)*5"]
				},
				"wing_left_finger": {
					"rotation": [0, 0, "-20+math.sin(query.anim_time*90*8-120)*10"]
				},
				"wing_left_finger5": {
					"rotation": [0, 0, "-25+math.sin(query.anim_time*90*8-120)*10"]
				},
				"wing_left_finger2": {
					"rotation": [0, 0, "-25+math.sin(query.anim_time*90*8-120)*10"]
				},
				"wing_left_finger6": {
					"rotation": [0, 0, "-25+math.sin(query.anim_time*90*8-120)*10"]
				},
				"wing_left_finger3": {
					"rotation": [0, 0, "-32.5+math.sin(query.anim_time*90*8-120)*10"]
				},
				"wing_left_finger7": {
					"rotation": [0, 0, -25]
				},
				"wing_left_finger4": {
					"rotation": [0, 0, "-30+math.sin(query.anim_time*90*8-120)*10"]
				},
				"wing_left_finger8": {
					"rotation": [0, 0, "-27.5+math.sin(query.anim_time*90*8-180)*10"]
				},
				"onion_wing_right": {
					"rotation": ["-7.5224+math.sin(query.anim_time*90*4)*5", 2.21738, -1.15495],
					"position": [7, "-4+math.sin(query.anim_time*90*8)*0.2", 0]
				},
				"leg_right": {
					"position": {
						"0.0": [0, 0, -2],
						"0.5": [0, 0, 2],
						"0.75": [0, 1, 0],
						"1.0": [0, 0, -2]
					}
				},
				"foot_right": {
					"rotation": {
						"0.0": [0, 0, 0],
						"0.5": [0, 0, 0],
						"0.625": [12.5, 0, 0],
						"0.7917": [-10, 0, 0],
						"1.0": [0, 0, 0]
					}
				},
				"leg_left": {
					"rotation": [0, -7.5, 0],
					"position": {
						"0.0": [0, 0, 2],
						"0.25": [0, 1, 0],
						"0.5": [0, 0, -2],
						"1.0": [0, 0, 2]
					}
				},
				"foot_left": {
					"rotation": {
						"0.0": [0, 0, 0],
						"0.2083": [15, 0, 0],
						"0.4583": [-17.5, 0, 0],
						"0.625": [0, 0, 0]
					}
				}
			}
		},
		"animation.madamuu-spaceworldmons.air_idle": {
			"loop": true,
			"animation_length": 4,
			"bones": {
				"body": {
					"rotation": ["-12.5+math.sin(query.anim_time*90*2-60)*5", 0, 0],
					"position": [0, "4+math.sin(query.anim_time*90*2)", 0]
				},
				"neck": {
					"rotation": ["14.3701+math.sin(query.anim_time*90*2-120)*5", 5.07855, -14.13272]
				},
				"head": {
					"rotation": ["12.3242+math.sin(query.anim_time*90*2-180)*5", -1.61888, 12.39638]
				},
				"tail": {
					"rotation": ["5+math.sin(query.anim_time*90*2-120)*10", 0, 0]
				},
				"wing_right": {
					"rotation": [0, 0, "0-math.sin(query.anim_time*90*2)*30"]
				},
				"wing_right2": {
					"rotation": [0, 0, "-7.5-math.sin(query.anim_time*90*2-60)*40"]
				},
				"wing_right_finger": {
					"rotation": [0, 0, "10-math.sin(query.anim_time*90*2-120)*50"]
				},
				"wing_right_finger2": {
					"rotation": [0, 0, "7.5-math.sin(query.anim_time*90*2-120)*50"]
				},
				"wing_right_finger3": {
					"rotation": [0, 0, "12.5-math.sin(query.anim_time*90*2-120)*50"]
				},
				"wing_right_finger4": {
					"rotation": [0, 0, "10-math.sin(query.anim_time*90*2-120)*50"]
				},
				"wing_left": {
					"rotation": [0, 0, "0+math.sin(query.anim_time*90*2)*30"]
				},
				"wing_left2": {
					"rotation": [0, 0, "-2.5+math.sin(query.anim_time*90*2-60)*40"]
				},
				"wing_left_finger": {
					"rotation": [0, 0, "-5+math.sin(query.anim_time*90*2-120)*40"]
				},
				"wing_left_finger2": {
					"rotation": [0, 0, "-7.5+math.sin(query.anim_time*90*2-120)*40"]
				},
				"wing_left_finger3": {
					"rotation": [0, 0, "-7.5+math.sin(query.anim_time*90*2-120)*40"]
				},
				"wing_left_finger4": {
					"rotation": [0, 0, "-5+math.sin(query.anim_time*90*2-120)*40"]
				},
				"onion_wing_right": {
					"rotation": [-36.2603, -29.32327, 22.8877],
					"position": [14, 2, 10]
				},
				"foot_right": {
					"rotation": ["57.8635-math.sin(query.anim_time*90*2-120)*5", 4.70222, 8.83543]
				},
				"foot_left": {
					"rotation": ["52.9005-math.sin(query.anim_time*90*2-120)*5", -5.45172, -8.39595]
				}
			}
		},
		"animation.madamuu-spaceworldmons.air_fly": {
			"loop": true,
			"animation_length": 4,
			"bones": {
				"body": {
					"rotation": ["15+math.sin(query.anim_time*90*2-60)*5", 0, "0+math.sin(query.anim_time*90*1)*5"],
					"position": ["0+math.sin(query.anim_time*90*1)", "4+math.sin(query.anim_time*90*2)", 0]
				},
				"neck": {
					"rotation": ["81.8701+math.sin(query.anim_time*90*2-120)*5", 5.07855, -14.13272]
				},
				"head": {
					"rotation": ["-85.1758+math.sin(query.anim_time*90*2-180)*5", -1.61888, 12.39638]
				},
				"tail": {
					"rotation": ["5+math.sin(query.anim_time*90*16-120)*5", 0, 0]
				},
				"wing_right": {
					"rotation": [0, 0, "0-math.sin(query.anim_time*90*2)*30"]
				},
				"wing_right2": {
					"rotation": [0, 0, "-7.5-math.sin(query.anim_time*90*2-60)*40"]
				},
				"wing_right_finger": {
					"rotation": [0, 0, "10-math.sin(query.anim_time*90*2-120)*50"]
				},
				"wing_right_finger2": {
					"rotation": [0, 0, "7.5-math.sin(query.anim_time*90*2-120)*50"]
				},
				"wing_right_finger3": {
					"rotation": [0, 0, "12.5-math.sin(query.anim_time*90*2-120)*50"]
				},
				"wing_right_finger4": {
					"rotation": [0, 0, "10-math.sin(query.anim_time*90*2-120)*50"]
				},
				"wing_left": {
					"rotation": [0, 0, "0+math.sin(query.anim_time*90*2)*30"]
				},
				"wing_left2": {
					"rotation": [0, 0, "-2.5+math.sin(query.anim_time*90*2-60)*40"]
				},
				"wing_left_finger": {
					"rotation": [0, 0, "-5+math.sin(query.anim_time*90*2-120)*40"]
				},
				"wing_left_finger2": {
					"rotation": [0, 0, "-7.5+math.sin(query.anim_time*90*2-120)*40"]
				},
				"wing_left_finger3": {
					"rotation": [0, 0, "-7.5+math.sin(query.anim_time*90*2-120)*40"]
				},
				"wing_left_finger4": {
					"rotation": [0, 0, "-5+math.sin(query.anim_time*90*2-120)*40"]
				},
				"onion_wing_right": {
					"rotation": [-36.2603, -29.32327, 22.8877],
					"position": [14, 2, 10]
				},
				"foot_right": {
					"rotation": ["57.8635-math.sin(query.anim_time*90*16-120)*2", 4.70222, 8.83543]
				},
				"foot_left": {
					"rotation": ["52.9005-math.sin(query.anim_time*90*16-60)*2", -5.45172, -8.39595]
				},
				"jaw": {
					"rotation": ["7.1119+math.sin(query.anim_time*90*2)*5", -0.49311, -2.36206]
				},
				"hair_right": {
					"rotation": ["0+math.sin(query.anim_time*90*16)*1", 0, 0]
				},
				"hair_left": {
					"rotation": ["0+math.sin(query.anim_time*90*16)*1", 0, 0]
				}
			}
		},
		"animation.madamuu-spaceworldmons.cry": {
			"animation_length": 0.5833,
			"bones": {
				"head": {
					"rotation": {
						"0.0": {
							"post": [0, 0, 0],
							"lerp_mode": "catmullrom"
						},
						"0.1667": {
							"post": [-15, 0, 0],
							"lerp_mode": "catmullrom"
						},
						"0.25": {
							"post": [-15, 0, 0],
							"lerp_mode": "catmullrom"
						},
						"0.3333": {
							"post": [0, 0, 0],
							"lerp_mode": "catmullrom"
						},
						"0.4167": {
							"post": [-15, 0, 0],
							"lerp_mode": "catmullrom"
						},
						"0.5833": {
							"post": [0, 0, 0],
							"lerp_mode": "catmullrom"
						}
					}
				},
				"jaw": {
					"rotation": {
						"0.0": {
							"post": [0, 0, 0],
							"lerp_mode": "catmullrom"
						},
						"0.1667": {
							"post": [25, 0, 0],
							"lerp_mode": "catmullrom"
						},
						"0.25": {
							"post": [25, 0, 0],
							"lerp_mode": "catmullrom"
						},
						"0.3333": {
							"post": [0, 0, 0],
							"lerp_mode": "catmullrom"
						},
						"0.4167": {
							"post": [25, 0, 0],
							"lerp_mode": "catmullrom"
						},
						"0.5833": {
							"post": [0, 0, 0],
							"lerp_mode": "catmullrom"
						}
					}
				}
			},
			"sound_effects": {
				"0.0": {
					"effect": "spaceworldmons:pokemon.madamuu.cry"
				}
			}
		}
	}
}