{
	"format_version": "1.12.0",
	"minecraft:geometry": [
		{
			"description": {
				"identifier": "geometry.echolossus",
				"texture_width": 128,
				"texture_height": 128,
				"visible_bounds_width": 5,
				"visible_bounds_height": 4.5,
				"visible_bounds_offset": [0, 1.75, 0]
			},
			"bones": [
				{
					"name": "echolossus",
					"pivot": [0, 0, 0]
				},
				{
					"name": "torso_main",
					"parent": "echolossus",
					"pivot": [0, 13, 3]
				},
				{
					"name": "tendril2",
					"parent": "torso_main",
					"pivot": [-2.24976, 16.37984, -12.21761],
					"rotation": [-4.15837, -10.14113, -54.30313],
					"cubes": [
						{"origin": [-3.49976, 12.37984, -12.71761], "size": [3, 14, 0], "uv": [50, 105]}
					]
				},
				{
					"name": "tendril5",
					"parent": "tendril2",
					"pivot": [-1.99976, 26.37984, -12.71761],
					"cubes": [
						{"origin": [-2.99976, 26.37984, -12.71761], "size": [2, 11, 0], "uv": [74, 112]}
					]
				},
				{
					"name": "tendril9",
					"parent": "tendril5",
					"pivot": [-1.99976, 37.37984, -12.71761],
					"cubes": [
						{"origin": [-4.49976, 37.37984, -12.71761], "size": [5, 6, 0], "uv": [80, 67]}
					]
				},
				{
					"name": "head",
					"parent": "torso_main",
					"pivot": [-0.00069, 15.22775, -10.04264],
					"cubes": [
						{"origin": [-4, 11.3375, -18], "size": [8, 8, 8], "uv": [76, 38]},
						{"origin": [-4, 17.3375, -18.5], "size": [8, 2, 1], "uv": [90, 118]},
						{"origin": [-4.5, 11.2875, -18.5], "size": [9, 4, 2], "pivot": [0.5, 13.2875, -18.5], "rotation": [15, 0, 0], "uv": [88, 54]},
						{"origin": [-3.9875, 17.70695, -17.62137], "size": [0, 3, 5], "pivot": [-3.9875, 19.20695, -15.12137], "rotation": [32.5, 0, 0], "uv": [28, 100]},
						{"origin": [3.9875, 17.70695, -17.62137], "size": [0, 3, 5], "pivot": [3.9875, 19.20695, -15.12137], "rotation": [32.5, 0, 0], "uv": [0, 25]}
					]
				},
				{
					"name": "jaw",
					"parent": "head",
					"pivot": [0.0125, 12.3375, -13.5]
				},
				{
					"name": "bone",
					"parent": "jaw",
					"pivot": [-1.25, 10.3375, -15.5],
					"rotation": [0, 5, 0],
					"cubes": [
						{"origin": [-2.25, 9.3375, -18], "size": [2, 2, 5], "pivot": [-1.25, 10.3375, -15.5], "rotation": [45, 0, 0], "uv": [108, 0]},
						{"origin": [-2.25, 8.75907, -20.97843], "size": [2, 2, 5], "pivot": [1.25, 9.75907, -18.47843], "rotation": [-22.5, 0, 0], "uv": [58, 81]}
					]
				},
				{
					"name": "bone2",
					"parent": "jaw",
					"pivot": [1.25, 10.3375, -15.5],
					"rotation": [0, -5, 0],
					"cubes": [
						{"origin": [0.25, 8.75907, -20.97843], "size": [2, 2, 5], "pivot": [1.25, 9.75907, -18.47843], "rotation": [-22.5, 0, 0], "uv": [100, 38]},
						{"origin": [0.25, 9.3375, -18], "size": [2, 2, 5], "pivot": [1.25, 10.3375, -15.5], "rotation": [45, 0, 0], "uv": [106, 84]}
					]
				},
				{
					"name": "bone3",
					"parent": "jaw",
					"pivot": [-3.5, 10.3375, -15.5],
					"cubes": [
						{"origin": [-4.5, 7.6375, -20.55], "size": [2, 2, 5], "pivot": [-3.5, 10.3375, -15.5], "rotation": [-22.5, 22.5, 0], "uv": [105, 55]},
						{"origin": [-4.5, 9.3375, -18], "size": [2, 2, 5], "pivot": [-3.5, 10.3375, -15.5], "rotation": [45, 22.5, 0], "uv": [104, 77]}
					]
				},
				{
					"name": "bone4",
					"parent": "jaw",
					"pivot": [-2.5, 10.3375, -15.5],
					"cubes": [
						{"origin": [2.5, 9.3375, -18], "size": [2, 2, 5], "pivot": [3.5, 10.3375, -15.5], "rotation": [45, -22.5, 0], "uv": [36, 105]},
						{"origin": [2.05, 6.7875, -22.65], "size": [2, 2, 5], "pivot": [-2.5, 10.3375, -15.5], "rotation": [-22.5, -22.5, 0], "uv": [103, 21]}
					]
				},
				{
					"name": "body",
					"parent": "torso_main",
					"pivot": [-0.00016, 14.72693, 1.64637],
					"cubes": [
						{"origin": [-7.00024, 8.53485, -12.44724], "size": [14, 16, 14], "pivot": [-0.00024, 16.34351, -4.90918], "rotation": [-12.5, 0, 0], "uv": [0, 0]},
						{"origin": [-6.00024, 8.65173, -12.17767], "size": [5, 0, 9], "pivot": [-3.50024, 8.65173, -7.67767], "rotation": [-167.5, 0, 180], "uv": [109, 30]},
						{"origin": [-1.00024, 25.6365, -7.58103], "size": [2, 14, 0], "pivot": [-0.00024, 25.76358, -6.17688], "rotation": [-37.5, 0, 0], "uv": [70, 112]},
						{"origin": [-1.00024, 22.64088, -2.75515], "size": [2, 19, 0], "pivot": [-0.25024, 25.16358, -0.32688], "rotation": [-47.5, 0, 0], "uv": [24, 105]},
						{"origin": [-1.00024, 21.21177, 3.01789], "size": [2, 14, 0], "pivot": [-0.25024, 25.16358, 4.67312], "rotation": [-62.5, 0, 0], "uv": [12, 54]},
						{"origin": [-2.00024, 19.85985, 1.05276], "size": [4, 4, 2], "pivot": [-0.00024, 16.34351, -4.90918], "rotation": [-12.5, 0, 0], "uv": [108, 45]},
						{"origin": [-8.50024, 24.53485, -10.44724], "size": [17, 1, 4], "pivot": [-0.00024, 16.34351, -4.90918], "rotation": [-12.5, 0, 0], "uv": [71, 62]},
						{"origin": [5.52367, 12.90598, -9.54736], "size": [2, 12, 4], "pivot": [7.74976, 20.52432, -5.55772], "rotation": [-12.2127, 2.68507, 12.2127], "uv": [12, 101]},
						{"origin": [5.52367, 12.90598, -3.54736], "size": [2, 12, 4], "pivot": [7.74976, 20.52432, -5.55772], "rotation": [-12.2127, 2.68507, 12.2127], "uv": [0, 54]},
						{"origin": [-7.6659, 11.60734, -9.54736], "size": [2, 12, 4], "pivot": [-13.74976, 20.52432, -5.55772], "rotation": [-12.2127, -2.68507, -12.2127], "uv": [0, 99]},
						{"origin": [-7.6659, 11.60734, -3.54736], "size": [2, 12, 4], "pivot": [-13.74976, 20.52432, -5.55772], "rotation": [-12.2127, -2.68507, -12.2127], "uv": [58, 98]},
						{"origin": [-8.50024, 24.53485, -4.44724], "size": [17, 1, 4], "pivot": [-0.00024, 16.34351, -4.90918], "rotation": [-12.5, 0, 0], "uv": [56, 12]},
						{"origin": [-2.0002, 23.76893, -12.08636], "size": [4, 2, 17], "pivot": [-0.0002, 24.76893, -3.58636], "rotation": [-12.5, 0, 0], "uv": [0, 54]},
						{"origin": [-2.0002, 13.415, -14.12863], "size": [4, 9, 3], "pivot": [-0.00016, 14.72693, 1.64637], "rotation": [-12.5, 0, 0], "uv": [0, 0]},
						{"origin": [-6.0002, 6.785, 4.9223], "size": [5, 0, 9], "pivot": [-0.00016, 14.72693, 1.64637], "rotation": [-167.5, 0, -180], "uv": [109, 21]}
					]
				},
				{
					"name": "body2",
					"parent": "torso_main",
					"pivot": [-0.00024, 13.84351, 1.09082],
					"cubes": [
						{"origin": [-5.00024, 8.84351, -0.40918], "size": [10, 10, 9], "uv": [42, 62]}
					]
				},
				{
					"name": "body3",
					"parent": "body2",
					"pivot": [-0.00024, 13.35032, 7.64686],
					"cubes": [
						{"origin": [-8.50024, 7.84351, 7.19082], "size": [17, 13, 11], "pivot": [-0.00024, 13.84351, 12.59082], "rotation": [5, 0, 0], "uv": [0, 30]}
					]
				},
				{
					"name": "tail",
					"parent": "body3",
					"pivot": [-0.00024, 20.80134, 17.54375],
					"rotation": [17.5, 0, 0],
					"cubes": [
						{"origin": [-2.00024, 19.7524, 16.06689], "size": [4, 4, 4], "pivot": [-0.00024, 21.45169, 19.52061], "rotation": [17.5, 0, 0], "uv": [24, 73]}
					]
				},
				{
					"name": "tendril1",
					"parent": "torso_main",
					"pivot": [2.24976, 18.87984, -11.96761],
					"rotation": [-8.0643, 7.4355, 29.1474],
					"cubes": [
						{"origin": [0.49976, 14.87984, -12.21761], "size": [3, 14, 0], "uv": [42, 112]}
					]
				},
				{
					"name": "tendril4",
					"parent": "tendril1",
					"pivot": [2.01771, 28.89828, -12.26041],
					"cubes": [
						{"origin": [0.99976, 28.87984, -12.21761], "size": [2, 11, 0], "uv": [86, 112]}
					]
				},
				{
					"name": "tendril6",
					"parent": "tendril4",
					"pivot": [2.01771, 39.89828, -12.26041],
					"cubes": [
						{"origin": [-0.50024, 39.87984, -12.21761], "size": [5, 6, 0], "uv": [110, 7]}
					]
				},
				{
					"name": "tendril10",
					"parent": "torso_main",
					"pivot": [2.24976, 16.37984, -12.21761],
					"rotation": [-4.15837, 10.14113, 54.30313],
					"cubes": [
						{"origin": [0.49976, 12.37984, -12.71761], "size": [3, 14, 0], "uv": [36, 112]}
					]
				},
				{
					"name": "tendril12",
					"parent": "tendril10",
					"pivot": [1.99976, 26.37984, -12.71761],
					"cubes": [
						{"origin": [0.99976, 26.37984, -12.71761], "size": [2, 11, 0], "uv": [82, 112]}
					]
				},
				{
					"name": "tendril15",
					"parent": "tendril12",
					"pivot": [1.99976, 37.37984, -12.71761],
					"cubes": [
						{"origin": [-0.50024, 37.37984, -12.71761], "size": [5, 6, 0], "uv": [34, 92]}
					]
				},
				{
					"name": "tendril11",
					"parent": "torso_main",
					"pivot": [-2.24976, 18.87984, -11.96761],
					"rotation": [-8.0643, -7.4355, -29.1474],
					"cubes": [
						{"origin": [-3.49976, 14.87984, -12.21761], "size": [3, 14, 0], "uv": [109, 28]}
					]
				},
				{
					"name": "tendril14",
					"parent": "tendril11",
					"pivot": [-2.01771, 28.89828, -12.26041],
					"cubes": [
						{"origin": [-2.99976, 28.87984, -12.21761], "size": [2, 11, 0], "uv": [78, 112]}
					]
				},
				{
					"name": "tendril18",
					"parent": "tendril14",
					"pivot": [-2.01771, 39.89828, -12.26041],
					"cubes": [
						{"origin": [-4.49976, 39.87984, -12.21761], "size": [5, 6, 0], "uv": [88, 89]}
					]
				},
				{
					"name": "right_leg_front",
					"parent": "echolossus",
					"pivot": [6.58211, 14.90076, -8.28509],
					"rotation": [0, -7.5, 90],
					"cubes": [
						{"origin": [1.80735, 14.77576, -16.86876], "size": [10, 8, 12], "pivot": [3.80735, 16.52576, -10.36876], "rotation": [0, -45, 0], "uv": [45, 18]},
						{"origin": [1.80735, 22.77576, -4.86876], "size": [11, 0, 8], "pivot": [3.80735, 16.52576, -10.36876], "rotation": [0, -45, 0], "uv": [56, 4]},
						{"origin": [7.57483, 15.77576, -14.59454], "size": [7, 6, 4], "pivot": [7.80735, 18.27576, -11.11876], "rotation": [0, -15, 0], "uv": [0, 89]}
					]
				},
				{
					"name": "right_leg_front2",
					"parent": "right_leg_front",
					"pivot": [13.45794, 19.27576, -11.05031],
					"rotation": [0, 22.5, 0],
					"cubes": [
						{"origin": [12.90138, 16.27576, -12.463], "size": [6, 5, 4], "pivot": [10.89393, 18.77576, -10.74092], "rotation": [0, 7.5, 0], "uv": [96, 67]},
						{"origin": [16.40138, 15.27576, -13.463], "size": [3, 7, 6], "pivot": [10.89393, 18.27576, -10.74092], "rotation": [0, 7.5, 0], "uv": [40, 92]}
					]
				},
				{
					"name": "right_foot_front",
					"parent": "right_leg_front2",
					"pivot": [18.66302, 19.27576, -11.73557],
					"rotation": [0, -22.5, 0],
					"cubes": [
						{"origin": [17.60138, 15.77576, -12.963], "size": [4, 6, 4], "pivot": [10.89393, 18.27576, -10.74092], "rotation": [0, 7.5, 0], "uv": [86, 102]}
					]
				},
				{
					"name": "left_leg_front",
					"parent": "echolossus",
					"pivot": [-6.41789, 14.90076, -8.28509],
					"rotation": [0, -7.5, 90],
					"cubes": [
						{"origin": [-11.19265, 6.77576, -16.86876], "size": [10, 8, 12], "pivot": [-9.19265, 8.52576, -10.36876], "rotation": [0, -45, 0], "uv": [44, 42]},
						{"origin": [-11.19265, 6.77576, -4.86876], "size": [11, 0, 8], "pivot": [-9.19265, 8.52576, -10.36876], "rotation": [0, -45, 0], "uv": [34, 4]},
						{"origin": [-5.42517, 7.77576, -14.59454], "size": [7, 6, 4], "pivot": [-5.19265, 10.27576, -11.11876], "rotation": [0, -15, 0], "uv": [54, 88]}
					]
				},
				{
					"name": "left_leg_front2",
					"parent": "left_leg_front",
					"pivot": [0.45794, 10.27576, -10.55031],
					"rotation": [0, 22.5, 0],
					"cubes": [
						{"origin": [0.09273, 8.27576, -12.42493], "size": [6, 5, 4], "pivot": [-1.91473, 10.77576, -10.70286], "rotation": [0, 7.5, 0], "uv": [89, 28]},
						{"origin": [3.59273, 7.27576, -13.52493], "size": [3, 7, 6], "pivot": [-1.91473, 10.27576, -10.80286], "rotation": [0, 7.5, 0], "uv": [22, 92]}
					]
				},
				{
					"name": "left_foot_front",
					"parent": "left_leg_front2",
					"pivot": [5.85436, 10.27576, -11.69751],
					"rotation": [0, -22.5, 0],
					"cubes": [
						{"origin": [4.79273, 7.77576, -12.92493], "size": [4, 6, 4], "pivot": [-1.91473, 10.27576, -10.70286], "rotation": [0, 7.5, 0], "uv": [70, 102]}
					]
				},
				{
					"name": "leg_left_back",
					"parent": "echolossus",
					"pivot": [-7.53635, 14.22575, 12.8861],
					"rotation": [0, -7.5, 90],
					"cubes": [
						{"origin": [-11.53633, 7.02576, 8.88611], "size": [8, 8, 8], "pivot": [-7.53633, 7.22576, 12.88611], "rotation": [0, -45, 0], "uv": [0, 73]},
						{"origin": [-7.16382, 7.97576, 9.20679], "size": [8, 6, 5], "pivot": [-6.71831, 10.47576, 12.48966], "rotation": [0, -15, 0], "uv": [77, 17]}
					]
				},
				{
					"name": "leg_left_back2",
					"parent": "leg_left_back",
					"pivot": [0.43227, 10.47576, 12.55811],
					"rotation": [0, 22.5, 0],
					"cubes": [
						{"origin": [-1.69278, 8.47576, 10.99528], "size": [6, 5, 5], "pivot": [-3.51756, 10.97576, 12.29348], "rotation": [0, 7.5, 0], "uv": [25, 57]},
						{"origin": [1.60722, 7.47576, 10.49528], "size": [3, 7, 6], "pivot": [-3.51756, 10.47576, 12.29348], "rotation": [0, 7.5, 0], "uv": [76, 89]}
					]
				},
				{
					"name": "foot_left_back2",
					"parent": "leg_left_back2",
					"pivot": [4.25154, 10.47576, 11.29882],
					"rotation": [0, -22.5, 0],
					"cubes": [
						{"origin": [3.1899, 7.97576, 11.0714], "size": [4, 6, 4], "pivot": [-3.51756, 10.47576, 12.29348], "rotation": [0, 7.5, 0], "uv": [98, 11]}
					]
				},
				{
					"name": "leg_right_back",
					"parent": "echolossus",
					"pivot": [7.46365, 14.22575, 12.8861],
					"rotation": [0, -7.5, 90],
					"cubes": [
						{"origin": [3.46367, 14.02576, 8.88611], "size": [8, 8, 8], "pivot": [7.46367, 14.22576, 12.88611], "rotation": [0, -45, 0], "uv": [72, 73]},
						{"origin": [7.83618, 14.97576, 9.20679], "size": [8, 6, 5], "pivot": [8.28169, 17.47576, 12.48966], "rotation": [0, -15, 0], "uv": [32, 81]}
					]
				},
				{
					"name": "leg_right_back2",
					"parent": "leg_right_back",
					"pivot": [13.93227, 17.47576, 12.55811],
					"rotation": [0, 22.5, 0],
					"cubes": [
						{"origin": [13.19303, 15.47576, 11.56931], "size": [6, 5, 5], "pivot": [11.36826, 17.97576, 12.8675], "rotation": [0, 7.5, 0], "uv": [86, 0]},
						{"origin": [16.49303, 14.47576, 11.06931], "size": [3, 7, 6], "pivot": [11.36826, 17.47576, 12.8675], "rotation": [0, 7.5, 0], "uv": [94, 89]}
					]
				},
				{
					"name": "foot_right_back",
					"parent": "leg_right_back2",
					"pivot": [19.13736, 17.47576, 11.87285],
					"rotation": [0, -22.5, 0],
					"cubes": [
						{"origin": [18.07572, 14.97576, 11.64543], "size": [4, 6, 4], "pivot": [11.36826, 17.47576, 12.8675], "rotation": [0, 7.5, 0], "uv": [102, 102]}
					]
				}
			]
		}
	]
}