{
  "pokemon.eevee_altered_a.cry": {
    "sounds": [ "cobblemon:pokemon/0133_eevee/eevee_altered_a_cry" ]
  },  
  "pokemon.eevee_altered_b.cry": {
    "sounds": [ "cobblemon:pokemon/0133_eevee/eevee_altered_b_cry" ]
  },  
  "pokemon.espeon_altered.cry": {
    "sounds": [ "cobblemon:pokemon/0196_espeon/espeon_altered_cry" ]
  },  
  "pokemon.umbreon_altered.cry": {
    "sounds": [ "cobblemon:pokemon/0197_umbreon/umbreon_altered_cry" ]
  },  
  "pokemon.ralts_altered.cry": {
    "sounds": [ "cobblemon:pokemon/0280_ralts/ralts_altered_cry" ]
  },
  "pokemon.kirlia_altered.cry": {
    "sounds": [ "cobblemon:pokemon/0281_kirlia/kirlia_altered_cry" ]
  },
  "pokemon.gardevoir_altered.cry": {
    "sounds": [ "cobblemon:pokemon/0282_gardevoir/gardevoir_altered_cry" ]
  },
  "pokemon.gallade_altered.cry": {
    "sounds": [ "cobblemon:pokemon/0475_gallade/gallade_altered_cry" ]
  }
}