{
	"format_version": "1.8.0",
	"animations": {
		"animation.torkoal.ground_idle": {
			"loop": true,
			"animation_length": 4,
			"bones": {
				"body": {
					"rotation": [0, 0, 0],
					"position": [0, -0.8, 0]
				},
				"torso": {
					"rotation": ["-2.5+1*math.cos(q.anim_time*90*1-30)", 0, 0],
					"position": [0, "-0.2*math.cos(q.anim_time*90*1)", 0]
				},
				"tail": {
					"rotation": ["-10-2*math.cos(q.anim_time*90*1-45)", 0, 0]
				},
				"tail2": {
					"rotation": ["12.5+2*math.cos(q.anim_time*90*1)", 0, 0]
				},
				"neck": {
					"rotation": ["1*math.sin(q.anim_time*90*1)", 0, 0]
				},
				"neck2": {
					"rotation": ["1*math.sin(q.anim_time*90*1+45)", 0, 0]
				},
				"head": {
					"rotation": ["7.5-3*math.cos(q.anim_time*90*1)", 0, 0]
				},
				"jaw": {
					"rotation": [0, 0, 0]
				},
				"leg_front_left": {
					"rotation": ["-12-3*math.cos(q.anim_time*90*1)", -15, 0],
					"position": ["-0.03*math.cos(q.anim_time*90*1)", "-0.16*math.cos(q.anim_time*90*1)", "0.125*math.cos(q.anim_time*90*1)"]
				},
				"leg_front_left2": {
					"rotation": ["12+3*math.cos(q.anim_time*90*1)", 0, 0]
				},
				"leg_front_right": {
					"rotation": ["-12-3*math.cos(q.anim_time*90*1)", 15, 0],
					"position": ["0.03*math.cos(q.anim_time*90*1)", "-0.16*math.cos(q.anim_time*90*1)", "0.125*math.cos(q.anim_time*90*1)"]
				},
				"leg_front_right2": {
					"rotation": ["12+3*math.cos(q.anim_time*90*1)", 0, 0]
				},
				"leg_back_left": {
					"rotation": ["-12-1.2*math.cos(q.anim_time*90*1)", -18, -8],
					"position": ["-0.02*math.cos(q.anim_time*90*1)", "-0.065*math.cos(q.anim_time*90*1)", "0.05*math.cos(q.anim_time*90*1)"]
				},
				"leg_back_left2": {
					"rotation": ["14.75+1.2*math.cos(q.anim_time*90*1)", 0, 8]
				},
				"leg_back_right": {
					"rotation": ["-12-1.2*math.cos(q.anim_time*90*1)", 18, 8],
					"position": ["0.02*math.cos(q.anim_time*90*1)", "-0.065*math.cos(q.anim_time*90*1)", "0.05*math.cos(q.anim_time*90*1)"]
				},
				"leg_back_right2": {
					"rotation": ["14.75+1.2*math.cos(q.anim_time*90*1)", 0, -8]
				}
			}
		},
		"animation.torkoal.battle_idle": {
			"loop": true,
			"animation_length": 2,
			"bones": {
				"body": {
					"position": [0, -0.8, 0]
				},
				"torso": {
					"rotation": ["-1+1*math.cos(q.anim_time*90*2+50)", 0, 0],
					"position": [0, "0.3-0.3*math.cos(q.anim_time*90*2)", 0]
				},
				"tail": {
					"rotation": ["-12.5-5*math.sin(q.anim_time*90*2)", 0, 0]
				},
				"tail2": {
					"rotation": ["8+5*math.cos(q.anim_time*90*2)", 0, 0]
				},
				"neck": {
					"rotation": ["8-2*math.sin(q.anim_time*90*2)", 0, 0],
					"position": [0, 0, 0.5]
				},
				"neck2": {
					"rotation": ["-2*math.cos(q.anim_time*90*2)", 0, 0],
					"position": [0, -0.125, 0.125]
				},
				"head": {
					"rotation": ["3*math.sin(q.anim_time*90*2)", 0, 0]
				},
				"leg_front_left": {
					"rotation": ["-25-3*math.cos(q.anim_time*90*2)", -30, 0],
					"position": ["-0.025*math.cos(q.anim_time*90*2)", "-0.6-0.19*math.cos(q.anim_time*90*2)", "0.085*math.cos(q.anim_time*90*2)"]
				},
				"leg_front_left2": {
					"rotation": ["25+3*math.cos(q.anim_time*90*2)", 0, 0]
				},
				"leg_front_right": {
					"rotation": ["-25-3*math.cos(q.anim_time*90*2)", 30, 0],
					"position": ["NaN-0.025*math.cos(q.anim_time*90*2)", "-0.6-0.19*math.cos(q.anim_time*90*2)", "0.085*math.cos(q.anim_time*90*2)"]
				},
				"leg_front_right2": {
					"rotation": ["25+3*math.cos(q.anim_time*90*2)", 0, 0]
				},
				"leg_back_left": {
					"rotation": ["-17-1.2*math.cos(q.anim_time*90*2)", -18, -8],
					"position": ["NaN-0.02*math.cos(q.anim_time*90*2)", "-0.325-0.065*math.cos(q.anim_time*90*2)", "0.05*math.cos(q.anim_time*90*2)"]
				},
				"leg_back_left2": {
					"rotation": ["19.75+1.2*math.cos(q.anim_time*90*2)", 0, 8]
				},
				"leg_back_right": {
					"rotation": ["-17-1.2*math.cos(q.anim_time*90*2)", 18, 8],
					"position": ["-0.02*math.cos(q.anim_time*90*2)", "-0.325-0.065*math.cos(q.anim_time*90*2)", "0.05*math.cos(q.anim_time*90*2)"]
				},
				"leg_back_right2": {
					"rotation": ["19.75+1.2*math.cos(q.anim_time*90*2)", 0, -8]
				}
			},
			"particle_effects": {
				"0.0": {
					"effect": "cobblemon:torkoal_particle_handler",
					"locator": "smoke_back"
				}
			}
		},
		"animation.torkoal.ground_walk": {
			"loop": true,
			"animation_length": 2,
			"bones": {
				"body": {
					"position": [0, -0.8, 0]
				},
				"torso": {
					"rotation": ["-0.75+0.75*math.cos(q.anim_time*90*4-80)", "1.5*math.cos(q.anim_time*90*2)", "-1.25*math.cos(q.anim_time*90*2-35)"],
					"position": [0, "-0.2*math.cos(q.anim_time*90*4)", 0]
				},
				"tail": {
					"rotation": ["-7.5-2*math.sin(q.anim_time*90*4)", "3*math.sin(q.anim_time*90*2)", 0]
				},
				"tail2": {
					"rotation": ["5-2*math.sin(q.anim_time*90*4-45)", "3*math.sin(q.anim_time*90*2-45)", 0]
				},
				"neck": {
					"rotation": ["0.5*math.cos(q.anim_time*90*4)", "-2*math.cos(q.anim_time*90*2)", "-0.75*math.cos(q.anim_time*90*2-55)"]
				},
				"neck2": {
					"rotation": ["0.75*math.sin(q.anim_time*90*4)", 0, 0]
				},
				"head": {
					"rotation": ["5-2*math.sin(q.anim_time*90*4)", "-1.5*math.cos(q.anim_time*90*2-40)", "-1.25*math.cos(q.anim_time*90*2-95)"]
				},
				"leg_front_left": {
					"rotation": {
						"0.0": [-35, -24.25, 0],
						"1.0": [-22, -23.33907, 0],
						"1.1667": {
							"pre": [-19.45758, -28.76589, 0],
							"post": [-19.45758, -28.76589, 0],
							"lerp_mode": "catmullrom"
						},
						"1.4167": {
							"post": [-31.10097, -29.65516, 0],
							"lerp_mode": "catmullrom"
						},
						"1.6667": {
							"post": [-42.11798, -26.50878, 0],
							"lerp_mode": "catmullrom"
						},
						"1.8333": [-41.26667, -24.57409, 0],
						"2.0": [-35, -24.25, 0]
					},
					"position": {
						"0.0": [0.725, -1.2, -1.375],
						"1.0": [0.95, -0.425, 0.95],
						"1.25": {
							"pre": [0.8, -0.34, 0.4],
							"post": [0.8, -0.34, 0.4],
							"lerp_mode": "catmullrom"
						},
						"1.5833": {
							"post": [0.925, -0.41, -0.65],
							"lerp_mode": "catmullrom"
						},
						"1.8333": [0.875, -0.44, -1.15],
						"2.0": [0.725, -1.2, -1.375]
					}
				},
				"leg_front_left2": {
					"rotation": {
						"0.0": [35, 0, 0],
						"1.0": [22, 0, 0],
						"1.25": {
							"pre": [37.75, 0, 0],
							"post": [37.75, 0, 0],
							"lerp_mode": "catmullrom"
						},
						"1.5": {
							"post": [36.44, 0, 0],
							"lerp_mode": "catmullrom"
						},
						"1.9167": [26.78, 0, 0],
						"2.0": [35, 0, 0]
					}
				},
				"leg_front_right": {
					"rotation": {
						"0.0": [-22, 23.33907, 0],
						"0.1667": {
							"pre": [-19.45758, 28.76589, 0],
							"post": [-19.45758, 28.76589, 0],
							"lerp_mode": "catmullrom"
						},
						"0.4167": {
							"post": [-31.10097, 29.65516, 0],
							"lerp_mode": "catmullrom"
						},
						"0.6667": {
							"post": [-42.11798, 26.50878, 0],
							"lerp_mode": "catmullrom"
						},
						"0.8333": [-41.26667, 24.57409, 0],
						"1.0": [-35, 24.25, 0],
						"2.0": [-22, 23.33907, 0]
					},
					"position": {
						"0.0": [-0.95, -0.425, 0.95],
						"0.25": {
							"pre": [-0.8, -0.34, 0.4],
							"post": [-0.8, -0.34, 0.4],
							"lerp_mode": "catmullrom"
						},
						"0.5833": {
							"post": [-0.925, -0.41, -0.65],
							"lerp_mode": "catmullrom"
						},
						"0.8333": [-0.875, -0.44, -1.15],
						"1.0": [-0.725, -1.2, -1.375],
						"2.0": [-0.95, -0.425, 0.95]
					}
				},
				"leg_front_right2": {
					"rotation": {
						"0.0": [22, 0, 0],
						"0.25": {
							"pre": [37.75, 0, 0],
							"post": [37.75, 0, 0],
							"lerp_mode": "catmullrom"
						},
						"0.5": {
							"post": [36.44, 0, 0],
							"lerp_mode": "catmullrom"
						},
						"0.9167": [26.78, 0, 0],
						"1.0": [35, 0, 0],
						"2.0": [22, 0, 0]
					}
				},
				"leg_back_left": {
					"rotation": {
						"0.0": [-19.5, -33.59, 0],
						"0.25": [-17, -33.825, 0],
						"0.4167": {
							"pre": [-8.61813, -36.68168, 0],
							"post": [-8.61813, -36.68168, 0],
							"lerp_mode": "catmullrom"
						},
						"0.5833": {
							"post": [-13.42, -35.33, 0],
							"lerp_mode": "catmullrom"
						},
						"0.75": {
							"post": [-20.2, -33.1, 0],
							"lerp_mode": "catmullrom"
						},
						"1.0": [-27.57, -28.98, 0],
						"1.0833": [-30.62339, -27.22555, 0],
						"1.25": [-27, -32.875, 0],
						"2.0": [-19.5, -33.59, 0]
					},
					"position": {
						"0.0": [1.02, -0.24, -0.21],
						"0.25": [1.05, -0.095, 0.375],
						"0.5": [1.255, 0.48, 0.025],
						"0.6667": {
							"pre": [1.225, 0.41, -0.36],
							"post": [1.225, 0.41, -0.36],
							"lerp_mode": "catmullrom"
						},
						"0.8333": {
							"post": [1.11, 0.26, -0.73],
							"lerp_mode": "catmullrom"
						},
						"1.0": [0.995, 0.23, -0.99],
						"1.0833": [0.975, 0.065, -1.12],
						"1.25": [0.95, -0.675, -1.975],
						"2.0": [1.02, -0.24, -0.21]
					}
				},
				"leg_back_left2": {
					"rotation": {
						"0.0": [19.5, 0, 0],
						"0.25": [17, 0, 0],
						"0.5": {
							"pre": [18.85, 0, 0],
							"post": [18.85, 0, 0],
							"lerp_mode": "catmullrom"
						},
						"0.6667": {
							"post": [28.825, 0, 0],
							"lerp_mode": "catmullrom"
						},
						"0.9167": {
							"post": [27, 0, 0],
							"lerp_mode": "catmullrom"
						},
						"1.1667": {
							"post": [18.525, 0, 0],
							"lerp_mode": "catmullrom"
						},
						"1.25": [27, 0, 0],
						"2.0": [19.5, 0, 0]
					}
				},
				"leg_back_right": {
					"rotation": {
						"0.0": [-27.57, 28.98, 0],
						"0.0833": [-30.62339, 27.22555, 0],
						"0.25": [-27, 32.875, 0],
						"1.0": [-19.5, 33.59, 0],
						"1.25": [-17, 33.825, 0],
						"1.4167": {
							"pre": [-8.61813, 36.68168, 0],
							"post": [-8.61813, 36.68168, 0],
							"lerp_mode": "catmullrom"
						},
						"1.5833": {
							"post": [-13.42, 35.33, 0],
							"lerp_mode": "catmullrom"
						},
						"1.75": {
							"post": [-20.2, 33.1, 0],
							"lerp_mode": "catmullrom"
						},
						"2.0": [-27.57, 28.98, 0]
					},
					"position": {
						"0.0": [-0.995, 0.23, -0.99],
						"0.0833": [-0.975, 0.065, -1.12],
						"0.25": [-0.95, -0.675, -1.975],
						"1.0": [-1.02, -0.24, -0.21],
						"1.25": [-1.05, -0.095, 0.375],
						"1.5": [-1.255, 0.48, 0.025],
						"1.6667": {
							"pre": [-1.225, 0.41, -0.36],
							"post": [-1.225, 0.41, -0.36],
							"lerp_mode": "catmullrom"
						},
						"1.8333": {
							"post": [-1.11, 0.26, -0.73],
							"lerp_mode": "catmullrom"
						},
						"2.0": [-0.995, 0.23, -0.99]
					}
				},
				"leg_back_right2": {
					"rotation": {
						"0.0": {
							"post": [24.04, 0, 0],
							"lerp_mode": "catmullrom"
						},
						"0.1667": {
							"post": [18.525, 0, 0],
							"lerp_mode": "catmullrom"
						},
						"0.25": [27, 0, 0],
						"1.0": [19.5, 0, 0],
						"1.25": [17, 0, 0],
						"1.5": {
							"pre": [18.85, 0, 0],
							"post": [18.85, 0, 0],
							"lerp_mode": "catmullrom"
						},
						"1.6667": {
							"post": [28.825, 0, 0],
							"lerp_mode": "catmullrom"
						},
						"1.9167": {
							"post": [27, 0, 0],
							"lerp_mode": "catmullrom"
						},
						"2.0": {
							"post": [24.04, 0, 0],
							"lerp_mode": "catmullrom"
						}
					}
				}
			}
		},
		"animation.torkoal.ground_run": {
			"loop": true,
			"animation_length": 1,
			"bones": {
				"body": {
					"position": [0, -0.8, 0]
				},
				"torso": {
					"rotation": ["-1.75+2*math.sin(q.anim_time*90*8)", "-4*math.sin(q.anim_time*90*4-90)", "-1.25*math.cos(q.anim_time*90*4-35)"],
					"position": [0, "-0.6-0.3*math.cos(q.anim_time*90*8)", "0.25*math.cos(q.anim_time*90*8)"]
				},
				"tail": {
					"rotation": ["-12.5-3*math.sin(q.anim_time*90*8)", "-4*math.cos(q.anim_time*90*4)", 0]
				},
				"tail2": {
					"rotation": ["7.5-3*math.sin(q.anim_time*90*8)", "-3*math.sin(q.anim_time*90*4)", 0]
				},
				"neck": {
					"rotation": ["10-2*math.cos(q.anim_time*90*8)", "2*math.sin(q.anim_time*90*4-110)", 0],
					"position": [0, 0, 1.1]
				},
				"neck2": {
					"rotation": ["5-1*math.cos(q.anim_time*90*8)", 0, 0]
				},
				"head": {
					"rotation": ["-12.5+4*math.cos(q.anim_time*90*8)", 0, "3*math.sin(q.anim_time*90*4-130)"]
				},
				"leg_front_left": {
					"rotation": {
						"0.0": [-35, -24.25, 0],
						"0.5": [-22, -23.33907, 0],
						"0.625": {
							"pre": [-19.45758, -28.76589, 0],
							"post": [-19.45758, -28.76589, 0],
							"lerp_mode": "catmullrom"
						},
						"0.75": {
							"post": [-31.10097, -29.65516, 0],
							"lerp_mode": "catmullrom"
						},
						"0.875": {
							"post": [-42.11798, -26.50878, 0],
							"lerp_mode": "catmullrom"
						},
						"0.9375": [-41.26667, -24.57409, 0],
						"1.0": [-35, -24.25, 0]
					},
					"position": {
						"0.0": [0.725, -1.2, -1.375],
						"0.5": [0.95, -0.425, 0.95],
						"0.625": {
							"pre": [0.8, -0.34, 0.4],
							"post": [0.8, -0.34, 0.4],
							"lerp_mode": "catmullrom"
						},
						"0.8125": {
							"post": [0.625, -0.41, -0.65],
							"lerp_mode": "catmullrom"
						},
						"0.9375": [0.7, -0.44, -1.15],
						"1.0": [0.725, -1.2, -1.375]
					}
				},
				"leg_front_left2": {
					"rotation": {
						"0.0": [35, 0, 0],
						"0.5": [22, 0, 0],
						"0.625": {
							"pre": [31.25, 0, 0],
							"post": [31.25, 0, 0],
							"lerp_mode": "catmullrom"
						},
						"0.75": {
							"post": [36.44, 0, 0],
							"lerp_mode": "catmullrom"
						},
						"0.9375": [26.78, 0, 0],
						"1.0": [35, 0, 0]
					}
				},
				"leg_front_right": {
					"rotation": {
						"0.0": [-22, 23.33907, 0],
						"0.125": {
							"pre": [-19.45758, 28.76589, 0],
							"post": [-19.45758, 28.76589, 0],
							"lerp_mode": "catmullrom"
						},
						"0.25": {
							"post": [-31.10097, 29.65516, 0],
							"lerp_mode": "catmullrom"
						},
						"0.375": {
							"post": [-42.11798, 26.50878, 0],
							"lerp_mode": "catmullrom"
						},
						"0.4375": [-41.26667, 24.57409, 0],
						"0.5": [-35, 24.25, 0],
						"1.0": [-22, 23.33907, 0]
					},
					"position": {
						"0.0": [-0.95, -0.425, 0.95],
						"0.125": {
							"pre": [-0.8, -0.34, 0.4],
							"post": [-0.8, -0.34, 0.4],
							"lerp_mode": "catmullrom"
						},
						"0.3125": {
							"post": [-0.625, -0.41, -0.65],
							"lerp_mode": "catmullrom"
						},
						"0.4375": [-0.7, -0.44, -1.15],
						"0.5": [-0.725, -1.2, -1.375],
						"1.0": [-0.95, -0.425, 0.95]
					}
				},
				"leg_front_right2": {
					"rotation": {
						"0.0": [22, 0, 0],
						"0.125": {
							"pre": [31.25, 0, 0],
							"post": [31.25, 0, 0],
							"lerp_mode": "catmullrom"
						},
						"0.25": {
							"post": [36.44, 0, 0],
							"lerp_mode": "catmullrom"
						},
						"0.4375": [26.78, 0, 0],
						"0.5": [35, 0, 0],
						"1.0": [22, 0, 0]
					}
				},
				"leg_back_left": {
					"rotation": {
						"0.0": [-19.5, -33.59, 0],
						"0.125": [-17, -33.825, 0],
						"0.25": [-8.61813, -36.68168, 0],
						"0.3125": {
							"pre": [-13.42, -35.33, 0],
							"post": [-13.42, -35.33, 0],
							"lerp_mode": "catmullrom"
						},
						"0.375": {
							"post": [-20.2, -33.1, 0],
							"lerp_mode": "catmullrom"
						},
						"0.5": {
							"post": [-27.57, -28.98, 0],
							"lerp_mode": "catmullrom"
						},
						"0.625": [-27, -32.875, 0],
						"1.0": [-19.5, -33.59, 0]
					},
					"position": {
						"0.0": [1.02, -0.24, -0.21],
						"0.125": [1.05, -0.095, 0.375],
						"0.25": [1.255, 0.48, 0.025],
						"0.375": {
							"pre": [1.05, 0.41, -0.36],
							"post": [1.05, 0.41, -0.36],
							"lerp_mode": "catmullrom"
						},
						"0.4375": {
							"post": [0.81, 0.26, -0.73],
							"lerp_mode": "catmullrom"
						},
						"0.5": {
							"post": [0.745, 0.23, -0.99],
							"lerp_mode": "catmullrom"
						},
						"0.625": [0.95, -0.675, -1.975],
						"1.0": [1.02, -0.24, -0.21]
					}
				},
				"leg_back_left2": {
					"rotation": {
						"0.0": [19.5, 0, 0],
						"0.125": [17, 0, 0],
						"0.25": {
							"pre": [18.85, 0, 0],
							"post": [18.85, 0, 0],
							"lerp_mode": "catmullrom"
						},
						"0.375": {
							"post": [28.825, 0, 0],
							"lerp_mode": "catmullrom"
						},
						"0.4375": {
							"post": [27, 0, 0],
							"lerp_mode": "catmullrom"
						},
						"0.5625": {
							"post": [18.525, 0, 0],
							"lerp_mode": "catmullrom"
						},
						"0.625": [27, 0, 0],
						"1.0": [19.5, 0, 0]
					}
				},
				"leg_back_right": {
					"rotation": {
						"0.0": [-27.57, 28.98, 0],
						"0.125": [-27, 32.875, 0],
						"0.5": [-19.5, 33.59, 0],
						"0.625": [-17, 33.825, 0],
						"0.75": [-8.61813, 36.68168, 0],
						"0.8125": {
							"pre": [-13.42, 35.33, 0],
							"post": [-13.42, 35.33, 0],
							"lerp_mode": "catmullrom"
						},
						"0.875": {
							"post": [-20.2, 33.1, 0],
							"lerp_mode": "catmullrom"
						},
						"1.0": {
							"post": [-27.57, 28.98, 0],
							"lerp_mode": "catmullrom"
						}
					},
					"position": {
						"0.0": [-0.745, 0.23, -0.99],
						"0.125": [-0.95, -0.675, -1.975],
						"0.5": [-1.02, -0.24, -0.21],
						"0.625": [-1.05, -0.095, 0.375],
						"0.75": [-1.255, 0.48, 0.025],
						"0.875": {
							"pre": [-1.05, 0.41, -0.36],
							"post": [-1.05, 0.41, -0.36],
							"lerp_mode": "catmullrom"
						},
						"0.9375": {
							"post": [-0.81, 0.26, -0.73],
							"lerp_mode": "catmullrom"
						},
						"1.0": {
							"post": [-0.745, 0.23, -0.99],
							"lerp_mode": "catmullrom"
						}
					}
				},
				"leg_back_right2": {
					"rotation": {
						"0.0": {
							"post": [22.12, 0, 0],
							"lerp_mode": "catmullrom"
						},
						"0.0625": {
							"post": [18.525, 0, 0],
							"lerp_mode": "catmullrom"
						},
						"0.125": [27, 0, 0],
						"0.5": [19.5, 0, 0],
						"0.625": [17, 0, 0],
						"0.75": {
							"pre": [18.85, 0, 0],
							"post": [18.85, 0, 0],
							"lerp_mode": "catmullrom"
						},
						"0.875": {
							"post": [28.825, 0, 0],
							"lerp_mode": "catmullrom"
						},
						"0.9375": {
							"post": [27, 0, 0],
							"lerp_mode": "catmullrom"
						},
						"1.0": {
							"post": [22.12, 0, 0],
							"lerp_mode": "catmullrom"
						}
					}
				}
			}
		},
		"animation.torkoal.faint": {
			"animation_length": 3,
			"bones": {
				"body": {
					"position": {
						"0.0": {
							"post": [0, -1, 0],
							"lerp_mode": "catmullrom"
						},
						"0.1667": {
							"post": [0, -2.5, 0],
							"lerp_mode": "catmullrom"
						},
						"0.3333": {
							"post": [0, -1.8, 0.5],
							"lerp_mode": "catmullrom"
						},
						"0.5": {
							"post": [0, -2, 1],
							"lerp_mode": "catmullrom"
						},
						"0.6667": {
							"post": [0, -1.5, 2],
							"lerp_mode": "catmullrom"
						},
						"0.8333": {
							"post": [0, -1.9, 2.8],
							"lerp_mode": "catmullrom"
						},
						"1.0": {
							"post": [0, -2, 2.9],
							"lerp_mode": "catmullrom"
						},
						"2.0": {
							"post": [0, -2, 2.9],
							"lerp_mode": "catmullrom"
						},
						"2.5417": {
							"post": [0, -2.2, 2.9],
							"lerp_mode": "catmullrom"
						},
						"2.6667": {
							"post": [0, -4.4, 2.9],
							"lerp_mode": "catmullrom"
						},
						"2.75": {
							"post": [0, -3.5, 2.9],
							"lerp_mode": "catmullrom"
						},
						"2.875": [0, -3.8, 2.9]
					}
				},
				"torso": {
					"rotation": {
						"0.0": {
							"post": [0, 0, 0],
							"lerp_mode": "catmullrom"
						},
						"0.1667": {
							"post": [-3.4, 0, 5],
							"lerp_mode": "catmullrom"
						},
						"0.3333": {
							"post": [-2.5, 0, 5],
							"lerp_mode": "catmullrom"
						},
						"0.5": {
							"post": [3.5, 0, 0],
							"lerp_mode": "catmullrom"
						},
						"0.75": {
							"post": [5.25, 0, -5],
							"lerp_mode": "catmullrom"
						},
						"1.0": {
							"post": [1.5, 0, 0],
							"lerp_mode": "catmullrom"
						},
						"1.25": {
							"post": [-5.5, 0, 0],
							"lerp_mode": "catmullrom"
						},
						"1.5": {
							"post": [-7.5, 0, 0],
							"lerp_mode": "catmullrom"
						},
						"1.7083": {
							"post": [3.29, 0, 0],
							"lerp_mode": "catmullrom"
						},
						"1.9167": {
							"post": [0.4, 0, 0],
							"lerp_mode": "catmullrom"
						},
						"2.25": {
							"post": [5.5, 0, 0],
							"lerp_mode": "catmullrom"
						},
						"2.5": {
							"post": [4.42, 0, 0],
							"lerp_mode": "catmullrom"
						},
						"2.625": [0, 0, 0]
					},
					"position": {
						"0.0": {
							"post": [0, 0, 0],
							"lerp_mode": "catmullrom"
						},
						"0.3333": {
							"post": [0, 1.1, 0],
							"lerp_mode": "catmullrom"
						},
						"0.6667": {
							"post": [0, 0.65, 0],
							"lerp_mode": "catmullrom"
						},
						"1.0": {
							"post": [0, 0, 0],
							"lerp_mode": "catmullrom"
						},
						"2.125": {
							"post": [0, 0.7, 0],
							"lerp_mode": "catmullrom"
						},
						"2.2083": {
							"post": [0, -0.34, 0],
							"lerp_mode": "catmullrom"
						},
						"2.375": [0, -0.4, 0]
					}
				},
				"tail": {
					"rotation": {
						"0.0": {
							"post": [-12, 0, 0],
							"lerp_mode": "catmullrom"
						},
						"0.125": {
							"post": [-2, 0, 0],
							"lerp_mode": "catmullrom"
						},
						"0.2917": {
							"post": [-19.5, 0, 0],
							"lerp_mode": "catmullrom"
						},
						"0.75": {
							"post": [1.6, 0, 0],
							"lerp_mode": "catmullrom"
						},
						"1.0417": {
							"post": [2.75, 0, 0],
							"lerp_mode": "catmullrom"
						},
						"1.625": {
							"post": [-8.7, 0, 0],
							"lerp_mode": "catmullrom"
						},
						"1.875": {
							"post": [-1.3, 0, 0],
							"lerp_mode": "catmullrom"
						},
						"2.125": {
							"post": [-1.06, 0, 0],
							"lerp_mode": "catmullrom"
						},
						"2.25": {
							"post": [2.1, 0, 0],
							"lerp_mode": "catmullrom"
						},
						"2.5": {
							"post": [-8.1, 0, 0],
							"lerp_mode": "catmullrom"
						},
						"2.625": {
							"post": [8.1, 0, 0],
							"lerp_mode": "catmullrom"
						},
						"2.7917": {
							"post": [-8.9, 0, 0],
							"lerp_mode": "catmullrom"
						},
						"2.8333": {
							"post": [-12.55, 0, 0],
							"lerp_mode": "catmullrom"
						},
						"2.9167": {
							"post": [-11.83, 0, 0],
							"lerp_mode": "catmullrom"
						},
						"3.0": [-13.9, 0, 0]
					},
					"position": {
						"0.0": [0, 0, 0],
						"0.1667": [0, 0, 0],
						"0.2917": [0, 0, -0.5]
					}
				},
				"tail2": {
					"rotation": {
						"0.0": {
							"post": [11, 0, 0],
							"lerp_mode": "catmullrom"
						},
						"0.1667": {
							"post": [18.5, 0, 0],
							"lerp_mode": "catmullrom"
						},
						"0.375": {
							"post": [3, 0, 0],
							"lerp_mode": "catmullrom"
						},
						"0.75": {
							"post": [18, 0, 0],
							"lerp_mode": "catmullrom"
						},
						"1.0417": {
							"post": [13, 0, 0],
							"lerp_mode": "catmullrom"
						},
						"1.625": {
							"post": [8, 0, 0],
							"lerp_mode": "catmullrom"
						},
						"1.875": {
							"post": [13, 0, 0],
							"lerp_mode": "catmullrom"
						},
						"2.125": {
							"post": [3, 0, 0],
							"lerp_mode": "catmullrom"
						},
						"2.2917": {
							"post": [9, 0, 0],
							"lerp_mode": "catmullrom"
						},
						"2.5": {
							"post": [9.5, 0, 0],
							"lerp_mode": "catmullrom"
						},
						"2.7917": {
							"post": [-2, 0, 0],
							"lerp_mode": "catmullrom"
						},
						"2.875": {
							"post": [5.5, 0, 0],
							"lerp_mode": "catmullrom"
						},
						"2.9167": {
							"post": [8.06, 0, 0],
							"lerp_mode": "catmullrom"
						},
						"3.0": [5.5, 0, 0]
					}
				},
				"neck": {
					"rotation": {
						"0.0": {
							"post": [7.5, 0, 0],
							"lerp_mode": "catmullrom"
						},
						"0.1667": {
							"post": [3.79212, -2.40642, -4.38411],
							"lerp_mode": "catmullrom"
						},
						"0.3333": {
							"post": [3.11096, -3.69656, -5.53029],
							"lerp_mode": "catmullrom"
						},
						"0.5": {
							"post": [5.5, 0, 0],
							"lerp_mode": "catmullrom"
						},
						"0.75": {
							"post": [12.07, 0, 6],
							"lerp_mode": "catmullrom"
						},
						"1.0": {
							"post": [7.5, 0, 0],
							"lerp_mode": "catmullrom"
						},
						"1.25": {
							"post": [3, 0, 0],
							"lerp_mode": "catmullrom"
						},
						"1.5": {
							"post": [2.5, 0, 0],
							"lerp_mode": "catmullrom"
						},
						"1.75": {
							"post": [16.5, 0, 0],
							"lerp_mode": "catmullrom"
						},
						"2.0": {
							"post": [9, 0, 0],
							"lerp_mode": "catmullrom"
						},
						"2.25": {
							"post": [15.6, 0, 0],
							"lerp_mode": "catmullrom"
						},
						"2.5": {
							"post": [12, 0, 0],
							"lerp_mode": "catmullrom"
						},
						"2.7083": [36.5, 0, 0]
					},
					"position": {
						"0.0": {
							"post": [0, 0, 0.5],
							"lerp_mode": "catmullrom"
						},
						"2.5417": {
							"post": [0, 0, 0.5],
							"lerp_mode": "catmullrom"
						},
						"2.7083": [0, 0, 2.5]
					}
				},
				"neck2": {
					"rotation": {
						"0.0": {
							"post": [-4.5, 0, 0],
							"lerp_mode": "catmullrom"
						},
						"0.1667": {
							"post": [-10.7, 0, 0],
							"lerp_mode": "catmullrom"
						},
						"0.3333": {
							"post": [-12.9, 0, 0],
							"lerp_mode": "catmullrom"
						},
						"0.5833": {
							"post": [-11.6, 0, 0],
							"lerp_mode": "catmullrom"
						},
						"0.8333": {
							"post": [10.05, 0, 0],
							"lerp_mode": "catmullrom"
						},
						"1.0833": {
							"post": [2.5, 0, 0],
							"lerp_mode": "catmullrom"
						},
						"1.3333": {
							"post": [-10, 0, 0],
							"lerp_mode": "catmullrom"
						},
						"1.5": {
							"post": [-9.5, 0, 0],
							"lerp_mode": "catmullrom"
						},
						"1.8333": {
							"post": [8, 0, 0],
							"lerp_mode": "catmullrom"
						},
						"2.0833": {
							"post": [-7.5, 0, 0],
							"lerp_mode": "catmullrom"
						},
						"2.2917": {
							"post": [2, 0, 0],
							"lerp_mode": "catmullrom"
						},
						"2.625": {
							"post": [9.3, 0, 0],
							"lerp_mode": "catmullrom"
						},
						"2.75": {
							"post": [30, 0, 0],
							"lerp_mode": "catmullrom"
						},
						"2.875": {
							"post": [30, 0, 0],
							"lerp_mode": "catmullrom"
						},
						"3.0": [30, 0, 0]
					}
				},
				"head": {
					"rotation": {
						"0.0": {
							"post": [5, 0, 0],
							"lerp_mode": "catmullrom"
						},
						"0.1667": {
							"post": [-5.5, 0, 0],
							"lerp_mode": "catmullrom"
						},
						"0.5": {
							"post": [-24.84, 0, 0],
							"lerp_mode": "catmullrom"
						},
						"0.8333": {
							"post": [-12.02, 0, 0],
							"lerp_mode": "catmullrom"
						},
						"1.1667": {
							"post": [5, 0, 0],
							"lerp_mode": "catmullrom"
						},
						"1.3333": {
							"post": [-5, 0, 0],
							"lerp_mode": "catmullrom"
						},
						"1.5": {
							"post": [-20, 0, 0],
							"lerp_mode": "catmullrom"
						},
						"1.7083": {
							"post": [-22.25, 0, 0],
							"lerp_mode": "catmullrom"
						},
						"1.9167": {
							"post": [0, 0, 0],
							"lerp_mode": "catmullrom"
						},
						"2.1667": {
							"post": [-10.5, 0, 0],
							"lerp_mode": "catmullrom"
						},
						"2.4167": {
							"post": [9, 0, 0],
							"lerp_mode": "catmullrom"
						},
						"2.5417": {
							"post": [-5.66, 0, 0],
							"lerp_mode": "catmullrom"
						},
						"2.6667": {
							"post": [-52.07, 0, 0],
							"lerp_mode": "catmullrom"
						},
						"2.75": {
							"post": [-67.1, 0, 0],
							"lerp_mode": "catmullrom"
						},
						"2.8333": {
							"post": [-68.1, 0, 0],
							"lerp_mode": "catmullrom"
						},
						"3.0": [-69.17, 0, 0]
					},
					"position": {
						"2.7083": [0, 0, 0],
						"2.75": [0, -0.8, 0]
					}
				},
				"jaw": {
					"rotation": {
						"0.0": {
							"post": [0, 0, 0],
							"lerp_mode": "catmullrom"
						},
						"0.1667": {
							"post": [28.8, 0, 0],
							"lerp_mode": "catmullrom"
						},
						"0.5": {
							"post": [23.59, 0, 0],
							"lerp_mode": "catmullrom"
						},
						"0.7917": {
							"post": [57.47, 0, 0],
							"lerp_mode": "catmullrom"
						},
						"1.1667": {
							"post": [25.1, 0, 0],
							"lerp_mode": "catmullrom"
						},
						"1.5833": {
							"post": [26.5, 0, 0],
							"lerp_mode": "catmullrom"
						},
						"1.75": {
							"post": [57, 0, 0],
							"lerp_mode": "catmullrom"
						},
						"2.0833": {
							"post": [33, 0, 0],
							"lerp_mode": "catmullrom"
						},
						"2.625": {
							"post": [57, 0, 0],
							"lerp_mode": "catmullrom"
						},
						"2.75": {
							"post": [2.8, 0, 0],
							"lerp_mode": "catmullrom"
						},
						"2.875": {
							"post": [2.8, 0, 0],
							"lerp_mode": "catmullrom"
						},
						"3.0": [2.8, 0, 0]
					}
				},
				"leg_front_left": {
					"rotation": {
						"0.0": {
							"post": [-20.63964, -20.31177, 0.79772],
							"lerp_mode": "catmullrom"
						},
						"0.1667": {
							"post": [-25.63964, -20.31177, 0.79772],
							"lerp_mode": "catmullrom"
						},
						"0.3333": {
							"post": [-21.14, -20.31, 0.8],
							"lerp_mode": "catmullrom"
						},
						"0.5": {
							"post": [-31.14, -19.41, 0.8],
							"lerp_mode": "catmullrom"
						},
						"0.6667": {
							"post": [-19.76, -11.61, 0.8],
							"lerp_mode": "catmullrom"
						},
						"0.8333": {
							"post": [-17.64, -10.31, 0.8],
							"lerp_mode": "catmullrom"
						},
						"1.5": {
							"post": [-6.24, -10.31, 0.8],
							"lerp_mode": "catmullrom"
						},
						"1.75": {
							"post": [-24.74, -10.31, 0.8],
							"lerp_mode": "catmullrom"
						},
						"2.0833": {
							"post": [-28.68, -16.04, 0.4],
							"lerp_mode": "catmullrom"
						},
						"2.1667": {
							"post": [-35.62, -28.93, -0.7],
							"lerp_mode": "catmullrom"
						},
						"2.5417": {
							"post": [-48.52, -28.93, -0.7],
							"lerp_mode": "catmullrom"
						},
						"2.6667": {
							"post": [-89.52, -28.93, -0.7],
							"lerp_mode": "catmullrom"
						},
						"2.75": {
							"post": [-80.292, -28.93, -0.7],
							"lerp_mode": "catmullrom"
						},
						"2.875": [-87.02, -28.93, -0.7]
					},
					"position": {
						"0.0": {
							"post": [0, -0.2, 0],
							"lerp_mode": "catmullrom"
						},
						"0.1667": {
							"post": [0, 0.9, 0],
							"lerp_mode": "catmullrom"
						},
						"0.3333": {
							"post": [0, 0.6, 0],
							"lerp_mode": "catmullrom"
						},
						"0.5": {
							"post": [0, 0.3, -0.3],
							"lerp_mode": "catmullrom"
						},
						"0.6667": {
							"post": [0, 1.13, 0.28],
							"lerp_mode": "catmullrom"
						},
						"0.8333": {
							"post": [0, 1, 0.7],
							"lerp_mode": "catmullrom"
						},
						"1.4167": {
							"post": [0, 1.6, 0.3],
							"lerp_mode": "catmullrom"
						},
						"1.5833": {
							"post": [0, 1.44, 0.47],
							"lerp_mode": "catmullrom"
						},
						"1.75": {
							"post": [0, 0.6, 0.9],
							"lerp_mode": "catmullrom"
						},
						"1.9167": {
							"post": [0, 0.6, 0.9],
							"lerp_mode": "catmullrom"
						},
						"2.0833": {
							"post": [0.14, 0.49, 0.79],
							"lerp_mode": "catmullrom"
						},
						"2.1667": {
							"post": [0.3, -0.4, -0.1],
							"lerp_mode": "catmullrom"
						},
						"2.5417": {
							"post": [0.3, -0.4, -0.1],
							"lerp_mode": "catmullrom"
						},
						"2.6667": {
							"post": [0.8, -0.9, -1.1],
							"lerp_mode": "catmullrom"
						},
						"2.75": {
							"post": [0.8, -1.1, -1.1],
							"lerp_mode": "catmullrom"
						},
						"2.875": [0.8, -1, -1.1]
					}
				},
				"leg_front_left2": {
					"rotation": {
						"0.0": {
							"post": [22.5, 0, 0],
							"lerp_mode": "catmullrom"
						},
						"0.1667": {
							"post": [30, 0, 0],
							"lerp_mode": "catmullrom"
						},
						"0.3333": {
							"post": [17.5, 0, 0],
							"lerp_mode": "catmullrom"
						},
						"0.5": {
							"post": [30, 0, 0],
							"lerp_mode": "catmullrom"
						},
						"0.6667": {
							"post": [47.58, 0, 0],
							"lerp_mode": "catmullrom"
						},
						"0.8333": {
							"post": [18.1, 0, 0],
							"lerp_mode": "catmullrom"
						},
						"1.5": {
							"post": [7, 0, 0],
							"lerp_mode": "catmullrom"
						},
						"1.75": {
							"post": [24.5, 0, 0],
							"lerp_mode": "catmullrom"
						},
						"1.9167": {
							"post": [24.5, 0, 0],
							"lerp_mode": "catmullrom"
						},
						"2.0833": {
							"post": [24.5, 0, 0],
							"lerp_mode": "catmullrom"
						},
						"2.1667": {
							"post": [29.5, 0, 0],
							"lerp_mode": "catmullrom"
						},
						"2.5417": {
							"post": [29.5, 0, 0],
							"lerp_mode": "catmullrom"
						},
						"2.6667": [1, 0, 0]
					}
				},
				"leg_front_right": {
					"rotation": {
						"0.0": {
							"post": [-20.63964, 20.31177, -0.79772],
							"lerp_mode": "catmullrom"
						},
						"0.1667": {
							"post": [-29.40715, 17.2069, -0.1576],
							"lerp_mode": "catmullrom"
						},
						"0.3333": {
							"post": [-18.16, 11.01, -0.12],
							"lerp_mode": "catmullrom"
						},
						"0.5": {
							"post": [-4.01, 7.21, -0.16],
							"lerp_mode": "catmullrom"
						},
						"0.6667": {
							"post": [-15.01, 7.21, -0.16],
							"lerp_mode": "catmullrom"
						},
						"0.8333": {
							"post": [-26.51, 7.21, -0.16],
							"lerp_mode": "catmullrom"
						},
						"1.5": {
							"post": [-14.01, 7.21, -0.16],
							"lerp_mode": "catmullrom"
						},
						"1.7083": {
							"post": [-39.01, 7.21, -0.16],
							"lerp_mode": "catmullrom"
						},
						"1.9167": {
							"post": [-33.41, 11.21, -0.16],
							"lerp_mode": "catmullrom"
						},
						"2.0833": {
							"post": [-35.56, 18.21, -0.16],
							"lerp_mode": "catmullrom"
						},
						"2.1667": {
							"post": [-37.11, 38.11, -0.16],
							"lerp_mode": "catmullrom"
						},
						"2.5417": {
							"post": [-50.48, 38.78, -0.16],
							"lerp_mode": "catmullrom"
						},
						"2.6667": {
							"post": [-90.91, 38.11, -0.16],
							"lerp_mode": "catmullrom"
						},
						"2.75": {
							"post": [-80.91, 38.11, -0.16],
							"lerp_mode": "catmullrom"
						},
						"2.875": [-88.41, 38.11, -0.16]
					},
					"position": {
						"0.0": {
							"post": [0, -0.2, 0],
							"lerp_mode": "catmullrom"
						},
						"0.1667": {
							"post": [0, 0.7, 0.2],
							"lerp_mode": "catmullrom"
						},
						"0.3333": {
							"post": [0, 1.56, 0.7],
							"lerp_mode": "catmullrom"
						},
						"0.5": {
							"post": [0, 1.7, 1],
							"lerp_mode": "catmullrom"
						},
						"0.6667": {
							"post": [0, 0.6, 0.6],
							"lerp_mode": "catmullrom"
						},
						"0.8333": {
							"post": [0, 0.4, 0.2],
							"lerp_mode": "catmullrom"
						},
						"1.5": {
							"post": [0, 1.3, -0.3],
							"lerp_mode": "catmullrom"
						},
						"1.7083": {
							"post": [0, -0.3, 0.3],
							"lerp_mode": "catmullrom"
						},
						"1.9167": {
							"post": [0, 0.1, 0.1],
							"lerp_mode": "catmullrom"
						},
						"2.0833": {
							"post": [0, -0.08, 0.14],
							"lerp_mode": "catmullrom"
						},
						"2.1667": {
							"post": [-0.3, -0.4, 0.1],
							"lerp_mode": "catmullrom"
						},
						"2.5417": {
							"post": [-0.3, -0.1, 0.1],
							"lerp_mode": "catmullrom"
						},
						"2.6667": [-1.2, -0.7, -1.5]
					}
				},
				"leg_front_right2": {
					"rotation": {
						"0.0": {
							"post": [22.5, 0, 0],
							"lerp_mode": "catmullrom"
						},
						"0.1667": {
							"post": [32.6, 0, 0],
							"lerp_mode": "catmullrom"
						},
						"0.3333": {
							"post": [36, 0, 0],
							"lerp_mode": "catmullrom"
						},
						"0.5": {
							"post": [5.3, 0, 0],
							"lerp_mode": "catmullrom"
						},
						"0.6667": {
							"post": [12.8, 0, 0],
							"lerp_mode": "catmullrom"
						},
						"0.8333": {
							"post": [25.3, 0, 0],
							"lerp_mode": "catmullrom"
						},
						"1.5": {
							"post": [12.8, 0, 0],
							"lerp_mode": "catmullrom"
						},
						"1.7083": {
							"post": [37.8, 0, 0],
							"lerp_mode": "catmullrom"
						},
						"1.9167": {
							"post": [33.5, 0, 0],
							"lerp_mode": "catmullrom"
						},
						"2.25": {
							"post": [34.4, 0, 0],
							"lerp_mode": "catmullrom"
						},
						"2.5417": {
							"post": [32.1, 0, 0],
							"lerp_mode": "catmullrom"
						},
						"2.6667": [1, 0, 0]
					}
				},
				"leg_back_left": {
					"rotation": {
						"0.0": {
							"post": [-21.5, -20, 0],
							"lerp_mode": "catmullrom"
						},
						"0.1667": {
							"post": [-33.42635, -20.82527, -3.07759],
							"lerp_mode": "catmullrom"
						},
						"0.3333": {
							"post": [-12.48221, -13.00026, -0.06254],
							"lerp_mode": "catmullrom"
						},
						"0.5": {
							"post": [14.22983, -7.16077, -3.32493],
							"lerp_mode": "catmullrom"
						},
						"0.6667": {
							"post": [-4.01825, -8.54032, -0.11058],
							"lerp_mode": "catmullrom"
						},
						"0.8333": {
							"post": [-14.01825, -8.54032, -0.11058],
							"lerp_mode": "catmullrom"
						},
						"1.4167": {
							"post": [-36.52, -8.54, -0.11],
							"lerp_mode": "catmullrom"
						},
						"1.75": {
							"post": [-16.52, -8.54, -0.11],
							"lerp_mode": "catmullrom"
						},
						"1.9167": {
							"post": [-21.52, -11.04, -0.91],
							"lerp_mode": "catmullrom"
						},
						"2.0833": {
							"post": [-15.33, -16.54, -3.41],
							"lerp_mode": "catmullrom"
						},
						"2.1667": {
							"post": [-4.7591, -33.84827, -10.77882],
							"lerp_mode": "catmullrom"
						},
						"2.5417": {
							"post": [-4.62, -34.16, -29.52],
							"lerp_mode": "catmullrom"
						},
						"2.625": {
							"post": [17.44959, -12.84553, -81.06543],
							"lerp_mode": "catmullrom"
						},
						"2.6667": {
							"post": [40.83516, -0.1721, -85.09691],
							"lerp_mode": "catmullrom"
						},
						"2.75": {
							"post": [47.37917, -4.48575, -77.74486],
							"lerp_mode": "catmullrom"
						},
						"2.875": [47.47, 0.99, -79.7]
					},
					"position": {
						"0.0": {
							"post": [0, -0.3, -0.8],
							"lerp_mode": "catmullrom"
						},
						"0.1667": {
							"post": [-0.3, 0.2, -0.5],
							"lerp_mode": "catmullrom"
						},
						"0.3333": {
							"post": [0.1, 1.8, -1],
							"lerp_mode": "catmullrom"
						},
						"0.5": {
							"post": [0, 2, -1],
							"lerp_mode": "catmullrom"
						},
						"0.6667": {
							"post": [0, 1.2, -0.8],
							"lerp_mode": "catmullrom"
						},
						"0.8333": {
							"post": [0, 1.2, -1.2],
							"lerp_mode": "catmullrom"
						},
						"1.4167": {
							"post": [0, -0.2, -0.8],
							"lerp_mode": "catmullrom"
						},
						"1.75": {
							"post": [0, 1.1, -1.4],
							"lerp_mode": "catmullrom"
						},
						"1.9167": {
							"post": [0, 0.8, -1.2],
							"lerp_mode": "catmullrom"
						},
						"2.0833": {
							"post": [0, 1.13, -1.44],
							"lerp_mode": "catmullrom"
						},
						"2.1667": {
							"post": [-0.1, 1, -0.6],
							"lerp_mode": "catmullrom"
						},
						"2.5417": {
							"post": [-0.1, 1, -0.6],
							"lerp_mode": "catmullrom"
						},
						"2.625": {
							"post": [0.23, 0.01, -0.19],
							"lerp_mode": "catmullrom"
						},
						"2.6667": [1, 0.1, 0.1]
					}
				},
				"leg_back_left2": {
					"rotation": {
						"0.0": {
							"post": [23, 0, 0],
							"lerp_mode": "catmullrom"
						},
						"0.1667": {
							"post": [35, 0, 0],
							"lerp_mode": "catmullrom"
						},
						"0.3333": {
							"post": [35.5, 0, 0],
							"lerp_mode": "catmullrom"
						},
						"0.5": {
							"post": [-6, 0, 0],
							"lerp_mode": "catmullrom"
						},
						"0.6667": {
							"post": [4, 0, 0],
							"lerp_mode": "catmullrom"
						},
						"0.8333": {
							"post": [14, 0, 0],
							"lerp_mode": "catmullrom"
						},
						"1.4167": {
							"post": [36.5, 0, 0],
							"lerp_mode": "catmullrom"
						},
						"1.75": {
							"post": [16.5, 0, 0],
							"lerp_mode": "catmullrom"
						},
						"1.9167": {
							"post": [21.5, 0, 0],
							"lerp_mode": "catmullrom"
						},
						"2.0833": {
							"post": [14.81, 0, 0],
							"lerp_mode": "catmullrom"
						},
						"2.1667": {
							"post": [11.7, 0, 0],
							"lerp_mode": "catmullrom"
						},
						"2.5417": {
							"post": [13.53, 0, 0],
							"lerp_mode": "catmullrom"
						},
						"2.5833": {
							"post": [41.23, 0, 0],
							"lerp_mode": "catmullrom"
						},
						"2.6667": [14.2, 0, 0]
					}
				},
				"leg_back_right": {
					"rotation": {
						"0.0": {
							"post": [-21.5, 20, 0],
							"lerp_mode": "catmullrom"
						},
						"0.1667": {
							"post": [-36.9, 20, 0],
							"lerp_mode": "catmullrom"
						},
						"0.3333": {
							"post": [-26.6, 20, 0],
							"lerp_mode": "catmullrom"
						},
						"0.5": {
							"post": [-34, 20, 0],
							"lerp_mode": "catmullrom"
						},
						"0.6667": {
							"post": [-14.70528, 14.99457, 0.09998],
							"lerp_mode": "catmullrom"
						},
						"0.875": {
							"post": [2.7, 8.3, 0],
							"lerp_mode": "catmullrom"
						},
						"1.3333": {
							"post": [-32.3, 7.8, 0],
							"lerp_mode": "catmullrom"
						},
						"1.5": {
							"post": [-32.3, 7.8, 0],
							"lerp_mode": "catmullrom"
						},
						"1.7083": {
							"post": [-9.1, 7.8, 0],
							"lerp_mode": "catmullrom"
						},
						"1.9167": {
							"post": [-15.8, 11.1, 1],
							"lerp_mode": "catmullrom"
						},
						"2.0833": {
							"post": [-10.63, 16.6, 3.3],
							"lerp_mode": "catmullrom"
						},
						"2.1667": {
							"post": [-3.38467, 31.15658, 7.98081],
							"lerp_mode": "catmullrom"
						},
						"2.5417": {
							"post": [4.03198, 42.9376, 30.57703],
							"lerp_mode": "catmullrom"
						},
						"2.625": {
							"post": [19.41005, 3.47723, 81.15399],
							"lerp_mode": "catmullrom"
						},
						"2.6667": {
							"post": [42.4919, 8.57693, 86.68584],
							"lerp_mode": "catmullrom"
						},
						"2.75": {
							"post": [40.91337, 15.23963, 79.05961],
							"lerp_mode": "catmullrom"
						},
						"2.875": [41.82085, 11.93394, 82.9196]
					},
					"position": {
						"0.0": {
							"post": [0, -0.3, -0.8],
							"lerp_mode": "catmullrom"
						},
						"0.1667": {
							"post": [0.2, 0.2, -0.4],
							"lerp_mode": "catmullrom"
						},
						"0.3333": {
							"post": [0, 0, -1],
							"lerp_mode": "catmullrom"
						},
						"0.5": {
							"post": [0, -0.1, -1.1],
							"lerp_mode": "catmullrom"
						},
						"0.6667": {
							"post": [0, 1.39, -1.43],
							"lerp_mode": "catmullrom"
						},
						"0.875": {
							"post": [0, 1.9, -1.4],
							"lerp_mode": "catmullrom"
						},
						"1.0833": {
							"post": [0.14, 1.37, -0.49],
							"lerp_mode": "catmullrom"
						},
						"1.3333": {
							"post": [0.3, 0.1, 0],
							"lerp_mode": "catmullrom"
						},
						"1.5": {
							"post": [0.3, 0.1, 0],
							"lerp_mode": "catmullrom"
						},
						"1.7083": {
							"post": [0.3, 1.5, -0.8],
							"lerp_mode": "catmullrom"
						},
						"1.9167": {
							"post": [0.3, 1.1, -0.6],
							"lerp_mode": "catmullrom"
						},
						"2.0833": {
							"post": [0.3, 1.5, -0.8],
							"lerp_mode": "catmullrom"
						},
						"2.1667": {
							"post": [0, 1, -0.6],
							"lerp_mode": "catmullrom"
						},
						"2.5417": {
							"post": [0, 1, -0.6],
							"lerp_mode": "catmullrom"
						},
						"2.625": {
							"post": [-1, -0.2, 0],
							"lerp_mode": "catmullrom"
						},
						"2.6667": [-1, 0.3, 0]
					}
				},
				"leg_back_right2": {
					"rotation": {
						"0.0": {
							"post": [23, 0, 0],
							"lerp_mode": "catmullrom"
						},
						"0.1667": {
							"post": [36.5, 0, 0],
							"lerp_mode": "catmullrom"
						},
						"0.3333": {
							"post": [26.3, 0, 0],
							"lerp_mode": "catmullrom"
						},
						"0.5": {
							"post": [33.8, 0, 0],
							"lerp_mode": "catmullrom"
						},
						"0.6667": {
							"post": [33.6, 0, 0],
							"lerp_mode": "catmullrom"
						},
						"0.875": {
							"post": [-0.7, 0, 0],
							"lerp_mode": "catmullrom"
						},
						"1.3333": {
							"post": [32.3, 0, 0],
							"lerp_mode": "catmullrom"
						},
						"1.5": {
							"post": [32.3, 0, 0],
							"lerp_mode": "catmullrom"
						},
						"1.7083": {
							"post": [9, 0, 0],
							"lerp_mode": "catmullrom"
						},
						"1.9167": {
							"post": [15.6, 0, 0],
							"lerp_mode": "catmullrom"
						},
						"2.25": {
							"post": [9, 0, 0],
							"lerp_mode": "catmullrom"
						},
						"2.5417": {
							"post": [14, 0, 0],
							"lerp_mode": "catmullrom"
						},
						"2.625": {
							"post": [21.2, 0, 0],
							"lerp_mode": "catmullrom"
						},
						"2.6667": [14, 0, 0]
					}
				}
			}
		},
		"animation.torkoal.sleep": {
			"loop": true,
			"animation_length": 4,
			"bones": {
				"body": {
					"position": [0, -0.8, 0]
				},
				"tail": {
					"rotation": ["-12.9+2*math.cos(q.anim_time*90*1)", 0, 0],
					"position": [0, 0, -1.7]
				},
				"tail2": {
					"rotation": ["10-5*math.cos(q.anim_time*90*1)", 0, 0]
				},
				"neck": {
					"rotation": [45, 0, 0],
					"position": [0, -0.4, 14.7]
				},
				"neck2": {
					"rotation": [17.3, 0, 0]
				},
				"head": {
					"rotation": ["-65.5+1.7*math.cos(q.anim_time*90*1-60)", 0, 0],
					"position": [0, 0.05, -0.6]
				},
				"leg_front_left": {
					"rotation": [41, "-2+1*math.cos(q.anim_time*90*1)", -88.4],
					"position": [0, "-3.45-0.1*math.cos(q.anim_time*90*1)", 0]
				},
				"leg_front_right": {
					"rotation": [41, "2+1*math.cos(q.anim_time*90*1)", 88.4],
					"position": [0, "-3.45-0.1*math.cos(q.anim_time*90*1)", 0]
				},
				"leg_back_left": {
					"rotation": [111.196, "-3.7711-1*math.cos(q.anim_time*90*1)", -88.9624],
					"position": [0.225, "-3.45+0.05*math.cos(q.anim_time*90*1)", -1.925]
				},
				"leg_back_left2": {
					"rotation": [60, 0, 0]
				},
				"leg_back_right": {
					"rotation": [111.196, "3.7711+1*math.cos(q.anim_time*90*1)", 88.9624],
					"position": [-0.225, "-3.45+0.05*math.cos(q.anim_time*90*1)", -1.925]
				},
				"leg_back_right2": {
					"rotation": [60, 0, 0]
				},
				"eye_left": {
					"position": [0, 0, 0]
				},
				"torso": {
					"rotation": ["-5.5+0.3*math.cos(q.anim_time*90*1-45)", 0, 0],
					"position": [0, "-4-0.1*math.cos(q.anim_time*90*1)", 0]
				},
				"jaw": {
					"rotation": ["13-1.7*math.cos(q.anim_time*90*1-80)", 0, 0]
				},
				"leg_front_left2": {
					"rotation": [55, 0, 0]
				},
				"leg_front_right2": {
					"rotation": [55, 0, 0]
				}
			}
		},
		"animation.torkoal.cry": {
			"animation_length": 1.5,
			"bones": {
				"neck": {
					"rotation": {
						"0.0": [0, 0, 0],
						"0.25": [10, 0, 0],
						"1.25": [10, 0, 0],
						"1.5": [0, 0, 0]
					}
				},
				"head": {
					"rotation": {
						"0.0": [0, 0, 0],
						"0.25": [-7.5, 0, 0],
						"1.25": [-7.5, 0, 0],
						"1.5": [0, 0, 0]
					}
				},
				"jaw": {
					"rotation": {
						"0.0": [0, 0, 0],
						"0.25": [25, 0, 0],
						"1.25": [25, 0, 0],
						"1.5": [0, 0, 0]
					}
				}
			},
			"sound_effects": {
				"0.0833": {
					"effect": "pokemon.torkoal.cry"
				}
			}
		}
	}
}