{
    "enabled": true,
    "neededInstalledMods": [],
    "neededUninstalledMods": [],
    "spawns": [{
            "id": "raitora-spaceworldmons-1",
            "pokemon": "raitora spaceworldmons",
            "presets": [
                "natural"
            ],
            "type": "pokemon",
            "context": "grounded",
            "bucket": "ultra-rare",
            "level": "31-56",
            "weight": 15,
            "condition": {
                "minSkyLight": 8,
                "maxSkyLight": 15,
                "isThundering": true,
                "biomes": [
                    "#cobblemon:is_savanna",
                    "#cobblemon:is_jungle"
                ]
            }
        }
    ]
}
