{
    "enabled": true,
    "neededInstalledMods": [],
    "neededUninstalledMods": [],
    "spawns": [{
            "id": "kyonpan-spaceworldmons-1",
            "pokemon": "kyonpan spaceworldmons",
            "type": "pokemon",
            "context": "grounded",
            "bucket": "ultra-rare",
            "level": "2-12",
            "weight": 0.5,
            "condition": {
                "timeRange": "night",
                "biomes": [
                    "#c:is_mountain/peak"
                ]
            }
        }, {
            "id": "kyonpan-spaceworldmons-2",
            "pokemon": "kyonpan spaceworldmons",
            "presets": [
                "ancient_city"
            ],
            "type": "pokemon",
            "context": "grounded",
            "bucket": "uncommon",
            "level": "27-34",
            "weight": 4
        }
    ]
}
