{
    "enabled": true,
    "neededInstalledMods": [],
    "neededUninstalledMods": [],
    "spawns": [{
            "id": "kindachi-spaceworldmons-1",
            "pokemon": "kindachi spaceworldmons",
            "type": "pokemon",
            "context": "grounded",
            "bucket": "uncommon",
            "level": "17-31",
            "weight": 15,
            "condition": {
                "timeRange": "night",
                "biomes": [
                    "#c:is_mountain"
                ]
            }
        }
    ]
}
