{
    "enabled": true,
    "neededInstalledMods": [],
    "neededUninstalledMods": [],
    "spawns": [{
            "id": "turbann-spaceworldmons-1",
            "pokemon": "turbann spaceworldmons",
            "presets": [
                "water"
            ],
            "type": "pokemon",
            "context": "seafloor",
            "bucket": "common",
            "level": "26-53",
            "weight": 1.0,
            "condition": {
                "canSeeSky": true,
                "biomes": [
                    "#cobblemon:is_cold_ocean",
                    "#cobblemon:is_frozen_ocean"
                ]
            }
        }, {
            "id": "turbann-spaceworldmons-2",
            "pokemon": "turbann spaceworldmons",
            "presets": [
                "water"
            ],
            "type": "pokemon",
            "context": "seafloor",
            "bucket": "common",
            "level": "26-53",
            "weight": 0.6,
            "condition": {
                "canSeeSky": true,
                "biomes": [
                    "#cobblemon:is_ocean"
                ]
            },
            "anticondition": {
                "biomes": [
                    "#cobblemon:is_cold_ocean",
                    "#cobblemon:is_frozen_ocean"
                ]
            }
        }
    ]
}
