{
    "enabled": true,
    "neededInstalledMods": [],
    "neededUninstalledMods": [],
    "spawns": [{
            "id": "plux-spaceworldmons-1",
            "pokemon": "plux spaceworldmons",
            "presets": [
                "natural",
                "wild"
            ],
            "type": "pokemon",
            "context": "grounded",
            "bucket": "ultra-rare",
            "level": "40-55",
            "weight": 1.0,
            "condition": {
                "canSeeSky": true,
                "biomes": [
                    "#cobblemon:is_jungle",
                    "#cobblemon:is_tropical_island"
                ],
                "timeRange": "night"
            }
        }
    ]
}
