{
    "enabled": true,
    "neededInstalledMods": [],
    "neededUninstalledMods": [],
    "spawns": [{
            "id": "komari-spaceworldmons-1",
            "pokemon": "komari spaceworldmons",
            "type": "pokemon",
            "context": "grounded",
            "bucket": "uncommon",
            "level": "25-41",
            "weight": 15,
            "condition": {
                "timeRange": "night",
                "biomes": [
                    "#c:is_spooky"
                ]
            }
        }, {
            "id": "komari-spaceworldmons-2",
            "pokemon": "komari spaceworldmons",
            "type": "pokemon",
            "context": "grounded",
            "bucket": "common",
            "level": "25-41",
            "weight": 15,
            "condition": {
                "timeRange": "night",
                "biomes": [
                    "#c:is_magical"
                ]
            }
        }
    ]
}
