{
  "enabled": true,
  "neededInstalledMods": [
    
  ],
  "neededUninstalledMods": [
    
  ],
  "spawns": [
    {
      "id": "penpin-spaceworldmons-1",
      "pokemon": "penpin spaceworldmons",
      "presets": [
        "natural"
      ],
      "type": "pokemon",
      "context": "grounded",
      "bucket": "common",
      "level": "4-29",
      "weight": 5.4,
      "condition": {
        "minSkyLight": 8,
        "maxSkyLight": 15,
        "biomes": [
          "#cobblemon:is_frozen_ocean"
        ]
      }
    },
    {
      "id": "penpin-spaceworldmons-2",
      "pokemon": "penpin spaceworldmons",
      "presets": [
        "water"
      ],
      "type": "pokemon",
      "context": "submerged",
      "bucket": "common",
      "level": "4-29",
      "weight": 5.4,
      "condition": {
        "canSeeSky": true,
        "biomes": [
          "#cobblemon:is_frozen_ocean"
        ]
      }
    },
    {
      "id": "penpin-spaceworldmons-4",
      "pokemon": "penpin spaceworldmons",
      "presets": [
        "water"
      ],
      "type": "pokemon",
      "context": "submerged",
      "bucket": "common",
      "level": "4-29",
      "weight": 5.4,
      "condition": {
        "canSeeSky": false,
        "minSkyLight": 8,
        "maxSkyLight": 15,
        "biomes": [
          "#cobblemon:is_frozen_ocean"
        ]
      }
    }
  ]
}