{
    "enabled": true,
    "neededInstalledMods": [],
    "neededUninstalledMods": [],
    "spawns": [{
            "id": "evolotto-spaceworldmons-1",
            "pokemon": "evolotto spaceworldmons",
            "presets": [
                "natural"
            ],
            "type": "pokemon",
            "context": "grounded",
            "bucket": "rare",
            "level": "1",
            "weight": 5,
            "condition": {
                "biomes": [
                    "#c:is_overworld"
                ]
            }
        }
    ]
}
