{
    "enabled": true,
    "neededInstalledMods": [],
    "neededUninstalledMods": [],
    "spawns": [{
            "id": "ascenshark-spaceworldmons-1",
            "pokemon": "ascenshark spaceworldmons",
            "presets": [
                "natural"
            ],
            "type": "pokemon",
            "context": "grounded",
            "bucket": "rare",
            "level": "46-52",
            "weight": 1.5,
            "condition": {
                "biomes": [
                    "#cobblemon:is_end"
                ]
            }
        }, {
            "id": "ascenshark-spaceworldmons-2",
            "pokemon": "ascenshark spaceworldmons",
            "presets": [
                "natural"
            ],
            "type": "pokemon",
            "context": "grounded",
            "bucket": "rare",
            "level": "42-49",
            "weight": 0.8,
            "condition": {
                "minSkyLight": 8,
                "maxSkyLight": 15,
                "biomes": [
                    "#cobblemon:is_overworld"
                ],
                "timeRange": "night",
                "neededNearbyBlocks": [
                    "minecraft:wheat"
                ]
            }
        }
    ]
}
