{
    "enabled": true,
    "neededInstalledMods": [],
    "neededUninstalledMods": [],
    "spawns": [{
            "id": "kaburion-spaceworldmons-1",
            "pokemon": "kaburion spaceworldmons",
            "presets": [
                "natural"
            ],
            "type": "pokemon",
            "context": "grounded",
            "bucket": "common",
            "level": "29-52",
            "weight": 0.3,
            "condition": {
                "minSkyLight": 8,
                "maxSkyLight": 15,
                "biomes": [
                    "#cobblemon:is_swamp"
                ]
            }
        }
    ]
}
