{
	"format_version": "1.8.0",
	"animations": {
		"animation.pebblin.pose": {
			"loop": true,
			"bones": {
				"l_arm": {
					"rotation": [0, 0, 25]
				},
				"r_arm": {
					"rotation": [0, 0, -25]
				}
			}
		},
		"animation.pebblin.ground_walk": {
			"loop": true,
			"animation_length": 1,
			"bones": {
				"body": {
					"rotation": [0, 0, "math.sin(query.anim_time * 720)/5"],
					"position": [0, "math.sin(query.anim_time * 720)/5", 0]
				},
				"l_leg": {
					"rotation": {
						"0.0": [-35, 0, 0],
						"0.25": [35, 0, 0],
						"0.5": [-35, 0, 0],
						"0.75": [35, 0, 0],
						"0.9583": [-35, 0, 0]
					},
					"position": {
						"0.0": [0, 0, 0],
						"0.25": [0, 0, 0],
						"0.375": [0, 1, 0],
						"0.5": [0, 0, 0],
						"0.75": [0, 0, 0],
						"0.875": [0, 1, 0],
						"1.0": [0, 0, 0]
					}
				},
				"r_leg": {
					"rotation": {
						"0.0": [35, 0, 0],
						"0.25": [-35, 0, 0],
						"0.5": [35, 0, 0],
						"0.75": [-35, 0, 0],
						"0.9583": [35, 0, 0]
					},
					"position": {
						"0.0": [0, 0, 0],
						"0.125": [0, 1, 0],
						"0.25": [0, 0, 0],
						"0.5": [0, 0, 0],
						"0.625": [0, 1, 0],
						"0.75": [0, 0, 0],
						"1.0": [0, 0, 0]
					}
				},
				"l_arm": {
					"rotation": [0, 0, 25]
				},
				"r_arm": {
					"rotation": [0, 0, -25]
				}
			}
		},
		"animation.pebblin.ground_idle": {
			"loop": true,
			"animation_length": 8,
			"bones": {
				"body": {
					"position": [0, "math.sin(query.anim_time * 90)/5", 0]
				},
				"r_leg": {
					"position": [0, 0, 0]
				},
				"l_arm": {
					"rotation": [0, 0, "25 + math.sin(query.anim_time * 90) * 7"]
				},
				"r_arm": {
					"rotation": [0, 0, "-25 + math.sin(query.anim_time * -90) * 7"]
				}
			}
		}
	}
}