{
	"format_version": "1.12.0",
	"minecraft:geometry": [
		{
			"description": {
				"identifier": "geometry.unknown",
				"texture_width": 128,
				"texture_height": 128,
				"visible_bounds_width": 3,
				"visible_bounds_height": 3.5,
				"visible_bounds_offset": [0, 1.25, 0]
			},
			"bones": [
				{
					"name": "komari",
					"pivot": [0, 0, 0]
				},
				{
					"name": "body",
					"parent": "komari",
					"pivot": [0, 0, 0]
				},
				{
					"name": "torso",
					"parent": "body",
					"pivot": [0, 6.875, 0],
					"cubes": [
						{"origin": [-5, 2, -5], "size": [10, 7, 10], "pivot": [0, 5.5, 0], "rotation": [0, -45, 0], "uv": [0, 19]},
						{"origin": [-3.5, 1, -3.5], "size": [7, 1, 7], "pivot": [0, 1.5, 0], "rotation": [0, -45, 0], "uv": [40, 19]},
						{"origin": [-3.5, 9, -3.5], "size": [7, 1, 7], "pivot": [0, 9.5, 0], "rotation": [0, -45, 0], "uv": [40, 27]},
						{"origin": [-1.5, 10, -1.5], "size": [3, 2, 3], "pivot": [0, 11, 0], "rotation": [0, -45, 0], "uv": [12, 47]}
					]
				},
				{
					"name": "head",
					"parent": "torso",
					"pivot": [0, 12, 0],
					"cubes": [
						{"origin": [-5.5, 11.5, -5.5], "size": [11, 6, 11], "uv": [3, 2]},
						{"origin": [-4.5, 17.5, -4.5], "size": [9, 1, 9], "uv": [2, 37]}
					]
				},
				{
					"name": "left_horn",
					"parent": "head",
					"pivot": [4.5, 17.42857, 0],
					"cubes": [
						{"origin": [4, 17.5, -0.5], "size": [1, 2, 1], "uv": [34, 47]},
						{"origin": [3.5, 19.5, -1], "size": [2, 1, 2], "uv": [16, 52]},
						{"origin": [2.5, 20.5, -2], "size": [4, 1, 4], "uv": [40, 35]},
						{"origin": [2.5, 21.5, 1], "size": [4, 4, 1], "uv": [24, 47]},
						{"origin": [2.5, 21.5, -2], "size": [4, 4, 1], "uv": [0, 52]},
						{"origin": [5.5, 21.5, -1], "size": [1, 4, 2], "uv": [52, 0]},
						{"origin": [2.5, 21.5, -1], "size": [1, 4, 2], "uv": [52, 12]}
					]
				},
				{
					"name": "right_horn",
					"parent": "head",
					"pivot": [-4.5, 17.42857, 0],
					"cubes": [
						{"origin": [-5, 17.5, -0.5], "size": [1, 2, 1], "uv": [52, 45]},
						{"origin": [-5.5, 19.5, -1], "size": [2, 1, 2], "uv": [24, 52]},
						{"origin": [-6.5, 20.5, -2], "size": [4, 1, 4], "uv": [40, 40]},
						{"origin": [-6.5, 21.5, 1], "size": [4, 4, 1], "uv": [34, 50]},
						{"origin": [-6.5, 21.5, -2], "size": [4, 4, 1], "uv": [44, 50]},
						{"origin": [-6.5, 21.5, -1], "size": [1, 4, 2], "uv": [52, 6]},
						{"origin": [-3.5, 21.5, -1], "size": [1, 4, 2], "uv": [10, 52]}
					]
				},
				{
					"name": "left_eye",
					"parent": "head",
					"pivot": [3.25, 13.75, -5.501],
					"cubes": [
						{"origin": [1.25, 12.25, -5.501], "size": [4, 3, 0], "uv": [0, 0]}
					]
				},
				{
					"name": "left_pupil",
					"parent": "left_eye",
					"pivot": [3, 14.25, -5.502],
					"cubes": [
						{"origin": [2.5, 13.25, -5.502], "size": [1, 2, 0], "uv": [0, 6]}
					]
				},
				{
					"name": "right_eye",
					"parent": "head",
					"pivot": [-3.25, 13.75, -5.501],
					"cubes": [
						{"origin": [-5.25, 12.25, -5.501], "size": [4, 3, 0], "uv": [0, 3]}
					]
				},
				{
					"name": "right_pupil",
					"parent": "right_eye",
					"pivot": [-1.75, 12.25, -15.5],
					"cubes": [
						{"origin": [-3.5, 13.25, -5.502], "size": [1, 2, 0], "uv": [0, 6]}
					]
				},
				{
					"name": "left_foot",
					"parent": "body",
					"pivot": [2.5, 1, 0.5],
					"cubes": [
						{"origin": [1.5, 0, -2.5], "size": [2, 1, 4], "uv": [40, 45]}
					]
				},
				{
					"name": "right_foot",
					"parent": "body",
					"pivot": [-2.5, 1, 0.5],
					"cubes": [
						{"origin": [-3.5, 0, -2.5], "size": [2, 1, 4], "uv": [0, 47]}
					]
				}
			]
		}
	]
}