{
 "species": "cobblemon:wailnaut",
 "order": 0,
 "variations": [
   {
     "aspects": [],
     "poser": "cobblemon:wailnaut",
     "model": "cobblemon:wailnaut.geo",
     "texture": "cobblemon:textures/pokemon/wailnaut/wailnaut.png",
     "layers": [{
		 "name": "emissive",
              "emissive": true,
              "texture": "cobblemon:textures/pokemon/wailnaut/wailnaut_emissive.png",
              "translucent": true
	 }]
   },
   {
     "aspects": [
       "shiny"
     ],
     "texture": "cobblemon:textures/pokemon/wailnaut/wailnaut_shiny.png",
	 "layers": [{
		 "name": "emissive",
              "emissive": true,
              "texture": "cobblemon:textures/pokemon/wailnaut/wailnaut_shiny_emissive.png",
              "translucent": true
	 }]
   }
 ]
}