{
	"format_version": "1.12.0",
	"minecraft:geometry": [
		{
			"description": {
				"identifier": "geometry.unknown",
				"texture_width": 64,
				"texture_height": 64,
				"visible_bounds_width": 3,
				"visible_bounds_height": 2.5,
				"visible_bounds_offset": [0, 0.75, 0]
			},
			"bones": [
				{
					"name": "hakogame",
					"pivot": [0, 0, 0]
				},
				{
					"name": "body",
					"parent": "hakogame",
					"pivot": [0, 2, 0],
					"cubes": [
						{"origin": [-5, 2, -5], "size": [10, 2, 10], "uv": [0, 22]}
					]
				},
				{
					"name": "present",
					"parent": "body",
					"pivot": [0, 2, 0],
					"cubes": [
						{"origin": [-6, 3.5, -6], "size": [12, 10, 12], "uv": [0, 0]},
						{"origin": [-1.5, 3.5, -6], "size": [3, 10, 12], "inflate": 0.02, "uv": [0, 34]},
						{"origin": [-6, 3.5, -1.5], "size": [12, 10, 3], "inflate": 0.01, "uv": [30, 34]}
					]
				},
				{
					"name": "head",
					"parent": "body",
					"pivot": [0, 4, -5],
					"cubes": [
						{"origin": [-2, 2, -11], "size": [4, 4, 6], "uv": [40, 22]}
					]
				},
				{
					"name": "eye_left",
					"parent": "head",
					"pivot": [1, 3.5, -6.5],
					"cubes": [
						{"origin": [2.01, 4.5, -9.5], "size": [0, 1, 2], "uv": [54, 14]}
					]
				},
				{
					"name": "eyelid_left",
					"parent": "eye_left",
					"pivot": [0, 3.5, -6.5],
					"cubes": [
						{"origin": [0.01, 4.5, -9.5], "size": [1, 1, 2], "inflate": 0.01, "uv": [48, 14]}
					]
				},
				{
					"name": "eye_right",
					"parent": "head",
					"pivot": [-1, 3.5, -6.5],
					"cubes": [
						{"origin": [-2.01, 4.5, -9.5], "size": [0, 1, 2], "uv": [54, 17]}
					]
				},
				{
					"name": "eyelid_right",
					"parent": "eye_right",
					"pivot": [0, 3.5, -6.5],
					"cubes": [
						{"origin": [-1.01, 4.5, -9.5], "size": [1, 1, 2], "inflate": 0.01, "uv": [48, 17]}
					]
				},
				{
					"name": "leg_front_left",
					"parent": "body",
					"pivot": [5.5, 4, -5],
					"cubes": [
						{"origin": [4.5, 0, -7], "size": [3, 4, 3], "uv": [30, 47]}
					]
				},
				{
					"name": "leg_back_left",
					"parent": "body",
					"pivot": [5.5, 4, 5],
					"cubes": [
						{"origin": [4.5, 0, 4], "size": [3, 4, 3], "uv": [48, 7]}
					]
				},
				{
					"name": "leg_front_right",
					"parent": "body",
					"pivot": [-5.5, 4, -5],
					"cubes": [
						{"origin": [-7.5, 0, -7], "size": [3, 4, 3], "uv": [42, 47]}
					]
				},
				{
					"name": "leg_back_right",
					"parent": "body",
					"pivot": [-5.5, 4, 5],
					"cubes": [
						{"origin": [-7.5, 0, 4], "size": [3, 4, 3], "uv": [48, 0]}
					]
				},
				{
					"name": "tail",
					"parent": "body",
					"pivot": [0, 2.8, 5],
					"cubes": [
						{"origin": [-1, 2.3, 5], "size": [2, 1, 4], "uv": [37, 4]}
					]
				}
			]
		}
	]
}