{
	"format_version": "1.12.0",
	"minecraft:geometry": [
		{
			"description": {
				"identifier": "geometry.plux",
				"texture_width": 128,
				"texture_height": 128,
				"visible_bounds_width": 5,
				"visible_bounds_height": 3.5,
				"visible_bounds_offset": [0, 1.25, 0]
			},
			"bones": [
				{
					"name": "plux",
					"pivot": [0, 0, 0]
				},
				{
					"name": "body",
					"parent": "plux",
					"pivot": [0, 0, 0]
				},
				{
					"name": "head",
					"parent": "body",
					"pivot": [0, 11, 0],
					"cubes": [
						{"origin": [-6.5, 13.75, -6], "size": [13, 11, 12], "uv": [0, 0]},
						{"origin": [-5, 10, -4], "size": [10, 4, 8], "uv": [38, 0]},
						{"origin": [-6.5, 4.75, -5.5], "size": [13, 6, 11], "uv": [0, 23]},
						{"origin": [-3.5, 2.75, -4.5], "size": [7, 2, 9], "uv": [37, 23]},
						{"origin": [-5, 24.5, -3], "size": [2, 1, 6], "uv": [0, 63]},
						{"origin": [3, 24.5, -3], "size": [2, 1, 6], "uv": [59, 62]}
					]
				},
				{
					"name": "horn",
					"parent": "head",
					"pivot": [0, 9, 4],
					"rotation": [5, 0, 0],
					"cubes": [
						{"origin": [1.98236, 24.68185, 2.5], "size": [4, 5, 3], "pivot": [0, -2, 4], "rotation": [0, 90, 0], "uv": [66, 0]},
						{"origin": [3.17431, 29.7, 3], "size": [3, 4, 2], "pivot": [0, -2, 4], "rotation": [0, 90, 0], "uv": [0, 23]},
						{"origin": [9.25, 31.7424, 4], "size": [2, 4, 0], "pivot": [0, -2, 4], "rotation": [-90, 80, -90], "uv": [0, 40]}
					]
				},
				{
					"name": "face",
					"parent": "head",
					"pivot": [0, -2.75, 0],
					"cubes": [
						{"origin": [-3, 13, -8], "size": [6, 7, 5], "inflate": 0.01, "uv": [0, 40]},
						{"origin": [-2.5, 15.25, -8.05], "size": [2, 2, 0], "uv": [43, 43]},
						{"origin": [0.5, 15.25, -8.05], "size": [2, 2, 0], "uv": [23, 40]}
					]
				},
				{
					"name": "jaw",
					"parent": "head",
					"pivot": [0, 2, 0],
					"cubes": [
						{"origin": [-3, 11, -7], "size": [6, 2, 4], "inflate": 0.01, "uv": [48, 34]}
					]
				},
				{
					"name": "shoulder_left",
					"parent": "head",
					"pivot": [6, 17, -0.5],
					"cubes": [
						{"origin": [6, 15, -2.5], "size": [4, 4, 4], "uv": [49, 60]}
					]
				},
				{
					"name": "arm_left",
					"parent": "shoulder_left",
					"pivot": [6.5, 15, -0.5],
					"cubes": [
						{"origin": [10, 16, -1.5], "size": [5, 2, 2], "inflate": 0.01, "uv": [60, 48]}
					]
				},
				{
					"name": "arm_left2",
					"parent": "arm_left",
					"pivot": [15, 15, 0.5],
					"cubes": [
						{"origin": [15, 15, -2.5], "size": [7, 3, 4], "uv": [37, 50]}
					]
				},
				{
					"name": "hand_left",
					"parent": "arm_left2",
					"pivot": [22, 15, -0.5],
					"cubes": [
						{"origin": [22, 16, -2], "size": [3, 2, 3], "inflate": 0.01, "uv": [0, 7]}
					]
				},
				{
					"name": "finger_left_index",
					"parent": "hand_left",
					"pivot": [23.5, 15.75, -2],
					"rotation": [0, 42.5, 0],
					"cubes": [
						{"origin": [23.5, 16.75, -2], "size": [2, 1, 1], "inflate": 0.01, "uv": [12, 52]}
					]
				},
				{
					"name": "finger_left_index2",
					"parent": "finger_left_index",
					"pivot": [25.5, 15.75, -1.5],
					"cubes": [
						{"origin": [25.5, 16.75, -2], "size": [1, 1, 1], "uv": [0, 52]}
					]
				},
				{
					"name": "finger_left_middle",
					"parent": "hand_left",
					"pivot": [25, 15.75, -0.5],
					"cubes": [
						{"origin": [24.75, 16.75, -1], "size": [2, 1, 1], "inflate": 0.01, "uv": [32, 50]}
					]
				},
				{
					"name": "finger_left_middle2",
					"parent": "finger_left_middle",
					"pivot": [26.75, 15.75, -0.5],
					"cubes": [
						{"origin": [26.75, 16.75, -1], "size": [1, 1, 1], "uv": [37, 51]}
					]
				},
				{
					"name": "finger_left_ring",
					"parent": "hand_left",
					"pivot": [23.5, 15.75, 1],
					"rotation": [0, -42.5, 0],
					"cubes": [
						{"origin": [23.5, 16.75, 0], "size": [2, 1, 1], "inflate": 0.01, "uv": [5, 29]}
					]
				},
				{
					"name": "finger_left_ring2",
					"parent": "finger_left_ring",
					"pivot": [25.5, 15.75, 0.5],
					"cubes": [
						{"origin": [25.5, 16.75, 0], "size": [1, 1, 1], "uv": [50, 15]}
					]
				},
				{
					"name": "shoulder_right",
					"parent": "head",
					"pivot": [-6, 17, -0.5],
					"cubes": [
						{"origin": [-10, 15, -2.5], "size": [4, 4, 4], "uv": [62, 40]}
					]
				},
				{
					"name": "arm_right",
					"parent": "shoulder_right",
					"pivot": [-9.5, 17, -0.5],
					"cubes": [
						{"origin": [-15, 16, -1.5], "size": [5, 2, 2], "inflate": 0.01, "uv": [65, 12]}
					]
				},
				{
					"name": "arm_right2",
					"parent": "arm_right",
					"pivot": [-15, 15, 0.5],
					"cubes": [
						{"origin": [-22, 15, -2.5], "size": [7, 3, 4], "uv": [55, 53]}
					]
				},
				{
					"name": "hand_right",
					"parent": "arm_right2",
					"pivot": [-22, 15, -0.5],
					"cubes": [
						{"origin": [-25, 16, -2], "size": [3, 2, 3], "inflate": 0.01, "uv": [25, 67]}
					]
				},
				{
					"name": "finger_right_index",
					"parent": "hand_right",
					"pivot": [-23.5, 15.75, -2],
					"rotation": [0, -42.5, 0],
					"cubes": [
						{"origin": [-25.5, 16.75, -2], "size": [2, 1, 1], "inflate": 0.01, "uv": [57, 40]}
					]
				},
				{
					"name": "finger_right_index2",
					"parent": "finger_right_index",
					"pivot": [-25.5, 15.75, -1.5],
					"cubes": [
						{"origin": [-26.5, 16.75, -2], "size": [1, 1, 1], "uv": [12, 54]}
					]
				},
				{
					"name": "finger_right_middle",
					"parent": "hand_right",
					"pivot": [-25, 15.75, -0.5],
					"cubes": [
						{"origin": [-26.75, 16.75, -1], "size": [2, 1, 1], "inflate": 0.01, "uv": [55, 51]}
					]
				},
				{
					"name": "finger_right_middle2",
					"parent": "finger_right_middle",
					"pivot": [-26.75, 15.75, -0.5],
					"cubes": [
						{"origin": [-27.75, 16.75, -1], "size": [1, 1, 1], "uv": [0, 54]}
					]
				},
				{
					"name": "finger_right_ring",
					"parent": "hand_right",
					"pivot": [-23.5, 15.75, 1],
					"rotation": [0, 42.5, 0],
					"cubes": [
						{"origin": [-25.5, 16.75, 0], "size": [2, 1, 1], "inflate": 0.01, "uv": [32, 52]}
					]
				},
				{
					"name": "finger_right_ring2",
					"parent": "finger_right_ring",
					"pivot": [-25.5, 15.75, 0.5],
					"cubes": [
						{"origin": [-26.5, 16.75, 0], "size": [1, 1, 1], "uv": [18, 52]}
					]
				},
				{
					"name": "pincer_right",
					"parent": "head",
					"pivot": [-6.5, 18.75, 0],
					"rotation": [0, 0, -35],
					"cubes": [
						{"origin": [-5.35285, 20.3883, -2], "size": [4, 6, 4], "inflate": 0.01, "uv": [33, 57]}
					]
				},
				{
					"name": "pincer_right2",
					"parent": "pincer_right",
					"pivot": [-6.5, 24.75, 0],
					"rotation": [0, 0, 20],
					"cubes": [
						{"origin": [-5.98236, 26.68185, -2], "size": [4, 5, 4], "uv": [60, 22]},
						{"origin": [-29, -3, -1], "size": [2, 2, 2], "pivot": [0, 0, 0], "rotation": [0, 0, 90], "uv": [17, 40]},
						{"origin": [-28.5, -1.5, -0.5], "size": [1, 2, 1], "pivot": [0, 0, 0], "rotation": [0, 0, 90], "uv": [50, 12]}
					]
				},
				{
					"name": "pincer_right3",
					"parent": "pincer_right2",
					"pivot": [-6, 29.75, 0],
					"rotation": [0, 0, 20],
					"cubes": [
						{"origin": [-6.17431, 31.74239, -1.5], "size": [3, 4, 3], "uv": [66, 31]},
						{"origin": [-11.25, 33.74239, -0.5], "size": [2, 4, 1], "pivot": [0, 0, 0], "rotation": [0, 0, 10], "uv": [0, 62]},
						{"origin": [-34.5, -2.5, -0.5], "size": [1, 2, 1], "pivot": [0, 0, 0], "rotation": [0, 0, 90], "uv": [48, 34]},
						{"origin": [-35, -4, -1], "size": [2, 2, 2], "pivot": [0, 0, 0], "rotation": [0, 0, 90], "uv": [38, 4]}
					]
				},
				{
					"name": "pincer_left",
					"parent": "head",
					"pivot": [6.5, 18.75, 0],
					"rotation": [0, 0, 35],
					"cubes": [
						{"origin": [1.35285, 20.3883, -2], "size": [4, 6, 4], "inflate": 0.01, "uv": [0, 52]}
					]
				},
				{
					"name": "pincer_left2",
					"parent": "pincer_left",
					"pivot": [6.5, 24.75, 0],
					"rotation": [0, 0, -20],
					"cubes": [
						{"origin": [1.98236, 26.68185, -2], "size": [4, 5, 4], "uv": [12, 60]},
						{"origin": [27.5, -1.5, -0.5], "size": [1, 2, 1], "pivot": [0, 0, 0], "rotation": [0, 0, -90], "uv": [43, 40]},
						{"origin": [27, -3, -1], "size": [2, 2, 2], "pivot": [0, 0, 0], "rotation": [0, 0, -90], "uv": [38, 0]}
					]
				},
				{
					"name": "pincer_left3",
					"parent": "pincer_left2",
					"pivot": [6, 29.75, 0],
					"rotation": [0, 0, -20],
					"cubes": [
						{"origin": [3.17431, 31.74239, -1.5], "size": [3, 4, 3], "uv": [0, 0]},
						{"origin": [9.25, 33.7424, -0.5], "size": [2, 4, 1], "pivot": [0, 0, 0], "rotation": [0, 0, -10], "uv": [37, 40]},
						{"origin": [33, -4, -1], "size": [2, 2, 2], "pivot": [0, 0, 0], "rotation": [0, 0, -90], "uv": [37, 28]},
						{"origin": [33.5, -2.5, -0.5], "size": [1, 2, 1], "pivot": [0, 0, 0], "rotation": [0, 0, -90], "uv": [42, 23]}
					]
				},
				{
					"name": "leg_right",
					"parent": "body",
					"pivot": [-6.5, 7, -0.5],
					"rotation": [-20, 10, 0],
					"cubes": [
						{"origin": [-9, 4, -2.75], "size": [5, 5, 5], "uv": [17, 50]}
					]
				},
				{
					"name": "leg_right2",
					"parent": "leg_right",
					"pivot": [-6.5, 4, -2.75],
					"rotation": [20, 0, 0],
					"cubes": [
						{"origin": [-9, -1, -2.75], "size": [5, 5, 5], "inflate": 0.01, "uv": [50, 12]}
					]
				},
				{
					"name": "toe_right",
					"parent": "leg_right2",
					"pivot": [-6.5, 1, 2.25],
					"cubes": [
						{"origin": [-7, -1, -5.75], "size": [1, 2, 3], "uv": [37, 23]}
					]
				},
				{
					"name": "leg_left",
					"parent": "body",
					"pivot": [6.5, 7, -0.5],
					"rotation": [-20, -10, 0],
					"cubes": [
						{"origin": [4, 4, -2.75], "size": [5, 5, 5], "uv": [42, 40]}
					]
				},
				{
					"name": "leg_left2",
					"parent": "leg_left",
					"pivot": [6.5, 4, -2.75],
					"rotation": [20, 0, 0],
					"cubes": [
						{"origin": [4, -1, -2.75], "size": [5, 5, 5], "inflate": 0.01, "uv": [22, 40]}
					]
				},
				{
					"name": "toe_left",
					"parent": "leg_left2",
					"pivot": [6.5, 1, 2.25],
					"cubes": [
						{"origin": [6, -1, -5.75], "size": [1, 2, 3], "uv": [0, 29]}
					]
				}
			]
		}
	]
}