{
  "species": "cobblemon:noctowl",
  "order": 1,
  "variations": [
    {
      "aspects": ["qlovean"],
      "poser": "cobblemon:noctowl",
      "model": "cobblemon:noctowl_qlovean.geo",
      "texture": "cobblemon:textures/pokemon/0164_noctowl/noctowl_qlovean.png",
      "layers": [
        {
          "name": "emissive",
          "texture": "cobblemon:textures/pokemon/0164_noctowl/noctowl_qlovean_emissive.png",
          "emissive": "true"
        }
      ]
    },
    {
      "aspects": ["shiny", "qlovean"],
      "texture": "cobblemon:textures/pokemon/0164_noctowl/noctowl_qlovean_shiny.png",
	  "layers": [
        {
          "name": "emissive",
          "texture": "cobblemon:textures/pokemon/0164_noctowl/noctowl_qlovean_shiny_emissive.png",
          "emissive": "true"
        }
      ]
    }
  ]
}
