{
	"format_version": "1.8.0",
	"animations": {
		"animation.espeon_altered.ground_idle": {
			"loop": true,
			"bones": {
				"body": {
					"position": [0, -0.1, 0]
				},
				"tail": {
					"rotation": ["25+math.sin(q.anim_time*90*2)*3", "math.sin(q.anim_time*90+200)*5", 0]
				},
				"tail2": {
					"rotation": ["25+math.sin(q.anim_time*90*2)*3", "math.sin(q.anim_time*90+50)*17.5", 0]
				},
				"tail3": {
					"rotation": ["30+math.sin(q.anim_time*90*2+100)*2", "math.sin(q.anim_time*90+1000)*15", 0]
				},
				"tail4": {
					"rotation": ["-17.5+math.sin(q.anim_time*90*2+150)*2", "math.sin(q.anim_time*90+150)*12.5", 0]
				},
				"tail5": {
					"rotation": ["-17.5+math.sin(q.anim_time*90*2+200)*2", "math.sin(q.anim_time*90+200)*10", 0]
				},
				"tail_left": {
					"rotation": [0, "7.5+math.sin(q.anim_time*90+250)*7.5", 0]
				},
				"tail_left2": {
					"rotation": ["1-math.sin(q.anim_time*90*2+200)*6", 17.5, 0]
				},
				"tail_right": {
					"rotation": [0, "-10+math.sin(q.anim_time*90+250)*7.5", 0]
				},
				"tail_right2": {
					"rotation": ["17.5+math.sin(q.anim_time*90*2+200)*6", "17.5+math.sin(q.anim_time*90+200)*7.5", 0]
				},
				"front_leg_left": {
					"rotation": [-2, 0, 0]
				},
				"elbow_left": {
					"rotation": [-5, 0, 0]
				},
				"frontpaw_left": {
					"rotation": [6.5, 0, 0]
				},
				"front_leg_right": {
					"rotation": [-2, 0, 0]
				},
				"elbow_right": {
					"rotation": [-5, 0, 0]
				},
				"frontpaw_right": {
					"rotation": [6.5, 0, 0]
				},
				"back_legs": {
					"position": [0, -0.1, 0]
				},
				"back_leg_left": {
					"rotation": [4, 0, -2.5]
				},
				"ankle_left": {
					"rotation": [-5, 0, 0]
				},
				"foot_left": {
					"rotation": [1, 0, 2.5]
				},
				"back_leg_right": {
					"rotation": [4, 0, 2.5]
				},
				"ankle_right": {
					"rotation": [-5, 0, 0]
				},
				"foot_right": {
					"rotation": [1, 0, -2.5]
				},
				"torso": {
					"rotation": ["2-Math.cos((query.anim_time) * 90 * 1) * -3", 0, 0],
					"position": [0, "(math.clamp(math.sin(q.anim_time*90*4+180)*0.1,-0.03,0.03)+math.clamp(math.sin(q.anim_time*90*2+180)*0.15,-0.5,0.5))*0.5", 0]
				},
				"head_angle": {
					"rotation": ["-math.sin(q.anim_time*90*4)*0.2", 0, 0]
				},
				"ear_left": {
					"rotation": [0, "2*math.sin(q.anim_time*40*2+90)-math.clamp(math.sin(q.anim_time*20*2-90),-1,1)", 0]
				},
				"ear_scruff_left": {
					"rotation": [0, "2*math.sin(q.anim_time*40*2+90)-math.clamp(math.sin(q.anim_time*20*2-90),-1,1)", 0]
				},
				"ear_right": {
					"rotation": [0, "-2*math.sin(q.anim_time*40*2+90)-math.clamp(math.sin(q.anim_time*20*2-90),-1,1)", 0]
				},
				"ear_scruff_right": {
					"rotation": [0, "-2*math.sin(q.anim_time*40*2+90)-math.clamp(math.sin(q.anim_time*20*2-90),-1,1)", 0]
				},
				"shoulder_left": {
					"rotation": ["2-Math.cos((query.anim_time) * 90 * 1) * -3", 0, 0],
					"position": [0, "-0.5+Math.cos((query.anim_time)  * 90 * 1) * -0.4", 0]
				},
				"shoulder_right": {
					"rotation": ["2-Math.cos((query.anim_time) * 90 * 1) * -3", 0, 0],
					"position": [0, "-0.5+Math.cos((query.anim_time)  * 90 * 1) * -0.4", 0]
				},
				"elbow_right_bone": {
					"rotation": ["Math.cos((query.anim_time) * 90 * 1) * -3", 0, 0]
				},
				"elbow_left_bone": {
					"rotation": ["Math.cos((query.anim_time) * 90 * 1) * -3", 0, 0]
				},
				"tail_flame_left": {
					"rotation": [0, 0, 0],
					"position": [0.25, 0, 0]
				}
			}
		},
		"animation.espeon_altered.blink": {
			"animation_length": 0.1667,
			"bones": {
				"eye_right": {
					"position": {
						"0.0": [0.1, 0, 0.1],
						"0.1667": {"pre": [0.1, 0, 0.1], "post": [0, 0, 0]}
					}
				},
				"eye_left": {
					"position": {
						"0.0": [-0.1, 0, 0.1],
						"0.1667": {"pre": [-0.1, 0, 0.1], "post": [0, 0, 0]}
					}
				},
				"eyelid_right": {
					"position": {
						"0.0": [-0.1, 0, -0.1],
						"0.1667": {"pre": [-0.1, 0, -0.1], "post": [0, 0, 0]}
					}
				},
				"eyelid_left": {
					"position": {
						"0.0": [0.1, 0, -0.1],
						"0.1667": {"pre": [0.1, 0, -0.1], "post": [0, 0, 0]}
					}
				}
			}
		},
		"animation.espeon_altered.glow": {
			"loop": true,
			"bones": {
				"head_gem": {
					"scale": 1.035
				}
			}
		},
		"animation.espeon_altered.battle_idle": {
			"loop": true,
			"bones": {
				"body": {
					"rotation": [0, 22.5, 0]
				},
				"torso": {
					"rotation": [-2.5, 0, 0],
					"position": [0, "(math.clamp(math.sin(q.anim_time*90*4+180)*0.1,-0.03,0.03)+math.clamp(math.sin(q.anim_time*90*2+180)*0.15,-0.5,0.5))*0.5", 0]
				},
				"torso2": {
					"rotation": [-12.5, 0, 0]
				},
				"torso3": {
					"rotation": [-2.5, 0, 0]
				},
				"neck": {
					"rotation": [0, 0, 0]
				},
				"head_angle": {
					"rotation": ["20.3-math.sin(q.anim_time*90*2)*1", -15, -1.5],
					"position": [0, 0, 0.5]
				},
				"tail": {
					"rotation": ["-6.694502466+math.sin(q.anim_time*90*2)*3", "22.923575698+math.sin(q.anim_time*90)*10", 33.3055]
				},
				"tail2": {
					"rotation": ["25+math.sin(q.anim_time*90*2)*3", "math.sin(q.anim_time*90+50)*8.5", 0]
				},
				"tail3": {
					"rotation": ["25+math.sin(q.anim_time*90*2+100)*2", "math.sin(q.anim_time*90+1000)*15", 0]
				},
				"tail4": {
					"rotation": ["25+math.sin(q.anim_time*90*2+150)*2", "math.sin(q.anim_time*90+150)*6.5", 0]
				},
				"tail5": {
					"rotation": ["30+math.sin(q.anim_time*90*2+200)*2", "math.sin(q.anim_time*90+200)*5", 0]
				},
				"front_leg_left": {
					"rotation": [-5, 0, 2.5],
					"position": [0, 1, 0]
				},
				"elbow_left": {
					"rotation": [0, 0, 5]
				},
				"frontpaw_left": {
					"rotation": [15, 0, 0]
				},
				"front_leg_right": {
					"rotation": [5, 0, -7.5],
					"position": [0, 1, 0]
				},
				"elbow_right": {
					"rotation": [-7.5, 0, 0]
				},
				"frontpaw_right": {
					"rotation": [22.5, 0, 0]
				},
				"back_leg_left": {
					"rotation": [12.41834, -7.61516, -11.90917]
				},
				"ankle_left": {
					"rotation": [12.5, 0, 0]
				},
				"foot_left": {
					"rotation": [2.41492, -0.64686, 14.98637]
				},
				"back_leg_right": {
					"rotation": [7.5, 0, 10]
				},
				"ankle_right": {
					"rotation": [20, 0, 0]
				},
				"foot_right": {
					"rotation": [12.5, 0, 0]
				},
				"ear_left": {
					"rotation": [0, "2*math.sin(q.anim_time*40*2+90)-math.clamp(math.sin(q.anim_time*20*2-90),-1,1)", 0]
				},
				"ear_right": {
					"rotation": [0, "-2*math.sin(q.anim_time*40*2+90)-math.clamp(math.sin(q.anim_time*20*2-90),-1,1)", 0]
				},
				"tail_right2": {
					"rotation": ["math.sin(q.anim_time*90*2+200)*6", "math.sin(q.anim_time*90+200)*7.5", 0]
				}
			}
		},
		"animation.espeon_altered.neutral": {
			"loop": true
		},
		"animation.espeon_altered.mouth_open": {
			"loop": true,
			"bones": {
				"mouth_open_wide": {
					"position": [0, -0.5, -0.1]
				}
			}
		},
		"animation.espeon_altered.mouth_open_ooo": {
			"loop": true,
			"bones": {
				"mouth_open_thin": {
					"position": [0, -0.5, -0.1]
				}
			}
		},
		"animation.espeon_altered.angry": {
			"loop": true,
			"bones": {
				"eye_top_left": {
					"scale": [1, 1.2, 1]
				},
				"eyeshine_left": {
					"position": [0, -0.1, 0]
				},
				"eye_top_right": {
					"scale": [1, 1.2, 1]
				},
				"eyeshine_right": {
					"position": [0, -0.1, 0]
				},
				"mouth_open_wide": {
					"position": [0, -0.5, -0.1]
				}
			}
		},
		"animation.espeon_altered.sad": {
			"loop": true,
			"bones": {
				"eye_top_left": {
					"position": [0, -0.6, 0],
					"scale": [1.35, 1, 1]
				},
				"eye_emote_left2": {
					"position": [0, 0, -0.1],
					"scale": [1, 1.4, 1]
				},
				"eyeshine_left": {
					"position": [0, -0.1, 0]
				},
				"eye_top_right": {
					"position": [0, -0.6, 0],
					"scale": [1.35, 1, 1]
				},
				"eye_emote_right2": {
					"position": [0, 0, -0.1],
					"scale": [1, 1.4, 1]
				},
				"eyeshine_right": {
					"position": [0, -0.1, 0]
				}
			}
		},
		"animation.espeon_altered.hurt": {
			"loop": true,
			"bones": {
				"eye_left": {
					"position": [-0.1, 0, 0.1]
				},
				"eye_right": {
					"position": [0.1, 0, 0.1]
				},
				"eyelid_hurt_right": {
					"position": [-0.1, 0, -0.1]
				},
				"eyelid_hurt_left": {
					"position": [0.1, 0, -0.1]
				}
			}
		},
		"animation.espeon_altered.bored": {
			"loop": true,
			"bones": {
				"eye_top_left": {
					"position": [-0.1, 0, 0.1]
				},
				"eyeshine_left": {
					"position": [0, -0.4, 0],
					"scale": [1, 0.3, 1]
				},
				"eye_top_right": {
					"position": [0.1, 0, 0.1]
				},
				"eyeshine_right": {
					"position": [0, -0.4, 0],
					"scale": [1, 0.3, 1]
				}
			}
		},
		"animation.espeon_altered.judgy": {
			"loop": true,
			"bones": {
				"eye_top_right": {
					"position": [0.1, 0, 0.1]
				},
				"eyeshine_right": {
					"position": [0, -0.4, 0],
					"scale": [1, 0.3, 1]
				}
			}
		},
		"animation.espeon_altered.happy": {
			"loop": true,
			"bones": {
				"mouth_open_happy": {
					"position": [0, -0.5, -0.1]
				}
			}
		},
		"animation.espeon_altered.shocked": {
			"loop": true,
			"bones": {
				"mouth_open_wide": {
					"position": [0, -0.5, -0.1]
				},
				"mouth_open_wide_tongue": {
					"position": [0, -0.2, 0]
				},
				"eye_emote_right2": {
					"position": [-0.3, 0, -0.1],
					"scale": [1.3, 1.43, 1]
				},
				"eye_emote_left2": {
					"position": [0.3, 0, -0.1],
					"scale": [1.3, 1.43, 1]
				},
				"eye_top_right": {
					"scale": [1.1, 1, 1]
				},
				"eye_top_left": {
					"scale": [1.1, 1, 1]
				}
			}
		},
		"animation.espeon_altered.cry": {
			"animation_length": 1.375,
			"bones": {
				"head_angle": {
					"rotation": {
						"0.0": {
							"post": [0, 0, 0],
							"lerp_mode": "catmullrom"
						},
						"0.0833": {
							"post": [1.25, 0, 0],
							"lerp_mode": "catmullrom"
						},
						"0.1667": {
							"post": [-2.5, 0, 0],
							"lerp_mode": "catmullrom"
						},
						"0.4583": {
							"post": [-1.5, 0, 0],
							"lerp_mode": "catmullrom"
						},
						"0.5833": {
							"post": [-2.5, 0, 0],
							"lerp_mode": "catmullrom"
						},
						"0.7083": {
							"post": [-5, 0, 0],
							"lerp_mode": "catmullrom"
						},
						"0.9167": {
							"post": [0, 0, 0],
							"lerp_mode": "catmullrom"
						},
						"1.25": [0, 0, 0]
					}
				},
				"mouth_open_thin": {
					"position": {
						"0.0": [0, 0, 0],
						"0.0833": [0, 0, 0],
						"0.125": [0, 0, -0.1],
						"0.2917": [0, 0, -0.1],
						"0.3333": [0, 0, 0],
						"0.5": [0, 0, 0],
						"0.5417": [0, 0, -0.1],
						"0.75": [0, 0, -0.1],
						"0.7917": [0, 0, 0]
					}
				}
			},
			"sound_effects": {
				"0.125": {
					"effect": "pokemon.espeon_altered.cry"
				}
			}
		},
		"animation.espeon_altered.ground_run": {
			"loop": true,
			"bones": {
				"body": {
					"rotation": ["5*(math.sin(q.anim_time*90*4*2-90)*1+1)-math.clamp(10*(math.sin(q.anim_time*90*4*2+45)*1+1),15,20)+15", 0, 0],
					"position": [
						0,
						"math.clamp(math.sin(q.anim_time*90*4*2+45)*1,0.5,2)-0.5+math.clamp(math.sin(q.anim_time*90*4*2)*1,0,2)",
						"-math.clamp(math.sin(q.anim_time*90*4*2-30)*2,0,2)+math.clamp(math.sin(-q.anim_time*90*4*2-30)*1,0,2)"
					]
				},
				"head": {
					"rotation": ["-5*(math.sin(q.anim_time*90*4*2-90)*1+1)+math.clamp(10*(math.sin(q.anim_time*90*4*2+45)*1+1),15,20)-15", 0, 0],
					"position": [0, -1, -1]
				},
				"ear_left": {
					"rotation": [
						"-10-4*math.sin(q.anim_time*90*4*2+45)-math.clamp(4*math.sin(q.anim_time*90*4*2+90),-4,4)",
						"-10-4*math.sin(q.anim_time*90*4*2+45)-math.clamp(4*math.sin(q.anim_time*90*4*2+90),-4,4)",
						0
					]
				},
				"ear_right": {
					"rotation": [
						"-10-4*math.sin(q.anim_time*90*4*2+45)-math.clamp(4*math.sin(q.anim_time*90*4*2+90),-4,4)",
						"10+4*math.sin(q.anim_time*90*4*2+45)+math.clamp(4*math.sin(q.anim_time*90*4*2+90),-4,4)",
						0
					]
				},
				"tail": {
					"rotation": ["10+math.cos(q.anim_time*90*4*2+60)*6", 0, 0]
				},
				"tail2": {
					"rotation": ["4+math.cos(q.anim_time*90*4*2+60)*12.2", 0, 0]
				},
				"tail3": {
					"rotation": ["5+math.sin(q.anim_time*90*4*2+60)*14.4", 0, 0]
				},
				"tail4": {
					"rotation": ["5+math.sin(q.anim_time*90*4*2+60)*17", 0, 0]
				},
				"tail5": {
					"rotation": ["7+math.cos(q.anim_time*90*4*2+60)*2", 0, 0]
				},
				"tail_left": {
					"rotation": ["3+math.sin(q.anim_time*90*4*2+60)*19", 0, 0]
				},
				"tail_left2": {
					"rotation": ["1+math.sin(q.anim_time*90*4*2+60)*6", 0, 0]
				},
				"tail_right": {
					"rotation": ["5+math.sin(q.anim_time*90*4*2+60)*8", 0, 0]
				},
				"tail_right2": {
					"rotation": ["1+math.sin(q.anim_time*90*4*2+60)*6", 0, 0]
				},
				"front_leg_left": {
					"rotation": [
						"5+math.clamp(math.sin(-q.anim_time*90*4*1-20+30)*30,-40,0)+math.clamp(math.sin(q.anim_time*90*4*1+20-30)*30,-40,0)+math.clamp(math.sin(-q.anim_time*90*4*2-40+30)*50,0,70)-math.clamp(math.sin(-q.anim_time*90*4*2-30+180+30)*20,5,70)+5",
						0,
						0
					]
				},
				"shoulder_left": {
					"rotation": [5, 0, 0],
					"position": [0, -1, 0]
				},
				"elbow_left": {
					"rotation": ["-math.clamp(math.sin(-q.anim_time*90*4*2-90)*20,5,70)+5-math.clamp(math.sin(-q.anim_time*90*4*2+180)*10,5,70)+5", 0, 0]
				},
				"elbow_left_bone": {
					"rotation": [-4, 0, 0]
				},
				"frontpaw_left": {
					"rotation": ["8*math.sin(q.anim_time*90*8+30-90)-math.clamp(math.sin(q.anim_time*90*8-90),1,1)", 0, 0]
				},
				"front_leg_right": {
					"rotation": [
						"5+math.clamp(math.sin(-q.anim_time*90*4*1-20)*30,-40,0)+math.clamp(math.sin(q.anim_time*90*4*1+20)*30,-40,0)+math.clamp(math.sin(-q.anim_time*90*4*2-40)*50,0,70)-math.clamp(math.sin(-q.anim_time*90*4*2-30+180)*20,5,70)+5",
						0,
						0
					]
				},
				"shoulder_right": {
					"rotation": [5, 0, 0],
					"position": [0, -1, 0]
				},
				"elbow_right": {
					"rotation": ["-math.clamp(math.sin(-q.anim_time*90*4*2-90)*20,5,70)+5-math.clamp(math.sin(-q.anim_time*90*4*2+180)*10,5,70)+5", 0, 0]
				},
				"elbow_right_bone": {
					"rotation": [-4, 0, 0]
				},
				"frontpaw_right": {
					"rotation": ["8*math.sin(q.anim_time*90*8+30-90)-math.clamp(math.sin(q.anim_time*90*8-90),1,1)", 0, 0]
				},
				"back_leg_left": {
					"rotation": ["math.clamp(math.sin(q.anim_time*90*4*2+20)*40,0,50)-math.clamp(math.sin(-q.anim_time*90*4*2-20)*40,0,50)", 0, 0],
					"position": [
						0,
						"-math.clamp(math.sin(q.anim_time*90*4*2)*0.3,-1,2)-math.clamp(math.sin(-q.anim_time*90*4*2)*0.8,0,2)",
						"-0.3+math.clamp(math.sin(q.anim_time*90*4*2-30)*0.5,0,2)-math.clamp(math.sin(q.anim_time*90*4*2-30+180)*0.5,0,2)"
					]
				},
				"knee_left": {
					"rotation": ["math.clamp(math.sin(q.anim_time*90*8-90)*5,0,5)-math.clamp(math.sin(-q.anim_time*90*8-90)*10,0,10)", 0, 0]
				},
				"foot_left": {
					"rotation": ["20+20*math.sin(q.anim_time*90*8+15)-math.clamp(math.sin(q.anim_time*90*8+90),1,1)", 0, 0]
				},
				"back_leg_right": {
					"rotation": ["math.clamp(math.sin(q.anim_time*90*4*2)*40,0,50)-math.clamp(math.sin(-q.anim_time*90*4*2)*40,0,50)", 0, 0],
					"position": [
						0,
						"-math.clamp(math.sin(q.anim_time*90*4*2)*0.3,-1,2)-math.clamp(math.sin(-q.anim_time*90*4*2)*0.8,-1,2)",
						"-0.3+math.clamp(math.sin(q.anim_time*90*4*2-30)*0.5,0,2)-math.clamp(math.sin(q.anim_time*90*4*2-30+180)*0.5,0,2)"
					]
				},
				"knee_right": {
					"rotation": ["math.clamp(math.sin(q.anim_time*90*8-180-30)*5,0,5)-math.clamp(math.sin(-q.anim_time*90*8-90)*10,0,50)", 0, 0]
				},
				"foot_right": {
					"rotation": ["math.clamp(math.sin(q.anim_time*90*4*2)*40,0,50)-math.clamp(math.sin(-q.anim_time*90*4*2)*40,0,50)", 0, 0],
					"position": [
						0,
						"0.2-math.clamp(math.sin(q.anim_time*90*4*2)*0.3,-1,2)-math.clamp(math.sin(-q.anim_time*90*4*2)*0.8,-1,2)",
						"math.clamp(math.sin(q.anim_time*90*4*2-30)*0.5,0,2)-math.clamp(math.sin(q.anim_time*90*4*2-30+180)*0.5,0,2)"
					]
				}
			}
		}
	}
}