{
	"format_version": "1.8.0",
	"animations": {
		"animation.espeon_altered.neutral": {
			"loop": true
		},
		"animation.espeon_altered.mouth_open": {
			"loop": true,
			"bones": {
				"mouth_open_wide": {
					"position": [0, -0.5, -0.1]
				}
			}
		},
		"animation.espeon_altered.mouth_open_ooo": {
			"loop": true,
			"bones": {
				"mouth_open_thin": {
					"position": [0, -0.5, -0.1]
				}
			}
		},
		"animation.espeon_altered.angry": {
			"loop": true,
			"bones": {
				"eye_top_left": {
					"scale": [1, 1.2, 1]
				},
				"eyeshine_left": {
					"position": [0, -0.1, 0]
				},
				"eye_top_right": {
					"scale": [1, 1.2, 1]
				},
				"eyeshine_right": {
					"position": [0, -0.1, 0]
				},
				"mouth_open_wide": {
					"position": [0, -0.5, -0.1]
				}
			}
		},
		"animation.espeon_altered.sad": {
			"loop": true,
			"bones": {
				"eye_top_left": {
					"position": [0, -0.6, 0],
					"scale": [1.35, 1, 1]
				},
				"eye_emote_left2": {
					"position": [0, 0, -0.1],
					"scale": [1, 1.4, 1]
				},
				"eyeshine_left": {
					"position": [0, -0.1, 0]
				},
				"eye_top_right": {
					"position": [0, -0.6, 0],
					"scale": [1.35, 1, 1]
				},
				"eye_emote_right2": {
					"position": [0, 0, -0.1],
					"scale": [1, 1.4, 1]
				},
				"eyeshine_right": {
					"position": [0, -0.1, 0]
				}
			}
		},
		"animation.espeon_altered.hurt": {
			"loop": true,
			"bones": {
				"eye_left": {
					"position": [-0.1, 0, 0.1]
				},
				"eye_right": {
					"position": [0.1, 0, 0.1]
				},
				"eyelid_hurt_right": {
					"position": [-0.1, 0, -0.1]
				},
				"eyelid_hurt_left": {
					"position": [0.1, 0, -0.1]
				}
			}
		},
		"animation.espeon_altered.bored": {
			"loop": true,
			"bones": {
				"eye_top_left": {
					"position": [-0.1, 0, 0.1]
				},
				"eyeshine_left": {
					"position": [0, -0.4, 0],
					"scale": [1, 0.3, 1]
				},
				"eye_top_right": {
					"position": [0.1, 0, 0.1]
				},
				"eyeshine_right": {
					"position": [0, -0.4, 0],
					"scale": [1, 0.3, 1]
				}
			}
		},
		"animation.espeon_altered.judgy": {
			"loop": true,
			"bones": {
				"eye_top_right": {
					"position": [0.1, 0, 0.1]
				},
				"eyeshine_right": {
					"position": [0, -0.4, 0],
					"scale": [1, 0.3, 1]
				}
			}
		},
		"animation.espeon_altered.happy": {
			"loop": true,
			"bones": {
				"mouth_open_happy": {
					"position": [0, -0.5, -0.1]
				}
			}
		},
		"animation.espeon_altered.shocked": {
			"loop": true,
			"bones": {
				"mouth_open_wide": {
					"position": [0, -0.5, -0.1]
				},
				"mouth_open_wide_tongue": {
					"position": [0, -0.2, 0]
				},
				"eye_emote_right2": {
					"position": [-0.3, 0, -0.1],
					"scale": [1.3, 1.43, 1]
				},
				"eye_emote_left2": {
					"position": [0.3, 0, -0.1],
					"scale": [1.3, 1.43, 1]
				},
				"eye_top_right": {
					"scale": [1.1, 1, 1]
				},
				"eye_top_left": {
					"scale": [1.1, 1, 1]
				}
			}
		}
	}
}