{
	"format_version": "1.12.0",
	"minecraft:geometry": [
		{
			"description": {
				"identifier": "geometry.totodile",
				"texture_width": 128,
				"texture_height": 128,
				"visible_bounds_width": 3,
				"visible_bounds_height": 3.5,
				"visible_bounds_offset": [0, 1.25, 0]
			},
			"bones": [
				{
					"name": "totodile",
					"pivot": [0, 0, 0]
				},
				{
					"name": "body",
					"parent": "totodile",
					"pivot": [0, 11, 0]
				},
				{
					"name": "torso",
					"parent": "body",
					"pivot": [0, 5, -1],
					"cubes": [
						{"origin": [-5, 2, -4.5], "size": [10, 8, 9], "uv": [0, 0]},
						{"origin": [-0.5, 7, -4.5], "size": [1, 3, 1], "inflate": 0.01, "uv": [18, 53]}
					]
				},
				{
					"name": "torso2",
					"parent": "torso",
					"pivot": [0, 10, 0],
					"cubes": [
						{"origin": [-4.5, 9, -4], "size": [9, 5, 8], "uv": [0, 33]},
						{"origin": [0, 9.5, 7], "size": [0, 3, 4], "inflate": 0.01, "pivot": [0.5, -1.5, 10], "rotation": [20, 0, 0], "uv": [62, 44]},
						{"origin": [-4, 14, -3.5], "size": [8, 3, 7], "uv": [34, 17]}
					]
				},
				{
					"name": "head",
					"parent": "torso2",
					"pivot": [0, 15, -0.5],
					"cubes": [
						{"origin": [-5, 19.25, 1.1], "size": [0, 5, 5], "pivot": [-5, 22.75, 2.1], "rotation": [22.62907, -47.72653, -17.14231], "uv": [58, 6]},
						{"origin": [5, 19.25, 1.1], "size": [0, 5, 5], "pivot": [5, 22.25, 2.1], "rotation": [21.63402, 45.41054, 15.77241], "uv": [18, 58]},
						{"origin": [-4.5, 14, -4], "size": [9, 8, 8], "inflate": 0.01, "uv": [0, 17]},
						{"origin": [-4.5, 22, -1.5], "size": [3, 1, 5], "uv": [54, 33]},
						{"origin": [1.5, 22, -1.5], "size": [3, 1, 5], "uv": [58, 0]}
					]
				},
				{
					"name": "eyes",
					"parent": "head",
					"pivot": [0, -1, -1]
				},
				{
					"name": "eye_right",
					"parent": "eyes",
					"pivot": [-4.5, 19.5, -1.5],
					"cubes": [
						{"origin": [-4.5, 17, -3], "size": [0, 5, 3], "inflate": 0.02, "uv": [28, 63]}
					]
				},
				{
					"name": "eyelid_right",
					"parent": "eye_right",
					"pivot": [-3.9, 19.5, -1.5],
					"cubes": [
						{"origin": [-4.4, 17, -3], "size": [1, 5, 3], "inflate": 0.03, "uv": [8, 59]},
						{"origin": [-4.4, 19, -2.5], "size": [0, 1, 2], "inflate": 0.04, "uv": [44, 64]}
					]
				},
				{
					"name": "eye_left",
					"parent": "eyes",
					"pivot": [4.5, 19.5, -1.5],
					"cubes": [
						{"origin": [4.5, 17, -3], "size": [0, 5, 3], "inflate": 0.02, "uv": [34, 63]}
					]
				},
				{
					"name": "eyelid_left",
					"parent": "eye_left",
					"pivot": [3.9, 19.5, -1.5],
					"cubes": [
						{"origin": [3.4, 17, -3], "size": [1, 5, 3], "inflate": 0.03, "uv": [0, 59]},
						{"origin": [4.4, 19, -2.5], "size": [0, 1, 2], "inflate": 0.04, "pivot": [4.4, 19.5, -1.5], "rotation": [5, 0, 0], "uv": [40, 64]}
					]
				},
				{
					"name": "muzzle",
					"parent": "head",
					"pivot": [0, 17.5, -4],
					"cubes": [
						{"origin": [-4, 16, -8], "size": [8, 3, 4], "uv": [0, 46]}
					]
				},
				{
					"name": "muzzle2",
					"parent": "muzzle",
					"pivot": [0, 17.5, -8],
					"cubes": [
						{"origin": [-3.5, 16, -11], "size": [7, 3, 3], "uv": [24, 46]},
						{"origin": [-2.5, 16, -12], "size": [5, 3, 3], "inflate": 0.01, "pivot": [0, 17.5, -10.5], "rotation": [45, 0, 0], "uv": [54, 27]},
						{"origin": [-1.5, 14.025, -10.35], "size": [2, 2, 0], "pivot": [0, 15.525, -10.35], "rotation": [0, 0, -45], "uv": [58, 44]}
					]
				},
				{
					"name": "jaw",
					"parent": "head",
					"pivot": [0, 15.75, -3.75],
					"rotation": [-2.5, 0, 0],
					"cubes": [
						{"origin": [-3.5, 14, -7.5], "size": [7, 2, 5], "inflate": 0.01, "uv": [34, 39]},
						{"origin": [-3, 14, -10], "size": [6, 2, 3], "uv": [38, 12]}
					]
				},
				{
					"name": "arm_right",
					"parent": "torso2",
					"pivot": [-4.5, 12.65, 0],
					"cubes": [
						{"origin": [-10.5, 10.15, -1.5], "size": [6, 3, 3], "uv": [42, 52]}
					]
				},
				{
					"name": "arm_left",
					"parent": "torso2",
					"pivot": [4.5, 12.65, 0],
					"cubes": [
						{"origin": [4.5, 10.15, -1.5], "size": [6, 3, 3], "uv": [0, 53]}
					]
				},
				{
					"name": "tail",
					"parent": "torso",
					"pivot": [0, 5.25, 4.5],
					"cubes": [
						{"origin": [-1, 3.75, 3.5], "size": [2, 2, 4], "uv": [42, 58]}
					]
				},
				{
					"name": "tail2",
					"parent": "tail",
					"pivot": [0, 5, 7.5],
					"cubes": [
						{"origin": [-1, 3.75, 7.5], "size": [2, 2, 2], "uv": [64, 22]}
					]
				},
				{
					"name": "tail3",
					"parent": "tail2",
					"pivot": [-0.25, 4.75, 10.5],
					"cubes": [
						{"origin": [-1, 3.75, 9.5], "size": [2, 2, 4], "uv": [54, 58]}
					]
				},
				{
					"name": "leg_right",
					"parent": "body",
					"pivot": [-4.5, 5, -0.5],
					"cubes": [
						{"origin": [-6.5, 1.5, -3.5], "size": [4, 6, 6], "uv": [38, 0]},
						{"origin": [-6, 0.75, -2.25], "size": [3, 1, 4], "uv": [58, 39]}
					]
				},
				{
					"name": "foot_right",
					"parent": "leg_right",
					"pivot": [-4.5, 1, -0.25],
					"cubes": [
						{"origin": [-6.5, 0, -2.75], "size": [4, 1, 5], "inflate": 0.01, "uv": [24, 52]}
					]
				},
				{
					"name": "foot_right2",
					"parent": "foot_right",
					"pivot": [-4.5, 0, -2.75],
					"cubes": [
						{"origin": [-6.5, 0, -4.75], "size": [4, 1, 2], "uv": [60, 55]},
						{"origin": [-6, 0, -4.75], "size": [3, 1, 2], "inflate": 0.01, "uv": [64, 19]}
					]
				},
				{
					"name": "leg_left",
					"parent": "body",
					"pivot": [4.5, 5, -0.5],
					"cubes": [
						{"origin": [2.5, 1.5, -3.5], "size": [4, 6, 6], "uv": [34, 27]},
						{"origin": [3, 0.75, -2.25], "size": [3, 1, 4], "uv": [28, 58]}
					]
				},
				{
					"name": "foot_left",
					"parent": "leg_left",
					"pivot": [4.5, 1, -0.25],
					"cubes": [
						{"origin": [2.5, 0, -2.75], "size": [4, 1, 5], "inflate": 0.01, "uv": [44, 46]}
					]
				},
				{
					"name": "foot_left2",
					"parent": "foot_left",
					"pivot": [4.5, 0, -2.75],
					"cubes": [
						{"origin": [2.5, 0, -4.75], "size": [4, 1, 2], "uv": [60, 52]},
						{"origin": [3, 0, -4.75], "size": [3, 1, 2], "inflate": 0.01, "uv": [64, 16]}
					]
				}
			]
		}
	]
}