{
	"format_version": "1.8.0",
	"animations": {
		"animation.minior.ground_idle": {
			"loop": true,
			"animation_length": 14.375,
			"bones": {
				"bone17": {
					"position": ["math.cos(query.anim_time * 90) * 12", "math.sin(query.anim_time * 90) * 12", 0]
				},
				"bone18": {
					"rotation": {
						"0.0": [0, 0, "query.anim_time * 50"],
						"0.9583": [0, 0, "query.anim_time * 90"]
					}
				}
			}
		},
		"animation.minior.ground_walk": {
			"loop": true,
			"animation_length": 14.375,
			"bones": {
				"bone17": {
					"rotation": ["25+math.sin(query.anim_time * 240) * 6", 0, 0],
					"position": ["math.cos(query.anim_time * 90) * 12", "math.sin(query.anim_time * 90) * 12", "math.sin(query.anim_time * 120) * 6"]
				},
				"bone18": {
					"rotation": {
						"0.0": [0, 0, "query.anim_time * 50"],
						"0.9583": [0, 0, "query.anim_time * 90"]
					}
				}
			}
		},
		"animation.minior.faint": {
			"animation_length": 2,
			"bones": {
				"bone17": {
					"rotation": {
						"0.0": [0, 0, 0],
						"0.25": [-14.51082, 3.84097, 14.51082]
					},
					"position": {
						"0.0": [0, 0, 0],
						"0.9167": ["query.anim_time * 150", "query.anim_time * 150", "query.anim_time * 150"]
					},
					"scale": {
						"0.0": [1, 1, 1],
						"0.1667": [0.94, 0.94, 0.94],
						"0.4167": [0.8, 0.8, 0.8],
						"0.6667": [0.2, 0.2, 0.2],
						"0.9167": [0.06, 0.06, 0.06],
						"1.1667": [0, 0, 0]
					}
				}
			}
		},
		"animation.minior.shoulder_left": {
			"loop": true,
			"bones": {
				"bone17": {
					"position": ["math.sin(query.anim_time * 90) * 6", "5-math.cos(query.anim_time * 90) * 6", 0]
				},
				"bone18": {
					"rotation": [0, 0, "query.anim_time * 50"]
				}
			}
		},
		"animation.minior.shoulder_right": {
			"loop": true,
			"bones": {
				"bone17": {
					"position": ["math.sin(query.anim_time * 90) * 6", "5-math.cos(query.anim_time * 90) * 6", 0]
				},
				"bone18": {
					"rotation": [0, 0, "query.anim_time * 50"]
				}
			}
		},
		"animation.minior.cry": {
			"animation_length": 1.25,
			"bones": {
				"bone17": {
					"rotation": {
						"0.0": [0, 0, 0],
						"0.1667": [-25, 0, 0],
						"0.5": [-6.15578, 1.08321, 9.94175],
						"0.75": [-17.78022, -5.96018, -15.69346],
						"1.25": [0, 0, 0]
					}
				}
			}
		},
		"animation.minior.blink": {
			"animation_length": 1.25,
			"bones": {
				"bone8": {
					"position": {
						"0.0": [0.5, 0, 0.5],
						"0.9583": [0.5, 0, 0.5],
						"1.0": [0, 0, 0]
					}
				},
				"bone9": {
					"position": {
						"0.0": [-0.5, 0, 0.25],
						"0.9583": [-0.5, 0, 0.25],
						"1.0": [0, 0, 0]
					}
				}
			}
		}
	}
}