{
	"format_version": "1.12.0",
	"minecraft:geometry": [
		{
			"description": {
				"identifier": "geometry.dhelmise_sculk",
				"texture_width": 128,
				"texture_height": 128,
				"visible_bounds_width": 6,
				"visible_bounds_height": 12,
				"visible_bounds_offset": [0, 0, 0]
			},
			"bones": [
				{
					"name": "dhelmise",
					"pivot": [0, 0, 0]
				},
				{
					"name": "body",
					"parent": "dhelmise",
					"pivot": [0, 51, 0]
				},
				{
					"name": "wheel",
					"parent": "body",
					"pivot": [0, 51, 1],
					"cubes": [
						{"origin": [-7.5, 62, -1], "size": [15, 7, 4], "inflate": 0.01, "uv": [0, 0]},
						{"origin": [-7.5, 33, -1], "size": [15, 7, 4], "inflate": 0.01, "uv": [38, 0]},
						{"origin": [11, 43.5, -1], "size": [7, 15, 4], "inflate": 0.01, "uv": [0, 11]},
						{"origin": [18, 54.5, -1], "size": [7, 4, 4], "inflate": 0.01, "uv": [48, 50]},
						{"origin": [-25, 54.5, -1], "size": [7, 4, 4], "inflate": 0.01, "uv": [48, 50], "mirror": true},
						{"origin": [18, 43.5, -1], "size": [7, 4, 4], "inflate": 0.01, "uv": [48, 50]},
						{"origin": [-25, 43.5, -1], "size": [7, 4, 4], "inflate": 0.01, "uv": [48, 50], "mirror": true},
						{"origin": [22, 47.5, -1], "size": [4, 7, 4], "inflate": 0.01, "uv": [88, 22]},
						{"origin": [-26, 47.5, -1], "size": [4, 7, 4], "inflate": 0.01, "uv": [88, 22], "mirror": true},
						{"origin": [-18, 43.5, -1], "size": [7, 15, 4], "inflate": 0.01, "uv": [22, 11], "mirror": true},
						{"origin": [11, 43.5, -1], "size": [7, 15, 4], "pivot": [0, 51, 4], "rotation": [0, 0, -45], "uv": [44, 11]},
						{"origin": [-18, 43.5, -1], "size": [7, 15, 4], "pivot": [0, 51, 4], "rotation": [0, 0, 45], "uv": [66, 11], "mirror": true},
						{"origin": [-7.5, 33, -1], "size": [15, 7, 4], "pivot": [0, 51, 4], "rotation": [0, 0, -45], "uv": [76, 0]},
						{"origin": [-7.5, 33, -1], "size": [15, 7, 4], "pivot": [0, 51, 4], "rotation": [0, 0, 45], "uv": [88, 11], "mirror": true}
					]
				},
				{
					"name": "antenna_right",
					"parent": "wheel",
					"pivot": [-14, 62, 1],
					"rotation": [0, 0, 45],
					"cubes": [
						{"origin": [-24.5, 61, 0], "size": [10, 9, 0], "uv": [76, 33]}
					]
				},
				{
					"name": "antenna_left",
					"parent": "wheel",
					"pivot": [16, 60, 1],
					"rotation": [0, 0, -45],
					"cubes": [
						{"origin": [16.5, 59, 0], "size": [8, 7, 0], "uv": [112, 121], "mirror": true}
					]
				},
				{
					"name": "lantern_right",
					"parent": "wheel",
					"pivot": [-21.5, 43.5, 1],
					"cubes": [
						{"origin": [-24, 35.5, -1.5], "size": [5, 6, 5], "uv": [1, 45]},
						{"origin": [-23, 41.5, 1], "size": [3, 3, 0], "uv": [34, 0]},
						{"origin": [-21.5, 41.5, -0.5], "size": [0, 3, 3], "uv": [34, -3]}
					]
				},
				{
					"name": "lantern_left",
					"parent": "wheel",
					"pivot": [21.5, 43.5, 1],
					"cubes": [
						{"origin": [19, 35.5, -1.5], "size": [5, 6, 5], "uv": [1, 45], "mirror": true},
						{"origin": [20, 41.5, 1], "size": [3, 3, 0], "uv": [34, 0], "mirror": true},
						{"origin": [21.5, 41.5, -0.5], "size": [0, 3, 3], "uv": [34, -3], "mirror": true}
					]
				},
				{
					"name": "eyes",
					"parent": "wheel",
					"pivot": [0, 51, 1]
				},
				{
					"name": "eye_left",
					"parent": "eyes",
					"pivot": [14, 51, 1],
					"cubes": [
						{"origin": [9, 46, -1.1], "size": [10, 10, 5], "inflate": 0.01, "uv": [0, 30]},
						{"origin": [9, 55, -1.9], "size": [10, 1, 1], "uv": [25, 30]},
						{"origin": [9, 46, -1.9], "size": [10, 1, 1], "uv": [25, 32]},
						{"origin": [18, 47, -1.9], "size": [1, 8, 1], "uv": [30, 34]},
						{"origin": [9, 47, -1.9], "size": [1, 8, 1], "uv": [34, 34]}
					]
				},
				{
					"name": "pupil_left",
					"parent": "eye_left",
					"pivot": [14, 51, -1.101],
					"cubes": [
						{"origin": [12.5, 47, -1.15], "size": [3, 8, 0], "uv": [120, 77]}
					]
				},
				{
					"name": "glass_eye_left",
					"parent": "eye_left",
					"pivot": [14, 51, -1.8],
					"cubes": [
						{"origin": [9.5, 46.5, -1.8], "size": [9, 9, 0], "uv": [56, 107]}
					]
				},
				{
					"name": "eye_right",
					"parent": "eyes",
					"pivot": [-14, 51, 1],
					"cubes": [
						{"origin": [-19, 46, -1.1], "size": [10, 10, 5], "inflate": 0.01, "uv": [42, 30], "mirror": true},
						{"origin": [-19, 55, -1.9], "size": [10, 1, 1], "uv": [39, 45], "mirror": true},
						{"origin": [-19, 46, -1.9], "size": [10, 1, 1], "uv": [39, 47], "mirror": true},
						{"origin": [-10, 47, -1.9], "size": [1, 8, 1], "uv": [38, 34], "mirror": true},
						{"origin": [-19, 47, -1.9], "size": [1, 8, 1], "uv": [72, 34], "mirror": true}
					]
				},
				{
					"name": "wheel_center",
					"parent": "wheel",
					"pivot": [0, 51, 1],
					"cubes": [
						{"origin": [-3.5, 47.5, -2], "size": [7, 7, 5], "inflate": 0.01, "uv": [104, 22]}
					]
				},
				{
					"name": "souls",
					"parent": "wheel_center",
					"pivot": [0, 51, 0.5],
					"cubes": [
						{"origin": [-7.5, 53, -0.5], "size": [9, 6, 0], "uv": [18, 109]},
						{"origin": [-1.5, 43, -0.5], "size": [9, 6, 0], "uv": [0, 109]}
					]
				},
				{
					"name": "nose",
					"parent": "wheel_center",
					"pivot": [0, 51, -1.4],
					"cubes": [
						{"origin": [-3, 48, -2.4], "size": [6, 6, 1], "uv": [114, 0]},
						{"origin": [-3.5, 47.5, -9.4], "size": [7, 7, 7], "uv": [100, 38]},
						{"origin": [-2.5, 48.5, -14.4], "size": [5, 5, 5], "uv": [80, 42]}
					]
				},
				{
					"name": "wheel_steer",
					"parent": "wheel",
					"pivot": [0, 51, 1]
				},
				{
					"name": "anchor",
					"parent": "body",
					"pivot": [0, -29, -4.5],
					"cubes": [
						{"origin": [-6.5, -35.5, -7], "size": [13, 13, 5], "inflate": 0.05, "uv": [0, 57]},
						{"origin": [-3, -47.5, -7], "size": [6, 12, 5], "uv": [106, 52]},
						{"origin": [-3, -67.5, -7], "size": [6, 20, 5], "uv": [106, 52]},
						{"origin": [-7, -79.5, -10], "size": [14, 12, 8], "inflate": 0.03, "uv": [62, 52]},
						{"origin": [5, -79.5, -8], "size": [16, 11, 6], "inflate": 0.02, "pivot": [5, -79.5, -4.5], "rotation": [0, 0, -20], "uv": [0, 75]},
						{"origin": [18.025, -74.05, -6], "size": [15, 7, 4], "inflate": 0.01, "pivot": [18, -74, -4.5], "rotation": [0, 0, -37.5], "uv": [44, 72]},
						{"origin": [29.8, -64.75, -4], "size": [11, 5, 2], "pivot": [29.9, -64.7, -4.5], "rotation": [0, 0, -65], "uv": [82, 75]},
						{"origin": [40.8, -64.75, -4], "size": [4, 3, 2], "pivot": [29.9, -64.7, -4.5], "rotation": [0, 0, -65], "uv": [108, 77]},
						{"origin": [-21, -79.5, -8], "size": [16, 11, 6], "inflate": 0.02, "pivot": [-5, -79.5, -4.5], "rotation": [0, 0, 20], "uv": [0, 92], "mirror": true},
						{"origin": [-33.025, -74.05, -6], "size": [15, 7, 4], "inflate": 0.01, "pivot": [-18, -74, -4.5], "rotation": [0, 0, 37.5], "uv": [44, 83], "mirror": true},
						{"origin": [-40.8, -64.75, -4], "size": [11, 5, 2], "pivot": [-29.9, -64.7, -4.5], "rotation": [0, 0, 65], "uv": [82, 82], "mirror": true},
						{"origin": [-44.8, -64.75, -4], "size": [4, 3, 2], "pivot": [-29.9, -64.7, -4.5], "rotation": [0, 0, 65], "uv": [108, 82], "mirror": true}
					]
				},
				{
					"name": "anchor_nose2",
					"parent": "anchor",
					"pivot": [0, -29, -7],
					"cubes": [
						{"origin": [-4.5, -33.5, -11], "size": [9, 9, 4], "uv": [36, 58]}
					]
				},
				{
					"name": "nose_weeds",
					"parent": "anchor",
					"pivot": [0, -29, -4.5]
				},
				{
					"name": "nose_weed_top",
					"parent": "nose_weeds",
					"pivot": [0, -22.5, -4.5],
					"rotation": [0, 0, -90],
					"cubes": [
						{"origin": [0, -24.5, -4.5], "size": [6, 5, 0], "uv": [44, 99]}
					]
				},
				{
					"name": "nose_weed_top2",
					"parent": "nose_weed_top",
					"pivot": [6, -19.5, -4.5],
					"cubes": [
						{"origin": [6, -23.5, -4.5], "size": [5, 5, 0], "uv": [56, 99]}
					]
				},
				{
					"name": "nose_weed_top3",
					"parent": "nose_weed_top2",
					"pivot": [11, -23.5, -4.5],
					"cubes": [
						{"origin": [11, -24.5, -4.5], "size": [6, 4, 0], "uv": [44, 104]}
					]
				},
				{
					"name": "nose_weed_left",
					"parent": "nose_weeds",
					"pivot": [5, -27, -4.5],
					"rotation": [0, 0, -30],
					"cubes": [
						{"origin": [5, -32, -4.5], "size": [7, 10, 0], "uv": [114, 95]}
					]
				},
				{
					"name": "nose_weed_left2",
					"parent": "nose_weed_left",
					"pivot": [12, -31, -4.5],
					"cubes": [
						{"origin": [12, -33, -4.5], "size": [6, 10, 0], "uv": [102, 97]}
					]
				},
				{
					"name": "nose_weed_left3",
					"parent": "nose_weed_left2",
					"pivot": [18, -23, -4.5],
					"cubes": [
						{"origin": [18, -30, -4.5], "size": [7, 8, 0], "uv": [100, 107]}
					]
				},
				{
					"name": "nose_weed_right",
					"parent": "nose_weeds",
					"pivot": [-5, -27, -4.5],
					"rotation": [0, 0, 30],
					"cubes": [
						{"origin": [-12, -32, -4.5], "size": [7, 10, 0], "uv": [86, 101], "mirror": true}
					]
				},
				{
					"name": "nose_weed_right2",
					"parent": "nose_weed_right",
					"pivot": [-12, -31, -4.5],
					"cubes": [
						{"origin": [-18, -33, -4.5], "size": [6, 10, 0], "uv": [74, 101], "mirror": true}
					]
				},
				{
					"name": "nose_weed_right3",
					"parent": "nose_weed_right2",
					"pivot": [-18, -23, -4.5],
					"cubes": [
						{"origin": [-25, -30, -4.5], "size": [7, 8, 0], "uv": [114, 105], "mirror": true}
					]
				},
				{
					"name": "nose_weed_lower_left",
					"parent": "nose_weeds",
					"pivot": [5, -33, -4.5],
					"rotation": [0, 0, 35],
					"cubes": [
						{"origin": [5, -36, -4.5], "size": [5, 6, 0], "uv": [36, 109]}
					]
				},
				{
					"name": "nose_weed_lower_left2",
					"parent": "nose_weed_lower_left",
					"pivot": [10, -35, -4.5],
					"cubes": [
						{"origin": [10, -35, -4.5], "size": [5, 5, 0], "uv": [80, 111]}
					]
				},
				{
					"name": "nose_weed_lower_right",
					"parent": "nose_weeds",
					"pivot": [-5, -33, -4.5],
					"rotation": [0, 0, -35],
					"cubes": [
						{"origin": [-10, -36, -4.5], "size": [5, 6, 0], "uv": [46, 109], "mirror": true}
					]
				},
				{
					"name": "nose_weed_lower_right2",
					"parent": "nose_weed_lower_right",
					"pivot": [-10, -35, -4.5],
					"cubes": [
						{"origin": [-15, -35, -4.5], "size": [5, 5, 0], "uv": [90, 111], "mirror": true}
					]
				},
				{
					"name": "anchor_weeds",
					"parent": "anchor",
					"pivot": [0, -66, -7]
				},
				{
					"name": "anchor_weed_center",
					"parent": "anchor_weeds",
					"pivot": [0, -79.5, -5.5],
					"cubes": [
						{"origin": [-5, -83.5, -5.5], "size": [10, 4, 0], "uv": [108, 87]}
					]
				},
				{
					"name": "anchor_weed_center2",
					"parent": "anchor_weed_center",
					"pivot": [0, -83.5, -5.5],
					"cubes": [
						{"origin": [-4, -87.5, -5.5], "size": [8, 4, 0], "uv": [112, 91]}
					]
				},
				{
					"name": "anchor_weed_center3",
					"parent": "anchor_weed_center2",
					"pivot": [1, -87.5, -5.5],
					"cubes": [
						{"origin": [-3, -91.5, -5.5], "size": [6, 4, 0], "uv": [36, 71]}
					]
				},
				{
					"name": "anchor_weed_bottom_left",
					"parent": "anchor_weeds",
					"pivot": [10, -66.7, -5.5],
					"rotation": [0, 0, -10],
					"cubes": [
						{"origin": [2.91622, -79.51769, -5.5], "size": [10, 3, 0], "uv": [68, 94]}
					]
				},
				{
					"name": "anchor_weed_bottom_left2",
					"parent": "anchor_weed_bottom_left",
					"pivot": [7, -79.5, -5.5],
					"cubes": [
						{"origin": [3.91622, -83.51769, -5.5], "size": [8, 4, 0], "uv": [68, 97]}
					]
				},
				{
					"name": "anchor_weed_bottom_left3",
					"parent": "anchor_weed_bottom_left2",
					"pivot": [7, -83.5, -5.5],
					"cubes": [
						{"origin": [4.91622, -86.51769, -5.5], "size": [6, 3, 0], "uv": [90, 72]}
					]
				},
				{
					"name": "anchor_weed_bottom_right",
					"parent": "anchor_weeds",
					"pivot": [-10, -66.7, -5.5],
					"rotation": [0, 0, 10],
					"cubes": [
						{"origin": [-12.91622, -79.51769, -5.5], "size": [10, 3, 0], "uv": [88, 94], "mirror": true}
					]
				},
				{
					"name": "anchor_weed_bottom_right2",
					"parent": "anchor_weed_bottom_right",
					"pivot": [-7, -79.5, -5.5],
					"cubes": [
						{"origin": [-11.91622, -83.51769, -5.5], "size": [8, 4, 0], "uv": [84, 97], "mirror": true}
					]
				},
				{
					"name": "anchor_weed_bottom_right3",
					"parent": "anchor_weed_bottom_right2",
					"pivot": [-8, -83.5, -5.5],
					"cubes": [
						{"origin": [-10.91622, -86.51769, -5.5], "size": [6, 3, 0], "uv": [78, 72], "mirror": true}
					]
				},
				{
					"name": "anchor_weed_left",
					"parent": "anchor_weeds",
					"pivot": [21.5, -71.7, -4.5],
					"rotation": [0, 0, -37.5],
					"cubes": [
						{"origin": [16.75936, -75.47613, -4.5], "size": [7, 4, 0], "uv": [30, 49]}
					]
				},
				{
					"name": "anchor_weed_left2",
					"parent": "anchor_weed_left",
					"pivot": [15, -72.5, -4.5],
					"cubes": [
						{"origin": [17.75936, -79.47613, -4.5], "size": [5, 4, 0], "uv": [96, 38]}
					]
				},
				{
					"name": "anchor_weed_right",
					"parent": "anchor_weeds",
					"pivot": [-22, -70.7, -4.5],
					"rotation": [0, 0, 37.5],
					"cubes": [
						{"origin": [-24.72681, -74.90317, -4.5], "size": [7, 4, 0], "uv": [114, 7], "mirror": true}
					]
				},
				{
					"name": "anchor_weed_right2",
					"parent": "anchor_weed_right",
					"pivot": [-13.5, -73.5, -4.5],
					"cubes": [
						{"origin": [-23.72681, -78.90317, -4.5], "size": [5, 4, 0], "uv": [116, 34], "mirror": true}
					]
				},
				{
					"name": "chain",
					"parent": "body",
					"pivot": [0, 47.5, -4.5],
					"cubes": [
						{"origin": [-3.5, 38.5, -4.5], "size": [7, 12, 0], "uv": [0, 116]}
					]
				},
				{
					"name": "chain2",
					"parent": "chain",
					"pivot": [0, 40.5, -4.5],
					"cubes": [
						{"origin": [0, 29.5, -8], "size": [0, 12, 7], "uv": [14, 109]}
					]
				},
				{
					"name": "chain3",
					"parent": "chain2",
					"pivot": [0, 31.5, -4.5],
					"cubes": [
						{"origin": [-3.5, 20.5, -4.5], "size": [7, 12, 0], "uv": [28, 116]}
					]
				},
				{
					"name": "chain4",
					"parent": "chain3",
					"pivot": [0, 22.5, -4.5],
					"cubes": [
						{"origin": [0, 11.5, -8], "size": [0, 12, 7], "uv": [42, 109]}
					]
				},
				{
					"name": "chain5",
					"parent": "chain4",
					"pivot": [0, 13.5, -4.5],
					"cubes": [
						{"origin": [-3.5, 2.5, -4.5], "size": [7, 12, 0], "uv": [56, 116]}
					]
				},
				{
					"name": "chain6",
					"parent": "chain5",
					"pivot": [0, 4.5, -4.5],
					"cubes": [
						{"origin": [0, -6.5, -8], "size": [0, 12, 7], "uv": [70, 109]}
					]
				},
				{
					"name": "chain7",
					"parent": "chain6",
					"pivot": [0, -4.5, -4.5],
					"cubes": [
						{"origin": [-3.5, -15.5, -4.5], "size": [7, 12, 0], "uv": [84, 116]}
					]
				},
				{
					"name": "chain8",
					"parent": "chain7",
					"pivot": [0, -13.5, -4.5],
					"cubes": [
						{"origin": [0, -24.5, -8], "size": [0, 12, 7], "uv": [98, 109]}
					]
				}
			]
		}
	]
}