{
	"format_version": "1.12.0",
	"minecraft:geometry": [
		{
			"description": {
				"identifier": "geometry.dunecargo",
				"texture_width": 128,
				"texture_height": 128,
				"visible_bounds_width": 4,
				"visible_bounds_height": 3.5,
				"visible_bounds_offset": [0, 1.25, 0]
			},
			"bones": [
				{
					"name": "magcargo",
					"pivot": [0, 0, 0]
				},
				{
					"name": "body",
					"parent": "magcargo",
					"pivot": [0, 4, 0]
				},
				{
					"name": "torso",
					"parent": "body",
					"pivot": [0, 4, 0]
				},
				{
					"name": "torso_front",
					"parent": "torso",
					"pivot": [0, 0, 4],
					"cubes": [
						{"origin": [-6.5, 0, -11], "size": [13, 6, 18], "uv": [62, 59]},
						{"origin": [-4.5, 4.18515, -10.45364], "size": [9, 3, 16], "pivot": [0.5, 5, -3], "rotation": [-10, 0, 0], "uv": [64, 40]},
						{"origin": [-12, 0.05, -14], "size": [24, 0, 18], "uv": [13, 14]}
					]
				},
				{
					"name": "shell",
					"parent": "torso_front",
					"pivot": [0, 5.45, 3],
					"rotation": [-20, 0, 0],
					"cubes": [
						{"origin": [-7, 4, -5.35], "size": [14, 14, 16], "uv": [1, 57]},
						{"origin": [-5, 17.95, 0], "size": [4, 4, 4], "uv": [98, 48]},
						{"origin": [2, 17.95, 5.5], "size": [3, 3, 3], "uv": [100, 49]},
						{"origin": [-4, 21.95, 1], "size": [2, 2, 2], "uv": [89, 22]},
						{"origin": [2.5, 20.95, 6], "size": [2, 2, 2], "uv": [89, 22]},
						{"origin": [1, 17.95, -4.25], "size": [2, 2, 2], "uv": [89, 22]},
						{"origin": [-3.5, 23.95, 1.5], "size": [1, 2, 1], "uv": [82, 18]},
						{"origin": [1.5, 19.95, -3.75], "size": [1, 2, 1], "uv": [82, 18]},
						{"origin": [3, 22.95, 6.5], "size": [1, 2, 1], "uv": [82, 18]}
					]
				},
				{
					"name": "torso_back",
					"parent": "torso",
					"pivot": [0, 0, 4],
					"cubes": [
						{"origin": [-9, 0, -8], "size": [18, 3, 21], "uv": [1, 32]},
						{"origin": [-12, 0.04, 3], "size": [24, 0, 14], "uv": [17, 0]}
					]
				},
				{
					"name": "neck",
					"parent": "torso",
					"pivot": [0, 6, -6],
					"rotation": [62.5, 0, 0],
					"cubes": [
						{"origin": [-3, 5, -9], "size": [6, 8, 6], "uv": [0, 0]}
					]
				},
				{
					"name": "head",
					"parent": "neck",
					"pivot": [0, 11, -6],
					"rotation": [-57.5, 0, 0],
					"cubes": [
						{"origin": [-3, 13.2, -14.5], "size": [6, 4, 5], "pivot": [0, 17.5, -9.5], "rotation": [10, 0, 0], "uv": [0, 14]},
						{"origin": [-4.5, 10.45, -9.5], "size": [9, 5, 7], "pivot": [0, 12.5, -6], "rotation": [10, 0, 0], "uv": [45, 59]},
						{"origin": [-5.5, 13, -10.5], "size": [11, 5, 9], "uv": [79, 0]},
						{"origin": [-5, 17, -9.5], "size": [4, 3, 5], "pivot": [-3, 20, -7], "rotation": [-10, 0, 0], "uv": [0, 32]},
						{"origin": [-3, 17, -9], "size": [6, 2, 4], "pivot": [-3, 20, -7], "rotation": [-10, 0, 0], "uv": [80, 27]},
						{"origin": [1, 17, -9.5], "size": [4, 3, 5], "pivot": [3, 20, -7], "rotation": [-10, 0, 0], "uv": [0, 42]}
					]
				},
				{
					"name": "jaw",
					"parent": "head",
					"pivot": [0, 11, -7.75],
					"cubes": [
						{"origin": [-2.5, 10.5, -13], "size": [5, 2, 6], "pivot": [0, 11.5, -11], "rotation": [-10, 0, 0], "uv": [0, 24]},
						{"origin": [2.5, 12.5, -11.85], "size": [0, 4, 5], "pivot": [2.5, 12.5, -11], "rotation": [-10, 0, 0], "uv": [2, 52]},
						{"origin": [-2.5, 12.5, -11.85], "size": [0, 4, 5], "pivot": [-2.5, 12.5, -11], "rotation": [-10, 0, 0], "uv": [2, 56]}
					]
				},
				{
					"name": "droplet_front",
					"parent": "jaw",
					"pivot": [0, 12, -12.5],
					"cubes": [
						{"origin": [-2, 5.65, -11.775], "size": [4, 6, 0], "uv": [105, 17]}
					]
				},
				{
					"name": "droplet_right",
					"parent": "head",
					"pivot": [-3, 13.75, -11],
					"cubes": [
						{"origin": [-3.5, 8, -11.5], "size": [1, 5, 1], "uv": [91, 15]},
						{"origin": [-4, 10, -12], "size": [2, 3, 2], "uv": [89, 22]}
					]
				},
				{
					"name": "droplet_left",
					"parent": "head",
					"pivot": [3, 13.75, -11],
					"cubes": [
						{"origin": [2.5, 8, -11.5], "size": [1, 5, 1], "uv": [82, 15]},
						{"origin": [2, 10, -12], "size": [2, 3, 2], "uv": [80, 22]}
					]
				},
				{
					"name": "droplet_right_back",
					"parent": "head",
					"pivot": [-5, 13, -8.5],
					"rotation": [19.14314, -5.90316, 16.50371],
					"cubes": [
						{"origin": [-5.725, 5.65, -10.5], "size": [0, 8, 4], "pivot": [-5.75, 8.5, -8.5], "rotation": [-2.89769, -0.01963, 9.22387], "uv": [105, 11]}
					]
				},
				{
					"name": "droplet_left_back",
					"parent": "head",
					"pivot": [5, 13, -8.5],
					"rotation": [19.14314, 5.90316, -16.50371],
					"cubes": [
						{"origin": [5.725, 5.65, -10.5], "size": [0, 8, 4], "pivot": [5.75, 8.5, -8.5], "rotation": [-2.89769, 0.01963, -9.22387], "uv": [105, 11], "mirror": true}
					]
				},
				{
					"name": "eyes",
					"parent": "head",
					"pivot": [0, 19, -10]
				},
				{
					"name": "eye_right",
					"parent": "eyes",
					"pivot": [-3, 19, -10],
					"cubes": [
						{"origin": [-4.5, 17, -10.5], "size": [3, 3, 1], "pivot": [-3, 19, -10], "rotation": [-10, 0, 0], "uv": [68, 33]}
					]
				},
				{
					"name": "eyelid_right",
					"parent": "eye_right",
					"pivot": [-3, 19, -9],
					"cubes": [
						{"origin": [-4.5, 17, -9.5], "size": [3, 3, 1], "inflate": 0.01, "pivot": [-3, 19, -9], "rotation": [-10, 0, 0], "uv": [59, 33]}
					]
				},
				{
					"name": "eye_left",
					"parent": "eyes",
					"pivot": [3, 19, -10],
					"cubes": [
						{"origin": [1.5, 17, -10.5], "size": [3, 3, 1], "pivot": [3, 19, -10], "rotation": [-10, 0, 0], "uv": [68, 40]}
					]
				},
				{
					"name": "eyelid_left",
					"parent": "eye_left",
					"pivot": [3, 19, -9],
					"cubes": [
						{"origin": [1.5, 17, -9.5], "size": [3, 3, 1], "inflate": 0.01, "pivot": [3, 19, -9], "rotation": [-10, 0, 0], "uv": [59, 40]}
					]
				}
			]
		}
	]
}