{
	"format_version": "1.12.0",
	"minecraft:geometry": [
		{
			"description": {
				"identifier": "geometry.fomantis_lunar",
				"texture_width": 64,
				"texture_height": 64,
				"visible_bounds_width": 2,
				"visible_bounds_height": 2.5,
				"visible_bounds_offset": [0, 0.75, 0]
			},
			"bones": [
				{
					"name": "fomantis",
					"pivot": [0, 0, 0]
				},
				{
					"name": "body",
					"parent": "fomantis",
					"pivot": [0, 4, 0]
				},
				{
					"name": "torso",
					"parent": "body",
					"pivot": [0, 4, 0],
					"cubes": [
						{"origin": [-2.5, 1, -2], "size": [5, 5, 4], "uv": [24, 9]}
					]
				},
				{
					"name": "scarf",
					"parent": "torso",
					"pivot": [-1, 6, -2],
					"cubes": [
						{"origin": [-1.5, 6, -5], "size": [3, 0, 3], "pivot": [-1, 6, -2], "rotation": [20, 0, 0], "uv": [33, 21]},
						{"origin": [-4.25, 6, 0], "size": [2, 0, 3], "pivot": [-2.5, 6, 1.5], "rotation": [-18, 36.5, -28.5], "uv": [25, 34]},
						{"origin": [-4.25, 6, -3], "size": [2, 0, 3], "pivot": [-2.5, 6, -1.5], "rotation": [18, -36.5, -28.5], "uv": [18, 0]},
						{"origin": [2.25, 6, 0], "size": [2, 0, 3], "pivot": [2.5, 6, 1.5], "rotation": [-18, -36.5, 28.5], "uv": [0, 13]},
						{"origin": [2.25, 6, -3], "size": [2, 0, 3], "pivot": [2.5, 6, -1.5], "rotation": [18, 36.5, 28.5], "uv": [0, 16]},
						{"origin": [-1.5, 6, 2], "size": [3, 0, 3], "pivot": [-1, 6, 2], "rotation": [-20, 0, 0], "uv": [33, 18]}
					]
				},
				{
					"name": "head",
					"parent": "scarf",
					"pivot": [0, 6, 0],
					"cubes": [
						{"origin": [-3.5, 6, -3.5], "size": [7, 6, 7], "uv": [0, 0]}
					]
				},
				{
					"name": "left_eye",
					"parent": "head",
					"pivot": [2.25, 7.75, -3],
					"rotation": [0, 0, -7.5],
					"cubes": [
						{"origin": [1.25, 6.75, -3.51], "size": [2, 1, 0], "uv": [24, 39]},
						{"origin": [1.5, 6.75, -3.52], "size": [1, 1, 0], "uv": [0, 2]},
						{"origin": [2, 7.25, -3.53], "size": [1, 1, 0], "uv": [0, 3]}
					]
				},
				{
					"name": "right_eye",
					"parent": "head",
					"pivot": [-2.25, 7.75, -3],
					"rotation": [0, 0, 7.5],
					"cubes": [
						{"origin": [-3.25, 6.75, -3.51], "size": [2, 1, 0], "uv": [0, 33]},
						{"origin": [-2.5, 6.75, -3.52], "size": [1, 1, 0], "uv": [0, 1]},
						{"origin": [-3.25, 7, -3.53], "size": [1, 1, 0], "uv": [0, 0]}
					]
				},
				{
					"name": "left_eye_closed",
					"parent": "head",
					"pivot": [2.25, 7.75, -2.9],
					"rotation": [0, 0, -7.5],
					"cubes": [
						{"origin": [1.25, 6.75, -3.44], "size": [2, 2, 0], "uv": [0, 31]}
					]
				},
				{
					"name": "right_eye_closed",
					"parent": "head",
					"pivot": [-2.25, 7.75, -2.9],
					"rotation": [0, 0, 7.5],
					"cubes": [
						{"origin": [-3.25, 6.75, -3.44], "size": [2, 2, 0], "uv": [21, 3]}
					]
				},
				{
					"name": "bang",
					"parent": "head",
					"pivot": [1, 13.25, -1.5],
					"rotation": [5, 0, 0],
					"cubes": [
						{"origin": [-2, 11.25, -4.5], "size": [4, 2, 3], "uv": [17, 34]}
					]
				},
				{
					"name": "bang_right",
					"parent": "bang",
					"pivot": [-2.25, 12.25, -3.75],
					"rotation": [50, 13, 3],
					"cubes": [
						{"origin": [-4.25, 11.25, -5.75], "size": [3, 1, 3], "uv": [0, 35]},
						{"origin": [-6.25, 11.75, -5.75], "size": [2, 0, 3], "pivot": [-4.25, 11.75, -5.75], "rotation": [0, 20, 0], "uv": [0, 3]}
					]
				},
				{
					"name": "bang_left",
					"parent": "bang",
					"pivot": [2.25, 12.25, -3.75],
					"rotation": [50, -13, -3],
					"cubes": [
						{"origin": [1.25, 11.25, -5.75], "size": [3, 1, 3], "uv": [34, 26]},
						{"origin": [4.25, 11.75, -5.75], "size": [2, 0, 3], "pivot": [4.25, 11.75, -5.75], "rotation": [0, -20, 0], "uv": [0, 0]}
					]
				},
				{
					"name": "bang_middle",
					"parent": "bang",
					"pivot": [1, 13.25, -4.5],
					"rotation": [65, 0, 0],
					"cubes": [
						{"origin": [-2.5, 11.25, -7.5], "size": [5, 2, 3], "uv": [21, 29]}
					]
				},
				{
					"name": "bang_bend",
					"parent": "bang_middle",
					"pivot": [1, 13, -7.25],
					"rotation": [35, 0, 0],
					"cubes": [
						{"origin": [-2, 12.5, -10], "size": [4, 0, 1], "uv": [17, 26]},
						{"origin": [-2, 12, -9], "size": [4, 1, 2], "uv": [36, 6]}
					]
				},
				{
					"name": "hat",
					"parent": "head",
					"pivot": [1, 11.75, 0.5],
					"rotation": [-15, 0, 0],
					"cubes": [
						{"origin": [-3, 12.75, -2.5], "size": [6, 4, 6], "uv": [0, 21]},
						{"origin": [-1.5, 16.75, -1], "size": [3, 1, 3], "uv": [31, 34]},
						{"origin": [-2.5, 11.75, -2], "size": [5, 1, 5], "uv": [21, 0]},
						{"origin": [-3.5, 11, -3], "size": [7, 1, 7], "inflate": 0.01, "uv": [0, 13]},
						{"origin": [-2, 11.75, -6], "size": [4, 0, 5], "pivot": [1, 11.75, -2.5], "rotation": [-47.5, 0, 0], "uv": [13, 21]},
						{"origin": [-2, 11.75, 3], "size": [4, 0, 4], "pivot": [1, 11.75, 3.5], "rotation": [47.5, 0, 0], "uv": [32, 0]}
					]
				},
				{
					"name": "hat_pedal_right",
					"parent": "hat",
					"pivot": [-2.75, 11.75, 2.5],
					"cubes": [
						{"origin": [-6, 11.75, -3.25], "size": [5, 0, 4], "pivot": [-2.75, 11.75, -1.5], "rotation": [-26, -19, 57], "uv": [22, 25]},
						{"origin": [-6, 11.75, 0.25], "size": [4, 0, 4], "pivot": [-2.75, 11.75, 2.5], "rotation": [26, 19, 57], "uv": [8, 31]}
					]
				},
				{
					"name": "hat_pedal_left",
					"parent": "hat",
					"pivot": [2.75, 11.75, 2.5],
					"cubes": [
						{"origin": [1, 11.75, -3.25], "size": [5, 0, 4], "pivot": [2.75, 11.75, -1.5], "rotation": [-26, 19, -57], "uv": [22, 21]},
						{"origin": [2, 11.75, 0.25], "size": [4, 0, 4], "pivot": [2.75, 11.75, 2.5], "rotation": [26, -19, -57], "uv": [0, 31]}
					]
				},
				{
					"name": "left_front_arm",
					"parent": "torso",
					"pivot": [2.5, 5.5, -2],
					"rotation": [-65, 15, -80],
					"cubes": [
						{"origin": [2.5, 4.5, -3.5], "size": [0, 1, 3], "uv": [36, 22]}
					]
				},
				{
					"name": "left_front_arm_bend",
					"parent": "left_front_arm",
					"pivot": [2.5, 4.5, -3.5],
					"rotation": [0, 0, 47.5],
					"cubes": [
						{"origin": [2.5, 1.5, -3.5], "size": [0, 3, 4], "uv": [31, 34]}
					]
				},
				{
					"name": "left_front_arm_end",
					"parent": "left_front_arm_bend",
					"pivot": [2.5, 1.5, -3.5],
					"rotation": [0, 0, 22.5],
					"cubes": [
						{"origin": [2.5, -0.5, -3.5], "size": [0, 2, 3], "uv": [12, 36]}
					]
				},
				{
					"name": "left_back_arm_flowering",
					"parent": "torso",
					"pivot": [2.5, 5.5, 2],
					"rotation": [65, -15, -80],
					"cubes": [
						{"origin": [2.5, 4.5, 0.5], "size": [0, 1, 3], "uv": [0, 16]}
					]
				},
				{
					"name": "left_back_arm_bend",
					"parent": "left_back_arm_flowering",
					"pivot": [2.5, 4.5, 3.5],
					"rotation": [0, 0, 47.5],
					"cubes": [
						{"origin": [2.5, 1.5, -0.5], "size": [0, 3, 4], "uv": [28, 14]}
					]
				},
				{
					"name": "left_back_arm_end",
					"parent": "left_back_arm_bend",
					"pivot": [2.5, 1.5, 3.5],
					"rotation": [0, 0, 22.5],
					"cubes": [
						{"origin": [2.5, -0.5, 0.5], "size": [0, 2, 3], "uv": [0, 20]}
					]
				},
				{
					"name": "right_back_arm_flowering",
					"parent": "torso",
					"pivot": [-2.5, 5.5, 2],
					"rotation": [65, 15, 80],
					"cubes": [
						{"origin": [-2.5, 4.5, 0.5], "size": [0, 1, 3], "uv": [0, 3]}
					]
				},
				{
					"name": "right_back_arm_bend",
					"parent": "right_back_arm_flowering",
					"pivot": [-2.5, 4.5, 3.5],
					"rotation": [0, 0, -47.5],
					"cubes": [
						{"origin": [-2.5, 1.5, -0.5], "size": [0, 3, 4], "uv": [28, 2]}
					]
				},
				{
					"name": "right_back_arm_end",
					"parent": "right_back_arm_bend",
					"pivot": [-2.5, 1.5, 3.5],
					"rotation": [0, 0, -22.5],
					"cubes": [
						{"origin": [-2.5, -0.5, 0.5], "size": [0, 2, 3], "uv": [0, 18]}
					]
				},
				{
					"name": "right_front_arm",
					"parent": "torso",
					"pivot": [-2.5, 5.5, -2],
					"rotation": [-65, -15, 80],
					"cubes": [
						{"origin": [-2.5, 4.5, -3.5], "size": [0, 1, 3], "uv": [36, 21]}
					]
				},
				{
					"name": "right_front_arm_bend",
					"parent": "right_front_arm",
					"pivot": [-2.5, 4.5, -3.5],
					"rotation": [0, 0, -47.5],
					"cubes": [
						{"origin": [-2.5, 1.5, -3.5], "size": [0, 3, 4], "uv": [9, 31]}
					]
				},
				{
					"name": "right_front_arm_end",
					"parent": "right_front_arm_bend",
					"pivot": [-2.5, 1.5, -3.5],
					"rotation": [0, 0, -22.5],
					"cubes": [
						{"origin": [-2.5, -0.5, -3.5], "size": [0, 2, 3], "uv": [6, 36]}
					]
				},
				{
					"name": "right_back_arm",
					"parent": "torso",
					"pivot": [-1.25, 5.75, 2.5],
					"rotation": [40, 55, 55],
					"cubes": [
						{"origin": [-1.25, 4.75, 1], "size": [0, 1, 3], "uv": [36, 1]}
					]
				},
				{
					"name": "right_front_arm_bend2",
					"parent": "right_back_arm",
					"pivot": [-1.25, 4.75, 1],
					"rotation": [0, 0, -20],
					"cubes": [
						{"origin": [-1.25, 2.75, 1], "size": [0, 2, 3], "uv": [0, 36]}
					]
				},
				{
					"name": "right_front_arm_end2",
					"parent": "right_front_arm_bend2",
					"pivot": [-1.25, 2.75, 1],
					"rotation": [0, 0, -15],
					"cubes": [
						{"origin": [-1.25, 0.75, 1], "size": [0, 2, 3], "uv": [34, 27]}
					]
				},
				{
					"name": "left_back_arm",
					"parent": "torso",
					"pivot": [1.25, 5.75, 2.5],
					"rotation": [40, -55, -55],
					"cubes": [
						{"origin": [1.25, 4.75, 1], "size": [0, 1, 3], "uv": [21, 3]}
					]
				},
				{
					"name": "left_front_arm_bend2",
					"parent": "left_back_arm",
					"pivot": [1.25, 4.75, 1],
					"rotation": [0, 0, 20],
					"cubes": [
						{"origin": [1.25, 2.75, 1], "size": [0, 2, 3], "uv": [0, 22]}
					]
				},
				{
					"name": "left_front_arm_end2",
					"parent": "left_front_arm_bend2",
					"pivot": [1.25, 2.75, 1],
					"rotation": [0, 0, 15],
					"cubes": [
						{"origin": [1.25, 0.75, 1], "size": [0, 2, 3], "uv": [21, 15]}
					]
				},
				{
					"name": "tail",
					"parent": "torso",
					"pivot": [0, 3.5, 2],
					"rotation": [-22.5, 0, 0],
					"cubes": [
						{"origin": [0, 1.5, 1.5], "size": [0, 2, 3], "uv": [18, 36]}
					]
				},
				{
					"name": "right_leg",
					"parent": "body",
					"pivot": [-1.5, 1, 0],
					"cubes": [
						{"origin": [-2, 0, -1], "size": [1, 1, 2], "uv": [38, 30]}
					]
				},
				{
					"name": "left_leg",
					"parent": "body",
					"pivot": [1.5, 1, 0],
					"cubes": [
						{"origin": [1, 0, -1], "size": [1, 1, 2], "uv": [38, 9]}
					]
				}
			]
		}
	]
}