{
	"format_version": "1.12.0",
	"minecraft:geometry": [
		{
			"description": {
				"identifier": "geometry.lucario_y",
				"texture_width": 128,
				"texture_height": 64,
				"visible_bounds_width": 9,
				"visible_bounds_height": 8,
				"visible_bounds_offset": [0, 2, 0]
			},
			"bones": [
				{
					"name": "lucario_y",
					"pivot": [0, 0, 0]
				},
				{
					"name": "body",
					"parent": "lucario_y",
					"pivot": [0, 20.9, 0]
				},
				{
					"name": "torso",
					"parent": "body",
					"pivot": [0, 20, 0],
					"cubes": [
						{"origin": [-6, 15, -3.5], "size": [12, 7, 7], "inflate": -0.25, "uv": [28, 0]},
						{"origin": [-4.5, 21.35, -3.2], "size": [9, 2, 6], "inflate": -0.15, "pivot": [0, 22.35, -0.2], "rotation": [5, 0, 0], "uv": [0, 14]}
					]
				},
				{
					"name": "waist_fluff",
					"parent": "torso",
					"pivot": [0, 22.12, -3.05],
					"rotation": [60, 0, 0],
					"cubes": [
						{"origin": [-1.5, 22.12, -4.75], "size": [3, 0, 2], "uv": [-2, 14]}
					]
				},
				{
					"name": "torso2",
					"parent": "torso",
					"pivot": [0, 23.45, 1.05],
					"cubes": [
						{"origin": [-2, 22.4, -1.8], "size": [4, 5, 3], "inflate": -0.15, "uv": [30, 14]}
					]
				},
				{
					"name": "torso3",
					"parent": "torso2",
					"pivot": [0, 26.4, -0.3],
					"cubes": [
						{"origin": [-2, 26.4, -2.4], "size": [4, 5, 4], "uv": [0, 22]},
						{"origin": [-1, 27.9, -4.05], "size": [2, 2, 2], "pivot": [0, 28.9, -3.8], "rotation": [-12.5, 0, 0], "uv": [0, 31]},
						{"origin": [-0.5, 28.4, -5.55], "size": [1, 1, 2], "pivot": [0, 28.9, -3.8], "rotation": [-25, 0, 0], "uv": [25, 22]}
					]
				},
				{
					"name": "arms",
					"parent": "torso3",
					"pivot": [0, 29.4, -0.3]
				},
				{
					"name": "shoulder_left",
					"parent": "arms",
					"pivot": [2, 31.5, -0.3],
					"cubes": [
						{"origin": [1.7, 27.6, -2.4], "size": [2, 4, 4], "inflate": -0.3, "pivot": [2.8, 29.6, -0.4], "rotation": [45, 0, 0], "uv": [27, 30]}
					]
				},
				{
					"name": "arm_left",
					"parent": "shoulder_left",
					"pivot": [3.4, 29.7, -0.4],
					"cubes": [
						{"origin": [2.3, 28.7, -1.4], "size": [6, 2, 2], "inflate": -0.2, "uv": [48, 18], "mirror": true}
					]
				},
				{
					"name": "arm_left2",
					"parent": "arm_left",
					"pivot": [8.1, 29.7, 0.4],
					"cubes": [
						{"origin": [8.1, 28.7, -1.9], "size": [5, 2, 3], "uv": [36, 41], "mirror": true}
					]
				},
				{
					"name": "wrist_left",
					"parent": "arm_left2",
					"pivot": [13.1, 28.7, -0.4]
				},
				{
					"name": "hand_left",
					"parent": "wrist_left",
					"pivot": [13.1, 30.7, -0.4],
					"cubes": [
						{"origin": [13.1, 28.7, -2.4], "size": [3, 2, 4], "uv": [39, 30], "mirror": true}
					]
				},
				{
					"name": "hand_spike_left",
					"parent": "hand_left",
					"pivot": [14.6, 30.7, -0.4],
					"rotation": [0, 0, 12.5],
					"cubes": [
						{"origin": [13.6, 30.5, -1.4], "size": [2, 2, 2], "uv": [0, 53], "mirror": true},
						{"origin": [14.1, 32, -0.9], "size": [1, 2, 1], "pivot": [14.6, 32.25, -0.4], "rotation": [0, 0, 12.5], "uv": [48, 46], "mirror": true}
					]
				},
				{
					"name": "fingers_left",
					"parent": "hand_left",
					"pivot": [16.1, 30.7, -0.4],
					"cubes": [
						{"origin": [16.1, 28.7, -2.9], "size": [3, 2, 5], "uv": [53, 29], "mirror": true}
					]
				},
				{
					"name": "shoulder_right",
					"parent": "arms",
					"pivot": [-2, 31.5, -0.3],
					"cubes": [
						{"origin": [-3.7, 27.6, -2.4], "size": [2, 4, 4], "inflate": -0.3, "pivot": [-2.8, 29.6, -0.4], "rotation": [45, 0, 0], "uv": [15, 30], "mirror": true}
					]
				},
				{
					"name": "arm_right",
					"parent": "shoulder_right",
					"pivot": [-3.4, 29.7, -0.4],
					"cubes": [
						{"origin": [-8.3, 28.7, -1.4], "size": [6, 2, 2], "inflate": -0.2, "uv": [48, 14]}
					]
				},
				{
					"name": "arm_right2",
					"parent": "arm_right",
					"pivot": [-8.1, 29.7, 0.4],
					"cubes": [
						{"origin": [-13.1, 28.7, -1.9], "size": [5, 2, 3], "uv": [36, 36]}
					]
				},
				{
					"name": "wrist_right",
					"parent": "arm_right2",
					"pivot": [-13.1, 28.7, -0.4]
				},
				{
					"name": "hand_right",
					"parent": "wrist_right",
					"pivot": [-13.1, 30.7, -0.4],
					"cubes": [
						{"origin": [-16.1, 28.7, -2.4], "size": [3, 2, 4], "uv": [40, 24]}
					]
				},
				{
					"name": "hand_spike_right",
					"parent": "hand_right",
					"pivot": [-14.6, 30.7, -0.4],
					"rotation": [0, 0, -12.5],
					"cubes": [
						{"origin": [-15.6, 30.5, -1.4], "size": [2, 2, 2], "uv": [0, 49]},
						{"origin": [-15.1, 32, -0.9], "size": [1, 2, 1], "pivot": [-14.6, 32.25, -0.4], "rotation": [0, 0, -12.5], "uv": [44, 46]}
					]
				},
				{
					"name": "fingers_right",
					"parent": "hand_right",
					"pivot": [-16.1, 30.7, -0.4],
					"cubes": [
						{"origin": [-19.1, 28.7, -2.9], "size": [3, 2, 5], "uv": [54, 22]}
					]
				},
				{
					"name": "chest_fluff",
					"parent": "torso3",
					"pivot": [0, 32, -0.3],
					"cubes": [
						{"origin": [-2, 31, -1.9], "size": [0, 2, 3], "pivot": [-2, 31.4, -0.4], "rotation": [0, 0, -30], "uv": [0, 13]},
						{"origin": [2.1, 31, -1.9], "size": [0, 2, 3], "pivot": [1.7, 31.6, -0.3], "rotation": [0, 0, 30], "uv": [0, 15], "mirror": true},
						{"origin": [-2.5, 31, -2.4], "size": [5, 2, 0], "pivot": [0, 31.4, -2.4], "rotation": [30, 0, 0], "uv": [22, 49]},
						{"origin": [-2.5, 31, 1.6], "size": [5, 2, 0], "pivot": [0, 31.4, 1.6], "rotation": [-30, 0, 0], "uv": [28, 51]},
						{"origin": [-2.5, 29.9, -2.4], "size": [5, 2, 0], "pivot": [0, 31.4, -2.4], "rotation": [-35, 0, 0], "uv": [22, 53]},
						{"origin": [-2.5, 29.9, 1.6], "size": [5, 2, 0], "pivot": [0, 31.4, 1.6], "rotation": [35, 0, 0], "uv": [28, 55]}
					]
				},
				{
					"name": "neck",
					"parent": "torso3",
					"pivot": [0, 31.4, -0.3],
					"cubes": [
						{"origin": [-1.5, 30.8, -1.8], "size": [3, 4, 3], "inflate": -0.1, "uv": [59, 0]}
					]
				},
				{
					"name": "head",
					"parent": "neck",
					"pivot": [0, 32.7, -0.4]
				},
				{
					"name": "head_correction",
					"parent": "head",
					"pivot": [0, 32.7, -0.4]
				},
				{
					"name": "head_ai",
					"parent": "head_correction",
					"pivot": [0, 32.7, -0.4]
				},
				{
					"name": "head_angle",
					"parent": "head_ai",
					"pivot": [0, 32.7, -0.4],
					"cubes": [
						{"origin": [-3.5, 32.7, -4.5], "size": [7, 7, 7], "inflate": -0.01, "uv": [0, 0]},
						{"origin": [-3.5, 35.95, -4.5], "size": [7, 2, 3], "uv": [70, 24]},
						{"origin": [-1, 37.7, -4.5], "size": [2, 2, 0], "inflate": 0.01, "pivot": [0, 39.7, -4.5], "rotation": [0.5, 0, 0], "uv": [65, 25]},
						{"origin": [-1, 39.7, -4.5], "size": [2, 0, 4], "inflate": 0.01, "uv": [61, 21]}
					]
				},
				{
					"name": "eyes",
					"parent": "head_angle",
					"pivot": [0, 36.35, -4.5]
				},
				{
					"name": "eye_right",
					"parent": "eyes",
					"pivot": [-3.5, 36.35, -4.5]
				},
				{
					"name": "eye_right_core",
					"parent": "eye_right",
					"pivot": [-1.5, 36.35, -4.5],
					"cubes": [
						{"origin": [-3.5, 35.35, -4.5], "size": [2, 1, 1], "inflate": 0.01, "uv": [6, 31]}
					]
				},
				{
					"name": "eye_right_emote",
					"parent": "eye_right",
					"pivot": [-1.5, 36.35, -4.5],
					"cubes": [
						{"origin": [-3.5, 36.35, -4.5], "size": [2, 1, 2], "inflate": 0.015, "uv": [23, 30]}
					]
				},
				{
					"name": "eye_right_emote2",
					"parent": "eye_right",
					"pivot": [-2.1, 36.35, -4.5],
					"cubes": [
						{"origin": [-2.1, 35.35, -4.51], "size": [1, 1, 0], "uv": [15, 44], "mirror": true}
					]
				},
				{
					"name": "eye_right_emote3",
					"parent": "eye_right",
					"pivot": [-2.1, 36.35, -4.4],
					"cubes": [
						{"origin": [-2.1, 36.35, -4.41], "size": [1, 1, 0], "uv": [15, 43], "mirror": true}
					]
				},
				{
					"name": "pupil_right",
					"parent": "eye_right",
					"pivot": [-2, 36.35, -4.01],
					"cubes": [
						{"origin": [-2.5, 35.35, -4.5], "size": [1, 2, 1], "inflate": 0.02, "uv": [21, 2]}
					]
				},
				{
					"name": "pupil_right_aura",
					"parent": "eye_right",
					"pivot": [-2, 36.35, -3.9],
					"cubes": [
						{"origin": [-2.5, 35.35, -4.4], "size": [1, 2, 1], "inflate": 0.025, "uv": [0, 23]}
					]
				},
				{
					"name": "eye_left",
					"parent": "eyes",
					"pivot": [3.5, 36.35, -4.5]
				},
				{
					"name": "eye_left_core",
					"parent": "eye_left",
					"pivot": [1.5, 36.35, -4.5],
					"cubes": [
						{"origin": [1.5, 35.35, -4.5], "size": [2, 1, 1], "inflate": 0.01, "uv": [12, 31], "mirror": true}
					]
				},
				{
					"name": "eye_left_emote",
					"parent": "eye_left",
					"pivot": [1.5, 36.35, -4.5],
					"cubes": [
						{"origin": [1.5, 36.35, -4.5], "size": [2, 1, 2], "inflate": 0.015, "uv": [35, 30], "mirror": true}
					]
				},
				{
					"name": "eye_left_emote2",
					"parent": "eye_left",
					"pivot": [2.1, 36.35, -4.5],
					"cubes": [
						{"origin": [1.1, 35.35, -4.51], "size": [1, 1, 0], "uv": [17, 44]}
					]
				},
				{
					"name": "eye_left_emote3",
					"parent": "eye_left",
					"pivot": [2.1, 36.35, -4.5],
					"cubes": [
						{"origin": [1.1, 36.35, -4.41], "size": [1, 1, 0], "uv": [17, 43]}
					]
				},
				{
					"name": "pupil_left",
					"parent": "eye_left",
					"pivot": [2, 36.35, -4.01],
					"cubes": [
						{"origin": [1.5, 35.35, -4.5], "size": [1, 2, 1], "inflate": 0.02, "uv": [31, 2]}
					]
				},
				{
					"name": "pupil_left_aura",
					"parent": "eye_left",
					"pivot": [2, 36.35, -3.9],
					"cubes": [
						{"origin": [1.5, 35.35, -4.4], "size": [1, 2, 1], "inflate": 0.025, "uv": [12, 23]}
					]
				},
				{
					"name": "eyelid_right",
					"parent": "eyes",
					"pivot": [-1.9, 36.35, -3.4]
				},
				{
					"name": "eyelid_right_emote",
					"parent": "eyelid_right",
					"pivot": [-1.3, 35.35, -4.4],
					"cubes": [
						{"origin": [-1.8, 35.35, -4.4], "size": [1, 1, 1], "inflate": 0.015, "uv": [24, 38]}
					]
				},
				{
					"name": "eyelid_right_emote2",
					"parent": "eyelid_right",
					"pivot": [-1.9, 35.35, -4.4],
					"cubes": [
						{"origin": [-2.4, 35.35, -4.4], "size": [1, 1, 1], "inflate": 0.015, "uv": [24, 40]}
					]
				},
				{
					"name": "eyelid_right_emote3",
					"parent": "eyelid_right",
					"pivot": [-2.9, 35.35, -4.4],
					"cubes": [
						{"origin": [-3.4, 35.35, -4.4], "size": [1, 1, 1], "inflate": 0.015, "uv": [24, 42]}
					]
				},
				{
					"name": "eyelid_left",
					"parent": "eyes",
					"pivot": [1.9, 36.35, -3.4]
				},
				{
					"name": "eyelid_left_emote",
					"parent": "eyelid_left",
					"pivot": [1.3, 35.35, -4.4],
					"cubes": [
						{"origin": [0.8, 35.35, -4.4], "size": [1, 1, 1], "inflate": 0.015, "uv": [28, 38]}
					]
				},
				{
					"name": "eyelid_left_emote2",
					"parent": "eyelid_left",
					"pivot": [1.9, 35.35, -4.4],
					"cubes": [
						{"origin": [1.4, 35.35, -4.4], "size": [1, 1, 1], "inflate": 0.015, "uv": [28, 40]}
					]
				},
				{
					"name": "eyelid_left_emote3",
					"parent": "eyelid_left",
					"pivot": [2.9, 35.35, -4.4],
					"cubes": [
						{"origin": [2.4, 35.35, -4.4], "size": [1, 1, 1], "inflate": 0.015, "uv": [28, 42]}
					]
				},
				{
					"name": "muzzle",
					"parent": "head_angle",
					"pivot": [0, 35.6, -4.5],
					"rotation": [7.5, 0, 0],
					"cubes": [
						{"origin": [-1.5, 33.6, -7.9], "size": [3, 2, 4], "inflate": 0.01, "uv": [21, 1]}
					]
				},
				{
					"name": "fangs",
					"parent": "muzzle",
					"pivot": [-1.5, 34.4, -5.05]
				},
				{
					"name": "fang_left",
					"parent": "fangs",
					"pivot": [1.08, 34.6, -5.55],
					"rotation": [50, -37.5, -62.5],
					"cubes": [
						{"origin": [0.58, 34.1, -5.55], "size": [1, 1, 0], "uv": [2, 22]}
					]
				},
				{
					"name": "fang_right",
					"parent": "fangs",
					"pivot": [-1.08, 34.6, -5.55],
					"rotation": [50, 37.5, 62.5],
					"cubes": [
						{"origin": [-1.58, 34.1, -5.55], "size": [1, 1, 0], "uv": [0, 22], "mirror": true}
					]
				},
				{
					"name": "mouth",
					"parent": "head_angle",
					"pivot": [1, 31.7, -3.5]
				},
				{
					"name": "jaw",
					"parent": "mouth",
					"pivot": [0, 32.71, -4.49],
					"cubes": [
						{"origin": [-1, 32.82, -5.6], "size": [2, 1, 1], "inflate": 0.11, "uv": [0, 0]}
					]
				},
				{
					"name": "mouth_open",
					"parent": "mouth",
					"pivot": [0, 33.8, -4.4],
					"cubes": [
						{"origin": [-1, 32.8, -4.41], "size": [2, 1, 0], "uv": [15, 42]},
						{"origin": [-1.5, 33.8, -4.41], "size": [3, 1, 0], "uv": [15, 40]}
					]
				},
				{
					"name": "mouth_open2",
					"parent": "mouth",
					"pivot": [0, 33.8, -4.4],
					"cubes": [
						{"origin": [-1.5, 32.8, -4.42], "size": [3, 1, 0], "uv": [15, 41]},
						{"origin": [-1.5, 33.8, -4.42], "size": [3, 1, 0], "uv": [15, 39]}
					]
				},
				{
					"name": "teeth_clench",
					"parent": "mouth",
					"pivot": [0, 33.3, -4.41],
					"cubes": [
						{"origin": [-1.5, 32.8, -4.41], "size": [3, 1, 0], "uv": [15, 38]}
					]
				},
				{
					"name": "ears",
					"parent": "head_angle",
					"pivot": [1, 32.7, -1]
				},
				{
					"name": "ear_left",
					"parent": "ears",
					"pivot": [2, 39.7, 2],
					"rotation": [0, 0, 12.5],
					"cubes": [
						{"origin": [0.51, 38.95, -1], "size": [3, 5, 3], "uv": [28, 22]},
						{"origin": [0.26, 43.2, -0.99], "size": [2, 3, 2], "pivot": [1.26, 44.7, 0.01], "rotation": [0, 0, -25], "uv": [0, 35]}
					]
				},
				{
					"name": "ear_right",
					"parent": "ears",
					"pivot": [-2, 39.7, 2],
					"rotation": [0, 0, -12.5],
					"cubes": [
						{"origin": [-3.51, 38.95, -1], "size": [3, 5, 3], "uv": [16, 22], "mirror": true},
						{"origin": [-2.26, 43.2, -0.99], "size": [2, 3, 2], "pivot": [-1.26, 44.7, 0.01], "rotation": [0, 0, 25], "uv": [0, 40], "mirror": true}
					]
				},
				{
					"name": "aura_sensors",
					"parent": "head_angle",
					"pivot": [0, 38.4, 2.5]
				},
				{
					"name": "aura_sensor_left",
					"parent": "aura_sensors",
					"pivot": [3.1, 37.3, 2.1],
					"cubes": [
						{"origin": [2.1, 36.3, 1.1], "size": [2, 2, 4], "inflate": -0.1, "uv": [49, 38], "mirror": true}
					]
				},
				{
					"name": "aura_sensor_left2",
					"parent": "aura_sensor_left",
					"pivot": [3.1, 37.3, 4],
					"cubes": [
						{"origin": [1.6, 35.8, 4], "size": [3, 3, 7], "uv": [60, 54], "mirror": true}
					]
				},
				{
					"name": "aura_sensor_left3",
					"parent": "aura_sensor_left2",
					"pivot": [3.1, 37.3, 11],
					"cubes": [
						{"origin": [1.1, 37.3, 10], "size": [4, 0, 5], "uv": [89, 36]},
						{"origin": [0.1, 36.3, 10], "size": [4, 0, 5], "pivot": [3.1, 36.3, 11], "rotation": [0, 0, 90], "uv": [89, 36]}
					]
				},
				{
					"name": "aura_sensor_back_left",
					"parent": "aura_sensors",
					"pivot": [1.65, 37.7, 2.5],
					"cubes": [
						{"origin": [0.65, 36.7, 1.9], "size": [2, 2, 4], "inflate": -0.1, "uv": [65, 32], "mirror": true}
					]
				},
				{
					"name": "aura_sensor_back_left2",
					"parent": "aura_sensor_back_left",
					"pivot": [1.65, 37.7, 5.8],
					"cubes": [
						{"origin": [0.15, 36.2, 5.3], "size": [3, 3, 7], "uv": [73, 50], "mirror": true}
					]
				},
				{
					"name": "aura_sensor_back_left3",
					"parent": "aura_sensor_back_left2",
					"pivot": [1.5, 37.75, 12.25],
					"cubes": [
						{"origin": [-0.5, 37.75, 11.25], "size": [4, 0, 5], "uv": [73, 36]},
						{"origin": [-0.5, 37.75, 11.25], "size": [4, 0, 5], "pivot": [1.5, 37.75, 13.75], "rotation": [0, 0, 90], "uv": [73, 36]}
					]
				},
				{
					"name": "aura_sensor_right",
					"parent": "aura_sensors",
					"pivot": [-3.1, 37.3, 2.1],
					"cubes": [
						{"origin": [-4.1, 36.3, 1.1], "size": [2, 2, 4], "inflate": -0.1, "uv": [57, 36]}
					]
				},
				{
					"name": "aura_sensor_right2",
					"parent": "aura_sensor_right",
					"pivot": [-3.1, 37.3, 4],
					"cubes": [
						{"origin": [-4.6, 35.8, 4], "size": [3, 3, 7], "uv": [52, 44]}
					]
				},
				{
					"name": "aura_sensor_right3",
					"parent": "aura_sensor_right2",
					"pivot": [-3.1, 37.3, 11],
					"cubes": [
						{"origin": [-5.1, 37.3, 10], "size": [4, 0, 5], "uv": [97, 36]},
						{"origin": [-6.1, 38.3, 10], "size": [4, 0, 5], "pivot": [-3.1, 38.3, 11], "rotation": [0, 0, -90], "uv": [97, 36]}
					]
				},
				{
					"name": "aura_sensor_back_right",
					"parent": "aura_sensors",
					"pivot": [-1.65, 37.7, 2.5],
					"cubes": [
						{"origin": [-2.65, 36.7, 1.9], "size": [2, 2, 4], "inflate": -0.1, "uv": [81, 44]}
					]
				},
				{
					"name": "aura_sensor_back_right2",
					"parent": "aura_sensor_back_right",
					"pivot": [-1.65, 37.7, 5.8],
					"cubes": [
						{"origin": [-3.15, 36.2, 5.3], "size": [3, 3, 7], "uv": [65, 38]}
					]
				},
				{
					"name": "aura_sensor_back_right3",
					"parent": "aura_sensor_back_right2",
					"pivot": [-1.75, 37.5, 12],
					"cubes": [
						{"origin": [-3.75, 37.5, 11], "size": [4, 0, 5], "uv": [81, 36]},
						{"origin": [-4.75, 36.5, 11], "size": [4, 0, 5], "pivot": [-1.75, 36.5, 12], "rotation": [0, 0, 90], "uv": [81, 36]}
					]
				},
				{
					"name": "back1",
					"parent": "torso3",
					"pivot": [0, 30.4, 0.7],
					"rotation": [-60, 0, 0],
					"cubes": [
						{"origin": [-4.5, 29.4, -1.3], "size": [9, 4, 7], "uv": [93, 19]},
						{"origin": [-4.5, 33.65, -1.3], "size": [9, 0, 7], "pivot": [3.5, 33.65, -0.3], "rotation": [12.5, 0, 0], "uv": [66, 29]}
					]
				},
				{
					"name": "back2",
					"parent": "back1",
					"pivot": [0, 30.4, 5.7],
					"rotation": [25, 0, 0],
					"cubes": [
						{"origin": [-3, 30.4, 5.7], "size": [6, 2, 4], "uv": [91, 30]},
						{"origin": [-3, 31.65, 9.45], "size": [6, 0, 5], "pivot": [2, 31.65, 10.45], "rotation": [7.5, 0, 0], "uv": [106, 30]}
					]
				},
				{
					"name": "tail",
					"parent": "torso",
					"pivot": [0, 19.5, 3.5],
					"cubes": [
						{"origin": [-1, 18.5, 2.5], "size": [2, 2, 7], "uv": [37, 15]}
					]
				},
				{
					"name": "tail2",
					"parent": "tail",
					"pivot": [0, 19.45, 9],
					"cubes": [
						{"origin": [-1, 17.75, 9.1], "size": [2, 3, 6], "inflate": 0.1, "uv": [26, 40]}
					]
				},
				{
					"name": "tail3",
					"parent": "tail2",
					"pivot": [0, 19.35, 16.7],
					"cubes": [
						{"origin": [-1.5, 17, 14.7], "size": [3, 4, 7], "inflate": 0.01, "uv": [2, 38]}
					]
				},
				{
					"name": "tail_end",
					"parent": "tail3",
					"pivot": [0, 21, 21.7],
					"rotation": [90, 0, 0],
					"cubes": [
						{"origin": [-0.5, 14, 17.7], "size": [1, 7, 4], "uv": [118, 12]}
					]
				},
				{
					"name": "tail_end2",
					"parent": "tail_end",
					"pivot": [0, 14, 21.7],
					"cubes": [
						{"origin": [0, 9, 18.7], "size": [0, 5, 3], "uv": [0, -1]}
					]
				},
				{
					"name": "legs",
					"parent": "body",
					"pivot": [0, 18.5, 0.3]
				},
				{
					"name": "leg_left",
					"parent": "legs",
					"pivot": [3.5, 20, -1],
					"cubes": [
						{"origin": [0, 13, -4], "size": [7, 7, 8], "uv": [30, 49]},
						{"origin": [0.5, 12, -3], "size": [6, 1, 6], "uv": [94, 12]}
					]
				},
				{
					"name": "leg_left2",
					"parent": "leg_left",
					"pivot": [3.5, 20, 0],
					"cubes": [
						{"origin": [1.5, 10.3, -1.5], "size": [4, 4, 3], "uv": [64, 14]}
					]
				},
				{
					"name": "leg_left3",
					"parent": "leg_left2",
					"pivot": [3.5, 10.3, -1.5],
					"rotation": [50, 0, 0],
					"cubes": [
						{"origin": [1.5, 6.3, -1.5], "size": [4, 4, 3], "inflate": 0.01, "uv": [85, 0]}
					]
				},
				{
					"name": "leg_left4",
					"parent": "leg_left3",
					"pivot": [3.5, 6.3, 1.5],
					"rotation": [-50, 0, 0],
					"cubes": [
						{"origin": [1.5, -2.7, -1.5], "size": [4, 9, 3], "uv": [99, 0], "mirror": true}
					]
				},
				{
					"name": "foot_left",
					"parent": "leg_left4",
					"pivot": [3.5, -1.7, 1],
					"cubes": [
						{"origin": [1, -3.7, -4], "size": [5, 3, 5], "inflate": -0.01, "uv": [73, 16]},
						{"origin": [2.5, -0.95, -3], "size": [2, 2, 2], "pivot": [3.5, -0.95, -2], "rotation": [25, 0, 0], "uv": [0, 53]},
						{"origin": [3, 0.8, -3.25], "size": [1, 2, 1], "pivot": [3, 0.8, -2.25], "rotation": [12.5, 0, 0], "uv": [44, 46]}
					]
				},
				{
					"name": "leg_right",
					"parent": "legs",
					"pivot": [-3.5, 20, -1],
					"cubes": [
						{"origin": [-7, 13, -4], "size": [7, 7, 8], "uv": [0, 49], "mirror": true},
						{"origin": [-6.5, 12, -3], "size": [6, 1, 6], "uv": [94, 12]}
					]
				},
				{
					"name": "leg_right2",
					"parent": "leg_right",
					"pivot": [-3.5, 20, 0],
					"cubes": [
						{"origin": [-5.5, 10.3, -1.5], "size": [4, 4, 3], "uv": [66, 7], "mirror": true}
					]
				},
				{
					"name": "leg_right3",
					"parent": "leg_right2",
					"pivot": [-3.5, 10.3, -1.5],
					"rotation": [50, 0, 0],
					"cubes": [
						{"origin": [-5.5, 6.3, -1.5], "size": [4, 4, 3], "inflate": 0.01, "uv": [71, 0], "mirror": true}
					]
				},
				{
					"name": "leg_right4",
					"parent": "leg_right3",
					"pivot": [-3.5, 6.3, 1.5],
					"rotation": [-50, 0, 0],
					"cubes": [
						{"origin": [-5.5, -2.7, -1.5], "size": [4, 9, 3], "uv": [113, 0]}
					]
				},
				{
					"name": "foot_right",
					"parent": "leg_right4",
					"pivot": [-3.5, -1.7, 1],
					"cubes": [
						{"origin": [-6, -3.7, -4], "size": [5, 3, 5], "inflate": -0.01, "uv": [80, 7], "mirror": true},
						{"origin": [-4.5, -0.95, -3], "size": [2, 2, 2], "pivot": [-3.5, -0.95, -2], "rotation": [25, 0, 0], "uv": [0, 49]},
						{"origin": [-4, 0.8, -3.25], "size": [1, 2, 1], "pivot": [-4, 0.8, -2.25], "rotation": [12.5, 0, 0], "uv": [48, 46]}
					]
				}
			]
		}
	]
}