{
	"format_version": "1.12.0",
	"minecraft:geometry": [
		{
			"description": {
				"identifier": "geometry.lurantis_lunar",
				"texture_width": 64,
				"texture_height": 64,
				"visible_bounds_width": 4,
				"visible_bounds_height": 3.5,
				"visible_bounds_offset": [0, 1.25, 0]
			},
			"bones": [
				{
					"name": "lurantis",
					"pivot": [0, 0, 0]
				},
				{
					"name": "body",
					"parent": "lurantis",
					"pivot": [0, 0, 0]
				},
				{
					"name": "torso",
					"parent": "body",
					"pivot": [0, 12.75, -0.25],
					"cubes": [
						{"origin": [-1, 14, -1], "size": [2, 4, 2], "inflate": 0.01, "uv": [0, 36]},
						{"origin": [-0.5, 17.02, -1.02], "size": [1, 1, 1], "uv": [42, 20]}
					]
				},
				{
					"name": "right_arm",
					"parent": "torso",
					"pivot": [-1, 17.5, 0],
					"cubes": [
						{"origin": [-4, 17.5, -0.5], "size": [3, 0, 1], "uv": [5, 37]}
					]
				},
				{
					"name": "right_elbow",
					"parent": "right_arm",
					"pivot": [-4, 17.5, 0],
					"cubes": [
						{"origin": [-8, 17.5, -0.5], "size": [4, 0, 1], "uv": [37, 19]}
					]
				},
				{
					"name": "right_claw",
					"parent": "right_elbow",
					"pivot": [-8, 17.5, 0],
					"cubes": [
						{"origin": [-16, 14.5, -1.5], "size": [4, 4, 3], "uv": [14, 22]},
						{"origin": [-12, 15.5, -1.5], "size": [4, 3, 3], "uv": [25, 26]}
					]
				},
				{
					"name": "right_claw_bend",
					"parent": "right_claw",
					"pivot": [-16, 18.5, 0],
					"rotation": [0, 0, -20],
					"cubes": [
						{"origin": [-19, 15.5, -1], "size": [3, 3, 2], "uv": [34, 0]},
						{"origin": [-19, 18.51, -0.5], "size": [3, 0, 1], "uv": [49, 2]},
						{"origin": [-21, 16.5, -1], "size": [2, 2, 2], "uv": [38, 11]},
						{"origin": [-23, 17.5, 0], "size": [2, 1, 0], "pivot": [-21, 18.5, 0], "rotation": [0, 0, -22.5], "uv": [44, 11]}
					]
				},
				{
					"name": "left_arm",
					"parent": "torso",
					"pivot": [1, 17.5, 0],
					"cubes": [
						{"origin": [1, 17.5, -0.5], "size": [3, 0, 1], "uv": [5, 36]}
					]
				},
				{
					"name": "left_elbow",
					"parent": "left_arm",
					"pivot": [4, 17.5, 0],
					"cubes": [
						{"origin": [4, 17.5, -0.5], "size": [4, 0, 1], "uv": [37, 18]}
					]
				},
				{
					"name": "left_claw",
					"parent": "left_elbow",
					"pivot": [8, 17.5, 0],
					"cubes": [
						{"origin": [12, 14.5, -1.5], "size": [4, 4, 3], "uv": [0, 22]},
						{"origin": [8, 15.5, -1.5], "size": [4, 3, 3], "uv": [20, 0]}
					]
				},
				{
					"name": "left_claw_bend",
					"parent": "left_claw",
					"pivot": [16, 18.5, 0],
					"rotation": [0, 0, 20],
					"cubes": [
						{"origin": [16, 15.5, -1], "size": [3, 3, 2], "uv": [30, 32]},
						{"origin": [16, 18.51, -0.5], "size": [3, 0, 1], "uv": [49, 3], "mirror": true},
						{"origin": [19, 16.5, -1], "size": [2, 2, 2], "uv": [30, 37]},
						{"origin": [21, 17.5, 0], "size": [2, 1, 0], "pivot": [21, 18.5, 0], "rotation": [0, 0, 22.5], "uv": [43, 6]}
					]
				},
				{
					"name": "back_petals",
					"parent": "torso",
					"pivot": [0, 15.25, 1],
					"rotation": [-25, 0, -180]
				},
				{
					"name": "top_left_petal",
					"parent": "back_petals",
					"pivot": [0, 15.25, 1],
					"rotation": [-25, -10, 32],
					"cubes": [
						{"origin": [-1.5, 15.25, 1], "size": [3, 5, 0], "uv": [24, 36]}
					]
				},
				{
					"name": "top_left_petal2",
					"parent": "top_left_petal",
					"pivot": [0, 20.25, 1],
					"cubes": [
						{"origin": [-1.5, 20.25, 1], "size": [3, 4, 0], "uv": [24, 32]}
					]
				},
				{
					"name": "top_right_petal",
					"parent": "back_petals",
					"pivot": [0, 15.25, 1],
					"rotation": [-25, 10, -32],
					"cubes": [
						{"origin": [-1.5, 15.25, 1], "size": [3, 5, 0], "uv": [32, 17]}
					]
				},
				{
					"name": "top_right_petal2",
					"parent": "top_right_petal",
					"pivot": [0, 20.25, 1],
					"cubes": [
						{"origin": [-1.5, 20.25, 1], "size": [3, 4, 0], "uv": [32, 13]}
					]
				},
				{
					"name": "bottom_right_petal",
					"parent": "back_petals",
					"pivot": [0.5, 15.25, 1],
					"rotation": [-45, 25, -130],
					"cubes": [
						{"origin": [-1, 15.25, 1], "size": [3, 7, 0], "uv": [18, 35]}
					]
				},
				{
					"name": "bottom_right_petal_bend",
					"parent": "bottom_right_petal",
					"pivot": [0.5, 22.25, 1],
					"cubes": [
						{"origin": [-1, 22.25, 1], "size": [3, 6, 0], "uv": [18, 29]}
					]
				},
				{
					"name": "bottom_left_petal",
					"parent": "back_petals",
					"pivot": [-0.5, 15.25, 1],
					"rotation": [-45, -25, 130],
					"cubes": [
						{"origin": [-2, 15.25, 1], "size": [3, 7, 0], "uv": [12, 35]}
					]
				},
				{
					"name": "bottom_left_petal_bend",
					"parent": "bottom_left_petal",
					"pivot": [-0.5, 22.25, 1],
					"cubes": [
						{"origin": [-2, 22.25, 1], "size": [3, 6, 0], "uv": [12, 29]}
					]
				},
				{
					"name": "petals_flowering",
					"parent": "back_petals",
					"pivot": [0, 15.25, 1]
				},
				{
					"name": "bottom_right_petal2",
					"parent": "petals_flowering",
					"pivot": [0, 15.25, 1],
					"rotation": [36, -20, 90],
					"cubes": [
						{"origin": [-1.5, 8.25, 1], "size": [3, 7, 0], "uv": [6, 45]}
					]
				},
				{
					"name": "bottom_right_petal2_bend",
					"parent": "bottom_right_petal2",
					"pivot": [0, 8.25, 1],
					"cubes": [
						{"origin": [-1.5, 2.25, 1], "size": [3, 6, 0], "uv": [6, 52]}
					]
				},
				{
					"name": "bottom_left_petal2",
					"parent": "petals_flowering",
					"pivot": [0, 15.25, 1],
					"rotation": [36, 20, -90],
					"cubes": [
						{"origin": [-1.5, 8.25, 1], "size": [3, 7, 0], "uv": [0, 45]}
					]
				},
				{
					"name": "bottom_left_petal2_bend",
					"parent": "bottom_left_petal2",
					"pivot": [0, 8.25, 1],
					"cubes": [
						{"origin": [-1.5, 2.25, 1], "size": [3, 6, 0], "uv": [0, 52]}
					]
				},
				{
					"name": "butt",
					"parent": "torso",
					"pivot": [0, 14.25, -0.75]
				},
				{
					"name": "butt_bend",
					"parent": "butt",
					"pivot": [0, 13.75, -0.5],
					"rotation": [35, 0, 0],
					"cubes": [
						{"origin": [-1, 10.75, -1], "size": [2, 3, 2], "uv": [36, 20]},
						{"origin": [-0.5, 10, -0.5], "size": [1, 1, 1], "uv": [0, 11]}
					]
				},
				{
					"name": "skirt",
					"parent": "butt",
					"pivot": [1, 14, 0]
				},
				{
					"name": "right_skirt",
					"parent": "skirt",
					"pivot": [-1, 14, 0],
					"rotation": [0, 15, 0],
					"cubes": [
						{"origin": [-4.5, 12, -1], "size": [4, 2, 0], "pivot": [-1.5, 14, -1], "rotation": [-55, 0, 0], "uv": [16, 42]},
						{"origin": [-4.5, 12, 1], "size": [4, 2, 0], "pivot": [-1.5, 14, 1], "rotation": [55, 0, 0], "uv": [42, 0]},
						{"origin": [-4.5, 14, -1], "size": [4, 0, 2], "uv": [26, 24]}
					]
				},
				{
					"name": "right_skirt_bend",
					"parent": "right_skirt",
					"pivot": [-4.5, 14, -1],
					"rotation": [0, 0, -27.5],
					"cubes": [
						{"origin": [-8.5, 11, -1], "size": [4, 3, 0], "pivot": [-4.5, 14, -1], "rotation": [-55, 0, 0], "uv": [40, 32]},
						{"origin": [-8.5, 11, 1], "size": [4, 3, 0], "pivot": [-4.5, 14, 1], "rotation": [55, 0, 0], "uv": [39, 29]},
						{"origin": [-8.5, 14, -1], "size": [4, 0, 2], "uv": [23, 22]}
					]
				},
				{
					"name": "right_skirt2",
					"parent": "skirt",
					"pivot": [-2, 13.5, -0.5],
					"rotation": [20, -37, -32],
					"cubes": [
						{"origin": [-5.5, 11.5, -1.5], "size": [4, 2, 0], "pivot": [-2.5, 13.5, -1.5], "rotation": [-55, 0, 0], "uv": [16, 42]},
						{"origin": [-5.5, 11.5, 0.5], "size": [4, 2, 0], "pivot": [-2.5, 13.5, 0.5], "rotation": [55, 0, 0], "uv": [42, 0]},
						{"origin": [-5.5, 13.5, -1.5], "size": [4, 0, 2], "uv": [26, 24]}
					]
				},
				{
					"name": "right_skirt_bend2",
					"parent": "right_skirt2",
					"pivot": [-5.5, 13.5, -1.5],
					"cubes": [
						{"origin": [-9.5, 10.5, -1.5], "size": [4, 3, 0], "pivot": [-5.5, 13.5, -1.5], "rotation": [-55, 0, 0], "uv": [40, 32]},
						{"origin": [-9.5, 10.5, 0.5], "size": [4, 3, 0], "pivot": [-5.5, 13.5, 0.5], "rotation": [55, 0, 0], "uv": [39, 29]},
						{"origin": [-9.5, 13.5, -1.5], "size": [4, 0, 2], "uv": [23, 22]}
					]
				},
				{
					"name": "right_skirt3",
					"parent": "skirt",
					"pivot": [-2, 13.5, 0.5],
					"rotation": [-20, 37, -32],
					"cubes": [
						{"origin": [-5.5, 11.5, 1.5], "size": [4, 2, 0], "pivot": [-2.5, 13.5, 1.5], "rotation": [55, 0, 0], "uv": [16, 42]},
						{"origin": [-5.5, 11.5, -0.5], "size": [4, 2, 0], "pivot": [-2.5, 13.5, -0.5], "rotation": [-55, 0, 0], "uv": [42, 0]},
						{"origin": [-5.5, 13.5, -0.5], "size": [4, 0, 2], "uv": [26, 24]}
					]
				},
				{
					"name": "right_skirt_bend3",
					"parent": "right_skirt3",
					"pivot": [-5.5, 13.5, 1.5],
					"cubes": [
						{"origin": [-9.5, 10.5, 1.5], "size": [4, 3, 0], "pivot": [-5.5, 13.5, 1.5], "rotation": [55, 0, 0], "uv": [40, 32]},
						{"origin": [-9.5, 10.5, -0.5], "size": [4, 3, 0], "pivot": [-5.5, 13.5, -0.5], "rotation": [-55, 0, 0], "uv": [39, 29]},
						{"origin": [-9.5, 13.5, -0.5], "size": [4, 0, 2], "uv": [23, 22]}
					]
				},
				{
					"name": "left_skirt",
					"parent": "skirt",
					"pivot": [1, 14, 0],
					"rotation": [0, -15, 0],
					"cubes": [
						{"origin": [0.5, 12, -1], "size": [4, 2, 0], "pivot": [1.5, 14, -1], "rotation": [-55, 0, 0], "uv": [40, 35]},
						{"origin": [0.5, 12, 1], "size": [4, 2, 0], "pivot": [1.5, 14, 1], "rotation": [55, 0, 0], "uv": [40, 9]},
						{"origin": [0.5, 14, -1], "size": [4, 0, 2], "uv": [10, 13]}
					]
				},
				{
					"name": "left_skirt_bend",
					"parent": "left_skirt",
					"pivot": [4.5, 14, -1],
					"rotation": [0, 0, 27.5],
					"cubes": [
						{"origin": [4.5, 11, -1], "size": [4, 3, 0], "pivot": [4.5, 14, -1], "rotation": [-55, 0, 0], "uv": [38, 37]},
						{"origin": [4.5, 11, 1], "size": [4, 3, 0], "pivot": [4.5, 14, 1], "rotation": [55, 0, 0], "uv": [38, 15]},
						{"origin": [4.5, 14, -1], "size": [4, 0, 2], "uv": [10, 11]}
					]
				},
				{
					"name": "left_skirt2",
					"parent": "skirt",
					"pivot": [2, 13.5, -0.5],
					"rotation": [20, 37, 32],
					"cubes": [
						{"origin": [1.5, 11.5, -1.5], "size": [4, 2, 0], "pivot": [2.5, 13.5, -1.5], "rotation": [-55, 0, 0], "uv": [40, 35]},
						{"origin": [1.5, 11.5, 0.5], "size": [4, 2, 0], "pivot": [2.5, 13.5, 0.5], "rotation": [55, 0, 0], "uv": [40, 9]},
						{"origin": [1.5, 13.5, -1.5], "size": [4, 0, 2], "uv": [10, 13]}
					]
				},
				{
					"name": "left_skirt_bend2",
					"parent": "left_skirt2",
					"pivot": [5.5, 13.5, -1.5],
					"cubes": [
						{"origin": [5.5, 10.5, -1.5], "size": [4, 3, 0], "pivot": [5.5, 13.5, -1.5], "rotation": [-55, 0, 0], "uv": [38, 37]},
						{"origin": [5.5, 10.5, 0.5], "size": [4, 3, 0], "pivot": [5.5, 13.5, 0.5], "rotation": [55, 0, 0], "uv": [38, 15]},
						{"origin": [5.5, 13.5, -1.5], "size": [4, 0, 2], "uv": [10, 11]}
					]
				},
				{
					"name": "left_skirt3",
					"parent": "skirt",
					"pivot": [2, 13.5, 0.5],
					"rotation": [-20, -37, 32],
					"cubes": [
						{"origin": [1.5, 11.5, 1.5], "size": [4, 2, 0], "pivot": [2.5, 13.5, 1.5], "rotation": [55, 0, 0], "uv": [40, 35]},
						{"origin": [1.5, 11.5, -0.5], "size": [4, 2, 0], "pivot": [2.5, 13.5, -0.5], "rotation": [-55, 0, 0], "uv": [40, 9]},
						{"origin": [1.5, 13.5, -0.5], "size": [4, 0, 2], "uv": [10, 13]}
					]
				},
				{
					"name": "left_skirt_bend3",
					"parent": "left_skirt3",
					"pivot": [5.5, 13.5, 1.5],
					"cubes": [
						{"origin": [5.5, 10.5, 1.5], "size": [4, 3, 0], "pivot": [5.5, 13.5, 1.5], "rotation": [55, 0, 0], "uv": [38, 37]},
						{"origin": [5.5, 10.5, -0.5], "size": [4, 3, 0], "pivot": [5.5, 13.5, -0.5], "rotation": [-55, 0, 0], "uv": [38, 15]},
						{"origin": [5.5, 13.5, -0.5], "size": [4, 0, 2], "uv": [10, 11]}
					]
				},
				{
					"name": "neck",
					"parent": "torso",
					"pivot": [0, 18, -0.25],
					"cubes": [
						{"origin": [-0.5, 17.5, -0.5], "size": [1, 2, 1], "uv": [15, 44]}
					]
				},
				{
					"name": "head",
					"parent": "neck",
					"pivot": [0, 18.5, 0],
					"cubes": [
						{"origin": [-3.5, 18.5, -3], "size": [7, 5, 6], "uv": [0, 0]}
					]
				},
				{
					"name": "side_antenna_left",
					"parent": "head",
					"pivot": [3.5, 22, -1],
					"rotation": [0, 0, 40],
					"cubes": [
						{"origin": [3.5, 19, -1], "size": [4, 3, 0], "uv": [8, 42]}
					]
				},
				{
					"name": "side_antenna_left_bend",
					"parent": "side_antenna_left",
					"pivot": [7.5, 22, -0.75],
					"rotation": [0, 0, 20],
					"cubes": [
						{"origin": [7.5, 19, -1], "size": [4, 3, 0], "uv": [0, 42]}
					]
				},
				{
					"name": "side_antenna_right",
					"parent": "head",
					"pivot": [-3.5, 22, -1],
					"rotation": [0, 0, -40],
					"cubes": [
						{"origin": [-7.5, 19, -1], "size": [4, 3, 0], "uv": [24, 41]}
					]
				},
				{
					"name": "side_antenna_right_bend",
					"parent": "side_antenna_right",
					"pivot": [-7.5, 22, -0.75],
					"rotation": [0, 0, -20],
					"cubes": [
						{"origin": [-11.5, 19, -1], "size": [4, 3, 0], "uv": [38, 40]}
					]
				},
				{
					"name": "left_eye",
					"parent": "head",
					"pivot": [1, 19.5, -3.5],
					"rotation": [0, 0, -5],
					"cubes": [
						{"origin": [1.25, 19.25, -3.01], "size": [2, 2, 0], "uv": [31, 0]}
					]
				},
				{
					"name": "highlight_left",
					"parent": "left_eye",
					"pivot": [0.25, 5, 0.25],
					"cubes": [
						{"origin": [2.5, 19.75, -3.26], "size": [1, 1, 0], "uv": [0, 24]}
					]
				},
				{
					"name": "left_eye_open",
					"parent": "left_eye",
					"pivot": [0.35, 5.75, 0.45],
					"cubes": [
						{"origin": [1.65, 19.5, -3.02], "size": [1, 1, 0], "uv": [0, 22]}
					]
				},
				{
					"name": "left_eye_closed",
					"parent": "left_eye",
					"pivot": [1.1, 6, 0.55],
					"cubes": [
						{"origin": [1.4, 19.75, -2.92], "size": [2, 1, 0], "uv": [8, 41]}
					]
				},
				{
					"name": "left_eye_transparency",
					"parent": "left_eye",
					"pivot": [0.25, 5.75, 0.25],
					"cubes": [
						{"origin": [1.59962, 19.50872, -3], "size": [2, 1, 1], "inflate": 0.25, "uv": [43, 24]}
					]
				},
				{
					"name": "right_eye",
					"parent": "head",
					"pivot": [-1.1, 19.5, -3.5],
					"rotation": [0, 0, 5],
					"cubes": [
						{"origin": [-3.25038, 19.24128, -3.01], "size": [2, 2, 0], "uv": [28, 13]}
					]
				},
				{
					"name": "highlight_right",
					"parent": "right_eye",
					"pivot": [-0.35, 5, 0.25],
					"cubes": [
						{"origin": [-3.50038, 19.74128, -3.26], "size": [1, 1, 0], "uv": [20, 2]}
					]
				},
				{
					"name": "right_eye_open",
					"parent": "right_eye",
					"pivot": [-0.45, 5.75, 0.45],
					"cubes": [
						{"origin": [-2.65038, 19.49128, -3.02], "size": [1, 1, 0], "uv": [0, 4]}
					]
				},
				{
					"name": "right_eye_closed",
					"parent": "right_eye",
					"pivot": [-1.2, 6, 0.55],
					"cubes": [
						{"origin": [-3.40038, 19.74128, -2.92], "size": [2, 1, 0], "uv": [34, 5]}
					]
				},
				{
					"name": "right_eye_transparency",
					"parent": "right_eye",
					"pivot": [-0.35, 5.75, 0.25],
					"cubes": [
						{"origin": [-3.50038, 19.49128, -3], "size": [2, 1, 1], "inflate": 0.25, "uv": [11, 22]}
					]
				},
				{
					"name": "back_antenna_left",
					"parent": "head",
					"pivot": [2, 23.25, 0.5],
					"rotation": [-50, 32, 16],
					"cubes": [
						{"origin": [1, 23.25, 0.5], "size": [3, 4, 0], "uv": [44, 2]},
						{"origin": [3.25, 27, 0.5], "size": [1, 2, 0], "inflate": 0.01, "pivot": [3.5, 27.25, 0.5], "rotation": [0, 0, 35], "uv": [26, 9]}
					]
				},
				{
					"name": "back_antenna_left_bend",
					"parent": "back_antenna_left",
					"pivot": [2.5, 27.25, 0.5],
					"rotation": [-50, 0, 0],
					"cubes": [
						{"origin": [1, 27.25, 0.5], "size": [3, 4, 0], "uv": [38, 43]}
					]
				},
				{
					"name": "front_antenna_left",
					"parent": "head",
					"pivot": [2, 23.25, -0.5],
					"rotation": [50, -32, 16],
					"cubes": [
						{"origin": [1, 23.25, -0.5], "size": [3, 4, 0], "uv": [6, 60]},
						{"origin": [3.25, 27, -0.5], "size": [1, 2, 0], "inflate": 0.01, "pivot": [3.5, 27.25, -0.5], "rotation": [0, 0, 35], "uv": [2, 58]}
					]
				},
				{
					"name": "front_antenna_left_bend",
					"parent": "front_antenna_left",
					"pivot": [2.5, 27.25, -0.5],
					"rotation": [50, 0, 0],
					"cubes": [
						{"origin": [1, 27.25, -0.5], "size": [3, 4, 0], "uv": [18, 60]}
					]
				},
				{
					"name": "back_antenna_right",
					"parent": "head",
					"pivot": [-2, 23.25, 0.5],
					"rotation": [-50, -32, -16],
					"cubes": [
						{"origin": [-4, 23.25, 0.5], "size": [3, 4, 0], "uv": [32, 41]},
						{"origin": [-4.25, 27, 0.5], "size": [1, 2, 0], "inflate": 0.01, "pivot": [-3.5, 27.25, 0.5], "rotation": [0, 0, -35], "uv": [20, 0]}
					]
				},
				{
					"name": "back_antenna_right_bend",
					"parent": "back_antenna_right",
					"pivot": [-2.5, 27.25, 0.5],
					"rotation": [-50, 0, 0],
					"cubes": [
						{"origin": [-4, 27.25, 0.5], "size": [3, 4, 0], "uv": [0, 0]}
					]
				},
				{
					"name": "front_antenna_right",
					"parent": "head",
					"pivot": [-2, 23.25, -0.5],
					"rotation": [50, 32, -16],
					"cubes": [
						{"origin": [-4, 23.25, -0.5], "size": [3, 4, 0], "uv": [0, 60]},
						{"origin": [-4.25, 27, -0.5], "size": [1, 2, 0], "inflate": 0.01, "pivot": [-3.5, 27.25, -0.5], "rotation": [0, 0, -35], "uv": [0, 58]}
					]
				},
				{
					"name": "front_antenna_right_bend",
					"parent": "front_antenna_right",
					"pivot": [-2.5, 27.25, -0.5],
					"rotation": [50, 0, 0],
					"cubes": [
						{"origin": [-4, 27.25, -0.5], "size": [3, 4, 0], "uv": [12, 60]}
					]
				},
				{
					"name": "antenna_left",
					"parent": "head",
					"pivot": [1.5, 23.5, -1.5],
					"rotation": [20, -28, 5],
					"cubes": [
						{"origin": [1, 23.5, -1.5], "size": [1, 2, 0], "uv": [33, 22]}
					]
				},
				{
					"name": "antenna_left_bend",
					"parent": "antenna_left",
					"pivot": [1.5, 25.5, -1.5],
					"rotation": [-60, 0, 0],
					"cubes": [
						{"origin": [1, 25.5, -1.5], "size": [1, 2, 0], "uv": [30, 32]}
					]
				},
				{
					"name": "antenna_right",
					"parent": "head",
					"pivot": [-1.5, 23.5, -1.5],
					"rotation": [20, 28, -5],
					"cubes": [
						{"origin": [-2, 23.5, -1.5], "size": [1, 2, 0], "uv": [9, 29]}
					]
				},
				{
					"name": "antenna_right_bend",
					"parent": "antenna_right",
					"pivot": [-1.5, 25.5, -1.5],
					"rotation": [-60, 0, 0],
					"cubes": [
						{"origin": [-2, 25.5, -1.5], "size": [1, 2, 0], "uv": [0, 29]}
					]
				},
				{
					"name": "left_leg",
					"parent": "body",
					"pivot": [1, 13, 0],
					"cubes": [
						{"origin": [1, 7, -1.5], "size": [3, 4, 3], "uv": [0, 29]},
						{"origin": [1, 11, -1], "size": [2, 2, 2], "uv": [37, 5]}
					]
				},
				{
					"name": "left_knee",
					"parent": "left_leg",
					"pivot": [2.5, 7, -1.5],
					"cubes": [
						{"origin": [0.5, 0, -2], "size": [4, 7, 4], "uv": [16, 11]}
					]
				},
				{
					"name": "left_foot",
					"parent": "left_knee",
					"pivot": [2.5, 0, -2],
					"cubes": [
						{"origin": [2, 0.02, -4], "size": [1, 0, 2], "uv": [2, 4]}
					]
				},
				{
					"name": "right_leg",
					"parent": "body",
					"pivot": [-1, 13, 0],
					"cubes": [
						{"origin": [-4, 7, -1.5], "size": [3, 4, 3], "uv": [28, 6]},
						{"origin": [-3, 11, -1], "size": [2, 2, 2], "uv": [36, 25]}
					]
				},
				{
					"name": "right_knee",
					"parent": "right_leg",
					"pivot": [-2.5, 7, -1.5],
					"cubes": [
						{"origin": [-4.5, 0, -2], "size": [4, 7, 4], "uv": [0, 11]}
					]
				},
				{
					"name": "right_foot",
					"parent": "right_knee",
					"pivot": [-2.5, 0, -2],
					"cubes": [
						{"origin": [-3, 0.02, -4], "size": [1, 0, 2], "uv": [0, 4]}
					]
				}
			]
		}
	]
}