{
	"format_version": "1.12.0",
	"minecraft:geometry": [
		{
			"description": {
				"identifier": "geometry.noseferatu",
				"texture_width": 128,
				"texture_height": 64,
				"visible_bounds_width": 4,
				"visible_bounds_height": 7,
				"visible_bounds_offset": [0, 1.5, 0]
			},
			"bones": [
				{
					"name": "noseferatu",
					"pivot": [0, 0, 0]
				},
				{
					"name": "body",
					"parent": "noseferatu",
					"pivot": [0, 48, -1]
				},
				{
					"name": "torso",
					"parent": "body",
					"pivot": [0, 43, -1],
					"cubes": [
						{"origin": [-6, 49.55187, -5.82133], "size": [12, 9, 8], "pivot": [0, 54.05187, -1.32133], "rotation": [55, 0, 0], "uv": [57, 0]},
						{"origin": [-6, 48.5, -5.75], "size": [12, 4, 3], "uv": [0, 7]},
						{"origin": [-6, 48.49, -3], "size": [12, 11, 8], "inflate": 0.02, "uv": [0, 23]},
						{"origin": [-6.5, 40, -8], "size": [13, 9, 14], "uv": [0, 0]},
						{"origin": [-2.5, 44, -9.25], "size": [5, 8, 5], "pivot": [0, 48, -6.75], "rotation": [-52.34365, -31.42176, 34.04258], "uv": [58, 17]},
						{"origin": [-3.5, 43.5, -10.8], "size": [7, 3, 7], "pivot": [0, 48.25, -7.25], "rotation": [-20.75357, -43.07952, 14.51082], "uv": [54, 30]}
					]
				},
				{
					"name": "eyes",
					"parent": "torso",
					"pivot": [0, 50.23352, -6.625],
					"rotation": [-2.5, 0, 0]
				},
				{
					"name": "eye_right",
					"parent": "eyes",
					"pivot": [-4.45, 50.65, -6.1],
					"cubes": [
						{"origin": [-5.7, 50, -6.1], "size": [3, 1, 0], "pivot": [-4.45, 50.65, -6.1], "rotation": [0, 0, 10], "uv": [0, 0], "mirror": true}
					]
				},
				{
					"name": "eye_left",
					"parent": "eyes",
					"pivot": [4, 50.23352, -6.625],
					"cubes": [
						{"origin": [2.7, 50, -6.1], "size": [3, 1, 0], "pivot": [4.45, 50.65, -6.1], "rotation": [0, 0, -10], "uv": [0, 1]}
					]
				},
				{
					"name": "arm_right",
					"parent": "torso",
					"pivot": [-7, 48, 0.5],
					"cubes": [
						{"origin": [-16.5, 48, -2], "size": [10, 3, 5], "uv": [98, 32]}
					]
				},
				{
					"name": "sleeve_right",
					"parent": "arm_right",
					"pivot": [-12, 49.5, 3],
					"cubes": [
						{"origin": [-13.5, 49.5, 3], "size": [7, 0, 4], "uv": [37, 8]}
					]
				},
				{
					"name": "arm_left",
					"parent": "torso",
					"pivot": [7, 48, 0.5],
					"cubes": [
						{"origin": [6.5, 48, -2], "size": [10, 3, 5], "uv": [98, 24], "mirror": true}
					]
				},
				{
					"name": "sleeve_left",
					"parent": "arm_left",
					"pivot": [12, 49.5, 3],
					"cubes": [
						{"origin": [6.5, 49.5, 3], "size": [7, 0, 4], "uv": [37, 4]}
					]
				},
				{
					"name": "flame",
					"parent": "torso",
					"pivot": [0, 65, 0],
					"cubes": [
						{"origin": [-6, 65, -6], "size": [12, 0, 12], "uv": [-8, 46]}
					]
				},
				{
					"name": "cloak_back",
					"parent": "torso",
					"pivot": [0, 40, 6],
					"cubes": [
						{"origin": [-6.5, 30, 6], "size": [13, 10, 0], "uv": [102, 40]}
					]
				},
				{
					"name": "cloak_back2",
					"parent": "cloak_back",
					"pivot": [0, 30, 6],
					"cubes": [
						{"origin": [-6.5, 20, 6], "size": [13, 10, 0], "uv": [102, 40]}
					]
				},
				{
					"name": "cloak_back3",
					"parent": "cloak_back2",
					"pivot": [0, 20, 6],
					"cubes": [
						{"origin": [-6.5, 10, 6], "size": [13, 10, 0], "uv": [102, 40]}
					]
				},
				{
					"name": "cloak_back4",
					"parent": "cloak_back3",
					"pivot": [0, 10, 6],
					"cubes": [
						{"origin": [-6.5, 0, 6], "size": [13, 10, 0], "uv": [102, 50]}
					]
				},
				{
					"name": "cloak_left",
					"parent": "torso",
					"pivot": [6.5, 40, 1.5],
					"cubes": [
						{"origin": [6.5, 30, -3], "size": [0, 10, 9], "uv": [84, 31]}
					]
				},
				{
					"name": "cloak_left2",
					"parent": "cloak_left",
					"pivot": [6.5, 30, 1.5],
					"cubes": [
						{"origin": [6.5, 20, -3], "size": [0, 10, 9], "uv": [84, 31]}
					]
				},
				{
					"name": "cloak_left_3",
					"parent": "cloak_left2",
					"pivot": [6.5, 20, 1.5],
					"cubes": [
						{"origin": [6.5, 10, -3], "size": [0, 10, 9], "uv": [84, 41]}
					]
				},
				{
					"name": "cloak_right",
					"parent": "torso",
					"pivot": [-6.5, 40, 1.5],
					"cubes": [
						{"origin": [-6.5, 30, -3], "size": [0, 10, 9], "uv": [66, 31], "mirror": true}
					]
				},
				{
					"name": "cloak_right2",
					"parent": "cloak_right",
					"pivot": [-6.5, 30, 1.5],
					"cubes": [
						{"origin": [-6.5, 20, -3], "size": [0, 10, 9], "uv": [66, 31], "mirror": true}
					]
				},
				{
					"name": "cloak_right3",
					"parent": "cloak_right2",
					"pivot": [-6.5, 20, 1.5],
					"cubes": [
						{"origin": [-6.5, 10, -3], "size": [0, 10, 9], "uv": [66, 41], "mirror": true}
					]
				},
				{
					"name": "hood",
					"parent": "torso",
					"pivot": [0, 52.95, -7.65],
					"cubes": [
						{"origin": [-6, 48.95, -7.6], "size": [12, 4, 0], "uv": [41, 0]},
						{"origin": [-6.01, 48.95, -7.6], "size": [0, 4, 5], "uv": [55, -1]},
						{"origin": [6.01, 48.95, -7.6], "size": [0, 4, 5], "uv": [55, -1], "mirror": true}
					]
				},
				{
					"name": "necklace_chain_right",
					"parent": "torso",
					"pivot": [-3.5, 40, -6],
					"cubes": [
						{"origin": [-5, 36, -6], "size": [3, 4, 0], "uv": [0, 23]},
						{"origin": [-3.5, 38, -7.5], "size": [0, 2, 3], "uv": [0, 26]}
					]
				},
				{
					"name": "necklace_chain_right2",
					"parent": "necklace_chain_right",
					"pivot": [-3.5, 37, -6],
					"rotation": [0, 0, -15],
					"cubes": [
						{"origin": [-3.5, 34, -7.5], "size": [0, 4, 3], "uv": [0, 24]}
					]
				},
				{
					"name": "necklace_chain_right3",
					"parent": "necklace_chain_right2",
					"pivot": [-3.5, 35, -6],
					"rotation": [0, 0, -15],
					"cubes": [
						{"origin": [-5, 32, -6.1], "size": [3, 4, 0], "uv": [0, 23]},
						{"origin": [-3.6, 30, -7.5], "size": [0, 4, 3], "uv": [0, 24]}
					]
				},
				{
					"name": "necklace_chain_left",
					"parent": "torso",
					"pivot": [3.5, 40, -6],
					"cubes": [
						{"origin": [2, 36, -6], "size": [3, 4, 0], "uv": [0, 23], "mirror": true},
						{"origin": [3.5, 38, -7.5], "size": [0, 2, 3], "uv": [0, 26], "mirror": true}
					]
				},
				{
					"name": "necklace_chain_left2",
					"parent": "necklace_chain_left",
					"pivot": [3.5, 37, -6],
					"rotation": [0, 0, 15],
					"cubes": [
						{"origin": [3.5, 34, -7.5], "size": [0, 4, 3], "uv": [0, 24], "mirror": true}
					]
				},
				{
					"name": "necklace_chain_left3",
					"parent": "necklace_chain_left2",
					"pivot": [3.5, 35, -6],
					"rotation": [0, 0, 15],
					"cubes": [
						{"origin": [2, 32, -6.1], "size": [3, 4, 0], "uv": [0, 23], "mirror": true},
						{"origin": [3.4, 30, -7.5], "size": [0, 4, 3], "uv": [0, 24], "mirror": true}
					]
				},
				{
					"name": "necklace_crystal",
					"parent": "necklace_chain_left3",
					"pivot": [3, 29.75, -6],
					"rotation": [0, 0, -30],
					"cubes": [
						{"origin": [1.5, 24.75, -7.6], "size": [3, 4, 3], "uv": [32, 24]},
						{"origin": [2, 28.75, -7.1], "size": [2, 1, 2], "uv": [55, 17]},
						{"origin": [2, 23.75, -7.1], "size": [2, 1, 2], "uv": [4, 0]}
					]
				},
				{
					"name": "necklace_crystal_glow",
					"parent": "necklace_crystal",
					"pivot": [3, 26.75, -6],
					"cubes": [
						{"origin": [1.5, 24.75, -7.6], "size": [3, 4, 3], "uv": [0, 3]},
						{"origin": [2, 28.75, -7.1], "size": [2, 1, 2], "uv": [0, 7]},
						{"origin": [2, 23.75, -7.1], "size": [2, 1, 2], "uv": [0, 7]}
					]
				},
				{
					"name": "amethyst_crystal",
					"parent": "body",
					"pivot": [-17, 47.75, 3],
					"cubes": [
						{"origin": [-18.5, 45.75, 1.4], "size": [3, 4, 3], "uv": [32, 24]},
						{"origin": [-18, 49.75, 1.9], "size": [2, 1, 2], "uv": [55, 17]},
						{"origin": [-18, 44.75, 1.9], "size": [2, 1, 2], "uv": [4, 0]}
					]
				},
				{
					"name": "amethyst_crystal_glow",
					"parent": "amethyst_crystal",
					"pivot": [-17, 47.75, 3],
					"cubes": [
						{"origin": [-18.5, 45.75, 1.4], "size": [3, 4, 3], "uv": [0, 3]},
						{"origin": [-18, 49.75, 1.9], "size": [2, 1, 2], "uv": [0, 7]},
						{"origin": [-18, 44.75, 1.9], "size": [2, 1, 2], "uv": [0, 7]}
					]
				},
				{
					"name": "amethyst_crystal2",
					"parent": "body",
					"pivot": [16, 37.75, -12],
					"cubes": [
						{"origin": [14.5, 35.75, -13.6], "size": [3, 4, 3], "uv": [32, 24]},
						{"origin": [15, 39.75, -13.1], "size": [2, 1, 2], "uv": [55, 17]},
						{"origin": [15, 34.75, -13.1], "size": [2, 1, 2], "uv": [4, 0]}
					]
				},
				{
					"name": "amethyst_crystal_glow2",
					"parent": "amethyst_crystal2",
					"pivot": [16, 37.75, -12],
					"cubes": [
						{"origin": [14.5, 35.75, -13.6], "size": [3, 4, 3], "uv": [0, 3]},
						{"origin": [15, 39.75, -13.1], "size": [2, 1, 2], "uv": [0, 7]},
						{"origin": [15, 34.75, -13.1], "size": [2, 1, 2], "uv": [0, 7]}
					]
				},
				{
					"name": "amethyst_crystal3",
					"parent": "body",
					"pivot": [6, 60.75, 12],
					"cubes": [
						{"origin": [4.5, 58.75, 10.4], "size": [3, 4, 3], "uv": [32, 24]},
						{"origin": [5, 62.75, 10.9], "size": [2, 1, 2], "uv": [55, 17]},
						{"origin": [5, 57.75, 10.9], "size": [2, 1, 2], "uv": [4, 0]}
					]
				},
				{
					"name": "amethyst_crystal_glow3",
					"parent": "amethyst_crystal3",
					"pivot": [6, 60.75, 12],
					"cubes": [
						{"origin": [4.5, 58.75, 10.4], "size": [3, 4, 3], "uv": [0, 3]},
						{"origin": [5, 62.75, 10.9], "size": [2, 1, 2], "uv": [0, 7]},
						{"origin": [5, 57.75, 10.9], "size": [2, 1, 2], "uv": [0, 7]}
					]
				},
				{
					"name": "leg_right",
					"parent": "body",
					"pivot": [-4, 41, -1],
					"cubes": [
						{"origin": [-6, 37, -4.5], "size": [5, 5, 7], "uv": [104, 12]}
					]
				},
				{
					"name": "leg_left",
					"parent": "body",
					"pivot": [4, 41, -1],
					"cubes": [
						{"origin": [1, 37, -4.5], "size": [5, 5, 7], "uv": [104, 0], "mirror": true}
					]
				}
			]
		}
	]
}