{
	"format_version": "1.12.0",
	"minecraft:geometry": [
		{
			"description": {
				"identifier": "geometry.phantump_pale",
				"texture_width": 64,
				"texture_height": 64,
				"visible_bounds_width": 4,
				"visible_bounds_height": 3.5,
				"visible_bounds_offset": [0, 1.25, 0]
			},
			"bones": [
				{
					"name": "phantump",
					"pivot": [0, 0, 0]
				},
				{
					"name": "body",
					"parent": "phantump",
					"pivot": [0, 5, 0]
				},
				{
					"name": "torso",
					"parent": "body",
					"pivot": [0, 6.25, 0],
					"rotation": [-12.5, 0, 0],
					"cubes": [
						{"origin": [-1.5, 4.25, -1.15], "size": [3, 2, 3], "uv": [15, 29]}
					]
				},
				{
					"name": "neck",
					"parent": "torso",
					"pivot": [0, 6.25, 0],
					"rotation": [10, 0, 0],
					"cubes": [
						{"origin": [-1, 5.5, -1], "size": [2, 3, 2], "uv": [8, 32]}
					]
				},
				{
					"name": "head",
					"parent": "neck",
					"pivot": [0, 7.75, 0],
					"rotation": [17.5, 0, 0],
					"cubes": [
						{"origin": [-3.5, 7.75, -3], "size": [7, 5, 6], "uv": [0, 0]},
						{"origin": [-4, 7.25, -4], "size": [8, 5, 1], "uv": [20, 0]},
						{"origin": [-4, 7.25, -4], "size": [8, 6, 1], "pivot": [0, -0.25, 0], "rotation": [0, 180, 0], "uv": [0, 23]},
						{"origin": [3, 7.25, -3], "size": [1, 6, 6], "uv": [14, 11]},
						{"origin": [-4, 7.25, -3], "size": [1, 6, 6], "uv": [0, 11]},
						{"origin": [1, 12.25, -4], "size": [3, 1, 1], "inflate": 0.01, "uv": [29, 24]},
						{"origin": [-4, 12.25, -4], "size": [3, 1, 1], "inflate": 0.01, "uv": [22, 14]},
						{"origin": [-1.5, 12.25, -4], "size": [1, 1, 1], "uv": [6, 30]},
						{"origin": [0.5, 12.25, -4], "size": [1, 1, 1], "uv": [0, 15]}
					]
				},
				{
					"name": "tuft",
					"parent": "head",
					"pivot": [-0.5, 12.75, 0],
					"cubes": [
						{"origin": [-2.3, 12.25, -1.35], "size": [4, 3, 3], "uv": [18, 23]}
					]
				},
				{
					"name": "tuft2",
					"parent": "tuft",
					"pivot": [0.25, 15.25, 0],
					"rotation": [0, 0, 15],
					"cubes": [
						{"origin": [-3.75, 13.25, -1], "size": [4, 2, 2], "uv": [29, 20]}
					]
				},
				{
					"name": "tuft_end",
					"parent": "tuft2",
					"pivot": [-3, 14.5, 0],
					"rotation": [0, 0, -140],
					"cubes": [
						{"origin": [-4, 14.6, 0], "size": [2, 3, 0], "uv": [0, 36]}
					]
				},
				{
					"name": "right_branch",
					"parent": "head",
					"pivot": [-3.5, 10.25, 0],
					"rotation": [0, 0, -15],
					"cubes": [
						{"origin": [-6.5, 8.75, -1.5], "size": [3, 3, 3], "uv": [28, 14]},
						{"origin": [-7.5, 9.5, -1], "size": [2, 4, 2], "uv": [27, 31]}
					]
				},
				{
					"name": "right_branch_end",
					"parent": "right_branch",
					"pivot": [-7.25, 13, 0],
					"rotation": [0, 0, 2.5],
					"cubes": [
						{"origin": [-9.75, 12, 0], "size": [3, 4, 0], "uv": [34, 6]}
					]
				},
				{
					"name": "right_leaf",
					"parent": "right_branch_end",
					"pivot": [-8.75, 14, 0],
					"cubes": [
						{"origin": [-9.25, 14, 0], "size": [1, 2, 0], "uv": [18, 24]}
					]
				},
				{
					"name": "right_leaf2",
					"parent": "right_branch_end",
					"pivot": [-8.25, 12, 0],
					"cubes": [
						{"origin": [-8.75, 10, 0], "size": [1, 2, 0], "uv": [17, 11]}
					]
				},
				{
					"name": "left_branch",
					"parent": "head",
					"pivot": [3.5, 10.25, 0],
					"rotation": [0, 0, 15],
					"cubes": [
						{"origin": [3.5, 8.75, -1.5], "size": [3, 3, 3], "uv": [8, 11]},
						{"origin": [5.5, 9.5, -1], "size": [2, 4, 2], "uv": [0, 30]}
					]
				},
				{
					"name": "left_branch_end",
					"parent": "left_branch",
					"pivot": [7.25, 13, 0],
					"rotation": [0, 0, -2.5],
					"cubes": [
						{"origin": [6.75, 12, 0], "size": [3, 4, 0], "uv": [0, 11]}
					]
				},
				{
					"name": "left_leaf",
					"parent": "left_branch_end",
					"pivot": [8.75, 14, 0],
					"cubes": [
						{"origin": [8.25, 14, 0], "size": [1, 2, 0], "uv": [4, 15]}
					]
				},
				{
					"name": "left_leaf2",
					"parent": "left_branch_end",
					"pivot": [8.25, 12, 0],
					"cubes": [
						{"origin": [7.75, 10, 0], "size": [1, 2, 0], "uv": [8, 11]}
					]
				},
				{
					"name": "right_eye",
					"parent": "head",
					"pivot": [-2.05, 9.75, -4.02],
					"rotation": [0, 0, -10],
					"cubes": [
						{"origin": [-3.05, 8.5, -4.02], "size": [2, 2, 0], "uv": [20, 34]}
					]
				},
				{
					"name": "right_eye_closed",
					"parent": "right_eye",
					"pivot": [-1.8, 9.65, -4.95],
					"cubes": [
						{"origin": [-3.05, 8.5, -3.95], "size": [2, 2, 0], "uv": [0, 3]}
					]
				},
				{
					"name": "left_eye",
					"parent": "head",
					"pivot": [2.05, 9.75, -4.02],
					"rotation": [0, 0, 10],
					"cubes": [
						{"origin": [1.05, 8.5, -4.02], "size": [2, 2, 0], "uv": [16, 34]}
					]
				},
				{
					"name": "left_pupil",
					"parent": "left_eye",
					"pivot": [1.8, 9.5, -4.03],
					"cubes": [
						{"origin": [1.3, 8.5, -4.03], "size": [1, 1, 0], "uv": [4, 1]}
					]
				},
				{
					"name": "left_eye_closed",
					"parent": "left_eye",
					"pivot": [2.55, 8.95, -4.95],
					"cubes": [
						{"origin": [1.05, 8.5, -3.95], "size": [2, 2, 0], "uv": [0, 3]}
					]
				},
				{
					"name": "mouth",
					"parent": "head",
					"pivot": [0, 1, -0.5]
				},
				{
					"name": "open",
					"parent": "mouth",
					"pivot": [0, 1, -0.6],
					"cubes": [
						{"origin": [-0.5, 8, -3.92], "size": [1, 1, 0], "uv": [29, 14]}
					]
				},
				{
					"name": "closed",
					"parent": "mouth",
					"pivot": [0, 9, -4],
					"cubes": [
						{"origin": [-0.5, 8, -4.01], "size": [1, 1, 0], "pivot": [0, 8.5, -4.01], "rotation": [0, 0, 45], "uv": [4, 2]},
						{"origin": [-0.5, 7.5, -4.02], "size": [1, 1, 0], "pivot": [0, 8, -4.01], "rotation": [0, 0, 45], "uv": [4, 37]}
					]
				},
				{
					"name": "butt",
					"parent": "torso",
					"pivot": [0, 4.75, 0.25],
					"rotation": [5, 0, 0],
					"cubes": [
						{"origin": [-2, 1.75, -1.5], "size": [4, 3, 4], "uv": [22, 7]}
					]
				},
				{
					"name": "tail",
					"parent": "butt",
					"pivot": [0, 1.75, 2.5],
					"rotation": [32.5, 0, 0],
					"cubes": [
						{"origin": [-1, 1.75, 2.5], "size": [2, 2, 3], "uv": [29, 26]}
					]
				},
				{
					"name": "end",
					"parent": "tail",
					"pivot": [0, 2.75, 5.75],
					"rotation": [-57.5, 0, 0],
					"cubes": [
						{"origin": [0, -0.75, 5], "size": [0, 4, 3], "uv": [0, 36]}
					]
				},
				{
					"name": "right_arm",
					"parent": "torso",
					"pivot": [-1.5, 5.5, -1],
					"rotation": [30, 0, 0],
					"cubes": [
						{"origin": [-2, 3.5, -1.5], "size": [1, 2, 1], "inflate": 0.01, "pivot": [-1.5, 5.5, -1], "rotation": [-90, 0, 0], "uv": [35, 34]}
					]
				},
				{
					"name": "left_arm",
					"parent": "torso",
					"pivot": [1.5, 5.5, -1],
					"rotation": [30, 0, 0],
					"cubes": [
						{"origin": [1, 3.5, -1.5], "size": [1, 2, 1], "inflate": 0.01, "pivot": [1.5, 5.5, -1], "rotation": [-90, 0, 0], "uv": [35, 31]}
					]
				}
			]
		}
	]
}