{
	"format_version": "1.12.0",
	"minecraft:geometry": [
		{
			"description": {
				"identifier": "geometry.lilligant",
				"texture_width": 128,
				"texture_height": 128,
				"visible_bounds_width": 4,
				"visible_bounds_height": 5,
				"visible_bounds_offset": [0, 1.5, 0]
			},
			"bones": [
				{
					"name": "lilligant",
					"pivot": [0, 0, 0]
				},
				{
					"name": "body",
					"parent": "lilligant",
					"pivot": [0, 17.5, 0],
					"cubes": [
						{"origin": [-4, 14, -6.5], "size": [8, 4, 13], "inflate": 0.01, "uv": [39, 67]},
						{"origin": [-6, 2.5, -9], "size": [12, 12, 18], "inflate": 0.01, "uv": [61, 26]},
						{"origin": [-6.5, 14, -4], "size": [13, 4, 8], "uv": [76, 14]},
						{"origin": [-9, 2.5, -6], "size": [18, 12, 12], "uv": [68, 56]}
					]
				},
				{
					"name": "leaves_back",
					"parent": "body",
					"pivot": [0, 18, 4]
				},
				{
					"name": "leaf_back_left",
					"parent": "leaves_back",
					"pivot": [0.25, 18, 4],
					"rotation": [0, -17.5, 0]
				},
				{
					"name": "leaf_back_left_rotation",
					"parent": "leaf_back_left",
					"pivot": [0.25, 18, 4],
					"rotation": [0, 0, -5],
					"cubes": [
						{"origin": [-0.25, 18, 1.5], "size": [3, 0, 5], "uv": [29, 59], "mirror": true}
					]
				},
				{
					"name": "leaf_back_left2",
					"parent": "leaf_back_left_rotation",
					"pivot": [2.75, 18, 4],
					"rotation": [0, 0, 5],
					"cubes": [
						{"origin": [2.75, 18, 0.5], "size": [3, 0, 7], "uv": [39, 59], "mirror": true}
					]
				},
				{
					"name": "leaf_back_left3",
					"parent": "leaf_back_left2",
					"pivot": [5.75, 18, 4],
					"rotation": [0, 0, 45],
					"cubes": [
						{"origin": [5.75, 18, -0.5], "size": [5, 0, 9], "uv": [7, 62], "mirror": true}
					]
				},
				{
					"name": "leaf_back_left4",
					"parent": "leaf_back_left3",
					"pivot": [10.75, 18, 4],
					"rotation": [0, 0, 15],
					"cubes": [
						{"origin": [10.75, 18, -0.5], "size": [6, 0, 9], "uv": [29, 66], "mirror": true}
					]
				},
				{
					"name": "leaf_back_left5",
					"parent": "leaf_back_left4",
					"pivot": [16.75, 18, 4],
					"rotation": [0, 0, 15],
					"cubes": [
						{"origin": [16.75, 18, 0.5], "size": [5, 0, 7], "uv": [3, 71], "mirror": true}
					]
				},
				{
					"name": "leaf_back_middle",
					"parent": "leaves_back",
					"pivot": [0.25, 18, 2],
					"rotation": [0, -87.5, 0]
				},
				{
					"name": "leaf_back_left_rotation2",
					"parent": "leaf_back_middle",
					"pivot": [0.25, 18, 2],
					"rotation": [0, 0, -5],
					"cubes": [
						{"origin": [-0.25, 18, -0.5], "size": [3, 0, 5], "uv": [29, 59], "mirror": true}
					]
				},
				{
					"name": "leaf_back_left7",
					"parent": "leaf_back_left_rotation2",
					"pivot": [2.75, 18, 2],
					"rotation": [0, 0, 5],
					"cubes": [
						{"origin": [2.75, 18, -1.5], "size": [3, 0, 7], "uv": [39, 59], "mirror": true}
					]
				},
				{
					"name": "leaf_back_left8",
					"parent": "leaf_back_left7",
					"pivot": [5.75, 18, 2],
					"rotation": [0, 0, 45],
					"cubes": [
						{"origin": [5.75, 18, -2.5], "size": [5, 0, 9], "uv": [7, 62], "mirror": true}
					]
				},
				{
					"name": "leaf_back_left9",
					"parent": "leaf_back_left8",
					"pivot": [10.75, 18, 2],
					"rotation": [0, 0, 15],
					"cubes": [
						{"origin": [10.75, 18, -2.5], "size": [6, 0, 9], "uv": [29, 66], "mirror": true}
					]
				},
				{
					"name": "leaf_back_left10",
					"parent": "leaf_back_left9",
					"pivot": [16.75, 18, 2],
					"rotation": [0, 0, 15],
					"cubes": [
						{"origin": [16.75, 18, -1.5], "size": [5, 0, 7], "uv": [3, 71], "mirror": true}
					]
				},
				{
					"name": "leaf_back_right",
					"parent": "leaves_back",
					"pivot": [-0.25, 18, 4],
					"rotation": [0, 17.5, 0]
				},
				{
					"name": "leaf_back_right_rotation",
					"parent": "leaf_back_right",
					"pivot": [-0.25, 18, 4],
					"rotation": [0, 0, 5],
					"cubes": [
						{"origin": [-2.75, 18, 1.5], "size": [3, 0, 5], "uv": [23, 59]}
					]
				},
				{
					"name": "leaf_back_right2",
					"parent": "leaf_back_right_rotation",
					"pivot": [-2.75, 18, 4],
					"rotation": [0, 0, -5],
					"cubes": [
						{"origin": [-5.75, 18, 0.5], "size": [3, 0, 7], "uv": [33, 59]}
					]
				},
				{
					"name": "leaf_back_right3",
					"parent": "leaf_back_right2",
					"pivot": [-5.75, 18, 4],
					"rotation": [0, 0, -45],
					"cubes": [
						{"origin": [-10.75, 18, -0.5], "size": [5, 0, 9], "uv": [-3, 62]}
					]
				},
				{
					"name": "leaf_back_right4",
					"parent": "leaf_back_right3",
					"pivot": [-10.75, 18, 4],
					"rotation": [0, 0, -15],
					"cubes": [
						{"origin": [-16.75, 18, -0.5], "size": [6, 0, 9], "uv": [17, 64]}
					]
				},
				{
					"name": "leaf_back_right5",
					"parent": "leaf_back_right4",
					"pivot": [-16.75, 18, 4],
					"rotation": [0, 0, -15],
					"cubes": [
						{"origin": [-21.75, 18, 0.5], "size": [5, 0, 7], "uv": [-7, 71]}
					]
				},
				{
					"name": "chest",
					"parent": "body",
					"pivot": [0, 18, 0],
					"cubes": [
						{"origin": [-2, 17, -2], "size": [4, 6, 4], "uv": [90, 4]}
					]
				},
				{
					"name": "neck",
					"parent": "chest",
					"pivot": [0, 23, 0],
					"cubes": [
						{"origin": [-1.5, 22, -1.5], "size": [3, 4, 3], "uv": [107, 5]}
					]
				},
				{
					"name": "neck_petals",
					"parent": "neck",
					"pivot": [0, 23.9, 0.5],
					"rotation": [10, 0, 0]
				},
				{
					"name": "neck_petal_front",
					"parent": "neck_petals",
					"pivot": [0, 23.9, -1.5],
					"cubes": [
						{"origin": [-2, 23.9, -4.5], "size": [4, 0, 3], "uv": [73, 13]}
					]
				},
				{
					"name": "neck_petal_front2",
					"parent": "neck_petal_front",
					"pivot": [0, 23.9, -4.5],
					"cubes": [
						{"origin": [-1.5, 23.9, -6.5], "size": [3, 0, 2], "uv": [70, 16]}
					]
				},
				{
					"name": "neck_petal_left",
					"parent": "neck_petals",
					"pivot": [1.5, 23.9, 0.5],
					"cubes": [
						{"origin": [1, 23.9, -2], "size": [3, 0, 3], "inflate": 0.01, "uv": [67, 12]}
					]
				},
				{
					"name": "neck_petal_left2",
					"parent": "neck_petal_left",
					"pivot": [4, 23.9, -0.5],
					"cubes": [
						{"origin": [4, 23.9, -2], "size": [2, 0, 3], "uv": [81, 8]}
					]
				},
				{
					"name": "neck_petal_right",
					"parent": "neck_petals",
					"pivot": [-1.5, 23.9, 0.5],
					"cubes": [
						{"origin": [-4, 23.9, -2], "size": [3, 0, 3], "inflate": 0.01, "uv": [75, 10], "mirror": true}
					]
				},
				{
					"name": "neck_petal_right2",
					"parent": "neck_petal_right",
					"pivot": [-4, 23.9, -0.5],
					"cubes": [
						{"origin": [-6, 23.9, -2], "size": [2, 0, 3], "uv": [81, 11], "mirror": true}
					]
				},
				{
					"name": "head",
					"parent": "neck",
					"pivot": [0, 24, 0],
					"cubes": [
						{"origin": [-4, 24, -4], "size": [8, 8, 8], "uv": [0, 0]}
					]
				},
				{
					"name": "eyes",
					"parent": "head",
					"pivot": [0, 27, -4.01]
				},
				{
					"name": "eye_left",
					"parent": "eyes",
					"pivot": [2.5, 27, -4.01],
					"cubes": [
						{"origin": [1.5, 25, -4.01], "size": [2, 2, 0], "uv": [0, 0]}
					]
				},
				{
					"name": "pupil_left",
					"parent": "eye_left",
					"pivot": [2.5, 26.5, -4.02],
					"cubes": [
						{"origin": [2, 26, -4.02], "size": [1, 1, 0], "uv": [2, 2]}
					]
				},
				{
					"name": "eyelid_left",
					"parent": "eye_left",
					"pivot": [2.5, 26.5, -3.42],
					"cubes": [
						{"origin": [1.5, 25, -3.92], "size": [2, 3, 1], "inflate": 0.01, "uv": [0, 3]}
					]
				},
				{
					"name": "eye_right",
					"parent": "eyes",
					"pivot": [-2.5, 27, -4.01],
					"cubes": [
						{"origin": [-3.5, 25, -4.01], "size": [2, 2, 0], "uv": [4, 0], "mirror": true}
					]
				},
				{
					"name": "pupil_right",
					"parent": "eye_right",
					"pivot": [-2.5, 26.5, -4.02],
					"cubes": [
						{"origin": [-3, 26, -4.02], "size": [1, 1, 0], "uv": [6, 2], "mirror": true}
					]
				},
				{
					"name": "eyelid_right",
					"parent": "eye_right",
					"pivot": [-2.5, 26.5, -3.42],
					"cubes": [
						{"origin": [-3.5, 25, -3.92], "size": [2, 3, 1], "inflate": 0.01, "uv": [0, 16], "mirror": true}
					]
				},
				{
					"name": "hair",
					"parent": "head",
					"pivot": [0, 29.5, 0],
					"cubes": [
						{"origin": [-4.5, 29.5, -4.5], "size": [9, 3, 9], "uv": [0, 16]},
						{"origin": [-2.5, 24.5, -4.5], "size": [7, 5, 0], "uv": [0, 81]},
						{"origin": [-4.5, 27.5, -4.5], "size": [2, 2, 9], "uv": [27, 7]}
					]
				},
				{
					"name": "hair_back",
					"parent": "hair",
					"pivot": [0, 31.5, 4.5]
				},
				{
					"name": "hair_back_main",
					"parent": "hair_back",
					"pivot": [0, 31.5, 4.5],
					"rotation": [15, 0, 0],
					"cubes": [
						{"origin": [-6.5, 19.5, 4.5], "size": [13, 11, 0], "uv": [0, 28]},
						{"origin": [9.5, 16.5, 3.5], "size": [7, 14, 0], "pivot": [10, 11, -1], "rotation": [0, 0, -40], "uv": [22, 75]},
						{"origin": [-16.5, 16.5, 3.5], "size": [7, 14, 0], "pivot": [-10, 11, -1], "rotation": [0, 0, 40], "uv": [22, 75], "mirror": true}
					]
				},
				{
					"name": "hair_back2",
					"parent": "hair_back_main",
					"pivot": [0, 23.5, 4.5]
				},
				{
					"name": "hair_back3",
					"parent": "hair_back2",
					"pivot": [0, 16.5, 4.5]
				},
				{
					"name": "hair_left",
					"parent": "hair_back",
					"pivot": [4.5, 31.5, 2.525],
					"rotation": [15, 0, -7.5],
					"cubes": [
						{"origin": [4.5, 23.5, -1.475], "size": [0, 8, 6], "uv": [24, -6]},
						{"origin": [1.5, 23.5, 4.5], "size": [3, 8, 0], "inflate": 0.01, "pivot": [4.5, 27.5, 4.5], "rotation": [0, -2.5, 0], "uv": [52, 0]}
					]
				},
				{
					"name": "hair_left2",
					"parent": "hair_left",
					"pivot": [4.5, 23.5, 4.525]
				},
				{
					"name": "hair_right",
					"parent": "hair_back",
					"pivot": [-4.5, 31.5, 2.525],
					"rotation": [15, 0, 7.5],
					"cubes": [
						{"origin": [-4.5, 23.5, -1.475], "size": [0, 8, 6], "uv": [40, -6], "mirror": true},
						{"origin": [-4.5, 23.5, 4.5], "size": [3, 8, 0], "inflate": 0.01, "pivot": [-4.5, 27.5, 4.5], "rotation": [0, 2.5, 0], "uv": [58, 0], "mirror": true}
					]
				},
				{
					"name": "hair_right2",
					"parent": "hair_right",
					"pivot": [-4.5, 23.5, 4.525]
				},
				{
					"name": "hair_bang_left",
					"parent": "hair",
					"pivot": [4.5, 29.5, -1.25],
					"rotation": [-5, 15, -7.5],
					"cubes": [
						{"origin": [4.5, 27.5, -3.25], "size": [0, 2, 2], "uv": [11, 51]}
					]
				},
				{
					"name": "hair_bang_left2",
					"parent": "hair_bang_left",
					"pivot": [4.5, 27.5, -1.25],
					"rotation": [-2.5, 0, -5],
					"cubes": [
						{"origin": [4.5, 24.5, -3.25], "size": [0, 3, 2], "uv": [25, 51]}
					]
				},
				{
					"name": "hair_bang_left3",
					"parent": "hair_bang_left2",
					"pivot": [4.5, 24.5, -1.25],
					"rotation": [-5, 0, -5],
					"cubes": [
						{"origin": [4.5, 21.5, -3.75], "size": [0, 3, 3], "uv": [10, 56]}
					]
				},
				{
					"name": "hair_bang_left4",
					"parent": "hair_bang_left3",
					"pivot": [4.5, 21.5, -0.75],
					"cubes": [
						{"origin": [4.5, 18.5, -3.75], "size": [0, 3, 3], "uv": [22, 56]}
					]
				},
				{
					"name": "hair_bang_right",
					"parent": "hair",
					"pivot": [-4.5, 27.5, -1.25],
					"rotation": [-10, -15, 12.5],
					"cubes": [
						{"origin": [-4.5, 24.5, -3.25], "size": [0, 3, 2], "uv": [6, 57], "mirror": true}
					]
				},
				{
					"name": "hair_bang_right2",
					"parent": "hair_bang_right",
					"pivot": [-4.5, 24.5, -1.25],
					"rotation": [-5, 0, 5],
					"cubes": [
						{"origin": [-4.5, 21.5, -3.75], "size": [0, 3, 3], "uv": [16, 56], "mirror": true}
					]
				},
				{
					"name": "hair_bang_right3",
					"parent": "hair_bang_right2",
					"pivot": [-4.5, 21.5, -0.75],
					"cubes": [
						{"origin": [-4.5, 18.5, -3.75], "size": [0, 3, 3], "uv": [0, 60], "mirror": true}
					]
				},
				{
					"name": "flower",
					"parent": "hair",
					"pivot": [2, 32.25, 0],
					"rotation": [7.5, 0, 20]
				},
				{
					"name": "flower_leaf_left",
					"parent": "flower",
					"pivot": [2.25, 31.5, 0],
					"rotation": [0, 0, -35],
					"cubes": [
						{"origin": [2.25, 31.5, -3], "size": [4, 0, 6], "inflate": 0.01, "uv": [96, 0]}
					]
				},
				{
					"name": "flower_leaf_left2",
					"parent": "flower_leaf_left",
					"pivot": [6.25, 31.5, 0],
					"rotation": [0, 0, 7.5],
					"cubes": [
						{"origin": [6.25, 31.5, -2.5], "size": [4, 0, 5], "inflate": 0.01, "uv": [105, 0]}
					]
				},
				{
					"name": "flower_leaf_right",
					"parent": "flower",
					"pivot": [-0.25, 31.75, 0],
					"rotation": [0, 0, -12.5],
					"cubes": [
						{"origin": [-4.25, 31.75, -3], "size": [4, 0, 6], "inflate": 0.01, "uv": [112, 0], "mirror": true}
					]
				},
				{
					"name": "flower_leaf_right2",
					"parent": "flower_leaf_right",
					"pivot": [-4.25, 31.75, 0],
					"rotation": [0, 0, 5],
					"cubes": [
						{"origin": [-8.25, 31.75, -2.5], "size": [4, 0, 5], "inflate": 0.01, "uv": [115, 6], "mirror": true}
					]
				},
				{
					"name": "petals",
					"parent": "flower",
					"pivot": [2, 35.75, 0],
					"rotation": [0, -7.5, 0]
				},
				{
					"name": "petal_front",
					"parent": "petals",
					"pivot": [2, 35.75, 0]
				},
				{
					"name": "petal_front_rotation",
					"parent": "petal_front",
					"pivot": [2, 33.75, -1.5],
					"rotation": [-15, 0, 0]
				},
				{
					"name": "petal_front2",
					"parent": "petal_front_rotation",
					"pivot": [2, 35.75, -4],
					"rotation": [27.5, 0, 0]
				},
				{
					"name": "petal_back",
					"parent": "petals",
					"pivot": [1.75, 30.75, 3],
					"rotation": [-65.52239, 5.24826, 168.63919]
				},
				{
					"name": "petal_back_rotation",
					"parent": "petal_back",
					"pivot": [1.75, 28.75, 4.5],
					"rotation": [15, 0, 0],
					"cubes": [
						{"origin": [-0.25, 26.75, 4], "size": [4, 4, 3], "uv": [0, 46]}
					]
				},
				{
					"name": "petal_back2",
					"parent": "petal_back_rotation",
					"pivot": [1.75, 30.75, 7],
					"rotation": [-27.5, 0, 0],
					"cubes": [
						{"origin": [-0.75, 26.75, 7], "size": [5, 4, 3], "inflate": 0.01, "uv": [14, 46]},
						{"origin": [-0.25, 30.77, 8.5], "size": [4, 0, 1], "uv": [7, 78]}
					]
				},
				{
					"name": "petal_back3",
					"parent": "petal_back2",
					"pivot": [1.75, 30.25, 10],
					"rotation": [-17.5, 0, 0],
					"cubes": [
						{"origin": [-0.25, 27.25, 10], "size": [4, 3, 3], "uv": [14, 53]},
						{"origin": [1.25, 30.26, 10], "size": [1, 0, 2], "uv": [-1, 46]}
					]
				},
				{
					"name": "petal_back4",
					"parent": "petal_back3",
					"pivot": [1.75, 29.25, 13],
					"rotation": [-10, 0, 0],
					"cubes": [
						{"origin": [0.25, 29.25, 13], "size": [3, 2, 0], "uv": [0, 61]}
					]
				},
				{
					"name": "petal_front_left",
					"parent": "petals",
					"pivot": [2, 35.75, 0],
					"rotation": [0, -62.5, 0]
				},
				{
					"name": "petal_front_left_rotation",
					"parent": "petal_front_left",
					"pivot": [2, 33.75, -1.5],
					"rotation": [-15, 0, 0]
				},
				{
					"name": "petal_front_left2",
					"parent": "petal_front_left_rotation",
					"pivot": [2, 35.75, -4],
					"rotation": [27.5, 0, 0]
				},
				{
					"name": "petal_front_left3",
					"parent": "petal_front_left2",
					"pivot": [2, 35.25, -7],
					"rotation": [17.5, 0, 0]
				},
				{
					"name": "petal_back_left",
					"parent": "petals",
					"pivot": [4, 31.75, -1],
					"rotation": [91.61376, -59.71351, 0.33956]
				},
				{
					"name": "petal_back_left_rotation",
					"parent": "petal_back_left",
					"pivot": [4, 29.75, 0.5],
					"rotation": [15, 0, 0],
					"cubes": [
						{"origin": [2, 27.75, 0], "size": [4, 4, 3], "uv": [47, 41]}
					]
				},
				{
					"name": "petal_back_left2",
					"parent": "petal_back_left_rotation",
					"pivot": [4, 31.75, 3],
					"rotation": [-27.5, 0, 0],
					"cubes": [
						{"origin": [1.5, 27.75, 3], "size": [5, 4, 3], "inflate": 0.01, "uv": [59, 34]},
						{"origin": [2, 31.77, 4.5], "size": [4, 0, 1], "uv": [7, 79]}
					]
				},
				{
					"name": "petal_back_left3",
					"parent": "petal_back_left2",
					"pivot": [4, 31.25, 6],
					"rotation": [-17.5, 0, 0],
					"cubes": [
						{"origin": [2, 28.25, 6], "size": [4, 3, 3], "uv": [61, 16]},
						{"origin": [3.5, 31.26, 6], "size": [1, 0, 2], "uv": [9, 46]}
					]
				},
				{
					"name": "petal_back_left4",
					"parent": "petal_back_left3",
					"pivot": [4, 30.25, 9],
					"rotation": [-10, 0, 0],
					"cubes": [
						{"origin": [2.5, 30.25, 9], "size": [3, 2, 0], "uv": [51, 27]}
					]
				},
				{
					"name": "petal_front_right",
					"parent": "petals",
					"pivot": [-1, 30.75, -1],
					"rotation": [87.92767, -61.37546, 156.6309]
				},
				{
					"name": "petal_front_right_rotation",
					"parent": "petal_front_right",
					"pivot": [-1, 28.75, -2.5],
					"rotation": [-15, 0, 0],
					"cubes": [
						{"origin": [-3, 26.75, -5], "size": [4, 4, 3], "uv": [40, 27], "mirror": true}
					]
				},
				{
					"name": "petal_front_right2",
					"parent": "petal_front_right_rotation",
					"pivot": [-1, 30.75, -5],
					"rotation": [27.5, 0, 0],
					"cubes": [
						{"origin": [-3.5, 26.75, -8], "size": [5, 4, 3], "inflate": 0.01, "uv": [43, 34], "mirror": true},
						{"origin": [-3, 30.77, -7.5], "size": [4, 0, 1], "uv": [-1, 80], "mirror": true}
					]
				},
				{
					"name": "petal_front_right3",
					"parent": "petal_front_right2",
					"pivot": [-1, 30.25, -8],
					"rotation": [17.5, 0, 0],
					"cubes": [
						{"origin": [-3, 27.25, -11], "size": [4, 3, 3], "uv": [61, 28], "mirror": true},
						{"origin": [-1.5, 30.26, -10], "size": [1, 0, 2], "uv": [11, 40], "mirror": true}
					]
				},
				{
					"name": "petal_front_right4",
					"parent": "petal_front_right3",
					"pivot": [-1, 29.25, -11],
					"rotation": [10, 0, 0],
					"cubes": [
						{"origin": [-2.5, 29.25, -11], "size": [3, 2, 0], "uv": [41, 43], "mirror": true}
					]
				},
				{
					"name": "petal_back_right",
					"parent": "petals",
					"pivot": [2, 35.75, 0],
					"rotation": [0, -62.5, 0]
				},
				{
					"name": "petal_back_right_rotation",
					"parent": "petal_back_right",
					"pivot": [2, 33.75, 1.5],
					"rotation": [15, 0, 0]
				},
				{
					"name": "petal_back_right2",
					"parent": "petal_back_right_rotation",
					"pivot": [2, 35.75, 4],
					"rotation": [-27.5, 0, 0]
				},
				{
					"name": "petal_back_right3",
					"parent": "petal_back_right2",
					"pivot": [2, 35.25, 7],
					"rotation": [-17.5, 0, 0]
				},
				{
					"name": "petal_back_right4",
					"parent": "petal_back_right3",
					"pivot": [2, 33.75, 10],
					"rotation": [-10, 0, 0]
				},
				{
					"name": "stems",
					"parent": "flower",
					"pivot": [0, 38.75, 1.5],
					"rotation": [-7.28472, -1.7218, -12.37114]
				},
				{
					"name": "stem_back",
					"parent": "stems",
					"pivot": [0, 39, -0.5],
					"rotation": [0, 2.5, 0]
				},
				{
					"name": "stem_back_rotation",
					"parent": "stem_back",
					"pivot": [0, 39, -0.25],
					"rotation": [-10, 0, 0],
					"cubes": [
						{"origin": [0, 39, -0.25], "size": [0, 2, 2], "inflate": 0.01, "uv": [84, -2]}
					]
				},
				{
					"name": "stem_back2",
					"parent": "stem_back_rotation",
					"pivot": [0, 41, 0.75],
					"rotation": [-17.5, 0, 0],
					"cubes": [
						{"origin": [0, 41, 0.75], "size": [0, 2, 1], "uv": [84, 1]}
					]
				},
				{
					"name": "stem_back3",
					"parent": "stem_back2",
					"pivot": [0, 42.5, 1.25],
					"rotation": [-10, 0, 0],
					"cubes": [
						{"origin": [-1, 42.5, 0.25], "size": [2, 2, 2], "inflate": -0.1, "uv": [94, 0]}
					]
				},
				{
					"name": "stem_front_left",
					"parent": "stems",
					"pivot": [-1, 39, 2.5],
					"rotation": [0, -40, 0]
				},
				{
					"name": "stem_front_left_rotation",
					"parent": "stem_front_left",
					"pivot": [-1, 39, 2.25],
					"rotation": [10, 0, 0],
					"cubes": [
						{"origin": [-1, 39, 0.25], "size": [0, 2, 2], "inflate": 0.01, "uv": [76, -2]}
					]
				},
				{
					"name": "stem_front_left2",
					"parent": "stem_front_left_rotation",
					"pivot": [-1, 41, 1.25],
					"rotation": [17.5, 0, 0],
					"cubes": [
						{"origin": [-1, 41, 0.25], "size": [0, 2, 1], "uv": [76, 3]}
					]
				},
				{
					"name": "stem_front_left3",
					"parent": "stem_front_left2",
					"pivot": [-1, 42.5, 0.75],
					"rotation": [10, 0, 0],
					"cubes": [
						{"origin": [-2, 42.5, -0.25], "size": [2, 2, 2], "inflate": -0.1, "uv": [70, 8]}
					]
				},
				{
					"name": "stem_back_left",
					"parent": "stems",
					"pivot": [0, 39, 1.5],
					"rotation": [0, 72.5, 0]
				},
				{
					"name": "stem_back_left_rotation",
					"parent": "stem_back_left",
					"pivot": [0, 39, 1.75],
					"rotation": [-10, 0, 0]
				},
				{
					"name": "stem_back_left2",
					"parent": "stem_back_left_rotation",
					"pivot": [0, 41, 2.75],
					"rotation": [-17.5, 0, 0]
				},
				{
					"name": "stem_back_left3",
					"parent": "stem_back_left2",
					"pivot": [0, 42.5, 3.25],
					"rotation": [-10, 0, 0]
				},
				{
					"name": "stem_front_right",
					"parent": "stems",
					"pivot": [1, 39, 2.5],
					"rotation": [0, 42.5, 0]
				},
				{
					"name": "stem_front_right_rotation",
					"parent": "stem_front_right",
					"pivot": [1, 39, 2.25],
					"rotation": [10, 0, 0],
					"cubes": [
						{"origin": [1, 39, 0.25], "size": [0, 2, 2], "inflate": 0.01, "uv": [80, -2], "mirror": true}
					]
				},
				{
					"name": "stem_front_right2",
					"parent": "stem_front_right_rotation",
					"pivot": [1, 41, 1.25],
					"rotation": [17.5, 0, 0],
					"cubes": [
						{"origin": [1, 41, 0.25], "size": [0, 2, 1], "uv": [78, 3], "mirror": true}
					]
				},
				{
					"name": "stem_front_right3",
					"parent": "stem_front_right2",
					"pivot": [1, 42.5, 0.75],
					"rotation": [10, 0, 0],
					"cubes": [
						{"origin": [0, 42.5, -0.25], "size": [2, 2, 2], "inflate": -0.1, "uv": [76, 6], "mirror": true}
					]
				},
				{
					"name": "stem_back_right",
					"parent": "stems",
					"pivot": [0, 39, 1.5],
					"rotation": [0, -70, 0]
				},
				{
					"name": "stem_back_right_rotation",
					"parent": "stem_back_right",
					"pivot": [0, 39, 1.75],
					"rotation": [-10, 0, 0]
				},
				{
					"name": "stem_back_right2",
					"parent": "stem_back_right_rotation",
					"pivot": [0, 41, 2.75],
					"rotation": [-17.5, 0, 0]
				},
				{
					"name": "stem_back_right3",
					"parent": "stem_back_right2",
					"pivot": [0, 42.5, 3.25],
					"rotation": [-10, 0, 0]
				},
				{
					"name": "arms",
					"parent": "chest",
					"pivot": [0, 23, 0]
				},
				{
					"name": "arm_left",
					"parent": "arms",
					"pivot": [2, 23, 0],
					"rotation": [60, 70, 35],
					"cubes": [
						{"origin": [2, 23, -1], "size": [3, 0, 2], "uv": [104, 12]}
					]
				},
				{
					"name": "arm_left2",
					"parent": "arm_left",
					"pivot": [5, 23, 1],
					"rotation": [0, 0, 20],
					"cubes": [
						{"origin": [5, 23, -1.5], "size": [4, 0, 3], "uv": [107, 14]}
					]
				},
				{
					"name": "arm_left3",
					"parent": "arm_left2",
					"pivot": [9, 23, 1.5],
					"rotation": [0, 20, 25],
					"cubes": [
						{"origin": [9, 23, -2.5], "size": [5, 0, 5], "uv": [98, 26]}
					]
				},
				{
					"name": "arm_left4",
					"parent": "arm_left3",
					"pivot": [14, 23, 2.5],
					"rotation": [0, 0, 20],
					"cubes": [
						{"origin": [14, 23, -2.5], "size": [3, 0, 5], "uv": [105, 17]}
					]
				},
				{
					"name": "arm_right",
					"parent": "arms",
					"pivot": [-2, 23, 0],
					"rotation": [60, -70, -35],
					"cubes": [
						{"origin": [-5, 23, -1], "size": [3, 0, 2], "uv": [110, 12], "mirror": true}
					]
				},
				{
					"name": "arm_right2",
					"parent": "arm_right",
					"pivot": [-5, 23, 1],
					"rotation": [0, 0, -20],
					"cubes": [
						{"origin": [-9, 23, -1.5], "size": [4, 0, 3], "uv": [115, 12], "mirror": true}
					]
				},
				{
					"name": "arm_right3",
					"parent": "arm_right2",
					"pivot": [-9, 23, 1.5],
					"rotation": [0, -20, -25],
					"cubes": [
						{"origin": [-14, 23, -2.5], "size": [5, 0, 5], "uv": [108, 26], "mirror": true}
					]
				},
				{
					"name": "arm_right4",
					"parent": "arm_right3",
					"pivot": [-14, 23, 2.5],
					"rotation": [0, 0, -20],
					"cubes": [
						{"origin": [-17, 23, -2.5], "size": [3, 0, 5], "uv": [111, 17], "mirror": true}
					]
				},
				{
					"name": "body_bottom",
					"parent": "body",
					"pivot": [0, 2.75, 0],
					"rotation": [0, 45, 0]
				},
				{
					"name": "body_bottom_front",
					"parent": "body_bottom",
					"pivot": [0, 2.75, 0],
					"rotation": [10, 0, 0],
					"cubes": [
						{"origin": [-1.5, 0.75, -4], "size": [3, 2, 4], "uv": [30, 48]}
					]
				},
				{
					"name": "body_bottom_front2",
					"parent": "body_bottom_front",
					"pivot": [0, 0.75, -4],
					"rotation": [-12.5, 0, 0],
					"cubes": [
						{"origin": [-0.5, 0.75, -6], "size": [1, 2, 2], "uv": [42, 46]},
						{"origin": [0, 1, -7], "size": [0, 2, 1], "uv": [44, 49]}
					]
				},
				{
					"name": "body_bottom_back",
					"parent": "body_bottom",
					"pivot": [0, 2.75, 0],
					"rotation": [-10, 0, 0],
					"cubes": [
						{"origin": [-1.5, 0.75, 0], "size": [3, 2, 4], "uv": [44, 48]}
					]
				},
				{
					"name": "body_bottom_back2",
					"parent": "body_bottom_back",
					"pivot": [0, 0.75, 4],
					"rotation": [12.5, 0, 0],
					"cubes": [
						{"origin": [-0.5, 0.75, 4], "size": [1, 2, 2], "uv": [54, 48]},
						{"origin": [0, 1, 6], "size": [0, 2, 1], "uv": [46, 49]}
					]
				},
				{
					"name": "body_bottom_left",
					"parent": "body_bottom",
					"pivot": [0, 2.75, 0],
					"rotation": [0, 0, 10],
					"cubes": [
						{"origin": [0, 0.75, -1.5], "size": [4, 2, 3], "uv": [28, 54]}
					]
				},
				{
					"name": "body_bottom_left2",
					"parent": "body_bottom_left",
					"pivot": [4, 0.75, 0],
					"rotation": [0, 0, -12.5],
					"cubes": [
						{"origin": [4, 0.75, -0.5], "size": [2, 2, 1], "uv": [39, 54]},
						{"origin": [6, 1, 0], "size": [1, 2, 0], "uv": [56, 57]}
					]
				},
				{
					"name": "body_bottom_right",
					"parent": "body_bottom",
					"pivot": [0, 2.75, 0],
					"rotation": [0, 0, -10],
					"cubes": [
						{"origin": [-4, 0.75, -1.5], "size": [4, 2, 3], "uv": [42, 54], "mirror": true}
					]
				},
				{
					"name": "body_bottom_right2",
					"parent": "body_bottom_right",
					"pivot": [-4, 0.75, 0],
					"rotation": [0, 0, 12.5],
					"cubes": [
						{"origin": [-6, 0.75, -0.5], "size": [2, 2, 1], "uv": [53, 54], "mirror": true},
						{"origin": [-7, 1, 0], "size": [1, 2, 0], "uv": [58, 57], "mirror": true}
					]
				}
			]
		}
	]
}