{
	"format_version": "1.8.0",
	"animations": {
		"animation.beryllius.air_idle": {
			"loop": true,
			"bones": {
				"body": {
					"rotation": ["0-math.sin(q.anim_time*90*1-45)*1", 0, "0-math.sin(q.anim_time*90*1-45)*1"],
					"position": ["0+math.sin(q.anim_time*90*1-45)*1", "5+math.sin(q.anim_time*90*2-90)*2", 0]
				},
				"waist_fluff_east": {
					"rotation": [0, 0, "6-math.sin(q.anim_time*90*2-90)*6"]
				},
				"waist_fluff_west": {
					"rotation": [0, 0, "-6+math.sin(q.anim_time*90*2-90)*6"]
				},
				"waist_fluff_north": {
					"rotation": ["-6+math.sin(q.anim_time*90*2-90)*6", 0, 0]
				},
				"waist_fluff_south": {
					"rotation": ["6-math.sin(q.anim_time*90*2-90)*6", 0, 0]
				},
				"torso": {
					"rotation": ["0+math.sin(q.anim_time*90*1-45)*2", 0, "0+math.sin(q.anim_time*90*1-45)*4"]
				},
				"torso2": {
					"rotation": ["0+math.sin(q.anim_time*90*1-45)*1", 0, "0-math.sin(q.anim_time*90*1-45)*2"]
				},
				"arm_right": {
					"rotation": [58, 33, -26]
				},
				"elbow_right": {
					"rotation": [4, 14, -94]
				},
				"hand_right": {
					"rotation": [0, 0, -17.5],
					"position": [-0.4, 0, 0]
				},
				"arm_left": {
					"rotation": [58, -33, 26]
				},
				"elbow_left": {
					"rotation": [4, -14, 94]
				},
				"hand_left": {
					"rotation": [0, 0, 17.5],
					"position": [0.4, 0.2, 0]
				},
				"head": {
					"rotation": [0, 0, "0+math.sin(q.anim_time*90*1-45)*2"]
				},
				"ear_left": {
					"rotation": [0, 0, "0-math.sin(q.anim_time*90*2-90)*3"]
				},
				"ear_right": {
					"rotation": [0, 0, "0+math.sin(q.anim_time*90*2-90)*3"]
				},
				"beard2": {
					"rotation": [-5, 0, "math.sin(q.anim_time*90*1-45)*2"]
				},
				"beard3": {
					"rotation": [-10, 0, "math.sin(q.anim_time*90*1-45)*2"]
				},
				"beard_fluff_right": {
					"rotation": [0, 0, "0-math.sin(q.anim_time*90*2-90)*4"]
				},
				"beard_fluff_left": {
					"rotation": [0, 0, "0+math.sin(q.anim_time*90*2-90)*4"]
				},
				"mustache_right": {
					"rotation": [0, 0, "0-math.sin(q.anim_time*90*2-90)*4"]
				},
				"mustache_left": {
					"rotation": [0, 0, "0+math.sin(q.anim_time*90*2-90)*4"]
				},
				"beard4": {
					"rotation": [5, 0, "math.sin(q.anim_time*90*1-45)*2"]
				}
			}
		},
		"animation.beryllius.air_walk": {
			"loop": true,
			"bones": {
				"body": {
					"rotation": ["65.9458-math.sin(q.anim_time*90*2-45)*1", 19.27399, "-41.9942-math.sin(q.anim_time*90*2-45)*1"],
					"position": ["0+math.sin(q.anim_time*90*1-90)*1", "4+math.sin(q.anim_time*90*2-90)*2", 0]
				},
				"waist_fluff_east": {
					"rotation": [0, 0, "6-math.sin(q.anim_time*90*4-90)*6"]
				},
				"waist_fluff_west": {
					"rotation": [0, 0, "-6+math.sin(q.anim_time*90*4-90)*6"]
				},
				"waist_fluff_north": {
					"rotation": ["-6+math.sin(q.anim_time*90*4-90)*6", 0, 0]
				},
				"waist_fluff_south": {
					"rotation": ["6-math.sin(q.anim_time*90*4-90)*6", 0, 0]
				},
				"torso": {
					"rotation": ["-10+math.sin(q.anim_time*90*1-90)*1", 0, "math.sin(q.anim_time*90*1-90)*4"]
				},
				"torso2": {
					"rotation": ["-12.5+math.sin(q.anim_time*90*1-90)*1", 0, "-math.sin(q.anim_time*90*1-90)*4"]
				},
				"arm_right": {
					"rotation": [-28, 8, -30]
				},
				"elbow_right": {
					"rotation": [75, -15, -90]
				},
				"hand_right": {
					"rotation": [-10, 30, -26.5]
				},
				"arm_left": {
					"rotation": [-28, -8, 30]
				},
				"elbow_left": {
					"rotation": [75, 15, 90]
				},
				"hand_left": {
					"rotation": [-10, -30, 26.5]
				},
				"head": {
					"rotation": [-15, 0, "math.sin(q.anim_time*90*1-90)*2"]
				},
				"ear_left": {
					"rotation": [0, 0, "0-math.sin(q.anim_time*90*4-90)*3"]
				},
				"ear_right": {
					"rotation": [0, 0, "0+math.sin(q.anim_time*90*4-90)*3"]
				},
				"beard_fluff_right": {
					"rotation": [0, 0, "0-math.sin(q.anim_time*90*2-90)*4"]
				},
				"beard_fluff_left": {
					"rotation": [0, 0, "0+math.sin(q.anim_time*90*4-90)*4"]
				},
				"mustache_right": {
					"rotation": [0, 0, "0-math.sin(q.anim_time*90*2-90)*4"]
				},
				"mustache_left": {
					"rotation": [0, 0, "0+math.sin(q.anim_time*90*2-90)*4"]
				},
				"beard2": {
					"rotation": ["-5-math.sin(q.anim_time*90*1-45)*4", 0, "math.sin(q.anim_time*90*1-45)*4"]
				},
				"beard3": {
					"rotation": ["10-math.sin(q.anim_time*90*1-45)*4", 0, "math.sin(q.anim_time*90*1-45)*2"]
				},
				"beard4": {
					"rotation": ["10-math.sin(q.anim_time*90*1-45)*4", 0, "math.sin(q.anim_time*90*1-45)*2"]
				}
			}
		},
		"animation.beryllius.blink": {
			"animation_length": 0.1667,
			"bones": {
				"eyelid_left": {
					"position": {
						"0.0": [0, 0, -0.1],
						"0.125": [0, 0, -0.1],
						"0.1667": [0, 0, 0]
					}
				},
				"eyelid_right": {
					"position": {
						"0.0": [0, 0, -0.1],
						"0.125": [0, 0, -0.1],
						"0.1667": [0, 0, 0]
					}
				}
			}
		},
		"animation.beryllius.cry": {
			"animation_length": 1.2083,
			"bones": {
				"arm_right": {
					"rotation": {
						"0.0": [0, 0, 0],
						"0.25": {
							"pre": [-58, -33, 26],
							"post": [-58, -33, 26],
							"lerp_mode": "catmullrom"
						},
						"0.5": {
							"post": [-63, -33, 35],
							"lerp_mode": "catmullrom"
						},
						"0.75": {
							"post": [-63, -33, 35],
							"lerp_mode": "catmullrom"
						},
						"1.0": {
							"post": [-58, -33, 26],
							"lerp_mode": "catmullrom"
						},
						"1.2083": [0, 0, 0]
					}
				},
				"elbow_right": {
					"rotation": {
						"0.0": [0, 0, 0],
						"0.25": {
							"pre": [-4, 1, 93],
							"post": [-4, 1, 93],
							"lerp_mode": "catmullrom"
						},
						"0.5": {
							"post": [-3.6, 7, 108],
							"lerp_mode": "catmullrom"
						},
						"0.75": {
							"post": [-3.6, 7, 108],
							"lerp_mode": "catmullrom"
						},
						"1.0": {
							"post": [-4, 1, 93],
							"lerp_mode": "catmullrom"
						},
						"1.2083": [0, 0, 0]
					}
				},
				"arm_left": {
					"rotation": {
						"0.0": [0, 0, 0],
						"0.25": {
							"pre": [-58, 33, -26],
							"post": [-58, 33, -26],
							"lerp_mode": "catmullrom"
						},
						"0.5": {
							"post": [-63, 33, -35],
							"lerp_mode": "catmullrom"
						},
						"0.75": {
							"post": [-63, 33, -35],
							"lerp_mode": "catmullrom"
						},
						"1.0": {
							"post": [-58, 33, -26],
							"lerp_mode": "catmullrom"
						},
						"1.2083": [0, 0, 0]
					}
				},
				"elbow_left": {
					"rotation": {
						"0.0": [0, 0, 0],
						"0.25": {
							"pre": [-4, -1, -93],
							"post": [-4, -1, -93],
							"lerp_mode": "catmullrom"
						},
						"0.5": {
							"post": [-3.6, -7, -108],
							"lerp_mode": "catmullrom"
						},
						"0.75": {
							"post": [-3.6, -7, -108],
							"lerp_mode": "catmullrom"
						},
						"1.0": {
							"post": [-4, -1, -93],
							"lerp_mode": "catmullrom"
						},
						"1.2083": [0, 0, 0]
					}
				},
				"head": {
					"rotation": {
						"0.0": [0, 0, 0],
						"0.125": [20, 0, 0],
						"0.25": [10, 0, 0],
						"0.5": [-12.5, 0, 0],
						"1.0": [-15, 0, 0],
						"1.2083": [0, 0, 0]
					}
				},
				"eyelid_left": {
					"position": {
						"0.0417": [0, 0, 0],
						"0.0833": [0, 0, -0.1],
						"0.2917": [0, 0, -0.1],
						"0.3333": [0, 0, 0]
					}
				},
				"eyelid_right": {
					"position": {
						"0.0417": [0, 0, 0],
						"0.0833": [0, 0, -0.1],
						"0.2917": [0, 0, -0.1],
						"0.3333": [0, 0, 0]
					}
				}
			}
		}
	}
}