{
	"format_version": "1.8.0",
	"animations": {
		"animation.flabebe_allay.ground_idle": {
			"loop": true,
			"bones": {
				"body": {
					"rotation": ["15.2993-1*math.cos(q.anim_time*90*1.5-70)*1", -4.12867, "1.993-3*math.cos(q.anim_time*90*0.75-90)*1"],
					"position": ["-0.325+0.3*math.cos(q.anim_time*90*0.75-40)*1", "3+0.3*math.cos(q.anim_time*90*1.5-30)*1", "-0.85+0.1*math.cos(q.anim_time*90*1.5-70)*1"]
				},
				"arm_left": {
					"rotation": [
						"50.8086-15*math.cos(q.anim_time*90*0.75-90)*1",
						"55.7486-12*math.cos(q.anim_time*90*0.75-90)*1",
						"67.7007-12*math.cos(q.anim_time*90*0.75-90)*1"
					],
					"position": [0, 0, -1]
				},
				"neck": {
					"rotation": ["-2.75-1*math.cos(q.anim_time*90*1.5-90)*1", "0+1*math.sin(q.anim_time*90*0.75-90)*1", -7.5]
				},
				"head": {
					"rotation": [
						"-14.1656-1*math.cos(q.anim_time*90*1.5-120)*1",
						"2.6422+1*math.sin(q.anim_time*90*0.75-90)*1",
						"1.1875+2*math.sin(q.anim_time*90*0.75-120)*1"
					]
				},
				"ear_left": {
					"rotation": [0, "3*math.sin(q.anim_time*90*0.75-140)*1", "-6-2*math.cos(q.anim_time*90*1.5-120)*1"]
				},
				"ear_right": {
					"rotation": [0, "3*math.sin(q.anim_time*90*0.75-140)*1", "6+2*math.cos(q.anim_time*90*1.5-120)*1"]
				},
				"tail": {
					"rotation": [7.07631, -7.08389, "14.8112-1*math.cos(q.anim_time*90*1.5-80)*1"]
				},
				"tail2": {
					"rotation": [6.02169, -4.47919, "36.5142-3*math.cos(q.anim_time*90*1.5-120)*1"]
				},
				"flower": {
					"rotation": ["28.5-1*math.cos(q.anim_time*90*1.5-70)*1", 0, "0-3*math.cos(q.anim_time*90*0.75-90)*1"],
					"position": ["0.3*math.cos(q.anim_time*90*0.75-40)*1", "1+0.3*math.cos(q.anim_time*90*1.5-30)*1", 0]
				},
				"main_stem": {
					"rotation": [0, 0, -7.5]
				},
				"main_stem2": {
					"rotation": [0, 0, 10]
				},
				"main_stem3": {
					"rotation": [0, 0, 12.5]
				},
				"stem_back": {
					"rotation": ["-37.5-2*math.cos(q.anim_time*90*1.5-120)*1", 0, 0]
				},
				"stem_back2": {
					"rotation": ["-50-3*math.cos(q.anim_time*90*1.5-160)*1", 0, 0]
				},
				"stem_back3": {
					"rotation": ["-45-4*math.cos(q.anim_time*90*1.5-200)*1", 0, 0]
				},
				"stem_left": {
					"rotation": ["33.75-2*math.cos(q.anim_time*90*1.5-120)*1", -32.5, 0]
				},
				"stem_left2": {
					"rotation": ["37.75-3*math.cos(q.anim_time*90*1.5-160)*1", 0, 0]
				},
				"stem_left3": {
					"rotation": ["12.5-4*math.cos(q.anim_time*90*1.5-200)*1", 0, 0]
				},
				"stem_right": {
					"rotation": ["33.75-2*math.cos(q.anim_time*90*1.5-120)*1", 32.5, 0]
				},
				"stem_right2": {
					"rotation": ["37.75-3*math.cos(q.anim_time*90*1.5-160)*1", 0, 0]
				},
				"stem_right3": {
					"rotation": ["12.5-4*math.cos(q.anim_time*90*1.5-200)*1", 0, 0]
				},
				"root": {
					"rotation": [0, 0, "-7.5-1.5*math.cos(q.anim_time*90*0.75-70)*1"]
				},
				"root2": {
					"rotation": [10, 0, "-12.5-2*math.cos(q.anim_time*90*0.75-110)*1"]
				},
				"arm_left2": {
					"rotation": [0, "58.75+6*math.cos(q.anim_time*90*0.75-90)*1", 0]
				},
				"arm_right": {
					"rotation": [
						"50.8086-15*math.cos(q.anim_time*90*0.75-90)*1",
						"-55.7486+12*math.cos(q.anim_time*90*0.75-90)*1",
						"-67.7007+12*math.cos(q.anim_time*90*0.75-90)*1"
					],
					"position": [0, 0, -1]
				},
				"arm_right2": {
					"rotation": [0, "-58.75-6*math.cos(q.anim_time*90*0.75-90)*1", 0]
				},
				"ear_left2": {
					"rotation": [0, 0, "2-1.5*math.cos(q.anim_time*90*1.5-160)*1"]
				},
				"ear_right2": {
					"rotation": [0, 0, "-2+1.5*math.cos(q.anim_time*90*1.5-160)*1"]
				},
				"petal_front_rotation": {
					"rotation": ["2-2*math.cos(q.anim_time*90*1.5-140)*1", 0, 0]
				},
				"petal_front2": {
					"rotation": ["-20.5-5*math.cos(q.anim_time*90*1.5-180)*1", 0, 0]
				},
				"petal_left1_rotation": {
					"rotation": ["2-2*math.cos(q.anim_time*90*1.5-140)*1", 0, 0]
				},
				"petal_left1_2": {
					"rotation": ["-20.5-5*math.cos(q.anim_time*90*1.5-180)*1", 0, 0]
				},
				"petal_left2_rotation": {
					"rotation": ["-2+2*math.cos(q.anim_time*90*1.5-140)*1", 0, 0]
				},
				"petal_left2_2": {
					"rotation": ["20.5+5*math.cos(q.anim_time*90*1.5-180)*1", 0, 0]
				},
				"petal_right1_rotation": {
					"rotation": ["2-2*math.cos(q.anim_time*90*1.5-140)*1", 0, 0]
				},
				"petal_right1_2": {
					"rotation": ["-20.5-5*math.cos(q.anim_time*90*1.5-180)*1", 0, 0]
				},
				"petal_right2_rotation": {
					"rotation": ["-2+2*math.cos(q.anim_time*90*1.5-140)*1", 0, 0]
				},
				"petal_right2_2": {
					"rotation": ["20.5+5*math.cos(q.anim_time*90*1.5-180)*1", 0, 0]
				},
				"leaf_front": {
					"rotation": ["-1*math.cos(q.anim_time*90*1.5-125)*1", 0, "3*math.cos(q.anim_time*90*0.75-85)*1"]
				},
				"leaf_left_rotation": {
					"rotation": ["-1*math.cos(q.anim_time*90*1.5-130)*1", 0, "3*math.cos(q.anim_time*90*0.75-90)*1"]
				},
				"leaf_right_rotation": {
					"rotation": ["-1*math.cos(q.anim_time*90*1.5-120)*1", 0, "3*math.cos(q.anim_time*90*0.75-80)*1"]
				},
				"wing_right": {
					"rotation": ["1*math.sin(q.anim_time*90*1.5-120)*10", "-1*math.sin(q.anim_time*90*1.5-120)*30", 0]
				},
				"wing_left": {
					"rotation": ["1*math.sin(q.anim_time*90*1.5-120)*10", "1*math.sin(q.anim_time*90*1.5-120)*30", 0]
				},
				"halo": {
					"rotation": ["0-2*math.sin(q.anim_time*90*0.75-120)*1", 0, "0-2*math.sin(q.anim_time*90*0.75-120)*1"]
				}
			}
		},
		"animation.flabebe_allay.ground_walk": {
			"loop": true,
			"bones": {
				"body": {
					"rotation": ["46.8104-1*math.cos(q.anim_time*90*3-70)*1", -5.38914, "-0.5178-3*math.cos(q.anim_time*90*1.5-90)*1"],
					"position": ["-0.5+0.3*math.cos(q.anim_time*90*1.5-40)*1", "2+0.6*math.cos(q.anim_time*90*3-30)*1", "0.775-0.4*math.cos(q.anim_time*90*3-70)*1"]
				},
				"arm_left": {
					"rotation": ["-24.8954+3*math.cos(q.anim_time*90*6-90)*1", "36.9501+1*math.cos(q.anim_time*90*1.5-70)*1", -6.01442],
					"position": [0, 0, -0.725]
				},
				"neck": {
					"rotation": ["-17.2715-1*math.cos(q.anim_time*90*3-90)*1", "1.4845+1*math.sin(q.anim_time*90*1.5-90)*1", -2.72526]
				},
				"head": {
					"rotation": ["-16-1*math.cos(q.anim_time*90*3-120)*1", "4.25+1*math.sin(q.anim_time*90*1.5-90)*1", "2*math.sin(q.anim_time*90*1.5-120)*1"]
				},
				"ear_left": {
					"rotation": [0, "-16-1*math.sin(q.anim_time*90*6-140)*1", "3-4*math.cos(q.anim_time*90*3-120)*1"]
				},
				"ear_right": {
					"rotation": [0, "16+1*math.sin(q.anim_time*90*6-140)*1", "-3+4*math.cos(q.anim_time*90*3-120)*1"]
				},
				"tail": {
					"rotation": ["37.8-1*math.cos(q.anim_time*90*6-70)*1", -5.20566, "1.1105-1*math.cos(q.anim_time*90*3-80)*1"]
				},
				"tail2": {
					"rotation": ["9.4972-2*math.cos(q.anim_time*90*6-100)*1", 1.93597, "-14.8774-3*math.cos(q.anim_time*90*3-120)*1"]
				},
				"flower": {
					"rotation": ["24.25-1*math.cos(q.anim_time*90*3-70)*1", 0, "0-3*math.cos(q.anim_time*90*1.5-90)*1"],
					"position": ["0.3*math.cos(q.anim_time*90*1.5-40)*1", "1+0.6*math.cos(q.anim_time*90*3-30)*1", "-0.5*math.cos(q.anim_time*90*3-70)*1"]
				},
				"main_stem": {
					"rotation": ["-29.25-0.5*math.cos(q.anim_time*90*6-90)*1", 0, -7.5]
				},
				"main_stem2": {
					"rotation": ["-13.5-0.75*math.cos(q.anim_time*90*6-90)*1", 0, 0],
					"position": [0, -0.1, 0]
				},
				"main_stem3": {
					"rotation": ["-33.25-1*math.cos(q.anim_time*90*6-90)*1", 0, "12.5+0.3*math.cos(q.anim_time*90*1.5-40)*1"]
				},
				"stem_back": {
					"rotation": ["-53-1*math.cos(q.anim_time*90*6-120)*1", 0, 0]
				},
				"stem_back2": {
					"rotation": ["-69.25-1*math.cos(q.anim_time*90*6-160)*1", 0, 0]
				},
				"stem_back3": {
					"rotation": ["-17.25-2*math.cos(q.anim_time*90*6-180)*1", 0, 0]
				},
				"stem_left": {
					"rotation": ["37.5-2*math.cos(q.anim_time*90*3-120)*1", -32.5, 0]
				},
				"stem_left2": {
					"rotation": ["50-3*math.cos(q.anim_time*90*3-160)*1", 0, 0]
				},
				"stem_left3": {
					"rotation": ["35-4*math.cos(q.anim_time*90*3-200)*1", 0, 0]
				},
				"stem_right": {
					"rotation": ["37.5-2*math.cos(q.anim_time*90*3-120)*1", 32.5, 0]
				},
				"stem_right2": {
					"rotation": ["50-3*math.cos(q.anim_time*90*3-160)*1", 0, 0]
				},
				"stem_right3": {
					"rotation": ["35-4*math.cos(q.anim_time*90*3-200)*1", 0, 0]
				},
				"root": {
					"rotation": ["23.9658-0.75*math.cos(q.anim_time*90*6-50)*1", -1.3213, "-4.53-0.75*math.cos(q.anim_time*90*1.5-70)*1"]
				},
				"root2": {
					"rotation": ["31.0321-1*math.cos(q.anim_time*90*6-90)*1", -3.88267, "-6.0785-1*math.cos(q.anim_time*90*1.5-110)*1"]
				},
				"arm_left2": {
					"rotation": [3.50543, "65.2042+6*math.cos(q.anim_time*90*1.5-70)*1", 0.39058]
				},
				"arm_right": {
					"rotation": [
						"-11.1625-3*math.cos(q.anim_time*90*1.5-90)+3*math.cos(q.anim_time*90*6-90)*1",
						"-60.0934+12*math.cos(q.anim_time*90*1.5-90)*1",
						"0.1431+12*math.cos(q.anim_time*90*1.5-90)*1"
					],
					"position": [0.2, 0, -1]
				},
				"arm_right2": {
					"rotation": [0, "-58.75-6*math.cos(q.anim_time*90*1.5-90)*1", 0]
				},
				"ear_left2": {
					"rotation": [0, "-40-1*math.sin(q.anim_time*90*6-180)*1", 0]
				},
				"ear_right2": {
					"rotation": [0, "40+1*math.sin(q.anim_time*90*6-180)*1", 0]
				},
				"petal_front_rotation": {
					"rotation": ["2-1*math.cos(q.anim_time*90*6-140)*1", 0, 0]
				},
				"petal_front2": {
					"rotation": ["24.5-2*math.cos(q.anim_time*90*6-180)*1", 0, 0]
				},
				"petal_left1_rotation": {
					"rotation": ["2-1*math.cos(q.anim_time*90*6-140)*1", 0, 0]
				},
				"petal_left1_2": {
					"rotation": ["17.75-2*math.cos(q.anim_time*90*6-180)*1", 0, 0]
				},
				"petal_left2_rotation": {
					"rotation": ["-2+1*math.cos(q.anim_time*90*6-140)*1", 0, 0]
				},
				"petal_left2_2": {
					"rotation": ["-19-2*math.cos(q.anim_time*90*6-50)*1", 0, 0]
				},
				"petal_right1_rotation": {
					"rotation": ["2-1*math.cos(q.anim_time*90*6-140)*1", 0, 0]
				},
				"petal_right1_2": {
					"rotation": ["17.75-2*math.cos(q.anim_time*90*6-180)*1", 0, 0]
				},
				"petal_right2_rotation": {
					"rotation": ["-2+1*math.cos(q.anim_time*90*6-140)*1", 0, 0]
				},
				"petal_right2_2": {
					"rotation": ["-19-2*math.cos(q.anim_time*90*6-50)*1", 0, 0]
				},
				"leaf_front": {
					"rotation": ["-1*math.cos(q.anim_time*90*3-125)*1", 0, "3*math.cos(q.anim_time*90*1.5-85)*1"]
				},
				"leaf_left_rotation": {
					"rotation": ["-1*math.cos(q.anim_time*90*3-130)*1", 0, "3*math.cos(q.anim_time*90*1.5-90)*1"]
				},
				"leaf_right_rotation": {
					"rotation": ["-1*math.cos(q.anim_time*90*3-120)*1", 0, "3*math.cos(q.anim_time*90*1.5-80)*1"]
				},
				"wing_right": {
					"rotation": [0, "-1*math.sin(q.anim_time*90*3-120)*30", 0]
				},
				"wing_left": {
					"rotation": [0, "1*math.sin(q.anim_time*90*3-120)*30", 0]
				},
				"halo": {
					"rotation": ["-1*math.sin(q.anim_time*90*1.5-120)*1", 0, "-1*math.sin(q.anim_time*90*1.5-120)*1"]
				}
			}
		},
		"animation.flabebe_allay.sleep": {
			"loop": true,
			"bones": {
				"body": {
					"rotation": ["8.3464-1*math.cos(q.anim_time*90*0.75-70)*1", -11.27332, "-8.5341-1.5*math.cos(q.anim_time*90*0.25-90)*1"],
					"position": [
						"-0.75+0.3*math.cos(q.anim_time*90*0.25-40)*1",
						"-3.5+0.3*math.cos(q.anim_time*90*0.75-30)*1",
						"0.775+0.1*math.cos(q.anim_time*90*0.75-70)*1"
					]
				},
				"arm_left": {
					"rotation": [34.53391, "47.2998+1*math.cos(q.anim_time*90*0.25-70)*1", 15.66664],
					"position": [0, 0, -1.225]
				},
				"neck": {
					"rotation": ["19.1131-0.5*math.cos(q.anim_time*90*0.75-90)*1", "1.8206+0.5*math.sin(q.anim_time*90*0.25-90)*1", -13.32628]
				},
				"head": {
					"rotation": [
						"3.9996-1*math.cos(q.anim_time*90*0.75-120)*1",
						"14.2294+0.5*math.sin(q.anim_time*90*0.25-90)*1",
						"1.5487+0.5*math.sin(q.anim_time*90*0.25-120)*1"
					]
				},
				"ear_left": {
					"rotation": [0.54784, "-0.0796-1*math.sin(q.anim_time*90*0.25-140)*1", "19.5088-2*math.cos(q.anim_time*90*0.75-120)*1"]
				},
				"ear_right": {
					"rotation": [0.54789, "1.5796+1*math.sin(q.anim_time*90*0.25-140)*1", "-19.4944+2*math.cos(q.anim_time*90*0.75-120)*1"]
				},
				"tail": {
					"rotation": [-11.41372, 8.65447, "-78.2985+1*math.cos(q.anim_time*90*0.75-80)*1"]
				},
				"tail2": {
					"rotation": [7.16624, 2.21827, "-17.1111+3*math.cos(q.anim_time*90*0.75-120)*1"],
					"position": [0, 0.175, 0]
				},
				"flower": {
					"rotation": ["7.5-1*math.cos(q.anim_time*90*0.75-70)*1", 0, "-3*math.cos(q.anim_time*90*0.25-90)*1"],
					"position": ["0.3*math.cos(q.anim_time*90*0.25-40)*1", "1+0.3*math.cos(q.anim_time*90*0.75-30)*1", 0]
				},
				"main_stem": {
					"rotation": [13, 0, -7.5]
				},
				"main_stem2": {
					"rotation": [10.75, 0, 10]
				},
				"main_stem3": {
					"rotation": [4.5, 0, "24.5+5*math.sin(q.anim_time*90*0.25-120)*1"]
				},
				"stem_back": {
					"rotation": ["-66.25-2*math.cos(q.anim_time*90*0.75-120)*1", 0, 0]
				},
				"stem_back2": {
					"rotation": ["-59.25-3*math.cos(q.anim_time*90*0.75-160)*1", 0, 0]
				},
				"stem_back3": {
					"rotation": ["-30.75-4*math.cos(q.anim_time*90*0.75-200)*1", 0, 0]
				},
				"stem_left": {
					"rotation": ["37.5-2*math.cos(q.anim_time*90*0.75-120)*1", -32.5, 0]
				},
				"stem_left2": {
					"rotation": ["50-3*math.cos(q.anim_time*90*0.75-160)*1", 0, 0]
				},
				"stem_left3": {
					"rotation": ["35-4*math.cos(q.anim_time*90*0.75-200)*1", 0, 0]
				},
				"stem_right": {
					"rotation": ["37.5-2*math.cos(q.anim_time*90*0.75-120)*1", 32.5, 0]
				},
				"stem_right2": {
					"rotation": ["50-3*math.cos(q.anim_time*90*0.75-160)*1", 0, 0]
				},
				"stem_right3": {
					"rotation": ["35-4*math.cos(q.anim_time*90*0.75-200)*1", 0, 0]
				},
				"root": {
					"rotation": [0, 0, "-7.5-1.5*math.cos(q.anim_time*90*0.25-70)*1"]
				},
				"root2": {
					"rotation": [10, 0, "-12.5-2*math.cos(q.anim_time*90*0.25-110)*1"]
				},
				"arm_left2": {
					"rotation": [-4.75101, "64.2446+3*math.cos(q.anim_time*90*0.25-70)*1", -0.28715]
				},
				"arm_right": {
					"rotation": [
						"54.6474-15*math.cos(q.anim_time*90*0.25-90)*1",
						"-61.6779+12*math.cos(q.anim_time*90*0.25-90)*1",
						"-60.5034+12*math.cos(q.anim_time*90*0.25-90)*1"
					],
					"position": [0, 0, -1]
				},
				"arm_right2": {
					"rotation": [0, "-58.75-6*math.cos(q.anim_time*90*0.25-90)*1", 0]
				},
				"ear_left2": {
					"rotation": [0, 0, "11.75-1.5*math.cos(q.anim_time*90*0.75-160)*1"]
				},
				"ear_right2": {
					"rotation": [0, 1.5, "-11.75+1.5*math.cos(q.anim_time*90*0.75-160)*1"]
				},
				"petal_front_rotation": {
					"rotation": ["-7.5-2*math.cos(q.anim_time*90*0.75-140)*1", 0, 0]
				},
				"petal_front2": {
					"rotation": ["-41.75-2*math.cos(q.anim_time*90*0.75-180)*1", 0, 0]
				},
				"petal_left1_rotation": {
					"rotation": ["-7.5-2*math.cos(q.anim_time*90*0.75-140)*1", 0, 0]
				},
				"petal_left1_2": {
					"rotation": ["-41.75-2*math.cos(q.anim_time*90*0.75-180)*1", 0, 0]
				},
				"petal_left2_rotation": {
					"rotation": ["7.5+2*math.cos(q.anim_time*90*0.75-140)*1", 0, 0]
				},
				"petal_left2_2": {
					"rotation": ["41.75+2*math.cos(q.anim_time*90*0.75-180)*1", 0, 0]
				},
				"petal_right1_rotation": {
					"rotation": ["-7.5-2*math.cos(q.anim_time*90*0.75-140)*1", 0, 0]
				},
				"petal_right1_2": {
					"rotation": ["-41.75-2*math.cos(q.anim_time*90*0.75-180)*1", 0, 0]
				},
				"petal_right2_rotation": {
					"rotation": ["7.5+2*math.cos(q.anim_time*90*0.75-140)*1", 0, 0]
				},
				"petal_right2_2": {
					"rotation": ["41.75+2*math.cos(q.anim_time*90*0.75-180)*1", 0, 0]
				},
				"leaf_front": {
					"rotation": ["-1*math.cos(q.anim_time*90*0.75-125)*1", 0, "3*math.cos(q.anim_time*90*0.25-85)*1"]
				},
				"leaf_left_rotation": {
					"rotation": ["-1*math.cos(q.anim_time*90*0.75-130)*1", 0, "3*math.cos(q.anim_time*90*0.25-90)*1"]
				},
				"leaf_right_rotation": {
					"rotation": ["-1*math.cos(q.anim_time*90*0.75-120)*1", 0, "3*math.cos(q.anim_time*90*0.25-80)*1"]
				},
				"eyelid_left": {
					"position": [0, 0, -0.1]
				},
				"eyelid_right": {
					"position": [0, 0, -0.1]
				},
				"beak": {
					"rotation": ["-6*math.cos(q.anim_time*90*0.75-150)*1", 0, 0]
				},
				"wing_right": {
					"rotation": [43, "18-1*math.sin(q.anim_time*90*0.75-60)*10", -34]
				},
				"wing_left": {
					"rotation": [43, "18+1*math.sin(q.anim_time*90*0.75-60)*10", 34]
				}
			}
		},
		"animation.flabebe_allay.cry": {
			"animation_length": 3,
			"bones": {
				"body": {
					"rotation": {
						"0.0": [0, 0, 0],
						"0.1667": {
							"pre": [3.5, 0, 0],
							"post": [3.5, 0, 0],
							"lerp_mode": "catmullrom"
						},
						"0.4583": {
							"post": [0.8, 0, 0],
							"lerp_mode": "catmullrom"
						},
						"0.6667": {
							"post": [2.5, 0, 0],
							"lerp_mode": "catmullrom"
						},
						"1.125": {
							"post": [-2, 0, 0],
							"lerp_mode": "catmullrom"
						},
						"1.625": {
							"post": [-2, 0, 0],
							"lerp_mode": "catmullrom"
						},
						"2.3333": {
							"post": [0, 0, 0],
							"lerp_mode": "catmullrom"
						},
						"3.0": [0, 0, 0]
					}
				},
				"arm_left": {
					"rotation": {
						"0.0": [0, 0, 0],
						"0.1667": {
							"pre": [-2.4, 0, 0],
							"post": [-2.4, 0, 0],
							"lerp_mode": "catmullrom"
						},
						"0.4583": {
							"post": [1.3, 0, 0],
							"lerp_mode": "catmullrom"
						},
						"0.6667": {
							"post": [-1.5, 0, 0],
							"lerp_mode": "catmullrom"
						},
						"1.125": {
							"post": [1, 0, 0],
							"lerp_mode": "catmullrom"
						},
						"1.625": {
							"post": [1.1, 0, 0],
							"lerp_mode": "catmullrom"
						},
						"2.3333": {
							"post": [0, 0, 0],
							"lerp_mode": "catmullrom"
						},
						"3.0": [0, 0, 0]
					},
					"position": {
						"0.0": [0, 0, 0],
						"0.1667": {
							"pre": [0, 0, 0.075],
							"post": [0, 0, 0.075],
							"lerp_mode": "catmullrom"
						},
						"0.4583": {
							"post": [0, 0, 0],
							"lerp_mode": "catmullrom"
						},
						"0.6667": {
							"post": [0, 0, 0.075],
							"lerp_mode": "catmullrom"
						},
						"1.125": {
							"post": [0, 0, -0.025],
							"lerp_mode": "catmullrom"
						},
						"1.625": {
							"post": [0, 0, -0.025],
							"lerp_mode": "catmullrom"
						},
						"2.3333": {
							"post": [0, 0, 0],
							"lerp_mode": "catmullrom"
						},
						"3.0": [0, 0, 0]
					}
				},
				"arm_right": {
					"rotation": {
						"0.0": [0, 0, 0],
						"0.1667": {
							"pre": [0, -4.9, 0],
							"post": [0, -4.9, 0],
							"lerp_mode": "catmullrom"
						},
						"0.4583": {
							"post": [0, 0.6, 0],
							"lerp_mode": "catmullrom"
						},
						"0.6667": {
							"post": [0, -4, 0],
							"lerp_mode": "catmullrom"
						},
						"1.125": {
							"post": [0, 3.5, 0],
							"lerp_mode": "catmullrom"
						},
						"1.625": {
							"post": [0, 3.4, 0],
							"lerp_mode": "catmullrom"
						},
						"2.3333": {
							"post": [0, 0, 0],
							"lerp_mode": "catmullrom"
						},
						"3.0": [0, 0, 0]
					},
					"position": {
						"0.0": [0, 0, 0],
						"0.1667": {
							"pre": [0, 0, 0.075],
							"post": [0, 0, 0.075],
							"lerp_mode": "catmullrom"
						},
						"0.4583": {
							"post": [0, 0, 0],
							"lerp_mode": "catmullrom"
						},
						"0.6667": {
							"post": [0, 0, 0.075],
							"lerp_mode": "catmullrom"
						},
						"1.125": {
							"post": [0, 0, -0.025],
							"lerp_mode": "catmullrom"
						},
						"1.625": {
							"post": [0, 0, -0.025],
							"lerp_mode": "catmullrom"
						},
						"2.3333": {
							"post": [0, 0, 0],
							"lerp_mode": "catmullrom"
						},
						"3.0": [0, 0, 0]
					}
				},
				"neck": {
					"rotation": {
						"0.0": [0, 0, 0],
						"0.2083": {
							"pre": [5.5, 0, 0],
							"post": [5.5, 0, 0],
							"lerp_mode": "catmullrom"
						},
						"0.4583": {
							"post": [-1.25, 0, -2.2],
							"lerp_mode": "catmullrom"
						},
						"0.6667": {
							"post": [7.4, 0, -3.3],
							"lerp_mode": "catmullrom"
						},
						"0.9167": {
							"post": [-2.5, 0, 2.9],
							"lerp_mode": "catmullrom"
						},
						"1.2917": {
							"post": [-4.6, 0, 2.9],
							"lerp_mode": "catmullrom"
						},
						"2.1667": {
							"post": [0, 0, 0],
							"lerp_mode": "catmullrom"
						},
						"3.0": [0, 0, 0]
					}
				},
				"head": {
					"rotation": {
						"0.0": [0, 0, 0],
						"0.1667": {
							"pre": [3.25, 0, 0],
							"post": [3.25, 0, 0],
							"lerp_mode": "catmullrom"
						},
						"0.5": {
							"post": [-4, 0, -2.5],
							"lerp_mode": "catmullrom"
						},
						"0.7083": {
							"post": [1.65, 0, -2.5],
							"lerp_mode": "catmullrom"
						},
						"0.9583": {
							"post": [-4.75, 0, 1.3],
							"lerp_mode": "catmullrom"
						},
						"1.5417": {
							"post": [-6.15, 0, 1.3],
							"lerp_mode": "catmullrom"
						},
						"2.2083": {
							"post": [0, 0, 0],
							"lerp_mode": "catmullrom"
						},
						"3.0": [0, 0, 0]
					}
				},
				"eyelid_left": {
					"position": {
						"0.4167": [0, 0, 0],
						"0.5": {"pre": [0, 0, 0], "post": [0, 0, -0.1]},
						"1.4167": {"pre": [0, 0, -0.1], "post": [0, 0, 0]}
					}
				},
				"eyelid_right": {
					"position": {
						"0.4167": [0, 0, 0],
						"0.5": {"pre": [0, 0, 0], "post": [0, 0, -0.1]},
						"1.4167": {"pre": [0, 0, -0.1], "post": [0, 0, 0]}
					}
				},
				"beak": {
					"rotation": {
						"0.0833": [0, 0, 0],
						"0.1667": {
							"pre": [-10.675, 0, 0],
							"post": [-10.675, 0, 0],
							"lerp_mode": "catmullrom"
						},
						"0.2917": {
							"post": [-15.49, 0, 0],
							"lerp_mode": "catmullrom"
						},
						"0.5": {
							"post": [-2.9, 0, 0],
							"lerp_mode": "catmullrom"
						},
						"0.625": {
							"post": [-11.5, 0, 0],
							"lerp_mode": "catmullrom"
						},
						"0.75": {
							"post": [-20.33, 0, 0],
							"lerp_mode": "catmullrom"
						},
						"1.125": {
							"post": [-20.33, 0, 0],
							"lerp_mode": "catmullrom"
						},
						"1.4167": {
							"post": [-0.4, 0, 0],
							"lerp_mode": "catmullrom"
						},
						"2.0": [0, 0, 0]
					}
				},
				"ear_left": {
					"rotation": {
						"0.0417": [0, 0, 0],
						"0.2917": {
							"pre": [0, 0, 5.25],
							"post": [0, 0, 5.25],
							"lerp_mode": "catmullrom"
						},
						"0.5": {
							"post": [0, 0, 0],
							"lerp_mode": "catmullrom"
						},
						"0.75": {
							"post": [0, 0, 4.25],
							"lerp_mode": "catmullrom"
						},
						"1.0": {
							"post": [0, 0, -0.35],
							"lerp_mode": "catmullrom"
						},
						"1.5833": {
							"post": [0, 0, 2],
							"lerp_mode": "catmullrom"
						},
						"3.0": [0, 0, 0]
					}
				},
				"ear_left2": {
					"rotation": {
						"0.0417": [0, 0, 0],
						"0.4167": {
							"pre": [0, 0, 5.25],
							"post": [0, 0, 5.25],
							"lerp_mode": "catmullrom"
						},
						"0.625": {
							"post": [0, 0, 0.2],
							"lerp_mode": "catmullrom"
						},
						"0.875": {
							"post": [0, 0, 4.25],
							"lerp_mode": "catmullrom"
						},
						"1.125": {
							"post": [0, 0, -0.35],
							"lerp_mode": "catmullrom"
						},
						"1.7083": {
							"post": [0, 0, 2],
							"lerp_mode": "catmullrom"
						},
						"2.3333": {
							"post": [0, 0, 0],
							"lerp_mode": "catmullrom"
						},
						"3.0": [0, 0, 0]
					}
				},
				"ear_right": {
					"rotation": {
						"0.0417": [0, 0, 0],
						"0.2917": {
							"pre": [0, 0, -5.25],
							"post": [0, 0, -5.25],
							"lerp_mode": "catmullrom"
						},
						"0.5": {
							"post": [0, 0, 0],
							"lerp_mode": "catmullrom"
						},
						"0.75": {
							"post": [0, 0, -4.25],
							"lerp_mode": "catmullrom"
						},
						"1.0": {
							"post": [0, 0, 0.35],
							"lerp_mode": "catmullrom"
						},
						"1.5833": {
							"post": [0, 0, -2],
							"lerp_mode": "catmullrom"
						},
						"2.3333": {
							"post": [0, 0, 0],
							"lerp_mode": "catmullrom"
						},
						"3.0": [0, 0, 0]
					}
				},
				"ear_right2": {
					"rotation": {
						"0.0417": [0, 0, 0],
						"0.4167": {
							"pre": [0, 0, -5.25],
							"post": [0, 0, -5.25],
							"lerp_mode": "catmullrom"
						},
						"0.625": {
							"post": [0, 0, -0.2],
							"lerp_mode": "catmullrom"
						},
						"0.875": {
							"post": [0, 0, -4.25],
							"lerp_mode": "catmullrom"
						},
						"1.125": {
							"post": [0, 0, 0.35],
							"lerp_mode": "catmullrom"
						},
						"1.7083": {
							"post": [0, 0, -2],
							"lerp_mode": "catmullrom"
						},
						"3.0": [0, 0, 0]
					}
				}
			},
			"sound_effects": {
				"0.125": {
					"effect": "pokemon.flabebe.cry"
				}
			}
		},
		"animation.flabebe_allay.recoil": {
			"animation_length": 1.5,
			"bones": {
				"body": {
					"rotation": {
						"0.0": [0, 0, 0],
						"0.0417": [-8.5, 0, 0],
						"0.5833": {
							"pre": [1.4, 0, 0],
							"post": [1.4, 0, 0],
							"lerp_mode": "catmullrom"
						},
						"1.0833": {
							"post": [0, 0, 0],
							"lerp_mode": "catmullrom"
						},
						"1.5": {
							"post": [0, 0, 0],
							"lerp_mode": "catmullrom"
						}
					},
					"position": {
						"0.0": [0, 0, 0],
						"0.0417": [0, 0, 4.275],
						"0.5": {
							"pre": [0, 0, -0.125],
							"post": [0, 0, -0.125],
							"lerp_mode": "catmullrom"
						},
						"1.2083": {
							"post": [0, 0, 0.05],
							"lerp_mode": "catmullrom"
						},
						"1.5": [0, 0, 0]
					}
				},
				"arm_left": {
					"rotation": {
						"0.0": [0, 0, 0],
						"0.0417": [0, 9.5, 0],
						"0.4167": {
							"pre": [0, 1.86, 0],
							"post": [0, 1.86, 0],
							"lerp_mode": "catmullrom"
						},
						"0.9583": {
							"post": [0, 0, 0],
							"lerp_mode": "catmullrom"
						},
						"1.5": [0, 0, 0]
					},
					"position": {
						"0.0": [0, 0, 0],
						"0.0417": [0, 0, -0.225],
						"0.4167": {
							"pre": [0, 0, -0.11],
							"post": [0, 0, -0.11],
							"lerp_mode": "catmullrom"
						},
						"0.9583": {
							"post": [0, 0, 0],
							"lerp_mode": "catmullrom"
						},
						"1.5": [0, 0, 0]
					}
				},
				"arm_left2": {
					"rotation": {
						"0.0": [0, 0, 0],
						"0.0417": [0, -3.5, 0],
						"0.4167": {
							"pre": [0, 2.43, 0],
							"post": [0, 2.43, 0],
							"lerp_mode": "catmullrom"
						},
						"0.9583": {
							"post": [0, 0, 0],
							"lerp_mode": "catmullrom"
						},
						"1.5": [0, 0, 0]
					}
				},
				"arm_right": {
					"rotation": {
						"0.0": [0, 0, 0],
						"0.0417": [0, -10.75, 0],
						"0.4167": {
							"pre": [0, -5.35, 0],
							"post": [0, -5.35, 0],
							"lerp_mode": "catmullrom"
						},
						"0.9583": {
							"post": [0, 0, 0],
							"lerp_mode": "catmullrom"
						},
						"1.5": [0, 0, 0]
					}
				},
				"arm_right2": {
					"rotation": {
						"0.0": [0, 0, 0],
						"0.0417": [0, 16.25, 0],
						"0.4167": {
							"pre": [0, 0.6, 0],
							"post": [0, 0.6, 0],
							"lerp_mode": "catmullrom"
						},
						"0.9583": {
							"post": [0, 0, 0],
							"lerp_mode": "catmullrom"
						},
						"1.5": [0, 0, 0]
					}
				},
				"neck": {
					"rotation": {
						"0.0": [0, 0, 0],
						"0.0417": [11.5, 0, 0],
						"0.2083": {
							"pre": [-5.25, 0, 0],
							"post": [-5.25, 0, 0],
							"lerp_mode": "catmullrom"
						},
						"0.75": {
							"post": [3.25, 0, 0],
							"lerp_mode": "catmullrom"
						},
						"0.9583": {
							"post": [-2.5, 0, 0],
							"lerp_mode": "catmullrom"
						},
						"1.5": [0, 0, 0]
					}
				},
				"head": {
					"rotation": {
						"0.0": [0, 0, 0],
						"0.0417": [8.25, 0, 0],
						"0.25": {
							"pre": [1.75, 0, 0],
							"post": [1.75, 0, 0],
							"lerp_mode": "catmullrom"
						},
						"0.625": {
							"post": [2.34, 0, 0],
							"lerp_mode": "catmullrom"
						},
						"0.7083": {
							"post": [2.55, "2*math.sin(q.anim_time*90*15)", 0],
							"lerp_mode": "catmullrom"
						},
						"0.9583": {
							"post": [2.55, "3*math.sin(q.anim_time*90*15)", 0],
							"lerp_mode": "catmullrom"
						},
						"1.125": {
							"post": [0, "0.5*math.sin(q.anim_time*90*10)", 0],
							"lerp_mode": "catmullrom"
						},
						"1.5": [0, 0, 0]
					}
				},
				"eyelid_left": {
					"position": {
						"0.0": [0, 0, -0.1],
						"0.2083": {"pre": [0, 0, -0.1], "post": [0, 0, 0]},
						"0.5417": {"pre": [0, 0, 0], "post": [0, 0, -0.1]},
						"1.2917": {"pre": [0, 0, -0.1], "post": [0, 0, 0]}
					}
				},
				"eyelid_right": {
					"position": {
						"0.0": [0, 0, -0.1],
						"0.2083": {"pre": [0, 0, -0.1], "post": [0, 0, 0]},
						"0.5417": {"pre": [0, 0, 0], "post": [0, 0, -0.1]},
						"1.2917": {"pre": [0, 0, -0.1], "post": [0, 0, 0]}
					}
				},
				"tail": {
					"rotation": {
						"0.0": [0, 0, 0],
						"0.0833": [-8.1, 0, 0],
						"0.6667": {
							"pre": [0, 0, 0],
							"post": [0, 0, 0],
							"lerp_mode": "catmullrom"
						},
						"1.125": {
							"post": [0, 0, 0],
							"lerp_mode": "catmullrom"
						},
						"1.5": [0, 0, 0]
					}
				},
				"tail2": {
					"rotation": {
						"0.0": [0, 0, 0],
						"0.125": [-12.7, 0, 0],
						"0.7083": {
							"pre": [0, 0, 0],
							"post": [0, 0, 0],
							"lerp_mode": "catmullrom"
						},
						"1.1667": {
							"post": [0, 0, 0],
							"lerp_mode": "catmullrom"
						},
						"1.5": [0, 0, 0]
					}
				},
				"flower": {
					"rotation": {
						"0.0": [0, 0, 0],
						"0.0417": [-8.5, 0, 0],
						"0.5833": {
							"pre": [1.4, 0, 0],
							"post": [1.4, 0, 0],
							"lerp_mode": "catmullrom"
						},
						"1.0833": {
							"post": [0, 0, 0],
							"lerp_mode": "catmullrom"
						},
						"1.5": [0, 0, 0]
					},
					"position": {
						"0.0": [0, 0, 0],
						"0.0417": [0, 0, 3],
						"0.5": {
							"pre": [0, 0, -0.125],
							"post": [0, 0, -0.125],
							"lerp_mode": "catmullrom"
						},
						"1.2083": {
							"post": [0, 0, 0.05],
							"lerp_mode": "catmullrom"
						},
						"1.5": [0, 0, 0]
					}
				},
				"petal_front_rotation": {
					"rotation": {
						"0.0": [0, 0, 0],
						"0.25": [-2, 0, 0],
						"0.875": {
							"pre": [-2, 0, 0],
							"post": [-2, 0, 0],
							"lerp_mode": "catmullrom"
						},
						"1.25": {
							"post": [-0.1, 0, 0],
							"lerp_mode": "catmullrom"
						},
						"1.5": [0, 0, 0]
					}
				},
				"petal_front2": {
					"rotation": {
						"0.0": [0, 0, 0],
						"0.3333": [-6.65, 0, 0],
						"0.9583": {
							"pre": [3.2, 0, 0],
							"post": [3.2, 0, 0],
							"lerp_mode": "catmullrom"
						},
						"1.3333": {
							"post": [-0.1, 0, 0],
							"lerp_mode": "catmullrom"
						},
						"1.5": [0, 0, 0]
					}
				},
				"petal_left1_rotation": {
					"rotation": {
						"0.0": [0, 0, 0],
						"0.25": [0, 10.75, 0],
						"0.875": {
							"pre": [0, -0.8, 0],
							"post": [0, -0.8, 0],
							"lerp_mode": "catmullrom"
						},
						"1.25": {
							"post": [0, 0, 0],
							"lerp_mode": "catmullrom"
						},
						"1.5": [0, 0, 0]
					}
				},
				"petal_left2_rotation": {
					"rotation": {
						"0.0": [0, 0, 0],
						"0.25": [0, 10.75, 0],
						"0.875": {
							"pre": [0, -0.8, 0],
							"post": [0, -0.8, 0],
							"lerp_mode": "catmullrom"
						},
						"1.25": {
							"post": [0, 0, 0],
							"lerp_mode": "catmullrom"
						},
						"1.5": [0, 0, 0]
					}
				},
				"petal_right1_rotation": {
					"rotation": {
						"0.0": [0, 0, 0],
						"0.25": [0, -10.75, 0],
						"0.875": {
							"pre": [0, 0.8, 0],
							"post": [0, 0.8, 0],
							"lerp_mode": "catmullrom"
						},
						"1.25": {
							"post": [0, 0, 0],
							"lerp_mode": "catmullrom"
						},
						"1.5": [0, 0, 0]
					}
				},
				"petal_right2_rotation": {
					"rotation": {
						"0.0": [0, 0, 0],
						"0.25": [0, -10.75, 0],
						"0.875": {
							"pre": [0, 0.8, 0],
							"post": [0, 0.8, 0],
							"lerp_mode": "catmullrom"
						},
						"1.25": {
							"post": [0, 0, 0],
							"lerp_mode": "catmullrom"
						},
						"1.5": [0, 0, 0]
					}
				},
				"stem_back": {
					"rotation": {
						"0.0": [0, 0, 0],
						"0.125": [-16, 0, 0],
						"0.75": {
							"pre": [0, 0, 0],
							"post": [0, 0, 0],
							"lerp_mode": "catmullrom"
						},
						"1.125": {
							"post": [0, 0, 0],
							"lerp_mode": "catmullrom"
						},
						"1.5": [0, 0, 0]
					}
				},
				"stem_back2": {
					"rotation": {
						"0.0": [0, 0, 0],
						"0.2083": [-16, 0, 0],
						"0.8333": {
							"pre": [0, 0, 0],
							"post": [0, 0, 0],
							"lerp_mode": "catmullrom"
						},
						"1.2083": {
							"post": [0, 0, 0],
							"lerp_mode": "catmullrom"
						},
						"1.5": [0, 0, 0]
					}
				},
				"stem_back3": {
					"rotation": {
						"0.0": [0, 0, 0],
						"0.2917": [-16, 0, 0],
						"0.9167": {
							"pre": [0, 0, 0],
							"post": [0, 0, 0],
							"lerp_mode": "catmullrom"
						},
						"1.2917": {
							"post": [0, 0, 0],
							"lerp_mode": "catmullrom"
						},
						"1.5": [0, 0, 0]
					}
				},
				"stem_left": {
					"rotation": {
						"0.0": [0, 0, 0],
						"0.125": [-16, 0, 0],
						"0.75": {
							"pre": [0, 0, 0],
							"post": [0, 0, 0],
							"lerp_mode": "catmullrom"
						},
						"1.125": {
							"post": [0, 0, 0],
							"lerp_mode": "catmullrom"
						},
						"1.5": [0, 0, 0]
					}
				},
				"stem_left2": {
					"rotation": {
						"0.0": [0, 0, 0],
						"0.2083": [-16, 0, 0],
						"0.8333": {
							"pre": [0, 0, 0],
							"post": [0, 0, 0],
							"lerp_mode": "catmullrom"
						},
						"1.2083": {
							"post": [0, 0, 0],
							"lerp_mode": "catmullrom"
						},
						"1.5": [0, 0, 0]
					}
				},
				"stem_left3": {
					"rotation": {
						"0.0": [0, 0, 0],
						"0.2917": [-16, 0, 0],
						"0.9167": {
							"pre": [0, 0, 0],
							"post": [0, 0, 0],
							"lerp_mode": "catmullrom"
						},
						"1.2917": {
							"post": [0, 0, 0],
							"lerp_mode": "catmullrom"
						},
						"1.5": [0, 0, 0]
					}
				},
				"stem_right": {
					"rotation": {
						"0.0": [0, 0, 0],
						"0.125": [-16, 0, 0],
						"0.75": {
							"pre": [0, 0, 0],
							"post": [0, 0, 0],
							"lerp_mode": "catmullrom"
						},
						"1.125": {
							"post": [0, 0, 0],
							"lerp_mode": "catmullrom"
						},
						"1.5": [0, 0, 0]
					}
				},
				"stem_right2": {
					"rotation": {
						"0.0": [0, 0, 0],
						"0.2083": [-16, 0, 0],
						"0.8333": {
							"pre": [0, 0, 0],
							"post": [0, 0, 0],
							"lerp_mode": "catmullrom"
						},
						"1.2083": {
							"post": [0, 0, 0],
							"lerp_mode": "catmullrom"
						},
						"1.5": [0, 0, 0]
					}
				},
				"stem_right3": {
					"rotation": {
						"0.0": [0, 0, 0],
						"0.2917": [-16, 0, 0],
						"0.9167": {
							"pre": [0, 0, 0],
							"post": [0, 0, 0],
							"lerp_mode": "catmullrom"
						},
						"1.2917": {
							"post": [0, 0, 0],
							"lerp_mode": "catmullrom"
						},
						"1.5": [0, 0, 0]
					}
				},
				"root": {
					"rotation": {
						"0.0": [0, 0, 0],
						"0.125": [-8.35, 0, 0],
						"0.6667": {
							"pre": [0, 0, 0],
							"post": [0, 0, 0],
							"lerp_mode": "catmullrom"
						},
						"1.0833": {
							"post": [-0.4, 0, 0],
							"lerp_mode": "catmullrom"
						},
						"1.5": [0, 0, 0]
					}
				},
				"root2": {
					"rotation": {
						"0.0": [0, 0, 0],
						"0.2083": [-11.275, 0, 0],
						"0.75": {
							"pre": [0, 0, 0],
							"post": [0, 0, 0],
							"lerp_mode": "catmullrom"
						},
						"1.1667": {
							"post": [-0.4, 0, 0],
							"lerp_mode": "catmullrom"
						},
						"1.5": [0, 0, 0]
					}
				},
				"leaf_front": {
					"rotation": {
						"0.0": [0, 0, 0],
						"0.25": [23.75, 0, 0],
						"0.8333": {
							"pre": [0, 0, 0],
							"post": [0, 0, 0],
							"lerp_mode": "catmullrom"
						},
						"1.2083": {
							"post": [0, 0, 0],
							"lerp_mode": "catmullrom"
						},
						"1.5": [0, 0, 0]
					}
				},
				"leaf_left_rotation": {
					"rotation": {
						"0.0": [0, 0, 0],
						"0.25": [30.05, 0, 0],
						"0.8333": {
							"pre": [0, 0, 0],
							"post": [0, 0, 0],
							"lerp_mode": "catmullrom"
						},
						"1.2083": {
							"post": [0, 0, 0],
							"lerp_mode": "catmullrom"
						},
						"1.5": [0, 0, 0]
					}
				},
				"leaf_right_rotation": {
					"rotation": {
						"0.0": [0, 0, 0],
						"0.25": [30.05, 0, 0],
						"0.8333": {
							"pre": [0, 0, 0],
							"post": [0, 0, 0],
							"lerp_mode": "catmullrom"
						},
						"1.2083": {
							"post": [0, 0, 0],
							"lerp_mode": "catmullrom"
						},
						"1.5": [0, 0, 0]
					}
				}
			}
		},
		"animation.flabebe_allay.quirk_look": {
			"animation_length": 5,
			"bones": {
				"body": {
					"rotation": {
						"0.0": [0, 0, 0],
						"0.25": {
							"pre": [4.00137, -1.49635, -0.10466],
							"post": [4.00137, -1.49635, -0.10466],
							"lerp_mode": "catmullrom"
						},
						"0.5": {
							"post": [3.88716, 4.23495, 1.2752],
							"lerp_mode": "catmullrom"
						},
						"1.125": {
							"post": [3.88982, 4.73379, 1.30921],
							"lerp_mode": "catmullrom"
						},
						"1.3333": {
							"post": [3.90905, 4.92921, 1.4872],
							"lerp_mode": "catmullrom"
						},
						"1.5": {
							"post": [5.63104, 2.59017, 1.16342],
							"lerp_mode": "catmullrom"
						},
						"1.875": {
							"post": [3.80758, -5.77117, -1.17655],
							"lerp_mode": "catmullrom"
						},
						"2.4583": {
							"post": [3.81488, -6.76896, -1.24341],
							"lerp_mode": "catmullrom"
						},
						"3.25": {
							"post": [0, 0, 0],
							"lerp_mode": "catmullrom"
						},
						"4.0": [0, 0, 0]
					}
				},
				"arm_left": {
					"rotation": {
						"0.0": [0, 0, 0],
						"0.5": {
							"pre": [0, -13, 0],
							"post": [0, -13, 0],
							"lerp_mode": "catmullrom"
						},
						"1.125": {
							"post": [0, -13, 0],
							"lerp_mode": "catmullrom"
						},
						"1.875": {
							"post": [0, 3, 0],
							"lerp_mode": "catmullrom"
						},
						"2.4583": {
							"post": [0, 3, 0],
							"lerp_mode": "catmullrom"
						},
						"3.25": {
							"post": [0, 0, 0],
							"lerp_mode": "catmullrom"
						},
						"4.0": [0, 0, 0]
					}
				},
				"arm_right": {
					"rotation": {
						"0.0": [0, 0, 0],
						"0.5": {
							"pre": [-4.18213, -17.46655, 6.96038],
							"post": [-4.18213, -17.46655, 6.96038],
							"lerp_mode": "catmullrom"
						},
						"1.125": {
							"post": [-4.18213, -17.46655, 6.96038],
							"lerp_mode": "catmullrom"
						},
						"1.875": {
							"post": [-10.1928, 0.69575, -5.22217],
							"lerp_mode": "catmullrom"
						},
						"2.4583": {
							"post": [-10.1928, 0.69575, -5.22217],
							"lerp_mode": "catmullrom"
						},
						"3.25": {
							"post": [0, 0, 0],
							"lerp_mode": "catmullrom"
						},
						"4.0": [0, 0, 0]
					}
				},
				"arm_right2": {
					"rotation": [0, 0, 0]
				},
				"neck": {
					"rotation": {
						"0.0": [0, 0, 0],
						"0.2917": {
							"pre": [1.23543, -0.72114, 0],
							"post": [1.23543, -0.72114, 0],
							"lerp_mode": "catmullrom"
						},
						"0.625": {
							"post": [1.27098, 4.16687, 0.5981],
							"lerp_mode": "catmullrom"
						},
						"1.0": {
							"post": [1.27411, 5.70247, 0.63678],
							"lerp_mode": "catmullrom"
						},
						"1.5417": {
							"post": [1.28658, 4.88299, 0.73102],
							"lerp_mode": "catmullrom"
						},
						"2.0": {
							"post": [0.01847, -1.06435, 0.49102],
							"lerp_mode": "catmullrom"
						},
						"2.5417": {
							"post": [0.01849, -2.52569, 0.49055],
							"lerp_mode": "catmullrom"
						},
						"2.75": {
							"post": [-0.05914, -2.11463, 1.31724],
							"lerp_mode": "catmullrom"
						},
						"3.0833": {
							"post": [-0.06459, -0.94373, 1.43224],
							"lerp_mode": "catmullrom"
						},
						"3.5": {
							"post": [0, 0, 0],
							"lerp_mode": "catmullrom"
						},
						"4.0": [0, 0, 0]
					}
				},
				"head": {
					"rotation": {
						"0.0": [0, 0, 0],
						"0.1667": {
							"pre": [0, 4.25, 0],
							"post": [0, 4.25, 0],
							"lerp_mode": "catmullrom"
						},
						"0.5": {
							"post": [0, 12, 1.1],
							"lerp_mode": "catmullrom"
						},
						"1.125": {
							"post": [-0.91258, 12.67736, 2.68262],
							"lerp_mode": "catmullrom"
						},
						"1.4583": {
							"post": [-0.92169, 10.02676, 2.54301],
							"lerp_mode": "catmullrom"
						},
						"2.0": {
							"post": [-1.45744, -4.41209, -0.70949],
							"lerp_mode": "catmullrom"
						},
						"2.5417": {
							"post": [-3.68549, -4.54479, -2.86482],
							"lerp_mode": "catmullrom"
						},
						"2.875": {
							"post": [-2.78988, -8.39965, 2.11528],
							"lerp_mode": "catmullrom"
						},
						"3.2917": {
							"post": [-2.78988, -8.39965, 2.11528],
							"lerp_mode": "catmullrom"
						},
						"3.625": {
							"post": [0, 0, 0],
							"lerp_mode": "catmullrom"
						},
						"4.0": [0, 0, 0]
					}
				},
				"eye_left": {
					"position": {
						"0.0": [0, 0, 0],
						"0.4167": {"pre": [0, 0, 0], "post": [-0.2, 0, 0]},
						"1.6667": {"pre": [-0.2, 0, 0], "post": [0.1, 0, 0]},
						"2.5833": {"pre": [0.1, 0, 0], "post": [0.2, 0, 0]},
						"3.2083": {"pre": [0.2, 0, 0], "post": [0, 0, 0]}
					}
				},
				"eyelid_left": {
					"position": {
						"0.0": [0, 0, 0],
						"0.25": {"pre": [0, 0, 0], "post": [0, 0, -0.1]},
						"0.4167": {"pre": [0, 0, -0.1], "post": [0, 0, 0]},
						"1.5": {"pre": [0, 0, 0], "post": [0, 0, -0.1]},
						"1.6667": {"pre": [0, 0, -0.1], "post": [0, 0, 0]},
						"3.0833": {"pre": [0, 0, 0], "post": [0, 0, -0.1]},
						"3.2083": {"pre": [0, 0, -0.1], "post": [0, 0, 0]}
					}
				},
				"eye_right": {
					"position": {
						"0.0": [0, 0, 0],
						"0.4167": {"pre": [0, 0, 0], "post": [-0.2, 0, 0]},
						"1.6667": {"pre": [-0.2, 0, 0], "post": [0.1, 0, 0]},
						"2.5833": {"pre": [0.1, 0, 0], "post": [0.2, 0, 0]},
						"3.2083": {"pre": [0.2, 0, 0], "post": [0, 0, 0]}
					}
				},
				"eyelid_right": {
					"position": {
						"0.0": [0, 0, 0],
						"0.25": {"pre": [0, 0, 0], "post": [0, 0, -0.1]},
						"0.4167": {"pre": [0, 0, -0.1], "post": [0, 0, 0]},
						"1.5": {"pre": [0, 0, 0], "post": [0, 0, -0.1]},
						"1.6667": {"pre": [0, 0, -0.1], "post": [0, 0, 0]},
						"3.0833": {"pre": [0, 0, 0], "post": [0, 0, -0.1]},
						"3.2083": {"pre": [0, 0, -0.1], "post": [0, 0, 0]}
					}
				},
				"ear_left": {
					"rotation": {
						"0.0": [0, 0, 0],
						"0.1667": {
							"pre": [0, -6.03936, -0.07697],
							"post": [0, -6.03936, -0.07697],
							"lerp_mode": "catmullrom"
						},
						"0.3333": {
							"post": [0, 4.25, 0],
							"lerp_mode": "catmullrom"
						},
						"0.625": {
							"post": [0, 12, 1.1],
							"lerp_mode": "catmullrom"
						},
						"1.25": {
							"post": [0, 0, 0],
							"lerp_mode": "catmullrom"
						},
						"1.5833": {
							"post": [-0.92169, 10.02676, 2.54301],
							"lerp_mode": "catmullrom"
						},
						"2.125": {
							"post": [-1.45744, -4.41209, -0.70949],
							"lerp_mode": "catmullrom"
						},
						"2.6667": {
							"post": [0, 0, 0],
							"lerp_mode": "catmullrom"
						},
						"3.0": {
							"post": [-1.28988, -8.39965, 2.11528],
							"lerp_mode": "catmullrom"
						},
						"3.4167": {
							"post": [-2.78988, -8.39965, 2.11528],
							"lerp_mode": "catmullrom"
						},
						"3.75": {
							"post": [0, 0, 0],
							"lerp_mode": "catmullrom"
						},
						"4.125": [0, 0, 0]
					}
				},
				"ear_left2": {
					"rotation": {
						"0.0833": [0, 0, 0],
						"0.375": {
							"pre": [0, -6.03936, -0.07697],
							"post": [0, -6.03936, -0.07697],
							"lerp_mode": "catmullrom"
						},
						"0.5417": {
							"post": [0, 4.25, 0],
							"lerp_mode": "catmullrom"
						},
						"0.8333": {
							"post": [0, 12, 0],
							"lerp_mode": "catmullrom"
						},
						"1.4583": {
							"post": [0, 0, 0],
							"lerp_mode": "catmullrom"
						},
						"1.7917": {
							"post": [0, 10.02676, 0],
							"lerp_mode": "catmullrom"
						},
						"2.3333": {
							"post": [0, -4.41209, -0.70949],
							"lerp_mode": "catmullrom"
						},
						"2.875": {
							"post": [0, 0, 0],
							"lerp_mode": "catmullrom"
						},
						"3.2083": {
							"post": [0, -4.39965, 0],
							"lerp_mode": "catmullrom"
						},
						"3.625": {
							"post": [0, -8.39965, 0],
							"lerp_mode": "catmullrom"
						},
						"3.9583": {
							"post": [0, 0, 0],
							"lerp_mode": "catmullrom"
						},
						"4.3333": [0, 0, 0]
					}
				},
				"ear_right": {
					"rotation": {
						"0.0": [0, 0, 0],
						"0.1667": {
							"pre": [0, -6.03936, -0.07697],
							"post": [0, -6.03936, -0.07697],
							"lerp_mode": "catmullrom"
						},
						"0.3333": {
							"post": [0, 4.25, 0],
							"lerp_mode": "catmullrom"
						},
						"0.625": {
							"post": [0, 12, 1.1],
							"lerp_mode": "catmullrom"
						},
						"1.25": {
							"post": [0, 0, 0],
							"lerp_mode": "catmullrom"
						},
						"1.5833": {
							"post": [-0.92169, 10.02676, 2.54301],
							"lerp_mode": "catmullrom"
						},
						"2.125": {
							"post": [-1.45744, -4.41209, -0.70949],
							"lerp_mode": "catmullrom"
						},
						"2.6667": {
							"post": [0, 0, 0],
							"lerp_mode": "catmullrom"
						},
						"3.0": {
							"post": [-1.28988, -8.39965, 2.11528],
							"lerp_mode": "catmullrom"
						},
						"3.4167": {
							"post": [-2.78988, -8.39965, 2.11528],
							"lerp_mode": "catmullrom"
						},
						"3.75": {
							"post": [0, 0, 0],
							"lerp_mode": "catmullrom"
						},
						"4.125": [0, 0, 0]
					}
				},
				"ear_right2": {
					"rotation": {
						"0.0833": [0, 0, 0],
						"0.375": {
							"pre": [0, -6.03936, -0.07697],
							"post": [0, -6.03936, -0.07697],
							"lerp_mode": "catmullrom"
						},
						"0.5417": {
							"post": [0, 4.25, 0],
							"lerp_mode": "catmullrom"
						},
						"0.8333": {
							"post": [0, 12, 0],
							"lerp_mode": "catmullrom"
						},
						"1.4583": {
							"post": [0, 0, 0],
							"lerp_mode": "catmullrom"
						},
						"1.7917": {
							"post": [0, 10.02676, 0],
							"lerp_mode": "catmullrom"
						},
						"2.3333": {
							"post": [0, -4.41209, -0.70949],
							"lerp_mode": "catmullrom"
						},
						"2.875": {
							"post": [0, 0, 0],
							"lerp_mode": "catmullrom"
						},
						"3.2083": {
							"post": [0, -4.39965, 0],
							"lerp_mode": "catmullrom"
						},
						"3.625": {
							"post": [0, -8.39965, 0],
							"lerp_mode": "catmullrom"
						},
						"3.9583": {
							"post": [0, 0, 0],
							"lerp_mode": "catmullrom"
						},
						"4.3333": [0, 0, 0]
					}
				}
			}
		},
		"animation.flabebe_allay.blink": {
			"animation_length": 0.1667,
			"bones": {
				"eyelid_left": {
					"position": {
						"0.0": [0, 0, -0.1],
						"0.125": [0, 0, -0.1],
						"0.1667": [0, 0, 0]
					}
				},
				"eyelid_right": {
					"position": {
						"0.0": [0, 0, -0.1],
						"0.125": [0, 0, -0.1],
						"0.1667": [0, 0, 0]
					}
				}
			}
		}
	}
}