{
	"format_version": "1.8.0",
	"animations": {
		"animation.golurk_copper.ground_idle": {
			"loop": true,
			"bones": {
				"torso": {
					"rotation": ["2.514+Math.cos((query.anim_time-0.6) * 90 * 1) * 2", 4.98969, 0.32135],
					"position": [0, "Math.cos((query.anim_time) * 90 * 1) * 0.5", 0]
				},
				"head": {
					"rotation": [0, -5, 0]
				},
				"arm_left": {
					"rotation": ["Math.cos((query.anim_time-0.5) * 90 * 1) * 5", 0, "67.5+Math.cos((query.anim_time) * 90 * 1) * -3"]
				},
				"arm_left2": {
					"rotation": [0, 10, 0]
				},
				"hand_left": {
					"rotation": [0, 0, "17.5+Math.cos((query.anim_time-0.4) * 90 * 1) * -5"]
				},
				"hand_left2": {
					"rotation": [15, 0, 0]
				},
				"finger_left": {
					"rotation": [0, 0, 12.5]
				},
				"finger_left2": {
					"rotation": [0, 0, 22.5]
				},
				"finger_left3": {
					"rotation": [0, 0, 7.5]
				},
				"finger_left4": {
					"rotation": [0, 0, 22.5]
				},
				"finger_left5": {
					"rotation": [0, 0, 12.5]
				},
				"finger_left6": {
					"rotation": [0, 0, 22.5]
				},
				"finger_left7": {
					"rotation": [0, 0, 15]
				},
				"finger_left8": {
					"rotation": [0, 0, 22.5]
				},
				"finger_left9": {
					"rotation": [0, 12.5, 0]
				},
				"finger_left10": {
					"rotation": [0, -20, 0]
				},
				"arm_right": {
					"rotation": ["Math.cos((query.anim_time-0.5) * 90 * 1) * 5", 0, "-67.5+Math.cos((query.anim_time-0.1) * 90 * 1) * 3"]
				},
				"arm_right2": {
					"rotation": [0, -10, 0]
				},
				"hand_right": {
					"rotation": [0, 0, "-17.5+Math.cos((query.anim_time-0.5) * 90 * 1) * 5"]
				},
				"hand_right2": {
					"rotation": [15, 0, 0]
				},
				"finger_right": {
					"rotation": [0, 0, -12.5]
				},
				"finger_right2": {
					"rotation": [0, 0, -22.5]
				},
				"finger_right3": {
					"rotation": [0, 0, -7.5]
				},
				"finger_right4": {
					"rotation": [0, 0, -22.5]
				},
				"finger_right5": {
					"rotation": [0, 0, -12.5]
				},
				"finger_right6": {
					"rotation": [0, 0, -22.5]
				},
				"finger_right7": {
					"rotation": [0, 0, -15]
				},
				"finger_right8": {
					"rotation": [0, 0, -22.5]
				},
				"finger_right9": {
					"rotation": [0, -12.5, 0]
				},
				"finger_right10": {
					"rotation": [0, 20, 0]
				},
				"leg_left": {
					"rotation": [-3.77058, -20.98496, -10.62572]
				},
				"leg_left2": {
					"rotation": [4.92442, -0.86717, 9.96271]
				},
				"foot_left": {
					"rotation": [2.5, 0, 0]
				},
				"leg_right": {
					"rotation": [-5.30951, 21.12846, 13.30021]
				},
				"leg_right2": {
					"rotation": [7.42223, 0.97558, -9.95098]
				},
				"foot_right": {
					"rotation": [2.5, 0, 0]
				},
				"lightning_rod_glow": {
					"scale": 0.5
				}
			}
		},
		"animation.golurk_copper.special_attack": {
			"animation_length": 2.5,
			"bones": {
				"torso": {
					"rotation": {
						"0.0": [2.514, 4.98969, 0.32135],
						"0.25": {
							"pre": [25, 0, 0],
							"post": [25, 0, 0],
							"lerp_mode": "catmullrom"
						},
						"0.625": {
							"post": [-17.5, 0, 0],
							"lerp_mode": "catmullrom"
						},
						"0.8333": {
							"post": [2.5, 0, 0],
							"lerp_mode": "catmullrom"
						},
						"1.3333": {
							"post": [2.5, 0, 0],
							"lerp_mode": "catmullrom"
						},
						"1.4167": {
							"post": [-10, 0, 0],
							"lerp_mode": "catmullrom"
						},
						"1.5": {
							"post": [2.5, 0, 0],
							"lerp_mode": "catmullrom"
						},
						"1.5833": {
							"post": [-10, 0, 0],
							"lerp_mode": "catmullrom"
						},
						"1.6667": {
							"post": [2.5, 0, 0],
							"lerp_mode": "catmullrom"
						},
						"1.75": {
							"post": [-10, 0, 0],
							"lerp_mode": "catmullrom"
						},
						"1.8333": {
							"post": [2.5, 0, 0],
							"lerp_mode": "catmullrom"
						},
						"2.5": [2.514, 4.98969, 0.32135]
					},
					"position": {
						"0.0": [0, 0.5, 0],
						"1.3333": [0, 0.5, 0],
						"1.4167": [0, -1.5, 2],
						"1.5": [0, 0.5, 0],
						"1.5833": [0, -1.5, 2],
						"1.6667": [0, 0.5, 0],
						"1.75": [0, -1.5, 2],
						"1.8333": [0, 0.5, 0]
					}
				},
				"head": {
					"rotation": {
						"0.0": [0, -5, 0],
						"0.25": [17.5, -5, 0],
						"0.7917": [0, -5, 0],
						"1.3333": [0, -5, 0],
						"1.4167": [12.5, -5, 0],
						"1.5": [0, -5, 0],
						"1.5833": [12.5, -5, 0],
						"1.6667": [0, -5, 0],
						"1.75": [12.5, -5, 0],
						"1.8333": [0, -5, 0]
					}
				},
				"arm_left": {
					"rotation": [5, 0, 67.5]
				},
				"arm_left2": {
					"rotation": {
						"0.0": [0, 10, 0],
						"0.25": [-12.2967, -21.08848, -25.71557],
						"0.625": [-98.71318, 59.41098, -86.08472],
						"0.8333": [-75.77766, 82.89816, -53.59393],
						"1.3333": [-75.78, 82.9, -53.59],
						"1.4167": [-37, 78.5, -14],
						"1.5": [-75.78, 82.9, -53.59],
						"1.5833": [-37, 78.5, -14],
						"1.6667": [-75.78, 82.9, -53.59],
						"1.75": [-37, 78.5, -14],
						"1.8333": [-75.78, 82.9, -53.59],
						"2.5": [0, 10, 0]
					},
					"position": {
						"0.0": [0, 0, 0],
						"0.625": [0, 0, 0],
						"0.8333": [0, 1, -6],
						"1.3333": [0, 1, -6],
						"1.4167": [-1, 1, -3],
						"1.5": [0, 1, -6],
						"1.5833": [-1, 1, -3],
						"1.6667": [0, 1, -6],
						"1.75": [-1, 1, -3],
						"1.8333": [0, 1, -6],
						"2.5": [0, 0, 0]
					}
				},
				"hand_left": {
					"rotation": {
						"0.0": [0, 0, 17.5],
						"0.25": [-32.5, 45, 35],
						"0.625": [9, 67, 40],
						"0.8333": [1.5, -0.9, -1],
						"1.3333": [1.5, -0.9, -1],
						"1.8333": [1.5, -0.9, -1],
						"2.5": [0, 0, 17.5]
					},
					"position": {
						"0.0": [0, 0, 0],
						"0.625": [0, 0, 0],
						"0.8333": [2, 0, 0],
						"1.8333": [2, 0, 0],
						"2.5": [0, 0, 0]
					},
					"scale": {
						"1.3333": [1, 1, 1],
						"1.4167": [1.5, 1.2, 1.2],
						"1.5": [1, 1, 1],
						"1.5833": [1.5, 1.2, 1.2],
						"1.6667": [1, 1, 1],
						"1.75": [1.5, 1.2, 1.2],
						"1.8333": [1, 1, 1]
					}
				},
				"hand_left2": {
					"rotation": {
						"0.0": [15, 0, 0],
						"0.25": [36.54514, 9.06524, -12.0012],
						"0.625": [-3.4184, 30.05238, 18.59559],
						"0.8333": [15, 0, 0],
						"1.8333": [15, 0, 0],
						"2.5": [15, 0, 0]
					},
					"position": {
						"0.625": [0, 0, 0],
						"0.8333": [-7, 0, 0],
						"1.8333": [-7, 0, 0],
						"2.5": [0, 0, 0]
					},
					"scale": {
						"0.625": [1, 1, 1],
						"0.8333": [0, 1, 0.8],
						"1.8333": [0, 1, 0.8],
						"2.5": [1, 1, 1]
					}
				},
				"finger_left": {
					"rotation": [0, 0, 12.5]
				},
				"finger_left2": {
					"rotation": [0, 0, 22.5]
				},
				"finger_left3": {
					"rotation": [0, 0, 7.5]
				},
				"finger_left4": {
					"rotation": [0, 0, 22.5]
				},
				"finger_left5": {
					"rotation": [0, 0, 12.5]
				},
				"finger_left6": {
					"rotation": [0, 0, 22.5]
				},
				"finger_left7": {
					"rotation": [0, 0, 15]
				},
				"finger_left8": {
					"rotation": [0, 0, 22.5]
				},
				"finger_left9": {
					"rotation": [0, 12.5, 0]
				},
				"finger_left10": {
					"rotation": [0, -20, 0]
				},
				"arm_right": {
					"rotation": [5, 0, -67.5]
				},
				"arm_right2": {
					"rotation": {
						"0.0": [0, -10, 0],
						"0.25": [-12.2967, 21.08848, 25.71557],
						"0.625": [-98.71318, -59.41098, 86.08472],
						"0.8333": [-75.77766, -82.89816, 53.59393],
						"1.3333": [-75.78, -82.9, 53.59],
						"1.4167": [-37, -78.5, 14],
						"1.5": [-75.78, -82.9, 53.59],
						"1.5833": [-37, -78.5, 14],
						"1.6667": [-75.78, -82.9, 53.59],
						"1.75": [-37, -78.5, 14],
						"1.8333": [-75.78, -82.9, 53.59],
						"2.5": [0, 0, 0]
					},
					"position": {
						"0.0": [0, 0, 0],
						"0.625": [0, 0, 0],
						"0.8333": [0, 1, -6],
						"1.3333": [0, 1, -6],
						"1.4167": [-1, 1, -3],
						"1.5": [0, 1, -6],
						"1.5833": [-1, 1, -3],
						"1.6667": [0, 1, -6],
						"1.75": [-1, 1, -3],
						"1.8333": [0, 1, -6],
						"2.5": [0, 0, 0]
					}
				},
				"hand_right": {
					"rotation": {
						"0.0": [0, 0, -17.5],
						"0.25": [-32.5, -45, -35],
						"0.625": [9, -67, -40],
						"0.8333": [1.5, 0.9, 1],
						"1.3333": [1.5, 0.9, 1],
						"1.8333": [1.5, 0.9, 1],
						"2.5": [0, 0, -17.5]
					},
					"position": {
						"0.0": [0, 0, 0],
						"0.625": [0, 0, 0],
						"0.8333": [-2, 0, 0],
						"1.8333": [-2, 0, 0],
						"2.5": [0, 0, 0]
					},
					"scale": {
						"1.3333": [1, 1, 1],
						"1.4167": [1.5, 1.2, 1.2],
						"1.5": [1, 1, 1],
						"1.5833": [1.5, 1.2, 1.2],
						"1.6667": [1, 1, 1],
						"1.75": [1.5, 1.2, 1.2],
						"1.8333": [1, 1, 1]
					}
				},
				"hand_right2": {
					"rotation": {
						"0.0": [15, 0, 0],
						"0.25": [36.54514, -9.06524, 12.0012],
						"0.625": [-3.4184, -30.05238, -18.59559],
						"0.8333": [15, 0, 0],
						"1.8333": [15, 0, 0],
						"2.5": [15, 0, 0]
					},
					"position": {
						"0.625": [0, 0, 0],
						"0.8333": [7, 0, 0],
						"1.8333": [7, 0, 0],
						"2.5": [0, 0, 0]
					},
					"scale": {
						"0.625": [1, 1, 1],
						"0.8333": [0, 1, 0.8],
						"1.8333": [0, 1, 0.8],
						"2.5": [1, 1, 1]
					}
				},
				"finger_right": {
					"rotation": [0, 0, -12.5]
				},
				"finger_right2": {
					"rotation": [0, 0, -22.5]
				},
				"finger_right3": {
					"rotation": [0, 0, -7.5]
				},
				"finger_right4": {
					"rotation": [0, 0, -22.5]
				},
				"finger_right5": {
					"rotation": [0, 0, -12.5]
				},
				"finger_right6": {
					"rotation": [0, 0, -22.5]
				},
				"finger_right7": {
					"rotation": [0, 0, -15]
				},
				"finger_right8": {
					"rotation": [0, 0, -22.5]
				},
				"finger_right9": {
					"rotation": [0, -12.5, 0]
				},
				"finger_right10": {
					"rotation": [0, 20, 0]
				},
				"leg_left": {
					"rotation": {
						"0.0": [-3.77058, -20.98496, -10.62572],
						"0.25": [26.22942, -20.98496, -10.62572],
						"2.0": [26.22942, -20.98496, -10.62572],
						"2.5": [-3.77058, -20.98496, -10.62572]
					}
				},
				"leg_left2": {
					"rotation": {
						"0.0": [4.92442, -0.86717, 9.96271],
						"0.25": [-1.64125, 13.74541, -3.81881],
						"2.0": [-1.64125, 13.74541, -3.81881],
						"2.5": [4.92442, -0.86717, 9.96271]
					}
				},
				"foot_left": {
					"rotation": {
						"0.0": [2.5, 0, 0],
						"0.25": [65, 4, 9],
						"2.0": [65, 4, 9],
						"2.5": [2.5, 0, 0]
					}
				},
				"leg_right": {
					"rotation": {
						"0.0": [-5.3, 21.12846, 13.3],
						"0.25": [-40, 21, 13],
						"2.0": [-40, 21, 13],
						"2.5": [-5.3, 21.12846, 13.3]
					}
				},
				"leg_right2": {
					"rotation": {
						"0.0": [7.42223, 0.97558, -9.95098],
						"0.25": [42.42223, 0.97558, -9.95098],
						"2.0": [42.42223, 0.97558, -9.95098],
						"2.5": [7.42223, 0.97558, -9.95098]
					}
				},
				"foot_right": {
					"rotation": {
						"0.0": [2.5, 0, 0],
						"0.25": [2.5, -10, -5],
						"2.0": [2.5, -10, -5],
						"2.5": [2.5, 0, 0]
					}
				},
				"lightning_rod_glow": {
					"scale": {
						"0.0": [0.5, 0.5, 0.5],
						"1.2917": [0.5, 0.5, 0.5],
						"1.3333": [1, 1, 1],
						"1.4167": [1.5, 1.5, 1.5],
						"1.5": [1, 1, 1],
						"1.5833": [1.5, 1.5, 1.5],
						"1.6667": [1, 1, 1],
						"1.75": [1.5, 1.5, 1.5],
						"1.8333": [0, 0, 0]
					}
				},
				"body": {
					"position": {
						"0.0": [0, 0, 0],
						"0.25": [0, -2, 2],
						"2.0": [0, -2, 2],
						"2.5": [0, 0, 0]
					}
				},
				"torso_glow": {
					"position": {
						"0.9167": [0, 0, 0],
						"0.9583": [0, 0, -1],
						"2.0": [0, 0, -1],
						"2.0417": [0, 0, 0]
					}
				},
				"eyelid_left": {
					"position": {
						"0.9167": [0, 0, 0],
						"0.9583": [0, 0, -0.1],
						"2.0": [0, 0, -0.1],
						"2.0417": [0, 0, 0]
					}
				},
				"eyelid_right": {
					"position": {
						"0.9167": [0, 0, 0],
						"0.9583": [0, 0, -0.1],
						"2.0": [0, 0, -0.1],
						"2.0417": [0, 0, 0]
					}
				},
				"arm_left_glow": {
					"position": {
						"0.9167": [0, 0, 0],
						"0.9583": [0, 0, -1],
						"2.0": [0, 0, -1],
						"2.0417": [0, 0, 0]
					}
				},
				"hand_cannon_glow_left": {
					"position": {
						"0.9167": [0, 0, 0],
						"0.9583": [1, 0, 0],
						"1.375": [1, 0, 0],
						"1.4167": [1, 0, 0],
						"1.4583": [0, 0, 0],
						"1.5": [0, 0, 0],
						"1.5417": [1, 0, 0],
						"1.5833": [1, 0, 0],
						"1.625": [0, 0, 0],
						"1.6667": [0, 0, 0],
						"1.7083": [1, 0, 0],
						"1.75": [1, 0, 0],
						"1.7917": [0, 0, 0]
					}
				},
				"hand_left_glow": {
					"position": [0, 0, 0]
				},
				"arm_right_glow": {
					"position": {
						"0.9167": [0, 0, 0],
						"0.9583": [0, 0, -1],
						"2.0": [0, 0, -1],
						"2.0417": [0, 0, 0]
					}
				},
				"hand_cannon_right_glow": {
					"position": {
						"0.9167": [0, 0, 0],
						"0.9583": [-1, 0, 0],
						"1.375": [-1, 0, 0],
						"1.4167": [-1, 0, 0],
						"1.4583": [0, 0, 0],
						"1.5": [0, 0, 0],
						"1.5417": [-1, 0, 0],
						"1.5833": [-1, 0, 0],
						"1.625": [0, 0, 0],
						"1.6667": [0, 0, 0],
						"1.7083": [-1, 0, 0],
						"1.75": [-1, 0, 0],
						"1.7917": [0, 0, 0]
					}
				}
			}
		},
		"animation.golurk_copper.ground_walk": {
			"loop": true,
			"animation_length": 2.5,
			"bones": {
				"torso": {
					"rotation": ["2.5+Math.cos((query.anim_time-0.3) * 90 * 1.6*2) * -3", "Math.cos((query.anim_time) * 90 * 1.6) * -3", 0],
					"position": {
						"0.0": [0, "-1.5+Math.cos((query.anim_time) * 90 * 1.6*2) * 1.5", 0],
						"0.375": [0, "-2+Math.cos((query.anim_time) * 90 * 1.6*2) * 1.5", 0],
						"0.4583": [0, "-0.5+Math.cos((query.anim_time) * 90 * 1.6*2) * 1.5", 0],
						"0.5417": [0, "-0.25+Math.cos((query.anim_time) * 90 * 1.6*2) * 1.5", 0],
						"0.625": [0, "-1+Math.cos((query.anim_time) * 90 * 1.6*2) * 1.5", 0],
						"1.6667": [0, "-1.5+Math.cos((query.anim_time) * 90 * 1.6*2) * 1.5", 0],
						"1.75": [0, "-0.25+Math.cos((query.anim_time) * 90 * 1.6*2) * 1.5", 0],
						"1.8333": [0, "Math.cos((query.anim_time) * 90 * 1.6*2) * 1.5", 0],
						"1.9583": [0, "-1+Math.cos((query.anim_time) * 90 * 1.6*2) * 1.5", 0],
						"2.5": [0, "-1.5+Math.cos((query.anim_time) * 90 * 1.6*2) * 1.5", 0]
					}
				},
				"head": {
					"rotation": [0, 0, 0]
				},
				"arm_left": {
					"rotation": [0, "Math.cos((query.anim_time-0.3) * 90 * 1.6) * -20", 67.5],
					"position": {
						"0.0": [0, 0, 0],
						"0.3333": [0, 0, 0],
						"0.4167": [0, -0.5, -0.00002],
						"0.4583": [0, -0.24999, 0.00825],
						"0.5417": [0, 0.49976, 0.03115],
						"0.625": [0, 0, 0],
						"1.5417": [0, 0, 0],
						"1.625": [0, -0.5, -0.00002],
						"1.6667": [0, -0.24999, 0.00825],
						"1.75": [0, 0.49976, 0.03115],
						"1.8333": [0, 0, 0]
					}
				},
				"arm_left2": {
					"rotation": [0, "7.5+Math.cos((query.anim_time-0.5) * 90 * 1.6) * -10", 0]
				},
				"hand_left": {
					"rotation": [0, "20+Math.cos((query.anim_time-0.7) * 90 * 1.6) * -5", 17.5]
				},
				"hand_left2": {
					"rotation": [15, 0, 0]
				},
				"finger_left": {
					"rotation": [0, 0, 12.5]
				},
				"finger_left2": {
					"rotation": [0, 0, 22.5]
				},
				"finger_left3": {
					"rotation": [0, 0, 7.5]
				},
				"finger_left4": {
					"rotation": [0, 0, 22.5]
				},
				"finger_left5": {
					"rotation": [0, 0, 12.5]
				},
				"finger_left6": {
					"rotation": [0, 0, 22.5]
				},
				"finger_left7": {
					"rotation": [0, 0, 15]
				},
				"finger_left8": {
					"rotation": [0, 0, 22.5]
				},
				"finger_left9": {
					"rotation": [0, 12.5, 0]
				},
				"finger_left10": {
					"rotation": [0, -20, 0]
				},
				"arm_right": {
					"rotation": [0, "(Math.cos((query.anim_time-0.3) * 90 * 1.6) * -20)", -67.5],
					"position": {
						"0.375": [0, 0, 0],
						"0.4583": [0, -0.5, -0.00002],
						"0.5": [0, -0.24999, 0.00825],
						"0.5833": [0, 0.49976, 0.03115],
						"0.6667": [0, 0, 0],
						"1.5833": [0, 0, 0],
						"1.6667": [0, -0.5, -0.00002],
						"1.7083": [0, -0.24999, 0.00825],
						"1.7917": [0, 0.49976, 0.03115],
						"1.875": [0, 0, 0]
					}
				},
				"arm_right2": {
					"rotation": [0, "-7.5+Math.cos((query.anim_time-0.5) * 90 * 1.6) * -10", 0]
				},
				"hand_right": {
					"rotation": [0, "-20+Math.cos((query.anim_time-0.7) * 90 * 1.6) * -5", -17.5]
				},
				"hand_right2": {
					"rotation": [15, 0, 0]
				},
				"finger_right": {
					"rotation": [0, 0, -12.5]
				},
				"finger_right2": {
					"rotation": [0, 0, -22.5]
				},
				"finger_right3": {
					"rotation": [0, 0, -7.5]
				},
				"finger_right4": {
					"rotation": [0, 0, -22.5]
				},
				"finger_right5": {
					"rotation": [0, 0, -12.5]
				},
				"finger_right6": {
					"rotation": [0, 0, -22.5]
				},
				"finger_right7": {
					"rotation": [0, 0, -15]
				},
				"finger_right8": {
					"rotation": [0, 0, -22.5]
				},
				"finger_right9": {
					"rotation": [0, -12.5, 0]
				},
				"finger_right10": {
					"rotation": [0, 20, 0]
				},
				"leg_left": {
					"rotation": {
						"0.0": [-52.5, -10, 0],
						"0.0833": [-56.25, -10, 0],
						"0.2083": [-46.87, -10, 0],
						"0.375": [-17, -9, 0],
						"0.9167": [16.5, -3, 0],
						"1.1667": [28.75, -0.5, 0],
						"1.25": [30.54, 0, 0],
						"1.4583": [35, 0, 0],
						"1.6667": [17.81, -1, 0],
						"1.9583": [-27.25, -5, 0],
						"2.375": [-43.44, -9, 0],
						"2.5": [-52.5, -10, 0]
					}
				},
				"leg_left2": {
					"rotation": {
						"0.0": [2.5, 0, 0],
						"0.375": [17.5, 0, 0],
						"0.9167": [0, 0, 0],
						"1.4583": [20, 0, 0],
						"1.9583": [51.25, 0, 0],
						"2.5": [2.5, 0, 0]
					}
				},
				"foot_left": {
					"rotation": {
						"0.0": [34, 0, 0],
						"0.0833": [27.08, 0, 0],
						"0.1667": [20.58, 0, 0],
						"0.2917": [18.58, 0, 0],
						"0.4583": [0, 0, 0],
						"0.625": [-7.29, 0, 0],
						"0.9167": [5, 0, 0],
						"1.125": [6.67, 0, 0],
						"1.4583": [15, 0, 0],
						"1.7917": [51.67, 0, 0],
						"1.9583": [55, 0, 0],
						"2.2083": [49.71, 0, 0],
						"2.375": [41.59, 0, 0],
						"2.5": [34, 0, 0]
					}
				},
				"leg_right": {
					"rotation": {
						"0.0": [30.54, 0, 0],
						"0.2083": [35, 0, 0],
						"0.4167": [17.81, 1, 0],
						"0.7083": [-27.25, 5, 0],
						"1.125": [-43.44, 9, 0],
						"1.25": [-52.5, 10, 0],
						"1.3333": [-56.25, 10, 0],
						"1.4583": [-46.87, 10, 0],
						"1.625": [-18, 9, 0],
						"2.1667": [24.5, 3, 0],
						"2.4167": [28.75, 0.5, 0],
						"2.5": [30.54, 0, 0]
					}
				},
				"leg_right2": {
					"rotation": {
						"0.0": [12.31, 0, 0],
						"0.2083": [20, 0, 0],
						"0.7083": [51.25, 0, 0],
						"1.25": [2.5, 0, 0],
						"1.625": [17.5, 0, 0],
						"2.1667": [0, 0, 0],
						"2.5": [12.31, 0, 0]
					}
				},
				"foot_right": {
					"rotation": {
						"0.0": [9.79, 0, 0],
						"0.2083": [15, 0, 0],
						"0.5417": [51.67, 0, 0],
						"0.7083": [55, 0, 0],
						"0.9583": [49.71, 0, 0],
						"1.125": [41.59, 0, 0],
						"1.25": [34, 0, 0],
						"1.3333": [27.08, 0, 0],
						"1.4167": [20.58, 0, 0],
						"1.5417": [18.58, 0, 0],
						"1.7083": [-2.5, 0, 0],
						"1.875": [-7.29, 0, 0],
						"2.1667": [5, 0, 0],
						"2.375": [6.67, 0, 0],
						"2.5": [9.79, 0, 0]
					}
				},
				"lightning_rod_glow": {
					"scale": 0.5
				}
			}
		},
		"animation.golurk_copper.faint": {
			"loop": true,
			"animation_length": 3,
			"bones": {
				"torso": {
					"rotation": {
						"0.0": [0, 5, -6],
						"0.0833": [-6.19803, 14.94574, -10.04153],
						"0.2083": [-8.40953, 20.48233, -13.24655],
						"0.3333": [-5.18641, 14.46097, -7.52605],
						"0.375": [0, 8, -3],
						"0.4583": [5, 0, 4.5],
						"0.5": [4.33202, -2.10027, 7.32998],
						"0.5833": [3.15, -11.45817, 9.58301],
						"0.7083": [-5.51283, -23.19577, 6.99746],
						"0.8333": [-6.99084, -23.38337, 5.34121],
						"0.9167": [-4.46886, -12.57098, 2.68497],
						"1.0": [1.11908, -1.32141, 1.05998],
						"1.125": [-1.37469, 6.17716, 1.20689],
						"1.25": [-6.37891, 3.67764, 1.15771],
						"1.4167": [-11.37891, 3.67764, 1.15771],
						"1.625": [-13.37891, 3.67764, 1.15771],
						"1.7083": [-10.05748, 3.67764, 1.15771],
						"1.7917": [3.26395, 3.67764, 1.15771],
						"1.875": [7.12109, 3.67764, 1.15771],
						"2.0": [8.12109, 3.67764, 1.15771],
						"2.1667": [4.62109, 3.67764, 1.15771],
						"2.25": [-0.87891, 3.67764, 1.15771],
						"2.2917": [-6.67891, 3.67764, 1.15771],
						"2.375": [-10.37891, 3.67764, 1.15771],
						"2.4583": [-14.37891, 3.67764, 1.15771],
						"2.625": [-16.62891, 3.67764, 1.15771],
						"2.7917": [-18.87891, 3.67764, 1.15771]
					},
					"position": {
						"0.0": [0, 0, 0],
						"0.1667": [0, 0.75, 0],
						"0.375": [0, -2.75, 0],
						"0.4583": [0, -3, 0],
						"0.5417": [0, -2.75, 0],
						"0.6667": [0, 0.5, 0],
						"0.7917": [0, 1, 0],
						"0.875": [0, 0.33, 0],
						"0.9583": [0, -2.83, 0],
						"1.0417": [0, -3, 0],
						"1.125": [0, -2.7, 0],
						"1.25": [0, 0, 0],
						"1.4583": [0, 1.06, 0],
						"1.625": [0, 1, 0],
						"1.7917": [0, -3, 0],
						"1.8333": [0, -3.17, 0],
						"1.875": [0, -3.89, 0],
						"1.9167": [0, -2.73, 0],
						"1.9583": [0, -3.08, 0],
						"2.0417": [0, -2.715, 0],
						"2.1667": [0, -1, 0],
						"2.25": [0, -0.5, 0],
						"2.4583": [0, -0.25, 0]
					}
				},
				"head": {
					"rotation": [0, 0, 0]
				},
				"arm_left": {
					"rotation": {
						"0.0": [-3.54358, 15.43791, 73.00166],
						"0.1667": [-7.76711, 19.21976, 70.91521],
						"0.2917": [-9.88333, 13.88014, 70.89811],
						"0.4167": [-4.05187, -6.4656, 49.55774],
						"0.625": [0.70492, -29.81744, 40.15221],
						"0.8333": [3.58138, -12.10508, 44.76579],
						"1.0": [5.26542, 19.98174, 48.79977],
						"1.0833": [5.39264, 25.86248, 53.19494],
						"1.2083": [5.26146, 22.13711, 57.20384],
						"1.4167": [5.07507, 8.6675, 56.50356],
						"1.5833": [-0.47662, 9.42439, 41.20454],
						"1.7083": [-1.73789, 9.88407, 15.96842],
						"1.8333": [4.69055, 8.88033, 53.98313],
						"1.9167": [5.44953, 8.43817, 60.02102],
						"2.0417": [4.78838, 8.65473, 59.08295],
						"2.125": [1.9985, 6.64139, 54.59756],
						"2.25": [1.67704, 2.7978, 55.11767],
						"2.375": [2.215, -6.21089, 58.30841],
						"2.5417": [4.62475, -12.35145, 63.81006],
						"2.6667": [6.3062, -14.43834, 69.61416],
						"2.8333": [4.90741, -14.92769, 72.58576],
						"3.0": [4.33211, -15.13471, 73.33797]
					},
					"position": {
						"0.0": [0, 0, 0],
						"1.8333": [0, 0, 0],
						"1.875": [0, -1.25, 0],
						"1.9167": [0, -0.5, 0],
						"2.0833": [0, -1, 0],
						"2.2917": [0, 0, 0]
					}
				},
				"arm_left2": {
					"rotation": [0, 10, 0]
				},
				"hand_left": {
					"rotation": {
						"0.0": [0, 0, 17.5],
						"0.1667": [0, 29.28571, 17.5],
						"0.2917": [0, 39.5, 17.5],
						"0.5417": [0, 2.5, 17.5],
						"0.7083": [0, -7.5, 17.5],
						"0.875": [0, 7.5, 17.5],
						"1.0417": [0, 17, 17.5],
						"1.3333": [0, 21.5, 17.5],
						"1.5": [-2.48148, 13.3794, -0.23192],
						"1.6667": [-1.53286, 3.69508, -12.04945],
						"1.7917": [-2.15168, 3.37277, -15.06336],
						"1.8333": [-1.64761, 3.51206, -11.54813],
						"1.9167": [-0.17476, 3.99619, 8.9939],
						"2.0": [0.17476, 3.99619, 14.0061],
						"2.0417": [0.37181, 4.52075, 18.8956],
						"2.125": [0.19954, 0.99129, 14.3641],
						"2.2917": [-0.17476, -7.00381, 8.9939],
						"2.375": [-0.17682, -11.00377, 9.02467],
						"2.4583": [-0.17955, -12.50371, 9.06342],
						"2.5833": [-0.17627, -12.50376, 9.03215],
						"2.7083": [-0.17466, -12.50378, 9.01676]
					}
				},
				"hand_left2": {
					"rotation": [15, 0, 0]
				},
				"finger_left": {
					"rotation": [0, 0, 30]
				},
				"finger_left2": {
					"rotation": [0, 0, 52.5]
				},
				"finger_left3": {
					"rotation": [0, 0, 37.5]
				},
				"finger_left4": {
					"rotation": [0, 0, 22.5]
				},
				"finger_left5": {
					"rotation": [0, 0, 47.5]
				},
				"finger_left6": {
					"rotation": [0, 0, 40]
				},
				"finger_left7": {
					"rotation": [0, 0, 62.5]
				},
				"finger_left8": {
					"rotation": [0, 0, 22.5]
				},
				"finger_left9": {
					"rotation": [-9.54013, -17.66046, 28.9854]
				},
				"finger_left10": {
					"rotation": [0, -50, 0]
				},
				"arm_right": {
					"rotation": {
						"0.0": [6.32312, 6.70701, -53.10881],
						"0.1667": [7.37151, 27.80218, -50.32657],
						"0.3333": [7.58286, 34.01396, -49.59138],
						"0.375": [8.16898, 29.37222, -53.03433],
						"0.4583": [7.84976, -2.19743, -60.35744],
						"0.5833": [8.1711, -23.54946, -73.07205],
						"0.75": [20.42993, -27.49621, -83.27598],
						"0.9583": [7.30167, -28.05882, -74.35013],
						"1.125": [6.39097, -10.68704, -55.04021],
						"1.25": [5.42861, -11.20219, -49.9746],
						"1.375": [5.07507, -8.6675, -45.50356],
						"1.5417": [-0.47662, -9.42439, -33.20454],
						"1.6667": [-1.73789, -9.88407, -15.96842],
						"1.8333": [4.69055, -8.88033, -53.98313],
						"1.9167": [5.44953, -8.43817, -60.02102],
						"2.0417": [4.78838, -8.65473, -53.08295],
						"2.1667": [1.9985, -6.64139, -55.59756],
						"2.2917": [1.67704, -2.7978, -56.11767],
						"2.4167": [2.215, 6.21089, -59.30841],
						"2.5833": [4.62475, 12.35145, -64.81006],
						"2.7083": [6.3062, 14.43834, -67.61416],
						"2.8333": [5.6599, 14.69897, -69.18315],
						"3.0": [5.00141, 14.93127, -69.75795]
					},
					"position": {
						"0.0": [0, 0, 0],
						"1.8333": [0, 0, 0],
						"1.875": [0, -0.75, 0],
						"1.9167": [0, 0.25, 0],
						"2.0833": [0, -0.25, 0],
						"2.2917": [0, 0, 0]
					}
				},
				"arm_right2": {
					"rotation": [0, -10, 0]
				},
				"hand_right": {
					"rotation": {
						"0.0": [0, 0, -17.5],
						"0.125": [0, 4.375, -17.5],
						"0.3333": [0, 5, -17.5],
						"0.5": [0, 0.22727, -17.5],
						"0.625": [0, -23.08442, -17.5],
						"0.7917": [0, -28.5, -17.5],
						"0.9167": [0, -26.66667, -17.5],
						"1.0417": [0, -14.58333, -17.5],
						"1.1667": [0, -2.5, -17.5],
						"1.25": [0, 5.5, -17.5],
						"1.375": [0, -21.5, -14.5],
						"1.5417": [-2.48148, -13.3794, 0.23192],
						"1.7083": [-1.53286, -3.69508, 12.04945],
						"1.8333": [-2.15168, -3.37277, 15.06336],
						"1.875": [-1.64761, -3.51206, 11.54813],
						"1.9583": [-0.17476, -3.99619, -8.9939],
						"2.0417": [0.65299, -5.70876, -21.33314],
						"2.1667": [0.19954, -0.99129, -14.3641],
						"2.2917": [-0.17476, 2.00381, -8.9939],
						"2.4167": [-0.17682, 2.00377, -9.02467],
						"2.5": [-0.1776, 1.00374, -9.03998],
						"2.625": [-0.1744, -1.4962, -9.00153],
						"2.75": [-0.17466, -1.49622, -9.01676]
					}
				},
				"hand_right2": {
					"rotation": [15, 0, 0]
				},
				"finger_right": {
					"rotation": [0, 0, -30]
				},
				"finger_right2": {
					"rotation": [0, 0, -52.5]
				},
				"finger_right3": {
					"rotation": [0, 0, -37.5]
				},
				"finger_right4": {
					"rotation": [0, 0, -50]
				},
				"finger_right5": {
					"rotation": [0, 0, -47.5]
				},
				"finger_right6": {
					"rotation": [0, 0, -40]
				},
				"finger_right7": {
					"rotation": [0, 0, -62.5]
				},
				"finger_right8": {
					"rotation": [0, 0, -22.5]
				},
				"finger_right9": {
					"rotation": [-9.54013, 17.66046, -28.9854]
				},
				"finger_right10": {
					"rotation": [0, 50, 0]
				},
				"leg_left": {
					"rotation": {
						"0.0": [-57.5, -20, 0],
						"0.0833": [-20.07437, -12.08673, -2.65651],
						"0.1667": [7.08597, -7.86633, -4.07332],
						"0.2917": [16.82648, -1.53571, -5.19853],
						"0.4583": [21.82648, -1.53571, -3.19853],
						"0.7083": [19.93759, -1.53571, -0.19853],
						"0.875": [8.0487, -1.53571, -0.19853],
						"1.1667": [-9.17352, -1.53571, -2.19853],
						"1.4583": [-9.67352, -1.53571, -6.19853],
						"1.7083": [-34.67352, -1.53571, -6.19853],
						"1.7917": [-42.17352, -1.53571, -21.19853],
						"1.9167": [-34.51686, -14.82729, -24.58525]
					},
					"position": {
						"0.0": [0, 0, 0],
						"1.25": [0, 0, 0],
						"1.75": [0, 0, -3]
					}
				},
				"leg_left2": {
					"rotation": {
						"0.0": [25, 0, 0],
						"0.125": [46.25, 0, 0],
						"0.2083": [36.88, 0, 0],
						"0.2917": [6.5, 0, 0],
						"0.375": [-0.91, 0, 0],
						"0.75": [-0.78, 0, 0],
						"1.1667": [4.5, 0, 0],
						"1.4583": [9.5, 0, 0],
						"1.75": [69.5, 0, 0],
						"1.7917": [76, 0, 0],
						"1.875": [78.2, 0, 0],
						"2.0": [76.4, 0, 0],
						"2.1667": [70.5, 0, 0]
					}
				},
				"foot_left": {
					"rotation": {
						"0.0": [12, 0, 0],
						"0.0833": [6, 0, 0],
						"0.1667": [-2.5, 0, 0],
						"0.2917": [-10, 0, 0],
						"0.3333": [-15, 0, 0],
						"0.4583": [-12.5, 0, 0],
						"0.75": [-4.5, 0, 0],
						"0.9167": [4.73, 0, 0],
						"1.0": [4.3481, -0.07869, 0.14222],
						"1.2917": [25.5, 0, 0],
						"1.5833": [51.5, 0, 0],
						"1.75": [61.5, 4, -8],
						"1.8333": [63.2697, 9.67544, -22.67582]
					}
				},
				"leg_right": {
					"rotation": {
						"0.0": [-7.5, -20, 0],
						"0.2083": [-9.87113, -11.53342, 1.28725],
						"0.375": [-16.66546, -8.07768, 3.18001],
						"0.5": [-26.13622, -5.48587, 6.34958],
						"0.625": [-40.59042, 3.51366, 9.5777],
						"0.75": [-31.04463, 12.51319, 12.80582],
						"0.8333": [-4.04463, 12.51319, 12.80582],
						"0.9583": [16.24933, 17.70709, 11.32086],
						"1.0417": [19.69028, 25.49794, 9.09342],
						"1.1667": [15.82648, 27.53571, 6.19853],
						"1.3333": [1.32648, 27.53571, 5.19853],
						"1.5": [-6.80972, 25.49794, 6.09342],
						"1.625": [-4.30972, 25.49794, 6.09342],
						"1.7083": [-43.12621, 1.87496, 4.80946],
						"1.7917": [-49.32609, 13.38951, 14.52615],
						"1.875": [-48.12621, 1.87496, 15.80946]
					},
					"position": {
						"0.0": [0, 0, 0],
						"0.5": [0, 0, -2],
						"1.2083": [0, 0, 1],
						"1.75": [0, 0, -2]
					}
				},
				"leg_right2": {
					"rotation": {
						"0.0": [5, 13, 0],
						"0.5": [20, 13, 0],
						"0.75": [60, 13, 0],
						"0.875": [56, 13, 0],
						"1.0833": [5, 8, 0],
						"1.1667": [4.5, 3, 0],
						"1.4583": [9.5, -1, 0],
						"1.625": [26.5, -4, 0],
						"1.7917": [69.95148, -12.49226, 0.44329],
						"1.8333": [77.45148, -12.49226, 0.44329],
						"1.9167": [82.40982, -12.49226, 0.44329],
						"2.0417": [78.36815, -12.49226, 0.44329],
						"2.2083": [70.45148, -12.49226, 0.44329]
					}
				},
				"foot_right": {
					"rotation": {
						"0.0": [2.5, 0, 0],
						"0.25": [-12.49191, -0.18187, -0.34379],
						"0.5": [12.5, 0, 0],
						"0.75": [22.5, 0, 0],
						"0.875": [5, 0, 0],
						"1.0833": [-1, 0, 0],
						"1.1667": [-1.5, 0, 0],
						"1.4583": [34, 0, 0],
						"1.625": [48, 0, 1],
						"1.75": [55.5, 0, 3],
						"1.875": [59.55772, -2.57968, 4.98631]
					}
				},
				"body": {
					"rotation": {
						"0.0": [0, 0, 0],
						"1.1667": [-2.5, 0, 0],
						"1.5833": [0, 0, 0],
						"1.75": [12.5, 0, 0]
					},
					"position": {
						"0.0": [0, 0, 0],
						"0.1667": [0, 0, 2.9],
						"0.375": [0, 0, 5.5],
						"0.5417": [0, 0, 5.84],
						"0.625": [0, 0, 5.05],
						"0.75": [0, 0, 4.77],
						"0.875": [0, 0, 6.15],
						"0.9583": [0, 0, 8.55],
						"1.1667": [0, 0, 10.7],
						"1.375": [0, -0.91, 9.73],
						"1.625": [0, -3.82, 4.06],
						"1.75": [0, -12, -3],
						"1.7917": [0, -13, -3],
						"1.875": [0, -12, -3],
						"1.9583": [0, -13, -3],
						"2.0": [0, -12.5, -3],
						"2.0417": [0, -13, -3],
						"2.125": [0, -12.75, -3]
					}
				},
				"eyelid_left": {
					"position": {
						"0.2083": [0, 0, 0],
						"0.25": [0, 0, -0.1],
						"0.375": [0, 0, -0.1],
						"0.4167": [0, 0, 9],
						"0.5417": [0, 0, 0],
						"0.5833": [0, 0, -0.1],
						"0.7083": [0, 0, -0.1],
						"0.75": [0, 0, 9],
						"0.875": [0, 0, 0],
						"0.9167": [0, 0, -0.1],
						"1.0417": [0, 0, -0.1],
						"1.0833": [0, 0, 9],
						"1.25": [0, 0, 0],
						"1.2917": [0, 0, -0.1],
						"1.6667": [0, 0, -0.1],
						"1.7083": [0, 0, 0],
						"2.1667": [0, 0, 0],
						"2.2083": [0, 0, -0.1],
						"2.3333": [0, 0, -0.1],
						"2.375": [0, 0, 0],
						"2.5": [0, 0, 0],
						"2.5417": [0, 0, -0.1],
						"2.6667": [0, 0, -0.1],
						"2.7083": [0, 0, 0]
					}
				},
				"eyelid_right": {
					"position": {
						"0.2083": [0, 0, 0],
						"0.25": [0, 0, -0.1],
						"0.375": [0, 0, -0.1],
						"0.4167": [0, 0, 9],
						"0.5417": [0, 0, 0],
						"0.5833": [0, 0, -0.1],
						"0.7083": [0, 0, -0.1],
						"0.75": [0, 0, 9],
						"0.875": [0, 0, 0],
						"0.9167": [0, 0, -0.1],
						"1.0417": [0, 0, -0.1],
						"1.0833": [0, 0, 9],
						"1.25": [0, 0, 0],
						"1.2917": [0, 0, -0.1],
						"1.6667": [0, 0, -0.1],
						"1.7083": [0, 0, 0],
						"2.1667": [0, 0, 0],
						"2.2083": [0, 0, -0.1],
						"2.3333": [0, 0, -0.1],
						"2.375": [0, 0, 0],
						"2.5": [0, 0, 0],
						"2.5417": [0, 0, -0.1],
						"2.6667": [0, 0, -0.1],
						"2.7083": [0, 0, 0]
					}
				},
				"torso_glow": {
					"position": {
						"0.2083": [0, 0, 0],
						"0.25": [0, 0, -1],
						"0.375": [0, 0, -1],
						"0.4167": [0, 0, 0],
						"0.5417": [0, 0, 0],
						"0.5833": [0, 0, -1],
						"0.7083": [0, 0, -1],
						"0.75": [0, 0, 0],
						"0.875": [0, 0, 0],
						"0.9167": [0, 0, -1],
						"1.0417": [0, 0, -1],
						"1.0833": [0, 0, 0],
						"1.25": [0, 0, 0],
						"1.2917": [0, 0, -1],
						"1.6667": [0, 0, -1],
						"1.7083": [0, 0, 0],
						"2.1667": [0, 0, 0],
						"2.2083": [0, 0, -1],
						"2.3333": [0, 0, -1],
						"2.375": [0, 0, 0],
						"2.5": [0, 0, 0],
						"2.5417": [0, 0, -1],
						"2.6667": [0, 0, -1],
						"2.7083": [0, 0, 0]
					}
				},
				"lightning_rod_glow": {
					"scale": 0.5
				},
				"arm_left_glow": {
					"position": {
						"0.2083": [0, 0, 0],
						"0.25": [0, 0, -1],
						"0.375": [0, 0, -1],
						"0.4167": [0, 0, 0],
						"0.5417": [0, 0, 0],
						"0.5833": [0, 0, -1],
						"0.7083": [0, 0, -1],
						"0.75": [0, 0, 0],
						"0.875": [0, 0, 0],
						"0.9167": [0, 0, -1],
						"1.0417": [0, 0, -1],
						"1.0833": [0, 0, 0],
						"1.25": [0, 0, 0],
						"1.2917": [0, 0, -1],
						"1.6667": [0, 0, -1],
						"1.7083": [0, 0, 0],
						"2.1667": [0, 0, 0],
						"2.2083": [0, 0, -1],
						"2.3333": [0, 0, -1],
						"2.375": [0, 0, 0],
						"2.5": [0, 0, 0],
						"2.5417": [0, 0, -1],
						"2.6667": [0, 0, -1],
						"2.7083": [0, 0, 0]
					}
				},
				"arm_right_glow": {
					"position": {
						"0.2083": [0, 0, 0],
						"0.25": [0, 0, -1],
						"0.375": [0, 0, -1],
						"0.4167": [0, 0, 0],
						"0.5417": [0, 0, 0],
						"0.5833": [0, 0, -1],
						"0.7083": [0, 0, -1],
						"0.75": [0, 0, 0],
						"0.875": [0, 0, 0],
						"0.9167": [0, 0, -1],
						"1.0417": [0, 0, -1],
						"1.0833": [0, 0, 0],
						"1.25": [0, 0, 0],
						"1.2917": [0, 0, -1],
						"1.6667": [0, 0, -1],
						"1.7083": [0, 0, 0],
						"2.1667": [0, 0, 0],
						"2.2083": [0, 0, -1],
						"2.3333": [0, 0, -1],
						"2.375": [0, 0, 0],
						"2.5": [0, 0, 0],
						"2.5417": [0, 0, -1],
						"2.6667": [0, 0, -1],
						"2.7083": [0, 0, 0]
					}
				},
				"hand_left_glow": {
					"position": {
						"0.2083": [0, 0, 0],
						"0.25": [0, 1, 0],
						"0.375": [0, 1, 0],
						"0.4167": [0, 0, 0],
						"0.5417": [0, 0, 0],
						"0.5833": [0, 1, 0],
						"0.7083": [0, 1, 0],
						"0.75": [0, 0, 0],
						"0.875": [0, 0, 0],
						"0.9167": [0, 1, 0],
						"1.0417": [0, 1, 0],
						"1.0833": [0, 0, 0],
						"1.25": [0, 0, 0],
						"1.2917": [0, 1, 0],
						"1.6667": [0, 1, 0],
						"1.7083": [0, 0, 0],
						"2.1667": [0, 0, 0],
						"2.2083": [0, 1, 0],
						"2.3333": [0, 1, 0],
						"2.375": [0, 0, 0],
						"2.5": [0, 0, 0],
						"2.5417": [0, 1, 0],
						"2.6667": [0, 1, 0],
						"2.7083": [0, 0, 0]
					}
				},
				"hand_right_glow": {
					"position": {
						"0.2083": [0, 0, 0],
						"0.25": [0, 1, 0],
						"0.375": [0, 1, 0],
						"0.4167": [0, 0, 0],
						"0.5417": [0, 0, 0],
						"0.5833": [0, 1, 0],
						"0.7083": [0, 1, 0],
						"0.75": [0, 0, 0],
						"0.875": [0, 0, 0],
						"0.9167": [0, 1, 0],
						"1.0417": [0, 1, 0],
						"1.0833": [0, 0, 0],
						"1.25": [0, 0, 0],
						"1.2917": [0, 1, 0],
						"1.6667": [0, 1, 0],
						"1.7083": [0, 0, 0],
						"2.1667": [0, 0, 0],
						"2.2083": [0, 1, 0],
						"2.3333": [0, 1, 0],
						"2.375": [0, 0, 0],
						"2.5": [0, 0, 0],
						"2.5417": [0, 1, 0],
						"2.6667": [0, 1, 0],
						"2.7083": [0, 0, 0]
					}
				},
				"hand_cannon_glow_left": {
					"position": {
						"0.2083": [0, 0, 0],
						"0.25": [1, 0, 0],
						"0.375": [1, 0, 0],
						"0.4167": [0, 0, 0],
						"0.5417": [0, 0, 0],
						"0.5833": [1, 0, 0],
						"0.7083": [1, 0, 0],
						"0.75": [0, 0, 0],
						"0.875": [0, 0, 0],
						"0.9167": [1, 0, 0],
						"1.0417": [1, 0, 0],
						"1.0833": [0, 0, 0],
						"1.25": [0, 0, 0],
						"1.2917": [1, 0, 0],
						"1.6667": [1, 0, 0],
						"1.7083": [0, 0, 0],
						"2.1667": [0, 0, 0],
						"2.2083": [1, 0, 0],
						"2.3333": [1, 0, 0],
						"2.375": [0, 0, 0],
						"2.5": [0, 0, 0],
						"2.5417": [1, 0, 0],
						"2.6667": [1, 0, 0],
						"2.7083": [0, 0, 0]
					}
				},
				"hand_cannon_right_glow": {
					"position": {
						"0.2083": [0, 0, 0],
						"0.25": [-1, 0, 0],
						"0.375": [-1, 0, 0],
						"0.4167": [0, 0, 0],
						"0.5417": [0, 0, 0],
						"0.5833": [-1, 0, 0],
						"0.7083": [-1, 0, 0],
						"0.75": [0, 0, 0],
						"0.875": [0, 0, 0],
						"0.9167": [-1, 0, 0],
						"1.0417": [-1, 0, 0],
						"1.0833": [0, 0, 0],
						"1.25": [0, 0, 0],
						"1.2917": [-1, 0, 0],
						"1.6667": [-1, 0, 0],
						"1.7083": [0, 0, 0],
						"2.1667": [0, 0, 0],
						"2.2083": [-1, 0, 0],
						"2.3333": [-1, 0, 0],
						"2.375": [0, 0, 0],
						"2.5": [0, 0, 0],
						"2.5417": [-1, 0, 0],
						"2.6667": [-1, 0, 0],
						"2.7083": [0, 0, 0]
					}
				}
			}
		},
		"animation.golurk_copper.blink": {
			"animation_length": 0.1667,
			"bones": {
				"eyelid_right": {
					"position": {
						"0.0": [0, 0, -0.1],
						"0.125": [0, 0, -0.1],
						"0.1667": [0, 0, 0]
					}
				},
				"eyelid_left": {
					"position": {
						"0.0": [0, 0, -0.1],
						"0.125": [0, 0, -0.1],
						"0.1667": [0, 0, 0]
					}
				}
			}
		},
		"animation.golurk_copper.cry": {
			"animation_length": 1.5,
			"bones": {
				"neck": {
					"rotation": {
						"0.0": [0, 0, 0],
						"0.25": [10, 0, 0],
						"1.25": [10, 0, 0],
						"1.5": [0, 0, 0]
					}
				},
				"mouth": {
					"position": {
						"0.0": [0, 0, 0],
						"0.25": [0, -2, 0],
						"1.25": [0, -2, 0],
						"1.5": [0, 0, 0]
					}
				},
				"mouth2": {
					"position": {
						"0.0": [0, 0, 0],
						"0.25": [0, -5, 0],
						"1.25": [0, -5, 0],
						"1.5": [0, 0, 0]
					}
				},
				"jaw": {
					"position": {
						"0.0": [0, 0, 0],
						"0.25": [0, -3, 0],
						"1.25": [0, -3, 0],
						"1.5": [0, 0, 0]
					}
				},
				"head": {
					"rotation": {
						"0.0": [0, 0, 0],
						"0.25": [-15, 0, 0],
						"1.25": [-15, 0, 0],
						"1.5": [0, 0, 0]
					}
				},
				"head2": {
					"rotation": {
						"0.0": [0, 0, 0],
						"0.25": [-15, 0, 0],
						"1.25": [-15, 0, 0],
						"1.5": [0, 0, 0]
					}
				},
				"mouth_closed2": {
					"position": {
						"0.25": [0, 0, -0.1],
						"0.3333": [0, 0, 0],
						"1.1667": [0, 0, 0],
						"1.25": [0, 0, -0.1]
					}
				},
				"mouth_open2": {
					"position": {
						"0.0": [0, 0, 0.1],
						"0.25": [0, 0, 0],
						"1.25": [0, 0, 0],
						"1.5": [0, 0, 0.1]
					}
				},
				"head3": {
					"rotation": {
						"0.0": [0, 0, 0],
						"0.25": [-15, 0, 0],
						"1.25": [-15, 0, 0],
						"1.5": [0, 0, 0]
					}
				},
				"mouth_closed3": {
					"position": {
						"0.25": [0, 0, -0.1],
						"0.3333": [0, 0, 0],
						"1.1667": [0, 0, 0],
						"1.25": [0, 0, -0.1]
					}
				},
				"mouth_open3": {
					"position": {
						"0.0": [0, 0, 0.1],
						"0.25": [0, 0, 0],
						"1.25": [0, 0, 0],
						"1.5": [0, 0, 0.1]
					}
				},
				"mouth_closed": {
					"position": {
						"0.25": [0, 0, 0],
						"0.3333": [0, 0, 0.1],
						"1.1667": [0, 0, 0.1],
						"1.25": [0, 0, 0]
					}
				},
				"mouth_open": {
					"position": {
						"0.0": [0, 0, 0],
						"0.25": [0, 0, -0.1],
						"1.25": [0, 0, -0.1],
						"1.5": [0, 0, 0]
					}
				},
				"eyelid_left": {
					"position": {
						"0.0833": [0, 0, 0],
						"0.125": [0, 0, -0.1],
						"1.375": [0, 0, -0.1],
						"1.4167": [0, 0, 0]
					}
				},
				"eyelid_right": {
					"position": {
						"0.0833": [0, 0, 0],
						"0.125": [0, 0, -0.1],
						"1.375": [0, 0, -0.1],
						"1.4167": [0, 0, 0]
					}
				},
				"torso_glow": {
					"position": {
						"0.0833": [0, 0, 0],
						"0.125": [0, 0, -1],
						"1.375": [0, 0, -1],
						"1.4167": [0, 0, 0]
					}
				},
				"lightning_rod_glow": {
					"scale": {
						"0.0833": [0, 0, 0],
						"0.125": [2, 2, 2],
						"0.75": [2.25, 2.25, 2.25],
						"1.4167": [0, 0, 0]
					}
				},
				"arm_left_glow": {
					"position": {
						"0.0833": [0, 0, 0],
						"0.125": [0, 0, -1],
						"1.375": [0, 0, -1],
						"1.4167": [0, 0, 0]
					}
				},
				"arm_right_glow": {
					"position": {
						"0.0833": [0, 0, 0],
						"0.125": [0, 0, -1],
						"1.375": [0, 0, -1],
						"1.4167": [0, 0, 0]
					}
				},
				"hand_left_glow": {
					"position": {
						"0.0833": [0, 0, 0],
						"0.125": [0, 1, 0],
						"1.375": [0, 1, 0],
						"1.4167": [0, 0, 0]
					}
				},
				"hand_right_glow": {
					"position": {
						"0.0833": [0, 0, 0],
						"0.125": [0, 1, 0],
						"1.375": [0, 1, 0],
						"1.4167": [0, 0, 0]
					}
				},
				"hand_cannon_glow_left": {
					"position": {
						"0.0833": [0, 0, 0],
						"0.125": [1, 0, 0],
						"1.375": [1, 0, 0],
						"1.4167": [0, 0, 0]
					}
				},
				"hand_cannon_right_glow": {
					"position": {
						"0.0833": [0, 0, 0],
						"0.125": [-1, 0, 0],
						"1.375": [-1, 0, 0],
						"1.4167": [0, 0, 0]
					}
				}
			},
			"sound_effects": {
				"0.0417": {
					"effect": "pokemon.golurk.cry"
				}
			}
		},
		"animation.golurk_copper.sleep": {
			"loop": true,
			"bones": {
				"torso": {
					"rotation": ["47.5+Math.cos((query.anim_time-0.6) * 90 * 0.5) * 2", 0, 0]
				},
				"arm_left": {
					"rotation": [15.71889, "31.0358+Math.cos((query.anim_time-0.8) * 90 * 0.5) * 4", 55.3421],
					"position": [0, -3, -3]
				},
				"arm_left2": {
					"rotation": [0, 20, 12.5]
				},
				"hand_left": {
					"rotation": [0, "15+Math.cos((query.anim_time-1.2) * 90 * 0.5) * 3", 0]
				},
				"finger_left": {
					"rotation": [0, 0, 25]
				},
				"finger_left2": {
					"rotation": [0, 0, 22.5]
				},
				"finger_left3": {
					"rotation": [0, 0, 27.5]
				},
				"finger_left4": {
					"rotation": [0, 0, 17.5]
				},
				"finger_left5": {
					"rotation": [0, 0, 37.5]
				},
				"finger_left6": {
					"rotation": [0, 0, 37.5]
				},
				"finger_left7": {
					"rotation": [0, 0, 40]
				},
				"finger_left8": {
					"rotation": [0, 0, 30]
				},
				"finger_left9": {
					"rotation": [0, -5, 17.5]
				},
				"finger_left10": {
					"rotation": [0, -27.5, 0]
				},
				"arm_right": {
					"rotation": [15.71889, "-31.0358+Math.cos((query.anim_time-0.8) * 90 * 0.5) * -4", -55.3421],
					"position": [0, -3, -3]
				},
				"arm_right2": {
					"rotation": [0, -20, -12.5]
				},
				"hand_right": {
					"rotation": [0, "-15+Math.cos((query.anim_time-1.2) * 90 * 0.5) * -3", 0]
				},
				"finger_right": {
					"rotation": [0, 0, -25]
				},
				"finger_right2": {
					"rotation": [0, 0, -22.5]
				},
				"finger_right3": {
					"rotation": [0, 0, -27.5]
				},
				"finger_right4": {
					"rotation": [0, 0, -17.5]
				},
				"finger_right5": {
					"rotation": [0, 0, -37.5]
				},
				"finger_right6": {
					"rotation": [0, 0, -37.5]
				},
				"finger_right7": {
					"rotation": [0, 0, -40]
				},
				"finger_right8": {
					"rotation": [0, 0, -30]
				},
				"finger_right9": {
					"rotation": [0, 5, -17.5]
				},
				"finger_right10": {
					"rotation": [0, 27.5, 0]
				},
				"leg_left": {
					"rotation": [-9.88702, -9.65594, -15.22074]
				},
				"leg_left2": {
					"rotation": [12.5, 0, 12.5]
				},
				"leg_right": {
					"rotation": [-2.87066, 24.59477, 11.00966]
				},
				"leg_right2": {
					"rotation": [10, 0, -7.5]
				},
				"foot_right": {
					"rotation": [-2.5, 0, 0]
				},
				"lightning_rod_glow": {
					"scale": 0.5
				}
			}
		}
	}
}