{
	"format_version": "1.8.0",
	"animations": {
		"animation.starstellation.ground_idle": {
			"loop": true,
			"animation_length": 2,
			"bones": {
				"body": {
					"rotation": [0, 0, "math.clamp(math.sin(q.anim_time*90*2+45)*1.6,-1.3,1.3)+math.clamp(math.sin(q.anim_time*90*2+45)*2.2,-2.2,2.2)"],
					"position": ["-math.clamp(math.sin(q.anim_time*90*2+45)*0,0,0)+math.clamp(math.sin(q.anim_time*90*2+45)*0.75,-0.75,0.75)", -0.5, 0]
				},
				"back": {
					"rotation": [0, 0, 0]
				}
			}
		},
		"animation.starstellation.ground_walk": {
			"loop": true,
			"animation_length": 2,
			"bones": {
				"body": {
					"rotation": ["5+math.sin(q.anim_time*90*8-90)*4", "math.sin(q.anim_time*90*4-135)*8", "math.sin(q.anim_time*90*4-135)*4"],
					"position": [0, "math.abs(math.sin(q.anim_time*90*4-60)*1)", 0]
				},
				"arm_right": {
					"rotation": [0, "5+math.sin(q.anim_time*90*4+90)*1", 0]
				},
				"arm_left": {
					"rotation": [0, "-5+math.sin(q.anim_time*90*4+90)*1", 0]
				},
				"leg_right": {
					"rotation": [0, "math.sin(q.anim_time*90*4-90)*1", 0]
				},
				"leg_left": {
					"rotation": [0, "math.sin(q.anim_time*90*4-90)*1", 0]
				},
				"arm_top": {
					"rotation": ["-5+math.sin(q.anim_time*90*8-90)*2", 0, 0]
				},
				"leg_left2": {
					"rotation": [0, "-15+math.sin(q.anim_time*90*4-135)*2", 0]
				},
				"leg_right2": {
					"rotation": [0, "15+math.sin(q.anim_time*90*4-135)*2", 0]
				},
				"leg_back_left": {
					"rotation": [0, "-10-math.sin(q.anim_time*90*8)*3", 0]
				},
				"arm_back_right": {
					"rotation": [0, "10+math.sin(q.anim_time*90*8)*3", 0]
				},
				"arm_bottom": {
					"rotation": ["-5+math.sin(q.anim_time*90*8-90)*2", 0, 0]
				}
			}
		},
		"animation.starstellation.ground_run": {
			"loop": true,
			"bones": {
				"body": {
					"rotation": ["-88+math.sin(q.anim_time*90*1-135)*2", "((q.anim_time*90*4)*2)", "math.sin(q.anim_time*90*4-135)*8"],
					"position": ["math.sin(q.anim_time*90*4-135)*0.5", "-1+math.sin(q.anim_time*90*2-135)*0.75", "math.sin(q.anim_time*90*1-135)*1"]
				},
				"back": {
					"rotation": [0, 0, "-((q.anim_time*90*4)*4)"]
				}
			}
		},
		"animation.starstellation.battle_idle": {
			"loop": true,
			"animation_length": 2,
			"bones": {
				"body": {
					"rotation": [0, 0, "math.clamp(math.sin(q.anim_time*90*2+45)*1.6,-1.3,1.3)+math.clamp(math.sin(q.anim_time*90*2+45)*2.2,-2.2,2.2)"],
					"position": ["-math.clamp(math.sin(q.anim_time*90*2+45)*0,0,0)+math.clamp(math.sin(q.anim_time*90*2+45)*0.75,-0.75,0.75)", -0.5, 0]
				},
				"arm_left": {
					"rotation": [0, "math.sin(q.anim_time*90*2-135)*6", "math.sin(q.anim_time*90*4)*2"]
				},
				"arm_right": {
					"rotation": [0, "math.sin(q.anim_time*90*2-135)*6", "-math.sin(q.anim_time*90*4)*2"]
				},
				"leg_left": {
					"rotation": [0, "-math.sin(q.anim_time*90*2-90)*4", "10+math.sin(q.anim_time*90*4-90)*1"]
				},
				"leg_right": {
					"rotation": [0, "-math.sin(q.anim_time*90*2-90)*4", "-10-math.sin(q.anim_time*90*4-90)*1"]
				},
				"back": {
					"rotation": [0, 0, "math.sin(q.anim_time*90*2+45)*220"],
					"position": [0, 0, 0.4]
				},
				"leg_back_left2": {
					"rotation": [0, 0, "-math.sin(q.anim_time*90*2+135)*24"]
				},
				"arm_back_right2": {
					"rotation": [0, 0, "-math.sin(q.anim_time*90*2+135)*24"]
				}
			}
		},
		"animation.starstellation.sleep": {
			"loop": true,
			"bones": {
				"body": {
					"rotation": [-90, 0, 0],
					"position": [0, -7.75, 0]
				},
				"arm_right": {
					"rotation": [0, 5, 0]
				},
				"arm_left": {
					"rotation": [0, -5, 0]
				},
				"leg_right": {
					"rotation": [0, 5, 0]
				},
				"leg_left": {
					"rotation": [0, -5, 0]
				},
				"arm_top": {
					"rotation": [-5, 0, 0]
				},
				"arm_top2": {
					"rotation": [-10, 0, 0]
				},
				"arm_left2": {
					"rotation": [0, -10, 0]
				},
				"arm_right2": {
					"rotation": [0, 10, 0]
				},
				"leg_left2": {
					"rotation": [0, -10, 0]
				},
				"leg_right2": {
					"rotation": [0, 10, 0]
				},
				"leg_back_left": {
					"rotation": [0, -5, 0]
				},
				"arm_back_right": {
					"rotation": [0, 5, 0]
				},
				"arm_bottom": {
					"rotation": [5, 0, 0]
				},
				"arm_bottom2": {
					"rotation": [10, 0, 0]
				}
			}
		}
	}
}