{
	"format_version": "1.8.0",
	"animations": {
		"animation.tangela_lush.ground_idle": {
			"loop": true,
			"bones": {
				"body": {
					"rotation": ["-math.sin(q.anim_time*90*2-45)*1", 0, "math.sin(q.anim_time*90*1-45)*2.5"],
					"position": ["math.sin(q.anim_time*90*1-45)*0.2", "math.sin(q.anim_time*90*2-45)*0.2", 0]
				},
				"stem": {
					"rotation": ["math.sin(q.anim_time*90*2-45)*1", 0, "-math.sin(q.anim_time*90*1-45)*2.5"]
				},
				"leaf": {
					"rotation": ["-math.sin(q.anim_time*90*1-45)*2.5", 0, "math.sin(q.anim_time*90*2-45)*2.5"]
				},
				"flower_stem": {
					"rotation": ["-math.sin(q.anim_time*90*2-45)*2.5", 0, "math.sin(q.anim_time*90*1-45)*2.5"]
				}
			}
		},
		"animation.tangela_lush.ground_walk": {
			"loop": true,
			"animation_length": 4,
			"bones": {
				"body": {
					"rotation": ["-math.sin(q.anim_time*90*4-45)*2", 0, "math.sin(q.anim_time*90*2-45)*2.5"],
					"position": ["math.sin(q.anim_time*90*2-45)*0.2", "math.sin(q.anim_time*90*4-45)*1", 0]
				},
				"stem": {
					"rotation": ["math.sin(q.anim_time*90*4-45)*1", 0, "-math.sin(q.anim_time*90*2-45)*2.5"]
				},
				"leaf": {
					"rotation": ["-math.sin(q.anim_time*90*2-45)*2.5", 0, "math.sin(q.anim_time*90*4-45)*2.5"]
				},
				"flower_stem": {
					"rotation": ["-math.sin(q.anim_time*90*4-45)*2.5", 0, "math.sin(q.anim_time*90*2-45)*2.5"]
				},
				"leftfoot": {
					"rotation": {
						"0.0": [0, 0, 0],
						"0.3333": {
							"pre": [-30.5, 0, 0],
							"post": [-30.5, 0, 0],
							"lerp_mode": "catmullrom"
						},
						"0.4583": {
							"post": [-30.5, 0, 0],
							"lerp_mode": "catmullrom"
						},
						"0.7917": [0, 0, 0],
						"1.0": [0, 0, 0],
						"1.1667": [0, 0, 0],
						"1.3333": {
							"pre": [30, 0, 0],
							"post": [30, 0, 0],
							"lerp_mode": "catmullrom"
						},
						"1.5": {
							"post": [52.5, 0, 0],
							"lerp_mode": "catmullrom"
						},
						"1.75": [0, 0, 0],
						"2.0": [0, 0, 0],
						"2.25": {
							"pre": [-30.5, 0, 0],
							"post": [-30.5, 0, 0],
							"lerp_mode": "catmullrom"
						},
						"2.375": {
							"post": [-30.5, 0, 0],
							"lerp_mode": "catmullrom"
						},
						"2.7083": [0, 0, 0],
						"2.9167": [0, 0, 0],
						"3.0833": [0, 0, 0],
						"3.25": {
							"pre": [30, 0, 0],
							"post": [30, 0, 0],
							"lerp_mode": "catmullrom"
						},
						"3.4167": {
							"post": [52.5, 0, 0],
							"lerp_mode": "catmullrom"
						},
						"3.6667": {
							"post": [0, 0, 0],
							"lerp_mode": "catmullrom"
						}
					},
					"position": {
						"0.0": [0, 0, 0],
						"0.3333": {
							"pre": [0, 1, -2],
							"post": [0, 1, -2],
							"lerp_mode": "catmullrom"
						},
						"0.7917": [0, 0, -2],
						"1.0": [0, 0, -2],
						"1.1667": [0, 0, 0],
						"1.3333": {
							"pre": [0, 2, 2],
							"post": [0, 2, 2],
							"lerp_mode": "catmullrom"
						},
						"1.5": {
							"post": [0, 3, 2],
							"lerp_mode": "catmullrom"
						},
						"1.75": [0, 0, 1],
						"2.0": [0, 0, 1],
						"2.25": {
							"pre": [0, 1, -2],
							"post": [0, 1, -2],
							"lerp_mode": "catmullrom"
						},
						"2.7083": [0, 0, -2],
						"2.9167": [0, 0, -2],
						"3.0833": [0, 0, 0],
						"3.25": {
							"pre": [0, 2, 2],
							"post": [0, 2, 2],
							"lerp_mode": "catmullrom"
						},
						"3.4167": {
							"post": [0, 3, 2],
							"lerp_mode": "catmullrom"
						},
						"3.6667": {
							"post": [0, 0, 0],
							"lerp_mode": "catmullrom"
						}
					}
				},
				"rightfoot": {
					"rotation": {
						"0.0": [0, 0, 0],
						"0.3333": {
							"pre": [40, 0, 0],
							"post": [40, 0, 0],
							"lerp_mode": "catmullrom"
						},
						"0.4583": {
							"post": [45, 0, 0],
							"lerp_mode": "catmullrom"
						},
						"0.7917": [0, 0, 0],
						"1.0": [0, 0, 0],
						"1.1667": [0, 0, 0],
						"1.3333": {
							"pre": [-30.5, 0, 0],
							"post": [-30.5, 0, 0],
							"lerp_mode": "catmullrom"
						},
						"1.5": {
							"post": [-30.5, 0, 0],
							"lerp_mode": "catmullrom"
						},
						"1.75": [0, 0, 0],
						"2.0": [0, 0, 0],
						"2.25": [0, 0, 0],
						"2.5": {
							"pre": [30, 0, 0],
							"post": [30, 0, 0],
							"lerp_mode": "catmullrom"
						},
						"2.6667": {
							"post": [37.5, 0, 0],
							"lerp_mode": "catmullrom"
						},
						"2.875": [0, 0, 0],
						"3.0417": [0, 0, 0],
						"3.2083": {
							"pre": [-30.5, 0, 0],
							"post": [-30.5, 0, 0],
							"lerp_mode": "catmullrom"
						},
						"3.375": {
							"post": [-30.5, 0, 0],
							"lerp_mode": "catmullrom"
						},
						"3.625": [0, 0, 0],
						"4.0": [0, 0, 0]
					},
					"position": {
						"0.0": [0, 0, 0],
						"0.3333": {
							"pre": [0, 2.25, 3],
							"post": [0, 2.25, 3],
							"lerp_mode": "catmullrom"
						},
						"0.4583": {
							"post": [0, 2.84, 2.71],
							"lerp_mode": "catmullrom"
						},
						"0.7917": [0, 0, 2],
						"1.0": [0, 0, 2],
						"1.1667": [0, 0, 0],
						"1.3333": {
							"pre": [0, 1, -2],
							"post": [0, 1, -2],
							"lerp_mode": "catmullrom"
						},
						"1.75": [0, 0, -2],
						"2.0": [0, 0, -2],
						"2.25": [0, 0, 1],
						"2.5": {
							"pre": [0, 2, 3],
							"post": [0, 2, 3],
							"lerp_mode": "catmullrom"
						},
						"2.875": [0, 0, 2],
						"3.0417": [0, 0, 0],
						"3.2083": {
							"pre": [0, 1, -2],
							"post": [0, 1, -2],
							"lerp_mode": "catmullrom"
						},
						"3.625": [0, 0, -2],
						"4.0": [0, 0, 0]
					}
				}
			}
		},
		"animation.tangela_lush.cry": {
			"animation_length": 1.5,
			"bones": {
				"body": {
					"rotation": {
						"0.0": [0, 0, 0],
						"0.25": {
							"pre": [0, 0, 0],
							"post": [0, 0, 0],
							"lerp_mode": "catmullrom"
						},
						"0.4167": {
							"post": [0.5, -10, 2.5],
							"lerp_mode": "catmullrom"
						},
						"0.5833": {
							"post": [0, 0, 0],
							"lerp_mode": "catmullrom"
						},
						"0.75": {
							"post": [0.5, 10, -2.5],
							"lerp_mode": "catmullrom"
						},
						"0.9167": {
							"post": [0, 0, 0],
							"lerp_mode": "catmullrom"
						},
						"1.0833": {
							"post": [0.5, -10, 2.5],
							"lerp_mode": "catmullrom"
						},
						"1.5": {
							"post": [0, 0, 0],
							"lerp_mode": "catmullrom"
						}
					},
					"position": {
						"0.0": [0, 0, 0],
						"0.25": {
							"pre": [0, -0.75, 0],
							"post": [0, -0.75, 0],
							"lerp_mode": "catmullrom"
						},
						"0.4167": {
							"post": [1, -0.25, 0],
							"lerp_mode": "catmullrom"
						},
						"0.5833": {
							"post": [0, -0.75, 0],
							"lerp_mode": "catmullrom"
						},
						"0.75": {
							"post": [-1, -0.25, 0],
							"lerp_mode": "catmullrom"
						},
						"0.9167": {
							"post": [0, -0.75, 0],
							"lerp_mode": "catmullrom"
						},
						"1.0833": {
							"post": [1, -0.25, 0],
							"lerp_mode": "catmullrom"
						},
						"1.25": {
							"post": [0, -0.75, 0],
							"lerp_mode": "catmullrom"
						},
						"1.5": {
							"post": [0, 0, 0],
							"lerp_mode": "catmullrom"
						}
					}
				},
				"stem": {
					"rotation": {
						"0.0": [0, 0, 0],
						"0.25": {
							"pre": [0, 0, 0],
							"post": [0, 0, 0],
							"lerp_mode": "catmullrom"
						},
						"0.4167": {
							"post": [0.25, 9, -18],
							"lerp_mode": "catmullrom"
						},
						"0.75": {
							"post": [0.63802, 12.70991, 11.99508],
							"lerp_mode": "catmullrom"
						},
						"1.0833": {
							"post": [0.25, 9, -18],
							"lerp_mode": "catmullrom"
						},
						"1.5": {
							"post": [0, 0, 0],
							"lerp_mode": "catmullrom"
						}
					}
				},
				"leaf": {
					"rotation": {
						"0.0": [0, 0, 0],
						"0.4167": {
							"pre": [7, 0.5, 22],
							"post": [7, 0.5, 22],
							"lerp_mode": "catmullrom"
						},
						"0.75": {
							"post": [3.6, 14, 1.15],
							"lerp_mode": "catmullrom"
						},
						"1.0833": {
							"post": [7, 0.5, 22],
							"lerp_mode": "catmullrom"
						},
						"1.5": {
							"post": [0, 0, 0],
							"lerp_mode": "catmullrom"
						}
					}
				},
				"flower_stem": {
					"relative_to": {
						"rotation": "entity"
					},
					"rotation": {
						"0.0": [0, 0, 0.01],
						"0.25": {
							"pre": [0, 0, 0],
							"post": [0, 0, 0],
							"lerp_mode": "catmullrom"
						},
						"0.4167": {
							"post": [0, 0, -12.5],
							"lerp_mode": "catmullrom"
						},
						"0.75": {
							"post": [0, 0, 12.5],
							"lerp_mode": "catmullrom"
						},
						"1.0833": {
							"post": [0, 0, -12.5],
							"lerp_mode": "catmullrom"
						},
						"1.5": {
							"post": [0, 0, 0],
							"lerp_mode": "catmullrom"
						}
					}
				}
			},
			"sound_effects": {
				"0.0417": {
					"effect": "pokemon.tangela.cry"
				}
			}
		},
		"animation.tangela_lush.blink": {
			"animation_length": 0.1667,
			"bones": {
				"eyelids": {
					"position": {
						"0.0": [0, 0, -0.3],
						"0.125": [0, 0, -0.3],
						"0.1667": [0, 0, 0]
					}
				}
			}
		}
	}
}