{
    "enabled": true,
    "neededInstalledMods": [],
    "neededUninstalledMods": [],
    "spawns": [
        {
            "id": "ironvictory-1",
            "pokemon": "ironvictory",
            "presets": [
                "natural"
            ],
            "type": "pokemon",
            "context": "grounded",
            "bucket": "ultra-rare",
            "level": "58-62",
            "weight": 1.0,
            "condition": {
                "biomes": [
                    "#cobblemon:is_magical"
                ]
            }
        }
    ]
}