{
    "enabled": true,
    "neededInstalledMods": [],
    "neededUninstalledMods": [],
    "spawns": [
        {
            "id": "feralwish-1",
            "pokemon": "feralwish",
            "presets": [
                "natural"
            ],
            "type": "pokemon",
            "context": "grounded",
            "bucket": "ultra-rare",
            "level": "58-62",
            "weight": 10.0,
            "condition": {
                "biomes": [
                    "#cobblemon:is_deep_dark"
                ]
            }
        }
    ]
}