
{
  "species": "cobblemon:kindachi",
  "order": 1997,
  "variations": [
    {
      "aspects": ["spaceworldmons"],
      "poser": "spaceworldmons:0090_kindachi",
      "model": "spaceworldmons:kindachi-spaceworldmons.geo",
      "texture": "spaceworldmons:textures/pokemon/0090_kindachi/kindachi.png",
      "layers": [
        {
          "name": "flame",
          "texture": {
            "frames": [
              "spaceworldmons:textures/pokemon/0090_kindachi/animation/flame1.png",
              "spaceworldmons:textures/pokemon/0090_kindachi/animation/flame2.png",
              "spaceworldmons:textures/pokemon/0090_kindachi/animation/flame3.png",
              "spaceworldmons:textures/pokemon/0090_kindachi/animation/flame4.png",
              "spaceworldmons:textures/pokemon/0090_kindachi/animation/flame5.png",
              "spaceworldmons:textures/pokemon/0090_kindachi/animation/flame6.png",
              "spaceworldmons:textures/pokemon/0090_kindachi/animation/flame7.png",
              "spaceworldmons:textures/pokemon/0090_kindachi/animation/flame8.png"
            ],
            "fps": 16,
            "loop": true
          },
		  "emissive": true
        }
      ]
    },
    {
      "aspects": ["spaceworldmons", "shiny"],
      "texture": "spaceworldmons:textures/pokemon/0090_kindachi/kindachi_shiny.png",
	  "layers": [
        {
          "name": "flame",
          "texture": {
            "frames": [
              "spaceworldmons:textures/pokemon/0090_kindachi/animation/flame1_shiny.png",
              "spaceworldmons:textures/pokemon/0090_kindachi/animation/flame2_shiny.png",
              "spaceworldmons:textures/pokemon/0090_kindachi/animation/flame3_shiny.png",
              "spaceworldmons:textures/pokemon/0090_kindachi/animation/flame4_shiny.png",
              "spaceworldmons:textures/pokemon/0090_kindachi/animation/flame5_shiny.png",
              "spaceworldmons:textures/pokemon/0090_kindachi/animation/flame6_shiny.png",
              "spaceworldmons:textures/pokemon/0090_kindachi/animation/flame7_shiny.png",
              "spaceworldmons:textures/pokemon/0090_kindachi/animation/flame8_shiny.png"
            ],
            "fps": 16,
            "loop": true
          },
		  "emissive": true
        }
      ]
    }
  ]
}
