{
  "species": "cobblemon:ancientapparition",
  "order": 0,
  "variations": [
    {
      "aspects": [],
      "poser": "cobblemon:ancientapparition",
      "model": "cobblemon:ancientapparition.geo",
      "texture": "cobblemon:textures/pokemon/ancientapparition/ancientapparition.png",
      "layers": [
        {
              "name": "emissive",
              "emissive": true,
              "texture": "cobblemon:textures/pokemon/ancientapparition/ancientapparition_emissive.png",
              "translucent": true
        }
      ]
    },
    {
      "aspects": [
        "shiny"
      ],
      "texture": "cobblemon:textures/pokemon/ancientapparition/ancientapparition_shiny.png",
      "layers": [
        {
              "name": "emissive",
              "emissive": true,
              "texture": "cobblemon:textures/pokemon/ancientapparition/ancientapparition_shiny_emissive.png",
              "translucent": true
        }
      ]
    }
  ]
}