{
    "target": "cobblemon:gorochu",
    "features": ["spaceworldmons"],
    "forms": [{
            "implemented": true,
            "name": "Spaceworldmons",
            "nationalPokedexNumber": 43,
            "primaryType": "electric",
            "abilities": [
                "static",
                "h:motordrive"
            ],
            "drops": {
                "amount": 3,
                "entries": [{
                        "item": "cobblemon:light_ball",
                        "percentage": 10.0
                    }, {
                        "item": "cobblemon:sun_stone",
                        "percentage": 10.0
                    }, {
                        "item": "cobblemon:sitrus_berry",
                        "percentage": 5.0
                    }
                ]
            },
            "baseStats": {
                "hp": 70,
                "attack": 100,
                "defence": 65,
                "special_attack": 135,
                "special_defence": 100,
                "speed": 65
            },
            "behaviour": {
                "resting": {
                    "canSleep": true,
                    "willSleepOnBed": false,
                    "depth": "normal",
                    "light": "0-4"
                }
            },
            "catchRate": 35,
            "maleRatio": 0.5,
            "shoulderMountable": false,
            "baseExperienceYield": 243,
            "experienceGroup": "medium_fast",
            "eggCycles": 10,
            "eggGroups": [
                "field",
                "fairy"
            ],
            "moves": [
                "1:agility",
                "1:scaryface",
                "1:discharge",
                "1:doubleteam",
                "1:electroball",
                "1:feint",
                "1:focusenergy",
                "1:irontail",
                "1:lightscreen",
                "1:nastyplot",
                "1:nuzzle",
                "1:quickattack",
                "1:slam",
                "1:spark",
                "1:bulkup",
                "1:tailwhip",
                "1:thunder",
                "1:thundershock",
                "1:thunderwave",
                "5:thunderbolt",
                "65:horndrill",
                "tm:agility",
                "tm:alluringvoice",
                "tm:attract",
                "tm:bodyslam",
                "tm:brickbreak",
                "tm:brutalswing",
                "tm:captivate",
                "tm:charge",
                "tm:chargebeam",
                "tm:charm",
                "tm:confide",
                "tm:dig",
                "tm:disarmingvoice",
                "tm:doubleteam",
                "tm:drainingkiss",
                "tm:echoedvoice",
                "tm:eerieimpulse",
                "tm:electricterrain",
                "tm:electroball",
                "tm:electroweb",
                "tm:encore",
                "tm:endeavor",
                "tm:endure",
                "tm:facade",
                "tm:faketears",
                "tm:flash",
                "tm:fling",
                "tm:focusblast",
                "tm:focuspunch",
                "tm:frustration",
                "tm:gigaimpact",
                "tm:grassknot",
                "tm:helpinghand",
                "tm:hiddenpower",
                "tm:hyperbeam",
                "tm:irontail",
                "tm:knockoff",
                "tm:lightscreen",
                "tm:megakick",
                "tm:megapunch",
                "tm:nastyplot",
                "tm:naturalgift",
                "tm:payday",
                "tm:playrough",
                "tm:protect",
                "tm:raindance",
                "tm:reflect",
                "tm:rest",
                "tm:return",
                "tm:reversal",
                "tm:rocksmash",
                "tm:round",
                "tm:safeguard",
                "tm:secretpower",
                "tm:shockwave",
                "tm:sleeptalk",
                "tm:snore",
                "tm:speedswap",
                "tm:strength",
                "tm:substitute",
                "tm:surf",
                "tm:swagger",
                "tm:swift",
                "tm:takedown",
                "tm:terablast",
                "tm:thief",
                "tm:thunder",
                "tm:thunderbolt",
                "tm:thunderpunch",
                "tm:thunderwave",
                "tm:toxic",
                "tm:trailblaze",
                "tm:upperhand",
                "tm:uproar",
                "tm:voltswitch",
                "tm:wildcharge",
                "tutor:attract",
                "tutor:bide",
                "tutor:bodyslam",
                "tutor:brickbreak",
                "tutor:calmmind",
                "tutor:counter",
                "tutor:covet",
                "tutor:curse",
                "tutor:defensecurl",
                "tutor:detect",
                "tutor:dig",
                "tutor:doubleedge",
                "tutor:doubleteam",
                "tutor:dynamicpunch",
                "tutor:electroweb",
                "tutor:encore",
                "tutor:endure",
                "tutor:facade",
                "tutor:fakeout",
                "tutor:flash",
                "tutor:focuspunch",
                "tutor:frustration",
                "tutor:growl",
                "tutor:headbutt",
                "tutor:helpinghand",
                "tutor:hiddenpower",
                "tutor:hyperbeam",
                "tutor:irontail",
                "tutor:knockoff",
                "tutor:laserfocus",
                "tutor:lightscreen",
                "tutor:magnetrise",
                "tutor:megakick",
                "tutor:megapunch",
                "tutor:mimic",
                "tutor:mudslap",
                "tutor:payday",
                "tutor:protect",
                "tutor:quickattack",
                "tutor:rage",
                "tutor:raindance",
                "tutor:reflect",
                "tutor:rest",
                "tutor:return",
                "tutor:risingvoltage",
                "tutor:rollout",
                "tutor:seismictoss",
                "tutor:shockwave",
                "tutor:signalbeam",
                "tutor:skullbash",
                "tutor:sleeptalk",
                "tutor:snore",
                "tutor:strength",
                "tutor:submission",
                "tutor:substitute",
                "tutor:swagger",
                "tutor:swift",
                "tutor:tailwhip",
                "tutor:takedown",
                "tutor:thief",
                "tutor:thunder",
                "tutor:thunderbolt",
                "tutor:thunderpunch",
                "tutor:thundershock",
                "tutor:thunderwave",
                "tutor:toxic",
                "tutor:zapcannon"
            ],
            "labels": [
                "gen1beta"
            ],
            "pokedex": [
                "spaceworldmons.species.gorochu.desc1",
                "spaceworldmons.species.gorochu.desc2"
            ],
            "preEvolution": "raichu",
            "evolutions": [],
            "baseScale": 0.75,
            "hitbox": {
                "width": 0.8,
                "height": 1.5,
                "fixed": false
            },
            "baseFriendship": 50,
            "evYield": {
                "hp": 0,
                "attack": 0,
                "defence": 0,
                "special_attack": 0,
                "special_defence": 0,
                "speed": 3
            },
            "height": 8,
            "weight": 300,
            "aspects": ["spaceworldmons"],
            "cannotDynamax": false
        }
    ]
}