{
    "target": "cobblemon:raitora",
	"features": ["spaceworldmons"],
    "forms": [{
            "implemented": true,
            "name": "Spaceworldmons",
            "nationalPokedexNumber": 38,
            "primaryType": "electric",
            "abilities": [
                "static",
                "thickfat",
                "h:strongjaw"
            ],
            "drops": {
                "amount": 2,
                "entries": [{
                        "item": "cobblemon:quick_claw",
                        "percentage": 10.0
                    }, {
                        "item": "cobblemon:shuca_berry",
                        "percentage": 10.0
                    }
                ]
            },
            "baseStats": {
                "hp": 115,
                "attack": 85,
                "defence": 65,
                "special_attack": 85,
                "special_defence": 80,
                "speed": 70
            },
            "behaviour": {
                "resting": {
                    "canSleep": true,
                    "willSleepOnBed": false,
                    "depth": "normal",
                    "light": "0-4"
                }
            },
            "catchRate": 45,
            "maleRatio": 0.5,
            "shoulderMountable": false,
            "baseExperienceYield": 262,
            "experienceGroup": "medium_fast",
            "eggCycles": 20,
            "eggGroups": [
                "field"
            ],
            "moves": [
                "1:tackle",
                "1:tailwhip",
                "6:thundershock",
                "10:bite",
                "15:thunderwave",
                "19:roar",
                "24:spark",
                "28:takedown",
                "33:agility",
                "37:crunch",
                "42:thunderbolt",
                "45:playrough",
                "46:slash",
                "egg:discharge",
                "egg:doubleedge",
                "egg:flamecharge",
                "egg:howl",
                "egg:sandattack",
                "tm:attract",
                "tm:charm",
                "tm:crunch",
                "tm:cut",
                "tm:dig",
                "tm:doubleteam",
                "tm:electroball",
                "tm:endure",
                "tm:facade",
                "tm:firefang",
                "tm:flash",
                "tm:helpinghand",
                "tm:hiddenpower",
                "tm:mudslap",
                "tm:payday",
                "tm:playrough",
                "tm:protect",
                "tm:raindance",
                "tm:rest",
                "tm:return",
                "tm:rollout",
                "tm:round",
                "tm:sleeptalk",
                "tm:snarl",
                "tm:snore",
                "tm:strength",
                "tm:substitute",
                "tm:swagger",
                "tm:swift",
                "tm:thunder",
                "tm:thunderbolt",
                "tm:thunderfang",
                "tm:thunderwave",
                "tm:toxic",
                "tm:uproar",
                "tm:voltswitch",
                "tm:wildcharge",
                "tm:zapcannon",
                "tutor:risingvoltage"
            ],
            "labels": [
                "gen1beta"
            ],
            "pokedex": [
                "spaceworldmons.species.raitora.desc1",
                "spaceworldmons.species.raitora.desc2"
            ],
            "preEvolution": "kotora spaceworldmons",
            "evolutions": [],
            "baseScale": 0.9,
            "hitbox": {
                "width": 1.0,
                "height": 1.0,
                "fixed": false
            },
            "baseFriendship": 50,
            "evYield": {
                "hp": 3,
                "attack": 0,
                "defence": 0,
                "special_attack": 0,
                "special_defence": 0,
                "speed": 0
            },
            "height": 16,
            "weight": 685,
            "aspects": ["spaceworldmons"],
            "cannotDynamax": false
        }
    ]
}
